CRN,ARRIVAL_TM,AUTOMOBILE_COUNT,BELTED_DEATH_COUNT,BELTED_SUSP_SERIOUS_INJ_COUNT,BICYCLE_COUNT,BICYCLE_DEATH_COUNT,BICYCLE_SUSP_SERIOUS_INJ_COUNT,BUS_COUNT,CHLDPAS_DEATH_COUNT,CHLDPAS_SUSP_SERIOUS_INJ_COUNT,COLLISION_TYPE,COMM_VEH_COUNT,CONS_ZONE_SPD_LIM,COUNTY,CRASH_MONTH,CRASH_YEAR,DAY_OF_WEEK,DEC_LAT,DEC_LONG,DISPATCH_TM,DISTRICT,DRIVER_COUNT_16YR,DRIVER_COUNT_17YR,DRIVER_COUNT_18YR,DRIVER_COUNT_19YR,DRIVER_COUNT_20YR,DRIVER_COUNT_50_64YR,DRIVER_COUNT_65_74YR,DRIVER_COUNT_75PLUS,EST_HRS_CLOSED,FATAL_COUNT,HEAVY_TRUCK_COUNT,HORSE_BUGGY_COUNT,HOUR_OF_DAY,ILLUMINATION,INJURY_COUNT,INTERSECT_TYPE,INTERSECTION_RELATED,LANE_CLOSED,LATITUDE,LN_CLOSE_DIR,LOCATION_TYPE,LONGITUDE,MAX_SEVERITY_LEVEL,MCYCLE_DEATH_COUNT,MCYCLE_SUSP_SERIOUS_INJ_COUNT,MOTORCYCLE_COUNT,MUNICIPALITY,NONMOTR_COUNT,NONMOTR_DEATH_COUNT,NONMOTR_SUSP_SERIOUS_INJ_COUNT,NTFY_HIWY_MAINT,PED_COUNT,PED_DEATH_COUNT,PED_SUSP_SERIOUS_INJ_COUNT,PERSON_COUNT,POLICE_AGCY,POSSIBLE_INJ_COUNT,RDWY_SURF_TYPE_CD,RELATION_TO_ROAD,ROAD_CONDITION,ROADWAY_CLEARED,SCH_BUS_IND,SCH_ZONE_IND,SECONDARY_CRASH,SMALL_TRUCK_COUNT,SPEC_JURIS_CD,SUSP_MINOR_INJ_COUNT,SUSP_SERIOUS_INJ_COUNT,SUV_COUNT,TCD_FUNC_CD,TCD_TYPE,TFC_DETOUR_IND,TIME_OF_DAY,TOT_INJ_COUNT,TOTAL_UNITS,UNB_DEATH_COUNT,UNB_SUSP_SERIOUS_INJ_COUNT,UNBELTED_OCC_COUNT,UNK_INJ_DEG_COUNT,UNK_INJ_PER_COUNT,URBAN_AREA,URBAN_RURAL,VAN_COUNT,VEHICLE_COUNT,WEATHER1,WEATHER2,WORK_ZONE_IND,WORK_ZONE_LOC,WORK_ZONE_TYPE,WORKERS_PRES,WZ_CLOSE_DETOUR,WZ_FLAGGER,WZ_LAW_OFFCR_IND,WZ_LN_CLOSURE,WZ_MOVING,WZ_OTHER,WZ_SHLDER_MDN,WZ_WORKERS_INJ_KILLED
2008082415,848,1,0,0,1,0,0,0,0,0,6,0,,67,5,2008,5,39.9219,-75.1702,839.0,6,0,0,0,0,0,1,0,0,,0,0,0,8,1,1,1,,0,39 55:18.763,,0,75 10:12.565,8,0,0,0,67301,1,0,0,N,0,0,0,2,67301,0,,1,1,,N,N,,0,,0,0,0,3.0,2,,839,1,2,0,0,0,1,0,3,4,0,1,3,,N,,,,,,,,,,,
2008076954,626,1,0,1,0,0,0,0,0,0,7,0,,67,6,2008,3,39.9602,-75.1407,617.0,6,0,0,0,0,0,0,0,0,1.0,0,0,0,6,1,2,0,,2,39 57:14.660,2.0,0,75 08:29.757,2,0,0,0,67301,0,0,0,Y,0,0,0,2,68K01,1,,2,1,,N,N,,0,,0,1,0,0.0,0,N,617,2,1,0,0,0,0,0,3,4,0,1,3,,N,,,,,,,,,,,
2008072049,930,0,0,0,0,0,0,0,0,0,8,1,,67,4,2008,5,40.0271,-75.0755,925.0,6,0,0,0,0,0,0,0,0,3.0,1,1,0,9,1,0,1,,2,40 01:37.483,7.0,0,75 04:31.962,1,0,0,0,67301,1,1,0,N,1,1,0,2,67301,0,2.0,1,1,,N,N,,0,0.0,0,0,0,3.0,2,Y,922,0,2,0,0,0,0,0,3,4,0,1,3,,N,,,,,,,,,,,
2008072109,1405,1,0,0,0,0,0,0,0,0,8,0,,67,5,2008,2,39.9334,-75.2292,1400.0,6,0,0,0,0,0,0,0,0,,0,0,0,13,1,1,0,,0,39 56:00.105,,0,75 13:45.143,4,0,0,0,67301,1,0,0,N,1,0,0,3,67301,1,,1,1,,N,N,,0,,0,0,0,0.0,0,,1350,1,2,0,0,0,0,0,3,4,0,1,3,,N,,,,,,,,,,,
2008109396,1430,2,0,0,0,0,0,1,0,0,1,1,,67,8,2008,2,39.924,-75.2222,1425.0,6,0,0,0,0,0,0,0,0,2.0,0,0,0,14,1,4,1,,1,39 55:26.182,4.0,0,75 13:20.098,4,0,0,0,67301,0,0,0,N,0,0,0,8,67301,4,,1,1,,N,N,,0,,0,0,0,3.0,2,N,1415,4,3,0,0,0,0,0,3,4,0,3,3,,N,,,,,,,,,,,
2008120170,2224,1,0,0,0,0,0,0,0,0,8,0,,67,10,2008,5,39.9117,-75.1724,2221.0,6,0,0,0,0,0,0,0,0,,0,0,0,22,3,1,1,,0,39 54:42.148,,0,75 10:20.534,8,0,0,0,67301,1,0,0,N,1,0,0,2,67301,0,,1,1,,N,N,,0,,0,0,0,0.0,0,,2215,1,2,0,0,0,1,0,3,4,0,1,3,,N,,,,,,,,,,,
2008120196,1936,0,0,0,0,0,0,0,0,0,8,0,,67,9,2008,2,39.9724,-75.2354,1934.0,6,0,0,0,0,0,0,0,0,,0,0,0,19,4,1,0,,0,39 58:20.474,,0,75 14:07.270,3,0,0,0,67301,1,0,0,N,1,0,0,2,67301,0,,2,1,,N,N,,0,,1,0,1,0.0,0,,1930,1,2,0,0,0,0,0,3,4,0,1,3,,N,,,,,,,,,,,
2008119675,2015,1,0,0,0,0,0,0,0,0,6,0,,67,8,2008,2,39.9894,-75.1323,2014.0,6,0,0,0,0,0,0,0,0,,0,0,0,99,3,1,1,,0,39 59:21.994,,0,75 07:56.305,3,0,0,1,67301,0,0,0,N,0,0,0,2,67301,0,,1,1,,N,N,,0,,1,0,0,3.0,3,,9999,1,2,0,0,0,0,1,3,4,0,2,3,,N,,,,,,,,,,,
2008122732,1412,1,0,0,0,0,0,1,0,0,4,1,,67,9,2008,4,39.9582,-75.2355,1408.0,6,0,0,0,0,0,0,1,1,,0,0,0,14,1,1,1,,0,39 57:29.526,,0,75 14:07.850,3,0,0,0,67301,0,0,0,N,0,0,0,2,67301,0,,1,1,,N,N,,0,,1,0,0,3.0,2,,1400,1,2,0,0,0,0,0,3,4,0,2,3,,N,,,,,,,,,,,
2008132802,1605,2,0,0,0,0,0,0,0,0,1,0,,67,11,2008,4,39.9162,-75.1475,1604.0,6,0,0,0,0,1,0,0,0,,0,0,0,16,1,1,0,,0,39 54:58.480,,0,75 08:50.985,8,0,0,0,67301,0,0,0,N,0,0,0,2,68K01,0,,1,1,,N,N,,0,,0,0,0,0.0,0,,1602,1,2,0,0,0,1,0,3,4,0,2,3,,N,,,,,,,,,,,
2008042093,9999,1,0,0,1,0,0,0,0,0,2,0,,67,2,2008,1,39.9902,-75.1737,58.0,6,0,0,0,0,0,0,0,0,,0,0,0,0,3,1,2,,0,39 59:24.000,,0,75 10:25.157,4,0,0,0,67301,1,0,0,,0,0,0,2,67301,1,,1,9,,N,N,,0,,0,0,0,3.0,2,,51,1,2,0,0,0,0,0,3,4,0,1,7,,N,,,,,,,,,,,
2008063248,1628,0,0,0,0,0,0,0,0,0,1,0,,67,4,2008,6,40.0028,-75.2233,1626.0,6,0,0,0,0,0,0,0,0,,0,0,0,16,1,2,0,,0,40 00:13.720,,0,75 13:15.724,8,0,0,0,67301,0,0,0,N,0,0,0,3,46104,0,,1,1,,N,N,,0,,0,0,3,0.0,0,,1626,2,3,0,0,0,2,0,3,4,0,3,3,,N,,,,,,,,,,,
2008063289,1500,0,0,0,0,0,0,0,0,0,7,0,,67,5,2008,1,39.9371,-75.1989,1454.0,6,0,0,0,0,0,0,0,0,1.0,0,0,0,14,1,1,0,,2,39 56:20.589,3.0,0,75 11:48.928,4,0,0,1,67301,0,0,0,N,0,0,0,1,68K01,1,,2,1,,N,N,,0,,0,0,0,0.0,0,N,1452,1,1,0,0,0,0,0,3,4,0,1,3,,N,,,,,,,,,,,
2008055698,1237,0,0,0,0,0,0,0,0,0,7,0,,67,3,2008,1,39.9999,-75.0854,1230.0,6,0,0,0,0,0,0,0,0,,0,0,0,12,1,1,0,,0,40 00:08.434,,2,75 05:07.885,3,0,0,0,67301,0,0,0,N,0,0,0,1,68K01,0,,4,1,,N,N,,0,,1,0,1,0.0,0,,1228,1,1,0,0,0,0,0,3,4,0,1,3,,N,,,,,,,,,,,
2008049780,346,2,0,0,0,0,0,0,0,0,1,0,,67,3,2008,7,40.0481,-74.9989,329.0,6,0,0,0,0,1,0,0,0,1.0,0,0,0,3,3,0,0,,1,40 02:53.674,1.0,0,74 59:55.268,0,0,0,0,67301,0,0,0,N,0,0,0,2,68K01,0,,2,9,,N,N,,0,,0,0,0,0.0,0,N,327,0,2,0,0,0,0,0,3,4,0,2,7,,N,,,,,,,,,,,
2008046756,704,1,0,0,0,0,0,0,0,0,1,0,,67,3,2008,7,39.9748,-75.117,704.0,6,0,0,0,0,0,0,1,0,2.0,0,0,0,7,1,3,0,,2,39 58:31.519,1.0,0,75 06:58.270,4,0,0,0,67301,0,0,0,N,0,0,0,5,68K01,3,,1,9,,N,N,,1,,0,0,2,0.0,0,N,700,3,4,0,0,0,0,0,3,4,0,4,7,,N,,,,,,,,,,,
2008044466,1259,2,0,0,0,0,0,0,0,0,4,0,,67,1,2008,3,39.9366,-75.1467,1255.0,6,0,0,1,0,0,0,0,0,,0,0,0,12,1,3,0,,0,39 56:11.749,,0,75 08:48.062,4,0,0,0,67301,0,0,0,N,0,0,0,3,67301,3,,1,9,,N,N,,0,,0,0,0,0.0,0,,1250,3,2,0,0,0,0,0,3,4,0,2,3,,N,,,,,,,,,,,
2008044312,1812,4,0,0,0,0,0,0,0,0,4,0,,67,1,2008,3,39.9858,-75.2156,1807.0,6,0,0,0,0,0,2,0,0,1.0,0,0,0,18,3,0,2,,1,39 59:08.000,1.0,0,75 12:56.216,9,0,0,0,67301,0,0,0,N,0,0,0,6,67301,0,,1,9,,N,N,,0,,0,0,0,3.0,2,N,1805,0,4,0,0,0,0,1,3,4,0,4,7,,N,,,,,,,,,,,
2008060231,407,2,0,0,0,0,0,0,0,0,1,0,,67,3,2008,1,40.0243,-75.1304,407.0,6,0,0,0,0,0,0,0,0,1.0,0,0,0,4,3,0,1,,1,40 01:27.480,1.0,0,75 07:49.440,0,0,0,0,67301,0,0,0,N,0,0,0,6,67301,0,,1,1,,N,N,,0,,0,0,0,3.0,2,N,400,0,2,0,0,6,0,0,3,4,0,2,3,,N,,,,,,,,,,,
2008049876,1430,1,0,0,0,0,0,0,0,0,6,0,,67,2,2008,6,39.8946,-75.2367,1425.0,6,0,0,0,0,0,1,0,0,,0,0,0,99,1,1,2,,0,39 53:40.604,,0,75 14:12.181,8,0,0,0,67301,0,0,0,N,0,0,0,2,67301,0,,1,9,,N,N,,1,,0,0,0,1.0,2,,9999,1,2,0,0,0,1,0,3,4,0,2,3,,N,,,,,,,,,,,
2008044872,1209,1,0,0,0,0,0,0,0,0,7,0,,67,1,2008,3,40.0546,-75.005,1204.0,6,0,0,0,0,0,0,0,0,,0,0,0,12,1,3,0,,0,40 03:16.000,,0,75 00:18.197,3,0,0,0,67301,1,0,0,N,1,0,0,3,67301,1,,2,1,,N,N,,0,,1,0,0,3.0,2,,1202,3,2,0,0,0,1,0,3,4,0,1,3,,N,,,,,,,,,,,
2008047378,2321,0,0,0,0,0,0,0,0,0,7,0,,67,1,2008,2,39.9536,-75.1986,2318.0,6,0,0,0,0,0,0,0,0,,0,0,0,23,3,0,2,,0,39 57:13.089,,0,75 11:55.031,0,0,0,0,67301,0,0,0,N,0,0,0,1,67504,0,,4,9,,N,N,,0,,0,0,1,3.0,2,,2316,0,1,0,0,0,0,0,3,4,0,1,7,5.0,N,,,,,,,,,,,
2008047381,135,1,0,0,0,0,0,0,0,0,7,0,,67,1,2008,7,40.0003,-75.0837,131.0,6,0,0,0,0,1,0,0,0,1.0,0,0,0,1,3,1,2,,2,40 00:01.080,5.0,2,75 05:01.320,8,0,0,0,67301,0,0,0,N,0,0,0,2,67301,0,,2,1,,N,N,,0,,0,0,0,0.0,0,N,125,1,1,0,0,2,1,0,3,4,0,1,3,,N,,,,,,,,,,,
2008049861,1757,2,0,0,0,0,0,0,0,0,4,0,,67,2,2008,4,39.9346,-75.2273,1756.0,6,0,0,1,0,0,0,0,0,,0,0,0,17,4,0,1,,0,39 56:04.615,,0,75 13:38.330,0,0,0,0,67301,0,0,0,,0,0,0,2,67301,0,,1,1,,,,,1,,0,0,0,3.0,2,,1748,0,3,0,0,0,0,0,3,4,0,3,3,,N,,,,,,,,,,,
2008028182,1758,1,0,0,0,0,0,0,0,0,4,0,,67,2,2008,2,40.0546,-75.125,1758.0,6,0,0,0,0,0,0,2,0,2.0,0,0,0,17,3,0,2,,2,40 03:16.724,2.0,0,75 07:29.999,0,0,0,0,67301,0,0,0,N,0,0,0,4,46102,0,,1,1,,N,N,,0,,0,0,0,3.0,2,Y,1758,0,2,0,0,0,0,0,3,4,1,2,3,,N,,,,,,,,,,,
2008059655,832,1,0,0,1,0,0,0,0,0,4,0,,67,3,2008,6,40.028,-75.0574,830.0,6,0,0,0,0,0,0,0,0,,0,0,0,99,1,1,2,,0,40 01:40.800,,0,75 03:26.640,4,0,0,0,67301,1,0,0,N,0,0,0,2,67301,1,,1,1,,N,N,,0,,0,0,0,9.0,2,,9999,1,2,0,0,1,0,0,3,4,0,1,3,,N,,,,,,,,,,,
2008057241,1652,2,0,0,0,0,0,0,0,0,4,0,,67,3,2008,6,40.0108,-75.1675,1640.0,6,0,0,0,0,0,0,0,0,,0,0,0,16,1,1,0,,0,40 00:38.966,,7,75 10:03.154,4,0,0,0,67301,0,0,0,N,0,0,0,3,67301,1,,1,1,,N,N,,0,,0,0,0,0.0,0,,1638,1,2,0,0,0,0,0,3,4,0,2,3,,N,,,,,,,,,,,
2008057342,2150,2,0,0,0,0,0,0,0,0,4,0,,67,3,2008,5,39.9491,-75.1557,2149.0,6,0,0,0,0,0,0,0,0,,0,0,0,21,3,2,2,,0,39 56:56.623,,0,75 09:20.444,4,0,0,0,67301,0,0,0,N,0,0,0,3,67301,2,,1,1,,N,N,,0,,0,0,0,3.0,3,,2145,2,2,0,0,3,0,0,3,4,0,2,3,,N,,,,,,,,,,,
2008029168,2232,1,0,0,0,0,0,0,0,0,4,0,,67,1,2008,6,39.9567,-75.1555,2230.0,6,0,0,0,0,0,0,0,0,1.0,0,0,0,22,3,1,1,,2,39 57:24.000,2.0,0,75 09:19.953,4,0,0,0,67301,0,0,0,,0,0,0,2,67301,1,,1,1,,,,,0,,0,0,1,3.0,2,N,2225,1,2,0,0,2,0,0,3,4,0,2,3,,N,,,,,,,,,,,
2008044667,9999,2,0,0,0,0,0,0,0,0,1,0,,67,1,2008,5,39.9887,-75.1502,1730.0,6,0,0,1,0,0,0,0,0,,0,0,0,15,1,1,1,,0,39 59:19.266,,0,75 09:00.878,8,0,0,0,67301,0,0,0,N,0,0,0,2,67301,0,,1,98,,N,N,,0,,0,0,0,3.0,3,,1500,1,2,0,0,0,1,1,3,4,0,2,99,,N,,,,,,,,,,,
2008119020,2128,0,0,0,0,0,0,0,0,0,1,0,,67,9,2008,7,,,2128.0,6,0,0,0,0,0,0,0,0,1.0,0,0,0,21,3,2,0,,2,,2.0,0,,2,0,2,1,67301,0,0,0,N,0,0,0,4,67301,0,,1,1,,N,N,,0,,0,2,1,0.0,0,Y,2128,2,2,0,0,0,0,0,3,3,0,2,3,,N,,,,,,,,,,,
2008119061,1436,2,0,0,0,0,0,0,0,0,2,0,,67,9,2008,7,40.0363,-75.0718,1436.0,6,0,0,0,0,0,1,0,0,1.0,0,0,0,14,1,1,1,,1,40 02:10.662,4.0,0,75 04:18.319,8,0,0,0,67301,0,0,0,N,0,0,0,2,67301,0,,1,1,,N,N,,0,,0,0,0,3.0,3,N,1410,1,3,0,0,0,1,0,3,4,1,3,3,,N,,,,,,,,,,,
2008119156,1215,0,0,0,0,0,0,0,0,0,8,0,,67,9,2008,4,40.0356,-75.0872,1213.0,6,0,0,0,0,0,0,0,0,,0,0,0,12,1,1,0,,0,40 02:08.224,,0,75 05:14.024,8,0,0,0,67301,1,0,0,N,1,0,0,2,67301,0,,1,1,,N,N,,0,,0,0,1,0.0,0,,1211,1,2,0,0,0,1,0,3,4,0,1,3,,N,,,,,,,,,,,
2008133536,721,2,0,0,0,0,0,0,0,0,4,0,,67,9,2008,3,39.9535,-75.1853,717.0,6,0,0,0,0,0,1,0,0,,0,0,0,7,1,2,1,,0,39 57:12.689,,0,75 11:07.020,8,0,0,0,67301,0,0,0,N,0,0,0,2,67301,0,,1,1,,N,N,,0,,0,0,0,3.0,2,,717,2,2,0,0,0,2,0,3,4,0,2,3,,N,,,,,,,,,,,
2008079650,1151,1,0,0,0,0,0,0,0,0,1,0,,67,5,2008,7,39.9546,-75.1943,1150.0,6,0,0,0,0,0,0,0,0,3.0,0,1,0,11,1,2,0,,1,39 57:16.560,3.0,0,75 11:39.120,3,0,0,0,67301,1,0,0,,0,0,0,3,67301,1,,6,9,,N,N,,0,,1,0,0,0.0,0,N,1148,2,3,0,0,0,0,0,3,4,1,3,7,,N,,,,,,,,,,,
2008079652,2250,2,0,0,0,0,0,0,0,0,5,0,,67,5,2008,3,40.0848,-75.0285,2246.0,6,0,0,0,0,0,0,0,0,,0,0,0,22,3,1,0,,0,40 05:05.205,,0,75 01:42.571,8,0,0,0,67301,0,0,0,N,0,0,0,1,67301,0,,1,1,,N,N,,0,,0,0,0,0.0,0,,2200,1,2,0,0,0,1,0,3,4,0,2,3,,N,,,,,,,,,,,
2008072766,110,2,0,0,0,0,0,0,0,0,4,0,,67,4,2008,7,39.9848,-75.1827,107.0,6,0,0,0,0,0,0,0,0,,0,0,0,1,3,0,0,,0,39 59:05.287,,0,75 10:57.705,9,0,0,0,67301,0,0,0,N,0,0,0,1,67301,0,,6,1,,N,N,,0,,0,0,0,0.0,0,,104,0,2,0,0,0,0,1,3,4,0,2,3,,N,,,,,,,,,,,
2008089929,746,1,0,0,0,0,0,0,0,0,4,0,,67,6,2008,7,40.1141,-74.9878,742.0,6,0,0,0,0,0,1,0,0,1.0,0,0,0,7,1,1,5,,1,40 06:50.871,1.0,0,74 59:15.961,4,0,0,0,67301,0,0,0,N,0,0,0,3,67301,1,,1,1,,N,N,,1,,0,0,0,3.0,2,N,740,1,2,0,0,0,0,0,3,4,0,2,3,,N,,,,,,,,,,,
2008079365,1839,0,0,0,0,0,0,0,0,0,7,0,,67,5,2008,5,40.0483,-75.1768,1839.0,6,0,0,0,0,0,0,0,0,,0,0,0,18,1,0,0,,0,40 02:53.966,,7,75 10:36.519,0,0,0,0,67301,0,0,0,N,0,0,0,1,67301,0,,4,9,,N,N,,1,,0,0,0,0.0,0,,1833,0,1,0,0,0,0,0,3,4,0,1,7,,N,,,,,,,,,,,
2008082592,24,1,0,0,0,0,0,0,0,0,5,0,,67,5,2008,1,39.9273,-75.145,21.0,6,0,0,0,0,1,0,0,0,,0,0,0,0,3,1,0,,0,39 55:38.238,,7,75 08:42.076,4,0,0,1,67301,0,0,0,,0,0,0,5,67301,1,,1,1,,N,N,,0,,0,0,0,0.0,0,,20,1,2,0,0,0,0,0,3,4,0,2,3,,N,,,,,,,,,,,
2008082608,9999,1,0,0,0,0,0,0,0,0,4,1,,67,4,2008,2,39.9543,-75.1703,9999.0,6,0,0,0,0,0,1,0,0,,0,1,0,99,1,1,0,,0,39 57:15.329,,0,75 10:13.104,8,0,0,0,67301,0,0,0,N,0,0,0,4,67301,0,,1,1,,N,N,,0,,0,0,1,0.0,0,,9999,1,3,0,0,0,1,0,3,4,0,3,3,,N,,,,,,,,,,,
2008079259,2011,1,0,0,0,0,0,0,0,0,4,0,,67,5,2008,7,39.97,-75.143,2010.0,6,0,0,0,0,0,1,0,0,1.0,0,0,0,20,4,1,1,,1,39 58:11.924,4.0,0,75 08:34.804,4,0,0,0,67301,0,0,0,N,0,0,0,2,67301,1,,1,1,,N,N,,0,,0,0,0,3.0,2,N,2005,1,2,0,0,0,0,0,3,4,0,2,3,,N,,,,,,,,,,,
2008079291,1659,2,0,0,0,0,0,0,0,0,4,0,,67,5,2008,2,39.9159,-75.2453,1651.0,6,0,0,0,0,0,0,1,0,,0,0,0,16,1,0,2,,0,39 54:57.347,,0,75 14:42.963,0,0,0,0,67301,0,0,0,N,0,0,0,3,67301,0,,1,9,,N,Y,,0,,0,0,0,3.0,2,,1647,0,2,0,0,0,0,0,3,4,0,2,7,,N,,,,,,,,,,,
2008074468,1441,0,0,0,0,0,0,0,0,0,7,0,,67,6,2008,7,39.9218,-75.1905,1423.0,6,0,0,0,0,0,0,0,0,1.0,0,0,0,14,1,1,0,,2,39 55:18.611,1.0,0,75 11:25.777,3,0,0,1,67301,0,0,0,N,0,0,0,1,68K01,0,,2,1,,N,N,,0,,1,0,0,0.0,0,N,1420,1,1,0,0,0,0,0,3,4,0,1,3,,N,,,,,,,,,,,
2008082473,2225,3,0,0,0,0,0,0,0,0,1,0,,67,5,2008,1,39.9752,-75.1882,2220.0,6,0,0,0,0,0,1,0,0,,0,0,0,22,3,0,1,,0,39 58:30.720,,0,75 11:17.520,0,0,0,0,67301,0,0,0,,0,0,0,3,67301,0,,1,1,,,,,0,,0,0,0,3.0,2,,2220,0,3,0,0,0,0,0,3,4,0,3,3,,N,,,,,,,,,,,
2008087103,2142,2,0,0,0,0,0,0,0,0,1,0,55.0,67,7,2008,2,39.9434,-75.1428,2138.0,6,0,0,0,0,0,0,0,0,,0,0,0,21,3,1,0,,0,39 56:36.500,,0,75 08:33.859,4,0,0,0,67301,0,0,0,N,0,0,0,2,68K01,1,,1,1,,N,N,,0,,0,0,0,3.0,3,,2135,1,2,0,0,1,0,0,3,4,0,2,3,,Y,8.0,1.0,N,N,N,N,Y,N,N,N,
2008122555,1020,2,0,0,0,0,0,0,0,0,5,0,,67,10,2008,5,40.0946,-75.0291,1011.0,6,0,0,0,0,0,0,0,1,,0,0,0,10,1,1,0,,0,40 05:40.628,,1,75 01:44.846,8,0,0,0,67301,0,0,0,N,0,0,0,1,67301,0,,9,1,,N,N,,0,,0,0,0,0.0,0,,1000,1,2,0,0,0,1,0,3,4,0,2,3,,N,,,,,,,,,,,
2008120128,1032,2,0,0,0,0,0,0,0,0,1,0,,67,9,2008,6,40.0588,-75.1386,936.0,6,0,0,0,0,0,0,0,1,3.0,0,0,0,9,1,2,2,,1,40 03:31.824,1.0,0,75 08:18.791,4,0,0,0,67301,0,0,0,N,0,0,0,2,67301,2,,1,1,,N,N,,0,,0,0,0,0.0,0,N,931,2,2,0,0,0,0,0,3,4,0,2,3,,N,,,,,,,,,,,
2008120197,1238,0,0,0,0,0,0,0,0,0,7,0,,67,10,2008,1,40.0575,-75.0673,1233.0,6,0,0,0,0,0,0,0,0,1.0,0,0,0,12,1,1,0,,2,40 03:26.925,5.0,0,75 04:02.127,3,0,0,0,67301,0,0,0,N,0,0,0,1,67301,0,,5,1,,N,N,,0,,1,0,0,0.0,0,N,1233,1,1,0,0,1,0,0,3,4,1,1,3,,N,,,,,,,,,,,
2008127401,1809,2,0,0,0,0,0,0,0,0,1,0,,67,11,2008,5,39.9756,-75.1949,1806.0,6,0,0,0,0,0,0,0,0,,0,0,0,18,3,3,0,,0,39 58:34.723,,0,75 11:45.268,4,0,0,0,67301,0,0,0,N,0,0,0,6,68K01,3,,1,9,,N,N,,0,,0,0,0,0.0,0,,1801,3,2,0,0,0,0,0,3,4,0,2,3,,N,,,,,,,,,,,
2008122643,1922,1,0,0,0,0,0,0,0,0,8,0,,67,9,2008,3,40.0634,-74.9856,1918.0,6,0,0,0,0,0,1,0,0,,0,0,0,19,3,1,2,,0,40 03:48.180,,0,74 59:08.086,8,0,0,0,67301,1,0,0,,1,0,0,2,67301,0,,1,1,,N,N,,0,,0,0,0,3.0,2,,1918,1,2,0,0,0,1,0,3,4,0,1,3,,N,,,,,,,,,,,
2008135262,1020,1,0,0,0,0,0,0,0,0,8,0,,67,10,2008,5,39.989,-75.1409,1015.0,6,0,0,0,0,0,0,0,0,,0,0,0,16,1,1,1,,0,39 59:20.443,,0,75 08:27.250,4,0,0,0,67301,1,0,0,N,1,0,0,2,67301,1,,1,1,,N,N,,0,,0,0,0,3.0,2,,1630,1,2,0,0,0,0,1,3,4,0,1,3,,N,,,,,,,,,,,
2008061015,214,2,0,0,0,0,0,0,0,0,4,0,,67,4,2008,2,40.0347,-75.086,213.0,6,0,0,0,1,0,0,0,0,2.0,0,0,0,2,3,0,0,,1,40 02:04.999,6.0,0,75 05:09.600,0,0,0,0,67301,0,0,0,,0,0,0,1,67301,0,,2,1,,N,N,,0,,0,0,0,3.0,3,N,213,0,2,0,0,0,0,0,3,4,0,2,3,,N,,,,,,,,,,,
2008060626,843,1,0,0,0,0,0,0,0,0,8,0,,67,3,2008,5,39.971,-75.2084,842.0,6,0,0,0,0,0,1,0,0,,0,0,0,8,1,1,0,,0,39 58:15.567,,0,75 12:30.319,8,0,0,0,67301,1,0,0,N,1,0,0,2,67301,0,,1,9,,N,N,,0,,0,0,0,0.0,0,,834,1,2,0,0,0,1,0,3,4,0,1,7,,N,,,,,,,,,,,
2008058214,1335,0,0,0,0,0,0,0,0,0,4,0,,67,3,2008,2,40.0126,-75.0732,1328.0,6,0,0,0,0,0,0,0,0,1.0,0,0,0,99,1,2,1,,1,40 00:45.060,5.0,0,75 04:24.174,8,0,0,0,67301,0,0,0,N,0,0,0,3,67301,0,,1,1,,N,N,,1,,0,0,1,3.0,2,N,9999,2,2,0,0,0,2,0,3,4,0,2,3,,N,,,,,,,,,,,
2008058236,738,2,0,0,0,0,0,0,0,0,4,0,,67,3,2008,3,40.0345,-75.0482,730.0,6,0,0,0,0,0,0,0,0,,0,0,0,7,1,2,1,,0,40 02:04.164,,0,75 02:53.357,3,0,0,0,67301,0,0,0,N,0,0,0,2,67301,0,,1,1,,,N,,0,,2,0,0,3.0,3,,730,2,2,0,0,0,0,0,3,4,0,2,3,,N,,,,,,,,,,,
2008058246,912,2,0,0,0,0,0,0,0,0,2,0,,67,4,2008,3,40.0356,-75.1702,908.0,6,0,0,0,0,0,0,1,0,,0,0,0,9,1,0,1,,0,40 02:08.311,,0,75 10:12.701,0,0,0,0,67301,0,0,0,,0,0,0,3,67301,0,,1,9,,N,N,,0,,0,0,0,3.0,3,,905,0,2,0,0,0,0,0,3,4,0,2,7,,N,,,,,,,,,,,
2008058247,2100,1,0,0,0,0,0,0,0,0,8,0,,67,4,2008,6,40.0663,-75.1578,2038.0,6,0,0,0,0,0,0,0,0,,0,0,0,19,4,1,2,,0,40 03:58.770,,0,75 09:28.259,4,0,0,0,67301,1,0,0,,1,0,0,2,67301,1,,1,1,,N,N,,0,,0,0,0,0.0,0,,1900,1,2,0,0,0,0,0,3,4,0,1,3,,N,,,,,,,,,,,
2008058062,1417,0,0,0,0,0,0,0,0,0,4,0,,67,3,2008,2,40.0071,-75.094,1415.0,6,0,0,0,1,0,0,0,0,,0,0,0,14,1,0,1,,0,40 00:25.549,,0,75 05:38.543,0,0,0,0,67301,0,0,0,N,0,0,0,2,67301,0,,1,9,,N,N,,0,,0,0,0,3.0,2,,1400,0,2,0,0,2,0,0,3,4,2,2,7,,N,,,,,,,,,,,