CRN,ARRIVAL_TM,AUTOMOBILE_COUNT,BELTED_DEATH_COUNT,BELTED_SUSP_SERIOUS_INJ_COUNT,BICYCLE_COUNT,BICYCLE_DEATH_COUNT,BICYCLE_SUSP_SERIOUS_INJ_COUNT,BUS_COUNT,CHLDPAS_DEATH_COUNT,CHLDPAS_SUSP_SERIOUS_INJ_COUNT,COLLISION_TYPE,COMM_VEH_COUNT,CONS_ZONE_SPD_LIM,COUNTY,CRASH_MONTH,CRASH_YEAR,DAY_OF_WEEK,DEC_LAT,DEC_LONG,DISPATCH_TM,DISTRICT,DRIVER_COUNT_16YR,DRIVER_COUNT_17YR,DRIVER_COUNT_18YR,DRIVER_COUNT_19YR,DRIVER_COUNT_20YR,DRIVER_COUNT_50_64YR,DRIVER_COUNT_65_74YR,DRIVER_COUNT_75PLUS,EST_HRS_CLOSED,FATAL_COUNT,HEAVY_TRUCK_COUNT,HORSE_BUGGY_COUNT,HOUR_OF_DAY,ILLUMINATION,INJURY_COUNT,INTERSECT_TYPE,INTERSECTION_RELATED,LANE_CLOSED,LATITUDE,LN_CLOSE_DIR,LOCATION_TYPE,LONGITUDE,MAX_SEVERITY_LEVEL,MCYCLE_DEATH_COUNT,MCYCLE_SUSP_SERIOUS_INJ_COUNT,MOTORCYCLE_COUNT,MUNICIPALITY,NONMOTR_COUNT,NONMOTR_DEATH_COUNT,NONMOTR_SUSP_SERIOUS_INJ_COUNT,NTFY_HIWY_MAINT,PED_COUNT,PED_DEATH_COUNT,PED_SUSP_SERIOUS_INJ_COUNT,PERSON_COUNT,POLICE_AGCY,POSSIBLE_INJ_COUNT,RDWY_SURF_TYPE_CD,RELATION_TO_ROAD,ROAD_CONDITION,ROADWAY_CLEARED,SCH_BUS_IND,SCH_ZONE_IND,SECONDARY_CRASH,SMALL_TRUCK_COUNT,SPEC_JURIS_CD,SUSP_MINOR_INJ_COUNT,SUSP_SERIOUS_INJ_COUNT,SUV_COUNT,TCD_FUNC_CD,TCD_TYPE,TFC_DETOUR_IND,TIME_OF_DAY,TOT_INJ_COUNT,TOTAL_UNITS,UNB_DEATH_COUNT,UNB_SUSP_SERIOUS_INJ_COUNT,UNBELTED_OCC_COUNT,UNK_INJ_DEG_COUNT,UNK_INJ_PER_COUNT,URBAN_AREA,URBAN_RURAL,VAN_COUNT,VEHICLE_COUNT,WEATHER1,WEATHER2,WORK_ZONE_IND,WORK_ZONE_LOC,WORK_ZONE_TYPE,WORKERS_PRES,WZ_CLOSE_DETOUR,WZ_FLAGGER,WZ_LAW_OFFCR_IND,WZ_LN_CLOSURE,WZ_MOVING,WZ_OTHER,WZ_SHLDER_MDN,WZ_WORKERS_INJ_KILLED
2008058067,2205,1,0,0,0,0,0,0,0,0,8,0,,67,4,2008,2,39.934,-75.1959,2158.0,6,0,0,0,0,0,0,0,0,,0,0,0,21,3,1,1,,0,39 56:02.526,,0,75 11:45.412,4,0,0,0,67301,1,0,0,N,1,0,0,2,67301,1,,1,1,,N,N,,0,,0,0,0,3.0,3,,2155,1,2,0,0,0,0,1,3,4,0,1,3,,N,,,,,,,,,,,
2008044421,1558,2,0,0,0,0,0,0,0,0,1,0,,67,1,2008,6,40.0068,-75.1933,1552.0,6,0,0,0,0,0,0,0,0,1.0,0,0,0,15,1,0,0,,1,40 00:26.278,2.0,0,75 11:33.797,0,0,0,0,67301,0,0,0,N,0,0,0,2,67301,0,,1,1,,N,N,,0,,0,0,0,0.0,0,N,1550,0,2,0,0,0,0,0,3,4,0,2,3,,N,,,,,,,,,,,
2008044434,2200,1,0,0,0,0,0,0,0,0,8,0,,67,2,2008,6,39.9541,-75.1897,2200.0,6,0,0,0,0,0,0,0,0,,0,0,0,18,3,1,1,,0,39 57:14.676,,0,75 11:22.947,4,0,0,0,67301,1,0,0,N,1,0,0,2,67301,1,,1,9,,N,N,,0,,0,0,0,3.0,2,,1830,1,2,0,0,0,0,0,3,4,0,1,7,,N,,,,,,,,,,,
2008027222,1851,1,0,0,1,0,0,0,0,0,4,0,,67,1,2008,3,39.9223,-75.1632,1849.0,6,0,0,0,0,0,0,0,1,,0,0,0,18,3,1,1,,0,39 55:20.172,,0,75 09:47.408,8,0,0,0,67301,1,0,0,N,0,0,0,2,67301,0,,1,1,,N,N,,0,,0,0,0,3.0,3,,1835,1,2,0,0,1,1,0,3,4,0,1,3,,N,,,,,,,,,,,
2008040145,1805,2,0,0,0,0,0,0,0,0,4,0,,67,2,2008,4,40.1052,-75.0328,1803.0,6,0,0,0,0,0,1,0,0,,0,0,0,17,3,1,1,,0,40 06:18.000,,0,75 01:58.245,8,0,0,0,67301,0,0,0,N,0,0,0,3,67301,0,,1,9,,N,N,,0,,0,0,0,3.0,2,,1740,1,2,0,0,0,1,0,3,4,0,2,3,,N,,,,,,,,,,,
2008049868,2228,0,0,0,0,0,0,0,0,0,7,0,,67,2,2008,6,39.9219,-75.2277,2211.0,6,0,0,0,0,0,0,0,0,,0,0,0,22,3,0,1,,0,39 55:18.984,,0,75 13:39.763,9,0,0,0,67301,0,0,0,N,0,0,0,1,67301,0,,4,9,,N,N,,1,,0,0,0,3.0,2,,2211,0,1,0,0,0,0,1,3,4,0,1,7,,N,,,,,,,,,,,
2008060247,1925,1,0,0,0,0,0,0,0,0,8,0,,67,3,2008,6,39.9262,-75.1802,1920.0,6,0,0,0,0,0,0,0,0,,0,0,0,19,4,1,0,,0,39 55:34.316,,0,75 10:48.738,4,0,0,0,67301,1,0,0,N,1,0,0,2,67301,1,,1,1,,N,N,,0,,0,0,0,0.0,0,,1919,1,2,0,0,0,0,0,3,4,0,1,3,,N,,,,,,,,,,,
2008044919,2155,0,0,0,0,0,0,0,0,0,8,0,,67,2,2008,6,40.0539,-75.1865,2145.0,6,0,0,0,0,0,0,0,0,,0,0,0,17,4,1,0,,0,40 03:14.109,,0,75 11:11.305,4,0,0,0,67301,1,0,0,,1,0,0,2,67301,1,,1,1,,N,N,,0,,0,0,0,0.0,0,,1700,1,2,0,0,0,0,0,3,4,0,1,3,,N,,,,,,,,,,,
2008067361,1931,1,0,0,0,0,0,0,0,0,7,0,,67,5,2008,6,40.0495,-74.9945,1931.0,6,0,0,0,0,0,0,0,0,1.0,0,0,0,19,1,2,0,,2,40 02:58.459,1.0,0,74 59:39.032,4,0,0,0,67301,0,0,0,Y,0,0,0,2,68K01,1,,4,1,,N,N,,0,,0,0,0,0.0,0,N,1930,2,1,0,0,2,1,0,3,4,0,1,3,,N,,,,,,,,,,,
2008062159,1620,2,0,0,0,0,0,0,0,0,1,0,,67,3,2008,1,39.9866,-75.1587,1617.0,6,0,0,0,0,0,1,0,0,,0,0,0,15,1,1,2,,0,39 59:11.875,,0,75 09:31.265,4,0,0,0,67301,0,0,0,N,0,0,0,3,67301,1,,1,1,,N,N,,0,,0,0,0,0.0,0,,1550,1,2,0,0,0,0,1,3,4,0,2,3,,N,,,,,,,,,,,
2008059661,2116,1,0,0,0,0,0,0,0,0,8,0,,67,4,2008,3,39.9513,-75.1991,2115.0,6,0,0,0,0,0,1,0,0,1.0,0,0,0,21,3,1,2,,1,39 57:04.584,2.0,0,75 11:56.878,8,0,0,0,67301,1,0,0,N,1,0,0,2,67301,0,,1,1,,N,N,,0,,0,0,0,3.0,2,N,2114,1,2,0,0,0,1,0,3,4,0,1,3,,N,,,,,,,,,,,
2008054635,811,1,0,0,0,0,0,0,0,0,7,0,,67,4,2008,4,40.0412,-75.0046,731.0,6,0,0,0,0,0,1,0,0,,0,0,0,7,1,0,0,,0,40 02:31.309,,0,75 00:13.598,0,0,0,0,67301,0,0,0,N,0,0,0,1,68K01,0,,2,1,,N,N,,0,,0,0,0,0.0,0,,720,0,1,0,0,0,0,0,3,4,0,1,3,,N,,,,,,,,,,,
2008052209,1030,2,0,0,0,0,0,0,0,0,5,0,,67,3,2008,4,39.981,-75.1887,1012.0,6,0,0,0,0,0,0,0,0,,0,0,0,10,1,1,0,,0,39 58:50.837,,0,75 11:19.629,4,0,0,0,67301,2,0,0,N,0,0,0,3,67301,1,,1,1,,N,N,,1,,0,0,0,0.0,0,,1010,1,3,0,0,1,0,0,3,4,0,3,3,,N,,,,,,,,,,,
2008052213,1920,1,0,0,1,0,0,0,0,0,4,0,,67,2,2008,2,39.9477,-75.1986,1918.0,6,0,0,0,0,0,0,0,0,,0,0,0,19,3,1,2,,0,39 56:51.749,,0,75 11:55.038,3,0,0,0,67301,1,0,0,,0,0,0,2,67301,0,,1,9,,N,N,,0,,1,0,0,3.0,2,,1918,1,2,0,0,0,0,1,3,4,0,1,7,,N,,,,,,,,,,,
2008052442,1959,2,0,0,0,0,0,0,0,0,1,0,,67,4,2008,3,39.8877,-75.2038,1958.0,6,0,0,0,0,0,0,0,0,,0,0,0,19,3,0,0,,0,39 53:32.101,,0,75 11:51.761,0,0,0,0,67301,0,0,0,N,0,0,0,3,68K01,0,,1,1,,N,N,,0,,0,0,1,0.0,0,,1955,0,3,0,0,0,0,0,3,4,0,3,3,,N,,,,,,,,,,,
2008055034,1503,2,0,0,0,0,0,0,0,0,4,0,,67,1,2008,6,39.9438,-75.2379,1459.0,6,0,0,0,0,0,0,0,0,2.0,0,0,0,14,1,2,1,,2,39 56:37.828,7.0,0,75 14:16.183,8,0,0,0,67301,0,0,0,N,0,0,0,3,67301,0,,1,1,,N,N,,0,,0,0,0,3.0,2,N,1459,2,2,0,0,0,2,0,3,4,0,2,3,,N,,,,,,,,,,,
2008057660,212,0,0,0,0,0,0,0,0,0,8,0,,67,4,2008,1,40.0564,-75.0148,210.0,6,0,0,0,0,0,0,0,0,,0,0,0,2,3,1,0,,0,40 03:23.064,,0,75 00:53.570,4,0,0,0,67301,1,0,0,N,1,0,0,2,67301,1,,1,1,,N,N,,0,,0,0,1,0.0,0,,205,1,2,0,0,0,0,0,3,4,0,1,3,,N,,,,,,,,,,,
2008060139,2141,1,0,0,0,0,0,0,0,0,7,0,,67,5,2008,7,39.912,-75.1483,2135.0,6,0,0,0,0,1,0,0,0,,0,0,0,21,6,1,0,,0,39 54:39.737,,2,75 08:54.760,8,0,0,0,67301,0,0,0,N,0,0,0,4,68K01,0,,2,1,,N,N,,0,,0,0,0,0.0,0,,2133,1,1,0,0,0,1,2,3,4,0,1,3,,N,,,,,,,,,,,
2008060182,922,1,0,0,1,0,0,0,0,0,4,0,,67,3,2008,4,39.949,-75.2132,920.0,6,0,0,0,1,0,0,0,0,,0,0,0,9,1,1,0,,0,39 56:56.400,,0,75 12:47.520,4,0,0,0,67301,1,0,0,N,0,0,0,2,67301,1,,1,9,,N,N,,0,,0,0,0,0.0,0,,915,1,2,0,0,0,0,0,3,4,0,1,7,,N,,,,,,,,,,,
2008039826,952,0,0,0,0,0,0,0,0,0,7,0,,67,2,2008,6,39.9686,-75.1912,952.0,6,0,0,0,0,0,0,0,0,1.0,0,0,0,9,1,2,0,,2,39 58:10.000,4.0,0,75 11:32.411,4,0,0,0,67301,0,0,0,N,0,0,0,2,68K01,1,,3,6,,N,N,,0,,0,0,1,0.0,0,Y,952,2,1,0,0,0,1,0,3,4,0,1,10,,N,,,,,,,,,,,
2008039837,2050,1,0,0,0,0,0,0,0,0,7,0,,67,3,2008,6,39.9921,-75.2017,2049.0,6,0,0,0,0,1,0,0,0,1.0,0,0,0,20,2,1,0,,2,39 59:34.166,4.0,0,75 12:01.926,4,0,0,0,67301,0,0,0,N,0,0,0,3,68K01,1,,2,9,,N,N,,0,,0,0,0,0.0,0,N,2047,1,1,0,0,0,0,0,3,4,0,1,7,,N,,,,,,,,,,,
2008040058,237,0,0,0,0,0,0,0,0,0,4,0,,67,1,2008,7,39.9793,-75.1388,235.0,6,0,0,0,0,0,0,0,0,,0,0,0,2,3,2,1,,0,39 58:45.609,,0,75 08:19.575,8,0,0,0,67301,0,0,0,N,0,0,0,7,67301,0,,1,1,,N,N,,1,,0,0,1,3.0,3,,230,2,2,0,0,0,2,1,3,4,0,2,3,,N,,,,,,,,,,,
2008057739,1751,2,0,0,0,0,0,0,0,0,1,0,,67,4,2008,7,39.9322,-75.1814,1745.0,6,0,0,0,0,0,0,0,0,,0,0,0,17,1,1,1,,0,39 55:55.819,,0,75 10:53.043,8,0,0,0,67301,0,0,0,N,0,0,0,4,67301,0,,1,1,,N,N,,0,,0,0,0,3.0,2,,1745,1,2,0,0,0,1,1,3,4,0,2,3,,N,,,,,,,,,,,
2008026364,1653,1,0,0,0,0,0,0,0,0,4,0,,67,2,2008,3,39.8984,-75.1822,1648.0,6,0,0,0,0,0,1,0,0,3.0,0,0,0,16,1,0,0,,2,39 53:54.000,2.0,3,75 10:54.417,0,0,0,0,67301,0,0,0,N,0,0,0,2,68K01,0,,1,2,,N,N,,0,,0,0,1,0.0,0,Y,1646,0,2,0,0,0,0,0,3,4,0,2,7,,N,,,,,,,,,,,
2008029167,1538,0,0,0,1,0,0,0,0,0,1,0,,67,1,2008,6,39.9585,-75.1439,1533.0,6,0,0,0,0,0,0,0,0,,0,0,0,15,1,1,2,,0,39 57:30.672,,0,75 08:37.985,3,0,0,0,67301,1,0,0,N,0,0,0,2,67301,0,,1,1,,N,N,,1,,1,0,0,3.0,3,,1530,1,2,0,0,0,0,0,3,4,0,1,3,,N,,,,,,,,,,,
2008044689,2245,0,0,0,0,0,0,0,0,0,8,0,,67,1,2008,6,40.0368,-75.0624,2245.0,6,0,0,0,0,0,1,0,0,,0,0,0,22,3,1,2,,0,40 02:12.512,,0,75 03:44.537,4,0,0,0,67301,1,0,0,,1,0,0,2,67301,1,,1,1,,,,,0,,0,0,1,3.0,2,,2245,1,2,0,0,0,0,0,3,4,0,1,3,,N,,,,,,,,,,,
2008027003,1420,1,0,0,0,0,0,0,0,0,5,1,,67,1,2008,6,40.0315,-75.0213,1400.0,6,0,0,0,0,0,1,0,0,1.0,0,1,0,13,1,1,0,,1,40 01:51.000,1.0,0,75 01:17.053,3,0,0,0,67301,0,0,0,N,0,0,0,2,67301,0,,1,1,,N,N,,0,,1,0,0,0.0,0,Y,1355,1,2,0,0,2,0,0,3,4,0,2,3,,N,,,,,,,,,,,
2008119042,1655,2,0,0,0,0,0,0,0,0,1,0,,67,9,2008,4,39.9089,-75.2488,1605.0,6,0,0,0,0,0,0,0,0,,0,0,0,16,1,1,10,,0,39 54:32.202,,0,75 14:55.784,4,0,0,0,67301,0,0,0,N,0,0,0,1,67301,1,,5,1,,N,N,,0,,0,0,0,3.0,3,,1605,1,2,0,0,0,0,0,3,4,0,2,3,,N,,,,,,,,,,,
2008119074,2335,2,0,0,0,0,0,0,0,0,4,0,,67,10,2008,5,40.0246,-75.0573,2330.0,6,0,0,0,0,0,0,0,0,,0,0,0,23,3,2,2,,0,40 01:28.650,,0,75 03:26.326,4,0,0,0,67301,0,0,0,N,0,0,0,3,67301,2,,1,1,,N,N,,0,,0,0,0,3.0,2,,2325,2,2,0,0,0,0,1,3,4,0,2,3,,N,,,,,,,,,,,
2008119111,1900,1,0,0,0,0,0,0,0,0,5,0,,67,8,2008,6,40.0306,-75.207,1859.0,6,0,0,0,0,0,0,0,0,,0,0,0,18,1,0,5,,0,40 01:50.140,,0,75 12:25.000,0,0,0,0,67301,0,0,0,N,0,0,0,2,67301,0,,1,1,,N,N,,0,,0,0,1,2.0,2,,1859,0,2,0,0,0,0,0,3,4,0,2,3,,N,,,,,,,,,,,
2008133550,1236,4,0,0,0,0,0,0,0,0,4,0,,67,10,2008,4,40.0363,-75.0718,1232.0,6,0,0,0,0,0,1,0,0,,0,0,0,12,1,1,1,,0,40 02:10.662,,0,75 04:18.319,4,0,0,0,67301,0,0,0,N,0,0,0,2,67301,1,,1,1,,N,N,,0,,0,0,0,3.0,3,,1222,1,4,0,0,0,0,0,3,4,0,4,3,,N,,,,,,,,,,,
2008098115,240,1,0,0,0,0,0,0,0,0,1,0,,67,6,2008,7,40.0395,-75.0334,235.0,6,0,0,0,0,0,0,0,0,,0,0,0,0,3,2,1,,0,40 02:22.236,,0,75 02:00.419,8,0,0,0,67301,0,0,0,N,0,0,0,4,67301,0,,1,1,,N,N,,0,,0,0,1,3.0,2,,5,2,2,0,0,0,2,0,3,4,0,2,3,,N,,,,,,,,,,,
2008070669,1930,2,0,0,0,0,0,0,0,0,2,0,,67,4,2008,7,39.9613,-75.2471,1915.0,6,0,0,0,0,0,1,1,0,1.0,0,0,0,17,3,2,2,,1,39 57:40.267,6.0,0,75 14:49.452,3,0,0,0,67301,0,0,0,N,0,0,0,3,67301,1,,1,1,,N,N,,0,,1,0,1,3.0,2,Y,1710,2,3,0,0,0,0,0,3,4,0,3,3,,N,,,,,,,,,,,
2008072596,1655,3,0,0,0,0,0,0,0,0,2,0,,67,4,2008,3,40.0215,-75.1935,1650.0,6,0,0,0,0,0,0,0,0,,0,0,0,16,1,0,0,,0,40 01:17.304,,0,75 11:36.668,0,0,0,0,67301,0,0,0,,0,0,0,4,67301,0,,1,1,,,,,1,,0,0,0,0.0,0,,1650,0,4,0,0,0,0,0,3,4,0,4,3,,N,,,,,,,,,,,
2008072608,103,2,0,0,0,0,0,0,0,0,4,0,,67,4,2008,2,40.0039,-75.2207,43.0,6,0,0,0,0,0,0,0,0,,0,0,0,0,3,0,1,,0,40 00:14.091,,0,75 13:14.544,0,0,0,0,67301,0,0,0,,0,0,0,3,67301,0,,1,9,,,,,0,,0,0,0,3.0,2,,43,0,2,0,0,0,0,0,3,4,0,2,7,,N,,,,,,,,,,,
2008079690,2110,2,0,0,0,0,0,0,0,0,4,0,,67,5,2008,6,39.9585,-75.2477,2110.0,6,0,0,0,0,0,0,0,0,,0,0,0,21,3,3,2,,0,39 57:31.089,,0,75 14:51.552,4,0,0,0,67301,0,0,0,N,0,0,0,4,67301,3,,1,1,,N,N,,0,,0,0,0,0.0,0,,2110,3,2,0,0,1,0,1,3,4,0,2,3,,N,,,,,,,,,,,
2008089927,1700,2,0,0,0,0,0,0,0,0,4,0,,67,6,2008,4,40.0082,-75.1945,1649.0,6,0,0,0,0,0,0,0,0,,0,0,0,16,1,1,2,,0,40 00:26.280,,0,75 11:31.920,4,0,0,0,67301,0,0,0,N,0,0,0,3,67301,1,,1,1,,N,N,,0,,0,0,0,3.0,2,,1647,1,2,0,0,0,0,0,3,4,0,2,3,,N,,,,,,,,,,,
2008042104,1616,1,0,0,0,0,0,0,0,0,1,0,,67,1,2008,6,39.9063,-75.1356,1616.0,6,0,1,0,0,0,0,0,0,,0,0,0,16,1,0,0,,0,39 54:22.647,,0,75 08:08.281,9,0,0,0,67301,0,0,0,N,0,0,0,2,67501,0,,1,1,,N,N,,0,,0,0,0,3.0,8,,1615,0,2,0,0,0,0,1,3,4,1,2,3,,N,,,,,,,,,,,
2008036400,519,0,0,0,0,0,0,0,0,0,1,0,,67,2,2008,1,39.8858,-75.208,500.0,6,0,0,0,0,0,1,0,0,1.0,0,0,0,4,3,1,0,,1,39 53:37.273,1.0,3,75 11:44.692,4,0,0,0,67301,0,0,0,N,0,0,0,2,68K01,1,,1,1,,N,N,,0,,0,0,1,0.0,0,N,459,1,2,0,0,0,0,0,3,4,1,2,3,,N,,,,,,,,,,,
2008049359,1658,3,0,0,0,0,0,0,0,0,1,0,,67,4,2008,4,39.9876,-75.0896,1643.0,6,0,0,0,1,0,1,0,0,,0,0,0,16,1,0,0,,0,39 59:15.599,,0,75 05:21.982,0,0,0,0,67301,0,0,0,N,0,0,0,4,68K01,0,,1,1,,N,N,,0,,0,0,1,0.0,0,,1640,0,4,0,0,0,0,0,3,4,0,4,3,,N,,,,,,,,,,,
2008044437,1140,1,0,0,0,0,0,0,0,0,6,0,,67,2,2008,7,40.0367,-75.1584,1134.0,6,0,0,0,0,0,0,0,0,,0,0,0,11,1,2,1,,0,40 02:12.109,,0,75 09:30.211,4,0,0,0,67301,0,0,0,N,0,0,0,3,67301,2,,1,1,,N,N,,0,,0,0,1,3.0,2,,1130,2,2,0,0,0,0,0,3,4,0,2,3,,N,,,,,,,,,,,
2008044447,1521,1,0,0,0,0,0,0,0,0,1,0,,67,1,2008,6,40.0386,-75.2402,1517.0,6,0,0,0,0,0,0,0,1,,0,0,0,15,1,2,2,,0,40 02:18.931,,2,75 14:24.633,8,0,0,0,67301,0,0,0,,0,0,0,3,67301,0,,1,1,,N,N,,1,,0,0,0,3.0,4,,1515,2,2,0,0,0,2,0,3,4,0,2,3,,N,,,,,,,,,,,
2008044472,1611,1,0,0,0,0,0,0,0,0,4,0,,67,1,2008,3,39.9825,-75.1516,1611.0,6,0,0,0,0,1,1,0,0,,0,0,0,16,1,0,2,,0,39 58:57.093,,99,75 09:05.770,0,0,0,0,67301,0,0,0,N,0,0,0,2,67301,0,,1,9,,N,N,,0,,0,0,0,3.0,2,,1605,0,2,0,0,0,0,0,3,4,1,2,7,,N,,,,,,,,,,,
2008027225,2029,2,0,0,0,0,0,0,0,0,2,0,,67,1,2008,2,39.9196,-75.2402,2024.0,6,0,0,0,0,0,0,0,0,,0,0,0,20,3,3,1,,0,39 55:10.650,,0,75 14:24.889,2,0,0,0,67301,0,0,0,N,0,0,0,3,67301,0,,1,1,,N,N,,0,,0,2,0,3.0,2,,2015,3,2,0,2,3,1,0,3,4,0,2,3,,N,,,,,,,,,,,
2008040269,1835,2,0,0,0,0,0,0,0,0,4,0,,67,2,2008,1,40.0645,-75.1607,1830.0,6,0,0,0,0,1,0,0,0,2.0,0,0,0,18,3,1,1,,1,40 03:52.000,6.0,0,75 09:38.365,8,0,0,0,67301,0,0,0,N,0,0,0,3,67301,0,,1,1,,N,N,,0,,0,0,0,3.0,2,Y,1829,1,2,0,0,0,1,0,3,4,0,2,98,,N,,,,,,,,,,,
2008049873,955,1,0,0,0,0,0,0,0,0,4,0,,67,2,2008,6,40.0031,-75.1643,945.0,6,0,0,0,0,0,0,0,0,,0,0,0,9,1,1,1,,0,40 00:11.021,,0,75 09:51.355,8,0,0,1,67301,0,0,0,N,0,0,0,2,67301,0,,1,1,,N,N,,0,,0,0,0,3.0,2,,945,1,2,0,0,0,1,0,3,4,0,2,3,,N,,,,,,,,,,,
2008049877,1325,1,0,0,0,0,0,0,0,0,7,0,,67,2,2008,1,39.9568,-75.2439,1319.0,6,0,0,0,0,0,1,0,0,,0,0,0,99,1,1,0,,0,39 57:24.336,,0,75 14:38.011,8,0,0,0,67301,0,0,0,N,0,0,0,1,67301,0,,5,1,,N,N,,0,,0,0,0,3.0,2,,9999,1,1,0,0,1,1,0,3,4,0,1,3,,N,,,,,,,,,,,
2008027006,1525,2,0,0,0,0,0,0,0,0,1,0,,67,1,2008,6,39.9594,-75.1738,1521.0,6,0,0,0,0,0,0,0,0,1.0,0,0,0,15,1,0,0,,1,39 57:34.000,4.0,0,75 10:31.558,0,0,0,0,67301,0,0,0,,0,0,0,2,67301,0,,1,1,,,,,0,,0,0,0,0.0,0,N,1515,0,2,0,0,0,0,0,3,4,0,2,3,,N,,,,,,,,,,,
2008027018,836,2,0,0,0,0,0,0,0,0,1,0,,67,1,2008,4,39.9094,-75.1493,833.0,6,0,0,0,0,0,1,0,0,1.0,0,0,0,8,1,1,0,,1,39 54:33.000,2.0,0,75 08:57.492,4,0,0,0,67301,0,0,0,N,0,0,0,4,67301,1,,1,1,,N,,,1,,0,0,1,0.0,0,N,830,1,4,0,0,1,0,0,3,4,0,4,3,,N,,,,,,,,,,,
2008064750,748,2,0,0,0,0,0,0,0,0,5,0,,67,5,2008,4,39.9707,-75.193,748.0,6,0,0,0,0,0,0,0,0,2.0,0,0,0,7,1,2,0,,2,39 58:19.258,4.0,0,75 11:36.241,8,0,0,0,67301,0,0,0,N,0,0,0,2,68K01,0,,1,1,,N,N,,0,,0,0,0,0.0,0,Y,746,2,2,0,0,0,2,0,3,4,0,2,3,,N,,,,,,,,,,,
2008062158,1652,2,0,0,0,0,0,0,0,0,6,0,,67,3,2008,1,40.0353,-75.0826,1647.0,6,0,0,0,0,0,0,0,0,,0,0,0,16,1,1,0,,0,40 02:07.105,,0,75 04:57.205,3,0,0,0,67301,0,0,0,N,0,0,0,3,67301,0,,4,1,,N,N,,0,,1,0,2,0.0,0,,1652,1,4,0,0,0,0,0,3,4,0,4,3,,N,,,,,,,,,,,
2008039834,1714,0,0,0,0,0,0,0,0,0,0,0,,67,3,2008,3,39.9365,-75.1443,1712.0,6,0,0,0,0,0,0,0,0,2.0,0,0,0,17,1,2,0,,2,39 56:14.914,1.0,0,75 08:38.225,3,0,0,0,67301,0,0,0,N,0,0,0,2,68K01,0,,1,1,,N,N,,0,,2,0,1,0.0,0,Y,1710,2,1,0,0,0,0,0,3,4,0,1,3,,N,,,,,,,,,,,
2008057796,1738,1,0,0,0,0,0,0,0,0,4,0,,67,3,2008,4,40.0307,-75.1474,1737.0,6,0,0,0,0,0,0,0,0,,0,0,0,17,1,1,2,,0,40 01:50.678,,0,75 08:50.816,8,0,0,0,67301,0,0,0,N,0,0,0,3,67301,0,,1,1,,N,N,,0,,0,0,1,3.0,3,,1734,1,2,0,0,0,1,0,3,4,0,2,3,,N,,,,,,,,,,,
2008029132,212,3,0,0,0,0,0,0,0,0,1,0,,67,1,2008,7,39.9601,-75.1373,211.0,6,0,0,0,1,0,0,0,0,2.0,0,0,0,2,3,1,0,,1,39 57:36.000,3.0,0,75 08:14.228,8,0,0,0,67301,0,0,0,,0,0,0,3,67301,0,,1,1,,,,,0,,0,0,0,9.0,2,Y,210,1,3,0,0,0,1,0,3,4,0,3,3,,N,,,,,,,,,,,
2008029171,1440,1,0,0,0,0,0,0,0,0,8,0,,67,1,2008,2,39.9536,-75.165,1415.0,6,0,0,0,0,0,0,0,0,,0,0,0,14,1,1,2,,0,39 57:12.949,,0,75 09:54.175,3,0,0,0,67301,1,0,0,,1,0,0,2,67301,0,,1,1,,,,,0,,1,0,0,3.0,2,,1414,1,2,0,0,0,0,0,3,4,0,1,3,,N,,,,,,,,,,,
2008042157,1414,1,0,0,0,0,0,0,0,0,8,0,,67,1,2008,6,40.0358,-75.1307,1414.0,6,0,0,0,0,0,0,0,0,,0,0,0,14,1,2,0,,0,40 02:08.995,,0,75 07:50.368,8,0,0,0,67301,2,0,0,N,2,0,0,5,67301,0,,1,1,,N,N,,0,,0,0,0,3.0,2,,1414,2,3,0,0,1,2,0,3,4,0,1,3,,N,,,,,,,,,,,
2008044648,1835,1,0,0,0,0,0,0,0,0,4,0,,67,1,2008,3,40.009,-75.1365,1830.0,6,0,0,0,0,0,0,0,0,,0,0,0,16,1,0,1,,0,40 00:32.335,,0,75 08:11.486,0,0,0,0,67301,0,0,0,N,0,0,0,2,67301,0,,1,9,,N,N,,0,,0,0,0,3.0,3,,1630,0,2,0,0,0,0,0,3,4,1,2,99,,N,,,,,,,,,,,
2008044696,55,2,0,0,0,0,0,0,0,0,6,0,,67,2,2008,1,40.0299,-75.0875,55.0,6,0,0,0,0,0,0,0,0,3.0,0,0,0,0,3,3,1,,1,40 01:47.863,1.0,0,75 05:14.656,3,0,0,0,67301,0,0,0,,0,0,0,3,67301,2,,1,1,,,,,0,,1,0,0,3.0,2,Y,50,3,2,0,0,0,0,0,3,4,0,2,3,,N,,,,,,,,,,,
2008044703,605,1,0,0,0,0,0,0,0,0,5,1,,67,2,2008,4,39.9577,-75.1624,600.0,6,0,0,0,0,0,0,0,0,,0,1,0,5,5,0,1,,0,39 57:27.000,,0,75 09:44.544,0,0,0,0,67301,0,0,0,,0,0,0,2,67301,0,,1,1,,,,,0,,0,0,0,3.0,2,,559,0,2,0,0,2,0,0,3,4,0,2,3,,N,,,,,,,,,,,
2008119060,2256,3,0,0,0,0,0,0,0,0,1,0,,67,9,2008,7,40.0459,-75.0821,2255.0,6,0,0,0,0,0,0,0,0,,0,0,0,22,3,0,0,,0,40 02:45.135,,0,75 04:55.732,9,0,0,0,67301,0,0,0,N,0,0,0,2,67301,0,,1,9,,N,N,,0,,0,0,1,0.0,0,,2234,0,4,0,0,0,0,1,3,4,0,4,7,,N,,,,,,,,,,,