CRN,ARRIVAL_TM,AUTOMOBILE_COUNT,BELTED_DEATH_COUNT,BELTED_SUSP_SERIOUS_INJ_COUNT,BICYCLE_COUNT,BICYCLE_DEATH_COUNT,BICYCLE_SUSP_SERIOUS_INJ_COUNT,BUS_COUNT,CHLDPAS_DEATH_COUNT,CHLDPAS_SUSP_SERIOUS_INJ_COUNT,COLLISION_TYPE,COMM_VEH_COUNT,CONS_ZONE_SPD_LIM,COUNTY,CRASH_MONTH,CRASH_YEAR,DAY_OF_WEEK,DEC_LAT,DEC_LONG,DISPATCH_TM,DISTRICT,DRIVER_COUNT_16YR,DRIVER_COUNT_17YR,DRIVER_COUNT_18YR,DRIVER_COUNT_19YR,DRIVER_COUNT_20YR,DRIVER_COUNT_50_64YR,DRIVER_COUNT_65_74YR,DRIVER_COUNT_75PLUS,EST_HRS_CLOSED,FATAL_COUNT,HEAVY_TRUCK_COUNT,HORSE_BUGGY_COUNT,HOUR_OF_DAY,ILLUMINATION,INJURY_COUNT,INTERSECT_TYPE,INTERSECTION_RELATED,LANE_CLOSED,LATITUDE,LN_CLOSE_DIR,LOCATION_TYPE,LONGITUDE,MAX_SEVERITY_LEVEL,MCYCLE_DEATH_COUNT,MCYCLE_SUSP_SERIOUS_INJ_COUNT,MOTORCYCLE_COUNT,MUNICIPALITY,NONMOTR_COUNT,NONMOTR_DEATH_COUNT,NONMOTR_SUSP_SERIOUS_INJ_COUNT,NTFY_HIWY_MAINT,PED_COUNT,PED_DEATH_COUNT,PED_SUSP_SERIOUS_INJ_COUNT,PERSON_COUNT,POLICE_AGCY,POSSIBLE_INJ_COUNT,RDWY_SURF_TYPE_CD,RELATION_TO_ROAD,ROAD_CONDITION,ROADWAY_CLEARED,SCH_BUS_IND,SCH_ZONE_IND,SECONDARY_CRASH,SMALL_TRUCK_COUNT,SPEC_JURIS_CD,SUSP_MINOR_INJ_COUNT,SUSP_SERIOUS_INJ_COUNT,SUV_COUNT,TCD_FUNC_CD,TCD_TYPE,TFC_DETOUR_IND,TIME_OF_DAY,TOT_INJ_COUNT,TOTAL_UNITS,UNB_DEATH_COUNT,UNB_SUSP_SERIOUS_INJ_COUNT,UNBELTED_OCC_COUNT,UNK_INJ_DEG_COUNT,UNK_INJ_PER_COUNT,URBAN_AREA,URBAN_RURAL,VAN_COUNT,VEHICLE_COUNT,WEATHER1,WEATHER2,WORK_ZONE_IND,WORK_ZONE_LOC,WORK_ZONE_TYPE,WORKERS_PRES,WZ_CLOSE_DETOUR,WZ_FLAGGER,WZ_LAW_OFFCR_IND,WZ_LN_CLOSURE,WZ_MOVING,WZ_OTHER,WZ_SHLDER_MDN,WZ_WORKERS_INJ_KILLED
2008133540,45,1,0,0,0,0,0,0,0,0,8,0,,67,9,2008,7,39.9602,-75.2331,45.0,6,0,0,0,0,0,0,0,0,,0,0,0,20,3,1,2,,0,39 57:36.781,,0,75 13:59.005,2,0,0,0,67301,1,0,1,N,1,0,1,2,67301,0,,1,1,,N,N,,0,,0,1,0,3.0,3,,2035,1,2,0,0,0,0,0,3,4,0,1,3,,N,,,,,,,,,,,
2008098054,1250,1,0,0,0,0,0,0,0,0,4,0,,67,7,2008,3,40.0087,-75.1513,1248.0,6,0,0,1,0,0,0,0,0,,0,0,0,12,1,2,0,,0,40 00:31.176,,0,75 09:04.537,8,0,0,0,67301,0,0,0,N,0,0,0,2,67301,0,,2,1,,N,N,,0,,0,0,1,0.0,0,,1246,2,2,0,0,0,2,0,3,4,0,2,3,,N,,,,,,,,,,,
2008098148,1950,0,0,0,0,0,0,0,0,0,0,0,,67,7,2008,5,39.9736,-75.2476,1949.0,6,0,0,0,0,0,0,0,0,,0,0,0,19,1,1,0,,0,39 58:25.123,,0,75 14:51.220,4,0,0,1,67301,0,0,0,N,0,0,0,1,67301,1,,1,1,,N,N,,0,,0,0,0,0.0,0,,1948,1,1,0,0,0,0,0,3,4,0,1,3,,N,,,,,,,,,,,
2008072692,1654,3,0,0,0,0,0,0,0,0,1,0,,67,4,2008,2,40.0333,-75.1067,1648.0,6,0,0,0,0,0,0,0,0,2.0,0,0,0,16,1,0,0,,2,40 02:00.040,2.0,0,75 06:24.070,0,0,0,0,67301,0,0,0,N,0,0,0,3,67301,0,,1,1,,N,N,,0,,0,0,0,3.0,2,Y,1646,0,3,0,0,0,0,0,3,4,0,3,3,,N,,,,,,,,,,,
2008079654,2030,0,0,0,0,0,0,0,0,0,8,0,,67,2,2008,7,39.9985,-75.1657,2028.0,6,0,0,0,0,0,0,0,0,3.0,0,0,0,20,3,1,0,,2,39 59:54.765,3.0,0,75 09:56.437,2,0,0,0,67301,1,0,1,N,1,0,1,2,67301,0,,1,1,,N,N,,0,,0,1,0,0.0,0,Y,2025,1,2,0,0,0,0,1,3,4,0,1,3,,N,,,,,,,,,,,
2008072762,822,1,0,0,0,0,0,0,0,0,4,1,,67,3,2008,5,39.9141,-75.1508,820.0,6,0,0,0,0,0,1,0,0,,0,1,0,8,1,1,0,,0,39 54:50.836,,0,75 09:02.845,4,0,0,0,67301,0,0,0,,0,0,0,4,67301,1,,1,1,,,,,0,,0,0,0,0.0,0,,812,1,2,0,0,0,0,0,3,4,0,2,3,,N,,,,,,,,,,,
2008072793,40,1,0,0,0,0,0,0,0,0,7,0,,67,4,2008,6,39.9863,-75.2097,38.0,6,0,0,0,0,0,0,0,0,,0,0,0,0,3,0,0,,0,39 59:10.715,,1,75 12:34.954,0,0,0,0,67301,0,0,0,N,0,0,0,1,67301,0,,2,1,,N,N,,0,,0,0,0,0.0,0,,36,0,1,0,0,0,0,0,3,4,0,1,3,,N,,,,,,,,,,,
2008082640,1840,2,0,0,0,0,0,0,0,0,3,0,,67,5,2008,3,39.9888,-75.1146,1834.0,6,0,0,0,0,0,0,0,0,,0,0,0,15,1,0,0,,0,39 59:19.677,,0,75 06:52.518,9,0,0,0,67301,0,0,0,N,0,0,0,1,67301,0,,6,1,,N,N,,0,,0,0,0,0.0,0,,1545,0,2,0,0,0,0,1,3,4,0,2,3,,N,,,,,,,,,,,
2008082653,1638,1,0,0,0,0,0,0,0,0,4,0,,67,5,2008,1,40.0403,-75.0585,1628.0,6,0,0,0,0,0,0,0,1,1.0,0,0,0,16,1,2,1,,2,40 02:25.164,6.0,0,75 03:30.735,8,0,0,0,67301,0,0,0,N,0,0,0,6,67301,0,,1,1,,N,N,,0,,0,0,1,3.0,2,N,1627,2,2,0,0,0,2,0,3,4,0,2,3,,N,,,,,,,,,,,
2008082656,1850,1,0,0,0,0,0,0,0,0,8,0,,67,5,2008,3,39.9514,-75.1584,1850.0,6,0,0,0,0,0,0,0,0,,0,0,0,18,1,1,0,,0,39 57:05.000,,0,75 09:30.185,4,0,0,0,67301,1,0,0,N,1,0,0,2,67301,1,,1,1,,N,N,,0,,0,0,0,0.0,0,,1850,1,2,0,0,0,0,0,3,4,0,1,3,,N,,,,,,,,,,,
2008082663,1545,1,0,0,0,0,0,0,0,0,8,0,,67,5,2008,4,40.0523,-75.068,1540.0,6,0,0,0,0,0,0,0,0,,0,0,0,8,1,1,0,,0,40 03:08.143,,0,75 04:04.816,8,0,0,0,67301,1,0,0,N,1,0,0,2,67301,0,,1,1,,N,Y,,0,,0,0,0,3.0,2,,820,1,2,0,0,0,1,0,3,4,0,1,3,,N,,,,,,,,,,,
2008079515,248,2,0,0,0,0,0,0,0,0,1,0,,67,5,2008,5,,,248.0,6,0,0,0,0,0,0,0,0,2.0,0,0,0,2,3,1,0,,2,,1.0,0,,4,0,0,0,67301,0,0,0,,0,0,0,6,67301,1,,1,1,,,,,0,,0,0,0,0.0,0,N,248,1,2,0,0,0,0,0,3,3,0,2,3,,N,,,,,,,,,,,
2008077149,1440,3,0,0,0,0,0,0,0,0,1,0,,67,5,2008,3,39.9058,-75.1327,1440.0,6,0,0,0,0,0,2,0,0,9.0,0,0,0,14,1,0,0,,1,39 54:20.864,3.0,3,75 07:57.864,0,0,0,0,67301,0,0,0,N,0,0,0,3,67501,0,,1,1,,N,N,,0,,0,0,0,9.0,8,N,1440,0,3,0,0,0,0,0,3,4,0,3,3,,N,,,,,,,,,,,
2008072553,810,1,0,0,0,0,0,0,0,0,8,0,,67,4,2008,2,39.9527,-75.1578,806.0,6,0,0,0,0,0,0,0,0,1.0,0,0,0,99,1,1,1,,2,39 57:09.766,1.0,0,75 09:27.917,4,0,0,0,67301,1,0,0,N,1,0,0,3,67301,1,,1,1,,N,N,,0,,0,0,0,3.0,2,Y,9999,1,2,0,0,0,0,0,3,4,0,1,3,,N,,,,,,,,,,,
2008079258,1942,1,0,0,0,0,0,0,0,0,5,0,,67,6,2008,2,39.9836,-75.2062,1940.0,6,0,0,0,0,0,1,0,0,,0,0,0,19,1,2,0,,0,39 59:01.015,,0,75 12:22.368,8,0,0,0,67301,0,0,0,N,0,0,0,3,67301,0,,1,1,,N,N,,0,,0,0,1,0.0,0,,1940,2,2,0,0,0,2,0,3,4,0,2,3,,N,,,,,,,,,,,
2008079266,1735,1,0,0,0,0,0,0,0,0,1,0,,67,5,2008,1,40.0261,-75.0626,1735.0,6,0,0,0,0,0,1,0,0,1.0,0,0,0,17,1,1,0,,1,40 01:34.155,3.0,0,75 03:45.242,4,0,0,0,67301,0,0,0,,0,0,0,2,67301,1,,1,1,,N,N,,0,,0,0,0,0.0,0,Y,1730,1,2,0,0,0,0,0,3,4,1,2,3,,N,,,,,,,,,,,
2008079280,1120,2,0,0,0,0,0,0,0,0,2,0,,67,5,2008,5,40.0227,-75.1482,1115.0,6,0,0,0,0,1,0,0,0,,0,0,0,10,1,1,5,,0,40 01:21.652,,0,75 08:53.543,4,0,0,0,67301,0,0,0,N,0,0,0,2,67301,1,,1,1,,N,N,,0,,0,0,0,3.0,2,,1055,1,2,0,0,0,0,0,3,4,0,2,3,,N,,,,,,,,,,,
2008082414,814,1,0,0,1,0,0,0,0,0,4,0,,67,5,2008,3,39.9479,-75.2139,808.0,6,0,0,0,0,0,0,0,0,,0,0,0,8,1,1,1,,0,39 56:52.447,,0,75 12:49.931,8,0,0,0,67301,1,0,0,N,0,0,0,2,67301,0,,1,1,,N,N,,0,,0,0,0,3.0,2,,805,1,2,0,0,0,1,1,3,4,0,1,3,,N,,,,,,,,,,,
2008074471,1331,0,0,0,0,0,0,0,0,0,1,0,,67,6,2008,1,40.0065,-75.2151,1331.0,6,0,1,0,0,0,0,0,0,1.0,0,0,0,13,1,0,0,,2,40 00:23.400,1.0,0,75 12:54.360,0,0,0,0,67301,0,0,0,N,0,0,0,4,68K01,0,,1,1,,N,N,,0,,0,0,2,0.0,0,N,1330,0,2,0,0,0,0,0,3,4,0,2,3,,N,,,,,,,,,,,
2008072101,1517,1,0,0,0,0,0,0,0,0,7,0,,67,4,2008,5,40.0565,-75.0876,1515.0,6,0,0,0,0,0,0,1,0,,1,0,0,99,1,0,0,,0,40 03:23.299,,0,75 05:15.241,1,0,0,0,67301,0,0,0,,0,0,0,1,67301,0,2.0,5,1,,,,,0,0.0,0,0,0,0.0,0,,9999,0,1,0,0,0,0,0,3,4,0,1,3,,N,,,,,,,,,,,
2008058178,1043,1,0,0,0,0,0,0,0,0,4,1,,67,4,2008,3,39.9531,-75.1819,1043.0,6,0,0,0,0,0,0,1,0,,0,1,0,10,1,1,1,,0,39 57:11.191,,0,75 10:54.853,8,0,0,0,67301,0,0,0,N,0,0,0,2,67301,0,,1,1,,N,N,,0,,0,0,0,3.0,2,,1042,1,2,0,0,0,1,0,3,4,0,2,3,,N,,,,,,,,,,,
2008058206,1442,2,0,0,0,0,0,0,0,0,6,0,,67,3,2008,5,40.0282,-75.042,1440.0,6,0,0,0,0,0,0,0,0,,0,0,0,14,1,2,1,,0,40 01:41.404,,0,75 02:31.106,4,0,0,0,67301,0,0,0,N,0,0,0,3,67301,2,,1,1,,N,N,,0,,0,0,0,3.0,3,,1435,2,2,0,0,0,0,0,3,4,0,2,3,,N,,,,,,,,,,,
2008049358,1418,1,0,0,0,0,0,0,0,0,5,1,,67,4,2008,4,39.9274,-75.1467,1358.0,6,0,0,0,0,0,2,0,0,1.0,0,1,0,13,1,0,0,,1,39 55:45.200,2.0,0,75 08:46.690,0,0,0,0,67301,0,0,0,N,0,0,0,2,68K01,0,,1,1,,N,N,,0,,0,0,0,0.0,0,N,1356,0,2,0,0,0,0,0,3,4,0,2,3,,N,,,,,,,,,,,
2008027205,605,0,0,0,0,0,0,1,0,0,8,1,,67,1,2008,2,39.9666,-75.1604,601.0,6,0,0,0,0,0,1,0,0,,0,0,0,5,3,1,1,,0,39 58:00.000,,0,75 09:37.919,8,0,0,0,67301,1,0,0,,1,0,0,2,67301,0,,1,1,,,,,0,,0,0,0,3.0,2,,545,1,2,0,0,0,1,0,3,4,0,1,3,,N,,,,,,,,,,,
2008060229,2254,1,0,0,0,0,0,0,0,0,1,0,,67,3,2008,7,40.0889,-75.0207,2240.0,6,0,0,0,0,0,0,0,0,,0,0,0,22,3,0,2,,0,40 05:20.040,,0,75 01:14.520,0,0,0,0,67301,0,0,0,N,0,0,0,2,67301,0,,1,1,,N,N,,1,,0,0,0,3.0,2,,2234,0,2,0,0,0,0,0,3,4,0,2,3,,N,,,,,,,,,,,
2008060234,1635,0,0,0,0,0,0,0,0,0,2,0,,67,4,2008,5,40.0631,-75.0865,1630.0,6,0,0,0,0,1,0,0,0,,0,0,0,16,1,1,10,,0,40 03:47.157,,0,75 05:11.568,8,0,0,0,67301,0,0,0,N,0,0,0,5,67301,0,,1,1,,N,N,,0,,0,0,2,3.0,2,,1625,1,2,0,0,1,1,0,3,4,0,2,3,,N,,,,,,,,,,,
2008060268,635,0,0,0,0,0,0,0,0,0,1,0,,67,3,2008,4,40.0228,-75.1372,632.0,6,0,0,0,0,0,0,0,0,1.0,0,0,0,99,3,2,0,,1,40 01:22.193,4.0,0,75 08:13.882,8,0,0,0,67301,0,0,0,N,0,0,0,4,67301,0,,1,9,,N,N,,2,,0,0,0,3.0,2,N,9999,2,3,0,0,0,2,0,3,4,1,3,7,,N,,,,,,,,,,,
2008047374,655,1,0,0,0,0,0,0,0,0,7,0,,67,1,2008,6,40.0191,-75.2014,651.0,6,0,0,0,0,0,0,0,0,,0,0,0,6,5,0,0,,0,40 01:08.767,,0,75 12:05.055,0,0,0,0,67301,0,0,0,N,0,0,0,2,67301,0,,3,9,,N,N,,0,,0,0,0,0.0,0,,650,0,1,0,0,0,0,0,3,4,0,1,7,,N,,,,,,,,,,,
2008042595,1640,2,0,0,0,0,0,0,0,0,5,0,,67,2,2008,3,39.9989,-75.1052,1640.0,6,0,0,1,0,0,0,0,0,,0,0,0,16,1,1,1,,0,39 59:55.935,,0,75 06:18.644,8,0,0,0,67301,0,0,0,N,0,0,0,2,67301,0,,1,2,,N,N,,0,,0,0,0,3.0,2,,1600,1,2,0,0,2,1,0,3,4,0,2,9,,N,,,,,,,,,,,
2008066720,1326,1,0,0,0,0,0,0,0,0,7,0,,67,4,2008,3,40.0468,-75.0008,1318.0,6,0,0,0,0,0,0,0,0,1.0,0,0,0,13,1,1,0,,1,40 02:48.480,2.0,0,75 00:02.520,3,0,0,0,67301,0,0,0,Y,0,0,0,1,68K01,0,,2,1,,N,N,,0,,1,0,0,0.0,0,N,1310,1,1,0,0,0,0,0,3,4,0,1,3,,N,,,,,,,,,,,
2008032862,1548,2,0,0,0,0,0,0,0,0,5,0,,67,2,2008,6,39.8907,-75.2216,1516.0,6,0,0,0,0,0,1,0,0,,0,0,0,15,1,1,0,,0,39 53:25.000,,0,75 13:15.839,8,0,0,0,67301,0,0,0,N,0,0,0,5,68K01,0,,1,1,,N,N,,0,,0,0,0,0.0,0,,1515,1,2,0,0,0,1,0,3,4,0,2,3,,N,,,,,,,,,,,
2008064498,1437,1,0,0,0,0,0,0,0,0,7,0,,67,5,2008,3,40.0256,-75.0281,1429.0,6,0,0,0,0,0,0,0,0,1.0,0,0,0,14,1,0,0,,1,40 01:30.341,1.0,2,75 01:44.061,0,0,0,0,67301,0,0,0,Y,0,0,0,2,68K01,0,,2,9,,N,N,,0,,0,0,0,0.0,0,N,1424,0,1,0,0,0,0,0,3,4,0,1,7,,N,,,,,,,,,,,
2008064619,720,1,0,0,0,0,0,0,0,0,0,0,,67,5,2008,4,40.0448,-75.0022,717.0,6,0,0,0,0,0,0,0,0,1.0,0,0,0,7,1,0,0,,1,40 02:43.263,1.0,0,75 00:06.644,0,0,0,0,67301,0,0,0,N,0,0,0,2,68K01,0,,1,1,,N,N,,0,,0,0,0,0.0,0,N,714,0,1,0,0,0,0,0,3,4,0,1,3,,N,,,,,,,,,,,
2008057319,1825,2,0,0,0,0,0,0,0,0,2,0,,67,4,2008,3,40.0206,-75.0404,1811.0,6,0,0,0,0,0,0,0,0,,0,0,0,99,1,2,1,,0,40 01:14.303,,0,75 02:25.112,4,0,0,0,67301,0,0,0,N,0,0,0,2,67301,2,,1,1,,N,N,,0,,0,0,0,3.0,2,,9999,2,2,0,0,0,0,0,3,4,0,2,3,,N,,,,,,,,,,,
2008059824,1428,1,0,0,0,0,0,0,0,0,7,0,,67,5,2008,5,39.8763,-75.2594,1411.0,6,0,0,0,0,1,0,0,0,,0,0,0,14,1,1,0,,0,39 52:34.748,,0,75 15:33.727,4,0,0,0,67301,0,0,0,N,0,0,0,1,68K01,1,,4,1,,N,N,,0,,0,0,0,0.0,0,,1400,1,1,0,0,0,0,0,3,4,0,1,3,,N,,,,,,,,,,,
2008057366,141,2,0,0,0,0,0,0,0,0,4,0,,67,3,2008,7,40.0619,-75.1632,140.0,6,0,0,0,0,0,1,0,0,,0,0,0,1,3,1,1,,0,40 03:42.943,,0,75 09:47.327,4,0,0,0,67301,0,0,0,N,0,0,0,3,67301,1,,1,9,,N,N,,0,,0,0,0,3.0,2,,130,1,2,0,0,0,0,1,3,4,0,2,7,,N,,,,,,,,,,,
2008057685,1746,1,0,0,0,0,0,0,0,0,8,0,,67,3,2008,1,40.0048,-75.1454,1739.0,6,0,0,0,0,0,0,0,0,,0,0,0,17,1,1,0,,0,40 00:17.229,,0,75 08:43.468,4,0,0,0,67301,1,0,0,N,1,0,0,2,67301,1,,1,1,,N,N,,0,,0,0,0,0.0,0,,1720,1,2,0,0,0,0,0,3,4,0,1,3,,N,,,,,,,,,,,
2008039832,1615,2,0,0,0,0,0,0,0,0,1,0,,67,3,2008,2,39.9593,-75.1739,1601.0,6,0,0,0,0,0,0,0,0,2.0,0,0,0,16,1,2,0,,1,39 57:33.000,3.0,0,75 10:28.171,8,0,0,0,67301,0,0,0,N,0,0,0,8,68K01,0,,1,1,,N,N,,1,,0,0,1,0.0,0,N,1600,2,5,0,0,0,2,1,3,4,1,5,3,,N,,,,,,,,,,,
2008040059,122,1,0,0,0,0,0,0,0,0,8,0,,67,2,2008,1,39.9898,-75.1255,122.0,6,0,0,0,0,0,0,0,0,,0,0,0,1,3,1,1,,0,39 59:23.000,,0,75 07:31.934,2,0,0,0,67301,1,0,1,N,1,0,1,2,67301,0,,1,1,,N,N,,0,,0,1,0,3.0,2,,115,1,2,0,0,0,0,0,3,4,0,1,3,,N,,,,,,,,,,,
2008063156,618,1,0,0,0,0,0,0,0,0,7,0,,67,5,2008,4,39.9318,-75.1998,609.0,6,0,0,0,0,0,0,0,0,1.0,0,0,0,6,1,3,0,,2,39 55:56.665,4.0,0,75 12:00.024,4,0,0,0,67301,0,0,0,N,0,0,0,3,68K01,3,,4,1,,N,N,,0,,0,0,0,0.0,0,N,605,3,1,0,0,0,0,0,3,4,0,1,3,,N,,,,,,,,,,,
2008024493,2349,1,0,0,0,0,0,0,0,0,2,0,,67,1,2008,7,39.933,-75.2383,2348.0,6,0,0,0,0,0,1,0,0,,0,0,0,23,3,2,10,,0,39 55:58.000,,0,75 14:17.593,3,0,0,0,67301,0,0,0,N,0,0,0,2,67301,1,,1,9,,N,N,,0,,1,0,1,0.0,0,,2345,2,2,0,0,0,0,0,3,4,0,2,7,,N,,,,,,,,,,,
2008119047,1503,1,0,0,0,0,0,0,0,0,1,0,,67,9,2008,7,39.9964,-75.1135,1500.0,6,0,0,0,0,0,0,0,0,,0,0,0,14,1,2,1,,0,39 59:47.157,,0,75 06:48.512,4,0,0,0,67301,0,0,0,N,0,0,0,4,67301,2,,1,1,,N,N,,0,,0,0,1,3.0,2,,1450,2,2,0,0,0,0,0,3,4,0,2,3,,N,,,,,,,,,,,
2008119048,355,1,0,0,0,0,0,0,0,0,5,0,,67,9,2008,1,40.0229,-75.1632,350.0,6,0,0,0,0,0,0,0,0,,0,0,0,3,3,0,2,,0,40 01:22.634,,0,75 09:47.577,0,0,0,0,67301,0,0,0,N,0,0,0,1,67301,0,,2,1,,N,N,,0,,0,0,1,0.0,0,,330,0,2,0,0,0,0,0,3,4,0,2,3,,N,,,,,,,,,,,
2008119063,1557,1,0,0,0,0,0,0,0,0,5,0,,67,9,2008,6,40.0371,-75.0631,1552.0,6,0,0,0,0,0,1,1,0,,0,0,0,15,1,2,2,,0,40 02:13.686,,0,75 03:47.184,8,0,0,0,67301,0,0,0,N,0,0,0,3,67301,0,,1,1,,N,Y,,1,,0,0,0,3.0,2,,1551,2,2,0,0,0,2,0,3,4,0,2,3,,N,,,,,,,,,,,
2008133312,1720,1,0,0,0,0,0,0,0,0,4,0,,67,10,2008,5,39.9185,-75.2259,1716.0,6,0,0,0,0,0,0,0,1,,0,0,0,15,1,2,1,,0,39 55:06.600,,0,75 13:33.240,3,0,0,0,67301,0,0,0,N,0,0,0,2,67301,0,,1,1,,N,N,,1,,2,0,0,0.0,0,,1530,2,2,0,0,0,0,0,3,4,0,2,3,,N,,,,,,,,,,,
2008129126,1800,3,0,0,0,0,0,0,0,0,1,0,,67,11,2008,4,39.9288,-75.1968,1750.0,6,0,0,0,0,0,0,0,0,,0,0,0,17,3,0,0,,0,39 55:40.421,,0,75 11:45.638,9,0,0,0,67301,0,0,0,N,0,0,0,6,68K01,0,,1,1,,N,N,,0,,0,0,0,0.0,0,,1747,0,4,0,0,0,0,1,3,4,1,4,3,,N,,,,,,,,,,,
2008098152,257,1,0,0,0,0,0,0,0,0,4,0,,67,6,2008,1,39.9579,-75.1641,257.0,6,0,0,0,0,0,0,0,0,3.0,0,0,0,2,3,6,1,,2,39 57:28.586,7.0,0,75 09:50.893,2,0,0,0,67301,0,0,0,N,0,0,0,6,67301,4,,1,1,,N,N,,0,,1,1,1,3.0,2,Y,255,6,2,0,1,6,0,0,3,4,0,2,3,,N,,,,,,,,,,,
2008075000,808,2,0,0,0,0,0,0,0,0,4,0,,67,5,2008,2,,,755.0,6,0,0,0,0,0,1,0,0,1.0,0,0,0,7,1,0,1,,1,,3.0,0,,0,0,0,0,67301,0,0,0,N,0,0,0,3,67301,0,,1,9,,N,N,,0,,0,0,0,3.0,2,N,755,0,2,0,0,0,0,0,3,3,0,2,7,,N,,,,,,,,,,,
2008079523,2015,2,0,0,0,0,0,0,0,0,4,0,,67,5,2008,5,39.9911,-75.1751,2000.0,6,0,0,0,0,0,0,0,0,,0,0,0,19,1,1,2,,0,39 59:27.967,,0,75 10:30.446,4,0,0,0,67301,0,0,0,N,0,0,0,3,67301,1,,1,1,,N,N,,0,,0,0,0,3.0,3,,1930,1,2,0,0,1,0,0,3,4,0,2,3,,N,,,,,,,,,,,
2008072727,1658,1,0,0,0,0,0,0,0,0,2,0,,67,4,2008,4,40.0022,-75.1704,1652.0,6,0,1,0,0,0,0,0,0,1.0,0,0,0,16,1,1,0,,1,40 00:07.945,4.0,0,75 10:13.576,4,0,0,0,67301,0,0,0,N,0,0,0,2,67301,1,,6,1,,N,N,,0,,0,0,1,0.0,0,N,1650,1,2,0,0,0,0,0,3,4,0,2,3,,N,,,,,,,,,,,
2008072754,802,1,0,0,0,0,0,0,0,0,6,0,,67,4,2008,7,39.9589,-75.2414,757.0,6,0,0,0,0,0,0,0,0,,0,0,0,99,1,1,1,,0,39 57:32.141,,0,75 14:29.004,8,0,0,0,67301,0,0,0,,0,0,0,4,67301,0,,1,1,,N,N,,0,,0,0,1,3.0,2,,9999,1,2,0,0,0,1,1,3,4,0,2,3,,N,,,,,,,,,,,
2008072781,217,0,0,0,0,0,0,0,0,0,4,0,,67,4,2008,2,39.9587,-75.1551,215.0,6,0,0,0,0,0,0,1,0,2.0,0,0,0,2,6,3,5,,2,39 57:31.435,2.0,0,75 09:18.489,4,0,0,0,67301,0,0,0,,0,0,0,3,67301,3,,1,1,,,,,0,,0,0,2,3.0,2,Y,210,3,2,0,0,0,0,0,3,4,0,2,3,,N,,,,,,,,,,,
2008072788,1407,1,0,0,0,0,0,0,0,0,5,0,,67,4,2008,1,40.1189,-75.018,1401.0,6,0,0,0,0,0,0,0,0,2.0,0,0,0,13,1,1,1,,2,40 07:08.002,1.0,0,75 01:04.670,4,0,0,0,67301,0,0,0,,0,0,0,3,67301,1,,1,1,,,,,1,,0,0,0,3.0,2,N,1357,1,2,0,0,0,0,0,3,4,0,2,3,,N,,,,,,,,,,,
2008079359,1530,2,0,0,0,0,0,0,0,0,5,0,,67,5,2008,7,40.0441,-75.1288,1530.0,6,0,0,0,0,0,0,0,0,,0,0,0,22,3,3,1,,0,40 02:38.691,,0,75 07:43.766,4,0,0,0,67301,0,0,0,N,0,0,0,4,67301,3,,1,1,,N,N,,0,,0,0,0,3.0,2,,2230,3,2,0,0,3,0,0,3,4,0,2,3,,N,,,,,,,,,,,
2008079380,1945,2,0,0,0,0,0,0,0,0,4,0,,67,5,2008,6,40.0386,-75.1584,1946.0,6,0,0,0,0,0,0,0,0,,0,0,0,19,4,3,0,,0,40 02:18.967,,0,75 09:30.340,4,0,0,0,67301,0,0,0,N,0,0,0,7,67301,3,,1,9,,N,N,,0,,0,0,0,3.0,2,,1940,3,2,0,0,0,0,0,3,4,0,2,7,,N,,,,,,,,,,,
2008082631,1505,0,0,0,0,0,0,0,0,0,5,1,,67,5,2008,3,39.8977,-75.2115,1448.0,6,0,0,0,0,0,2,0,0,,0,1,0,14,1,1,0,,0,39 53:51.932,,0,75 12:41.602,3,0,0,0,67301,0,0,0,N,0,0,0,2,67301,0,,1,9,,N,N,,1,,1,0,0,0.0,0,,1445,1,2,0,0,0,0,0,3,4,0,2,7,,N,,,,,,,,,,,
2008069682,642,2,0,0,0,0,0,0,0,0,4,0,,67,4,2008,2,40.0631,-75.1583,635.0,6,0,0,0,0,0,1,0,0,,0,0,0,6,1,0,2,,0,40 03:47.037,,0,75 09:29.793,0,0,0,0,67301,0,0,0,N,0,0,0,3,67301,0,,1,1,,N,N,,0,,0,0,0,3.0,3,,615,0,2,0,0,0,0,0,3,4,0,2,3,,N,,,,,,,,,,,
2008122571,1020,0,0,0,0,0,0,0,0,0,8,0,,67,9,2008,7,39.9568,-75.1669,1017.0,6,0,0,0,0,0,0,0,0,,0,0,0,10,1,1,0,,0,39 57:24.303,,7,75 10:00.785,4,0,0,0,67301,1,0,0,N,1,0,0,1,67301,1,,1,1,,N,N,,0,,0,0,0,0.0,0,,1010,1,2,0,0,0,0,0,3,4,1,1,3,,N,,,,,,,,,,,
2008127390,926,1,0,0,0,0,0,0,0,0,4,0,,67,11,2008,2,40.0089,-75.0688,838.0,6,0,0,0,0,0,1,0,0,,0,0,0,8,1,0,0,,0,40 00:30.544,,0,75 04:13.303,0,0,0,0,67301,0,0,0,N,0,0,0,3,68K01,0,,1,1,,N,N,,1,,0,0,0,0.0,0,,838,0,2,0,0,0,0,0,3,4,0,2,3,,N,,,,,,,,,,,
2008119754,1831,1,0,0,1,0,0,0,0,0,5,0,,67,10,2008,4,39.9786,-75.1677,1828.0,6,0,0,0,0,0,0,0,0,,0,0,0,18,1,1,0,,0,39 58:42.816,,0,75 10:03.864,4,0,0,0,67301,1,0,0,,0,0,0,2,67301,1,,1,1,,,,,0,,0,0,0,0.0,0,,1820,1,2,0,0,0,0,0,3,4,0,1,3,,N,,,,,,,,,,,