CRN,ARRIVAL_TM,AUTOMOBILE_COUNT,BELTED_DEATH_COUNT,BELTED_SUSP_SERIOUS_INJ_COUNT,BICYCLE_COUNT,BICYCLE_DEATH_COUNT,BICYCLE_SUSP_SERIOUS_INJ_COUNT,BUS_COUNT,CHLDPAS_DEATH_COUNT,CHLDPAS_SUSP_SERIOUS_INJ_COUNT,COLLISION_TYPE,COMM_VEH_COUNT,CONS_ZONE_SPD_LIM,COUNTY,CRASH_MONTH,CRASH_YEAR,DAY_OF_WEEK,DEC_LAT,DEC_LONG,DISPATCH_TM,DISTRICT,DRIVER_COUNT_16YR,DRIVER_COUNT_17YR,DRIVER_COUNT_18YR,DRIVER_COUNT_19YR,DRIVER_COUNT_20YR,DRIVER_COUNT_50_64YR,DRIVER_COUNT_65_74YR,DRIVER_COUNT_75PLUS,EST_HRS_CLOSED,FATAL_COUNT,HEAVY_TRUCK_COUNT,HORSE_BUGGY_COUNT,HOUR_OF_DAY,ILLUMINATION,INJURY_COUNT,INTERSECT_TYPE,INTERSECTION_RELATED,LANE_CLOSED,LATITUDE,LN_CLOSE_DIR,LOCATION_TYPE,LONGITUDE,MAX_SEVERITY_LEVEL,MCYCLE_DEATH_COUNT,MCYCLE_SUSP_SERIOUS_INJ_COUNT,MOTORCYCLE_COUNT,MUNICIPALITY,NONMOTR_COUNT,NONMOTR_DEATH_COUNT,NONMOTR_SUSP_SERIOUS_INJ_COUNT,NTFY_HIWY_MAINT,PED_COUNT,PED_DEATH_COUNT,PED_SUSP_SERIOUS_INJ_COUNT,PERSON_COUNT,POLICE_AGCY,POSSIBLE_INJ_COUNT,RDWY_SURF_TYPE_CD,RELATION_TO_ROAD,ROAD_CONDITION,ROADWAY_CLEARED,SCH_BUS_IND,SCH_ZONE_IND,SECONDARY_CRASH,SMALL_TRUCK_COUNT,SPEC_JURIS_CD,SUSP_MINOR_INJ_COUNT,SUSP_SERIOUS_INJ_COUNT,SUV_COUNT,TCD_FUNC_CD,TCD_TYPE,TFC_DETOUR_IND,TIME_OF_DAY,TOT_INJ_COUNT,TOTAL_UNITS,UNB_DEATH_COUNT,UNB_SUSP_SERIOUS_INJ_COUNT,UNBELTED_OCC_COUNT,UNK_INJ_DEG_COUNT,UNK_INJ_PER_COUNT,URBAN_AREA,URBAN_RURAL,VAN_COUNT,VEHICLE_COUNT,WEATHER1,WEATHER2,WORK_ZONE_IND,WORK_ZONE_LOC,WORK_ZONE_TYPE,WORKERS_PRES,WZ_CLOSE_DETOUR,WZ_FLAGGER,WZ_LAW_OFFCR_IND,WZ_LN_CLOSURE,WZ_MOVING,WZ_OTHER,WZ_SHLDER_MDN,WZ_WORKERS_INJ_KILLED
2008122633,1049,1,0,0,0,0,0,0,0,0,0,0,,67,9,2008,1,39.9063,-75.1354,1049.0,6,0,0,0,0,0,0,0,0,2.0,0,0,0,10,1,0,0,,2,39 54:22.501,4.0,3,75 08:07.428,0,0,0,0,67301,0,0,0,N,0,0,0,1,67301,0,,1,1,,N,N,,0,,0,0,0,3.0,8,N,1047,0,1,0,0,0,0,0,3,4,0,1,3,,N,,,,,,,,,,,
2008119893,2036,8,0,0,0,0,0,0,0,0,5,0,,67,8,2008,2,39.9347,-75.1471,2033.0,6,0,0,0,0,0,0,0,0,9.0,0,0,0,20,3,1,0,,2,39 56:04.855,2.0,0,75 08:49.621,8,0,0,0,67301,0,0,0,,0,0,0,3,67301,0,,1,1,,N,N,,2,,0,0,0,0.0,0,Y,2025,1,10,0,0,0,1,0,3,4,0,10,3,,N,,,,,,,,,,,
2008061205,218,2,0,0,0,0,0,0,0,0,4,0,,67,3,2008,7,39.958,-75.1488,215.0,6,0,0,0,0,0,0,0,0,,0,0,0,2,3,0,2,,0,39 57:28.949,,0,75 08:55.729,0,0,0,0,67301,0,0,0,N,0,0,0,2,67301,0,,1,1,,N,N,,0,,0,0,0,1.0,2,,210,0,2,0,0,0,0,0,3,4,0,2,3,,N,,,,,,,,,,,
2008036801,1416,1,0,0,0,0,0,0,0,0,0,0,,67,2,2008,4,40.0032,-75.1945,1414.0,6,0,0,0,0,0,0,0,0,2.0,0,0,0,14,1,0,0,,2,40 00:12.000,4.0,0,75 11:40.181,0,0,0,0,67301,0,0,0,N,0,0,0,1,68K01,0,,1,1,,N,N,,0,,0,0,0,0.0,0,N,1411,0,1,0,0,0,0,0,3,4,0,1,3,,N,,,,,,,,,,,
2008060515,850,2,0,0,0,0,0,0,0,0,1,0,,67,3,2008,5,40.0571,-75.129,846.0,6,0,0,1,0,0,1,0,0,,0,0,0,8,1,2,1,,0,40 03:25.366,,0,75 07:44.608,4,0,0,0,67301,0,0,0,N,0,0,0,3,67301,2,,1,1,,N,N,,0,,0,0,0,3.0,2,,837,2,2,0,0,0,0,0,3,4,0,2,3,,N,,,,,,,,,,,
2008057889,1010,1,0,0,0,0,0,0,0,0,4,0,,67,3,2008,3,40.0595,-75.1655,950.0,6,0,0,0,0,0,1,0,0,,0,0,0,9,1,2,2,,0,40 03:34.337,,0,75 09:55.641,8,0,0,0,67301,0,0,0,N,0,0,0,3,67301,0,,1,1,,N,Y,,0,,0,0,0,3.0,2,,950,2,2,0,0,0,2,1,3,4,1,2,3,,N,,,,,,,,,,,
2008058180,805,1,0,0,0,0,0,0,0,0,4,0,,67,3,2008,6,40.0566,-75.0466,804.0,6,0,0,0,0,0,0,0,0,1.0,0,0,0,99,1,2,1,,1,40 03:23.636,1.0,0,75 02:47.581,4,0,0,0,67301,0,0,0,N,0,0,0,3,67301,2,,1,1,,N,N,,0,,0,0,1,3.0,2,N,9999,2,2,0,0,0,0,0,3,4,0,2,3,,N,,,,,,,,,,,
2008058183,2300,1,0,0,0,0,0,0,0,0,4,0,,67,3,2008,4,39.958,-75.1488,2300.0,6,0,0,0,0,0,0,0,0,,0,0,0,23,3,3,1,,0,39 57:28.949,,0,75 08:55.729,4,0,0,0,67301,0,0,0,N,0,0,0,4,67301,3,,1,9,,N,N,,0,,0,0,1,1.0,2,,2300,3,2,0,0,0,0,1,3,4,0,2,7,,N,,,,,,,,,,,
2008058185,1725,1,0,0,0,0,0,0,0,0,1,1,,67,3,2008,6,39.9354,-75.2204,1715.0,6,0,0,0,0,0,0,0,0,,0,1,0,16,1,1,1,,0,39 56:07.602,,0,75 13:13.393,3,0,0,0,67301,0,0,0,,0,0,0,2,67301,0,,1,1,,,,,0,,1,0,0,3.0,2,,1645,1,2,0,0,0,0,1,3,4,0,2,3,,N,,,,,,,,,,,
2008058198,848,1,0,0,0,0,0,0,0,0,8,0,,67,4,2008,4,39.9721,-75.1248,848.0,6,0,0,0,0,0,0,0,0,,0,0,0,8,1,1,1,,0,39 58:19.920,,0,75 07:27.840,4,0,0,0,67301,1,0,0,N,1,0,0,2,67301,1,,1,1,,N,N,,0,,0,0,0,3.0,2,,848,1,2,0,0,0,0,0,3,4,0,1,3,,N,,,,,,,,,,,
2008058053,1433,3,0,0,0,0,0,0,0,0,4,0,,67,3,2008,7,40.0645,-75.0283,1428.0,6,0,0,1,0,1,0,0,0,,0,0,0,14,1,1,2,,0,40 03:52.185,,0,75 01:41.941,4,0,0,0,67301,0,0,0,N,0,0,0,2,67301,1,,1,9,,N,N,,0,,0,0,0,3.0,3,,1427,1,3,0,0,2,0,0,3,4,0,3,7,,N,,,,,,,,,,,
2008044305,957,2,0,0,0,0,0,0,0,0,1,0,,67,1,2008,3,40.0178,-75.2021,953.0,6,0,0,0,0,0,0,0,1,1.0,0,0,0,9,1,2,2,,2,40 01:04.040,5.0,0,75 12:07.570,3,0,0,0,67301,0,0,0,N,0,0,0,2,67301,1,,1,1,,N,N,,0,,1,0,0,0.0,0,Y,951,2,2,0,0,0,0,0,3,4,0,2,3,,N,,,,,,,,,,,
2008046923,1325,1,0,0,0,0,0,0,0,0,8,0,,67,1,2008,3,39.9511,-75.1455,1320.0,6,0,0,0,0,0,0,0,0,,0,0,0,13,1,1,0,,0,39 57:03.991,,0,75 08:43.680,4,0,0,0,67301,1,0,0,N,1,0,0,2,67301,1,,1,1,,N,N,,0,,0,0,0,0.0,0,,1315,1,2,0,0,0,0,0,3,4,0,1,3,,N,,,,,,,,,,,
2008044313,1245,1,0,0,0,0,0,0,0,0,4,0,,67,1,2008,1,39.926,-75.1575,1335.0,6,0,0,0,0,0,0,0,0,,0,0,0,12,1,0,0,,0,39 55:33.621,,0,75 09:26.967,0,0,0,0,67301,0,0,0,,0,0,0,0,67301,0,,4,1,,,N,,0,,0,0,0,0.0,0,,1233,0,2,0,0,0,0,0,3,4,1,2,3,,N,,,,,,,,,,,
2008060195,2044,0,0,0,0,0,0,0,0,0,4,0,,67,4,2008,4,40.0202,-75.2076,2038.0,6,0,0,1,0,0,0,0,0,2.0,0,0,0,20,3,1,2,,1,40 01:12.684,5.0,0,75 12:27.215,4,0,0,1,67301,0,0,0,N,0,0,0,2,67301,1,,1,1,,N,N,,0,,0,0,1,3.0,3,N,2035,1,2,0,0,0,0,0,3,4,0,2,3,,N,,,,,,,,,,,
2008047373,2319,2,0,0,0,0,0,0,0,0,1,0,,67,1,2008,4,39.9656,-75.2319,2315.0,6,0,0,0,0,0,1,0,0,,0,0,0,23,3,1,1,,0,39 57:56.235,,0,75 13:54.861,8,0,0,0,67301,0,0,0,N,0,0,0,2,67301,0,,1,1,,N,N,,0,,0,0,0,3.0,2,,2314,1,2,0,0,0,1,1,3,4,0,2,3,,N,,,,,,,,,,,
2008032654,1250,1,0,0,0,0,0,0,0,0,7,0,,67,3,2008,7,39.9815,-75.2664,1248.0,6,1,0,0,0,0,0,0,0,,0,0,0,12,1,0,0,,0,39 58:53.000,,0,75 15:58.888,0,0,0,0,67301,0,0,0,N,0,0,0,2,46104,0,,4,1,,N,N,,0,,0,0,0,0.0,0,,1245,0,1,0,0,0,0,0,3,4,0,1,3,,N,,,,,,,,,,,
2008064327,2329,1,0,0,0,0,0,0,0,0,7,0,,67,5,2008,6,39.9828,-75.2078,2329.0,6,0,0,0,0,0,0,0,0,,0,0,0,23,3,0,0,,0,39 59:02.310,,0,75 12:29.382,0,0,0,0,67301,0,0,0,N,0,0,0,1,68K01,0,,2,9,,N,N,,0,,0,0,0,0.0,0,,2316,0,1,0,0,0,0,0,3,4,0,1,7,,N,,,,,,,,,,,
2008057306,2113,1,0,0,0,0,0,0,0,0,4,0,,67,4,2008,5,40.0024,-75.1661,2111.0,6,0,0,0,0,0,0,0,0,,0,0,0,21,3,1,1,,0,40 00:08.686,,0,75 09:57.992,4,0,0,0,67301,0,0,0,N,0,0,0,2,67301,1,,1,1,,N,N,,1,,0,0,0,0.0,0,,2107,1,2,0,0,1,0,0,3,4,0,2,3,,N,,,,,,,,,,,
2008057352,126,0,0,0,0,0,0,0,0,0,4,0,,67,3,2008,2,40.0086,-75.0835,125.0,6,0,0,0,0,0,0,0,0,,0,0,0,1,3,2,0,,0,40 00:30.960,,0,75 05:00.773,4,0,0,0,67301,1,0,0,N,0,0,0,2,67301,2,,2,1,,N,N,,0,,0,0,1,0.0,0,,120,2,3,0,0,1,0,0,3,4,0,3,3,,N,,,,,,,,,,,
2008062483,631,2,0,0,0,0,0,0,0,0,5,1,,67,5,2008,6,39.9972,-75.1962,613.0,6,0,0,0,0,0,0,0,0,1.0,0,0,0,6,1,0,0,,2,39 59:55.461,4.0,0,75 11:43.692,9,0,0,0,67301,0,0,0,N,0,0,0,3,68K01,0,,1,9,,N,N,,0,,0,0,0,0.0,0,N,608,0,3,0,0,0,0,1,3,4,0,3,7,,N,,,,,,,,,,,
2008059892,9999,1,0,0,0,0,0,0,0,0,4,0,,67,4,2008,6,39.9392,-75.1933,9999.0,6,0,0,0,0,0,0,0,0,,0,0,0,99,1,2,1,,0,39 56:21.084,,0,75 11:35.786,4,0,0,0,67301,0,0,0,N,0,0,0,3,67301,1,,1,9,,N,N,,0,,0,0,0,3.0,2,,9999,2,2,0,0,0,1,1,3,4,1,2,7,,N,,,,,,,,,,,
2008039828,1841,1,0,0,0,0,0,0,0,0,1,0,,67,3,2008,7,40.0082,-75.203,1837.0,6,0,1,0,0,0,0,0,0,,0,0,0,18,3,0,0,,0,40 00:29.000,,0,75 12:11.785,0,0,0,0,67301,0,0,0,N,0,0,0,5,68K01,0,,1,1,,N,N,,0,,0,0,1,0.0,0,,1833,0,2,0,0,0,0,0,3,4,0,2,3,,N,,,,,,,,,,,
2008009372,1829,2,0,0,0,0,0,0,0,0,7,0,,67,1,2008,4,40.0039,-75.2207,1827.0,6,0,0,0,0,0,0,0,0,1.0,0,0,0,18,3,0,1,,1,40 00:14.000,4.0,0,75 13:14.544,0,0,0,0,67301,0,0,0,N,0,0,0,2,46104,0,,5,1,,N,N,,0,,0,0,0,3.0,2,N,1827,0,2,0,0,0,0,0,3,4,0,2,3,,N,,,,,,,,,,,
2008029166,930,1,0,0,0,0,0,0,0,0,8,0,,67,1,2008,3,39.9515,-75.1567,929.0,6,0,0,0,0,0,1,0,0,1.0,0,0,0,9,1,1,1,,2,39 57:05.000,3.0,0,75 09:23.993,4,0,0,0,67301,1,0,0,,1,0,0,2,67301,1,,1,9,,,,,0,,0,0,0,3.0,2,Y,927,1,2,0,0,0,0,0,3,4,0,1,7,,N,,,,,,,,,,,
2008044708,805,1,0,0,0,0,0,0,0,0,8,0,,67,2,2008,6,40.0429,-75.1439,758.0,6,0,0,0,0,0,0,0,0,,0,0,0,99,1,1,1,,0,40 02:34.384,,0,75 08:38.047,8,0,0,0,67301,1,0,0,N,1,0,0,2,67501,0,,1,9,,N,N,,0,,0,0,0,3.0,3,,9999,1,2,0,0,0,1,0,3,4,0,1,7,,N,,,,,,,,,,,
2008119079,510,3,0,0,0,0,0,0,0,0,5,0,,67,10,2008,7,40.0203,-75.0843,500.0,6,0,0,0,0,0,0,0,0,,0,0,0,5,3,0,0,,0,40 01:13.217,,0,75 05:03.503,0,0,0,0,67301,0,0,0,N,0,0,0,1,67301,0,,2,1,,N,N,,0,,0,0,0,0.0,0,,500,0,3,0,0,1,0,0,3,4,0,3,3,,N,,,,,,,,,,,
2008119115,2155,1,0,0,0,0,0,0,0,0,8,0,,67,9,2008,1,40.0713,-75.1545,2154.0,6,0,0,1,0,0,0,0,0,,0,0,0,21,3,1,1,,0,40 04:16.695,,0,75 09:16.031,8,0,0,0,67301,1,0,0,N,1,0,0,3,67301,0,,1,1,,N,N,,0,,0,0,0,3.0,2,,2153,1,2,0,0,0,1,1,3,4,0,1,3,,N,,,,,,,,,,,
2008119164,1740,2,0,0,0,0,0,0,0,0,4,0,,67,10,2008,6,39.9948,-75.0941,1736.0,6,0,0,0,0,0,0,0,0,,0,0,0,16,1,1,0,,0,39 59:41.437,,0,75 05:38.858,4,0,0,0,67301,0,0,0,N,0,0,0,4,67301,1,,1,1,,N,N,,0,,0,0,0,0.0,0,,1635,1,2,0,0,0,0,0,3,4,0,2,3,,N,,,,,,,,,,,
2008098143,2025,1,0,0,0,0,0,0,0,0,8,0,,67,6,2008,4,39.9764,-75.267,2020.0,6,0,0,0,0,0,0,0,0,,0,0,0,20,1,1,0,,0,39 58:35.110,,0,75 16:01.252,8,0,0,0,67301,1,0,0,N,1,0,0,2,67301,0,,1,1,,N,N,,0,,0,0,0,0.0,0,,2020,1,2,0,0,0,1,0,3,4,0,1,3,,N,,,,,,,,,,,
2008101798,1711,4,0,0,0,0,0,0,0,0,1,0,,67,9,2008,1,39.9677,-75.131,1711.0,6,0,0,0,0,0,2,1,0,2.0,0,0,0,17,1,3,0,,1,39 58:04.936,1.0,0,75 07:48.418,8,0,0,0,67301,0,0,0,N,0,0,0,10,68K01,0,,1,1,,N,N,,0,,0,0,0,0.0,0,Y,1709,3,4,0,0,0,3,0,3,4,0,4,3,,N,,,,,,,,,,,
2008079649,1415,3,0,0,0,0,0,0,0,0,4,0,,67,5,2008,6,39.9617,-75.2449,1409.0,6,0,0,0,0,0,2,0,0,,0,0,0,14,1,2,1,,0,39 57:42.022,,0,75 14:41.618,4,0,0,0,67301,0,0,0,N,0,0,0,5,67301,1,,1,1,,N,N,,0,,0,0,0,3.0,3,,1405,2,3,0,0,0,1,0,3,4,0,3,3,,N,,,,,,,,,,,
2008079656,1859,1,0,0,0,0,0,0,0,0,8,0,,67,5,2008,1,39.9967,-75.1152,1853.0,6,0,0,0,0,0,0,0,0,,0,0,0,18,1,1,0,,0,39 59:48.073,,0,75 06:54.796,8,0,0,0,67301,1,0,0,N,1,0,0,2,67301,0,,5,9,,N,N,,0,,0,0,0,0.0,0,,1850,1,2,0,0,0,1,0,3,4,0,1,7,,N,,,,,,,,,,,
2008072719,1415,1,0,0,0,0,0,0,0,0,4,0,,67,4,2008,2,40.0394,-75.1288,1411.0,6,0,0,0,0,0,0,0,1,,0,0,0,14,1,1,1,,0,40 02:21.796,,0,75 07:43.834,4,0,0,0,67301,0,0,0,N,0,0,0,2,67301,1,,1,9,,N,N,,0,,0,0,1,9.0,3,,1405,1,2,0,0,0,0,0,3,4,0,2,7,,N,,,,,,,,,,,
2008072723,116,1,0,0,0,0,0,0,0,0,7,0,,67,2,2008,1,40.0379,-75.1302,114.0,6,0,0,0,0,0,0,0,0,3.0,0,0,0,1,3,1,1,,2,40 02:16.612,5.0,0,75 07:48.705,4,0,0,0,67301,0,0,0,Y,0,0,0,1,67301,1,,2,1,,N,N,,0,,0,0,0,3.0,2,Y,114,1,1,0,0,0,0,0,3,4,0,1,3,,N,,,,,,,,,,,
2008089911,1257,1,0,0,0,0,0,0,0,0,1,1,,67,8,2008,5,39.9956,-75.083,1247.0,6,0,0,0,0,0,1,0,0,1.0,0,1,0,12,1,1,0,,2,39 59:44.699,1.0,0,75 04:58.658,4,0,0,0,67301,0,0,0,N,0,0,0,3,68K01,1,,1,1,,N,N,,0,,0,0,0,0.0,0,N,1243,1,3,0,0,0,0,1,3,4,0,3,3,,N,,,,,,,,,,,
2008079364,1739,3,0,0,0,0,0,0,0,0,4,0,,67,5,2008,4,40.0585,-75.1507,1735.0,6,0,0,0,0,0,0,0,1,,0,0,0,17,1,3,1,,0,40 03:30.646,,0,75 09:02.627,8,0,0,0,67301,1,0,0,,1,0,0,4,67301,0,,1,1,,N,N,,0,,0,0,0,3.0,3,,1730,3,4,0,0,0,3,0,3,4,0,3,3,,N,,,,,,,,,,,
2008079374,1137,2,0,0,0,0,0,0,0,0,4,0,,67,5,2008,7,40.0075,-75.1501,1137.0,6,0,0,0,0,0,0,0,0,,0,0,0,11,1,1,1,,0,40 00:26.838,,0,75 09:00.525,8,0,0,0,67301,0,0,0,,0,0,0,3,67301,0,,1,1,,N,N,,0,,0,0,0,3.0,2,,1137,1,2,0,0,1,1,0,3,4,0,2,3,,N,,,,,,,,,,,
2008076966,1947,2,0,0,0,0,0,0,0,0,5,1,,67,6,2008,7,39.9946,-75.0841,1947.0,6,0,0,0,0,0,1,0,0,1.0,0,1,0,19,1,1,0,,1,39 59:40.200,2.0,0,75 05:03.120,4,0,0,0,67301,0,0,0,N,0,0,0,8,68K01,1,,1,1,,N,N,,0,,0,0,0,0.0,0,N,1940,1,3,0,0,0,0,0,3,4,0,3,3,,N,,,,,,,,,,,
2008079743,9999,1,0,0,0,0,0,0,0,0,4,0,,67,5,2008,3,40.0213,-75.1471,1638.0,6,0,0,0,0,0,0,0,0,,0,0,0,16,1,1,5,,0,40 01:16.536,,0,75 08:49.556,8,0,0,0,67301,0,0,0,,0,0,0,2,67301,0,,1,1,,,,,1,,0,0,0,0.0,0,,1638,1,2,0,0,1,1,0,3,4,0,2,3,,N,,,,,,,,,,,
2008079744,22,3,0,0,0,0,0,0,0,0,4,0,,67,5,2008,7,40.0033,-75.1659,21.0,6,0,0,1,0,0,0,0,0,,0,0,0,0,3,2,2,,0,40 00:11.769,,0,75 09:57.120,4,0,0,0,67301,2,0,0,,0,0,0,7,67301,2,,2,1,,,,,0,,0,0,1,0.0,0,,20,2,4,0,0,0,0,0,3,4,0,4,3,,N,,,,,,,,,,,
2008079279,155,1,0,0,0,0,0,0,0,0,7,0,,67,5,2008,1,40.0196,-75.0734,144.0,6,0,0,0,0,0,0,0,0,,0,0,0,1,3,1,0,,0,40 01:06.546,,0,75 04:20.680,4,0,0,0,67301,0,0,0,N,0,0,0,1,67301,1,,5,9,,N,N,,0,,0,0,0,0.0,0,,142,1,1,0,0,1,0,0,3,4,0,1,7,,N,,,,,,,,,,,
2008082410,1828,2,0,0,0,0,0,0,0,0,4,0,,67,5,2008,5,40.0899,-74.9842,1827.0,6,0,0,0,0,0,0,0,0,,0,0,0,18,1,1,1,,0,40 05:23.608,,0,74 59:03.265,4,0,0,0,67301,0,0,0,N,0,0,0,3,67301,1,,1,1,,N,N,,0,,0,0,0,3.0,2,,1825,1,2,0,0,0,0,0,3,4,0,2,3,,N,,,,,,,,,,,
2008072058,2132,1,0,0,0,0,0,0,0,0,7,0,,67,4,2008,2,39.9469,-75.184,2130.0,6,0,0,0,0,0,0,0,0,1.0,0,0,0,21,3,0,2,,1,39 56:48.890,4.0,0,75 11:02.518,0,0,0,0,67301,0,0,0,N,0,0,0,4,67301,0,,5,9,,N,N,,0,,0,0,0,0.0,0,N,2128,0,1,0,0,0,0,0,3,4,0,1,98,,N,,,,,,,,,,,
2008069637,1426,1,0,0,0,0,0,1,0,0,4,1,,67,4,2008,4,39.9595,-75.2332,1426.0,6,0,0,0,1,0,1,0,0,,0,0,0,14,1,1,1,,0,39 57:34.089,,0,75 13:59.356,4,0,0,0,67301,0,0,0,N,0,0,0,3,67301,1,,1,1,,Y,N,,0,,0,0,0,3.0,2,,1415,1,2,0,0,2,0,0,3,4,0,2,3,,N,,,,,,,,,,,
2008120202,725,0,0,0,0,0,0,0,0,0,4,0,,67,9,2008,6,40.0403,-75.1082,717.0,6,0,0,0,0,0,0,0,0,,0,0,0,7,1,1,0,,0,40 02:25.136,,7,75 06:29.667,8,0,0,1,67301,0,0,0,N,0,0,0,2,67301,0,,1,1,,N,N,,0,,0,0,1,0.0,0,,716,1,2,0,0,0,1,0,3,4,0,2,3,,N,,,,,,,,,,,
2008042105,1510,1,0,0,0,0,0,0,0,0,7,0,,67,2,2008,1,40.0576,-75.1299,1507.0,6,0,0,0,0,0,0,0,0,2.0,0,0,0,15,1,1,0,,2,40 03:27.000,4.0,0,75 07:47.524,8,0,0,0,67301,0,0,0,N,0,0,0,1,46102,0,,4,1,,N,N,,0,,0,0,0,0.0,0,N,1507,1,1,0,0,0,1,0,3,4,0,1,3,,N,,,,,,,,,,,
2008063251,723,0,0,0,0,0,0,1,0,0,7,1,,67,5,2008,4,39.9824,-75.2644,717.0,6,0,0,0,0,0,0,0,0,1.0,0,0,0,7,1,0,2,,1,39 58:56.531,2.0,0,75 15:51.953,0,0,0,0,67301,0,0,0,N,0,0,0,2,46104,0,,4,1,,N,N,,0,,0,0,0,3.0,2,N,717,0,1,0,0,0,0,0,3,4,0,1,3,,N,,,,,,,,,,,
2008036402,1100,1,0,0,0,0,0,0,0,0,1,0,,67,3,2008,7,39.9701,-75.1928,1100.0,6,0,0,0,0,0,1,0,0,1.0,0,0,0,11,1,2,0,,1,39 58:16.100,3.0,0,75 11:35.817,4,0,0,0,67301,0,0,0,N,0,0,0,5,68K01,2,,1,1,,N,N,,1,,0,0,0,0.0,0,N,1100,2,2,0,0,0,0,0,3,4,0,2,3,,N,,,,,,,,,,,
2008055702,35,3,0,0,0,0,0,0,0,0,1,0,,67,4,2008,6,39.9836,-75.2081,35.0,6,0,0,0,0,0,0,0,0,,0,0,0,23,3,0,0,,0,39 59:05.075,,0,75 12:29.580,0,0,0,0,67301,0,0,0,N,0,0,0,4,68K01,0,,1,9,,N,N,,0,,0,0,0,0.0,0,,2314,0,3,0,0,0,0,0,3,4,0,3,7,,N,,,,,,,,,,,
2008058221,1037,1,0,0,0,0,0,0,0,0,7,0,,67,4,2008,3,39.9493,-75.1589,1035.0,6,0,0,0,0,0,0,0,0,1.0,0,0,0,99,1,0,0,,2,39 56:57.458,1.0,0,75 09:31.921,0,0,0,0,67301,0,0,0,N,0,0,0,1,67301,0,,4,1,,N,N,,0,,0,0,0,0.0,0,Y,9999,0,1,0,0,0,0,0,3,4,0,1,3,,N,,,,,,,,,,,
2008046752,44,2,0,0,0,0,0,0,0,0,7,0,,67,3,2008,4,39.9348,-75.1999,42.0,6,0,0,0,0,0,0,0,0,1.0,0,0,0,0,3,1,0,,2,39 56:10.049,3.0,0,75 11:58.737,4,0,0,0,67301,0,0,0,N,0,0,0,3,68K01,1,,2,9,,N,N,,0,,0,0,0,0.0,0,N,39,1,2,0,0,1,0,0,3,4,0,2,7,,N,,,,,,,,,,,
2008044417,1520,1,0,0,0,0,0,0,0,0,6,0,,67,1,2008,2,39.9803,-75.1066,1515.0,6,0,0,0,1,0,0,0,0,,0,0,0,15,1,1,0,,0,39 58:48.665,,0,75 06:24.221,4,0,0,0,67301,0,0,0,,0,0,0,4,67301,1,,1,1,,N,N,,0,,0,0,1,0.0,0,,1515,1,2,0,0,0,0,0,3,4,0,2,3,,N,,,,,,,,,,,
2008047076,916,2,0,0,0,0,0,0,0,0,1,0,,67,3,2008,5,39.9568,-75.1548,853.0,6,0,0,0,0,0,0,0,0,1.0,0,0,0,8,1,0,0,,1,39 57:24.596,3.0,0,75 09:17.161,0,0,0,0,67301,0,0,0,Y,0,0,0,3,68K01,0,,1,9,,N,N,,0,,0,0,1,0.0,0,N,846,0,3,0,0,0,0,0,3,4,0,3,7,,N,,,,,,,,,,,
2008049855,1307,2,0,0,0,0,0,0,0,0,4,0,,67,2,2008,4,40.0519,-75.0793,1302.0,6,0,0,0,0,0,0,0,1,1.0,0,0,0,12,1,1,1,,1,40 03:06.735,4.0,0,75 04:45.411,4,0,0,0,67301,0,0,0,N,0,0,0,2,67301,1,,1,1,,N,N,,0,,0,0,0,3.0,3,Y,1250,1,2,0,0,0,0,0,3,4,0,2,3,,N,,,,,,,,,,,
2008062177,1756,1,0,0,0,0,0,0,0,0,4,0,,67,4,2008,4,39.9438,-75.2379,1754.0,6,0,0,0,0,0,2,0,0,,0,0,0,17,1,0,1,,0,39 56:37.828,,0,75 14:16.183,0,0,0,0,67301,0,0,0,N,0,0,0,2,67301,0,,1,1,,N,N,,1,,0,0,0,3.0,2,,1750,0,2,0,0,0,0,0,3,4,0,2,3,,N,,,,,,,,,,,
2008062186,9999,1,0,0,0,0,0,0,0,0,1,0,,67,4,2008,6,39.9291,-75.197,9999.0,6,0,0,0,0,0,0,0,0,,0,0,0,99,3,1,2,,0,39 55:44.737,,0,75 11:49.327,8,0,0,1,67301,0,0,0,,0,0,0,2,67301,0,,1,1,,,,,0,,0,0,0,9.0,3,,9999,1,2,0,0,0,1,0,3,4,0,2,3,,N,,,,,,,,,,,
2008057109,1430,1,0,0,0,0,0,1,0,0,5,1,,67,3,2008,1,39.913,-75.1819,1422.0,6,0,0,0,0,0,1,0,0,,0,0,0,99,1,2,1,,0,39 54:46.865,,0,75 10:54.999,8,0,0,0,67301,0,0,0,,0,0,0,3,67301,0,,1,1,,,,,0,,0,0,0,3.0,2,,9999,2,2,0,0,0,2,0,3,4,0,2,3,,N,,,,,,,,,,,
2008057128,1210,1,0,0,0,0,0,0,0,0,2,0,,67,3,2008,4,40.0156,-75.2088,1200.0,6,0,0,0,0,1,0,0,0,,0,0,0,12,1,1,0,,0,40 00:55.858,,7,75 12:31.029,8,0,0,0,67301,0,0,0,,0,0,0,3,67301,0,,1,1,,N,N,,0,,0,0,1,3.0,2,,1200,1,2,0,0,0,1,0,3,4,0,2,3,,N,,,,,,,,,,,