CRN,ARRIVAL_TM,AUTOMOBILE_COUNT,BELTED_DEATH_COUNT,BELTED_SUSP_SERIOUS_INJ_COUNT,BICYCLE_COUNT,BICYCLE_DEATH_COUNT,BICYCLE_SUSP_SERIOUS_INJ_COUNT,BUS_COUNT,CHLDPAS_DEATH_COUNT,CHLDPAS_SUSP_SERIOUS_INJ_COUNT,COLLISION_TYPE,COMM_VEH_COUNT,CONS_ZONE_SPD_LIM,COUNTY,CRASH_MONTH,CRASH_YEAR,DAY_OF_WEEK,DEC_LAT,DEC_LONG,DISPATCH_TM,DISTRICT,DRIVER_COUNT_16YR,DRIVER_COUNT_17YR,DRIVER_COUNT_18YR,DRIVER_COUNT_19YR,DRIVER_COUNT_20YR,DRIVER_COUNT_50_64YR,DRIVER_COUNT_65_74YR,DRIVER_COUNT_75PLUS,EST_HRS_CLOSED,FATAL_COUNT,HEAVY_TRUCK_COUNT,HORSE_BUGGY_COUNT,HOUR_OF_DAY,ILLUMINATION,INJURY_COUNT,INTERSECT_TYPE,INTERSECTION_RELATED,LANE_CLOSED,LATITUDE,LN_CLOSE_DIR,LOCATION_TYPE,LONGITUDE,MAX_SEVERITY_LEVEL,MCYCLE_DEATH_COUNT,MCYCLE_SUSP_SERIOUS_INJ_COUNT,MOTORCYCLE_COUNT,MUNICIPALITY,NONMOTR_COUNT,NONMOTR_DEATH_COUNT,NONMOTR_SUSP_SERIOUS_INJ_COUNT,NTFY_HIWY_MAINT,PED_COUNT,PED_DEATH_COUNT,PED_SUSP_SERIOUS_INJ_COUNT,PERSON_COUNT,POLICE_AGCY,POSSIBLE_INJ_COUNT,RDWY_SURF_TYPE_CD,RELATION_TO_ROAD,ROAD_CONDITION,ROADWAY_CLEARED,SCH_BUS_IND,SCH_ZONE_IND,SECONDARY_CRASH,SMALL_TRUCK_COUNT,SPEC_JURIS_CD,SUSP_MINOR_INJ_COUNT,SUSP_SERIOUS_INJ_COUNT,SUV_COUNT,TCD_FUNC_CD,TCD_TYPE,TFC_DETOUR_IND,TIME_OF_DAY,TOT_INJ_COUNT,TOTAL_UNITS,UNB_DEATH_COUNT,UNB_SUSP_SERIOUS_INJ_COUNT,UNBELTED_OCC_COUNT,UNK_INJ_DEG_COUNT,UNK_INJ_PER_COUNT,URBAN_AREA,URBAN_RURAL,VAN_COUNT,VEHICLE_COUNT,WEATHER1,WEATHER2,WORK_ZONE_IND,WORK_ZONE_LOC,WORK_ZONE_TYPE,WORKERS_PRES,WZ_CLOSE_DETOUR,WZ_FLAGGER,WZ_LAW_OFFCR_IND,WZ_LN_CLOSURE,WZ_MOVING,WZ_OTHER,WZ_SHLDER_MDN,WZ_WORKERS_INJ_KILLED
2008057310,1158,1,0,0,0,0,0,0,0,0,1,0,,67,3,2008,2,39.9804,-75.1179,1153.0,6,0,0,0,0,0,2,0,0,,0,0,0,11,1,1,1,,0,39 58:53.345,,0,75 07:02.419,4,0,0,0,67301,0,0,0,N,0,0,0,3,67301,1,,1,9,,N,N,,1,,0,0,0,3.0,2,,1130,1,2,0,0,0,0,0,3,4,0,2,7,,N,,,,,,,,,,,
2008057351,1720,1,0,0,0,0,0,0,0,0,8,0,,67,3,2008,3,40.0426,-75.0383,1712.0,6,0,0,0,0,0,0,0,0,,0,0,0,14,1,1,2,,0,40 02:33.399,,0,75 02:17.926,4,0,0,0,67301,1,0,0,N,1,0,0,2,67301,1,,1,1,,N,N,,0,,0,0,0,3.0,3,,1455,1,2,0,0,0,0,0,3,4,0,1,3,,N,,,,,,,,,,,
2008059889,314,1,0,0,0,0,0,0,0,0,7,0,,67,3,2008,7,39.9651,-75.2239,314.0,6,0,0,0,0,0,0,0,0,,0,0,0,3,3,1,10,,0,39 57:54.493,,0,75 13:26.093,8,0,0,0,67301,0,0,0,N,0,0,0,2,67301,0,,2,1,,N,N,,0,,0,0,0,0.0,0,,314,1,1,0,0,0,1,0,3,4,0,1,3,,N,,,,,,,,,,,
2008062482,757,3,0,0,0,0,0,0,0,0,1,0,,67,5,2008,3,39.9596,-75.1405,744.0,6,0,0,0,0,0,1,0,0,2.0,0,0,0,7,1,3,0,,1,39 57:34.750,2.0,0,75 08:25.685,3,0,0,0,67301,0,0,0,N,0,0,0,4,68K01,1,,1,1,,N,N,,0,,2,0,0,0.0,0,N,742,3,4,0,0,0,0,0,3,4,1,4,3,,N,,,,,,,,,,,
2008054633,1503,1,0,0,0,0,0,0,0,0,5,1,,67,4,2008,2,39.9676,-75.1314,1455.0,6,0,0,0,0,0,0,0,0,1.0,0,1,0,14,1,1,0,,2,39 58:04.197,1.0,0,75 07:50.879,3,0,0,0,67301,0,0,0,N,0,0,0,2,68K01,0,,1,1,,N,N,,0,,1,0,0,0.0,0,N,1452,1,2,0,0,1,0,0,3,4,0,2,3,,N,,,,,,,,,,,
2008052194,1759,2,0,0,0,0,0,0,0,0,5,0,,67,3,2008,7,39.9489,-75.1897,1757.0,6,0,0,0,0,0,0,0,0,1.0,0,0,0,17,3,2,2,,1,39 56:56.028,6.0,0,75 11:22.874,3,0,0,0,67301,0,0,0,N,0,0,0,6,67301,0,,4,1,,N,N,,0,,2,0,0,3.0,2,Y,1755,2,2,0,0,3,0,0,3,4,0,2,3,,N,,,,,,,,,,,
2008057671,423,2,0,0,0,0,0,0,0,0,4,0,,67,3,2008,1,39.9211,-75.1938,423.0,6,0,0,0,0,0,0,0,0,,0,0,0,4,3,1,1,,0,39 55:16.112,,0,75 11:37.750,4,0,0,0,67301,0,0,0,N,0,0,0,3,67301,1,,1,1,,N,N,,0,,0,0,0,2.0,2,,420,1,2,0,0,0,0,0,3,4,0,2,3,,N,,,,,,,,,,,
2008060186,2237,2,0,0,0,0,0,0,0,0,4,0,,67,3,2008,7,39.9299,-75.1444,2235.0,6,0,0,0,0,0,0,0,0,,0,0,0,22,3,0,1,,0,39 55:47.802,,0,75 08:39.967,9,0,0,0,67301,0,0,0,N,0,0,0,2,67301,0,,1,1,,N,N,,0,,0,0,0,3.0,2,,2235,0,2,0,0,0,0,2,3,4,0,2,3,,N,,,,,,,,,,,
2008042359,830,2,0,0,0,0,0,0,0,0,4,0,,67,1,2008,3,40.0124,-75.1506,823.0,6,0,0,0,0,0,0,0,0,,0,0,0,8,1,1,1,,0,40 00:44.608,,0,75 09:02.005,8,0,0,0,67301,0,0,0,N,0,0,0,4,67301,0,,1,1,,N,N,,0,,0,0,0,3.0,2,,820,1,2,0,0,0,1,2,3,4,0,2,3,,N,,,,,,,,,,,
2008021090,849,2,0,0,0,0,0,0,0,0,1,0,,67,1,2008,6,39.9475,-75.1872,838.0,6,0,0,0,0,0,0,0,0,,0,0,0,8,1,1,0,,0,39 56:51.000,,0,75 11:13.884,4,0,0,0,67301,0,0,0,N,0,0,0,3,68K01,1,,1,9,,N,N,,0,,0,0,0,0.0,0,,838,1,2,0,0,0,0,0,3,4,0,2,3,,N,,,,,,,,,,,
2008057742,845,1,0,0,0,0,0,0,0,0,7,0,,67,3,2008,4,39.9596,-75.197,842.0,6,0,0,0,0,0,0,0,0,,0,0,0,8,1,1,1,,0,39 57:34.560,,0,75 11:49.200,4,0,0,0,67301,0,0,0,N,0,0,0,2,67301,1,,4,1,,N,Y,,0,,0,0,0,3.0,2,,830,1,1,0,0,2,0,0,3,4,0,1,3,,N,,,,,,,,,,,
2008057799,1740,2,0,0,0,0,0,0,0,0,4,0,,67,3,2008,6,40.0305,-75.1465,1730.0,6,0,0,0,0,0,0,0,0,,0,0,0,17,1,1,0,,0,40 01:49.545,,0,75 08:47.435,4,0,0,0,67301,0,0,0,N,0,0,0,2,67301,1,,1,1,,N,N,,0,,0,0,0,0.0,0,,1715,1,2,0,0,0,0,0,3,4,0,2,3,,N,,,,,,,,,,,
2008019493,549,3,0,0,0,0,0,0,0,0,1,0,,67,1,2008,3,39.945,-75.1908,529.0,6,0,0,0,0,0,1,0,0,2.0,0,0,0,5,3,0,6,,2,39 56:42.000,4.0,2,75 11:27.000,0,0,0,0,67301,0,0,0,N,0,0,0,3,68K01,0,,1,2,,N,N,,0,,0,0,0,0.0,0,N,527,0,3,0,0,0,0,0,3,4,0,3,3,,N,,,,,,,,,,,
2008119082,1020,2,0,0,0,0,0,0,0,0,4,0,,67,9,2008,6,40.0056,-75.1033,1015.0,6,0,0,0,0,0,1,0,0,,0,0,0,10,1,1,1,,0,40 00:20.160,,0,75 06:11.880,4,0,0,0,67301,0,0,0,N,0,0,0,3,67301,1,,1,1,,N,N,,0,,0,0,0,3.0,2,,1006,1,2,0,0,0,0,0,3,4,0,2,3,,N,,,,,,,,,,,
2008133328,2014,0,0,0,0,0,0,0,0,0,8,0,,67,10,2008,6,40.0073,-75.1429,2011.0,6,0,0,0,0,0,0,0,0,,0,0,0,20,3,1,0,,0,40 00:26.251,,0,75 08:34.526,8,0,0,0,67301,1,0,0,N,1,0,0,2,67301,0,,1,1,,N,N,,0,,0,0,0,0.0,0,,2005,1,2,0,0,0,1,0,3,4,0,1,3,,N,,,,,,,,,,,
2008098053,2335,1,0,0,0,0,0,0,0,0,8,0,,67,7,2008,3,40.0097,-75.1544,2330.0,6,0,0,0,0,1,0,0,0,,0,0,0,23,3,1,1,,0,40 00:34.440,,0,75 09:13.200,8,0,0,0,67301,1,0,0,N,1,0,0,2,67301,0,,1,1,,N,N,,0,,0,0,0,3.0,2,,2325,1,2,0,0,0,1,0,3,4,0,1,3,,N,,,,,,,,,,,
2008087550,2025,1,0,0,0,0,0,0,0,0,4,0,,67,5,2008,6,39.9503,-75.1917,2016.0,6,0,0,1,0,0,0,0,0,,0,0,0,20,3,1,1,,0,39 57:20.355,,0,75 11:22.104,4,0,0,0,67301,0,0,0,N,0,0,0,4,67301,1,,1,1,,N,N,,0,,0,0,1,3.0,2,,2016,1,2,0,0,0,0,0,3,4,0,2,3,,N,,,,,,,,,,,
2008079521,9999,0,0,0,0,0,0,0,0,0,8,0,,67,5,2008,4,39.9904,-75.1515,1338.0,6,0,0,0,0,0,0,0,0,,0,0,0,12,1,1,0,,0,39 59:25.496,,0,75 09:05.393,8,0,0,0,67301,1,0,0,,1,0,0,2,67301,0,,1,1,,,,,1,,0,0,0,0.0,0,,1200,1,3,0,0,0,1,0,3,4,0,2,3,,N,,,,,,,,,,,
2008079681,1134,0,0,0,0,0,0,0,0,0,4,0,,67,5,2008,2,39.9486,-75.1778,1136.0,6,0,0,0,0,0,2,0,0,,0,0,0,11,1,0,1,,0,39 56:54.996,,0,75 10:40.173,0,0,0,0,67301,0,0,0,N,0,0,0,2,67301,0,,1,1,,N,N,,0,,0,0,1,3.0,2,,1106,0,2,0,0,0,0,0,3,4,1,2,3,,N,,,,,,,,,,,
2008072725,2246,2,0,0,0,0,0,0,0,0,6,0,,67,4,2008,2,39.9728,-75.2275,2246.0,6,0,0,0,0,0,0,0,0,,0,0,0,22,3,1,1,,0,39 58:22.195,,0,75 13:39.140,8,0,0,0,67301,0,0,0,N,0,0,0,3,67301,0,,1,9,,N,N,,0,,0,0,0,9.0,3,,2246,1,2,0,0,0,1,1,3,4,0,2,7,,N,,,,,,,,,,,
2008089908,1508,0,0,0,0,0,0,0,0,0,7,0,,67,8,2008,1,39.9986,-75.0825,1459.0,6,0,0,0,0,0,0,0,0,1.0,0,0,0,14,1,1,0,,2,39 59:58.758,2.0,2,75 04:51.236,3,0,0,1,67301,0,0,0,N,0,0,0,1,68K01,0,,2,1,,N,N,,0,,1,0,0,0.0,0,N,1459,1,1,0,0,0,0,0,3,4,0,1,3,,N,,,,,,,,,,,
2008082644,334,1,0,0,0,0,0,0,0,0,7,0,,67,5,2008,7,,,334.0,6,0,0,0,0,0,0,0,0,,0,0,0,3,3,1,0,,0,,,0,,4,0,0,0,67301,0,0,0,N,0,0,0,1,67301,1,,5,9,,N,N,,0,,0,0,0,0.0,0,,334,1,1,0,0,0,0,0,3,3,0,1,98,,N,,,,,,,,,,,
2008072609,2210,2,0,0,0,0,0,0,0,0,4,0,,67,5,2008,3,39.9432,-75.1585,2205.0,6,0,0,0,0,0,0,0,0,,0,0,0,22,3,0,1,,0,39 56:35.516,,0,75 09:30.711,9,0,0,0,67301,0,0,0,N,0,0,0,2,67301,0,,1,1,,N,N,,0,,0,0,0,3.0,3,,2200,0,2,0,0,0,0,1,3,4,0,2,3,,N,,,,,,,,,,,
2008072074,1702,3,0,0,0,0,0,0,0,0,1,0,,67,4,2008,7,40.0348,-75.1175,1658.0,6,0,0,0,0,1,0,0,0,,0,0,0,16,1,2,1,,0,40 02:05.217,,0,75 07:03.112,8,0,0,0,67301,0,0,0,N,0,0,0,4,67301,0,,1,1,,N,,,0,,0,0,0,3.0,2,,1650,2,3,0,0,0,2,1,3,4,0,3,3,,N,,,,,,,,,,,
2008072079,1030,2,0,0,0,0,0,0,0,0,4,0,,67,4,2008,1,40.1001,-75.0084,1025.0,6,0,0,0,0,0,1,0,0,1.0,0,0,0,10,1,2,2,,1,40 06:00.657,2.0,0,75 00:30.069,3,0,0,0,67301,0,0,0,N,0,0,0,5,67301,0,,1,1,,N,N,,0,,2,0,0,3.0,2,Y,1022,2,2,0,0,1,0,0,3,4,0,2,3,,N,,,,,,,,,,,
2008069684,1615,2,0,0,0,0,0,0,0,0,6,0,,67,4,2008,7,40.0471,-75.2069,1807.0,6,0,0,1,0,0,1,0,0,2.0,0,0,0,15,1,2,2,,1,40 02:49.412,2.0,0,75 12:24.964,4,0,0,0,67301,0,0,0,N,0,0,0,4,67301,2,,1,1,,N,N,,0,,0,0,0,0.0,0,N,1540,2,2,0,0,0,0,0,3,4,0,2,3,,N,,,,,,,,,,,
2008069685,1619,0,0,0,0,0,0,1,0,0,5,1,,67,4,2008,5,40.0336,-75.1659,1616.0,6,0,0,0,0,0,0,1,0,,0,0,0,15,1,4,0,,0,40 02:01.137,,0,75 09:57.159,8,0,0,0,67301,0,0,0,N,0,0,0,5,67301,0,,1,1,,Y,Y,,0,,0,0,1,0.0,0,,1515,4,2,0,0,0,4,0,3,4,0,2,3,,N,,,,,,,,,,,
2008120198,1535,1,0,0,0,0,0,0,0,0,4,0,,67,9,2008,4,39.9503,-75.1474,1535.0,6,0,0,0,0,0,1,0,0,1.0,0,0,0,15,1,1,0,,9,39 57:01.226,3.0,0,75 08:50.776,4,0,0,0,67301,1,0,0,N,1,0,0,2,67301,1,,1,1,,N,N,,0,,0,0,0,0.0,0,N,1530,1,2,0,0,0,0,0,3,4,0,1,3,,N,,,,,,,,,,,
2008127371,1901,0,0,0,0,0,0,0,0,0,1,0,,67,11,2008,6,40.0117,-75.0608,1843.0,6,0,0,0,0,0,0,1,0,,0,0,0,18,3,1,0,,0,40 00:42.059,,0,75 03:38.939,8,0,0,0,67301,0,0,0,N,0,0,0,2,68K01,0,,1,1,,N,N,,0,,0,0,2,0.0,0,,1839,1,2,0,0,0,1,0,3,4,0,2,3,,N,,,,,,,,,,,
2008127396,1825,1,0,0,0,0,0,0,0,0,1,0,,67,11,2008,3,39.9713,-75.1933,1821.0,6,0,0,0,0,0,1,0,0,1.0,0,0,0,18,2,0,0,,1,39 58:20.600,3.0,0,75 11:37.239,9,0,0,0,67301,0,0,0,N,0,0,0,3,68K01,0,,1,1,,N,N,,0,,0,0,0,0.0,0,N,1815,0,2,0,0,0,0,1,3,4,0,2,3,,N,,,,,,,,,,,
2008042108,1208,2,0,0,0,0,0,0,0,0,4,0,,67,2,2008,5,39.9144,-75.1531,1202.0,6,0,0,0,0,0,1,0,0,2.0,0,0,0,11,1,0,1,,1,39 54:51.000,3.0,0,75 09:11.019,0,0,0,0,67301,0,0,0,N,0,0,0,2,67301,0,,1,1,,N,N,,0,,0,0,0,3.0,2,N,1156,0,2,0,0,0,0,0,3,4,0,2,3,,N,,,,,,,,,,,
2008063395,555,1,0,0,0,0,0,0,0,0,5,0,,67,5,2008,4,39.8989,-75.17,550.0,6,0,0,0,0,0,0,0,0,,0,0,0,5,1,0,0,,0,39 53:57.055,,0,75 10:02.336,0,0,0,0,67301,0,0,0,N,0,0,0,2,68K01,0,,1,1,,N,N,,0,,0,0,0,0.0,0,,550,0,2,0,0,0,0,0,3,4,1,2,3,,N,,,,,,,,,,,
2008044302,937,0,0,0,0,0,0,0,0,0,8,0,,67,2,2008,1,39.9585,-75.2477,932.0,6,0,0,0,0,0,0,0,0,,0,0,0,9,1,1,1,,0,39 57:31.000,,0,75 14:51.552,3,0,0,0,67301,1,0,0,,1,0,0,2,67301,0,,1,1,,,,,0,,1,0,0,3.0,2,,930,1,2,0,0,0,0,1,3,4,0,1,3,,N,,,,,,,,,,,
2008044436,1530,2,0,0,0,0,0,0,0,0,4,0,,67,1,2008,2,39.9543,-75.224,1525.0,6,0,1,0,0,0,0,0,1,,0,0,0,15,1,2,1,,0,39 57:15.642,,0,75 13:26.511,4,0,0,0,67301,0,0,0,N,0,0,0,6,67301,1,,1,9,,N,N,,0,,0,0,0,3.0,2,,1525,2,2,0,0,0,1,0,3,4,0,2,7,,N,,,,,,,,,,,
2008044438,505,4,0,0,0,0,0,0,0,0,6,0,,67,1,2008,1,40.0592,-75.1531,504.0,6,0,0,0,0,1,0,0,0,,0,0,0,5,3,1,0,,0,40 03:33.220,,0,75 09:11.314,8,0,0,0,67301,0,0,0,N,0,0,0,1,67301,0,,6,1,,N,N,,0,,0,0,0,0.0,0,,503,1,4,0,0,0,1,0,3,4,0,4,3,,N,,,,,,,,,,,
2008047073,747,2,0,0,0,0,0,0,0,0,1,0,,67,3,2008,5,40.0436,-75.003,745.0,6,0,0,0,0,0,0,0,0,,0,0,0,7,1,1,0,,0,40 02:37.613,,0,75 00:10.588,8,0,0,0,67301,0,0,0,N,0,0,0,2,68K01,0,,1,1,,N,N,,0,,0,0,0,3.0,4,,743,1,2,0,0,0,1,1,3,4,0,2,3,,N,,,,,,,,,,,
2008044311,2352,2,0,0,0,0,0,0,0,0,4,0,,67,2,2008,1,39.9747,-75.1983,2332.0,6,0,0,0,0,0,0,0,0,,0,0,0,99,3,2,2,,0,39 58:29.000,,2,75 11:53.725,8,0,0,0,67301,0,0,0,N,0,0,0,4,67301,0,,1,1,,N,N,,0,,0,0,0,3.0,2,,9999,2,2,0,0,0,2,2,3,4,0,2,3,,N,,,,,,,,,,,
2008027208,1638,2,0,0,0,0,0,0,0,0,2,0,,67,1,2008,5,39.9171,-75.2464,1638.0,6,0,0,0,0,1,0,1,0,,0,0,0,16,1,1,0,,0,39 55:01.682,,7,75 14:46.928,4,0,0,0,67301,0,0,0,N,0,0,0,2,67301,1,,1,1,,N,N,,0,,0,0,0,0.0,0,,1638,1,2,0,0,0,0,0,3,4,0,2,3,,N,,,,,,,,,,,
2008060242,320,1,0,0,0,0,0,0,0,0,4,0,,67,4,2008,4,39.9154,-75.1599,312.0,6,0,0,0,0,0,0,0,0,,0,0,0,3,3,1,1,,0,39 54:55.440,,0,75 09:35.640,8,0,0,0,67301,0,0,0,,0,0,0,3,67301,0,,1,1,,N,N,,1,,0,0,0,3.0,2,,312,1,2,0,0,0,1,1,3,4,0,2,3,,N,,,,,,,,,,,
2008060255,1640,0,0,0,0,0,0,0,0,0,1,0,,67,4,2008,4,39.9154,-75.1599,1638.0,6,0,0,0,0,0,1,1,0,,0,0,0,16,1,1,1,,0,39 54:55.440,,0,75 09:35.640,4,0,0,0,67301,0,0,0,,0,0,0,4,67301,1,,1,1,,N,N,,1,,0,0,1,2.0,2,,1635,1,3,0,0,0,0,0,3,4,1,3,3,,N,,,,,,,,,,,
2008047344,1657,2,0,0,0,0,0,0,0,0,1,0,,67,3,2008,7,39.967,-75.1881,1652.0,6,0,0,0,0,0,1,0,0,1.0,0,0,0,16,1,0,0,,1,39 58:01.500,3.0,0,75 11:18.106,0,0,0,0,67301,0,0,0,N,0,0,0,2,68K01,0,,1,9,,N,N,,0,,0,0,0,0.0,0,N,1649,0,2,0,0,0,0,0,3,4,0,2,3,,N,,,,,,,,,,,
2008027015,2059,1,0,0,0,0,0,1,0,0,5,1,,67,1,2008,4,39.957,-75.2255,2053.0,6,0,0,0,0,0,0,0,0,,0,0,0,20,3,1,1,,0,39 57:25.000,,0,75 13:31.807,8,0,0,0,67301,0,0,0,N,0,0,0,4,67301,0,,1,1,,N,N,,0,,0,0,0,0.0,0,,2041,1,2,0,0,2,1,0,3,4,0,2,3,,N,,,,,,,,,,,
2008040106,620,1,0,0,0,0,0,0,0,0,2,0,,67,1,2008,2,40.08,-74.9973,615.0,6,0,0,0,0,0,0,0,0,,0,0,0,6,1,2,3,,0,40 04:47.000,,0,74 59:50.275,8,0,0,0,67301,0,0,0,,0,0,0,4,67301,0,,1,9,,N,N,,0,,0,0,1,3.0,2,,610,2,2,0,0,0,2,0,3,4,0,2,3,,N,,,,,,,,,,,
2008066722,1036,0,0,0,0,0,0,0,0,0,1,0,,67,5,2008,1,39.9452,-75.1905,1024.0,6,0,0,0,0,0,0,0,0,1.0,0,0,0,10,1,0,0,,1,39 56:42.720,4.0,2,75 11:25.800,0,0,0,0,67301,0,0,0,N,0,0,0,3,68K01,0,,1,1,,N,N,,0,,0,0,1,3.0,4,N,1024,0,3,0,0,0,0,0,3,4,2,3,3,,N,,,,,,,,,,,
2008057296,719,2,0,0,0,0,0,0,0,0,4,0,,67,3,2008,3,39.9578,-75.1602,717.0,6,0,0,0,0,0,1,0,0,2.0,0,0,0,7,1,1,1,,2,39 57:28.067,4.0,0,75 09:36.786,4,0,0,0,67301,0,0,0,N,0,0,0,2,67301,1,,1,1,,N,N,,0,,0,0,0,3.0,2,Y,710,1,2,0,0,0,0,0,3,4,0,2,3,,N,,,,,,,,,,,
2008057299,1745,1,0,0,0,0,0,0,0,0,4,0,,67,3,2008,4,39.9576,-75.1457,1741.0,6,0,0,0,0,0,1,0,0,,0,0,0,17,1,0,1,,0,39 57:27.432,,0,75 08:44.473,0,0,0,0,67301,0,0,0,N,0,0,0,3,67301,0,,1,9,,N,N,,0,,0,0,0,2.0,2,,1725,0,2,0,0,0,0,0,3,4,1,2,7,,N,,,,,,,,,,,
2008054737,1527,1,0,0,0,0,0,0,0,0,4,0,,67,2,2008,6,40.0481,-75.0691,1509.0,6,0,0,0,0,0,1,0,0,,0,0,0,15,1,1,1,,0,40 02:52.989,,0,75 04:08.640,8,0,0,0,67301,0,0,0,N,0,0,0,2,67301,0,,1,6,,N,N,,0,,0,0,0,3.0,2,,1509,1,2,0,0,0,1,0,3,4,1,2,10,,N,,,,,,,,,,,
2008039830,400,1,0,0,0,0,0,0,0,0,1,0,,67,3,2008,7,39.9605,-75.1813,357.0,6,0,0,0,0,0,0,0,0,2.0,0,0,0,3,3,5,3,,2,39 57:37.000,4.0,2,75 10:50.310,4,0,0,0,67301,0,0,0,N,0,0,0,7,68K01,5,,1,9,,N,N,,0,,0,0,1,0.0,0,N,357,5,2,0,0,3,0,0,3,4,0,2,7,,N,,,,,,,,,,,
2008040009,1432,2,0,0,0,0,0,0,0,0,1,0,,67,2,2008,3,39.9898,-75.1737,1430.0,6,0,0,0,1,0,0,0,0,,0,0,0,14,1,1,1,,0,39 59:23.449,,0,75 10:25.402,8,0,0,0,67301,0,0,0,N,0,0,0,3,67301,0,,1,9,,N,N,,0,,0,0,0,3.0,2,,1430,1,2,0,0,0,1,1,3,4,0,2,7,,N,,,,,,,,,,,
2008057758,1217,1,0,0,0,0,0,0,0,0,7,0,,67,4,2008,3,40.019,-75.2014,1217.0,6,0,0,0,0,0,1,0,0,,0,0,0,12,1,1,0,,0,40 01:08.547,,0,75 12:05.182,8,0,0,0,67301,0,0,0,,0,0,0,1,67301,0,,4,9,,,,,0,,0,0,0,0.0,0,,1217,1,1,0,0,0,1,0,3,4,0,1,7,,N,,,,,,,,,,,
2008057788,1933,1,0,0,0,0,0,0,0,0,8,0,,67,3,2008,5,40.0456,-75.1285,1923.0,6,0,0,0,0,0,0,0,0,,0,0,0,19,3,1,1,,0,40 02:44.255,,0,75 07:42.460,4,0,0,0,67301,1,0,0,N,1,0,0,2,67301,1,,1,1,,N,N,,0,,0,0,0,3.0,2,,1900,1,2,0,0,0,0,0,3,4,0,1,3,,N,,,,,,,,,,,
2008060349,225,1,0,0,0,0,0,0,0,0,7,0,50.0,67,4,2008,4,40.0075,-75.2012,225.0,6,0,0,0,0,0,0,0,0,1.0,0,0,0,2,3,1,0,,2,40 00:27.457,3.0,0,75 12:05.202,4,0,0,0,67301,0,0,0,N,0,0,0,1,68K01,1,,2,1,,N,N,,0,,0,0,0,0.0,0,N,225,1,1,0,0,0,0,0,3,4,0,1,3,,Y,8.0,8.0,Y,N,N,Y,Y,N,Y,N,
2008029164,746,0,0,0,0,0,0,0,0,0,8,0,,67,1,2008,4,39.9569,-75.1587,746.0,6,0,0,0,0,0,0,0,0,,0,0,0,7,1,1,1,,0,39 57:25.000,,0,75 09:31.332,3,0,0,0,67301,1,0,0,,1,0,0,2,67301,0,,1,1,,N,N,,1,,1,0,0,3.0,2,,743,1,2,0,0,0,0,0,3,4,0,1,3,,N,,,,,,,,,,,
2008133320,20,4,0,0,0,0,0,0,0,0,4,0,,67,10,2008,2,40.0877,-74.979,15.0,6,0,0,0,0,0,0,0,0,,0,0,0,0,2,1,0,,0,40 05:15.558,,0,74 58:44.389,4,0,0,0,67301,0,0,0,Y,0,0,0,1,67301,1,,4,1,,N,N,,1,,0,0,0,0.0,0,,15,1,5,0,0,0,0,0,3,4,0,5,3,,N,,,,,,,,,,,
2008124577,10,2,0,0,0,0,0,0,0,0,1,0,,67,10,2008,5,39.9749,-75.1943,8.0,6,0,0,0,1,0,0,0,0,,0,0,0,0,3,0,0,,0,39 58:33.800,,0,75 11:42.309,0,0,0,0,67301,0,0,0,N,0,0,0,5,68K01,0,,1,1,,N,N,,0,,0,0,1,0.0,0,,7,0,3,0,0,0,0,0,3,4,0,3,3,,N,,,,,,,,,,,
2008098051,124,1,0,0,0,0,0,0,0,0,7,0,,67,7,2008,5,40.0675,-75.1793,122.0,6,0,1,0,0,0,0,0,0,9.0,0,0,0,1,3,0,1,,1,40 04:02.954,5.0,0,75 10:45.487,9,0,0,0,67301,0,0,0,N,0,0,0,1,67301,0,,4,1,,N,N,,0,,0,0,0,3.0,2,Y,120,0,1,0,0,0,0,1,3,4,0,1,3,,N,,,,,,,,,,,
2008098162,1310,1,0,0,0,0,0,0,0,0,4,0,,67,6,2008,6,39.9467,-75.1746,1300.0,6,0,0,0,0,0,1,0,0,2.0,0,0,0,12,1,2,2,,2,39 56:48.278,1.0,0,75 10:28.689,8,0,0,0,67301,0,0,0,,0,0,0,3,67301,0,,1,1,,N,N,,0,,0,0,1,3.0,2,Y,1255,2,2,0,0,0,2,0,3,4,0,2,3,,N,,,,,,,,,,,
2008089815,0,2,0,0,0,0,0,0,0,0,3,0,,67,5,2008,3,39.9549,-75.1824,0.0,6,0,0,0,0,0,1,0,0,,0,0,0,15,1,1,0,,0,39 57:17.640,,0,75 10:56.640,8,0,0,0,67301,0,0,0,N,0,0,0,3,00000,0,,1,1,,N,N,,0,,0,0,0,0.0,0,,1515,1,2,0,0,0,1,2,3,4,0,2,3,,N,,,,,,,,,,,
2008101792,1721,2,0,0,0,0,0,0,0,0,1,0,,67,9,2008,6,39.9605,-75.1814,1721.0,6,0,0,0,0,0,0,0,0,,0,0,0,17,1,0,7,,0,39 57:36.400,,2,75 10:47.240,0,0,0,0,67301,0,0,0,N,0,0,0,3,68K01,0,,1,1,,N,N,,0,,0,0,1,0.0,0,,1721,0,3,0,0,0,0,0,3,4,0,3,3,,N,,,,,,,,,,,
2008079683,310,2,0,0,0,0,0,0,0,0,1,0,,67,5,2008,1,40.0089,-75.0719,309.0,6,0,0,0,0,0,0,0,0,,0,0,0,3,3,1,1,,0,40 00:32.040,,0,75 04:18.840,4,0,0,0,67301,0,0,0,,0,0,0,2,67301,1,,1,1,,N,N,,0,,0,0,0,3.0,2,,305,1,2,0,0,0,0,0,3,4,0,2,3,,N,,,,,,,,,,,