CRN,ARRIVAL_TM,AUTOMOBILE_COUNT,BELTED_DEATH_COUNT,BELTED_SUSP_SERIOUS_INJ_COUNT,BICYCLE_COUNT,BICYCLE_DEATH_COUNT,BICYCLE_SUSP_SERIOUS_INJ_COUNT,BUS_COUNT,CHLDPAS_DEATH_COUNT,CHLDPAS_SUSP_SERIOUS_INJ_COUNT,COLLISION_TYPE,COMM_VEH_COUNT,CONS_ZONE_SPD_LIM,COUNTY,CRASH_MONTH,CRASH_YEAR,DAY_OF_WEEK,DEC_LAT,DEC_LONG,DISPATCH_TM,DISTRICT,DRIVER_COUNT_16YR,DRIVER_COUNT_17YR,DRIVER_COUNT_18YR,DRIVER_COUNT_19YR,DRIVER_COUNT_20YR,DRIVER_COUNT_50_64YR,DRIVER_COUNT_65_74YR,DRIVER_COUNT_75PLUS,EST_HRS_CLOSED,FATAL_COUNT,HEAVY_TRUCK_COUNT,HORSE_BUGGY_COUNT,HOUR_OF_DAY,ILLUMINATION,INJURY_COUNT,INTERSECT_TYPE,INTERSECTION_RELATED,LANE_CLOSED,LATITUDE,LN_CLOSE_DIR,LOCATION_TYPE,LONGITUDE,MAX_SEVERITY_LEVEL,MCYCLE_DEATH_COUNT,MCYCLE_SUSP_SERIOUS_INJ_COUNT,MOTORCYCLE_COUNT,MUNICIPALITY,NONMOTR_COUNT,NONMOTR_DEATH_COUNT,NONMOTR_SUSP_SERIOUS_INJ_COUNT,NTFY_HIWY_MAINT,PED_COUNT,PED_DEATH_COUNT,PED_SUSP_SERIOUS_INJ_COUNT,PERSON_COUNT,POLICE_AGCY,POSSIBLE_INJ_COUNT,RDWY_SURF_TYPE_CD,RELATION_TO_ROAD,ROAD_CONDITION,ROADWAY_CLEARED,SCH_BUS_IND,SCH_ZONE_IND,SECONDARY_CRASH,SMALL_TRUCK_COUNT,SPEC_JURIS_CD,SUSP_MINOR_INJ_COUNT,SUSP_SERIOUS_INJ_COUNT,SUV_COUNT,TCD_FUNC_CD,TCD_TYPE,TFC_DETOUR_IND,TIME_OF_DAY,TOT_INJ_COUNT,TOTAL_UNITS,UNB_DEATH_COUNT,UNB_SUSP_SERIOUS_INJ_COUNT,UNBELTED_OCC_COUNT,UNK_INJ_DEG_COUNT,UNK_INJ_PER_COUNT,URBAN_AREA,URBAN_RURAL,VAN_COUNT,VEHICLE_COUNT,WEATHER1,WEATHER2,WORK_ZONE_IND,WORK_ZONE_LOC,WORK_ZONE_TYPE,WORKERS_PRES,WZ_CLOSE_DETOUR,WZ_FLAGGER,WZ_LAW_OFFCR_IND,WZ_LN_CLOSURE,WZ_MOVING,WZ_OTHER,WZ_SHLDER_MDN,WZ_WORKERS_INJ_KILLED
2008072728,1540,1,0,0,0,0,0,0,0,0,8,0,,67,4,2008,7,40.0209,-75.0699,1535.0,6,0,0,0,1,0,0,0,0,,0,0,0,15,1,1,0,,0,40 01:15.207,,0,75 04:11.532,8,0,0,0,67301,1,0,0,N,1,0,0,2,67301,0,,1,1,,N,N,,0,,0,0,0,0.0,0,,1530,1,2,0,0,0,1,0,3,4,0,1,3,,N,,,,,,,,,,,
2008082609,1850,2,0,0,0,0,0,0,0,0,4,0,,67,5,2008,1,39.9983,-75.1499,1838.0,6,0,0,0,0,0,0,0,0,,0,0,0,18,1,5,2,,0,39 59:53.948,,0,75 08:59.503,4,0,0,0,67301,0,0,0,,0,0,0,6,67301,1,,1,1,,,,,0,,0,0,0,3.0,2,,1836,5,2,0,0,1,4,0,3,4,0,2,3,,N,,,,,,,,,,,
2008082669,1352,1,0,0,0,0,0,0,0,0,4,0,,67,5,2008,6,39.909,-75.2329,1343.0,6,0,0,0,0,0,0,0,0,,0,0,0,13,1,1,1,,0,39 54:32.227,,0,75 13:58.526,4,0,0,0,67301,0,0,0,,0,0,0,2,67301,1,,1,9,,,,,0,,0,0,1,3.0,2,,1343,1,2,0,0,0,0,0,3,4,0,2,7,,N,,,,,,,,,,,
2008085089,1839,2,0,0,0,0,0,0,0,0,1,0,,67,7,2008,5,39.9516,-75.141,1837.0,6,0,0,0,0,0,1,0,0,1.0,0,0,0,18,1,1,0,,1,39 57:06.840,1.0,0,75 08:27.599,4,0,0,0,67301,1,0,0,N,0,0,0,2,68K01,1,,1,1,,N,N,,0,,0,0,0,0.0,0,N,1832,1,2,0,0,0,0,0,3,4,0,2,3,,N,,,,,,,,,,,
2008079265,1920,2,0,0,0,0,0,0,0,0,1,0,,67,5,2008,7,39.9934,-75.097,1920.0,6,0,1,0,0,1,0,0,0,,0,0,0,16,1,1,1,,0,39 59:36.362,,0,75 05:49.314,4,0,0,0,67301,0,0,0,N,0,0,0,4,67301,1,,1,1,,N,N,,0,,0,0,1,3.0,2,,1600,1,3,0,0,0,0,0,3,4,0,3,3,,N,,,,,,,,,,,
2008109771,640,1,0,0,0,0,0,0,0,0,7,0,,67,9,2008,7,40.0316,-75.0213,629.0,6,0,0,0,0,0,0,0,0,2.0,0,0,0,6,3,1,0,,1,40 01:54.480,2.0,0,75 01:15.960,4,0,0,0,67301,0,0,0,N,0,0,0,1,68K01,1,,2,9,,N,N,,0,,0,0,0,0.0,0,Y,626,1,1,0,0,0,0,0,3,4,0,1,7,,N,,,,,,,,,,,
2008069679,1526,1,0,0,0,0,0,1,0,0,4,1,,67,4,2008,4,39.9855,-75.1375,1523.0,6,0,0,0,0,0,1,0,0,,0,0,0,15,1,5,1,,0,39 59:07.763,,0,75 08:14.829,4,0,0,0,67301,0,0,0,N,0,0,0,5,67301,5,,1,1,,N,N,,0,,0,0,0,3.0,3,,1523,5,2,0,0,0,0,0,3,4,0,2,3,,N,,,,,,,,,,,
2008109357,108,2,0,0,0,0,0,0,0,0,1,0,,67,9,2008,1,39.968,-75.13,100.0,6,0,0,0,0,0,0,0,0,1.0,0,0,0,0,3,1,0,,2,39 58:06.531,1.0,0,75 07:43.221,4,0,0,0,67301,0,0,0,N,0,0,0,3,68K01,1,,1,9,,N,N,,0,,0,0,0,0.0,0,N,58,1,2,0,0,0,0,0,3,4,0,2,7,,N,,,,,,,,,,,
2008069681,1425,0,0,0,0,0,0,0,0,0,7,0,,67,4,2008,6,39.9885,-75.1301,1420.0,6,0,0,0,0,0,0,0,0,,0,0,0,14,1,1,0,,0,39 59:18.438,,0,75 07:48.372,3,0,0,1,67301,0,0,0,,0,0,0,1,67301,0,,9,1,,,,,0,,1,0,0,0.0,0,,1410,1,1,0,0,0,0,0,3,4,0,1,3,,N,,,,,,,,,,,
2008069702,1735,0,0,0,0,0,0,0,0,0,8,0,,67,4,2008,5,39.997,-75.1174,1730.0,6,0,0,0,1,0,0,0,0,,0,0,0,99,1,1,1,,0,39 59:49.088,,0,75 07:02.700,8,0,0,0,67301,1,0,0,N,1,0,0,2,67301,0,,1,1,,N,,,0,,0,0,0,3.0,2,,9999,1,2,0,0,0,1,1,3,4,1,1,3,,N,,,,,,,,,,,
2008120056,1430,1,0,0,0,0,0,0,0,0,8,0,,67,8,2008,6,40.018,-75.155,1425.0,6,0,0,0,0,0,0,0,0,,0,0,0,99,1,1,1,,0,40 01:04.739,,0,75 09:18.010,8,0,0,0,67301,1,0,0,,1,0,0,2,67301,0,,1,1,,,,,0,,0,0,0,3.0,2,,9999,1,2,0,0,0,1,0,3,4,0,1,3,,N,,,,,,,,,,,
2008114770,1506,2,0,0,0,0,0,0,0,0,1,0,,67,10,2008,4,39.9786,-75.2027,1500.0,6,0,0,0,0,0,2,0,0,1.0,0,0,0,14,1,0,0,,1,39 58:45.840,4.0,0,75 12:14.400,0,0,0,0,67301,0,0,0,N,0,0,0,2,68K01,0,,1,1,,N,N,,0,,0,0,0,0.0,0,Y,1458,0,2,0,0,0,0,0,3,4,0,2,3,,N,,,,,,,,,,,
2008127375,2,1,0,0,0,0,0,0,0,0,5,0,,67,11,2008,6,40.0477,-74.9996,2353.0,6,0,0,0,0,0,0,0,0,,0,0,0,23,3,0,0,,0,40 02:52.122,,0,74 59:57.923,0,0,0,0,67301,0,0,0,N,0,0,0,3,68K01,0,,1,1,,N,N,,0,,0,0,1,0.0,0,,2341,0,2,0,0,0,0,0,3,4,0,2,3,,N,,,,,,,,,,,
2008042094,1601,0,0,0,0,0,0,0,0,0,0,1,,67,2,2008,2,39.9375,-75.2339,1549.0,6,0,0,0,0,0,1,0,0,4.0,0,1,0,15,1,1,0,,2,39 56:15.000,5.0,0,75 14:01.771,4,0,0,0,67301,0,0,0,,0,0,0,1,67301,1,,1,1,,N,N,,0,,0,0,0,0.0,0,Y,1517,1,1,0,0,0,0,0,3,4,0,1,3,,N,,,,,,,,,,,
2008036401,526,1,0,0,0,0,0,0,0,0,7,0,,67,3,2008,7,39.9014,-75.1526,526.0,6,0,0,0,0,0,0,0,0,2.0,0,0,0,5,3,0,0,,2,39 54:04.000,2.0,0,75 09:09.137,0,0,0,0,67301,0,0,0,N,0,0,0,1,68K01,0,,2,1,,N,N,,0,,0,0,0,0.0,0,N,525,0,1,0,0,0,0,0,3,4,0,1,3,,N,,,,,,,,,,,
2008060516,715,1,0,0,0,0,0,0,0,0,5,0,,67,3,2008,3,40.0351,-75.0695,710.0,6,0,0,0,0,0,0,0,0,,0,0,0,7,1,0,1,,0,40 02:06.425,,0,75 04:10.217,0,0,0,0,67301,0,0,0,N,0,0,0,2,67301,0,,1,1,,,,,0,,0,0,1,3.0,2,,705,0,2,0,0,0,0,0,3,4,0,2,3,,N,,,,,,,,,,,
2008060625,1540,1,0,1,0,0,0,0,0,0,4,0,,67,3,2008,5,40.1017,-74.9982,1535.0,6,0,0,0,0,0,0,1,0,,0,0,0,15,1,3,2,,0,40 06:06.066,,0,74 59:53.375,2,0,0,0,67301,0,0,0,N,0,0,0,3,67301,1,,1,9,,N,N,,0,,1,1,1,3.0,3,,1525,3,2,0,0,0,0,0,3,4,0,2,3,,N,,,,,,,,,,,
2008057995,1825,1,0,0,0,0,0,0,0,0,1,0,,67,3,2008,6,40.0307,-75.1877,1819.0,6,0,0,0,1,0,0,0,0,1.0,0,0,0,18,1,1,2,,2,40 01:50.520,1.0,0,75 11:15.720,4,0,0,0,67301,0,0,0,,0,0,0,3,67301,1,,1,1,,,,,0,,0,0,0,0.0,0,Y,1816,1,2,0,0,0,0,0,3,4,1,2,3,,N,,,,,,,,,,,
2008055714,629,1,0,0,0,0,0,0,0,0,7,0,,67,4,2008,1,39.9321,-75.2,610.0,6,0,0,0,0,0,0,0,0,2.0,0,0,0,6,1,1,0,,2,39 55:53.765,3.0,0,75 11:59.083,4,0,0,0,67301,0,0,0,N,0,0,0,1,68K01,1,,2,9,,N,N,,0,,0,0,0,0.0,0,N,607,1,1,0,0,0,0,0,3,4,0,1,7,,N,,,,,,,,,,,
2008058051,1440,1,0,0,0,0,0,0,0,0,8,0,,67,3,2008,3,39.9576,-75.1891,1434.0,6,0,0,0,0,0,0,0,0,,0,0,0,14,1,1,1,,0,39 57:27.327,,0,75 11:20.752,4,0,0,0,67301,1,0,0,N,1,0,0,3,67301,1,,1,98,,N,N,,0,,0,0,0,2.0,3,,1434,1,2,0,0,0,0,0,3,4,0,1,3,,N,,,,,,,,,,,
2008058063,245,2,0,0,0,0,0,0,0,0,5,0,,67,3,2008,7,40.0198,-75.1146,239.0,6,0,0,0,0,0,0,0,0,,0,0,0,2,3,0,2,,0,40 01:11.114,,0,75 06:52.705,0,0,0,0,67301,0,0,0,N,0,0,0,1,67301,0,,1,1,,N,N,,0,,0,0,0,3.0,3,,234,0,2,0,0,1,0,0,3,4,0,2,3,,N,,,,,,,,,,,
2008053256,1200,1,0,0,0,0,0,1,0,0,1,1,,67,1,2008,3,40.0,-75.1405,1155.0,6,0,0,0,0,0,0,0,0,,0,0,0,11,1,0,2,,0,40 00:00.076,,0,75 08:25.773,0,0,0,0,67301,0,0,0,N,0,0,0,11,67301,0,,1,1,,Y,N,,0,,0,0,0,9.0,2,,1155,0,2,0,0,0,0,0,3,4,0,2,3,,N,,,,,,,,,,,
2008052181,1640,1,0,0,0,0,0,1,0,0,4,1,,67,2,2008,2,39.9548,-75.228,1633.0,6,0,0,0,0,0,1,0,0,9.0,0,0,0,16,1,1,1,,2,39 57:17.442,5.0,0,75 13:40.835,3,0,0,0,67301,0,0,0,N,0,0,0,8,67301,0,,1,1,,N,N,,0,,1,0,0,3.0,2,N,1630,1,2,0,0,0,0,0,3,4,0,2,3,,N,,,,,,,,,,,
2008044303,1128,0,0,0,0,0,0,0,0,0,7,0,,67,1,2008,6,40.0227,-75.1978,1125.0,6,0,0,0,0,0,0,0,0,,0,0,0,11,1,1,0,,0,40 01:21.708,,0,75 11:52.233,8,0,0,0,67301,0,0,0,N,0,0,0,1,67301,0,,2,9,,N,N,,0,,0,0,1,0.0,0,,1120,1,1,0,0,0,1,0,3,4,0,1,7,,N,,,,,,,,,,,
2008044443,2253,1,0,0,0,0,0,0,0,0,4,0,,67,1,2008,5,,,2251.0,6,0,0,0,0,0,0,0,0,,0,0,0,22,3,0,0,,0,,,0,,0,0,0,0,67301,0,0,0,N,0,0,0,2,67301,0,,1,9,,N,N,,0,,0,0,1,0.0,0,,2251,0,2,0,0,0,0,0,3,3,0,2,7,,N,,,,,,,,,,,
2008044451,815,2,0,0,0,0,0,0,0,0,4,0,,67,1,2008,1,39.9576,-75.1457,809.0,6,0,0,0,0,0,0,0,0,,0,0,0,99,1,0,2,,0,39 57:27.432,,0,75 08:44.473,0,0,0,0,67301,0,0,0,N,0,0,0,2,67301,0,,1,1,,N,N,,0,,0,0,0,3.0,2,,9999,0,2,0,0,0,0,0,3,4,0,2,3,,N,,,,,,,,,,,
2008044478,1953,1,0,0,0,0,0,0,0,0,7,0,,67,1,2008,5,39.9883,-75.1692,1952.0,6,0,0,0,0,0,0,1,0,,0,0,0,19,3,1,2,,0,39 59:17.998,,0,75 10:09.033,3,0,0,0,67301,0,0,0,,0,0,0,1,67301,0,,5,1,,,,,0,,1,0,0,3.0,2,,1945,1,1,0,0,0,0,0,3,4,0,1,3,,N,,,,,,,,,,,
2008027207,1913,2,0,0,0,0,0,0,0,0,5,0,,67,1,2008,2,39.9299,-75.2216,1911.0,6,0,0,0,0,0,1,0,0,,0,0,0,19,3,1,0,,0,39 55:47.568,,0,75 13:17.670,3,0,0,0,67301,0,0,0,N,0,0,0,1,67301,0,,6,1,,N,N,,1,,1,0,2,0.0,0,,1900,1,5,0,0,0,0,0,3,4,0,5,3,,N,,,,,,,,,,,
2008027209,1903,1,0,0,1,0,0,0,0,0,4,0,,67,1,2008,4,39.9628,-75.1647,1900.0,6,0,0,0,0,0,0,0,0,,0,0,0,99,3,1,0,,0,39 57:46.000,,0,75 09:53.312,3,0,0,0,67301,1,0,0,,0,0,0,2,67301,0,,1,1,,N,N,,0,,1,0,0,0.0,0,,9999,1,2,0,0,0,0,0,3,4,0,1,3,,N,,,,,,,,,,,
2008027220,9999,2,0,0,0,0,0,0,0,0,6,0,,67,1,2008,1,39.921,-75.1433,1317.0,6,0,0,0,0,0,0,0,0,,0,0,0,99,1,0,2,,0,39 55:15.000,,7,75 08:35.912,0,0,0,0,67301,0,0,0,N,0,0,0,3,67301,0,,1,1,,N,N,,1,,0,0,0,0.0,0,,9999,0,3,0,0,0,0,0,3,4,0,3,3,,N,,,,,,,,,,,
2008068561,1341,0,0,0,0,0,0,0,0,0,7,0,,67,6,2008,1,39.9134,-75.1482,1330.0,6,0,0,0,0,0,0,1,0,1.0,0,0,0,13,1,1,0,,2,39 54:54.360,2.0,2,75 08:51.720,8,0,0,1,67301,0,0,0,N,0,0,0,1,68K01,0,,3,1,,N,N,,0,,0,0,0,0.0,0,N,1327,1,1,0,0,0,1,0,3,4,0,1,3,,N,,,,,,,,,,,
2008030244,1628,1,0,0,0,0,0,0,0,0,7,0,,67,2,2008,6,39.8908,-75.1998,1618.0,6,0,0,0,1,0,0,0,0,,0,0,0,16,1,0,0,,0,39 53:26.000,,0,75 11:59.248,0,0,0,0,67301,0,0,0,N,0,0,0,1,68K01,0,,2,9,,N,N,,0,,0,0,0,0.0,0,,1618,0,1,0,0,0,0,0,3,4,0,1,7,,N,,,,,,,,,,,
2008062189,1740,3,0,0,0,0,0,0,0,0,1,0,,67,3,2008,7,39.9557,-75.2156,1740.0,6,0,0,0,0,0,0,0,0,,0,0,0,17,1,0,5,,0,39 57:20.650,,0,75 12:56.102,0,0,0,0,67301,0,0,0,N,0,0,0,2,67301,0,,1,1,,N,N,,0,,0,0,1,3.0,2,,1740,0,4,0,0,0,0,0,3,4,0,4,3,,N,,,,,,,,,,,
2008057205,525,3,0,0,0,0,0,0,0,0,5,0,,67,4,2008,5,40.0575,-75.0005,519.0,6,0,0,0,0,0,1,0,0,,0,0,0,5,3,0,0,,0,40 03:26.825,,0,75 00:01.696,0,0,0,0,67301,0,0,0,N,0,0,0,1,67301,0,,6,1,,N,N,,0,,0,0,0,0.0,0,,515,0,3,0,0,0,0,0,3,4,0,3,3,,N,,,,,,,,,,,
2008059668,2230,0,0,0,0,0,0,0,0,0,1,0,,67,3,2008,3,39.9726,-75.1445,2200.0,6,0,0,0,0,0,0,0,0,,0,0,0,22,3,1,1,,0,39 58:21.471,,0,75 08:40.063,8,0,0,0,67301,0,0,0,N,0,0,0,3,67301,0,,1,9,,N,N,,0,,0,0,2,0.0,0,,2200,1,2,0,0,1,1,0,3,4,0,2,7,,N,,,,,,,,,,,
2008057102,1218,1,0,0,0,0,0,0,0,0,4,1,,67,3,2008,6,39.9437,-75.1654,1215.0,6,0,0,0,0,0,0,0,0,,0,1,0,12,1,0,1,,0,39 56:37.050,,0,75 09:55.624,0,0,0,0,67301,0,0,0,N,0,0,0,2,67301,0,,5,1,,N,N,,0,,0,0,0,3.0,2,,1214,0,2,0,0,0,0,0,3,4,0,2,3,,N,,,,,,,,,,,
2008059890,2216,0,0,0,0,0,0,0,0,0,8,0,,67,4,2008,6,39.9045,-75.1667,2154.0,6,0,0,0,0,0,0,0,0,,0,0,0,21,3,1,0,,0,39 54:16.192,,0,75 10:00.202,8,0,0,0,67301,1,0,0,N,1,0,0,2,67301,0,,1,9,,N,N,,0,,0,0,1,0.0,0,,2151,1,2,0,0,0,1,0,3,4,0,1,7,,N,,,,,,,,,,,
2008042230,2205,2,0,0,0,0,0,0,0,0,2,0,,67,1,2008,7,40.0009,-75.1664,2200.0,6,0,0,0,0,0,1,0,0,,0,0,0,21,3,1,1,,0,40 00:03.344,,0,75 09:59.158,4,0,0,0,67301,0,0,0,N,0,0,0,2,67301,1,,1,1,,N,N,,0,,0,0,0,3.0,3,,2158,1,2,0,0,0,0,0,3,4,0,2,3,,N,,,,,,,,,,,
2008057743,1710,2,0,0,0,0,0,0,0,0,1,0,,67,3,2008,6,39.9915,-75.1959,1700.0,6,0,0,0,0,0,1,0,0,,0,0,0,16,1,0,0,,0,39 59:29.234,,0,75 11:45.556,9,0,0,0,67301,0,0,0,,0,0,0,2,67301,0,,1,1,,N,,,0,,0,0,0,0.0,0,,1650,0,2,0,0,0,0,1,3,4,0,2,3,,N,,,,,,,,,,,
2008044698,1200,2,0,0,0,0,0,0,0,0,1,0,,67,1,2008,3,40.0596,-75.0658,1152.0,6,0,0,0,0,0,1,0,0,,0,0,0,10,1,1,0,,0,40 03:34.507,,0,75 03:56.860,8,0,0,0,67301,0,0,0,,0,0,0,1,67301,0,,6,9,,,,,0,,0,0,0,0.0,0,,1052,1,2,0,0,0,1,0,3,4,0,2,7,,N,,,,,,,,,,,
2008044711,1900,1,0,0,0,0,0,0,0,0,4,0,,67,2,2008,3,39.9871,-75.1223,853.0,6,0,0,0,0,0,1,0,0,,0,0,0,99,3,1,5,,0,39 59:13.222,,0,75 07:20.575,8,0,0,0,67301,0,0,0,N,0,0,0,4,67301,0,,1,1,,N,N,,1,,0,0,0,3.0,2,,9999,1,2,0,0,0,1,0,3,4,0,2,3,,N,,,,,,,,,,,
2008119062,915,2,0,0,0,0,0,0,0,0,4,0,,67,9,2008,1,40.0368,-75.0692,915.0,6,0,0,0,0,0,1,0,0,1.0,0,0,0,9,1,3,1,,1,40 02:12.433,2.0,0,75 04:09.246,4,0,0,0,67301,0,0,0,,0,0,0,4,67301,2,,1,1,,N,N,,1,,0,0,0,3.0,3,N,914,3,3,0,0,0,1,0,3,4,0,3,3,,N,,,,,,,,,,,
2008119067,1535,1,0,0,0,0,0,0,0,0,8,0,,67,9,2008,2,39.9494,-75.1476,1530.0,6,0,0,0,0,0,0,0,0,,0,0,0,14,1,2,0,,0,39 56:57.922,,0,75 08:51.475,4,0,0,0,67301,1,0,0,N,1,0,0,2,67301,2,,1,1,,N,N,,0,,0,0,0,0.0,0,,1405,2,2,0,0,0,0,0,3,4,0,1,3,,N,,,,,,,,,,,
2008114220,2300,1,0,0,0,0,0,0,0,0,5,1,,67,10,2008,2,40.0501,-74.9932,2253.0,6,0,0,0,0,0,0,0,0,1.0,0,1,0,22,3,4,0,,2,40 03:00.315,2.0,0,74 59:34.984,3,0,0,0,67301,0,0,0,Y,0,0,0,4,68K01,2,,1,1,,N,N,,0,,2,0,1,0.0,0,N,2250,4,3,0,0,1,0,0,3,4,0,3,3,,N,,,,,,,,,,,
2008095581,855,1,0,0,1,0,0,0,0,0,5,0,,67,7,2008,3,39.9585,-75.169,845.0,6,0,0,0,0,0,0,0,0,,0,0,0,8,1,1,0,,0,39 57:30.527,,0,75 10:08.290,4,0,0,0,67301,1,0,0,N,0,0,0,3,67301,1,,2,1,,N,N,,0,,0,0,0,0.0,0,,840,1,2,0,0,0,0,0,3,4,0,1,3,,N,,,,,,,,,,,
2008098057,1812,1,0,0,0,0,0,0,0,0,8,0,,67,7,2008,6,40.0522,-75.0931,1810.0,6,0,0,0,0,0,0,0,0,,0,0,0,18,1,1,1,,0,40 03:07.828,,0,75 05:35.124,4,0,0,0,67301,1,0,0,N,1,0,0,2,67301,1,,1,1,,N,N,,0,,0,0,0,3.0,3,,1805,1,2,0,0,0,0,0,3,4,0,1,3,,N,,,,,,,,,,,
2008098066,1119,0,0,0,0,0,0,0,0,0,8,1,,67,7,2008,5,39.9566,-75.1524,1111.0,6,0,0,0,0,0,0,0,0,,0,1,0,10,1,1,1,,0,39 57:23.709,,0,75 09:08.591,4,0,0,0,67301,1,0,0,,1,0,0,2,67301,1,,2,1,,,,,0,,0,0,0,3.0,2,,1030,1,2,0,0,1,0,0,3,4,0,1,3,,N,,,,,,,,,,,
2008098109,319,1,0,0,0,0,0,0,0,0,7,0,,67,7,2008,7,40.017,-75.0834,313.0,6,0,0,0,0,0,0,0,0,1.0,0,0,0,99,3,2,0,,2,40 01:00.850,1.0,0,75 05:00.610,4,0,0,0,67301,0,0,0,N,0,0,0,2,67301,2,,5,1,,N,N,,0,,0,0,0,0.0,0,Y,9999,2,1,0,0,2,0,0,3,4,0,1,3,,N,,,,,,,,,,,
2008098169,730,2,0,0,0,0,0,0,0,0,4,0,,67,7,2008,2,40.0265,-75.0975,728.0,6,0,0,0,0,0,0,0,0,1.0,0,0,0,7,1,1,1,,1,40 01:36.580,1.0,0,75 05:52.985,4,0,0,0,67301,0,0,0,N,0,0,0,2,67301,1,,1,9,,N,N,,0,,0,0,0,3.0,2,N,728,1,2,0,0,0,0,1,3,4,0,2,7,,N,,,,,,,,,,,
2008072734,1440,0,0,0,0,0,0,0,0,0,8,0,,67,3,2008,5,39.9519,-75.1596,1440.0,6,0,0,0,0,0,0,0,0,,0,0,0,14,1,1,0,,0,39 57:06.844,,0,75 09:34.555,3,0,0,0,67301,1,0,0,N,1,0,0,2,67301,0,,1,1,,N,N,,0,,1,0,1,3.0,2,,1440,1,2,0,0,0,0,0,3,4,0,1,3,,N,,,,,,,,,,,
2008079358,1015,0,0,0,0,0,0,0,0,0,4,0,,67,5,2008,5,40.0308,-75.1465,1010.0,6,0,0,0,0,0,0,0,0,,0,0,0,10,1,1,1,,0,40 01:51.058,,0,75 08:47.508,8,0,0,0,67301,0,0,0,N,0,0,0,2,67301,0,,1,9,,N,N,,0,,0,0,1,3.0,2,,1000,1,2,0,0,0,1,0,3,4,1,2,7,,N,,,,,,,,,,,
2008072796,126,2,0,0,0,0,0,0,0,0,6,0,,67,4,2008,1,40.043,-75.07,125.0,6,0,0,0,0,0,0,0,0,,0,0,0,1,3,0,1,,0,40 02:34.620,,0,75 04:12.043,0,0,0,0,67301,0,0,0,N,0,0,0,2,67301,0,,1,9,,N,N,,0,,0,0,0,3.0,3,,125,0,2,0,0,0,0,0,3,4,0,2,7,,N,,,,,,,,,,,
2008087479,1047,2,0,0,0,0,0,0,0,0,4,0,,67,5,2008,1,40.0462,-75.0792,1045.0,6,0,0,0,0,0,0,0,1,1.0,0,0,0,10,1,1,1,,1,40 02:46.150,2.0,0,75 04:44.993,8,0,0,0,67301,0,0,0,N,0,0,0,2,67301,0,,1,1,,,,,0,,0,0,1,3.0,2,Y,1040,1,3,0,0,0,1,1,3,4,0,3,3,,N,,,,,,,,,,,
2008079753,1543,0,0,0,0,0,0,0,0,0,7,0,,67,5,2008,7,39.9259,-75.2209,1543.0,6,0,0,0,0,0,0,0,0,,0,0,0,13,1,0,0,,0,39 55:33.150,,7,75 13:15.358,0,0,0,0,67301,0,0,0,N,0,0,0,1,67301,0,,4,1,,N,N,,0,,0,0,1,0.0,0,,1345,0,1,0,0,0,0,0,3,4,0,1,3,,N,,,,,,,,,,,
2008079271,457,2,0,0,0,0,0,0,0,0,3,0,,67,5,2008,7,39.9424,-75.1658,447.0,6,0,0,0,0,0,0,0,0,,0,0,0,4,6,0,2,,0,39 56:32.627,,0,75 09:56.976,0,0,0,0,67301,0,0,0,N,0,0,0,3,67301,0,,1,1,,N,N,,0,,0,0,0,3.0,2,,445,0,2,0,0,0,0,0,3,4,0,2,3,,N,,,,,,,,,,,
2008072233,1632,4,0,0,0,0,0,0,0,0,4,0,,67,4,2008,4,40.0475,-75.1428,1631.0,6,0,0,0,0,0,2,1,1,,0,0,0,16,1,2,1,,0,40 02:50.961,,0,75 08:34.014,4,0,0,0,67301,0,0,0,N,0,0,0,5,67301,2,,1,1,,N,N,,0,,0,0,0,3.0,2,,1623,2,4,0,0,0,0,0,3,4,0,4,3,,N,,,,,,,,,,,
2008058070,1915,1,0,0,0,0,0,0,0,0,8,0,,67,4,2008,3,40.0227,-75.064,1910.0,6,0,0,0,0,0,0,0,0,,0,0,0,18,1,1,0,,0,40 01:21.854,,0,75 03:50.238,4,0,0,0,67301,1,0,0,N,1,0,0,2,67301,1,,1,1,,N,N,,0,,0,0,0,0.0,0,,1830,1,2,0,0,1,0,0,3,4,0,1,3,,N,,,,,,,,,,,
2008058222,2240,1,0,0,0,0,0,0,0,0,1,0,,67,4,2008,1,40.0945,-75.015,2230.0,6,0,0,0,0,0,0,0,0,1.0,0,0,0,22,3,0,1,,1,40 05:40.395,1.0,0,75 00:54.109,0,0,0,0,67301,0,0,0,N,0,0,0,2,67301,0,,1,1,,N,N,,1,,0,0,0,3.0,2,N,2225,0,2,0,0,0,0,0,3,4,0,2,3,,N,,,,,,,,,,,
2008044249,2225,1,0,0,0,0,0,0,0,0,8,0,,67,2,2008,7,39.9556,-75.2023,2224.0,6,0,0,0,0,0,0,0,0,,0,0,0,22,3,1,0,,0,39 57:20.297,,0,75 12:08.276,4,0,0,0,67301,1,0,0,N,1,0,0,4,67504,1,,1,1,,N,N,,0,,0,0,0,0.0,0,,2222,1,2,0,0,0,0,0,3,4,0,1,3,,N,,,,,,,,,,,