CRN,ARRIVAL_TM,AUTOMOBILE_COUNT,BELTED_DEATH_COUNT,BELTED_SUSP_SERIOUS_INJ_COUNT,BICYCLE_COUNT,BICYCLE_DEATH_COUNT,BICYCLE_SUSP_SERIOUS_INJ_COUNT,BUS_COUNT,CHLDPAS_DEATH_COUNT,CHLDPAS_SUSP_SERIOUS_INJ_COUNT,COLLISION_TYPE,COMM_VEH_COUNT,CONS_ZONE_SPD_LIM,COUNTY,CRASH_MONTH,CRASH_YEAR,DAY_OF_WEEK,DEC_LAT,DEC_LONG,DISPATCH_TM,DISTRICT,DRIVER_COUNT_16YR,DRIVER_COUNT_17YR,DRIVER_COUNT_18YR,DRIVER_COUNT_19YR,DRIVER_COUNT_20YR,DRIVER_COUNT_50_64YR,DRIVER_COUNT_65_74YR,DRIVER_COUNT_75PLUS,EST_HRS_CLOSED,FATAL_COUNT,HEAVY_TRUCK_COUNT,HORSE_BUGGY_COUNT,HOUR_OF_DAY,ILLUMINATION,INJURY_COUNT,INTERSECT_TYPE,INTERSECTION_RELATED,LANE_CLOSED,LATITUDE,LN_CLOSE_DIR,LOCATION_TYPE,LONGITUDE,MAX_SEVERITY_LEVEL,MCYCLE_DEATH_COUNT,MCYCLE_SUSP_SERIOUS_INJ_COUNT,MOTORCYCLE_COUNT,MUNICIPALITY,NONMOTR_COUNT,NONMOTR_DEATH_COUNT,NONMOTR_SUSP_SERIOUS_INJ_COUNT,NTFY_HIWY_MAINT,PED_COUNT,PED_DEATH_COUNT,PED_SUSP_SERIOUS_INJ_COUNT,PERSON_COUNT,POLICE_AGCY,POSSIBLE_INJ_COUNT,RDWY_SURF_TYPE_CD,RELATION_TO_ROAD,ROAD_CONDITION,ROADWAY_CLEARED,SCH_BUS_IND,SCH_ZONE_IND,SECONDARY_CRASH,SMALL_TRUCK_COUNT,SPEC_JURIS_CD,SUSP_MINOR_INJ_COUNT,SUSP_SERIOUS_INJ_COUNT,SUV_COUNT,TCD_FUNC_CD,TCD_TYPE,TFC_DETOUR_IND,TIME_OF_DAY,TOT_INJ_COUNT,TOTAL_UNITS,UNB_DEATH_COUNT,UNB_SUSP_SERIOUS_INJ_COUNT,UNBELTED_OCC_COUNT,UNK_INJ_DEG_COUNT,UNK_INJ_PER_COUNT,URBAN_AREA,URBAN_RURAL,VAN_COUNT,VEHICLE_COUNT,WEATHER1,WEATHER2,WORK_ZONE_IND,WORK_ZONE_LOC,WORK_ZONE_TYPE,WORKERS_PRES,WZ_CLOSE_DETOUR,WZ_FLAGGER,WZ_LAW_OFFCR_IND,WZ_LN_CLOSURE,WZ_MOVING,WZ_OTHER,WZ_SHLDER_MDN,WZ_WORKERS_INJ_KILLED
2008047072,1105,1,0,0,0,0,0,0,0,0,5,0,,67,3,2008,4,40.0375,-75.0129,1050.0,6,0,0,0,0,0,1,0,0,1.0,0,0,0,10,1,0,0,,2,40 02:15.738,2.0,0,75 00:43.963,0,0,0,0,67301,0,0,0,N,0,0,0,2,68K01,0,,1,1,,N,N,,1,,0,0,0,0.0,0,N,1045,0,2,0,0,0,0,0,3,4,0,2,3,,N,,,,,,,,,,,
2008046758,1659,2,0,0,0,0,0,0,0,0,1,0,,67,3,2008,3,40.0119,-75.2049,1655.0,6,0,0,0,0,0,0,0,0,,0,0,0,16,1,0,7,,0,40 00:39.640,,2,75 12:22.120,0,0,0,0,67301,0,0,0,N,0,0,0,2,68K01,0,,1,1,,N,N,,0,,0,0,0,3.0,3,,1655,0,2,0,0,0,0,0,3,4,0,2,3,,N,,,,,,,,,,,
2008027215,1334,2,0,0,0,0,0,0,0,0,1,0,,67,1,2008,2,40.0323,-75.051,1329.0,6,0,0,0,0,0,0,0,0,,0,0,0,13,1,2,1,,0,40 01:56.000,,0,75 03:03.546,8,0,0,0,67301,0,0,0,N,0,0,0,5,67301,0,,1,1,,,N,,0,,0,0,0,2.0,2,,1329,2,2,0,0,0,2,1,3,4,0,2,3,,N,,,,,,,,,,,
2008027228,1525,2,0,0,0,0,0,0,0,0,6,0,,67,1,2008,6,39.9933,-75.1003,1520.0,6,0,0,0,0,0,0,0,0,,0,0,0,15,1,1,1,,0,39 59:35.905,,0,75 06:01.162,4,0,0,0,67301,0,0,0,N,0,0,0,5,67301,1,,1,1,,N,N,,0,,0,0,0,3.0,3,,1515,1,2,0,0,0,0,2,3,4,0,2,3,,N,,,,,,,,,,,
2008060190,2040,2,0,0,0,0,0,0,0,0,1,0,,67,3,2008,7,39.9592,-75.2434,2034.0,6,0,0,0,0,0,0,0,1,,0,0,0,19,3,1,1,,0,39 57:33.020,,0,75 14:36.119,4,0,0,0,67301,0,0,0,N,0,0,0,3,67301,1,,1,1,,N,N,,0,,0,0,1,3.0,2,,1951,1,3,0,0,0,0,0,3,4,0,3,3,,N,,,,,,,,,,,
2008060260,1957,2,0,0,0,0,0,0,0,0,4,0,,67,3,2008,5,40.0318,-75.109,1951.0,6,0,0,0,0,0,1,0,0,,0,0,0,19,3,1,0,,0,40 01:54.451,,0,75 06:32.400,8,0,0,0,67301,0,0,0,,0,0,0,3,67301,0,,1,1,,N,N,,0,,0,0,0,0.0,0,,1951,1,2,0,0,0,1,0,3,4,0,2,3,,N,,,,,,,,,,,
2008047371,211,1,0,0,0,0,0,0,0,0,7,0,,67,1,2008,4,39.9658,-75.2332,207.0,6,0,0,0,0,0,0,0,0,,0,0,0,2,3,2,0,,0,39 57:56.770,,0,75 13:59.611,3,0,0,0,67301,0,0,0,,0,0,0,2,67301,0,,2,7,,,,,0,,2,0,0,0.0,0,,207,2,1,0,0,0,0,0,3,4,0,1,98,,N,,,,,,,,,,,
2008027028,1455,2,0,0,0,0,0,0,0,0,4,0,,67,1,2008,5,39.9478,-75.2295,1450.0,6,0,0,0,0,0,0,1,0,,0,0,0,14,1,1,1,,0,39 56:52.080,,0,75 13:46.200,8,0,0,0,67301,0,0,0,N,0,0,0,2,67301,0,,1,1,,N,N,,0,,0,0,0,3.0,2,,1445,1,2,0,0,0,1,0,3,4,0,2,3,,N,,,,,,,,,,,
2008027041,1700,1,0,0,0,0,0,0,0,0,4,0,,67,1,2008,2,40.0169,-75.1496,1653.0,6,0,0,0,0,0,0,1,0,,0,0,0,99,3,2,1,,0,40 01:00.000,,0,75 08:58.459,3,0,0,1,67301,0,0,0,,0,0,0,3,67301,0,,1,1,,N,N,,0,,1,0,0,3.0,2,,9999,2,2,0,0,0,1,0,3,4,0,2,3,,N,,,,,,,,,,,
2008042588,1510,1,0,0,0,0,0,0,0,0,7,0,,67,2,2008,3,40.0746,-75.2398,1504.0,6,0,0,0,0,0,0,0,0,,0,0,0,15,1,1,1,,0,40 04:28.722,,0,75 14:23.168,8,0,0,0,67301,0,0,0,,0,0,0,1,67301,0,,2,7,,,,,0,,0,0,0,0.0,0,,1504,1,1,0,0,0,1,0,3,4,0,1,10,,N,,,,,,,,,,,
2008040134,2332,4,0,0,0,0,0,0,0,0,1,0,,67,2,2008,6,39.9928,-75.1451,2332.0,6,0,0,0,0,0,0,0,0,,0,0,0,23,3,2,1,,0,39 59:33.000,,0,75 08:42.460,4,0,0,0,67301,0,0,0,N,0,0,0,3,67301,1,,1,1,,N,N,,0,,0,0,0,3.0,2,,2332,2,4,0,0,0,1,0,3,4,0,4,3,,N,,,,,,,,,,,
2008027652,1818,1,0,0,0,0,0,0,0,0,7,0,,67,2,2008,3,39.9991,-75.1953,1755.0,6,0,0,0,0,0,0,0,0,1.0,0,0,0,17,3,0,0,,1,40 00:00.609,4.0,0,75 11:41.726,0,0,0,0,67301,0,0,0,N,0,0,0,1,68K01,0,,1,1,,N,N,,0,,0,0,0,0.0,0,N,1751,0,1,0,0,0,0,0,3,4,0,1,3,,N,,,,,,,,,,,
2008064325,1127,1,0,0,0,0,0,0,0,0,7,0,,67,5,2008,6,40.0004,-75.1948,1107.0,6,0,0,0,0,0,0,0,0,1.0,0,0,0,11,1,1,0,,1,40 00:04.205,4.0,0,75 11:40.811,4,0,0,0,67301,0,0,0,N,0,0,0,1,68K01,1,,2,9,,N,N,,0,,0,0,0,0.0,0,N,1106,1,1,0,0,0,0,0,3,4,0,1,7,,N,,,,,,,,,,,
2008057085,1958,1,0,0,0,0,0,0,0,0,8,0,,67,4,2008,6,39.9559,-75.2223,1954.0,6,0,0,0,0,0,0,0,0,,0,0,0,19,3,1,0,,0,39 57:21.268,,0,75 13:20.272,8,0,0,0,67301,1,0,0,N,1,0,0,2,67301,0,,1,1,,N,N,,0,,0,0,0,0.0,0,,1944,1,2,0,0,0,1,0,3,4,0,1,3,,N,,,,,,,,,,,
2008057156,2130,2,0,0,0,0,0,0,0,0,4,0,,67,3,2008,1,40.0869,-74.972,2126.0,6,0,0,1,0,0,0,0,0,2.0,0,0,0,21,3,3,1,,2,40 05:12.489,1.0,0,74 58:19.242,3,0,0,0,67301,0,0,0,N,0,0,0,4,67301,1,,1,1,,N,N,,0,,2,0,0,3.0,2,Y,2125,3,2,0,0,0,0,0,3,4,0,2,3,,N,,,,,,,,,,,
2008057161,920,1,0,0,0,0,0,0,0,0,2,0,,67,4,2008,6,39.9746,-75.1598,919.0,6,0,0,0,0,0,0,0,0,,0,0,0,9,1,1,1,,0,39 58:28.588,,0,75 09:35.171,4,0,0,0,67301,0,0,0,,0,0,0,2,67301,1,,1,1,,N,N,,0,,0,0,1,9.0,3,,918,1,2,0,0,0,0,0,3,4,0,2,3,,N,,,,,,,,,,,
2008057288,9999,0,0,0,0,0,0,0,0,0,0,0,,67,3,2008,2,40.0588,-75.085,700.0,6,0,0,0,0,0,0,0,0,,0,0,0,7,1,1,0,,0,40 03:31.646,,0,75 05:06.109,8,0,0,0,67301,0,0,0,N,0,0,0,1,67301,0,,1,1,,N,N,,0,,0,0,0,0.0,0,,700,1,1,0,0,0,1,0,3,4,1,1,3,,N,,,,,,,,,,,
2008057302,1025,2,0,0,0,0,0,0,0,0,5,0,,67,3,2008,7,40.054,-75.1865,1019.0,6,0,0,0,0,0,0,0,0,,0,0,0,10,1,1,2,,0,40 03:14.290,,0,75 11:11.401,8,0,0,0,67301,0,0,0,,0,0,0,2,67301,0,,1,1,,N,N,,0,,0,0,0,3.0,3,,1018,1,2,0,0,0,1,0,3,4,0,2,3,,N,,,,,,,,,,,
2008057312,20,1,0,0,0,0,0,0,0,0,7,0,,67,4,2008,5,39.9929,-75.12,20.0,6,0,0,0,0,0,0,0,0,3.0,1,0,0,0,3,0,0,,2,39 59:34.458,5.0,0,75 07:11.922,1,0,0,0,67301,0,0,0,N,0,0,0,1,67301,0,2.0,2,1,,N,N,,0,0.0,0,0,1,0.0,0,N,4,0,2,0,0,0,0,0,3,4,0,2,3,,N,,,,,,,,,,,
2008057358,1621,3,0,0,0,0,0,0,0,0,1,0,,67,4,2008,6,40.1133,-75.0047,1617.0,6,0,1,0,0,0,1,0,0,,0,0,0,16,1,1,0,,0,40 06:47.779,,0,75 00:16.927,4,0,0,0,67301,0,0,0,N,0,0,0,5,67301,1,,1,1,,N,N,,0,,0,0,0,0.0,0,,1610,1,3,0,0,0,0,0,3,4,0,3,3,,N,,,,,,,,,,,
2008039835,1600,0,0,0,0,0,0,0,0,0,5,1,,67,3,2008,5,39.9327,-75.2002,1554.0,6,0,0,0,0,0,1,0,0,2.0,0,1,0,15,1,1,0,,1,39 55:55.000,3.0,0,75 12:00.299,8,0,0,0,67301,0,0,0,N,0,0,0,2,68K01,0,,1,1,,N,N,,1,,0,0,0,0.0,0,N,1554,1,2,0,0,0,1,0,3,4,0,2,3,,N,,,,,,,,,,,
2008026362,344,1,0,0,0,0,0,0,0,0,7,0,,67,2,2008,3,39.9321,-75.1999,339.0,6,0,0,0,0,1,0,0,0,3.0,0,0,0,3,3,0,3,,1,39 55:57.000,4.0,0,75 12:00.120,0,0,0,0,67301,0,0,0,Y,0,0,0,1,68K01,0,,7,1,,N,N,,0,,0,0,0,0.0,0,N,337,0,1,0,0,0,0,0,3,4,0,1,3,,N,,,,,,,,,,,
2008029180,2221,0,0,0,0,0,0,0,0,0,7,0,,67,1,2008,3,39.8886,-75.247,2211.0,6,0,0,0,0,0,0,0,0,,0,0,0,22,3,1,0,,0,39 53:19.320,,0,75 14:48.840,4,0,0,0,67301,0,0,0,N,0,0,0,1,67301,1,,4,1,,N,N,,1,,0,0,0,0.0,0,,2200,1,1,0,0,0,0,0,3,4,0,1,3,,N,,,,,,,,,,,
2008044630,1508,1,0,0,0,0,0,0,0,0,8,0,,67,1,2008,3,39.9515,-75.1564,1505.0,6,0,0,0,0,0,0,0,0,,0,0,0,15,1,1,0,,0,39 57:05.450,,0,75 09:23.187,4,0,0,0,67301,1,0,0,,1,0,0,2,67301,1,,1,1,,,,,0,,0,0,0,0.0,0,,1500,1,2,0,0,0,0,1,3,4,0,1,3,,N,,,,,,,,,,,
2008044639,9999,1,0,0,0,0,0,1,0,0,4,1,,67,2,2008,4,40.009,-75.1492,1428.0,6,0,0,0,0,0,0,0,0,1.0,0,0,0,99,1,3,0,,1,40 00:32.000,3.0,0,75 08:56.880,3,0,0,0,67301,0,0,0,N,0,0,0,5,67301,0,,5,9,,N,N,,0,,3,0,0,0.0,0,N,9999,3,2,0,0,1,0,0,3,4,0,2,7,,N,,,,,,,,,,,
2008044652,1247,1,0,0,0,0,0,0,0,0,4,0,,67,1,2008,1,39.9815,-75.1886,1240.0,6,0,0,0,0,0,0,0,0,,0,0,0,12,1,2,1,,0,39 58:53.272,,0,75 11:19.104,4,0,0,0,67301,0,0,0,N,0,0,0,4,67301,2,,1,1,,N,N,,0,,0,0,1,9.0,2,,1240,2,2,0,0,0,0,0,3,4,0,2,3,,N,,,,,,,,,,,
2008026930,1253,2,0,0,0,0,0,0,0,0,4,0,,67,1,2008,4,40.0296,-75.0808,1253.0,6,0,0,0,1,0,0,0,0,,0,0,0,12,1,2,1,,0,40 01:46.491,,0,75 04:51.013,4,0,0,0,67301,0,0,0,,0,0,0,4,67301,2,,1,1,,,,,0,,0,0,0,0.0,0,,1253,2,2,0,0,0,0,0,3,4,0,2,3,,N,,,,,,,,,,,
2008119035,849,2,0,0,0,0,0,0,0,0,4,0,,67,10,2008,6,40.0405,-75.0474,847.0,6,0,0,0,0,0,1,0,0,,0,0,0,8,1,1,1,,0,40 02:25.792,,0,75 02:50.463,4,0,0,0,67301,0,0,0,N,0,0,0,2,67301,1,,1,1,,N,N,,0,,0,0,0,3.0,2,,846,1,2,0,0,0,0,0,3,4,0,2,3,,N,,,,,,,,,,,
2008087941,1455,0,0,0,0,0,0,0,0,0,6,0,,67,6,2008,1,39.9278,-75.237,1452.0,6,0,0,0,0,0,0,0,0,,0,0,0,14,1,1,1,,0,39 55:40.110,,0,75 14:13.131,4,0,0,0,67301,0,0,0,N,0,0,0,3,67301,1,,1,1,,N,N,,1,,0,0,0,3.0,2,,1430,1,2,0,0,0,0,0,3,4,0,2,3,,N,,,,,,,,,,,
2008098095,1142,1,0,0,0,0,0,0,0,0,8,0,,67,7,2008,1,39.9536,-75.2182,1142.0,6,0,0,0,0,0,0,0,0,,0,0,0,11,1,1,1,,0,39 57:13.024,,0,75 13:05.347,3,0,0,0,67301,1,0,0,N,1,0,0,2,67301,0,,1,1,,N,N,,0,,1,0,0,3.0,2,,1140,1,2,0,0,0,0,0,3,4,0,1,3,,N,,,,,,,,,,,
2008095602,2345,1,0,0,1,0,0,0,0,0,4,0,,67,6,2008,2,39.9985,-75.1293,2343.0,6,0,0,0,0,0,0,0,0,,0,0,0,23,3,1,1,,0,39 59:54.633,,0,75 07:45.411,8,0,0,0,67301,1,0,0,,0,0,0,3,67301,0,,1,1,,,,,0,,0,0,0,3.0,2,,2343,1,2,0,0,0,1,0,3,4,0,1,3,,N,,,,,,,,,,,
2008101804,1920,2,0,0,0,0,0,0,0,0,1,0,,67,9,2008,5,39.9448,-75.191,1918.0,6,0,0,0,1,0,0,0,0,,0,0,0,19,4,2,0,,0,39 56:41.322,,2,75 11:27.593,8,0,0,0,67301,0,0,0,N,0,0,0,3,68K01,0,,1,1,,N,N,,0,,0,0,0,3.0,4,,1910,2,2,0,0,0,2,0,3,4,0,2,3,,N,,,,,,,,,,,
2008072717,2350,3,0,0,0,0,0,0,0,0,4,0,,67,4,2008,2,40.0595,-75.052,2347.0,6,0,0,0,0,0,2,0,0,1.0,0,0,0,23,3,1,1,,1,40 03:34.247,5.0,0,75 03:07.166,8,0,0,0,67301,0,0,0,N,0,0,0,3,67301,0,,1,9,,N,N,,0,,0,0,0,3.0,2,N,2344,1,3,0,0,0,1,0,3,4,0,3,7,,N,,,,,,,,,,,
2008087372,1256,0,0,0,0,0,0,0,0,0,7,0,,67,7,2008,5,39.9271,-75.1466,1248.0,6,0,0,0,0,0,0,0,0,1.0,0,0,0,12,1,0,0,,2,39 55:41.308,1.0,0,75 08:46.759,0,0,0,0,67301,0,0,0,N,0,0,0,1,68K01,0,,3,1,,N,N,,0,,0,0,1,0.0,0,Y,1246,0,1,0,0,0,0,0,3,4,0,1,3,,N,,,,,,,,,,,
2008079666,2208,2,0,0,0,0,0,0,0,0,1,0,,67,5,2008,3,40.0062,-75.0904,2203.0,6,0,0,0,1,0,0,0,0,,0,0,0,21,3,4,2,,0,40 00:21.960,,0,75 05:26.520,8,0,0,0,67301,0,0,0,N,0,0,0,4,67301,0,,1,9,,N,N,,0,,0,0,0,0.0,0,,2155,4,2,0,0,0,4,0,3,4,0,2,7,,N,,,,,,,,,,,
2008079674,1950,0,0,0,0,0,0,0,0,0,7,0,,67,5,2008,1,40.0295,-75.138,1950.0,6,0,0,0,0,0,0,0,0,,0,0,0,19,1,1,1,,0,40 01:46.304,,0,75 08:16.933,4,0,0,0,67301,0,0,0,N,0,0,0,1,67301,1,,5,9,,N,,,0,,0,0,0,3.0,2,,1950,1,1,0,0,0,0,0,3,4,1,1,99,,N,,,,,,,,,,,
2008072755,2352,0,0,0,0,0,0,0,0,0,0,0,,67,4,2008,6,39.9484,-75.2355,2346.0,6,0,0,0,0,0,0,0,0,,0,0,0,23,3,1,0,,0,39 56:54.175,,0,75 14:07.875,4,0,0,1,67301,0,0,0,N,0,0,0,1,67301,1,,1,1,,N,N,,0,,0,0,0,0.0,0,,2340,1,1,0,0,0,0,0,3,4,0,1,3,,N,,,,,,,,,,,
2008072785,1115,1,0,0,0,0,0,0,0,0,1,0,,67,4,2008,4,39.9513,-75.1993,1107.0,6,0,0,0,0,0,0,0,1,,0,0,0,11,1,1,1,,0,39 57:04.640,,0,75 11:57.352,8,0,0,1,67301,0,0,0,N,0,0,0,2,67301,0,,1,1,,N,N,,0,,0,0,0,3.0,2,,1105,1,2,0,0,0,1,0,3,4,0,2,3,,N,,,,,,,,,,,
2008082614,905,1,0,0,0,0,0,0,0,0,2,0,,67,5,2008,1,40.0351,-75.0695,858.0,6,0,0,0,0,0,0,0,0,2.0,0,0,0,8,1,5,5,,1,40 02:06.425,1.0,0,75 04:10.217,2,0,0,0,67301,0,0,0,N,0,0,0,5,67301,3,,1,1,,N,N,,0,,0,2,1,3.0,2,Y,858,5,2,0,1,1,0,0,3,4,0,2,3,,N,,,,,,,,,,,
2008082672,2100,2,0,0,0,0,0,0,0,0,1,0,,67,5,2008,5,39.9501,-75.2494,2053.0,6,0,0,0,0,0,1,0,0,1.0,0,0,0,20,3,4,2,,2,39 57:00.420,5.0,0,75 14:57.779,8,0,0,0,67301,0,0,0,N,0,0,0,5,67301,0,,1,1,,N,N,,0,,0,0,0,3.0,2,Y,2053,4,2,0,0,0,4,1,3,4,0,2,3,,N,,,,,,,,,,,
2008042101,710,1,0,0,0,0,0,0,0,0,5,0,,67,1,2008,6,40.0513,-75.142,700.0,6,0,0,0,0,0,0,0,0,,0,0,0,7,1,0,0,,0,40 03:04.000,,0,75 08:31.055,0,0,0,0,67301,0,0,0,N,0,0,0,1,67301,0,,6,9,,N,N,,1,,0,0,1,0.0,0,,700,0,3,0,0,0,0,0,3,4,0,3,7,,N,,,,,,,,,,,
2008057985,1005,1,0,0,0,0,0,0,0,0,4,0,,67,4,2008,3,,,958.0,6,0,0,0,0,0,1,0,0,,0,0,0,9,1,2,0,,0,,,0,,4,0,0,0,67301,0,0,0,,0,0,0,3,67301,2,,1,9,,N,N,,0,,0,0,1,0.0,0,,958,2,2,0,0,0,0,0,3,3,0,2,7,,N,,,,,,,,,,,
2008058245,1559,1,0,0,0,0,0,0,0,0,8,0,,67,4,2008,2,40.0357,-75.1858,1556.0,6,0,0,0,0,0,0,0,1,,0,0,0,15,1,1,0,,0,40 02:08.569,,0,75 11:08.729,8,0,0,0,67301,1,0,0,N,1,0,0,2,67301,0,,1,1,,N,N,,0,,0,0,0,0.0,0,,1530,1,2,0,0,0,1,0,3,4,0,1,3,,N,,,,,,,,,,,
2008044429,2256,2,0,0,0,0,0,0,0,0,4,0,,67,2,2008,1,39.9519,-75.2388,2255.0,6,0,0,0,0,0,1,0,0,,0,0,0,22,3,1,1,,0,39 57:07.016,,0,75 14:19.755,4,0,0,0,67301,0,0,0,,0,0,0,3,67301,1,,1,1,,,,,0,,0,0,0,3.0,2,,2253,1,2,0,0,0,0,0,3,4,0,2,3,,N,,,,,,,,,,,
2008060199,1225,2,0,0,0,0,0,0,0,0,6,0,,67,3,2008,6,39.9709,-75.2409,1225.0,6,0,0,0,0,0,1,0,0,1.0,0,0,0,12,1,0,1,,2,39 58:15.240,7.0,0,75 14:27.240,0,0,0,0,67301,0,0,0,N,0,0,0,2,67301,0,,1,1,,N,N,,0,,0,0,0,3.0,2,Y,1225,0,2,0,0,1,0,0,3,4,0,2,3,,N,,,,,,,,,,,
2008060201,437,2,0,0,0,0,0,0,0,0,6,0,,67,3,2008,3,40.0447,-75.025,435.0,6,0,0,0,0,0,0,0,0,,0,0,0,4,3,1,0,,0,40 02:41.064,,0,75 01:29.985,8,0,0,0,67301,0,0,0,N,0,0,0,1,67301,0,,6,1,,N,N,,1,,0,0,0,0.0,0,,430,1,3,0,0,0,1,0,3,4,0,3,3,,N,,,,,,,,,,,
2008060251,1631,0,0,0,1,0,0,0,0,0,4,0,,67,3,2008,2,39.9529,-75.1548,1627.0,6,0,0,0,0,0,0,0,0,,0,0,0,16,1,1,2,,0,39 57:10.285,,0,75 09:17.395,8,0,0,0,67301,1,0,0,N,0,0,0,2,67301,0,,1,1,,N,N,,1,,0,0,0,1.0,3,,1620,1,2,0,0,0,1,0,3,4,0,1,3,,N,,,,,,,,,,,
2008044914,839,2,0,0,0,0,0,1,0,0,5,1,,67,2,2008,4,40.0159,-75.1497,837.0,6,0,0,0,0,0,0,1,0,,0,0,0,8,1,0,2,,0,40 00:57.000,,0,75 08:58.845,0,0,0,0,67301,0,0,0,,0,0,0,8,67301,0,,1,6,,Y,N,,0,,0,0,1,0.0,0,,836,0,4,0,0,3,0,0,3,4,0,4,7,,N,,,,,,,,,,,
2008049848,1810,1,0,0,0,0,0,0,0,0,1,0,,67,2,2008,5,40.0544,-75.194,1803.0,6,0,0,0,0,0,0,0,0,,0,0,0,18,3,0,1,,0,40 03:15.698,,0,75 11:38.225,0,0,0,0,67301,0,0,0,N,0,0,0,2,67301,0,,1,1,,N,N,,0,,0,0,1,3.0,2,,1803,0,2,0,0,0,0,0,3,4,0,2,3,,N,,,,,,,,,,,
2008027033,1915,2,0,0,0,0,0,0,0,0,4,0,,67,1,2008,1,40.0612,-75.0835,1902.0,6,0,0,0,1,0,0,0,0,,0,0,0,18,3,1,5,,0,40 03:40.000,,0,75 05:00.751,4,0,0,0,67301,0,0,0,N,0,0,0,4,67301,1,,1,9,,N,N,,0,,0,0,0,3.0,2,,1855,1,2,0,0,0,0,0,3,4,0,2,7,,N,,,,,,,,,,,
2008027049,1330,1,0,0,0,0,0,0,0,0,2,0,,67,1,2008,5,40.0316,-75.0633,1335.0,6,0,0,0,0,0,1,0,0,,0,0,0,13,1,1,1,,0,40 01:53.000,,0,75 03:47.426,8,0,0,0,67301,0,0,0,N,0,0,0,4,67301,0,,1,1,,N,N,,0,,0,0,0,3.0,2,,1330,1,2,0,0,0,1,0,3,4,1,2,3,,N,,,,,,,,,,,
2008040113,1620,0,0,0,0,0,0,1,0,0,7,1,,67,1,2008,3,39.913,-75.1819,1610.0,6,0,0,0,0,0,0,0,0,3.0,0,0,0,16,1,5,1,,2,39 54:46.000,1.0,0,75 10:54.999,8,0,0,0,67301,0,0,0,,0,0,0,13,67301,0,,2,9,,Y,N,,0,,0,0,0,0.0,0,Y,1600,5,2,0,0,0,5,0,3,4,0,1,7,,N,,,,,,,,,,,
2008040114,2000,2,0,0,0,0,0,0,0,0,6,0,,67,2,2008,7,40.0617,-75.1368,1948.0,6,0,0,0,0,0,1,0,0,,0,0,0,19,3,1,1,,0,40 03:42.540,,0,75 08:12.217,8,0,0,0,67301,0,0,0,N,0,0,0,2,67301,0,,1,1,,N,N,,0,,0,0,0,3.0,2,,1948,1,2,0,0,0,1,0,3,4,0,2,3,,N,,,,,,,,,,,
2008040121,549,2,0,0,0,0,0,0,0,0,2,0,,67,2,2008,7,,,545.0,6,0,0,0,0,0,0,0,0,2.0,0,0,0,5,3,1,0,,1,,1.0,0,,3,0,0,0,67301,0,0,0,N,0,0,0,2,67301,0,,1,1,,N,N,,0,,1,0,0,0.0,0,N,545,1,2,0,0,0,0,0,3,3,0,2,3,,N,,,,,,,,,,,
2008040122,808,1,0,0,0,0,0,0,0,0,8,0,,67,2,2008,5,39.9519,-75.2348,806.0,6,0,0,0,0,0,0,0,0,,0,0,0,8,1,1,0,,0,39 57:06.753,,0,75 14:05.200,4,0,0,0,67301,1,0,0,,1,0,0,5,67301,1,,1,1,,N,N,,0,,0,0,0,0.0,0,,805,1,2,0,0,0,0,0,3,4,0,1,3,,N,,,,,,,,,,,
2008040125,1845,3,0,0,0,0,0,0,0,0,1,0,,67,1,2008,2,40.0515,-75.1501,1845.0,6,0,0,0,0,0,1,0,0,,0,0,0,18,3,1,1,,0,40 03:05.000,,0,75 09:00.524,4,0,0,0,67301,0,0,0,N,0,0,0,3,67301,1,,1,9,,N,N,,0,,0,0,0,3.0,2,,1840,1,3,0,0,0,0,1,3,4,0,3,7,,N,,,,,,,,,,,
2008057081,1606,1,0,0,0,0,0,0,0,0,1,0,,67,3,2008,2,39.9616,-75.1993,1605.0,6,0,0,0,0,0,0,0,0,2.0,0,0,0,16,1,5,5,,2,39 57:41.786,7.0,0,75 11:57.965,8,0,0,0,67301,0,0,0,N,0,0,0,18,67301,0,,1,1,,N,N,,0,,0,0,0,3.0,2,Y,1600,5,2,0,0,0,5,12,3,4,0,2,3,,N,,,,,,,,,,,
2008057324,1600,1,0,0,0,0,0,0,0,0,2,0,,67,3,2008,3,40.0618,-75.0561,1556.0,6,0,0,0,0,0,2,0,0,1.0,0,0,0,15,1,2,1,,1,40 03:42.498,3.0,0,75 03:22.141,3,0,0,0,67301,0,0,0,N,0,0,0,2,67301,1,,1,1,,N,N,,0,,1,0,1,3.0,2,N,1545,2,2,0,0,2,0,0,3,4,0,2,3,,N,,,,,,,,,,,
2008042360,1435,3,0,0,0,0,0,0,0,0,4,0,,67,2,2008,5,39.9223,-75.1533,1433.0,6,0,0,0,0,0,0,0,0,2.0,0,0,0,14,1,3,5,,1,39 55:20.164,2.0,0,75 09:12.065,4,0,0,0,67301,0,0,0,,0,0,0,3,67301,3,,1,1,,,,,0,,0,0,0,3.0,3,Y,1430,3,3,0,0,1,0,0,3,4,0,3,3,,N,,,,,,,,,,,
2008029105,239,1,0,0,0,0,0,0,0,0,7,0,,67,1,2008,3,40.1065,-74.9956,231.0,6,0,0,0,0,1,0,0,0,3.0,0,0,0,2,3,1,0,,2,40 06:22.000,1.0,2,74 59:50.570,4,0,0,0,67301,0,0,0,Y,0,0,0,6,67301,1,,3,1,,N,N,,0,,0,0,0,0.0,0,N,230,1,1,0,0,0,0,0,3,4,0,1,3,,N,,,,,,,,,,,