CRN,ARRIVAL_TM,AUTOMOBILE_COUNT,BELTED_DEATH_COUNT,BELTED_SUSP_SERIOUS_INJ_COUNT,BICYCLE_COUNT,BICYCLE_DEATH_COUNT,BICYCLE_SUSP_SERIOUS_INJ_COUNT,BUS_COUNT,CHLDPAS_DEATH_COUNT,CHLDPAS_SUSP_SERIOUS_INJ_COUNT,COLLISION_TYPE,COMM_VEH_COUNT,CONS_ZONE_SPD_LIM,COUNTY,CRASH_MONTH,CRASH_YEAR,DAY_OF_WEEK,DEC_LAT,DEC_LONG,DISPATCH_TM,DISTRICT,DRIVER_COUNT_16YR,DRIVER_COUNT_17YR,DRIVER_COUNT_18YR,DRIVER_COUNT_19YR,DRIVER_COUNT_20YR,DRIVER_COUNT_50_64YR,DRIVER_COUNT_65_74YR,DRIVER_COUNT_75PLUS,EST_HRS_CLOSED,FATAL_COUNT,HEAVY_TRUCK_COUNT,HORSE_BUGGY_COUNT,HOUR_OF_DAY,ILLUMINATION,INJURY_COUNT,INTERSECT_TYPE,INTERSECTION_RELATED,LANE_CLOSED,LATITUDE,LN_CLOSE_DIR,LOCATION_TYPE,LONGITUDE,MAX_SEVERITY_LEVEL,MCYCLE_DEATH_COUNT,MCYCLE_SUSP_SERIOUS_INJ_COUNT,MOTORCYCLE_COUNT,MUNICIPALITY,NONMOTR_COUNT,NONMOTR_DEATH_COUNT,NONMOTR_SUSP_SERIOUS_INJ_COUNT,NTFY_HIWY_MAINT,PED_COUNT,PED_DEATH_COUNT,PED_SUSP_SERIOUS_INJ_COUNT,PERSON_COUNT,POLICE_AGCY,POSSIBLE_INJ_COUNT,RDWY_SURF_TYPE_CD,RELATION_TO_ROAD,ROAD_CONDITION,ROADWAY_CLEARED,SCH_BUS_IND,SCH_ZONE_IND,SECONDARY_CRASH,SMALL_TRUCK_COUNT,SPEC_JURIS_CD,SUSP_MINOR_INJ_COUNT,SUSP_SERIOUS_INJ_COUNT,SUV_COUNT,TCD_FUNC_CD,TCD_TYPE,TFC_DETOUR_IND,TIME_OF_DAY,TOT_INJ_COUNT,TOTAL_UNITS,UNB_DEATH_COUNT,UNB_SUSP_SERIOUS_INJ_COUNT,UNBELTED_OCC_COUNT,UNK_INJ_DEG_COUNT,UNK_INJ_PER_COUNT,URBAN_AREA,URBAN_RURAL,VAN_COUNT,VEHICLE_COUNT,WEATHER1,WEATHER2,WORK_ZONE_IND,WORK_ZONE_LOC,WORK_ZONE_TYPE,WORKERS_PRES,WZ_CLOSE_DETOUR,WZ_FLAGGER,WZ_LAW_OFFCR_IND,WZ_LN_CLOSURE,WZ_MOVING,WZ_OTHER,WZ_SHLDER_MDN,WZ_WORKERS_INJ_KILLED
2008029119,1852,2,0,0,0,0,0,0,0,0,4,0,,67,1,2008,3,40.0205,-75.0537,1835.0,6,0,0,0,0,1,1,0,0,,0,0,0,18,3,2,1,,0,40 01:13.000,,0,75 03:13.412,4,0,0,0,67301,0,0,0,N,0,0,0,5,67301,2,,1,1,,N,N,,0,,0,0,1,3.0,2,,1830,2,3,0,0,1,0,0,3,4,0,3,3,,N,,,,,,,,,,,
2008044661,1840,3,0,0,0,0,0,0,0,0,1,0,,67,2,2008,7,39.9273,-75.1876,1839.0,6,0,0,0,0,0,1,0,0,,0,0,0,4,3,1,0,,0,39 55:38.321,,0,75 11:15.367,4,0,0,0,67301,0,0,0,,0,0,0,1,67301,1,,1,1,,,,,0,,0,0,0,0.0,0,,403,1,3,0,0,1,0,0,3,4,0,3,3,,N,,,,,,,,,,,
2008119120,831,0,0,0,1,0,0,0,0,0,8,0,,67,9,2008,2,39.9391,-75.19,828.0,6,0,0,0,0,0,0,1,0,,0,0,0,8,1,1,2,,0,39 56:20.803,,0,75 11:24.086,4,0,0,0,67301,1,0,0,N,0,0,0,2,67301,1,,1,1,,N,N,,0,,0,0,1,1.0,3,,808,1,2,0,0,0,0,0,3,4,0,1,3,,N,,,,,,,,,,,
2008133530,1405,2,0,0,0,0,0,0,0,0,1,0,,67,10,2008,2,40.1007,-75.0297,1356.0,6,0,0,0,0,0,1,0,0,,0,0,0,13,1,1,2,,0,40 06:01.480,,0,75 01:47.570,8,0,0,0,67301,0,0,0,N,0,0,0,3,67301,0,,1,1,,,N,,0,,0,0,0,0.0,0,,1340,1,3,0,0,2,1,0,3,4,1,3,3,,N,,,,,,,,,,,
2008098111,1620,1,0,0,0,0,0,0,0,0,4,0,,67,5,2008,6,40.1018,-75.0275,1620.0,6,0,0,0,0,0,0,1,1,1.0,0,0,0,16,1,1,1,,1,40 06:06.588,3.0,0,75 01:38.906,4,0,0,0,67301,0,0,0,N,0,0,0,2,67301,1,,1,1,,N,N,,0,,0,0,0,3.0,2,N,1620,1,2,0,0,0,0,0,3,4,1,2,3,,N,,,,,,,,,,,
2008098117,1603,2,0,0,0,0,0,0,0,0,4,0,,67,6,2008,2,39.9732,-75.1838,1600.0,6,0,0,0,0,0,0,0,0,3.0,0,0,0,15,1,4,1,,2,39 58:23.617,6.0,0,75 11:01.532,4,0,0,0,67301,0,0,0,N,0,0,0,5,67301,4,,1,1,,N,N,,0,,0,0,0,3.0,2,Y,1555,4,2,0,0,0,0,0,3,4,0,2,3,,N,,,,,,,,,,,
2008098167,1230,2,0,0,0,0,0,0,0,0,4,0,,67,7,2008,7,40.0746,-75.0351,1222.0,6,0,0,0,0,0,0,0,0,1.0,0,0,0,12,1,0,1,,1,40 04:28.594,2.0,0,75 02:06.268,0,0,0,0,67301,0,0,0,N,0,0,0,2,67301,0,,1,1,,N,N,,0,,0,0,0,3.0,2,N,1215,0,2,0,0,0,0,0,3,4,0,2,3,,N,,,,,,,,,,,
2008079527,820,1,0,0,0,0,0,0,0,0,8,0,,67,5,2008,2,39.9514,-75.1686,815.0,6,0,0,0,0,0,1,0,0,,0,0,0,8,1,1,1,,0,39 57:05.195,,0,75 10:06.920,8,0,0,0,67301,1,0,0,,1,0,0,2,67301,0,,1,1,,,,,0,,0,0,0,3.0,2,,800,1,2,0,0,0,1,0,3,4,0,1,3,,N,,,,,,,,,,,
2008079529,1532,1,0,0,0,0,0,0,0,0,8,0,,67,5,2008,4,39.9692,-75.1704,1531.0,6,0,0,0,0,0,0,0,0,,0,0,0,15,1,1,1,,0,39 58:08.947,,0,75 10:13.288,4,0,0,0,67301,1,0,0,,1,0,0,2,67301,1,,1,1,,N,N,,0,,0,0,0,0.0,0,,1525,1,2,0,0,0,0,0,3,4,0,1,3,,N,,,,,,,,,,,
2008079686,855,0,0,0,0,0,0,0,0,0,7,0,,67,4,2008,3,40.052,-75.0624,855.0,6,0,0,0,0,0,0,0,0,3.0,0,0,0,8,1,1,0,,2,40 03:07.326,1.0,0,75 03:44.686,8,0,0,0,67301,0,0,0,N,0,0,0,1,67301,0,,5,1,,N,Y,,0,,0,0,1,0.0,0,Y,855,1,1,0,0,0,1,0,3,4,0,1,3,,N,,,,,,,,,,,
2008072787,850,1,0,0,0,0,0,0,0,0,0,0,,67,5,2008,5,40.0074,-75.1919,840.0,6,0,0,0,0,0,1,0,0,9.0,0,0,0,8,1,1,0,,1,40 00:28.402,1.0,0,75 11:28.702,4,0,0,0,67301,0,0,0,N,0,0,0,1,67301,1,,1,1,,N,N,,0,,0,0,0,0.0,0,N,840,1,1,0,0,0,0,0,3,4,0,1,3,,N,,,,,,,,,,,
2008087490,1615,2,0,0,0,0,0,0,0,0,5,0,,67,5,2008,1,40.0899,-74.9756,1610.0,6,0,0,1,0,0,1,0,0,,0,0,0,16,1,0,6,,0,40 05:23.640,,2,74 58:32.160,0,0,0,0,67301,0,0,0,,0,0,0,2,67301,0,,1,9,,,,,0,,0,0,0,0.0,0,,1600,0,2,0,0,0,0,0,3,4,0,2,7,,N,,,,,,,,,,,
2008079361,1727,1,0,0,0,0,0,0,0,0,8,0,,67,5,2008,1,40.0266,-75.1394,1727.0,6,0,0,0,0,0,0,0,0,,0,0,0,17,1,1,0,,0,40 01:35.806,,0,75 08:21.688,4,0,0,0,67301,1,0,0,N,1,0,0,2,67301,1,,1,9,,N,N,,0,,0,0,0,0.0,0,,1727,1,2,0,0,0,0,0,3,4,0,1,3,,N,,,,,,,,,,,
2008070535,2021,2,0,0,0,0,0,0,0,0,1,0,,67,5,2008,6,39.9242,-75.1925,2011.0,6,0,0,0,0,0,1,0,0,1.0,0,0,0,20,3,1,0,,1,39 55:30.720,4.0,0,75 11:35.880,8,0,0,0,67301,0,0,0,N,0,0,0,3,68K01,0,,1,9,,N,N,,0,,0,0,1,0.0,0,Y,2004,1,3,0,0,0,1,0,3,4,0,3,7,,N,,,,,,,,,,,
2008072509,2230,1,0,0,0,0,0,0,0,0,4,0,,67,4,2008,5,39.9746,-75.1992,2230.0,6,0,0,0,0,0,1,0,0,1.0,1,0,0,22,3,1,2,,1,39 58:28.560,4.0,2,75 11:57.120,1,1,0,1,67301,0,0,0,N,0,0,0,2,67301,1,2.0,1,1,,N,N,,0,0.0,0,0,0,3.0,2,N,2230,1,2,0,0,0,0,0,3,4,0,2,3,,N,,,,,,,,,,,
2008079268,110,1,0,0,0,0,0,0,0,0,8,0,,67,6,2008,2,40.0356,-75.0705,102.0,6,0,0,0,0,0,0,0,0,,0,0,0,1,6,1,1,,0,40 02:02.926,,0,75 04:17.082,4,0,0,0,67301,1,0,0,N,1,0,0,2,67301,1,,1,1,,N,N,,0,,0,0,0,3.0,2,,102,1,2,0,0,0,0,0,3,4,0,1,3,,N,,,,,,,,,,,
2008069635,1910,1,0,0,0,0,0,0,0,0,8,0,,67,4,2008,7,39.9245,-75.2219,1909.0,6,0,0,0,0,0,0,0,0,,0,0,0,18,1,1,0,,0,39 55:27.881,,0,75 13:18.943,8,0,0,0,67301,1,0,0,,1,0,0,2,67301,0,,1,1,,,,,0,,0,0,0,0.0,0,,1857,1,2,0,0,0,1,0,3,4,0,1,3,,N,,,,,,,,,,,
2008120212,2300,1,0,0,0,0,0,0,0,0,1,0,,67,9,2008,5,39.8975,-75.2525,2250.0,6,0,0,0,0,0,0,0,0,,0,0,0,20,3,1,1,,0,39 53:50.506,,0,75 15:07.793,8,0,0,0,67301,0,0,0,N,0,0,0,2,67301,0,,1,9,,N,N,,1,,0,0,0,0.0,0,,2050,1,2,0,0,2,1,0,3,4,0,2,7,,N,,,,,,,,,,,
2008132882,1746,0,0,0,0,0,0,0,0,0,4,0,,67,10,2008,1,39.9934,-75.1508,1745.0,6,0,0,0,0,0,0,0,0,,0,0,0,17,1,1,1,,0,39 59:36.414,,0,75 09:02.806,4,0,0,1,67301,0,0,0,N,0,0,0,4,67301,1,,1,1,,N,N,,0,,0,0,0,3.0,2,,1744,1,2,0,0,0,0,1,3,4,1,2,3,,N,,,,,,,,,,,
2008133162,1635,0,0,0,0,0,0,0,0,0,4,0,,67,10,2008,4,39.9751,-75.195,1629.0,6,0,0,0,0,0,0,0,0,,0,0,0,99,1,3,1,,0,39 58:30.316,,0,75 11:41.875,8,0,0,0,67301,0,0,0,N,0,0,0,4,67301,0,,1,1,,N,N,,1,,0,0,0,3.0,2,,9999,3,2,0,0,3,3,1,3,4,1,2,3,,N,,,,,,,,,,,
2008132909,1148,1,0,0,0,0,0,0,0,0,4,0,,67,11,2008,5,40.001,-75.1481,1142.0,6,0,0,0,0,0,1,0,0,2.0,0,0,0,11,1,1,0,,2,40 00:03.524,6.0,0,75 08:53.244,8,0,0,0,67301,0,0,0,N,0,0,0,5,67301,0,,1,9,,N,N,,0,,0,0,0,0.0,0,Y,1138,1,2,0,0,1,1,0,3,4,1,2,3,,N,,,,,,,,,,,
2008132910,1427,2,0,0,0,0,0,0,0,0,1,0,,67,11,2008,7,40.0108,-75.1266,1427.0,6,0,0,0,0,2,0,0,0,2.0,0,0,0,14,1,0,1,,1,40 00:38.808,1.0,0,75 07:35.921,0,0,0,0,67301,0,0,0,N,0,0,0,3,67301,0,,1,9,,N,N,,0,,0,0,0,3.0,2,N,1427,0,2,0,0,0,0,0,3,4,0,2,7,,N,,,,,,,,,,,
2008026689,947,2,0,0,0,0,0,0,0,0,5,0,,67,1,2008,5,39.9791,-75.2307,944.0,6,0,0,0,0,1,1,0,0,,0,0,0,9,1,1,3,,0,39 58:44.000,,0,75 13:50.685,8,0,0,0,67301,0,0,0,N,0,0,0,3,67301,0,,1,1,,N,N,,0,,0,0,0,3.0,3,,920,1,2,0,0,0,1,1,3,4,0,2,3,,N,,,,,,,,,,,
2008042111,1501,2,0,0,0,0,0,0,0,0,1,0,,67,2,2008,1,40.1079,-75.0264,1500.0,6,0,0,0,0,0,1,0,1,,0,0,0,14,1,1,3,,0,40 06:28.000,,0,75 01:35.427,4,0,0,0,67301,0,0,0,,0,0,0,3,67301,1,,1,1,,,,,0,,0,0,0,3.0,2,,1455,1,3,0,0,0,0,0,3,4,1,3,3,,N,,,,,,,,,,,
2008036792,2257,1,0,0,0,0,0,0,0,0,5,1,,67,2,2008,3,40.0021,-75.195,2250.0,6,0,0,0,0,0,0,0,0,2.0,0,1,0,22,3,3,0,,1,40 00:05.000,3.0,0,75 11:41.852,4,0,0,0,67301,0,0,0,N,0,0,0,5,68K01,1,,1,1,,N,N,,0,,0,0,0,0.0,0,Y,2247,3,2,0,0,0,2,1,3,4,0,2,3,,N,,,,,,,,,,,
2008058227,1440,2,0,0,0,0,0,0,0,0,1,0,,67,3,2008,5,39.8918,-75.2249,1431.0,6,0,0,0,0,0,1,0,0,,0,0,0,12,1,0,0,,0,39 53:30.480,,0,75 13:29.640,0,0,0,0,67301,0,0,0,N,0,0,0,3,67301,0,,1,1,,N,N,,0,,0,0,0,3.0,7,,1230,0,2,0,0,0,0,0,3,4,0,2,3,,N,,,,,,,,,,,
2008058234,1505,2,0,0,0,0,0,0,0,0,5,0,,67,3,2008,6,39.9672,-75.1702,1502.0,6,0,0,0,0,0,0,0,0,,0,0,0,14,1,1,1,,0,39 58:02.096,,0,75 10:12.619,8,0,0,0,67301,0,0,0,N,0,0,0,1,67301,0,,2,1,,N,N,,0,,0,0,0,0.0,0,,1455,1,2,0,0,0,1,0,3,4,0,2,3,,N,,,,,,,,,,,
2008058052,1649,1,0,0,0,0,0,0,0,0,4,0,,67,3,2008,1,40.0071,-75.094,1647.0,6,0,0,0,0,1,1,0,0,,0,0,0,16,1,2,1,,0,40 00:25.549,,0,75 05:38.543,8,0,0,0,67301,0,0,0,N,0,0,0,4,67301,0,,1,1,,N,N,,0,,0,0,1,3.0,2,,1630,2,2,0,0,0,2,0,3,4,0,2,3,,N,,,,,,,,,,,
2008058056,1925,1,0,0,0,0,0,0,0,0,8,0,,67,3,2008,3,39.9194,-75.1707,1921.0,6,0,0,0,0,0,0,0,0,,0,0,0,19,3,0,1,,0,39 55:09.777,,0,75 10:14.533,0,0,0,0,67301,1,0,0,N,1,0,0,2,67301,0,,1,9,,N,N,,0,,0,0,0,3.0,2,,1920,0,2,0,0,0,0,0,3,4,0,1,7,,N,,,,,,,,,,,
2008053054,810,1,0,0,0,0,0,0,0,0,1,0,,67,2,2008,3,40.0578,-75.0087,807.0,6,0,0,0,0,0,0,0,0,,0,0,0,8,1,0,1,,0,40 03:28.059,,0,75 00:31.473,0,0,0,0,67301,0,0,0,N,0,0,0,3,67301,0,,1,1,,N,N,,0,,0,0,1,3.0,3,,805,0,2,0,0,0,0,0,3,4,0,2,3,,N,,,,,,,,,,,
2008040270,1859,1,0,0,0,0,0,0,0,0,6,0,,67,1,2008,2,40.0366,-75.1372,1830.0,6,0,0,0,0,0,0,0,0,,0,0,0,18,3,2,1,,0,40 02:11.605,,0,75 08:13.937,3,0,0,0,67301,0,0,0,N,0,0,0,2,67301,0,,1,1,,N,N,,0,,2,0,1,3.0,3,,1825,2,2,0,0,0,0,0,3,4,0,2,3,,N,,,,,,,,,,,
2008035371,1104,3,0,0,0,0,0,0,0,0,4,0,,67,3,2008,2,40.0764,-75.195,1103.0,6,0,0,0,0,0,0,0,2,,0,0,0,11,1,0,1,,0,40 04:35.000,,0,75 11:42.090,0,0,0,0,67301,0,0,0,N,0,0,0,3,46108,0,,1,1,,N,N,,0,,0,0,0,3.0,2,,1103,0,3,0,0,0,0,0,3,4,0,3,3,,N,,,,,,,,,,,
2008049871,13,2,0,0,0,0,0,0,0,0,4,0,,67,1,2008,6,39.9259,-75.1811,13.0,6,0,0,0,0,0,0,0,0,,0,0,0,0,3,0,1,,0,39 55:33.070,,0,75 10:52.130,0,0,0,0,67301,0,0,0,N,0,0,0,3,67301,0,,1,2,,N,N,,0,,0,0,0,3.0,2,,1,0,2,0,0,0,0,0,3,4,0,2,3,,N,,,,,,,,,,,
2008027038,1048,1,0,0,0,0,0,0,0,0,5,0,,67,1,2008,6,40.0827,-75.0533,1039.0,6,0,0,0,0,0,0,0,1,,0,0,0,10,1,1,0,,0,40 04:57.640,,0,75 03:12.034,4,0,0,0,67301,0,0,0,N,0,0,0,1,67301,1,,1,9,,N,N,,0,,0,0,0,0.0,0,,1039,1,2,0,0,1,0,0,3,4,1,2,7,,N,,,,,,,,,,,
2008027043,1300,2,0,0,0,0,0,0,0,0,2,0,,67,1,2008,6,40.0326,-75.0652,1250.0,6,0,0,0,0,0,0,0,0,1.0,0,0,0,12,1,1,2,,2,40 01:57.000,7.0,0,75 03:54.589,3,0,0,0,67301,0,0,0,,0,0,0,2,67301,0,,1,1,,,,,0,,1,0,1,3.0,3,N,1250,1,3,0,0,0,0,0,3,4,0,3,3,,N,,,,,,,,,,,
2008061810,1401,0,0,0,0,0,0,0,0,0,0,0,,67,5,2008,4,39.9696,-75.1267,1358.0,6,0,0,0,0,0,0,0,0,,0,0,0,13,1,3,0,,0,39 58:05.881,,0,75 07:47.401,4,0,0,0,67301,0,0,0,N,0,0,0,4,68K01,3,,1,1,,N,N,,1,,0,0,0,0.0,0,,1349,3,2,0,0,0,0,0,3,4,1,2,3,,N,,,,,,,,,,,
2008064751,1623,1,0,0,0,0,0,0,0,0,1,0,,67,5,2008,4,39.9833,-75.098,1621.0,6,0,0,0,0,0,0,0,1,1.0,0,0,0,16,1,0,0,,2,39 59:00.231,1.0,0,75 05:52.046,0,0,0,0,67301,0,0,0,N,0,0,0,4,68K01,0,,1,1,,N,N,,2,,0,0,0,0.0,0,N,1616,0,3,0,0,0,0,0,3,4,0,3,3,,N,,,,,,,,,,,
2008057354,1655,2,0,0,0,0,0,0,0,0,1,0,,67,3,2008,2,39.8946,-75.2367,1647.0,6,0,0,0,0,0,0,0,0,,0,0,0,16,1,1,1,,0,39 53:40.604,,0,75 14:12.181,3,0,0,0,67301,0,0,0,N,0,0,0,7,67301,0,,1,9,,N,N,,0,,1,0,0,3.0,2,,1620,1,2,0,0,0,0,2,3,4,0,2,7,,N,,,,,,,,,,,
2008057355,1710,2,0,0,0,0,0,0,0,0,7,0,,67,3,2008,1,39.9014,-75.2393,1706.0,6,0,0,0,0,0,0,0,0,2.0,0,0,0,16,1,1,2,,1,39 54:04.924,1.0,0,75 14:21.456,4,0,0,0,67301,0,0,0,N,0,0,0,3,67301,1,,1,1,,N,N,,0,,0,0,0,3.0,2,N,1625,1,2,0,0,0,0,1,3,4,0,2,3,,N,,,,,,,,,,,
2008059817,1252,1,0,0,0,0,0,0,0,0,1,0,,67,4,2008,7,39.959,-75.1706,1244.0,6,0,0,0,0,0,0,1,0,,0,1,0,12,1,1,0,,0,39 57:32.487,,0,75 10:15.569,8,0,0,0,67301,0,0,0,N,0,0,0,2,68K01,0,,1,1,,N,N,,0,,0,0,0,0.0,0,,1242,1,2,0,0,0,1,0,3,4,0,2,3,,N,,,,,,,,,,,
2008062484,705,1,0,0,0,0,0,0,0,0,4,1,,67,5,2008,6,39.959,-75.171,655.0,6,0,0,0,0,0,1,1,0,3.0,0,1,0,6,1,3,0,,2,39 57:32.662,4.0,0,75 10:16.983,8,0,0,0,67301,0,0,0,N,0,0,0,4,68K01,0,,1,9,,N,N,,0,,0,0,0,0.0,0,Y,648,3,2,0,0,0,3,0,3,4,0,2,7,,N,,,,,,,,,,,
2008057674,207,1,0,0,0,0,0,0,0,0,4,0,,67,4,2008,1,39.9541,-75.1395,204.0,6,0,0,0,0,0,0,0,0,2.0,0,0,0,1,3,6,2,,2,39 57:15.517,2.0,0,75 08:23.025,4,0,0,0,67301,0,0,0,N,0,0,0,6,67301,2,,1,1,,N,N,,0,,0,0,1,0.0,0,Y,159,6,2,0,0,0,4,0,3,4,0,2,3,,N,,,,,,,,,,,
2008060188,55,2,0,0,0,0,0,0,0,0,5,0,,67,3,2008,7,40.0299,-75.0878,50.0,6,0,0,0,0,0,0,0,0,,0,0,0,0,3,1,1,,0,40 01:47.231,,0,75 05:16.817,4,0,0,0,67301,0,0,0,N,0,0,0,5,67301,1,,1,1,,N,N,,0,,0,0,0,3.0,2,,45,1,2,0,0,0,0,0,3,4,0,2,3,,N,,,,,,,,,,,
2008057730,215,3,0,0,0,0,0,0,0,0,1,0,,67,3,2008,3,40.0302,-75.035,203.0,6,0,0,0,1,0,0,0,0,,0,0,0,2,3,1,0,,0,40 01:48.844,,0,75 02:05.844,3,0,0,0,67301,0,0,0,N,0,0,0,1,67301,0,,6,1,,N,N,,0,,1,0,0,0.0,0,,203,1,3,0,0,0,0,0,3,4,0,3,3,,N,,,,,,,,,,,
2008029081,351,2,0,0,0,0,0,0,0,0,4,0,,67,1,2008,7,39.9531,-75.1943,351.0,6,0,0,0,0,0,0,0,0,,0,0,0,3,3,0,0,,0,39 57:11.000,,0,75 11:39.181,0,0,0,0,67301,0,0,0,,0,0,0,3,67504,0,,1,1,,,,,1,,0,0,0,3.0,2,,345,0,3,0,0,0,0,0,3,4,0,3,3,,N,,,,,,,,,,,
2008042139,752,1,0,0,0,0,0,0,0,0,5,1,,67,1,2008,3,,,752.0,6,0,0,0,0,0,0,0,0,,0,1,0,7,1,0,0,,0,,,0,,0,0,0,0,67301,0,0,0,,0,0,0,2,67501,0,,1,1,,N,N,,0,,0,0,0,9.0,8,,752,0,2,0,0,0,0,0,3,3,0,2,3,,N,,,,,,,,,,,
2008042159,1451,1,0,0,0,0,0,0,0,0,8,0,,67,1,2008,2,40.0353,-75.1214,1449.0,6,0,0,0,0,0,1,0,0,,0,0,0,14,1,1,2,,0,40 02:06.000,,0,75 07:17.099,4,0,0,0,67301,1,0,0,N,1,0,0,2,67301,1,,1,1,,N,N,,0,,0,0,0,3.0,2,,1445,1,2,0,0,0,0,0,3,4,0,1,3,,N,,,,,,,,,,,
2008044688,1900,1,0,0,0,0,0,0,0,0,8,0,,67,2,2008,6,40.0282,-75.11,1856.0,6,0,0,0,0,0,0,0,0,,0,0,0,18,3,1,1,,0,40 01:41.630,,0,75 06:35.612,8,0,0,0,67301,1,0,0,N,1,0,0,2,67301,0,,1,9,,N,N,,0,,0,0,0,3.0,2,,1850,1,2,0,0,0,1,0,3,4,0,1,7,,N,,,,,,,,,,,
2008044695,1804,0,0,0,0,0,0,0,0,0,8,0,,67,1,2008,2,40.0491,-75.0625,1802.0,6,0,0,0,0,0,0,0,0,9.0,0,0,0,18,3,1,1,,1,40 02:56.763,4.0,0,75 03:44.902,3,0,0,0,67301,1,0,0,N,1,0,0,3,67301,0,,1,1,,N,N,,0,,1,0,0,3.0,2,Y,1802,1,2,0,0,0,0,0,3,4,1,1,3,,N,,,,,,,,,,,
2008024495,700,2,0,0,0,0,0,0,0,0,4,0,,67,1,2008,3,39.8931,-75.2359,655.0,6,0,0,0,0,0,1,0,0,9.0,0,0,0,6,1,0,1,,1,39 53:34.000,2.0,2,75 14:08.155,0,0,0,0,67301,0,0,0,N,0,0,0,2,67301,0,,1,1,,N,N,,0,,0,0,0,0.0,0,N,650,0,2,0,0,0,0,0,3,4,0,2,3,,N,,,,,,,,,,,
2008119065,1900,1,0,0,1,0,0,0,0,0,4,0,,67,9,2008,3,40.0906,-74.9778,1856.0,6,0,0,0,0,0,0,0,0,,0,0,0,18,1,1,1,,0,40 05:26.228,,0,74 58:40.000,8,0,0,0,67301,1,0,0,N,0,0,0,2,67301,0,,1,1,,N,N,,0,,0,0,0,0.0,0,,1855,1,2,0,0,0,1,0,3,4,0,1,3,,N,,,,,,,,,,,
2008119083,2150,2,0,0,0,0,0,0,0,0,4,0,,67,9,2008,3,39.9179,-75.2242,2148.0,6,0,0,0,0,0,0,0,0,,0,0,0,20,3,3,2,,0,39 55:04.342,,0,75 13:27.274,8,0,0,0,67301,0,0,0,N,0,0,0,4,67301,0,,1,1,,N,N,,0,,0,0,0,3.0,3,,2000,3,2,0,0,0,3,1,3,4,0,2,3,,N,,,,,,,,,,,
2008133311,55,1,0,0,0,0,0,0,0,0,1,0,,67,10,2008,1,39.9309,-75.1463,55.0,6,0,0,0,0,0,0,0,0,,0,0,0,0,3,1,0,,0,39 55:51.384,,0,75 08:46.597,8,0,0,0,67301,0,0,0,N,0,0,0,2,67301,0,,6,1,,N,N,,1,,0,0,0,0.0,0,,50,1,2,0,0,1,1,0,3,4,0,2,3,,N,,,,,,,,,,,
2008133324,1435,1,0,0,0,0,0,1,0,0,1,1,,67,11,2008,2,40.0185,-75.0576,1433.0,6,0,0,0,0,0,0,0,0,,0,0,0,14,1,4,1,,0,40 01:06.465,,0,75 03:27.732,4,0,0,0,67301,0,0,0,N,0,0,0,5,67301,4,,1,1,,N,N,,0,,0,0,0,2.0,2,,1430,4,2,0,0,0,0,0,3,4,0,2,3,,N,,,,,,,,,,,
2008119132,2259,3,0,0,0,0,0,0,0,0,5,0,,67,9,2008,3,40.0145,-75.1782,2237.0,6,0,0,0,0,0,0,0,0,,0,0,0,22,3,1,0,,0,40 00:52.200,,1,75 10:41.520,4,0,0,0,67301,0,0,0,N,0,0,0,5,67301,1,,1,1,,N,N,,1,,0,0,0,0.0,0,,2203,1,4,0,0,0,0,2,3,4,0,4,3,,N,,,,,,,,,,,
2008079646,1830,2,0,0,0,0,0,0,0,0,4,0,,67,4,2008,3,39.9736,-75.2099,1826.0,6,0,0,0,0,0,0,1,0,2.0,0,0,0,18,1,2,2,,1,39 58:24.814,4.0,0,75 12:35.304,3,0,0,0,67301,0,0,0,N,0,0,0,2,67301,0,,1,1,,N,N,,0,,2,0,1,3.0,2,Y,1826,2,3,0,0,0,0,0,3,4,0,3,3,,N,,,,,,,,,,,
2008079685,540,1,0,0,0,0,0,0,0,0,1,0,,67,5,2008,7,39.959,-75.1719,532.0,6,0,0,0,0,0,0,0,0,,0,0,0,5,1,1,1,,0,39 57:32.907,,0,75 10:19.581,4,0,0,0,67301,0,0,0,,0,0,0,2,67301,1,,1,1,,N,N,,0,,0,0,1,3.0,2,,520,1,2,0,0,0,0,1,3,4,0,2,3,,N,,,,,,,,,,,
2008089930,1750,2,0,0,0,0,0,0,0,0,4,0,,67,6,2008,7,40.0405,-75.0591,1744.0,6,0,0,0,0,0,2,0,0,,0,0,0,15,1,2,2,,0,40 02:25.818,,0,75 03:32.713,4,0,0,0,67301,0,0,0,N,0,0,0,3,67301,2,,1,1,,N,N,,0,,0,0,0,3.0,2,,1535,2,2,0,0,0,0,0,3,4,0,2,3,,N,,,,,,,,,,,
2008072783,713,2,0,0,0,0,0,0,0,0,4,0,,67,4,2008,6,39.9593,-75.1599,710.0,6,0,0,0,0,0,0,0,0,,0,0,0,7,1,1,1,,0,39 57:33.501,,0,75 09:35.521,8,0,0,0,67301,0,0,0,N,0,0,0,2,67301,0,,1,1,,N,N,,0,,0,0,0,3.0,2,,708,1,2,0,0,0,1,1,3,4,0,2,3,,N,,,,,,,,,,,
2008079381,9999,2,0,0,0,0,0,0,0,0,5,0,,67,5,2008,1,40.0295,-75.1467,625.0,6,0,0,0,0,0,0,0,0,,0,0,0,99,1,2,1,,0,40 01:46.123,,0,75 08:48.184,8,0,0,0,67301,0,0,0,N,0,0,0,3,67301,0,,1,1,,N,N,,0,,0,0,0,9.0,2,,9999,2,2,0,0,0,2,0,3,4,0,2,3,,N,,,,,,,,,,,