CRN,ARRIVAL_TM,AUTOMOBILE_COUNT,BELTED_DEATH_COUNT,BELTED_SUSP_SERIOUS_INJ_COUNT,BICYCLE_COUNT,BICYCLE_DEATH_COUNT,BICYCLE_SUSP_SERIOUS_INJ_COUNT,BUS_COUNT,CHLDPAS_DEATH_COUNT,CHLDPAS_SUSP_SERIOUS_INJ_COUNT,COLLISION_TYPE,COMM_VEH_COUNT,CONS_ZONE_SPD_LIM,COUNTY,CRASH_MONTH,CRASH_YEAR,DAY_OF_WEEK,DEC_LAT,DEC_LONG,DISPATCH_TM,DISTRICT,DRIVER_COUNT_16YR,DRIVER_COUNT_17YR,DRIVER_COUNT_18YR,DRIVER_COUNT_19YR,DRIVER_COUNT_20YR,DRIVER_COUNT_50_64YR,DRIVER_COUNT_65_74YR,DRIVER_COUNT_75PLUS,EST_HRS_CLOSED,FATAL_COUNT,HEAVY_TRUCK_COUNT,HORSE_BUGGY_COUNT,HOUR_OF_DAY,ILLUMINATION,INJURY_COUNT,INTERSECT_TYPE,INTERSECTION_RELATED,LANE_CLOSED,LATITUDE,LN_CLOSE_DIR,LOCATION_TYPE,LONGITUDE,MAX_SEVERITY_LEVEL,MCYCLE_DEATH_COUNT,MCYCLE_SUSP_SERIOUS_INJ_COUNT,MOTORCYCLE_COUNT,MUNICIPALITY,NONMOTR_COUNT,NONMOTR_DEATH_COUNT,NONMOTR_SUSP_SERIOUS_INJ_COUNT,NTFY_HIWY_MAINT,PED_COUNT,PED_DEATH_COUNT,PED_SUSP_SERIOUS_INJ_COUNT,PERSON_COUNT,POLICE_AGCY,POSSIBLE_INJ_COUNT,RDWY_SURF_TYPE_CD,RELATION_TO_ROAD,ROAD_CONDITION,ROADWAY_CLEARED,SCH_BUS_IND,SCH_ZONE_IND,SECONDARY_CRASH,SMALL_TRUCK_COUNT,SPEC_JURIS_CD,SUSP_MINOR_INJ_COUNT,SUSP_SERIOUS_INJ_COUNT,SUV_COUNT,TCD_FUNC_CD,TCD_TYPE,TFC_DETOUR_IND,TIME_OF_DAY,TOT_INJ_COUNT,TOTAL_UNITS,UNB_DEATH_COUNT,UNB_SUSP_SERIOUS_INJ_COUNT,UNBELTED_OCC_COUNT,UNK_INJ_DEG_COUNT,UNK_INJ_PER_COUNT,URBAN_AREA,URBAN_RURAL,VAN_COUNT,VEHICLE_COUNT,WEATHER1,WEATHER2,WORK_ZONE_IND,WORK_ZONE_LOC,WORK_ZONE_TYPE,WORKERS_PRES,WZ_CLOSE_DETOUR,WZ_FLAGGER,WZ_LAW_OFFCR_IND,WZ_LN_CLOSURE,WZ_MOVING,WZ_OTHER,WZ_SHLDER_MDN,WZ_WORKERS_INJ_KILLED
2008079745,1604,1,0,0,0,0,0,0,0,0,7,0,,67,5,2008,6,40.0311,-75.1778,1601.0,6,0,0,0,0,0,0,0,1,,0,0,0,15,1,1,10,,0,40 01:51.992,,0,75 10:40.067,4,0,0,0,67301,0,0,0,N,0,0,0,1,67301,1,,5,1,,N,N,,0,,0,0,0,0.0,0,,1500,1,1,0,0,0,0,0,3,4,0,1,3,,N,,,,,,,,,,,
2008082654,1733,0,0,0,0,0,0,0,0,0,8,0,,67,5,2008,6,40.0333,-75.1067,1733.0,6,0,0,0,0,0,0,0,0,,0,0,0,17,1,1,0,,0,40 02:00.041,,0,75 06:24.076,4,0,0,0,67301,1,0,0,N,1,0,0,2,67301,1,,1,1,,N,N,,0,,0,0,0,0.0,0,,1733,1,2,0,0,0,0,0,3,4,1,1,3,,N,,,,,,,,,,,
2008076955,818,1,0,0,0,0,0,0,0,0,5,0,,67,6,2008,5,39.8917,-75.237,815.0,6,0,0,0,0,0,1,0,0,,0,0,0,8,1,1,0,,0,39 53:29.245,,0,75 14:14.664,4,0,0,0,67301,0,0,0,N,0,0,0,2,68K01,1,,1,1,,N,N,,0,,0,0,1,0.0,0,,808,1,2,0,0,0,0,0,3,4,0,2,3,,N,,,,,,,,,,,
2008072092,1552,2,0,0,0,0,0,0,0,0,4,0,,67,4,2008,6,39.9644,-75.1343,1549.0,6,0,0,0,0,0,0,0,0,,0,0,0,15,1,0,2,,0,39 57:52.333,,0,75 08:03.810,0,0,0,0,67301,0,0,0,N,0,0,0,2,67301,0,,1,1,,N,N,,0,,0,0,0,3.0,2,,1546,0,2,0,0,0,0,0,3,4,0,2,3,,N,,,,,,,,,,,
2008069652,9999,1,0,0,0,0,0,0,0,0,4,0,,67,4,2008,2,40.0689,-75.1818,1133.0,6,0,0,0,0,0,0,0,1,,0,0,0,11,1,1,1,,0,40 04:08.026,,0,75 10:54.330,4,0,0,0,67301,0,0,0,N,0,0,0,2,67301,1,,1,1,,N,N,,0,,0,0,1,3.0,2,,1133,1,2,0,0,0,0,1,3,4,0,2,3,,N,,,,,,,,,,,
2008080105,342,1,0,0,0,0,0,0,0,0,7,0,,67,6,2008,7,39.9913,-75.2036,342.0,6,0,0,0,0,0,0,0,0,1.0,0,0,0,3,3,0,0,,1,39 59:30.896,3.0,0,75 12:08.726,9,0,0,0,67301,0,0,0,N,0,0,0,1,68K01,0,,2,1,,N,N,,0,,0,0,0,0.0,0,N,329,0,1,0,0,0,0,1,3,4,0,1,3,,N,,,,,,,,,,,
2008058072,1308,2,0,0,0,0,0,0,0,0,4,0,,67,3,2008,6,40.0005,-75.1196,1305.0,6,0,0,0,0,0,0,0,0,,0,0,0,99,1,1,2,,0,40 00:01.684,,0,75 07:10.714,4,0,0,0,67301,0,0,0,N,0,0,0,2,67301,1,,1,1,,N,N,,0,,0,0,0,3.0,3,,9999,1,2,0,0,0,0,0,3,4,0,2,3,,N,,,,,,,,,,,
2008057981,1400,1,0,0,0,0,0,0,0,0,8,0,,67,4,2008,4,39.9394,-75.2304,1359.0,6,0,0,0,1,0,0,0,0,,0,0,0,20,3,1,1,,0,39 56:22.016,,0,75 13:49.609,3,0,0,0,67301,1,0,0,,1,0,0,2,67301,0,,1,9,,N,N,,0,,1,0,0,0.0,0,,2000,1,2,0,0,0,0,0,3,4,0,1,3,,N,,,,,,,,,,,
2008057991,751,3,0,0,0,0,0,0,0,0,1,0,,67,4,2008,5,40.0817,-74.9944,750.0,6,0,0,0,0,0,0,0,0,,0,0,0,7,1,2,2,,0,40 04:53.936,,0,74 59:39.961,4,0,0,0,67301,0,0,0,N,0,0,0,4,67301,2,,1,1,,N,N,,1,,0,0,0,3.0,2,,745,2,4,0,0,0,0,0,3,4,0,4,3,,N,,,,,,,,,,,
2008058230,1200,2,0,0,0,0,0,0,0,0,5,0,,67,4,2008,3,39.9149,-75.2347,1145.0,6,0,0,0,0,0,0,0,1,,0,0,0,11,1,1,1,,0,39 54:53.676,,0,75 14:04.783,3,0,0,0,67301,0,0,0,N,0,0,0,3,67301,0,,1,9,,N,N,,0,,1,0,0,3.0,2,,1130,1,2,0,0,0,0,0,3,4,0,2,7,,N,,,,,,,,,,,
2008058047,955,2,0,0,0,0,0,0,0,0,4,0,,67,3,2008,4,39.9654,-75.1904,952.0,6,0,0,0,0,0,0,0,1,,0,0,0,9,1,1,1,,0,39 57:55.389,,0,75 11:25.403,8,0,0,0,67301,0,0,0,N,0,0,0,3,67301,0,,1,1,,N,N,,0,,0,0,0,3.0,3,,950,1,2,0,0,0,1,0,3,4,0,2,3,,N,,,,,,,,,,,
2008053095,47,1,0,0,0,0,0,0,0,0,0,0,,67,1,2008,3,40.0314,-75.2201,37.0,6,0,0,0,0,0,1,0,0,,0,0,0,0,3,0,0,,0,40 01:53.079,,0,75 13:12.367,0,0,0,0,67301,0,0,0,,0,0,0,1,67301,0,,6,1,,,,,1,,0,0,0,0.0,0,,23,0,2,0,0,0,0,0,3,4,0,2,3,,N,,,,,,,,,,,
2008046763,850,0,0,0,0,0,0,0,0,0,7,0,,67,3,2008,1,39.96,-75.1799,848.0,6,0,0,0,0,0,1,0,0,1.0,0,0,0,8,1,3,6,,1,39 57:36.000,3.0,2,75 10:47.640,8,0,0,0,67301,0,0,0,N,0,0,0,4,68K01,0,,2,9,,N,N,,0,,0,0,0,0.0,0,N,848,3,1,0,0,0,3,0,3,4,1,1,7,,N,,,,,,,,,,,
2008044453,1452,2,0,0,0,0,0,0,0,0,1,0,,67,1,2008,6,40.0092,-75.1513,1450.0,6,0,0,0,0,0,0,0,1,,0,0,0,14,1,1,0,,0,40 00:33.069,,0,75 09:04.517,8,0,0,0,67301,0,0,0,N,0,0,0,2,67301,0,,1,1,,N,N,,0,,0,0,0,0.0,0,,1450,1,2,0,0,2,1,0,3,4,0,2,3,,N,,,,,,,,,,,
2008015400,1720,1,0,0,0,0,0,0,0,0,7,0,,67,1,2008,4,39.8818,-75.2456,1650.0,6,0,0,0,0,0,0,0,0,,0,0,0,16,1,0,0,,0,39 52:54.879,,0,75 14:44.005,0,0,0,0,67301,0,0,0,N,0,0,0,2,68K01,0,,2,1,,N,N,,0,,0,0,0,0.0,0,,1643,0,1,0,0,0,0,0,3,4,0,1,3,,N,,,,,,,,,,,
2008060246,2020,1,0,0,1,0,0,0,0,0,4,0,,67,4,2008,5,39.9966,-75.1017,2016.0,6,0,0,0,0,0,0,0,0,,0,0,0,20,3,1,2,,0,39 59:47.590,,0,75 06:05.954,8,0,0,0,67301,1,0,0,N,0,0,0,2,67301,0,,1,1,,N,N,,0,,0,0,0,3.0,3,,2005,1,2,0,0,0,1,0,3,4,0,1,3,,N,,,,,,,,,,,
2008044913,1604,1,0,0,0,0,0,0,0,0,8,0,,67,1,2008,5,40.0118,-75.1763,1600.0,6,0,0,0,0,0,1,0,0,,0,0,0,16,4,1,0,,0,40 00:42.000,,0,75 10:34.736,4,0,0,0,67301,1,0,0,N,1,0,0,2,67301,1,,1,1,,Y,N,,0,,0,0,0,0.0,0,,1600,1,2,0,0,0,0,0,3,4,0,1,3,,N,,,,,,,,,,,
2008044915,445,1,0,0,0,0,0,0,0,0,7,0,,67,2,2008,1,39.9221,-75.1907,430.0,6,0,0,0,0,0,0,0,0,1.0,0,0,0,99,3,0,0,,2,39 55:19.000,3.0,0,75 11:26.400,0,0,0,0,67301,0,0,0,N,0,0,0,1,67301,0,,2,9,,N,N,,0,,0,0,0,0.0,0,N,9999,0,1,0,0,0,0,0,3,4,0,1,3,,N,,,,,,,,,,,
2008047385,1245,1,0,0,0,0,0,0,0,0,8,0,,67,1,2008,6,39.9562,-75.1941,1238.0,6,0,0,0,0,0,0,0,0,,0,0,0,12,1,1,1,,0,39 57:22.320,,0,75 11:38.760,8,0,0,0,67301,1,0,0,N,1,0,0,2,67301,0,,4,1,,N,N,,0,,0,0,0,3.0,2,,1230,1,2,0,0,0,1,0,3,4,0,1,3,,N,,,,,,,,,,,
2008066725,1342,1,0,0,0,0,0,0,0,0,1,0,,67,5,2008,1,40.0302,-75.0221,1342.0,6,0,0,0,1,0,1,0,0,1.0,0,0,0,13,1,3,0,,2,40 01:47.202,2.0,0,75 01:20.431,4,0,0,0,67301,0,0,0,N,0,0,0,8,68K01,3,,1,1,,N,N,,0,,0,0,0,0.0,0,N,1340,3,2,0,0,0,0,0,3,4,1,2,3,,N,,,,,,,,,,,
2008027654,1657,1,0,0,0,0,0,0,0,0,6,1,,67,2,2008,3,39.9784,-75.2023,1657.0,6,0,0,0,0,0,0,0,0,3.0,0,1,0,16,4,0,0,,2,39 58:45.004,4.0,0,75 12:12.859,0,0,0,0,67301,0,0,0,N,0,0,0,2,68K01,0,,1,2,,N,N,,0,,0,0,0,0.0,0,Y,1657,0,2,0,0,0,0,0,3,4,0,2,9,,N,,,,,,,,,,,
2008062128,758,2,0,0,0,0,0,0,0,0,1,0,,67,4,2008,5,39.9119,-75.1728,750.0,6,0,0,0,0,0,0,0,0,,0,0,0,7,1,0,1,,0,39 54:42.725,,0,75 10:21.917,0,0,0,0,67301,0,0,0,N,0,0,0,2,67301,0,,1,1,,N,N,,0,,0,0,0,3.0,2,,730,0,2,0,0,0,0,0,3,4,0,2,3,,N,,,,,,,,,,,
2008057124,629,2,0,0,0,0,0,0,0,0,5,0,,67,4,2008,1,39.9361,-75.1576,629.0,6,0,0,0,0,0,1,0,0,1.0,0,0,0,6,1,2,0,,2,39 56:09.988,3.0,0,75 09:27.194,4,0,0,0,67301,0,0,0,N,0,0,0,2,67301,2,,1,9,,N,N,,0,,0,0,1,0.0,0,Y,629,2,5,0,0,0,0,0,3,4,2,5,7,,N,,,,,,,,,,,
2008057240,330,1,0,0,0,0,0,0,0,0,5,0,,67,3,2008,7,40.0255,-75.1625,300.0,6,0,0,0,0,0,0,0,0,,0,0,0,2,3,1,0,,0,40 01:31.774,,0,75 09:45.036,4,0,0,0,67301,1,0,0,N,0,0,0,2,67301,1,,6,1,,N,N,,0,,0,0,0,0.0,0,,255,1,2,0,0,0,0,0,3,4,0,2,3,,N,,,,,,,,,,,
2008057253,1951,2,0,0,0,0,0,0,0,0,1,0,,67,3,2008,6,40.0508,-75.2362,1946.0,6,0,0,0,0,0,0,0,0,,0,0,0,19,3,1,2,,0,40 03:01.643,,0,75 14:09.856,8,0,0,0,67301,0,0,0,N,0,0,0,4,67301,0,,1,1,,N,N,,0,,0,0,0,0.0,0,,1940,1,2,0,0,0,1,1,3,4,0,2,3,,N,,,,,,,,,,,
2008057318,925,1,0,0,0,0,0,0,0,0,8,0,,67,3,2008,5,39.9628,-75.1646,920.0,6,0,0,0,0,0,0,0,0,,0,0,0,9,1,1,1,,0,39 57:46.449,,0,75 09:52.757,4,0,0,0,67301,1,0,0,N,1,0,0,2,67301,1,,1,1,,N,N,,0,,0,0,0,3.0,2,,915,1,2,0,0,0,0,0,3,4,0,1,3,,N,,,,,,,,,,,
2008059884,1750,2,0,0,0,0,0,0,0,0,4,0,,67,4,2008,2,40.0605,-75.0572,1751.0,6,0,0,0,0,0,1,0,0,9.0,0,0,0,17,1,2,1,,1,40 03:37.862,1.0,0,75 03:26.035,4,0,0,0,67301,0,0,0,N,0,0,0,4,67301,2,,1,1,,N,N,,0,,0,0,0,3.0,2,N,1749,2,2,0,0,0,0,0,3,4,0,2,3,,N,,,,,,,,,,,
2008052210,1015,1,0,0,0,0,0,1,0,0,6,1,,67,2,2008,6,40.0038,-75.1397,1013.0,6,0,0,0,0,0,1,0,0,9.0,0,0,0,10,1,6,1,,2,40 00:13.665,2.0,0,75 08:22.783,8,0,0,0,67301,0,0,0,N,0,0,0,7,67301,0,,1,1,,N,N,,0,,0,0,0,9.0,2,Y,1010,6,2,0,0,0,6,0,3,4,0,2,3,,N,,,,,,,,,,,
2008057682,1040,1,0,0,1,0,0,0,0,0,4,0,,67,3,2008,3,39.9833,-75.1258,1035.0,6,0,0,0,0,0,0,0,0,,0,0,0,10,1,1,1,,0,39 58:59.767,,0,75 07:32.979,4,0,0,0,67301,1,0,0,,0,0,0,4,67301,1,,1,1,,,,,0,,0,0,0,3.0,2,,1020,1,2,0,0,0,0,0,3,4,0,1,3,,N,,,,,,,,,,,
2008042234,2156,1,0,0,0,0,0,0,0,0,2,0,,67,2,2008,1,40.0641,-75.2396,2154.0,6,0,0,0,0,1,0,0,0,2.0,0,0,0,21,3,1,1,,1,40 03:52.000,4.0,0,75 14:23.056,8,0,0,0,67301,0,0,0,,0,0,0,3,67301,0,,1,1,,N,N,,0,,0,0,0,9.0,2,N,2150,1,2,0,0,3,1,0,3,4,1,2,3,,N,,,,,,,,,,,
2008042365,1924,3,0,0,0,0,0,0,0,0,4,0,,67,2,2008,2,40.0493,-75.0679,1924.0,6,0,1,0,0,0,0,0,0,1.0,0,0,0,19,3,2,1,,1,40 02:36.241,1.0,0,75 04:24.774,4,0,0,0,67301,0,0,0,,0,0,0,2,67301,2,,1,1,,N,N,,0,,0,0,0,2.0,2,N,1920,2,3,0,0,0,0,0,3,4,0,3,3,,N,,,,,,,,,,,
2008039841,1243,3,0,0,0,0,0,0,0,0,1,0,,67,3,2008,7,39.9254,-75.1937,1241.0,6,0,0,0,0,0,0,0,0,1.0,0,0,0,12,1,0,0,,1,39 55:34.173,3.0,0,75 11:39.827,0,0,0,0,67301,0,0,0,N,0,0,0,9,68K01,0,,1,1,,N,N,,0,,0,0,0,0.0,0,N,1237,0,3,0,0,0,0,0,3,4,0,3,3,,N,,,,,,,,,,,
2008023530,1455,1,0,0,0,0,0,0,0,0,1,0,,67,1,2008,6,39.9769,-75.1974,1452.0,6,0,0,0,0,0,1,0,0,1.0,0,0,0,14,1,2,0,,1,39 58:37.000,4.0,0,75 11:56.462,8,0,0,0,67301,0,0,0,N,0,0,0,7,68K01,0,,1,1,,N,N,,0,,0,0,0,0.0,0,N,1446,2,3,0,0,0,2,0,3,4,2,3,3,,N,,,,,,,,,,,
2008057761,1809,1,0,0,1,0,0,0,0,0,4,0,,67,3,2008,6,,,807.0,6,0,0,0,0,0,0,0,0,,0,0,0,99,1,1,2,,0,,,0,,4,0,0,0,67301,1,0,0,N,0,0,0,2,67301,1,,1,1,,N,N,,0,,0,0,0,0.0,0,,9999,1,2,0,0,0,0,0,3,3,0,1,3,,N,,,,,,,,,,,
2008044634,735,2,0,0,0,0,0,0,0,0,1,0,,67,1,2008,4,41.1779,-79.8069,732.0,6,0,0,0,0,0,0,0,0,,0,0,0,7,1,1,1,,0,41 10:40.440,,0,79 48:24.840,8,0,0,0,67301,0,0,0,N,0,0,0,4,67301,0,,1,1,,N,N,,1,,0,0,0,3.0,2,,725,1,3,0,0,0,1,1,3,3,0,3,3,,N,,,,,,,,,,,
2008119030,1525,2,0,0,0,0,0,0,0,0,4,0,,67,9,2008,7,40.0298,-75.1046,1516.0,6,0,1,0,0,0,0,0,0,,0,0,0,99,1,1,1,,0,40 01:47.170,,0,75 06:16.717,8,0,0,0,67301,0,0,0,,0,0,0,4,67301,0,,1,1,,,,,0,,0,0,0,3.0,2,,9999,1,2,0,0,0,1,0,3,4,0,2,3,,N,,,,,,,,,,,
2008133524,1421,0,0,0,1,0,0,0,0,0,8,0,,67,10,2008,5,39.9431,-75.169,1420.0,6,0,0,0,0,0,0,0,0,,0,0,0,12,1,1,0,,0,39 56:35.095,,0,75 10:08.331,3,0,0,0,67301,1,0,0,,0,0,0,3,67301,0,,1,9,,,,,1,,1,0,0,9.0,3,,1200,1,2,0,0,0,0,0,3,4,0,1,3,,N,,,,,,,,,,,
2008098150,606,0,0,0,0,0,0,0,0,0,7,0,,67,6,2008,3,40.0016,-75.1402,602.0,6,0,0,0,0,0,0,0,0,,0,0,0,6,1,1,0,,0,40 00:05.785,,0,75 08:24.601,3,0,0,0,67301,0,0,0,N,0,0,0,1,67301,0,,5,1,,N,N,,0,,1,0,0,0.0,0,,602,1,1,0,0,0,0,0,3,4,1,1,3,,N,,,,,,,,,,,
2008104235,1857,0,0,0,0,0,0,0,0,0,0,0,,67,6,2008,6,39.9572,-75.2276,1857.0,6,0,0,0,0,0,0,0,0,,0,0,0,18,1,1,0,,0,39 57:25.988,,0,75 13:39.245,4,0,0,1,67301,0,0,0,N,0,0,0,1,67301,1,,1,1,,N,N,,0,,0,0,0,1.0,2,,1855,1,1,0,0,0,0,0,3,4,0,1,3,,N,,,,,,,,,,,
2008089818,0,1,0,0,0,0,0,0,0,0,8,0,,67,4,2008,4,39.9525,-75.1625,0.0,6,0,0,0,0,0,0,0,0,,0,0,0,10,1,1,2,,0,39 57:08.769,,0,75 09:45.156,8,0,0,0,67301,1,0,0,N,1,0,0,2,00000,0,,1,1,,N,N,,0,,0,0,0,2.0,2,,1030,1,2,0,0,0,1,0,3,4,0,1,3,,N,,,,,,,,,,,
2008072786,1324,3,0,0,0,0,0,0,0,0,1,0,,67,4,2008,1,40.0277,-75.11,1321.0,6,0,0,0,0,0,0,0,0,1.0,0,0,0,13,1,1,0,,1,40 01:39.720,2.0,0,75 06:36.000,4,0,0,0,67301,0,0,0,,0,0,0,3,67301,1,,1,1,,N,N,,0,,0,0,0,0.0,0,N,1320,1,3,0,0,0,0,0,3,4,0,3,3,,N,,,,,,,,,,,
2008079360,155,1,0,0,0,0,0,0,0,0,4,0,,67,5,2008,5,40.0439,-75.1436,155.0,6,0,0,0,0,0,0,0,0,,0,0,0,0,3,0,0,,0,40 02:37.946,,0,75 08:36.852,9,0,0,0,67301,0,0,0,N,0,0,0,1,67301,0,,2,1,,N,N,,1,,0,0,2,0.0,0,,2,0,4,0,0,0,0,1,3,4,0,4,3,,N,,,,,,,,,,,
2008082613,21,2,0,0,0,0,0,0,0,0,2,0,,67,5,2008,4,39.9187,-75.2469,21.0,6,0,0,0,0,1,0,0,0,,0,0,0,99,3,3,2,,0,39 55:07.228,,0,75 14:48.814,3,0,0,0,67301,0,0,0,N,0,0,0,4,67301,2,,1,1,,N,N,,0,,1,0,0,9.0,3,,9999,3,2,0,0,0,0,0,3,4,0,2,3,,N,,,,,,,,,,,
2008082617,1650,2,0,0,0,0,0,0,0,0,4,0,,67,5,2008,4,40.0712,-75.0381,1647.0,6,0,0,0,0,0,1,0,0,1.0,0,0,0,16,1,1,1,,1,40 04:16.208,2.0,0,75 02:17.232,4,0,0,0,67301,0,0,0,N,0,0,0,2,67301,1,,1,1,,N,N,,0,,0,0,0,3.0,2,N,1640,1,2,0,0,0,0,0,3,4,0,2,3,,N,,,,,,,,,,,
2008082619,1550,0,0,0,0,0,0,0,0,0,8,0,,67,5,2008,5,39.9526,-75.19,1540.0,6,0,0,0,0,0,0,0,0,,0,0,0,15,1,1,1,,0,39 57:09.205,,0,75 11:24.106,2,0,0,0,67301,1,0,1,N,1,0,1,2,67301,0,,1,1,,N,N,,1,,0,1,0,9.0,2,,1535,1,2,0,0,0,0,0,3,4,0,1,3,,N,,,,,,,,,,,
2008085092,738,1,0,0,0,0,0,0,0,0,7,0,,67,7,2008,6,39.963,-75.1835,731.0,6,0,0,0,0,0,0,0,0,2.0,0,0,0,7,1,1,0,,1,39 57:52.630,4.0,0,75 11:05.840,8,0,0,0,67301,0,0,0,N,0,0,0,1,68K01,0,,7,1,,N,N,,0,,0,0,0,0.0,0,N,728,1,1,0,0,1,1,0,3,4,0,1,3,,N,,,,,,,,,,,
2008079278,1110,2,0,0,0,0,0,0,0,0,4,0,,67,5,2008,2,40.0189,-75.0495,1100.0,6,0,0,0,0,0,0,1,0,,0,0,0,99,1,2,1,,0,40 01:08.040,,0,75 02:58.200,4,0,0,0,67301,0,0,0,N,0,0,0,2,67301,1,,1,1,,N,N,,0,,0,0,0,3.0,3,,9999,2,2,0,0,0,1,0,3,4,0,2,3,,N,,,,,,,,,,,
2008072062,2210,1,0,0,0,0,0,0,0,0,4,0,,67,5,2008,1,39.9695,-75.1396,2210.0,6,0,0,0,0,0,0,0,0,3.0,1,0,0,22,6,1,5,,2,39 58:10.387,3.0,0,75 08:22.538,1,1,0,1,67301,0,0,0,N,0,0,0,2,67301,0,2.0,1,98,,N,N,,0,0.0,0,0,0,3.0,2,Y,2209,1,2,0,0,0,1,0,3,4,0,2,99,,N,,,,,,,,,,,
2008072066,710,2,0,0,0,0,0,0,0,0,1,0,,67,4,2008,2,39.9814,-75.2394,706.0,6,0,0,0,0,0,0,0,0,,0,0,0,7,1,1,1,,0,39 58:53.205,,0,75 14:21.663,8,0,0,0,67301,0,0,0,N,0,0,0,3,67301,0,,1,9,,N,N,,0,,0,0,0,3.0,2,,704,1,2,0,0,1,1,1,3,4,0,2,7,,N,,,,,,,,,,,
2008060716,2135,2,0,0,0,0,0,0,0,0,1,0,,67,4,2008,5,40.0387,-75.1097,2130.0,6,0,0,0,0,0,1,0,0,,0,0,0,21,3,1,0,,0,40 02:19.160,,0,75 06:34.849,4,0,0,0,67301,0,0,0,N,0,0,0,2,67301,1,,1,9,,N,N,,0,,0,0,0,0.0,0,,2110,1,2,0,0,1,0,0,3,4,0,2,7,,N,,,,,,,,,,,
2008057982,1700,2,0,0,0,0,0,0,0,0,4,0,,67,3,2008,2,40.028,-75.1905,1646.0,6,0,0,0,0,0,1,0,0,2.0,0,0,0,16,1,0,0,,1,40 01:40.667,1.0,0,75 11:25.974,0,0,0,0,67301,0,0,0,N,0,0,0,3,67301,0,,1,9,,N,N,,0,,0,0,0,0.0,0,N,1630,0,2,0,0,0,0,0,3,4,0,2,7,,N,,,,,,,,,,,
2008053093,224,2,0,0,0,0,0,0,0,0,5,0,,67,2,2008,4,39.9974,-75.2276,217.0,6,0,0,0,0,1,0,0,0,,0,0,0,2,3,0,0,,0,39 59:50.704,,0,75 13:39.291,0,0,0,0,67301,0,0,0,,0,0,0,1,67301,0,,1,1,,,,,0,,0,0,1,0.0,0,,214,0,3,0,0,0,0,0,3,4,0,3,3,,N,,,,,,,,,,,
2008044450,1238,2,0,0,0,0,0,0,0,0,4,0,,67,1,2008,7,,,1236.0,6,0,0,0,0,0,0,1,0,,0,0,0,12,1,0,2,,0,,,0,,0,0,0,0,67301,0,0,0,N,0,0,0,2,67301,0,,1,1,,N,N,,0,,0,0,0,3.0,2,,1230,0,2,0,0,0,0,0,3,3,0,2,3,,N,,,,,,,,,,,
2008060192,1737,1,0,0,0,0,0,0,0,0,5,0,,67,3,2008,3,39.9546,-75.2064,1737.0,6,0,0,0,0,0,2,0,0,,0,0,0,17,1,0,2,,0,39 57:16.506,,0,75 12:22.874,9,0,0,0,67301,0,0,0,N,0,0,0,3,67504,0,,1,1,,N,N,,0,,0,0,1,3.0,2,,1732,0,2,0,0,0,0,1,3,4,0,2,3,,N,,,,,,,,,,,
2008060221,715,0,0,0,0,0,0,0,0,0,0,0,,67,3,2008,3,40.0148,-75.2062,709.0,6,0,0,0,0,0,0,0,0,,0,0,0,7,1,1,0,,0,40 00:53.159,,0,75 12:22.208,3,0,0,1,67301,0,0,0,N,0,0,0,1,67301,0,,1,1,,N,N,,0,,1,0,0,0.0,0,,705,1,1,0,0,0,0,0,3,4,0,1,3,,N,,,,,,,,,,,
2008049874,1458,1,0,0,0,0,0,1,0,0,4,1,,67,2,2008,4,39.9151,-75.158,1454.0,6,0,0,0,0,0,1,0,0,,0,0,0,99,1,1,1,,0,39 54:54.276,,0,75 09:28.960,4,0,0,0,67301,0,0,0,N,0,0,0,2,67301,1,,1,9,,Y,N,,0,,0,0,0,2.0,2,,9999,1,2,0,0,0,0,0,3,4,0,2,7,,N,,,,,,,,,,,
2008027042,841,2,0,0,0,0,0,0,0,0,1,0,,67,1,2008,5,40.0501,-75.0641,838.0,6,0,0,0,0,0,1,0,0,,0,0,0,8,1,2,1,,0,40 03:00.000,,0,75 03:50.623,8,0,0,0,67301,0,0,0,N,0,0,0,2,67301,0,,1,1,,N,N,,0,,0,0,0,3.0,2,,838,2,2,0,0,0,2,0,3,4,0,2,3,,N,,,,,,,,,,,
2008042557,1651,3,0,0,0,0,0,0,0,0,1,0,,67,1,2008,7,39.9826,-75.2078,1651.0,6,0,0,0,1,0,0,0,0,1.0,0,0,0,16,3,2,0,,2,39 59:01.761,3.0,0,75 12:29.312,8,0,0,0,67301,0,0,0,N,0,0,0,6,68K01,0,,1,1,,N,N,,0,,0,0,0,0.0,0,N,1651,2,3,0,0,0,2,0,3,4,0,3,3,,N,,,,,,,,,,,
2008061808,152,1,0,0,0,0,0,0,0,0,7,0,,67,5,2008,4,40.011,-75.2061,150.0,6,0,0,0,0,0,0,0,0,1.0,0,0,0,1,3,1,0,,1,40 00:37.880,3.0,2,75 12:23.179,4,0,0,0,67301,0,0,0,N,0,0,0,1,68K01,1,,2,1,,N,N,,0,,0,0,0,0.0,0,N,149,1,1,0,0,0,0,0,3,4,0,1,3,,N,,,,,,,,,,,