CRN,ARRIVAL_TM,AUTOMOBILE_COUNT,BELTED_DEATH_COUNT,BELTED_SUSP_SERIOUS_INJ_COUNT,BICYCLE_COUNT,BICYCLE_DEATH_COUNT,BICYCLE_SUSP_SERIOUS_INJ_COUNT,BUS_COUNT,CHLDPAS_DEATH_COUNT,CHLDPAS_SUSP_SERIOUS_INJ_COUNT,COLLISION_TYPE,COMM_VEH_COUNT,CONS_ZONE_SPD_LIM,COUNTY,CRASH_MONTH,CRASH_YEAR,DAY_OF_WEEK,DEC_LAT,DEC_LONG,DISPATCH_TM,DISTRICT,DRIVER_COUNT_16YR,DRIVER_COUNT_17YR,DRIVER_COUNT_18YR,DRIVER_COUNT_19YR,DRIVER_COUNT_20YR,DRIVER_COUNT_50_64YR,DRIVER_COUNT_65_74YR,DRIVER_COUNT_75PLUS,EST_HRS_CLOSED,FATAL_COUNT,HEAVY_TRUCK_COUNT,HORSE_BUGGY_COUNT,HOUR_OF_DAY,ILLUMINATION,INJURY_COUNT,INTERSECT_TYPE,INTERSECTION_RELATED,LANE_CLOSED,LATITUDE,LN_CLOSE_DIR,LOCATION_TYPE,LONGITUDE,MAX_SEVERITY_LEVEL,MCYCLE_DEATH_COUNT,MCYCLE_SUSP_SERIOUS_INJ_COUNT,MOTORCYCLE_COUNT,MUNICIPALITY,NONMOTR_COUNT,NONMOTR_DEATH_COUNT,NONMOTR_SUSP_SERIOUS_INJ_COUNT,NTFY_HIWY_MAINT,PED_COUNT,PED_DEATH_COUNT,PED_SUSP_SERIOUS_INJ_COUNT,PERSON_COUNT,POLICE_AGCY,POSSIBLE_INJ_COUNT,RDWY_SURF_TYPE_CD,RELATION_TO_ROAD,ROAD_CONDITION,ROADWAY_CLEARED,SCH_BUS_IND,SCH_ZONE_IND,SECONDARY_CRASH,SMALL_TRUCK_COUNT,SPEC_JURIS_CD,SUSP_MINOR_INJ_COUNT,SUSP_SERIOUS_INJ_COUNT,SUV_COUNT,TCD_FUNC_CD,TCD_TYPE,TFC_DETOUR_IND,TIME_OF_DAY,TOT_INJ_COUNT,TOTAL_UNITS,UNB_DEATH_COUNT,UNB_SUSP_SERIOUS_INJ_COUNT,UNBELTED_OCC_COUNT,UNK_INJ_DEG_COUNT,UNK_INJ_PER_COUNT,URBAN_AREA,URBAN_RURAL,VAN_COUNT,VEHICLE_COUNT,WEATHER1,WEATHER2,WORK_ZONE_IND,WORK_ZONE_LOC,WORK_ZONE_TYPE,WORKERS_PRES,WZ_CLOSE_DETOUR,WZ_FLAGGER,WZ_LAW_OFFCR_IND,WZ_LN_CLOSURE,WZ_MOVING,WZ_OTHER,WZ_SHLDER_MDN,WZ_WORKERS_INJ_KILLED
2008057207,10,1,0,0,0,0,0,0,0,0,1,0,,67,3,2008,7,40.0282,-75.11,4.0,6,0,0,0,0,0,1,0,0,,0,0,0,0,3,1,1,,0,40 01:41.630,,0,75 06:35.612,4,0,0,0,67301,0,0,0,N,0,0,0,4,67301,1,,1,1,,N,N,,0,,0,0,1,3.0,2,,1,1,2,0,0,0,0,0,3,4,0,2,3,,N,,,,,,,,,,,
2008057209,1825,2,0,0,0,0,0,0,0,0,1,0,,67,3,2008,3,40.0418,-75.1124,1820.0,6,0,0,0,0,0,0,0,0,,0,0,0,17,1,1,2,,0,40 02:30.480,,0,75 06:44.640,4,0,0,0,67301,0,0,0,N,0,0,0,3,67301,1,,1,1,,N,N,,0,,0,0,1,0.0,0,,1745,1,3,0,0,0,0,1,3,4,0,3,3,,N,,,,,,,,,,,
2008054725,102,2,0,0,0,0,0,0,0,0,4,0,,67,2,2008,6,39.9489,-75.1439,59.0,6,0,0,0,0,0,0,0,0,,0,0,0,0,3,1,0,,0,39 56:56.076,,0,75 08:38.140,8,0,0,0,67301,0,0,0,N,0,0,0,2,67301,0,,1,1,,N,N,,0,,0,0,0,0.0,0,,55,1,2,0,0,0,1,1,3,4,0,2,3,,N,,,,,,,,,,,
2008060141,1339,1,0,0,0,0,0,0,0,0,7,0,,67,5,2008,1,39.9597,-75.1777,1322.0,6,0,0,0,0,0,0,0,0,2.0,0,0,0,13,1,1,0,,1,39 57:35.317,3.0,0,75 10:41.841,8,0,0,0,67301,0,0,0,Y,0,0,0,1,68K01,0,,3,1,,N,N,,0,,0,0,0,0.0,0,N,1320,1,1,0,0,0,1,0,3,4,0,1,3,,N,,,,,,,,,,,
2008057769,1619,2,0,0,0,0,0,0,0,0,4,0,,67,4,2008,6,39.9747,-75.2126,1616.0,6,0,0,0,0,0,0,0,0,,0,0,0,16,1,1,2,,0,39 58:28.761,,0,75 12:45.123,3,0,0,0,67301,0,0,0,N,0,0,0,2,67301,0,,1,1,,N,N,,0,,1,0,0,0.0,0,,1601,1,2,0,0,0,0,1,3,4,0,2,3,,N,,,,,,,,,,,
2008044691,1825,2,0,0,0,0,0,0,0,0,4,0,,67,1,2008,5,40.0408,-75.1114,1819.0,6,0,0,0,0,0,1,0,0,1.0,0,0,0,18,3,5,0,,1,40 02:26.941,4.0,0,75 06:40.828,3,0,0,0,67301,0,0,0,N,0,0,0,6,67301,4,,1,1,,N,N,,1,,1,0,0,0.0,0,Y,1815,5,3,0,0,0,0,0,3,4,0,3,3,,N,,,,,,,,,,,
2008044709,330,4,0,0,0,0,0,0,0,0,4,0,,67,2,2008,1,40.0312,-75.1385,301.0,6,0,0,0,0,0,0,0,0,,0,0,0,2,3,1,2,,0,40 01:52.190,,0,75 08:18.473,4,0,0,0,67301,0,0,0,N,0,0,0,2,67301,1,,1,9,,N,N,,0,,0,0,0,3.0,3,,255,1,4,0,0,0,0,0,3,4,0,4,7,,N,,,,,,,,,,,
2008119054,9999,4,0,0,0,0,0,0,0,0,4,0,,67,9,2008,3,39.9866,-75.0944,1027.0,6,0,0,0,0,0,1,0,0,,0,0,0,10,1,2,1,,0,39 59:11.923,,0,75 05:39.698,4,0,0,0,67301,0,0,0,N,0,0,0,9,67301,2,,1,1,,N,N,,0,,0,0,0,3.0,2,,1050,2,4,0,0,2,0,0,3,4,0,4,3,,N,,,,,,,,,,,
2008116669,757,2,0,0,0,0,0,0,0,0,4,0,,67,10,2008,6,39.9971,-75.2353,757.0,6,0,0,0,0,0,0,0,0,1.0,0,0,0,7,1,0,1,,1,39 59:52.386,2.0,0,75 14:01.165,0,0,0,0,67301,0,0,0,N,0,0,0,2,46104,0,,1,1,,N,N,,0,,0,0,0,2.0,2,N,757,0,2,0,0,0,0,0,3,4,0,2,3,,N,,,,,,,,,,,
2008133523,1613,1,0,0,0,0,0,0,0,0,8,0,,67,10,2008,3,39.9379,-75.1667,1609.0,6,0,0,0,0,0,0,0,0,,0,0,0,16,1,1,1,,0,39 56:16.112,,0,75 10:00.162,8,0,0,0,67301,1,0,0,N,1,0,0,3,67301,0,,1,9,,N,N,,0,,0,0,0,3.0,2,,1609,1,2,0,0,1,1,0,3,4,0,1,7,,N,,,,,,,,,,,
2008087906,945,0,0,0,0,0,0,0,0,0,8,0,,67,5,2008,2,39.9512,-75.1584,930.0,6,0,0,0,0,0,0,0,0,,0,0,0,14,1,1,2,,0,39 57:04.197,,0,75 09:30.326,4,0,0,0,67301,1,0,0,,1,0,0,2,67301,1,,1,1,,,,,1,,0,0,0,3.0,3,,1400,1,2,0,0,0,0,0,3,4,0,1,3,,N,,,,,,,,,,,
2008095585,1947,1,0,0,0,0,0,0,0,0,8,0,,67,6,2008,2,40.0011,-75.1242,1945.0,6,0,0,0,0,0,0,0,0,2.0,0,0,0,19,1,1,2,,2,40 00:03.866,3.0,0,75 07:27.083,3,0,0,0,67301,1,0,0,,1,0,0,2,67301,0,,1,1,,,,,0,,1,0,0,0.0,0,N,1943,1,2,0,0,0,0,0,3,4,0,1,3,,N,,,,,,,,,,,
2008098065,9999,1,0,0,0,0,0,0,0,0,7,0,,67,7,2008,2,39.9296,-75.2434,1634.0,6,0,0,0,0,0,0,0,0,,0,0,0,12,1,2,3,,0,39 55:46.422,,0,75 14:36.171,3,0,0,0,67301,0,0,0,N,0,0,0,3,67301,1,,4,1,,N,N,,0,,1,0,0,3.0,3,,1207,2,2,0,0,0,0,0,3,4,0,1,3,,N,,,,,,,,,,,
2008098164,2310,2,0,0,0,0,0,0,0,0,2,0,,67,7,2008,7,40.0376,-75.138,2255.0,6,0,0,0,0,0,0,0,0,1.0,0,0,0,22,3,2,1,,1,40 02:15.187,4.0,0,75 08:16.754,4,0,0,0,67301,0,0,0,N,0,0,0,3,67301,2,,1,1,,N,N,,0,,0,0,0,3.0,2,Y,2250,2,2,0,0,3,0,0,3,4,0,2,3,,N,,,,,,,,,,,
2008070674,1211,2,0,0,0,0,0,0,0,0,3,0,,67,4,2008,5,40.0933,-75.0308,1210.0,6,0,0,0,0,0,0,0,1,,0,0,0,12,1,0,0,,0,40 05:35.921,,0,75 01:50.858,0,0,0,0,67301,0,0,0,N,0,0,0,1,67301,0,,6,1,,N,N,,0,,0,0,0,0.0,0,,1209,0,2,0,0,0,0,0,3,4,0,2,3,,N,,,,,,,,,,,
2008089803,1518,0,0,0,0,0,0,0,0,0,7,0,,67,6,2008,1,40.0426,-75.13,1510.0,6,0,0,0,0,0,1,0,0,,0,0,0,15,1,1,0,,0,40 02:33.504,,0,75 07:48.025,8,0,0,0,67301,0,0,0,N,0,0,0,1,67301,0,,5,1,,N,N,,0,,0,0,0,0.0,0,,1500,1,1,0,0,0,1,0,3,4,1,1,3,,N,,,,,,,,,,,
2008072732,2155,1,0,0,0,0,0,0,0,0,0,0,,67,4,2008,3,40.0385,-75.2115,2149.0,6,0,0,0,0,0,0,0,0,,0,0,0,21,3,0,2,,0,40 02:18.806,,0,75 12:41.676,0,0,0,0,67301,0,0,0,N,0,0,0,2,67301,0,,3,1,,N,N,,0,,0,0,0,9.0,3,,2135,0,1,0,0,0,0,0,3,4,0,1,3,,N,,,,,,,,,,,
2008079351,229,1,0,0,0,0,0,0,0,0,8,0,,67,5,2008,1,39.9971,-75.1307,227.0,6,0,0,0,0,0,0,0,0,,0,0,0,2,3,1,1,,0,39 59:49.527,,0,75 07:50.469,8,0,0,0,67301,1,0,0,N,1,0,0,2,67301,0,,1,1,,N,N,,0,,0,0,0,3.0,3,,220,1,2,0,0,0,1,0,3,4,0,1,3,,N,,,,,,,,,,,
2008072770,1241,1,0,0,0,0,0,1,0,0,4,1,,67,4,2008,2,39.9796,-75.2409,1239.0,6,0,0,0,0,0,0,0,0,,0,0,0,12,1,2,1,,0,39 58:46.506,,0,75 14:27.387,4,0,0,0,67301,0,0,0,N,0,0,0,3,67301,1,,1,9,,N,N,,0,,0,0,0,3.0,3,,1225,2,2,0,0,0,1,0,3,4,0,2,7,,N,,,,,,,,,,,
2008079387,745,0,0,0,0,0,0,0,0,0,8,1,,67,6,2008,2,39.9792,-75.1375,743.0,6,0,0,0,0,0,1,0,0,,0,1,0,7,1,1,1,,0,39 58:44.958,,0,75 08:14.888,4,0,0,0,67301,1,0,0,N,1,0,0,2,67301,1,,1,1,,N,N,,0,,0,0,0,3.0,2,,742,1,2,0,0,0,0,0,3,4,0,1,3,,N,,,,,,,,,,,
2008082601,1625,1,0,0,0,0,0,0,0,0,8,0,,67,4,2008,3,39.9719,-75.1627,1620.0,6,0,0,0,0,0,0,0,0,,0,0,0,13,1,1,1,,0,39 58:18.746,,0,75 09:45.568,4,0,0,0,67301,1,0,0,N,1,0,0,2,67301,1,,1,1,,,,,0,,0,0,0,9.0,2,,1315,1,2,0,0,0,0,1,3,4,0,1,3,,N,,,,,,,,,,,
2008082659,235,2,0,0,0,0,0,0,0,0,1,0,,67,5,2008,1,39.9605,-75.137,234.0,6,0,0,0,0,0,0,0,0,,0,0,0,2,3,1,2,,0,39 57:36.625,,0,75 08:13.909,3,0,0,0,67301,0,0,0,N,0,0,0,2,67301,0,,1,1,,N,N,,0,,1,0,0,3.0,2,,230,1,2,0,0,1,0,0,3,4,0,2,3,,N,,,,,,,,,,,
2008072485,858,2,0,0,0,0,0,0,0,0,1,0,,67,6,2008,2,40.0064,-75.0741,844.0,6,0,0,0,0,0,0,0,0,,0,0,0,8,1,0,0,,0,40 00:23.312,,0,75 04:26.287,0,0,0,0,67301,0,0,0,N,0,0,0,7,68K01,0,,1,1,,N,N,,0,,0,0,0,0.0,0,,840,0,2,0,0,4,0,0,3,4,0,2,3,,N,,,,,,,,,,,
2008079286,1435,1,0,0,0,0,0,0,0,0,1,0,,67,5,2008,3,40.0423,-75.0507,1438.0,6,0,0,0,0,0,0,0,0,,0,0,0,14,1,1,1,,0,40 02:32.280,,0,75 03:02.160,4,0,0,1,67301,0,0,0,,0,0,0,3,67301,1,,1,9,,N,N,,0,,0,0,0,9.0,2,,1425,1,2,0,0,0,0,0,3,4,0,2,3,,N,,,,,,,,,,,
2008072231,2337,1,0,0,0,0,0,0,0,0,2,0,,67,5,2008,7,40.0246,-75.1237,2335.0,6,0,0,0,0,0,1,0,0,,0,0,0,23,3,0,0,,0,40 01:28.657,,0,75 07:25.496,0,0,0,0,67301,0,0,0,N,0,0,0,3,67301,0,,1,1,,N,N,,0,,0,0,1,0.0,0,,2320,0,2,0,0,0,0,0,3,4,0,2,3,,N,,,,,,,,,,,
2008072614,1515,2,0,0,0,0,0,0,0,0,2,0,,67,4,2008,3,39.9609,-75.2195,1507.0,6,0,0,0,0,1,0,1,0,,0,0,0,14,1,1,2,,0,39 57:39.369,,0,75 13:10.030,8,0,0,0,67301,0,0,0,N,0,0,0,2,67301,0,,1,1,,N,N,,0,,0,0,0,0.0,0,,1454,1,2,0,0,0,1,0,3,4,0,2,3,,N,,,,,,,,,,,
2008082459,1551,1,0,0,1,0,0,0,0,0,2,0,,67,5,2008,1,40.009,-75.1562,1549.0,6,0,0,0,0,0,0,1,0,,0,0,0,15,1,1,2,,0,40 00:32.432,,0,75 09:22.384,8,0,0,0,67301,1,0,0,N,0,0,0,5,67301,0,,1,1,,N,N,,0,,0,0,0,0.0,0,,1545,1,2,0,0,0,1,0,3,4,0,1,3,,N,,,,,,,,,,,
2008069631,1059,2,0,0,0,0,0,0,0,0,3,0,,67,4,2008,7,40.0111,-75.1533,1059.0,6,0,0,0,0,0,0,0,0,,0,0,0,10,1,0,0,,0,40 00:40.071,,0,75 09:11.761,9,0,0,0,67301,0,0,0,,0,0,0,1,67301,0,,1,1,,,,,0,,0,0,0,0.0,0,,1059,0,2,0,0,0,0,1,3,4,0,2,3,,N,,,,,,,,,,,
2008112272,610,0,0,0,0,0,0,0,0,0,7,0,,67,10,2008,2,39.8991,-75.1669,601.0,6,0,0,0,0,0,0,0,0,1.0,0,0,0,5,3,0,0,,2,39 54:00.475,1.0,0,75 09:30.951,0,0,0,0,67301,0,0,0,N,0,0,0,1,68K01,0,,2,1,,N,N,,0,,0,0,1,0.0,0,N,558,0,1,0,0,0,0,0,3,4,0,1,3,,N,,,,,,,,,,,
2008120208,532,3,0,0,0,0,0,0,0,0,1,0,,67,10,2008,2,39.9038,-75.1745,531.0,6,0,0,0,0,0,2,0,0,,0,0,0,5,3,0,0,,0,39 54:13.800,,0,75 10:28.140,9,0,0,0,67301,0,0,0,N,0,0,0,4,67301,0,,1,1,,N,N,,0,,0,0,1,3.0,2,,526,0,4,0,0,0,0,1,3,4,0,4,3,,N,,,,,,,,,,,
2008127384,2319,2,0,0,0,0,0,0,0,0,1,0,,67,11,2008,7,39.9752,-75.1944,2305.0,6,0,0,0,0,0,1,0,0,2.0,0,0,0,22,3,1,0,,1,39 58:34.680,3.0,0,75 11:43.440,8,0,0,0,67301,0,0,0,N,0,0,0,2,68K01,0,,2,9,,N,N,,0,,0,0,0,0.0,0,N,2245,1,2,0,0,0,1,0,3,4,0,2,7,,N,,,,,,,,,,,
2008132908,755,1,0,0,0,0,0,0,0,0,7,0,,67,11,2008,4,40.015,-75.206,746.0,6,0,0,0,1,0,0,0,0,2.0,0,0,0,7,1,0,0,,1,40 00:54.147,1.0,0,75 12:21.754,0,0,0,0,67301,0,0,0,,0,0,0,1,67301,0,,3,9,,,,,0,,0,0,0,0.0,0,N,745,0,1,0,0,0,0,0,3,4,0,1,98,,N,,,,,,,,,,,
2008035889,533,0,0,0,0,0,0,0,0,0,7,0,,67,2,2008,6,40.009,-75.2042,528.0,6,0,0,0,0,0,1,0,0,1.0,0,0,0,5,3,0,0,,1,40 00:30.000,4.0,0,75 12:11.710,0,0,0,0,67301,0,0,0,N,0,0,0,1,68K01,0,,3,7,,N,N,,0,,0,0,1,0.0,0,N,528,0,1,0,0,0,0,0,3,4,0,1,10,,N,,,,,,,,,,,
2008063399,1736,2,0,0,0,0,0,0,0,0,1,0,,67,5,2008,4,40.03,-75.0219,1728.0,6,0,0,0,0,0,1,0,0,,0,0,0,17,1,1,0,,0,40 01:39.611,,0,75 01:27.266,4,0,0,0,67301,0,0,0,N,0,0,0,2,68K01,1,,1,1,,N,N,,0,,0,0,0,0.0,0,,1726,1,2,0,0,0,0,0,3,4,0,2,3,,N,,,,,,,,,,,
2008058226,1457,2,0,0,0,0,0,0,0,0,1,0,,67,3,2008,7,40.0223,-75.1252,1457.0,6,0,0,0,1,0,0,0,0,,0,0,0,14,1,2,0,,0,40 01:20.195,,0,75 07:30.643,4,0,0,0,67301,0,0,0,N,0,0,0,6,67301,2,,1,1,,N,N,,0,,0,0,0,0.0,0,,1455,2,2,0,0,5,0,0,3,4,0,2,3,,N,,,,,,,,,,,
2008058242,815,2,0,0,0,0,0,0,0,0,4,0,,67,4,2008,2,40.0698,-75.1606,805.0,6,0,0,0,0,0,2,0,0,,0,0,0,7,1,2,1,,0,40 04:11.308,,0,75 09:38.084,4,0,0,0,67301,0,0,0,N,0,0,0,4,67301,2,,1,1,,N,N,,0,,0,0,0,0.0,0,,756,2,2,0,0,0,0,0,3,4,0,2,3,,N,,,,,,,,,,,
2008053252,1719,3,0,0,0,0,0,0,0,0,4,0,,67,2,2008,4,40.0516,-75.1852,1716.0,6,0,0,0,0,0,0,1,0,,0,0,0,17,1,0,1,,0,40 03:05.771,,0,75 11:06.829,0,0,0,0,67301,1,0,0,N,0,0,0,3,67301,0,,4,9,,N,N,,0,,0,0,0,3.0,2,,1712,0,3,0,0,0,0,0,3,4,0,3,7,,N,,,,,,,,,,,
2008049371,1350,1,0,0,0,0,0,0,0,0,1,0,,67,4,2008,4,40.0198,-75.0444,1342.0,6,0,0,0,0,0,0,0,0,,0,0,0,13,1,0,0,,0,40 01:11.533,,0,75 02:39.242,0,0,0,0,67301,0,0,0,N,0,0,0,2,68K01,0,,1,1,,N,N,,1,,0,0,0,0.0,0,,1339,0,2,0,0,0,0,0,3,4,0,2,3,,N,,,,,,,,,,,
2008044412,834,0,0,0,0,0,0,0,0,0,8,0,,67,1,2008,3,40.0875,-75.0299,833.0,6,0,0,0,0,0,0,0,0,3.0,0,0,0,8,1,2,1,,2,40 05:15.118,3.0,0,75 01:47.708,4,0,0,0,67301,2,0,0,N,2,0,0,3,67301,1,,1,9,,N,Y,,0,,0,0,0,9.0,3,Y,833,2,3,0,0,0,1,0,3,4,1,1,99,,N,,,,,,,,,,,
2008044454,1454,2,0,0,0,0,0,0,0,0,1,0,,67,1,2008,6,40.0028,-75.1624,1453.0,6,0,0,0,0,0,0,0,0,3.0,0,0,0,14,1,2,0,,2,40 00:10.000,6.0,0,75 09:44.298,4,0,0,0,67301,0,0,0,,0,0,0,2,67301,2,,1,1,,,,,0,,0,0,0,0.0,0,Y,1452,2,2,0,0,1,0,0,3,4,0,2,3,,N,,,,,,,,,,,
2008044470,2325,2,0,0,0,0,0,0,0,0,4,0,,67,1,2008,7,40.0404,-75.0655,2321.0,6,0,0,0,1,0,0,0,0,1.0,0,0,0,23,3,1,5,,1,40 02:25.526,4.0,0,75 03:55.923,4,0,0,0,67301,0,0,0,N,0,0,0,2,67301,1,,1,1,,N,N,,0,,0,0,0,2.0,2,N,2300,1,2,0,0,0,0,0,3,4,0,2,3,,N,,,,,,,,,,,
2008029496,1415,2,0,0,0,0,0,0,0,0,4,0,,67,1,2008,7,39.9579,-75.1758,1407.0,6,0,0,0,0,0,0,0,0,2.0,0,0,0,13,1,1,1,,1,39 57:28.342,1.0,0,75 10:32.807,8,0,0,0,67301,0,0,0,,0,0,0,3,67301,0,,1,1,,N,N,,0,,0,0,0,3.0,2,N,1345,1,2,0,0,0,1,0,3,4,0,2,3,,N,,,,,,,,,,,
2008020022,922,1,0,0,0,0,0,0,0,0,1,0,,67,1,2008,2,40.008,-75.2025,907.0,6,0,0,0,0,0,1,0,0,,0,0,0,9,1,0,0,,0,40 00:29.000,,0,75 12:10.046,0,0,0,0,67301,0,0,0,N,0,0,0,5,68K01,0,,1,1,,N,N,,0,,0,0,2,0.0,0,,904,0,4,0,0,0,0,0,3,4,1,4,3,,N,,,,,,,,,,,
2008062596,1721,0,0,0,0,0,0,0,0,0,7,0,,67,5,2008,2,40.0247,-75.0294,1713.0,6,0,0,0,0,0,0,0,0,1.0,0,0,0,17,1,0,0,,2,40 01:27.587,1.0,2,75 01:48.202,0,0,0,0,67301,0,0,0,Y,0,0,0,1,68K01,0,,2,9,,N,N,,1,,0,0,0,0.0,0,Y,1712,0,1,0,0,0,0,0,3,4,0,1,7,,N,,,,,,,,,,,
2008044858,9,3,0,0,0,0,0,0,0,0,4,0,,67,1,2008,7,39.997,-75.1786,9.0,6,0,0,1,0,0,0,0,0,,0,0,0,0,3,2,2,,0,39 59:49.000,,0,75 10:42.862,4,0,0,0,67301,0,0,0,N,0,0,0,3,67301,2,,1,1,,N,N,,0,,0,0,0,9.0,2,,0,2,3,0,0,0,0,1,3,4,0,3,3,,N,,,,,,,,,,,
2008044944,812,1,0,0,0,0,0,0,0,0,8,0,,67,1,2008,3,39.9318,-75.2167,811.0,6,0,0,0,0,0,0,0,0,,0,0,0,8,1,1,3,,0,39 55:54.339,,0,75 13:00.262,3,0,0,0,67301,1,0,0,,1,0,0,2,67301,0,,2,1,,,,,0,,1,0,0,2.0,2,,811,1,2,0,0,0,0,0,3,4,0,1,99,,N,,,,,,,,,,,
2008027032,1422,1,0,0,0,0,0,0,0,0,1,0,,67,1,2008,1,40.0375,-75.1123,1420.0,6,0,0,0,0,0,1,0,0,,0,0,0,14,1,6,0,,0,40 02:14.000,,7,75 06:44.468,4,0,0,0,67301,0,0,0,N,0,0,0,10,67301,6,,1,1,,N,N,,0,,0,0,1,3.0,2,,1418,6,3,0,0,0,0,0,3,4,1,3,3,,N,,,,,,,,,,,
2008059652,1608,0,0,0,0,0,0,0,0,0,8,0,,67,3,2008,2,40.0765,-74.9883,1607.0,6,0,0,0,0,0,0,0,0,,0,0,0,15,1,1,2,,0,40 04:35.223,,0,74 59:17.793,4,0,0,0,67301,1,0,0,,1,0,0,5,67301,1,,1,1,,,,,0,,0,0,1,3.0,3,,1530,1,2,0,0,0,0,0,3,4,0,1,3,,N,,,,,,,,,,,
2008057099,2355,3,0,0,0,0,0,0,0,0,1,0,,67,3,2008,7,40.101,-74.9746,2352.0,6,0,0,0,0,0,0,0,0,2.0,0,0,0,23,3,0,0,,1,40 06:03.551,1.0,0,74 58:28.662,0,0,0,0,67301,0,0,0,N,0,0,0,1,67301,0,,2,1,,N,N,,0,,0,0,2,0.0,0,N,2350,0,5,0,0,0,0,0,3,4,0,5,3,,N,,,,,,,,,,,
2008057119,1707,1,0,0,0,0,0,0,0,0,4,0,,67,4,2008,6,40.0004,-75.1071,1702.0,6,0,0,0,0,0,1,0,0,,0,0,0,16,1,1,0,,0,40 00:01.612,,0,75 06:25.506,4,0,0,0,67301,0,0,0,N,0,0,0,2,67301,1,,1,1,,N,N,,0,,0,0,1,0.0,0,,1645,1,2,0,0,0,0,0,3,4,0,2,3,,N,,,,,,,,,,,
2008057677,1036,2,0,0,0,0,0,0,0,0,1,0,,67,3,2008,3,40.071,-75.0378,1034.0,6,0,0,0,0,0,0,0,0,,0,0,0,10,1,2,1,,0,40 04:15.522,,0,75 02:16.209,4,0,0,0,67301,0,0,0,N,0,0,0,4,67301,2,,1,1,,N,N,,0,,0,0,0,3.0,2,,1030,2,2,0,0,0,0,0,3,4,0,2,3,,N,,,,,,,,,,,
2008060174,1822,1,0,0,0,0,0,0,0,0,5,0,,67,3,2008,7,39.9764,-75.1625,1816.0,6,0,0,0,0,0,1,0,0,,0,0,0,18,1,1,1,,0,39 58:34.942,,0,75 09:45.129,4,0,0,0,67301,0,0,0,N,0,0,0,2,67301,1,,1,1,,N,N,,0,,0,0,0,0.0,0,,1814,1,2,0,0,0,0,0,3,4,0,2,3,,N,,,,,,,,,,,
2008052356,2041,3,0,0,0,0,0,0,0,0,1,0,,67,4,2008,5,40.0039,-75.2207,2036.0,6,0,0,0,0,0,1,1,0,,0,0,0,20,3,0,1,,0,40 00:14.092,,0,75 13:14.544,9,0,0,0,67301,0,0,0,N,0,0,0,3,46104,0,,1,1,,N,N,,0,,0,0,0,3.0,2,,2035,0,3,0,0,0,0,1,3,4,0,3,3,,N,,,,,,,,,,,
2008023802,1715,2,0,0,0,0,0,0,0,0,4,0,,67,1,2008,4,40.0767,-75.1762,1710.0,6,0,0,0,0,0,1,0,0,,0,0,0,17,4,1,1,,0,40 04:36.120,,0,75 10:34.320,4,0,0,0,67301,0,0,0,N,0,0,0,2,67301,1,,1,1,,N,N,,0,,0,0,0,2.0,3,,1700,1,2,0,0,0,0,0,3,4,0,2,3,,N,,,,,,,,,,,
2008057794,131,1,0,0,0,0,0,0,0,0,2,0,,67,3,2008,5,39.9953,-75.1157,131.0,6,0,0,0,0,0,1,0,0,2.0,0,0,0,1,3,3,0,,2,39 59:42.921,5.0,0,75 06:56.548,4,0,0,0,67301,1,0,0,,1,0,0,3,67301,3,,1,9,,,,,0,,0,0,1,0.0,0,Y,131,3,4,0,0,0,0,0,3,4,1,3,7,,N,,,,,,,,,,,
2008044643,840,0,0,0,0,0,0,0,0,0,7,0,,67,1,2008,2,40.0976,-75.0187,836.0,6,0,0,0,0,0,0,0,0,,0,0,0,8,1,1,0,,0,40 05:51.210,,7,75 01:07.248,4,0,0,0,67301,0,0,0,,0,0,0,1,67301,1,,2,9,,N,N,,0,,0,0,1,0.0,0,,836,1,1,0,0,0,0,0,3,4,0,1,7,,N,,,,,,,,,,,
2008024249,1520,2,0,0,0,0,0,0,0,0,6,0,,67,1,2008,6,40.0659,-75.1765,1514.0,6,0,0,0,0,0,1,0,0,,0,0,0,15,1,0,1,,0,40 03:57.000,,0,75 10:35.464,0,0,0,0,67301,0,0,0,N,0,0,0,2,67301,0,,1,1,,N,N,,0,,0,0,0,3.0,3,,1510,0,2,0,0,0,0,0,3,4,0,2,3,,N,,,,,,,,,,,
2008044673,2002,1,0,0,0,0,0,1,0,0,1,1,,67,2,2008,3,39.9379,-75.1749,2000.0,6,0,0,0,0,0,0,0,0,,0,0,0,20,4,1,1,,0,39 56:16.281,,0,75 10:29.819,4,0,0,0,67301,0,0,0,N,0,0,0,4,62301,1,,1,2,,N,N,,0,,0,0,0,3.0,3,,2000,1,2,0,0,0,0,0,3,4,0,2,10,,N,,,,,,,,,,,
2008044679,707,2,0,0,0,0,0,0,0,0,4,0,,67,1,2008,3,40.013,-75.1194,705.0,6,0,0,0,0,0,1,0,0,1.0,0,0,0,7,1,2,1,,2,40 00:46.713,3.0,0,75 07:09.797,8,0,0,0,67301,0,0,0,N,0,0,0,2,67301,0,,1,1,,N,N,,0,,0,0,0,0.0,0,Y,700,2,2,0,0,1,2,0,3,4,0,2,3,,N,,,,,,,,,,,
2008044682,1625,2,0,0,0,0,0,0,0,0,4,0,,67,1,2008,4,40.0622,-75.1773,1620.0,6,0,0,0,0,0,0,0,0,,0,0,0,15,1,1,1,,0,40 03:43.938,,0,75 10:38.251,4,0,0,0,67301,0,0,0,N,0,0,0,3,67301,1,,9,1,,N,N,,0,,0,0,0,3.0,3,,1530,1,2,0,0,0,0,0,3,4,0,2,3,,N,,,,,,,,,,,