CRN,ARRIVAL_TM,AUTOMOBILE_COUNT,BELTED_DEATH_COUNT,BELTED_SUSP_SERIOUS_INJ_COUNT,BICYCLE_COUNT,BICYCLE_DEATH_COUNT,BICYCLE_SUSP_SERIOUS_INJ_COUNT,BUS_COUNT,CHLDPAS_DEATH_COUNT,CHLDPAS_SUSP_SERIOUS_INJ_COUNT,COLLISION_TYPE,COMM_VEH_COUNT,CONS_ZONE_SPD_LIM,COUNTY,CRASH_MONTH,CRASH_YEAR,DAY_OF_WEEK,DEC_LAT,DEC_LONG,DISPATCH_TM,DISTRICT,DRIVER_COUNT_16YR,DRIVER_COUNT_17YR,DRIVER_COUNT_18YR,DRIVER_COUNT_19YR,DRIVER_COUNT_20YR,DRIVER_COUNT_50_64YR,DRIVER_COUNT_65_74YR,DRIVER_COUNT_75PLUS,EST_HRS_CLOSED,FATAL_COUNT,HEAVY_TRUCK_COUNT,HORSE_BUGGY_COUNT,HOUR_OF_DAY,ILLUMINATION,INJURY_COUNT,INTERSECT_TYPE,INTERSECTION_RELATED,LANE_CLOSED,LATITUDE,LN_CLOSE_DIR,LOCATION_TYPE,LONGITUDE,MAX_SEVERITY_LEVEL,MCYCLE_DEATH_COUNT,MCYCLE_SUSP_SERIOUS_INJ_COUNT,MOTORCYCLE_COUNT,MUNICIPALITY,NONMOTR_COUNT,NONMOTR_DEATH_COUNT,NONMOTR_SUSP_SERIOUS_INJ_COUNT,NTFY_HIWY_MAINT,PED_COUNT,PED_DEATH_COUNT,PED_SUSP_SERIOUS_INJ_COUNT,PERSON_COUNT,POLICE_AGCY,POSSIBLE_INJ_COUNT,RDWY_SURF_TYPE_CD,RELATION_TO_ROAD,ROAD_CONDITION,ROADWAY_CLEARED,SCH_BUS_IND,SCH_ZONE_IND,SECONDARY_CRASH,SMALL_TRUCK_COUNT,SPEC_JURIS_CD,SUSP_MINOR_INJ_COUNT,SUSP_SERIOUS_INJ_COUNT,SUV_COUNT,TCD_FUNC_CD,TCD_TYPE,TFC_DETOUR_IND,TIME_OF_DAY,TOT_INJ_COUNT,TOTAL_UNITS,UNB_DEATH_COUNT,UNB_SUSP_SERIOUS_INJ_COUNT,UNBELTED_OCC_COUNT,UNK_INJ_DEG_COUNT,UNK_INJ_PER_COUNT,URBAN_AREA,URBAN_RURAL,VAN_COUNT,VEHICLE_COUNT,WEATHER1,WEATHER2,WORK_ZONE_IND,WORK_ZONE_LOC,WORK_ZONE_TYPE,WORKERS_PRES,WZ_CLOSE_DETOUR,WZ_FLAGGER,WZ_LAW_OFFCR_IND,WZ_LN_CLOSURE,WZ_MOVING,WZ_OTHER,WZ_SHLDER_MDN,WZ_WORKERS_INJ_KILLED
2008119163,1222,0,0,0,0,0,0,0,0,0,6,0,,67,10,2008,1,40.0253,-75.134,1201.0,6,0,0,0,0,0,0,0,0,,0,0,0,11,1,1,0,,0,40 01:30.914,,0,75 08:02.464,8,0,0,0,67301,0,0,0,N,0,0,0,2,67301,0,,1,1,,N,N,,1,,0,0,1,0.0,0,,1130,1,2,0,0,2,1,1,3,4,0,2,3,,N,,,,,,,,,,,
2008133522,905,0,0,0,1,0,1,0,0,0,4,0,,67,10,2008,5,39.9369,-75.1502,904.0,6,0,0,0,0,0,0,0,0,,0,0,0,9,1,1,1,,0,39 56:12.858,,0,75 09:00.809,2,0,0,0,67301,1,0,1,,0,0,0,3,67301,0,,1,1,,N,N,,0,,0,1,1,9.0,3,,904,1,2,0,0,0,0,0,3,4,0,1,3,,N,,,,,,,,,,,
2008133534,1740,2,0,0,0,0,0,0,0,0,1,0,,67,10,2008,7,40.0092,-75.1969,1740.0,6,0,0,0,0,0,0,1,0,,0,0,0,17,4,0,10,,0,40 00:29.747,,0,75 11:40.310,9,0,0,0,67301,0,0,0,,0,0,0,4,67301,0,,1,9,,N,N,,0,,0,0,0,0.0,0,,1738,0,2,0,0,0,0,2,3,4,0,2,7,,N,,,,,,,,,,,
2008133552,1530,1,0,0,0,0,0,1,0,0,4,1,,67,10,2008,7,40.061,-75.1373,1407.0,6,0,0,0,0,0,0,0,0,,0,0,0,13,1,1,2,,0,40 03:39.459,,0,75 08:14.106,4,0,0,0,67301,0,0,0,N,0,0,0,2,67301,1,,1,9,,N,N,,0,,0,0,0,0.0,0,,1336,1,2,0,0,0,0,0,3,4,0,2,7,,N,,,,,,,,,,,
2008089906,1204,1,0,0,0,0,0,0,0,0,1,0,,67,7,2008,6,39.9284,-75.1465,1155.0,6,0,0,0,0,0,0,0,0,,0,0,0,11,1,1,0,,0,39 55:42.240,,0,75 08:47.400,4,0,0,0,67301,0,0,0,N,0,0,0,6,68K01,1,,1,1,,N,N,,0,,0,0,2,0.0,0,,1143,1,3,0,0,0,0,0,3,4,0,3,3,,N,,,,,,,,,,,
2008072794,1430,0,0,0,0,0,0,0,0,0,4,0,,67,4,2008,6,39.9816,-75.1445,1421.0,6,0,0,0,0,0,0,1,0,,0,0,0,14,1,2,1,,0,39 58:53.796,,0,75 08:40.041,4,0,0,0,67301,0,0,0,N,0,0,0,3,67301,2,,1,1,,N,N,,1,,0,0,1,3.0,2,,1421,2,2,0,0,0,0,0,3,4,0,2,3,,N,,,,,,,,,,,
2008076964,1449,3,0,0,0,0,0,0,0,0,1,0,,67,6,2008,6,39.9665,-75.1873,1442.0,6,0,1,0,0,0,0,0,0,,0,0,0,14,1,0,0,,0,39 57:58.760,,0,75 11:13.689,0,0,0,0,67301,0,0,0,N,0,0,0,6,68K01,0,,1,1,,N,N,,1,,0,0,0,0.0,0,,1440,0,4,0,0,0,0,0,3,4,0,4,3,,N,,,,,,,,,,,
2008082626,2305,1,0,0,0,0,0,0,0,0,2,0,,67,5,2008,6,39.9589,-75.1567,2305.0,6,0,0,1,0,0,1,0,0,,0,0,0,23,3,3,1,,0,39 57:32.119,,0,75 09:24.206,3,0,0,0,67301,0,0,0,,0,0,0,3,67301,2,,1,1,,N,,,0,,1,0,1,3.0,2,,2304,3,2,0,0,0,0,0,3,4,0,2,3,,N,,,,,,,,,,,
2008085094,1029,3,0,0,0,0,0,0,0,0,1,0,,67,7,2008,6,39.9494,-75.1846,1011.0,6,0,0,0,0,0,1,0,0,1.0,0,0,0,10,1,0,0,,1,39 56:57.694,3.0,0,75 11:04.644,0,0,0,0,67301,0,0,0,N,0,0,0,4,68K01,0,,1,1,,N,N,,0,,0,0,0,0.0,0,N,1003,0,3,0,0,0,0,0,3,4,0,3,3,,N,,,,,,,,,,,
2008085099,959,2,0,0,0,0,0,0,0,0,1,0,,67,7,2008,7,40.0068,-75.1991,959.0,6,0,0,0,0,0,1,0,1,,0,0,0,9,1,2,0,,0,40 00:23.303,,0,75 11:54.407,4,0,0,0,67301,0,0,0,N,0,0,0,4,68K01,2,,1,1,,N,N,,0,,0,0,1,0.0,0,,959,2,3,0,0,0,0,0,3,4,0,3,3,,N,,,,,,,,,,,
2008079249,1946,1,0,0,1,0,0,0,0,0,6,0,,67,5,2008,7,40.1167,-75.0337,1940.0,6,0,0,0,1,0,0,0,0,,0,0,0,19,1,1,2,,0,40 07:00.152,,0,75 02:01.269,4,0,0,0,67301,1,0,0,,0,0,0,2,67301,1,,1,1,,,,,0,,0,0,0,0.0,0,,1938,1,2,0,0,0,0,0,3,4,0,1,3,,N,,,,,,,,,,,
2008079276,1225,1,0,0,0,0,0,0,0,0,8,0,,67,5,2008,5,40.0109,-75.0887,1220.0,6,0,0,0,0,0,0,0,0,,0,0,0,11,1,1,1,,0,40 00:39.343,,0,75 05:19.370,4,0,0,0,67301,1,0,0,,1,0,0,1,67301,1,,1,1,,,,,0,,0,0,0,0.0,0,,1130,1,2,0,0,0,0,0,3,4,0,1,3,,N,,,,,,,,,,,
2008072227,218,2,0,0,0,0,0,0,0,0,1,0,,67,5,2008,1,,,213.0,6,0,0,0,0,0,0,0,0,,0,0,0,2,3,2,0,,0,,,0,,4,0,0,0,67301,0,0,0,N,0,0,0,2,67301,2,,6,1,,N,N,,0,,0,0,0,0.0,0,,213,2,2,0,0,0,0,0,3,3,0,2,3,,N,,,,,,,,,,,
2008082487,1645,2,0,0,0,0,0,0,0,0,4,0,,67,5,2008,3,40.0403,-75.0789,1639.0,6,0,0,0,0,1,0,0,0,,0,0,0,16,1,1,1,,0,40 02:25.167,,0,75 04:44.066,8,0,0,0,67301,0,0,0,,0,0,0,2,67301,0,,1,9,,,,,0,,0,0,0,3.0,2,,1635,1,2,0,0,0,1,0,3,4,0,2,7,,N,,,,,,,,,,,
2008072068,1648,2,0,0,0,0,0,0,0,0,4,0,,67,4,2008,3,39.9966,-75.1142,1643.0,6,0,0,0,0,0,0,0,0,,0,0,0,16,1,1,2,,0,39 59:47.626,,0,75 06:51.266,8,0,0,0,67301,0,0,0,N,0,0,0,3,67301,0,,1,1,,N,N,,0,,0,0,0,0.0,0,,1630,1,2,0,0,0,1,0,3,4,0,2,3,,N,,,,,,,,,,,
2008069868,1515,1,0,0,0,0,0,0,0,0,5,0,,67,6,2008,6,40.0457,-75.0017,1512.0,6,0,0,0,0,0,0,1,0,,0,0,0,15,1,1,0,,0,40 02:46.982,,0,75 00:04.093,4,0,0,0,67301,0,0,0,N,0,0,0,2,68K01,1,,1,1,,N,N,,1,,0,0,0,0.0,0,,1505,1,2,0,0,0,0,0,3,4,0,2,3,,N,,,,,,,,,,,
2008060715,1018,1,0,0,0,0,0,1,0,0,6,1,,67,3,2008,6,40.0091,-75.1128,1016.0,6,0,0,0,0,0,1,0,0,,0,0,0,10,1,6,0,,0,40 00:32.605,,0,75 06:46.220,3,0,0,0,67301,0,0,0,N,0,0,0,6,67301,2,,1,98,,N,N,,0,,1,0,0,0.0,0,,1016,6,2,0,0,0,3,0,3,4,0,2,99,,N,,,,,,,,,,,
2008058193,241,2,0,0,0,0,0,0,0,0,4,0,,67,4,2008,1,39.935,-75.1507,0.0,6,0,0,0,0,0,0,0,0,,0,0,0,99,3,1,0,,0,39 56:05.827,,0,75 09:02.455,3,0,0,0,67301,0,0,0,N,0,0,0,2,67301,0,,6,1,,N,N,,0,,1,0,0,0.0,0,,9999,1,2,0,0,0,0,1,3,4,0,2,3,,N,,,,,,,,,,,
2008049363,413,1,0,0,0,0,0,0,0,0,7,0,,67,4,2008,7,39.9312,-75.1992,403.0,6,0,0,0,0,0,0,0,0,1.0,0,0,0,4,3,1,0,,1,39 55:53.870,4.0,0,75 11:58.579,3,0,0,0,67301,0,0,0,N,0,0,0,1,68K01,0,,2,1,,N,N,,0,,1,0,0,0.0,0,N,400,1,2,0,0,0,0,0,3,4,0,1,3,,N,,,,,,,,,,,
2008046766,2359,1,0,0,0,0,0,0,0,0,5,0,,67,3,2008,3,39.9494,-75.1845,2331.0,6,0,0,0,0,0,0,0,0,2.0,0,0,0,23,2,0,0,,2,39 57:01.652,3.0,0,75 11:00.224,0,0,0,0,67301,0,0,0,N,0,0,0,2,68K01,0,,1,9,,N,N,,0,,0,0,1,0.0,0,N,2328,0,2,0,0,1,0,0,3,4,0,2,7,,N,,,,,,,,,,,
2008044469,2348,1,0,0,0,0,0,0,0,0,1,0,,67,1,2008,6,40.054,-75.0489,2344.0,6,0,0,0,0,0,0,0,0,1.0,0,0,0,99,3,1,1,,1,40 03:15.000,2.0,0,75 02:58.198,4,0,0,0,67301,0,0,0,N,0,0,0,3,67301,1,,1,1,,N,N,,1,,0,0,0,3.0,2,N,9999,1,2,0,0,0,0,0,3,4,0,2,3,,N,,,,,,,,,,,
2008029500,800,1,0,0,0,0,0,0,0,0,8,0,,67,1,2008,6,39.9658,-75.2461,752.0,6,0,0,0,0,0,1,0,0,,0,0,0,7,1,1,2,,0,39 57:56.929,,0,75 14:45.807,8,0,0,0,67301,1,0,0,,1,0,0,2,67301,0,,1,9,,N,N,,0,,0,0,0,3.0,2,,750,1,2,0,0,0,1,0,3,4,0,1,7,,N,,,,,,,,,,,
2008029505,227,1,0,0,0,0,0,0,0,0,8,0,,67,1,2008,1,39.9522,-75.1452,220.0,6,0,0,0,0,0,0,0,0,,0,0,0,2,3,1,0,,0,39 57:07.961,,0,75 08:42.806,4,0,0,0,67301,1,0,0,N,1,0,0,2,67301,1,,4,1,,N,N,,0,,0,0,1,0.0,0,,215,1,3,0,0,0,0,1,3,4,0,2,3,,N,,,,,,,,,,,
2008040101,38,1,0,0,0,0,0,0,0,0,7,0,,67,1,2008,5,40.0116,-75.1085,35.0,6,0,0,0,0,0,0,0,0,,0,0,0,0,3,3,0,,0,40 00:41.846,,0,75 06:30.689,3,0,0,0,67301,0,0,0,,0,0,0,3,67301,0,,2,1,,N,N,,0,,1,0,0,0.0,0,,24,3,1,0,0,0,2,0,3,4,0,1,3,,N,,,,,,,,,,,
2008040105,1608,2,0,0,0,0,0,0,0,0,4,0,,67,1,2008,3,40.047,-74.9927,1604.0,6,0,0,0,0,0,0,1,0,,0,0,0,16,1,1,1,,0,40 02:48.000,,0,74 59:34.050,4,0,0,0,67301,0,0,0,N,0,0,0,2,67301,1,,1,1,,N,N,,0,,0,0,0,3.0,2,,1602,1,2,0,0,0,0,0,3,4,0,2,3,,N,,,,,,,,,,,
2008042596,240,1,0,0,0,0,0,0,0,0,7,0,,67,1,2008,5,40.0077,-75.0687,240.0,6,0,0,0,0,0,0,0,0,,0,0,0,2,3,0,0,,0,40 00:26.000,,0,75 04:06.834,0,0,0,0,67301,0,0,0,N,0,0,0,1,67301,0,,5,1,,N,N,,0,,0,0,0,0.0,0,,235,0,1,0,0,0,0,0,3,4,0,1,3,,N,,,,,,,,,,,
2008040131,1802,1,0,0,0,0,0,0,0,0,8,0,,67,2,2008,2,40.0412,-75.2251,1756.0,6,0,0,0,0,0,0,0,0,,0,0,0,17,3,1,0,,0,40 02:27.000,,0,75 13:29.980,4,0,0,0,67301,1,0,0,N,1,0,0,2,67301,1,,1,1,,N,N,,0,,0,0,0,0.0,0,,1750,1,2,0,0,0,0,0,3,4,0,1,3,,N,,,,,,,,,,,
2008030230,53,2,0,0,0,0,0,0,0,0,1,0,,67,2,2008,1,39.9928,-75.2009,50.0,6,0,0,0,0,1,0,0,0,1.0,0,0,0,0,3,1,0,,1,39 59:36.000,3.0,0,75 11:59.261,4,0,0,0,67301,0,0,0,N,0,0,0,4,68K01,1,,1,1,,N,N,,0,,0,0,0,0.0,0,N,49,1,2,0,0,2,0,0,3,4,0,2,3,,N,,,,,,,,,,,
2008027656,1653,1,0,0,0,0,0,0,0,0,4,0,,67,2,2008,3,40.0546,-74.9855,1648.0,6,0,0,0,0,0,0,0,0,3.0,0,0,0,16,1,1,0,,2,40 03:16.617,2.0,3,74 59:07.641,8,0,0,0,67301,0,0,0,N,0,0,0,5,68K01,0,,1,2,,N,N,,0,,0,0,2,0.0,0,Y,1646,1,3,0,0,2,1,0,3,4,0,3,7,,N,,,,,,,,,,,
2008027657,1653,1,0,0,0,0,0,0,0,0,1,0,,67,2,2008,3,40.0546,-74.9855,1648.0,6,0,0,0,0,0,0,0,0,3.0,0,0,0,16,1,0,0,,2,40 03:16.617,2.0,3,74 59:07.641,0,0,0,0,67301,0,0,0,N,0,0,0,2,68K01,0,,1,2,,N,N,,0,,0,0,1,0.0,0,Y,1646,0,2,0,0,0,0,0,3,4,0,2,7,,N,,,,,,,,,,,
2008062129,1115,2,0,0,0,0,0,0,0,0,1,0,,67,2,2008,5,,,1100.0,6,0,0,0,0,0,0,0,0,,0,0,0,10,1,0,0,,0,,,0,,0,0,0,0,67301,0,0,0,N,0,0,0,2,67301,0,,1,1,,N,N,,0,,0,0,0,0.0,0,,1055,0,2,0,0,0,0,0,3,3,0,2,3,,N,,,,,,,,,,,
2008057155,1419,0,0,0,0,0,0,0,0,0,8,0,,67,3,2008,3,39.9361,-75.1633,1418.0,6,0,0,0,0,0,0,0,0,,0,0,0,14,1,1,1,,0,39 56:10.042,,0,75 09:47.955,4,0,0,0,67301,1,0,0,,1,0,0,2,67301,1,,1,1,,,,,0,,0,0,0,3.0,3,,1417,1,2,0,0,0,0,1,3,4,0,1,3,,N,,,,,,,,,,,
2008057286,1600,1,0,0,0,0,0,0,0,0,4,0,,67,4,2008,7,40.0325,-75.0808,1555.0,6,0,0,0,0,0,0,1,0,2.0,0,0,0,15,1,1,1,,1,40 01:56.965,1.0,0,75 04:51.305,4,0,0,0,67301,0,0,0,N,0,0,0,4,67301,1,,1,1,,N,N,,0,,0,0,1,2.0,2,N,1555,1,2,0,0,0,0,0,3,4,0,2,3,,N,,,,,,,,,,,
2008062490,420,1,0,0,0,0,0,0,0,0,0,0,,67,5,2008,1,39.9653,-75.1375,417.0,6,0,0,0,0,0,0,0,0,1.0,0,0,0,4,3,0,0,,1,39 57:50.908,2.0,0,75 08:18.657,0,0,0,0,67301,0,0,0,N,0,0,0,1,68K01,0,,1,1,,N,N,,0,,0,0,0,0.0,0,N,414,0,1,0,0,0,0,0,3,4,0,1,3,,N,,,,,,,,,,,
2008060136,122,1,0,0,0,0,0,0,0,0,5,0,,67,4,2008,4,39.9493,-75.1845,112.0,6,0,0,0,0,0,0,0,0,2.0,0,0,0,1,3,0,0,,1,39 56:57.382,3.0,0,75 11:04.289,9,0,0,0,67301,0,0,0,N,0,0,0,4,68K01,0,,1,1,,N,N,,0,,0,0,0,0.0,0,N,100,0,2,0,0,1,0,1,3,4,0,2,3,,N,,,,,,,,,,,
2008044629,1340,1,0,0,0,0,0,0,0,0,1,0,,67,1,2008,4,39.9657,-75.1606,1335.0,6,0,0,0,0,0,0,1,0,2.0,0,0,0,13,1,1,2,,2,39 57:56.000,1.0,0,75 09:38.224,4,0,0,0,67301,0,0,0,,0,0,0,3,67301,1,,1,1,,N,N,,0,,0,0,1,3.0,2,Y,1330,1,2,0,0,0,0,0,3,4,0,2,3,,N,,,,,,,,,,,
2008119041,532,0,0,0,0,0,0,0,0,0,4,0,,67,9,2008,4,39.9546,-75.1648,528.0,6,0,0,0,0,0,0,0,0,2.0,0,0,0,5,3,1,1,,2,39 57:16.593,2.0,0,75 09:53.411,8,0,0,0,67301,0,0,0,N,0,0,0,3,67301,0,,1,1,,N,N,,0,,0,0,2,3.0,2,N,527,1,2,0,0,0,1,0,3,4,0,2,3,,N,,,,,,,,,,,
2008133706,1710,1,0,0,0,0,0,1,0,0,5,1,,67,10,2008,5,39.9536,-75.1731,1705.0,6,0,0,0,0,0,0,1,0,1.0,0,0,0,16,1,2,1,,2,39 57:12.850,1.0,0,75 10:23.482,4,0,0,0,67301,0,0,0,,0,0,0,8,67301,1,,1,1,,Y,,,0,,0,0,0,3.0,2,Y,1645,2,2,0,0,0,1,0,3,4,0,2,3,,N,,,,,,,,,,,
2008119118,1309,5,0,0,0,0,0,0,0,0,4,0,,67,9,2008,6,39.9401,-75.1712,1303.0,6,0,0,0,0,0,0,0,0,,0,0,0,99,1,1,1,,0,39 56:24.532,,0,75 10:16.424,3,0,0,0,67301,0,0,0,,0,0,0,2,67301,0,,1,1,,N,N,,1,,1,0,1,0.0,0,,9999,1,7,0,0,0,0,1,3,4,0,7,3,,N,,,,,,,,,,,
2008124591,216,1,0,0,0,0,0,0,0,0,7,0,,67,10,2008,3,39.9343,-75.2,216.0,6,0,0,0,1,0,0,0,0,1.0,0,0,0,2,3,0,0,,1,39 56:01.440,3.0,0,75 12:00.200,0,0,0,0,67301,0,0,0,N,0,0,0,4,68K01,0,,3,9,,N,N,,0,,0,0,0,0.0,0,N,214,0,1,0,0,0,0,0,3,4,0,1,7,,N,,,,,,,,,,,
2008098092,1853,1,0,0,1,0,0,0,0,0,4,0,,67,6,2008,5,40.0395,-75.0553,1850.0,6,0,0,0,0,0,0,0,0,,0,0,0,18,1,1,0,,0,40 02:22.041,,0,75 03:19.119,4,0,0,0,67301,1,0,0,N,0,0,0,2,67301,1,,1,1,,N,N,,0,,0,0,0,0.0,0,,1847,1,2,0,0,0,0,0,3,4,0,1,3,,N,,,,,,,,,,,
2008098119,1248,1,0,0,0,0,0,0,0,0,8,0,,67,7,2008,5,39.9215,-75.1473,1243.0,6,0,0,0,0,0,0,0,0,,0,0,0,12,1,1,1,,0,39 55:17.341,,0,75 08:50.248,4,0,0,0,67301,1,0,0,,1,0,0,3,67301,1,,1,1,,N,N,,0,,0,0,0,3.0,3,,1240,1,2,0,0,0,0,0,3,4,0,1,3,,N,,,,,,,,,,,
2008098131,1037,1,0,0,0,0,0,0,0,0,5,0,,67,7,2008,4,39.9919,-75.0985,1035.0,6,0,0,0,0,0,0,0,0,,0,0,0,10,1,1,0,,0,39 59:30.920,,0,75 05:54.594,3,0,0,1,67301,0,0,0,N,0,0,0,6,67301,0,,1,1,,N,N,,0,,1,0,0,0.0,0,,1030,1,2,0,0,0,0,0,3,4,0,2,3,,N,,,,,,,,,,,
2008098139,832,2,0,0,0,0,0,0,0,0,4,0,,67,6,2008,4,39.9756,-75.2436,830.0,6,0,0,0,0,0,0,0,0,,0,0,0,8,1,1,1,,0,39 58:32.052,,0,75 14:36.891,8,0,0,0,67301,0,0,0,N,0,0,0,3,67301,0,,1,1,,N,N,,0,,0,0,0,3.0,2,,824,1,2,0,0,0,1,0,3,4,0,2,3,,N,,,,,,,,,,,
2008098160,1105,1,0,0,0,0,0,0,0,0,4,0,,67,7,2008,3,39.9341,-75.1492,1101.0,6,0,0,0,0,0,0,0,0,,0,0,0,11,1,1,1,,0,39 56:02.828,,0,75 08:57.152,8,0,0,1,67301,0,0,0,N,0,0,0,3,67301,0,,1,1,,N,N,,0,,0,0,0,3.0,2,,1100,1,2,0,0,0,1,0,3,4,0,2,3,,N,,,,,,,,,,,
2008072720,1610,1,0,0,0,0,0,0,0,0,4,0,,67,4,2008,5,39.9569,-75.2062,1600.0,6,0,0,0,0,0,0,0,0,,0,0,0,15,1,6,1,,0,39 57:24.825,,0,75 12:22.359,8,0,0,0,67301,0,0,0,,0,0,0,7,67301,0,,1,1,,,,,0,,0,0,1,3.0,3,,1530,6,2,0,0,0,6,0,3,4,0,2,3,,N,,,,,,,,,,,
2008072722,739,1,0,0,0,0,0,0,0,0,4,0,,67,4,2008,6,40.0594,-75.0859,729.0,6,0,0,0,0,0,1,0,0,,0,0,0,7,1,1,1,,0,40 03:33.972,,0,75 05:09.267,8,0,0,0,67301,0,0,0,N,0,0,0,3,67301,0,,1,1,,N,N,,0,,0,0,0,3.0,2,,725,1,2,0,0,0,1,1,3,4,1,2,3,,N,,,,,,,,,,,
2008087489,1045,1,0,0,0,0,0,0,0,0,8,0,,67,4,2008,7,39.9515,-75.1567,1041.0,6,0,0,0,0,0,0,0,0,,0,0,0,10,1,1,1,,0,39 57:05.292,,0,75 09:23.993,4,0,0,0,67301,1,0,0,,1,0,0,2,67301,1,,1,1,,,,,0,,0,0,0,0.0,0,,1030,1,2,0,0,0,0,0,3,4,0,1,3,,N,,,,,,,,,,,
2008082575,342,0,0,0,0,0,0,0,0,0,7,0,,67,5,2008,7,39.8981,-75.2108,334.0,6,0,0,0,0,0,0,0,0,1.0,0,0,0,3,3,0,0,,2,39 53:53.094,3.0,3,75 12:38.999,0,0,0,0,67301,0,0,0,N,0,0,0,1,67301,0,,2,1,,N,N,,0,,0,0,1,0.0,0,N,332,0,1,0,0,0,0,0,3,4,0,1,3,,N,,,,,,,,,,,
2008109521,2305,0,0,0,0,0,0,0,0,0,8,0,,67,8,2008,3,40.0395,-75.1169,2300.0,6,0,0,0,0,0,1,0,0,,0,0,0,22,3,1,0,,0,40 02:22.034,,0,75 07:00.822,3,0,0,0,67301,1,0,0,N,1,0,0,2,67301,0,,1,1,,N,N,,0,,1,0,1,0.0,0,,2250,1,2,0,0,0,0,0,3,4,0,1,3,,N,,,,,,,,,,,
2008069626,2032,1,0,0,0,0,0,0,0,0,1,0,,67,4,2008,3,39.9745,-75.1587,2032.0,6,0,0,0,0,0,1,0,0,,0,0,0,20,3,0,1,,0,39 58:28.020,,0,75 09:31.391,0,0,0,0,67301,0,0,0,N,0,0,0,3,67301,0,,1,1,,N,N,,0,,0,0,1,0.0,0,,2032,0,2,0,0,0,0,0,3,4,0,2,3,,N,,,,,,,,,,,
2008069669,1812,2,0,0,0,0,0,0,0,0,1,0,,67,4,2008,7,,,1809.0,6,0,0,0,0,0,0,0,0,,0,0,0,18,1,1,1,,0,,,0,,4,0,0,0,67301,0,0,0,N,0,0,0,2,67301,1,,1,1,,N,N,,0,,0,0,0,0.0,0,,1805,1,2,0,0,0,0,0,3,3,0,2,3,,N,,,,,,,,,,,
2008080104,1418,1,0,0,0,0,0,0,0,0,7,0,,67,6,2008,3,39.9132,-75.1482,1411.0,6,0,0,0,0,1,0,0,0,,0,0,0,14,1,0,0,,0,39 54:43.541,,2,75 08:53.934,0,0,0,0,67301,0,0,0,N,0,0,0,1,68K01,0,,2,1,,N,N,,0,,0,0,0,0.0,0,,1401,0,1,0,0,0,0,0,3,4,0,1,3,,N,,,,,,,,,,,
2008122560,2115,2,0,0,0,0,0,0,0,0,4,0,,67,9,2008,6,40.0134,-75.2025,2109.0,6,0,0,0,0,0,0,1,0,,0,0,0,19,3,1,2,,0,40 00:48.050,,0,75 12:08.483,3,0,0,0,67301,0,0,0,N,0,0,0,9,67301,0,,1,9,,N,N,,0,,1,0,0,0.0,0,,1942,1,2,0,0,0,0,7,3,4,0,2,7,,N,,,,,,,,,,,
2008127377,22,1,0,0,0,0,0,0,0,0,4,0,,67,11,2008,7,40.0378,-75.012,13.0,6,0,0,0,0,0,0,0,0,2.0,0,0,0,0,3,2,0,,1,40 02:17.070,2.0,0,75 00:40.295,4,0,0,0,67301,1,0,0,N,0,0,0,4,68K01,1,,1,1,,N,N,,0,,0,0,1,0.0,0,N,0,2,4,0,0,0,1,0,3,4,1,3,3,,N,,,,,,,,,,,
2008119782,1120,0,0,0,0,0,0,0,0,0,8,0,,67,9,2008,4,40.0367,-75.1738,1112.0,6,0,0,0,0,0,0,0,0,,0,0,0,11,1,1,1,,0,40 02:12.019,,0,75 10:25.841,4,0,0,0,67301,1,0,0,N,1,0,0,2,67301,1,,2,1,,N,N,,1,,0,0,0,3.0,2,,1106,1,2,0,0,0,0,0,3,4,0,1,3,,N,,,,,,,,,,,
2008132902,1215,1,0,0,0,0,0,0,0,0,8,0,,67,10,2008,6,39.9376,-75.1501,1215.0,6,0,0,0,0,0,0,0,0,,0,0,0,12,1,1,1,,0,39 56:15.226,,0,75 09:00.291,8,0,0,0,67301,1,0,0,N,1,0,0,2,67301,0,,1,1,,N,N,,0,,0,0,0,0.0,0,,1215,1,2,0,0,0,1,0,3,4,0,1,3,,N,,,,,,,,,,,
2008132907,1957,1,0,0,0,0,0,0,0,0,6,0,,67,10,2008,7,40.0326,-75.0914,1953.0,6,0,0,0,0,0,2,0,0,2.0,0,0,0,99,3,1,0,,1,40 01:57.342,2.0,0,75 05:29.036,8,0,0,0,67301,0,0,0,,0,0,0,2,67301,0,,1,9,,,,,0,,0,0,1,0.0,0,N,9999,1,2,0,0,0,1,1,3,4,0,2,7,,N,,,,,,,,,,,
2008122796,2345,1,0,0,1,0,0,0,0,0,4,0,,67,9,2008,3,39.9415,-75.1573,2344.0,6,0,0,0,0,0,0,0,0,,0,0,0,23,3,1,0,,0,39 56:29.511,,0,75 09:26.186,4,0,0,0,67301,1,0,0,N,0,0,0,2,67301,1,,1,9,,N,N,,0,,0,0,0,0.0,0,,2343,1,2,0,0,0,0,0,3,4,0,1,7,,N,,,,,,,,,,,
2008060512,2220,1,0,0,0,0,0,0,0,0,7,0,,67,3,2008,5,,,2216.0,6,0,0,0,0,0,0,0,1,,0,0,0,22,3,1,0,,0,,,0,,4,0,0,0,67301,0,0,0,,0,0,0,1,67301,1,,5,1,,N,N,,0,,0,0,0,0.0,0,,2210,1,1,0,0,0,0,0,3,3,0,1,3,,N,,,,,,,,,,,