CRN,ARRIVAL_TM,AUTOMOBILE_COUNT,BELTED_DEATH_COUNT,BELTED_SUSP_SERIOUS_INJ_COUNT,BICYCLE_COUNT,BICYCLE_DEATH_COUNT,BICYCLE_SUSP_SERIOUS_INJ_COUNT,BUS_COUNT,CHLDPAS_DEATH_COUNT,CHLDPAS_SUSP_SERIOUS_INJ_COUNT,COLLISION_TYPE,COMM_VEH_COUNT,CONS_ZONE_SPD_LIM,COUNTY,CRASH_MONTH,CRASH_YEAR,DAY_OF_WEEK,DEC_LAT,DEC_LONG,DISPATCH_TM,DISTRICT,DRIVER_COUNT_16YR,DRIVER_COUNT_17YR,DRIVER_COUNT_18YR,DRIVER_COUNT_19YR,DRIVER_COUNT_20YR,DRIVER_COUNT_50_64YR,DRIVER_COUNT_65_74YR,DRIVER_COUNT_75PLUS,EST_HRS_CLOSED,FATAL_COUNT,HEAVY_TRUCK_COUNT,HORSE_BUGGY_COUNT,HOUR_OF_DAY,ILLUMINATION,INJURY_COUNT,INTERSECT_TYPE,INTERSECTION_RELATED,LANE_CLOSED,LATITUDE,LN_CLOSE_DIR,LOCATION_TYPE,LONGITUDE,MAX_SEVERITY_LEVEL,MCYCLE_DEATH_COUNT,MCYCLE_SUSP_SERIOUS_INJ_COUNT,MOTORCYCLE_COUNT,MUNICIPALITY,NONMOTR_COUNT,NONMOTR_DEATH_COUNT,NONMOTR_SUSP_SERIOUS_INJ_COUNT,NTFY_HIWY_MAINT,PED_COUNT,PED_DEATH_COUNT,PED_SUSP_SERIOUS_INJ_COUNT,PERSON_COUNT,POLICE_AGCY,POSSIBLE_INJ_COUNT,RDWY_SURF_TYPE_CD,RELATION_TO_ROAD,ROAD_CONDITION,ROADWAY_CLEARED,SCH_BUS_IND,SCH_ZONE_IND,SECONDARY_CRASH,SMALL_TRUCK_COUNT,SPEC_JURIS_CD,SUSP_MINOR_INJ_COUNT,SUSP_SERIOUS_INJ_COUNT,SUV_COUNT,TCD_FUNC_CD,TCD_TYPE,TFC_DETOUR_IND,TIME_OF_DAY,TOT_INJ_COUNT,TOTAL_UNITS,UNB_DEATH_COUNT,UNB_SUSP_SERIOUS_INJ_COUNT,UNBELTED_OCC_COUNT,UNK_INJ_DEG_COUNT,UNK_INJ_PER_COUNT,URBAN_AREA,URBAN_RURAL,VAN_COUNT,VEHICLE_COUNT,WEATHER1,WEATHER2,WORK_ZONE_IND,WORK_ZONE_LOC,WORK_ZONE_TYPE,WORKERS_PRES,WZ_CLOSE_DETOUR,WZ_FLAGGER,WZ_LAW_OFFCR_IND,WZ_LN_CLOSURE,WZ_MOVING,WZ_OTHER,WZ_SHLDER_MDN,WZ_WORKERS_INJ_KILLED
2008029086,2230,4,0,0,0,0,0,0,0,0,4,0,,67,1,2008,3,39.9901,-75.1494,2201.0,6,0,0,0,0,0,1,0,0,,0,0,0,21,3,2,1,,0,39 59:24.424,,0,75 08:57.757,4,0,0,0,67301,0,0,0,,0,0,0,4,67301,2,,1,1,,N,N,,0,,0,0,0,3.0,3,,2158,2,4,0,0,0,0,0,3,4,0,4,3,,N,,,,,,,,,,,
2008029133,1925,2,0,0,0,0,0,0,0,0,4,0,,67,1,2008,4,39.9585,-75.1536,1924.0,6,0,0,0,0,0,0,0,0,,0,0,0,19,3,1,2,,0,39 57:30.711,,0,75 09:12.844,4,0,0,0,67301,0,0,0,,0,0,0,3,67301,1,,1,1,,,,,0,,0,0,0,0.0,0,,1922,1,2,0,0,0,0,0,3,4,0,2,99,,N,,,,,,,,,,,
2008044642,2232,0,0,0,0,0,0,0,0,0,4,0,,67,1,2008,4,40.0745,-75.1606,2231.0,6,0,0,1,0,0,0,0,0,,0,0,0,22,3,1,2,,0,40 04:28.261,,0,75 09:38.008,3,0,0,1,67301,0,0,0,N,0,0,0,5,67301,0,,1,1,,N,N,,0,,1,0,1,3.0,3,,2200,1,2,0,0,0,0,0,3,4,0,2,3,,N,,,,,,,,,,,
2008119066,235,2,0,0,0,0,0,0,0,0,6,0,,67,9,2008,1,40.0414,-75.028,226.0,6,0,0,1,0,0,0,0,0,,0,0,0,2,3,0,0,,0,40 02:29.202,,0,75 01:40.903,0,0,0,0,67301,0,0,0,N,0,0,0,5,67301,0,,1,1,,N,N,,0,,0,0,0,0.0,0,,225,0,2,0,0,0,0,0,3,4,0,2,3,,N,,,,,,,,,,,
2008133702,205,2,0,0,0,0,0,0,0,0,4,0,,67,11,2008,7,40.0475,-75.1428,155.0,6,0,0,0,0,0,0,0,0,,0,0,0,1,3,1,1,,0,40 02:50.961,,0,75 08:34.014,4,0,0,0,67301,0,0,0,,0,0,0,2,67301,1,,1,1,,,,,0,,0,0,0,3.0,2,,140,1,2,0,0,0,0,0,3,4,0,2,3,,N,,,,,,,,,,,
2008133705,9999,0,0,0,1,0,0,0,0,0,1,0,,67,11,2008,5,39.9397,-75.156,800.0,6,0,0,0,0,0,0,0,0,,0,0,0,8,3,1,0,,0,39 56:23.024,,0,75 09:21.765,8,0,0,0,67301,1,0,0,N,0,0,0,2,67301,0,,1,1,,N,N,,0,,0,0,0,0.0,0,,800,1,2,0,0,0,1,0,3,4,0,1,3,,N,,,,,,,,,,,
2008119114,936,1,0,0,0,0,0,0,0,0,8,0,,67,9,2008,2,39.922,-75.1611,934.0,6,0,0,0,0,0,0,1,0,1.0,0,0,0,99,1,1,0,,1,39 55:19.293,4.0,0,75 09:40.118,4,0,0,0,67301,1,0,0,N,1,0,0,2,67301,1,,1,1,,N,N,,0,,0,0,0,0.0,0,N,9999,1,2,0,0,0,0,0,3,4,0,1,3,,N,,,,,,,,,,,
2008127071,2122,1,0,0,0,0,0,0,0,0,7,0,,67,11,2008,1,39.9456,-75.1901,2117.0,6,0,0,0,0,0,0,0,0,1.0,0,0,0,21,3,1,0,,1,39 56:44.160,4.0,0,75 11:24.360,4,0,0,0,67301,0,0,0,N,0,0,0,1,68K01,1,,4,1,,N,N,,0,,0,0,0,0.0,0,N,2114,1,1,0,0,0,0,0,3,4,0,1,3,,N,,,,,,,,,,,
2008133513,9999,1,0,0,0,0,0,0,0,0,8,0,,67,11,2008,4,39.9921,-75.0993,1943.0,6,0,0,0,0,0,1,0,0,,0,0,0,19,3,2,1,,0,39 59:31.720,,0,75 05:57.418,4,0,0,0,67301,2,0,0,,2,0,0,3,67301,2,,1,9,,,,,0,,0,0,0,3.0,2,,1935,2,3,0,0,0,0,0,3,4,0,1,7,,N,,,,,,,,,,,
2008128597,47,1,0,0,0,0,0,0,0,0,7,0,,67,11,2008,1,39.9751,-75.1946,45.0,6,0,0,0,0,1,0,0,0,,0,0,0,0,3,1,0,,0,39 58:33.540,,0,75 11:43.240,4,0,0,0,67301,0,0,0,N,0,0,0,1,68K01,1,,2,9,,N,N,,0,,0,0,0,0.0,0,,44,1,1,0,0,0,0,0,3,4,0,1,7,,N,,,,,,,,,,,
2008095599,1155,3,0,0,0,0,0,0,0,0,4,0,,67,6,2008,4,40.0346,-75.0389,1154.0,6,0,0,0,0,0,0,0,0,,0,0,0,11,1,2,0,,0,40 02:04.713,,0,75 02:20.015,3,0,0,0,67301,3,0,0,,0,0,0,4,67301,1,,6,1,,N,N,,0,,1,0,0,0.0,0,,1150,2,4,0,0,0,0,0,3,4,1,4,3,,N,,,,,,,,,,,
2008072587,1640,0,0,0,0,0,0,0,0,0,4,0,,67,4,2008,1,39.9424,-75.2191,1631.0,6,0,0,0,0,0,0,0,0,,0,0,0,16,1,6,1,,0,39 56:32.588,,0,75 13:08.704,3,0,0,0,67301,0,0,0,N,0,0,0,7,67301,0,,1,1,,N,N,,0,,3,0,0,3.0,2,,1625,6,2,0,0,0,3,0,3,4,1,2,3,,N,,,,,,,,,,,
2008101790,736,2,0,0,0,0,0,0,0,0,1,0,,67,9,2008,5,39.9599,-75.178,723.0,6,0,0,0,0,0,0,0,0,1.0,0,0,0,7,1,0,0,,1,39 57:35.720,4.0,0,75 10:41.430,0,0,0,0,67301,0,0,0,N,0,0,0,3,68K01,0,,1,1,,N,N,,0,,0,0,1,0.0,0,N,719,0,3,0,0,0,0,0,3,4,0,3,3,,N,,,,,,,,,,,
2008079530,2130,2,0,0,0,0,0,0,0,0,4,0,,67,5,2008,5,40.0515,-75.1501,2120.0,6,0,0,0,0,0,0,0,0,,0,0,0,20,3,0,1,,0,40 03:05.570,,0,75 09:00.388,9,0,0,0,67301,0,0,0,N,0,0,0,2,67301,0,,1,1,,N,N,,0,,0,0,0,3.0,2,,2016,0,2,0,0,0,0,2,3,4,0,2,3,,N,,,,,,,,,,,
2008072488,2027,1,0,0,0,0,0,0,0,0,7,0,,67,6,2008,4,40.0067,-75.0736,2025.0,6,0,0,0,1,0,0,0,0,2.0,0,0,0,20,1,3,0,,2,40 00:24.267,1.0,0,75 04:24.832,3,0,0,0,67301,0,0,0,Y,0,0,0,5,68K01,0,,3,1,,N,N,,1,,3,0,1,0.0,0,N,2020,3,3,0,0,0,0,0,3,4,0,3,3,,N,,,,,,,,,,,
2008082474,5,3,0,0,0,0,0,0,0,0,4,0,,67,4,2008,7,39.9558,-75.236,1.0,6,0,0,0,0,0,0,1,0,1.0,0,0,0,23,3,1,1,,2,39 57:20.998,1.0,0,75 14:09.675,8,0,0,0,67301,0,0,0,N,0,0,0,5,67301,0,,1,1,,N,N,,0,,0,0,0,3.0,2,Y,2335,1,3,0,0,1,1,0,3,4,0,3,3,,N,,,,,,,,,,,
2008072043,1230,1,0,0,0,0,0,0,0,0,1,0,,67,5,2008,2,40.0252,-75.1245,1224.0,6,0,0,0,0,0,0,0,0,2.0,0,0,0,12,1,1,0,,2,40 01:30.827,3.0,0,75 07:27.019,4,0,0,0,67301,0,0,0,N,0,0,0,2,67301,1,,1,1,,N,N,,1,,0,0,0,3.0,8,N,1220,1,2,0,0,1,0,0,3,4,0,2,3,,N,,,,,,,,,,,
2008069656,1925,2,0,0,0,0,0,0,0,0,4,0,,67,4,2008,3,40.0231,-75.124,1917.0,6,0,0,0,0,0,1,0,0,,0,0,0,19,4,1,1,,0,40 01:23.210,,0,75 07:26.428,3,0,0,0,67301,0,0,0,N,0,0,0,5,67301,0,,1,1,,N,N,,0,,1,0,0,3.0,3,,1917,1,2,0,0,5,0,0,3,4,0,2,3,,N,,,,,,,,,,,
2008109355,2123,1,0,1,0,0,0,0,0,0,7,0,,67,9,2008,6,39.9684,-75.1284,2111.0,6,0,0,0,0,0,0,1,0,1.0,0,0,0,21,3,1,0,,1,39 58:08.309,1.0,0,75 07:38.739,2,0,0,0,67301,0,0,0,N,0,0,0,1,68K01,0,,5,1,,N,N,,0,,0,1,0,0.0,0,N,2109,1,1,0,0,0,0,0,3,4,0,1,3,,N,,,,,,,,,,,
2008127404,1410,1,0,0,0,0,0,0,0,0,7,0,,67,11,2008,6,39.9422,-75.1433,1407.0,6,0,0,0,0,0,0,0,0,,0,0,0,14,1,1,0,,0,39 56:32.360,,0,75 08:35.730,4,0,0,0,67301,0,0,0,N,0,0,0,3,68K01,1,,4,9,,N,N,,0,,0,0,0,0.0,0,,1404,1,1,0,0,0,0,0,3,4,0,1,7,,N,,,,,,,,,,,
2008119671,125,1,0,0,1,0,0,0,0,0,5,0,,67,9,2008,1,39.9537,-75.1546,123.0,6,0,0,0,0,0,0,0,0,,0,0,0,99,3,1,0,,0,39 57:13.226,,0,75 09:16.596,4,0,0,0,67301,1,0,0,,0,0,0,2,67301,1,,1,9,,,,,0,,0,0,0,0.0,0,,9999,1,2,0,0,0,0,0,3,4,0,1,7,,N,,,,,,,,,,,
2008119680,216,0,0,0,0,0,0,0,0,0,8,0,,67,10,2008,7,39.9958,-75.1207,211.0,6,0,0,0,0,0,0,0,0,,0,0,0,21,3,1,1,,0,39 59:44.826,,0,75 07:14.368,8,0,0,0,67301,1,0,0,,1,0,0,2,67301,0,,1,1,,N,N,,0,,0,0,1,3.0,3,,2100,1,2,0,0,0,1,1,3,4,0,1,3,,N,,,,,,,,,,,
2008119761,1600,2,0,0,0,0,0,0,0,0,4,0,,67,9,2008,6,40.0064,-75.1045,1555.0,6,0,0,0,0,1,0,0,0,1.0,0,0,0,15,1,2,2,,1,40 00:23.004,4.0,0,75 06:16.037,4,0,0,0,67301,0,0,0,N,0,0,0,3,67301,2,,1,9,,N,N,,0,,0,0,0,3.0,3,Y,1540,2,2,0,0,0,0,0,3,4,0,2,7,,N,,,,,,,,,,,
2008119789,700,2,0,0,0,0,0,0,0,0,1,0,,67,10,2008,3,40.0063,-75.0681,655.0,6,0,0,0,0,0,1,1,0,,0,0,0,6,1,1,0,,0,40 00:22.740,,0,75 04:05.233,4,0,0,0,67301,0,0,0,N,0,0,0,5,67301,1,,1,1,,N,N,,0,,0,0,2,0.0,0,,650,1,4,0,0,0,0,0,3,4,0,4,3,,N,,,,,,,,,,,
2008120230,2010,1,0,0,0,0,0,0,0,0,1,0,,67,9,2008,4,39.9804,-75.1709,2005.0,6,0,0,0,0,0,0,0,0,,0,0,0,19,3,2,1,,0,39 58:49.322,,0,75 10:15.324,4,0,0,0,67301,0,0,0,N,0,0,0,4,67301,2,,1,1,,N,N,,1,,0,0,0,3.0,2,,1945,2,2,0,0,2,0,0,3,4,0,2,3,,N,,,,,,,,,,,
2008058182,9999,3,0,0,0,0,0,0,0,0,5,0,,67,3,2008,6,39.9628,-75.1403,2228.0,6,0,0,0,0,0,0,0,0,,0,0,0,22,3,0,0,,0,39 57:46.036,,0,75 08:25.206,0,0,0,0,67301,0,0,0,N,0,0,0,1,67301,0,,6,9,,N,N,,0,,0,0,1,0.0,0,,2216,0,4,0,0,0,0,0,3,4,0,4,7,,N,,,,,,,,,,,
2008044297,840,2,0,0,0,0,0,0,0,0,1,0,,67,1,2008,4,40.0479,-75.0316,833.0,6,0,0,0,0,0,0,0,0,,0,0,0,99,1,1,2,,0,40 02:52.000,,0,75 01:53.894,8,0,0,0,67301,0,0,0,N,0,0,0,2,67301,0,,1,9,,N,N,,0,,0,0,0,0.0,0,,9999,1,2,0,0,0,1,0,3,4,0,2,7,,N,,,,,,,,,,,
2008044298,2150,1,0,0,0,0,0,0,0,0,7,0,,67,1,2008,5,40.0227,-75.1367,2145.0,6,0,0,0,0,0,0,0,0,,0,0,0,21,3,3,8,,0,40 01:21.000,,6,75 08:12.364,2,0,0,0,67301,0,0,0,N,0,0,0,3,67301,2,,5,9,,N,N,,0,,0,1,0,0.0,0,,2144,3,1,0,0,0,0,0,3,4,0,1,7,,N,,,,,,,,,,,
2008046913,1259,0,0,0,0,0,0,0,0,0,5,0,,67,1,2008,2,39.9403,-75.1865,1257.0,6,0,0,0,0,0,1,0,0,,0,0,0,12,1,1,2,,0,39 56:25.098,,0,75 11:11.518,8,0,0,0,67301,0,0,0,,0,0,0,3,67301,0,,1,1,,N,N,,0,,0,0,2,3.0,3,,1255,1,2,0,0,0,1,1,3,4,0,2,3,,N,,,,,,,,,,,
2008040148,744,1,0,0,0,0,0,0,0,0,4,0,,67,2,2008,5,40.1007,-75.0297,741.0,6,0,0,0,1,0,0,0,0,,0,0,0,7,1,1,2,,0,40 06:01.000,,0,75 01:47.525,4,0,0,0,67301,0,0,0,N,0,0,0,3,67301,1,,1,2,,N,N,,1,,0,0,0,3.0,2,,739,1,2,0,0,0,0,0,3,4,0,2,3,,N,,,,,,,,,,,
2008060243,1830,0,0,0,0,0,0,0,0,0,8,0,,67,3,2008,5,40.0237,-75.0818,1827.0,6,0,0,0,0,0,0,0,0,,0,0,0,18,1,1,0,,0,40 01:25.431,,0,75 04:54.505,8,0,0,0,67301,1,0,0,N,1,0,0,2,67301,0,,1,1,,N,N,,0,,0,0,1,0.0,0,,1825,1,2,0,0,0,1,0,3,4,0,1,3,,N,,,,,,,,,,,
2008040117,315,2,0,0,0,0,0,0,0,0,4,0,,67,1,2008,7,40.0442,-75.1258,310.0,6,0,0,0,0,0,0,0,0,,0,0,0,3,3,1,1,,0,40 02:39.260,,0,75 07:32.995,4,0,0,0,67301,0,0,0,N,0,0,0,5,67301,1,,1,1,,N,N,,0,,0,0,0,3.0,3,,305,1,3,0,0,0,0,0,3,4,1,3,3,,N,,,,,,,,,,,
2008032484,1400,1,0,0,0,0,0,0,0,0,7,0,,67,1,2008,6,39.8993,-75.1756,1355.0,6,0,0,0,0,0,0,0,0,9.0,0,0,0,13,1,0,0,,1,39 53:57.000,2.0,0,75 10:30.540,0,0,0,0,67301,0,0,0,,0,0,0,1,67301,0,,2,1,,N,N,,0,,0,0,0,0.0,0,N,1355,0,1,0,0,0,0,0,3,4,0,1,3,,N,,,,,,,,,,,
2008061725,1146,1,0,0,0,0,0,0,0,0,7,0,,67,5,2008,4,40.0346,-75.0187,1145.0,6,0,0,0,1,0,0,0,0,1.0,0,0,0,11,1,0,0,,1,40 02:05.507,1.0,0,75 01:06.064,0,0,0,0,67301,0,0,0,Y,0,0,0,1,68K01,0,,3,1,,N,N,,0,,0,0,0,0.0,0,N,1140,0,1,0,0,0,0,0,3,4,0,1,3,,N,,,,,,,,,,,
2008057103,1709,0,0,0,0,0,0,0,0,0,8,0,,67,4,2008,6,39.9435,-75.1639,1705.0,6,0,0,0,0,0,0,0,0,,0,0,0,17,4,1,0,,0,39 56:36.456,,0,75 09:49.986,4,0,0,0,67301,1,0,0,N,1,0,0,2,67301,1,,1,9,,N,N,,0,,0,0,1,3.0,2,,1700,1,2,0,0,0,0,0,3,4,0,1,7,,N,,,,,,,,,,,
2008057157,1614,1,0,0,0,0,0,0,0,0,7,0,,67,3,2008,6,40.0189,-75.0933,1609.0,6,0,0,0,0,1,0,0,0,,0,0,0,14,1,2,0,,0,40 01:08.155,,0,75 05:35.836,8,0,0,0,67301,0,0,0,N,0,0,0,2,67301,0,,2,1,,N,N,,0,,0,0,0,0.0,0,,1405,2,1,0,0,1,2,0,3,4,0,1,3,,N,,,,,,,,,,,
2008057308,1026,1,0,0,0,0,0,0,0,0,4,0,,67,2,2008,6,40.013,-75.1194,1024.0,6,0,0,0,0,0,0,0,0,,0,0,0,10,1,2,1,,0,40 00:46.714,,0,75 07:09.798,4,0,0,0,67301,0,0,0,N,0,0,0,4,67301,2,,1,1,,N,N,,0,,0,0,1,0.0,0,,1023,2,2,0,0,0,0,0,3,4,0,2,3,,N,,,,,,,,,,,
2008060173,926,0,0,0,1,0,0,0,0,0,4,0,,67,3,2008,3,39.9919,-75.1632,923.0,6,0,0,0,0,0,0,0,0,,0,0,0,9,1,1,2,,0,39 59:30.836,,0,75 09:47.545,4,0,0,0,67301,1,0,0,N,0,0,0,2,67301,1,,1,1,,N,N,,0,,0,0,1,3.0,3,,923,1,2,0,0,0,0,0,3,4,0,1,3,,N,,,,,,,,,,,
2008057759,750,0,0,0,0,0,0,0,0,0,4,0,,67,3,2008,2,39.9596,-75.197,743.0,6,0,0,0,0,0,0,0,0,,0,0,0,7,1,1,1,,0,39 57:34.560,,0,75 11:49.200,4,0,0,0,67301,0,0,0,N,0,0,0,3,67301,1,,1,1,,N,N,,0,,0,0,2,3.0,2,,732,1,2,0,0,0,0,0,3,4,0,2,3,,N,,,,,,,,,,,
2008029160,1535,1,0,0,0,0,0,0,0,0,7,0,,67,1,2008,6,39.9728,-75.1208,1530.0,6,0,0,0,0,0,0,0,0,1.0,0,0,0,15,1,1,3,,1,39 58:25.000,1.0,0,75 07:10.062,4,0,0,0,67301,0,0,0,,0,0,0,2,67301,1,,2,9,,,,,0,,0,0,0,0.0,0,N,1530,1,2,0,0,0,0,0,3,4,1,2,3,,N,,,,,,,,,,,
2008119122,1656,1,0,0,1,0,0,0,0,0,4,0,,67,9,2008,1,39.9442,-75.1736,1652.0,6,0,0,0,0,0,1,0,0,,0,0,0,16,1,1,1,,0,39 56:39.084,,0,75 10:24.873,8,0,0,0,67301,1,0,0,N,0,0,0,2,67301,0,,1,1,,N,N,,0,,0,0,0,0.0,0,,1650,1,2,0,0,0,1,0,3,4,0,1,3,,N,,,,,,,,,,,
2008095583,1630,1,0,0,1,0,0,0,0,0,4,0,,67,6,2008,2,40.0156,-75.1364,1622.0,6,0,0,0,0,0,0,0,0,,0,0,0,16,1,1,0,,0,40 00:56.178,,0,75 08:11.158,3,0,0,0,67301,1,0,0,N,0,0,0,3,67301,0,,1,1,,N,N,,0,,1,0,0,0.0,0,,1617,1,2,0,0,0,0,0,3,4,0,1,3,,N,,,,,,,,,,,
2008098096,1023,3,0,0,0,0,0,0,0,0,2,0,,67,7,2008,3,39.9572,-75.2214,1017.0,6,0,0,0,0,0,0,0,0,,0,0,0,10,1,1,1,,0,39 57:25.981,,0,75 13:17.079,8,0,0,0,67301,0,0,0,N,0,0,0,2,67301,0,,1,1,,N,N,,0,,0,0,0,3.0,3,,1010,1,3,0,0,0,1,0,3,4,0,3,3,,N,,,,,,,,,,,
2008089907,1515,0,0,0,0,0,0,0,0,0,1,0,,67,8,2008,6,39.9176,-75.1478,1511.0,6,0,0,0,0,0,0,0,0,2.0,0,0,0,15,1,1,0,,2,39 54:56.551,2.0,0,75 08:52.204,3,0,0,1,67301,0,0,0,N,0,0,0,2,68K01,0,,1,1,,N,N,,0,,1,0,1,0.0,0,Y,1510,1,2,0,0,0,0,1,3,4,0,2,3,,N,,,,,,,,,,,
2008077150,1640,3,0,0,0,0,0,0,0,0,1,0,,67,5,2008,2,39.9062,-75.1351,1635.0,6,0,0,0,0,0,1,0,0,,0,0,0,16,1,0,0,,0,39 54:22.312,,0,75 08:06.324,9,0,0,0,67301,0,0,0,N,0,0,0,7,67501,0,,1,1,,N,N,,0,,0,0,0,3.0,8,,1635,0,3,0,0,0,0,1,3,4,0,3,3,,N,,,,,,,,,,,
2008082406,917,0,0,0,1,0,0,0,0,0,1,0,,67,5,2008,5,39.9505,-75.1926,915.0,6,0,0,0,0,0,0,0,0,,0,0,0,9,1,1,2,,0,39 57:01.634,,0,75 11:33.356,3,0,0,0,67301,1,0,0,N,0,0,0,3,67301,0,,1,1,,N,N,,0,,1,0,1,3.0,2,,915,1,2,0,0,0,0,0,3,4,0,1,3,,N,,,,,,,,,,,
2008072057,2242,3,0,0,0,0,0,0,0,0,5,0,,67,4,2008,7,39.9396,-75.1982,2240.0,6,0,0,0,0,0,0,0,0,,0,0,0,22,3,0,0,,0,39 56:23.471,,0,75 11:56.411,0,0,0,0,67301,0,0,0,N,0,0,0,3,67301,0,,1,1,,N,N,,0,,0,0,0,3.0,2,,2200,0,3,0,0,0,0,0,3,4,0,3,3,,N,,,,,,,,,,,
2008072060,817,2,0,0,0,0,0,0,0,0,1,0,,67,4,2008,6,39.9776,-75.1828,815.0,6,0,0,0,0,0,0,0,0,,0,0,0,8,1,1,1,,0,39 58:39.266,,0,75 10:58.126,8,0,0,0,67301,0,0,0,N,0,0,0,2,67301,0,,1,1,,N,N,,0,,0,0,0,3.0,3,,800,1,2,0,0,0,1,0,3,4,0,2,3,,N,,,,,,,,,,,
2008072097,12,1,0,0,0,0,0,0,0,0,4,0,,67,4,2008,4,40.0659,-75.1765,10.0,6,0,0,0,0,0,0,0,0,,0,0,0,0,3,1,1,,0,40 03:57.203,,0,75 10:35.464,4,0,0,1,67301,0,0,0,N,0,0,0,2,67301,1,,1,1,,N,N,,0,,0,0,0,3.0,3,,5,1,2,0,0,0,0,0,3,4,0,2,3,,N,,,,,,,,,,,
2008069636,1023,1,0,0,0,0,0,0,0,0,4,0,,67,4,2008,6,39.9335,-75.2155,1019.0,6,0,0,0,0,0,0,1,0,1.0,0,0,0,10,1,4,2,,1,39 56:00.679,4.0,0,75 12:55.926,3,0,0,0,67301,0,0,0,,0,0,0,5,67301,3,,1,1,,,,,0,,1,0,1,3.0,2,Y,1019,4,2,0,0,0,0,1,3,4,0,2,3,,N,,,,,,,,,,,
2008109395,1020,0,0,0,0,0,0,1,0,0,5,1,,67,8,2008,6,40.0,-75.1405,9999.0,6,0,0,0,0,0,0,0,0,,0,0,0,99,1,3,1,,0,40 00:00.076,,0,75 08:25.773,4,0,0,0,67301,0,0,0,,0,0,0,21,67301,3,,1,1,,N,N,,1,,0,0,0,3.0,2,,9999,3,2,0,0,0,0,0,3,4,0,2,3,,N,,,,,,,,,,,
2008120057,2336,0,0,0,0,0,0,0,0,0,8,0,,67,8,2008,7,39.9326,-75.2162,2316.0,6,0,0,0,0,1,0,0,0,,0,0,0,23,3,1,3,,0,39 55:57.223,,0,75 12:58.290,2,0,0,0,67301,1,0,1,,1,0,1,3,67301,0,,1,1,,,,,0,,0,1,1,9.0,2,,2316,1,2,0,0,0,0,1,3,4,0,1,3,,N,,,,,,,,,,,
2008120206,1815,1,0,0,1,0,0,0,0,0,4,0,,67,10,2008,2,39.9234,-75.1494,1809.0,6,0,0,0,0,0,0,0,0,,0,0,0,18,1,1,0,,0,39 55:24.337,,0,75 08:57.912,4,0,0,0,67301,1,0,0,N,0,0,0,2,67301,1,,1,1,,N,N,,0,,0,0,0,0.0,0,,1805,1,2,0,0,0,0,0,3,4,0,1,3,,N,,,,,,,,,,,
2008127368,1551,1,0,0,0,0,0,0,0,0,1,0,,67,11,2008,6,39.9579,-75.1408,1551.0,6,0,0,0,0,0,1,0,0,1.0,0,0,0,15,1,0,0,,2,39 57:28.220,1.0,1,75 08:26.717,0,0,0,0,67301,0,0,0,N,0,0,0,2,68K01,0,,1,1,,N,N,,0,,0,0,1,0.0,0,N,1548,0,2,0,0,0,0,0,3,4,0,2,3,,N,,,,,,,,,,,
2008127400,1108,0,0,0,0,0,0,0,0,0,7,1,,67,11,2008,5,39.9326,-75.2,1105.0,6,0,0,0,0,0,0,1,0,3.0,0,1,0,10,1,1,0,,2,39 56:02.220,4.0,0,75 11:59.722,4,0,0,0,67301,0,0,0,Y,0,0,0,1,68K01,1,,2,9,,N,N,,0,,0,0,0,0.0,0,N,1059,1,1,0,0,1,0,0,3,4,0,1,7,,N,,,,,,,,,,,
2008119613,1105,2,0,0,0,0,0,0,0,0,4,0,,67,7,2008,3,40.0174,-75.1588,1005.0,6,0,0,0,0,0,0,2,0,,0,0,0,99,1,1,2,,0,40 01:02.670,,0,75 09:31.781,4,0,0,0,67301,0,0,0,,0,0,0,2,67301,1,,1,1,,N,N,,0,,0,0,0,3.0,3,,9999,1,2,0,0,0,0,0,3,4,0,2,3,,N,,,,,,,,,,,
2008119657,816,1,0,0,0,0,0,0,0,0,7,0,,67,9,2008,2,39.8825,-75.2261,803.0,6,0,0,0,0,0,0,0,0,,0,0,0,7,1,2,2,,0,39 52:57.144,,0,75 13:33.841,8,0,0,0,67301,0,0,0,N,0,0,0,4,67301,0,,2,1,,N,N,,0,,0,0,0,9.0,3,,700,2,2,0,0,3,2,0,3,4,0,1,3,,N,,,,,,,,,,,
2008119660,825,1,0,0,0,0,0,0,0,0,8,0,,67,9,2008,6,39.9659,-75.1964,825.0,6,0,0,0,0,0,0,0,0,,0,0,0,8,1,1,1,,0,39 57:57.114,,0,75 11:46.978,8,0,0,0,67301,1,0,0,N,1,0,0,3,67301,0,,9,1,,N,N,,0,,0,0,0,3.0,3,,825,1,2,0,0,0,1,2,3,4,0,1,3,,N,,,,,,,,,,,
2008135560,553,1,0,0,0,0,0,0,0,0,7,0,,67,12,2008,1,39.9941,-75.1989,553.0,6,0,0,0,0,0,0,0,0,,0,0,0,5,3,0,0,,0,39 59:42.000,,0,75 11:52.440,0,0,0,0,67301,0,0,0,N,0,0,0,1,68K01,0,,2,1,,N,N,,0,,0,0,0,0.0,0,,545,0,1,0,0,0,0,0,3,4,0,1,3,,N,,,,,,,,,,,
2008135171,257,1,0,0,0,0,0,0,0,0,0,0,,67,12,2008,6,39.9827,-75.2079,251.0,6,0,0,0,1,0,0,0,0,,0,0,0,2,3,1,0,,0,39 59:01.370,,0,75 12:29.779,8,0,0,0,67301,0,0,0,N,0,0,0,1,68K01,0,,4,9,,N,N,,0,,0,0,0,0.0,0,,251,1,1,0,0,0,1,0,3,4,0,1,7,,N,,,,,,,,,,,