CRN,ARRIVAL_TM,AUTOMOBILE_COUNT,BELTED_DEATH_COUNT,BELTED_SUSP_SERIOUS_INJ_COUNT,BICYCLE_COUNT,BICYCLE_DEATH_COUNT,BICYCLE_SUSP_SERIOUS_INJ_COUNT,BUS_COUNT,CHLDPAS_DEATH_COUNT,CHLDPAS_SUSP_SERIOUS_INJ_COUNT,COLLISION_TYPE,COMM_VEH_COUNT,CONS_ZONE_SPD_LIM,COUNTY,CRASH_MONTH,CRASH_YEAR,DAY_OF_WEEK,DEC_LAT,DEC_LONG,DISPATCH_TM,DISTRICT,DRIVER_COUNT_16YR,DRIVER_COUNT_17YR,DRIVER_COUNT_18YR,DRIVER_COUNT_19YR,DRIVER_COUNT_20YR,DRIVER_COUNT_50_64YR,DRIVER_COUNT_65_74YR,DRIVER_COUNT_75PLUS,EST_HRS_CLOSED,FATAL_COUNT,HEAVY_TRUCK_COUNT,HORSE_BUGGY_COUNT,HOUR_OF_DAY,ILLUMINATION,INJURY_COUNT,INTERSECT_TYPE,INTERSECTION_RELATED,LANE_CLOSED,LATITUDE,LN_CLOSE_DIR,LOCATION_TYPE,LONGITUDE,MAX_SEVERITY_LEVEL,MCYCLE_DEATH_COUNT,MCYCLE_SUSP_SERIOUS_INJ_COUNT,MOTORCYCLE_COUNT,MUNICIPALITY,NONMOTR_COUNT,NONMOTR_DEATH_COUNT,NONMOTR_SUSP_SERIOUS_INJ_COUNT,NTFY_HIWY_MAINT,PED_COUNT,PED_DEATH_COUNT,PED_SUSP_SERIOUS_INJ_COUNT,PERSON_COUNT,POLICE_AGCY,POSSIBLE_INJ_COUNT,RDWY_SURF_TYPE_CD,RELATION_TO_ROAD,ROAD_CONDITION,ROADWAY_CLEARED,SCH_BUS_IND,SCH_ZONE_IND,SECONDARY_CRASH,SMALL_TRUCK_COUNT,SPEC_JURIS_CD,SUSP_MINOR_INJ_COUNT,SUSP_SERIOUS_INJ_COUNT,SUV_COUNT,TCD_FUNC_CD,TCD_TYPE,TFC_DETOUR_IND,TIME_OF_DAY,TOT_INJ_COUNT,TOTAL_UNITS,UNB_DEATH_COUNT,UNB_SUSP_SERIOUS_INJ_COUNT,UNBELTED_OCC_COUNT,UNK_INJ_DEG_COUNT,UNK_INJ_PER_COUNT,URBAN_AREA,URBAN_RURAL,VAN_COUNT,VEHICLE_COUNT,WEATHER1,WEATHER2,WORK_ZONE_IND,WORK_ZONE_LOC,WORK_ZONE_TYPE,WORKERS_PRES,WZ_CLOSE_DETOUR,WZ_FLAGGER,WZ_LAW_OFFCR_IND,WZ_LN_CLOSURE,WZ_MOVING,WZ_OTHER,WZ_SHLDER_MDN,WZ_WORKERS_INJ_KILLED
2008132806,1205,1,0,0,0,0,0,0,0,0,7,0,,67,11,2008,6,39.9575,-75.16,1158.0,6,0,0,0,0,0,0,1,0,,0,0,0,11,1,0,0,,0,39 57:27.122,,0,75 09:35.960,0,0,0,0,67301,0,0,0,N,0,0,0,1,68K01,0,,5,1,,N,N,,0,,0,0,0,0.0,0,,1155,0,1,0,0,0,0,0,3,4,0,1,3,,N,,,,,,,,,,,
2008132815,1832,2,0,0,0,0,0,0,0,0,1,0,,67,11,2008,1,39.9446,-75.1916,1822.0,6,0,0,0,0,0,0,0,0,,0,0,0,18,3,1,0,,0,39 56:40.389,,0,75 11:29.648,4,0,0,0,67301,0,0,0,N,0,0,0,3,68K01,1,,1,9,,N,N,,0,,0,0,0,0.0,0,,1819,1,2,0,0,0,0,0,3,4,0,2,7,,N,,,,,,,,,,,
2008132926,228,1,0,0,0,0,0,0,0,0,3,0,,67,10,2008,5,40.0269,-75.2094,227.0,6,0,0,0,0,0,0,0,0,,0,0,0,2,3,0,1,,0,40 01:36.996,,0,75 12:33.945,9,0,0,0,67301,0,0,0,,0,0,0,4,67301,0,,1,1,,,,,0,,0,0,1,3.0,2,,220,0,2,0,0,2,0,2,3,4,0,2,3,,N,,,,,,,,,,,
2008132952,1633,1,0,0,0,0,0,0,0,0,5,0,,67,10,2008,1,39.9826,-75.241,1623.0,6,0,0,0,0,0,0,0,0,,0,0,0,15,1,0,0,,0,39 58:57.440,,0,75 14:27.591,0,0,0,0,67301,0,0,0,,0,0,0,1,67301,0,,2,1,,,,,0,,0,0,1,0.0,0,,1515,0,2,0,0,0,0,0,3,4,0,2,3,,N,,,,,,,,,,,
2008026688,836,1,0,0,0,0,0,0,0,0,4,0,,67,1,2008,3,39.9587,-75.2394,834.0,6,0,0,0,0,0,1,0,0,,0,0,0,8,1,1,1,,0,39 57:31.000,,0,75 14:21.889,4,0,0,0,67301,0,0,0,N,0,0,0,2,67301,1,,1,1,,N,N,,0,,0,0,1,3.0,2,,830,1,2,0,0,0,0,0,3,4,0,2,3,,N,,,,,,,,,,,
2008035896,738,1,0,0,0,0,0,0,0,0,1,0,,67,2,2008,5,39.9456,-75.1903,726.0,6,0,0,0,0,0,0,0,0,,0,0,0,7,1,0,6,,0,39 56:44.000,,2,75 11:25.033,0,0,0,0,67301,0,0,0,N,0,0,0,2,68K01,0,,1,1,,N,N,,0,,0,0,0,0.0,0,,723,0,2,0,0,0,0,0,3,4,1,2,3,,N,,,,,,,,,,,
2008066373,1233,2,0,0,0,0,0,0,0,0,1,0,,67,5,2008,1,39.977,-75.1989,1226.0,6,0,0,0,0,0,1,0,0,,0,0,0,12,1,2,0,,0,39 58:38.234,,0,75 12:00.780,4,0,0,0,67301,0,0,0,N,0,0,0,4,68K01,2,,1,1,,N,N,,0,,0,0,0,0.0,0,,1222,2,2,0,0,0,0,0,3,4,0,2,3,,N,,,,,,,,,,,
2008061178,56,3,0,0,0,0,0,0,0,0,1,0,,67,4,2008,7,39.9256,-75.2343,56.0,6,0,0,0,0,0,0,0,0,1.0,0,0,0,0,3,1,1,,2,39 55:32.061,4.0,0,75 14:03.558,4,0,0,0,67301,0,0,0,,0,0,0,2,67301,1,,1,9,,N,N,,0,,0,0,0,3.0,2,N,56,1,3,0,0,0,0,0,3,4,0,3,7,,N,,,,,,,,,,,
2008058077,2153,1,0,0,0,0,0,0,0,0,4,0,,67,3,2008,4,39.9579,-75.1624,2151.0,6,0,0,0,0,0,1,0,0,,0,0,0,99,3,1,1,,0,39 57:28.611,,0,75 09:44.725,3,0,0,1,67301,0,0,0,N,0,0,0,3,67301,0,,1,1,,N,N,,0,,1,0,0,3.0,2,,9999,1,2,0,0,0,0,0,3,4,0,2,3,,N,,,,,,,,,,,
2008063398,1350,0,0,0,0,0,0,0,0,0,0,0,,67,5,2008,4,40.0247,-75.0309,1347.0,6,0,0,0,0,0,0,0,0,,0,0,0,13,1,0,0,,0,40 01:26.664,,2,75 01:51.075,0,0,0,1,67301,0,0,0,N,0,0,0,1,68K01,0,,2,1,,N,N,,0,,0,0,0,0.0,0,,1343,0,1,0,0,0,0,0,3,4,0,1,3,,N,,,,,,,,,,,
2008058215,50,3,0,0,0,0,0,0,0,0,1,0,,67,4,2008,3,40.0298,-75.1046,50.0,6,0,0,0,0,0,2,0,0,1.0,0,0,0,0,3,0,1,,1,40 01:47.170,2.0,0,75 06:16.717,0,0,0,0,67301,0,0,0,N,0,0,0,3,67301,0,,1,9,,N,N,,0,,0,0,0,3.0,2,N,50,0,3,0,0,0,0,0,3,4,0,3,7,,N,,,,,,,,,,,
2008058217,933,2,0,0,0,0,0,0,0,0,4,0,,67,2,2008,4,39.9409,-75.2126,930.0,6,0,0,0,0,0,2,1,0,,0,0,0,99,1,1,1,,0,39 56:27.034,,0,75 12:45.005,4,0,0,0,67301,0,0,0,N,0,0,0,3,67301,1,,1,1,,N,N,,0,,0,0,1,3.0,2,,9999,1,3,0,0,0,0,2,3,4,0,3,3,,N,,,,,,,,,,,
2008052919,2301,0,0,0,0,0,0,0,0,0,5,0,,67,4,2008,5,39.9996,-75.0801,2301.0,6,0,0,0,0,0,0,0,0,,0,0,0,22,3,2,0,,0,39 59:58.810,,0,75 04:48.269,4,0,0,2,67301,0,0,0,N,0,0,0,4,68K01,2,,1,1,,N,N,,0,,0,0,0,0.0,0,,2259,2,2,0,0,0,0,0,3,4,0,2,3,,N,,,,,,,,,,,
2008044424,1110,2,0,0,0,0,0,0,0,0,4,0,,67,1,2008,3,39.9549,-75.1511,1107.0,6,0,0,0,1,0,0,0,0,,0,0,0,10,1,1,1,,0,39 57:17.491,,0,75 09:04.108,4,0,0,0,67301,0,0,0,N,0,0,0,4,67301,1,,1,1,,N,N,,0,,0,0,0,3.0,2,,1055,1,2,0,0,0,0,0,3,4,0,2,3,,N,,,,,,,,,,,
2008044307,653,1,0,0,0,0,0,0,0,0,7,0,,67,1,2008,4,40.0173,-75.2023,651.0,6,0,0,1,0,0,0,0,0,2.0,0,0,0,6,5,0,0,,2,40 01:02.130,1.0,0,75 12:08.325,0,0,0,0,67301,0,0,0,,0,0,0,1,67301,0,,2,9,,,,,0,,0,0,0,0.0,0,Y,650,0,1,0,0,0,0,0,3,4,0,1,7,,N,,,,,,,,,,,
2008044473,932,2,0,0,0,0,0,0,0,0,4,0,,67,1,2008,4,40.0424,-75.0827,931.0,6,0,0,0,0,0,0,1,0,,0,0,0,9,1,2,1,,0,40 02:32.726,,0,75 04:57.599,4,0,0,0,67301,0,0,0,,0,0,0,2,67301,2,,1,1,,,,,0,,0,0,0,3.0,2,,930,2,2,0,0,0,0,0,3,4,0,2,3,,N,,,,,,,,,,,
2008027199,2058,1,0,0,0,0,0,0,0,0,6,0,,67,1,2008,1,39.9885,-75.1854,2056.0,6,0,0,0,0,0,1,0,0,,0,0,0,20,3,2,1,,0,39 59:18.434,,0,75 11:07.439,4,0,0,0,67301,1,0,0,,0,0,0,3,67301,2,,1,9,,N,N,,0,,0,0,2,3.0,3,,2056,2,3,0,0,0,0,0,3,4,0,3,7,,N,,,,,,,,,,,
2008040287,1527,2,0,0,0,0,0,0,0,0,4,0,,67,2,2008,5,39.9742,-75.1566,9999.0,6,0,0,0,0,0,0,0,0,,0,0,0,15,1,3,1,,0,39 58:27.123,,0,75 09:23.824,8,0,0,0,67301,0,0,0,N,0,0,0,3,67301,0,,1,1,,N,N,,0,,0,0,0,3.0,2,,1515,3,2,0,0,0,3,0,3,4,0,2,3,,N,,,,,,,,,,,
2008049890,735,2,0,0,0,0,0,0,0,0,4,0,,67,2,2008,6,39.9448,-75.1533,724.0,6,0,0,0,0,0,0,0,0,,0,0,0,7,1,1,1,,0,39 56:41.103,,0,75 09:12.059,4,0,0,0,67301,1,0,0,N,0,0,0,2,67301,1,,6,7,,N,N,,0,,0,0,0,0.0,0,,704,1,2,0,0,0,0,1,3,4,0,2,10,,N,,,,,,,,,,,
2008049891,805,1,0,0,0,0,0,0,0,0,7,0,,67,2,2008,7,39.9481,-75.1542,803.0,6,0,0,0,0,0,0,0,0,,0,0,0,6,1,0,1,,0,39 56:53.162,,0,75 09:15.144,0,0,0,0,67301,0,0,0,,0,0,0,1,67301,0,,2,9,,,,,0,,0,0,0,3.0,2,,650,0,1,0,0,0,0,0,3,4,0,1,3,,N,,,,,,,,,,,
2008027017,1129,0,0,0,0,0,0,0,0,0,7,1,,67,1,2008,4,39.9489,-75.1928,1128.0,6,0,0,0,0,0,0,0,0,,0,1,0,11,1,0,0,,0,39 56:56.196,,0,75 11:34.142,0,0,0,0,67301,0,0,0,N,0,0,0,1,67301,0,,5,1,,N,N,,0,,0,0,0,0.0,0,,1127,0,1,0,0,0,0,0,3,4,0,1,3,,N,,,,,,,,,,,
2008027477,1913,0,0,0,0,0,0,1,0,0,1,1,,67,2,2008,1,39.9989,-75.2314,1909.0,6,0,0,0,0,1,0,0,0,1.0,0,0,0,19,1,1,0,,1,39 59:58.000,2.0,0,75 13:47.848,8,0,0,0,67301,0,0,0,N,0,0,0,7,46104,0,,1,1,,N,N,,1,,0,0,1,3.0,2,Y,1909,1,3,0,0,1,1,0,3,4,0,3,3,,N,,,,,,,,,,,
2008030232,1653,2,0,0,0,0,0,0,0,0,1,0,,67,2,2008,3,39.8988,-75.1713,1648.0,6,0,0,0,1,0,0,0,0,3.0,0,0,0,16,1,0,0,,2,39 53:55.000,2.0,3,75 10:15.104,0,0,0,0,67301,0,0,0,N,0,0,0,4,68K01,0,,1,2,,N,N,,0,,0,0,1,0.0,0,Y,1646,0,3,0,0,0,0,0,3,4,0,3,7,,N,,,,,,,,,,,
2008064617,1511,1,0,0,0,0,0,0,0,0,7,0,,67,5,2008,3,39.8877,-75.2038,1509.0,6,0,0,0,0,0,0,0,0,,0,0,0,15,1,0,0,,0,39 53:48.867,,3,75 11:22.254,0,0,0,0,67301,0,0,0,N,0,0,0,1,68K01,0,,2,9,,N,N,,0,,0,0,0,0.0,0,,1503,0,1,0,0,0,0,0,3,4,0,1,7,,N,,,,,,,,,,,
2008064930,1521,1,0,0,0,0,0,0,0,0,7,0,,67,5,2008,5,40.0048,-75.0765,1444.0,6,0,0,0,0,1,0,0,0,,0,0,0,14,1,1,0,,0,40 00:17.355,,2,75 04:35.554,4,0,0,0,67301,0,0,0,N,0,0,0,1,68K01,1,,2,1,,N,N,,0,,0,0,0,0.0,0,,1428,1,1,0,0,0,0,0,3,4,0,1,3,,N,,,,,,,,,,,
2008064932,1715,2,0,0,0,0,0,0,0,0,1,0,,67,5,2008,5,39.9575,-75.1477,1702.0,6,0,0,0,0,0,0,0,0,,0,0,0,17,1,1,0,,0,39 57:26.796,,0,75 08:50.574,4,0,0,0,67301,0,0,0,N,0,0,0,2,68K01,1,,1,1,,N,N,,0,,0,0,0,0.0,0,,1701,1,2,0,0,0,0,0,3,4,0,2,3,,N,,,,,,,,,,,
2008057208,1655,2,0,0,0,0,0,0,0,0,1,0,,67,4,2008,7,39.9166,-75.2458,1653.0,6,0,0,0,0,0,1,0,0,,0,0,0,16,1,1,2,,0,39 54:59.608,,0,75 14:44.785,4,0,0,0,67301,0,0,0,N,0,0,0,2,67301,1,,1,1,,N,N,,0,,0,0,0,0.0,0,,1645,1,2,0,0,0,0,0,3,4,0,2,3,,N,,,,,,,,,,,
2008057078,1917,2,0,0,0,0,0,0,0,0,4,0,,67,4,2008,5,39.9651,-75.2239,1845.0,6,0,0,0,0,0,0,0,0,,0,0,0,18,1,1,10,,0,39 57:54.493,,0,75 13:26.093,8,0,0,0,67301,0,0,0,,0,0,0,4,67301,0,,1,1,,,,,0,,0,0,0,0.0,0,,1840,1,3,0,0,2,1,1,3,4,1,3,3,,N,,,,,,,,,,,
2008057082,2033,1,0,0,0,0,0,0,0,0,8,0,,67,3,2008,1,39.9805,-75.1285,2030.0,6,0,0,0,0,0,0,0,0,,0,0,0,20,3,1,0,,0,39 58:49.969,,0,75 07:42.627,4,0,0,0,67301,1,0,0,,1,0,0,2,67301,1,,1,1,,,,,0,,0,0,0,3.0,2,,2028,1,2,0,0,0,0,0,3,4,0,1,3,,N,,,,,,,,,,,
2008062486,1734,2,0,0,0,0,0,0,0,0,1,0,,67,5,2008,6,39.994,-75.199,1734.0,6,0,0,0,0,0,0,0,0,1.0,0,0,0,17,1,0,0,,2,39 59:41.632,4.0,0,75 11:52.914,0,0,0,0,67301,0,0,0,N,0,0,0,2,68K01,0,,1,9,,N,N,,0,,0,0,0,0.0,0,N,1730,0,2,0,0,0,0,0,3,4,0,2,7,,N,,,,,,,,,,,
2008039839,1033,1,0,0,0,0,0,0,0,0,7,0,,67,3,2008,7,39.9157,-75.1478,1023.0,6,0,0,0,0,0,0,0,0,,0,0,0,10,1,0,0,,0,39 54:54.000,,0,75 08:52.675,0,0,0,0,67301,0,0,0,N,0,0,0,4,68K01,0,,1,1,,N,N,,0,,0,0,0,0.0,0,,1020,0,1,0,0,0,0,0,3,4,0,1,3,,N,,,,,,,,,,,
2008040060,1105,1,0,0,0,0,0,0,0,0,4,0,,67,2,2008,7,40.0785,-74.9975,1100.0,6,0,0,0,0,0,1,0,1,,0,0,0,10,1,1,0,,0,40 04:42.567,,0,74 59:51.126,4,0,0,0,67301,0,0,0,,0,0,0,2,67301,1,,1,1,,N,N,,1,,0,0,0,0.0,0,,1052,1,2,0,0,0,0,0,3,4,0,2,3,,N,,,,,,,,,,,
2008032311,502,0,0,0,0,0,0,0,0,0,7,0,,67,1,2008,6,39.985,-75.2082,459.0,6,0,0,0,0,0,0,0,0,1.0,0,0,0,4,3,0,0,,1,39 59:10.000,4.0,0,75 12:28.894,0,0,0,0,67301,0,0,0,N,0,0,0,1,68K01,0,,2,9,,N,N,,0,,0,0,1,0.0,0,N,458,0,1,0,0,0,0,0,3,4,0,1,3,,N,,,,,,,,,,,
2008057741,1041,1,0,0,0,0,0,0,0,0,4,0,,67,3,2008,2,39.9778,-75.2134,1035.0,6,0,0,0,0,0,1,0,0,2.0,0,0,0,10,1,1,1,,1,39 58:39.720,1.0,0,75 12:48.240,4,0,0,0,67301,0,0,0,,0,0,0,2,67301,1,,1,1,,,,,1,,0,0,0,0.0,0,N,1033,1,2,0,0,0,0,0,3,4,0,2,3,,N,,,,,,,,,,,
2008029113,1829,2,0,0,0,0,0,0,0,0,1,0,,67,1,2008,3,40.0853,-75.0375,1826.0,6,0,0,0,0,0,0,0,0,9.0,0,0,0,18,3,1,0,,1,40 05:06.000,1.0,0,75 02:14.912,4,0,0,0,67301,0,0,0,,0,0,0,2,67301,1,,4,2,,,,,0,,0,0,0,0.0,0,N,1826,1,2,0,0,0,0,0,3,4,0,2,3,,N,,,,,,,,,,,
2008119033,1505,1,0,0,0,0,0,0,0,0,2,0,,67,8,2008,6,40.0554,-75.0926,1500.0,6,0,0,0,0,0,0,0,0,,0,0,0,14,1,1,1,,0,40 03:19.504,,0,75 05:33.327,4,0,0,0,67301,0,0,0,N,0,0,0,3,67301,1,,1,1,,N,N,,0,,0,0,1,3.0,2,,1450,1,2,0,0,0,0,0,3,4,0,2,3,,N,,,,,,,,,,,
2008133322,1948,1,0,0,0,0,0,0,0,0,8,0,,67,11,2008,7,39.9964,-75.1135,1945.0,6,0,0,0,0,0,0,0,0,2.0,0,0,0,19,3,1,1,,1,39 59:47.158,3.0,0,75 06:48.513,4,0,0,0,67301,1,0,0,,1,0,0,2,67301,1,,1,1,,N,N,,0,,0,0,0,0.0,0,Y,1945,1,2,0,0,0,0,0,3,4,0,1,3,,N,,,,,,,,,,,
2008124576,145,2,0,0,0,0,0,0,0,0,1,0,,67,10,2008,7,40.0048,-75.0762,137.0,6,0,0,0,0,2,1,0,0,2.0,0,0,0,1,3,1,0,,2,40 00:17.129,2.0,0,75 04:34.538,8,0,0,0,67301,0,0,0,N,0,0,0,3,68K01,0,,1,1,,N,N,,1,,0,0,0,0.0,0,N,135,1,3,0,0,0,1,0,3,4,0,3,3,,N,,,,,,,,,,,
2008119159,2059,1,0,0,0,0,0,0,0,0,4,0,,67,7,2008,6,40.0432,-75.0523,2056.0,6,0,0,0,0,0,1,0,0,1.0,0,0,0,20,3,1,1,,1,40 02:35.649,5.0,0,75 03:08.136,8,0,0,1,67301,0,0,0,N,0,0,0,2,67301,0,,1,1,,N,N,,0,,0,0,0,0.0,0,Y,2051,1,2,0,0,0,1,0,3,4,0,2,3,,N,,,,,,,,,,,
2008114228,1505,1,0,0,0,0,0,0,0,0,1,2,,67,10,2008,3,40.0092,-75.2046,1455.0,6,0,0,0,0,0,0,0,0,1.0,0,2,0,14,1,0,0,,2,40 00:31.857,4.0,0,75 12:14.062,0,0,0,0,67301,0,0,0,N,0,0,0,5,68K01,0,,1,1,,N,N,,0,,0,0,0,0.0,0,N,1451,0,3,0,0,0,0,0,3,4,0,3,3,,N,,,,,,,,,,,
2008133527,1433,1,0,0,0,0,0,1,0,0,4,1,,67,10,2008,2,40.0501,-75.0642,1427.0,6,0,0,0,0,0,0,0,0,,0,0,0,13,1,2,1,,0,40 03:00.397,,0,75 03:51.268,4,0,0,0,67301,0,0,0,N,0,0,0,4,67301,2,,1,1,,N,N,,0,,0,0,0,2.0,2,,1305,2,2,0,0,0,0,0,3,4,0,2,3,,N,,,,,,,,,,,
2008090039,1208,2,0,0,0,0,0,0,0,0,4,0,,67,6,2008,4,39.9345,-75.2,1158.0,6,0,0,0,0,0,1,0,1,1.0,0,1,0,11,1,1,0,,1,39 56:02.400,3.0,0,75 12:00.095,4,0,0,0,67301,0,0,0,N,0,0,0,4,68K01,1,,1,1,,N,N,,0,,0,0,1,0.0,0,N,1153,1,4,0,0,0,0,0,3,4,0,4,3,,N,,,,,,,,,,,
2008100206,1933,4,0,0,0,0,0,0,0,0,4,0,,67,7,2008,4,39.9982,-75.1389,1930.0,6,0,0,0,0,0,1,0,0,3.0,1,0,0,19,1,5,1,,2,39 59:53.415,7.0,0,75 08:19.870,1,0,0,0,67301,1,1,0,N,1,1,0,7,67301,3,1.0,1,1,,N,N,,1,0.0,0,0,0,3.0,2,N,1930,5,6,0,0,0,2,0,3,4,0,5,3,,N,,,,,,,,,,,
2008072594,819,0,0,0,0,0,0,0,0,0,1,0,,67,4,2008,3,39.9747,-75.1992,814.0,6,0,0,0,0,0,0,0,0,,0,0,0,8,1,1,2,,0,39 58:29.060,,2,75 11:57.003,4,0,0,0,67301,0,0,0,N,0,0,0,3,67301,1,,1,1,,N,N,,0,,0,0,2,3.0,2,,808,1,2,0,0,1,0,2,3,4,0,2,3,,N,,,,,,,,,,,
2008072606,116,1,0,0,0,0,0,0,0,0,7,0,,67,4,2008,7,39.9696,-75.1861,110.0,6,0,0,0,0,0,0,0,0,,0,0,0,1,3,1,0,,0,39 58:10.432,,0,75 11:10.170,4,0,0,0,67301,0,0,0,N,0,0,0,1,67301,1,,2,9,,N,N,,0,,0,0,0,0.0,0,,108,1,1,0,0,0,0,0,3,4,0,1,7,,N,,,,,,,,,,,
2008101789,739,1,0,0,0,0,0,0,0,0,7,0,,67,9,2008,5,39.8889,-75.2184,735.0,6,0,0,0,0,0,1,0,0,1.0,0,0,0,7,1,1,0,,1,39 53:19.883,2.0,2,75 13:06.245,4,0,0,0,67301,0,0,0,N,0,0,0,1,68K01,1,,3,1,,N,N,,0,,0,0,0,0.0,0,Y,729,1,1,0,0,0,0,0,3,4,0,1,3,,N,,,,,,,,,,,
2008072643,2240,1,0,0,0,0,0,0,0,0,6,0,,67,4,2008,4,40.0428,-75.0766,2240.0,6,0,0,1,0,0,0,0,0,2.0,0,0,0,22,3,1,1,,2,40 02:34.044,7.0,0,75 04:35.630,8,0,0,0,67301,0,0,0,,0,0,0,5,67301,0,,1,1,,,,,1,,0,0,0,3.0,2,Y,2237,1,2,0,0,0,1,0,3,4,0,2,3,,N,,,,,,,,,,,
2008087445,0,1,0,0,0,0,0,0,0,0,4,0,,67,3,2008,6,40.0395,-75.0335,0.0,6,0,0,0,1,0,0,0,0,,0,0,0,2,6,1,0,,0,40 02:22.272,,0,75 02:00.515,8,0,0,0,67301,0,0,0,N,0,0,0,2,00000,0,,1,1,,N,N,,1,,0,0,0,0.0,0,,220,1,2,0,0,0,1,1,3,4,0,2,3,,N,,,,,,,,,,,
2008085098,703,1,0,0,0,0,0,0,0,0,1,1,,67,7,2008,7,39.8999,-75.1604,649.0,6,0,0,0,0,0,0,0,0,,0,1,0,6,1,0,0,,0,39 54:04.928,,0,75 09:08.104,0,0,0,0,67301,0,0,0,N,0,0,0,2,68K01,0,,1,1,,N,N,,0,,0,0,0,0.0,0,,642,0,2,0,0,0,0,0,3,4,0,2,3,,N,,,,,,,,,,,
2008082588,1500,3,0,0,0,0,0,0,0,0,5,0,,67,5,2008,4,40.0761,-75.0471,1500.0,6,0,0,0,0,0,1,0,0,2.0,0,0,0,14,1,0,0,,1,40 04:34.136,3.0,0,75 02:49.408,0,0,0,0,67301,0,0,0,N,0,0,0,1,67301,0,,6,1,,N,N,,0,,0,0,0,0.0,0,N,1459,0,3,0,0,0,0,0,3,4,0,3,3,,N,,,,,,,,,,,
2008079243,1426,1,0,0,0,0,0,0,0,0,8,0,,67,5,2008,3,39.9534,-75.1716,1425.0,6,0,0,0,0,0,0,0,0,,0,0,0,8,1,1,0,,0,39 57:12.264,,0,75 10:17.607,8,0,0,0,67301,1,0,0,N,1,0,0,2,67301,0,,1,1,,N,N,,0,,0,0,0,3.0,2,,830,1,2,0,0,0,1,0,3,4,0,1,3,,N,,,,,,,,,,,
2008010365,740,1,0,0,0,0,0,0,0,0,4,0,,67,1,2008,5,39.9883,-75.254,740.0,6,0,0,0,0,0,0,0,0,2.0,0,0,0,7,1,0,1,,2,39 59:17.000,2.0,0,75 15:14.304,0,0,0,0,67301,0,0,0,N,0,0,0,2,46104,0,,1,1,,N,N,,0,,0,0,1,3.0,2,N,740,0,2,0,0,0,0,0,3,4,0,2,3,,N,,,,,,,,,,,
2008058075,1505,1,0,0,0,0,0,0,0,0,1,1,,67,2,2008,6,40.0086,-75.0688,1503.0,6,0,0,0,0,0,1,0,1,,0,1,0,15,1,1,1,,0,40 00:31.250,,0,75 04:07.878,8,0,0,0,67301,0,0,0,N,0,0,0,2,67301,0,,1,1,,N,N,,0,,0,0,0,9.0,2,,1500,1,2,0,0,0,1,0,3,4,0,2,3,,N,,,,,,,,,,,
2008055710,1657,1,0,0,0,0,0,0,0,0,1,0,,67,4,2008,3,39.9579,-75.1408,1637.0,6,0,0,0,0,0,0,0,0,,0,0,0,16,1,1,0,,0,39 57:28.150,,0,75 08:26.717,4,0,0,0,67301,0,0,0,N,0,0,0,2,68K01,1,,1,1,,N,N,,0,,0,0,0,0.0,0,,1631,1,2,0,0,0,0,0,3,4,1,2,3,,N,,,,,,,,,,,
2008058202,758,1,0,0,0,0,0,0,0,0,4,1,,67,4,2008,4,40.0265,-75.0422,754.0,6,0,0,0,0,0,1,0,0,,0,0,0,7,1,1,1,,0,40 01:35.400,,0,75 02:31.920,4,0,0,0,67301,0,0,0,N,0,0,0,3,67301,1,,1,1,,N,N,,1,,0,0,0,3.0,3,,721,1,2,0,0,1,0,0,3,4,0,2,3,,N,,,,,,,,,,,
2008058229,301,2,0,0,0,0,0,0,0,0,4,0,,67,4,2008,3,39.935,-75.2353,256.0,6,0,0,0,0,0,0,0,0,,0,0,0,2,3,1,0,,0,39 56:05.997,,0,75 14:06.901,4,0,0,0,67301,0,0,0,N,0,0,0,2,67301,1,,1,9,,N,N,,0,,0,0,0,0.0,0,,251,1,2,0,0,0,0,0,3,4,0,2,7,,N,,,,,,,,,,,
2008058069,25,0,0,0,0,0,0,0,0,0,8,0,,67,3,2008,3,40.0382,-75.0417,22.0,6,0,0,0,0,0,0,0,0,,0,0,0,0,3,1,1,,0,40 02:17.595,,0,75 02:30.029,8,0,0,0,67301,1,0,0,N,1,0,0,2,67301,0,,1,1,,N,N,,0,,0,0,1,3.0,3,,0,1,2,0,0,0,1,1,3,4,0,1,3,,N,,,,,,,,,,,
2008044425,1610,1,0,0,0,0,0,0,0,0,8,0,,67,1,2008,1,40.0412,-75.1156,1602.0,6,0,0,0,0,0,0,1,0,3.0,0,0,0,15,1,1,3,,1,40 02:28.377,2.0,0,75 06:56.005,3,0,0,0,67301,1,0,0,N,1,0,0,2,67301,0,,1,1,,N,N,,0,,1,0,0,3.0,2,Y,1535,1,2,0,0,0,0,0,3,4,0,1,98,,N,,,,,,,,,,,
2008068562,1454,4,0,0,0,0,0,0,0,0,1,0,,67,6,2008,1,39.9946,-75.1985,1448.0,6,0,0,0,0,0,1,0,0,,0,0,0,14,1,0,0,,0,39 59:43.800,,0,75 11:51.720,0,0,0,0,67301,0,0,0,N,0,0,0,8,68K01,0,,1,1,,N,N,,0,,0,0,0,0.0,0,,1446,0,4,0,0,0,0,0,3,4,0,4,3,,N,,,,,,,,,,,