CRN,ARRIVAL_TM,AUTOMOBILE_COUNT,BELTED_DEATH_COUNT,BELTED_SUSP_SERIOUS_INJ_COUNT,BICYCLE_COUNT,BICYCLE_DEATH_COUNT,BICYCLE_SUSP_SERIOUS_INJ_COUNT,BUS_COUNT,CHLDPAS_DEATH_COUNT,CHLDPAS_SUSP_SERIOUS_INJ_COUNT,COLLISION_TYPE,COMM_VEH_COUNT,CONS_ZONE_SPD_LIM,COUNTY,CRASH_MONTH,CRASH_YEAR,DAY_OF_WEEK,DEC_LAT,DEC_LONG,DISPATCH_TM,DISTRICT,DRIVER_COUNT_16YR,DRIVER_COUNT_17YR,DRIVER_COUNT_18YR,DRIVER_COUNT_19YR,DRIVER_COUNT_20YR,DRIVER_COUNT_50_64YR,DRIVER_COUNT_65_74YR,DRIVER_COUNT_75PLUS,EST_HRS_CLOSED,FATAL_COUNT,HEAVY_TRUCK_COUNT,HORSE_BUGGY_COUNT,HOUR_OF_DAY,ILLUMINATION,INJURY_COUNT,INTERSECT_TYPE,INTERSECTION_RELATED,LANE_CLOSED,LATITUDE,LN_CLOSE_DIR,LOCATION_TYPE,LONGITUDE,MAX_SEVERITY_LEVEL,MCYCLE_DEATH_COUNT,MCYCLE_SUSP_SERIOUS_INJ_COUNT,MOTORCYCLE_COUNT,MUNICIPALITY,NONMOTR_COUNT,NONMOTR_DEATH_COUNT,NONMOTR_SUSP_SERIOUS_INJ_COUNT,NTFY_HIWY_MAINT,PED_COUNT,PED_DEATH_COUNT,PED_SUSP_SERIOUS_INJ_COUNT,PERSON_COUNT,POLICE_AGCY,POSSIBLE_INJ_COUNT,RDWY_SURF_TYPE_CD,RELATION_TO_ROAD,ROAD_CONDITION,ROADWAY_CLEARED,SCH_BUS_IND,SCH_ZONE_IND,SECONDARY_CRASH,SMALL_TRUCK_COUNT,SPEC_JURIS_CD,SUSP_MINOR_INJ_COUNT,SUSP_SERIOUS_INJ_COUNT,SUV_COUNT,TCD_FUNC_CD,TCD_TYPE,TFC_DETOUR_IND,TIME_OF_DAY,TOT_INJ_COUNT,TOTAL_UNITS,UNB_DEATH_COUNT,UNB_SUSP_SERIOUS_INJ_COUNT,UNBELTED_OCC_COUNT,UNK_INJ_DEG_COUNT,UNK_INJ_PER_COUNT,URBAN_AREA,URBAN_RURAL,VAN_COUNT,VEHICLE_COUNT,WEATHER1,WEATHER2,WORK_ZONE_IND,WORK_ZONE_LOC,WORK_ZONE_TYPE,WORKERS_PRES,WZ_CLOSE_DETOUR,WZ_FLAGGER,WZ_LAW_OFFCR_IND,WZ_LN_CLOSURE,WZ_MOVING,WZ_OTHER,WZ_SHLDER_MDN,WZ_WORKERS_INJ_KILLED
2008015678,1935,5,0,0,0,0,0,0,0,0,1,0,,67,1,2008,7,39.9713,-75.1933,1926.0,6,0,0,0,0,0,1,0,0,1.0,0,0,0,19,3,2,0,,1,39 58:20.000,3.0,0,75 11:37.223,3,0,0,0,67301,0,0,0,N,0,0,0,12,68K01,0,,1,1,,N,N,,0,,2,0,1,0.0,0,N,1924,2,6,0,0,0,0,0,3,4,0,6,3,,N,,,,,,,,,,,
2008062591,2036,1,0,0,0,0,0,0,0,0,7,0,,67,5,2008,7,39.8919,-75.2365,2025.0,6,0,0,1,0,0,0,0,0,,0,0,0,20,2,1,0,,0,39 53:29.993,,0,75 14:13.083,3,0,0,0,67301,0,0,0,N,0,0,0,2,68K01,0,,2,1,,N,N,,0,,1,0,0,0.0,0,,2023,1,1,0,0,0,0,0,3,4,0,1,3,,N,,,,,,,,,,,
2008022880,1908,0,0,0,0,0,0,0,0,0,8,0,,67,2,2008,4,40.0028,-75.2233,1907.0,6,0,0,0,1,0,0,0,0,1.0,0,0,0,19,3,2,0,,1,40 00:13.000,2.0,0,75 13:15.724,3,0,0,0,67301,2,0,0,N,2,0,0,9,46104,1,,1,9,,N,N,,0,,1,0,0,0.0,0,N,1907,2,3,0,0,0,0,0,3,4,1,1,3,,N,,,,,,,,,,,
2008060230,400,1,0,0,0,0,0,0,0,0,8,0,,67,3,2008,7,,,344.0,6,0,0,0,0,0,0,0,0,,0,0,0,3,3,1,0,,0,,,0,,8,0,0,0,67301,1,0,0,N,1,0,0,2,67301,0,,2,1,,N,N,,0,,0,0,0,0.0,0,,344,1,2,0,0,0,1,1,3,3,0,1,3,,N,,,,,,,,,,,
2008049885,141,2,0,0,0,0,0,0,0,0,5,0,,67,2,2008,1,40.0529,-75.1787,128.0,6,0,0,0,0,0,0,0,0,,0,0,0,1,3,0,0,,0,40 03:10.492,,0,75 10:43.105,0,0,0,0,67301,0,0,0,N,0,0,0,1,67301,0,,6,2,,N,N,,0,,0,0,0,0.0,0,,125,0,2,0,0,0,0,0,3,4,0,2,3,,N,,,,,,,,,,,
2008044901,1327,2,0,0,0,0,0,0,0,0,1,0,,67,1,2008,3,39.9621,-75.2163,1327.0,6,0,0,0,0,0,1,0,0,,0,0,0,13,1,7,0,,0,39 57:43.458,,0,75 12:58.670,4,0,0,0,67301,0,0,0,N,0,0,0,7,67301,2,,1,1,,N,N,,0,,0,0,0,0.0,0,,1327,7,2,0,0,0,5,0,3,4,0,2,3,,N,,,,,,,,,,,
2008027004,1550,1,0,0,0,0,0,0,0,0,1,0,,67,1,2008,6,39.8989,-75.1699,1540.0,6,0,0,0,1,0,0,0,1,2.0,0,0,0,15,1,11,0,,1,39 53:56.000,2.0,0,75 10:10.479,3,0,0,0,67301,0,0,0,N,0,0,0,11,67301,8,,1,1,,N,N,,0,,3,0,1,0.0,0,Y,1535,11,3,0,0,0,0,0,3,4,1,3,3,,N,,,,,,,,,,,
2008027044,1540,1,0,0,0,0,0,0,0,0,4,0,,67,1,2008,7,40.0093,-75.069,1535.0,6,0,0,0,0,0,0,0,0,,0,0,0,15,1,1,1,,0,40 00:33.000,,2,75 04:08.444,8,0,0,0,67301,0,0,0,N,0,0,0,3,67301,0,,1,1,,N,N,,1,,0,0,0,3.0,2,,1530,1,2,0,0,3,1,0,3,4,0,2,3,,N,,,,,,,,,,,
2008059571,334,1,0,0,0,0,0,0,0,0,7,0,,67,2,2008,7,39.9839,-75.2082,326.0,6,0,0,0,0,0,0,0,0,,0,0,0,3,2,0,0,,0,39 59:06.265,,0,75 12:29.535,9,0,0,0,67301,0,0,0,N,0,0,0,1,68K01,0,,2,1,,N,N,,0,,0,0,0,0.0,0,,326,0,1,0,0,0,0,1,3,4,0,1,3,,N,,,,,,,,,,,
2008062176,2003,3,0,0,0,0,0,0,0,0,4,0,,67,3,2008,5,39.9453,-75.1516,1959.0,6,0,0,0,0,0,1,0,0,,0,0,0,19,3,0,1,,0,39 56:43.252,,0,75 09:05.795,0,0,0,0,67301,0,0,0,,0,0,0,3,67301,0,,1,1,,N,N,,0,,0,0,0,3.0,2,,1959,0,3,0,0,0,0,0,3,4,0,3,3,,N,,,,,,,,,,,
2008059665,1900,1,0,0,1,0,0,0,0,0,5,0,,67,3,2008,3,39.9797,-75.1077,1830.0,6,0,0,0,0,0,0,0,0,,0,0,0,18,1,1,0,,0,39 58:46.439,,0,75 06:28.431,4,0,0,0,67301,1,0,0,N,0,0,0,2,67301,1,,1,1,,N,N,,0,,0,0,0,0.0,0,,1830,1,2,0,0,0,0,0,3,4,0,1,3,,N,,,,,,,,,,,
2008057129,1521,1,0,0,0,0,0,0,0,0,1,0,,67,3,2008,5,40.0351,-75.0695,1502.0,6,0,0,0,0,0,0,0,0,,0,0,0,14,1,1,5,,0,40 02:06.425,,0,75 04:10.217,8,0,0,0,67301,0,0,0,,0,0,0,2,67301,0,,1,1,,,,,0,,0,0,1,2.0,2,,1456,1,2,0,0,0,1,0,3,4,0,2,3,,N,,,,,,,,,,,
2008057224,950,1,0,0,0,0,0,0,0,0,8,0,,67,3,2008,7,40.0247,-75.1664,948.0,6,0,0,0,0,0,0,0,0,,0,0,0,9,1,1,0,,0,40 01:28.996,,0,75 09:59.207,3,0,0,0,67301,1,0,0,N,1,0,0,3,67301,0,,1,1,,N,N,,0,,1,0,0,0.0,0,,947,1,2,0,0,0,0,0,3,4,0,1,3,,N,,,,,,,,,,,
2008057348,1015,2,0,0,0,0,0,0,0,0,6,0,,67,3,2008,6,40.0062,-75.1518,1004.0,6,0,0,0,0,0,2,0,0,,0,0,0,9,1,2,1,,0,40 00:22.204,,0,75 09:06.487,8,0,0,0,67301,0,0,0,N,0,0,0,3,67301,0,,1,1,,N,N,,0,,0,0,0,3.0,2,,955,2,2,0,0,0,2,0,3,4,0,2,3,,N,,,,,,,,,,,
2008057212,1736,1,0,0,0,0,0,0,0,0,8,0,,67,3,2008,7,39.9418,-75.1504,1735.0,6,0,0,0,0,0,0,0,0,,0,0,0,17,1,1,2,,0,39 56:30.404,,0,75 09:01.493,4,0,0,0,67301,1,0,0,N,1,0,0,2,67301,1,,1,1,,N,N,,0,,0,0,0,0.0,0,,1735,1,2,0,0,0,0,1,3,4,0,1,3,,N,,,,,,,,,,,
2008052216,1627,0,0,0,0,0,0,1,0,0,1,1,,67,3,2008,3,40.0417,-75.1687,1625.0,6,0,0,0,0,0,0,1,0,,0,0,0,15,1,1,1,,0,40 02:30.030,,0,75 10:07.388,8,0,0,0,67301,0,0,0,N,0,0,0,3,67301,0,,1,1,,N,N,,1,,0,0,0,3.0,2,,1545,1,2,0,0,0,1,0,3,4,0,2,3,,N,,,,,,,,,,,
2008049787,225,2,0,0,0,0,0,0,0,0,1,0,,67,4,2008,1,39.9242,-75.1927,223.0,6,0,0,0,0,0,0,0,0,2.0,0,0,0,2,3,0,0,,1,39 55:30.150,4.0,0,75 11:35.584,0,0,0,0,67301,0,0,0,N,0,0,0,1,68K01,0,,1,1,,N,N,,0,,0,0,0,0.0,0,N,215,0,2,0,0,0,0,0,3,4,0,2,3,,N,,,,,,,,,,,
2008057670,1816,1,0,0,0,0,0,0,0,0,0,0,,67,3,2008,5,39.9879,-75.1235,1814.0,6,0,0,0,0,0,0,0,0,,0,0,0,18,4,1,1,,0,39 59:16.394,,0,75 07:24.428,8,0,0,0,67301,0,0,0,N,0,0,0,2,67301,0,,1,1,,N,N,,0,,0,0,0,3.0,2,,1812,1,1,0,0,2,1,0,3,4,0,1,3,,N,,,,,,,,,,,
2008060172,1535,1,0,0,0,0,0,0,0,0,8,0,,67,3,2008,1,39.987,-75.1744,1535.0,6,0,0,0,0,0,1,0,0,,0,0,0,15,1,1,1,,0,39 59:13.322,,0,75 10:27.753,8,0,0,0,67301,1,0,0,N,1,0,0,2,67301,0,,1,1,,N,N,,0,,0,0,0,3.0,2,,1535,1,2,0,0,0,1,0,3,4,0,1,3,,N,,,,,,,,,,,
2008060183,1016,0,0,0,0,0,0,0,0,0,5,0,,67,3,2008,3,39.9535,-75.2344,1015.0,6,0,0,0,0,0,0,0,0,,0,0,0,9,1,1,1,,0,39 57:12.740,,0,75 14:03.926,4,0,0,0,67301,0,0,0,,0,0,0,2,67301,1,,1,1,,,,,0,,0,0,2,3.0,3,,945,1,2,0,0,1,0,0,3,4,0,2,3,,N,,,,,,,,,,,
2008044692,1745,1,0,0,0,0,0,0,0,0,4,0,,67,1,2008,5,40.0327,-75.1065,1742.0,6,0,0,0,0,1,0,0,0,,0,0,0,99,1,1,2,,0,40 01:56.680,,0,75 06:22.386,4,0,0,0,67301,0,0,0,N,0,0,0,2,67301,1,,1,1,,N,N,,0,,0,0,0,3.0,3,,9999,1,2,0,0,0,0,0,3,4,1,2,3,,N,,,,,,,,,,,
2008119018,445,2,0,0,0,0,0,0,0,0,5,0,,67,9,2008,2,40.0215,-75.1398,435.0,6,0,0,0,0,0,0,0,1,9.0,0,0,0,4,6,2,1,,1,40 01:17.486,2.0,0,75 08:23.327,4,0,0,0,67301,0,0,0,N,0,0,0,3,67301,2,,1,1,,N,N,,0,,0,0,0,3.0,2,N,435,2,2,0,0,0,0,0,3,4,0,2,3,,N,,,,,,,,,,,
2008119031,1028,1,0,0,0,0,0,0,0,0,4,0,,67,9,2008,6,40.0322,-75.0843,1023.0,6,0,0,0,0,0,1,0,0,1.0,0,0,0,10,1,2,1,,1,40 01:55.786,2.0,0,75 05:03.553,3,0,0,0,67301,0,0,0,N,0,0,0,2,67301,0,,1,1,,N,N,,0,,2,0,0,3.0,2,N,1015,2,2,0,0,0,0,0,3,4,1,2,3,,N,,,,,,,,,,,
2008119080,1440,1,0,0,1,0,0,0,0,0,4,0,,67,8,2008,6,40.0294,-75.2297,1430.0,6,0,0,0,0,0,0,0,0,,0,0,0,14,1,1,2,,0,40 01:45.973,,0,75 13:46.948,3,0,0,0,67301,1,0,0,N,0,0,0,2,67301,0,,1,1,,N,N,,0,,1,0,0,3.0,2,,1420,1,2,0,0,0,0,0,3,4,0,1,3,,N,,,,,,,,,,,
2008133514,1058,0,0,0,0,0,0,0,0,0,8,0,,67,11,2008,4,39.9874,-75.1053,1057.0,6,0,0,0,0,0,0,0,0,,0,0,0,6,3,1,0,,0,39 59:14.583,,0,75 06:19.031,3,0,0,0,67301,1,0,0,N,1,0,0,2,67301,0,,1,1,,N,Y,,0,,1,0,0,0.0,0,,600,1,2,0,0,0,0,1,3,4,0,1,3,,N,,,,,,,,,,,
2008133549,1218,2,0,0,0,0,0,0,0,0,4,0,,67,10,2008,1,40.0614,-75.0589,1215.0,6,0,0,0,0,0,1,0,0,,0,0,0,12,1,1,1,,0,40 03:41.216,,0,75 03:32.097,8,0,0,0,67301,0,0,0,N,0,0,0,2,67301,0,,1,1,,N,N,,0,,0,0,0,3.0,3,,1205,1,2,0,0,0,1,1,3,4,0,2,3,,N,,,,,,,,,,,
2008098069,1155,0,0,0,0,0,0,0,0,0,8,0,,67,6,2008,4,40.0201,-75.0428,1145.0,6,0,0,0,0,0,0,0,1,,0,0,0,11,1,1,1,,0,40 01:12.447,,0,75 02:34.416,8,0,0,0,67301,1,0,0,N,1,0,0,2,67301,0,,1,1,,N,N,,0,,0,0,1,3.0,2,,1143,1,2,0,0,0,1,0,3,4,0,1,3,,N,,,,,,,,,,,
2008083012,2047,0,0,0,0,0,0,0,0,0,0,0,,67,7,2008,6,39.9884,-75.0884,2043.0,6,0,0,0,0,0,0,0,0,1.0,0,0,0,20,3,1,0,,2,39 59:18.701,1.0,0,75 05:17.841,3,0,0,1,67301,0,0,0,N,0,0,0,1,68K01,0,,1,1,,N,N,,0,,1,0,0,0.0,0,N,2042,1,1,0,0,0,0,0,3,4,0,1,3,,N,,,,,,,,,,,
2008070534,908,0,0,0,0,0,0,0,0,0,7,0,,67,5,2008,6,39.9278,-75.1464,849.0,6,0,0,0,0,0,0,0,0,1.0,0,0,0,8,1,1,0,,1,39 55:40.440,1.0,0,75 08:47.040,3,0,0,0,67301,0,0,0,N,0,0,0,1,68K01,0,,2,9,,N,N,,0,,1,0,0,0.0,0,N,847,1,1,0,0,1,0,0,3,4,1,1,7,,N,,,,,,,,,,,
2008082620,1230,1,0,0,0,0,0,0,0,0,8,0,,67,5,2008,2,39.9617,-75.2388,1220.0,6,0,0,0,0,0,0,0,1,,0,0,0,12,1,1,1,,0,39 57:41.936,,0,75 14:19.780,4,0,0,0,67301,1,0,0,N,1,0,0,2,67301,1,,1,9,,N,N,,0,,0,0,0,3.0,2,,1215,1,2,0,0,0,0,0,3,4,0,1,7,5.0,N,,,,,,,,,,,
2008082479,316,1,0,0,0,0,0,0,0,0,7,0,,67,5,2008,7,40.026,-75.1993,314.0,6,0,0,0,0,0,0,0,0,,0,0,0,3,3,1,0,,0,40 01:33.597,,0,75 11:57.562,8,0,0,0,67301,0,0,0,,0,0,0,1,67301,0,,5,1,,N,N,,0,,0,0,0,0.0,0,,305,1,1,0,0,1,1,0,3,4,0,1,3,,N,,,,,,,,,,,
2008072052,107,1,0,0,0,0,0,0,0,0,2,0,,67,4,2008,7,40.0118,-75.1572,105.0,6,0,0,0,0,0,0,0,0,,0,0,0,1,3,1,0,,0,40 00:42.317,,0,75 09:26.020,4,0,0,0,67301,0,0,0,,0,0,0,3,67301,1,,1,9,,,,,1,,0,0,0,0.0,0,,104,1,2,0,0,0,0,0,3,4,0,2,7,,N,,,,,,,,,,,
2008072093,1134,1,0,0,0,0,0,0,0,0,8,0,,67,4,2008,5,39.9689,-75.1362,1133.0,6,0,0,0,0,0,0,0,0,,1,0,0,11,1,0,1,,0,39 58:08.115,,0,75 08:10.344,1,0,0,0,67301,1,1,0,,1,1,0,3,67301,0,2.0,1,1,,,,,0,0.0,0,0,0,3.0,2,,1130,0,2,0,0,0,0,0,3,4,0,1,3,,N,,,,,,,,,,,
2008072099,1215,2,0,0,0,0,0,0,0,0,2,0,,67,4,2008,7,40.0427,-75.073,1210.0,6,0,0,0,0,1,0,0,0,1.0,0,0,0,12,1,1,2,,2,40 02:33.824,4.0,0,75 04:22.947,4,0,0,0,67301,0,0,0,,0,0,0,2,67301,1,,1,1,,,,,0,,0,0,0,3.0,3,Y,1200,1,2,0,0,1,0,0,3,4,0,2,3,,N,,,,,,,,,,,
2008069680,833,1,0,0,0,0,0,0,0,0,8,0,,67,4,2008,3,39.9688,-75.1362,833.0,6,0,0,0,0,0,0,0,0,,0,0,0,8,1,1,1,,0,39 58:07.845,,0,75 08:10.374,4,0,0,0,67301,1,0,0,N,1,0,0,2,67301,1,,1,1,,N,N,,0,,0,0,0,3.0,2,,830,1,2,0,0,0,0,0,3,4,0,1,3,,N,,,,,,,,,,,
2008063396,642,2,0,0,0,0,0,0,0,0,5,1,,67,5,2008,4,39.8906,-75.2389,642.0,6,0,0,0,0,0,0,0,0,1.0,0,1,0,6,1,1,0,,1,39 53:25.148,1.0,0,75 14:21.509,4,0,0,0,67301,0,0,0,N,0,0,0,3,68K01,1,,1,1,,N,N,,0,,0,0,0,0.0,0,N,642,1,3,0,0,0,0,0,3,4,0,3,3,,N,,,,,,,,,,,
2008044401,825,1,0,0,0,0,0,0,0,0,1,0,,67,1,2008,6,39.9571,-75.1444,820.0,6,0,0,0,0,0,0,0,0,1.0,0,0,0,8,1,2,0,,1,39 57:26.000,1.0,2,75 08:45.501,4,0,0,0,67301,0,0,0,,0,0,0,2,67301,2,,1,1,,,,,0,,0,0,1,0.0,0,Y,815,2,2,0,0,2,0,0,3,4,0,2,3,,N,,,,,,,,,,,
2008044415,30,2,0,0,0,0,0,0,0,0,5,0,,67,1,2008,3,39.9692,-75.2284,22.0,6,0,0,0,0,0,0,0,0,,0,0,0,23,3,1,1,,0,39 58:09.192,,0,75 13:42.211,8,0,0,0,67301,0,0,0,N,0,0,0,2,67301,0,,1,9,,N,N,,0,,0,0,0,0.0,0,,2300,1,2,0,0,1,1,0,3,4,0,2,7,,N,,,,,,,,,,,
2008044441,1348,1,0,0,0,0,0,0,0,0,8,0,,67,1,2008,3,40.0285,-75.0579,1348.0,6,0,0,0,0,0,0,0,0,1.0,0,0,0,13,1,1,0,,1,40 01:42.531,1.0,0,75 03:28.267,8,0,0,0,67301,1,0,0,,1,0,0,2,67301,0,,1,1,,,,,0,,0,0,0,0.0,0,N,1345,1,2,0,0,0,1,0,3,4,0,1,3,,N,,,,,,,,,,,
2008044464,2005,1,0,0,0,0,0,0,0,0,7,0,,67,1,2008,3,39.9047,-75.1394,2000.0,6,0,0,0,1,0,0,0,0,1.0,0,0,0,19,3,1,0,,2,39 54:16.948,2.0,0,75 08:21.944,4,0,0,0,67301,0,0,0,N,0,0,0,1,67301,1,,3,1,,N,N,,0,,0,0,0,0.0,0,Y,1955,1,1,0,0,0,0,0,3,4,0,1,3,,N,,,,,,,,,,,
2008046916,1844,1,0,0,0,0,0,0,0,0,4,0,,67,1,2008,3,40.0269,-75.2272,1840.0,6,0,0,0,0,0,1,0,0,,0,0,0,18,3,1,1,,0,40 01:36.847,,0,75 13:37.905,8,0,0,0,67301,0,0,0,,0,0,0,2,67301,0,,1,1,,,,,0,,0,0,1,0.0,0,,1833,1,2,0,0,0,1,0,3,4,0,2,3,,N,,,,,,,,,,,
2008027232,9999,0,0,0,0,0,0,0,0,0,8,0,,67,1,2008,6,40.0233,-75.0768,2102.0,6,0,0,0,0,0,0,0,0,,0,0,0,99,3,1,1,,0,40 01:23.000,,0,75 04:36.638,8,0,0,0,67301,1,0,0,,1,0,0,2,67301,0,,1,1,,,,,0,,0,0,0,1.0,2,,9999,1,2,0,0,1,1,0,3,4,1,1,3,,N,,,,,,,,,,,
2008015396,1641,1,0,0,0,0,0,0,0,0,1,0,,67,1,2008,6,39.9769,-75.1974,1641.0,6,1,0,0,0,0,0,0,0,1.0,0,0,0,16,1,0,0,,1,39 58:37.000,4.0,0,75 11:56.462,0,0,0,0,67301,0,0,0,N,0,0,0,5,68K01,0,,1,1,,N,N,,0,,0,0,2,0.0,0,N,1641,0,3,0,0,0,0,0,3,4,0,3,3,,N,,,,,,,,,,,
2008060271,10,2,0,0,0,0,0,0,0,0,1,0,,67,4,2008,4,40.0237,-75.2078,1.0,6,0,0,0,0,0,0,0,0,,0,0,0,23,3,1,5,,0,40 01:25.320,,0,75 12:27.720,8,0,0,0,67301,0,0,0,N,0,0,0,2,67301,0,,1,1,,N,N,,0,,0,0,0,3.0,2,,2350,1,2,0,0,0,1,1,3,4,0,2,3,,N,,,,,,,,,,,
2008027007,740,2,0,0,0,0,0,0,0,0,5,0,,67,1,2008,3,39.9824,-75.0993,735.0,6,0,0,0,0,0,0,0,0,,0,1,0,7,1,0,0,,0,39 58:52.000,,2,75 06:07.549,0,0,0,0,67301,0,0,0,N,0,0,0,3,67301,0,,7,1,,N,N,,0,,0,0,0,3.0,3,,730,0,3,0,0,0,0,0,3,4,0,3,3,,N,,,,,,,,,,,
2008027034,645,1,0,0,0,0,0,0,0,0,4,0,,67,1,2008,1,40.0315,-75.0503,628.0,6,0,0,0,0,0,0,0,0,1.0,0,0,0,6,5,0,0,,1,40 01:53.508,3.0,0,75 03:01.083,0,0,0,0,67301,0,0,0,,0,0,0,1,67301,0,,6,1,,,,,0,,0,0,1,0.0,0,N,625,0,2,0,0,0,0,0,3,4,0,2,3,,N,,,,,,,,,,,
2008027045,2047,1,0,0,0,0,0,0,0,0,1,0,,67,1,2008,5,40.006,-75.0919,2047.0,6,0,0,0,0,0,0,0,0,2.0,0,0,0,20,3,3,1,,1,40 00:21.000,1.0,0,75 05:30.664,8,0,0,0,67301,0,0,0,N,0,0,0,6,67301,0,,1,1,,N,N,,1,,0,0,0,3.0,2,N,2025,3,3,0,0,0,3,0,3,4,1,3,3,,N,,,,,,,,,,,
2008061723,856,2,0,0,0,0,0,0,0,0,1,0,,67,5,2008,4,39.9815,-75.1025,829.0,6,0,0,0,0,0,0,0,0,,0,0,0,8,1,1,0,,0,39 58:54.924,,0,75 06:05.349,4,0,0,0,67301,0,0,0,N,0,0,0,2,68K01,1,,1,1,,N,N,,0,,0,0,0,0.0,0,,820,1,2,0,0,0,0,0,3,4,0,2,3,,N,,,,,,,,,,,
2008057127,1130,1,0,0,0,0,0,0,0,0,7,0,,67,3,2008,3,40.0288,-75.2052,1120.0,6,0,0,0,1,0,0,0,0,,0,0,0,11,1,1,0,,0,40 01:43.643,,0,75 12:18.832,3,0,0,0,67301,0,0,0,,0,0,0,1,67301,0,,5,1,,N,N,,0,,1,0,0,3.0,2,,1120,1,1,0,0,1,0,0,3,4,0,1,3,,N,,,,,,,,,,,
2008057226,835,1,0,0,0,0,0,0,0,0,4,0,,67,3,2008,1,40.0594,-75.0439,825.0,6,0,0,0,0,0,0,0,0,1.0,0,0,0,8,1,1,1,,1,40 03:33.132,1.0,0,75 02:38.341,4,0,0,0,67301,0,0,0,N,0,0,0,2,67301,1,,1,1,,N,N,,0,,0,0,1,3.0,2,N,825,1,2,0,0,0,0,0,3,4,0,2,3,,N,,,,,,,,,,,
2008057364,1700,2,0,0,0,0,0,0,0,0,1,0,,67,3,2008,5,39.9831,-75.1442,1655.0,6,0,0,0,0,0,1,0,0,,0,0,0,16,1,1,1,,0,39 58:59.131,,99,75 08:39.062,4,0,0,0,67301,0,0,0,N,0,0,0,2,67301,1,,1,1,,N,N,,0,,0,0,0,3.0,2,,1650,1,2,0,0,0,0,0,3,4,0,2,3,,N,,,,,,,,,,,
2008042303,1123,2,0,0,0,0,0,0,0,0,4,0,,67,1,2008,4,40.0194,-75.1913,1120.0,6,0,0,0,0,0,0,1,1,1.0,0,0,0,11,1,2,2,,2,40 01:09.000,1.0,0,75 11:28.682,4,0,0,0,67301,0,0,0,N,0,0,0,2,67301,2,,1,1,,N,N,,0,,0,0,0,3.0,4,Y,1115,2,2,0,0,0,0,0,3,4,0,2,3,,N,,,,,,,,,,,
2008057729,1442,0,0,0,0,0,0,0,0,0,4,0,,67,3,2008,4,40.0308,-75.0412,1441.0,6,0,0,1,0,0,0,0,0,,0,0,0,14,1,1,1,,0,40 01:50.880,,0,75 02:28.320,4,0,0,0,67301,0,0,0,N,0,0,0,3,67301,1,,1,1,,N,N,,1,,0,0,2,3.0,3,,1440,1,3,0,0,0,0,0,3,4,0,3,3,,N,,,,,,,,,,,
2008044637,1439,1,0,0,0,0,0,0,0,0,1,0,,67,1,2008,6,39.9165,-75.2458,1439.0,6,0,0,0,1,0,1,0,0,,0,0,0,14,1,1,2,,0,39 54:59.000,,0,75 14:45.222,8,0,0,0,67301,0,0,0,N,0,0,0,3,67301,0,,1,9,,N,N,,0,,0,0,0,0.0,0,,1436,1,2,0,0,0,1,0,3,4,1,2,7,,N,,,,,,,,,,,
2008044663,1430,0,0,0,0,0,0,0,0,0,8,0,,67,1,2008,3,39.9009,-75.2339,9999.0,6,0,0,0,0,0,0,0,0,,0,0,0,5,1,1,1,,0,39 54:03.252,,0,75 14:02.192,8,0,0,0,67301,1,0,0,N,1,0,0,2,67301,0,,1,98,,N,N,,1,,0,0,0,0.0,0,,550,1,2,0,0,0,1,0,3,4,0,1,99,,N,,,,,,,,,,,
2008044666,1652,0,0,0,0,0,0,0,0,0,8,0,,67,2,2008,7,39.9956,-75.1148,1650.0,6,0,0,0,0,0,0,0,0,,0,0,0,16,1,1,0,,0,39 59:44.032,,0,75 06:53.326,3,0,0,0,67301,1,0,0,N,1,0,0,2,67301,0,,1,1,,N,N,,0,,1,0,1,0.0,0,,1643,1,2,0,0,0,0,0,3,4,0,1,3,,N,,,,,,,,,,,
2008044668,1658,2,0,0,0,0,0,0,0,0,3,0,,67,2,2008,7,39.9884,-75.1174,1658.0,6,0,0,0,0,0,0,0,0,,0,0,0,16,1,3,1,,0,39 59:18.121,,0,75 07:02.495,4,0,0,0,67301,0,0,0,,0,0,0,4,67301,2,,1,1,,N,N,,0,,0,0,0,2.0,3,,1655,3,2,0,0,0,1,0,3,4,0,2,3,,N,,,,,,,,,,,
2008133310,9999,1,0,0,0,0,0,0,0,0,4,0,,67,10,2008,2,39.9666,-75.1604,1944.0,6,0,0,0,0,0,1,0,0,1.0,0,0,0,99,3,1,1,,1,39 58:00.185,1.0,0,75 09:37.919,4,0,0,0,67301,0,0,0,N,0,0,0,2,67301,1,,1,9,,N,N,,0,,0,0,1,3.0,2,N,9999,1,2,0,0,0,0,0,3,4,0,2,7,,N,,,,,,,,,,,
2008133317,712,1,0,0,0,0,0,0,0,0,1,0,,67,10,2008,5,40.0102,-75.0981,708.0,6,0,0,0,0,0,0,0,0,1.0,0,0,0,7,1,2,1,,1,40 00:37.058,3.0,0,75 05:53.072,4,0,0,0,67301,0,0,0,,0,0,0,2,67301,2,,1,1,,N,N,,0,,0,0,1,3.0,2,N,705,2,2,0,0,0,0,0,3,4,0,2,3,,N,,,,,,,,,,,
2008133323,1115,1,0,0,0,0,0,0,0,0,8,0,,67,10,2008,3,39.9907,-75.1207,1105.0,6,0,0,0,0,0,0,0,0,,0,0,0,7,1,1,0,,0,39 59:26.651,,0,75 07:14.576,3,0,0,0,67301,1,0,0,N,1,0,0,2,67301,0,,1,1,,N,N,,0,,1,0,0,0.0,0,,705,1,2,0,0,0,0,0,3,4,0,1,3,,N,,,,,,,,,,,