CRN,ARRIVAL_TM,AUTOMOBILE_COUNT,BELTED_DEATH_COUNT,BELTED_SUSP_SERIOUS_INJ_COUNT,BICYCLE_COUNT,BICYCLE_DEATH_COUNT,BICYCLE_SUSP_SERIOUS_INJ_COUNT,BUS_COUNT,CHLDPAS_DEATH_COUNT,CHLDPAS_SUSP_SERIOUS_INJ_COUNT,COLLISION_TYPE,COMM_VEH_COUNT,CONS_ZONE_SPD_LIM,COUNTY,CRASH_MONTH,CRASH_YEAR,DAY_OF_WEEK,DEC_LAT,DEC_LONG,DISPATCH_TM,DISTRICT,DRIVER_COUNT_16YR,DRIVER_COUNT_17YR,DRIVER_COUNT_18YR,DRIVER_COUNT_19YR,DRIVER_COUNT_20YR,DRIVER_COUNT_50_64YR,DRIVER_COUNT_65_74YR,DRIVER_COUNT_75PLUS,EST_HRS_CLOSED,FATAL_COUNT,HEAVY_TRUCK_COUNT,HORSE_BUGGY_COUNT,HOUR_OF_DAY,ILLUMINATION,INJURY_COUNT,INTERSECT_TYPE,INTERSECTION_RELATED,LANE_CLOSED,LATITUDE,LN_CLOSE_DIR,LOCATION_TYPE,LONGITUDE,MAX_SEVERITY_LEVEL,MCYCLE_DEATH_COUNT,MCYCLE_SUSP_SERIOUS_INJ_COUNT,MOTORCYCLE_COUNT,MUNICIPALITY,NONMOTR_COUNT,NONMOTR_DEATH_COUNT,NONMOTR_SUSP_SERIOUS_INJ_COUNT,NTFY_HIWY_MAINT,PED_COUNT,PED_DEATH_COUNT,PED_SUSP_SERIOUS_INJ_COUNT,PERSON_COUNT,POLICE_AGCY,POSSIBLE_INJ_COUNT,RDWY_SURF_TYPE_CD,RELATION_TO_ROAD,ROAD_CONDITION,ROADWAY_CLEARED,SCH_BUS_IND,SCH_ZONE_IND,SECONDARY_CRASH,SMALL_TRUCK_COUNT,SPEC_JURIS_CD,SUSP_MINOR_INJ_COUNT,SUSP_SERIOUS_INJ_COUNT,SUV_COUNT,TCD_FUNC_CD,TCD_TYPE,TFC_DETOUR_IND,TIME_OF_DAY,TOT_INJ_COUNT,TOTAL_UNITS,UNB_DEATH_COUNT,UNB_SUSP_SERIOUS_INJ_COUNT,UNBELTED_OCC_COUNT,UNK_INJ_DEG_COUNT,UNK_INJ_PER_COUNT,URBAN_AREA,URBAN_RURAL,VAN_COUNT,VEHICLE_COUNT,WEATHER1,WEATHER2,WORK_ZONE_IND,WORK_ZONE_LOC,WORK_ZONE_TYPE,WORKERS_PRES,WZ_CLOSE_DETOUR,WZ_FLAGGER,WZ_LAW_OFFCR_IND,WZ_LN_CLOSURE,WZ_MOVING,WZ_OTHER,WZ_SHLDER_MDN,WZ_WORKERS_INJ_KILLED
2008133325,2245,2,0,0,0,0,0,0,0,0,1,0,,67,11,2008,1,40.0073,-75.1926,2230.0,6,0,0,0,0,0,0,0,0,2.0,0,0,0,22,3,0,0,,1,40 00:28.766,2.0,0,75 11:30.226,9,0,0,0,67301,0,0,0,,0,0,0,2,67301,0,,1,9,,,,,0,,0,0,0,0.0,0,N,2230,0,2,0,0,0,0,1,3,4,0,2,7,,N,,,,,,,,,,,
2008119139,1635,2,0,0,0,0,0,0,0,0,4,0,,67,9,2008,7,40.113,-75.023,1625.0,6,0,0,0,0,1,0,0,0,,0,0,0,16,1,1,1,,0,40 06:46.664,1.0,0,75 01:22.836,8,0,0,0,67301,0,0,0,N,0,0,0,2,67301,0,,1,1,,N,N,,0,,0,0,0,0.0,0,,1620,1,2,0,0,0,1,0,3,4,0,2,3,,N,,,,,,,,,,,
2008119160,2230,1,0,0,0,0,0,0,0,0,4,0,,67,9,2008,4,40.0607,-75.0542,2025.0,6,0,0,0,1,0,1,0,0,,0,0,0,20,3,0,1,,0,40 03:38.529,,0,75 03:14.962,0,0,0,0,67301,0,0,0,N,0,0,0,2,67301,0,,1,1,,N,N,,0,,0,0,0,3.0,2,,2025,0,2,0,0,0,0,0,3,4,1,2,3,,N,,,,,,,,,,,
2008098165,1704,1,0,0,0,0,0,0,0,0,1,0,,67,7,2008,3,40.0761,-75.0471,1702.0,6,0,0,0,0,0,0,0,0,,0,0,0,17,1,1,0,,0,40 04:34.136,,0,75 02:49.408,4,0,0,0,67301,0,0,0,N,0,0,0,2,67301,1,,1,1,,N,N,,0,,0,0,1,0.0,0,,1700,1,2,0,0,0,0,0,3,4,0,2,3,,N,,,,,,,,,,,
2008079525,1710,1,0,0,0,0,0,0,0,0,8,0,,67,5,2008,6,39.9818,-75.1646,1704.0,6,0,0,0,0,0,0,0,0,,0,0,0,17,1,1,0,,0,39 58:54.521,,0,75 09:52.504,4,0,0,0,67301,1,0,0,N,1,0,0,2,67301,1,,1,1,,N,N,,0,,0,0,0,3.0,3,,1700,1,2,0,0,0,0,0,3,4,0,1,3,,N,,,,,,,,,,,
2008082131,1200,0,0,0,0,0,0,0,0,0,4,0,,67,5,2008,3,39.9626,-75.2109,1156.0,6,0,0,0,0,0,0,0,0,3.0,0,0,0,11,1,1,0,,2,39 57:45.181,6.0,0,75 12:37.798,8,0,0,1,67301,0,0,0,N,0,0,0,2,67301,0,,1,1,,N,N,,0,,0,0,0,3.0,2,Y,1150,1,2,0,0,0,1,0,3,4,1,2,3,,N,,,,,,,,,,,
2008079693,1911,1,0,0,0,0,0,0,0,0,4,0,,67,4,2008,4,40.1141,-74.9877,1910.0,6,0,0,1,0,0,0,0,0,1.0,0,0,0,19,1,1,5,,1,40 06:50.927,1.0,0,74 59:15.880,8,0,0,0,67301,0,0,0,N,0,0,0,2,67301,0,,1,1,,N,N,,0,,0,0,1,3.0,2,N,1909,1,2,0,0,0,1,0,3,4,0,2,3,,N,,,,,,,,,,,
2008072738,1910,2,0,0,0,0,0,0,0,0,4,0,,67,4,2008,6,39.8946,-75.2367,1906.0,6,0,0,0,0,0,0,0,0,3.0,0,0,0,19,1,2,1,,2,39 53:40.604,3.0,0,75 14:12.181,4,0,0,0,67301,0,0,0,N,0,0,0,3,67301,1,,1,1,,N,N,,0,,0,0,0,3.0,2,Y,1906,2,2,0,0,0,1,1,3,4,0,2,3,,N,,,,,,,,,,,
2008072780,1915,2,0,0,0,0,0,0,0,0,1,0,,67,4,2008,6,39.9585,-75.2476,1910.0,6,0,0,0,0,0,0,0,0,,0,0,0,19,1,1,2,,0,39 57:30.721,,0,75 14:51.320,4,0,0,0,67301,0,0,0,,0,0,0,4,67301,1,,1,1,,,,,0,,0,0,1,3.0,3,,1900,1,4,0,0,0,0,1,3,4,0,4,3,,N,,,,,,,,,,,
2008072800,742,2,0,0,0,0,0,0,0,0,4,0,,67,4,2008,1,40.0331,-75.107,730.0,6,0,0,0,0,0,1,0,0,,0,0,0,7,1,0,1,,0,40 01:58.404,,0,75 06:24.229,9,0,0,0,67301,0,0,0,,0,0,0,2,67301,0,,1,9,,,,,0,,0,0,0,3.0,2,,730,0,2,0,0,0,0,1,3,4,0,2,7,,N,,,,,,,,,,,
2008073001,1540,2,0,0,0,0,0,0,0,0,1,0,,67,6,2008,4,39.9583,-75.1802,1531.0,6,0,0,0,0,0,0,0,0,1.0,0,0,0,15,1,1,0,,1,39 57:35.853,3.0,0,75 10:51.679,4,0,0,1,67301,0,0,0,N,0,0,0,4,68K01,1,,1,1,,N,N,,0,,0,0,0,3.0,8,N,1522,1,3,0,0,0,0,0,3,4,0,3,3,,N,,,,,,,,,,,
2008082627,854,0,0,0,0,0,0,0,0,0,8,0,,67,5,2008,5,39.9509,-75.152,850.0,6,0,0,0,0,0,0,0,0,9.0,0,0,0,8,1,1,0,,1,39 57:03.251,1.0,0,75 09:07.161,3,0,0,0,67301,1,0,0,N,1,0,0,2,67301,0,,1,1,,N,N,,0,,1,0,1,0.0,0,N,845,1,2,0,0,0,0,0,3,4,0,1,3,,N,,,,,,,,,,,
2008079284,1106,1,0,0,0,0,0,0,0,0,8,0,,67,5,2008,6,40.0377,-75.0425,1106.0,6,0,0,0,0,0,0,0,0,,0,0,0,99,3,1,1,,0,40 02:15.589,,0,75 02:33.074,4,0,0,0,67301,1,0,0,,1,0,0,2,67301,1,,1,9,,N,N,,0,,0,0,0,2.0,2,,9999,1,2,0,0,0,0,1,3,4,0,1,7,,N,,,,,,,,,,,
2008082402,17,2,0,0,0,0,0,0,0,0,6,0,,67,5,2008,7,40.0946,-75.0293,17.0,6,0,0,0,0,0,0,0,0,2.0,0,0,0,0,3,1,0,,2,40 05:40.390,1.0,0,75 01:45.410,4,0,0,0,67301,0,0,0,N,0,0,0,4,67301,1,,1,1,,N,N,,0,,0,0,0,0.0,0,Y,17,1,2,0,0,0,0,0,3,4,0,2,3,,N,,,,,,,,,,,
2008109632,715,0,0,0,0,0,0,0,0,0,7,0,,67,9,2008,7,39.9628,-75.1395,715.0,6,0,0,0,0,0,0,0,0,1.0,0,0,0,7,1,1,0,,1,39 57:43.130,2.0,0,75 08:23.820,3,0,0,0,67301,0,0,0,N,0,0,0,1,68K01,0,,2,9,,N,N,,0,,1,0,1,0.0,0,N,714,1,1,0,0,1,0,0,3,4,0,1,7,5.0,N,,,,,,,,,,,
2008082454,1530,4,0,0,0,0,0,0,0,0,1,0,,67,5,2008,7,39.9051,-75.1952,1513.0,6,0,0,0,0,0,1,0,0,1.0,0,0,0,15,1,3,0,,1,39 54:18.244,3.0,3,75 11:42.623,4,0,0,0,67301,0,0,0,N,0,0,0,4,67301,3,,1,1,,N,N,,0,,0,0,0,0.0,0,N,1513,3,4,0,0,0,0,0,3,4,0,4,3,,N,,,,,,,,,,,
2008082460,1534,3,0,0,0,0,0,0,0,0,1,0,,67,5,2008,7,40.0628,-75.0577,1531.0,6,0,0,0,1,0,2,0,0,,0,0,0,15,1,2,1,,0,40 03:45.915,,0,75 03:27.577,8,0,0,0,67301,0,0,0,N,0,0,0,5,67301,0,,1,1,,N,N,,0,,0,0,0,3.0,2,,1530,2,3,0,0,0,2,0,3,4,0,3,3,,N,,,,,,,,,,,
2008072061,358,1,0,0,0,0,0,0,0,0,9,0,,67,4,2008,1,39.9724,-75.1201,358.0,6,0,0,0,0,0,0,0,0,,0,0,0,3,3,1,0,,0,39 58:17.358,,0,75 07:16.277,8,0,0,0,67301,0,0,0,,0,0,0,1,67301,0,,2,9,,N,N,,0,,0,0,0,0.0,0,,358,1,1,0,0,0,1,0,3,4,0,1,7,,N,,,,,,,,,,,
2008058243,557,1,0,0,0,0,0,0,0,0,8,0,,67,3,2008,2,40.0341,-75.1765,555.0,6,0,0,0,0,0,0,0,0,,0,0,0,5,1,1,1,,0,40 02:02.652,,0,75 10:35.500,8,0,0,0,67301,1,0,0,N,1,0,0,2,67301,0,,1,1,,N,N,,0,,0,0,0,3.0,2,,553,1,2,0,0,0,1,0,3,4,0,1,3,,N,,,,,,,,,,,
2008044462,1233,0,0,0,0,0,0,0,0,0,8,0,,67,1,2008,2,40.0491,-75.0625,1230.0,6,0,0,0,0,0,0,0,0,,0,0,0,12,1,1,1,,0,40 02:56.000,,0,75 03:44.902,3,0,0,0,67301,1,0,0,N,1,0,0,2,67301,0,,1,1,,N,N,,0,,1,0,1,3.0,2,,1229,1,2,0,0,0,0,0,3,4,0,1,3,,N,,,,,,,,,,,
2008044308,9999,1,0,0,0,0,0,0,0,0,5,1,,67,2,2008,6,39.9166,-75.2174,9999.0,6,0,0,1,0,0,0,0,0,1.0,0,1,0,99,1,1,0,,1,39 55:01.000,4.0,0,75 12:53.219,3,0,0,0,67301,0,0,0,N,0,0,0,2,67301,0,,1,9,,N,N,,0,,1,0,0,0.0,0,N,9999,1,2,0,0,0,0,0,3,4,0,2,7,,N,,,,,,,,,,,
2008027233,2100,1,0,0,0,0,0,0,0,0,4,0,,67,1,2008,1,40.0082,-75.1433,2049.0,6,0,0,1,0,1,0,0,0,,0,0,0,99,3,1,1,,0,40 00:29.000,,0,75 08:35.857,8,0,0,0,67301,0,0,0,N,0,0,0,5,67301,0,,5,9,,N,N,,0,,0,0,0,3.0,1,,9999,1,2,0,0,3,1,0,3,4,1,2,7,,N,,,,,,,,,,,
2008040138,1045,1,0,0,0,0,0,0,0,0,4,0,,67,2,2008,3,40.1236,-75.0153,1039.0,6,0,0,0,0,0,1,0,0,,0,0,0,10,1,1,0,,0,40 07:25.000,,0,75 00:55.143,4,0,0,0,67301,0,0,0,N,0,0,0,2,67301,1,,1,1,,N,N,,1,,0,0,0,0.0,0,,1030,1,2,0,0,1,0,0,3,4,0,2,3,,N,,,,,,,,,,,
2008025181,1308,0,0,0,0,0,0,0,0,0,7,0,,67,1,2008,5,39.9457,-75.2352,1308.0,6,0,0,0,0,0,1,0,0,,0,0,0,13,1,1,10,,0,39 56:44.368,,0,75 14:06.554,4,0,0,0,67301,0,0,0,N,0,0,0,1,67301,1,,5,1,,N,N,,1,,0,0,0,0.0,0,,1306,1,1,0,0,0,0,0,3,4,0,1,3,,N,,,,,,,,,,,
2008060226,1550,2,0,0,0,0,0,0,0,0,1,0,,67,3,2008,5,40.0451,-75.101,1545.0,6,0,0,0,0,0,0,0,0,,0,0,0,15,1,1,0,,0,40 02:42.258,,0,75 06:03.697,4,0,0,0,67301,0,0,0,N,0,0,0,2,67301,1,,1,1,,N,Y,,0,,0,0,0,3.0,2,,1540,1,2,0,0,0,0,0,3,4,0,2,3,,N,,,,,,,,,,,
2008060245,2359,2,0,0,0,0,0,0,0,0,1,0,,67,4,2008,2,40.0426,-75.1,2347.0,6,0,0,0,0,0,0,0,0,,0,0,0,23,3,2,2,,0,40 02:33.180,,0,75 06:00.122,4,0,0,0,67301,0,0,0,N,0,0,0,6,67301,2,,1,1,,N,N,,0,,0,0,0,3.0,3,,2346,2,2,0,0,5,0,1,3,4,0,2,3,,N,,,,,,,,,,,
2008049893,1438,0,0,0,0,0,0,0,0,0,5,0,,67,2,2008,7,39.982,-75.1247,1435.0,6,0,0,0,0,0,0,0,0,,0,0,0,14,1,0,0,,0,39 58:55.149,,0,75 07:28.945,0,0,0,0,67301,0,0,0,N,0,0,0,1,67301,0,,1,1,,N,N,,2,,0,0,0,0.0,0,,1430,0,2,0,0,0,0,0,3,4,0,2,3,,N,,,,,,,,,,,
2008027027,1440,1,0,0,0,0,0,0,0,0,4,0,,67,1,2008,3,40.0085,-75.2107,1434.0,6,0,0,0,0,0,1,0,0,1.0,0,0,0,14,1,1,1,,1,40 00:30.000,1.0,0,75 12:38.579,3,0,0,0,67301,0,0,0,N,0,0,0,2,67301,0,,1,1,,N,N,,0,,1,0,0,3.0,2,N,1434,1,2,0,0,0,0,0,3,4,1,2,3,,N,,,,,,,,,,,
2008022645,829,2,0,0,0,0,0,0,0,0,1,0,,67,1,2008,4,39.9794,-75.204,824.0,6,0,0,1,0,0,0,1,0,1.0,0,0,0,8,1,3,0,,2,39 58:48.812,3.0,0,75 12:18.736,3,0,0,0,67301,0,0,0,N,0,0,0,3,68K01,2,,1,1,,N,N,,0,,1,0,1,0.0,0,Y,820,3,3,0,0,1,0,0,3,4,0,3,3,,N,,,,,,,,,,,
2008066726,21,0,0,0,0,0,0,0,0,0,7,0,,67,5,2008,2,39.9712,-75.1932,16.0,6,0,0,0,0,0,0,0,0,,0,0,0,0,3,1,0,,0,39 58:22.080,,0,75 11:36.960,3,0,0,1,67301,0,0,0,N,0,0,0,1,68K01,0,,3,1,,N,N,,0,,1,0,0,0.0,0,,14,1,1,0,0,0,0,0,3,4,0,1,3,,N,,,,,,,,,,,
2008064499,1611,1,0,0,0,0,0,0,0,0,1,0,,67,5,2008,7,39.899,-75.1686,1607.0,6,0,0,0,0,0,0,0,0,1.0,0,0,0,16,1,1,0,,2,39 53:57.631,2.0,0,75 09:57.680,2,0,1,1,67301,0,0,0,N,0,0,0,4,68K01,0,,1,1,,N,N,,0,,0,1,0,0.0,0,N,1604,1,2,0,0,0,0,1,3,4,0,2,3,,N,,,,,,,,,,,
2008057316,1,2,0,0,0,0,0,0,0,0,4,0,,67,3,2008,4,39.9478,-75.1712,0.0,6,0,0,0,0,0,1,0,1,,0,0,0,0,3,1,1,,0,39 56:52.033,,1,75 10:16.215,4,0,0,0,67301,0,0,0,N,0,0,0,2,67301,1,,1,1,,N,N,,0,,0,0,0,3.0,2,,0,1,2,0,0,0,0,0,3,4,0,2,3,,N,,,,,,,,,,,
2008057210,1530,1,0,0,0,0,0,0,0,0,1,0,,67,3,2008,4,40.0301,-75.1043,1521.0,6,0,0,0,0,0,1,0,0,3.0,0,0,0,14,1,2,0,,1,40 01:46.560,4.0,0,75 06:14.760,4,0,0,0,67301,0,0,0,N,0,0,0,6,67301,2,,1,9,,N,N,,2,,0,0,1,9.0,2,N,1420,2,4,0,0,0,0,1,3,4,0,4,7,,N,,,,,,,,,,,
2008057361,910,2,0,0,0,0,0,0,0,0,5,0,,67,3,2008,1,40.1065,-75.0493,900.0,6,0,0,0,0,1,0,0,0,,0,0,0,9,1,1,0,,0,40 06:23.455,,0,75 02:57.438,4,0,0,0,67301,1,0,0,N,0,0,0,2,67301,1,,2,1,,N,N,,0,,0,0,0,0.0,0,,900,1,2,0,0,1,0,0,3,4,0,2,3,,N,,,,,,,,,,,
2008052446,1804,0,0,0,0,0,0,0,0,0,0,0,,67,4,2008,5,39.9837,-75.0976,1757.0,6,0,0,0,0,0,0,0,0,1.0,0,0,0,17,1,1,0,,1,39 59:01.053,2.0,0,75 05:51.742,8,0,0,1,67301,0,0,0,N,0,0,0,1,68K01,0,,1,1,,N,N,,0,,0,0,0,0.0,0,N,1747,1,1,0,0,0,1,0,3,4,0,1,3,,N,,,,,,,,,,,
2008055036,115,1,0,0,0,0,0,0,0,0,4,0,,67,1,2008,7,40.0086,-75.0688,110.0,6,0,0,0,0,0,0,0,0,1.0,0,0,0,1,3,1,1,,2,40 00:31.250,4.0,0,75 04:07.878,4,0,0,0,67301,0,0,0,N,0,0,0,2,67301,1,,1,1,,N,N,,0,,0,0,1,3.0,2,N,105,1,2,0,0,0,0,0,3,4,0,2,3,,N,,,,,,,,,,,
2008060178,821,2,0,0,0,0,0,0,0,0,4,0,,67,3,2008,1,40.07,-75.1627,819.0,6,0,0,0,0,0,1,0,0,2.0,0,0,0,8,1,1,1,,2,40 04:12.011,7.0,0,75 09:45.873,4,0,0,0,67301,0,0,0,N,0,0,0,2,67301,1,,1,9,,N,N,,0,,0,0,0,2.0,2,Y,815,1,2,0,0,0,0,1,3,4,0,2,3,,N,,,,,,,,,,,
2008039843,1223,1,0,0,0,0,0,0,0,0,1,0,,67,3,2008,2,39.9594,-75.1738,1215.0,6,0,0,0,0,0,0,0,0,,0,0,0,12,1,0,0,,0,39 57:34.000,,0,75 10:34.805,0,0,0,0,67301,0,0,0,N,0,0,0,3,68K01,0,,1,1,,N,N,,1,,0,0,0,0.0,0,,1213,0,2,0,0,0,0,0,3,4,0,2,3,,N,,,,,,,,,,,
2008119050,1520,2,0,0,0,0,0,0,0,0,1,0,,67,9,2008,6,39.9675,-75.181,1505.0,6,0,0,0,0,0,1,0,0,,0,0,0,15,1,1,0,,0,39 58:03.000,,0,75 10:52.680,8,0,0,0,67301,0,0,0,N,0,0,0,2,67301,0,,1,9,,N,N,,0,,0,0,0,0.0,0,,1500,1,2,0,0,0,1,0,3,4,0,2,7,,N,,,,,,,,,,,
2008119055,2142,0,0,0,0,0,0,0,0,0,8,0,,67,9,2008,1,39.997,-75.1174,2138.0,6,0,0,0,0,0,1,0,0,1.0,0,0,0,21,3,1,1,,1,39 59:49.371,4.0,0,75 07:02.690,4,0,0,0,67301,1,0,0,N,1,0,0,2,67301,1,,1,1,,N,N,,1,,0,0,0,3.0,2,N,2130,1,2,0,0,0,0,0,3,4,0,1,3,,N,,,,,,,,,,,
2008119071,1114,1,0,0,0,0,0,0,0,0,1,0,,67,9,2008,5,40.1014,-75.006,1106.0,6,0,0,0,0,0,1,0,0,,0,0,0,11,1,1,2,,0,40 06:05.068,,0,75 00:21.402,4,0,0,0,67301,0,0,0,N,0,0,0,2,67301,1,,1,1,,N,N,,0,,0,0,1,3.0,2,,1105,1,2,0,0,0,0,0,3,4,0,2,3,,N,,,,,,,,,,,
2008098097,1700,2,0,0,0,0,0,0,0,0,4,0,,67,1,2008,1,39.958,-75.2273,1700.0,6,0,1,0,0,0,0,0,0,,0,0,0,17,1,0,1,,0,39 57:28.627,,0,75 13:38.423,0,0,0,0,67301,0,0,0,N,0,0,0,4,67301,0,,1,1,,N,N,,0,,0,0,0,3.0,3,,1700,0,2,0,0,0,0,0,3,4,0,2,3,,N,,,,,,,,,,,
2008098114,537,2,0,0,0,0,0,0,0,0,1,0,,67,5,2008,6,40.035,-75.049,537.0,6,0,0,1,0,0,0,0,0,3.0,0,0,0,5,1,2,0,,2,40 02:05.848,3.0,0,75 02:56.518,4,0,0,0,67301,0,0,0,,0,0,0,2,67301,2,,1,1,,N,N,,0,,0,0,0,0.0,0,Y,536,2,2,0,0,0,0,0,3,4,0,2,3,,N,,,,,,,,,,,
2008098138,1338,1,0,0,0,0,0,0,0,0,4,0,,67,6,2008,4,39.9658,-75.2247,1333.0,6,0,0,0,0,0,1,0,0,,0,0,0,13,1,1,2,,0,39 57:56.694,,0,75 13:28.974,8,0,0,0,67301,0,0,0,N,0,0,0,2,67301,0,,1,1,,N,N,,0,,0,0,0,0.0,0,,1330,1,2,0,0,0,1,0,3,4,1,2,3,,N,,,,,,,,,,,
2008101796,1948,1,0,0,0,0,0,0,0,0,7,0,,67,3,2008,5,39.9354,-75.1999,1948.0,6,0,0,0,0,0,0,0,0,1.0,0,0,0,19,3,0,0,,2,39 56:13.711,3.0,0,75 11:56.422,0,0,0,0,67301,0,0,0,N,0,0,0,1,68K01,0,,2,9,,N,N,,0,,0,0,0,0.0,0,N,1939,0,1,0,0,0,0,0,3,4,0,1,7,,N,,,,,,,,,,,
2008087376,16,2,0,0,0,0,0,0,0,0,1,0,50.0,67,7,2008,4,39.9622,-75.183,12.0,6,0,0,0,0,0,0,0,0,2.0,0,0,0,0,3,0,0,,1,39 57:42.812,3.0,0,75 10:58.246,9,0,0,0,67301,0,0,0,N,0,0,0,2,68K01,0,,1,1,,N,N,,0,,0,0,0,0.0,0,N,7,0,2,0,0,0,0,1,3,4,0,2,3,,Y,2.0,2.0,Y,N,N,Y,Y,N,N,N,
2008079671,1700,1,0,0,0,0,0,0,0,0,4,0,,67,5,2008,5,39.9971,-75.2047,1645.0,6,0,0,0,0,0,0,1,0,,0,0,0,16,1,2,1,,0,39 59:49.588,,0,75 12:17.053,8,0,0,0,67301,0,0,0,N,0,0,0,4,67301,0,,1,1,,N,N,,0,,0,0,0,3.0,3,,1640,2,2,0,0,3,2,0,3,4,1,2,3,,N,,,,,,,,,,,
2008089950,330,1,0,0,0,0,0,0,0,0,7,0,,67,6,2008,5,39.9374,-75.2339,330.0,6,0,0,0,0,0,0,0,0,,1,0,0,3,3,2,0,,0,39 56:14.980,,0,75 14:01.805,1,0,0,0,67301,0,0,0,N,0,0,0,3,67301,2,2.0,4,9,,N,N,,0,0.0,0,0,0,0.0,0,,325,2,1,0,0,0,0,0,3,4,0,1,7,,N,,,,,,,,,,,
2008072769,250,2,0,0,0,0,0,0,0,0,4,0,,67,4,2008,7,40.0085,-75.2107,243.0,6,0,0,0,0,0,0,0,1,,0,0,0,2,3,0,1,,0,40 00:30.736,,0,75 12:38.579,0,0,0,0,67301,0,0,0,,0,0,0,2,67301,0,,1,9,,,,,0,,0,0,0,3.0,2,,235,0,2,0,0,0,0,0,3,4,0,2,7,,N,,,,,,,,,,,
2008072771,1305,1,0,0,0,0,0,0,0,0,8,0,,67,4,2008,6,39.9544,-75.1631,1305.0,6,0,0,0,0,0,1,0,0,,0,0,0,99,1,1,1,,0,39 57:15.870,,0,75 09:47.496,8,0,0,0,67301,1,0,0,N,1,0,0,2,67301,0,,1,1,,N,N,,0,,0,0,0,3.0,2,,9999,1,2,0,0,1,1,0,3,4,0,1,3,,N,,,,,,,,,,,
2008079366,1635,1,0,0,0,0,0,0,0,0,7,0,,67,5,2008,4,40.0412,-75.1584,1629.0,6,0,0,0,1,0,0,0,0,,0,0,0,16,1,1,0,,0,40 02:28.366,,0,75 09:30.240,3,0,0,0,67301,0,0,0,,0,0,0,1,67301,0,,5,1,,N,N,,0,,1,0,0,0.0,0,,1615,1,1,0,0,0,0,0,3,4,0,1,3,,N,,,,,,,,,,,
2008079369,1447,2,0,0,0,0,0,0,0,0,4,0,,67,5,2008,3,40.0386,-75.1837,1444.0,6,0,0,0,0,0,1,0,0,,0,0,0,14,1,4,1,,0,40 02:18.924,,0,75 11:01.193,8,0,0,0,67301,0,0,0,N,0,0,0,4,67301,0,,1,1,,N,N,,0,,0,0,0,3.0,2,,1441,4,2,0,0,2,4,0,3,4,0,2,3,,N,,,,,,,,,,,
2008070536,421,2,0,0,0,0,0,0,0,0,1,0,,67,5,2008,1,39.8917,-75.2253,407.0,6,0,0,0,0,0,1,0,0,1.0,0,0,0,4,3,0,0,,1,39 53:29.400,2.0,0,75 13:36.120,0,0,0,0,67301,0,0,0,N,0,0,0,4,68K01,0,,1,1,,N,N,,0,,0,0,0,0.0,0,N,405,0,2,0,0,0,0,0,3,4,0,2,3,,N,,,,,,,,,,,
2008082593,1817,1,0,0,0,0,0,0,0,0,8,0,,67,5,2008,1,39.9262,-75.1548,1813.0,6,0,0,0,0,0,0,0,0,,0,0,0,18,1,1,0,,0,39 55:34.266,,0,75 09:17.348,4,0,0,0,67301,1,0,0,,1,0,0,3,67301,1,,1,1,,N,N,,0,,0,0,0,0.0,0,,1810,1,2,0,0,0,0,0,3,4,0,1,3,,N,,,,,,,,,,,
2008082604,815,1,0,0,0,0,0,0,0,0,4,0,,67,5,2008,5,39.9714,-75.241,814.0,6,0,0,0,0,0,0,0,0,,0,0,0,8,1,3,1,,0,39 58:16.953,,0,75 14:27.625,8,0,0,0,67301,0,0,0,N,0,0,0,5,67301,0,,1,9,,N,N,,0,,0,0,1,3.0,3,,814,3,2,0,0,0,3,0,3,4,0,2,7,,N,,,,,,,,,,,
2008072539,1059,1,0,0,0,0,0,0,0,0,1,0,,67,4,2008,3,39.9897,-75.2508,1048.0,6,1,0,0,1,0,0,0,0,,0,0,0,8,1,1,1,,0,39 59:23.097,,0,75 15:02.818,4,0,0,0,67301,0,0,0,N,0,0,0,2,67301,1,,1,1,,N,Y,,0,,0,0,1,3.0,2,,845,1,2,0,0,0,0,0,3,4,0,2,3,,N,,,,,,,,,,,
2008072111,250,2,0,0,0,0,0,0,0,0,5,0,,67,5,2008,1,39.9183,-75.2089,250.0,6,0,0,0,0,0,0,0,0,1.0,0,0,0,2,3,0,0,,2,39 55:07.020,4.0,3,75 12:28.470,0,0,0,0,67301,0,0,0,,0,0,0,6,67301,0,,1,9,,,,,0,,0,0,1,0.0,0,N,250,0,3,0,0,6,0,0,3,4,0,3,3,,N,,,,,,,,,,,
2008069667,750,2,0,0,0,0,0,0,0,0,4,0,,67,4,2008,7,40.113,-75.0231,746.0,6,0,0,0,0,0,1,1,0,1.0,0,0,0,7,1,2,1,,1,40 06:46.921,2.0,0,75 01:23.080,4,0,0,0,67301,0,0,0,N,0,0,0,3,67301,2,,1,1,,N,N,,0,,0,0,0,3.0,2,N,740,2,2,0,0,0,0,0,3,4,0,2,3,,N,,,,,,,,,,,
2008069672,1940,0,0,0,0,0,0,0,0,0,8,0,,67,4,2008,7,40.0134,-75.1355,1939.0,6,0,0,0,0,0,0,0,0,,0,0,0,99,1,1,2,,0,40 00:48.373,,0,75 08:07.904,3,0,0,0,67301,1,0,0,N,1,0,0,2,67301,0,,1,1,,N,N,,0,,1,0,1,1.0,2,,9999,1,2,0,0,0,0,0,3,4,0,1,3,,N,,,,,,,,,,,