CRN,ARRIVAL_TM,AUTOMOBILE_COUNT,BELTED_DEATH_COUNT,BELTED_SUSP_SERIOUS_INJ_COUNT,BICYCLE_COUNT,BICYCLE_DEATH_COUNT,BICYCLE_SUSP_SERIOUS_INJ_COUNT,BUS_COUNT,CHLDPAS_DEATH_COUNT,CHLDPAS_SUSP_SERIOUS_INJ_COUNT,COLLISION_TYPE,COMM_VEH_COUNT,CONS_ZONE_SPD_LIM,COUNTY,CRASH_MONTH,CRASH_YEAR,DAY_OF_WEEK,DEC_LAT,DEC_LONG,DISPATCH_TM,DISTRICT,DRIVER_COUNT_16YR,DRIVER_COUNT_17YR,DRIVER_COUNT_18YR,DRIVER_COUNT_19YR,DRIVER_COUNT_20YR,DRIVER_COUNT_50_64YR,DRIVER_COUNT_65_74YR,DRIVER_COUNT_75PLUS,EST_HRS_CLOSED,FATAL_COUNT,HEAVY_TRUCK_COUNT,HORSE_BUGGY_COUNT,HOUR_OF_DAY,ILLUMINATION,INJURY_COUNT,INTERSECT_TYPE,INTERSECTION_RELATED,LANE_CLOSED,LATITUDE,LN_CLOSE_DIR,LOCATION_TYPE,LONGITUDE,MAX_SEVERITY_LEVEL,MCYCLE_DEATH_COUNT,MCYCLE_SUSP_SERIOUS_INJ_COUNT,MOTORCYCLE_COUNT,MUNICIPALITY,NONMOTR_COUNT,NONMOTR_DEATH_COUNT,NONMOTR_SUSP_SERIOUS_INJ_COUNT,NTFY_HIWY_MAINT,PED_COUNT,PED_DEATH_COUNT,PED_SUSP_SERIOUS_INJ_COUNT,PERSON_COUNT,POLICE_AGCY,POSSIBLE_INJ_COUNT,RDWY_SURF_TYPE_CD,RELATION_TO_ROAD,ROAD_CONDITION,ROADWAY_CLEARED,SCH_BUS_IND,SCH_ZONE_IND,SECONDARY_CRASH,SMALL_TRUCK_COUNT,SPEC_JURIS_CD,SUSP_MINOR_INJ_COUNT,SUSP_SERIOUS_INJ_COUNT,SUV_COUNT,TCD_FUNC_CD,TCD_TYPE,TFC_DETOUR_IND,TIME_OF_DAY,TOT_INJ_COUNT,TOTAL_UNITS,UNB_DEATH_COUNT,UNB_SUSP_SERIOUS_INJ_COUNT,UNBELTED_OCC_COUNT,UNK_INJ_DEG_COUNT,UNK_INJ_PER_COUNT,URBAN_AREA,URBAN_RURAL,VAN_COUNT,VEHICLE_COUNT,WEATHER1,WEATHER2,WORK_ZONE_IND,WORK_ZONE_LOC,WORK_ZONE_TYPE,WORKERS_PRES,WZ_CLOSE_DETOUR,WZ_FLAGGER,WZ_LAW_OFFCR_IND,WZ_LN_CLOSURE,WZ_MOVING,WZ_OTHER,WZ_SHLDER_MDN,WZ_WORKERS_INJ_KILLED
2008069676,1401,1,0,0,0,0,0,1,0,0,4,1,,67,4,2008,5,39.9526,-75.1654,1400.0,6,0,0,0,0,0,0,0,0,,0,0,0,13,1,1,0,,0,39 57:09.392,,0,75 09:55.561,4,0,0,0,67301,0,0,0,,0,0,0,3,67301,1,,1,1,,N,N,,0,,0,0,0,0.0,0,,1350,1,2,0,0,0,0,0,3,4,0,2,3,,N,,,,,,,,,,,
2008119777,1703,1,0,0,0,0,0,0,0,0,8,0,,67,9,2008,2,39.9941,-75.1313,1659.0,6,0,0,0,0,1,0,0,0,,0,0,0,16,1,1,1,,0,39 59:38.828,,0,75 07:52.550,8,0,0,0,67301,1,0,0,N,1,0,0,3,67301,0,,1,1,,N,Y,,0,,0,0,0,9.0,3,,1650,1,2,0,0,2,1,0,3,4,0,1,3,,N,,,,,,,,,,,
2008060628,905,2,0,0,0,0,0,0,0,0,1,0,,67,3,2008,3,40.0114,-75.2064,848.0,6,0,0,0,0,0,1,0,0,,0,0,0,8,1,0,0,,0,40 00:39.168,,0,75 12:25.658,9,0,0,0,67301,0,0,0,N,0,0,0,3,67301,0,,1,1,,N,N,,0,,0,0,0,0.0,0,,843,0,3,0,0,0,0,1,3,4,0,3,3,,N,,,,,,,,,,,
2008058192,1137,0,0,0,0,0,0,0,0,0,8,0,,67,4,2008,2,40.019,-75.1472,1132.0,6,0,0,0,0,0,0,0,0,,0,0,0,11,1,1,2,,0,40 01:08.421,,0,75 08:50.015,4,0,0,0,67301,1,0,0,N,1,0,0,2,67301,1,,1,1,,N,N,,0,,0,0,0,0.0,0,,1122,1,2,0,0,0,0,1,3,4,1,1,3,,N,,,,,,,,,,,
2008058235,2235,3,0,0,0,0,0,0,0,0,4,0,,67,3,2008,3,40.0337,-75.0467,2231.0,6,0,0,0,0,1,0,0,0,,0,0,0,22,3,1,1,,0,40 02:01.461,,0,75 02:48.262,8,0,0,0,67301,0,0,0,N,0,0,0,4,67301,0,,1,1,,N,N,,0,,0,0,0,3.0,2,,2231,1,3,0,0,0,1,1,3,4,0,3,3,,N,,,,,,,,,,,
2008057856,1133,0,0,0,0,0,0,0,0,0,4,1,,67,3,2008,4,40.001,-75.1001,1130.0,6,0,0,0,0,0,0,0,0,2.0,0,1,0,9,1,1,2,,2,40 00:03.454,2.0,0,75 06:00.195,4,0,0,0,67301,0,0,0,,0,0,0,2,67301,1,,1,9,,,,,1,,0,0,0,3.0,2,N,930,1,2,0,0,0,0,0,3,4,0,2,7,,N,,,,,,,,,,,
2008058068,1006,3,0,0,0,0,0,0,0,0,1,0,,67,4,2008,1,40.1002,-75.0217,955.0,6,0,0,0,0,0,0,1,0,1.0,0,0,0,9,1,0,1,,1,40 06:00.676,4.0,0,75 01:18.249,9,0,0,0,67301,0,0,0,N,0,0,0,3,67301,0,,1,9,,N,N,,0,,0,0,0,3.0,2,N,950,0,3,0,0,0,0,1,3,4,0,3,7,,N,,,,,,,,,,,
2008060256,1500,1,0,0,0,0,0,0,0,0,7,0,,67,4,2008,3,39.9138,-75.1481,1325.0,6,0,0,0,0,0,0,0,0,,0,0,0,13,1,1,0,,0,39 54:49.680,,0,75 08:53.160,4,0,0,0,67301,0,0,0,N,0,0,0,1,67301,1,,2,9,,N,N,,0,,0,0,0,0.0,0,,1323,1,1,0,0,1,0,0,3,4,0,1,7,,N,,,,,,,,,,,
2008047382,2345,1,0,0,0,0,0,0,0,0,5,1,,67,1,2008,5,39.9233,-75.1476,2341.0,6,0,0,0,0,0,0,1,0,3.0,0,1,0,23,3,1,0,,2,39 55:08.600,2.0,0,75 08:53.038,8,0,0,0,67301,0,0,0,Y,0,0,0,2,67301,0,,1,1,,N,N,,0,,0,0,0,0.0,0,N,2339,1,2,0,0,0,1,0,3,4,0,2,3,,N,,,,,,,,,,,
2008040118,1838,1,0,0,0,0,0,0,0,0,1,0,,67,2,2008,2,40.0067,-75.1194,1830.0,6,0,0,0,0,0,1,0,0,,0,0,0,18,3,2,0,,0,40 00:24.000,,0,75 07:09.854,3,0,0,0,67301,0,0,0,N,0,0,0,2,67301,1,,1,1,,N,N,,1,,1,0,0,0.0,0,,1825,2,2,0,0,1,0,0,3,4,0,2,3,,N,,,,,,,,,,,
2008040133,1615,2,0,0,0,0,0,0,0,0,5,0,,67,2,2008,5,40.0204,-75.1401,1609.0,6,0,1,0,0,0,0,0,0,,0,0,0,16,1,1,2,,0,40 01:13.458,,0,75 08:24.453,4,0,0,0,67301,0,0,0,N,0,0,0,3,67301,1,,1,1,,N,N,,0,,0,0,0,3.0,3,,1600,1,2,0,0,0,0,0,3,4,0,2,3,,N,,,,,,,,,,,
2008030235,537,1,0,0,0,0,0,0,0,0,7,0,,67,2,2008,7,39.9385,-75.1976,513.0,6,0,0,0,1,0,0,0,0,2.0,0,0,0,5,3,0,0,,2,39 56:23.875,4.0,0,75 11:45.596,0,0,0,0,67301,0,0,0,N,0,0,0,2,68K01,0,,2,1,,N,N,,0,,0,0,0,0.0,0,Y,513,0,1,0,0,0,0,0,3,4,0,1,3,,N,,,,,,,,,,,
2008064328,2349,2,0,0,0,0,0,0,0,0,1,0,,67,5,2008,6,39.9678,-75.1305,2347.0,6,0,0,0,0,0,0,0,0,1.0,0,0,0,23,3,0,0,,1,39 58:05.732,1.0,0,75 07:45.776,0,0,0,0,67301,0,0,0,N,0,0,0,3,68K01,0,,1,1,,N,N,,0,,0,0,0,0.0,0,N,2343,0,2,0,0,0,0,0,3,4,0,2,3,,N,,,,,,,,,,,
2008062187,730,2,0,0,0,0,0,0,0,0,1,0,,67,3,2008,2,39.9986,-75.1292,720.0,6,0,0,0,0,0,0,0,0,,0,0,0,7,1,1,1,,0,39 59:54.840,,0,75 07:45.186,4,0,0,0,67301,0,0,0,N,0,0,0,3,67301,1,,1,1,,N,N,,0,,0,0,0,3.0,2,,715,1,2,0,0,1,0,0,3,4,0,2,3,,N,,,,,,,,,,,
2008059643,2337,0,0,0,0,0,0,0,0,0,4,0,,67,3,2008,4,39.9524,-75.1468,2334.0,6,0,0,0,0,0,0,0,0,2.0,0,0,0,23,3,3,1,,2,39 57:08.533,2.0,0,75 08:48.480,4,0,0,0,67301,0,0,0,N,0,0,0,4,67301,1,,1,9,,N,N,,0,,0,0,1,3.0,2,Y,2325,3,2,0,0,0,2,0,3,4,1,2,7,,N,,,,,,,,,,,
2008057071,2140,1,0,0,0,0,0,0,0,0,2,0,,67,3,2008,4,40.0795,-75.0422,2134.0,6,0,0,0,0,0,1,0,0,,0,0,0,99,3,3,1,,0,40 04:46.369,,0,75 02:31.813,3,0,0,0,67301,0,0,0,N,0,0,0,4,67301,1,,1,9,,N,N,,0,,1,0,1,3.0,2,,9999,3,2,0,0,0,1,0,3,4,0,2,7,,N,,,,,,,,,,,
2008057108,1000,1,0,0,0,0,0,0,0,0,8,0,,67,4,2008,4,39.951,-75.1654,901.0,6,0,0,0,0,0,0,0,0,,0,0,0,8,1,1,2,,0,39 57:03.770,,0,75 09:55.537,8,0,0,0,67301,1,0,0,N,1,0,0,2,67301,0,,1,1,,N,N,,0,,0,0,0,0.0,0,,859,1,2,0,0,0,1,1,3,4,0,1,3,,N,,,,,,,,,,,
2008057131,1613,2,0,0,0,0,0,0,0,0,2,0,,67,3,2008,3,40.1169,-75.037,1605.0,6,0,0,0,0,0,0,0,0,,0,0,0,16,1,1,0,,0,40 07:00.897,,0,75 02:13.048,8,0,0,0,67301,0,0,0,N,0,0,0,3,67301,0,,1,1,,N,N,,0,,0,0,0,0.0,0,,1605,1,2,0,0,0,1,0,3,4,0,2,3,,N,,,,,,,,,,,
2008057321,1403,1,0,0,0,0,0,0,0,0,7,0,,67,3,2008,2,40.0228,-75.0339,1353.0,6,0,0,0,0,0,0,1,0,3.0,0,0,0,13,1,1,0,,2,40 01:22.209,1.0,0,75 02:02.198,3,0,0,0,67301,0,0,0,N,0,0,0,1,67301,0,,4,9,,N,N,,0,,1,0,0,0.0,0,N,1336,1,1,0,0,0,0,0,3,4,0,1,7,,N,,,,,,,,,,,
2008057345,1306,2,0,0,0,0,0,0,0,0,4,0,,67,3,2008,4,39.9213,-75.2316,1302.0,6,0,0,0,0,0,0,0,0,,0,0,0,13,1,2,1,,0,39 55:16.784,,0,75 13:53.649,4,0,0,0,67301,0,0,0,,0,0,0,3,67301,2,,1,9,,,,,0,,0,0,0,3.0,2,,1302,2,2,0,0,0,0,0,3,4,0,2,7,,N,,,,,,,,,,,
2008057346,825,2,0,0,0,0,0,0,0,0,2,0,,67,3,2008,5,40.0445,-75.1194,825.0,6,0,0,0,0,0,0,0,0,,0,0,0,7,1,1,1,,0,40 02:40.087,,0,75 07:09.991,4,0,0,0,67301,0,0,0,N,0,0,0,2,67301,1,,1,1,,N,N,,0,,0,0,0,3.0,2,,745,1,2,0,0,1,0,0,3,4,0,2,3,,N,,,,,,,,,,,
2008062282,228,1,0,0,0,0,0,0,0,0,7,0,,67,5,2008,6,39.9686,-75.1912,226.0,6,0,0,0,0,0,0,0,0,1.0,0,0,0,2,3,0,0,,1,39 58:10.849,4.0,0,75 11:32.411,0,0,0,0,67301,0,0,0,N,0,0,0,1,68K01,0,,2,9,,N,N,,0,,0,0,0,0.0,0,N,224,0,1,0,0,0,0,0,3,4,0,1,7,,N,,,,,,,,,,,
2008062285,1347,1,0,0,0,0,0,0,0,0,7,0,,67,5,2008,6,40.0127,-75.2041,1333.0,6,0,0,0,0,0,0,0,0,,0,0,0,13,1,0,0,,0,40 00:46.277,,2,75 12:14.890,0,0,0,0,67301,0,0,0,N,0,0,0,1,68K01,0,,2,9,,N,N,,0,,0,0,0,0.0,0,,1330,0,1,0,0,0,0,0,3,4,0,1,7,,N,,,,,,,,,,,
2008057363,925,1,0,0,0,0,0,0,0,0,8,0,,67,3,2008,3,40.1099,-75.0251,925.0,6,0,0,0,0,0,0,0,0,,0,0,0,9,1,1,2,,0,40 06:35.673,,0,75 01:30.401,4,0,0,0,67301,1,0,0,N,1,0,0,2,67301,1,,1,1,,N,N,,0,,0,0,0,3.0,2,,925,1,2,0,0,0,0,0,3,4,0,1,3,,N,,,,,,,,,,,
2008057654,1630,2,0,0,0,0,0,0,0,0,1,0,,67,3,2008,1,39.9727,-75.169,1628.0,6,0,0,0,0,0,0,0,0,,0,0,0,14,1,4,1,,0,39 58:21.692,,0,75 10:08.332,8,0,0,0,67301,0,0,0,N,0,0,0,8,67301,0,,1,1,,N,N,,0,,0,0,0,3.0,2,,1420,4,2,0,0,1,4,1,3,4,0,2,3,,N,,,,,,,,,,,
2008057656,1643,2,0,0,0,0,0,0,0,0,4,0,,67,3,2008,4,40.0292,-75.1358,1635.0,6,0,0,0,0,0,0,0,0,,0,0,0,16,1,9,1,,0,40 01:45.231,,0,75 08:09.016,4,0,0,0,67301,0,0,0,N,0,0,0,10,67301,9,,1,1,,N,N,,0,,0,0,0,0.0,0,,1622,9,2,0,0,0,0,0,3,4,0,2,3,,N,,,,,,,,,,,
2008042241,1600,2,0,0,0,0,0,0,0,0,4,0,,67,2,2008,6,40.0613,-75.0518,1538.0,6,0,0,0,0,0,2,0,0,,0,0,0,15,1,4,1,,0,40 03:40.000,,0,75 03:06.510,4,0,0,0,67301,0,0,0,N,0,0,0,4,67301,4,,1,1,,N,N,,0,,0,0,0,3.0,2,,1522,4,2,0,0,0,0,0,3,4,0,2,3,,N,,,,,,,,,,,
2008040040,723,2,0,0,0,0,0,0,0,0,5,0,,67,2,2008,5,39.9383,-75.1986,720.0,6,0,0,0,0,0,1,0,0,,0,0,0,7,1,1,1,,0,39 56:20.000,,0,75 11:53.844,4,0,0,0,67301,0,0,0,,0,0,0,2,67301,1,,1,2,,,,,0,,0,0,0,3.0,2,,715,1,2,0,0,0,0,0,3,4,0,2,3,,N,,,,,,,,,,,
2008040061,1539,1,0,0,0,0,0,0,0,0,4,0,,67,1,2008,3,40.057,-75.0343,1529.0,6,0,0,0,0,0,1,0,0,,0,0,0,15,1,1,1,,0,40 03:25.000,,0,75 02:04.151,4,0,0,0,67301,0,0,0,N,0,0,0,2,67301,1,,1,9,,N,N,,1,,0,0,0,3.0,2,,1514,1,2,0,0,0,0,0,3,4,0,2,10,,N,,,,,,,,,,,
2008057764,1837,0,0,0,0,0,0,0,0,0,4,0,,67,3,2008,2,39.9867,-75.2084,1830.0,6,0,0,0,0,0,0,0,0,,0,0,0,18,1,0,1,,0,39 59:11.611,,2,75 12:32.327,9,0,0,0,67301,0,0,0,N,0,0,0,2,67301,0,,1,1,,N,N,,0,,0,0,1,0.0,0,,1825,0,2,0,0,0,0,1,3,4,0,2,3,,N,,,,,,,,,,,
2008044677,1023,2,0,0,0,0,0,0,0,0,6,0,,67,1,2008,6,40.0184,-75.0637,9999.0,6,0,0,0,0,0,1,0,0,,0,0,0,99,1,2,0,,0,40 01:05.880,,0,75 03:49.680,4,0,0,0,67301,0,0,0,N,0,0,0,4,67301,2,,1,9,,N,N,,0,,0,0,0,0.0,0,,9999,2,2,0,0,1,0,0,3,4,0,2,3,,N,,,,,,,,,,,
2008044707,1215,1,0,0,0,0,0,0,0,0,8,0,,67,1,2008,5,40.0364,-75.1305,1209.0,6,0,0,0,0,0,0,0,0,,0,0,0,12,1,1,1,,0,40 02:11.152,,0,75 07:49.835,4,0,0,0,67301,1,0,0,N,1,0,0,2,67301,1,,1,1,,N,N,,0,,0,0,0,3.0,2,,1200,1,2,0,0,1,0,1,3,4,0,1,3,,N,,,,,,,,,,,
2008119044,2123,4,0,0,0,0,0,0,0,0,6,0,,67,9,2008,2,,,2121.0,6,0,0,0,0,0,1,0,0,,0,0,0,21,3,1,0,,0,,,0,,8,0,0,0,67301,0,0,0,N,0,0,0,2,67301,0,,1,1,,N,N,,0,,0,0,0,3.0,2,,2121,1,4,0,0,0,1,0,3,3,0,4,3,,N,,,,,,,,,,,
2008133703,458,4,0,0,0,0,0,0,0,0,4,0,,67,11,2008,1,40.0317,-75.1303,458.0,6,0,0,0,0,0,0,0,0,,0,0,0,4,3,0,0,,0,40 01:54.163,,0,75 07:49.130,0,0,0,0,67301,0,0,0,N,0,0,0,1,67301,0,,1,1,,N,N,,0,,0,0,0,0.0,0,,457,0,4,0,0,0,0,0,3,4,0,4,3,,N,,,,,,,,,,,
2008126998,1813,0,0,0,0,0,0,0,0,0,4,0,,67,11,2008,5,39.9981,-75.2332,1811.0,6,0,0,0,0,0,0,0,0,,0,0,0,18,3,0,1,,0,39 59:56.253,,0,75 13:52.949,0,0,0,0,67301,0,0,0,N,0,0,0,2,46104,0,,1,1,,N,N,,0,,0,0,1,3.0,3,,1811,0,2,0,0,0,0,0,3,4,1,2,3,,N,,,,,,,,,,,
2008119147,2240,1,0,0,0,0,0,0,0,0,4,0,,67,9,2008,5,39.9413,-75.2094,2230.0,6,0,0,0,0,0,2,0,0,,0,0,0,22,3,2,1,,0,39 56:28.320,,0,75 12:33.840,8,0,0,0,67301,0,0,0,N,0,0,0,3,67301,0,,1,1,,N,N,,0,,0,0,1,3.0,2,,2225,2,2,0,0,0,2,1,3,4,0,2,3,,N,,,,,,,,,,,
2008119153,525,1,0,0,0,0,0,0,0,0,2,0,,67,9,2008,5,40.0368,-75.0407,515.0,6,0,0,0,0,0,1,0,0,3.0,0,0,0,5,3,3,1,,1,40 02:12.142,1.0,0,75 02:27.053,3,0,0,0,67301,0,0,0,N,0,0,0,11,67301,0,,1,1,,N,N,,0,,3,0,0,2.0,2,N,510,3,2,0,0,1,0,0,3,4,1,2,3,,N,,,,,,,,,,,
2008098141,955,1,0,0,0,0,0,0,0,0,4,0,,67,6,2008,3,39.9744,-75.2399,955.0,6,0,0,0,0,0,1,0,0,,0,0,0,9,1,1,1,,0,39 58:27.825,,0,75 14:23.801,4,0,0,0,67301,0,0,0,N,0,0,0,2,67301,1,,1,1,,N,N,,0,,0,0,1,3.0,3,,950,1,2,0,0,0,0,0,3,4,0,2,3,,N,,,,,,,,,,,
2008098149,1511,2,0,0,0,0,0,0,0,0,4,0,,67,7,2008,6,39.9698,-75.2391,1455.0,6,0,0,0,0,0,0,0,0,,0,0,0,14,1,2,5,,0,39 58:11.352,,0,75 14:20.688,8,0,0,0,67301,0,0,0,N,0,0,0,2,67301,0,,1,1,,N,N,,0,,0,0,0,3.0,2,,1450,2,2,0,0,0,2,0,3,4,0,2,3,,N,,,,,,,,,,,
2008070678,1707,2,0,0,0,0,0,0,0,0,4,0,,67,4,2008,7,39.9423,-75.2338,1633.0,6,0,0,0,0,1,0,0,0,,0,0,0,16,1,5,1,,0,39 56:32.327,,0,75 14:01.815,3,0,0,0,67301,0,0,0,,0,0,0,7,67301,0,,2,1,,N,N,,0,,5,0,0,3.0,2,,1630,5,2,0,0,0,0,0,3,4,0,2,3,,N,,,,,,,,,,,
2008070682,1826,1,0,0,0,0,0,0,0,0,4,0,,67,4,2008,4,39.9608,-75.2286,1823.0,6,0,0,0,0,0,0,0,0,,0,0,0,18,1,1,0,,0,39 57:39.027,,0,75 13:42.823,8,0,0,1,67301,0,0,0,N,0,0,0,4,67301,0,,1,1,,N,N,,0,,0,0,0,0.0,0,,1820,1,2,0,0,0,1,0,3,4,0,2,3,,N,,,,,,,,,,,
2008072764,2135,1,0,0,0,0,0,0,0,0,4,0,,67,4,2008,6,39.9917,-75.0989,2130.0,6,0,0,0,0,0,0,0,0,,0,0,0,21,3,1,2,,0,39 59:30.235,,0,75 05:55.874,4,0,0,0,67301,0,0,0,N,0,0,0,3,67301,1,,1,1,,N,N,,0,,0,0,1,3.0,3,,2100,1,2,0,0,0,0,0,3,4,0,2,3,,N,,,,,,,,,,,
2008072779,2250,3,0,0,0,0,0,0,0,0,4,0,,67,4,2008,3,39.9474,-75.2145,2245.0,6,0,0,0,0,0,0,0,0,,0,0,0,22,3,1,1,,0,39 56:50.758,,0,75 12:52.343,4,0,0,0,67301,0,0,0,N,0,0,0,3,67301,1,,1,1,,N,N,,0,,0,0,0,3.0,3,,2245,1,3,0,0,0,0,0,3,4,0,3,3,,N,,,,,,,,,,,
2008070541,726,1,0,0,0,0,0,0,0,0,7,0,,67,6,2008,4,39.8856,-75.2108,723.0,6,0,0,0,0,0,0,0,0,,0,0,0,7,1,0,0,,0,39 53:16.203,,3,75 12:13.313,0,0,0,0,67301,0,0,0,N,0,0,0,1,68K01,0,,2,9,,N,N,,0,,0,0,0,3.0,8,,706,0,1,0,0,0,0,0,3,4,0,1,7,,N,,,,,,,,,,,
2008082621,1633,2,0,0,0,0,0,0,0,0,4,0,,67,5,2008,3,39.9487,-75.2375,1629.0,6,0,0,0,0,0,1,0,0,,0,0,0,16,1,1,1,,0,39 56:55.287,,0,75 14:15.021,4,0,0,0,67301,0,0,0,N,0,0,0,3,67301,1,,1,9,,N,N,,0,,0,0,0,3.0,2,,1625,1,2,0,0,0,0,0,3,4,0,2,7,,N,,,,,,,,,,,
2008055265,1533,1,0,0,0,0,0,0,0,0,1,0,,67,4,2008,1,39.9696,-75.1267,1528.0,6,0,0,0,0,0,1,0,0,1.0,0,0,0,15,1,0,0,,1,39 58:06.249,2.0,0,75 07:46.150,0,0,0,0,67301,0,0,0,N,0,0,0,5,68K01,0,,1,1,,N,N,,0,,0,0,1,0.0,0,N,1526,0,2,0,0,0,0,0,3,4,0,2,3,,N,,,,,,,,,,,
2008058223,800,2,0,0,0,0,0,0,0,0,1,0,,67,4,2008,3,40.0264,-75.0975,751.0,6,0,0,0,0,0,0,0,0,1.0,0,0,0,7,1,2,0,,1,40 01:35.138,3.0,0,75 05:50.957,3,0,0,0,67301,0,0,0,N,0,0,0,5,67301,1,,1,9,,N,N,,0,,1,0,0,0.0,0,N,750,2,2,0,0,0,0,0,3,4,0,2,7,,N,,,,,,,,,,,
2008046773,700,0,0,0,0,0,0,0,0,0,1,1,,67,3,2008,5,39.9957,-75.083,649.0,6,0,0,0,0,0,0,0,0,1.0,0,1,0,6,1,0,0,,1,39 59:45.033,1.0,0,75 04:58.411,0,0,0,0,67301,0,0,0,N,0,0,0,2,68K01,0,,1,1,,N,N,,0,,0,0,0,0.0,0,N,649,0,2,0,0,0,0,0,3,4,1,2,3,,N,,,,,,,,,,,
2008044416,2112,3,0,0,0,0,0,0,0,0,1,0,,67,1,2008,4,40.0836,-75.2223,2112.0,6,0,0,0,0,0,0,0,1,1.0,0,0,0,21,3,1,2,,1,40 05:00.920,2.0,0,75 13:20.330,4,0,0,0,67301,0,0,0,N,0,0,0,4,67301,1,,1,1,,N,N,,0,,0,0,0,3.0,2,N,2107,1,3,0,0,0,0,0,3,4,0,3,3,,N,,,,,,,,,,,
2008044468,848,2,0,0,0,0,0,0,0,0,4,0,,67,1,2008,4,39.9247,-75.182,837.0,6,0,0,0,0,0,0,1,0,,0,0,0,8,1,1,1,,0,39 55:28.952,,0,75 10:55.160,8,0,0,0,67301,0,0,0,,0,0,0,2,67301,0,,1,1,,,,,0,,0,0,0,3.0,3,,835,1,2,0,0,0,1,0,3,4,0,2,3,,N,,,,,,,,,,,
2008027201,208,1,0,0,0,0,0,0,0,0,7,0,,67,1,2008,3,39.9605,-75.1813,208.0,6,0,0,0,0,0,0,0,0,1.0,0,0,0,2,3,0,7,,2,39 57:41.000,4.0,2,75 10:56.993,0,0,0,0,67301,0,0,0,N,0,0,0,2,67301,0,,2,1,,N,N,,0,,0,0,0,0.0,0,N,208,0,1,0,0,0,0,0,3,4,0,1,3,,N,,,,,,,,,,,
2008027234,1338,2,0,0,0,0,0,0,0,0,1,0,,67,1,2008,7,40.0368,-75.0692,1334.0,6,0,0,0,0,0,0,0,0,,0,0,0,13,1,1,1,,0,40 02:12.000,,0,75 04:09.246,4,0,0,0,67301,0,0,0,,0,0,0,2,67301,1,,1,1,,,,,0,,0,0,0,0.0,0,,1334,1,2,0,0,0,0,0,3,4,0,2,3,,N,,,,,,,,,,,
2008029256,841,1,0,0,0,0,0,0,0,0,1,0,,67,2,2008,3,40.0812,-75.2033,837.0,6,0,0,0,0,0,0,1,0,2.0,0,0,0,8,1,1,0,,1,40 04:52.000,1.0,0,75 12:11.674,8,0,0,0,67301,0,0,0,N,0,0,0,3,46108,0,,1,1,,N,N,,1,,0,0,1,0.0,0,N,837,1,3,0,0,0,1,0,3,4,0,3,3,,N,,,,,,,,,,,
2008060273,1249,1,0,0,0,0,0,0,0,0,1,0,,67,4,2008,6,40.0056,-75.1033,1245.0,6,0,0,0,0,0,0,0,0,,0,0,0,12,1,0,1,,0,40 00:20.132,,0,75 06:11.813,0,0,0,0,67301,0,0,0,,0,0,0,2,67301,0,,1,1,,,,,0,,0,0,1,0.0,0,,1230,0,2,0,0,0,0,0,3,4,0,2,3,,N,,,,,,,,,,,
2008049884,1240,3,0,0,0,0,0,0,0,0,4,0,,67,2,2008,7,40.069,-75.1531,1239.0,6,0,0,0,0,0,0,1,0,,0,0,0,12,1,1,1,,0,40 04:08.320,,0,75 09:10.987,8,0,0,0,67301,0,0,0,N,0,0,0,2,67301,0,,1,1,,N,N,,0,,0,0,0,3.0,3,,1238,1,3,0,0,0,1,0,3,4,0,3,3,,N,,,,,,,,,,,
2008066841,1417,1,0,0,0,0,0,0,0,0,1,0,,67,5,2008,6,39.9845,-75.2604,1415.0,6,0,0,0,0,0,0,0,0,1.0,0,0,0,14,1,0,0,,1,39 59:04.148,2.0,0,75 15:37.523,0,0,0,0,67301,0,0,0,N,0,0,0,2,46104,0,,1,1,,N,N,,0,,0,0,1,0.0,0,N,1415,0,2,0,0,0,0,0,3,4,0,2,3,,N,,,,,,,,,,,
2008064492,1114,1,0,0,0,0,0,0,0,0,7,0,,67,5,2008,6,39.9326,-75.2,1110.0,6,0,0,0,0,0,0,0,0,1.0,0,0,0,11,1,0,0,,1,39 56:02.350,4.0,0,75 11:59.707,0,0,0,0,67301,0,0,0,N,0,0,0,1,68K01,0,,3,9,,N,N,,0,,0,0,0,0.0,0,N,1108,0,1,0,0,0,0,0,3,4,0,1,7,,N,,,,,,,,,,,
2008062068,1008,2,0,0,0,0,0,0,0,0,1,0,,67,4,2008,1,,,1007.0,6,0,0,0,0,0,0,0,0,,0,0,0,10,1,2,0,,0,,,0,,8,0,0,0,67301,0,0,0,N,0,0,0,3,67501,0,,1,1,,N,N,,0,,0,0,0,0.0,0,,1007,2,2,0,0,0,2,0,3,3,0,2,3,,N,,,,,,,,,,,
2008059639,1416,1,0,0,0,0,0,0,0,0,7,0,,67,3,2008,2,,,1415.0,6,0,0,1,0,0,0,0,0,,0,0,0,14,1,0,0,,0,,,0,,0,0,0,0,67301,0,0,0,N,0,0,0,1,67301,0,,2,9,,N,N,,0,,0,0,0,0.0,0,,1410,0,1,0,0,0,0,0,3,3,0,1,7,,N,,,,,,,,,,,
2008057072,1919,0,0,0,0,0,0,0,0,0,0,0,,67,3,2008,5,39.9627,-75.2214,1915.0,6,0,0,0,0,0,0,0,0,,0,0,0,19,4,1,0,,0,39 57:45.836,,0,75 13:16.950,8,0,0,1,67301,0,0,0,,0,0,0,1,67301,0,,6,1,,,,,0,,0,0,0,0.0,0,,1905,1,2,0,0,0,1,0,3,4,1,2,3,,N,,,,,,,,,,,