CRN,ARRIVAL_TM,AUTOMOBILE_COUNT,BELTED_DEATH_COUNT,BELTED_SUSP_SERIOUS_INJ_COUNT,BICYCLE_COUNT,BICYCLE_DEATH_COUNT,BICYCLE_SUSP_SERIOUS_INJ_COUNT,BUS_COUNT,CHLDPAS_DEATH_COUNT,CHLDPAS_SUSP_SERIOUS_INJ_COUNT,COLLISION_TYPE,COMM_VEH_COUNT,CONS_ZONE_SPD_LIM,COUNTY,CRASH_MONTH,CRASH_YEAR,DAY_OF_WEEK,DEC_LAT,DEC_LONG,DISPATCH_TM,DISTRICT,DRIVER_COUNT_16YR,DRIVER_COUNT_17YR,DRIVER_COUNT_18YR,DRIVER_COUNT_19YR,DRIVER_COUNT_20YR,DRIVER_COUNT_50_64YR,DRIVER_COUNT_65_74YR,DRIVER_COUNT_75PLUS,EST_HRS_CLOSED,FATAL_COUNT,HEAVY_TRUCK_COUNT,HORSE_BUGGY_COUNT,HOUR_OF_DAY,ILLUMINATION,INJURY_COUNT,INTERSECT_TYPE,INTERSECTION_RELATED,LANE_CLOSED,LATITUDE,LN_CLOSE_DIR,LOCATION_TYPE,LONGITUDE,MAX_SEVERITY_LEVEL,MCYCLE_DEATH_COUNT,MCYCLE_SUSP_SERIOUS_INJ_COUNT,MOTORCYCLE_COUNT,MUNICIPALITY,NONMOTR_COUNT,NONMOTR_DEATH_COUNT,NONMOTR_SUSP_SERIOUS_INJ_COUNT,NTFY_HIWY_MAINT,PED_COUNT,PED_DEATH_COUNT,PED_SUSP_SERIOUS_INJ_COUNT,PERSON_COUNT,POLICE_AGCY,POSSIBLE_INJ_COUNT,RDWY_SURF_TYPE_CD,RELATION_TO_ROAD,ROAD_CONDITION,ROADWAY_CLEARED,SCH_BUS_IND,SCH_ZONE_IND,SECONDARY_CRASH,SMALL_TRUCK_COUNT,SPEC_JURIS_CD,SUSP_MINOR_INJ_COUNT,SUSP_SERIOUS_INJ_COUNT,SUV_COUNT,TCD_FUNC_CD,TCD_TYPE,TFC_DETOUR_IND,TIME_OF_DAY,TOT_INJ_COUNT,TOTAL_UNITS,UNB_DEATH_COUNT,UNB_SUSP_SERIOUS_INJ_COUNT,UNBELTED_OCC_COUNT,UNK_INJ_DEG_COUNT,UNK_INJ_PER_COUNT,URBAN_AREA,URBAN_RURAL,VAN_COUNT,VEHICLE_COUNT,WEATHER1,WEATHER2,WORK_ZONE_IND,WORK_ZONE_LOC,WORK_ZONE_TYPE,WORKERS_PRES,WZ_CLOSE_DETOUR,WZ_FLAGGER,WZ_LAW_OFFCR_IND,WZ_LN_CLOSURE,WZ_MOVING,WZ_OTHER,WZ_SHLDER_MDN,WZ_WORKERS_INJ_KILLED
2008057228,2252,1,0,0,0,0,0,0,0,0,8,0,,67,3,2008,4,39.9973,-75.1203,2252.0,6,0,0,0,0,1,0,0,0,,0,0,0,22,3,1,1,,0,39 59:50.437,,0,75 07:13.186,2,0,0,0,67301,1,0,1,N,1,0,1,3,67301,0,,3,1,,N,Y,,0,,0,1,0,0.0,0,,2252,1,2,0,0,2,0,0,3,4,0,1,3,,N,,,,,,,,,,,
2008057238,1617,1,0,0,0,0,0,0,0,0,4,0,,67,3,2008,5,40.0024,-75.1848,1615.0,6,0,0,0,0,0,0,0,0,2.0,0,0,0,16,1,2,0,,1,40 00:08.822,4.0,0,75 11:05.114,4,0,0,0,67301,0,0,0,N,0,0,0,2,67301,2,,1,1,,N,N,,0,,0,0,1,0.0,0,Y,1610,2,2,0,0,0,0,0,3,4,0,2,3,,N,,,,,,,,,,,
2008057287,228,2,0,0,0,0,0,0,0,0,4,0,,67,3,2008,7,40.0298,-75.1043,224.0,6,0,0,0,0,0,0,0,0,1.0,0,0,0,2,3,0,1,,1,40 01:47.421,3.0,0,75 06:15.636,0,0,0,0,67301,0,0,0,,0,0,0,3,67301,0,,1,9,,N,N,,0,,0,0,0,3.0,2,N,224,0,2,0,0,0,0,0,3,4,0,2,7,5.0,N,,,,,,,,,,,
2008057301,2125,2,0,0,0,0,0,0,0,0,1,0,,67,4,2008,3,39.9501,-75.1706,120.0,6,0,0,0,0,1,0,0,0,,0,0,0,21,3,1,1,,0,39 57:00.483,,0,75 10:14.160,4,0,0,0,67301,0,0,0,N,0,0,0,3,67301,1,,1,9,,N,N,,0,,0,0,0,3.0,2,,2115,1,2,0,0,0,0,0,3,4,0,2,7,,N,,,,,,,,,,,
2008057356,1315,3,0,0,0,0,0,0,0,0,4,0,,67,3,2008,6,39.9842,-75.1025,1315.0,6,0,0,0,0,0,0,0,0,,0,0,0,13,1,1,1,,0,39 59:02.944,,0,75 06:09.193,4,0,0,0,67301,0,0,0,N,0,0,0,3,67301,1,,1,1,,N,N,,0,,0,0,0,3.0,2,,1308,1,4,0,0,0,0,0,3,4,1,4,3,,N,,,,,,,,,,,
2008057365,745,1,0,0,0,0,0,0,0,0,1,0,,67,4,2008,3,40.1093,-75.0257,740.0,6,0,0,0,0,0,0,1,0,1.0,0,0,0,7,1,1,0,,1,40 06:33.414,2.0,0,75 01:32.392,4,0,0,0,67301,0,0,0,N,0,0,0,2,67301,1,,1,9,,N,N,,0,,0,0,1,0.0,0,N,735,1,2,0,0,0,0,0,3,4,0,2,7,,N,,,,,,,,,,,
2008059893,1742,2,0,0,0,0,0,0,0,0,4,0,,67,4,2008,1,39.9454,-75.1797,1739.0,6,0,0,0,0,0,0,0,0,2.0,0,0,0,17,1,0,1,,1,39 56:43.472,2.0,0,75 10:47.006,0,0,0,0,67301,0,0,0,N,0,0,0,2,67301,0,,1,1,,N,N,,0,,0,0,0,9.0,2,Y,1735,0,2,0,0,0,0,0,3,4,0,2,3,,N,,,,,,,,,,,
2008057792,1540,2,0,0,0,0,0,0,0,0,1,0,,67,4,2008,4,40.0174,-75.1495,1530.0,6,0,0,0,0,0,1,0,0,2.0,0,0,0,15,1,0,0,,1,40 01:03.140,1.0,0,75 08:57.970,0,0,0,0,67301,0,0,0,,0,0,0,3,67301,0,,1,1,,,,,1,,0,0,0,0.0,0,N,1530,0,3,0,0,0,0,0,3,4,0,3,3,,N,,,,,,,,,,,
2008029163,255,1,0,0,0,0,0,0,0,0,4,0,,67,1,2008,3,39.9689,-75.1545,253.0,6,0,0,0,0,1,0,0,0,,0,0,0,99,2,2,2,,0,39 58:08.209,,0,75 09:16.358,4,0,0,0,67301,0,0,0,,0,0,0,3,67301,2,,1,1,,,,,0,,0,0,1,0.0,0,,9999,2,2,0,0,0,0,1,3,4,0,2,3,,N,,,,,,,,,,,
2008044675,835,1,0,0,0,0,0,0,0,0,8,0,,67,1,2008,3,40.0221,-75.0579,830.0,6,0,0,0,0,0,0,0,0,,0,0,0,7,1,1,2,,0,40 01:19.560,,0,75 03:28.616,3,0,0,0,67301,1,0,0,N,1,0,0,2,67301,0,,1,1,,N,N,,0,,1,0,0,0.0,0,,750,1,2,0,0,0,0,0,3,4,0,1,3,,N,,,,,,,,,,,
2008119101,2045,1,0,0,0,0,0,0,0,0,2,0,,67,8,2008,6,39.9245,-75.1704,2045.0,6,0,1,0,0,0,1,0,0,,0,0,0,20,3,1,0,,0,39 55:26.826,,7,75 10:03.606,4,0,0,1,67301,0,0,0,,0,0,0,2,67301,1,,2,1,,,,,0,,0,0,0,0.0,0,,2045,1,2,0,0,0,0,0,3,4,0,2,3,,N,,,,,,,,,,,
2008119144,1057,2,0,0,0,0,0,0,0,0,4,0,,67,9,2008,1,39.9546,-75.1811,1052.0,6,0,0,0,0,0,1,0,0,,0,0,0,10,1,0,1,,0,39 57:16.560,,0,75 10:52.320,0,0,0,0,67301,0,0,0,N,0,0,0,6,67301,0,,1,1,,N,N,,0,,0,0,0,3.0,3,,1045,0,2,0,0,0,0,0,3,4,0,2,3,,N,,,,,,,,,,,
2008095588,1952,1,0,0,0,0,0,0,0,0,7,0,,67,7,2008,6,39.9763,-75.1984,1950.0,6,0,0,0,0,0,1,0,0,,0,0,0,19,1,1,0,,0,39 58:34.752,,0,75 11:54.160,8,0,0,0,67301,0,0,0,N,0,0,0,1,67301,0,,5,9,,N,N,,0,,0,0,0,0.0,0,,1950,1,1,0,0,0,1,0,3,4,0,1,7,,N,,,,,,,,,,,
2008098060,1745,1,0,0,0,0,0,0,0,0,1,0,,67,4,2008,2,39.9231,-75.1597,1742.0,6,0,0,0,0,0,0,0,0,,0,0,0,17,1,1,0,,0,39 55:23.119,,0,75 09:34.867,8,0,0,0,67301,0,0,0,,0,0,0,3,67301,0,,1,1,,,,,1,,0,0,0,0.0,0,,1730,1,2,0,0,0,1,1,3,4,0,2,3,,N,,,,,,,,,,,
2008098107,1443,1,0,0,0,0,0,0,0,0,2,0,,67,7,2008,2,40.0374,-75.1909,1437.0,6,0,0,0,0,0,1,0,0,2.0,0,0,0,14,1,1,1,,1,40 02:14.460,1.0,0,75 11:27.412,4,0,0,0,67301,0,0,0,N,0,0,0,2,67301,1,,1,9,,N,N,,0,,0,0,1,3.0,2,N,1421,1,2,0,0,0,0,0,3,4,0,2,7,,N,,,,,,,,,,,
2008089801,1423,0,0,0,0,0,0,0,0,0,8,0,,67,5,2008,3,39.9923,-75.1097,1414.0,6,0,0,0,0,0,1,0,0,1.0,0,0,0,14,1,1,2,,1,39 59:31.570,3.0,0,75 06:34.420,2,0,0,0,67301,1,0,1,,1,0,1,2,67301,0,,2,1,,N,,,1,,0,1,0,3.0,3,N,1410,1,2,0,0,0,0,0,3,4,0,1,3,,N,,,,,,,,,,,
2008072726,1152,1,0,0,0,0,0,0,0,0,2,0,,67,3,2008,1,40.0136,-75.2004,1131.0,6,1,0,0,0,0,0,0,0,2.0,0,1,0,11,1,1,0,,2,40 00:48.852,6.0,0,75 12:01.443,8,0,0,0,67301,0,0,0,,0,0,0,8,67301,0,,1,9,,N,N,,0,,0,0,0,0.0,0,Y,1130,1,2,0,0,1,1,0,3,4,0,2,7,,N,,,,,,,,,,,
2008079356,57,1,0,0,0,0,0,0,0,0,4,0,,67,5,2008,5,40.0159,-75.1539,55.0,6,0,0,0,0,0,0,0,0,,0,0,0,0,3,3,1,,0,40 00:57.240,,0,75 09:13.680,4,0,0,0,67301,0,0,0,N,0,0,0,3,67301,2,,1,1,,N,N,,0,,0,0,1,3.0,2,,50,3,2,0,0,0,1,0,3,4,0,2,3,,N,,,,,,,,,,,
2008087507,645,4,0,0,0,0,0,0,0,0,4,0,,67,5,2008,4,39.9546,-75.226,640.0,6,0,0,0,0,0,0,0,0,,0,0,0,6,1,4,1,,0,39 57:16.534,,0,75 13:33.584,4,0,0,0,67301,0,0,0,N,0,0,0,4,67301,4,,1,1,,N,,,0,,0,0,0,3.0,2,,640,4,4,0,0,4,0,0,3,4,0,4,3,,N,,,,,,,,,,,
2008082597,815,1,0,0,0,0,0,0,0,0,3,0,,67,5,2008,2,39.9291,-75.1676,811.0,6,0,0,0,0,0,0,0,1,,0,0,0,8,1,1,2,,0,39 55:44.857,,0,75 10:03.442,8,0,0,0,67301,0,0,0,,0,0,0,4,67301,0,,1,1,,,,,1,,0,0,0,0.0,0,,810,1,2,0,0,2,1,0,3,4,0,2,3,,N,,,,,,,,,,,
2008082602,353,0,0,0,0,0,0,0,0,0,6,0,,67,5,2008,5,39.959,-75.1739,352.0,6,0,0,0,0,0,0,0,0,,0,0,0,3,3,1,1,,0,39 57:32.371,,0,75 10:26.147,2,0,0,0,67301,0,0,0,,0,0,0,3,67301,0,,1,1,,,,,1,,0,1,0,3.0,2,,351,1,2,0,1,2,0,0,3,4,1,2,3,,N,,,,,,,,,,,
2008082639,1200,1,0,0,0,0,0,0,0,0,7,0,,67,4,2008,6,39.9532,-75.17,1155.0,6,0,0,0,0,0,0,0,0,,0,0,0,11,1,0,1,,0,39 57:11.461,,0,75 10:12.185,0,0,0,0,67301,0,0,0,N,0,0,0,4,67301,0,,5,1,,N,N,,0,,0,0,0,3.0,2,,1155,0,1,0,0,0,0,0,3,4,0,1,3,,N,,,,,,,,,,,
2008082662,1246,1,0,0,0,0,0,0,0,0,8,0,,67,5,2008,4,40.057,-75.0884,1245.0,6,0,0,0,0,0,0,0,0,,0,0,0,17,6,1,1,,0,40 03:25.064,,0,75 05:18.130,8,0,0,0,67301,1,0,0,,1,0,0,2,67301,0,,1,98,,,,,0,,0,0,0,3.0,2,,1700,1,2,0,0,0,1,0,3,4,0,1,99,,N,,,,,,,,,,,
2008082665,1632,2,0,0,0,0,0,0,0,0,1,0,,67,5,2008,6,39.8897,-75.2338,1627.0,6,0,0,0,0,0,1,0,0,,0,0,0,15,1,2,1,,0,39 53:23.280,,0,75 14:01.680,3,0,0,0,67301,0,0,0,N,0,0,0,2,67301,0,,1,9,,N,N,,0,,1,0,0,3.0,2,,1550,2,2,0,0,0,1,0,3,4,0,2,7,,N,,,,,,,,,,,
2008085101,1329,1,0,0,0,0,0,0,0,0,1,0,,67,7,2008,1,39.9802,-75.2052,1329.0,6,0,0,0,0,0,0,0,0,,0,0,0,13,1,0,0,,0,39 58:51.650,,0,75 12:22.909,0,0,0,0,67301,0,0,0,N,0,0,0,6,68K01,0,,1,1,,N,N,,0,,0,0,1,0.0,0,,1329,0,2,0,0,0,0,0,3,4,0,2,3,,N,,,,,,,,,,,
2008072082,1512,0,0,0,0,0,0,0,0,0,8,0,,67,4,2008,4,40.0153,-75.1372,1511.0,6,0,0,0,0,0,0,0,0,9.0,0,0,0,15,1,1,1,,1,40 00:55.051,1.0,0,75 08:13.761,8,0,0,0,67301,1,0,0,,1,0,0,2,67301,0,,1,1,,N,Y,,0,,0,0,1,0.0,0,N,1500,1,2,0,0,0,1,0,3,4,0,1,3,,N,,,,,,,,,,,
2008072094,1913,4,0,0,0,0,0,0,0,0,1,0,,67,4,2008,2,40.1179,-75.0067,1912.0,6,0,0,0,0,0,1,0,0,1.0,0,0,0,19,4,1,2,,2,40 07:04.443,3.0,0,75 00:24.231,4,0,0,0,67301,0,0,0,,0,0,0,14,67301,1,,1,9,,,,,0,,0,0,0,0.0,0,Y,1911,1,4,0,0,0,0,0,3,4,0,4,7,,N,,,,,,,,,,,
2008106836,2324,1,0,0,0,0,0,0,0,0,4,0,,67,9,2008,4,39.9737,-75.1941,2304.0,6,0,0,0,0,0,0,0,0,2.0,0,0,0,22,3,1,0,,1,39 58:29.360,3.0,0,75 11:39.920,4,0,0,0,67301,0,0,0,N,0,0,0,2,68K01,1,,1,1,,N,N,,0,,0,0,1,0.0,0,N,2250,1,2,0,0,0,0,0,3,4,0,2,3,,N,,,,,,,,,,,
2008042110,1642,1,0,0,0,0,0,0,0,0,7,0,,67,2,2008,3,,,1640.0,6,0,0,0,0,0,0,0,0,,0,0,0,16,1,1,0,,0,,,0,,8,0,0,0,67301,0,0,0,,0,0,0,1,67301,0,,5,2,,,,,0,,0,0,0,0.0,0,,1640,1,1,0,0,0,1,0,3,3,0,1,9,,N,,,,,,,,,,,
2008058074,1215,0,0,0,0,0,0,0,0,0,4,0,,67,3,2008,5,40.032,-75.0315,1213.0,6,0,0,0,0,0,0,0,0,,0,1,0,12,1,4,1,,0,40 01:55.345,,0,75 01:53.254,8,0,0,0,67301,0,0,0,N,0,0,0,5,67301,0,,1,1,,N,N,,0,,0,0,0,0.0,0,,1200,4,2,0,0,0,4,0,3,4,1,2,3,,N,,,,,,,,,,,
2008063394,2335,1,0,0,0,0,0,0,0,0,5,1,,67,5,2008,3,39.9634,-75.1838,2320.0,6,0,0,0,0,0,1,0,0,,0,1,0,23,3,0,0,,0,39 57:54.031,,0,75 11:07.358,9,0,0,0,67301,0,0,0,N,0,0,0,6,68K01,0,,1,1,,N,N,,0,,0,0,0,0.0,0,,2314,0,2,0,0,0,0,1,3,4,0,2,3,,N,,,,,,,,,,,
2008057992,1341,0,0,0,0,0,0,0,0,0,1,0,,67,3,2008,1,39.9296,-75.244,1341.0,6,0,0,0,0,0,1,0,0,,0,0,0,13,1,1,2,,0,39 55:46.560,,0,75 14:38.400,4,0,0,0,67301,1,0,0,N,0,0,0,2,67301,1,,6,1,,N,N,,0,,0,0,2,3.0,2,,1330,1,2,0,0,1,0,0,3,4,0,2,3,,N,,,,,,,,,,,
2008058197,351,3,0,0,0,0,0,0,0,0,1,0,,67,4,2008,1,39.977,-75.1665,349.0,6,0,0,0,0,0,0,0,0,,0,0,0,3,6,0,0,,0,39 58:37.300,,0,75 09:59.266,0,0,0,0,67301,0,0,0,N,0,0,0,1,67301,0,,6,1,,N,N,,0,,0,0,0,0.0,0,,339,0,3,0,0,0,0,0,3,4,0,3,3,,N,,,,,,,,,,,
2008044301,44,1,0,0,0,0,0,0,0,0,7,0,,67,1,2008,7,39.921,-75.1432,41.0,6,0,0,0,0,0,0,0,0,,0,0,0,99,3,0,0,,0,39 55:15.600,,0,75 08:35.520,0,0,0,0,67301,0,0,0,N,0,0,0,4,67301,0,,4,1,,N,N,,0,,0,0,0,0.0,0,,9999,0,1,0,0,4,0,0,3,4,0,1,3,,N,,,,,,,,,,,
2008044448,1600,2,0,0,0,0,0,0,0,0,4,0,,67,1,2008,1,40.0847,-75.062,1554.0,6,0,0,0,0,0,0,0,0,,0,0,0,15,1,1,0,,0,40 05:04.581,,0,75 03:43.228,4,0,0,0,67301,0,0,0,N,0,0,0,3,67301,1,,1,1,,N,N,,0,,0,0,0,0.0,0,,1554,1,2,0,0,2,0,0,3,4,0,2,3,,N,,,,,,,,,,,
2008015391,310,1,0,0,0,0,0,0,0,0,7,0,,67,1,2008,6,39.9414,-75.1945,304.0,6,0,0,0,0,0,0,0,0,,0,0,0,2,3,0,0,,0,39 56:36.000,,0,75 11:33.296,0,0,0,0,67301,0,0,0,N,0,0,0,1,68K01,0,,2,9,,N,N,,0,,0,0,0,0.0,0,,255,0,1,0,0,0,0,0,3,4,0,1,7,,N,,,,,,,,,,,
2008023058,2037,1,0,0,0,0,0,0,0,0,1,0,,67,1,2008,3,39.945,-75.1908,2037.0,6,0,0,1,0,0,0,0,0,1.0,0,0,0,20,3,1,6,,1,39 56:42.000,4.0,2,75 11:27.000,8,0,0,0,67301,0,0,0,N,0,0,0,4,68K01,0,,1,1,,N,N,,0,,0,0,2,0.0,0,N,2034,1,3,0,0,0,1,0,3,4,0,3,3,,N,,,,,,,,,,,
2008049865,930,1,0,0,0,0,0,0,0,0,8,0,,67,2,2008,3,40.0242,-75.1328,925.0,6,0,0,0,0,0,0,0,0,,0,0,0,9,1,1,1,,0,40 01:26.988,,0,75 07:59.257,4,0,0,0,67301,1,0,0,N,1,0,0,3,67301,1,,1,1,,N,N,,0,,0,0,0,0.0,0,,925,1,2,0,0,1,0,0,3,4,0,1,3,,N,,,,,,,,,,,
2008044916,1535,1,0,0,0,0,0,0,0,0,2,0,,67,1,2008,6,40.0721,-75.0844,1520.0,6,0,0,0,0,0,0,2,0,,0,0,0,15,1,2,0,,0,40 04:19.181,,0,75 05:03.985,8,0,0,0,67301,0,0,0,N,0,0,0,3,67301,0,,1,1,,N,N,,0,,0,0,0,0.0,0,,1505,2,2,0,0,2,2,0,3,4,1,2,3,,N,,,,,,,,,,,
2008027050,1810,1,0,0,0,0,0,0,0,0,6,0,,67,1,2008,1,40.0227,-75.0528,1802.0,6,0,1,0,0,0,0,0,0,,0,0,0,17,3,1,1,,0,40 01:21.000,,0,75 03:09.741,8,0,0,0,67301,0,0,0,N,0,0,0,2,67301,0,,1,1,,N,N,,0,,0,0,0,3.0,2,,1730,1,2,0,0,0,1,0,3,4,1,2,3,,N,,,,,,,,,,,
2008042589,2345,2,0,0,0,0,0,0,0,0,6,0,,67,2,2008,2,39.9815,-75.2241,2340.0,6,0,0,0,0,0,0,0,0,,0,0,0,23,3,2,1,,0,39 58:53.000,,0,75 13:26.340,4,0,0,0,67301,0,0,0,N,0,0,0,3,67301,2,,1,1,,N,N,,0,,0,0,0,3.0,2,,2335,2,2,0,0,0,0,1,3,4,0,2,3,,N,,,,,,,,,,,
2008040124,1455,1,0,0,0,0,0,0,0,0,4,0,,67,1,2008,6,40.0276,-75.1175,1447.0,6,0,0,0,0,0,1,0,0,,0,0,0,14,1,1,1,,0,40 01:39.248,,0,75 07:02.852,4,0,0,0,67301,0,0,0,N,0,0,0,2,67301,1,,1,9,,N,N,,0,,0,0,0,3.0,3,,1400,1,2,0,0,0,0,0,3,4,1,2,99,,N,,,,,,,,,,,
2008027491,2048,2,0,0,0,0,0,0,0,0,1,0,,67,2,2008,2,39.9885,-75.2537,2045.0,6,0,0,0,0,0,0,2,0,1.0,0,0,0,20,3,2,0,,2,39 59:18.508,2.0,0,75 15:13.333,4,0,0,0,67301,0,0,0,N,0,0,0,3,46104,2,,1,1,,N,N,,0,,0,0,0,0.0,0,N,2045,2,2,0,0,0,0,0,3,4,0,2,3,,N,,,,,,,,,,,
2008062185,1335,1,0,0,1,0,0,0,0,0,4,0,,67,3,2008,5,39.9953,-75.152,1333.0,6,0,0,0,0,0,0,0,0,,0,0,0,13,1,1,1,,0,39 59:42.972,,0,75 09:07.322,8,0,0,0,67301,1,0,0,N,0,0,0,2,67301,0,,1,1,,N,N,,0,,0,0,0,3.0,3,,1315,1,2,0,0,0,1,0,3,4,0,1,3,,N,,,,,,,,,,,
2008059666,1421,3,0,0,0,0,0,0,0,0,4,0,,67,4,2008,3,40.1238,-75.0315,1418.0,6,0,0,0,0,0,0,0,0,,0,0,0,14,1,0,0,,0,40 07:25.662,,0,75 01:53.288,0,0,0,0,67301,0,0,0,,0,0,0,3,67301,0,,2,1,,,,,0,,0,0,0,0.0,0,,1405,0,3,0,0,1,0,0,3,4,0,3,3,,N,,,,,,,,,,,
2008059667,733,1,0,0,0,0,0,0,0,0,7,0,,67,4,2008,3,40.083,-75.0401,729.0,6,0,0,0,0,0,1,0,1,1.0,0,0,0,7,1,0,0,,1,40 04:58.710,2.0,0,75 02:24.458,9,0,0,0,67301,0,0,0,,0,0,0,2,67301,0,,5,1,,N,N,,0,,0,0,1,0.0,0,N,727,0,2,0,0,0,0,1,3,4,0,2,3,,N,,,,,,,,,,,
2008057229,800,1,0,0,0,0,0,0,0,0,8,0,,67,3,2008,5,40.0294,-75.1247,800.0,6,0,0,0,0,1,0,0,0,,0,0,0,8,1,1,1,,0,40 01:45.919,,0,75 07:28.901,3,0,0,0,67301,1,0,0,N,1,0,0,2,67301,0,,1,1,,N,Y,,0,,1,0,0,3.0,2,,800,1,2,0,0,0,0,0,3,4,0,1,3,,N,,,,,,,,,,,
2008057314,142,1,0,0,0,0,0,0,0,0,4,0,,67,4,2008,3,39.9703,-75.1245,137.0,6,0,0,0,1,0,0,0,0,,0,0,0,1,3,1,5,,0,39 58:15.240,,0,75 07:24.960,4,0,0,0,67301,0,0,0,N,0,0,0,4,67301,1,,7,9,,N,N,,0,,0,0,1,3.0,2,,135,1,2,0,0,0,0,0,3,4,0,2,7,,N,,,,,,,,,,,
2008062284,1108,0,0,0,0,0,0,0,0,0,7,0,,67,5,2008,6,39.9509,-75.1411,1103.0,6,0,0,0,0,0,0,0,0,1.0,0,1,0,11,1,2,0,,1,39 57:03.600,1.0,0,75 08:27.600,4,0,0,0,67301,0,0,0,N,0,0,0,2,68K01,2,,2,8,,N,N,,0,,0,0,0,0.0,0,N,1100,2,1,0,0,0,0,0,3,4,0,1,7,,N,,,,,,,,,,,
2008054634,1548,2,0,0,0,0,0,0,0,0,1,0,,67,4,2008,3,39.959,-75.1806,1548.0,6,0,0,0,0,0,0,0,0,1.0,0,0,0,15,1,0,0,,2,39 57:32.380,3.0,0,75 10:50.260,0,0,0,0,67301,0,0,0,N,0,0,0,3,68K01,0,,1,1,,N,N,,0,,0,0,1,0.0,0,N,1548,0,3,0,0,0,0,0,3,4,0,3,3,,N,,,,,,,,,,,
2008057613,1538,2,0,0,0,0,0,0,0,0,1,0,,67,5,2008,5,39.9452,-75.1906,1525.0,6,0,0,0,0,0,1,0,0,,0,0,0,15,1,1,0,,0,39 56:42.882,,0,75 11:26.087,8,0,0,0,67301,0,0,0,N,0,0,0,4,68K01,0,,1,1,,N,N,,0,,0,0,1,0.0,0,,1521,1,3,0,0,0,1,0,3,4,0,3,3,,N,,,,,,,,,,,
2008057653,1800,3,0,0,0,0,0,0,0,0,5,0,,67,3,2008,7,40.1273,-75.0068,1748.0,6,0,0,0,0,0,1,0,0,,0,0,0,99,1,1,0,,0,40 07:38.388,,0,75 00:24.408,3,0,0,0,67301,0,0,0,N,0,0,0,1,67301,0,,1,1,,N,N,,0,,1,0,0,0.0,0,,9999,1,3,0,0,0,0,0,3,4,0,3,3,,N,,,,,,,,,,,
2008057686,1725,2,0,0,1,0,0,0,0,0,4,0,,67,3,2008,7,39.9513,-75.1738,1720.0,6,0,0,0,0,0,0,1,0,2.0,0,0,0,17,1,1,0,,2,39 57:04.683,4.0,0,75 10:25.809,4,0,0,0,67301,1,0,0,N,0,0,0,3,67301,1,,1,1,,N,N,,0,,0,0,0,0.0,0,N,1710,1,3,0,0,2,0,0,3,4,0,2,3,,N,,,,,,,,,,,
2008057688,240,0,0,0,0,0,0,0,0,0,8,0,,67,3,2008,4,39.9804,-75.2247,240.0,6,0,0,0,0,0,0,0,0,,0,0,0,1,3,1,1,,0,39 58:49.632,,0,75 13:28.842,8,0,0,0,67301,1,0,0,N,1,0,0,2,67301,0,,1,1,,N,N,,0,,0,0,1,3.0,2,,130,1,2,0,0,0,1,0,3,4,0,1,3,,N,,,,,,,,,,,
2008042240,2100,1,0,0,0,0,0,0,0,0,1,0,,67,1,2008,4,40.0272,-75.1512,2053.0,6,0,0,0,0,1,0,0,0,,0,0,0,20,3,1,1,,0,40 01:37.801,,0,75 09:04.478,8,0,0,0,67301,0,0,0,N,0,0,0,2,67301,0,,1,1,,N,N,,0,,0,0,1,0.0,0,,2030,1,2,0,0,0,1,0,3,4,0,2,3,,N,,,,,,,,,,,
2008040044,2033,2,0,0,0,0,0,0,0,0,4,0,,67,2,2008,4,39.9764,-75.1197,2030.0,6,0,0,0,0,0,1,0,0,,0,0,0,20,3,1,0,,0,39 58:41.000,,7,75 07:08.027,4,0,0,0,67301,0,0,0,,0,0,0,3,67301,1,,1,1,,,,,0,,0,0,0,0.0,0,,2015,1,2,0,0,1,0,0,3,4,0,2,3,,N,,,,,,,,,,,
2008057786,1920,2,0,0,0,0,0,0,0,0,1,0,,67,3,2008,3,39.9858,-75.2156,1902.0,6,0,0,0,0,0,0,0,0,1.0,0,0,0,18,2,0,1,,2,39 59:08.980,1.0,0,75 12:56.216,9,0,0,0,67301,0,0,0,,0,0,0,3,67301,0,,1,9,,N,N,,0,,0,0,0,3.0,2,Y,1845,0,3,0,0,0,0,1,3,4,1,3,7,,N,,,,,,,,,,,
2008029131,446,1,0,0,0,0,0,0,0,0,7,0,,67,1,2008,6,39.8905,-75.2207,435.0,6,0,0,0,0,0,0,0,0,1.0,0,0,0,4,3,0,3,,1,39 53:24.000,2.0,2,75 13:12.317,0,0,0,0,67301,0,0,0,Y,0,0,0,1,67301,0,,7,1,,N,N,,0,,0,0,0,0.0,0,N,432,0,1,0,0,0,0,0,3,4,0,1,3,,N,,,,,,,,,,,
2008119022,1259,2,0,0,0,0,0,0,0,0,1,0,,67,6,2008,2,39.959,-75.2296,1254.0,6,0,0,0,0,0,1,0,0,1.0,0,0,0,12,1,2,2,,1,39 57:32.520,3.0,0,75 13:46.613,3,0,0,0,67301,0,0,0,N,0,0,0,6,67301,0,,1,1,,N,N,,0,,1,0,0,0.0,0,Y,1251,2,3,0,0,0,1,0,3,4,1,3,3,,N,,,,,,,,,,,
2008119040,9999,2,0,0,0,0,0,0,0,0,4,0,,67,9,2008,6,40.0329,-75.0759,1000.0,6,0,0,0,0,0,1,0,0,,0,0,0,10,1,1,1,,0,40 01:58.504,,0,75 04:33.304,8,0,0,0,67301,0,0,0,N,0,0,0,2,67301,0,,1,1,,N,N,,0,,0,0,0,3.0,3,,1000,1,2,0,0,0,1,0,3,4,0,2,3,,N,,,,,,,,,,,