CRN,ARRIVAL_TM,AUTOMOBILE_COUNT,BELTED_DEATH_COUNT,BELTED_SUSP_SERIOUS_INJ_COUNT,BICYCLE_COUNT,BICYCLE_DEATH_COUNT,BICYCLE_SUSP_SERIOUS_INJ_COUNT,BUS_COUNT,CHLDPAS_DEATH_COUNT,CHLDPAS_SUSP_SERIOUS_INJ_COUNT,COLLISION_TYPE,COMM_VEH_COUNT,CONS_ZONE_SPD_LIM,COUNTY,CRASH_MONTH,CRASH_YEAR,DAY_OF_WEEK,DEC_LAT,DEC_LONG,DISPATCH_TM,DISTRICT,DRIVER_COUNT_16YR,DRIVER_COUNT_17YR,DRIVER_COUNT_18YR,DRIVER_COUNT_19YR,DRIVER_COUNT_20YR,DRIVER_COUNT_50_64YR,DRIVER_COUNT_65_74YR,DRIVER_COUNT_75PLUS,EST_HRS_CLOSED,FATAL_COUNT,HEAVY_TRUCK_COUNT,HORSE_BUGGY_COUNT,HOUR_OF_DAY,ILLUMINATION,INJURY_COUNT,INTERSECT_TYPE,INTERSECTION_RELATED,LANE_CLOSED,LATITUDE,LN_CLOSE_DIR,LOCATION_TYPE,LONGITUDE,MAX_SEVERITY_LEVEL,MCYCLE_DEATH_COUNT,MCYCLE_SUSP_SERIOUS_INJ_COUNT,MOTORCYCLE_COUNT,MUNICIPALITY,NONMOTR_COUNT,NONMOTR_DEATH_COUNT,NONMOTR_SUSP_SERIOUS_INJ_COUNT,NTFY_HIWY_MAINT,PED_COUNT,PED_DEATH_COUNT,PED_SUSP_SERIOUS_INJ_COUNT,PERSON_COUNT,POLICE_AGCY,POSSIBLE_INJ_COUNT,RDWY_SURF_TYPE_CD,RELATION_TO_ROAD,ROAD_CONDITION,ROADWAY_CLEARED,SCH_BUS_IND,SCH_ZONE_IND,SECONDARY_CRASH,SMALL_TRUCK_COUNT,SPEC_JURIS_CD,SUSP_MINOR_INJ_COUNT,SUSP_SERIOUS_INJ_COUNT,SUV_COUNT,TCD_FUNC_CD,TCD_TYPE,TFC_DETOUR_IND,TIME_OF_DAY,TOT_INJ_COUNT,TOTAL_UNITS,UNB_DEATH_COUNT,UNB_SUSP_SERIOUS_INJ_COUNT,UNBELTED_OCC_COUNT,UNK_INJ_DEG_COUNT,UNK_INJ_PER_COUNT,URBAN_AREA,URBAN_RURAL,VAN_COUNT,VEHICLE_COUNT,WEATHER1,WEATHER2,WORK_ZONE_IND,WORK_ZONE_LOC,WORK_ZONE_TYPE,WORKERS_PRES,WZ_CLOSE_DETOUR,WZ_FLAGGER,WZ_LAW_OFFCR_IND,WZ_LN_CLOSURE,WZ_MOVING,WZ_OTHER,WZ_SHLDER_MDN,WZ_WORKERS_INJ_KILLED
2008119045,1645,2,0,0,0,0,0,0,0,0,4,0,,67,10,2008,2,40.0133,-75.1087,1605.0,6,0,0,0,0,0,0,0,0,,0,0,0,16,1,1,1,,0,40 00:47.779,,0,75 06:31.294,3,0,0,0,67301,0,0,0,,0,0,0,2,67301,0,,1,1,,,,,0,,1,0,0,0.0,0,,1600,1,2,0,0,0,0,1,3,4,0,2,3,,N,,,,,,,,,,,
2008119128,10,1,0,0,0,0,0,0,0,0,5,0,,67,10,2008,3,40.0458,-75.2293,3.0,6,0,0,0,0,0,0,0,0,,0,0,0,0,3,0,0,,0,40 02:44.829,,0,75 13:45.606,9,0,0,0,67301,0,0,0,N,0,0,0,1,67301,0,,6,1,,N,N,,1,,0,0,0,0.0,0,,0,0,2,0,0,1,0,1,3,4,0,2,3,5.0,N,,,,,,,,,,,
2008114217,641,2,0,0,0,0,0,0,0,0,5,0,,67,8,2008,7,40.0366,-75.0143,629.0,6,0,0,0,0,0,0,0,0,,0,0,0,6,1,1,0,,0,40 02:12.844,,0,75 00:49.168,3,0,0,0,67301,0,0,0,N,0,0,0,2,68K01,0,,1,1,,N,N,,0,,1,0,0,0.0,0,,623,1,2,0,0,0,0,1,3,4,0,2,3,,N,,,,,,,,,,,
2008133532,2303,1,0,0,0,0,0,0,0,0,2,0,,67,10,2008,1,39.9761,-75.2045,2257.0,6,0,0,0,0,0,0,0,0,1.0,0,0,0,22,3,1,0,,1,39 58:33.909,7.0,0,75 12:16.185,3,0,0,0,67301,0,0,0,N,0,0,0,3,67301,0,,1,9,,N,N,,0,,1,0,0,0.0,0,Y,2255,1,2,0,0,1,0,0,3,4,1,2,7,,N,,,,,,,,,,,
2008098151,1601,1,0,0,0,0,0,0,0,0,1,0,,67,7,2008,3,39.9552,-75.1695,1600.0,6,0,0,0,1,0,0,0,0,,0,0,0,14,1,0,0,,0,39 57:18.725,,0,75 10:10.155,9,0,0,0,67301,0,0,0,N,0,0,0,2,67301,0,,1,1,,N,N,,1,,0,0,0,0.0,0,,1400,0,2,0,0,0,0,1,3,4,0,2,3,,N,,,,,,,,,,,
2008087375,1914,1,0,0,0,0,0,0,0,0,7,0,,67,7,2008,1,39.9744,-75.1949,1912.0,6,0,0,0,0,0,1,0,0,,0,0,0,19,1,0,0,,0,39 58:26.860,,8,75 11:40.670,0,0,0,0,67301,0,0,0,N,0,0,0,2,68K01,0,,2,1,,N,N,,0,,0,0,0,0.0,0,,1906,0,1,0,0,0,0,0,3,4,0,1,3,,N,,,,,,,,,,,
2008079648,1903,2,0,0,0,0,0,0,0,0,5,0,,67,5,2008,3,40.0754,-75.2029,1900.0,6,0,0,0,0,0,0,0,0,,0,0,0,18,1,1,0,,0,40 04:31.337,,0,75 12:10.408,3,0,0,0,67301,0,0,0,N,0,0,0,1,67301,0,,6,1,,N,N,,0,,1,0,0,0.0,0,,1855,1,2,0,0,0,0,0,3,4,0,2,3,,N,,,,,,,,,,,
2008087480,1520,2,0,0,0,0,0,0,0,0,4,0,,67,5,2008,7,40.0511,-75.0745,1514.0,6,0,0,0,1,0,1,0,0,,0,0,0,15,1,2,1,,0,40 03:04.104,,0,75 04:28.081,8,0,0,0,67301,0,0,0,N,0,0,0,4,67301,0,,1,1,,N,N,,0,,0,0,1,3.0,3,,1501,2,3,0,0,0,2,2,3,4,0,3,3,,N,,,,,,,,,,,
2008079378,1717,1,0,0,0,0,0,0,0,0,4,0,,67,5,2008,3,40.0229,-75.1482,1706.0,6,0,0,0,0,0,0,0,0,,0,0,0,16,1,1,1,,0,40 01:22.375,,0,75 08:53.385,4,0,0,0,67301,0,0,0,N,0,0,0,4,67301,1,,1,1,,N,N,,1,,0,0,0,3.0,2,,1645,1,2,0,0,0,0,0,3,4,0,2,3,,N,,,,,,,,,,,
2008076959,1859,1,0,0,0,0,0,0,0,0,0,0,,67,6,2008,5,40.0349,-75.0189,1856.0,6,0,0,0,0,0,0,0,0,1.0,0,0,0,18,1,0,0,,1,40 02:05.640,2.0,0,75 01:07.320,0,0,0,0,67301,0,0,0,N,0,0,0,1,68K01,0,,2,1,,N,N,,0,,0,0,0,0.0,0,N,1853,0,1,0,0,0,0,0,3,4,0,1,3,,N,,,,,,,,,,,
2008076965,1450,1,0,0,0,0,0,0,0,0,7,0,,67,6,2008,7,39.8856,-75.2096,1445.0,6,0,0,0,0,0,0,0,0,,0,0,0,14,1,0,0,,0,39 53:18.530,,0,75 12:10.203,0,0,0,0,67301,0,0,0,N,0,0,0,1,68K01,0,,2,1,,N,N,,0,,0,0,0,0.0,0,,1440,0,1,0,0,0,0,0,3,4,0,1,3,,N,,,,,,,,,,,
2008060584,815,1,0,0,0,0,0,0,0,0,7,0,,67,3,2008,2,40.0198,-75.201,807.0,6,0,0,0,0,0,0,0,0,9.0,0,0,0,8,1,0,0,,1,40 01:11.220,1.0,0,75 12:03.618,0,0,0,0,67301,0,0,0,N,0,0,0,1,67301,0,,3,1,,N,N,,0,,0,0,0,0.0,0,N,806,0,1,0,0,0,0,0,3,4,0,1,3,,N,,,,,,,,,,,
2008060616,1659,1,0,0,0,0,0,0,0,0,1,0,,67,4,2008,6,40.0318,-75.109,1654.0,6,0,0,0,0,0,1,0,0,,0,0,0,16,1,0,0,,0,40 01:54.449,,0,75 06:32.413,9,0,0,0,67301,0,0,0,N,0,0,0,4,67301,0,,1,1,,N,N,,0,,0,0,1,3.0,2,,1613,0,2,0,0,0,0,2,3,4,0,2,3,,N,,,,,,,,,,,
2008063400,1854,1,0,0,0,0,0,0,0,0,1,0,,67,5,2008,4,39.963,-75.1835,1842.0,6,0,0,0,0,0,2,0,0,,0,0,0,18,1,0,0,,0,39 57:50.378,,0,75 11:03.735,0,0,0,0,67301,0,0,0,N,0,0,0,4,68K01,0,,1,1,,N,N,,0,,0,0,1,0.0,0,,1837,0,2,0,0,0,0,0,3,4,0,2,3,,N,,,,,,,,,,,
2008058204,139,1,0,0,0,0,0,0,0,0,8,0,,67,3,2008,6,39.9546,-75.173,134.0,6,0,0,0,0,0,0,0,0,1.0,0,0,0,1,3,1,1,,1,39 57:16.502,1.0,0,75 10:22.764,4,0,0,0,67301,1,0,0,N,1,0,0,3,67301,1,,1,1,,N,N,,0,,0,0,0,3.0,2,N,133,1,2,0,0,0,0,0,3,4,0,1,3,,N,,,,,,,,,,,
2008053068,2215,2,0,0,0,0,0,0,0,0,5,0,,67,2,2008,4,40.1046,-75.0596,2210.0,6,0,0,0,0,0,0,0,0,,0,0,0,21,3,0,0,,0,40 06:16.448,,0,75 03:34.585,0,0,0,0,67301,0,0,0,N,0,0,0,1,67301,0,,2,1,,N,N,,0,,0,0,0,0.0,0,,2130,0,2,0,0,0,0,0,3,4,0,2,3,,N,,,,,,,,,,,
2008044411,647,2,0,0,0,0,0,0,0,0,4,0,,67,1,2008,4,40.1236,-75.0155,647.0,6,0,0,0,0,0,1,0,0,,0,0,0,6,1,2,1,,0,40 07:24.000,,0,75 00:55.667,4,0,0,0,67301,0,0,0,,0,0,0,3,67301,2,,1,1,,,,,0,,0,0,0,9.0,2,,645,2,2,0,0,0,0,0,3,4,0,2,3,,N,,,,,,,,,,,
2008046749,1818,5,0,1,0,0,0,0,0,0,1,0,,67,2,2008,3,39.8985,-75.2101,1818.0,6,0,0,0,0,0,1,1,0,3.0,0,0,0,18,3,4,0,,2,39 53:53.206,4.0,3,75 12:39.457,2,0,0,0,67301,0,0,0,N,0,0,0,11,68K01,0,,4,2,,N,N,,1,,0,1,0,0.0,0,Y,1818,4,8,0,0,0,3,0,3,4,1,7,3,5.0,N,,,,,,,,,,,
2008044621,2355,2,0,0,0,0,0,0,0,0,5,0,,67,1,2008,5,39.9937,-75.181,2335.0,6,0,0,0,0,0,0,0,0,,0,0,0,23,3,1,0,,0,39 59:37.163,,0,75 10:51.486,8,0,0,0,67301,0,0,0,,0,0,0,2,67301,0,,1,1,,,,,0,,0,0,0,0.0,0,,2335,1,2,0,0,2,1,0,3,4,0,2,3,,N,,,,,,,,,,,
2008027204,40,1,0,0,0,0,0,0,0,0,8,0,,67,1,2008,4,39.9443,-75.1552,55.0,6,0,0,0,0,0,0,0,0,,0,0,0,0,3,1,0,,0,39 56:39.569,,0,75 09:18.781,3,0,0,0,67301,1,0,0,N,1,0,0,2,67301,0,,1,1,,N,N,,0,,1,0,0,0.0,0,,25,1,2,0,0,0,0,1,3,4,0,1,3,,N,,,,,,,,,,,
2008027231,1855,1,0,0,0,0,0,0,0,0,8,0,,67,1,2008,7,40.0398,-75.0327,1845.0,6,0,0,0,0,0,0,0,0,,0,0,0,17,4,1,1,,0,40 02:23.000,,0,75 01:57.650,4,0,0,0,67301,1,0,0,N,1,0,0,2,67301,1,,1,1,,N,N,,0,,0,0,0,0.0,0,,1745,1,2,0,0,0,0,1,3,4,0,1,3,,N,,,,,,,,,,,
2008040278,1605,2,0,0,0,0,0,0,0,0,4,0,,67,1,2008,7,40.0245,-75.1478,1600.0,6,0,0,0,0,1,0,1,0,,0,0,0,15,1,2,1,,0,40 01:28.097,,0,75 08:52.132,4,0,0,0,67301,0,0,0,N,0,0,0,3,67301,2,,1,1,,N,N,,0,,0,0,0,3.0,2,,1530,2,2,0,0,0,0,0,3,4,0,2,3,,N,,,,,,,,,,,
2008049857,918,1,0,0,0,0,0,0,0,0,1,0,,67,2,2008,5,40.0195,-75.1469,916.0,6,0,0,0,0,0,1,0,0,,0,0,0,9,1,0,0,,0,40 01:10.064,,0,75 08:48.879,0,0,0,0,67301,0,0,0,N,0,0,0,2,67301,0,,1,1,,N,N,,0,,0,0,1,3.0,8,,910,0,2,0,0,0,0,0,3,4,0,2,3,,N,,,,,,,,,,,
2008027014,113,1,0,0,0,0,0,0,0,0,1,0,,67,1,2008,1,40.1109,-75.0035,109.0,6,0,0,1,0,0,0,0,0,,0,0,0,1,3,0,2,,0,40 06:39.135,,7,75 00:12.689,0,0,0,0,67301,0,0,0,N,0,0,0,3,67301,0,,1,1,,N,N,,1,,0,0,0,3.0,2,,105,0,2,0,0,0,0,0,3,4,0,2,3,,N,,,,,,,,,,,
2008062107,2345,3,0,0,0,0,0,0,0,0,6,0,,67,3,2008,5,40.0664,-75.0187,2341.0,6,0,0,0,1,0,0,0,0,,0,0,0,23,3,2,2,,0,40 03:59.090,,0,75 01:07.291,4,0,0,0,67301,0,0,0,N,0,0,0,5,67301,1,,1,1,,N,N,,0,,0,0,0,3.0,3,,2330,2,3,0,0,0,1,0,3,4,0,3,3,,N,,,,,,,,,,,
2008057344,1904,1,0,0,0,0,0,0,0,0,8,0,,67,3,2008,5,39.949,-75.1492,1901.0,6,0,0,0,0,0,0,0,0,,0,0,0,19,1,1,1,,0,39 56:56.529,,0,75 08:57.071,3,0,0,0,67301,1,0,0,,1,0,0,2,67301,0,,1,1,,N,N,,0,,1,0,0,9.0,2,,1901,1,2,0,0,1,0,0,3,4,0,1,3,,N,,,,,,,,,,,
2008062279,806,1,0,0,0,0,0,0,0,0,1,0,,67,5,2008,5,40.0163,-75.0514,806.0,6,0,0,0,0,0,0,0,0,,0,1,0,8,1,0,0,,0,40 00:59.782,,0,75 03:02.907,0,0,0,0,67301,0,0,0,N,0,0,0,2,68K01,0,,1,9,,N,N,,0,,0,0,0,0.0,0,,801,0,2,0,0,0,0,0,3,4,0,2,7,,N,,,,,,,,,,,
2008057679,9999,3,0,0,0,0,0,0,0,0,1,0,,67,3,2008,7,40.01,-75.1667,9999.0,6,0,0,0,0,0,0,0,0,1.0,0,0,0,20,3,4,0,,2,40 00:35.945,6.0,0,75 10:00.237,3,0,0,0,67301,2,0,0,,0,0,0,8,67301,3,,1,1,,,,,0,,1,0,0,0.0,0,Y,2045,4,4,0,0,0,0,0,3,4,1,4,3,,N,,,,,,,,,,,
2008057744,2230,2,0,0,0,0,0,0,0,0,6,0,,67,3,2008,6,39.9625,-75.2162,2224.0,6,0,0,0,1,0,0,0,0,,0,0,0,22,3,1,1,,0,39 57:44.726,,0,75 12:56.902,4,0,0,0,67301,0,0,0,N,0,0,0,3,67301,1,,1,1,,N,N,,0,,0,0,0,3.0,2,,2219,1,2,0,0,0,0,0,3,4,0,2,3,,N,,,,,,,,,,,
2008044671,1440,2,0,0,0,0,0,0,0,0,1,0,,67,1,2008,5,40.0001,-75.1416,1440.0,6,0,0,0,0,0,0,0,0,,0,0,0,14,1,1,2,,0,40 00:00.361,,0,75 08:29.693,8,0,0,0,67301,0,0,0,N,0,0,0,2,67301,0,,1,1,,N,N,,0,,0,0,0,0.0,0,,1440,1,2,0,0,0,1,0,3,4,0,2,3,,N,,,,,,,,,,,
2008019498,825,1,0,0,0,0,0,0,0,0,7,0,,67,2,2008,2,39.892,-75.2369,820.0,6,0,0,0,0,0,0,0,0,1.0,0,0,0,8,5,2,0,,2,39 53:31.037,1.0,0,75 14:12.921,4,0,0,0,67301,0,0,0,N,0,0,0,2,68K01,2,,2,9,,N,N,,0,,0,0,0,0.0,0,N,815,2,1,0,0,0,0,0,3,4,0,1,7,,N,,,,,,,,,,,
2008024521,1630,0,0,0,0,0,0,0,0,0,4,0,,67,1,2008,1,39.9974,-75.0895,1628.0,6,0,0,0,0,0,1,0,0,,0,0,0,16,4,1,1,,0,39 59:50.000,,0,75 05:22.304,4,0,0,0,67301,0,0,0,N,0,0,0,3,67301,1,,1,1,,N,N,,1,,0,0,1,3.0,2,,1615,1,2,0,0,3,0,0,3,4,0,2,3,,N,,,,,,,,,,,
2008119034,240,2,0,0,0,0,0,0,0,0,1,0,,67,10,2008,5,40.0179,-75.1493,237.0,6,0,0,0,0,0,1,0,0,,0,0,0,2,3,1,1,,0,40 01:04.808,,0,75 08:57.222,4,0,0,0,67301,0,0,0,N,0,0,0,3,67301,1,,1,9,,N,N,,0,,0,0,0,3.0,2,,235,1,2,0,0,0,0,0,3,4,0,2,7,,N,,,,,,,,,,,
2008119046,1020,1,0,0,0,0,0,0,0,0,8,0,,67,10,2008,3,39.9793,-75.1118,1012.0,6,0,0,0,0,0,1,0,0,,0,0,0,10,1,1,2,,0,39 58:45.526,,0,75 06:42.616,4,0,0,0,67301,1,0,0,,1,0,0,2,67301,1,,1,1,,,,,0,,0,0,0,3.0,3,,1012,1,2,0,0,0,0,0,3,4,0,1,3,,N,,,,,,,,,,,
2008119129,2114,1,0,0,0,0,0,0,0,0,4,0,,67,9,2008,5,40.0417,-75.1221,2110.0,6,0,0,0,0,1,0,0,0,1.0,0,0,0,21,3,2,1,,2,40 02:30.069,6.0,0,75 07:19.534,4,0,0,0,67301,0,0,0,N,0,0,0,3,67301,2,,1,1,,N,N,,0,,0,0,0,3.0,2,Y,2110,2,2,0,0,0,0,1,3,4,1,2,3,,N,,,,,,,,,,,
2008133542,1955,1,0,0,0,0,0,0,0,0,8,0,,67,11,2008,6,39.915,-75.2376,1953.0,6,0,0,0,0,0,0,0,0,,0,0,0,19,3,1,1,,0,39 54:53.920,,0,75 14:15.385,4,0,0,0,67301,1,0,0,N,1,0,0,2,67301,1,,1,1,,,,,0,,0,0,0,3.0,2,,1940,1,2,0,0,0,0,0,3,4,0,1,3,,N,,,,,,,,,,,
2008098072,2129,2,0,0,0,0,0,0,0,0,4,0,,67,7,2008,2,39.9546,-75.1648,2123.0,6,0,0,0,0,0,1,0,0,,0,0,0,99,3,0,2,,0,39 57:16.560,,0,75 09:53.280,9,0,0,0,67301,0,0,0,N,0,0,0,2,67301,0,,1,1,,N,N,,0,,0,0,0,3.0,2,,9999,0,2,0,0,0,0,2,3,4,0,2,3,,N,,,,,,,,,,,
2008098093,856,0,0,0,1,0,0,0,0,0,4,0,,67,8,2008,6,39.9562,-75.1941,855.0,6,0,0,0,0,0,0,0,0,,0,0,0,8,1,1,1,,0,39 57:22.144,,0,75 11:38.869,4,0,0,0,67301,1,0,0,N,0,0,0,2,67301,1,,1,1,,N,N,,1,,0,0,0,3.0,2,,855,1,2,0,0,0,0,0,3,4,0,1,3,,N,,,,,,,,,,,
2008098154,1310,0,0,0,0,0,0,0,0,0,8,0,,67,7,2008,4,40.01,-75.0694,1303.0,6,0,0,0,0,0,0,0,0,,0,0,0,14,1,1,2,,0,40 00:35.972,,0,75 04:09.862,4,0,0,0,67301,1,0,0,N,1,0,0,2,67301,1,,1,1,,N,N,,1,,0,0,0,0.0,0,,1430,1,2,0,0,0,0,1,3,4,0,1,3,,N,,,,,,,,,,,
2008098157,3,4,0,0,0,0,0,0,0,0,5,0,,67,6,2008,7,39.9334,-75.1845,2338.0,6,0,1,0,0,0,0,0,0,,0,0,0,23,3,0,2,,0,39 56:00.124,,0,75 11:04.336,0,0,0,0,67301,0,0,0,,0,0,0,1,67301,0,,1,1,,,,,0,,0,0,0,0.0,0,,2330,0,4,0,0,0,0,0,3,4,0,4,3,,N,,,,,,,,,,,
2008070677,1350,3,0,0,0,0,0,0,0,0,6,0,,67,4,2008,6,40.0447,-75.1257,1345.0,6,0,0,0,0,1,0,0,0,,0,0,0,13,1,3,1,,0,40 02:40.966,,0,75 07:32.631,4,0,0,0,67301,0,0,0,N,0,0,0,3,67301,3,,1,1,,N,N,,0,,0,0,0,3.0,3,,1320,3,3,0,0,0,0,0,3,4,0,3,3,,N,,,,,,,,,,,
2008101797,1037,2,0,0,0,0,0,0,0,0,4,0,,67,9,2008,1,39.8865,-75.2427,1032.0,6,0,0,0,0,0,1,0,0,,0,0,0,10,1,2,0,,0,39 53:07.009,,0,75 14:36.297,4,0,0,0,67301,0,0,0,N,0,0,0,6,68K01,2,,1,1,,N,N,,0,,0,0,0,0.0,0,,1029,2,2,0,0,0,0,0,3,4,0,2,3,,N,,,,,,,,,,,
2008072642,1500,2,0,0,0,0,0,0,0,0,5,0,,67,4,2008,5,39.9524,-75.1468,1405.0,6,0,0,0,0,0,0,0,0,,0,0,0,14,1,5,2,,0,39 57:08.533,,0,75 08:48.480,2,0,0,0,67301,3,0,1,,3,0,1,5,67301,0,,1,1,,,,,0,,0,1,0,3.0,2,,1400,5,5,0,0,0,4,0,3,4,0,2,3,,N,,,,,,,,,,,
2008072731,1830,0,0,0,0,0,0,0,0,0,7,0,,67,5,2008,5,39.9414,-75.1471,1827.0,6,0,0,0,0,0,0,0,0,,0,0,0,18,1,0,0,,0,39 56:28.863,,0,75 08:49.588,0,0,0,0,67301,0,0,0,N,0,0,0,3,67301,0,,2,9,,N,N,,0,,0,0,1,3.0,2,,1825,0,1,0,0,3,0,0,3,4,0,1,7,,N,,,,,,,,,,,
2008072768,1702,1,0,0,0,0,0,0,0,0,8,0,,67,4,2008,7,39.9772,-75.2268,1657.0,6,0,0,0,0,0,0,0,0,,0,0,0,16,1,1,1,,0,39 58:37.959,,0,75 13:36.309,8,0,0,0,67301,1,0,0,,1,0,0,2,67301,0,,1,1,,N,N,,0,,0,0,0,0.0,0,,1647,1,2,0,0,0,1,1,3,4,0,1,3,,N,,,,,,,,,,,
2008082618,852,2,0,0,0,0,0,0,0,0,4,0,,67,5,2008,2,39.9604,-75.2411,850.0,6,0,0,0,0,0,1,0,0,2.0,0,0,0,8,1,1,1,,2,39 57:37.584,3.0,0,75 14:27.759,4,0,0,0,67301,0,0,0,N,0,0,0,3,67301,1,,1,1,,N,N,,0,,0,0,0,3.0,2,Y,845,1,3,0,0,0,0,0,3,4,1,3,3,,N,,,,,,,,,,,
2008089763,0,2,0,0,0,0,0,0,0,0,1,0,,67,3,2008,2,40.0186,-75.1491,0.0,6,0,0,0,0,0,1,0,0,,0,0,0,15,1,1,0,,0,40 01:06.817,,0,75 08:56.785,8,0,0,0,67301,0,0,0,N,0,0,0,5,00000,0,,1,1,,N,N,,0,,0,0,0,0.0,0,,1530,1,2,0,0,0,1,0,3,4,0,2,3,,N,,,,,,,,,,,
2008079281,1713,3,0,0,0,0,0,0,0,0,2,0,,67,5,2008,2,40.0171,-75.1385,1707.0,6,0,0,0,0,0,0,0,0,,0,0,0,99,1,0,0,,0,40 01:01.563,,7,75 08:18.722,0,0,0,0,67301,0,0,0,N,0,0,0,1,67301,0,,2,9,,N,N,,0,,0,0,0,0.0,0,,9999,0,3,0,0,0,0,0,3,4,0,3,7,,N,,,,,,,,,,,
2008082462,1005,1,0,0,0,0,0,0,0,0,8,0,,67,5,2008,3,39.9466,-75.2368,1005.0,6,0,0,0,0,0,0,1,0,,0,0,0,9,1,1,0,,0,39 56:47.711,,0,75 14:12.312,8,0,0,0,67301,1,0,0,N,1,0,0,2,67301,0,,1,1,,N,N,,0,,0,0,0,0.0,0,,930,1,2,0,0,0,1,0,3,4,0,1,3,,N,,,,,,,,,,,
2008072095,1359,2,0,0,0,0,0,0,0,0,4,0,,67,4,2008,2,40.1021,-75.0496,1355.0,6,0,0,0,0,0,1,0,0,,0,0,0,13,1,0,2,,0,40 06:07.402,,0,75 02:58.707,0,0,0,0,67301,0,0,0,,0,0,0,2,67301,0,,1,9,,,,,0,,0,0,0,0.0,0,,1355,0,2,0,0,1,0,0,3,4,0,2,7,,N,,,,,,,,,,,
2008109390,1709,2,0,0,0,0,0,0,0,0,4,0,,67,8,2008,6,40.0372,-75.1365,1709.0,6,0,0,0,0,0,0,0,0,,0,0,0,17,1,2,2,,0,40 02:13.960,,0,75 08:11.320,8,0,0,0,67301,0,0,0,N,0,0,0,7,67301,0,,1,1,,N,N,,1,,0,0,0,0.0,0,,1709,2,3,0,0,0,2,1,3,4,0,3,3,,N,,,,,,,,,,,
2008109391,1308,2,0,0,0,0,0,0,0,0,4,0,,67,8,2008,5,39.9113,-75.2427,1302.0,6,0,0,0,0,0,0,0,0,2.0,0,0,0,12,1,2,5,,1,39 54:40.811,1.0,0,75 14:33.593,4,0,0,0,67301,0,0,0,,0,0,0,5,67301,2,,1,1,,N,N,,0,,0,0,0,3.0,2,Y,1230,2,2,0,0,0,0,0,3,4,0,2,3,,N,,,,,,,,,,,
2008120213,1736,1,0,0,0,0,0,0,0,0,4,0,,67,8,2008,3,40.0638,-75.1475,1728.0,6,0,0,0,0,0,0,0,0,,0,0,0,17,1,2,1,,0,40 03:49.744,,0,75 08:50.931,3,0,0,0,67301,0,0,0,N,0,0,0,4,67301,1,,1,9,,N,N,,0,,1,0,1,3.0,3,,1706,2,2,0,0,0,0,0,3,4,0,2,7,,N,,,,,,,,,,,
2008120215,32,4,0,0,0,0,0,0,0,0,4,0,,67,10,2008,2,40.0327,-75.082,24.0,6,0,0,0,0,0,0,0,0,3.0,0,0,0,0,3,1,0,,2,40 01:57.709,2.0,1,75 04:55.230,3,0,0,0,67301,0,0,0,N,0,0,0,5,67301,0,,1,1,,N,N,,0,,1,0,0,0.0,0,Y,22,1,4,0,0,0,0,0,3,4,0,4,3,,N,,,,,,,,,,,
2008063401,2028,1,0,0,0,0,0,0,0,0,7,0,,67,5,2008,4,39.9941,-75.1991,2026.0,6,0,0,0,0,0,0,0,0,1.0,0,0,0,20,3,0,0,,1,39 59:41.944,3.0,0,75 11:53.477,0,0,0,0,67301,0,0,0,N,0,0,0,1,68K01,0,,3,1,,N,N,,0,,0,0,0,0.0,0,Y,2024,0,1,0,0,0,0,0,3,4,0,1,3,,N,,,,,,,,,,,
2008053255,2248,1,0,0,0,0,0,0,0,0,7,0,,67,2,2008,6,40.0263,-75.0973,2245.0,6,0,0,0,0,0,0,0,0,1.0,0,0,0,22,3,0,1,,1,40 01:34.938,1.0,0,75 05:51.163,0,0,0,0,67301,0,0,0,,0,0,0,2,67301,0,,2,9,,,,,0,,0,0,0,0.0,0,N,2230,0,1,0,0,0,0,0,3,4,0,1,7,,N,,,,,,,,,,,
2008044250,1311,2,0,0,0,0,0,0,0,0,1,0,,67,2,2008,6,39.9507,-75.1993,1309.0,6,0,0,0,0,0,0,0,0,,0,0,0,13,1,1,1,,0,39 57:03.000,,0,75 11:57.166,3,0,0,0,67301,0,0,0,,0,0,0,3,67504,0,,1,9,,,,,0,,1,0,0,3.0,2,,1307,1,2,0,0,3,0,0,3,4,0,2,7,,N,,,,,,,,,,,
2008044403,200,1,0,0,0,0,0,0,0,0,7,0,,67,1,2008,1,,,158.0,6,0,0,0,0,0,0,0,0,1.0,0,0,0,1,3,0,0,,1,,4.0,0,,0,0,0,0,67301,0,0,0,,0,0,0,1,67301,0,,2,1,,,,,0,,0,0,0,0.0,0,N,150,0,1,0,0,0,0,0,3,3,0,1,3,,N,,,,,,,,,,,
2008027227,1835,0,0,0,0,0,0,0,0,0,8,0,,67,1,2008,1,39.9953,-75.1218,1830.0,6,0,0,0,0,0,0,0,0,,0,0,0,18,3,1,0,,0,39 59:43.159,,0,75 07:18.408,3,0,0,0,67301,1,0,0,,1,0,0,2,67301,0,,4,1,,N,N,,0,,1,0,0,0.0,0,,1825,1,2,0,0,0,0,0,3,4,0,1,3,,N,,,,,,,,,,,
2008015681,2351,1,0,0,0,0,0,0,0,0,5,0,,67,1,2008,1,39.8883,-75.2418,2324.0,6,0,0,0,0,0,0,0,0,,0,0,0,23,3,1,0,,0,39 53:17.000,,0,75 14:30.718,4,0,0,0,67301,0,0,0,N,0,0,0,4,68K01,1,,1,1,,N,N,,1,,0,0,1,0.0,0,,2324,1,3,0,0,0,0,1,3,4,0,3,3,,N,,,,,,,,,,,