CRN,ARRIVAL_TM,AUTOMOBILE_COUNT,BELTED_DEATH_COUNT,BELTED_SUSP_SERIOUS_INJ_COUNT,BICYCLE_COUNT,BICYCLE_DEATH_COUNT,BICYCLE_SUSP_SERIOUS_INJ_COUNT,BUS_COUNT,CHLDPAS_DEATH_COUNT,CHLDPAS_SUSP_SERIOUS_INJ_COUNT,COLLISION_TYPE,COMM_VEH_COUNT,CONS_ZONE_SPD_LIM,COUNTY,CRASH_MONTH,CRASH_YEAR,DAY_OF_WEEK,DEC_LAT,DEC_LONG,DISPATCH_TM,DISTRICT,DRIVER_COUNT_16YR,DRIVER_COUNT_17YR,DRIVER_COUNT_18YR,DRIVER_COUNT_19YR,DRIVER_COUNT_20YR,DRIVER_COUNT_50_64YR,DRIVER_COUNT_65_74YR,DRIVER_COUNT_75PLUS,EST_HRS_CLOSED,FATAL_COUNT,HEAVY_TRUCK_COUNT,HORSE_BUGGY_COUNT,HOUR_OF_DAY,ILLUMINATION,INJURY_COUNT,INTERSECT_TYPE,INTERSECTION_RELATED,LANE_CLOSED,LATITUDE,LN_CLOSE_DIR,LOCATION_TYPE,LONGITUDE,MAX_SEVERITY_LEVEL,MCYCLE_DEATH_COUNT,MCYCLE_SUSP_SERIOUS_INJ_COUNT,MOTORCYCLE_COUNT,MUNICIPALITY,NONMOTR_COUNT,NONMOTR_DEATH_COUNT,NONMOTR_SUSP_SERIOUS_INJ_COUNT,NTFY_HIWY_MAINT,PED_COUNT,PED_DEATH_COUNT,PED_SUSP_SERIOUS_INJ_COUNT,PERSON_COUNT,POLICE_AGCY,POSSIBLE_INJ_COUNT,RDWY_SURF_TYPE_CD,RELATION_TO_ROAD,ROAD_CONDITION,ROADWAY_CLEARED,SCH_BUS_IND,SCH_ZONE_IND,SECONDARY_CRASH,SMALL_TRUCK_COUNT,SPEC_JURIS_CD,SUSP_MINOR_INJ_COUNT,SUSP_SERIOUS_INJ_COUNT,SUV_COUNT,TCD_FUNC_CD,TCD_TYPE,TFC_DETOUR_IND,TIME_OF_DAY,TOT_INJ_COUNT,TOTAL_UNITS,UNB_DEATH_COUNT,UNB_SUSP_SERIOUS_INJ_COUNT,UNBELTED_OCC_COUNT,UNK_INJ_DEG_COUNT,UNK_INJ_PER_COUNT,URBAN_AREA,URBAN_RURAL,VAN_COUNT,VEHICLE_COUNT,WEATHER1,WEATHER2,WORK_ZONE_IND,WORK_ZONE_LOC,WORK_ZONE_TYPE,WORKERS_PRES,WZ_CLOSE_DETOUR,WZ_FLAGGER,WZ_LAW_OFFCR_IND,WZ_LN_CLOSURE,WZ_MOVING,WZ_OTHER,WZ_SHLDER_MDN,WZ_WORKERS_INJ_KILLED
2008060197,1125,4,0,0,0,0,0,0,0,0,4,0,,67,3,2008,1,39.9857,-75.2475,1119.0,6,0,0,0,0,0,0,1,2,,0,0,0,11,1,4,1,,0,39 59:08.479,,0,75 14:51.091,8,0,0,0,67301,0,0,0,N,0,0,0,5,67301,0,,1,1,,N,N,,0,,0,0,0,3.0,2,,1100,4,4,0,0,0,4,0,3,4,0,4,3,,N,,,,,,,,,,,
2008060252,1515,2,0,0,0,0,0,0,0,0,4,0,,67,3,2008,3,40.0093,-75.069,1515.0,6,0,0,0,0,1,0,0,0,,0,0,0,14,1,4,1,,0,40 00:27.074,,2,75 04:06.655,4,0,0,0,67301,0,0,0,N,0,0,0,5,67301,4,,1,1,,N,N,,0,,0,0,0,3.0,2,,1400,4,2,0,0,0,0,0,3,4,0,2,3,,N,,,,,,,,,,,
2008060269,1405,1,0,0,0,0,0,0,0,0,4,0,,67,3,2008,1,40.0745,-75.035,1405.0,6,0,0,0,0,0,2,0,0,,0,1,0,14,1,1,5,,0,40 04:27.480,,0,75 02:05.280,8,0,0,0,67301,0,0,0,,0,0,0,2,67301,0,,1,1,,,,,0,,0,0,0,3.0,2,,1400,1,2,0,0,0,1,0,3,4,0,2,3,,N,,,,,,,,,,,
2008047384,600,0,0,0,0,0,0,0,0,0,7,1,,67,1,2008,5,39.9591,-75.1579,550.0,6,0,0,0,0,0,0,0,0,9.0,0,1,0,5,3,0,0,,2,39 57:32.594,1.0,1,75 09:28.393,0,0,0,0,67301,0,0,0,N,0,0,0,1,67301,0,,2,1,,N,N,,0,,0,0,0,0.0,0,N,530,0,1,0,0,0,0,0,3,4,0,1,3,,N,,,,,,,,,,,
2008027005,1458,1,0,0,0,0,0,0,0,0,1,0,,67,1,2008,6,39.9072,-75.1497,1450.0,6,0,0,0,0,0,0,0,0,1.0,0,0,0,14,1,0,0,,1,39 54:25.000,2.0,0,75 08:59.037,0,0,0,0,67301,0,0,0,N,0,0,0,2,67301,0,,1,1,,N,N,,1,,0,0,0,0.0,0,N,1440,0,2,0,0,0,0,0,3,4,0,2,3,,N,,,,,,,,,,,
2008027039,2245,2,0,0,0,0,0,0,0,0,2,0,,67,1,2008,4,40.0661,-75.063,2239.0,6,0,0,0,0,0,0,0,1,,0,0,0,22,3,1,1,,0,40 03:58.000,,0,75 03:46.964,8,0,0,0,67301,0,0,0,,0,0,0,2,67301,0,,1,1,,N,N,,0,,0,0,0,3.0,2,,2235,1,2,0,0,0,1,0,3,4,0,2,3,,N,,,,,,,,,,,
2008057231,1905,2,0,0,0,0,0,0,0,0,5,0,,67,3,2008,2,40.1063,-74.995,1859.0,6,0,0,0,0,0,0,0,0,,0,0,0,18,1,0,3,,0,40 06:22.732,,2,74 59:41.839,0,0,0,0,67301,0,0,0,N,0,0,0,2,67301,0,,1,9,,N,N,,0,,0,0,0,3.0,4,,1854,0,2,0,0,0,0,0,3,4,0,2,7,,N,,,,,,,,,,,
2008057247,1440,0,0,0,0,0,0,0,0,0,8,0,,67,3,2008,6,39.9105,-75.1727,1430.0,6,0,0,0,0,0,0,1,0,,0,0,0,14,1,2,2,,0,39 54:37.940,,0,75 10:21.680,8,0,0,0,67301,2,0,0,N,2,0,0,3,67301,0,,1,1,,N,N,,0,,0,0,1,3.0,2,,1420,2,3,0,0,0,2,0,3,4,0,1,3,,N,,,,,,,,,,,
2008054724,2000,2,0,0,0,0,0,0,0,0,6,0,,67,2,2008,6,39.9952,-75.13,2000.0,6,0,0,0,0,0,0,0,0,,0,0,0,20,3,2,1,,0,39 59:42.594,,0,75 07:47.913,4,0,0,0,67301,0,0,0,Y,0,0,0,3,67301,2,,9,1,,N,N,,1,,0,0,0,2.0,3,,2000,2,3,0,0,0,0,1,3,4,0,3,3,,N,,,,,,,,,,,
2008057369,33,2,0,0,0,0,0,0,0,0,1,0,,67,4,2008,5,40.04,-75.1335,30.0,6,0,0,0,0,0,0,0,0,,0,0,0,99,3,3,1,,0,40 02:24.028,,0,75 08:00.423,4,0,0,0,67301,0,0,0,N,0,0,0,5,67301,3,,1,1,,N,N,,0,,0,0,0,3.0,3,,9999,3,2,0,0,0,0,1,3,4,0,2,3,,N,,,,,,,,,,,
2008057611,1604,0,0,0,0,0,0,0,0,0,7,0,,67,4,2008,4,40.033,-75.0208,1548.0,6,0,0,0,0,0,0,0,0,1.0,0,0,0,15,1,0,0,,1,40 01:56.754,2.0,0,75 01:16.125,0,0,0,0,67301,0,0,0,N,0,0,0,1,68K01,0,,2,1,,N,N,,0,,0,0,0,0.0,0,N,1545,0,1,0,0,0,0,0,3,4,1,1,3,,N,,,,,,,,,,,
2008054961,2318,2,0,0,0,0,0,0,0,0,1,0,,67,4,2008,5,39.8931,-75.2359,2314.0,6,0,0,0,0,1,0,0,0,,0,0,0,22,3,0,2,,0,39 53:34.800,,2,75 14:09.240,0,0,0,0,67301,0,0,0,N,0,0,0,2,68K01,0,,1,1,,N,N,,0,,0,0,0,0.0,0,,2259,0,2,0,0,0,0,0,3,4,0,2,3,,N,,,,,,,,,,,
2008040093,2005,0,0,0,0,0,0,0,0,0,7,0,,67,2,2008,4,40.0158,-75.2058,9999.0,6,0,0,0,0,0,1,0,0,,0,0,0,20,2,1,0,,0,40 00:56.990,,0,75 12:20.961,8,0,0,0,67301,0,0,0,N,0,0,0,1,67301,0,,5,9,,N,N,,0,,0,0,0,0.0,0,,2005,1,1,0,0,0,1,0,3,4,1,1,7,,N,,,,,,,,,,,
2008057784,18,1,0,0,0,0,0,0,0,0,5,0,,67,3,2008,2,39.9806,-75.2348,15.0,6,0,0,0,0,0,0,0,0,,0,0,0,0,3,0,0,,0,39 58:50.153,,0,75 14:05.413,9,0,0,0,67301,0,0,0,N,0,0,0,2,67301,0,,1,1,,N,N,,0,,0,0,0,0.0,0,,13,0,2,0,0,0,0,1,3,4,0,2,3,,N,,,,,,,,,,,
2008057800,1424,1,0,0,0,0,0,0,0,0,8,0,,67,3,2008,5,40.0364,-75.1305,1420.0,6,0,0,0,0,0,0,0,0,,0,0,0,14,1,1,0,,0,40 02:11.155,,0,75 07:49.853,4,0,0,0,67301,1,0,0,N,1,0,0,2,67301,1,,1,1,,N,N,,0,,0,0,0,0.0,0,,1420,1,2,0,0,0,0,0,3,4,0,1,3,,N,,,,,,,,,,,
2008057802,25,3,0,0,0,0,0,0,0,0,5,0,,67,4,2008,4,40.0761,-75.0471,21.0,6,0,0,0,0,0,0,0,0,,0,0,0,0,3,0,0,,0,40 04:34.136,,0,75 02:49.408,0,0,0,0,67301,0,0,0,N,0,0,0,1,67301,0,,1,1,,N,N,,0,,0,0,0,0.0,0,,19,0,3,0,0,0,0,0,3,4,0,3,3,,N,,,,,,,,,,,
2008029134,1825,0,0,0,0,0,0,0,0,0,8,0,,67,1,2008,3,39.9539,-75.1595,1824.0,6,0,0,0,0,0,0,0,0,,0,0,0,18,3,1,1,,0,39 57:14.000,,0,75 09:34.032,4,0,0,0,67301,1,0,0,N,1,0,0,2,67301,1,,1,1,,N,N,,0,,0,0,1,3.0,2,,1821,1,2,0,0,0,0,0,3,4,0,1,3,,N,,,,,,,,,,,
2008042138,1354,1,0,0,0,0,0,0,0,0,7,0,,67,1,2008,4,39.9059,-75.1339,1354.0,6,0,0,0,0,0,0,0,0,1.0,0,0,0,13,1,0,0,,1,39 54:21.298,3.0,2,75 08:02.118,0,0,0,0,67301,0,0,0,N,0,0,0,1,67501,0,,5,1,,N,N,,0,,0,0,0,3.0,8,N,1354,0,1,0,0,0,0,0,3,4,0,1,3,,N,,,,,,,,,,,
2008044700,816,0,0,0,0,0,0,0,0,0,4,0,,67,1,2008,4,39.9918,-75.1373,814.0,6,0,0,0,0,0,0,0,0,1.0,0,0,0,8,1,2,1,,1,39 59:30.366,4.0,0,75 08:14.457,4,0,0,0,67301,0,0,0,N,0,0,0,5,67301,2,,1,1,,N,N,,1,,0,0,0,0.0,0,Y,814,2,2,0,0,2,0,0,3,4,1,2,3,,N,,,,,,,,,,,
2008119023,1250,1,0,0,0,0,0,0,0,0,1,0,,67,9,2008,3,39.9513,-75.1991,1135.0,6,0,0,0,0,0,0,0,0,,0,0,0,11,1,1,10,,0,39 57:04.584,,0,75 11:56.878,4,0,0,0,67301,0,0,0,N,0,0,0,2,67301,1,,1,9,,N,N,,1,,0,0,0,1.0,2,,1135,1,2,0,0,0,0,0,3,4,0,2,7,,N,,,,,,,,,,,
2008119110,9999,1,0,0,0,0,0,0,0,0,4,0,,67,9,2008,1,40.014,-75.1022,812.0,6,0,0,0,0,0,0,0,0,,0,0,0,7,1,1,2,,0,40 00:50.331,,0,75 06:07.934,4,0,0,0,67301,0,0,0,N,0,0,0,2,67301,1,,1,1,,N,N,,0,,0,0,1,3.0,3,,700,1,2,0,0,0,0,1,3,4,0,2,3,,N,,,,,,,,,,,
2008133512,2120,2,0,0,0,0,0,0,0,0,4,0,,67,10,2008,6,39.9531,-75.1818,2115.0,6,0,0,0,1,0,0,0,0,,0,0,0,21,3,0,1,,0,39 57:11.160,,2,75 10:54.120,0,0,0,0,67301,0,0,0,N,0,0,0,4,67301,0,,1,1,,N,N,,0,,0,0,0,3.0,2,,2100,0,2,0,0,0,0,0,3,4,0,2,3,,N,,,,,,,,,,,
2008090042,1723,1,0,0,0,0,0,0,0,0,1,0,,67,7,2008,7,40.0002,-75.1949,1718.0,6,0,0,0,0,0,0,0,0,,0,0,0,17,1,2,0,,0,40 00:03.560,,0,75 11:40.927,4,0,0,0,67301,0,0,0,N,0,0,0,7,68K01,2,,1,1,,N,N,,0,,0,0,1,0.0,0,,1715,2,2,0,0,0,0,0,3,4,0,2,3,,N,,,,,,,,,,,
2008098075,1905,0,0,0,1,0,0,0,0,0,4,0,,67,7,2008,6,39.9906,-75.1498,1900.0,6,0,0,0,0,0,0,0,0,,0,0,0,19,1,1,0,,0,39 59:26.264,,0,75 08:59.424,4,0,0,1,67301,1,0,0,N,0,0,0,2,67301,1,,1,1,,N,N,,0,,0,0,0,0.0,0,,1900,1,2,0,0,0,0,1,3,4,0,1,3,,N,,,,,,,,,,,
2008079698,1430,1,0,0,0,0,0,0,0,0,8,0,,67,5,2008,7,40.0178,-75.0805,1420.0,6,0,0,0,0,0,0,0,0,,0,0,0,99,1,1,0,,0,40 01:03.936,,0,75 04:49.789,4,0,0,0,67301,1,0,0,N,1,0,0,2,67301,1,,1,1,,N,N,,0,,0,0,0,0.0,0,,9999,1,2,0,0,1,0,0,3,4,0,1,3,,N,,,,,,,,,,,
2008079704,1350,2,0,0,0,0,0,0,0,0,4,0,,67,5,2008,7,40.049,-75.158,1330.0,6,0,0,0,1,0,0,0,0,2.0,0,0,0,13,1,5,2,,2,40 02:56.389,5.0,0,75 09:28.713,3,0,0,0,67301,0,0,0,N,0,0,0,5,67301,0,,1,1,,N,N,,0,,2,0,0,3.0,3,Y,1320,5,2,0,0,1,3,0,3,4,0,2,3,,N,,,,,,,,,,,
2008089958,1725,0,0,0,0,0,0,0,0,0,7,0,,67,6,2008,3,39.9892,-75.1348,1725.0,6,0,0,0,0,0,0,0,0,1.0,1,0,0,17,1,0,0,,2,39 59:21.137,1.0,0,75 08:05.250,1,1,0,1,67301,0,0,0,N,0,0,0,1,67301,0,2.0,4,1,,N,N,,0,0.0,0,0,0,0.0,0,Y,1720,0,1,0,0,0,0,0,3,4,0,1,3,,N,,,,,,,,,,,
2008089974,1046,1,0,1,0,0,0,0,0,0,2,0,,67,6,2008,3,39.9385,-75.2344,1045.0,6,0,0,0,0,0,2,0,0,,2,0,0,10,1,4,0,,0,39 56:18.919,,0,75 14:04.043,1,0,0,0,67301,0,0,0,N,0,0,0,7,67301,0,2.0,1,1,,N,N,,0,0.0,2,2,0,0.0,0,,1044,4,3,1,0,1,0,0,3,4,2,3,3,,N,,,,,,,,,,,
2008079389,1736,2,0,0,0,0,0,0,0,0,4,0,,67,6,2008,1,39.9866,-75.1464,1735.0,6,0,0,1,0,0,0,0,0,,0,0,0,17,1,5,1,,0,39 59:11.919,,0,75 08:47.028,4,0,0,0,67301,0,0,0,N,0,0,0,5,67301,5,,1,1,,N,N,,0,,0,0,0,3.0,3,,1730,5,2,0,0,0,0,0,3,4,0,2,3,,N,,,,,,,,,,,
2008082587,2150,3,0,0,0,0,0,0,0,0,1,0,,67,5,2008,2,40.1226,-74.9987,2139.0,6,0,0,0,0,0,0,0,0,,0,0,0,21,3,1,0,,0,40 07:21.536,,0,74 59:55.219,4,0,0,0,67301,0,0,0,N,0,0,0,1,67301,1,,6,1,,N,N,,0,,0,0,0,0.0,0,,2110,1,3,0,0,1,0,0,3,4,0,3,3,,N,,,,,,,,,,,
2008082478,1558,1,0,0,0,0,0,0,0,0,8,0,,67,5,2008,2,39.938,-75.1486,1550.0,6,0,0,0,0,0,1,0,0,,0,0,0,15,1,1,0,,0,39 56:16.731,,0,75 08:54.945,4,0,0,0,67301,1,0,0,N,1,0,0,2,67301,1,,1,1,,N,N,,0,,0,0,0,0.0,0,,1550,1,2,0,0,0,0,0,3,4,0,1,3,,N,,,,,,,,,,,
2008072051,1748,1,0,0,0,0,0,0,0,0,8,0,,67,4,2008,3,40.0016,-75.1528,1747.0,6,0,0,0,0,0,0,0,0,,0,0,0,17,1,1,2,,0,40 00:05.764,,0,75 09:10.529,4,0,0,0,67301,1,0,0,N,1,0,0,2,67301,1,,1,1,,N,N,,0,,0,0,0,3.0,1,,1742,1,2,0,0,0,0,1,3,4,0,1,3,,N,,,,,,,,,,,
2008072086,410,2,0,0,0,0,0,0,0,0,4,0,,67,4,2008,7,39.9996,-75.1251,407.0,6,0,0,0,0,0,0,0,0,,0,0,0,3,3,1,1,,0,39 59:58.555,,0,75 07:30.237,8,0,0,0,67301,0,0,0,N,0,0,0,4,67301,0,,1,1,,N,N,,0,,0,0,0,3.0,2,,345,1,2,0,0,0,1,0,3,4,0,2,3,,N,,,,,,,,,,,
2008127387,1335,1,0,0,0,0,0,0,0,0,1,0,,67,11,2008,1,39.9668,-75.1878,1326.0,6,0,0,0,0,0,2,0,0,1.0,0,0,0,13,1,1,0,,1,39 58:00.872,3.0,0,75 11:16.899,8,0,0,0,67301,0,0,0,N,0,0,0,3,68K01,0,,1,1,,N,N,,0,,0,0,1,0.0,0,N,1326,1,2,0,0,0,1,0,3,4,0,2,3,,N,,,,,,,,,,,
2008127393,1837,1,0,0,0,0,0,0,0,0,1,0,,67,11,2008,2,39.9451,-75.1908,1834.0,6,0,0,0,0,0,0,0,0,2.0,0,0,0,18,3,2,3,,1,39 56:42.200,4.0,2,75 11:27.000,4,0,0,0,67301,0,0,0,N,0,0,0,3,68K01,2,,1,1,,N,N,,0,,0,0,0,0.0,0,N,1830,2,2,0,0,0,0,0,3,4,1,2,3,,N,,,,,,,,,,,
2008119894,1835,1,0,0,0,0,0,0,0,0,4,0,,67,9,2008,1,40.0667,-74.983,1825.0,6,0,0,1,0,0,0,0,0,,0,0,0,17,1,0,2,,0,40 04:00.223,,0,74 58:58.830,0,0,0,0,67301,0,0,0,N,0,0,0,2,67301,0,,1,1,,N,N,,1,,0,0,0,0.0,0,,1735,0,2,0,0,0,0,0,3,4,0,2,3,,N,,,,,,,,,,,
2008122797,2044,1,0,0,1,0,0,0,0,0,8,0,,67,9,2008,7,39.9426,-75.157,2044.0,6,0,0,0,0,0,0,0,0,,0,0,0,20,3,1,2,,0,39 56:33.363,,0,75 09:25.365,8,0,0,0,67301,1,0,0,N,0,0,0,2,67301,0,,1,9,,N,N,,0,,0,0,0,3.0,2,,2042,1,2,0,0,0,1,1,3,4,0,1,7,5.0,N,,,,,,,,,,,
2008015157,1558,1,0,0,0,0,0,0,0,0,7,0,,67,1,2008,6,39.9821,-75.2074,1552.0,6,0,0,0,0,0,0,0,0,,0,0,0,15,1,0,0,,0,39 58:59.000,,0,75 12:28.836,0,0,0,0,67301,0,0,0,Y,0,0,0,1,68K01,0,,7,1,,N,N,,0,,0,0,0,0.0,0,,1550,0,1,0,0,0,0,0,3,4,0,1,3,,N,,,,,,,,,,,
2008060579,952,2,0,0,0,0,0,0,0,0,1,0,,67,4,2008,6,39.9534,-75.1371,950.0,6,0,0,0,0,0,0,1,0,,0,0,0,9,1,1,0,,0,39 57:12.330,,0,75 08:13.615,8,0,0,0,67301,0,0,0,N,0,0,0,2,67501,0,,1,1,,N,N,,0,,0,0,0,3.0,8,,952,1,2,0,0,0,1,0,3,4,0,2,3,,N,,,,,,,,,,,
2008057983,1930,1,0,0,0,0,0,0,0,0,1,0,,67,3,2008,2,,,1910.0,6,0,0,0,0,0,0,0,0,3.0,0,0,0,18,1,0,0,,1,,1.0,0,,0,0,0,0,67301,0,0,0,N,0,0,0,6,67301,0,,1,9,,N,N,,0,,0,0,1,0.0,0,N,1822,0,2,0,0,0,0,0,3,3,0,2,7,,N,,,,,,,,,,,
2008057996,1007,1,0,0,0,0,0,0,0,0,7,0,,67,4,2008,6,40.0167,-75.2025,1005.0,6,0,0,0,0,0,1,0,0,1.0,0,0,0,10,1,1,0,,2,40 01:00.208,1.0,0,75 12:09.111,4,0,0,0,67301,0,0,0,N,0,0,0,1,67301,1,,2,9,,N,N,,0,,0,0,0,0.0,0,Y,1003,1,1,0,0,0,0,0,3,4,0,1,3,,N,,,,,,,,,,,
2008058225,2305,2,0,0,0,0,0,0,0,0,1,0,,67,3,2008,6,40.0302,-75.1454,2300.0,6,0,0,0,0,0,1,0,0,,0,0,0,22,3,0,3,,0,40 01:48.856,,0,75 08:43.310,0,0,0,0,67301,0,0,0,N,0,0,0,3,67301,0,,1,1,,N,N,,0,,0,0,0,3.0,2,,2245,0,2,0,0,0,0,0,3,4,0,2,3,,N,,,,,,,,,,,
2008047071,1000,2,0,0,0,0,0,0,0,0,1,0,,67,3,2008,4,40.0047,-75.0761,957.0,6,0,0,0,0,0,2,0,0,,0,0,0,9,1,0,0,,0,40 00:17.214,,0,75 04:33.639,0,0,0,0,67301,0,0,0,N,0,0,0,3,68K01,0,,1,1,,N,N,,0,,0,0,0,0.0,0,,956,0,3,0,0,0,0,0,3,4,1,3,3,,N,,,,,,,,,,,
2008027198,140,1,0,0,0,0,0,0,0,0,1,0,,67,1,2008,7,39.9868,-75.1808,129.0,6,0,0,0,0,0,0,0,0,,0,0,0,1,3,2,1,,0,39 59:12.000,,0,75 10:50.908,8,0,0,0,67301,0,0,0,,0,0,0,3,67301,0,,1,1,,,,,0,,0,0,0,3.0,2,,115,2,2,0,0,0,2,0,3,4,1,2,3,,N,,,,,,,,,,,
2008040282,1952,0,0,0,0,0,0,0,0,0,8,0,,67,2,2008,2,39.964,-75.1916,1950.0,6,0,0,0,0,0,0,0,0,1.0,0,0,0,17,3,1,1,,1,39 57:50.569,4.0,0,75 11:29.777,4,0,0,0,67301,1,0,0,N,1,0,0,2,67301,1,,1,1,,N,N,,1,,0,0,0,3.0,2,N,1747,1,2,0,0,0,0,0,3,4,0,1,3,,N,,,,,,,,,,,
2008015399,2333,2,0,0,0,0,0,0,0,0,1,0,,67,1,2008,3,39.9362,-75.1996,2329.0,6,0,0,0,0,0,0,0,0,1.0,0,0,0,23,3,1,0,,2,39 56:16.000,3.0,3,75 11:53.896,8,0,0,0,67301,0,0,0,N,0,0,0,2,68K01,0,,1,9,,N,N,,0,,0,0,0,0.0,0,N,2322,1,2,0,0,0,1,0,3,4,0,2,3,,N,,,,,,,,,,,
2008022731,617,2,0,0,0,0,0,0,0,0,4,0,,67,1,2008,1,40.0674,-75.1657,610.0,6,0,0,0,0,0,0,0,0,3.0,1,0,0,6,5,0,2,,2,40 04:02.000,6.0,0,75 09:56.575,1,0,0,0,67301,0,0,0,N,0,0,0,2,67301,0,2.0,1,1,,N,N,,0,9.0,0,0,0,3.0,2,Y,610,0,2,0,0,0,0,0,3,4,0,2,3,,N,,,,,,,,,,,
2008060191,1218,4,0,0,0,0,0,0,0,0,5,0,,67,3,2008,7,39.9542,-75.2028,1215.0,6,0,0,0,0,0,0,0,0,,0,0,0,12,1,0,0,,0,39 57:14.974,,0,75 12:10.252,0,0,0,0,67301,0,0,0,,0,0,0,1,67301,0,,6,1,,N,N,,0,,0,0,0,0.0,0,,1205,0,4,0,0,0,0,0,3,4,0,4,3,,N,,,,,,,,,,,
2008060223,1726,2,0,0,0,0,0,0,0,0,2,0,,67,3,2008,4,40.0272,-75.1512,1720.0,6,0,0,0,0,0,1,0,0,,0,0,0,17,4,2,1,,0,40 01:37.801,,0,75 09:04.478,3,0,0,0,67301,0,0,0,N,0,0,0,3,67301,1,,1,9,,N,N,,0,,1,0,1,3.0,2,,1702,2,3,0,0,0,0,0,3,4,0,3,7,,N,,,,,,,,,,,
2008040126,1912,1,0,0,0,0,0,0,0,0,6,0,,67,1,2008,4,40.0457,-75.1502,1910.0,6,0,0,0,0,0,0,0,0,,0,0,0,19,3,1,2,,0,40 02:44.368,,0,75 09:00.561,4,0,0,0,67301,0,0,0,N,0,0,0,2,67301,1,,1,1,,N,N,,0,,0,0,0,0.0,0,,1900,1,2,0,0,0,0,0,3,4,1,2,3,,N,,,,,,,,,,,
2008057201,2303,2,0,0,0,0,0,0,0,0,4,0,,67,4,2008,5,39.9568,-75.1995,2301.0,6,0,0,0,0,1,0,0,0,,0,0,0,23,3,2,1,,0,39 57:24.565,,0,75 11:58.555,4,0,0,0,67301,0,0,0,N,0,0,0,2,67504,2,,1,9,,N,N,,0,,0,0,0,3.0,2,,2300,2,2,0,0,1,0,0,3,4,0,2,7,,N,,,,,,,,,,,
2008057100,310,1,0,0,0,0,0,0,0,0,4,0,,67,3,2008,7,40.026,-75.122,310.0,6,0,0,0,0,0,0,0,0,1.0,0,0,0,3,3,3,1,,1,40 01:33.551,2.0,0,75 07:19.144,4,0,0,0,67301,0,0,0,N,0,0,0,3,67301,3,,1,1,,N,N,,0,,0,0,1,0.0,0,N,309,3,2,0,0,2,0,0,3,4,0,2,3,,N,,,,,,,,,,,
2008057114,2055,2,0,0,0,0,0,0,0,0,4,0,,67,3,2008,4,39.9454,-75.164,2055.0,6,0,0,0,0,0,0,0,0,,0,0,0,20,3,0,1,,0,39 56:43.479,,0,75 09:50.266,0,0,0,0,67301,0,0,0,N,0,0,0,3,67301,0,,1,9,,N,N,,0,,0,0,0,3.0,3,,2050,0,2,0,0,0,0,0,3,4,0,2,7,,N,,,,,,,,,,,
2008057143,1648,1,0,0,0,0,0,0,0,0,1,0,,67,3,2008,1,40.1002,-75.0217,1643.0,6,0,0,0,0,0,1,0,0,,0,0,0,16,1,2,1,,0,40 06:00.676,,0,75 01:18.249,4,0,0,0,67301,0,0,0,N,0,0,0,5,67301,1,,1,1,,N,N,,0,,0,0,0,3.0,2,,1610,2,3,0,0,0,1,0,3,4,2,3,3,,N,,,,,,,,,,,
2008057334,1955,1,0,0,0,0,0,0,0,0,4,0,,67,3,2008,1,40.0425,-75.056,1945.0,6,0,0,0,1,0,0,0,0,,0,0,0,19,3,1,0,,0,40 02:32.977,,0,75 03:21.645,4,0,0,0,67301,0,0,0,N,0,0,0,11,67301,1,,1,1,,N,N,,1,,0,0,0,0.0,0,,1935,1,2,0,0,0,0,0,3,4,0,2,3,,N,,,,,,,,,,,
2008057667,9999,1,0,0,0,0,0,0,0,0,8,0,,67,4,2008,5,39.9914,-75.1959,7.0,6,0,0,0,0,0,0,0,0,,0,0,0,7,1,1,0,,0,39 59:29.119,,0,75 11:45.337,4,0,0,0,67301,1,0,0,N,1,0,0,2,67301,1,,1,1,,N,N,,0,,0,0,0,0.0,0,,713,1,2,0,0,0,0,0,3,4,0,1,3,,N,,,,,,,,,,,
2008060180,14,2,0,0,0,0,0,0,0,0,4,0,,67,3,2008,2,39.9602,-75.2391,12.0,6,0,0,1,0,1,0,0,0,,0,0,0,23,3,1,1,,0,39 57:36.707,,0,75 14:20.633,3,0,0,0,67301,0,0,0,,0,0,0,7,67301,0,,1,1,,N,N,,0,,1,0,0,3.0,2,,2339,1,2,0,0,0,0,6,3,4,0,2,3,,N,,,,,,,,,,,
2008044664,1420,1,0,0,0,0,0,0,0,0,7,0,,67,1,2008,3,39.9169,-75.216,9999.0,6,0,0,0,0,0,0,0,0,,0,0,0,14,1,1,0,,0,39 55:05.964,,0,75 12:31.709,4,0,0,0,67301,0,0,0,N,0,0,0,1,67301,1,,4,9,,N,N,,0,,0,0,0,3.0,2,,1401,1,1,0,0,0,0,0,3,4,0,1,7,,N,,,,,,,,,,,
2008044680,1845,2,0,0,0,0,0,0,0,0,2,0,,67,1,2008,6,40.068,-75.1596,1843.0,6,0,0,0,0,0,0,0,0,,0,0,0,18,3,1,2,,0,40 04:04.782,,0,75 09:34.642,3,0,0,0,67301,1,0,0,N,1,0,0,3,67301,0,,1,1,,N,N,,0,,1,0,0,0.0,0,,1830,1,3,0,0,0,0,0,3,4,0,2,3,,N,,,,,,,,,,,