CRN,ARRIVAL_TM,AUTOMOBILE_COUNT,BELTED_DEATH_COUNT,BELTED_SUSP_SERIOUS_INJ_COUNT,BICYCLE_COUNT,BICYCLE_DEATH_COUNT,BICYCLE_SUSP_SERIOUS_INJ_COUNT,BUS_COUNT,CHLDPAS_DEATH_COUNT,CHLDPAS_SUSP_SERIOUS_INJ_COUNT,COLLISION_TYPE,COMM_VEH_COUNT,CONS_ZONE_SPD_LIM,COUNTY,CRASH_MONTH,CRASH_YEAR,DAY_OF_WEEK,DEC_LAT,DEC_LONG,DISPATCH_TM,DISTRICT,DRIVER_COUNT_16YR,DRIVER_COUNT_17YR,DRIVER_COUNT_18YR,DRIVER_COUNT_19YR,DRIVER_COUNT_20YR,DRIVER_COUNT_50_64YR,DRIVER_COUNT_65_74YR,DRIVER_COUNT_75PLUS,EST_HRS_CLOSED,FATAL_COUNT,HEAVY_TRUCK_COUNT,HORSE_BUGGY_COUNT,HOUR_OF_DAY,ILLUMINATION,INJURY_COUNT,INTERSECT_TYPE,INTERSECTION_RELATED,LANE_CLOSED,LATITUDE,LN_CLOSE_DIR,LOCATION_TYPE,LONGITUDE,MAX_SEVERITY_LEVEL,MCYCLE_DEATH_COUNT,MCYCLE_SUSP_SERIOUS_INJ_COUNT,MOTORCYCLE_COUNT,MUNICIPALITY,NONMOTR_COUNT,NONMOTR_DEATH_COUNT,NONMOTR_SUSP_SERIOUS_INJ_COUNT,NTFY_HIWY_MAINT,PED_COUNT,PED_DEATH_COUNT,PED_SUSP_SERIOUS_INJ_COUNT,PERSON_COUNT,POLICE_AGCY,POSSIBLE_INJ_COUNT,RDWY_SURF_TYPE_CD,RELATION_TO_ROAD,ROAD_CONDITION,ROADWAY_CLEARED,SCH_BUS_IND,SCH_ZONE_IND,SECONDARY_CRASH,SMALL_TRUCK_COUNT,SPEC_JURIS_CD,SUSP_MINOR_INJ_COUNT,SUSP_SERIOUS_INJ_COUNT,SUV_COUNT,TCD_FUNC_CD,TCD_TYPE,TFC_DETOUR_IND,TIME_OF_DAY,TOT_INJ_COUNT,TOTAL_UNITS,UNB_DEATH_COUNT,UNB_SUSP_SERIOUS_INJ_COUNT,UNBELTED_OCC_COUNT,UNK_INJ_DEG_COUNT,UNK_INJ_PER_COUNT,URBAN_AREA,URBAN_RURAL,VAN_COUNT,VEHICLE_COUNT,WEATHER1,WEATHER2,WORK_ZONE_IND,WORK_ZONE_LOC,WORK_ZONE_TYPE,WORKERS_PRES,WZ_CLOSE_DETOUR,WZ_FLAGGER,WZ_LAW_OFFCR_IND,WZ_LN_CLOSURE,WZ_MOVING,WZ_OTHER,WZ_SHLDER_MDN,WZ_WORKERS_INJ_KILLED
2008044690,2115,2,0,0,0,0,0,0,0,0,4,0,,67,1,2008,4,40.0468,-75.0703,2112.0,6,0,0,0,0,1,1,0,0,,0,0,0,21,3,1,1,,0,40 02:27.183,,0,75 04:33.499,4,0,0,0,67301,0,0,0,N,0,0,0,3,67301,1,,1,1,,N,N,,0,,0,0,0,3.0,2,,2102,1,2,0,0,0,0,0,3,4,0,2,3,,N,,,,,,,,,,,
2008044710,1921,1,0,0,0,0,0,0,0,0,8,0,,67,2,2008,1,40.0315,-75.1409,1914.0,6,0,0,0,0,0,0,0,0,,0,0,0,18,3,1,2,,0,40 01:53.342,,0,75 08:27.225,8,0,0,0,67301,1,0,0,N,1,0,0,2,67301,0,,1,1,,N,N,,0,,0,0,0,3.0,3,,1845,1,2,0,0,0,1,0,3,4,0,1,3,,N,,,,,,,,,,,
2008026926,1106,3,0,0,0,0,0,0,0,0,2,0,,67,1,2008,2,39.9691,-75.1608,1102.0,6,0,0,0,0,0,0,0,0,,0,0,0,11,1,1,2,,0,39 58:08.745,,0,75 09:38.955,8,0,0,0,67301,0,0,0,N,0,0,0,2,67301,0,,1,1,,N,N,,0,,0,0,0,3.0,3,,1100,1,3,0,0,0,1,1,3,4,0,3,3,,N,,,,,,,,,,,
2008119025,1224,1,0,0,0,0,0,0,0,0,8,0,,67,8,2008,7,39.9863,-75.1318,1224.0,6,0,0,1,0,0,0,0,0,2.0,0,0,0,12,1,1,1,,2,39 59:10.777,4.0,0,75 07:54.659,2,0,0,0,67301,1,0,1,,1,0,1,3,67301,0,,1,1,,,,,0,,0,1,0,3.0,2,Y,1222,1,2,0,0,0,0,0,3,4,0,1,3,,N,,,,,,,,,,,
2008119056,158,3,0,0,0,0,0,0,0,0,5,0,,67,9,2008,1,39.9854,-75.1124,158.0,6,0,0,0,0,0,0,0,0,,0,0,0,1,3,0,0,,0,39 59:07.367,,0,75 06:44.649,0,0,0,0,67301,0,0,0,N,0,0,0,1,67301,0,,1,1,,N,N,,0,,0,0,1,0.0,0,,155,0,4,0,0,0,0,0,3,4,0,4,3,,N,,,,,,,,,,,
2008119127,1940,0,0,0,0,0,0,0,0,0,8,0,,67,9,2008,4,39.9309,-75.1753,1930.0,6,0,0,0,0,0,0,0,0,,0,0,0,19,3,1,0,,0,39 55:51.416,,0,75 10:31.058,8,0,0,0,67301,1,0,0,N,1,0,0,2,67301,0,,1,1,,N,N,,0,,0,0,0,0.0,0,,1900,1,2,0,0,0,1,0,3,4,1,1,3,,N,,,,,,,,,,,
2008098068,2215,1,0,0,0,0,0,0,0,0,6,0,,67,6,2008,6,40.0283,-75.0881,2210.0,6,0,0,0,0,0,0,0,0,,0,0,0,22,3,2,1,,0,40 01:42.043,,0,75 05:17.006,4,0,0,0,67301,0,0,0,,0,0,0,5,67301,2,,1,1,,N,N,,0,,0,0,0,3.0,2,,2205,2,2,0,0,0,0,0,3,4,1,2,7,,N,,,,,,,,,,,
2008098170,1616,1,0,0,0,0,0,0,0,0,1,0,,67,7,2008,5,40.1044,-75.0022,1616.0,6,0,0,0,0,0,2,0,0,1.0,0,0,0,16,1,1,8,,1,40 06:16.034,2.0,6,75 00:07.705,8,0,0,0,67301,0,0,0,,0,0,0,2,67301,0,,1,1,,N,N,,0,,0,0,0,3.0,2,N,1616,1,2,0,0,0,1,0,3,4,1,2,3,,N,,,,,,,,,,,
2008072595,955,2,0,0,0,0,0,0,0,0,1,0,,67,4,2008,3,40.0113,-75.2039,955.0,6,0,0,0,0,0,1,0,0,,0,0,0,9,1,0,3,,0,40 00:40.254,,2,75 12:12.761,0,0,0,0,67301,0,0,0,N,0,0,0,2,67301,0,,7,1,,N,N,,0,,0,0,0,3.0,4,,955,0,2,0,0,0,0,0,3,4,0,2,3,,N,,,,,,,,,,,
2008079688,1423,1,0,0,0,0,0,0,0,0,4,0,,67,5,2008,7,40.0565,-75.0464,1415.0,6,0,0,0,0,0,1,0,0,1.0,0,0,0,14,1,1,1,,2,40 03:23.400,5.0,0,75 02:47.040,8,0,0,0,67301,0,0,0,N,0,0,0,3,67301,0,,1,1,,N,N,,0,,0,0,1,3.0,2,Y,1410,1,2,0,0,0,1,0,3,4,0,2,3,,N,,,,,,,,,,,
2008082650,747,2,0,0,0,0,0,0,0,0,6,0,,67,5,2008,6,40.1189,-75.018,742.0,6,0,0,0,0,0,0,0,0,1.0,0,0,0,7,1,1,1,,1,40 07:07.975,2.0,0,75 01:04.685,8,0,0,0,67301,0,0,0,N,0,0,0,2,67301,0,,1,1,,N,N,,0,,0,0,0,3.0,2,N,740,1,2,0,0,0,1,0,3,4,0,2,3,,N,,,,,,,,,,,
2008072487,1901,2,0,0,0,0,0,0,0,0,1,0,,67,6,2008,4,40.011,-75.2061,1858.0,6,0,0,0,0,0,0,0,0,,0,0,0,18,1,1,0,,0,40 00:38.768,,2,75 12:22.860,8,0,0,0,67301,0,0,0,N,0,0,0,2,68K01,0,,1,1,,N,N,,0,,0,0,0,3.0,3,,1853,1,2,0,0,0,1,0,3,4,0,2,3,,N,,,,,,,,,,,
2008072555,1909,1,0,0,0,0,0,0,0,0,8,0,,67,4,2008,2,39.9855,-75.1375,1907.0,6,0,0,0,0,0,0,0,0,,0,0,0,19,1,1,1,,0,39 59:07.800,,0,75 08:15.000,4,0,0,0,67301,1,0,0,N,1,0,0,3,67301,1,,1,9,,N,N,,0,,0,0,0,3.0,3,,1907,1,2,0,0,0,0,0,3,4,0,1,3,,N,,,,,,,,,,,
2008079270,918,1,0,0,0,0,0,0,0,0,8,0,,67,5,2008,6,39.9652,-75.1609,915.0,6,0,0,0,0,0,0,0,0,,0,0,0,9,1,1,1,,0,39 57:54.691,,0,75 09:39.103,3,0,0,0,67301,1,0,0,,1,0,0,2,67301,0,,1,9,,N,N,,0,,1,0,0,0.0,0,,910,1,2,0,0,0,0,0,3,4,0,1,7,,N,,,,,,,,,,,
2008079295,1818,0,0,0,0,0,0,0,0,0,0,0,,67,5,2008,4,39.9268,-75.2203,1816.0,6,0,0,0,0,0,0,0,0,,0,0,0,18,1,1,2,,0,39 55:36.120,,0,75 13:13.080,8,0,0,1,67301,0,0,0,,0,0,0,1,67301,0,,1,1,,,,,0,,0,0,0,0.0,0,,1813,1,1,0,0,0,1,0,3,4,0,1,3,,N,,,,,,,,,,,
2008082405,850,2,0,0,0,0,0,0,0,0,6,0,,67,5,2008,1,39.9738,-75.2453,848.0,6,0,0,0,0,0,0,0,0,,0,0,0,8,1,4,1,,0,39 58:20.375,,0,75 14:42.049,3,0,0,0,67301,0,0,0,N,0,0,0,4,67301,1,,1,1,,N,N,,0,,1,0,0,0.0,0,,847,4,2,0,0,0,2,0,3,4,0,2,3,,N,,,,,,,,,,,
2008082461,1219,2,0,0,0,0,0,0,0,0,1,0,,67,5,2008,7,40.075,-75.046,1219.0,6,0,0,0,0,0,0,0,0,,0,0,0,12,1,1,1,,0,40 04:08.163,,0,75 03:03.468,8,0,0,0,67301,0,0,0,N,0,0,0,4,67301,0,,1,9,,N,N,,0,,0,0,0,3.0,2,,1219,1,2,0,0,0,1,0,3,4,0,2,7,,N,,,,,,,,,,,
2008120211,1233,1,0,0,0,0,0,0,0,0,4,0,,67,9,2008,7,39.9767,-75.2337,1233.0,6,0,0,0,0,0,1,0,1,1.0,0,0,0,12,1,1,1,,2,39 58:35.983,5.0,0,75 14:01.359,8,0,0,0,67301,0,0,0,N,0,0,0,3,67301,0,,1,9,,N,N,,0,,0,0,1,3.0,2,Y,1225,1,3,0,0,0,1,0,3,4,0,3,7,,N,,,,,,,,,,,
2008119685,143,2,0,0,0,0,0,0,0,0,4,0,,67,9,2008,6,39.9617,-75.1545,138.0,6,0,0,0,0,0,0,0,0,1.0,0,0,0,1,3,1,1,,1,39 57:42.116,3.0,0,75 09:16.249,4,0,0,0,67301,0,0,0,,0,0,0,4,67301,1,,1,9,,N,N,,0,,0,0,0,3.0,2,N,131,1,2,0,0,0,0,0,3,4,0,2,7,,N,,,,,,,,,,,
2008026686,1316,2,0,0,0,0,0,0,0,0,1,0,,67,1,2008,1,40.0713,-75.0578,1306.0,6,0,0,0,0,0,1,0,1,,0,0,0,13,1,1,2,,0,40 04:16.842,,0,75 03:28.105,4,0,0,0,67301,0,0,0,N,0,0,0,3,67301,1,,1,9,,N,N,,0,,0,0,0,3.0,2,,1300,1,2,0,0,0,0,0,3,4,0,2,3,,N,,,,,,,,,,,
2008026708,208,1,0,0,0,0,0,0,0,0,7,0,,67,1,2008,4,40.0138,-75.0782,204.0,6,0,0,0,0,0,0,0,0,,0,0,0,99,3,1,0,,0,40 00:49.561,,0,75 04:41.646,3,0,0,0,67301,0,0,0,,0,0,0,1,67301,0,,3,1,,,,,0,,1,0,0,0.0,0,,9999,1,1,0,0,0,0,0,3,4,0,1,3,,N,,,,,,,,,,,
2008057891,1930,0,0,0,0,0,0,0,0,0,8,0,,67,3,2008,5,39.9485,-75.1672,1920.0,6,0,0,0,0,0,0,0,0,,0,0,0,19,1,1,0,,0,39 56:54.682,,0,75 10:01.777,4,0,0,0,67301,1,0,0,,1,0,0,2,67301,1,,1,1,,,,,0,,0,0,1,3.0,2,,1900,1,2,0,0,0,0,0,3,4,0,1,3,,N,,,,,,,,,,,
2008058203,718,0,0,0,0,0,0,0,0,0,2,0,,67,3,2008,3,39.948,-75.1727,716.0,6,0,0,0,0,0,0,0,0,,0,0,0,7,1,0,1,,0,39 56:52.684,,0,75 10:21.874,0,0,0,0,67301,0,0,0,N,0,0,0,2,67301,0,,1,1,,N,N,,2,,0,0,0,0.0,0,,712,0,2,0,0,0,0,0,3,4,0,2,3,,N,,,,,,,,,,,
2008058233,754,3,0,0,0,0,0,0,0,0,4,0,,67,3,2008,2,40.0971,-75.0182,749.0,6,0,0,0,0,1,0,0,0,,0,0,0,7,1,0,1,,0,40 05:49.711,,0,75 01:05.375,0,0,0,0,67301,0,0,0,N,0,0,0,4,67301,0,,1,1,,N,N,,0,,0,0,0,2.0,2,,745,0,3,0,0,0,0,0,3,4,0,3,3,,N,,,,,,,,,,,
2008052918,1238,2,0,0,0,0,0,0,0,0,1,0,,67,4,2008,5,39.9768,-75.1981,1231.0,6,0,0,0,0,0,0,0,0,,0,0,0,12,1,0,0,,0,39 58:37.551,,0,75 11:58.040,0,0,0,0,67301,0,0,0,N,0,0,0,3,68K01,0,,1,1,,N,N,,0,,0,0,1,0.0,0,,1228,0,3,0,0,0,0,0,3,4,0,3,3,,N,,,,,,,,,,,
2008049368,1659,1,0,0,0,0,0,0,0,0,5,1,,67,4,2008,2,39.9243,-75.1472,1653.0,6,0,0,0,0,0,0,0,0,1.0,0,0,0,16,1,0,0,,1,39 55:26.211,1.0,0,75 08:50.054,0,0,0,0,67301,0,0,0,N,0,0,0,2,68K01,0,,1,1,,N,N,,1,,0,0,0,0.0,0,Y,1652,0,2,0,0,0,0,0,3,4,0,2,3,,N,,,,,,,,,,,
2008046762,227,1,0,0,0,0,0,0,0,0,7,0,,67,3,2008,1,39.9617,-75.1397,208.0,6,0,0,0,0,0,0,0,0,1.0,0,0,0,2,3,0,0,,1,39 57:24.397,3.0,2,75 08:29.718,0,0,0,0,67301,0,0,0,N,0,0,0,1,68K01,0,,2,9,,N,N,,0,,0,0,0,0.0,0,N,205,0,1,0,0,0,0,0,3,4,0,1,3,,N,,,,,,,,,,,
2008044309,9999,1,0,0,1,0,0,0,0,0,5,0,,67,2,2008,6,39.9601,-75.1661,,6,0,0,0,0,0,0,0,0,,0,0,0,99,1,1,0,,0,39 57:36.412,,0,75 09:57.936,3,0,0,0,67301,1,0,0,N,0,0,0,2,67301,0,,1,9,,N,N,,0,,1,0,0,0.0,0,,9999,1,2,0,0,0,0,0,3,4,0,1,7,,N,,,,,,,,,,,
2008027224,1714,1,0,0,0,0,0,0,0,0,5,0,,67,1,2008,2,39.9113,-75.2428,1707.0,6,0,0,0,0,0,0,0,0,,0,0,0,14,1,1,3,,0,39 54:40.000,,0,75 14:34.179,8,0,0,0,67301,0,0,0,N,0,0,0,2,67301,0,,1,1,,N,N,,0,,0,0,0,0.0,0,,1415,1,2,0,0,0,1,0,3,4,0,2,3,,N,,,,,,,,,,,
2008044874,1650,2,0,0,0,0,0,0,0,0,1,0,,67,1,2008,6,40.0296,-75.2034,1645.0,6,0,0,0,0,0,0,0,1,,0,0,0,16,1,1,0,,0,40 01:46.000,,0,75 12:12.111,4,0,0,0,67301,0,0,0,,0,0,0,4,67301,1,,1,1,,,,,0,,0,0,0,3.0,2,,1640,1,2,0,0,0,0,0,3,4,0,2,98,,N,,,,,,,,,,,
2008027016,9999,1,0,0,0,0,0,0,0,0,1,1,,67,1,2008,6,39.9496,-75.1999,9999.0,6,0,0,0,0,0,0,0,0,,0,1,0,10,1,2,1,,0,39 56:58.000,,0,75 11:58.815,4,0,0,0,67301,0,0,0,,0,0,0,3,67301,1,,1,1,,,,,0,,0,0,0,3.0,2,,1059,2,2,0,0,0,1,0,3,4,0,2,3,,N,,,,,,,,,,,
2008027037,943,1,0,0,0,0,0,0,0,0,7,0,,67,1,2008,4,40.055,-75.0848,941.0,6,0,0,0,0,0,0,0,0,,0,0,0,9,1,1,1,,0,40 03:17.866,,0,75 05:05.373,4,0,0,0,67301,0,0,0,,0,0,0,1,67301,1,,5,9,,,,,0,,0,0,0,9.0,3,,940,1,1,0,0,0,0,0,3,4,0,1,3,,N,,,,,,,,,,,
2008040132,146,0,0,0,0,0,0,0,0,0,5,0,,67,2,2008,3,39.9801,-75.1333,144.0,6,0,0,0,0,0,0,0,0,,0,0,0,1,3,1,0,,0,39 58:48.500,,0,75 07:59.814,3,0,0,1,67301,0,0,0,N,0,0,0,1,67301,0,,1,1,,N,N,,1,,1,0,0,0.0,0,,140,1,2,0,0,0,0,0,3,4,0,2,3,,N,,,,,,,,,,,
2008027650,1220,1,0,0,0,0,0,0,0,0,1,0,,67,2,2008,7,39.9726,-75.1937,1159.0,6,0,0,0,1,0,0,0,0,,0,0,0,11,1,2,0,,0,39 58:25.000,,0,75 11:38.613,4,0,0,0,67301,0,0,0,N,0,0,0,4,68K01,2,,1,1,,N,N,,0,,0,0,1,0.0,0,,1156,2,2,0,0,0,0,0,3,4,0,2,3,,N,,,,,,,,,,,
2008059642,1330,1,0,0,1,0,0,0,0,0,4,0,,67,4,2008,5,39.9509,-75.2248,1330.0,6,0,0,0,0,0,0,0,0,,0,0,0,13,1,1,0,,0,39 57:03.376,,0,75 13:29.179,8,0,0,0,67301,1,0,0,N,0,0,0,2,67301,0,,1,1,,N,N,,0,,0,0,0,0.0,0,,1325,1,2,0,0,0,1,0,3,4,0,1,3,,N,,,,,,,,,,,
2008057066,915,1,0,0,0,0,0,0,0,0,1,0,,67,3,2008,4,39.9383,-75.1987,910.0,6,0,0,0,0,0,0,0,0,1.0,0,0,0,9,1,4,1,,2,39 56:17.010,1.0,0,75 11:55.632,8,0,0,0,67301,0,0,0,N,0,0,0,4,67301,0,,1,1,,N,N,,1,,0,0,0,3.0,2,Y,905,4,2,0,0,3,4,0,3,4,0,2,3,,N,,,,,,,,,,,
2008057089,845,1,0,0,0,0,0,0,0,0,5,0,,67,4,2008,4,40.0884,-75.0485,828.0,6,0,0,0,0,0,0,0,0,,0,0,0,7,1,1,0,,0,40 05:18.250,,0,75 02:54.726,4,0,0,0,67301,0,0,0,N,0,0,0,3,67301,1,,1,1,,N,N,,0,,0,0,0,0.0,0,,730,1,2,0,0,0,0,1,3,4,0,2,3,,N,,,,,,,,,,,
2008057121,1852,0,0,0,0,0,0,0,0,0,8,0,,67,3,2008,4,39.9622,-75.2276,1845.0,6,0,0,0,0,0,0,0,0,,0,0,0,18,4,1,0,,0,39 57:44.019,,0,75 13:39.474,8,0,0,0,67301,1,0,0,N,1,0,0,2,67301,0,,1,1,,N,N,,0,,0,0,1,0.0,0,,1835,1,2,0,0,0,1,1,3,4,0,1,3,,N,,,,,,,,,,,
2008057151,931,1,0,0,0,0,0,0,0,0,5,0,,67,2,2008,4,39.9753,-75.2456,924.0,6,0,0,0,0,1,1,0,0,,0,0,0,9,1,1,1,,0,39 58:25.887,,0,75 14:43.089,4,0,0,0,67301,0,0,0,,0,0,0,2,67301,1,,1,1,,,,,0,,0,0,0,2.0,2,,924,1,2,0,0,0,0,0,3,4,0,2,3,,N,,,,,,,,,,,
2008057235,1015,1,0,0,0,0,0,0,0,0,4,0,,67,3,2008,2,39.9778,-75.2134,1005.0,6,0,0,0,0,0,1,0,0,1.0,0,0,0,10,1,1,1,,1,39 58:39.973,1.0,0,75 12:48.623,8,0,0,0,67301,0,0,0,N,0,0,0,3,67301,0,,1,9,,N,N,,0,,0,0,1,3.0,2,Y,1000,1,2,0,0,0,1,1,3,4,0,2,7,,N,,,,,,,,,,,
2008057259,1440,1,0,0,0,0,0,0,0,0,8,0,,67,4,2008,7,40.0407,-75.0303,1427.0,6,0,0,0,0,0,0,0,0,,0,0,0,99,1,1,0,,0,40 02:26.323,,7,75 01:49.226,8,0,0,0,67301,1,0,0,N,1,0,0,2,67301,0,,1,1,,N,N,,0,,0,0,0,0.0,0,,9999,1,2,0,0,0,1,0,3,4,0,1,3,,N,,,,,,,,,,,
2008054757,316,1,0,0,0,0,0,0,0,0,5,0,,67,2,2008,5,40.0497,-74.9881,312.0,6,0,0,0,0,0,0,0,0,,0,0,0,3,3,0,1,,0,40 02:58.809,,0,74 59:17.431,0,0,0,0,67301,0,0,0,N,0,0,0,2,67301,0,,1,1,,N,N,,0,,0,0,1,3.0,2,,310,0,2,0,0,0,0,0,3,4,0,2,3,,N,,,,,,,,,,,
2008060134,327,1,0,0,0,0,0,0,0,0,7,0,,67,4,2008,1,39.9227,-75.1918,327.0,6,0,0,0,0,0,0,0,0,,0,0,0,3,3,0,0,,0,39 55:24.467,,0,75 11:32.292,0,0,0,0,67301,0,0,0,Y,0,0,0,1,68K01,0,,5,9,,N,N,,0,,0,0,0,0.0,0,,320,0,1,0,0,0,0,0,3,4,0,1,7,,N,,,,,,,,,,,
2008042358,945,1,0,0,0,0,0,1,0,0,5,1,,67,2,2008,6,39.9944,-75.158,938.0,6,0,0,0,0,0,0,1,0,,0,0,0,9,1,1,0,,0,39 59:39.761,,0,75 09:28.786,8,0,0,0,67301,0,0,0,Y,0,0,0,3,67301,0,,1,1,,N,N,,0,,0,0,0,0.0,0,,935,1,3,0,0,0,1,0,3,4,1,3,3,,N,,,,,,,,,,,
2008040056,1850,2,0,0,0,0,0,0,0,0,4,0,,67,2,2008,4,39.9625,-75.2447,1835.0,6,0,0,0,0,0,1,0,0,,0,0,0,18,3,1,1,,0,39 57:44.000,,0,75 14:40.810,4,0,0,0,67301,0,0,0,,0,0,0,2,67301,1,,1,1,,,,,0,,0,0,0,3.0,2,,1820,1,2,0,0,0,0,0,3,4,0,2,3,,N,,,,,,,,,,,
2008029112,2123,2,0,0,0,0,0,0,0,0,4,0,,67,1,2008,1,40.1191,-75.0179,2121.0,6,0,0,0,2,0,0,0,0,1.0,0,0,0,21,3,2,0,,2,40 07:08.000,1.0,0,75 01:04.293,4,0,0,0,67301,0,0,0,,0,0,0,4,67301,2,,4,1,,,,,0,,0,0,0,0.0,0,Y,2121,2,2,0,0,0,0,0,3,4,0,2,3,,N,,,,,,,,,,,
2008023717,1845,0,0,0,0,0,0,0,0,0,7,0,,67,1,2008,7,40.0456,-75.1283,1831.0,6,0,0,0,0,0,0,0,0,,0,0,0,99,3,1,0,,0,40 02:44.000,,0,75 07:41.835,8,0,0,0,67301,0,0,0,N,0,0,0,1,67301,0,,5,1,,N,N,,0,,0,0,1,0.0,0,,9999,1,1,0,0,0,1,0,3,4,0,1,3,,N,,,,,,,,,,,
2008042187,1100,1,0,0,1,0,0,0,0,0,8,0,,67,2,2008,6,40.0434,-75.1991,1053.0,6,0,0,0,0,0,0,0,0,,0,0,0,21,3,1,1,,0,40 02:36.373,,0,75 11:56.601,4,0,0,0,67301,1,0,0,N,0,0,0,2,67301,1,,1,1,,N,N,,0,,0,0,0,3.0,3,,2115,1,2,0,0,0,0,0,3,4,0,1,3,,N,,,,,,,,,,,
2008044653,238,1,0,0,0,0,0,0,0,0,7,0,,67,1,2008,7,39.9241,-75.1924,235.0,6,0,0,0,0,0,0,0,0,,0,0,0,2,3,0,10,,0,39 55:29.862,,0,75 11:35.293,0,0,0,0,67301,0,0,0,N,0,0,0,2,67301,0,,5,1,,N,N,,0,,0,0,0,0.0,0,,220,0,2,0,0,0,0,0,3,4,0,1,3,,N,,,,,,,,,,,
2008133321,2145,0,0,0,0,0,0,0,0,0,4,0,,67,11,2008,2,40.0173,-75.1163,2142.0,6,0,0,0,0,0,0,0,0,,0,0,0,21,1,2,1,,0,40 01:02.392,,0,75 06:58.530,4,0,0,0,67301,0,0,0,,0,0,0,3,67301,2,,1,1,,N,N,,1,,0,0,1,9.0,2,,2140,2,2,0,0,0,0,0,3,4,0,2,3,,N,,,,,,,,,,,
2008119138,915,2,0,0,0,0,0,0,0,0,4,0,,67,9,2008,3,40.113,-75.023,913.0,6,0,0,0,0,0,1,1,0,,0,0,0,9,1,1,1,,0,40 06:46.664,,0,75 01:22.836,4,0,0,0,67301,0,0,0,N,0,0,0,2,67301,1,,1,1,,N,N,,0,,0,0,0,3.0,2,,910,1,2,0,0,2,0,0,3,4,0,2,3,,N,,,,,,,,,,,
2008133996,434,2,0,0,0,0,0,0,0,0,4,0,,67,11,2008,2,40.035,-75.1737,430.0,6,0,0,0,0,0,0,0,0,,0,0,0,4,3,2,1,,0,40 02:06.009,,0,75 10:25.403,8,0,0,0,67301,0,0,0,N,0,0,0,2,67301,0,,1,1,,N,N,,0,,0,0,0,3.0,2,,430,2,2,0,0,0,2,0,3,4,0,2,3,,N,,,,,,,,,,,
2008098099,1549,1,0,0,0,0,0,0,0,0,4,0,,67,8,2008,5,39.8993,-75.1755,1541.0,6,0,0,0,0,0,1,0,0,,0,0,0,15,1,1,2,,0,39 53:57.571,,0,75 10:31.756,4,0,0,0,67301,0,0,0,N,0,0,0,2,67301,1,,1,1,,N,N,,1,,0,0,0,3.0,4,,1524,1,2,0,0,0,0,0,3,4,0,2,3,,N,,,,,,,,,,,
2008098100,1125,1,0,0,0,0,0,0,0,0,4,0,,67,7,2008,2,39.9165,-75.173,1122.0,6,0,0,0,0,0,0,0,1,,0,0,0,11,1,1,1,,0,39 54:59.536,,0,75 10:22.886,8,0,0,0,67301,0,0,0,,0,0,0,2,67301,0,,1,1,,,,,0,,0,0,1,3.0,3,,1125,1,2,0,0,0,1,1,3,4,0,2,3,,N,,,,,,,,,,,
2008098112,1334,2,0,0,0,0,0,0,0,0,1,0,,67,6,2008,3,40.0753,-75.0735,1333.0,6,0,0,0,0,0,2,0,0,,0,0,0,13,1,1,1,,0,40 04:31.080,,0,75 04:24.600,8,0,0,0,67301,0,0,0,N,0,0,0,4,67301,0,,1,1,,N,N,,0,,0,0,1,3.0,2,,1332,1,4,0,0,0,1,1,3,4,1,4,3,,N,,,,,,,,,,,
2008079531,838,2,0,0,0,0,0,0,0,0,1,0,,67,5,2008,2,40.0359,-75.1499,838.0,6,0,0,0,0,0,0,0,0,,0,0,0,8,1,2,0,,0,40 02:09.096,,0,75 08:59.528,8,0,0,0,67301,0,0,0,N,0,0,0,3,67301,0,,1,9,,N,N,,0,,0,0,1,3.0,2,,830,2,3,0,0,0,2,0,3,4,0,3,7,,N,,,,,,,,,,,
2008072689,635,1,0,0,0,0,0,0,0,0,3,0,,67,4,2008,7,39.9542,-75.1698,631.0,6,0,0,0,0,0,2,0,0,,0,0,0,6,3,2,1,,0,39 57:15.094,,0,75 10:11.174,4,0,0,0,67301,0,0,0,N,0,0,0,2,67301,2,,1,1,,N,N,,1,,0,0,0,3.0,2,,630,2,2,0,0,0,0,0,3,4,0,2,3,,N,,,,,,,,,,,
2008077350,1840,1,0,0,0,0,0,0,0,0,1,0,,67,5,2008,3,39.906,-75.1342,1839.0,6,0,0,0,0,0,0,0,0,,0,0,0,18,1,2,0,,0,39 54:21.732,,3,75 08:02.940,4,0,0,0,67301,0,0,0,N,0,0,0,7,67501,2,,1,1,,N,N,,1,,0,0,1,3.0,8,,1839,2,3,0,0,0,0,0,3,4,0,3,3,,N,,,,,,,,,,,
2008082607,9999,0,0,0,0,0,0,0,0,0,7,0,,67,5,2008,2,,,9999.0,6,0,0,0,0,0,0,0,0,,0,0,0,99,3,1,0,,0,,,0,,8,0,0,0,67301,0,0,0,,0,0,0,1,67301,0,,5,9,,,,,0,,0,0,1,3.0,2,,9999,1,1,0,0,0,1,0,3,3,0,1,7,,N,,,,,,,,,,,
2008082658,1010,2,0,0,0,0,0,0,0,0,4,0,,67,5,2008,6,39.9578,-75.1472,1008.0,6,0,0,0,0,0,1,0,0,,0,0,0,99,3,0,1,,0,39 57:28.162,,0,75 08:50.071,0,0,0,0,67301,0,0,0,N,0,0,0,2,67301,0,,1,1,,N,N,,0,,0,0,0,2.0,2,,9999,0,2,0,0,0,0,0,3,4,0,2,3,,N,,,,,,,,,,,