CRN,ARRIVAL_TM,AUTOMOBILE_COUNT,BELTED_DEATH_COUNT,BELTED_SUSP_SERIOUS_INJ_COUNT,BICYCLE_COUNT,BICYCLE_DEATH_COUNT,BICYCLE_SUSP_SERIOUS_INJ_COUNT,BUS_COUNT,CHLDPAS_DEATH_COUNT,CHLDPAS_SUSP_SERIOUS_INJ_COUNT,COLLISION_TYPE,COMM_VEH_COUNT,CONS_ZONE_SPD_LIM,COUNTY,CRASH_MONTH,CRASH_YEAR,DAY_OF_WEEK,DEC_LAT,DEC_LONG,DISPATCH_TM,DISTRICT,DRIVER_COUNT_16YR,DRIVER_COUNT_17YR,DRIVER_COUNT_18YR,DRIVER_COUNT_19YR,DRIVER_COUNT_20YR,DRIVER_COUNT_50_64YR,DRIVER_COUNT_65_74YR,DRIVER_COUNT_75PLUS,EST_HRS_CLOSED,FATAL_COUNT,HEAVY_TRUCK_COUNT,HORSE_BUGGY_COUNT,HOUR_OF_DAY,ILLUMINATION,INJURY_COUNT,INTERSECT_TYPE,INTERSECTION_RELATED,LANE_CLOSED,LATITUDE,LN_CLOSE_DIR,LOCATION_TYPE,LONGITUDE,MAX_SEVERITY_LEVEL,MCYCLE_DEATH_COUNT,MCYCLE_SUSP_SERIOUS_INJ_COUNT,MOTORCYCLE_COUNT,MUNICIPALITY,NONMOTR_COUNT,NONMOTR_DEATH_COUNT,NONMOTR_SUSP_SERIOUS_INJ_COUNT,NTFY_HIWY_MAINT,PED_COUNT,PED_DEATH_COUNT,PED_SUSP_SERIOUS_INJ_COUNT,PERSON_COUNT,POLICE_AGCY,POSSIBLE_INJ_COUNT,RDWY_SURF_TYPE_CD,RELATION_TO_ROAD,ROAD_CONDITION,ROADWAY_CLEARED,SCH_BUS_IND,SCH_ZONE_IND,SECONDARY_CRASH,SMALL_TRUCK_COUNT,SPEC_JURIS_CD,SUSP_MINOR_INJ_COUNT,SUSP_SERIOUS_INJ_COUNT,SUV_COUNT,TCD_FUNC_CD,TCD_TYPE,TFC_DETOUR_IND,TIME_OF_DAY,TOT_INJ_COUNT,TOTAL_UNITS,UNB_DEATH_COUNT,UNB_SUSP_SERIOUS_INJ_COUNT,UNBELTED_OCC_COUNT,UNK_INJ_DEG_COUNT,UNK_INJ_PER_COUNT,URBAN_AREA,URBAN_RURAL,VAN_COUNT,VEHICLE_COUNT,WEATHER1,WEATHER2,WORK_ZONE_IND,WORK_ZONE_LOC,WORK_ZONE_TYPE,WORKERS_PRES,WZ_CLOSE_DETOUR,WZ_FLAGGER,WZ_LAW_OFFCR_IND,WZ_LN_CLOSURE,WZ_MOVING,WZ_OTHER,WZ_SHLDER_MDN,WZ_WORKERS_INJ_KILLED
2008082671,1615,1,0,0,0,0,0,0,0,0,4,0,,67,5,2008,5,39.9456,-75.2399,1611.0,6,0,0,0,0,0,0,0,0,,0,0,0,14,1,0,0,,0,39 56:44.081,,7,75 14:23.509,9,0,0,0,67301,0,0,0,N,0,0,0,3,67301,0,,1,1,,N,N,,0,,0,0,1,0.0,0,,1400,0,2,0,0,0,0,3,3,4,0,2,3,,N,,,,,,,,,,,
2008079247,1410,1,0,0,0,0,0,0,0,0,4,0,,67,5,2008,6,39.9848,-75.1167,1410.0,6,0,0,0,0,0,1,0,0,,0,0,0,14,1,1,1,,0,39 59:05.157,,0,75 07:00.015,4,0,0,0,67301,0,0,0,N,0,0,0,4,67301,1,,1,1,,N,N,,0,,0,0,1,2.0,2,,1400,1,2,0,0,0,0,0,3,4,0,2,3,,N,,,,,,,,,,,
2008079269,1615,2,0,0,0,0,0,0,0,0,4,0,,67,5,2008,1,40.0519,-75.1562,1010.0,6,0,0,0,0,0,0,1,0,,0,0,0,10,1,1,1,,0,40 03:06.786,,0,75 09:22.402,8,0,0,0,67301,0,0,0,N,0,0,0,3,67301,0,,1,1,,N,N,,0,,0,0,0,0.0,0,,1005,1,2,0,0,0,1,1,3,4,0,2,3,,N,,,,,,,,,,,
2008072072,9999,0,0,0,0,0,0,0,0,0,7,0,,67,4,2008,4,40.0298,-75.1026,2345.0,6,0,0,0,0,0,0,0,0,3.0,1,0,0,23,3,0,0,,2,40 01:47.448,2.0,0,75 06:09.361,1,1,0,1,67301,0,0,0,N,0,0,0,1,67301,0,2.0,4,1,,N,N,,0,0.0,0,0,0,0.0,0,Y,2345,0,1,0,0,0,0,0,3,4,0,1,3,,N,,,,,,,,,,,
2008053055,1927,1,0,0,0,0,0,0,0,0,7,0,,67,2,2008,4,39.9236,-75.1456,1925.0,6,0,0,0,0,0,0,0,0,,0,0,0,19,2,0,0,,0,39 55:24.981,,0,75 08:44.152,0,0,0,0,67301,0,0,0,N,0,0,0,3,67301,0,,3,9,,N,N,,0,,0,0,0,0.0,0,,1915,0,1,0,0,0,0,0,3,4,0,1,7,,N,,,,,,,,,,,
2008053096,2020,1,0,0,0,0,0,0,0,0,6,0,,67,1,2008,4,39.9211,-75.194,2015.0,6,0,0,0,0,0,1,0,0,,0,1,0,18,3,0,0,,0,39 55:16.055,,0,75 11:38.391,0,0,0,0,67301,0,0,0,,0,0,0,2,67301,0,,7,1,,N,N,,0,,0,0,0,0.0,0,,1812,0,2,0,0,0,0,0,3,4,0,2,3,,N,,,,,,,,,,,
2008044400,1108,3,0,0,0,0,0,0,0,0,5,0,,67,1,2008,3,39.9869,-75.0912,1106.0,6,0,0,0,0,1,0,0,0,1.0,0,0,0,11,1,1,0,,1,39 59:12.480,2.0,0,75 05:28.680,4,0,0,0,67301,0,0,0,N,0,0,0,3,67301,1,,1,9,,N,N,,0,,0,0,0,0.0,0,N,1100,1,3,0,0,0,0,0,3,4,0,3,7,,N,,,,,,,,,,,
2008044413,1934,0,0,0,0,0,0,0,0,0,4,0,,67,1,2008,2,40.0809,-75.0288,1928.0,6,0,0,0,1,0,0,0,0,1.0,0,0,0,19,3,2,5,,1,40 04:51.000,2.0,0,75 01:43.230,4,0,0,0,67301,0,0,0,N,0,0,0,2,67301,2,,1,9,,N,N,,0,,0,0,1,3.0,2,N,1926,2,2,0,0,0,0,0,3,4,1,2,10,,N,,,,,,,,,,,
2008044430,1240,1,0,0,0,0,0,0,0,0,8,0,,67,1,2008,5,39.9638,-75.2303,1235.0,6,0,0,0,0,0,0,0,0,,0,0,0,12,1,1,1,,0,39 57:49.784,,0,75 13:48.907,4,0,0,0,67301,1,0,0,N,1,0,0,2,67301,1,,1,1,,N,N,,0,,0,0,0,3.0,3,,1230,1,2,0,0,0,0,1,3,4,0,1,3,,N,,,,,,,,,,,
2008044477,1040,1,0,0,0,0,0,0,0,0,8,0,,67,1,2008,7,39.9925,-75.1306,1040.0,6,0,0,0,0,0,0,0,0,,0,0,0,10,1,2,1,,0,39 59:33.021,,0,75 07:50.005,3,0,0,0,67301,2,0,0,,2,0,0,3,67301,0,,1,98,,N,N,,0,,2,0,0,3.0,3,,1040,2,3,0,0,0,0,0,3,4,0,1,99,,N,,,,,,,,,,,
2008027206,1810,1,0,0,0,0,0,0,0,0,8,0,,67,1,2008,5,39.9356,-75.223,1800.0,6,0,0,0,0,0,0,1,0,,0,0,0,17,3,1,1,,0,39 56:07.983,,0,75 13:22.832,4,0,0,0,67301,1,0,0,N,1,0,0,2,67301,1,,2,1,,N,N,,0,,0,0,0,9.0,3,,1747,1,2,0,0,0,0,0,3,4,0,1,3,,N,,,,,,,,,,,
2008068553,1319,2,0,0,0,0,0,0,0,0,1,0,,67,5,2008,1,39.9578,-75.1614,1254.0,6,0,0,0,0,0,0,0,0,1.0,0,0,0,12,1,1,0,,1,39 57:28.117,4.0,0,75 09:40.999,4,0,0,0,67301,0,0,0,N,0,0,0,14,68K01,1,,1,1,,N,N,,0,,0,0,1,0.0,0,N,1250,1,4,0,0,0,0,1,3,4,1,4,3,,N,,,,,,,,,,,
2008068559,1043,3,0,0,0,0,0,0,0,0,5,0,,67,6,2008,1,39.9569,-75.1538,1041.0,6,0,0,0,0,0,0,0,0,1.0,0,0,0,10,1,0,0,,1,39 57:24.889,3.0,0,75 09:13.271,0,0,0,0,67301,0,0,0,N,0,0,0,8,68K01,0,,1,1,,N,N,,0,,0,0,0,0.0,0,Y,1038,0,3,0,0,0,0,0,3,4,0,3,3,,N,,,,,,,,,,,
2008060225,831,0,0,0,0,0,0,0,0,0,4,0,,67,3,2008,7,40.0056,-75.0758,831.0,6,0,0,0,0,0,0,0,0,,0,0,0,8,1,3,1,,0,40 00:19.941,,0,75 04:33.060,4,0,0,0,67301,0,0,0,N,0,0,0,4,67301,3,,1,1,,N,N,,1,,0,0,1,3.0,2,,831,3,2,0,0,0,0,1,3,4,0,2,3,,N,,,,,,,,,,,
2008044918,2305,2,0,0,0,0,0,0,0,0,4,0,,67,1,2008,6,39.9497,-75.227,2300.0,6,0,0,0,0,0,0,1,0,,0,0,0,23,3,2,2,,0,39 56:58.931,,0,75 13:37.246,4,0,0,0,67301,0,0,0,N,0,0,0,3,67301,1,,1,1,,N,N,,0,,0,0,1,0.0,0,,2300,2,3,0,0,0,1,0,3,4,0,3,3,,N,,,,,,,,,,,
2008040123,1220,1,0,0,0,0,0,0,0,0,2,0,,67,2,2008,4,39.9425,-75.219,1205.0,6,0,0,0,0,0,1,0,0,,0,0,0,12,1,1,0,,0,39 56:33.000,,0,75 13:08.400,4,0,0,0,67301,0,0,0,,0,0,0,1,67301,1,,1,9,,N,N,,0,,0,0,0,0.0,0,,1200,1,2,0,0,0,0,0,3,4,0,2,7,,N,,,,,,,,,,,
2008032863,1520,2,0,0,0,0,0,0,0,0,1,0,,67,2,2008,1,39.9828,-75.208,1519.0,6,0,0,0,0,0,1,0,0,1.0,0,0,0,15,1,0,0,,1,39 59:01.000,3.0,0,75 12:29.872,0,0,0,0,67301,0,0,0,N,0,0,0,2,68K01,0,,1,1,,N,N,,0,,0,0,0,0.0,0,N,1511,0,2,0,0,0,0,0,3,4,0,2,3,,N,,,,,,,,,,,
2008064752,1956,3,0,0,0,0,0,0,0,0,1,0,,67,5,2008,4,40.0442,-75.0027,1947.0,6,0,0,0,0,0,0,0,0,,0,0,0,19,2,1,0,,0,40 02:40.149,,0,75 00:09.377,4,0,0,0,67301,0,0,0,N,0,0,0,4,68K01,1,,1,1,,N,N,,0,,0,0,0,0.0,0,,1939,1,3,0,0,0,0,0,3,4,0,3,3,,N,,,,,,,,,,,
2008057339,2052,2,0,0,0,0,0,0,0,0,1,0,,67,3,2008,1,39.9041,-75.1974,2048.0,6,0,0,0,0,0,0,0,0,1.0,0,0,0,20,3,2,0,,1,39 54:14.699,1.0,0,75 11:50.709,4,0,0,0,67301,0,0,0,N,0,0,0,3,67301,2,,1,1,,N,N,,0,,0,0,0,0.0,0,Y,2045,2,2,0,0,0,0,0,3,4,0,2,3,,N,,,,,,,,,,,
2008062521,2049,2,0,0,0,0,0,0,0,0,1,0,,67,4,2008,5,39.9234,-75.2364,2035.0,6,0,0,0,0,0,1,0,0,,0,0,0,99,3,2,0,,0,39 55:24.349,,0,75 14:11.154,4,0,0,0,67301,0,0,0,,0,0,0,6,67301,2,,1,9,,,,,0,,0,0,0,2.0,2,,9999,2,3,0,0,1,0,3,3,4,1,3,3,,N,,,,,,,,,,,
2008052443,1644,1,0,0,0,0,0,0,0,0,1,0,,67,4,2008,4,39.9578,-75.1621,1617.0,6,0,0,0,0,0,1,0,0,,0,0,0,16,1,0,0,,0,39 57:28.150,,0,75 09:43.640,0,0,0,0,67301,0,0,0,N,0,0,0,2,68K01,0,,1,1,,N,N,,0,,0,0,1,0.0,0,,1615,0,2,0,0,0,0,0,3,4,0,2,3,,N,,,,,,,,,,,
2008057680,950,1,0,0,0,0,0,0,0,0,8,0,,67,3,2008,6,39.9924,-75.1174,945.0,6,0,0,0,0,0,0,0,0,,0,0,0,17,1,1,0,,0,39 59:32.766,,0,75 07:02.528,4,0,0,0,67301,1,0,0,N,1,0,0,2,67301,1,,1,1,,N,N,,0,,0,0,0,0.0,0,,1750,1,2,0,0,0,0,0,3,4,0,1,3,,N,,,,,,,,,,,
2008023742,1725,1,0,0,0,0,0,0,0,0,7,0,,67,1,2008,5,39.9384,-75.2104,1719.0,6,0,0,0,0,0,1,0,0,,0,0,0,16,3,1,0,,0,39 56:18.000,,0,75 12:37.127,8,0,0,0,67301,0,0,0,N,0,0,0,1,67301,0,,5,1,,N,N,,0,,0,0,0,0.0,0,,1654,1,1,0,0,0,1,0,3,4,0,1,3,,N,,,,,,,,,,,
2008029181,1800,1,0,0,0,0,0,0,0,0,1,0,,67,1,2008,1,40.0243,-75.0629,1759.0,6,0,0,0,0,0,1,0,0,,0,0,0,17,3,1,1,,0,40 01:27.000,,0,75 03:46.564,3,0,0,0,67301,0,0,0,N,0,0,0,2,67301,0,,1,1,,N,N,,0,,1,0,0,3.0,2,,1745,1,2,0,0,2,0,0,3,4,1,2,3,,N,,,,,,,,,,,
2008044670,933,0,0,0,0,0,0,0,0,0,1,0,,67,1,2008,1,39.9959,-75.0921,929.0,6,0,0,0,0,0,0,0,0,,0,0,0,9,1,2,1,,0,39 59:45.293,,0,75 05:31.432,8,0,0,0,67301,0,0,0,N,0,0,0,4,67301,0,,1,1,,N,N,,1,,0,0,1,3.0,2,,925,2,2,0,0,1,2,0,3,4,0,2,3,,N,,,,,,,,,,,
2008044686,341,1,0,0,1,0,0,0,0,0,4,0,,67,1,2008,1,39.9364,-75.1584,340.0,6,0,0,0,0,1,0,0,0,,0,0,0,99,3,1,1,,0,39 56:10.896,,0,75 09:30.326,4,0,0,0,67301,1,0,0,N,0,0,0,2,67301,1,,1,1,,N,N,,0,,0,0,0,3.0,2,,9999,1,2,0,0,0,0,0,3,4,0,1,3,,N,,,,,,,,,,,
2008119017,1020,1,0,0,0,0,0,0,0,0,4,0,,67,9,2008,4,39.9921,-75.1402,1013.0,6,0,0,0,0,0,0,0,0,1.0,0,0,0,10,1,1,1,,2,39 59:31.697,4.0,0,75 08:24.775,4,0,0,0,67301,0,0,0,N,0,0,0,3,67301,1,,1,1,,N,N,,0,,0,0,0,3.0,2,N,1008,1,2,0,0,2,0,0,3,4,1,2,3,,N,,,,,,,,,,,
2008119085,1719,1,0,0,0,0,0,0,0,0,1,0,,67,9,2008,2,39.904,-75.2401,1716.0,6,0,0,0,0,0,0,0,0,,0,0,0,17,4,1,1,,0,39 54:14.564,,0,75 14:24.410,8,0,0,0,67301,0,0,0,N,0,0,0,2,67301,0,,1,1,,N,N,,0,,0,0,1,3.0,2,,1700,1,2,0,0,0,1,0,3,4,0,2,3,,N,,,,,,,,,,,
2008133326,836,0,0,0,0,0,0,1,0,0,1,1,,67,10,2008,3,40.0348,-75.0709,830.0,6,0,0,0,0,0,0,0,0,9.0,0,0,0,99,1,2,0,,1,40 02:05.252,1.0,0,75 04:15.331,4,0,0,0,67301,0,0,0,N,0,0,0,3,67301,2,,1,9,,Y,N,,1,,0,0,0,0.0,0,N,9999,2,2,0,0,0,0,0,3,4,0,2,7,,N,,,,,,,,,,,
2008119104,310,2,0,0,0,0,0,0,0,0,4,0,,67,9,2008,1,40.0365,-75.0346,310.0,6,0,0,0,0,0,0,0,0,9.0,0,0,0,3,3,2,1,,2,40 02:11.281,7.0,0,75 02:04.394,4,0,0,0,67301,0,0,0,N,0,0,0,2,67301,2,,1,1,,N,N,,0,,0,0,0,3.0,3,Y,310,2,2,0,0,0,0,0,3,4,0,2,3,,N,,,,,,,,,,,
2008119140,330,1,0,0,0,0,0,0,0,0,7,0,,67,9,2008,3,40.0788,-75.0699,325.0,6,0,0,0,0,0,0,0,0,,0,0,0,3,3,0,2,,0,40 04:43.555,,0,75 04:11.651,0,0,0,0,67301,0,0,0,,0,0,0,1,67301,0,,2,1,,N,N,,0,,0,0,0,0.0,0,,310,0,1,0,0,0,0,0,3,4,0,1,3,,N,,,,,,,,,,,
2008133538,1830,2,0,0,0,0,0,0,0,0,1,0,,67,10,2008,7,39.9562,-75.2389,1825.0,6,0,0,0,0,0,0,0,0,,0,0,0,18,1,1,0,,0,39 57:22.269,,0,75 14:20.115,8,0,0,0,67301,0,0,0,N,0,0,0,2,67301,0,,1,1,,N,N,,0,,0,0,0,0.0,0,,1820,1,2,0,0,2,1,0,3,4,0,2,3,,N,,,,,,,,,,,
2008133543,2000,1,0,0,0,0,0,0,0,0,8,0,,67,8,2008,4,39.9898,-75.1255,2000.0,6,0,0,0,0,0,0,0,0,,0,0,0,20,1,1,0,,0,39 59:23.245,,0,75 07:31.877,4,0,0,0,67301,1,0,0,N,1,0,0,2,67301,1,,2,1,,N,N,,0,,0,0,0,0.0,0,,2000,1,2,0,0,0,0,1,3,4,0,1,3,,N,,,,,,,,,,,
2008098113,1910,1,0,0,0,0,0,0,0,0,1,0,,67,7,2008,3,40.0299,-75.0875,1907.0,6,0,0,0,0,0,0,0,0,2.0,0,0,0,19,1,1,1,,2,40 01:47.863,6.0,0,75 05:14.656,8,0,0,1,67301,0,0,0,N,0,0,0,2,67301,0,,1,1,,N,N,,0,,0,0,0,3.0,2,Y,1910,1,2,0,0,0,1,0,3,4,0,2,3,,N,,,,,,,,,,,
2008089931,841,2,0,0,0,0,0,0,0,0,4,0,,67,6,2008,6,40.0324,-75.1076,822.0,6,0,0,0,0,0,1,0,0,,0,0,0,7,1,0,2,,0,40 01:56.805,,0,75 06:27.205,0,0,0,0,67301,0,0,0,N,0,0,0,2,67301,0,,1,1,,N,N,,0,,0,0,0,0.0,0,,742,0,2,0,0,0,0,0,3,4,0,2,3,,N,,,,,,,,,,,
2008089975,35,2,0,0,0,0,0,0,0,0,2,0,,67,5,2008,2,39.9582,-75.2352,30.0,6,0,0,1,0,0,0,0,0,,0,0,0,0,3,0,0,,0,39 57:29.372,,0,75 14:06.602,0,0,0,0,67301,0,0,0,N,0,0,0,1,67301,0,,6,1,,N,N,,0,,0,0,1,0.0,0,,25,0,3,0,0,0,0,0,3,4,0,3,3,,N,,,,,,,,,,,
2008072804,812,1,0,0,0,0,0,0,0,0,8,0,,67,4,2008,3,39.9724,-75.1665,810.0,6,0,0,0,0,0,1,0,0,,0,0,0,8,1,1,2,,0,39 58:20.544,,0,75 09:59.380,4,0,0,0,67301,1,0,0,N,1,0,0,2,67301,1,,1,1,,N,Y,,0,,0,0,0,0.0,0,,808,1,2,0,0,0,0,0,3,4,0,1,3,,N,,,,,,,,,,,
2008079370,952,1,0,0,0,0,0,0,0,0,4,0,,67,5,2008,6,40.0511,-75.159,952.0,6,0,0,0,0,0,2,0,0,,0,0,0,9,1,1,1,,0,40 03:03.985,,0,75 09:32.569,4,0,0,0,67301,0,0,0,N,0,0,0,2,67301,1,,1,1,,N,N,,0,,0,0,1,3.0,2,,952,1,2,0,0,0,0,0,3,4,0,2,3,,N,,,,,,,,,,,
2008082599,547,0,0,0,0,0,0,0,0,0,4,1,,67,4,2008,6,39.8946,-75.2367,545.0,6,0,0,0,0,0,0,0,0,3.0,0,1,0,5,3,1,1,,2,39 53:40.604,2.0,0,75 14:12.181,2,0,0,0,67301,0,0,0,,0,0,0,2,67301,0,,1,1,,,,,0,,0,1,1,3.0,2,Y,542,1,2,0,0,0,0,0,3,4,0,2,3,,N,,,,,,,,,,,
2008082657,1805,0,0,0,0,0,0,0,0,0,8,0,,67,5,2008,4,39.9521,-75.1614,1800.0,6,0,0,0,0,0,0,0,0,,0,0,0,18,1,1,1,,0,39 57:07.651,,0,75 09:41.128,4,0,0,0,67301,1,0,0,,1,0,0,2,67301,1,,1,1,,,,,0,,0,0,1,3.0,2,,1800,1,2,0,0,0,0,0,3,4,0,1,3,,N,,,,,,,,,,,
2008079514,2230,1,0,0,0,0,0,0,0,0,8,0,,67,5,2008,5,39.967,-75.2082,2230.0,6,0,0,0,0,0,0,0,0,,0,0,0,22,3,1,2,,0,39 58:01.160,,0,75 12:29.613,8,0,0,0,67301,1,0,0,N,1,0,0,2,67301,0,,1,1,,N,N,,0,,0,0,0,0.0,0,,2230,1,2,0,0,0,1,1,3,4,0,1,3,,N,,,,,,,,,,,
2008079260,1101,1,0,0,0,0,0,0,0,0,4,0,,67,5,2008,4,39.9688,-75.1362,1059.0,6,0,0,0,0,0,0,0,0,,0,0,0,10,1,1,1,,0,39 58:07.845,,0,75 08:10.374,4,0,0,0,67301,1,0,0,N,1,0,0,3,67301,1,,1,1,,N,N,,0,,0,0,0,3.0,2,,1040,1,2,0,0,0,0,0,3,4,0,1,3,,N,,,,,,,,,,,
2008082412,815,1,0,0,0,0,0,0,0,0,4,0,,67,5,2008,4,40.0083,-75.0716,809.0,6,0,0,0,0,1,1,0,0,,0,0,0,8,1,2,2,,0,40 00:29.880,,0,75 04:17.760,8,0,0,0,67301,0,0,0,N,0,0,0,6,67301,0,,1,1,,N,N,,0,,0,0,0,3.0,3,,805,2,2,0,0,0,2,0,3,4,1,2,3,,N,,,,,,,,,,,
2008069674,235,1,0,0,0,0,0,0,0,0,7,0,,67,4,2008,5,40.0194,-75.1489,230.0,6,0,0,0,0,0,0,0,0,,0,0,0,2,3,1,0,,0,40 01:09.678,,0,75 08:56.163,4,0,0,0,67301,0,0,0,N,0,0,0,1,67301,1,,4,1,,N,N,,0,,0,0,0,0.0,0,,230,1,1,0,0,0,0,0,3,4,0,1,3,,N,,,,,,,,,,,
2008069688,631,1,0,0,0,0,0,0,0,0,5,0,,67,4,2008,1,40.0324,-75.1577,627.0,6,0,0,0,0,0,0,0,0,,0,0,0,6,1,0,0,,0,40 01:56.629,,0,75 09:27.590,0,0,0,0,67301,0,0,0,N,0,0,0,2,67301,0,,6,1,,N,N,,0,,0,0,1,0.0,0,,615,0,2,0,0,0,0,0,3,4,0,2,3,,N,,,,,,,,,,,
2008119766,2120,0,0,0,0,0,0,0,0,0,8,0,,67,9,2008,4,39.925,-75.1743,2118.0,6,0,0,0,0,0,0,0,0,1.0,0,0,0,21,3,1,1,,1,39 55:29.938,4.0,0,75 10:27.649,4,0,0,0,67301,1,0,0,N,1,0,0,2,67301,1,,1,1,,N,N,,1,,0,0,0,3.0,2,Y,2115,1,2,0,0,0,0,1,3,4,0,1,3,,N,,,,,,,,,,,
2008119783,840,1,0,0,0,0,0,0,0,0,4,0,,67,9,2008,6,40.0796,-75.2004,828.0,6,0,0,0,0,0,1,0,0,2.0,0,0,0,8,1,1,1,,1,40 04:46.424,1.0,0,75 12:01.564,8,0,0,1,67301,0,0,0,N,0,0,0,2,67301,0,,1,1,,N,N,,0,,0,0,0,3.0,2,N,819,1,2,0,0,0,1,0,3,4,0,2,3,,N,,,,,,,,,,,
2008042119,1955,1,0,0,0,0,0,0,0,0,5,0,,67,2,2008,5,,,1952.0,6,0,0,0,0,0,0,0,0,,0,0,0,19,3,1,0,,0,,,0,,8,0,0,0,67301,1,0,0,N,0,0,0,2,67501,0,,2,1,,N,N,,0,,0,0,0,3.0,4,,1952,1,2,0,0,0,1,1,3,3,0,2,3,,N,,,,,,,,,,,
2008058239,1733,1,0,0,0,0,0,0,0,0,4,0,,67,3,2008,4,39.9693,-75.1432,1730.0,6,0,0,1,0,0,0,0,0,,0,0,0,7,5,0,2,,0,39 58:09.631,,0,75 08:35.678,0,0,0,0,67301,0,0,0,N,0,0,0,3,67301,0,,1,9,,N,N,,0,,0,0,1,3.0,3,,730,0,2,0,0,3,0,0,3,4,0,2,7,,N,,,,,,,,,,,
2008046759,1653,2,0,0,0,0,0,0,0,0,1,0,,67,3,2008,4,40.0119,-75.2049,1653.0,6,0,0,0,0,0,1,0,0,,0,0,0,16,1,2,6,,0,40 00:39.580,,2,75 12:22.170,8,0,0,0,67301,0,0,0,N,0,0,0,3,68K01,0,,1,1,,N,N,,0,,0,0,0,3.0,3,,1649,2,2,0,0,0,2,0,3,4,0,2,3,,N,,,,,,,,,,,
2008044456,1406,2,0,0,0,0,0,1,0,0,2,1,,67,2,2008,4,40.0016,-75.1528,1406.0,6,0,0,0,0,0,0,0,0,1.0,0,0,0,14,1,1,2,,2,40 00:05.764,7.0,0,75 09:10.529,4,0,0,0,67301,0,0,0,N,0,0,0,3,67301,1,,1,1,,N,N,,0,,0,0,0,3.0,2,Y,1405,1,3,0,0,0,0,0,3,4,0,3,3,,N,,,,,,,,,,,
2008027218,1030,2,0,0,0,0,0,0,0,0,1,0,,67,1,2008,1,40.0195,-75.1489,1027.0,6,0,0,0,0,0,1,0,0,,0,0,0,10,1,3,2,,0,40 01:10.000,,0,75 08:56.058,8,0,0,0,67301,0,0,0,N,0,0,0,4,67301,0,,1,1,,N,N,,0,,0,0,0,3.0,2,,1020,3,2,0,0,0,3,0,3,4,0,2,3,,N,,,,,,,,,,,
2008027226,2115,1,0,0,0,0,0,0,0,0,4,0,,67,1,2008,5,39.9946,-75.0945,2115.0,6,0,0,0,0,0,1,0,0,,0,0,0,21,3,2,1,,0,39 59:40.000,,0,75 05:40.312,4,0,0,0,67301,0,0,0,N,0,0,0,2,67301,2,,1,1,,N,N,,0,,0,0,0,3.0,2,,2110,2,2,0,0,0,0,0,3,4,1,2,3,,N,,,,,,,,,,,
2008040286,1715,1,0,0,0,0,0,0,0,0,5,0,,67,1,2008,5,39.9903,-75.1627,1700.0,6,0,0,0,0,0,0,0,0,,0,0,0,17,1,1,0,,0,39 59:25.198,,0,75 09:45.834,8,0,0,0,67301,1,0,0,N,0,0,0,4,67301,0,,6,1,,N,N,,1,,0,0,0,0.0,0,,1700,1,2,0,0,2,1,0,3,4,0,2,3,,N,,,,,,,,,,,
2008060238,1645,1,0,0,0,0,0,0,0,0,4,0,,67,3,2008,5,39.9707,-75.2482,1640.0,6,0,0,0,0,0,0,0,0,,0,0,0,16,1,1,1,,0,39 58:14.682,,0,75 14:53.541,8,0,0,0,67301,0,0,0,N,0,0,0,2,67301,0,,1,1,,N,N,,0,,0,0,1,3.0,3,,1600,1,2,0,0,0,1,1,3,4,0,2,3,,N,,,,,,,,,,,
2008060258,1411,2,0,0,0,0,0,0,0,0,4,0,,67,3,2008,6,39.9295,-75.1703,1410.0,6,0,0,0,0,0,0,1,1,,0,0,0,14,1,1,1,,0,39 55:46.124,,0,75 10:12.997,4,0,0,0,67301,0,0,0,,0,0,0,3,67301,1,,1,1,,,,,0,,0,0,0,9.0,3,,1400,1,2,0,0,0,0,0,3,4,0,2,3,,N,,,,,,,,,,,
2008049881,1458,2,0,0,0,0,0,0,0,0,4,0,,67,2,2008,1,39.981,-75.1757,1452.0,6,0,0,0,0,0,0,1,0,1.0,0,0,0,14,1,0,0,,1,39 58:51.733,1.0,0,75 10:32.588,0,0,0,0,67301,0,0,0,,0,0,0,3,67301,0,,1,1,,,,,0,,0,0,0,0.0,0,N,1447,0,2,0,0,0,0,0,3,4,0,2,3,,N,,,,,,,,,,,
2008040098,1134,2,0,0,0,0,0,0,0,0,4,0,,67,2,2008,4,39.9642,-75.1644,1130.0,6,0,0,0,0,0,1,0,0,,0,0,0,99,1,1,2,,0,39 57:51.112,,0,75 09:51.739,4,0,0,0,67301,0,0,0,N,0,0,0,2,67301,1,,1,6,,N,N,,0,,0,0,0,0.0,0,,9999,1,2,0,0,1,0,1,3,4,0,2,7,,N,,,,,,,,,,,
2008040137,1822,0,0,0,0,0,0,0,0,0,8,0,,67,2,2008,3,39.9549,-75.1664,1821.0,6,0,0,0,0,0,1,0,0,9.0,0,0,0,18,3,1,0,,1,39 57:17.653,1.0,0,75 09:58.888,4,0,0,0,67301,1,0,0,,1,0,0,2,67301,1,,1,1,,N,N,,0,,0,0,1,0.0,0,N,1810,1,2,0,0,1,0,0,3,4,0,1,3,,N,,,,,,,,,,,
2008030242,1110,0,0,0,0,0,0,0,0,0,7,0,,67,2,2008,6,39.9077,-75.1514,1058.0,6,0,0,0,0,0,0,0,0,,0,0,0,10,1,1,0,,0,39 54:22.000,,2,75 08:58.014,4,0,0,0,67301,0,0,0,N,0,0,0,1,68K01,1,,2,7,,N,N,,0,,0,0,1,0.0,0,,1053,1,1,0,0,0,0,0,3,4,0,1,10,,N,,,,,,,,,,,