CRN,ARRIVAL_TM,AUTOMOBILE_COUNT,BELTED_DEATH_COUNT,BELTED_SUSP_SERIOUS_INJ_COUNT,BICYCLE_COUNT,BICYCLE_DEATH_COUNT,BICYCLE_SUSP_SERIOUS_INJ_COUNT,BUS_COUNT,CHLDPAS_DEATH_COUNT,CHLDPAS_SUSP_SERIOUS_INJ_COUNT,COLLISION_TYPE,COMM_VEH_COUNT,CONS_ZONE_SPD_LIM,COUNTY,CRASH_MONTH,CRASH_YEAR,DAY_OF_WEEK,DEC_LAT,DEC_LONG,DISPATCH_TM,DISTRICT,DRIVER_COUNT_16YR,DRIVER_COUNT_17YR,DRIVER_COUNT_18YR,DRIVER_COUNT_19YR,DRIVER_COUNT_20YR,DRIVER_COUNT_50_64YR,DRIVER_COUNT_65_74YR,DRIVER_COUNT_75PLUS,EST_HRS_CLOSED,FATAL_COUNT,HEAVY_TRUCK_COUNT,HORSE_BUGGY_COUNT,HOUR_OF_DAY,ILLUMINATION,INJURY_COUNT,INTERSECT_TYPE,INTERSECTION_RELATED,LANE_CLOSED,LATITUDE,LN_CLOSE_DIR,LOCATION_TYPE,LONGITUDE,MAX_SEVERITY_LEVEL,MCYCLE_DEATH_COUNT,MCYCLE_SUSP_SERIOUS_INJ_COUNT,MOTORCYCLE_COUNT,MUNICIPALITY,NONMOTR_COUNT,NONMOTR_DEATH_COUNT,NONMOTR_SUSP_SERIOUS_INJ_COUNT,NTFY_HIWY_MAINT,PED_COUNT,PED_DEATH_COUNT,PED_SUSP_SERIOUS_INJ_COUNT,PERSON_COUNT,POLICE_AGCY,POSSIBLE_INJ_COUNT,RDWY_SURF_TYPE_CD,RELATION_TO_ROAD,ROAD_CONDITION,ROADWAY_CLEARED,SCH_BUS_IND,SCH_ZONE_IND,SECONDARY_CRASH,SMALL_TRUCK_COUNT,SPEC_JURIS_CD,SUSP_MINOR_INJ_COUNT,SUSP_SERIOUS_INJ_COUNT,SUV_COUNT,TCD_FUNC_CD,TCD_TYPE,TFC_DETOUR_IND,TIME_OF_DAY,TOT_INJ_COUNT,TOTAL_UNITS,UNB_DEATH_COUNT,UNB_SUSP_SERIOUS_INJ_COUNT,UNBELTED_OCC_COUNT,UNK_INJ_DEG_COUNT,UNK_INJ_PER_COUNT,URBAN_AREA,URBAN_RURAL,VAN_COUNT,VEHICLE_COUNT,WEATHER1,WEATHER2,WORK_ZONE_IND,WORK_ZONE_LOC,WORK_ZONE_TYPE,WORKERS_PRES,WZ_CLOSE_DETOUR,WZ_FLAGGER,WZ_LAW_OFFCR_IND,WZ_LN_CLOSURE,WZ_MOVING,WZ_OTHER,WZ_SHLDER_MDN,WZ_WORKERS_INJ_KILLED
2008032864,1217,1,0,0,0,0,0,0,0,0,7,0,,67,2,2008,4,39.9947,-75.1982,1217.0,6,0,0,0,0,0,0,0,0,1.0,0,0,0,12,1,1,0,,2,39 59:46.000,4.0,0,75 11:48.816,3,0,0,0,67301,0,0,0,N,0,0,0,1,68K01,0,,2,9,,N,N,,0,,1,0,0,0.0,0,N,1215,1,1,0,0,0,0,0,3,4,0,1,7,,N,,,,,,,,,,,
2008059654,1215,1,0,0,0,0,0,0,0,0,4,0,,67,3,2008,6,40.0223,-75.162,1154.0,6,0,0,0,1,0,1,0,0,,0,0,0,11,1,5,1,,0,40 01:20.280,,0,75 09:43.200,4,0,0,0,67301,0,0,0,N,0,0,0,5,67301,5,,1,1,,N,N,,1,,0,0,0,3.0,2,,1154,5,2,0,0,0,0,0,3,4,0,2,3,,N,,,,,,,,,,,
2008057325,418,2,0,0,0,0,0,0,0,0,6,0,,67,3,2008,1,40.0313,-75.0849,418.0,6,0,0,0,0,0,1,0,0,,0,0,0,4,3,0,5,,0,40 01:53.078,,0,75 05:05.038,0,0,0,0,67301,0,0,0,,0,0,0,2,67301,0,,1,1,,,,,0,,0,0,0,3.0,2,,418,0,2,0,0,0,0,0,3,4,0,2,3,,N,,,,,,,,,,,
2008057329,530,2,0,0,0,0,0,0,0,0,4,0,,67,3,2008,3,39.957,-75.1645,525.0,6,0,0,0,0,0,0,0,0,,0,0,0,5,1,1,0,,0,39 57:25.059,,0,75 09:52.363,8,0,0,0,67301,0,0,0,N,0,0,0,2,67301,0,,1,1,,N,N,,0,,0,0,0,3.0,3,,515,1,2,0,0,0,1,1,3,4,0,2,3,,N,,,,,,,,,,,
2008057763,2029,1,0,0,0,0,0,0,0,0,5,0,,67,3,2008,4,,,2028.0,6,0,0,0,0,1,1,0,0,,0,0,0,20,3,0,0,,0,,,0,,0,0,0,0,67301,0,0,0,N,0,0,0,3,67301,0,,1,1,,N,N,,0,,0,0,1,0.0,0,,2010,0,2,0,0,0,0,0,3,3,0,2,3,,N,,,,,,,,,,,
2008060352,715,1,0,0,0,0,0,0,0,0,1,0,,67,5,2008,2,39.9895,-75.2063,715.0,6,0,0,0,0,0,0,0,0,,0,0,0,7,1,0,0,,0,39 59:25.166,,0,75 12:19.109,0,0,0,0,67301,0,0,0,N,0,0,0,3,68K01,0,,1,1,,N,N,,0,,0,0,1,0.0,0,,713,0,2,0,0,0,0,0,3,4,0,2,3,,N,,,,,,,,,,,
2008044640,1438,1,0,0,0,0,0,0,0,0,4,0,,67,1,2008,4,40.0673,-75.1467,1434.0,6,0,0,0,0,0,0,1,0,,0,0,0,14,1,0,3,,0,40 04:02.157,,0,75 08:48.213,0,0,0,0,67301,0,0,0,N,0,0,0,2,67301,0,,1,1,,N,N,,0,,0,0,1,3.0,3,,1420,0,2,0,0,0,0,0,3,4,0,2,3,,N,,,,,,,,,,,
2008044641,9999,2,0,0,0,0,0,0,0,0,1,0,,67,2,2008,1,40.0586,-75.1528,1440.0,6,0,0,0,0,0,0,1,0,,0,0,0,14,1,1,1,,0,40 03:30.949,,0,75 09:09.932,4,0,0,0,67301,0,0,0,,0,0,0,4,67301,1,,1,1,,,,,0,,0,0,0,3.0,2,,1445,1,2,0,0,0,0,1,3,4,0,2,3,,N,,,,,,,,,,,
2008133307,1428,1,0,0,0,0,0,0,0,0,7,0,,67,10,2008,7,,,1422.0,6,0,0,0,0,0,0,0,0,2.0,0,0,0,14,1,1,0,,2,,1.0,0,,4,0,0,0,67301,0,0,0,N,0,0,0,2,67301,1,,2,9,,N,N,,0,,0,0,0,0.0,0,Y,1410,1,1,0,0,1,0,0,3,3,0,1,7,,N,,,,,,,,,,,
2008133541,1405,2,0,0,0,0,0,0,0,0,4,0,,67,11,2008,6,39.9185,-75.2259,1359.0,6,0,0,0,0,0,1,0,0,,0,0,0,13,1,2,1,,0,39 55:06.715,,0,75 13:33.263,8,0,0,0,67301,0,0,0,N,0,0,0,3,67301,0,,1,1,,N,N,,0,,0,0,0,3.0,2,,1345,2,2,0,0,0,2,0,3,4,0,2,3,,N,,,,,,,,,,,
2008089807,0,1,0,0,0,0,0,0,0,0,8,0,,67,5,2008,3,39.9932,-75.1492,0.0,6,0,0,0,0,0,0,0,0,,0,0,0,18,1,1,1,,0,39 59:35.692,,0,75 08:57.226,8,0,0,0,67301,1,0,0,N,1,0,0,2,00000,0,,1,1,,N,N,,0,,0,0,0,9.0,9,,1815,1,2,0,0,0,1,0,3,4,0,1,99,,N,,,,,,,,,,,
2008072693,1207,1,0,0,0,0,0,0,0,0,1,0,,67,5,2008,1,39.8985,-75.2542,1207.0,6,0,0,0,0,0,1,0,0,,0,0,0,99,1,1,3,,0,39 53:53.951,,0,75 15:13.873,8,0,0,0,67301,0,0,0,,0,0,0,2,67301,0,,1,1,,N,N,,0,,0,0,1,3.0,2,,9999,1,2,0,0,0,1,0,3,4,0,2,3,,N,,,,,,,,,,,
2008079697,1552,1,0,0,0,0,0,0,0,0,2,0,,67,5,2008,7,39.9644,-75.1343,1550.0,6,0,0,0,0,0,0,0,0,,0,0,0,99,1,2,5,,0,39 57:52.333,,0,75 08:03.810,4,0,0,0,67301,0,0,0,,0,0,0,5,67301,2,,1,1,,,,,1,,0,0,0,9.0,2,,9999,2,2,0,0,0,0,0,3,4,0,2,3,,N,,,,,,,,,,,
2008079371,1953,2,0,0,0,0,0,0,0,0,2,0,,67,5,2008,6,40.0638,-75.1475,1942.0,6,0,0,0,0,1,0,0,0,,0,0,0,19,4,1,1,,0,40 03:49.744,,0,75 08:50.931,4,0,0,0,67301,0,0,0,N,0,0,0,2,67301,1,,1,9,,N,N,,0,,0,0,0,3.0,3,,1942,1,2,0,0,0,0,0,3,4,0,2,7,,N,,,,,,,,,,,
2008079747,2035,2,0,0,0,0,0,0,0,0,4,0,,67,5,2008,5,40.0239,-75.0889,2029.0,6,0,0,0,0,0,0,0,0,2.0,0,0,0,19,3,2,1,,1,40 01:25.989,4.0,0,75 05:19.885,4,0,0,0,67301,0,0,0,N,0,0,0,3,67301,2,,1,1,,N,N,,0,,0,0,0,3.0,3,N,1917,2,2,0,0,0,0,1,3,4,0,2,3,,N,,,,,,,,,,,
2008082590,1215,2,0,0,0,0,0,1,0,0,4,1,,67,5,2008,3,39.9913,-75.1708,1206.0,6,0,0,0,0,0,1,0,0,,0,0,0,11,1,4,1,,0,39 59:28.770,,0,75 10:14.944,4,0,0,0,67301,0,0,0,,0,0,0,5,67301,4,,1,1,,,,,0,,0,0,0,3.0,2,,1158,4,4,0,0,0,0,0,3,4,1,4,3,,N,,,,,,,,,,,
2008082594,9999,1,0,0,0,0,0,0,0,0,8,0,,67,5,2008,3,39.9246,-75.1618,2013.0,6,0,0,0,1,0,0,0,0,,0,0,0,20,3,1,0,,0,39 55:28.586,,0,75 09:42.323,4,0,0,0,67301,1,0,0,N,1,0,0,3,67301,1,,1,1,,,N,,0,,0,0,0,0.0,0,,2008,1,2,0,0,1,0,0,3,4,0,1,3,,N,,,,,,,,,,,
2008082623,942,2,0,0,0,0,0,0,0,0,1,0,,67,5,2008,2,39.9363,-75.225,936.0,6,0,0,0,0,0,1,0,0,,0,0,0,8,1,1,0,,0,39 56:10.680,,0,75 13:30.000,4,0,0,0,67301,0,0,0,N,0,0,0,4,67301,1,,1,1,,N,N,,0,,0,0,0,3.0,2,,830,1,3,0,0,0,0,0,3,4,1,3,3,,N,,,,,,,,,,,
2008079510,1755,1,0,0,0,0,0,0,0,0,4,0,,67,5,2008,4,39.9659,-75.2068,1752.0,6,0,0,0,1,0,1,0,0,,0,0,0,17,1,1,1,,0,39 57:57.398,,0,75 12:24.599,8,0,0,0,67301,0,0,0,N,0,0,0,2,67301,0,,1,1,,N,N,,0,,0,0,0,3.0,3,,1735,1,2,0,0,0,1,0,3,4,1,2,3,,N,,,,,,,,,,,
2008085103,151,1,0,0,0,0,0,0,0,0,7,0,,67,7,2008,5,39.9803,-75.2055,147.0,6,0,0,0,0,0,0,0,0,1.0,0,0,0,1,2,1,0,,1,39 58:51.579,3.0,0,75 12:23.641,8,0,0,0,67301,0,0,0,N,0,0,0,1,68K01,0,,2,9,,N,N,,0,,0,0,0,0.0,0,N,145,1,1,0,0,0,1,0,3,4,0,1,7,,N,,,,,,,,,,,
2008079257,1730,1,0,0,0,0,0,0,0,0,4,0,,67,5,2008,3,40.0337,-75.1458,1728.0,6,0,0,0,0,0,1,0,0,2.0,0,0,0,17,1,0,1,,1,40 02:01.215,3.0,0,75 08:44.879,9,0,0,0,67301,0,0,0,N,0,0,0,2,67301,0,,1,9,,N,N,,0,,0,0,1,3.0,2,N,1715,0,2,0,0,0,0,2,3,4,0,2,7,,N,,,,,,,,,,,
2008076953,1151,2,0,0,0,0,0,0,0,0,4,0,,67,6,2008,2,40.0086,-75.2108,1151.0,6,0,0,0,0,0,0,0,0,1.0,0,0,0,11,1,1,1,,1,40 00:30.523,2.0,0,75 12:40.024,3,0,0,0,67301,0,0,0,N,0,0,0,2,68K01,0,,1,1,,N,N,,0,,1,0,0,3.0,2,N,1146,1,2,0,0,0,0,0,3,4,0,2,3,,N,,,,,,,,,,,
2008072048,911,1,0,0,0,0,0,0,0,0,6,0,,67,5,2008,2,40.0327,-75.19,901.0,6,0,0,0,0,0,0,1,0,,0,0,0,99,1,1,0,,0,40 01:57.719,,0,75 11:23.927,4,0,0,0,67301,0,0,0,N,0,0,0,3,67301,1,,1,1,,N,N,,0,,0,0,1,0.0,0,,9999,1,2,0,0,0,0,0,3,4,0,2,3,,N,,,,,,,,,,,
2008069640,1746,0,0,0,0,0,0,0,0,0,6,0,,67,4,2008,4,40.0171,-75.1513,1742.0,6,0,0,0,0,0,0,0,0,1.0,0,0,0,17,1,1,1,,1,40 01:01.679,2.0,0,75 09:04.532,3,0,0,0,67301,0,0,0,,0,0,0,2,67301,0,,1,1,,,,,0,,1,0,2,3.0,3,Y,1740,1,2,0,0,0,0,0,3,4,0,2,3,,N,,,,,,,,,,,
2008069647,1252,2,0,0,0,0,0,0,0,0,6,0,,67,4,2008,5,39.9831,-75.2423,1250.0,6,0,0,0,0,0,0,0,1,,0,0,0,12,1,0,0,,0,39 58:59.063,,0,75 14:32.355,9,0,0,0,67301,0,0,0,,0,0,0,2,67301,0,,4,1,,,,,0,,0,0,0,0.0,0,,1250,0,2,0,0,0,0,2,3,4,0,2,3,,N,,,,,,,,,,,
2008069650,1020,1,0,0,0,0,0,0,0,0,4,0,,67,4,2008,3,39.9782,-75.2357,1019.0,6,0,0,0,0,0,0,0,0,,0,0,0,10,1,2,1,,0,39 58:41.520,,0,75 14:08.372,8,0,0,0,67301,0,0,0,N,0,0,0,3,67301,0,,1,1,,N,N,,0,,0,0,1,3.0,3,,1011,2,2,0,0,0,2,1,3,4,0,2,3,,N,,,,,,,,,,,
2008069677,1612,1,0,0,0,0,0,0,0,0,1,0,,67,4,2008,5,39.9641,-75.1744,1611.0,6,0,0,0,0,0,0,1,0,,0,0,0,16,1,1,0,,0,39 57:50.838,,0,75 10:27.968,4,0,0,0,67301,0,0,0,,0,0,0,3,67301,1,,1,1,,,,,0,,0,0,2,0.0,0,,1600,1,3,0,0,0,0,0,3,4,0,3,3,,N,,,,,,,,,,,
2008133109,1215,1,0,0,0,0,0,0,0,0,2,0,,67,11,2008,3,40.0817,-74.9944,1214.0,6,0,0,0,0,0,1,0,0,,0,0,0,12,1,1,2,,0,40 04:53.936,,0,74 59:39.961,4,0,0,0,67301,0,0,0,N,0,0,0,2,67301,1,,1,1,,N,N,,0,,0,0,1,0.0,0,,1213,1,2,0,0,0,0,0,3,4,0,2,3,,N,,,,,,,,,,,
2008112284,2138,2,0,0,0,0,0,0,0,0,0,0,,67,10,2008,3,39.9578,-75.1488,2138.0,6,0,0,0,0,0,0,0,0,1.0,0,0,0,21,3,2,0,,1,39 57:27.976,4.0,0,75 08:56.170,4,0,0,0,67301,0,0,0,N,0,0,0,6,68K01,2,,1,1,,N,N,,0,,0,0,0,0.0,0,N,2129,2,2,0,0,4,0,0,3,4,0,2,3,,N,,,,,,,,,,,
2008120127,1725,1,0,0,0,0,0,0,0,0,4,0,,67,9,2008,7,39.954,-75.23,1719.0,6,0,0,0,0,0,0,0,1,,0,0,0,17,4,1,2,,0,39 57:14.396,,0,75 13:48.057,8,0,0,0,67301,0,0,0,N,0,0,0,2,67301,0,,1,9,,N,N,,0,,0,0,1,3.0,2,,1715,1,2,0,0,0,1,0,3,4,0,2,7,,N,,,,,,,,,,,
2008042124,2210,1,0,0,0,0,0,0,0,0,7,0,,67,2,2008,7,40.1002,-75.0221,2203.0,6,0,0,1,0,0,0,0,0,3.0,0,0,0,22,3,2,0,,1,40 06:00.720,4.0,0,75 01:19.488,8,0,0,0,67301,0,0,0,N,0,0,0,3,67301,0,,2,9,,N,N,,0,,0,0,0,0.0,0,Y,2200,2,1,0,0,0,2,0,3,4,0,1,7,,N,,,,,,,,,,,
2008058188,1900,2,0,0,0,0,0,0,0,0,4,0,,67,3,2008,3,40.0115,-75.0698,1857.0,6,0,0,0,0,0,0,0,0,1.0,0,0,0,18,1,1,1,,1,40 00:41.400,7.0,0,75 04:11.280,8,0,0,0,67301,0,0,0,N,0,0,0,3,67301,0,,1,1,,N,N,,0,,0,0,0,3.0,2,N,1853,1,2,0,0,0,1,1,3,4,0,2,3,,N,,,,,,,,,,,
2008044475,1400,1,0,0,0,0,0,0,0,0,4,0,,67,1,2008,2,40.0216,-75.094,9999.0,6,0,0,0,0,0,1,0,0,,0,0,0,14,1,1,2,,0,40 01:17.000,,0,75 05:38.538,8,0,0,0,67301,0,0,0,,0,0,0,2,67301,0,,1,9,,N,N,,1,,0,0,0,3.0,2,,1400,1,2,0,0,0,1,0,3,4,0,2,7,,N,,,,,,,,,,,
2008027223,825,1,0,0,0,0,0,0,0,0,8,0,,67,1,2008,5,39.9366,-75.2186,759.0,6,0,0,0,0,0,0,0,0,,0,0,0,7,1,1,0,,0,39 56:11.924,,0,75 13:06.877,3,0,0,0,67301,1,0,0,,1,0,0,2,67301,0,,1,1,,,,,0,,1,0,0,0.0,0,,759,1,2,0,0,0,0,0,3,4,0,1,3,,N,,,,,,,,,,,
2008040268,308,2,0,0,0,0,0,0,0,0,1,0,,67,2,2008,7,39.9623,-75.2434,301.0,6,0,0,0,0,0,0,0,0,9.0,0,0,0,3,3,0,2,,2,39 57:44.000,4.0,0,75 14:36.195,9,0,0,0,67301,0,0,0,N,0,0,0,2,67301,0,,2,1,,N,N,,0,,0,0,1,0.0,0,Y,301,0,3,0,0,0,0,1,3,4,0,3,3,,N,,,,,,,,,,,
2008023186,2317,2,0,0,0,0,0,0,0,0,4,0,,67,1,2008,7,39.9763,-75.1394,2314.0,6,0,0,0,1,0,0,0,0,4.0,3,0,0,23,3,4,1,,2,39 58:34.842,7.0,0,75 08:21.879,1,0,0,0,67301,0,0,0,,0,0,0,8,67301,1,2.0,1,1,,N,N,,0,0.0,0,0,0,3.0,3,Y,2314,4,2,0,0,0,3,0,3,4,0,2,3,,N,,,,,,,,,,,
2008049866,1620,0,0,0,0,0,0,0,0,0,4,0,,67,2,2008,4,39.9578,-75.1472,1615.0,6,0,0,0,0,0,0,0,0,,0,0,0,16,1,0,2,,0,39 57:28.080,,0,75 08:49.920,9,0,0,0,67301,0,0,0,N,0,0,0,4,67301,0,,1,1,,N,N,,1,,0,0,1,3.0,2,,1600,0,2,0,0,0,0,2,3,4,0,2,3,,N,,,,,,,,,,,
2008060196,945,3,0,0,0,0,0,0,0,0,4,0,,67,3,2008,1,40.0233,-75.2148,945.0,6,0,0,0,0,0,0,0,0,,0,0,0,9,1,0,0,,0,40 01:23.779,,0,75 12:53.338,0,0,0,0,67301,0,0,0,,0,0,0,1,67301,0,,1,1,,N,N,,0,,0,0,0,0.0,0,,930,0,3,0,0,1,0,0,3,4,0,3,3,,N,,,,,,,,,,,
2008062762,1554,0,0,0,0,0,0,0,0,0,1,0,,67,5,2008,3,39.9763,-75.1141,1538.0,6,0,0,0,0,0,0,0,0,,0,0,0,15,1,1,0,,0,39 58:35.993,,0,75 06:49.662,8,0,0,0,67301,0,0,0,N,0,0,0,2,68K01,0,,1,1,,N,N,,1,,0,0,1,0.0,0,,1503,1,2,0,0,0,1,0,3,4,0,2,3,,N,,,,,,,,,,,
2008047377,231,1,0,0,0,0,0,0,0,0,7,0,,67,1,2008,4,40.0257,-75.2222,231.0,6,0,0,0,0,0,0,0,0,,0,0,0,2,3,1,1,,0,40 01:32.678,,0,75 13:19.819,4,0,0,0,67301,0,0,0,,0,0,0,1,67301,1,,5,9,,,,,0,,0,0,0,1.0,3,,231,1,1,0,0,1,0,0,3,4,0,1,7,,N,,,,,,,,,,,
2008027051,905,2,0,0,0,0,0,0,0,0,4,0,,67,1,2008,1,39.9459,-75.2403,859.0,6,0,0,0,0,0,0,1,1,,0,0,0,8,1,0,1,,0,39 56:45.000,,0,75 14:25.019,0,0,0,0,67301,0,0,0,N,0,0,0,3,67301,0,,1,1,,N,N,,0,,0,0,0,3.0,2,,855,0,2,0,0,0,0,0,3,4,0,2,3,,N,,,,,,,,,,,
2008064620,1712,2,0,0,0,0,0,0,0,0,1,0,,67,5,2008,4,39.9841,-75.0962,1658.0,6,0,0,0,0,0,1,0,0,1.0,0,0,0,16,1,0,0,,2,39 59:03.101,1.0,0,75 05:45.790,0,0,0,0,67301,0,0,0,N,0,0,0,6,68K01,0,,1,1,,N,N,,0,,0,0,0,0.0,0,N,1654,0,2,0,0,0,0,0,3,4,0,2,3,,N,,,,,,,,,,,
2008052212,1745,2,0,0,0,0,0,0,0,0,4,0,,67,3,2008,6,39.9405,-75.2189,1745.0,6,0,0,0,0,0,0,0,0,2.0,0,0,0,17,3,6,1,,1,39 56:25.816,3.0,0,75 13:08.210,3,0,0,0,67301,0,0,0,N,0,0,0,7,67301,4,,1,9,,N,N,,0,,1,0,1,3.0,2,Y,1742,5,3,0,0,0,0,0,3,4,0,3,7,,N,,,,,,,,,,,
2008057649,1208,2,0,0,0,0,0,0,0,0,1,0,,67,3,2008,7,40.0337,-75.1052,1200.0,6,0,0,0,0,0,0,0,0,,0,0,0,11,1,0,1,,0,40 02:01.356,,0,75 06:18.759,9,0,0,0,67301,0,0,0,N,0,0,0,3,67301,0,,1,9,,N,N,,0,,0,0,0,3.0,3,,1158,0,2,0,0,0,0,3,3,4,0,2,7,,N,,,,,,,,,,,
2008057657,2320,1,0,0,0,0,0,0,0,0,7,0,,67,4,2008,6,40.0163,-75.203,2315.0,6,0,0,0,0,0,0,0,0,,0,0,0,23,3,0,0,,0,40 00:58.853,,0,75 12:10.785,0,0,0,0,67301,0,0,0,N,0,0,0,1,67301,0,,3,9,,N,N,,0,,0,0,0,0.0,0,,2310,0,1,0,0,1,0,0,3,4,0,1,7,,N,,,,,,,,,,,
2008060177,1440,0,0,0,0,0,0,0,0,0,7,0,,67,3,2008,1,39.9761,-75.1952,1432.0,6,0,0,0,0,0,0,0,0,1.0,0,0,0,14,1,1,0,,2,39 58:33.994,2.0,0,75 11:42.546,8,0,0,1,67301,0,0,0,N,0,0,0,1,67301,0,,4,1,,N,N,,0,,0,0,0,0.0,0,Y,1430,1,1,0,0,0,1,0,3,4,0,1,3,,N,,,,,,,,,,,
2008023534,903,1,0,0,0,0,0,0,0,0,7,0,,67,2,2008,6,39.9975,-75.1961,852.0,6,0,0,0,0,0,0,0,0,1.0,0,0,0,8,1,0,0,,1,39 59:56.068,4.0,0,75 11:43.415,0,0,0,0,67301,0,0,0,N,0,0,0,1,68K01,0,,3,9,,N,N,,0,,0,0,0,0.0,0,N,849,0,1,0,0,0,0,0,3,4,0,1,7,,N,,,,,,,,,,,
2008044647,19,2,0,0,0,0,0,0,0,0,5,0,,67,1,2008,2,40.061,-75.0477,2353.0,6,0,0,0,0,0,0,0,0,,0,0,0,23,3,0,0,,0,40 03:39.600,,0,75 02:51.806,0,0,0,0,67301,0,0,0,N,0,0,0,2,67301,0,,2,1,,N,N,,0,,0,0,0,0.0,0,,2350,0,2,0,0,0,0,0,3,4,0,2,3,,N,,,,,,,,,,,
2008044687,1857,1,0,0,0,0,0,0,0,0,8,0,,67,1,2008,5,40.0538,-75.0758,1855.0,6,0,0,0,0,0,0,0,0,1.0,0,0,0,99,3,1,0,,2,40 03:13.695,4.0,0,75 04:32.923,3,0,0,0,67301,1,0,0,,1,0,0,2,67301,0,,1,1,,,,,0,,1,0,0,0.0,0,Y,9999,1,2,0,0,0,0,0,3,4,0,1,3,,N,,,,,,,,,,,
2008044704,2325,1,0,0,0,0,0,0,0,0,7,0,,67,2,2008,1,39.9142,-75.2214,2321.0,6,0,0,0,0,0,0,0,0,,0,0,0,22,3,0,0,,0,39 54:57.000,,0,75 13:13.231,0,0,0,0,67301,0,0,0,,0,0,0,1,67301,0,,3,1,,N,N,,0,,0,0,0,0.0,0,,2250,0,1,0,0,0,0,0,3,4,0,1,3,,N,,,,,,,,,,,
2008119037,2023,0,0,0,0,0,0,0,0,0,8,0,,67,9,2008,7,39.9905,-75.1405,2029.0,6,0,0,0,0,0,0,0,0,,0,0,0,20,3,1,1,,0,39 59:25.814,,0,75 08:25.976,4,0,0,0,67301,1,0,0,,1,0,0,2,67301,1,,9,1,,,,,0,,0,0,0,0.0,0,,2000,1,2,0,0,0,0,0,3,4,0,1,3,,N,,,,,,,,,,,
2008119039,1205,1,0,0,0,0,0,0,0,0,4,0,,67,9,2008,3,40.0093,-75.069,1141.0,6,0,0,0,1,1,0,0,0,,0,0,0,11,1,1,1,,0,40 00:33.068,,2,75 04:08.444,3,0,0,0,67301,0,0,0,N,0,0,0,3,67301,0,,1,9,,N,N,,0,,1,0,1,3.0,2,,1140,1,2,0,0,0,0,0,3,4,0,2,7,,N,,,,,,,,,,,
2008119073,1615,0,0,0,0,0,0,0,0,0,1,0,,67,9,2008,2,40.0262,-75.095,1610.0,6,0,0,0,0,0,0,0,0,2.0,0,0,0,16,1,1,0,,1,40 01:33.960,1.0,0,75 05:44.160,2,0,1,1,67301,0,0,0,N,0,0,0,2,67301,0,,1,1,,N,N,,0,,0,1,1,0.0,0,N,1609,1,2,0,0,0,0,0,3,4,0,2,3,,N,,,,,,,,,,,
2008119150,1531,1,0,0,0,0,0,0,0,0,8,0,,67,9,2008,2,39.9223,-75.2351,1531.0,6,0,0,0,0,0,0,0,0,,0,0,0,15,1,1,2,,0,39 55:20.420,,0,75 14:06.507,3,0,0,0,67301,1,0,0,N,1,0,0,2,67301,0,,1,1,,N,N,,0,,1,0,0,3.0,3,,1531,1,2,0,0,0,0,0,3,4,0,1,3,,N,,,,,,,,,,,
2008087938,9999,2,0,0,0,0,0,0,0,0,4,0,,67,6,2008,2,39.9211,-75.2242,1620.0,6,0,0,0,0,0,0,0,0,2.0,0,0,0,16,1,2,1,,1,39 55:15.796,4.0,0,75 13:27.001,4,0,0,0,67301,0,0,0,,0,0,0,3,67301,2,,1,1,,N,N,,0,,0,0,0,3.0,2,Y,1620,2,2,0,0,0,0,1,3,4,0,2,3,,N,,,,,,,,,,,
2008098058,1555,0,0,0,0,0,0,0,0,0,2,0,,67,7,2008,6,40.0471,-75.0911,1547.0,6,0,0,0,0,0,0,0,0,,0,0,0,15,1,1,1,,0,40 02:49.411,,0,75 05:27.941,3,0,0,1,67301,0,0,0,N,0,0,0,2,67301,0,,1,1,,N,N,,0,,1,0,1,3.0,2,,1539,1,2,0,0,0,0,0,3,4,0,2,3,,N,,,,,,,,,,,
2008098133,1832,1,0,0,1,0,0,0,0,0,4,0,,67,6,2008,6,40.03,-75.1596,1832.0,6,0,0,0,0,0,1,0,0,,0,0,0,18,1,1,2,,0,40 01:47.920,,0,75 09:34.682,4,0,0,0,67301,1,0,0,N,0,0,0,2,67301,1,,4,1,,N,N,,0,,0,0,0,3.0,3,,1830,1,2,0,0,0,0,0,3,4,0,1,3,,N,,,,,,,,,,,
2008095598,1000,1,0,0,0,0,0,0,0,0,1,0,,67,8,2008,7,40.0299,-75.1046,920.0,6,0,0,0,0,0,1,0,0,,0,0,0,9,1,3,1,,0,40 01:46.560,,0,75 06:13.680,3,0,0,1,67301,0,0,0,N,0,0,0,3,67301,2,,1,1,,N,N,,0,,1,0,0,3.0,2,,920,3,2,0,0,0,0,0,3,4,0,2,3,,N,,,,,,,,,,,
2008106966,2121,1,0,0,0,0,0,0,0,0,5,0,,67,8,2008,4,39.906,-75.1342,2120.0,6,0,0,0,0,0,0,1,0,,0,0,0,21,3,0,0,,0,39 54:21.732,,0,75 08:02.940,0,0,0,0,67301,0,0,0,,0,0,0,2,67501,0,,1,1,,,,,1,,0,0,0,0.0,0,,2118,0,2,0,0,0,0,0,3,4,0,2,3,,N,,,,,,,,,,,