CRN,ARRIVAL_TM,AUTOMOBILE_COUNT,BELTED_DEATH_COUNT,BELTED_SUSP_SERIOUS_INJ_COUNT,BICYCLE_COUNT,BICYCLE_DEATH_COUNT,BICYCLE_SUSP_SERIOUS_INJ_COUNT,BUS_COUNT,CHLDPAS_DEATH_COUNT,CHLDPAS_SUSP_SERIOUS_INJ_COUNT,COLLISION_TYPE,COMM_VEH_COUNT,CONS_ZONE_SPD_LIM,COUNTY,CRASH_MONTH,CRASH_YEAR,DAY_OF_WEEK,DEC_LAT,DEC_LONG,DISPATCH_TM,DISTRICT,DRIVER_COUNT_16YR,DRIVER_COUNT_17YR,DRIVER_COUNT_18YR,DRIVER_COUNT_19YR,DRIVER_COUNT_20YR,DRIVER_COUNT_50_64YR,DRIVER_COUNT_65_74YR,DRIVER_COUNT_75PLUS,EST_HRS_CLOSED,FATAL_COUNT,HEAVY_TRUCK_COUNT,HORSE_BUGGY_COUNT,HOUR_OF_DAY,ILLUMINATION,INJURY_COUNT,INTERSECT_TYPE,INTERSECTION_RELATED,LANE_CLOSED,LATITUDE,LN_CLOSE_DIR,LOCATION_TYPE,LONGITUDE,MAX_SEVERITY_LEVEL,MCYCLE_DEATH_COUNT,MCYCLE_SUSP_SERIOUS_INJ_COUNT,MOTORCYCLE_COUNT,MUNICIPALITY,NONMOTR_COUNT,NONMOTR_DEATH_COUNT,NONMOTR_SUSP_SERIOUS_INJ_COUNT,NTFY_HIWY_MAINT,PED_COUNT,PED_DEATH_COUNT,PED_SUSP_SERIOUS_INJ_COUNT,PERSON_COUNT,POLICE_AGCY,POSSIBLE_INJ_COUNT,RDWY_SURF_TYPE_CD,RELATION_TO_ROAD,ROAD_CONDITION,ROADWAY_CLEARED,SCH_BUS_IND,SCH_ZONE_IND,SECONDARY_CRASH,SMALL_TRUCK_COUNT,SPEC_JURIS_CD,SUSP_MINOR_INJ_COUNT,SUSP_SERIOUS_INJ_COUNT,SUV_COUNT,TCD_FUNC_CD,TCD_TYPE,TFC_DETOUR_IND,TIME_OF_DAY,TOT_INJ_COUNT,TOTAL_UNITS,UNB_DEATH_COUNT,UNB_SUSP_SERIOUS_INJ_COUNT,UNBELTED_OCC_COUNT,UNK_INJ_DEG_COUNT,UNK_INJ_PER_COUNT,URBAN_AREA,URBAN_RURAL,VAN_COUNT,VEHICLE_COUNT,WEATHER1,WEATHER2,WORK_ZONE_IND,WORK_ZONE_LOC,WORK_ZONE_TYPE,WORKERS_PRES,WZ_CLOSE_DETOUR,WZ_FLAGGER,WZ_LAW_OFFCR_IND,WZ_LN_CLOSURE,WZ_MOVING,WZ_OTHER,WZ_SHLDER_MDN,WZ_WORKERS_INJ_KILLED
2008079647,700,1,0,0,0,0,0,0,0,0,8,0,,67,5,2008,2,39.9744,-75.2017,658.0,6,0,0,0,0,0,0,0,0,,0,0,0,6,1,1,1,,0,39 58:28.200,,0,75 12:06.120,8,0,0,0,67301,1,0,0,N,1,0,0,2,67301,0,,1,9,,N,N,,0,,0,0,0,3.0,2,,655,1,2,0,0,0,1,0,3,4,0,1,98,,N,,,,,,,,,,,
2008072729,938,1,0,0,0,0,0,0,0,0,8,0,,67,4,2008,5,39.9553,-75.2402,936.0,6,0,0,0,0,0,0,0,0,,0,0,0,9,1,1,1,,0,39 57:18.907,,0,75 14:24.568,8,0,0,0,67301,1,0,0,N,1,0,0,2,67301,0,,1,1,,N,N,,0,,0,0,0,3.0,2,,931,1,2,0,0,0,1,0,3,4,0,1,3,,N,,,,,,,,,,,
2008072765,747,0,0,0,0,0,0,0,0,0,8,0,,67,3,2008,4,39.9318,-75.1884,745.0,6,0,0,0,0,0,0,0,0,,0,0,0,7,1,1,1,,0,39 55:54.487,,0,75 11:18.153,4,0,0,0,67301,1,0,0,,1,0,0,2,67301,1,,1,1,,N,N,,0,,0,0,0,3.0,3,,740,1,2,0,0,0,0,0,3,4,1,1,3,,N,,,,,,,,,,,
2008072774,2140,2,0,0,0,0,0,0,0,0,4,0,,67,4,2008,7,40.0347,-75.0263,2137.0,6,1,0,0,0,0,0,0,0,,0,0,0,21,3,0,1,,0,40 01:58.081,,0,75 01:47.956,0,0,0,0,67301,0,0,0,,0,0,0,2,67301,0,,1,1,,,,,0,,0,0,0,0.0,0,,2134,0,2,0,0,2,0,0,3,4,0,2,3,,N,,,,,,,,,,,
2008072778,1545,1,0,0,0,0,0,0,0,0,1,0,,67,4,2008,5,40.0276,-75.0984,1534.0,6,0,0,0,0,0,2,0,0,2.0,0,0,0,15,1,4,0,,1,40 01:39.459,2.0,0,75 05:54.178,4,0,0,0,67301,0,0,0,,0,0,0,4,67301,4,,1,1,,,,,1,,0,0,1,0.0,0,N,1530,4,3,0,0,0,0,0,3,4,0,3,3,,N,,,,,,,,,,,
2008082603,1925,1,0,0,0,0,0,0,0,0,4,0,,67,4,2008,1,39.9953,-75.239,1915.0,6,0,0,0,0,1,0,0,0,,0,0,0,19,1,1,0,,0,39 59:43.876,,7,75 14:18.545,4,0,0,0,67301,0,0,0,N,0,0,0,3,67301,1,,1,1,,N,N,,0,,0,0,0,0.0,0,,1910,1,2,0,0,0,0,0,3,4,1,2,3,,N,,,,,,,,,,,
2008082643,858,2,0,0,0,0,0,0,0,0,1,0,,67,5,2008,6,40.0001,-75.1779,856.0,6,0,0,0,0,0,0,0,0,,0,0,0,8,1,1,2,,0,40 00:00.453,,0,75 10:40.444,4,0,0,0,67301,0,0,0,,0,0,0,2,67301,1,,1,9,,N,,,0,,0,0,0,3.0,2,,815,1,2,0,0,0,0,0,3,4,0,2,7,,N,,,,,,,,,,,
2008082667,1405,2,0,0,0,0,0,0,0,0,1,0,,67,5,2008,6,39.9318,-75.2427,1352.0,6,0,0,0,0,0,0,0,0,,0,0,0,13,1,0,0,,0,39 55:54.480,,0,75 14:33.720,0,0,0,0,67301,0,0,0,N,0,0,0,2,67301,0,,1,9,,N,N,,0,,0,0,0,0.0,0,,1330,0,2,0,0,2,0,0,3,4,0,2,7,,N,,,,,,,,,,,
2008079509,52,1,0,0,0,0,0,0,0,0,1,0,,67,5,2008,5,39.9584,-75.2375,50.0,6,0,0,0,0,0,0,0,0,,0,0,0,0,3,1,0,,0,39 57:30.206,,0,75 14:14.928,8,0,0,0,67301,0,0,0,N,0,0,0,1,67301,0,,6,1,,N,N,,0,,0,0,0,0.0,0,,48,1,2,0,0,0,1,0,3,4,1,2,3,,N,,,,,,,,,,,
2008082576,327,1,0,0,0,0,0,0,0,0,1,0,,67,5,2008,1,40.0168,-75.1744,322.0,6,0,0,0,0,0,0,0,0,9.0,0,0,0,99,3,1,3,,1,40 01:00.550,1.0,2,75 10:27.642,4,0,0,0,67301,0,0,0,Y,0,0,0,2,67301,1,,1,1,,N,N,,0,,0,0,0,0.0,0,N,9999,1,2,0,0,0,0,1,3,4,0,2,3,,N,,,,,,,,,,,
2008072230,1541,1,0,0,0,0,0,0,0,0,8,0,,67,4,2008,4,39.992,-75.1397,1538.0,6,0,0,0,0,0,0,0,0,,0,0,0,15,1,1,0,,0,39 59:31.110,,0,75 08:23.030,8,0,0,0,67301,1,0,0,,1,0,0,2,67301,0,,1,1,,N,N,,0,,0,0,0,0.0,0,,1536,1,2,0,0,0,1,1,3,4,0,1,3,,N,,,,,,,,,,,
2008109495,1229,3,0,0,0,0,0,0,0,0,1,0,,67,9,2008,1,39.9451,-75.1908,1211.0,6,0,0,0,0,0,0,0,0,,0,0,0,12,1,2,6,,0,39 56:42.360,,2,75 11:26.880,4,0,0,0,67301,0,0,0,N,0,0,0,4,68K01,2,,1,1,,N,N,,0,,0,0,0,0.0,0,,1210,2,3,0,0,0,0,0,3,4,0,3,3,,N,,,,,,,,,,,
2008069673,1025,1,0,0,1,0,0,0,0,0,4,0,,67,4,2008,5,39.9996,-75.1371,1020.0,6,0,0,0,0,0,0,1,0,,0,0,0,10,1,1,0,,0,39 59:58.517,,0,75 08:13.547,8,0,0,0,67301,1,0,0,N,0,0,0,2,67301,0,,1,1,,N,N,,0,,0,0,0,0.0,0,,1015,1,2,0,0,0,1,0,3,4,0,1,3,,N,,,,,,,,,,,
2008120172,2245,1,0,0,1,0,0,0,0,0,4,0,,67,9,2008,6,39.9856,-75.1722,2240.0,6,0,0,0,0,0,0,0,0,,0,0,0,20,3,1,0,,0,39 59:07.998,,0,75 10:20.089,4,0,0,0,67301,1,0,0,N,0,0,0,2,67301,1,,1,9,,N,N,,0,,0,0,0,0.0,0,,2030,1,2,0,0,0,0,1,3,4,0,1,7,,N,,,,,,,,,,,
2008057980,916,1,0,0,0,0,0,0,0,0,1,0,,67,4,2008,3,,,912.0,6,0,0,0,0,0,0,0,0,,0,0,0,7,1,1,0,,0,,,0,,3,0,0,0,67301,0,0,0,N,0,0,0,2,67301,0,,1,9,,N,N,,0,,1,0,0,0.0,0,,715,1,2,0,0,0,0,1,3,3,0,2,7,,N,,,,,,,,,,,
2008058048,1350,3,0,0,0,0,0,0,0,0,5,0,,67,3,2008,5,39.9576,-75.1996,1341.0,6,0,0,0,0,0,0,1,0,,0,0,0,13,1,1,0,,0,39 57:27.270,,0,75 11:58.506,8,0,0,0,67301,0,0,0,N,0,0,0,2,67301,0,,1,9,,N,N,,0,,0,0,2,0.0,0,,1339,1,5,0,0,0,1,0,3,4,0,5,3,,N,,,,,,,,,,,
2008053250,1420,2,0,0,0,0,0,0,0,0,5,0,,67,2,2008,4,40.0379,-75.1765,1415.0,6,0,1,0,0,0,0,0,0,,0,0,0,14,1,0,0,,0,40 02:16.511,,0,75 10:35.514,0,0,0,0,67301,1,0,0,N,0,0,0,3,67301,0,,6,9,,N,N,,0,,0,0,0,3.0,2,,1415,0,2,0,0,0,0,0,3,4,0,2,7,,N,,,,,,,,,,,
2008049781,1059,1,0,0,0,0,0,0,0,0,5,1,,67,3,2008,7,39.9316,-75.1996,1034.0,6,0,0,0,1,0,0,0,0,,0,1,0,10,1,0,0,,0,39 55:55.811,,0,75 11:59.761,0,0,0,0,67301,0,0,0,N,0,0,0,3,68K01,0,,1,1,,N,N,,0,,0,0,0,0.0,0,,1026,0,2,0,0,0,0,0,3,4,0,2,3,,N,,,,,,,,,,,
2008046775,1716,3,0,0,0,0,0,0,0,0,1,0,,67,3,2008,5,39.9475,-75.1878,1715.0,6,0,0,0,0,0,1,0,0,1.0,0,0,0,17,1,2,0,,2,39 56:50.967,3.0,0,75 11:16.186,4,0,0,0,67301,0,0,0,N,0,0,0,3,68K01,2,,1,1,,N,N,,0,,0,0,0,0.0,0,N,1711,2,3,0,0,0,0,0,3,4,0,3,3,,N,,,,,,,,,,,
2008044461,646,0,0,0,0,0,0,0,0,0,8,0,,67,1,2008,2,40.0352,-75.0868,642.0,6,0,0,0,0,0,0,0,0,,0,0,0,6,5,1,1,,0,40 02:06.716,,0,75 05:12.458,8,0,0,0,67301,1,0,0,N,1,0,0,2,67301,0,,1,9,,N,N,,0,,0,0,1,3.0,3,,635,1,2,0,0,0,1,0,3,4,0,1,7,,N,,,,,,,,,,,
2008047074,1050,1,0,0,0,0,0,0,0,0,4,1,,67,3,2008,6,39.9596,-75.1766,1049.0,6,0,0,0,0,0,0,0,0,1.0,0,1,0,10,1,1,0,,2,39 57:34.787,3.0,0,75 10:37.651,8,0,0,0,67301,0,0,0,N,0,0,0,2,68K01,0,,1,1,,N,N,,0,,0,0,0,0.0,0,N,1046,1,2,0,0,0,1,0,3,4,0,2,3,,N,,,,,,,,,,,
2008027235,816,2,0,0,0,0,0,0,0,0,4,0,,67,1,2008,1,40.0585,-75.0788,811.0,6,0,0,0,1,0,0,0,1,2.0,0,0,0,8,1,6,1,,1,40 03:30.000,4.0,0,75 04:43.841,4,0,0,0,67301,0,0,0,N,0,0,0,8,67301,1,,1,1,,N,N,,0,,0,0,0,3.0,3,N,809,6,3,0,0,0,5,0,3,4,1,3,3,,N,,,,,,,,,,,
2008049869,2300,1,0,0,0,0,0,0,0,0,1,1,,67,2,2008,3,39.9301,-75.2192,2250.0,6,0,0,0,0,0,0,1,0,,0,1,0,22,3,4,2,,0,39 55:48.360,,0,75 13:09.120,8,0,0,0,67301,0,0,0,N,0,0,0,5,67301,0,,1,1,,N,N,,0,,0,0,0,3.0,3,,2200,4,2,0,0,0,4,1,3,4,0,2,3,,N,,,,,,,,,,,
2008060263,2130,2,0,0,0,0,0,0,0,0,4,0,,67,3,2008,7,40.0138,-75.056,2123.0,6,0,0,0,0,0,0,1,0,,0,0,0,99,3,1,1,,0,40 00:50.174,,0,75 03:20.262,4,0,0,0,67301,0,0,0,N,0,0,0,3,67301,1,,1,1,,N,N,,0,,0,0,0,3.0,2,,9999,1,2,0,0,0,0,0,3,4,0,2,3,,N,,,,,,,,,,,
2008060272,1325,2,0,0,0,0,0,0,0,0,6,0,,67,4,2008,1,40.0808,-75.2027,1320.0,6,0,0,0,0,0,0,1,0,,0,0,0,13,1,1,1,,0,40 04:51.033,,0,75 12:09.606,8,0,0,0,67301,0,0,0,,0,0,0,2,67301,0,,1,9,,,,,0,,0,0,0,3.0,2,,1300,1,2,0,0,0,1,0,3,4,0,2,7,,N,,,,,,,,,,,
2008062759,1053,0,0,0,0,0,0,0,0,0,1,1,,67,5,2008,2,39.9941,-75.1989,1049.0,6,0,0,0,0,0,0,0,0,,0,1,0,10,1,0,0,,0,39 59:41.967,,0,75 11:52.598,0,0,0,0,67301,0,0,0,N,0,0,0,2,68K01,0,,1,8,,N,N,,0,,0,0,1,0.0,0,,1047,0,2,0,0,1,0,0,3,4,0,2,7,,N,,,,,,,,,,,
2008047383,1645,2,0,0,0,0,0,0,0,0,5,0,,67,1,2008,5,39.8955,-75.2329,1645.0,6,0,0,0,0,0,0,0,0,,0,0,0,16,1,1,0,,0,39 53:43.778,,0,75 13:58.319,4,0,0,0,67301,0,0,0,N,0,0,0,2,67301,1,,1,1,,N,N,,0,,0,0,0,0.0,0,,1645,1,2,0,0,0,0,1,3,4,0,2,3,,N,,,,,,,,,,,
2008027023,359,1,0,0,0,0,0,0,0,0,8,0,,67,1,2008,1,40.0318,-75.1171,354.0,6,0,0,0,0,0,1,0,0,,0,0,0,3,3,1,0,,0,40 01:54.000,,0,75 07:01.566,4,0,0,0,67301,1,0,0,N,1,0,0,2,67301,1,,1,9,,N,N,,0,,0,0,0,0.0,0,,350,1,2,0,0,0,0,0,3,4,0,1,7,,N,,,,,,,,,,,
2008027057,1045,0,0,0,0,0,0,0,0,0,1,0,,67,1,2008,2,39.9961,-75.1141,1044.0,6,0,0,0,0,0,0,0,0,,0,0,0,10,1,1,0,,0,39 59:45.974,,0,75 06:50.832,8,0,0,0,67301,0,0,0,N,0,0,0,1,67301,0,,6,1,,N,N,,0,,0,0,3,0.0,0,,1044,1,3,0,0,0,1,0,3,4,0,3,3,,N,,,,,,,,,,,
2008030243,1135,2,0,0,0,0,0,0,0,0,1,0,,67,2,2008,6,39.8913,-75.2382,1135.0,6,0,0,0,1,0,0,0,0,,0,0,0,11,1,0,0,,0,39 53:28.000,,0,75 14:17.537,0,0,0,0,67301,0,0,0,N,0,0,0,5,68K01,0,,2,7,,N,N,,0,,0,0,1,0.0,0,,1135,0,3,0,0,0,0,0,3,4,0,3,10,,N,,,,,,,,,,,
2008064496,911,0,0,0,0,0,0,0,0,0,7,0,,67,5,2008,1,39.9507,-75.1411,904.0,6,0,0,0,0,0,0,0,0,,0,0,0,9,1,0,0,,0,39 57:02.943,,0,75 08:27.878,0,0,0,0,67301,0,0,0,N,0,0,0,1,68K01,0,,2,1,,N,N,,0,,0,0,1,0.0,0,,904,0,1,0,0,1,0,0,3,4,0,1,3,,N,,,,,,,,,,,
2008059640,1614,1,0,0,0,0,0,0,0,0,7,0,,67,3,2008,2,39.9697,-75.1871,1609.0,6,0,0,0,1,0,0,0,0,,0,0,0,16,1,1,0,,0,39 58:10.872,,0,75 11:13.370,3,0,0,0,67301,0,0,0,N,0,0,0,1,67301,0,,2,9,,N,N,,0,,1,0,0,0.0,0,,1605,1,1,0,0,0,0,0,3,4,0,1,7,,N,,,,,,,,,,,
2008057126,9999,1,0,0,0,0,0,0,0,0,8,0,,67,3,2008,1,40.0308,-75.1528,9999.0,6,0,0,0,0,0,0,0,0,,0,0,0,18,1,1,2,,0,40 01:51.009,,0,75 09:10.227,4,0,0,0,67301,1,0,0,N,1,0,0,2,67301,1,,1,1,,N,N,,0,,0,0,0,0.0,0,,1800,1,2,0,0,0,0,0,3,4,0,1,3,,N,,,,,,,,,,,
2008062281,1340,1,0,0,0,0,0,0,0,0,7,0,,67,5,2008,5,39.9578,-75.1408,1340.0,6,0,0,0,0,1,0,0,0,1.0,0,0,0,13,1,1,0,,1,39 57:27.810,1.0,0,75 08:26.719,4,0,0,0,67301,0,0,0,N,0,0,0,1,68K01,1,,2,1,,N,N,,0,,0,0,0,0.0,0,N,1336,1,1,0,0,0,0,0,3,4,0,1,3,,N,,,,,,,,,,,
2008057668,236,1,0,0,0,0,0,0,0,0,7,0,,67,3,2008,4,40.0221,-75.1391,235.0,6,0,0,1,0,0,0,0,0,1.0,0,0,0,2,3,0,0,,1,40 01:18.912,2.0,0,75 08:21.603,0,0,0,0,67301,0,0,0,N,0,0,0,1,67301,0,,2,1,,N,N,,0,,0,0,0,3.0,2,N,230,0,1,0,0,0,0,0,3,4,0,1,3,,N,,,,,,,,,,,
2008057672,1112,1,0,0,0,0,0,0,0,0,7,0,,67,3,2008,7,40.0775,-75.0438,1108.0,6,0,0,0,0,0,1,0,0,3.0,0,0,0,11,1,1,0,,2,40 04:38.976,6.0,0,75 02:37.654,8,0,0,0,67301,0,0,0,N,0,0,0,1,67301,0,,2,1,,N,N,,0,,0,0,0,0.0,0,Y,1105,1,1,0,0,0,1,0,3,4,0,1,3,,N,,,,,,,,,,,
2008023527,2045,2,0,0,0,0,0,0,0,0,7,0,,67,1,2008,1,39.9796,-75.2044,2038.0,6,0,0,0,0,0,0,1,0,1.0,0,0,0,20,3,3,0,,2,39 58:49.224,3.0,0,75 12:19.353,8,0,0,0,67301,0,0,0,N,0,0,0,4,68K01,0,,3,9,,N,N,,0,,0,0,0,0.0,0,N,2037,3,3,0,0,1,3,0,3,4,1,3,7,,N,,,,,,,,,,,
2008057767,1957,1,0,0,0,0,0,0,0,0,7,0,,67,3,2008,2,40.035,-75.1884,1927.0,6,0,0,0,0,0,0,0,0,,0,0,0,19,3,0,2,,0,40 02:05.924,,0,75 11:18.304,0,0,0,0,67301,0,0,0,N,0,0,0,1,67301,0,,2,9,,N,N,,0,,0,0,0,0.0,0,,1917,0,1,0,0,0,0,0,3,4,0,1,7,,N,,,,,,,,,,,
2008060351,1853,1,0,0,0,0,0,0,0,0,7,0,,67,5,2008,1,39.9132,-75.1482,1850.0,6,0,0,0,0,0,0,0,0,1.0,0,0,0,18,1,0,0,,1,39 54:43.550,1.0,2,75 08:53.932,0,0,0,0,67301,0,0,0,N,0,0,0,2,68K01,0,,2,1,,N,N,,0,,0,0,0,0.0,0,N,1842,0,1,0,0,0,0,0,3,4,0,1,3,,N,,,,,,,,,,,
2008044672,1835,2,0,0,0,0,0,0,0,0,4,0,,67,1,2008,4,40.0045,-75.1321,1830.0,6,0,0,0,0,1,0,0,0,,0,0,0,18,4,1,1,,0,40 00:16.318,,0,75 07:55.437,4,0,0,0,67301,0,0,0,N,0,0,0,2,67301,1,,1,9,,N,N,,0,,0,0,0,3.0,2,,1815,1,2,0,0,0,0,0,3,4,0,2,7,,N,,,,,,,,,,,
2008128599,1813,2,0,0,0,0,0,0,0,0,1,0,,67,11,2008,4,39.9679,-75.1302,1813.0,6,0,0,0,0,1,0,0,0,1.0,0,0,0,18,3,0,0,,1,39 58:05.634,1.0,0,75 07:46.100,9,0,0,0,67301,0,0,0,N,0,0,0,3,68K01,0,,1,1,,N,N,,0,,0,0,0,0.0,0,N,1800,0,2,0,0,1,0,1,3,4,0,2,3,,N,,,,,,,,,,,
2008070673,935,1,0,0,0,0,0,0,0,0,2,0,,67,4,2008,6,40.0682,-75.0055,931.0,6,0,0,0,0,0,0,1,0,,0,0,0,9,1,1,0,,0,40 04:05.373,,0,75 00:19.691,4,0,0,0,67301,0,0,0,N,0,0,0,2,67301,1,,1,1,,N,N,,1,,0,0,0,0.0,0,,925,1,2,0,0,0,0,0,3,4,0,2,3,,N,,,,,,,,,,,
2008101793,1459,0,0,0,0,0,0,0,0,0,7,0,,67,9,2008,7,39.8923,-75.1978,1450.0,6,0,0,0,0,0,0,0,0,1.0,0,0,0,14,1,0,0,,2,39 53:36.810,2.0,3,75 11:45.830,0,0,0,0,67301,0,0,0,N,0,0,0,1,68K01,0,,2,9,,N,N,,1,,0,0,0,0.0,0,N,1446,0,1,0,0,0,0,0,3,4,0,1,7,,N,,,,,,,,,,,
2008079687,1650,0,0,0,0,0,0,0,0,0,8,0,,67,5,2008,6,40.0348,-75.1175,1644.0,6,0,0,0,0,0,0,0,0,,0,0,0,15,1,1,1,,0,40 02:05.280,,0,75 07:03.000,4,0,0,0,67301,1,0,0,N,1,0,0,2,67301,1,,1,9,,N,Y,,0,,0,0,1,3.0,2,,1503,1,2,0,0,0,0,0,3,4,0,1,7,,N,,,,,,,,,,,
2008072791,1600,1,0,0,1,0,0,0,0,0,4,0,,67,4,2008,7,39.966,-75.1792,1558.0,6,0,0,0,0,0,0,0,0,,0,0,0,15,1,1,8,,0,39 57:58.111,,6,75 10:45.592,4,0,0,0,67301,1,0,0,,0,0,0,2,67301,1,,1,1,,N,,,0,,0,0,0,3.0,2,,1555,1,2,0,0,0,0,0,3,4,0,1,3,,N,,,,,,,,,,,
2008079749,1459,3,0,0,0,0,0,0,0,0,1,0,,67,5,2008,7,39.9461,-75.2422,1456.0,6,0,0,0,0,0,0,0,0,,0,0,0,14,1,0,0,,0,39 56:45.933,,0,75 14:31.879,0,0,0,0,67301,0,0,0,N,0,0,0,4,67301,0,,1,1,,N,N,,0,,0,0,0,0.0,0,,1440,0,3,0,0,0,0,0,3,4,0,3,3,,N,,,,,,,,,,,
2008082596,1427,2,0,0,0,0,0,0,0,0,4,0,,67,4,2008,2,39.9134,-75.1651,1425.0,6,0,0,0,0,0,0,0,0,1.0,0,0,0,14,1,2,1,,2,39 54:48.124,2.0,0,75 09:54.367,4,0,0,0,67301,0,0,0,N,0,0,0,3,67301,2,,1,9,,N,N,,0,,0,0,0,3.0,2,N,1420,2,2,0,0,0,0,0,3,4,0,2,7,,N,,,,,,,,,,,
2008082674,1820,1,0,0,1,0,0,0,0,0,4,0,,67,5,2008,6,39.9226,-75.2308,1716.0,6,0,0,0,0,0,0,0,0,,0,0,0,14,1,1,1,,0,39 55:21.442,,0,75 13:50.969,4,0,0,0,67301,1,0,0,,0,0,0,2,67301,1,,1,9,,,,,0,,0,0,0,3.0,3,,1430,1,2,0,0,0,0,0,3,4,0,1,7,,N,,,,,,,,,,,
2008082408,1636,2,0,0,0,0,0,0,0,0,4,0,,67,5,2008,4,40.0845,-74.9738,1628.0,6,0,0,0,0,0,0,0,0,,0,0,0,16,1,3,1,,0,40 05:03.985,,0,74 58:25.768,8,0,0,0,67301,0,0,0,,0,0,0,3,67301,0,,1,1,,,,,0,,0,0,0,3.0,2,,1617,3,2,0,0,0,3,0,3,4,0,2,3,,N,,,,,,,,,,,
2008082468,1827,1,0,0,0,0,0,0,0,0,8,0,,67,5,2008,3,39.963,-75.2332,1823.0,6,0,0,0,0,0,0,0,0,,0,0,0,18,1,1,0,,0,39 57:46.945,,0,75 13:59.371,8,0,0,0,67301,1,0,0,,1,0,0,2,67301,0,,1,1,,N,N,,0,,0,0,0,0.0,0,,1818,1,2,0,0,0,1,0,3,4,0,1,3,,N,,,,,,,,,,,
2008082482,1936,0,0,0,0,0,0,0,0,0,8,0,,67,5,2008,7,39.9227,-75.1566,1926.0,6,0,0,0,0,0,0,0,0,,0,0,0,19,1,1,10,,0,39 55:21.701,,0,75 09:23.883,4,0,0,0,67301,1,0,0,N,1,0,0,2,67301,1,,1,1,,N,N,,0,,0,0,0,3.0,2,,1900,1,2,0,0,0,0,0,3,4,0,1,3,,N,,,,,,,,,,,
2008074475,2144,1,0,0,0,0,0,0,0,0,5,1,,67,6,2008,2,39.9687,-75.1914,2138.0,6,0,0,0,0,0,1,0,0,1.0,0,1,0,21,3,0,0,,1,39 58:11.395,4.0,0,75 11:32.828,0,0,0,0,67301,0,0,0,N,0,0,0,2,68K01,0,,1,1,,N,N,,0,,0,0,0,0.0,0,N,2134,0,2,0,0,0,0,0,3,4,0,2,3,,N,,,,,,,,,,,
2008109768,305,2,0,0,0,0,0,0,0,0,5,0,,67,9,2008,1,39.9293,-75.1974,255.0,6,0,0,0,0,1,0,0,0,1.0,0,0,0,2,3,1,0,,1,39 55:42.320,3.0,0,75 11:47.431,4,0,0,0,67301,0,0,0,N,0,0,0,4,68K01,1,,1,1,,N,N,,0,,0,0,0,0.0,0,N,254,1,2,0,0,0,0,0,3,4,0,2,3,,N,,,,,,,,,,,
2008069627,1103,1,0,0,0,0,0,0,0,0,1,0,,67,4,2008,1,39.9773,-75.1581,1100.0,6,0,0,0,0,0,0,0,0,,0,0,0,10,1,1,1,,0,39 58:38.125,,0,75 09:29.200,8,0,0,0,67301,0,0,0,N,0,0,0,3,67301,0,,1,1,,N,N,,0,,0,0,0,3.0,2,,1045,1,2,0,0,0,1,1,3,4,0,2,3,,N,,,,,,,,,,,
2008125132,1901,2,0,0,0,0,0,0,0,0,1,0,,67,10,2008,6,39.9628,-75.1832,1855.0,6,0,0,0,0,0,1,0,0,2.0,0,0,0,18,3,3,0,,2,39 57:49.029,4.0,0,75 11:02.491,3,0,0,0,67301,0,0,0,N,0,0,0,9,68K01,1,,1,1,,N,N,,0,,2,0,4,0.0,0,N,1852,3,6,0,0,0,0,0,3,4,0,6,3,,N,,,,,,,,,,,
2008135593,1245,2,0,0,0,0,0,0,0,0,4,0,,67,10,2008,2,40.0595,-75.052,1238.0,6,0,0,0,0,0,1,0,0,3.0,0,0,0,12,1,2,1,,2,40 03:34.247,2.0,0,75 03:07.166,4,0,0,0,67301,0,0,0,N,0,0,0,3,67301,1,,1,1,,N,N,,0,,0,0,0,3.0,2,Y,1235,2,2,0,0,0,1,0,3,4,0,2,3,,N,,,,,,,,,,,
2008122232,115,1,0,0,0,0,0,0,0,0,0,0,,67,11,2008,4,40.0097,-75.2077,107.0,6,0,0,0,0,0,0,0,0,1.0,0,0,0,1,3,1,0,,1,40 00:35.280,3.0,0,75 12:28.800,4,0,0,0,67301,0,0,0,N,0,0,0,1,68K01,1,,1,9,,N,N,,0,,0,0,0,0.0,0,N,105,1,1,0,0,0,0,0,3,4,0,1,7,,N,,,,,,,,,,,
2008060621,157,1,0,0,0,0,0,0,0,0,7,0,,67,3,2008,1,39.9217,-75.1905,157.0,6,0,0,0,1,0,0,0,0,1.0,0,0,0,1,3,0,0,,1,39 55:17.980,4.0,4,75 11:25.681,0,0,0,0,67301,0,0,0,N,0,0,0,2,67301,0,,2,1,,N,N,,0,,0,0,0,0.0,0,N,140,0,1,0,0,0,0,0,3,4,0,1,3,,N,,,,,,,,,,,
2008057993,2335,1,0,0,0,0,0,0,0,0,1,0,,67,3,2008,1,40.0438,-75.1058,2332.0,6,0,0,0,0,0,0,0,0,,0,0,0,23,3,1,0,,0,40 02:37.521,,0,75 06:20.797,4,0,0,0,67301,0,0,0,N,0,0,0,1,67301,1,,6,1,,N,N,,1,,0,0,2,0.0,0,,2325,1,4,0,0,0,0,0,3,4,0,4,3,,N,,,,,,,,,,,
2008055709,1538,2,0,0,0,0,0,0,0,0,1,0,,67,4,2008,3,40.0077,-75.2009,1521.0,6,0,1,0,0,0,0,0,0,,0,0,0,15,1,0,0,,0,40 00:26.293,,0,75 11:59.264,0,0,0,0,67301,0,0,0,N,0,0,0,2,68K01,0,,1,1,,N,N,,0,,0,0,0,0.0,0,,1518,0,2,0,0,0,0,0,3,4,0,2,3,,N,,,,,,,,,,,