CRN,ARRIVAL_TM,AUTOMOBILE_COUNT,BELTED_DEATH_COUNT,BELTED_SUSP_SERIOUS_INJ_COUNT,BICYCLE_COUNT,BICYCLE_DEATH_COUNT,BICYCLE_SUSP_SERIOUS_INJ_COUNT,BUS_COUNT,CHLDPAS_DEATH_COUNT,CHLDPAS_SUSP_SERIOUS_INJ_COUNT,COLLISION_TYPE,COMM_VEH_COUNT,CONS_ZONE_SPD_LIM,COUNTY,CRASH_MONTH,CRASH_YEAR,DAY_OF_WEEK,DEC_LAT,DEC_LONG,DISPATCH_TM,DISTRICT,DRIVER_COUNT_16YR,DRIVER_COUNT_17YR,DRIVER_COUNT_18YR,DRIVER_COUNT_19YR,DRIVER_COUNT_20YR,DRIVER_COUNT_50_64YR,DRIVER_COUNT_65_74YR,DRIVER_COUNT_75PLUS,EST_HRS_CLOSED,FATAL_COUNT,HEAVY_TRUCK_COUNT,HORSE_BUGGY_COUNT,HOUR_OF_DAY,ILLUMINATION,INJURY_COUNT,INTERSECT_TYPE,INTERSECTION_RELATED,LANE_CLOSED,LATITUDE,LN_CLOSE_DIR,LOCATION_TYPE,LONGITUDE,MAX_SEVERITY_LEVEL,MCYCLE_DEATH_COUNT,MCYCLE_SUSP_SERIOUS_INJ_COUNT,MOTORCYCLE_COUNT,MUNICIPALITY,NONMOTR_COUNT,NONMOTR_DEATH_COUNT,NONMOTR_SUSP_SERIOUS_INJ_COUNT,NTFY_HIWY_MAINT,PED_COUNT,PED_DEATH_COUNT,PED_SUSP_SERIOUS_INJ_COUNT,PERSON_COUNT,POLICE_AGCY,POSSIBLE_INJ_COUNT,RDWY_SURF_TYPE_CD,RELATION_TO_ROAD,ROAD_CONDITION,ROADWAY_CLEARED,SCH_BUS_IND,SCH_ZONE_IND,SECONDARY_CRASH,SMALL_TRUCK_COUNT,SPEC_JURIS_CD,SUSP_MINOR_INJ_COUNT,SUSP_SERIOUS_INJ_COUNT,SUV_COUNT,TCD_FUNC_CD,TCD_TYPE,TFC_DETOUR_IND,TIME_OF_DAY,TOT_INJ_COUNT,TOTAL_UNITS,UNB_DEATH_COUNT,UNB_SUSP_SERIOUS_INJ_COUNT,UNBELTED_OCC_COUNT,UNK_INJ_DEG_COUNT,UNK_INJ_PER_COUNT,URBAN_AREA,URBAN_RURAL,VAN_COUNT,VEHICLE_COUNT,WEATHER1,WEATHER2,WORK_ZONE_IND,WORK_ZONE_LOC,WORK_ZONE_TYPE,WORKERS_PRES,WZ_CLOSE_DETOUR,WZ_FLAGGER,WZ_LAW_OFFCR_IND,WZ_LN_CLOSURE,WZ_MOVING,WZ_OTHER,WZ_SHLDER_MDN,WZ_WORKERS_INJ_KILLED
2008058189,1545,2,0,0,0,0,0,0,0,0,2,0,,67,4,2008,6,40.0014,-75.1515,1538.0,6,0,0,0,0,0,0,0,0,,0,0,0,15,1,3,1,,0,40 00:05.153,,0,75 09:05.818,4,0,0,0,67301,0,0,0,N,0,0,0,4,67301,3,,1,1,,N,N,,0,,0,0,0,0.0,0,,1530,3,2,0,0,0,0,0,3,4,0,2,3,,N,,,,,,,,,,,
2008058064,1645,2,0,0,0,0,0,0,0,0,2,0,,67,3,2008,7,40.015,-75.1297,1637.0,6,0,0,0,0,1,0,0,0,,0,0,0,16,1,2,0,,0,40 00:54.136,,0,75 07:47.046,4,0,0,0,67301,0,0,0,N,0,0,0,3,67301,2,,1,1,,N,N,,0,,0,0,0,0.0,0,,1630,2,2,0,0,0,0,1,3,4,0,2,3,,N,,,,,,,,,,,
2008058065,1510,2,0,0,0,0,0,0,0,0,4,0,,67,3,2008,1,39.9854,-75.2481,1500.0,6,0,0,0,0,0,1,0,0,,0,0,0,15,1,1,1,,0,39 59:07.481,,0,75 14:53.055,8,0,0,0,67301,0,0,0,N,0,0,0,2,67301,0,,1,1,,N,N,,0,,0,0,0,3.0,2,,1500,1,2,0,0,0,1,0,3,4,0,2,3,,N,,,,,,,,,,,
2008053249,133,0,0,0,0,0,0,0,0,0,4,0,,67,3,2008,7,40.0558,-75.1762,132.0,6,0,0,0,0,0,0,0,0,,0,0,0,1,3,0,1,,0,40 03:20.842,,0,75 10:34.268,0,0,0,0,67301,0,0,0,N,0,0,0,3,67301,0,,1,9,,N,N,,0,,0,0,2,3.0,2,,130,0,2,0,0,0,0,0,3,4,0,2,7,,N,,,,,,,,,,,
2008044418,1802,0,0,0,0,0,0,0,0,0,8,0,,67,1,2008,3,39.9911,-75.095,1801.0,6,0,0,0,0,0,0,0,0,,0,0,0,17,3,1,1,,0,39 59:28.136,,0,75 05:42.179,3,0,0,0,67301,1,0,0,N,1,0,0,2,67301,0,,1,9,,N,N,,0,,1,0,1,3.0,2,,1758,1,2,0,0,1,0,0,3,4,0,1,7,,N,,,,,,,,,,,
2008040097,1343,2,0,0,0,0,0,0,0,0,1,0,,67,2,2008,2,39.9501,-75.2494,1336.0,6,0,0,0,0,0,0,0,0,,0,0,0,12,1,1,2,,0,39 57:00.000,,0,75 14:57.779,4,0,0,0,67301,0,0,0,N,0,0,0,2,67301,1,,1,1,,N,N,,0,,0,0,0,3.0,2,,1248,1,2,0,0,2,0,0,3,4,0,2,3,,N,,,,,,,,,,,
2008064330,155,0,0,0,0,0,0,0,0,0,7,0,,67,5,2008,1,39.9335,-75.2,151.0,6,0,0,0,0,0,0,0,1,2.0,0,0,0,1,3,0,0,,2,39 56:05.797,3.0,0,75 11:59.322,0,0,0,0,67301,0,0,0,N,0,0,0,2,68K01,0,,2,1,,N,N,,1,,0,0,1,0.0,0,Y,149,0,2,0,0,1,0,0,3,4,0,2,3,,N,,,,,,,,,,,
2008057084,248,1,0,0,0,0,0,0,0,0,1,0,,67,3,2008,1,39.961,-75.2285,248.0,6,0,0,0,0,0,0,0,0,,0,0,0,2,3,1,0,,0,39 57:39.697,,0,75 13:42.542,3,0,0,0,67301,0,0,0,N,0,0,0,1,67301,0,,6,1,,N,N,,0,,1,0,1,0.0,0,,247,1,3,0,0,0,0,0,3,4,1,3,3,,N,,,,,,,,,,,
2008057221,133,2,0,0,0,0,0,0,0,0,1,0,,67,3,2008,1,40.0146,-75.1567,133.0,6,0,0,0,0,0,0,0,0,,0,0,0,1,3,0,1,,0,40 00:52.752,,0,75 09:24.063,0,0,0,0,67301,0,0,0,N,0,0,0,3,67301,0,,1,1,,N,N,,0,,0,0,0,3.0,2,,133,0,2,0,0,0,0,0,3,4,0,2,3,,N,,,,,,,,,,,
2008057335,1715,2,0,0,0,0,0,0,0,0,5,0,,67,4,2008,6,40.0196,-75.1473,1712.0,6,0,0,0,0,0,0,0,0,1.0,0,0,0,17,1,0,0,,1,40 01:10.455,2.0,0,75 08:49.685,0,0,0,0,67301,0,0,0,,0,0,0,2,67301,0,,1,1,,,,,0,,0,0,0,0.0,0,N,1712,0,2,0,0,0,0,0,3,4,0,2,3,,N,,,,,,,,,,,
2008057350,1348,0,0,0,0,0,0,1,0,0,5,0,,67,3,2008,3,39.9983,-75.0716,1342.0,6,0,0,0,0,0,1,0,0,,0,0,0,13,1,1,0,,0,39 59:53.520,,0,75 04:17.760,4,0,0,0,67301,0,0,0,N,0,0,0,3,67301,1,,2,9,,N,N,,1,,0,0,0,0.0,0,,1340,1,2,0,0,1,0,0,3,4,0,2,7,,N,,,,,,,,,,,
2008052208,9999,2,0,0,0,0,0,0,0,0,4,0,,67,3,2008,3,39.9073,-75.1878,9999.0,6,0,0,0,0,0,1,0,0,1.0,0,0,0,99,1,2,1,,2,39 54:26.280,6.0,0,75 11:16.256,4,0,0,0,67301,0,0,0,N,0,0,0,4,67301,1,,1,1,,N,N,,0,,0,0,0,3.0,3,Y,9999,2,2,0,0,0,1,0,3,4,0,2,3,,N,,,,,,,,,,,
2008055033,9999,1,0,0,0,0,0,0,0,0,4,1,,67,1,2008,5,39.9696,-75.1396,1450.0,6,0,0,0,0,0,0,0,0,,0,1,0,99,1,0,1,,0,39 58:10.387,,0,75 08:22.538,0,0,0,0,67301,0,0,0,N,0,0,0,3,67301,0,,1,1,,N,N,,0,,0,0,0,3.0,2,,9999,0,2,0,0,0,0,0,3,4,0,2,3,,N,,,,,,,,,,,
2008057740,1027,1,0,0,0,0,0,0,0,0,6,0,,67,3,2008,4,39.9627,-75.2039,1025.0,6,0,0,0,0,0,0,1,0,,0,0,0,10,1,1,1,,0,39 57:45.834,,0,75 12:13.932,3,0,0,0,67301,0,0,0,N,0,0,0,4,67301,0,,1,9,,N,N,,1,,1,0,0,3.0,3,,1025,1,2,0,0,0,0,0,3,4,0,2,7,,N,,,,,,,,,,,
2008060350,1707,2,0,0,0,0,0,0,0,0,1,0,,67,5,2008,1,39.9466,-75.1886,1704.0,6,0,0,0,0,0,0,0,0,,0,0,0,17,1,0,0,,0,39 56:47.784,,0,75 11:18.794,0,0,0,0,67301,0,0,0,N,0,0,0,3,68K01,0,,1,1,,N,N,,0,,0,0,0,0.0,0,,1701,0,2,0,0,0,0,0,3,4,0,2,3,,N,,,,,,,,,,,
2008029176,1311,3,0,0,0,0,0,0,0,0,2,0,,67,1,2008,2,39.9284,-75.1618,1309.0,6,0,0,0,0,0,0,0,0,,0,0,0,12,1,1,1,,0,39 55:42.135,,0,75 09:42.494,8,0,0,0,67301,0,0,0,N,0,0,0,4,67301,0,,1,1,,N,N,,1,,0,0,0,3.0,3,,1250,1,4,0,0,2,1,0,3,4,0,4,3,,N,,,,,,,,,,,
2008044654,9999,1,0,0,0,0,0,0,0,0,8,0,,67,2,2008,6,40.0077,-75.1516,9999.0,6,0,0,0,0,0,0,0,0,,0,0,0,21,3,1,1,,0,40 00:27.651,,0,75 09:05.710,8,0,0,0,67301,1,0,0,,1,0,0,2,67301,0,,1,9,,,,,0,,0,0,0,0.0,0,,2130,1,2,0,0,0,1,0,3,4,0,1,99,,N,,,,,,,,,,,
2008044660,1538,0,0,0,0,0,0,0,0,0,8,0,,67,1,2008,5,39.9247,-75.1594,1535.0,6,0,0,0,0,0,1,0,0,1.0,0,0,0,15,1,1,1,,2,39 55:29.089,3.0,0,75 09:33.742,3,0,0,0,67301,1,0,0,N,1,0,0,2,67301,0,,1,9,,N,Y,,0,,1,0,1,0.0,0,N,1520,1,2,0,0,0,0,0,3,4,0,1,3,,N,,,,,,,,,,,
2008133331,1259,1,0,0,0,0,0,0,0,0,8,0,,67,10,2008,5,39.9257,-75.2344,1259.0,6,0,0,1,0,0,0,0,0,,0,0,0,12,1,1,0,,0,39 55:32.420,,0,75 14:03.985,3,0,0,0,67301,1,0,0,N,1,0,0,3,67301,0,,1,1,,N,N,,0,,1,0,0,0.0,0,,1259,1,2,0,0,0,0,0,3,4,0,1,3,,N,,,,,,,,,,,
2008119154,212,1,0,0,0,0,0,0,0,0,7,0,,67,8,2008,1,40.0327,-75.1065,208.0,6,0,0,0,0,0,0,0,0,3.0,0,0,0,2,3,1,2,,2,40 01:56.680,6.0,0,75 06:22.386,3,0,0,0,67301,0,0,0,N,0,0,0,1,67301,0,,5,1,,N,N,,0,,1,0,0,0.0,0,Y,207,1,1,0,0,0,0,0,3,4,0,1,3,,N,,,,,,,,,,,
2008114219,606,1,0,0,0,0,0,0,0,0,7,0,,67,10,2008,4,40.0519,-74.9881,553.0,6,0,0,0,0,0,0,0,0,,0,0,0,5,3,0,0,,0,40 03:07.282,,0,74 59:16.382,0,0,0,0,67301,0,0,0,Y,0,0,0,1,68K01,0,,2,1,,N,N,,0,,0,0,0,0.0,0,,544,0,1,0,0,0,0,0,3,4,0,1,3,,N,,,,,,,,,,,
2008098130,215,3,0,0,0,0,0,0,0,0,4,0,,67,7,2008,1,39.964,-75.1745,200.0,6,0,0,0,0,0,0,0,0,,0,0,0,99,3,1,1,,0,39 57:50.459,,0,75 10:28.036,8,0,0,0,67301,0,0,0,N,0,0,0,3,67301,0,,9,1,,N,N,,0,,0,0,0,3.0,2,,9999,1,3,0,0,0,1,0,3,4,0,3,3,,N,,,,,,,,,,,
2008070676,1510,0,0,0,0,0,0,0,0,0,8,0,,67,4,2008,4,39.9545,-75.1811,455.0,6,0,0,0,0,0,0,0,0,,0,0,0,6,1,1,1,,0,39 57:16.583,,0,75 10:51.966,3,0,0,0,67301,1,0,0,,1,0,0,2,67301,0,,1,1,,N,N,,0,,1,0,1,3.0,2,,605,1,2,0,0,0,0,0,3,4,0,1,3,,N,,,,,,,,,,,
2008072730,907,1,0,0,0,0,0,0,0,0,4,0,,67,4,2008,6,39.9607,-75.243,905.0,6,0,0,0,0,0,0,0,0,,0,0,0,9,1,1,1,,0,39 57:38.520,,0,75 14:34.800,4,0,0,0,67301,0,0,0,N,0,0,0,2,67301,1,,1,1,,N,N,,1,,0,0,0,3.0,2,,900,1,2,0,0,0,0,0,3,4,0,2,3,,N,,,,,,,,,,,
2008072739,2054,1,0,0,0,0,0,1,0,0,5,1,,67,4,2008,5,39.9168,-75.1713,2052.0,6,0,0,0,0,0,1,0,0,,0,0,0,20,3,4,1,,0,39 55:00.583,,0,75 10:16.768,4,0,0,0,67301,0,0,0,N,0,0,0,4,67301,4,,1,1,,N,N,,0,,0,0,0,3.0,2,,2047,4,2,0,0,0,0,0,3,4,0,2,3,,N,,,,,,,,,,,
2008072803,1928,2,0,0,0,0,0,0,0,0,4,0,,67,4,2008,2,40.0577,-75.0486,1928.0,6,0,0,0,0,0,0,1,0,1.0,0,0,0,19,3,1,1,,2,40 03:27.561,6.0,0,75 02:54.815,8,0,0,0,67301,0,0,0,N,0,0,0,4,67301,0,,1,9,,N,N,,1,,0,0,0,3.0,2,Y,1915,1,3,0,0,0,1,0,3,4,0,3,7,,N,,,,,,,,,,,
2008082622,1446,2,0,0,0,0,0,0,0,0,1,0,,67,4,2008,3,39.9575,-75.2174,1441.0,6,0,0,0,0,1,0,0,0,,0,0,0,14,1,1,0,,0,39 57:27.044,,0,75 13:02.446,8,0,0,0,67301,0,0,0,N,0,0,0,2,67301,0,,1,1,,N,Y,,0,,0,0,0,0.0,0,,1438,1,2,0,0,0,1,0,3,4,0,2,3,,N,,,,,,,,,,,
2008082651,2245,0,0,0,0,0,0,0,0,0,3,0,,67,5,2008,4,40.04,-75.0851,2243.0,6,0,0,0,0,0,1,0,0,,0,0,0,22,3,1,0,,0,40 02:23.846,,0,75 05:06.490,8,0,0,0,67301,0,0,0,N,0,0,0,1,67301,0,,2,1,,N,N,,0,,0,0,1,0.0,0,,2240,1,3,0,0,0,1,0,3,4,2,3,3,,N,,,,,,,,,,,
2008079250,1430,2,0,0,0,0,0,0,0,0,4,0,,67,5,2008,3,40.0216,-75.1244,1429.0,6,0,0,0,0,0,0,0,0,,0,0,0,14,1,0,1,,0,40 01:17.655,,0,75 07:27.663,0,0,0,0,67301,0,0,0,,0,0,0,2,67301,0,,1,9,,,,,0,,0,0,0,3.0,2,,1427,0,2,0,0,0,0,0,3,4,0,2,7,,N,,,,,,,,,,,
2008076952,1202,1,0,0,0,0,0,0,0,0,7,0,,67,6,2008,3,39.8984,-75.1813,1157.0,6,0,0,0,0,0,0,0,0,,0,0,0,11,1,1,0,,0,39 53:55.622,,0,75 10:10.910,4,0,0,0,67301,0,0,0,N,0,0,0,1,68K01,1,,2,1,,N,N,,0,,0,0,0,0.0,0,,1154,1,2,0,0,0,0,0,3,4,0,1,3,,N,,,,,,,,,,,
2008082489,922,2,0,0,0,0,0,0,0,0,1,0,,67,5,2008,6,39.9951,-75.1632,917.0,6,0,0,0,0,0,0,0,0,,0,0,0,9,1,1,1,,0,39 59:42.186,,0,75 09:47.474,8,0,0,0,67301,0,0,0,N,0,0,0,2,67301,0,,1,9,,N,N,,0,,0,0,0,3.0,2,,917,1,2,0,0,0,1,0,3,4,0,2,7,,N,,,,,,,,,,,
2008072064,1830,3,0,0,0,0,0,0,0,0,1,0,,67,4,2008,7,39.9777,-75.2663,1824.0,6,0,0,0,0,0,0,0,0,,0,0,0,18,1,1,2,,0,39 58:39.957,,0,75 15:58.938,4,0,0,0,67301,0,0,0,N,0,0,0,1,67301,1,,4,1,,N,N,,0,,0,0,0,3.0,3,,1820,1,3,0,0,0,0,0,3,4,0,3,3,,N,,,,,,,,,,,
2008080108,942,4,0,0,0,0,0,0,0,0,1,0,,67,6,2008,2,39.938,-75.198,942.0,6,0,0,0,0,0,0,0,0,2.0,0,0,0,9,1,0,0,,1,39 56:23.708,4.0,0,75 11:45.762,0,0,0,0,67301,0,0,0,N,0,0,0,4,68K01,0,,1,1,,N,N,,0,,0,0,0,0.0,0,N,937,0,4,0,0,0,0,0,3,4,0,4,3,,N,,,,,,,,,,,
2008133107,1459,1,0,0,1,0,0,0,0,0,4,0,,67,10,2008,6,39.951,-75.1974,1459.0,6,0,0,0,0,0,0,0,0,,0,0,0,14,1,1,0,,0,39 57:03.745,,0,75 11:50.496,8,0,0,0,67301,1,0,0,N,0,0,0,2,67301,0,,2,1,,N,N,,0,,0,0,0,0.0,0,,1457,1,2,0,0,0,1,0,3,4,0,1,3,,N,,,,,,,,,,,
2008120133,1322,2,0,0,0,0,0,0,0,0,4,0,,67,9,2008,6,40.0223,-75.1595,1322.0,6,0,0,0,0,0,0,1,0,,0,0,0,12,1,1,2,,0,40 01:20.452,,0,75 09:34.235,8,0,0,0,67301,0,0,0,,0,0,0,2,67301,0,,1,1,,,,,0,,0,0,0,0.0,0,,1242,1,2,0,0,0,1,0,3,4,0,2,3,,N,,,,,,,,,,,
2008120165,1319,1,0,0,1,0,0,0,0,0,4,0,,67,9,2008,7,39.9874,-75.1522,1309.0,6,0,0,0,0,0,0,0,0,,0,0,0,13,1,1,0,,0,39 59:14.583,,0,75 09:07.739,4,0,0,0,67301,1,0,0,N,0,0,0,2,67301,1,,1,9,,N,N,,0,,0,0,0,0.0,0,,1303,1,2,0,0,0,0,0,3,4,0,1,7,,N,,,,,,,,,,,
2008119610,1345,1,0,0,0,0,0,0,0,0,8,0,,67,9,2008,7,40.0707,-75.0317,1340.0,6,0,0,0,0,0,1,0,0,,0,0,0,13,1,1,0,,0,40 04:14.347,,7,75 01:54.042,4,0,0,0,67301,1,0,0,N,1,0,0,2,67301,1,,1,9,,N,N,,0,,0,0,0,0.0,0,,1335,1,2,0,0,0,0,0,3,4,0,1,7,,N,,,,,,,,,,,
2008119662,1100,2,0,0,0,0,0,0,0,0,1,0,,67,9,2008,2,39.9758,-75.1894,1056.0,6,0,0,0,0,0,0,1,0,,0,0,0,10,1,1,0,,0,39 58:32.351,,3,75 11:21.975,4,0,0,0,67301,0,0,0,N,0,0,0,3,67301,1,,1,1,,N,N,,0,,0,0,0,3.0,2,,1045,1,2,0,0,0,0,1,3,4,0,2,3,,N,,,,,,,,,,,
2008132947,537,1,0,0,0,0,0,0,0,0,1,0,,67,10,2008,6,39.9667,-75.2249,533.0,6,0,0,0,0,0,0,0,0,,0,0,0,5,3,1,1,,0,39 57:59.822,,0,75 13:29.530,4,0,0,0,67301,0,0,0,N,0,0,0,2,67301,1,,1,1,,N,N,,0,,0,0,0,3.0,2,,512,1,2,0,0,0,0,1,3,4,1,2,3,,N,,,,,,,,,,,
2008132957,815,1,0,0,0,0,0,0,0,0,8,0,,67,10,2008,2,40.0424,-75.2263,805.0,6,0,0,1,0,0,0,0,0,,0,0,0,8,1,1,2,,0,40 02:32.108,,0,75 13:34.030,4,0,0,0,67301,1,0,0,N,1,0,0,2,67301,1,,1,1,,N,N,,0,,0,0,0,3.0,2,,805,1,2,0,0,1,0,0,3,4,0,1,3,,N,,,,,,,,,,,
2008060559,1735,0,0,0,1,0,0,0,0,0,8,0,,67,3,2008,7,40.043,-75.07,1734.0,6,0,0,0,0,0,0,0,0,,0,0,0,17,1,1,1,,0,40 02:34.620,,0,75 04:12.043,4,0,0,0,67301,1,0,0,N,0,0,0,3,67301,1,,1,9,,N,N,,0,,0,0,1,3.0,3,,1730,1,2,0,0,0,0,0,3,4,0,1,7,,N,,,,,,,,,,,
2008060619,9999,4,0,0,0,0,0,0,0,0,1,0,,67,3,2008,5,40.0003,-75.1426,1653.0,6,0,1,0,0,1,0,0,0,2.0,0,0,0,99,1,1,0,,1,40 00:00.861,3.0,0,75 08:33.500,8,0,0,0,67301,0,0,0,N,0,0,0,4,67301,0,,1,1,,N,N,,0,,0,0,0,0.0,0,Y,9999,1,4,0,0,1,1,0,3,4,0,4,3,,N,,,,,,,,,,,
2008055707,843,3,0,0,0,0,0,0,0,0,1,0,,67,4,2008,4,39.9837,-75.2083,827.0,6,0,0,0,0,0,1,0,0,1.0,0,0,0,8,1,0,0,,1,39 59:05.081,3.0,0,75 12:30.054,0,0,0,0,67301,0,0,0,N,0,0,0,3,68K01,0,,1,1,,N,N,,0,,0,0,0,0.0,0,N,820,0,3,0,0,0,0,0,3,4,0,3,3,,N,,,,,,,,,,,
2008055708,2354,1,0,0,0,0,0,0,0,0,1,0,,67,4,2008,5,39.975,-75.1167,2349.0,6,0,0,0,0,0,0,0,0,,0,0,0,23,3,0,6,,0,39 58:32.520,,2,75 06:56.520,0,0,0,0,67301,0,0,0,N,0,0,0,2,68K01,0,,1,1,,N,N,,1,,0,0,0,2.0,4,,2341,0,2,0,0,0,0,0,3,4,0,2,3,,N,,,,,,,,,,,
2008058250,1010,2,0,0,0,0,0,0,0,0,4,0,,67,4,2008,1,40.0269,-75.2272,1008.0,6,0,0,0,0,0,1,0,1,,0,0,0,10,1,2,1,,0,40 01:36.847,,0,75 13:37.905,4,0,0,0,67301,0,0,0,N,0,0,0,4,67301,2,,1,9,,N,N,,1,,0,0,0,3.0,2,,1000,2,3,0,0,0,0,0,3,4,0,3,7,,N,,,,,,,,,,,
2008058251,1240,0,0,0,0,0,0,0,0,0,1,0,,67,3,2008,5,39.9992,-75.1474,1238.0,6,0,0,0,0,0,0,0,0,,0,0,0,12,1,3,1,,0,39 59:57.271,,0,75 08:50.495,4,0,0,0,67301,0,0,0,N,0,0,0,3,67301,1,,1,9,,N,N,,0,,0,0,1,0.0,0,,1230,3,2,0,0,0,2,0,3,4,1,2,7,,N,,,,,,,,,,,
2008044414,855,1,0,0,0,0,0,0,0,0,4,0,,67,1,2008,6,39.9584,-75.2313,850.0,6,0,0,0,0,0,1,0,0,,0,0,0,8,1,1,1,,0,39 57:30.398,,0,75 13:52.701,4,0,0,0,67301,0,0,0,N,0,0,0,2,67301,1,,1,9,,N,N,,0,,0,0,0,3.0,3,,845,1,2,0,0,0,0,0,3,4,1,2,3,,N,,,,,,,,,,,
2008046748,549,0,0,0,0,0,0,1,0,0,5,1,,67,2,2008,7,39.987,-75.2078,539.0,6,0,0,0,0,0,1,0,0,,0,0,0,5,3,1,0,,0,39 59:17.251,,0,75 12:25.863,3,0,0,0,67301,0,0,0,N,0,0,0,2,68K01,0,,1,1,,N,N,,0,,1,0,1,0.0,0,,535,1,2,0,0,0,0,0,3,4,0,2,3,,N,,,,,,,,,,,
2008046770,848,1,0,0,0,0,0,0,0,0,1,0,,67,3,2008,2,39.9579,-75.1611,835.0,6,0,0,0,0,0,1,0,0,2.0,0,0,0,8,1,0,0,,2,39 57:27.161,4.0,0,75 09:33.806,0,0,0,0,67301,0,0,0,N,0,0,0,9,68K01,0,,1,1,,N,N,,0,,0,0,3,0.0,0,N,833,0,4,0,0,0,0,0,3,4,0,4,3,,N,,,,,,,,,,,
2008027219,1735,1,0,0,0,0,0,0,0,0,8,0,,67,1,2008,3,40.0055,-75.1102,1734.0,6,0,0,0,0,0,0,0,0,,0,0,0,17,3,1,0,,0,40 00:19.000,,0,75 06:36.881,4,0,0,0,67301,1,0,0,N,1,0,0,5,67301,1,,1,1,,N,N,,0,,0,0,0,0.0,0,,1731,1,2,0,0,4,0,0,3,4,0,1,3,,N,,,,,,,,,,,
2008015677,1651,1,0,0,0,0,0,0,0,0,1,0,,67,1,2008,7,39.9828,-75.208,1651.0,6,0,1,0,0,0,0,0,0,,0,0,0,16,1,1,0,,0,39 59:01.000,,0,75 12:29.877,4,0,0,0,67301,0,0,0,N,0,0,0,5,68K01,1,,1,1,,N,N,,0,,0,0,2,0.0,0,,1651,1,3,0,0,0,0,0,3,4,0,3,3,,N,,,,,,,,,,,
2008047370,927,1,0,0,0,0,0,0,0,0,7,0,,67,1,2008,5,40.0285,-75.1905,920.0,6,0,0,0,0,0,0,0,0,1.0,0,0,0,9,1,1,0,,1,40 01:42.444,1.0,0,75 11:25.789,8,0,0,0,67301,0,0,0,Y,0,0,0,1,67301,0,,4,1,,N,N,,0,,0,0,0,0.0,0,N,920,1,1,0,0,0,1,0,3,4,0,1,3,,N,,,,,,,,,,,
2008027062,1717,1,0,0,0,0,0,0,0,0,8,0,,67,1,2008,6,39.9861,-75.1673,1717.0,6,0,0,0,0,0,0,0,0,,0,0,0,17,3,1,1,,0,39 59:10.003,,0,75 10:02.351,4,0,0,0,67301,1,0,0,N,1,0,0,4,67301,1,,1,1,,N,N,,0,,0,0,0,0.0,0,,1717,1,2,0,0,0,0,0,3,4,0,1,3,,N,,,,,,,,,,,
2008037627,2240,1,0,0,0,0,0,0,0,0,7,0,,67,3,2008,4,40.0741,-75.1909,2240.0,6,0,0,0,0,0,0,0,0,,0,0,0,22,3,0,1,,0,40 04:26.000,,0,75 11:27.147,0,0,0,0,67301,0,0,0,N,0,0,0,1,46108,0,,1,1,,N,N,,0,,0,0,0,3.0,2,,2240,0,1,0,0,0,0,0,3,4,0,1,3,,N,,,,,,,,,,,
2008057063,1003,2,0,0,0,0,0,0,0,0,2,0,,67,4,2008,5,39.997,-75.1786,1000.0,6,0,0,0,0,0,1,0,1,,0,0,0,99,1,1,1,,0,39 59:49.350,,0,75 10:42.862,4,0,0,0,67301,0,0,0,N,0,0,0,2,67301,1,,1,1,,N,N,,0,,0,0,0,3.0,2,,9999,1,3,0,0,0,0,0,3,4,1,3,3,,N,,,,,,,,,,,
2008057249,1230,1,0,0,0,0,0,0,0,0,1,0,,67,3,2008,2,40.0421,-75.0749,1225.0,6,0,0,0,0,0,1,0,0,,0,0,0,12,1,0,0,,0,40 02:31.419,,0,75 04:29.747,0,0,0,0,67301,0,0,0,N,0,0,0,2,67301,0,,1,1,,N,N,,0,,0,0,1,0.0,0,,1215,0,2,0,0,0,0,0,3,4,0,2,3,,N,,,,,,,,,,,
2008057372,950,1,0,0,0,0,0,1,0,0,4,1,,67,3,2008,4,39.9933,-75.1493,948.0,6,0,0,0,0,0,1,0,0,,0,0,0,9,1,1,1,,0,39 59:35.701,,0,75 08:57.301,4,0,0,0,67301,0,0,0,,0,0,0,2,67301,1,,1,1,,Y,,,0,,0,0,0,3.0,2,,948,1,2,0,0,0,0,0,3,4,0,2,3,,N,,,,,,,,,,,
2008060133,2308,1,0,0,0,0,0,0,0,0,4,0,,67,4,2008,7,39.8996,-75.1639,2301.0,6,0,0,0,0,0,0,0,0,1.0,0,0,0,22,3,1,0,,1,39 53:59.743,2.0,0,75 09:40.589,8,0,0,1,67301,0,0,0,N,0,0,0,1,68K01,0,,1,1,,N,N,,0,,0,0,0,0.0,0,N,2254,1,2,0,0,0,1,0,3,4,0,2,3,,N,,,,,,,,,,,
2008060176,945,1,0,0,0,0,0,0,0,0,7,0,,67,3,2008,5,39.9833,-75.2027,945.0,6,0,0,0,0,0,0,0,0,,0,0,0,9,1,1,0,,0,39 58:59.836,,0,75 12:09.686,4,0,0,0,67301,0,0,0,,0,0,0,1,67301,1,,2,9,,,,,0,,0,0,0,0.0,0,,943,1,1,0,0,0,0,0,3,4,0,1,7,,N,,,,,,,,,,,