CRN,ARRIVAL_TM,AUTOMOBILE_COUNT,BELTED_DEATH_COUNT,BELTED_SUSP_SERIOUS_INJ_COUNT,BICYCLE_COUNT,BICYCLE_DEATH_COUNT,BICYCLE_SUSP_SERIOUS_INJ_COUNT,BUS_COUNT,CHLDPAS_DEATH_COUNT,CHLDPAS_SUSP_SERIOUS_INJ_COUNT,COLLISION_TYPE,COMM_VEH_COUNT,CONS_ZONE_SPD_LIM,COUNTY,CRASH_MONTH,CRASH_YEAR,DAY_OF_WEEK,DEC_LAT,DEC_LONG,DISPATCH_TM,DISTRICT,DRIVER_COUNT_16YR,DRIVER_COUNT_17YR,DRIVER_COUNT_18YR,DRIVER_COUNT_19YR,DRIVER_COUNT_20YR,DRIVER_COUNT_50_64YR,DRIVER_COUNT_65_74YR,DRIVER_COUNT_75PLUS,EST_HRS_CLOSED,FATAL_COUNT,HEAVY_TRUCK_COUNT,HORSE_BUGGY_COUNT,HOUR_OF_DAY,ILLUMINATION,INJURY_COUNT,INTERSECT_TYPE,INTERSECTION_RELATED,LANE_CLOSED,LATITUDE,LN_CLOSE_DIR,LOCATION_TYPE,LONGITUDE,MAX_SEVERITY_LEVEL,MCYCLE_DEATH_COUNT,MCYCLE_SUSP_SERIOUS_INJ_COUNT,MOTORCYCLE_COUNT,MUNICIPALITY,NONMOTR_COUNT,NONMOTR_DEATH_COUNT,NONMOTR_SUSP_SERIOUS_INJ_COUNT,NTFY_HIWY_MAINT,PED_COUNT,PED_DEATH_COUNT,PED_SUSP_SERIOUS_INJ_COUNT,PERSON_COUNT,POLICE_AGCY,POSSIBLE_INJ_COUNT,RDWY_SURF_TYPE_CD,RELATION_TO_ROAD,ROAD_CONDITION,ROADWAY_CLEARED,SCH_BUS_IND,SCH_ZONE_IND,SECONDARY_CRASH,SMALL_TRUCK_COUNT,SPEC_JURIS_CD,SUSP_MINOR_INJ_COUNT,SUSP_SERIOUS_INJ_COUNT,SUV_COUNT,TCD_FUNC_CD,TCD_TYPE,TFC_DETOUR_IND,TIME_OF_DAY,TOT_INJ_COUNT,TOTAL_UNITS,UNB_DEATH_COUNT,UNB_SUSP_SERIOUS_INJ_COUNT,UNBELTED_OCC_COUNT,UNK_INJ_DEG_COUNT,UNK_INJ_PER_COUNT,URBAN_AREA,URBAN_RURAL,VAN_COUNT,VEHICLE_COUNT,WEATHER1,WEATHER2,WORK_ZONE_IND,WORK_ZONE_LOC,WORK_ZONE_TYPE,WORKERS_PRES,WZ_CLOSE_DETOUR,WZ_FLAGGER,WZ_LAW_OFFCR_IND,WZ_LN_CLOSURE,WZ_MOVING,WZ_OTHER,WZ_SHLDER_MDN,WZ_WORKERS_INJ_KILLED
2008060179,1620,4,0,0,0,0,0,0,0,0,1,0,,67,4,2008,2,40.0678,-75.1829,1600.0,6,0,0,0,0,0,1,0,0,2.0,0,0,0,16,1,2,0,,2,40 04:04.254,5.0,0,75 10:58.321,2,0,0,0,67301,0,0,0,,0,0,0,4,67301,0,,1,1,,N,N,,0,,0,1,0,0.0,0,Y,1600,2,4,0,0,0,1,0,3,4,0,4,3,,N,,,,,,,,,,,
2008042231,1406,4,0,0,0,0,0,0,0,0,2,0,,67,1,2008,7,39.9413,-75.1455,1404.0,6,0,0,0,0,0,0,0,0,,0,0,0,14,1,1,0,,0,39 56:28.683,,0,75 08:43.785,3,0,0,0,67301,0,0,0,N,0,0,0,1,67301,0,,6,1,,N,N,,0,,1,0,0,0.0,0,,1400,1,4,0,0,0,0,0,3,4,0,4,3,,N,,,,,,,,,,,
2008057746,910,2,0,0,0,0,0,0,0,0,1,1,,67,3,2008,4,40.0337,-75.1458,909.0,6,0,0,0,0,0,0,0,0,1.0,0,1,0,9,1,1,1,,2,40 02:01.215,5.0,0,75 08:44.879,4,0,0,0,67301,0,0,0,N,0,0,0,3,67301,1,,1,1,,N,N,,0,,0,0,0,0.0,0,Y,909,1,3,0,0,0,0,0,3,4,0,3,3,,N,,,,,,,,,,,
2008044649,2208,1,0,0,0,0,0,0,0,0,5,0,,67,1,2008,7,39.9716,-75.1595,2205.0,6,0,0,0,0,0,0,0,0,,0,0,0,21,3,1,0,,0,39 58:17.000,,0,75 09:34.130,4,0,0,0,67301,0,0,0,,0,0,0,2,67301,1,,1,1,,,,,0,,0,0,0,0.0,0,,2155,1,2,0,0,0,0,1,3,4,1,2,3,,N,,,,,,,,,,,
2008039487,1150,0,0,0,0,0,0,0,0,0,8,0,,67,1,2008,2,39.9603,-75.1381,1149.0,6,0,0,0,0,0,0,0,0,,1,0,0,11,1,0,0,,0,39 57:37.440,,0,75 08:18.600,1,0,0,0,67301,1,1,0,N,1,1,0,2,67301,0,2.0,1,1,,N,N,,0,0.0,0,0,0,0.0,0,,1147,0,2,0,0,0,0,0,3,4,1,1,3,,N,,,,,,,,,,,
2008119019,405,0,0,0,0,0,0,0,0,0,7,0,,67,9,2008,7,,,355.0,6,0,0,0,0,0,0,0,0,9.0,0,0,0,3,6,4,0,,2,,1.0,0,,8,0,0,0,67301,0,0,0,N,0,0,0,4,67301,0,,4,1,,N,N,,1,,0,0,0,0.0,0,N,355,4,1,0,0,0,4,0,3,3,0,1,3,,N,,,,,,,,,,,
2008119026,1241,1,0,0,0,0,0,0,0,0,8,0,,67,9,2008,4,39.9447,-75.1582,1237.0,6,0,0,0,0,0,0,0,0,,0,0,0,12,1,1,1,,0,39 56:40.905,,0,75 09:29.527,8,0,0,0,67301,1,0,0,N,1,0,0,2,67301,0,,1,1,,N,N,,0,,0,0,0,3.0,2,,1228,1,2,0,0,0,1,0,3,4,0,1,3,,N,,,,,,,,,,,
2008133316,1303,1,0,0,0,0,0,0,0,0,1,0,,67,10,2008,7,39.9936,-75.1073,1303.0,6,0,0,0,0,0,0,0,0,,0,0,0,13,1,2,0,,0,39 59:36.823,,0,75 06:26.197,4,0,0,0,67301,0,0,0,N,0,0,0,4,67301,2,,1,1,,N,N,,0,,0,0,1,0.0,0,,1300,2,2,0,0,0,0,0,3,4,0,2,3,,N,,,,,,,,,,,
2008133327,142,0,0,0,0,0,0,0,0,0,7,0,,67,10,2008,7,40.0029,-75.1399,139.0,6,0,0,0,0,0,0,0,0,,0,0,0,99,3,1,0,,0,40 00:10.326,,3,75 08:23.498,3,0,0,0,67301,0,0,0,N,0,0,0,1,67301,0,,2,1,,N,N,,0,,1,0,0,0.0,0,,9999,1,1,0,0,0,0,0,3,4,1,1,3,,N,,,,,,,,,,,
2008133330,1215,0,0,0,0,0,0,0,0,0,1,0,,67,10,2008,3,39.8946,-75.2367,1231.0,6,0,0,0,0,0,1,0,0,,0,0,0,99,8,1,1,,0,39 53:40.604,,0,75 14:12.181,8,0,0,0,67301,0,0,0,,0,0,0,3,67301,0,,1,9,,,,,0,,0,0,1,9.0,2,,9999,1,2,0,0,0,1,0,3,4,1,2,7,5.0,N,,,,,,,,,,,
2008119103,1742,5,0,0,0,0,0,0,0,0,1,0,,67,10,2008,5,40.0401,-75.1444,1741.0,6,0,0,0,0,0,0,0,0,,0,0,0,17,1,1,0,,0,40 02:26.140,,0,75 08:39.430,8,0,0,0,67301,0,0,0,N,0,0,0,6,67301,0,,1,1,,N,N,,0,,0,0,0,3.0,2,,1738,1,5,0,0,1,1,0,3,4,0,5,3,,N,,,,,,,,,,,
2008119148,16,1,0,0,0,0,0,0,0,0,5,0,,67,9,2008,1,39.9716,-75.2259,13.0,6,0,0,0,0,0,0,1,0,2.0,0,0,0,0,3,1,0,,2,39 58:17.933,5.0,0,75 13:33.157,4,0,0,0,67301,0,0,0,N,0,0,0,1,67301,1,,2,1,,N,N,,0,,0,0,1,0.0,0,Y,11,1,2,0,0,0,0,0,3,4,0,2,3,,N,,,,,,,,,,,
2008119157,1230,2,0,0,0,0,0,0,0,0,1,0,,67,9,2008,1,40.0269,-75.1159,1220.0,6,0,0,0,0,0,1,0,0,1.0,0,0,0,12,1,2,0,,1,40 01:36.840,2.0,0,75 06:57.240,3,0,0,0,67301,0,0,0,N,0,0,0,4,67301,0,,1,1,,N,N,,0,,2,0,0,0.0,0,Y,1220,2,2,0,0,0,0,0,3,4,0,2,3,,N,,,,,,,,,,,
2008128601,247,1,0,0,0,0,0,0,0,0,7,0,,67,11,2008,4,39.9856,-75.0932,239.0,6,0,0,0,0,0,0,0,0,,0,0,0,2,3,0,0,,0,39 59:08.520,,0,75 05:35.160,0,0,0,0,67301,0,0,0,N,0,0,0,2,68K01,0,,2,1,,N,N,,0,,0,0,0,0.0,0,,235,0,1,0,0,0,0,0,3,4,0,1,3,,N,,,,,,,,,,,
2008095579,1930,2,0,0,0,0,0,0,0,0,1,0,,67,7,2008,3,39.9029,-75.228,1924.0,6,0,0,0,0,0,0,0,0,,0,0,0,19,1,0,0,,0,39 54:10.476,,0,75 13:40.674,0,0,0,0,67301,0,0,0,N,0,0,0,2,67301,0,,1,1,,N,N,,0,,0,0,0,0.0,0,,1910,0,2,0,0,0,0,0,3,4,0,2,3,,N,,,,,,,,,,,
2008098122,2000,2,0,0,0,0,0,0,0,0,1,0,,67,7,2008,6,39.9267,-75.1691,1954.0,6,0,0,0,0,1,0,0,0,,0,0,0,19,1,0,0,,0,39 55:35.970,,0,75 10:08.826,0,0,0,0,67301,0,0,0,N,0,0,0,2,67301,0,,1,1,,N,N,,0,,0,0,0,0.0,0,,1950,0,3,0,0,2,0,0,3,4,0,2,3,,N,,,,,,,,,,,
2008098155,830,1,0,0,0,0,0,0,0,0,8,0,,67,6,2008,5,40.0486,-75.1617,825.0,6,0,0,0,0,0,0,0,0,,0,0,0,8,1,1,2,,0,40 02:54.852,,0,75 09:42.008,8,0,0,0,67301,1,0,0,N,1,0,0,2,67301,0,,1,1,,Y,Y,,0,,0,0,0,3.0,2,,800,1,2,0,0,0,1,0,3,4,0,1,3,,N,,,,,,,,,,,
2008072772,1300,1,0,0,0,0,0,0,0,0,4,0,,67,4,2008,1,39.9469,-75.1834,300.0,6,0,0,0,0,0,1,0,0,,0,0,0,13,1,1,1,,0,39 56:48.919,,0,75 11:00.412,4,0,0,0,67301,0,0,0,,0,0,0,4,67301,1,,1,1,,N,N,,0,,0,0,1,3.0,3,,1300,1,2,0,0,0,0,0,3,4,0,2,3,,N,,,,,,,,,,,
2008072799,1355,2,0,0,0,0,0,0,0,0,3,0,,67,4,2008,6,40.0556,-75.0927,1351.0,6,0,0,0,0,0,0,0,1,,0,0,0,13,1,1,0,,0,40 03:20.203,,0,75 05:33.554,4,0,0,0,67301,0,0,0,N,0,0,0,1,67301,1,,2,1,,N,N,,0,,0,0,0,0.0,0,,1345,1,2,0,0,0,0,0,3,4,0,2,3,,N,,,,,,,,,,,
2008087451,0,1,0,0,0,0,0,0,0,0,7,0,,67,3,2008,5,39.9758,-75.1159,0.0,6,0,0,0,0,0,0,0,0,,0,0,0,3,6,2,6,,0,39 58:35.400,,2,75 06:52.200,3,0,0,0,67301,0,0,0,N,0,0,0,2,00000,0,,3,1,,N,N,,0,,1,0,0,0.0,0,,315,2,2,0,0,0,1,0,3,4,0,1,3,,N,,,,,,,,,,,
2008087488,1837,0,0,0,0,0,0,0,0,0,2,0,,67,5,2008,2,40.0578,-75.0087,1835.0,6,0,0,0,0,0,0,0,0,1.0,0,0,0,18,1,2,1,,1,40 03:28.059,5.0,0,75 00:31.473,4,0,0,0,67301,0,0,0,N,0,0,0,2,67301,2,,1,1,,N,N,,0,,0,0,1,3.0,2,Y,1834,2,2,0,0,1,0,0,3,4,1,2,3,,N,,,,,,,,,,,
2008079384,824,2,0,0,0,0,0,0,0,0,1,0,,67,5,2008,7,39.9223,-75.1875,824.0,6,0,0,0,0,0,0,0,0,,0,0,0,8,1,0,1,,0,39 55:19.856,,0,75 11:17.130,0,0,0,0,67301,0,0,0,,0,0,0,2,67301,0,,1,1,,,,,0,,0,0,0,9.0,2,,820,0,2,0,0,0,0,0,3,4,0,2,3,,N,,,,,,,,,,,
2008072612,1507,0,0,0,0,0,0,0,0,0,8,0,,67,2,2008,5,39.9222,-75.153,1507.0,6,0,0,0,0,0,1,0,0,3.0,0,0,0,15,1,1,2,,2,39 55:20.003,6.0,0,75 09:10.809,8,0,0,0,67301,1,0,0,N,1,0,0,2,67301,0,,1,1,,N,N,,0,,0,0,1,0.0,0,Y,1507,1,2,0,0,0,1,0,3,4,0,1,3,,N,,,,,,,,,,,
2008082411,1103,2,0,0,0,0,0,0,0,0,4,0,,67,5,2008,2,40.0818,-74.9944,1058.0,6,0,0,0,0,0,1,1,0,,0,0,0,10,1,0,2,,0,40 04:54.532,,0,74 59:39.727,0,0,0,0,67301,0,0,0,,0,0,0,2,67301,0,,1,1,,N,N,,0,,0,0,0,3.0,2,,1058,0,2,0,0,0,0,0,3,4,0,2,3,,N,,,,,,,,,,,
2008060620,705,1,0,0,0,0,0,1,0,0,4,1,,67,3,2008,4,40.0461,-75.1329,656.0,6,0,0,0,0,0,0,1,0,,0,0,0,6,1,2,2,,0,40 02:45.772,,0,75 07:58.519,4,0,0,0,67301,0,0,0,N,0,0,0,2,67301,2,,1,9,,N,N,,0,,0,0,0,3.0,3,,650,2,2,0,0,0,0,0,3,4,0,2,7,,N,,,,,,,,,,,
2008055706,850,2,0,0,0,0,0,0,0,0,1,0,,67,4,2008,4,40.0082,-75.071,751.0,6,0,0,0,0,0,1,0,0,,0,0,0,7,1,0,0,,0,40 00:29.160,,0,75 04:16.320,9,0,0,0,67301,0,0,0,N,0,0,0,2,68K01,0,,1,1,,N,N,,0,,0,0,0,0.0,0,,748,0,2,0,0,0,0,1,3,4,0,2,3,,N,,,,,,,,,,,
2008058238,253,1,0,0,0,0,0,0,0,0,6,0,,67,3,2008,4,39.9796,-75.141,249.0,6,0,0,0,0,0,0,0,0,,0,0,0,2,3,1,1,,0,39 58:46.722,,0,75 08:27.679,8,0,0,0,67301,0,0,0,N,0,0,0,4,67301,0,,1,9,,N,N,,0,,0,0,1,3.0,3,,242,1,2,0,0,0,1,0,3,4,0,2,7,,N,,,,,,,,,,,
2008060817,1702,4,0,0,0,0,0,0,0,0,5,0,,67,2,2008,3,39.9062,-75.1353,1700.0,6,0,0,0,1,0,0,0,0,3.0,0,0,0,17,1,1,0,,2,39 54:22.423,4.0,0,75 08:06.973,4,0,0,0,67301,0,0,0,N,0,0,0,9,67501,1,,1,2,,N,N,,0,,0,0,2,3.0,8,Y,1700,1,6,0,0,0,0,0,3,4,0,6,3,5.0,N,,,,,,,,,,,
2008052915,1547,1,0,0,0,0,0,0,0,0,7,0,,67,4,2008,2,39.9592,-75.1721,1534.0,6,0,0,0,0,0,0,0,0,1.0,0,0,0,15,1,0,0,,1,39 57:33.181,4.0,0,75 10:21.167,9,0,0,0,67301,0,0,0,N,0,0,0,2,68K01,0,,2,1,,N,N,,0,,0,0,0,0.0,0,N,1527,0,1,0,0,0,0,1,3,4,0,1,3,,N,,,,,,,,,,,
2008058057,959,0,0,0,0,0,0,0,0,0,5,1,,67,3,2008,4,39.9884,-75.2499,949.0,6,0,0,0,0,0,0,0,0,,0,1,0,9,1,1,2,,0,39 59:18.471,,0,75 14:59.543,4,0,0,0,67301,0,0,0,N,0,0,0,2,67301,1,,1,9,,N,N,,0,,0,0,1,0.0,0,,940,1,2,0,0,0,0,0,3,4,0,2,7,,N,,,,,,,,,,,
2008049785,2243,1,0,0,0,0,0,0,0,0,7,0,,67,4,2008,5,39.9579,-75.1404,2239.0,6,0,0,0,0,0,0,0,0,1.0,0,0,0,22,2,1,0,,1,39 57:23.760,3.0,2,75 08:31.920,8,0,0,0,67301,0,0,0,N,0,0,0,1,68K01,0,,2,9,,N,N,,0,,0,0,0,0.0,0,N,2239,1,1,0,0,0,1,0,3,4,0,1,7,,N,,,,,,,,,,,
2008044426,820,2,0,0,0,0,0,0,0,0,1,0,,67,1,2008,6,40.0444,-75.1435,820.0,6,0,0,0,0,0,0,0,0,,0,0,0,8,1,1,1,,0,40 02:39.000,,0,75 08:36.426,8,0,0,0,67301,0,0,0,N,0,0,0,3,67301,0,,1,9,,N,N,,0,,0,0,0,2.0,2,,818,1,2,0,0,0,1,0,3,4,0,2,7,,N,,,,,,,,,,,
2008044310,1435,2,0,0,0,0,0,0,0,0,4,0,,67,2,2008,1,39.9623,-75.1613,1430.0,6,0,0,0,0,0,0,0,0,1.0,0,0,0,14,1,1,2,,1,39 57:44.000,2.0,0,75 09:40.847,4,0,0,0,67301,0,0,0,N,0,0,0,4,67301,1,,1,1,,N,N,,0,,0,0,0,3.0,2,Y,1425,1,2,0,0,0,0,0,3,4,0,2,3,,N,,,,,,,,,,,
2008027212,2120,2,0,0,0,0,0,0,0,0,1,0,,67,1,2008,6,40.0568,-75.1607,2113.0,6,0,0,0,0,1,0,0,0,,0,0,0,21,3,1,2,,0,40 03:24.000,,0,75 09:38.521,4,0,0,0,67301,0,0,0,N,0,0,0,6,67301,1,,1,1,,N,N,,0,,0,0,0,3.0,2,,2110,1,2,0,0,0,0,0,3,4,0,2,3,,N,,,,,,,,,,,
2008040147,1905,1,0,0,0,0,0,0,0,0,8,0,,67,2,2008,4,40.1257,-75.0134,1900.0,6,0,0,0,0,0,0,0,0,1.0,0,0,0,18,3,1,0,,2,40 07:32.473,7.0,0,75 00:48.098,3,0,0,0,67301,1,0,0,N,1,0,0,2,67301,0,,2,9,,N,N,,0,,1,0,0,0.0,0,Y,1855,1,2,0,0,0,0,0,3,4,0,1,7,,N,,,,,,,,,,,
2008040232,1655,2,0,0,0,0,0,0,0,0,1,0,,67,2,2008,3,39.9063,-75.1357,1653.0,6,0,0,0,0,0,1,0,0,,0,0,0,16,1,1,0,,0,39 54:22.668,,3,75 08:08.407,3,0,0,0,67301,0,0,0,N,0,0,0,9,67501,0,,1,2,,N,N,,0,,1,0,2,3.0,8,,1653,1,5,0,0,0,0,1,3,4,1,5,7,,N,,,,,,,,,,,
2008062592,414,1,0,0,0,0,0,0,0,0,7,0,,67,5,2008,1,39.9441,-75.1426,409.0,6,0,0,0,0,0,0,0,0,,0,0,0,4,2,2,0,,0,39 56:38.988,,0,75 08:33.389,3,0,0,0,67301,0,0,0,N,0,0,0,5,68K01,1,,3,1,,N,N,,0,,1,0,0,0.0,0,,407,2,1,0,0,0,0,0,3,4,0,1,3,,N,,,,,,,,,,,
2008062594,1856,2,0,0,0,0,0,0,0,0,1,0,,67,5,2008,1,39.9753,-75.1947,1853.0,6,0,0,0,0,0,0,0,1,,0,0,0,18,4,0,6,,0,39 58:35.640,,2,75 11:46.780,0,0,0,0,67301,0,0,0,N,0,0,0,2,68K01,0,,1,1,,N,N,,0,,0,0,0,3.0,4,,1835,0,2,0,0,0,0,0,3,4,0,2,3,,N,,,,,,,,,,,
2008049879,1305,1,0,0,0,0,0,0,0,0,4,0,,67,2,2008,3,39.92,-75.2228,1300.0,6,0,0,0,0,0,0,0,0,,0,0,0,13,1,6,2,,0,39 55:12.000,,0,75 13:22.080,4,0,0,0,67301,0,0,0,,0,0,0,6,67301,6,,1,1,,N,N,,1,,0,0,0,3.0,3,,1300,6,2,0,0,0,0,0,3,4,0,2,3,,N,,,,,,,,,,,
2008030234,230,1,0,0,0,0,0,0,0,0,7,0,,67,2,2008,7,39.9233,-75.1922,230.0,6,0,0,0,0,0,0,0,0,,0,0,0,2,3,0,3,,0,39 55:29.000,,0,75 11:36.074,0,0,0,0,67301,0,0,0,N,0,0,0,1,68K01,0,,4,1,,N,N,,0,,0,0,0,0.0,0,,230,0,1,0,0,0,0,0,3,4,0,1,3,,N,,,,,,,,,,,
2008061719,1008,2,0,0,0,0,0,0,0,0,1,0,,67,5,2008,3,39.9937,-75.0848,952.0,6,0,0,0,0,0,1,0,0,,0,0,0,9,1,1,0,,0,39 59:36.975,,0,75 05:05.398,8,0,0,0,67301,0,0,0,N,0,0,0,2,68K01,0,,1,1,,N,N,,0,,0,0,0,0.0,0,,949,1,2,0,0,0,1,0,3,4,0,2,3,,N,,,,,,,,,,,
2008062131,1617,1,0,0,0,0,0,0,0,0,1,0,,67,3,2008,6,39.9468,-75.1534,1615.0,6,0,0,0,0,0,2,0,0,,0,0,0,16,1,1,2,,0,39 56:48.547,,0,75 09:12.326,4,0,0,0,67301,0,0,0,,0,0,0,3,67301,1,,1,1,,,,,0,,0,0,1,3.0,3,,1610,1,2,0,0,0,0,0,3,4,0,2,3,,N,,,,,,,,,,,
2008057154,1005,1,0,0,0,0,0,0,0,0,5,0,,67,3,2008,5,39.952,-75.1626,1000.0,6,0,0,0,0,0,1,0,1,,0,0,0,9,1,0,5,,0,39 57:07.268,,0,75 09:45.490,0,0,0,0,67301,0,0,0,,0,0,0,3,67301,0,,1,1,,N,,,0,,0,0,1,0.0,0,,935,0,2,0,0,1,0,0,3,4,0,2,3,,N,,,,,,,,,,,
2008057234,1041,2,0,0,0,0,0,0,0,0,4,0,,67,3,2008,7,39.9643,-75.2465,9999.0,6,0,0,0,0,0,1,0,0,,0,0,0,10,1,1,2,,0,39 57:46.226,,0,75 14:48.422,8,0,0,0,67301,0,0,0,N,0,0,0,3,67301,0,,1,1,,N,N,,0,,0,0,0,0.0,0,,1025,1,2,0,0,0,1,0,3,4,0,2,3,,N,,,,,,,,,,,
2008057291,1055,1,0,0,0,0,0,0,0,0,1,0,,67,3,2008,2,40.0207,-75.1416,1047.0,6,0,0,0,0,0,2,0,0,1.0,0,0,0,10,1,3,0,,1,40 01:14.405,1.0,7,75 08:29.755,4,0,0,0,67301,0,0,0,N,0,0,0,3,67301,3,,1,1,,N,N,,0,,0,0,2,0.0,0,N,1042,3,3,0,0,0,0,0,3,4,0,3,3,,N,,,,,,,,,,,
2008057341,950,2,0,0,0,0,0,0,0,0,7,0,,67,3,2008,2,40.0073,-75.2009,945.0,6,0,0,0,0,0,1,0,0,1.0,0,0,0,9,1,0,0,,1,40 00:26.223,2.0,0,75 12:03.231,0,0,0,0,67301,0,0,0,N,0,0,0,4,67301,0,,2,1,,N,N,,0,,0,0,0,0.0,0,N,945,0,2,0,0,0,0,0,3,4,0,2,3,,N,,,,,,,,,,,
2008057662,25,2,0,0,0,0,0,0,0,0,4,0,,67,3,2008,5,39.9507,-75.1689,20.0,6,0,0,0,0,0,0,0,0,1.0,0,0,0,0,3,1,1,,1,39 57:02.545,7.0,0,75 10:08.180,4,0,0,0,67301,0,0,0,N,0,0,0,2,67301,1,,1,1,,N,N,,0,,0,0,0,3.0,2,Y,15,1,2,0,0,0,0,0,3,4,0,2,3,,N,,,,,,,,,,,
2008042309,333,1,0,0,0,0,0,0,0,0,7,0,,67,1,2008,1,39.984,-75.2083,323.0,6,0,0,0,0,0,0,0,0,,0,0,0,3,3,2,0,,0,39 59:06.000,,0,75 12:30.038,8,0,0,0,67301,0,0,0,N,0,0,0,4,68K01,0,,3,9,,N,N,,0,,0,0,0,0.0,0,,321,2,1,0,0,2,2,0,3,4,0,1,3,,N,,,,,,,,,,,
2008057610,228,1,0,0,0,0,0,0,0,0,7,0,,67,4,2008,1,39.9456,-75.1903,223.0,6,0,0,0,0,0,0,0,0,1.0,0,0,0,2,3,1,3,,1,39 56:44.160,3.0,2,75 11:25.080,8,0,0,0,67301,0,0,0,N,0,0,0,1,68K01,0,,4,9,,N,N,,0,,0,0,0,3.0,4,N,220,1,1,0,0,0,1,0,3,4,0,1,7,,N,,,,,,,,,,,
2008057745,1027,2,0,0,0,0,0,0,0,0,4,0,,67,3,2008,4,39.9607,-75.1926,1025.0,6,0,0,0,1,0,1,0,0,1.0,0,0,0,10,1,0,1,,2,39 57:38.354,1.0,0,75 11:33.417,0,0,0,0,67301,0,0,0,N,0,0,0,2,67301,0,,1,9,,N,N,,0,,0,0,0,9.0,3,Y,1025,0,2,0,0,0,0,0,3,4,0,2,98,,N,,,,,,,,,,,
2008042186,1030,0,0,0,0,0,0,0,0,0,4,0,,67,2,2008,2,39.981,-75.1887,1024.0,6,0,0,0,0,0,0,0,0,,0,0,0,10,1,3,0,,0,39 58:50.000,,7,75 11:19.626,4,0,0,0,67301,0,0,0,N,0,0,0,3,67301,3,,1,9,,N,N,,1,,0,0,1,3.0,3,,1005,3,2,0,0,0,0,0,3,4,0,2,7,,N,,,,,,,,,,,
2008026927,915,2,0,0,0,0,0,0,0,0,5,0,,67,1,2008,1,40.0626,-75.0282,910.0,6,0,0,0,0,0,0,0,1,,0,0,0,9,1,1,0,,0,40 03:45.284,,0,75 01:41.502,4,0,0,0,67301,0,0,0,N,0,0,0,2,67301,1,,1,1,,N,N,,0,,0,0,0,0.0,0,,905,1,2,0,0,0,0,0,3,4,0,2,3,,N,,,,,,,,,,,
2008133306,828,1,0,0,1,0,0,0,0,0,5,0,,67,11,2008,2,39.952,-75.1614,825.0,6,0,0,0,0,0,0,0,0,,0,0,0,8,1,1,1,,0,39 57:07.351,,0,75 09:40.989,8,0,0,0,67301,1,0,0,N,0,0,0,2,67301,0,,1,1,,N,N,,0,,0,0,0,9.0,2,,820,1,2,0,0,1,1,0,3,4,0,1,3,,N,,,,,,,,,,,
2008119161,1836,0,0,0,0,0,0,0,0,0,8,0,,67,8,2008,4,40.0282,-75.14,1828.0,6,0,0,0,0,0,0,0,0,,0,0,0,18,1,1,1,,0,40 01:41.624,,0,75 08:23.888,2,0,0,0,67301,1,0,1,N,1,0,1,2,67301,0,,1,1,,N,N,,0,,0,1,1,3.0,3,,1828,1,2,0,0,0,0,0,3,4,0,1,3,,N,,,,,,,,,,,
2008095586,2300,2,0,0,0,0,0,0,0,0,1,0,,67,7,2008,6,39.9122,-75.2315,2249.0,6,0,0,0,0,0,0,0,0,2.0,0,0,0,22,3,1,0,,9,39 54:43.900,2.0,0,75 13:53.440,8,0,0,0,67301,1,0,0,,0,0,0,2,67301,0,,6,1,,,N,,0,,0,0,0,3.0,3,N,2249,1,2,0,0,0,1,1,3,4,0,2,3,,N,,,,,,,,,,,
2008098098,815,2,0,0,0,0,0,0,0,0,1,0,,67,6,2008,5,40.0289,-75.106,807.0,6,0,0,0,0,0,1,0,0,1.0,0,0,0,8,1,0,2,,1,40 01:43.860,1.0,0,75 06:21.744,0,0,0,0,67301,0,0,0,N,0,0,0,4,67301,0,,1,1,,N,N,,0,,0,0,0,3.0,2,N,807,0,3,0,0,0,0,0,3,4,1,3,3,,N,,,,,,,,,,,
2008098144,2010,2,0,0,0,0,0,0,0,0,2,0,,67,6,2008,5,39.9859,-75.2319,2005.0,6,0,0,0,0,0,1,0,0,,0,0,0,20,1,1,1,,0,39 59:09.189,,0,75 13:54.821,4,0,0,0,67301,0,0,0,N,0,0,0,2,67301,1,,1,1,,N,N,,0,,0,0,0,0.0,0,,2003,1,2,0,0,0,0,0,3,4,0,2,3,,N,,,,,,,,,,,
2008070681,1350,2,0,0,0,0,0,0,0,0,4,0,,67,4,2008,1,40.0292,-75.2183,1350.0,6,0,0,0,0,0,1,0,0,,0,0,0,13,1,1,2,,0,40 01:45.015,,0,75 13:05.908,4,0,0,0,67301,0,0,0,N,0,0,0,4,67301,1,,1,9,,N,N,,0,,0,0,0,3.0,3,,1348,1,2,0,0,0,0,0,3,4,0,2,3,,N,,,,,,,,,,,
2008079673,1430,1,0,0,0,0,0,0,0,0,4,0,,67,5,2008,7,40.0107,-75.1627,1427.0,6,0,0,0,0,0,0,0,0,,0,0,0,14,1,5,1,,0,40 00:38.520,,0,75 09:45.720,8,0,0,0,67301,0,0,0,N,0,0,0,5,67301,0,,1,1,,N,N,,0,,0,0,1,3.0,3,,1425,5,2,0,0,0,5,0,3,4,0,2,3,,N,,,,,,,,,,,
2008072763,1619,0,0,0,0,0,0,0,0,0,8,0,,67,4,2008,2,39.9178,-75.1679,1618.0,6,0,0,0,0,0,0,0,0,,0,0,0,16,1,1,1,,0,39 55:04.029,,0,75 10:04.526,4,0,0,0,67301,1,0,0,N,1,0,0,2,67301,1,,1,1,,N,N,,1,,0,0,0,0.0,0,,1617,1,2,0,0,0,0,0,3,4,0,1,3,,N,,,,,,,,,,,