CRN,ARRIVAL_TM,AUTOMOBILE_COUNT,BELTED_DEATH_COUNT,BELTED_SUSP_SERIOUS_INJ_COUNT,BICYCLE_COUNT,BICYCLE_DEATH_COUNT,BICYCLE_SUSP_SERIOUS_INJ_COUNT,BUS_COUNT,CHLDPAS_DEATH_COUNT,CHLDPAS_SUSP_SERIOUS_INJ_COUNT,COLLISION_TYPE,COMM_VEH_COUNT,CONS_ZONE_SPD_LIM,COUNTY,CRASH_MONTH,CRASH_YEAR,DAY_OF_WEEK,DEC_LAT,DEC_LONG,DISPATCH_TM,DISTRICT,DRIVER_COUNT_16YR,DRIVER_COUNT_17YR,DRIVER_COUNT_18YR,DRIVER_COUNT_19YR,DRIVER_COUNT_20YR,DRIVER_COUNT_50_64YR,DRIVER_COUNT_65_74YR,DRIVER_COUNT_75PLUS,EST_HRS_CLOSED,FATAL_COUNT,HEAVY_TRUCK_COUNT,HORSE_BUGGY_COUNT,HOUR_OF_DAY,ILLUMINATION,INJURY_COUNT,INTERSECT_TYPE,INTERSECTION_RELATED,LANE_CLOSED,LATITUDE,LN_CLOSE_DIR,LOCATION_TYPE,LONGITUDE,MAX_SEVERITY_LEVEL,MCYCLE_DEATH_COUNT,MCYCLE_SUSP_SERIOUS_INJ_COUNT,MOTORCYCLE_COUNT,MUNICIPALITY,NONMOTR_COUNT,NONMOTR_DEATH_COUNT,NONMOTR_SUSP_SERIOUS_INJ_COUNT,NTFY_HIWY_MAINT,PED_COUNT,PED_DEATH_COUNT,PED_SUSP_SERIOUS_INJ_COUNT,PERSON_COUNT,POLICE_AGCY,POSSIBLE_INJ_COUNT,RDWY_SURF_TYPE_CD,RELATION_TO_ROAD,ROAD_CONDITION,ROADWAY_CLEARED,SCH_BUS_IND,SCH_ZONE_IND,SECONDARY_CRASH,SMALL_TRUCK_COUNT,SPEC_JURIS_CD,SUSP_MINOR_INJ_COUNT,SUSP_SERIOUS_INJ_COUNT,SUV_COUNT,TCD_FUNC_CD,TCD_TYPE,TFC_DETOUR_IND,TIME_OF_DAY,TOT_INJ_COUNT,TOTAL_UNITS,UNB_DEATH_COUNT,UNB_SUSP_SERIOUS_INJ_COUNT,UNBELTED_OCC_COUNT,UNK_INJ_DEG_COUNT,UNK_INJ_PER_COUNT,URBAN_AREA,URBAN_RURAL,VAN_COUNT,VEHICLE_COUNT,WEATHER1,WEATHER2,WORK_ZONE_IND,WORK_ZONE_LOC,WORK_ZONE_TYPE,WORKERS_PRES,WZ_CLOSE_DETOUR,WZ_FLAGGER,WZ_LAW_OFFCR_IND,WZ_LN_CLOSURE,WZ_MOVING,WZ_OTHER,WZ_SHLDER_MDN,WZ_WORKERS_INJ_KILLED
2008079386,1751,1,0,0,0,0,0,0,0,0,4,0,,67,6,2008,1,39.9057,-75.1757,1745.0,6,0,0,0,0,1,0,0,0,,0,0,0,99,1,0,0,,0,39 54:20.386,,0,75 10:32.635,0,0,0,0,67301,0,0,0,,0,0,0,5,67301,0,,3,1,,,,,1,,0,0,0,0.0,0,,9999,0,2,0,0,0,0,0,3,4,0,2,3,,N,,,,,,,,,,,
2008079750,2130,1,0,0,0,0,0,0,0,0,2,0,,67,5,2008,7,40.0255,-75.0847,2126.0,6,0,0,0,0,0,0,0,0,,0,0,0,21,3,1,1,,0,40 01:31.670,,0,75 05:04.955,4,0,0,0,67301,0,0,0,N,0,0,0,2,67301,1,,1,1,,N,N,,0,,0,0,1,3.0,3,,2115,1,2,0,0,0,0,0,3,4,0,2,3,,N,,,,,,,,,,,
2008082646,1156,2,0,0,0,0,0,0,0,0,4,0,,67,5,2008,6,39.9728,-75.1461,1154.0,6,0,0,0,0,0,1,0,0,,0,0,0,11,1,2,1,,0,39 58:22.220,,0,75 08:45.891,8,0,0,0,67301,0,0,0,N,0,0,0,3,67301,0,,1,9,,N,Y,,0,,0,0,0,3.0,2,,1154,2,2,0,0,0,2,0,3,4,0,2,7,,N,,,,,,,,,,,
2008079516,1640,2,0,0,0,0,0,0,0,0,4,0,,67,5,2008,1,39.9639,-75.2205,1635.0,6,0,0,0,0,0,1,0,0,,0,0,0,99,1,1,1,,0,39 57:49.841,,0,75 13:12.286,8,0,0,0,67301,0,0,0,N,0,0,0,4,67301,0,,1,1,,N,N,,0,,0,0,0,0.0,0,,9999,1,2,0,0,0,1,1,3,4,0,2,3,,N,,,,,,,,,,,
2008072510,1715,1,0,0,0,0,0,0,0,0,8,0,,67,4,2008,1,40.0327,-75.1428,1710.0,6,0,0,0,0,0,1,0,0,3.0,0,0,0,17,1,1,0,,2,40 01:57.871,6.0,0,75 08:34.072,2,0,0,0,67301,1,0,1,N,1,0,1,2,67301,0,,1,1,,N,N,,0,,0,1,0,0.0,0,Y,1700,1,2,0,0,0,0,0,3,4,0,1,3,,N,,,,,,,,,,,
2008082573,812,0,0,0,0,0,0,0,0,0,4,0,,67,4,2008,4,39.9505,-75.2269,811.0,6,0,0,0,0,0,1,0,0,,0,0,0,8,1,1,1,,0,39 57:01.633,,0,75 13:36.684,4,0,0,0,67301,0,0,0,N,0,0,0,3,67301,1,,1,1,,N,N,,1,,0,0,0,3.0,2,,810,1,2,0,0,0,0,0,3,4,1,2,3,,N,,,,,,,,,,,
2008079293,958,0,0,0,0,0,0,0,0,0,0,0,,67,5,2008,5,39.9173,-75.2144,958.0,6,0,0,0,0,0,0,0,0,,0,0,0,9,1,2,0,,0,39 55:02.274,,0,75 12:51.919,2,0,1,1,67301,0,0,0,N,0,0,0,2,67301,0,,1,1,,N,N,,0,,1,1,0,0.0,0,,951,2,1,0,0,0,0,0,3,4,0,1,3,,N,,,,,,,,,,,
2008060513,1115,2,0,0,0,0,0,0,0,0,4,0,,67,3,2008,2,39.9569,-75.2062,1113.0,6,0,0,0,0,0,0,0,0,,0,0,0,99,1,2,1,,0,39 57:24.825,,0,75 12:22.359,8,0,0,0,67301,0,0,0,,0,0,0,4,67301,0,,1,1,,,,,0,,0,0,0,3.0,3,,9999,2,3,0,0,0,2,0,3,4,1,3,3,,N,,,,,,,,,,,
2008060714,1215,1,0,0,0,0,0,0,0,0,8,0,,67,3,2008,2,39.9526,-75.1614,1207.0,6,0,0,0,0,0,0,0,0,,0,0,0,11,1,1,0,,0,39 57:09.329,,0,75 09:40.866,4,0,0,0,67301,1,0,0,,1,0,0,2,67301,1,,1,9,,,,,0,,0,0,0,0.0,0,,1145,1,2,0,0,0,0,0,3,4,0,1,7,,N,,,,,,,,,,,
2008055704,1320,2,0,0,0,0,0,0,0,0,1,0,,67,4,2008,1,40.0089,-75.204,1315.0,6,0,0,0,0,0,0,0,0,,0,0,0,13,1,1,0,,0,40 00:30.538,,0,75 12:10.778,4,0,0,0,67301,0,0,0,N,0,0,0,2,68K01,1,,1,1,,N,N,,0,,0,0,0,0.0,0,,1313,1,2,0,0,0,0,0,3,4,0,2,3,,N,,,,,,,,,,,
2008058201,755,1,0,0,0,0,0,0,0,0,4,0,,67,4,2008,4,40.0324,-75.051,751.0,6,0,0,0,0,0,0,0,0,,0,0,0,7,1,1,1,,0,40 01:56.571,,0,75 03:03.304,4,0,0,0,67301,0,0,0,N,0,0,0,2,67301,1,,1,1,,N,N,,0,,0,0,1,3.0,2,,730,1,2,0,0,0,0,0,3,4,0,2,3,,N,,,,,,,,,,,
2008058248,516,2,0,0,0,0,0,0,0,0,5,0,,67,4,2008,5,40.0402,-75.1163,513.0,6,0,0,0,0,0,1,0,0,,0,0,0,4,3,1,0,,0,40 02:24.568,,0,75 06:58.532,4,0,0,0,67301,0,0,0,N,0,0,0,1,67301,1,,2,1,,N,N,,0,,0,0,0,0.0,0,,420,1,2,0,0,0,0,0,3,4,0,2,3,,N,,,,,,,,,,,
2008058054,1327,2,0,0,0,0,0,0,0,0,1,0,,67,3,2008,2,39.9673,-75.1807,1324.0,6,0,0,0,1,0,1,0,0,,0,0,0,99,1,3,1,,0,39 58:02.420,,0,75 10:51.275,3,0,0,0,67301,0,0,0,N,0,0,0,5,67301,2,,1,9,,N,N,,1,,1,0,1,3.0,2,,9999,3,4,0,0,0,0,0,3,4,0,4,7,,N,,,,,,,,,,,
2008044446,1105,2,0,0,0,0,0,0,0,0,6,0,,67,2,2008,7,40.0289,-75.2057,1103.0,6,0,0,0,0,0,0,0,0,,0,0,0,11,1,2,0,,0,40 01:44.035,,0,75 12:20.523,4,0,0,0,67301,0,0,0,N,0,0,0,3,67301,2,,1,1,,N,N,,0,,0,0,0,0.0,0,,1100,2,2,0,0,0,0,0,3,4,0,2,3,,N,,,,,,,,,,,
2008060193,1956,1,0,0,0,0,0,0,0,0,4,0,,67,3,2008,3,39.968,-75.2337,1955.0,6,0,0,0,0,0,1,0,0,,0,0,0,19,3,0,1,,0,39 58:04.732,,0,75 14:01.362,9,0,0,0,67301,0,0,0,N,0,0,0,2,67301,0,,1,1,,N,N,,0,,0,0,1,3.0,2,,1955,0,2,0,0,0,0,1,3,4,0,2,3,,N,,,,,,,,,,,
2008062171,208,1,0,0,0,0,0,0,0,0,7,0,,67,4,2008,6,40.1141,-74.9881,208.0,6,0,0,0,0,0,0,0,0,1.0,0,0,0,99,3,1,0,,1,40 06:50.991,2.0,0,74 59:17.012,4,0,0,0,67301,0,0,0,,0,0,0,1,67301,1,,2,9,,,,,0,,0,0,0,0.0,0,N,9999,1,1,0,0,0,0,0,3,4,0,1,7,,N,,,,,,,,,,,
2008057080,1550,2,0,0,0,0,0,0,0,0,2,0,,67,4,2008,6,39.9613,-75.1989,1550.0,6,0,0,0,0,0,0,0,0,2.0,0,0,0,15,1,3,1,,2,39 57:41.014,6.0,0,75 11:56.499,4,0,0,0,67301,0,0,0,N,0,0,0,5,67301,2,,1,1,,N,N,,0,,0,0,0,0.0,0,Y,1550,3,2,0,0,0,1,0,3,4,0,2,3,,N,,,,,,,,,,,
2008057122,206,1,0,0,0,0,0,0,0,0,7,0,,67,4,2008,2,39.9906,-75.2128,205.0,6,0,0,0,0,1,0,0,0,,0,0,0,2,3,1,0,,0,39 59:26.320,,0,75 12:46.099,4,0,0,0,67301,0,0,0,N,0,0,0,3,67301,1,,2,1,,N,N,,0,,0,0,0,0.0,0,,205,1,1,0,0,0,0,2,3,4,0,1,3,,N,,,,,,,,,,,
2008057244,820,2,0,0,0,0,0,0,0,0,6,0,,67,4,2008,1,40.0131,-75.201,818.0,6,0,0,0,0,0,1,0,0,3.0,0,0,0,8,1,1,0,,2,40 00:46.982,6.0,0,75 12:03.530,4,0,0,0,67301,0,0,0,N,0,0,0,3,67301,1,,1,9,,N,N,,0,,0,0,0,0.0,0,Y,810,1,2,0,0,0,0,0,3,4,0,2,7,,N,,,,,,,,,,,
2008052196,928,2,0,0,0,0,0,0,0,0,4,0,,67,2,2008,1,39.956,-75.2176,925.0,6,0,0,0,0,0,0,0,0,,0,0,0,9,1,3,1,,0,39 57:21.550,,0,75 13:03.370,8,0,0,0,67301,0,0,0,Y,0,0,0,4,67301,0,,1,1,,N,N,,0,,0,0,0,2.0,2,,924,3,2,0,0,0,3,0,3,4,0,2,3,,N,,,,,,,,,,,
2008052202,2032,1,0,0,0,0,0,1,0,0,5,1,,67,2,2008,6,39.9529,-75.1597,2029.0,6,0,0,0,0,0,0,0,0,,0,0,0,20,3,1,2,,0,39 57:10.616,,0,75 09:34.855,4,0,0,0,67301,0,0,0,N,0,0,0,2,67301,1,,1,1,,N,N,,0,,0,0,0,3.0,2,,2010,1,2,0,0,1,0,0,3,4,0,2,3,,N,,,,,,,,,,,
2008059895,2147,0,0,0,0,0,0,0,0,0,8,0,,67,4,2008,2,40.0415,-75.0879,2147.0,6,0,0,0,0,0,0,0,0,,0,0,0,15,1,1,0,,0,40 02:29.486,,0,75 05:16.270,3,0,0,0,67301,1,0,0,,1,0,0,2,67301,0,,1,1,,,,,0,,1,0,1,9.0,2,,1530,1,2,0,0,0,0,1,3,4,0,1,3,,N,,,,,,,,,,,
2008057789,912,1,0,0,0,0,0,0,0,0,8,0,,67,3,2008,2,39.9506,-75.1617,907.0,6,0,0,0,0,0,0,0,0,,0,0,0,9,1,1,1,,0,39 57:02.085,,0,75 09:42.069,4,0,0,0,67301,1,0,0,N,1,0,0,2,67301,1,,1,1,,N,N,,0,,0,0,0,0.0,0,,907,1,2,0,0,0,0,0,3,4,0,1,3,,N,,,,,,,,,,,
2008024246,1835,1,0,0,0,0,0,0,0,0,1,0,,67,1,2008,3,40.0422,-75.1292,1829.0,6,0,0,0,0,0,1,0,0,,0,0,0,18,3,1,0,,0,40 02:31.890,,0,75 07:45.292,4,0,0,0,67301,0,0,0,N,0,0,0,2,67301,1,,1,1,,N,N,,0,,0,0,0,0.0,0,,1800,1,2,0,0,0,0,0,3,4,1,2,3,,N,,,,,,,,,,,
2008044681,2300,0,0,0,0,0,0,0,0,0,4,0,,67,1,2008,7,40.0626,-75.1708,2300.0,6,0,0,0,0,0,0,0,0,,0,0,0,23,3,1,1,,0,40 03:45.319,,0,75 10:14.845,8,0,0,0,67301,0,0,0,N,0,0,0,6,67301,0,,1,1,,N,N,,0,,0,0,2,3.0,2,,2300,1,2,0,0,0,1,0,3,4,0,2,3,,N,,,,,,,,,,,
2008026925,1615,2,0,0,0,0,0,0,0,0,4,0,,67,1,2008,5,40.0086,-75.0688,1600.0,6,0,0,0,0,0,0,0,1,,0,0,0,15,1,1,1,,0,40 00:31.000,,0,75 04:07.810,4,0,0,0,67301,0,0,0,,0,0,0,3,67301,1,,1,1,,,,,0,,0,0,0,3.0,1,,1545,1,2,0,0,0,0,1,3,4,0,2,3,,N,,,,,,,,,,,
2008119016,2330,1,0,0,0,0,0,0,0,0,7,0,,67,9,2008,7,40.0885,-75.0441,2320.0,6,0,0,0,0,0,0,0,0,,0,0,0,23,3,1,0,,0,40 05:18.621,,0,75 02:39.064,8,0,0,0,67301,0,0,0,N,0,0,0,1,67301,0,,5,9,,N,N,,0,,0,0,0,0.0,0,,2315,1,1,0,0,0,1,0,3,4,0,1,7,,N,,,,,,,,,,,
2008119137,1613,1,0,0,0,0,0,0,0,0,4,0,,67,9,2008,7,39.9909,-75.1016,1612.0,6,0,0,0,0,0,0,0,0,,0,0,0,16,1,1,1,,0,39 59:27.381,,0,75 06:05.712,3,0,0,1,67301,0,0,0,N,0,0,0,2,67301,0,,1,1,,N,N,,0,,1,0,0,3.0,2,,1611,1,2,0,0,0,0,0,3,4,0,2,3,,N,,,,,,,,,,,
2008135879,2021,0,0,0,0,0,0,0,0,0,7,0,,67,12,2008,5,40.0329,-75.0208,2015.0,6,0,0,0,0,0,0,0,0,2.0,0,0,0,20,3,1,0,,1,40 01:56.780,2.0,0,75 01:16.110,4,0,0,0,67301,0,0,0,N,0,0,0,1,68K01,1,,5,9,,N,N,,0,,0,0,1,0.0,0,N,2012,1,1,0,0,0,0,0,3,4,0,1,7,,N,,,,,,,,,,,
2008124589,2246,1,0,0,0,0,0,0,0,0,7,0,,67,10,2008,2,39.9806,-75.2059,2246.0,6,0,0,0,0,0,0,0,0,,0,0,0,22,3,0,0,,0,39 58:52.693,,0,75 12:24.976,0,0,0,0,67301,0,0,0,N,0,0,0,1,68K01,0,,4,9,,N,N,,0,,0,0,0,0.0,0,,2243,0,1,0,0,0,0,0,3,4,0,1,7,,N,,,,,,,,,,,
2008119152,120,1,0,0,0,0,0,0,0,0,4,0,,67,8,2008,2,39.9022,-75.247,113.0,6,0,0,0,0,0,0,0,0,,0,0,0,23,3,1,1,,0,39 54:07.750,,0,75 14:49.138,8,0,0,0,67301,0,0,0,N,0,0,0,4,67301,0,,1,1,,N,N,,0,,0,0,0,9.0,9,,2350,1,2,0,0,0,1,0,3,4,0,2,3,,N,,,,,,,,,,,
2008098105,1226,1,0,0,0,0,0,0,0,0,4,0,,67,6,2008,5,39.8919,-75.2419,1224.0,6,0,0,0,0,0,0,0,0,,0,0,0,12,1,2,1,,0,39 53:30.991,,0,75 14:30.863,4,0,0,0,67301,0,0,0,N,0,0,0,2,67301,2,,2,1,,N,N,,0,,0,0,1,3.0,2,,1224,2,2,0,0,0,0,0,3,4,0,2,3,,N,,,,,,,,,,,
2008098128,932,1,0,0,0,0,0,0,0,0,8,0,,67,7,2008,3,39.9481,-75.1679,930.0,6,0,0,0,0,0,0,0,0,,0,0,0,13,1,1,2,,0,39 56:53.264,,0,75 10:04.303,8,0,0,0,67301,1,0,0,N,1,0,0,2,67301,0,,1,1,,N,N,,0,,0,0,0,0.0,0,,1355,1,2,0,0,0,1,0,3,4,0,1,99,,N,,,,,,,,,,,
2008095600,900,1,0,0,0,0,0,0,0,0,6,0,99.0,67,6,2008,3,40.0274,-75.0286,851.0,6,0,0,0,0,0,1,0,0,2.0,0,0,0,8,1,2,0,,2,40 01:38.691,1.0,0,75 01:42.943,8,0,0,0,67301,0,0,0,N,0,0,0,2,67301,0,,1,1,,N,N,,2,,0,0,0,0.0,0,N,847,2,3,0,0,0,2,0,3,4,0,3,3,,Y,8.0,8.0,U,U,U,U,U,U,U,U,
2008070679,253,1,0,0,0,0,0,0,0,0,2,0,,67,4,2008,1,39.8931,-75.2359,251.0,6,0,0,0,0,0,0,0,0,,0,0,0,2,3,2,6,,0,39 53:34.800,,2,75 14:09.240,4,0,0,0,67301,0,0,0,N,0,0,0,2,67301,2,,1,1,,N,N,,1,,0,0,0,3.0,2,,213,2,2,0,0,0,0,0,3,4,0,2,3,,N,,,,,,,,,,,
2008079379,1630,1,0,0,0,0,0,0,0,0,4,0,,67,5,2008,3,40.0256,-75.1542,1624.0,6,0,0,0,0,0,0,0,0,,0,0,0,16,1,1,1,,0,40 01:32.257,,0,75 09:15.145,4,0,0,0,67301,0,0,0,N,0,0,0,6,67301,1,,1,9,,N,N,,0,,0,0,0,3.0,2,,1620,1,2,0,0,0,0,0,3,4,1,2,7,,N,,,,,,,,,,,
2008070540,38,2,0,0,0,0,0,0,0,0,1,0,,67,6,2008,4,39.9459,-75.1425,30.0,6,0,0,0,0,0,0,0,0,,0,0,0,0,3,0,0,,0,39 56:44.990,,0,75 08:33.159,0,0,0,0,67301,0,0,0,N,0,0,0,2,68K01,0,,1,9,,N,N,,0,,0,0,0,0.0,0,,25,0,2,0,0,0,0,0,3,4,0,2,7,,N,,,,,,,,,,,
2008082586,2305,2,0,0,0,0,0,0,0,0,4,0,,67,5,2008,5,40.0488,-75.1792,2259.0,6,0,0,0,0,0,0,0,0,1.0,0,0,0,22,3,1,1,,1,40 02:55.856,6.0,0,75 10:45.195,3,0,0,0,67301,0,0,0,N,0,0,0,5,67301,0,,1,1,,N,N,,0,,1,0,0,3.0,2,Y,2258,1,2,0,0,0,0,0,3,4,0,2,3,,N,,,,,,,,,,,
2008079272,2210,0,0,0,0,0,0,0,0,0,8,0,,67,5,2008,7,40.1039,-75.0033,2203.0,6,0,0,0,0,0,1,0,0,2.0,0,0,0,22,3,1,2,,1,40 06:14.009,2.0,0,75 00:11.877,4,0,0,0,67301,1,0,0,,1,0,0,6,67301,1,,1,1,,,,,0,,0,0,1,0.0,0,N,2202,1,2,0,0,0,0,0,3,4,0,1,3,,N,,,,,,,,,,,
2008112282,1548,2,0,0,0,0,0,0,0,0,1,0,,67,10,2008,2,39.9905,-75.2048,1543.0,6,0,0,0,0,0,0,0,0,,0,0,0,15,1,1,0,,0,39 59:28.277,,0,75 12:12.927,3,0,0,0,67301,0,0,0,N,0,0,0,4,68K01,0,,1,1,,N,N,,1,,1,0,0,0.0,0,,1520,1,3,0,0,0,0,0,3,4,0,3,3,,N,,,,,,,,,,,
2008120209,800,1,0,0,0,0,0,0,0,0,4,0,,67,9,2008,2,39.9926,-75.1682,758.0,6,0,0,0,0,0,0,0,0,2.0,0,0,0,7,1,1,1,,2,39 59:33.432,7.0,0,75 10:05.681,8,0,0,0,67301,0,0,0,N,0,0,0,2,67301,0,,1,1,,N,N,,0,,0,0,1,3.0,2,Y,745,1,2,0,0,0,1,0,3,4,0,2,3,,N,,,,,,,,,,,
2008120219,2350,1,0,0,0,0,0,0,0,0,4,0,,67,9,2008,5,39.9714,-75.1594,2347.0,6,0,0,0,1,0,0,0,0,,0,0,0,23,3,1,1,,0,39 58:17.040,,0,75 09:33.840,8,0,0,0,67301,0,0,0,N,0,0,0,3,67301,0,,1,9,,N,N,,0,,0,0,1,3.0,2,,2338,1,2,0,0,0,1,0,3,4,0,2,7,,N,,,,,,,,,,,
2008127374,2017,2,0,0,0,0,0,0,0,0,1,0,,67,11,2008,6,39.9434,-75.143,2017.0,6,0,0,0,0,0,0,0,0,1.0,0,0,0,20,3,1,0,,2,39 56:37.430,2.0,0,75 08:34.733,8,0,0,0,67301,0,0,0,N,0,0,0,3,68K01,0,,1,1,,N,N,,0,,0,0,0,0.0,0,N,2011,1,2,0,0,0,1,2,3,4,0,2,3,,N,,,,,,,,,,,
2008122231,1810,0,0,0,0,0,0,0,0,0,1,0,,67,11,2008,3,39.9316,-75.1996,1801.0,6,0,0,0,0,0,1,0,0,1.0,0,0,0,17,3,0,0,,1,39 55:55.811,3.0,0,75 11:59.761,0,0,0,0,67301,0,0,0,N,0,0,0,3,68K01,0,,1,1,,N,N,,2,,0,0,0,0.0,0,Y,1759,0,2,0,0,0,0,0,3,4,0,2,3,,N,,,,,,,,,,,
2008132796,940,1,0,0,0,0,0,0,0,0,1,2,,67,11,2008,2,40.0086,-75.2041,931.0,6,0,0,0,0,0,2,0,0,1.0,0,2,0,9,1,1,0,,2,40 00:31.179,3.0,0,75 12:15.910,8,0,0,0,67301,0,0,0,N,0,0,0,4,68K01,0,,1,1,,N,N,,0,,0,0,1,0.0,0,N,928,1,4,0,0,0,1,0,3,4,0,4,3,,N,,,,,,,,,,,
2008060907,455,2,0,0,0,0,0,0,0,0,6,0,,67,3,2008,1,39.964,-75.1628,453.0,6,0,1,0,0,0,0,0,0,,0,0,0,4,3,2,1,,0,39 57:50.418,,0,75 09:46.090,4,0,0,0,67301,0,0,0,,0,0,0,3,67301,2,,1,9,,,,,0,,0,0,0,3.0,3,,451,2,2,0,0,0,0,0,3,4,0,2,7,,N,,,,,,,,,,,
2008061180,844,1,0,0,0,0,0,0,0,0,4,0,,67,3,2008,7,39.9239,-75.1564,843.0,6,0,0,0,0,0,0,0,0,,0,0,0,8,1,0,1,,0,39 55:25.986,,0,75 09:22.928,0,0,0,0,67301,0,0,0,N,0,0,0,2,67301,0,,1,1,,N,N,,1,,0,0,0,3.0,3,,835,0,3,0,0,0,0,0,3,4,1,3,3,,N,,,,,,,,,,,
2008058968,623,1,0,0,0,0,0,0,0,0,5,1,,67,3,2008,3,39.9523,-75.1533,620.0,6,0,0,0,0,0,0,0,0,,0,1,0,6,5,1,0,,0,39 57:08.454,,0,75 09:11.951,4,0,0,0,67301,1,0,0,N,0,0,0,2,67301,1,,6,1,,N,N,,0,,0,0,0,3.0,2,,615,1,2,0,0,1,0,0,3,4,0,2,3,,N,,,,,,,,,,,
2008059084,805,2,0,0,0,0,0,0,0,0,4,0,,67,3,2008,2,40.0577,-75.0486,800.0,6,0,0,0,1,0,1,0,0,,0,0,0,8,1,0,1,,0,40 03:27.561,,0,75 02:54.815,0,0,0,0,67301,0,0,0,,0,0,0,3,67301,0,,1,1,,N,N,,1,,0,0,0,3.0,2,,800,0,3,0,0,0,0,0,3,4,0,3,3,,N,,,,,,,,,,,
2008059085,445,1,0,0,0,0,0,0,0,0,4,0,,67,3,2008,4,40.0364,-75.1306,439.0,6,0,0,0,0,0,0,0,0,,0,0,0,4,3,1,1,,0,40 02:11.187,,0,75 07:50.102,4,0,0,0,67301,0,0,0,N,0,0,0,8,67301,1,,1,1,,N,N,,1,,0,0,0,3.0,2,,435,1,2,0,0,0,0,0,3,4,0,2,3,,N,,,,,,,,,,,
2008036715,1641,0,0,0,0,0,0,0,0,0,8,0,,67,3,2008,5,39.9973,-75.2348,1640.0,6,0,0,0,0,0,0,0,0,1.0,0,0,0,16,1,1,0,,1,39 59:52.000,2.0,0,75 14:00.109,8,0,0,0,67301,1,0,0,N,1,0,0,3,46104,0,,1,1,,N,N,,0,,0,0,0,3.0,2,N,1639,1,2,0,0,0,1,0,3,4,1,1,3,,N,,,,,,,,,,,
2008060624,2240,2,0,0,0,0,0,0,0,0,4,0,,67,3,2008,6,39.954,-75.2384,35.0,6,0,0,0,0,1,0,0,0,,0,0,0,22,3,1,1,,0,39 57:14.446,,0,75 14:18.200,4,0,0,0,67301,0,0,0,,0,0,0,3,67301,1,,1,9,,N,N,,0,,0,0,0,3.0,3,,2235,1,2,0,0,0,0,0,3,4,0,2,3,,N,,,,,,,,,,,
2008057987,1249,1,0,0,0,0,0,0,0,0,4,0,,67,3,2008,5,39.964,-75.2206,1249.0,6,0,0,0,0,0,1,0,1,,0,0,0,12,1,1,5,,0,39 57:49.827,,0,75 13:12.221,8,0,0,0,67301,0,0,0,N,0,0,0,6,67301,0,,1,1,,N,N,,0,,0,0,0,2.0,2,,1203,1,2,0,0,2,1,0,3,4,1,2,3,,N,,,,,,,,,,,
2008058179,1453,2,0,0,0,0,0,0,0,0,1,0,,67,3,2008,3,40.0394,-75.0426,1453.0,6,0,0,0,0,0,1,0,0,1.0,0,0,0,14,1,1,1,,1,40 02:21.843,6.0,0,75 02:33.482,8,0,0,0,67301,0,0,0,N,0,0,0,3,67301,0,,1,1,,N,N,,0,,0,0,1,3.0,3,N,1453,1,3,0,0,0,1,0,3,4,0,3,3,,N,,,,,,,,,,,
2008058212,820,1,0,0,0,0,0,0,0,0,8,0,,67,3,2008,2,40.0104,-75.0768,816.0,6,0,0,0,0,0,1,0,0,,0,0,0,8,1,1,0,,0,40 00:37.342,,0,75 04:36.567,4,0,0,0,67301,1,0,0,,1,0,0,2,67301,1,,1,1,,,,,0,,0,0,0,0.0,0,,815,1,2,0,0,0,0,0,3,4,0,1,3,,N,,,,,,,,,,,
2008058228,850,1,0,0,0,0,0,0,0,0,8,0,,67,3,2008,6,39.9042,-75.24,838.0,6,0,0,0,1,0,0,0,0,,0,0,0,7,1,1,0,,0,39 54:15.152,,0,75 14:23.970,3,0,0,0,67301,1,0,0,N,1,0,0,2,67301,0,,1,1,,N,N,,0,,1,0,0,3.0,2,,745,1,2,0,0,0,0,0,3,4,0,1,3,,N,,,,,,,,,,,
2008058060,1709,2,0,0,0,0,0,0,0,0,4,0,,67,4,2008,7,40.0098,-75.1669,1700.0,6,0,0,0,0,0,0,0,0,,0,0,0,99,1,0,1,,0,40 00:35.396,,0,75 10:00.738,0,0,0,0,67301,0,0,0,N,0,0,0,4,67301,0,,1,1,,N,N,,0,,0,0,0,0.0,0,,9999,0,2,0,0,1,0,0,3,4,0,2,3,,N,,,,,,,,,,,
2008046778,1412,2,0,0,0,0,0,0,0,0,1,0,,67,3,2008,7,40.0082,-75.203,1405.0,6,0,0,0,0,0,1,1,0,2.0,0,0,0,13,1,1,0,,1,40 00:29.813,3.0,0,75 12:11.913,4,0,0,0,67301,0,0,0,N,0,0,0,9,68K01,1,,1,1,,N,N,,0,,0,0,1,0.0,0,N,1357,1,4,0,0,0,0,0,3,4,1,4,3,,N,,,,,,,,,,,
2008047127,25,2,0,0,0,0,0,0,0,0,4,0,,67,1,2008,7,39.9453,-75.1516,25.0,6,0,0,0,0,0,0,0,0,,0,1,0,0,3,2,1,,0,39 56:43.252,,0,75 09:05.795,3,0,0,0,67301,0,0,0,N,0,0,0,3,67301,1,,1,1,,N,N,,0,,1,0,0,3.0,2,,20,2,3,0,0,0,0,0,3,4,0,3,3,,N,,,,,,,,,,,
2008027019,1320,1,0,0,0,0,0,0,0,0,4,0,,67,1,2008,6,40.0734,-75.0847,1310.0,6,0,0,0,0,0,0,1,0,,0,0,0,12,1,2,3,,0,40 04:24.000,,0,75 05:04.743,8,0,0,0,67301,0,0,0,,0,0,0,3,67301,0,,1,9,,,,,0,,0,0,1,3.0,2,,1255,2,2,0,0,1,2,0,3,4,0,2,7,,N,,,,,,,,,,,