CRN,ARRIVAL_TM,AUTOMOBILE_COUNT,BELTED_DEATH_COUNT,BELTED_SUSP_SERIOUS_INJ_COUNT,BICYCLE_COUNT,BICYCLE_DEATH_COUNT,BICYCLE_SUSP_SERIOUS_INJ_COUNT,BUS_COUNT,CHLDPAS_DEATH_COUNT,CHLDPAS_SUSP_SERIOUS_INJ_COUNT,COLLISION_TYPE,COMM_VEH_COUNT,CONS_ZONE_SPD_LIM,COUNTY,CRASH_MONTH,CRASH_YEAR,DAY_OF_WEEK,DEC_LAT,DEC_LONG,DISPATCH_TM,DISTRICT,DRIVER_COUNT_16YR,DRIVER_COUNT_17YR,DRIVER_COUNT_18YR,DRIVER_COUNT_19YR,DRIVER_COUNT_20YR,DRIVER_COUNT_50_64YR,DRIVER_COUNT_65_74YR,DRIVER_COUNT_75PLUS,EST_HRS_CLOSED,FATAL_COUNT,HEAVY_TRUCK_COUNT,HORSE_BUGGY_COUNT,HOUR_OF_DAY,ILLUMINATION,INJURY_COUNT,INTERSECT_TYPE,INTERSECTION_RELATED,LANE_CLOSED,LATITUDE,LN_CLOSE_DIR,LOCATION_TYPE,LONGITUDE,MAX_SEVERITY_LEVEL,MCYCLE_DEATH_COUNT,MCYCLE_SUSP_SERIOUS_INJ_COUNT,MOTORCYCLE_COUNT,MUNICIPALITY,NONMOTR_COUNT,NONMOTR_DEATH_COUNT,NONMOTR_SUSP_SERIOUS_INJ_COUNT,NTFY_HIWY_MAINT,PED_COUNT,PED_DEATH_COUNT,PED_SUSP_SERIOUS_INJ_COUNT,PERSON_COUNT,POLICE_AGCY,POSSIBLE_INJ_COUNT,RDWY_SURF_TYPE_CD,RELATION_TO_ROAD,ROAD_CONDITION,ROADWAY_CLEARED,SCH_BUS_IND,SCH_ZONE_IND,SECONDARY_CRASH,SMALL_TRUCK_COUNT,SPEC_JURIS_CD,SUSP_MINOR_INJ_COUNT,SUSP_SERIOUS_INJ_COUNT,SUV_COUNT,TCD_FUNC_CD,TCD_TYPE,TFC_DETOUR_IND,TIME_OF_DAY,TOT_INJ_COUNT,TOTAL_UNITS,UNB_DEATH_COUNT,UNB_SUSP_SERIOUS_INJ_COUNT,UNBELTED_OCC_COUNT,UNK_INJ_DEG_COUNT,UNK_INJ_PER_COUNT,URBAN_AREA,URBAN_RURAL,VAN_COUNT,VEHICLE_COUNT,WEATHER1,WEATHER2,WORK_ZONE_IND,WORK_ZONE_LOC,WORK_ZONE_TYPE,WORKERS_PRES,WZ_CLOSE_DETOUR,WZ_FLAGGER,WZ_LAW_OFFCR_IND,WZ_LN_CLOSURE,WZ_MOVING,WZ_OTHER,WZ_SHLDER_MDN,WZ_WORKERS_INJ_KILLED
2008027022,2233,2,0,0,0,0,0,0,0,0,1,0,,67,1,2008,7,40.0367,-75.1584,2230.0,6,0,0,0,1,0,0,0,0,,0,0,0,22,3,2,1,,0,40 02:12.109,,0,75 09:30.211,3,0,0,0,67301,0,0,0,N,0,0,0,3,67301,1,,1,1,,N,N,,0,,1,0,0,3.0,2,,2230,2,2,0,0,1,0,1,3,4,0,2,3,,N,,,,,,,,,,,
2008027029,23,2,0,0,0,0,0,0,0,0,1,0,,67,1,2008,3,39.9616,-75.2245,22.0,6,0,0,0,0,0,0,0,0,,0,0,0,0,3,1,1,,0,39 57:41.000,,0,75 13:28.360,4,0,0,0,67301,0,0,0,N,0,0,0,2,67301,1,,1,1,,N,N,,0,,0,0,0,3.0,2,,21,1,2,0,0,0,0,0,3,4,0,2,3,,N,,,,,,,,,,,
2008040100,1807,2,0,0,0,0,0,0,0,0,4,0,,67,1,2008,4,40.0295,-75.138,1807.0,6,0,0,0,0,0,0,0,0,,0,0,0,18,3,1,1,,0,40 01:46.304,,0,75 08:16.933,4,0,0,0,67301,0,0,0,N,0,0,0,3,67301,1,,1,1,,N,N,,0,,0,0,0,3.0,2,,1800,1,2,0,0,0,0,1,3,4,0,2,3,,N,,,,,,,,,,,
2008032865,1304,2,0,0,0,0,0,0,0,0,1,0,,67,2,2008,4,39.9483,-75.1856,1254.0,6,0,0,0,0,0,0,0,0,,0,0,0,12,1,0,6,,0,39 56:54.000,,2,75 11:08.209,0,0,0,0,67301,0,0,0,N,0,0,0,3,68K01,0,,1,6,,N,N,,0,,0,0,0,0.0,0,,1251,0,2,0,0,0,0,0,3,4,0,2,7,5.0,N,,,,,,,,,,,
2008059576,1613,3,0,0,0,0,0,0,0,0,1,0,,67,4,2008,3,39.9728,-75.1938,1612.0,6,0,0,0,0,0,1,0,0,,0,0,0,16,1,0,0,,0,39 58:25.771,,0,75 11:38.807,9,0,0,0,67301,0,0,0,N,0,0,0,3,68K01,0,,1,1,,N,N,,0,,0,0,0,0.0,0,,1609,0,3,0,0,0,0,1,3,4,0,3,3,,N,,,,,,,,,,,
2008062067,1246,1,0,0,0,0,0,0,0,0,7,0,,67,3,2008,2,39.9092,-75.1575,1246.0,6,0,0,0,0,0,1,0,0,,0,0,0,12,1,1,0,,0,39 54:33.076,,8,75 09:27.076,4,0,0,0,67301,0,0,0,N,0,0,0,1,67501,1,,2,1,,N,N,,0,,0,0,0,0.0,0,,1246,1,1,0,0,0,0,0,3,4,0,1,3,,N,,,,,,,,,,,
2008062188,650,0,0,0,0,0,0,0,0,0,4,0,,67,4,2008,3,39.9325,-75.2303,648.0,6,0,0,0,0,0,2,0,0,2.0,0,1,0,6,1,1,1,,2,39 55:57.086,7.0,0,75 13:49.023,8,0,0,0,67301,0,0,0,,0,0,0,7,67301,0,,1,9,,,,,0,,0,0,1,2.0,2,Y,647,1,2,0,0,0,1,0,3,4,0,2,3,,N,,,,,,,,,,,
2008057064,1838,2,0,0,0,0,0,0,0,0,4,0,,67,3,2008,2,39.9882,-75.1805,1838.0,6,0,0,0,0,0,0,1,0,,0,0,0,18,4,1,2,,0,39 59:17.597,,0,75 10:49.788,8,0,0,0,67301,0,0,0,,0,0,0,3,67301,0,,1,9,,,,,0,,0,0,0,3.0,3,,1835,1,2,0,0,0,1,2,3,4,0,2,7,,N,,,,,,,,,,,
2008057263,2059,2,0,0,0,0,0,0,0,0,4,0,,67,3,2008,7,40.0392,-75.11,2052.0,6,0,0,0,0,1,0,0,0,1.0,0,0,0,20,3,2,1,,1,40 02:20.942,7.0,0,75 06:36.006,4,0,0,0,67301,0,0,0,N,0,0,0,2,67301,2,,1,1,,N,N,,0,,0,0,0,3.0,2,N,2038,2,2,0,0,0,0,0,3,4,0,2,3,,N,,,,,,,,,,,
2008057370,1255,1,0,0,0,0,0,0,0,0,4,0,,67,4,2008,1,40.039,-75.15,1250.0,6,0,0,0,0,0,0,0,0,9.0,0,0,0,0,3,1,1,,1,40 02:20.300,2.0,0,75 09:00.122,8,0,0,0,67301,0,0,0,N,0,0,0,2,67301,0,,1,1,,N,N,,0,,0,0,1,3.0,2,N,45,1,2,0,0,1,1,0,3,4,0,2,3,,N,,,,,,,,,,,
2008042283,517,1,0,0,0,0,0,0,0,0,7,0,,67,1,2008,3,39.9717,-75.1935,454.0,6,0,0,1,0,0,0,0,0,,0,0,0,4,3,1,0,,0,39 58:21.000,,0,75 11:37.601,4,0,0,0,67301,0,0,0,N,0,0,0,3,68K01,1,,2,9,,N,N,,0,,0,0,0,0.0,0,,421,1,1,0,0,0,0,0,3,4,0,1,3,,N,,,,,,,,,,,
2008057801,1327,0,0,0,0,0,0,0,0,0,8,0,,67,4,2008,3,39.999,-75.1332,1327.0,6,0,0,0,0,0,0,0,0,,0,0,0,13,1,1,1,,0,39 59:56.498,,0,75 07:59.677,4,0,0,0,67301,1,0,0,N,1,0,0,2,67301,1,,1,1,,N,N,,0,,0,0,0,3.0,2,,1324,1,2,0,0,0,0,0,3,4,1,1,3,,N,,,,,,,,,,,
2008044674,1542,2,0,0,0,0,0,0,0,0,6,0,,67,1,2008,2,40.0399,-75.0323,1540.0,6,0,0,0,0,0,0,0,0,,0,0,0,14,1,1,0,,0,40 02:23.553,,0,75 01:56.035,4,0,0,0,67301,0,0,0,N,0,0,0,1,67301,1,,6,1,,N,N,,1,,0,0,0,0.0,0,,1430,1,3,0,0,0,0,0,3,4,0,3,3,,N,,,,,,,,,,,
2008119049,1224,1,0,0,0,0,0,0,0,0,8,0,,67,9,2008,7,40.0186,-75.1554,1216.0,6,0,0,0,0,0,0,0,0,,0,0,0,12,1,1,2,,0,40 01:06.983,,0,75 09:19.416,4,0,0,0,67301,1,0,0,,1,0,0,2,67301,1,,1,1,,N,N,,0,,0,0,0,1.0,3,,1216,1,2,0,0,0,0,0,3,4,0,1,3,,N,,,,,,,,,,,
2008119149,1655,2,0,0,0,0,0,0,0,0,4,0,,67,9,2008,5,39.9042,-75.2399,1644.0,6,0,0,0,0,0,0,0,0,,0,0,0,15,1,0,0,,0,39 54:15.225,,7,75 14:23.646,0,0,0,0,67301,0,0,0,N,0,0,0,2,67301,0,,1,1,,N,N,,0,,0,0,0,0.0,0,,1530,0,2,0,0,0,0,0,3,4,0,2,3,,N,,,,,,,,,,,
2008087909,2335,2,0,0,0,0,0,0,0,0,5,0,,67,6,2008,7,39.97,-75.1889,2328.0,6,0,0,0,0,1,0,0,0,,0,0,0,23,3,1,3,,0,39 58:12.000,,0,75 11:20.040,4,0,0,0,67301,0,0,0,N,0,0,0,4,67301,1,,1,1,,N,N,,0,,0,0,0,3.0,3,,2325,1,2,0,0,0,0,0,3,4,0,2,3,,N,,,,,,,,,,,
2008098094,2049,1,0,0,0,0,0,0,0,0,8,0,,67,7,2008,5,39.9545,-75.2342,2049.0,6,0,0,0,0,0,0,0,0,,0,0,0,20,3,1,0,,0,39 57:16.246,,0,75 14:03.247,8,0,0,0,67301,1,0,0,N,1,0,0,2,67301,0,,6,1,,N,N,,0,,0,0,0,3.0,2,,2049,1,2,0,0,0,1,0,3,4,0,1,3,,N,,,,,,,,,,,
2008098102,2118,2,0,0,0,0,0,0,0,0,1,0,,67,7,2008,5,39.952,-75.1626,2115.0,6,0,0,0,0,0,0,0,0,,0,0,0,20,1,2,2,,0,39 57:07.268,,0,75 09:45.490,8,0,0,0,67301,0,0,0,N,0,0,0,5,67301,0,,1,1,,N,N,,0,,0,0,0,0.0,0,,2000,2,2,0,0,5,2,0,3,4,0,2,3,,N,,,,,,,,,,,
2008095603,1928,1,0,0,0,0,0,0,0,0,8,0,,67,7,2008,6,40.0007,-75.1275,1927.0,6,0,0,0,0,0,0,0,0,,0,0,0,19,1,1,0,,0,40 00:02.613,,0,75 07:38.992,8,0,0,0,67301,1,0,0,N,1,0,0,2,67301,0,,1,9,,N,N,,0,,0,0,0,0.0,0,,1927,1,2,0,0,0,1,0,3,4,0,1,7,,N,,,,,,,,,,,
2008104242,300,2,0,0,0,0,0,0,0,0,5,0,,67,7,2008,1,40.0279,-75.1471,251.0,6,0,0,0,0,0,0,0,0,,0,0,0,99,3,1,0,,0,40 01:40.150,,0,75 08:49.493,4,0,0,0,67301,1,0,0,N,0,0,0,2,67301,1,,6,1,,N,N,,0,,0,0,0,3.0,2,,9999,1,2,0,0,0,0,0,3,4,0,2,3,,N,,,,,,,,,,,
2008079534,1711,3,0,0,0,0,0,0,0,0,1,0,,67,5,2008,4,40.0482,-75.1426,1710.0,6,0,0,0,0,0,0,0,0,1.0,0,0,0,99,1,1,0,,2,40 02:53.395,5.0,0,75 08:33.483,4,0,0,0,67301,0,0,0,N,0,0,0,3,67301,1,,1,1,,N,N,,1,,0,0,0,3.0,2,Y,9999,1,4,0,0,0,0,1,3,4,0,4,3,,N,,,,,,,,,,,
2008072806,1532,2,0,0,0,0,0,0,0,0,2,0,,67,5,2008,7,39.9211,-75.2242,1530.0,6,0,0,1,0,0,0,0,0,1.0,0,0,0,15,1,2,1,,2,39 55:15.796,6.0,0,75 13:27.001,4,0,0,0,67301,0,0,0,N,0,0,0,2,67301,2,,1,1,,N,N,,0,,0,0,0,3.0,2,Y,1528,2,2,0,0,2,0,0,3,4,0,2,3,,N,,,,,,,,,,,
2008079363,907,2,0,0,0,0,0,0,0,0,4,0,,67,5,2008,6,40.0471,-75.1935,907.0,6,0,0,0,0,0,0,1,0,,0,0,0,99,1,1,1,,0,40 02:49.617,,0,75 11:36.470,4,0,0,0,67301,0,0,0,N,0,0,0,2,67301,1,,1,9,,N,N,,0,,0,0,0,3.0,3,,9999,1,2,0,0,0,0,0,3,4,0,2,7,,N,,,,,,,,,,,
2008079390,1132,0,0,0,0,0,0,0,0,0,5,0,,67,5,2008,7,39.9913,-75.1349,1130.0,6,0,0,0,0,0,0,0,0,,0,0,0,11,1,1,0,,0,39 59:28.536,,0,75 08:05.639,4,0,0,0,67301,0,0,0,N,0,0,0,1,67301,1,,2,1,,N,N,,1,,0,0,1,0.0,0,,1109,1,3,0,0,0,0,0,3,4,1,3,3,,N,,,,,,,,,,,
2008076963,853,1,0,0,0,0,0,0,0,0,7,0,,67,6,2008,5,39.913,-75.1485,845.0,6,0,0,0,0,0,0,0,0,,0,0,0,8,1,0,0,,0,39 54:48.160,,0,75 08:54.384,0,0,0,0,67301,0,0,0,N,0,0,0,1,68K01,0,,1,1,,N,N,,0,,0,0,0,0.0,0,,845,0,1,0,0,0,0,0,3,4,0,1,3,,N,,,,,,,,,,,
2008082610,2220,1,0,0,1,0,0,0,0,0,4,0,,67,5,2008,6,40.0507,-75.1913,2215.0,6,0,0,0,0,0,0,1,0,,0,0,0,22,3,1,2,,0,40 03:02.620,,0,75 11:28.737,8,0,0,0,67301,1,0,0,,0,0,0,2,67301,0,,1,9,,,,,0,,0,0,0,0.0,0,,2211,1,2,0,0,0,1,0,3,4,0,1,7,,N,,,,,,,,,,,
2008082637,315,3,0,0,0,0,0,0,0,0,5,0,,67,5,2008,2,40.0453,-75.1032,310.0,6,0,0,0,0,0,0,0,0,2.0,0,0,0,3,3,0,0,,2,40 02:43.098,3.0,0,75 06:11.584,0,0,0,0,67301,0,0,0,N,0,0,0,1,67301,0,,6,1,,N,N,,0,,0,0,2,0.0,0,Y,304,0,5,0,0,0,0,0,3,4,0,5,3,,N,,,,,,,,,,,
2008082638,740,1,0,0,0,0,0,0,0,0,2,0,,67,5,2008,5,40.0455,-75.0798,738.0,6,0,0,0,0,0,0,0,0,,0,0,0,7,1,1,1,,0,40 02:43.933,,0,75 04:47.103,4,0,0,0,67301,0,0,0,,0,0,0,3,67301,1,,1,1,,N,N,,1,,0,0,0,3.0,3,,718,1,2,0,0,0,0,1,3,4,0,2,3,,N,,,,,,,,,,,
2008072507,1752,0,0,0,0,0,0,0,0,0,1,0,,67,4,2008,3,,,1750.0,6,0,0,0,0,0,0,1,0,1.0,0,0,0,17,1,1,0,,1,,3.0,0,,8,0,0,0,67301,0,0,0,N,0,0,0,5,67301,0,,1,1,,N,N,,0,,0,0,1,0.0,0,N,1750,1,2,0,0,3,1,0,3,3,1,2,3,,N,,,,,,,,,,,
2008085097,354,3,0,0,0,0,0,0,0,0,1,0,,67,7,2008,7,39.9724,-75.1935,343.0,6,0,0,0,0,0,0,0,0,1.0,0,0,0,3,3,2,0,,1,39 58:25.300,4.0,0,75 11:38.030,4,0,0,0,67301,0,0,0,N,0,0,0,4,68K01,2,,1,1,,N,N,,0,,0,0,0,0.0,0,N,340,2,3,0,0,0,0,0,3,4,0,3,3,,N,,,,,,,,,,,
2008079252,2105,1,0,0,0,0,0,0,0,0,5,0,,67,5,2008,1,39.9765,-75.1133,2100.0,6,0,0,0,0,0,0,0,0,,0,0,0,17,1,2,2,,0,39 58:36.480,,0,75 06:47.520,4,0,0,1,67301,0,0,0,N,0,0,0,3,67301,2,,1,98,,N,N,,0,,0,0,0,0.0,0,,1730,2,2,0,0,0,0,1,3,4,0,2,3,,N,,,,,,,,,,,
2008074469,1842,1,0,0,0,0,0,0,0,0,1,0,,67,6,2008,7,39.9677,-75.1897,1826.0,6,0,0,0,0,0,0,0,0,,0,0,0,18,1,0,0,,0,39 58:03.989,,0,75 11:23.890,0,0,0,0,67301,0,0,0,N,0,0,0,9,68K01,0,,1,1,,N,N,,0,,0,0,1,0.0,0,,1819,0,2,0,0,0,0,0,3,4,0,2,3,,N,,,,,,,,,,,
2008072075,1707,3,0,0,0,0,0,0,0,0,4,0,,67,4,2008,2,40.0408,-75.1463,1642.0,6,0,0,0,0,0,0,0,0,,0,0,0,16,1,1,1,,0,40 02:26.761,,0,75 08:46.849,4,0,0,0,67301,0,0,0,N,0,0,0,3,67301,1,,2,9,,N,N,,0,,0,0,0,3.0,3,,1615,1,3,0,0,0,0,1,3,4,0,3,7,,N,,,,,,,,,,,
2008055712,1543,3,0,0,0,0,0,0,0,0,1,0,,67,4,2008,4,39.9572,-75.157,1543.0,6,0,0,0,0,0,1,0,0,1.0,0,1,0,15,1,1,0,,1,39 57:26.012,3.0,0,75 09:25.173,4,0,0,0,67301,0,0,0,N,0,0,0,7,68K01,1,,1,1,,N,N,,0,,0,0,0,0.0,0,N,1534,1,4,0,0,0,0,0,3,4,0,4,3,,N,,,,,,,,,,,
2008058208,1225,3,0,0,0,0,0,0,0,0,1,0,,67,3,2008,5,39.9688,-75.1362,1220.0,6,0,0,0,0,1,0,0,0,1.0,0,0,0,12,1,2,1,,1,39 58:07.845,3.0,0,75 08:10.374,8,0,0,0,67301,0,0,0,N,0,0,0,6,67301,0,,1,9,,N,N,,0,,0,0,0,3.0,2,N,1220,2,3,0,0,0,2,1,3,4,0,3,7,,N,,,,,,,,,,,
2008058061,1809,1,0,0,0,0,0,0,0,0,8,0,,67,4,2008,4,40.0273,-75.0329,1807.0,6,0,0,0,0,0,0,0,0,,0,0,0,17,1,1,0,,0,40 01:41.724,,0,75 02:19.507,4,0,0,0,67301,1,0,0,N,1,0,0,3,67301,1,,1,1,,N,N,,0,,0,0,0,0.0,0,,1758,1,2,0,0,0,0,0,3,4,0,1,3,,N,,,,,,,,,,,
2008049370,119,1,0,0,0,0,0,0,0,0,0,0,,67,4,2008,3,40.0529,-74.9867,113.0,6,0,0,0,1,0,0,0,0,1.0,0,0,0,1,3,0,0,,2,40 03:11.401,2.0,0,74 59:12.790,9,0,0,0,67301,0,0,0,N,0,0,0,1,68K01,0,,1,9,,N,N,,0,,0,0,0,0.0,0,N,111,0,1,0,0,0,0,1,3,4,0,1,7,,N,,,,,,,,,,,
2008027210,301,0,0,0,0,0,0,0,0,0,7,0,,67,1,2008,5,39.9669,-75.1608,300.0,6,0,0,0,0,0,0,0,0,,0,0,0,2,3,1,2,,0,39 58:01.000,,0,75 09:38.989,4,0,0,0,67301,0,0,0,N,0,0,0,1,67301,1,,3,1,,N,N,,0,,0,0,0,0.0,0,,255,1,1,0,0,0,0,0,3,4,1,1,3,,N,,,,,,,,,,,
2008008634,1840,0,0,0,0,0,0,0,0,0,7,0,,67,1,2008,4,39.9375,-75.1986,1821.0,6,0,0,0,0,0,0,0,0,2.0,0,0,0,18,3,4,0,,2,39 56:20.000,3.0,0,75 11:49.529,3,0,0,0,67301,0,0,0,N,0,0,0,4,68K01,3,,3,1,,N,N,,0,,1,0,1,0.0,0,N,1819,4,1,0,0,3,0,0,3,4,0,1,3,,N,,,,,,,,,,,
2008060253,1524,2,0,0,0,0,0,0,0,0,1,0,,67,3,2008,6,39.9154,-75.1601,1520.0,6,0,0,0,0,0,1,0,0,,0,0,0,15,1,1,0,,0,39 54:55.519,,0,75 09:36.252,4,0,0,0,67301,0,0,0,N,0,0,0,2,67301,1,,1,1,,N,N,,0,,0,0,0,0.0,0,,1512,1,2,0,0,0,0,0,3,4,0,2,3,,N,,,,,,,,,,,
2008049858,2017,1,0,0,0,0,0,0,0,0,7,0,,67,3,2008,3,40.0033,-75.1659,2015.0,6,0,1,0,0,0,0,0,0,,0,0,0,20,3,2,1,,0,40 00:11.769,,0,75 09:57.120,3,0,0,0,67301,0,0,0,N,0,0,0,2,67301,1,,5,9,,N,N,,0,,1,0,0,0.0,0,,2013,2,1,0,0,2,0,0,3,4,0,1,7,,N,,,,,,,,,,,
2008027036,2150,0,0,0,0,0,0,0,0,0,8,0,,67,1,2008,6,,,2146.0,6,0,0,0,0,0,0,0,0,,0,0,0,21,6,1,0,,0,,,0,,8,0,0,0,67301,1,0,0,N,1,0,0,2,67301,0,,1,1,,N,N,,0,,0,0,1,0.0,0,,2130,1,2,0,0,0,1,0,3,3,0,1,3,,N,,,,,,,,,,,
2008040103,2049,1,0,0,0,0,0,0,0,0,1,0,,67,2,2008,4,40.0474,-75.0141,2049.0,6,0,0,0,1,0,0,0,0,2.0,0,0,0,20,3,0,0,,2,40 02:50.640,2.0,0,75 00:50.760,0,0,0,0,67301,0,0,0,N,0,0,0,5,67301,0,,1,1,,N,N,,0,,0,0,2,0.0,0,N,2049,0,3,0,0,0,0,0,3,4,0,3,3,,N,,,,,,,,,,,
2008040127,113,8,0,0,0,0,0,0,0,0,4,0,,67,1,2008,4,40.0432,-75.1218,110.0,6,0,0,0,0,1,0,0,0,3.0,0,0,0,1,3,3,1,,2,40 02:35.556,1.0,0,75 07:18.375,3,0,0,0,67301,0,0,0,,0,0,0,5,67301,2,,1,9,,N,N,,0,,1,0,1,3.0,3,Y,100,3,9,0,0,0,0,0,3,4,0,9,7,,N,,,,,,,,,,,
2008067191,1313,1,0,0,0,0,0,0,0,0,7,0,,67,5,2008,4,39.959,-75.141,1304.0,6,0,0,0,0,0,0,0,0,,0,0,0,12,1,0,0,,0,39 57:11.170,,0,75 08:29.485,0,0,0,0,67301,0,0,0,N,0,0,0,1,68K01,0,,2,1,,N,N,,0,,0,0,0,0.0,0,,1257,0,1,0,0,0,0,0,3,4,0,1,3,,N,,,,,,,,,,,
2008064929,930,2,0,0,0,0,0,0,0,0,1,0,,67,5,2008,5,39.9799,-75.2049,928.0,6,0,0,0,0,0,0,0,0,,0,0,0,9,1,0,0,,0,39 58:50.057,,0,75 12:21.428,0,0,0,0,67301,0,0,0,N,0,0,0,2,68K01,0,,1,1,,N,N,,0,,0,0,0,0.0,0,,920,0,2,0,0,1,0,0,3,4,0,2,3,,N,,,,,,,,,,,
2008062132,1238,2,0,0,0,0,0,0,0,0,1,0,,67,3,2008,1,40.1178,-75.0067,1227.0,6,0,0,0,0,0,1,0,0,9.0,0,0,0,12,1,1,0,,9,40 07:04.110,3.0,0,75 00:24.112,4,0,0,0,67301,0,0,0,N,0,0,0,3,67301,1,,1,1,,N,N,,1,,0,0,0,0.0,0,N,1220,1,3,0,0,0,0,0,3,4,0,3,3,,N,,,,,,,,,,,
2008057239,108,5,0,0,0,0,0,0,0,0,2,0,,67,3,2008,3,40.0195,-75.1605,105.0,6,0,0,0,0,0,0,0,0,,0,0,0,1,3,1,0,,0,40 01:10.157,,0,75 09:37.627,3,0,0,0,67301,0,0,0,N,0,0,0,1,67301,0,,2,1,,N,N,,0,,1,0,0,0.0,0,,104,1,5,0,0,0,0,0,3,4,0,5,3,,N,,,,,,,,,,,
2008057252,1600,2,0,0,0,0,0,0,0,0,4,0,,67,3,2008,4,40.0215,-75.158,1530.0,6,0,0,0,0,1,0,0,0,,0,0,0,15,1,2,2,,0,40 01:17.527,,0,75 09:28.708,3,0,0,0,67301,0,0,0,N,0,0,0,2,67301,0,,1,9,,N,N,,0,,2,0,0,0.0,0,,1500,2,2,0,0,0,0,0,3,4,0,2,7,,N,,,,,,,,,,,
2008059816,2017,1,0,0,0,0,0,0,0,0,1,0,,67,4,2008,6,39.9577,-75.1602,2016.0,6,0,0,0,0,0,0,0,0,,0,0,0,20,3,0,0,,0,39 57:27.540,,0,75 09:36.660,0,0,0,0,67301,0,0,0,N,0,0,0,5,68K01,0,,1,1,,N,N,,0,,0,0,1,0.0,0,,2012,0,2,0,0,0,0,0,3,4,0,2,3,,N,,,,,,,,,,,
2008060079,1010,1,0,0,0,0,0,0,0,0,7,0,,67,5,2008,1,39.9923,-75.2456,1009.0,6,0,0,0,0,0,0,1,0,3.0,0,0,0,10,1,1,0,,2,39 59:33.176,5.0,0,75 14:42.085,8,0,0,0,67301,0,0,0,N,0,0,0,1,46104,0,,5,1,,N,N,,0,,0,0,0,3.0,2,Y,1009,1,1,0,0,0,1,0,3,4,0,1,3,,N,,,,,,,,,,,
2008049788,2222,1,0,0,0,0,0,0,0,0,5,0,,67,4,2008,6,39.9797,-75.2046,2215.0,6,0,0,0,0,0,0,0,0,1.0,0,0,0,22,3,4,0,,1,39 58:49.440,3.0,0,75 12:20.520,8,0,0,0,67301,0,0,0,N,0,0,0,5,68K01,0,,1,9,,N,N,,0,,0,0,0,0.0,0,N,2213,4,2,0,0,1,4,0,3,4,1,2,7,,N,,,,,,,,,,,
2008042332,403,1,0,0,0,0,0,0,0,0,7,0,,67,1,2008,3,39.9761,-75.1952,354.0,6,0,0,0,1,0,0,0,0,1.0,0,0,0,3,3,0,0,,1,39 58:36.000,4.0,0,75 11:47.875,0,0,0,0,67301,0,0,0,N,0,0,0,2,68K01,0,,4,1,,N,N,,0,,0,0,0,0.0,0,N,350,0,1,0,0,0,0,0,3,4,0,1,3,,N,,,,,,,,,,,
2008057791,2347,3,0,0,0,0,0,0,0,0,2,0,,67,4,2008,6,40.0272,-75.171,2346.0,6,0,0,0,0,0,0,0,0,,0,0,0,23,3,0,0,,0,40 01:37.983,,0,75 10:15.634,0,0,0,0,67301,0,0,0,N,0,0,0,1,67301,0,,6,9,,N,N,,0,,0,0,0,0.0,0,,2308,0,3,0,0,0,0,0,3,4,0,3,7,,N,,,,,,,,,,,
2008044646,1930,3,0,0,0,0,0,0,0,0,2,0,,67,1,2008,3,40.1092,-75.0257,1926.0,6,0,1,0,0,0,2,0,0,,0,0,0,19,3,1,0,,0,40 06:33.157,,0,75 01:32.570,4,0,0,0,67301,0,0,0,N,0,0,0,4,67301,1,,1,1,,N,N,,0,,0,0,1,0.0,0,,1920,1,4,0,0,0,0,0,3,4,0,4,3,,N,,,,,,,,,,,
2008024503,845,2,0,0,0,0,0,0,0,0,2,0,,67,1,2008,4,40.0764,-75.195,841.0,6,0,0,0,0,0,1,0,0,,0,0,0,8,1,2,1,,0,40 04:35.000,,0,75 11:41.784,3,0,0,0,67301,0,0,0,N,0,0,0,5,67301,0,,1,9,,N,N,,0,,1,0,0,3.0,2,,841,2,2,0,0,0,1,0,3,4,0,2,3,,N,,,,,,,,,,,
2008119077,1900,1,0,0,0,0,0,0,0,0,8,0,,67,10,2008,1,40.0238,-75.0505,1855.0,6,0,0,0,0,0,0,0,0,,0,0,0,18,1,1,0,,0,40 01:25.546,,0,75 03:01.785,3,0,0,0,67301,1,0,0,N,1,0,0,2,67301,0,,1,1,,N,N,,0,,1,0,0,0.0,0,,1855,1,2,0,0,0,0,0,3,4,0,1,3,,N,,,,,,,,,,,
2008119108,737,2,0,0,0,0,0,0,0,0,1,0,,67,9,2008,4,40.1085,-75.0262,732.0,6,0,1,0,0,0,0,0,0,,0,0,0,7,1,1,0,,0,40 06:30.536,,0,75 01:34.380,8,0,0,0,67301,0,0,0,N,0,0,0,3,67301,0,,1,1,,N,N,,0,,0,0,0,0.0,0,,730,1,2,0,0,0,1,0,3,4,0,2,3,,N,,,,,,,,,,,
2008119112,1304,1,0,0,0,0,0,0,0,0,8,0,,67,8,2008,6,40.0029,-75.127,1257.0,6,0,0,0,0,0,0,0,0,9.0,0,0,0,12,1,1,1,,2,40 00:10.512,7.0,0,75 07:37.113,4,0,0,0,67301,1,0,0,N,1,0,0,3,67301,1,,1,1,,N,N,,0,,0,0,0,3.0,3,Y,1256,1,2,0,0,0,0,0,3,4,0,1,3,,N,,,,,,,,,,,