CRN,ARRIVAL_TM,AUTOMOBILE_COUNT,BELTED_DEATH_COUNT,BELTED_SUSP_SERIOUS_INJ_COUNT,BICYCLE_COUNT,BICYCLE_DEATH_COUNT,BICYCLE_SUSP_SERIOUS_INJ_COUNT,BUS_COUNT,CHLDPAS_DEATH_COUNT,CHLDPAS_SUSP_SERIOUS_INJ_COUNT,COLLISION_TYPE,COMM_VEH_COUNT,CONS_ZONE_SPD_LIM,COUNTY,CRASH_MONTH,CRASH_YEAR,DAY_OF_WEEK,DEC_LAT,DEC_LONG,DISPATCH_TM,DISTRICT,DRIVER_COUNT_16YR,DRIVER_COUNT_17YR,DRIVER_COUNT_18YR,DRIVER_COUNT_19YR,DRIVER_COUNT_20YR,DRIVER_COUNT_50_64YR,DRIVER_COUNT_65_74YR,DRIVER_COUNT_75PLUS,EST_HRS_CLOSED,FATAL_COUNT,HEAVY_TRUCK_COUNT,HORSE_BUGGY_COUNT,HOUR_OF_DAY,ILLUMINATION,INJURY_COUNT,INTERSECT_TYPE,INTERSECTION_RELATED,LANE_CLOSED,LATITUDE,LN_CLOSE_DIR,LOCATION_TYPE,LONGITUDE,MAX_SEVERITY_LEVEL,MCYCLE_DEATH_COUNT,MCYCLE_SUSP_SERIOUS_INJ_COUNT,MOTORCYCLE_COUNT,MUNICIPALITY,NONMOTR_COUNT,NONMOTR_DEATH_COUNT,NONMOTR_SUSP_SERIOUS_INJ_COUNT,NTFY_HIWY_MAINT,PED_COUNT,PED_DEATH_COUNT,PED_SUSP_SERIOUS_INJ_COUNT,PERSON_COUNT,POLICE_AGCY,POSSIBLE_INJ_COUNT,RDWY_SURF_TYPE_CD,RELATION_TO_ROAD,ROAD_CONDITION,ROADWAY_CLEARED,SCH_BUS_IND,SCH_ZONE_IND,SECONDARY_CRASH,SMALL_TRUCK_COUNT,SPEC_JURIS_CD,SUSP_MINOR_INJ_COUNT,SUSP_SERIOUS_INJ_COUNT,SUV_COUNT,TCD_FUNC_CD,TCD_TYPE,TFC_DETOUR_IND,TIME_OF_DAY,TOT_INJ_COUNT,TOTAL_UNITS,UNB_DEATH_COUNT,UNB_SUSP_SERIOUS_INJ_COUNT,UNBELTED_OCC_COUNT,UNK_INJ_DEG_COUNT,UNK_INJ_PER_COUNT,URBAN_AREA,URBAN_RURAL,VAN_COUNT,VEHICLE_COUNT,WEATHER1,WEATHER2,WORK_ZONE_IND,WORK_ZONE_LOC,WORK_ZONE_TYPE,WORKERS_PRES,WZ_CLOSE_DETOUR,WZ_FLAGGER,WZ_LAW_OFFCR_IND,WZ_LN_CLOSURE,WZ_MOVING,WZ_OTHER,WZ_SHLDER_MDN,WZ_WORKERS_INJ_KILLED
2008124581,1517,2,0,0,0,0,0,0,0,0,5,0,,67,10,2008,5,39.9668,-75.1878,1517.0,6,0,0,0,0,0,1,0,0,1.0,0,0,0,15,1,0,0,,1,39 58:00.950,3.0,0,75 11:17.040,0,0,0,0,67301,0,0,0,N,0,0,0,5,68K01,0,,1,1,,N,N,,1,,0,0,0,0.0,0,N,1511,0,4,0,0,0,0,0,3,4,1,4,3,,N,,,,,,,,,,,
2008124586,1032,2,0,0,0,0,0,0,0,0,5,0,,67,10,2008,7,39.9404,-75.1957,1031.0,6,0,0,0,0,0,0,0,0,1.0,0,0,0,10,1,1,0,,1,39 56:30.779,3.0,0,75 11:39.178,4,0,0,0,67301,0,0,0,N,0,0,0,2,68K01,1,,1,9,,N,N,,0,,0,0,0,0.0,0,N,1027,1,2,0,0,0,0,0,3,4,0,2,3,,N,,,,,,,,,,,
2008133508,2330,2,0,0,0,0,0,0,0,0,2,0,,67,10,2008,1,40.0422,-75.1263,2300.0,6,0,0,0,0,1,0,1,0,,0,0,0,22,3,4,1,,0,40 02:31.916,,0,75 07:34.611,3,0,0,0,67301,0,0,0,N,0,0,0,4,67301,0,,1,1,,N,N,,0,,4,0,0,3.0,2,,2250,4,2,0,0,0,0,0,3,4,0,2,3,,N,,,,,,,,,,,
2008133511,32,2,0,0,0,0,0,1,0,0,1,1,,67,10,2008,3,40.0571,-75.1611,29.0,6,0,0,0,0,0,0,0,0,3.0,0,0,0,0,3,0,0,,2,40 03:25.398,5.0,0,75 09:40.039,0,0,0,0,67301,0,0,0,N,0,0,0,1,67301,0,,2,1,,Y,N,,0,,0,0,0,0.0,0,Y,13,0,3,0,0,1,0,0,3,4,0,3,3,,N,,,,,,,,,,,
2008098070,1440,1,0,0,0,0,0,0,0,0,2,0,,67,7,2008,1,39.9245,-75.1746,1434.0,6,0,0,0,0,0,1,0,0,,0,0,0,14,1,3,1,,0,39 55:28.353,,0,75 10:28.053,8,0,0,0,67301,0,0,0,N,0,0,0,7,67301,0,,1,1,,N,N,,0,,0,0,1,3.0,2,,1404,3,2,0,0,2,3,0,3,4,0,2,3,,N,,,,,,,,,,,
2008070680,1245,1,0,0,0,0,0,0,0,0,8,0,,67,4,2008,7,39.993,-75.1103,1245.0,6,0,1,0,0,0,0,0,0,,0,0,0,12,1,1,1,,0,39 59:34.615,,0,75 06:37.098,4,0,0,0,67301,1,0,0,N,1,0,0,2,67301,1,,1,1,,N,N,,0,,0,0,0,0.0,0,,1230,1,2,0,0,0,0,0,3,4,0,1,3,,N,,,,,,,,,,,
2008101795,1922,0,0,0,0,0,0,0,0,0,7,0,,67,9,2008,7,40.0093,-75.0691,1919.0,6,0,0,0,0,0,0,0,0,1.0,0,0,0,19,3,0,0,,1,40 00:33.538,2.0,2,75 04:06.960,0,0,0,0,67301,0,0,0,N,0,0,0,1,68K01,0,,2,9,,N,N,,1,,0,0,0,0.0,0,N,1915,0,1,0,0,0,0,0,3,4,0,1,7,,N,,,,,,,,,,,
2008079532,1853,1,0,0,0,0,0,0,0,0,4,0,,67,5,2008,3,39.9561,-75.1942,1851.0,6,0,0,0,0,0,0,0,0,,0,0,0,18,1,1,0,,0,39 57:21.835,,0,75 11:39.067,8,0,0,0,67301,0,0,0,,0,0,0,3,67301,0,,1,1,,N,N,,0,,0,0,0,0.0,0,,1849,1,2,0,0,0,1,0,3,4,0,2,3,,N,,,,,,,,,,,
2008079691,1517,1,0,0,0,0,0,0,0,0,1,0,,67,5,2008,1,39.9452,-75.2177,1513.0,6,0,0,0,0,0,0,0,0,,0,0,0,15,1,2,1,,0,39 56:42.709,,0,75 13:03.813,4,0,0,0,67301,0,0,0,N,0,0,0,2,67301,2,,1,9,,N,N,,0,,0,0,1,3.0,2,,1506,2,2,0,0,0,0,0,3,4,0,2,7,,N,,,,,,,,,,,
2008089910,1559,2,0,0,0,0,0,0,0,0,1,0,,67,8,2008,4,39.9455,-75.1902,1555.0,6,0,0,0,0,0,1,0,0,,0,0,0,15,1,0,0,,0,39 56:43.943,,0,75 11:24.574,0,0,0,0,67301,0,0,0,N,0,0,0,3,68K01,0,,1,1,,N,N,,1,,0,0,0,0.0,0,,1541,0,3,0,0,0,0,0,3,4,0,3,3,,N,,,,,,,,,,,
2008079355,253,1,0,0,0,0,0,0,0,0,9,0,,67,5,2008,7,40.0026,-75.1872,250.0,6,0,0,0,0,0,0,0,0,,0,0,0,2,3,1,2,,0,40 00:10.296,,0,75 11:14.149,4,0,0,0,67301,0,0,0,N,0,0,0,1,67301,1,,4,1,,N,N,,0,,0,0,0,0.0,0,,250,1,1,0,0,0,0,0,3,4,0,1,3,,N,,,,,,,,,,,
2008072789,247,2,0,0,0,0,0,0,0,0,1,0,,67,4,2008,4,40.0403,-75.0434,246.0,6,0,0,0,0,0,0,0,0,1.0,0,0,0,2,3,2,1,,2,40 02:25.098,5.0,0,75 02:36.070,8,0,0,0,67301,0,0,0,N,0,0,0,2,67301,0,,1,1,,N,N,,0,,0,0,0,3.0,2,Y,245,2,2,0,0,0,2,0,3,4,0,2,3,,N,,,,,,,,,,,
2008082600,230,2,0,0,0,0,0,0,0,0,1,0,,67,5,2008,4,39.9195,-75.243,228.0,6,0,0,0,0,0,0,0,0,,0,0,0,2,3,1,1,,0,39 55:10.311,,0,75 14:34.799,4,0,0,0,67301,0,0,0,N,0,0,0,2,67301,1,,1,1,,N,N,,0,,0,0,0,3.0,2,,225,1,2,0,0,0,0,0,3,4,0,2,3,,N,,,,,,,,,,,
2008082612,412,1,0,0,0,0,0,0,0,0,8,0,,67,4,2008,7,39.9536,-75.165,409.0,6,0,0,0,0,0,0,0,0,,0,0,0,4,3,1,2,,0,39 57:45.360,,0,75 14:46.680,4,0,0,0,67301,1,0,0,,1,0,0,3,67301,1,,1,1,,,,,0,,0,0,0,3.0,2,,409,1,2,0,0,1,0,0,3,4,0,1,3,,N,,,,,,,,,,,
2008082569,1754,1,0,0,0,0,0,0,0,0,8,0,,67,5,2008,3,39.9912,-75.1561,9999.0,6,0,0,0,0,0,0,1,0,,0,0,0,17,1,1,0,,0,39 59:28.499,,0,75 09:21.841,4,0,0,0,67301,1,0,0,,1,0,0,2,67301,1,,1,1,,N,N,,0,,0,0,0,0.0,0,,1752,1,2,0,0,0,0,0,3,4,0,1,3,,N,,,,,,,,,,,
2008082585,1337,2,0,0,0,0,0,0,0,0,1,0,,67,5,2008,4,40.0741,-75.1584,1326.0,6,0,0,0,0,0,1,0,0,,0,0,0,13,1,1,10,,0,40 04:26.865,,0,75 09:30.131,4,0,0,0,67301,0,0,0,,0,0,0,2,67301,1,,1,1,,N,N,,0,,0,0,0,3.0,2,,1313,1,2,0,0,0,0,0,3,4,0,2,3,,N,,,,,,,,,,,
2008072228,509,2,0,0,0,0,0,0,0,0,4,0,,67,5,2008,6,40.0595,-75.1655,505.0,6,0,0,0,0,0,0,0,1,,0,0,0,99,3,1,1,,0,40 03:34.337,,0,75 09:55.641,4,0,0,0,67301,0,0,0,,0,0,0,2,67301,1,,1,1,,N,N,,0,,0,0,0,3.0,2,,9999,1,2,0,0,0,0,1,3,4,0,2,3,,N,,,,,,,,,,,
2008015159,1551,4,0,0,0,0,0,0,0,0,1,0,,67,1,2008,3,39.9602,-75.1812,1546.0,6,0,0,0,1,0,0,0,0,,0,0,0,15,1,2,0,,0,39 57:40.912,,0,75 10:55.201,4,0,0,0,67301,0,0,0,N,0,0,0,7,68K01,2,,1,1,,N,N,,0,,0,0,0,0.0,0,,1535,2,4,0,0,0,0,0,3,4,0,4,3,,N,,,,,,,,,,,
2008036717,756,1,0,0,0,0,0,0,0,0,4,0,,67,3,2008,7,39.9971,-75.2353,755.0,6,0,0,0,0,0,1,0,0,1.0,0,0,0,7,1,1,1,,1,39 59:52.000,2.0,0,75 14:01.194,4,0,0,0,67301,0,0,0,N,0,0,0,2,46104,1,,1,9,,N,N,,1,,0,0,0,3.0,2,N,755,1,2,0,0,0,0,0,3,4,0,2,7,,N,,,,,,,,,,,
2008057984,830,0,0,0,0,0,0,0,0,0,7,0,,67,4,2008,1,40.0234,-75.1967,828.0,6,0,0,0,0,0,1,0,0,2.0,0,0,0,8,1,1,0,,2,40 01:24.285,1.0,0,75 11:47.940,3,0,0,0,67301,0,0,0,,0,0,0,2,67301,0,,4,9,,N,N,,0,,1,0,1,0.0,0,N,825,1,1,0,0,1,0,1,3,4,0,1,7,,N,,,,,,,,,,,
2008058220,1415,1,0,0,0,0,0,0,0,0,1,0,,67,4,2008,2,39.9435,-75.142,1410.0,6,0,0,0,0,0,0,0,0,1.0,0,0,0,14,1,0,0,,1,39 56:36.580,1.0,0,75 08:31.339,0,0,0,0,67301,0,0,0,,0,0,0,2,67301,0,,1,1,,N,N,,1,,0,0,0,3.0,2,N,1410,0,2,0,0,0,0,0,3,4,0,2,3,,N,,,,,,,,,,,
2008049779,2115,1,0,0,0,0,0,0,0,0,5,0,,67,3,2008,6,39.9606,-75.1402,2113.0,6,0,0,0,0,0,0,0,0,1.0,0,0,0,21,3,1,0,,1,39 57:38.485,1.0,1,75 08:24.544,4,0,0,0,67301,0,0,0,N,0,0,0,2,68K01,1,,1,9,,N,N,,0,,0,0,1,0.0,0,N,2108,1,2,0,0,0,0,0,3,4,0,2,7,,N,,,,,,,,,,,
2008044300,859,0,0,0,0,0,0,0,0,0,8,0,,67,1,2008,4,39.953,-75.1688,858.0,6,0,0,0,0,0,0,0,0,,0,0,0,99,1,1,0,,0,39 57:10.000,,0,75 10:07.765,4,0,0,0,67301,1,0,0,,1,0,0,2,67301,1,,5,9,,,,,0,,0,0,1,0.0,0,,9999,1,2,0,0,0,0,0,3,4,0,1,7,,N,,,,,,,,,,,
2008044463,9999,0,0,0,0,0,0,0,0,0,4,0,,67,1,2008,4,40.0535,-75.0549,1848.0,6,0,0,0,0,0,1,0,0,,0,0,0,99,3,1,1,,0,40 03:12.465,,0,75 03:17.783,3,0,0,0,67301,0,0,0,,0,0,0,3,67301,0,,1,1,,,,,0,,1,0,2,3.0,2,,9999,1,2,0,0,0,0,0,3,4,0,2,3,,N,,,,,,,,,,,
2008068558,1100,0,0,0,0,0,0,0,0,0,1,0,,67,5,2008,7,40.0079,-75.2023,1057.0,6,0,0,0,0,0,0,0,0,1.0,0,0,0,10,1,1,0,,2,40 00:28.930,3.0,0,75 12:09.410,8,0,0,1,67301,0,0,0,N,0,0,0,2,68K01,0,,1,1,,N,N,,0,,0,0,0,0.0,0,N,1054,1,2,0,0,0,1,0,3,4,1,2,3,,N,,,,,,,,,,,
2008040283,743,1,0,0,0,0,0,0,0,0,1,0,,67,1,2008,6,39.9816,-75.1021,739.0,6,0,0,0,0,0,0,1,0,1.0,0,0,0,7,1,1,0,,2,39 58:56.000,2.0,0,75 06:02.878,8,0,0,0,67301,0,0,0,N,0,0,0,4,67301,0,,1,1,,N,N,,0,,0,0,1,0.0,0,Y,739,1,2,0,0,1,1,0,3,4,0,2,3,,N,,,,,,,,,,,
2008049888,1237,1,0,0,0,0,0,0,0,0,8,0,,67,2,2008,5,39.9529,-75.1597,1235.0,6,0,0,0,0,0,0,0,0,,0,0,0,12,1,1,1,,0,39 57:10.616,,0,75 09:34.855,4,0,0,0,67301,1,0,0,N,1,0,0,2,67301,1,,1,1,,N,N,,0,,0,0,0,3.0,2,,1233,1,2,0,0,0,0,0,3,4,0,1,3,,N,,,,,,,,,,,
2008040116,1748,1,0,0,0,0,0,0,0,0,8,0,,67,1,2008,6,40.0332,-75.0834,1746.0,6,0,0,0,0,0,0,0,0,9.0,1,0,0,17,3,0,1,,2,40 01:59.000,5.0,0,75 05:00.283,1,0,0,0,67301,1,1,0,N,1,1,0,2,67301,0,2.0,1,1,,N,N,,0,0.0,0,0,0,3.0,3,Y,1743,0,2,0,0,0,0,0,3,4,0,1,3,,N,,,,,,,,,,,
2008032649,439,1,0,0,0,0,0,0,0,0,4,0,,67,2,2008,6,39.9906,-75.2492,437.0,6,0,0,0,0,0,1,0,0,1.0,0,0,0,4,3,0,1,,1,39 59:26.000,2.0,0,75 14:56.371,0,0,0,0,67301,0,0,0,N,0,0,0,2,46104,0,,1,7,,N,N,,1,,0,0,0,3.0,2,N,437,0,2,0,0,0,0,0,3,4,0,2,10,,N,,,,,,,,,,,
2008064493,1901,2,0,0,0,0,0,0,0,0,5,0,,67,5,2008,7,40.0477,-74.9996,1853.0,6,0,0,0,0,0,0,0,0,2.0,0,0,0,18,1,1,0,,1,40 02:51.890,1.0,0,74 59:58.270,8,0,0,0,67301,0,0,0,Y,0,0,0,3,68K01,0,,1,1,,N,N,,0,,0,0,0,0.0,0,N,1845,1,2,0,0,0,1,0,3,4,0,2,3,,N,,,,,,,,,,,
2008061812,2242,2,0,0,0,0,0,0,0,0,1,0,,67,5,2008,4,39.9572,-75.1447,2242.0,6,0,0,0,0,0,0,0,0,1.0,0,0,0,22,3,3,0,,1,39 57:27.000,4.0,0,75 08:48.480,4,0,0,0,67301,0,0,0,N,0,0,0,3,68K01,1,,1,1,,N,N,,0,,0,0,1,0.0,0,N,2240,3,3,0,0,0,2,0,3,4,0,3,3,,N,,,,,,,,,,,
2008067362,125,1,0,0,0,0,0,0,0,0,7,0,,67,5,2008,7,39.9587,-75.1407,49.0,6,0,0,0,0,0,0,0,0,,0,0,0,0,2,1,0,,0,39 57:21.440,,2,75 08:26.108,8,0,0,0,67301,0,0,0,N,0,0,0,1,68K01,0,,4,1,,N,N,,0,,0,0,0,0.0,0,,36,1,1,0,0,0,1,0,3,4,0,1,3,,N,,,,,,,,,,,
2008059637,9999,1,0,0,0,0,0,0,0,0,1,0,,67,4,2008,3,40.0452,-75.1379,9999.0,6,0,0,0,0,0,0,0,0,,0,0,0,99,3,3,1,,0,40 02:42.889,,0,75 08:16.339,4,0,0,0,67301,0,0,0,N,0,0,0,5,67301,3,,1,9,,N,N,,0,,0,0,0,3.0,3,,9999,3,2,0,0,0,0,1,3,4,0,2,7,,N,,,,,,,,,,,
2008062178,1850,1,0,0,0,0,0,0,0,0,8,0,,67,2,2008,3,40.0825,-75.0496,1844.0,6,0,0,0,0,0,0,0,0,,0,0,0,18,3,1,2,,0,40 04:56.985,,0,75 02:58.725,4,0,0,0,67301,1,0,0,N,1,0,0,2,67301,1,,1,2,,N,N,,0,,0,0,0,3.0,2,,1844,1,2,0,0,0,0,0,3,4,0,1,9,,N,,,,,,,,,,,
2008062190,1720,2,0,0,0,0,0,0,0,0,4,0,,67,4,2008,4,39.8838,-75.2233,1703.0,6,0,0,0,0,0,1,0,0,,0,0,0,16,1,1,2,,0,39 53:01.744,,0,75 13:23.905,4,0,0,0,67301,0,0,0,N,0,0,0,4,67301,1,,1,1,,N,N,,0,,0,0,0,3.0,3,,1610,1,2,0,0,0,0,0,3,4,0,2,3,,N,,,,,,,,,,,
2008059663,1225,0,0,0,0,0,0,0,0,0,4,0,,67,3,2008,6,40.0171,-75.0691,1217.0,6,0,0,0,0,0,0,0,0,,0,0,0,99,3,0,0,,0,40 01:01.513,,0,75 04:08.796,0,0,0,0,67301,0,0,0,N,0,0,0,2,67301,0,,1,1,,N,N,,2,,0,0,0,0.0,0,,9999,0,2,0,0,0,0,0,3,4,0,2,3,,N,,,,,,,,,,,
2008057090,1635,1,0,0,0,0,0,0,0,0,1,0,,67,3,2008,6,40.0564,-75.0128,1629.0,6,0,0,0,0,0,0,0,0,,0,0,0,16,1,1,2,,0,40 03:23.099,,0,75 00:46.083,4,0,0,0,67301,0,0,0,N,0,0,0,4,67301,1,,1,1,,N,N,,1,,0,0,1,3.0,2,,1623,1,3,0,0,0,0,0,3,4,0,3,3,,N,,,,,,,,,,,
2008057104,2133,2,0,0,0,0,0,0,0,0,4,0,,67,3,2008,7,39.9791,-75.161,2130.0,6,0,0,0,0,1,0,0,0,,0,0,0,99,3,2,2,,0,39 58:44.727,,0,75 09:39.689,3,0,0,0,67301,0,0,0,,0,0,0,10,67301,0,,1,1,,,,,0,,2,0,0,3.0,2,,9999,2,2,0,0,6,0,4,3,4,0,2,3,,N,,,,,,,,,,,
2008057227,1145,1,0,0,0,0,0,0,0,0,5,0,,67,3,2008,7,40.0418,-75.0269,1140.0,6,0,0,0,0,0,0,0,0,,0,0,0,99,3,2,0,,0,40 02:30.480,,0,75 01:36.840,3,0,0,0,67301,0,0,0,N,0,0,0,2,67301,0,,1,1,,N,N,,1,,1,0,0,0.0,0,,9999,2,2,0,0,0,1,0,3,4,0,2,3,,N,,,,,,,,,,,
2008057283,1822,1,0,0,0,0,0,0,0,0,8,0,,67,4,2008,5,39.9881,-75.1828,1821.0,6,0,0,0,0,0,0,0,0,,0,0,0,18,1,1,0,,0,39 59:17.116,,0,75 10:57.925,4,0,0,0,67301,1,0,0,N,1,0,0,2,67301,1,,1,1,,N,N,,0,,0,0,0,2.0,2,,1821,1,2,0,0,0,0,0,3,4,0,1,3,,N,,,,,,,,,,,
2008057336,1212,0,0,0,0,0,0,0,0,0,4,0,,67,4,2008,5,39.9409,-75.2126,1208.0,6,0,0,0,0,0,1,0,0,,0,0,0,11,1,0,1,,0,39 56:27.049,,0,75 12:45.005,0,0,0,0,67301,0,0,0,N,0,0,0,2,67301,0,,1,9,,N,N,,0,,0,0,2,3.0,2,,1135,0,2,0,0,0,0,0,3,4,0,2,3,,N,,,,,,,,,,,
2008057347,2148,2,0,0,0,0,0,0,0,0,5,0,,67,3,2008,1,40.0091,-75.1365,2146.0,6,0,0,0,0,0,0,0,0,1.0,0,0,0,21,3,1,0,,2,40 00:32.590,1.0,0,75 08:11.430,4,0,0,0,67301,0,0,0,N,0,0,0,3,67301,1,,1,1,,N,N,,0,,0,0,0,0.0,0,Y,2145,1,2,0,0,1,0,2,3,4,0,2,3,,N,,,,,,,,,,,
2008057357,1715,3,0,0,0,0,0,0,0,0,6,0,,67,4,2008,6,40.1007,-75.0296,1710.0,6,0,0,0,0,0,1,0,0,,0,0,0,17,1,0,2,,0,40 06:01.741,,0,75 01:46.852,0,0,0,0,67301,0,0,0,N,0,0,0,3,67301,0,,1,1,,N,N,,0,,0,0,0,3.0,2,,1705,0,3,0,0,0,0,0,3,4,0,3,3,,N,,,,,,,,,,,
2008054702,1152,0,0,0,0,0,0,1,0,0,8,1,,67,3,2008,7,40.036,-75.1749,1150.0,6,0,0,0,0,0,0,0,0,,0,0,0,11,1,1,0,,0,40 02:09.537,,0,75 10:29.694,8,0,0,0,67301,1,0,0,N,1,0,0,2,67301,0,,4,1,,N,N,,0,,0,0,0,3.0,2,,1150,1,2,0,0,0,1,0,3,4,0,1,3,,N,,,,,,,,,,,
2008052214,910,1,0,0,0,0,0,0,0,0,2,1,,67,2,2008,6,40.021,-75.0414,903.0,6,0,0,0,0,0,0,0,0,1.0,0,1,0,9,1,1,0,,1,40 01:17.230,1.0,0,75 02:24.600,3,0,0,0,67301,0,0,0,N,0,0,0,2,67301,0,,1,6,,N,N,,0,,1,0,0,0.0,0,N,900,1,2,0,0,0,0,0,3,4,0,2,10,,N,,,,,,,,,,,
2008052215,730,1,0,0,0,0,0,0,0,0,7,0,,67,2,2008,1,40.0061,-75.1935,715.0,6,0,0,0,0,0,0,0,0,9.0,0,0,0,7,1,0,0,,1,40 00:23.441,1.0,3,75 11:34.992,0,0,0,0,67301,0,0,0,N,0,0,0,1,67301,0,,3,1,,N,N,,0,,0,0,0,0.0,0,N,715,0,1,0,0,0,0,0,3,4,0,1,3,,N,,,,,,,,,,,
2008054963,1614,1,0,0,0,0,0,0,0,0,1,1,,67,4,2008,6,39.9278,-75.1464,1601.0,6,0,0,0,0,0,0,0,0,,0,1,0,15,1,0,0,,0,39 55:44.959,,0,75 08:45.944,0,0,0,0,67301,0,0,0,N,0,0,0,2,68K01,0,,1,1,,N,N,,0,,0,0,0,0.0,0,,1551,0,2,0,0,0,0,0,3,4,0,2,3,,N,,,,,,,,,,,
2008057661,1242,1,0,0,0,0,0,0,0,0,4,0,,67,3,2008,5,40.0096,-75.0641,1238.0,6,0,0,0,0,0,0,0,0,9.0,0,0,0,11,1,0,1,,1,40 00:34.642,1.0,0,75 03:50.430,0,0,0,0,67301,0,0,0,N,0,0,0,2,67301,0,,1,9,,N,N,,0,,0,0,0,3.0,2,N,1145,0,2,0,0,0,0,0,3,4,1,2,7,,N,,,,,,,,,,,
2008040041,2310,1,0,0,0,0,0,0,0,0,7,0,,67,1,2008,1,39.9401,-75.1849,2305.0,6,0,0,0,0,0,0,0,0,,0,0,0,23,3,1,1,,0,39 56:24.381,,0,75 11:05.801,8,0,0,0,67301,0,0,0,N,0,0,0,1,67301,0,,5,1,,N,N,,0,,0,0,0,9.0,2,,2304,1,1,0,0,1,1,0,3,4,0,1,3,,N,,,,,,,,,,,
2008040042,1839,1,0,0,1,0,0,0,0,0,4,0,,67,1,2008,3,39.9442,-75.1772,1837.0,6,0,0,0,0,0,0,0,0,,0,0,0,18,3,1,1,,0,39 56:39.152,,0,75 10:37.786,4,0,0,0,67301,1,0,0,,0,0,0,2,67301,1,,1,9,,,,,0,,0,0,0,3.0,3,,1834,1,2,0,0,1,0,0,3,4,0,1,7,,N,,,,,,,,,,,
2008029111,530,2,0,0,0,0,0,0,0,0,1,0,,67,1,2008,7,40.0974,-75.0359,520.0,6,0,0,0,0,0,0,0,0,,0,0,0,4,3,0,0,,0,40 05:50.571,,0,75 02:09.265,0,0,0,0,67301,0,0,0,N,0,0,0,1,67301,0,,6,1,,N,N,,0,,0,0,0,0.0,0,,455,0,3,0,0,0,0,0,3,4,1,3,3,,N,,,,,,,,,,,
2008042140,956,2,0,0,0,0,0,0,0,0,1,0,,67,2,2008,2,39.9063,-75.136,956.0,6,0,0,0,0,2,0,0,0,2.0,0,0,0,9,1,1,0,,2,39 54:22.846,3.0,0,75 08:09.444,8,0,0,0,67301,0,0,0,N,0,0,0,5,67501,0,,1,9,,N,N,,0,,0,0,0,3.0,8,N,955,1,2,0,0,0,1,1,3,4,0,2,7,,N,,,,,,,,,,,
2008044626,900,6,0,0,0,0,0,0,0,0,1,0,,67,2,2008,6,39.9583,-75.1652,854.0,6,0,0,0,0,0,3,0,0,1.0,0,0,0,8,1,0,0,,1,39 57:29.880,3.0,0,75 09:54.720,0,0,0,0,67301,0,0,0,N,0,0,0,6,67301,0,,1,9,,N,N,,0,,0,0,0,0.0,0,N,850,0,6,0,0,0,0,0,3,4,0,6,7,,N,,,,,,,,,,,
2008044650,1255,2,0,0,0,0,0,0,0,0,4,0,,67,1,2008,2,39.9724,-75.1626,1250.0,6,0,0,0,0,0,0,0,0,,0,0,0,12,1,2,2,,0,39 58:20.802,,0,75 09:45.298,4,0,0,0,67301,0,0,0,,0,0,0,4,67301,2,,1,1,,,,,0,,0,0,0,0.0,0,,1240,2,2,0,0,0,0,1,3,4,0,2,3,,N,,,,,,,,,,,
2008044685,1603,2,0,0,0,0,0,0,0,0,6,0,,67,1,2008,1,40.0097,-75.1424,1601.0,6,0,0,0,0,0,0,0,0,,0,0,0,15,1,1,1,,0,40 00:35.053,,0,75 08:32.809,4,0,0,0,67301,0,0,0,,0,0,0,3,67301,1,,1,1,,N,N,,0,,0,0,0,3.0,2,,1555,1,2,0,0,0,0,0,3,4,0,2,3,,N,,,,,,,,,,,
2008026900,1040,2,0,0,0,0,0,0,0,0,5,0,,67,1,2008,5,39.949,-75.1993,1035.0,6,0,0,0,0,0,0,0,1,,0,0,0,10,1,1,2,,0,39 56:58.000,,0,75 11:58.728,8,0,0,0,67301,0,0,0,N,0,0,0,2,67504,0,,1,1,,N,N,,0,,0,0,0,3.0,2,,1027,1,2,0,0,0,1,0,3,4,0,2,3,,N,,,,,,,,,,,
2008133319,110,2,0,0,0,0,0,0,0,0,5,0,,67,11,2008,3,39.9691,-75.1333,107.0,6,0,0,0,0,0,0,0,0,,0,0,0,1,3,1,0,,0,39 58:08.892,,0,75 07:59.705,4,0,0,0,67301,0,0,0,N,0,0,0,1,67301,1,,2,1,,N,N,,0,,0,0,0,0.0,0,,105,1,2,0,0,0,0,0,3,4,0,2,3,,N,,,,,,,,,,,
2008119141,1605,1,0,0,0,0,0,0,0,0,8,0,,67,9,2008,6,39.9594,-75.2453,1600.0,6,0,0,0,0,0,0,0,1,,0,0,0,14,1,1,1,,0,39 57:33.900,,0,75 14:43.234,3,0,0,0,67301,1,0,0,N,1,0,0,2,67301,0,,1,1,,N,N,,0,,1,0,0,3.0,2,,1455,1,2,0,0,0,0,0,3,4,0,1,3,,N,,,,,,,,,,,
2008119142,1925,2,0,0,0,0,0,0,0,0,1,0,,67,9,2008,4,39.9461,-75.2393,1920.0,6,0,0,0,0,0,0,1,1,,0,0,0,18,1,1,1,,0,39 56:45.809,,0,75 14:21.628,3,0,0,0,67301,0,0,0,N,0,0,0,4,67301,0,,1,1,,N,N,,0,,1,0,0,0.0,0,,1840,1,3,0,0,0,0,1,3,4,0,3,3,,N,,,,,,,,,,,
2008129127,1237,2,0,0,0,0,0,0,0,0,5,0,,67,11,2008,6,39.9475,-75.1877,1235.0,6,0,0,0,0,0,0,0,0,,0,0,0,12,1,1,2,,0,39 56:50.944,,2,75 11:15.670,4,0,0,0,67301,0,0,0,N,0,0,0,2,68K01,1,,1,1,,N,N,,0,,0,0,0,0.0,0,,1234,1,2,0,0,0,0,0,3,4,0,2,3,,N,,,,,,,,,,,