CRN,ARRIVAL_TM,AUTOMOBILE_COUNT,BELTED_DEATH_COUNT,BELTED_SUSP_SERIOUS_INJ_COUNT,BICYCLE_COUNT,BICYCLE_DEATH_COUNT,BICYCLE_SUSP_SERIOUS_INJ_COUNT,BUS_COUNT,CHLDPAS_DEATH_COUNT,CHLDPAS_SUSP_SERIOUS_INJ_COUNT,COLLISION_TYPE,COMM_VEH_COUNT,CONS_ZONE_SPD_LIM,COUNTY,CRASH_MONTH,CRASH_YEAR,DAY_OF_WEEK,DEC_LAT,DEC_LONG,DISPATCH_TM,DISTRICT,DRIVER_COUNT_16YR,DRIVER_COUNT_17YR,DRIVER_COUNT_18YR,DRIVER_COUNT_19YR,DRIVER_COUNT_20YR,DRIVER_COUNT_50_64YR,DRIVER_COUNT_65_74YR,DRIVER_COUNT_75PLUS,EST_HRS_CLOSED,FATAL_COUNT,HEAVY_TRUCK_COUNT,HORSE_BUGGY_COUNT,HOUR_OF_DAY,ILLUMINATION,INJURY_COUNT,INTERSECT_TYPE,INTERSECTION_RELATED,LANE_CLOSED,LATITUDE,LN_CLOSE_DIR,LOCATION_TYPE,LONGITUDE,MAX_SEVERITY_LEVEL,MCYCLE_DEATH_COUNT,MCYCLE_SUSP_SERIOUS_INJ_COUNT,MOTORCYCLE_COUNT,MUNICIPALITY,NONMOTR_COUNT,NONMOTR_DEATH_COUNT,NONMOTR_SUSP_SERIOUS_INJ_COUNT,NTFY_HIWY_MAINT,PED_COUNT,PED_DEATH_COUNT,PED_SUSP_SERIOUS_INJ_COUNT,PERSON_COUNT,POLICE_AGCY,POSSIBLE_INJ_COUNT,RDWY_SURF_TYPE_CD,RELATION_TO_ROAD,ROAD_CONDITION,ROADWAY_CLEARED,SCH_BUS_IND,SCH_ZONE_IND,SECONDARY_CRASH,SMALL_TRUCK_COUNT,SPEC_JURIS_CD,SUSP_MINOR_INJ_COUNT,SUSP_SERIOUS_INJ_COUNT,SUV_COUNT,TCD_FUNC_CD,TCD_TYPE,TFC_DETOUR_IND,TIME_OF_DAY,TOT_INJ_COUNT,TOTAL_UNITS,UNB_DEATH_COUNT,UNB_SUSP_SERIOUS_INJ_COUNT,UNBELTED_OCC_COUNT,UNK_INJ_DEG_COUNT,UNK_INJ_PER_COUNT,URBAN_AREA,URBAN_RURAL,VAN_COUNT,VEHICLE_COUNT,WEATHER1,WEATHER2,WORK_ZONE_IND,WORK_ZONE_LOC,WORK_ZONE_TYPE,WORKERS_PRES,WZ_CLOSE_DETOUR,WZ_FLAGGER,WZ_LAW_OFFCR_IND,WZ_LN_CLOSURE,WZ_MOVING,WZ_OTHER,WZ_SHLDER_MDN,WZ_WORKERS_INJ_KILLED
2008057988,1412,2,0,0,0,0,0,0,0,0,4,0,,67,4,2008,1,39.9748,-75.1983,1408.0,6,1,0,0,0,0,0,0,0,,0,0,0,14,1,0,2,,0,39 58:28.920,,2,75 11:54.240,0,0,0,0,67301,0,0,0,N,0,0,0,6,67301,0,,1,1,,N,N,,0,,0,0,0,3.0,2,,1407,0,2,0,0,0,0,0,3,4,0,2,3,,N,,,,,,,,,,,
2008058216,9999,3,0,0,0,0,0,0,0,0,6,0,,67,3,2008,4,39.9426,-75.2214,1748.0,6,0,0,0,0,0,0,0,0,2.0,0,0,0,17,1,3,0,,2,39 56:33.332,6.0,0,75 13:17.204,3,0,0,0,67301,0,0,0,N,0,0,0,3,67301,2,,1,1,,N,N,,0,,1,0,0,0.0,0,Y,1741,3,3,0,0,0,0,0,3,4,0,3,3,,N,,,,,,,,,,,
2008058231,935,1,0,0,0,0,0,0,0,0,7,0,,67,3,2008,7,40.0071,-75.094,933.0,6,0,0,0,0,0,0,0,0,,0,0,0,9,1,0,1,,0,40 00:25.549,,0,75 05:38.543,0,0,0,0,67301,0,0,0,N,0,0,0,3,67301,0,,3,1,,N,N,,0,,0,0,0,0.0,0,,930,0,1,0,0,0,0,0,3,4,0,1,3,,N,,,,,,,,,,,
2008058049,1409,1,0,0,0,0,0,0,0,0,1,0,,67,3,2008,2,40.0631,-75.0517,1407.0,6,0,0,0,0,0,0,0,0,1.0,0,0,0,14,1,0,1,,1,40 03:47.298,1.0,0,75 03:06.177,0,0,0,0,67301,0,0,0,N,0,0,0,2,67301,0,,1,1,,N,N,,0,,0,0,0,3.0,2,N,1406,0,2,0,0,2,0,0,3,4,1,2,3,,N,,,,,,,,,,,
2008053066,2007,1,0,0,0,0,0,0,0,0,4,0,,67,1,2008,5,40.1006,-75.0298,2007.0,6,0,0,0,0,0,0,0,0,,0,0,0,20,6,0,0,,0,40 06:01.107,,7,75 01:47.720,0,0,0,0,67301,0,0,0,,0,0,0,3,67301,0,,1,1,,,,,0,,0,0,0,0.0,0,,2000,0,2,0,0,0,0,0,3,4,1,2,3,,N,,,,,,,,,,,
2008053099,2001,1,0,0,0,0,0,0,0,0,5,0,,67,1,2008,7,39.9803,-75.1815,2001.0,6,0,0,0,0,0,0,0,0,,0,0,0,20,3,0,0,,0,39 58:49.040,,0,75 10:53.348,9,0,0,0,67301,0,0,0,N,0,0,0,1,67301,0,,1,1,,N,N,,0,,0,0,0,3.0,2,,2001,0,4,0,0,1,0,1,3,4,3,4,3,,N,,,,,,,,,,,
2008046768,920,1,0,0,0,0,0,0,0,0,1,1,,67,3,2008,7,40.0101,-75.0641,913.0,6,0,0,0,0,0,1,0,0,2.0,0,1,0,9,1,0,7,,2,40 00:32.360,2.0,2,75 04:07.040,0,0,0,0,67301,0,0,0,N,0,0,0,2,68K01,0,,1,1,,N,N,,0,,0,0,0,0.0,0,Y,911,0,2,0,0,0,0,0,3,4,0,2,3,,N,,,,,,,,,,,
2008046919,935,1,0,0,0,0,0,0,0,0,8,0,,67,1,2008,6,39.9211,-75.1738,930.0,6,0,0,0,0,0,0,0,0,,0,0,0,9,1,1,1,,0,39 55:15.927,,0,75 10:25.586,8,0,0,0,67301,1,0,0,,1,0,0,2,67301,0,,1,9,,N,N,,0,,0,0,0,3.0,2,,929,1,2,0,0,0,1,0,3,4,0,1,98,,N,,,,,,,,,,,
2008047126,938,2,0,0,0,0,0,0,0,0,4,0,,67,1,2008,6,39.9636,-75.1588,933.0,6,0,0,0,0,0,0,0,0,,0,0,0,9,1,2,1,,0,39 57:49.221,,0,75 09:31.764,4,0,0,0,67301,0,0,0,N,0,0,0,3,67301,2,,1,9,,N,N,,0,,0,0,0,3.0,3,,915,2,2,0,0,0,0,0,3,4,0,2,10,,N,,,,,,,,,,,
2008015398,1543,0,0,0,0,0,0,0,0,0,7,0,,67,1,2008,2,39.8986,-75.1804,1539.0,6,0,0,0,0,0,0,0,0,1.0,0,0,0,15,1,0,0,,1,39 53:56.000,1.0,3,75 10:07.397,0,0,0,0,67301,0,0,0,N,0,0,0,3,68K01,0,,4,1,,N,N,,0,,0,0,1,0.0,0,N,1532,0,1,0,0,0,0,0,3,4,0,1,3,,N,,,,,,,,,,,
2008049875,1055,3,0,0,0,0,0,1,0,0,4,1,,67,2,2008,5,39.9356,-75.223,1055.0,6,0,0,0,0,0,0,0,0,2.0,0,0,0,10,1,1,1,,2,39 56:07.983,7.0,0,75 13:22.832,4,0,0,0,67301,0,0,0,,0,0,0,3,67301,1,,1,1,,Y,N,,0,,0,0,0,3.0,3,Y,1055,1,5,0,0,0,0,0,3,4,1,5,3,,N,,,,,,,,,,,
2008049880,1550,1,0,0,0,0,0,0,0,0,8,0,,67,2,2008,3,39.9172,-75.2375,1545.0,6,0,0,0,0,0,0,0,0,,0,0,0,15,1,1,0,,0,39 55:01.793,,0,75 14:14.943,8,0,0,0,67301,1,0,0,,1,0,0,2,67301,0,,1,1,,N,N,,0,,0,0,0,0.0,0,,1556,1,2,0,0,0,1,0,3,4,0,1,3,,N,,,,,,,,,,,
2008027056,2010,3,0,0,0,0,0,0,0,0,2,0,,67,1,2008,5,39.9967,-75.1392,2000.0,6,0,0,0,0,0,0,0,0,,0,0,0,19,3,2,1,,0,39 59:48.062,,0,75 08:21.127,8,0,0,0,67301,0,0,0,,0,0,0,4,67301,0,,1,1,,,,,0,,0,0,0,0.0,0,,1959,2,3,0,0,0,2,0,3,4,0,3,3,,N,,,,,,,,,,,
2008027061,110,3,0,0,0,0,0,0,0,0,4,0,,67,1,2008,3,39.9281,-75.1787,108.0,6,0,0,0,0,0,0,0,0,,0,0,0,1,3,2,2,,0,39 55:40.994,,0,75 10:43.323,4,0,0,0,67301,0,0,0,,0,0,0,2,67301,1,,1,1,,,,,0,,0,0,0,3.0,3,,108,2,3,0,0,0,1,0,3,4,0,3,3,,N,,,,,,,,,,,
2008067363,1127,2,0,0,0,0,0,0,0,0,1,0,,67,5,2008,7,40.0024,-75.1945,1127.0,6,0,0,0,0,0,1,0,0,2.0,0,0,0,11,1,2,0,,1,40 00:09.370,4.0,0,75 11:40.035,8,0,0,0,67301,0,0,0,N,0,0,0,3,68K01,0,,1,1,,N,N,,0,,0,0,0,0.0,0,N,1120,2,2,0,0,1,2,0,3,4,0,2,3,,N,,,,,,,,,,,
2008057101,956,2,0,0,0,0,0,0,0,0,5,0,,67,4,2008,6,40.0781,-74.9974,955.0,6,0,0,0,0,1,0,0,0,,0,0,0,9,1,1,0,,0,40 04:41.138,,0,74 59:50.573,8,0,0,0,67301,1,0,0,N,0,0,0,3,67301,0,,1,9,,N,N,,0,,0,0,0,0.0,0,,953,1,3,0,0,0,1,0,3,4,1,3,3,,N,,,,,,,,,,,
2008057152,1924,2,0,0,0,0,0,0,0,0,1,0,,67,4,2008,6,40.0308,-75.1581,1914.0,6,0,0,0,0,0,0,0,0,,0,0,0,18,4,1,1,,0,40 01:50.880,,0,75 09:29.185,8,0,0,0,67301,0,0,0,N,0,0,0,2,67301,0,,1,1,,N,N,,0,,0,0,0,3.0,3,,1848,1,2,0,0,0,1,0,3,4,0,2,3,,N,,,,,,,,,,,
2008057159,1535,1,0,0,0,0,0,0,0,0,5,0,,67,3,2008,5,40.0266,-75.154,1530.0,6,0,0,0,1,0,1,0,0,,0,0,0,12,1,1,0,,0,40 01:35.599,,0,75 09:14.463,4,0,0,0,67301,0,0,0,N,0,0,0,2,67301,1,,1,1,,N,N,,0,,0,0,1,0.0,0,,1230,1,2,0,0,0,0,0,3,4,0,2,3,,N,,,,,,,,,,,
2008057160,9999,2,0,0,0,0,0,0,0,0,1,0,,67,4,2008,3,39.9721,-75.1642,9999.0,6,0,0,0,0,0,1,0,0,,0,0,0,99,1,1,1,,0,39 58:19.482,,0,75 09:51.217,4,0,0,0,67301,0,0,0,N,0,0,0,2,67301,1,,1,9,,N,N,,0,,0,0,0,3.0,1,,9999,1,2,0,0,0,0,0,3,4,0,2,7,,N,,,,,,,,,,,
2008054726,1932,2,0,0,0,0,0,0,0,0,1,0,,67,3,2008,5,40.0108,-75.1266,9999.0,6,0,0,0,0,0,1,0,0,,0,0,0,99,3,1,1,,0,40 00:38.808,,0,75 07:35.921,8,0,0,0,67301,0,0,0,N,0,0,0,2,67301,0,,1,1,,N,N,,0,,0,0,0,3.0,2,,9999,1,2,0,0,0,1,0,3,4,0,2,3,,N,,,,,,,,,,,
2008044638,1320,1,0,0,0,0,0,0,0,0,7,0,,67,1,2008,5,39.9593,-75.1687,1318.0,6,0,0,0,0,0,1,0,0,,0,0,0,13,1,1,0,,0,39 57:33.322,,7,75 10:07.238,8,0,0,0,67301,0,0,0,N,0,0,0,1,67301,0,,5,1,,N,N,,0,,0,0,0,0.0,0,,1316,1,1,0,0,0,1,0,3,4,0,1,3,,N,,,,,,,,,,,
2008095582,1824,0,0,0,0,0,0,0,0,0,8,0,,67,6,2008,1,39.9927,-75.1203,1824.0,6,0,0,0,0,0,0,0,0,1.0,0,0,0,18,1,1,0,,2,39 59:33.540,3.0,0,75 07:13.004,8,0,0,0,67301,1,0,0,N,1,0,0,3,67301,0,,1,1,,N,N,,1,,0,0,0,0.0,0,Y,1814,1,2,0,0,0,1,0,3,4,0,1,3,,N,,,,,,,,,,,
2008098052,2110,1,0,0,0,0,0,0,0,0,4,0,,67,7,2008,6,40.041,-75.0882,2106.0,6,0,0,0,0,0,0,0,0,,0,0,0,21,3,4,2,,0,40 02:27.721,,0,75 05:17.442,8,0,0,0,67301,0,0,0,N,0,0,0,8,67301,0,,1,9,,N,N,,1,,0,0,0,0.0,0,,2100,4,2,0,0,0,4,4,3,4,0,2,7,,N,,,,,,,,,,,
2008098108,835,1,0,0,0,0,0,0,0,0,6,0,,67,6,2008,5,40.0548,-75.1988,805.0,6,0,0,0,0,0,1,0,0,,0,0,0,99,1,2,1,,0,40 03:17.307,,0,75 11:55.613,4,0,0,0,67301,0,0,0,N,0,0,0,2,67301,2,,1,1,,N,N,,1,,0,0,0,3.0,2,,9999,2,2,0,0,0,0,0,3,4,0,2,3,,N,,,,,,,,,,,
2008098147,1630,2,0,0,0,0,0,0,0,0,4,0,,67,7,2008,6,39.9721,-75.2345,1626.0,6,0,0,0,1,0,0,0,0,,0,0,0,16,1,0,1,,0,39 58:19.405,,0,75 14:04.243,0,0,0,0,67301,0,0,0,,0,0,0,2,67301,0,,1,1,,N,N,,0,,0,0,0,0.0,0,,1626,0,2,0,0,0,0,0,3,4,0,2,3,,N,,,,,,,,,,,
2008106920,1818,1,0,0,0,0,0,0,0,0,1,0,,67,8,2008,5,39.9062,-75.1351,1817.0,6,0,0,1,0,0,0,0,0,,0,0,0,18,1,0,0,,0,39 54:22.312,,0,75 08:06.324,0,0,0,0,67301,0,0,0,N,0,0,0,4,67501,0,,1,1,,N,N,,0,,0,0,1,0.0,0,,1815,0,2,0,0,0,0,0,3,4,0,2,3,,N,,,,,,,,,,,
2008072777,2358,1,0,0,0,0,0,0,0,0,4,0,,67,4,2008,6,39.9662,-75.1688,2355.0,6,0,0,0,0,0,1,0,0,,0,0,0,23,3,1,2,,0,39 57:58.165,,0,75 10:07.701,8,0,0,0,67301,0,0,0,N,0,0,0,2,67301,0,,1,1,,N,N,,0,,0,0,1,3.0,3,,2340,1,2,0,0,0,1,0,3,4,0,2,3,,N,,,,,,,,,,,
2008072798,1119,2,0,0,0,0,0,0,0,0,4,0,,67,4,2008,3,40.049,-75.0947,1117.0,6,0,0,0,0,0,0,0,0,,0,0,0,11,1,2,1,,0,40 02:42.054,,0,75 05:14.678,8,0,0,0,67301,0,0,0,,0,0,0,2,67301,0,,1,1,,,,,0,,0,0,0,0.0,0,,1114,2,2,0,0,0,2,0,3,4,0,2,3,,N,,,,,,,,,,,
2008079748,1812,1,0,0,1,0,0,0,0,0,8,0,,67,5,2008,7,40.0,-75.1283,1809.0,6,0,0,0,0,0,0,0,0,3.0,0,0,0,18,1,1,2,,2,40 00:00.111,4.0,0,75 07:41.714,8,0,0,0,67301,1,0,0,N,0,0,0,2,67301,0,,1,1,,N,N,,0,,0,0,0,0.0,0,Y,1806,1,2,0,0,0,1,0,3,4,0,1,3,,N,,,,,,,,,,,
2008079518,2100,2,0,0,0,0,0,0,0,0,4,0,,67,5,2008,6,39.9705,-75.1558,2059.0,6,0,0,0,0,0,0,0,0,,0,0,0,20,3,1,1,,0,39 58:13.713,,0,75 09:21.023,4,0,0,0,67301,0,0,0,,0,0,0,3,67301,1,,1,9,,N,N,,0,,0,0,0,3.0,3,,2005,1,2,0,0,0,0,1,3,4,0,2,7,,N,,,,,,,,,,,
2008085095,1806,1,0,0,0,0,0,0,0,0,1,0,,67,7,2008,6,40.0097,-75.2058,1804.0,6,0,0,0,0,0,2,0,0,,0,0,0,18,1,1,0,,0,40 00:34.497,,0,75 12:20.083,4,0,0,0,67301,0,0,0,N,0,0,0,4,68K01,1,,1,1,,N,N,,0,,0,0,0,0.0,0,,1801,1,2,0,0,0,0,0,3,4,1,2,3,,N,,,,,,,,,,,
2008082570,449,1,0,0,0,0,0,0,0,0,5,0,,67,5,2008,1,39.9833,-75.1694,449.0,6,0,1,0,0,0,1,0,0,,0,0,0,4,8,2,1,,0,39 58:59.782,,0,75 10:10.005,3,0,0,1,67301,0,0,0,,0,0,0,2,67301,1,,1,1,,,,,0,,1,0,0,0.0,0,,449,2,2,0,0,0,0,0,3,4,0,2,3,,N,,,,,,,,,,,
2008079245,1652,2,0,0,0,0,0,0,0,0,4,0,,67,5,2008,4,39.9458,-75.2402,1652.0,6,0,0,0,0,0,0,0,0,,0,0,0,16,1,3,0,,0,39 56:45.032,,7,75 14:24.882,4,0,0,0,67301,0,0,0,N,0,0,0,6,67301,3,,1,1,,N,N,,0,,0,0,0,0.0,0,,1650,3,2,0,0,0,0,0,3,4,0,2,3,,N,,,,,,,,,,,
2008072229,1758,0,0,0,0,0,0,0,0,0,8,0,,67,4,2008,4,40.0,-75.1161,1756.0,6,0,1,0,0,0,0,0,0,,0,0,0,17,1,1,2,,0,40 00:00.039,,0,75 06:57.999,8,0,0,0,67301,1,0,0,,1,0,0,2,67301,0,,1,1,,N,N,,0,,0,0,1,0.0,0,,1755,1,2,0,0,0,1,0,3,4,0,1,3,,N,,,,,,,,,,,
2008082465,9999,2,0,0,0,0,0,0,0,0,2,0,,67,5,2008,2,40.0319,-75.1222,1717.0,6,0,0,0,1,0,0,0,0,,0,0,0,17,1,0,1,,0,40 01:54.724,,0,75 07:19.750,0,0,0,0,67301,0,0,0,N,0,0,0,2,67301,0,,1,1,,N,N,,0,,0,0,0,3.0,2,,1717,0,2,0,0,0,0,0,3,4,0,2,3,,N,,,,,,,,,,,
2008080113,2101,1,0,0,0,0,0,0,0,0,5,0,,67,7,2008,7,39.9764,-75.1957,2058.0,6,0,0,0,0,0,1,0,0,,0,0,0,20,3,1,0,,0,39 58:36.694,,0,75 11:50.124,8,0,0,0,67301,0,0,0,N,0,0,0,4,68K01,0,,1,1,,N,N,,0,,0,0,1,0.0,0,,2054,1,2,0,0,0,1,0,3,4,0,2,3,,N,,,,,,,,,,,
2008119678,1225,0,0,0,1,0,0,0,0,0,2,0,,67,8,2008,5,39.9819,-75.1349,1221.0,6,0,0,0,0,0,0,0,0,,0,0,0,11,1,2,1,,0,39 58:54.775,,0,75 08:05.492,8,0,0,0,67301,2,0,0,,0,0,0,3,67301,0,,1,1,,,,,1,,0,0,0,9.0,3,,1100,2,2,0,0,0,2,0,3,4,0,1,3,,N,,,,,,,,,,,
2008122229,24,1,0,0,0,0,0,0,0,0,1,0,,67,11,2008,7,39.9756,-75.1947,23.0,6,0,0,0,0,0,0,0,0,,0,0,0,0,3,0,0,,0,39 58:35.476,,0,75 11:45.139,0,0,0,0,67301,0,0,0,N,0,0,0,3,68K01,0,,1,1,,N,N,,0,,0,0,0,0.0,0,,21,0,2,0,0,0,0,0,3,4,1,2,3,,N,,,,,,,,,,,
2008135253,1739,1,0,0,0,0,0,0,0,0,4,0,,67,10,2008,2,39.9591,-75.1946,1738.0,6,0,0,0,0,0,0,0,0,,0,0,0,17,3,19,1,,0,39 57:32.970,,0,75 11:41.180,4,0,0,0,67301,0,0,0,,0,0,0,25,67301,18,,1,1,,,,,0,,0,0,0,3.0,2,,1736,19,2,0,0,0,1,0,3,4,0,2,3,,N,,,,,,,,,,,
2008132961,2018,2,0,0,0,0,0,0,0,0,1,0,,67,10,2008,5,40.0428,-75.0113,2015.0,6,0,0,0,0,0,1,0,0,,0,0,0,20,3,1,1,,0,40 02:34.080,,0,75 00:40.680,4,0,0,0,67301,0,0,0,,0,0,0,2,67301,1,,1,1,,N,N,,0,,0,0,0,3.0,2,,2010,1,2,0,0,0,0,0,3,4,0,2,3,,N,,,,,,,,,,,
2008061006,548,2,0,0,0,0,0,0,0,0,4,0,,67,3,2008,7,39.9594,-75.2453,541.0,6,0,0,0,0,0,1,0,0,,0,0,0,5,3,1,1,,0,39 57:33.840,,0,75 14:43.080,3,0,0,0,67301,0,0,0,N,0,0,0,2,67301,0,,1,9,,N,N,,0,,1,0,0,3.0,2,,541,1,2,0,0,0,0,0,3,4,0,2,3,,N,,,,,,,,,,,
2008059278,1959,2,0,0,0,0,0,0,0,0,1,0,,67,3,2008,3,40.0555,-75.1263,1953.0,6,0,0,0,0,0,1,0,0,1.0,0,0,0,19,4,1,1,,2,40 03:19.838,5.0,0,75 07:34.533,8,0,0,0,67301,0,0,0,N,0,0,0,3,67301,0,,1,9,,N,N,,0,,0,0,0,0.0,0,Y,1945,1,2,0,0,0,1,0,3,4,0,2,7,,N,,,,,,,,,,,
2008053736,1615,2,0,0,0,0,0,0,0,0,4,0,,67,1,2008,5,39.9764,-75.1198,1614.0,6,0,0,0,0,0,0,1,0,1.0,0,0,0,16,1,0,1,,1,39 58:37.629,1.0,0,75 07:10.033,0,0,0,0,67301,0,0,0,,0,0,0,3,67301,0,,1,9,,N,N,,0,,0,0,0,3.0,2,N,1610,0,2,0,0,0,0,0,3,4,0,2,10,,N,,,,,,,,,,,
2008057976,1750,1,0,0,0,0,0,0,0,0,8,0,,67,4,2008,6,40.0128,-75.14,1732.0,6,0,0,0,0,0,0,0,0,,0,0,0,17,1,1,0,,0,40 00:46.044,,0,75 08:24.097,4,0,0,0,67301,1,0,0,,1,0,0,2,67301,1,,1,1,,N,N,,0,,0,0,0,0.0,0,,1730,1,2,0,0,0,0,0,3,4,0,1,3,,N,,,,,,,,,,,
2008057994,148,2,0,0,0,0,0,0,0,0,1,0,,67,3,2008,5,40.0477,-75.075,145.0,6,0,0,0,0,0,0,0,0,,0,0,0,1,3,0,1,,0,40 02:51.572,,0,75 04:30.111,0,0,0,0,67301,0,0,0,N,0,0,0,1,67301,0,,6,9,,N,N,,0,,0,0,0,0.0,0,,142,0,2,0,0,0,0,0,3,4,0,2,7,,N,,,,,,,,,,,
2008049522,1040,1,0,0,0,0,0,0,0,0,1,0,,67,1,2008,1,40.0704,-75.0588,1037.0,6,0,0,0,0,0,0,0,0,,0,0,0,10,1,1,0,,0,40 04:13.602,,0,75 03:31.597,4,0,0,0,67301,0,0,0,N,0,0,0,2,67301,1,,1,1,,N,N,,0,,0,0,1,3.0,2,,1035,1,2,0,0,0,0,0,3,4,0,2,3,,N,,,,,,,,,,,
2008044299,1605,0,0,0,1,0,0,0,0,0,4,0,,67,1,2008,2,39.9613,-75.1752,1555.0,6,0,0,0,0,0,0,0,0,,0,0,0,15,1,1,1,,0,39 57:40.000,,0,75 10:31.244,4,0,0,0,67301,1,0,0,,0,0,0,2,67301,1,,7,1,,,,,0,,0,0,1,0.0,0,,1550,1,2,0,0,0,0,0,3,4,0,1,3,,N,,,,,,,,,,,
2008044444,940,1,0,0,0,0,0,0,0,0,4,0,,67,2,2008,6,39.993,-75.2176,935.0,6,0,0,0,0,0,1,1,0,,0,0,0,9,1,1,1,,0,39 59:34.794,,0,75 13:03.358,8,0,0,0,67301,0,0,0,N,0,0,0,2,67301,0,,1,9,,N,N,,0,,0,0,1,3.0,2,,935,1,2,0,0,0,1,0,3,4,0,2,7,,N,,,,,,,,,,,
2008018206,1531,1,0,0,0,0,0,0,0,0,1,0,,67,1,2008,4,39.9063,-75.1356,1528.0,6,0,0,0,0,0,0,0,0,,0,0,0,15,1,0,0,,0,39 54:22.655,,0,75 08:08.329,0,0,0,0,67301,0,0,0,N,0,0,0,2,67501,0,,1,1,,N,N,,1,,0,0,0,3.0,8,,1528,0,2,0,0,0,0,0,3,4,0,2,3,,N,,,,,,,,,,,
2008015392,337,1,0,0,0,0,0,0,0,0,7,0,,67,1,2008,6,39.9814,-75.2068,333.0,6,0,0,0,0,0,0,0,0,2.0,0,0,0,3,3,1,0,,1,39 58:56.000,3.0,0,75 12:27.562,8,0,0,0,67301,0,0,0,N,0,0,0,1,68K01,0,,4,9,,N,N,,0,,0,0,0,0.0,0,N,331,1,1,0,0,0,1,0,3,4,0,1,7,,N,,,,,,,,,,,
2008060239,2228,2,0,0,0,0,0,0,0,0,2,0,,67,4,2008,2,39.9282,-75.2307,2221.0,6,0,0,0,1,0,0,0,0,1.0,0,0,0,22,3,3,2,,2,39 55:41.566,7.0,0,75 13:50.404,4,0,0,0,67301,0,0,0,N,0,0,0,4,67301,3,,1,1,,N,N,,0,,0,0,0,3.0,2,Y,2218,3,2,0,0,3,0,0,3,4,0,2,3,,N,,,,,,,,,,,
2008040111,548,2,0,0,0,0,0,0,0,0,1,0,,67,1,2008,7,40.0373,-75.1303,544.0,6,0,0,0,0,0,0,0,0,,0,0,0,5,3,1,0,,0,40 02:14.385,,0,75 07:49.090,8,0,0,0,67301,0,0,0,N,0,0,0,1,67301,0,,6,1,,N,N,,0,,0,0,0,0.0,0,,540,1,2,0,0,0,1,0,3,4,0,2,3,,N,,,,,,,,,,,
2008064747,1837,2,0,0,0,0,0,0,0,0,7,0,,67,5,2008,3,40.0273,-75.025,1833.0,6,0,1,0,0,0,0,0,0,1.0,0,0,0,18,1,0,0,,1,40 01:33.203,2.0,0,75 01:39.136,0,0,0,0,67301,0,0,0,N,0,0,0,4,68K01,0,,3,1,,N,N,,1,,0,0,0,0.0,0,N,1830,0,3,0,0,1,0,0,3,4,0,3,3,,N,,,,,,,,,,,
2008062184,1659,1,0,0,0,0,0,0,0,0,4,0,,67,3,2008,4,40.0444,-75.054,1650.0,6,0,0,0,0,0,0,0,0,9.0,0,0,0,16,1,0,1,,1,40 02:39.450,3.0,0,75 03:14.767,0,0,0,0,67301,0,0,0,N,0,0,0,4,67301,0,,1,9,,N,N,,0,,0,0,1,3.0,2,N,1647,0,2,0,0,0,0,0,3,4,0,2,7,,N,,,,,,,,,,,
2008057079,1801,1,0,0,0,0,0,0,0,0,8,0,,67,4,2008,6,39.9651,-75.1986,1800.0,6,0,0,0,0,0,0,0,0,,0,0,0,17,1,1,0,,0,39 57:54.208,,0,75 11:55.006,4,0,0,0,67301,1,0,0,N,1,0,0,2,67301,1,,6,1,,N,N,,0,,0,0,0,0.0,0,,1752,1,2,0,0,0,0,0,3,4,0,1,3,,N,,,,,,,,,,,
2008057304,300,3,0,0,0,0,0,0,0,0,7,0,,67,3,2008,1,39.9003,-75.2255,258.0,6,0,0,0,1,0,0,0,0,2.0,0,0,0,2,3,0,10,,2,39 54:00.986,4.0,3,75 13:31.909,9,0,0,0,67301,0,0,0,N,0,0,0,6,67301,0,,2,9,,N,N,,0,,0,0,1,9.0,8,N,255,0,4,0,0,0,0,1,3,4,0,4,7,,N,,,,,,,,,,,
2008057323,1552,1,0,0,0,0,0,0,0,0,1,0,,67,3,2008,4,39.9317,-75.168,1550.0,6,0,0,0,0,0,0,1,0,,0,0,0,99,1,1,1,,0,39 55:53.939,,0,75 10:04.948,8,0,0,0,67301,0,0,0,N,0,0,0,3,67301,0,,1,1,,N,N,,0,,0,0,1,3.0,2,,9999,1,2,0,0,0,1,0,3,4,0,2,3,,N,,,,,,,,,,,
2008057343,1555,2,0,0,0,0,0,0,0,0,4,0,,67,3,2008,3,39.9516,-75.1637,1550.0,6,0,0,0,0,0,0,0,0,,0,0,0,14,1,1,2,,0,39 57:05.795,,0,75 09:49.163,4,0,0,0,67301,0,0,0,N,0,0,0,6,67301,1,,1,1,,N,N,,0,,0,0,0,3.0,2,,1400,1,2,0,0,0,0,1,3,4,0,2,3,,N,,,,,,,,,,,
2008059825,1753,2,0,0,0,0,0,0,0,0,1,0,,67,5,2008,5,39.9918,-75.0858,1753.0,6,0,0,0,0,0,1,0,0,,0,0,0,17,1,1,0,,0,39 59:30.810,,0,75 05:08.698,8,0,0,0,67301,0,0,0,N,0,0,0,5,68K01,0,,1,1,,N,N,,0,,0,0,0,0.0,0,,1751,1,2,0,0,0,1,0,3,4,0,2,3,,N,,,,,,,,,,,