CRN,ARRIVAL_TM,AUTOMOBILE_COUNT,BELTED_DEATH_COUNT,BELTED_SUSP_SERIOUS_INJ_COUNT,BICYCLE_COUNT,BICYCLE_DEATH_COUNT,BICYCLE_SUSP_SERIOUS_INJ_COUNT,BUS_COUNT,CHLDPAS_DEATH_COUNT,CHLDPAS_SUSP_SERIOUS_INJ_COUNT,COLLISION_TYPE,COMM_VEH_COUNT,CONS_ZONE_SPD_LIM,COUNTY,CRASH_MONTH,CRASH_YEAR,DAY_OF_WEEK,DEC_LAT,DEC_LONG,DISPATCH_TM,DISTRICT,DRIVER_COUNT_16YR,DRIVER_COUNT_17YR,DRIVER_COUNT_18YR,DRIVER_COUNT_19YR,DRIVER_COUNT_20YR,DRIVER_COUNT_50_64YR,DRIVER_COUNT_65_74YR,DRIVER_COUNT_75PLUS,EST_HRS_CLOSED,FATAL_COUNT,HEAVY_TRUCK_COUNT,HORSE_BUGGY_COUNT,HOUR_OF_DAY,ILLUMINATION,INJURY_COUNT,INTERSECT_TYPE,INTERSECTION_RELATED,LANE_CLOSED,LATITUDE,LN_CLOSE_DIR,LOCATION_TYPE,LONGITUDE,MAX_SEVERITY_LEVEL,MCYCLE_DEATH_COUNT,MCYCLE_SUSP_SERIOUS_INJ_COUNT,MOTORCYCLE_COUNT,MUNICIPALITY,NONMOTR_COUNT,NONMOTR_DEATH_COUNT,NONMOTR_SUSP_SERIOUS_INJ_COUNT,NTFY_HIWY_MAINT,PED_COUNT,PED_DEATH_COUNT,PED_SUSP_SERIOUS_INJ_COUNT,PERSON_COUNT,POLICE_AGCY,POSSIBLE_INJ_COUNT,RDWY_SURF_TYPE_CD,RELATION_TO_ROAD,ROAD_CONDITION,ROADWAY_CLEARED,SCH_BUS_IND,SCH_ZONE_IND,SECONDARY_CRASH,SMALL_TRUCK_COUNT,SPEC_JURIS_CD,SUSP_MINOR_INJ_COUNT,SUSP_SERIOUS_INJ_COUNT,SUV_COUNT,TCD_FUNC_CD,TCD_TYPE,TFC_DETOUR_IND,TIME_OF_DAY,TOT_INJ_COUNT,TOTAL_UNITS,UNB_DEATH_COUNT,UNB_SUSP_SERIOUS_INJ_COUNT,UNBELTED_OCC_COUNT,UNK_INJ_DEG_COUNT,UNK_INJ_PER_COUNT,URBAN_AREA,URBAN_RURAL,VAN_COUNT,VEHICLE_COUNT,WEATHER1,WEATHER2,WORK_ZONE_IND,WORK_ZONE_LOC,WORK_ZONE_TYPE,WORKERS_PRES,WZ_CLOSE_DETOUR,WZ_FLAGGER,WZ_LAW_OFFCR_IND,WZ_LN_CLOSURE,WZ_MOVING,WZ_OTHER,WZ_SHLDER_MDN,WZ_WORKERS_INJ_KILLED
2008062519,1717,1,0,0,0,0,0,0,0,0,8,0,,67,4,2008,3,39.9765,-75.1894,1715.0,6,0,0,0,0,0,0,0,1,,0,0,0,16,1,1,3,,0,39 58:35.400,,0,75 11:21.840,4,0,0,0,67301,1,0,0,N,1,0,0,2,67301,1,,1,1,,N,N,,0,,0,0,0,0.0,0,,1655,1,2,0,0,0,0,0,3,4,0,1,3,,N,,,,,,,,,,,
2008062520,1043,2,0,0,0,0,0,0,0,0,4,0,,67,4,2008,5,40.0474,-75.078,1040.0,6,0,0,0,0,0,0,1,0,,0,0,0,10,1,1,1,,0,40 02:50.643,,0,75 04:40.796,4,0,0,0,67301,0,0,0,,0,0,0,2,67301,1,,1,1,,,,,0,,0,0,1,9.0,2,,1020,1,3,0,0,0,0,0,3,4,0,3,3,,N,,,,,,,,,,,
2008054962,1600,2,0,0,0,0,0,0,0,0,1,0,,67,4,2008,4,39.994,-75.199,1600.0,6,0,0,0,0,0,2,0,0,,0,0,0,15,1,0,0,,0,39 59:41.571,,0,75 11:52.971,0,0,0,0,67301,0,0,0,N,0,0,0,3,68K01,0,,1,1,,N,N,,0,,0,0,1,0.0,0,,1558,0,3,0,0,0,0,0,3,4,0,3,3,,N,,,,,,,,,,,
2008060181,1048,2,0,0,0,0,0,0,0,0,1,0,,67,4,2008,6,40.0496,-75.0956,1046.0,6,0,0,0,0,0,1,0,1,,0,0,0,10,1,1,1,,0,40 02:58.479,,0,75 05:44.228,3,0,0,0,67301,0,0,0,N,0,0,0,2,67301,0,,1,1,,N,N,,0,,1,0,0,0.0,0,,1044,1,2,0,0,0,0,0,3,4,0,2,3,,N,,,,,,,,,,,
2008052351,935,0,0,0,0,0,0,0,0,0,7,0,,67,4,2008,2,39.9879,-75.2549,930.0,6,0,0,0,0,0,0,0,0,1.0,0,0,0,9,1,0,0,,2,39 59:16.477,2.0,0,75 15:17.676,0,0,0,0,67301,0,0,0,N,0,0,0,1,46104,0,,4,1,,N,N,,1,,0,0,0,0.0,0,N,925,0,2,0,0,0,0,0,3,4,0,1,3,,N,,,,,,,,,,,
2008042362,1559,2,0,0,0,0,0,0,0,0,2,0,,67,1,2008,2,40.0142,-75.0715,1557.0,6,0,0,0,0,1,0,0,0,,0,0,0,15,1,1,1,,0,40 00:51.170,,0,75 04:17.540,3,0,0,0,67301,0,0,0,N,0,0,0,2,67301,0,,1,9,,N,N,,0,,1,0,0,3.0,3,,1544,1,2,0,0,0,0,0,3,4,0,2,7,,N,,,,,,,,,,,
2008057770,36,2,0,0,0,0,0,0,0,0,4,0,,67,3,2008,1,40.0471,-75.0135,36.0,6,0,1,0,0,0,0,0,0,,0,0,0,0,3,1,2,,0,40 02:49.405,,0,75 00:48.617,4,0,0,0,67301,0,0,0,N,0,0,0,2,67301,1,,1,1,,N,N,,0,,0,0,0,3.0,3,,30,1,2,0,0,0,0,0,3,4,0,2,3,,N,,,,,,,,,,,
2008044676,1630,1,0,0,0,0,0,0,0,0,1,0,,67,1,2008,5,40.0089,-75.072,1630.0,6,0,0,0,0,0,0,0,0,3.0,0,0,0,16,1,2,0,,1,40 00:31.000,2.0,0,75 04:19.362,4,0,0,0,67301,0,0,0,,0,0,0,4,67301,1,,1,1,,,,,0,,0,0,1,2.0,2,Y,1630,2,2,0,0,0,1,0,3,4,0,2,3,,N,,,,,,,,,,,
2008027002,1545,1,0,0,0,0,0,0,0,0,1,0,,67,1,2008,6,39.9589,-75.1707,1536.0,6,0,0,0,0,0,0,0,0,1.0,0,0,0,15,1,1,0,,1,39 57:31.000,3.0,0,75 10:14.371,8,0,0,0,67301,0,0,0,N,0,0,0,2,67301,0,,1,1,,N,N,,0,,0,0,1,0.0,0,N,1535,1,2,0,0,0,1,0,3,4,0,2,3,,N,,,,,,,,,,,
2008119059,43,2,0,0,0,0,0,0,0,0,4,0,,67,9,2008,1,40.0116,-75.163,41.0,6,0,0,0,0,0,0,0,0,,0,0,0,0,3,4,5,,0,40 00:41.869,,0,75 09:46.863,8,0,0,0,67301,0,0,0,N,0,0,0,5,67301,0,,1,1,,N,N,,0,,0,0,0,3.0,2,,35,4,2,0,0,0,4,1,3,4,0,2,3,,N,,,,,,,,,,,
2008119064,755,1,0,0,0,0,0,0,0,0,1,0,,67,10,2008,4,40.0522,-75.0273,732.0,6,0,0,0,0,0,0,0,0,2.0,0,0,0,7,1,1,1,,1,40 03:07.999,3.0,0,75 01:38.114,8,0,0,0,67301,0,0,0,,0,0,0,8,67301,0,,1,1,,,,,1,,0,0,0,3.0,2,N,730,1,4,0,0,0,1,1,3,4,0,4,3,,N,,,,,,,,,,,
2008119068,28,2,0,0,0,0,0,0,0,0,5,0,,67,9,2008,7,39.9547,-75.1495,24.0,6,0,0,0,0,0,0,0,0,,0,0,0,0,3,1,2,,0,39 57:16.782,,0,75 08:58.276,4,0,0,0,67301,0,0,0,N,0,0,0,2,67301,1,,1,9,,N,N,,0,,0,0,0,3.0,2,,14,1,2,0,0,0,0,0,3,4,0,2,7,,N,,,,,,,,,,,
2008119070,2240,1,0,0,1,0,0,0,0,0,4,0,,67,9,2008,5,40.0269,-75.0972,2224.0,6,0,0,0,0,0,1,0,0,,0,0,0,22,3,1,1,,0,40 01:36.832,,0,75 05:50.066,4,0,0,0,67301,1,0,0,N,0,0,0,2,67301,1,,1,1,,N,N,,0,,0,0,0,3.0,2,,2205,1,2,0,0,0,0,0,3,4,0,1,3,,N,,,,,,,,,,,
2008098067,1605,0,0,0,0,0,0,0,0,0,8,0,,67,6,2008,6,40.0115,-75.108,1605.0,6,0,0,0,0,0,0,0,0,,0,0,0,16,1,1,0,,0,40 00:41.454,,0,75 06:28.836,4,0,0,0,67301,1,0,0,N,1,0,0,2,67301,1,,1,1,,N,N,,0,,0,0,1,0.0,0,,1600,1,2,0,0,0,0,0,3,4,0,1,3,,N,,,,,,,,,,,
2008095601,2010,1,0,0,0,0,0,0,0,0,8,0,,67,6,2008,2,40.0323,-75.0309,2000.0,6,0,0,0,0,0,0,0,0,,0,0,0,16,1,1,1,,0,40 01:49.477,,0,75 02:04.618,4,0,0,0,67301,1,0,0,N,1,0,0,3,67301,1,,1,1,,N,N,,0,,0,0,0,3.0,2,,1630,1,2,0,0,0,0,0,3,4,0,1,3,,N,,,,,,,,,,,
2008095605,2016,1,0,0,0,0,0,0,0,0,8,0,,67,6,2008,4,39.9272,-75.2364,2006.0,6,0,0,1,0,0,0,0,0,,0,0,0,20,8,1,0,,0,39 55:38.076,,0,75 14:10.876,4,0,0,0,67301,1,0,0,,1,0,0,2,67301,1,,1,1,,,,,0,,0,0,0,0.0,0,,2006,1,2,0,0,0,0,0,3,4,0,1,3,,N,,,,,,,,,,,
2008083013,15,1,0,0,0,0,0,0,0,0,7,0,,67,7,2008,1,39.9651,-75.1857,13.0,6,0,0,0,0,1,0,0,0,1.0,0,0,0,0,3,3,0,,2,39 57:55.077,3.0,0,75 11:09.244,8,0,0,0,67301,0,0,0,N,0,0,0,5,68K01,0,,2,1,,N,N,,0,,0,0,0,0.0,0,N,10,3,1,0,0,2,3,0,3,4,0,1,3,,N,,,,,,,,,,,
2008070672,840,2,0,0,0,0,0,0,0,0,1,0,,67,4,2008,5,40.0824,-74.9864,837.0,6,0,0,0,0,0,0,0,0,2.0,0,0,0,8,1,1,0,,2,40 04:56.734,6.0,0,74 59:11.101,3,0,0,0,67301,0,0,0,N,0,0,0,1,67301,0,,2,1,,N,N,,0,,1,0,0,0.0,0,Y,835,1,3,0,0,0,0,0,3,4,1,3,3,,N,,,,,,,,,,,
2008081955,833,2,0,0,0,0,0,0,0,0,1,0,50.0,67,7,2008,6,39.9383,-75.1977,815.0,6,0,0,0,0,0,1,0,0,1.0,0,0,0,8,1,1,0,,2,39 56:24.720,4.0,0,75 11:44.520,4,0,0,0,67301,0,0,0,N,0,0,0,3,68K01,1,,1,1,,N,N,,0,,0,0,1,0.0,0,N,808,1,3,0,0,0,0,0,3,4,0,3,3,,Y,4.0,1.0,Y,N,N,N,N,N,N,Y,
2008079672,1041,1,0,0,0,0,0,0,0,0,1,0,,67,5,2008,2,39.9905,-75.1405,1041.0,6,0,0,0,0,0,1,0,0,,0,0,0,10,1,1,1,,0,39 59:25.814,,0,75 08:25.976,4,0,0,0,67301,0,0,0,,0,0,0,3,67301,1,,1,9,,,,,1,,0,0,0,3.0,2,,1041,1,2,0,0,0,0,0,3,4,0,2,3,,N,,,,,,,,,,,
2008079373,1010,2,0,0,0,0,0,0,0,0,4,0,,67,5,2008,7,40.0324,-75.1479,1005.0,6,0,0,0,0,0,0,0,0,,0,0,0,10,1,2,1,,0,40 01:56.607,,0,75 08:52.393,4,0,0,0,67301,0,0,0,N,0,0,0,3,67301,2,,9,1,,N,N,,0,,0,0,0,3.0,3,,1000,2,2,0,0,0,0,0,3,4,0,2,3,,N,,,,,,,,,,,
2008072533,1848,2,0,0,0,0,0,0,0,0,1,0,,67,4,2008,6,40.0018,-75.1302,1848.0,6,0,0,0,1,0,0,0,0,,0,0,0,14,1,1,0,,0,40 00:06.528,,0,75 07:48.893,8,0,0,0,67301,0,0,0,N,0,0,0,5,67301,0,,1,1,,N,Y,,0,,0,0,0,3.0,3,,1430,1,2,0,0,5,1,3,3,4,0,2,3,,N,,,,,,,,,,,
2008072107,911,0,0,0,0,0,0,0,0,0,8,0,,67,5,2008,6,39.9247,-75.2429,901.0,6,0,0,0,0,0,0,0,0,,0,0,0,8,1,1,0,,0,39 55:28.808,,0,75 14:34.360,8,0,0,0,67301,1,0,0,N,1,0,0,2,67301,0,,2,1,,N,,,0,,0,0,1,0.0,0,,856,1,2,0,0,0,1,0,3,4,0,1,3,,N,,,,,,,,,,,
2008072108,1747,3,0,0,0,0,0,0,0,0,4,0,,67,5,2008,6,39.9035,-75.2432,1745.0,6,0,0,0,0,0,0,0,0,,0,0,0,17,1,1,1,,0,39 54:12.423,,0,75 14:35.429,4,0,0,0,67301,0,0,0,N,0,0,0,5,67301,1,,1,1,,N,N,,1,,0,0,0,3.0,2,,1745,1,4,0,0,0,0,0,3,4,0,4,3,,N,,,,,,,,,,,
2008080106,21,2,0,0,0,0,0,0,0,0,7,0,,67,6,2008,6,39.8763,-75.2591,21.0,6,0,0,0,0,0,1,0,0,1.0,0,0,0,0,3,0,0,,1,39 52:34.849,2.0,0,75 15:32.683,0,0,0,0,67301,0,0,0,N,0,0,0,6,68K01,0,,3,1,,N,N,,0,,0,0,0,0.0,0,N,20,0,2,0,0,0,0,0,3,4,0,2,3,,N,,,,,,,,,,,
2008069700,1755,1,0,0,0,0,0,1,0,0,4,1,,67,4,2008,5,40.0,-75.1531,1748.0,6,0,0,0,0,0,1,0,0,,0,0,0,17,1,1,1,,0,39 59:59.964,,0,75 09:11.322,4,0,0,0,67301,0,0,0,,0,0,0,3,67301,1,,1,1,,N,N,,0,,0,0,0,3.0,2,,1747,1,2,0,0,0,0,0,3,4,0,2,3,,N,,,,,,,,,,,
2008119755,715,1,0,0,1,0,0,0,0,0,4,0,,67,9,2008,4,40.0374,-75.0354,710.0,6,0,0,0,0,0,0,0,0,,0,0,0,7,6,1,0,,0,40 02:14.808,,0,75 02:07.500,4,0,0,0,67301,1,0,0,N,0,0,0,2,67301,1,,1,1,,N,N,,0,,0,0,0,0.0,0,,710,1,2,0,0,0,0,1,3,4,0,1,3,,N,,,,,,,,,,,
2008042109,1355,1,0,0,0,0,0,0,0,0,1,0,,67,1,2008,4,39.9426,-75.2214,1331.0,6,0,0,0,0,0,0,0,0,,0,0,0,13,1,1,1,,0,39 56:33.464,,0,75 13:17.018,3,0,0,0,67301,0,0,0,,0,0,0,2,67301,0,,1,1,,,,,0,,1,0,1,3.0,2,,1320,1,2,0,0,1,0,0,3,4,0,2,3,,N,,,,,,,,,,,
2008060514,9999,2,0,0,0,0,0,0,0,0,1,0,,67,3,2008,4,39.9231,-75.1699,20.0,6,0,0,0,0,0,0,0,0,,0,0,0,20,3,2,0,,0,39 55:23.270,,0,75 10:11.577,8,0,0,0,67301,5,0,0,,0,0,0,6,67301,0,,6,9,,,,,1,,0,0,0,0.0,0,,2005,2,3,0,0,0,2,3,3,4,0,3,7,,N,,,,,,,,,,,
2008060627,1205,1,0,0,0,0,0,0,0,0,7,0,,67,3,2008,4,40.0977,-74.9846,1205.0,6,0,0,0,0,0,0,0,0,2.0,0,0,0,12,1,1,7,,1,40 05:51.720,4.0,2,74 59:04.560,3,0,0,0,67301,0,0,0,Y,0,0,0,1,67301,0,,7,1,,N,N,,0,,1,0,0,0.0,0,N,1205,1,1,0,0,0,0,0,3,4,0,1,3,,N,,,,,,,,,,,
2008053259,435,1,0,0,0,0,0,0,0,0,5,0,,67,2,2008,4,39.9225,-75.2436,430.0,6,0,0,0,0,0,0,0,0,,0,0,0,4,3,0,0,,0,39 55:20.895,,0,75 14:37.096,0,0,0,0,67301,0,0,0,,0,0,0,1,67301,0,,1,6,,N,N,,1,,0,0,0,0.0,0,,425,0,2,0,0,0,0,0,3,4,0,2,10,,N,,,,,,,,,,,
2008044290,815,1,0,0,0,0,0,0,0,0,4,0,,67,2,2008,6,40.0806,-75.2175,809.0,6,0,0,0,0,0,0,0,0,,0,0,0,99,1,1,2,,0,40 04:50.131,,0,75 13:02.895,8,0,0,0,67301,0,0,0,N,0,0,0,2,67301,0,,1,9,,N,N,,0,,0,0,1,0.0,0,,9999,1,2,0,0,0,1,0,3,4,0,2,7,,N,,,,,,,,,,,
2008044292,1846,0,0,0,0,0,0,0,0,0,8,0,,67,1,2008,4,39.9131,-75.2433,1846.0,6,0,0,0,0,0,0,0,0,,0,0,0,18,3,1,1,,0,39 54:47.000,,0,75 14:35.859,3,0,0,0,67301,1,0,0,N,1,0,0,2,67301,0,,1,1,,N,N,,0,,1,0,0,3.0,2,,1845,1,2,0,0,0,0,1,3,4,0,1,3,,N,,,,,,,,,,,
2008044435,1010,0,0,0,0,0,0,0,0,0,4,0,,67,1,2008,5,39.9513,-75.1932,959.0,6,0,0,0,0,0,1,0,0,1.0,0,0,0,9,1,1,2,,1,39 57:04.716,4.0,0,75 11:35.638,4,0,0,0,67301,0,0,0,N,0,0,0,9,67301,1,,1,1,,N,N,,0,,0,0,1,0.0,0,N,959,1,2,0,0,0,0,0,3,4,1,2,3,,N,,,,,,,,,,,
2008046920,1200,1,0,0,0,0,0,0,0,0,1,0,,67,1,2008,5,39.9273,-75.1448,1200.0,6,0,0,0,0,0,1,0,0,,0,0,0,12,1,2,2,,0,39 55:38.469,,0,75 08:41.194,4,0,0,0,67301,0,0,0,,0,0,0,2,67301,2,,1,1,,,,,1,,0,0,0,3.0,2,,1200,2,2,0,0,0,0,0,3,4,0,2,3,,N,,,,,,,,,,,
2008044622,550,1,0,0,0,0,0,0,0,0,5,0,,67,1,2008,7,39.9593,-75.173,544.0,6,0,0,0,0,0,1,0,0,,0,0,0,5,3,0,0,,0,39 57:33.581,,0,75 10:24.390,9,0,0,0,67301,0,0,0,N,0,0,0,2,67301,0,,1,1,,N,N,,0,,0,0,1,0.0,0,,543,0,2,0,0,0,0,1,3,4,0,2,3,,N,,,,,,,,,,,
2008027230,1645,0,0,0,0,0,0,0,0,0,4,0,,67,1,2008,3,40.0239,-75.0889,1640.0,6,0,0,0,0,0,0,0,0,,0,0,0,16,1,1,1,,0,40 01:25.989,,0,75 05:19.885,4,0,0,0,67301,0,0,0,,0,0,0,2,67301,1,,1,1,,N,N,,0,,0,0,2,0.0,0,,1630,1,2,0,0,0,0,0,3,4,0,2,3,,N,,,,,,,,,,,
2008060222,1310,1,0,0,0,0,0,0,0,0,7,0,,67,3,2008,4,40.0211,-75.2003,1304.0,6,0,0,0,0,0,0,0,0,1.0,0,0,0,13,1,0,0,,2,40 01:16.112,1.0,0,75 12:01.054,9,0,0,0,67301,0,0,0,N,0,0,0,2,67301,0,,3,9,,N,N,,0,,0,0,0,0.0,0,N,1300,0,1,0,0,0,0,2,3,4,0,1,7,,N,,,,,,,,,,,
2008049887,1920,1,0,0,0,0,0,0,0,0,4,0,,67,2,2008,3,39.9443,-75.219,1900.0,6,0,0,0,1,0,0,0,0,,0,0,0,18,3,1,2,,0,39 56:39.624,,0,75 13:08.504,4,0,0,0,67301,0,0,0,N,0,0,0,4,67301,1,,1,9,,N,N,,0,,0,0,0,3.0,3,,1858,1,2,0,0,0,0,0,3,4,1,2,3,,N,,,,,,,,,,,
2008057105,946,1,0,0,0,0,0,0,0,0,8,0,,67,3,2008,3,39.9806,-75.1723,945.0,6,0,0,0,0,0,0,0,0,3.0,0,0,0,9,1,1,0,,2,39 58:49.981,6.0,0,75 10:20.342,4,0,0,0,67301,1,0,0,,1,0,0,2,67301,1,,1,1,,N,N,,0,,0,0,0,3.0,2,Y,945,1,2,0,0,0,0,0,3,4,0,1,3,,N,,,,,,,,,,,
2008062283,1056,1,0,0,0,0,0,0,0,0,7,0,,67,5,2008,6,39.9586,-75.1677,1049.0,6,0,0,0,0,0,0,0,0,2.0,0,0,0,10,1,0,0,,2,39 57:31.200,4.0,0,75 10:05.233,9,0,0,0,67301,0,0,0,N,0,0,0,1,68K01,0,,2,9,,N,N,,0,,0,0,0,0.0,0,N,1047,0,1,0,0,0,0,1,3,4,0,1,7,,N,,,,,,,,,,,
2008054636,1624,2,0,0,0,0,0,0,0,0,1,0,,67,4,2008,5,39.9742,-75.1942,1624.0,6,0,0,0,0,0,0,0,0,3.0,0,0,0,16,1,1,0,,1,39 58:30.892,3.0,1,75 11:40.684,4,0,0,0,67301,0,0,0,N,0,0,0,2,68K01,1,,1,1,,N,N,,0,,0,0,0,0.0,0,N,1608,1,2,0,0,0,0,0,3,4,0,2,3,,N,,,,,,,,,,,
2008029120,1445,1,0,0,0,0,0,0,0,0,8,0,,67,1,2008,4,39.9156,-75.2365,1432.0,6,0,0,0,0,0,1,0,0,,0,0,0,14,1,1,0,,0,39 54:56.153,,0,75 14:11.299,3,0,0,0,67301,1,0,0,N,1,0,0,2,67301,0,,1,1,,N,N,,0,,1,0,0,0.0,0,,1422,1,2,0,0,0,0,0,3,4,0,1,3,,N,,,,,,,,,,,
2008029135,2205,1,0,0,0,0,0,0,0,0,8,0,,67,1,2008,1,39.9491,-75.162,2205.0,6,0,0,0,0,0,1,0,0,,0,0,0,22,3,1,2,,0,39 56:56.000,,0,75 09:43.309,4,0,0,0,67301,1,0,0,,1,0,0,2,67301,1,,1,9,,,,,0,,0,0,0,3.0,2,,2202,1,2,0,0,1,0,0,3,4,0,1,7,,N,,,,,,,,,,,
2008029179,1249,2,0,0,0,0,0,0,0,0,6,0,,67,1,2008,2,39.9272,-75.1817,1247.0,6,0,0,0,0,0,0,1,0,,0,0,0,12,1,1,0,,0,39 55:37.881,,0,75 10:54.224,4,0,0,0,67301,0,0,0,,0,0,0,2,67301,1,,1,1,,,,,1,,0,0,1,0.0,0,,1243,1,4,0,0,0,0,1,3,4,0,4,3,,N,,,,,,,,,,,
2008042150,9999,1,0,0,0,0,0,0,0,0,7,0,,67,2,2008,1,39.9779,-75.1941,1135.0,6,0,0,0,0,0,0,0,0,,0,0,0,11,1,1,0,,0,39 58:40.000,,0,75 11:38.726,3,0,0,0,67301,1,0,0,,1,0,0,2,67301,0,,2,1,,N,N,,0,,1,0,0,0.0,0,,1125,1,2,0,0,0,0,1,3,4,0,1,3,,N,,,,,,,,,,,
2008042158,755,2,0,0,0,0,0,0,0,0,4,0,,67,2,2008,3,39.9942,-75.1317,753.0,6,0,0,0,0,0,0,0,0,,0,0,0,7,1,2,1,,0,39 59:39.055,,0,75 07:54.278,8,0,0,0,67301,0,0,0,,0,0,0,3,67301,0,,1,1,,,Y,,0,,0,0,0,3.0,3,,753,2,2,0,0,0,2,0,3,4,0,2,3,,N,,,,,,,,,,,
2008119072,104,2,0,0,0,0,0,0,0,0,4,0,,67,9,2008,7,,,104.0,6,0,0,0,0,0,0,0,0,1.0,0,0,0,1,3,0,0,,1,,1.0,0,,0,0,0,0,67301,0,0,0,N,0,0,0,4,67301,0,,1,1,,N,N,,0,,0,0,0,0.0,0,N,103,0,2,0,0,0,0,0,3,3,0,2,3,,N,,,,,,,,,,,
2008124584,654,0,0,0,0,0,0,0,0,0,0,0,,67,10,2008,7,40.0247,-75.0309,641.0,6,0,0,0,0,0,0,0,0,1.0,0,0,0,6,2,0,0,,1,40 01:27.170,1.0,2,75 01:50.901,0,0,0,0,67301,0,0,0,N,0,0,0,1,68K01,0,,2,9,,N,N,,0,,0,0,1,0.0,0,N,639,0,1,0,0,0,0,0,3,4,0,1,7,,N,,,,,,,,,,,
2008119145,1805,1,0,0,1,0,0,0,0,0,5,0,,67,9,2008,1,39.9491,-75.2129,1803.0,6,0,0,0,0,0,1,0,0,,0,0,0,17,1,1,0,,0,39 56:56.646,,0,75 12:46.322,4,0,0,0,67301,1,0,0,N,0,0,0,2,67301,1,,4,1,,N,N,,0,,0,0,0,0.0,0,,1755,1,2,0,0,0,0,0,3,4,0,1,3,,N,,,,,,,,,,,
2008119162,2036,0,0,0,0,0,0,0,0,0,4,0,,67,8,2008,4,40.0446,-75.1446,2036.0,6,0,0,0,0,0,0,1,0,,0,0,0,20,3,1,1,,0,40 02:40.423,,0,75 08:40.657,3,0,0,1,67301,0,0,0,N,0,0,0,3,67301,0,,1,1,,N,N,,0,,1,0,1,3.0,3,,2036,1,2,0,0,0,0,0,3,4,0,2,3,,N,,,,,,,,,,,
2008128598,147,1,0,0,0,0,0,0,0,0,7,0,,67,11,2008,1,39.9814,-75.2069,146.0,6,0,0,0,0,0,0,0,0,1.0,0,0,0,1,3,1,0,,1,39 58:56.990,4.0,0,75 12:27.740,3,0,0,0,67301,0,0,0,N,0,0,0,2,68K01,0,,2,9,,N,N,,0,,1,0,0,0.0,0,N,144,1,1,0,0,1,0,0,3,4,0,1,7,,N,,,,,,,,,,,
2008098056,1105,2,0,0,0,0,0,0,0,0,4,0,,67,8,2008,7,40.0531,-75.0922,1101.0,6,0,1,0,0,0,0,0,0,9.0,0,0,0,11,1,0,0,,2,40 03:11.119,2.0,0,75 05:31.918,0,0,0,0,67301,0,0,0,N,0,0,0,2,67301,0,,1,1,,N,N,,1,,0,0,0,0.0,0,N,1105,0,3,0,0,1,0,0,3,4,0,3,3,,N,,,,,,,,,,,
2008098074,1545,0,0,0,0,0,0,0,0,0,8,0,,67,7,2008,1,39.9872,-75.1708,1544.0,6,0,0,0,0,0,0,0,0,,0,0,0,15,1,1,2,,0,39 59:14.006,,0,75 10:15.056,3,0,0,1,67301,1,0,0,N,1,0,0,2,67301,0,,1,1,,N,N,,0,,1,0,0,3.0,3,,1544,1,2,0,0,0,0,1,3,4,0,1,3,,N,,,,,,,,,,,
2008098118,1402,1,0,0,0,0,0,0,0,0,8,0,,67,7,2008,2,39.9303,-75.163,1400.0,6,0,0,0,1,0,0,0,0,,0,0,0,13,1,1,3,,0,39 55:48.903,,0,75 09:46.897,8,0,0,0,67301,1,0,0,N,1,0,0,2,67301,0,,1,9,,N,N,,0,,0,0,0,3.0,3,,1355,1,2,0,0,0,1,0,3,4,0,1,7,,N,,,,,,,,,,,
2008072721,800,1,0,0,1,0,0,0,0,0,5,0,,67,4,2008,6,39.9504,-75.1921,800.0,6,0,0,0,0,0,1,0,0,1.0,0,0,0,8,1,1,0,,1,39 57:01.412,3.0,0,75 11:31.698,8,0,0,0,67301,1,0,0,N,0,0,0,3,67301,0,,1,1,,N,N,,0,,0,0,0,3.0,2,N,800,1,2,0,0,0,1,0,3,4,0,1,3,,N,,,,,,,,,,,
2008072784,1135,2,0,0,0,0,0,0,0,0,5,0,,67,4,2008,3,39.9469,-75.1545,1130.0,6,0,0,0,0,0,1,0,0,1.0,0,0,0,11,1,0,0,,1,39 56:49.012,3.0,0,75 09:16.304,0,0,0,0,67301,0,0,0,N,0,0,0,2,67301,0,,1,1,,N,N,,0,,0,0,0,0.0,0,N,1125,0,2,0,0,0,0,0,3,4,0,2,3,,N,,,,,,,,,,,
2008087491,820,2,0,0,0,0,0,0,0,0,4,0,,67,5,2008,2,39.9755,-75.2554,802.0,6,0,0,0,0,0,1,0,0,,0,0,0,8,1,2,1,,0,39 58:31.854,,0,75 15:19.407,4,0,0,0,67301,0,0,0,N,0,0,0,5,67301,2,,1,1,,N,N,,0,,0,0,0,0.0,0,,800,2,2,0,0,0,0,0,3,4,0,2,3,,N,,,,,,,,,,,
2008082616,1510,2,0,0,0,0,0,0,0,0,1,0,,67,5,2008,3,40.0764,-75.0331,1505.0,6,0,0,0,0,0,0,0,0,1.0,0,0,0,15,1,3,0,,1,40 04:35.181,2.0,0,75 01:58.961,4,0,0,0,67301,0,0,0,N,0,0,0,3,67301,3,,1,1,,N,N,,0,,0,0,0,0.0,0,N,1500,3,2,0,0,0,0,0,3,4,0,2,3,,N,,,,,,,,,,,
2008109631,1502,1,0,0,0,0,0,0,0,0,1,0,,67,9,2008,6,39.9578,-75.1623,1455.0,6,0,0,0,0,0,0,0,0,,0,0,0,14,1,1,0,,0,39 57:28.266,,0,75 09:44.511,4,0,0,0,67301,0,0,0,N,0,0,0,3,68K01,1,,1,9,,N,N,,0,,0,0,1,0.0,0,,1452,1,2,0,0,0,0,0,3,4,0,2,7,,N,,,,,,,,,,,