CRN,ARRIVAL_TM,AUTOMOBILE_COUNT,BELTED_DEATH_COUNT,BELTED_SUSP_SERIOUS_INJ_COUNT,BICYCLE_COUNT,BICYCLE_DEATH_COUNT,BICYCLE_SUSP_SERIOUS_INJ_COUNT,BUS_COUNT,CHLDPAS_DEATH_COUNT,CHLDPAS_SUSP_SERIOUS_INJ_COUNT,COLLISION_TYPE,COMM_VEH_COUNT,CONS_ZONE_SPD_LIM,COUNTY,CRASH_MONTH,CRASH_YEAR,DAY_OF_WEEK,DEC_LAT,DEC_LONG,DISPATCH_TM,DISTRICT,DRIVER_COUNT_16YR,DRIVER_COUNT_17YR,DRIVER_COUNT_18YR,DRIVER_COUNT_19YR,DRIVER_COUNT_20YR,DRIVER_COUNT_50_64YR,DRIVER_COUNT_65_74YR,DRIVER_COUNT_75PLUS,EST_HRS_CLOSED,FATAL_COUNT,HEAVY_TRUCK_COUNT,HORSE_BUGGY_COUNT,HOUR_OF_DAY,ILLUMINATION,INJURY_COUNT,INTERSECT_TYPE,INTERSECTION_RELATED,LANE_CLOSED,LATITUDE,LN_CLOSE_DIR,LOCATION_TYPE,LONGITUDE,MAX_SEVERITY_LEVEL,MCYCLE_DEATH_COUNT,MCYCLE_SUSP_SERIOUS_INJ_COUNT,MOTORCYCLE_COUNT,MUNICIPALITY,NONMOTR_COUNT,NONMOTR_DEATH_COUNT,NONMOTR_SUSP_SERIOUS_INJ_COUNT,NTFY_HIWY_MAINT,PED_COUNT,PED_DEATH_COUNT,PED_SUSP_SERIOUS_INJ_COUNT,PERSON_COUNT,POLICE_AGCY,POSSIBLE_INJ_COUNT,RDWY_SURF_TYPE_CD,RELATION_TO_ROAD,ROAD_CONDITION,ROADWAY_CLEARED,SCH_BUS_IND,SCH_ZONE_IND,SECONDARY_CRASH,SMALL_TRUCK_COUNT,SPEC_JURIS_CD,SUSP_MINOR_INJ_COUNT,SUSP_SERIOUS_INJ_COUNT,SUV_COUNT,TCD_FUNC_CD,TCD_TYPE,TFC_DETOUR_IND,TIME_OF_DAY,TOT_INJ_COUNT,TOTAL_UNITS,UNB_DEATH_COUNT,UNB_SUSP_SERIOUS_INJ_COUNT,UNBELTED_OCC_COUNT,UNK_INJ_DEG_COUNT,UNK_INJ_PER_COUNT,URBAN_AREA,URBAN_RURAL,VAN_COUNT,VEHICLE_COUNT,WEATHER1,WEATHER2,WORK_ZONE_IND,WORK_ZONE_LOC,WORK_ZONE_TYPE,WORKERS_PRES,WZ_CLOSE_DETOUR,WZ_FLAGGER,WZ_LAW_OFFCR_IND,WZ_LN_CLOSURE,WZ_MOVING,WZ_OTHER,WZ_SHLDER_MDN,WZ_WORKERS_INJ_KILLED
2008082466,7,4,0,0,0,0,0,0,0,0,5,0,,67,5,2008,4,39.958,-75.2336,5.0,6,0,0,0,0,0,2,0,0,,0,0,0,99,3,0,0,,0,39 57:28.681,,0,75 14:01.015,0,0,0,0,67301,0,0,0,,0,0,0,2,67301,0,,2,1,,,,,0,,0,0,0,0.0,0,,9999,0,4,0,0,0,0,0,3,4,0,4,3,,N,,,,,,,,,,,
2008074479,2338,1,0,0,0,0,0,0,0,0,4,0,,67,6,2008,6,39.9715,-75.1934,2338.0,6,0,0,0,0,0,0,0,0,,0,0,0,23,3,1,0,,0,39 58:21.232,,0,75 11:37.428,8,0,0,0,67301,0,0,0,N,0,0,0,4,68K01,0,,1,1,,N,N,,0,,0,0,1,0.0,0,,2338,1,2,0,0,0,1,2,3,4,0,2,3,,N,,,,,,,,,,,
2008072089,1400,0,0,0,0,0,0,0,0,0,8,0,,67,5,2008,6,39.9697,-75.1317,1400.0,6,0,0,0,0,0,1,0,0,,0,0,0,13,1,1,1,,0,39 58:10.965,,0,75 07:53.801,4,0,0,0,67301,1,0,0,N,1,0,0,2,67301,1,,1,1,,N,N,,0,,0,0,1,3.0,2,,1355,1,2,0,0,0,0,0,3,4,0,1,3,,N,,,,,,,,,,,
2008069632,1939,2,0,0,0,0,0,0,0,0,6,0,,67,4,2008,2,40.0084,-75.1631,1909.0,6,0,1,0,0,0,0,0,0,,0,0,0,19,1,1,1,,0,40 00:30.196,,0,75 09:47.217,8,0,0,0,67301,0,0,0,,0,0,0,3,67301,0,,1,1,,N,N,,0,,0,0,0,3.0,3,,1910,1,2,0,0,0,1,2,3,4,0,2,3,,N,,,,,,,,,,,
2008120177,1540,1,0,0,0,0,0,0,0,0,8,0,,67,10,2008,4,39.9506,-75.1617,1540.0,6,0,0,0,0,0,0,0,0,1.0,0,0,0,15,1,1,1,,1,39 57:02.085,1.0,0,75 09:42.069,3,0,0,0,67301,1,0,0,N,1,0,0,2,67301,0,,1,9,,N,N,,0,,1,0,0,3.0,2,N,1525,1,2,0,0,0,0,0,3,4,0,1,7,,N,,,,,,,,,,,
2008120216,938,1,0,0,0,0,0,0,0,0,4,0,,67,10,2008,4,39.9285,-75.1721,935.0,6,0,0,0,0,0,1,0,0,,0,1,0,9,1,2,1,,0,39 55:42.448,,0,75 10:19.603,8,0,0,0,67301,0,0,0,N,0,0,0,3,67301,0,,1,1,,N,N,,0,,0,0,0,3.0,3,,930,2,2,0,0,2,2,0,3,4,0,2,3,,N,,,,,,,,,,,
2008119769,417,3,0,0,0,0,0,0,0,0,5,0,,67,10,2008,1,39.9238,-75.2344,415.0,6,0,0,0,0,1,0,0,0,,0,0,0,4,3,0,0,,0,39 55:25.500,,0,75 14:03.684,0,0,0,0,67301,0,0,0,N,0,0,0,1,67301,0,,6,1,,N,N,,0,,0,0,1,3.0,3,,412,0,4,0,0,0,0,0,3,4,0,4,3,,N,,,,,,,,,,,
2008119780,1602,1,0,0,0,0,0,0,0,0,7,0,,67,9,2008,1,39.972,-75.1627,1602.0,6,0,0,1,0,0,0,0,0,,0,0,0,99,1,3,0,,0,39 58:19.041,,0,75 09:45.679,4,0,0,0,67301,0,0,0,N,0,0,0,3,67301,3,,5,1,,N,N,,0,,0,0,0,0.0,0,,9999,3,1,0,0,0,0,0,3,4,0,1,3,,N,,,,,,,,,,,
2008132818,1020,1,0,0,0,0,0,0,0,0,5,0,,67,12,2008,2,39.9621,-75.183,1016.0,6,0,0,0,0,0,1,0,0,,0,0,0,10,1,1,0,,0,39 57:42.760,,0,75 10:57.570,8,0,0,0,67301,0,0,0,N,0,0,0,4,68K01,0,,1,1,,N,N,,0,,0,0,1,0.0,0,,1011,1,2,0,0,0,1,0,3,4,0,2,3,,N,,,,,,,,,,,
2008132883,1550,0,0,0,0,0,0,0,0,0,8,0,,67,10,2008,4,39.9218,-75.1498,1535.0,6,0,0,0,0,0,0,0,0,,0,0,0,15,1,1,0,,0,39 55:18.546,,0,75 08:59.479,4,0,0,0,67301,1,0,0,N,1,0,0,2,67301,1,,1,1,,N,N,,0,,0,0,0,0.0,0,,1530,1,2,0,0,0,0,1,3,4,0,1,3,,N,,,,,,,,,,,
2008036790,858,1,0,0,0,0,0,0,0,0,1,0,,67,2,2008,2,39.9529,-75.1818,851.0,6,0,0,0,0,0,1,0,0,,0,0,0,8,1,0,0,,0,39 57:16.344,,1,75 10:51.878,0,0,0,0,67301,0,0,0,N,0,0,0,3,68K01,0,,1,1,,N,N,,0,,0,0,2,0.0,0,,847,0,3,0,0,0,0,0,3,4,0,3,3,,N,,,,,,,,,,,
2008055713,930,1,0,0,0,0,0,0,0,0,1,0,,67,4,2008,5,40.028,-75.0243,914.0,6,0,0,0,0,0,0,0,0,,0,0,0,9,1,2,7,,0,40 01:40.800,,2,75 01:27.120,4,0,0,0,67301,0,0,0,N,0,0,0,3,68K01,2,,1,1,,N,N,,0,,0,0,0,0.0,0,,911,2,2,0,0,0,0,0,3,4,1,2,3,,N,,,,,,,,,,,
2008044294,1612,2,0,0,0,0,0,0,0,0,4,0,,67,1,2008,4,40.0473,-75.1428,1610.0,6,0,0,0,0,0,1,1,0,,0,0,0,16,1,1,0,,0,40 02:50.000,,0,75 08:34.175,4,0,0,0,67301,0,0,0,N,0,0,0,4,67301,1,,1,1,,N,N,,0,,0,0,0,3.0,8,,1610,1,2,0,0,0,0,0,3,4,0,2,3,,N,,,,,,,,,,,
2008040288,2317,1,0,0,0,0,0,0,0,0,7,0,,67,2,2008,7,40.0162,-75.2039,2315.0,6,0,0,0,0,0,0,0,0,,0,0,0,23,3,1,0,,0,40 00:58.161,,0,75 12:14.108,4,0,0,0,67301,0,0,0,N,0,0,0,1,67301,1,,4,1,,N,N,,0,,0,0,0,0.0,0,,2314,1,1,0,0,0,0,0,3,4,0,1,3,,N,,,,,,,,,,,
2008060232,2110,1,0,0,1,0,0,0,0,0,1,0,,67,3,2008,6,39.9576,-75.2234,2100.0,6,0,0,0,0,0,0,0,0,,0,0,0,20,3,1,0,,0,39 57:27.324,,0,75 13:24.189,8,0,0,0,67301,1,0,0,,0,0,0,4,67301,0,,1,9,,,,,0,,0,0,0,0.0,0,,2030,1,2,0,0,0,1,2,3,4,0,1,7,,N,,,,,,,,,,,
2008027488,2022,2,0,0,0,0,0,0,0,0,4,0,,67,2,2008,6,40.0085,-75.2107,2022.0,6,0,0,0,0,0,1,0,0,1.0,0,0,0,20,3,1,1,,2,40 00:30.000,3.0,0,75 12:39.992,4,0,0,0,67301,0,0,0,N,0,0,0,3,46104,1,,1,1,,N,N,,0,,0,0,0,3.0,2,N,2020,1,2,0,0,0,0,0,3,4,0,2,3,,N,,,,,,,,,,,
2008030228,1441,1,0,0,0,0,0,0,0,0,5,0,,67,2,2008,7,40.009,-75.2043,1441.0,6,0,0,0,0,0,1,0,0,,0,0,0,14,1,1,0,,0,40 00:31.000,,0,75 12:11.982,8,0,0,0,67301,0,0,0,N,0,0,0,4,68K01,0,,1,1,,N,N,,0,,0,0,1,0.0,0,,1425,1,2,0,0,0,1,0,3,4,0,2,3,,N,,,,,,,,,,,
2008032860,1727,3,0,0,0,0,0,0,0,0,1,0,,67,1,2008,2,39.9804,-75.2057,1727.0,6,0,0,0,0,0,0,0,0,,0,0,0,17,3,1,0,,0,39 58:52.000,,0,75 12:24.418,4,0,0,0,67301,0,0,0,N,0,0,0,3,68K01,1,,1,1,,N,N,,0,,0,0,0,0.0,0,,1724,1,3,0,0,0,0,0,3,4,0,3,3,,N,,,,,,,,,,,
2008064497,1712,1,0,0,0,0,0,0,0,0,1,0,,67,5,2008,2,39.9578,-75.1619,1633.0,6,0,0,0,0,0,0,0,0,,0,0,0,16,1,0,0,,0,39 57:28.082,,0,75 09:43.130,0,0,0,0,67301,0,0,0,N,0,0,0,4,68K01,0,,1,1,,N,N,,0,,0,0,1,0.0,0,,1625,0,2,0,0,0,0,0,3,4,0,2,3,,N,,,,,,,,,,,
2008064926,602,1,0,0,0,0,0,0,0,0,7,0,,67,5,2008,5,40.0087,-75.2034,602.0,6,0,0,0,0,0,0,0,0,2.0,0,0,0,6,1,1,0,,1,40 00:29.316,3.0,0,75 12:07.619,3,0,0,0,67301,0,0,0,N,0,0,0,1,68K01,0,,2,1,,N,N,,0,,1,0,0,0.0,0,N,602,1,1,0,0,1,0,0,3,4,0,1,3,,N,,,,,,,,,,,
2008062072,1219,1,0,0,0,0,0,0,0,0,2,0,,67,3,2008,5,40.0808,-75.0284,1216.0,6,0,0,1,0,0,0,0,0,1.0,0,0,0,12,1,1,5,,1,40 04:50.452,1.0,0,75 01:42.490,3,0,0,0,67301,0,0,0,N,0,0,0,2,67301,0,,1,9,,N,N,,0,,1,0,1,3.0,2,N,1213,1,2,0,0,1,0,0,3,4,0,2,7,,N,,,,,,,,,,,
2008057198,1340,0,0,0,0,0,0,0,0,0,8,0,,67,3,2008,2,39.9526,-75.1907,1336.0,6,0,0,0,0,0,0,0,0,,0,0,0,13,1,1,0,,0,39 57:09.437,,0,75 11:26.036,3,0,0,0,67301,1,0,0,,1,0,0,2,67301,0,,1,1,,N,N,,0,,1,0,1,0.0,0,,1330,1,2,0,0,0,0,0,3,4,0,1,3,,N,,,,,,,,,,,
2008059664,1145,0,0,0,0,0,0,0,0,0,8,0,,67,3,2008,7,39.9854,-75.0967,1145.0,6,0,0,0,0,0,0,0,0,,0,1,0,11,1,1,1,,0,39 59:07.606,,0,75 05:48.056,4,0,0,0,67301,1,0,0,N,1,0,0,2,67301,1,,1,1,,N,N,,0,,0,0,0,9.0,3,,1140,1,2,0,0,0,0,0,3,4,0,1,3,,N,,,,,,,,,,,
2008057087,15,1,0,0,0,0,0,0,0,0,8,0,,67,4,2008,7,39.9631,-75.2242,12.0,6,0,0,0,0,0,0,0,0,,0,0,0,0,3,2,1,,0,39 57:47.036,,0,75 13:27.223,4,0,0,0,67301,2,0,0,N,2,0,0,3,67301,2,,1,9,,N,N,,0,,0,0,0,3.0,2,,10,2,3,0,0,0,0,0,3,4,0,1,7,,N,,,,,,,,,,,
2008057117,1248,0,0,0,0,0,0,0,0,0,8,0,,67,3,2008,4,39.9709,-75.1629,1244.0,6,0,0,0,0,0,0,0,0,,0,0,0,15,1,1,0,,0,39 58:15.397,,0,75 09:46.476,8,0,0,0,67301,1,0,0,,1,0,0,2,67301,0,,1,98,,N,N,,0,,0,0,1,9.0,2,,1515,1,2,0,0,0,1,0,3,4,0,1,99,,N,,,,,,,,,,,
2008057265,1441,1,0,0,0,0,0,0,0,0,4,0,,67,3,2008,5,39.9762,-75.161,1439.0,6,0,0,0,0,0,0,0,0,2.0,0,0,0,14,1,4,1,,1,39 58:34.219,1.0,0,75 09:39.495,4,0,0,0,67301,0,0,0,N,0,0,0,7,67301,2,,1,1,,N,N,,0,,0,0,0,0.0,0,Y,1437,4,2,0,0,0,2,2,3,4,1,2,3,,N,,,,,,,,,,,
2008057330,1625,0,0,0,1,0,0,0,0,0,5,0,,67,3,2008,4,39.9608,-75.1716,1623.0,6,0,0,0,0,0,0,0,0,,0,0,0,16,1,1,1,,0,39 57:38.923,,0,75 10:17.716,4,0,0,0,67301,1,0,0,N,0,0,0,2,67301,1,,1,1,,N,N,,0,,0,0,1,3.0,3,,1623,1,2,0,0,0,0,0,3,4,0,1,3,,N,,,,,,,,,,,
2008059891,1420,2,0,0,0,0,0,0,0,0,6,0,,67,4,2008,6,39.9316,-75.1867,1030.0,6,0,0,0,0,0,0,0,0,,0,0,0,10,1,1,1,,0,39 55:53.713,,0,75 11:11.972,3,0,0,0,67301,0,0,0,N,0,0,0,4,67301,0,,1,9,,N,N,,0,,1,0,0,3.0,2,,1030,1,2,0,0,0,0,0,3,4,0,2,7,,N,,,,,,,,,,,
2008057664,1430,2,0,0,0,0,0,0,0,0,1,0,,67,4,2008,7,40.058,-75.0421,1425.0,6,0,0,0,0,0,0,0,0,,0,0,0,14,1,1,0,,0,40 03:29.160,,0,75 02:33.000,8,0,0,0,67301,0,0,0,N,0,0,0,2,67301,0,,2,1,,N,N,,0,,0,0,0,0.0,0,,1415,1,2,0,0,0,1,0,3,4,0,2,3,,N,,,,,,,,,,,
2008060142,1404,0,0,0,0,0,0,0,0,0,1,0,,67,5,2008,1,39.974,-75.1193,1400.0,6,0,0,0,0,0,0,0,0,1.0,0,0,0,13,1,0,0,,1,39 58:28.146,2.0,0,75 07:05.955,9,0,0,0,67301,0,0,0,N,0,0,0,2,68K01,0,,1,1,,N,N,,1,,0,0,1,0.0,0,N,1356,0,2,0,0,0,0,1,3,4,0,2,3,,N,,,,,,,,,,,
2008042299,819,2,0,0,0,0,0,0,0,0,4,0,,67,2,2008,3,39.9527,-75.2448,819.0,6,0,1,0,0,0,1,0,0,,0,0,0,7,1,0,1,,0,39 57:09.608,,0,75 14:41.107,0,0,0,0,67301,0,0,0,N,0,0,0,2,67301,0,,1,1,,N,N,,0,,0,0,0,2.0,2,,730,0,2,0,0,0,0,0,3,4,0,2,3,,N,,,,,,,,,,,
2008042239,1115,1,0,0,0,0,0,0,0,0,4,0,,67,1,2008,5,40.0057,-75.1011,1115.0,6,0,0,0,0,0,1,0,0,2.0,0,0,0,11,1,2,1,,2,40 00:20.000,1.0,0,75 06:03.822,4,0,0,0,67301,0,0,0,,0,0,0,3,67301,2,,1,1,,,,,0,,0,0,1,3.0,2,Y,1112,2,2,0,0,0,0,0,3,4,0,2,3,,N,,,,,,,,,,,
2008040039,1305,1,0,0,1,0,0,0,0,0,5,0,,67,2,2008,4,39.9345,-75.1715,1300.0,6,0,0,0,0,0,0,0,0,,0,0,0,13,1,1,0,,0,39 56:04.264,,0,75 10:17.220,4,0,0,0,67301,1,0,0,N,0,0,0,2,67301,1,,1,1,,N,N,,0,,0,0,0,0.0,0,,1300,1,2,0,0,0,0,0,3,4,0,1,99,,N,,,,,,,,,,,
2008040043,1130,1,0,1,0,0,0,0,0,0,5,0,,67,1,2008,2,39.9316,-75.1867,1115.0,6,0,0,0,0,0,0,0,0,,0,0,0,11,1,1,1,,0,39 55:53.713,,0,75 11:11.972,2,0,0,0,67301,0,0,0,N,0,0,0,3,67301,0,,1,1,,N,N,,0,,0,1,1,9.0,2,,1115,1,2,0,0,0,0,0,3,4,0,2,98,,N,,,,,,,,,,,
2008057797,1521,2,0,0,0,0,0,0,0,0,4,0,,67,4,2008,3,39.9987,-75.2317,1519.0,6,0,0,0,0,0,0,0,0,,0,0,0,15,1,0,0,,0,39 59:57.832,,0,75 13:48.847,0,0,0,0,67301,0,0,0,N,0,0,0,2,67301,0,,1,1,,N,N,,0,,0,0,0,0.0,0,,1519,0,2,0,0,0,0,0,3,4,0,2,3,,N,,,,,,,,,,,
2008029126,1850,1,0,0,0,0,0,0,0,0,8,0,,67,1,2008,1,40.0491,-75.2198,1845.0,6,0,0,0,0,0,1,0,0,,0,0,0,18,3,1,2,,0,40 02:56.000,,0,75 13:11.195,4,0,0,0,67301,1,0,0,,1,0,0,2,67301,1,,1,9,,,,,0,,0,0,0,3.0,2,,1840,1,2,0,0,0,0,0,3,4,0,1,7,,N,,,,,,,,,,,
2008060347,2011,1,0,0,0,0,0,0,0,0,7,0,,67,4,2008,2,39.8839,-75.2462,1949.0,6,0,0,0,0,1,0,0,0,,0,0,0,19,3,0,3,,0,39 53:01.824,,2,75 14:46.581,0,0,0,0,67301,0,0,0,N,0,0,0,2,68K01,0,,4,1,,N,N,,0,,0,0,0,0.0,0,,1945,0,1,0,0,0,0,0,3,4,0,1,3,,N,,,,,,,,,,,
2008042190,812,1,0,0,0,0,0,0,0,0,7,0,,67,2,2008,5,39.9612,-75.245,808.0,6,0,0,0,1,0,0,0,0,,0,0,0,8,1,1,0,,0,39 57:40.324,,0,75 14:41.986,4,0,0,0,67301,0,0,0,N,0,0,0,1,67301,1,,5,1,,N,N,,1,,0,0,0,0.0,0,,800,1,2,0,0,0,0,0,3,4,0,2,3,,N,,,,,,,,,,,
2008044651,1241,1,0,0,0,0,0,0,0,0,1,0,,67,1,2008,7,39.9754,-75.1905,1240.0,6,0,0,0,0,0,1,0,0,,0,0,0,12,1,2,0,,0,39 58:31.392,,0,75 11:25.156,4,0,0,0,67301,0,0,0,N,0,0,0,6,67301,2,,1,1,,N,N,,1,,0,0,0,0.0,0,,1235,2,3,0,0,1,0,0,3,4,0,3,3,,N,,,,,,,,,,,
2008026928,10,2,0,0,0,0,0,0,0,0,4,0,,67,1,2008,4,39.9225,-75.1459,8.0,6,0,0,0,0,0,0,0,0,,0,0,0,0,3,0,1,,0,39 55:21.057,,0,75 08:45.092,0,0,0,0,67301,0,0,0,,0,0,0,2,67301,0,,1,1,,N,N,,0,,0,0,0,3.0,3,,6,0,2,0,0,0,0,0,3,4,0,2,3,,N,,,,,,,,,,,
2008119024,111,2,0,0,0,0,0,0,0,0,4,0,,67,8,2008,3,39.9624,-75.1615,110.0,6,0,0,0,0,1,0,0,0,3.0,0,0,0,1,3,4,1,,2,39 57:44.550,7.0,0,75 09:41.290,2,0,0,0,67301,0,0,0,N,0,0,0,4,67301,3,,1,1,,N,N,,0,,0,1,0,3.0,2,Y,109,4,2,0,0,3,0,0,3,4,0,2,3,,N,,,,,,,,,,,
2008127005,2301,2,0,0,0,0,0,0,0,0,1,0,,67,11,2008,6,39.9883,-75.254,2301.0,6,0,0,0,0,0,0,0,0,2.0,0,0,0,23,3,3,0,,2,39 59:17.937,2.0,0,75 15:14.256,2,0,0,0,67301,0,0,0,N,0,0,0,4,46104,1,,1,9,,N,N,,1,,0,1,0,0.0,0,N,2301,3,3,0,1,1,1,0,3,4,0,3,3,,N,,,,,,,,,,,
2008133547,905,0,0,0,0,0,0,0,0,0,4,0,,67,11,2008,2,40.0011,-75.101,900.0,6,0,0,0,0,0,0,0,0,,0,0,0,8,1,3,3,,0,40 00:03.999,,0,75 06:03.513,4,0,0,0,67301,2,0,0,N,2,0,0,5,67301,1,,1,1,,N,N,,1,,0,0,1,0.0,0,,855,3,4,0,0,0,2,0,3,4,0,2,3,,N,,,,,,,,,,,
2008129125,439,1,0,0,0,0,0,0,0,0,7,0,,67,11,2008,1,40.0504,-74.991,437.0,6,0,0,0,0,0,0,0,0,1.0,0,0,0,4,3,0,0,,1,40 03:01.763,1.0,0,74 59:27.012,0,0,0,0,67301,0,0,0,N,0,0,0,1,68K01,0,,4,1,,N,N,,0,,0,0,0,0.0,0,N,436,0,1,0,0,0,0,0,3,4,0,1,3,,N,,,,,,,,,,,
2008098126,2200,1,0,0,1,0,0,0,0,0,4,0,,67,7,2008,3,39.9249,-75.2287,2156.0,6,0,0,0,0,0,0,0,0,,0,0,0,21,3,1,2,,0,39 55:29.589,,0,75 13:43.219,4,0,0,0,67301,1,0,0,N,0,0,0,2,67301,1,,1,1,,N,N,,0,,0,0,0,3.0,2,,2150,1,2,0,0,0,0,0,3,4,0,1,3,,N,,,,,,,,,,,
2008098153,1105,1,0,0,0,0,0,0,0,0,2,0,,67,6,2008,7,40.0174,-75.1408,1100.0,6,0,0,0,0,0,1,0,0,,0,0,0,10,1,2,2,,0,40 01:02.521,,0,75 08:26.782,4,0,0,0,67301,0,0,0,N,0,0,0,2,67301,1,,1,1,,N,N,,0,,0,0,0,0.0,0,,1045,2,2,0,0,0,1,0,3,4,1,2,3,,N,,,,,,,,,,,
2008101791,1630,2,0,0,0,0,0,0,0,0,1,0,,67,9,2008,6,39.9605,-75.1813,1626.0,6,0,0,0,0,0,0,0,0,,0,0,0,16,1,1,7,,0,39 57:36.410,,2,75 10:47.230,4,0,0,0,67301,0,0,0,N,0,0,0,2,68K01,1,,1,1,,N,N,,0,,0,0,0,0.0,0,,1626,1,2,0,0,0,0,0,3,4,0,2,3,,N,,,,,,,,,,,
2008072733,1651,1,0,0,0,0,0,0,0,0,8,0,,67,4,2008,6,40.0414,-75.0979,1646.0,6,0,0,0,0,0,0,0,0,2.0,0,0,0,16,1,1,2,,1,40 02:28.885,1.0,0,75 05:52.522,4,0,0,0,67301,1,0,0,,1,0,0,3,67301,1,,1,1,,,,,0,,0,0,0,0.0,0,N,1644,1,2,0,0,1,0,0,3,4,0,1,3,,N,,,,,,,,,,,
2008072737,1539,2,0,0,0,0,0,0,0,0,4,0,,67,4,2008,1,40.048,-75.0928,1531.0,6,0,0,0,0,0,0,0,0,,0,0,0,15,1,3,1,,0,40 02:38.441,,0,75 05:08.161,3,0,0,0,67301,0,0,0,N,0,0,0,3,67301,0,,1,1,,N,N,,0,,3,0,0,3.0,3,,1526,3,2,0,0,2,0,0,3,4,0,2,3,,N,,,,,,,,,,,
2008089977,9999,1,0,0,0,0,0,0,0,0,4,0,,67,6,2008,6,40.1189,-75.018,1628.0,6,0,0,0,0,0,0,0,1,,1,0,0,16,1,0,1,,0,40 07:07.975,,0,75 01:04.685,1,1,0,1,67301,0,0,0,N,0,0,0,2,67301,0,2.0,1,1,,N,N,,0,0.0,0,0,0,3.0,2,,1625,0,2,0,0,0,0,0,3,4,0,2,3,,N,,,,,,,,,,,
2008072802,740,2,0,0,0,0,0,0,0,0,4,0,,67,4,2008,2,40.0399,-75.0628,730.0,6,0,0,0,0,0,0,0,0,,0,0,0,7,5,0,1,,0,40 02:23.665,,0,75 03:46.259,9,0,0,0,67301,0,0,0,,0,0,0,2,67301,0,,2,9,,,,,1,,0,0,0,3.0,3,,720,0,3,0,0,0,0,1,3,4,0,3,7,5.0,N,,,,,,,,,,,
2008070545,1358,2,0,0,0,0,0,0,0,0,1,0,,67,6,2008,7,39.9763,-75.1999,1356.0,6,0,0,0,0,0,0,0,0,,0,0,0,13,1,1,0,,0,39 58:33.724,,0,75 11:58.789,4,0,0,0,67301,0,0,0,N,0,0,0,2,68K01,1,,1,1,,N,N,,0,,0,0,0,3.0,4,,1351,1,2,0,0,0,0,0,3,4,0,2,3,,N,,,,,,,,,,,
2008082611,9999,1,0,0,0,0,0,0,0,0,0,0,,67,5,2008,6,40.0272,-75.0925,2229.0,6,0,0,0,0,0,0,0,0,1.0,0,0,0,22,3,2,0,,2,40 01:37.534,1.0,0,75 05:33.405,4,0,0,0,67301,0,0,0,N,0,0,0,2,67301,1,,1,1,,N,N,,0,,0,0,0,0.0,0,Y,2229,2,1,0,0,0,1,0,3,4,0,1,3,,N,,,,,,,,,,,
2008036403,1412,2,0,0,0,0,0,0,0,0,1,0,,67,3,2008,5,39.9386,-75.1435,1404.0,6,0,0,0,0,0,0,0,0,1.0,0,0,0,14,1,3,0,,2,39 56:21.000,1.0,0,75 08:35.673,4,0,0,0,67301,0,0,0,N,0,0,0,3,68K01,3,,1,1,,N,N,,0,,0,0,0,0.0,0,N,1403,3,2,0,0,0,0,0,3,4,0,2,3,,N,,,,,,,,,,,
2008057892,2020,2,0,0,0,0,0,0,0,0,1,0,,67,3,2008,4,39.9238,-75.1655,2015.0,6,0,0,1,0,0,0,0,0,,0,0,0,20,4,1,1,,0,39 55:24.550,,0,75 09:45.954,4,0,0,0,67301,0,0,0,N,0,0,0,3,67301,1,,1,9,,N,N,,0,,0,0,0,3.0,2,,2010,1,2,0,0,0,0,0,3,4,0,2,7,,N,,,,,,,,,,,
2008044295,102,1,0,0,0,0,0,0,0,0,7,0,,67,1,2008,1,40.0436,-75.021,100.0,6,0,0,0,0,0,0,0,0,,0,0,0,0,3,1,0,,0,40 02:36.000,,0,75 01:15.507,2,0,0,0,67301,0,0,0,,0,0,0,1,67301,0,,2,9,,N,N,,0,,0,1,0,0.0,0,,55,1,1,0,1,1,0,0,3,4,0,1,7,,N,,,,,,,,,,,
2008046781,1200,2,0,0,0,0,0,0,0,0,1,0,,67,3,2008,2,39.9447,-75.1911,1200.0,6,0,0,0,0,0,0,0,0,,0,0,0,11,1,0,6,,0,39 56:41.083,,2,75 11:28.020,0,0,0,0,67301,0,0,0,N,0,0,0,2,68K01,0,,1,9,,N,N,,0,,0,0,0,3.0,4,,1137,0,2,0,0,0,0,0,3,4,0,2,7,,N,,,,,,,,,,,
2008044428,715,4,0,0,0,0,0,0,0,0,1,0,,67,1,2008,7,40.0525,-75.1521,710.0,6,0,0,0,0,0,0,0,0,,0,0,0,7,1,1,0,,0,40 03:08.958,,0,75 09:07.613,8,0,0,0,67301,0,0,0,N,0,0,0,1,67301,0,,1,1,,N,N,,0,,0,0,0,0.0,0,,700,1,4,0,0,0,1,0,3,4,0,4,3,,N,,,,,,,,,,,
2008027200,1046,2,0,0,0,0,0,0,0,0,1,0,,67,1,2008,3,40.0296,-75.1032,1041.0,6,0,0,0,0,0,0,1,0,1.0,0,0,0,10,1,1,3,,1,40 01:48.000,2.0,0,75 06:11.580,4,0,0,0,67301,0,0,0,N,0,0,0,3,67301,1,,1,9,,N,N,,0,,0,0,0,3.0,2,N,1041,1,2,0,0,0,0,0,3,4,0,2,3,,N,,,,,,,,,,,