CRN,ARRIVAL_TM,AUTOMOBILE_COUNT,BELTED_DEATH_COUNT,BELTED_SUSP_SERIOUS_INJ_COUNT,BICYCLE_COUNT,BICYCLE_DEATH_COUNT,BICYCLE_SUSP_SERIOUS_INJ_COUNT,BUS_COUNT,CHLDPAS_DEATH_COUNT,CHLDPAS_SUSP_SERIOUS_INJ_COUNT,COLLISION_TYPE,COMM_VEH_COUNT,CONS_ZONE_SPD_LIM,COUNTY,CRASH_MONTH,CRASH_YEAR,DAY_OF_WEEK,DEC_LAT,DEC_LONG,DISPATCH_TM,DISTRICT,DRIVER_COUNT_16YR,DRIVER_COUNT_17YR,DRIVER_COUNT_18YR,DRIVER_COUNT_19YR,DRIVER_COUNT_20YR,DRIVER_COUNT_50_64YR,DRIVER_COUNT_65_74YR,DRIVER_COUNT_75PLUS,EST_HRS_CLOSED,FATAL_COUNT,HEAVY_TRUCK_COUNT,HORSE_BUGGY_COUNT,HOUR_OF_DAY,ILLUMINATION,INJURY_COUNT,INTERSECT_TYPE,INTERSECTION_RELATED,LANE_CLOSED,LATITUDE,LN_CLOSE_DIR,LOCATION_TYPE,LONGITUDE,MAX_SEVERITY_LEVEL,MCYCLE_DEATH_COUNT,MCYCLE_SUSP_SERIOUS_INJ_COUNT,MOTORCYCLE_COUNT,MUNICIPALITY,NONMOTR_COUNT,NONMOTR_DEATH_COUNT,NONMOTR_SUSP_SERIOUS_INJ_COUNT,NTFY_HIWY_MAINT,PED_COUNT,PED_DEATH_COUNT,PED_SUSP_SERIOUS_INJ_COUNT,PERSON_COUNT,POLICE_AGCY,POSSIBLE_INJ_COUNT,RDWY_SURF_TYPE_CD,RELATION_TO_ROAD,ROAD_CONDITION,ROADWAY_CLEARED,SCH_BUS_IND,SCH_ZONE_IND,SECONDARY_CRASH,SMALL_TRUCK_COUNT,SPEC_JURIS_CD,SUSP_MINOR_INJ_COUNT,SUSP_SERIOUS_INJ_COUNT,SUV_COUNT,TCD_FUNC_CD,TCD_TYPE,TFC_DETOUR_IND,TIME_OF_DAY,TOT_INJ_COUNT,TOTAL_UNITS,UNB_DEATH_COUNT,UNB_SUSP_SERIOUS_INJ_COUNT,UNBELTED_OCC_COUNT,UNK_INJ_DEG_COUNT,UNK_INJ_PER_COUNT,URBAN_AREA,URBAN_RURAL,VAN_COUNT,VEHICLE_COUNT,WEATHER1,WEATHER2,WORK_ZONE_IND,WORK_ZONE_LOC,WORK_ZONE_TYPE,WORKERS_PRES,WZ_CLOSE_DETOUR,WZ_FLAGGER,WZ_LAW_OFFCR_IND,WZ_LN_CLOSURE,WZ_MOVING,WZ_OTHER,WZ_SHLDER_MDN,WZ_WORKERS_INJ_KILLED
2008040139,730,2,0,0,0,0,0,0,0,0,1,0,,67,2,2008,4,40.0575,-75.0461,723.0,6,0,0,0,0,0,0,0,0,,0,0,0,7,1,1,0,,0,40 03:26.000,,0,75 02:45.918,4,0,0,0,67301,0,0,0,N,0,0,0,5,67301,1,,1,1,,N,N,,0,,0,0,0,0.0,0,,717,1,2,0,0,0,0,0,3,4,0,2,3,,N,,,,,,,,,,,
2008040142,1640,2,0,0,0,0,0,0,0,0,1,0,,67,2,2008,4,40.0695,-75.0506,1635.0,6,0,0,0,0,0,1,0,0,,0,0,0,16,1,2,1,,0,40 04:10.000,,0,75 03:02.728,4,0,0,0,67301,0,0,0,N,0,0,0,4,67301,2,,1,9,,N,N,,0,,0,0,0,3.0,2,,1635,2,2,0,0,0,0,0,3,4,0,2,7,,N,,,,,,,,,,,
2008040146,1150,2,0,0,0,0,0,0,0,0,1,0,,67,2,2008,7,40.0711,-75.0494,1147.0,6,0,0,0,0,0,0,1,0,,0,0,0,11,1,1,0,,0,40 04:15.000,,0,75 02:58.246,4,0,0,0,67301,0,0,0,,0,0,0,1,67301,1,,2,1,,,,,0,,0,0,0,0.0,0,,1145,1,2,0,0,1,0,0,3,4,0,2,3,,N,,,,,,,,,,,
2008040281,1421,1,0,0,0,0,0,0,0,0,8,0,,67,2,2008,6,39.9636,-75.196,1419.0,6,0,0,0,0,0,1,0,0,,0,0,0,14,1,1,1,,0,39 57:48.877,,0,75 11:45.452,8,0,0,0,67301,1,0,0,,1,0,0,2,67301,0,,1,9,,,,,0,,0,0,0,3.0,3,,1415,1,2,0,0,0,1,0,3,4,0,1,7,,N,,,,,,,,,,,
2008015393,737,1,0,0,0,0,0,0,0,0,7,0,,67,1,2008,6,39.9807,-75.206,734.0,6,0,0,0,0,0,0,0,0,1.0,0,0,0,7,1,1,0,,2,39 58:53.760,4.0,0,75 12:25.560,4,0,0,0,67301,0,0,0,N,0,0,0,1,68K01,1,,2,9,,N,N,,0,,0,0,0,0.0,0,N,731,1,1,0,0,0,0,0,3,4,0,1,3,,N,,,,,,,,,,,
2008027024,1720,2,0,0,0,0,0,0,0,0,4,0,,67,1,2008,2,40.036,-75.1268,1720.0,6,0,0,0,0,0,0,0,0,,0,0,0,15,1,1,0,,0,40 02:09.000,,0,75 07:36.605,3,0,0,0,67301,0,0,0,N,0,0,0,2,67301,0,,1,1,,N,N,,0,,1,0,0,3.0,2,,1545,1,2,0,0,0,0,1,3,4,0,2,3,,N,,,,,,,,,,,
2008059646,1038,3,0,0,0,0,0,0,0,0,4,0,,67,2,2008,1,40.0314,-75.1548,1038.0,6,0,0,0,0,0,0,0,1,3.0,0,0,0,10,1,5,1,,2,40 01:53.151,7.0,0,75 09:17.114,4,0,0,0,67301,0,0,0,N,0,0,0,5,67301,4,,1,98,,N,N,,0,,0,0,0,3.0,2,Y,1038,5,3,0,0,0,1,0,3,4,0,3,10,,N,,,,,,,,,,,
2008059953,1520,1,0,0,0,0,0,0,0,0,1,0,,67,5,2008,7,39.9788,-75.203,1520.0,6,0,0,0,0,1,1,0,0,1.0,0,0,0,15,1,0,0,,2,39 58:46.588,4.0,0,75 12:15.315,0,0,0,0,67301,0,0,0,N,0,0,0,3,68K01,0,,1,1,,N,N,,0,,0,0,1,0.0,0,N,1520,0,2,0,0,1,0,0,3,4,0,2,3,,N,,,,,,,,,,,
2008057130,750,1,0,0,0,0,0,0,0,0,8,0,99.0,67,4,2008,3,40.015,-75.1352,750.0,6,0,0,0,0,0,0,0,0,,0,0,0,7,1,1,1,,0,40 00:54.079,,0,75 08:06.611,4,0,0,0,67301,1,0,0,,1,0,0,2,67301,1,,1,9,,N,N,,0,,0,0,0,2.0,2,,750,1,2,0,0,1,0,0,3,4,0,1,7,,Y,8.0,8.0,U,,,U,,,,,
2008060083,1043,0,0,0,0,0,0,0,0,0,1,0,,67,5,2008,3,39.9943,-75.2413,1040.0,6,0,0,0,0,0,1,0,0,2.0,0,0,0,10,1,0,0,,1,39 59:40.443,2.0,0,75 14:26.599,0,0,0,0,67301,0,0,0,N,0,0,0,2,46104,0,,1,1,,N,N,,0,,0,0,2,3.0,2,N,1038,0,2,0,0,0,0,0,3,4,0,2,3,,N,,,,,,,,,,,
2008057655,1307,1,0,0,0,0,0,0,0,0,1,0,,67,3,2008,2,40.0296,-75.0868,1303.0,6,0,0,0,0,0,0,0,0,,0,0,0,13,1,1,1,,0,40 01:46.390,,0,75 05:12.758,8,0,0,0,67301,0,0,0,N,0,0,0,3,67301,0,,1,9,,N,N,,0,,0,0,1,3.0,2,,1300,1,2,0,0,0,1,0,3,4,0,2,7,,N,,,,,,,,,,,
2008042300,1735,2,0,0,0,0,0,0,0,0,4,0,,67,1,2008,7,40.0234,-75.1394,1727.0,6,0,0,0,0,0,1,0,0,,0,0,0,17,3,0,1,,0,40 01:24.369,,0,75 08:21.713,0,0,0,0,67301,0,0,0,N,0,0,0,2,67301,0,,1,1,,N,N,,0,,0,0,0,3.0,2,,1720,0,2,0,0,0,0,0,3,4,0,2,7,,N,,,,,,,,,,,
2008040038,28,2,0,0,0,0,0,0,0,0,5,0,,67,1,2008,3,39.9403,-75.2014,28.0,6,0,0,0,0,0,0,0,0,,0,0,0,0,3,3,2,,0,39 56:24.000,,0,75 12:04.990,8,0,0,0,67301,0,0,0,N,0,0,0,5,67301,0,,1,1,,N,N,,0,,0,0,0,3.0,2,,28,3,2,0,0,0,3,0,3,4,0,2,3,,N,,,,,,,,,,,
2008057757,1137,0,0,0,0,0,0,0,0,0,7,0,,67,4,2008,3,40.0194,-75.2011,1135.0,6,0,0,0,0,0,1,0,0,,0,0,0,11,1,1,0,,0,40 01:09.983,,0,75 12:04.071,4,0,0,0,67301,0,0,0,N,0,0,0,1,67301,1,,4,9,,N,N,,1,,0,0,0,0.0,0,,1135,1,1,0,0,0,0,0,3,4,0,1,7,,N,,,,,,,,,,,
2008057782,1942,5,0,0,0,0,0,0,0,0,4,0,,67,1,2008,3,40.0176,-75.065,1939.0,6,0,0,0,0,0,1,0,0,,0,0,0,19,3,2,1,,0,40 01:03.097,,0,75 03:54.438,4,0,0,0,67301,0,0,0,N,0,0,0,6,67301,2,,1,1,,N,N,,0,,0,0,0,3.0,2,,1939,2,5,0,0,0,0,0,3,4,0,5,3,,N,,,,,,,,,,,
2008057785,2015,2,0,0,0,0,0,0,0,0,4,0,,67,3,2008,6,39.9519,-75.2388,2010.0,6,0,0,0,0,0,0,0,0,,0,0,0,20,3,1,1,,0,39 57:07.016,,0,75 14:19.755,8,0,0,0,67301,0,0,0,N,0,0,0,2,67301,0,,1,1,,N,N,,0,,0,0,0,9.0,2,,2000,1,2,0,0,0,1,0,3,4,0,2,3,,N,,,,,,,,,,,
2008023773,1254,2,0,0,0,0,0,0,0,0,1,0,,67,1,2008,3,40.0042,-75.0994,1251.0,6,0,0,0,0,0,2,0,0,,0,0,0,12,1,0,1,,0,40 00:15.000,,0,75 05:57.765,0,0,0,0,67301,0,0,0,N,0,0,0,5,67301,0,,1,1,,N,N,,0,,0,0,0,3.0,2,,1250,0,3,0,0,1,0,0,3,4,1,3,3,,N,,,,,,,,,,,
2008029165,1226,0,0,0,0,0,0,0,0,0,8,0,,67,1,2008,6,39.9543,-75.1578,1223.0,6,0,0,0,0,0,0,0,0,,0,0,0,12,1,1,0,,0,39 57:15.492,,0,75 09:27.951,4,0,0,0,67301,1,0,0,N,1,0,0,2,67301,1,,1,1,,N,N,,0,,0,0,1,0.0,0,,1223,1,2,0,0,0,0,0,3,4,0,1,3,,N,,,,,,,,,,,
2008119043,1038,1,0,0,0,0,0,0,0,0,8,0,,67,10,2008,7,39.9234,-75.2317,1035.0,6,0,0,0,0,0,0,0,0,,0,0,0,10,1,2,0,,0,39 55:24.047,,0,75 13:54.057,8,0,0,0,67301,2,0,0,N,2,0,0,3,67301,0,,5,1,,N,N,,0,,0,0,0,0.0,0,,1030,2,3,0,0,0,2,0,3,4,0,1,3,,N,,,,,,,,,,,
2008119109,1425,2,0,0,0,0,0,0,0,0,1,0,,67,9,2008,4,40.095,-75.0154,1421.0,6,0,0,0,0,1,0,0,0,,0,0,0,14,1,2,1,,0,40 05:41.852,,0,75 00:55.548,8,0,0,0,67301,0,0,0,N,0,0,0,2,67301,0,,1,9,,N,N,,0,,0,0,0,3.0,2,,1415,2,2,0,0,0,2,0,3,4,0,2,3,,N,,,,,,,,,,,
2008119126,1912,1,0,0,0,0,0,0,0,0,8,0,,67,9,2008,2,39.9407,-75.1716,1911.0,6,0,0,0,0,0,0,0,0,,0,0,0,19,1,1,0,,0,39 56:26.566,,0,75 10:17.850,8,0,0,0,67301,1,0,0,N,1,0,0,2,67301,0,,1,1,,N,N,,0,,0,0,0,0.0,0,,1910,1,2,0,0,0,1,0,3,4,0,1,3,,N,,,,,,,,,,,
2008124588,1021,1,0,0,0,0,0,0,0,0,7,0,,67,10,2008,3,39.8928,-75.2333,1012.0,6,0,0,0,0,0,0,0,0,,0,0,0,10,1,0,0,,0,39 53:33.598,,0,75 14:02.239,0,0,0,0,67301,0,0,0,Y,0,0,0,1,68K01,0,,2,1,,N,N,,0,,0,0,0,0.0,0,,1009,0,1,0,0,0,0,0,3,4,0,1,3,,N,,,,,,,,,,,
2008087937,1044,1,0,0,0,0,0,0,0,0,7,0,,67,6,2008,4,40.0251,-75.1948,1034.0,6,0,0,0,0,0,0,0,0,,0,0,0,10,1,0,0,,0,40 01:30.237,,0,75 11:41.142,0,0,0,0,67301,0,0,0,N,0,0,0,1,67301,0,,4,9,,N,N,,0,,0,0,0,0.0,0,,1033,0,1,0,0,0,0,0,3,4,0,1,7,,N,,,,,,,,,,,
2008098061,1705,1,0,0,0,0,0,0,0,0,8,0,,67,6,2008,2,39.9244,-75.1696,1657.0,6,0,1,0,0,0,0,0,0,,0,0,0,16,1,1,1,,0,39 55:27.729,,0,75 10:10.600,8,0,0,0,67301,1,0,0,N,1,0,0,2,67301,0,,1,1,,N,N,,0,,0,0,0,3.0,2,,1623,1,2,0,0,0,1,0,3,4,0,1,3,,N,,,,,,,,,,,
2008098120,1105,2,0,0,0,0,0,0,0,0,4,0,,67,6,2008,7,39.9128,-75.1604,1100.0,6,0,0,0,0,0,0,0,0,,0,0,0,11,1,3,1,,0,39 54:45.975,,0,75 09:37.454,8,0,0,0,67301,0,0,0,N,0,0,0,4,67301,0,,1,1,,N,N,,0,,0,0,0,3.0,2,,1100,3,2,0,0,0,3,1,3,4,0,2,3,,N,,,,,,,,,,,
2008098156,917,1,0,0,0,0,0,0,0,0,4,0,,67,6,2008,6,40.0434,-75.1912,913.0,6,0,0,0,0,0,0,0,0,,0,0,0,9,1,1,1,,0,40 02:36.261,,0,75 11:28.345,8,0,0,0,67301,0,0,0,N,0,0,0,5,67301,0,,1,1,,N,N,,1,,0,0,0,3.0,2,,909,1,2,0,0,0,1,0,3,4,0,2,3,,N,,,,,,,,,,,
2008098158,1734,1,0,0,0,0,0,0,0,0,8,0,,67,5,2008,6,39.9275,-75.1539,1731.0,6,0,0,0,0,0,0,0,0,,0,0,0,99,1,1,0,,0,39 55:38.978,,0,75 09:14.192,8,0,0,0,67301,1,0,0,,1,0,0,2,67301,0,,1,1,,,,,0,,0,0,0,0.0,0,,9999,1,2,0,0,0,1,0,3,4,0,1,3,,N,,,,,,,,,,,
2008079522,1756,1,0,0,0,0,0,0,0,0,1,0,,67,5,2008,5,40.0204,-75.1544,1750.0,6,0,0,0,0,0,2,0,0,,0,0,0,17,1,2,3,,0,40 01:13.494,,2,75 09:15.813,4,0,0,0,67301,0,0,0,N,0,0,0,5,67301,2,,1,1,,N,N,,1,,0,0,1,3.0,4,,1746,2,3,0,0,0,0,0,3,4,0,3,7,,N,,,,,,,,,,,
2008072688,2244,1,0,0,0,0,0,1,0,0,4,1,,67,4,2008,7,40.0263,-75.0973,2226.0,6,0,0,0,0,0,0,0,0,,0,0,0,22,3,2,1,,0,40 01:34.938,,0,75 05:51.163,4,0,0,0,67301,0,0,0,N,0,0,0,4,67301,2,,1,1,,N,N,,0,,0,0,0,3.0,2,,2224,2,2,0,0,0,0,1,3,4,0,2,3,,N,,,,,,,,,,,
2008072690,1245,1,0,0,0,0,0,0,0,0,8,0,,67,4,2008,7,39.9548,-75.1834,1236.0,6,0,0,0,0,0,0,1,0,,0,0,0,11,1,1,1,,0,39 57:17.586,,0,75 11:02.160,4,0,0,0,67301,1,0,0,N,1,0,0,2,67301,1,,1,1,,N,N,,0,,0,0,0,3.0,2,,1115,1,2,0,0,0,0,0,3,4,0,1,3,,N,,,,,,,,,,,
2008072718,1140,2,0,0,0,0,0,0,0,0,4,0,,67,4,2008,2,40.0369,-75.1622,1130.0,6,0,0,0,0,0,0,0,0,,0,0,0,11,1,0,0,,0,40 02:12.979,,0,75 09:43.743,9,0,0,0,67301,0,0,0,N,0,0,0,2,67301,0,,1,9,,N,N,,0,,0,0,0,0.0,0,,1110,0,2,0,0,0,0,1,3,4,0,2,7,,N,,,,,,,,,,,
2008072797,1325,1,0,0,0,0,0,0,0,0,4,0,,67,4,2008,1,40.0456,-75.0883,1320.0,6,0,0,0,0,0,0,0,0,,0,0,0,13,1,6,0,,0,40 02:44.164,,0,75 05:17.784,4,0,0,0,67301,0,0,0,N,0,0,0,10,67301,6,,1,1,,N,N,,0,,0,0,0,0.0,0,,1318,6,2,0,0,0,0,4,3,4,1,2,3,,N,,,,,,,,,,,
2008072801,1026,2,0,0,0,0,0,0,0,0,1,0,,67,4,2008,1,40.0419,-75.075,1024.0,6,0,0,0,0,0,0,0,0,,0,0,0,10,1,1,0,,0,40 02:09.220,,0,75 04:50.803,8,0,0,0,67301,0,0,0,,0,0,0,3,67301,0,,1,1,,,,,0,,0,0,0,3.0,2,,1024,1,2,0,0,0,1,0,3,4,0,2,3,,N,,,,,,,,,,,
2008079262,2128,2,0,0,0,0,0,0,0,0,1,0,,67,5,2008,1,40.1212,-74.9971,2123.0,6,0,0,0,0,0,0,0,0,1.0,0,0,0,21,3,0,9,,1,40 07:16.349,4.0,0,74 59:49.632,0,0,0,0,67301,0,0,0,N,0,0,0,3,67301,0,,1,1,,N,N,,0,,0,0,1,3.0,5,N,2123,0,3,0,0,0,0,0,3,4,0,3,3,,N,,,,,,,,,,,
2008079267,805,2,0,0,0,0,0,0,0,0,4,0,,67,5,2008,6,40.0575,-75.0824,751.0,6,0,0,0,0,0,0,0,0,,0,0,0,7,1,1,1,,0,40 03:26.974,,0,75 04:56.765,4,0,0,0,67301,0,0,0,,0,0,0,2,67301,1,,1,9,,,,,0,,0,0,0,2.0,3,,744,1,2,0,0,0,0,0,3,4,0,2,7,,N,,,,,,,,,,,
2008079294,845,1,0,0,0,0,0,0,0,0,6,0,,67,5,2008,2,39.9181,-75.2098,839.0,6,0,0,0,0,0,1,0,1,,0,0,0,8,1,0,1,,0,39 55:05.909,,7,75 12:31.911,0,0,0,0,67301,0,0,0,N,0,0,0,2,67301,0,,1,9,,N,N,,1,,0,0,0,0.0,0,,800,0,2,0,0,0,0,0,3,4,0,2,7,,N,,,,,,,,,,,
2008082480,1639,1,0,0,1,0,0,0,0,0,1,0,,67,4,2008,5,40.0098,-75.1988,1636.0,6,0,0,0,0,0,0,0,0,,0,0,0,16,1,1,0,,0,40 00:35.399,,0,75 11:55.624,3,0,0,0,67301,1,0,0,N,0,0,0,4,67301,0,,1,1,,N,N,,0,,1,0,0,0.0,0,,1633,1,2,0,0,0,0,0,3,4,0,1,3,,N,,,,,,,,,,,
2008042102,1200,4,0,0,0,0,0,0,0,0,1,0,99.0,67,1,2008,6,40.015,-75.1352,1158.0,6,0,0,0,0,0,1,0,0,,0,0,0,11,1,3,1,,0,40 00:54.079,,0,75 08:06.611,8,0,0,0,67301,0,0,0,,0,0,0,5,67301,0,,1,1,,,,,0,,0,0,0,3.0,2,,1150,3,4,0,0,5,3,0,3,4,0,4,3,,Y,8.0,8.0,U,,,U,,,,,
2008058187,2045,4,0,0,0,0,0,0,0,0,4,0,,67,3,2008,6,40.0634,-75.1477,2039.0,6,0,0,0,0,0,0,0,0,,0,0,0,20,3,0,0,,0,40 03:48.380,,0,75 08:51.590,0,0,0,0,67301,2,0,0,N,0,0,0,4,67301,0,,1,1,,N,N,,0,,0,0,0,0.0,0,,2037,0,4,0,0,0,0,0,3,4,0,4,3,,N,,,,,,,,,,,
2008053065,35,0,0,0,0,0,0,0,0,0,7,0,,67,1,2008,4,40.1344,-75.0091,27.0,6,0,0,0,0,0,0,0,0,,0,0,0,0,3,0,1,,0,40 08:03.480,,0,75 00:33.120,0,0,0,0,67301,0,0,0,N,0,0,0,1,67301,0,,5,9,,N,N,,0,,0,0,0,3.0,2,,4,0,1,0,0,0,0,0,3,4,1,1,7,,N,,,,,,,,,,,
2008053258,247,2,0,0,0,0,0,0,0,0,5,0,,67,2,2008,1,39.9302,-75.219,247.0,6,0,0,1,0,0,0,0,0,,0,0,0,99,3,0,0,,0,39 55:48.630,,0,75 13:08.380,9,0,0,0,67301,0,0,0,,0,0,0,4,67301,0,,1,9,,,,,0,,0,0,0,0.0,0,,9999,0,2,0,0,0,0,2,3,4,0,2,3,,N,,,,,,,,,,,
2008046772,1118,2,0,0,0,0,0,0,0,0,1,0,,67,3,2008,6,39.9713,-75.1933,1114.0,6,0,0,0,0,0,0,0,0,1.0,0,0,0,11,1,0,0,,1,39 58:20.671,3.0,0,75 11:37.260,9,0,0,0,67301,0,0,0,N,0,0,0,4,68K01,0,,1,1,,N,N,,0,,0,0,0,0.0,0,N,1110,0,2,0,0,1,0,1,3,4,0,2,3,,N,,,,,,,,,,,
2008027202,1350,0,0,0,0,0,0,0,0,0,0,0,,67,1,2008,6,40.0095,-75.0653,1345.0,6,0,0,0,0,0,0,0,0,1.0,0,0,0,13,1,0,0,,1,40 00:33.000,1.0,0,75 03:59.051,0,0,0,0,67301,0,0,0,,0,0,0,1,67301,0,,1,1,,,,,1,,0,0,0,0.0,0,N,1340,0,1,0,0,0,0,0,3,4,0,1,3,,N,,,,,,,,,,,
2008040141,1805,2,0,0,0,0,0,0,0,0,2,0,,67,2,2008,2,40.0595,-75.052,1800.0,6,0,0,0,0,0,2,0,0,,0,0,0,17,3,0,1,,0,40 03:34.000,,0,75 03:07.430,0,0,0,0,67301,0,0,0,,0,0,0,4,67301,0,,1,1,,N,N,,1,,0,0,0,3.0,2,,1755,0,3,0,0,0,0,0,3,4,0,3,3,,N,,,,,,,,,,,
2008044917,1044,5,0,0,0,0,0,0,0,0,4,0,,67,1,2008,2,39.9611,-75.2402,1033.0,6,0,0,0,0,0,0,0,1,1.0,0,0,0,10,1,3,1,,1,39 57:39.963,7.0,0,75 14:24.723,4,0,0,0,67301,1,0,0,N,0,0,0,5,67301,3,,1,1,,N,N,,0,,0,0,0,3.0,3,N,1020,3,5,0,0,0,0,0,3,4,0,5,3,,N,,,,,,,,,,,
2008042483,1835,3,0,0,0,0,0,0,0,0,1,0,,67,3,2008,2,40.0026,-75.2236,1830.0,6,0,0,0,0,0,0,0,0,,0,0,0,18,1,5,0,,0,40 00:10.800,,0,75 13:22.080,4,0,0,0,67301,0,0,0,N,0,0,0,15,46104,5,,1,1,,N,N,,0,,0,0,0,0.0,0,,1825,5,4,0,0,1,0,0,3,4,1,4,3,,N,,,,,,,,,,,
2008027653,1653,2,0,0,0,0,0,0,0,0,1,0,,67,2,2008,3,39.8922,-75.2239,1648.0,6,0,0,1,0,0,1,0,0,1.0,0,0,0,16,4,1,0,,2,39 53:31.668,1.0,3,75 13:25.291,4,0,0,0,67301,0,0,0,N,0,0,0,4,68K01,1,,1,2,,N,N,,0,,0,0,0,0.0,0,N,1645,1,3,0,0,0,0,0,3,4,1,3,9,,N,,,,,,,,,,,
2008057204,1403,2,0,0,0,0,0,0,0,0,1,0,,67,3,2008,6,40.037,-75.1304,1403.0,6,0,0,0,0,0,0,0,0,,0,0,0,14,1,0,0,,0,40 02:13.376,,0,75 07:49.407,0,0,0,0,67301,0,0,0,N,0,0,0,3,67301,0,,1,1,,N,N,,0,,0,0,0,3.0,2,,1400,0,3,0,0,0,0,0,3,4,1,3,3,,N,,,,,,,,,,,
2008057092,1425,2,0,0,0,0,0,0,0,0,1,0,,67,3,2008,4,39.9197,-75.2029,1417.0,6,0,0,1,0,0,1,0,0,,0,0,0,14,1,3,0,,0,39 55:10.920,,3,75 12:10.800,4,0,0,0,67301,0,0,0,N,0,0,0,4,67301,3,,1,9,,N,N,,0,,0,0,1,0.0,0,,1410,3,3,0,0,0,0,0,3,4,0,3,7,,N,,,,,,,,,,,
2008057116,2008,1,0,0,0,0,0,0,0,0,4,0,,67,4,2008,7,39.9412,-75.2095,2005.0,6,0,0,0,0,0,0,0,0,1.0,0,0,0,20,3,2,1,,1,39 56:28.391,3.0,0,75 12:41.317,4,0,0,0,67301,0,0,0,N,0,0,0,2,67301,2,,1,1,,N,N,,1,,0,0,0,3.0,2,Y,2000,2,2,0,0,0,0,0,3,4,0,2,3,,N,,,,,,,,,,,
2008057251,1840,2,0,0,0,0,0,0,0,0,1,0,,67,3,2008,5,40.0224,-75.0782,1834.0,6,0,0,0,1,0,0,0,0,,0,0,0,18,1,2,1,,0,40 01:20.660,,0,75 04:41.478,8,0,0,0,67301,0,0,0,N,0,0,0,4,67301,0,,1,1,,N,N,,0,,0,0,0,3.0,2,,1829,2,2,0,0,0,2,0,3,4,0,2,3,,N,,,,,,,,,,,
2008057320,1828,1,0,0,0,0,0,0,0,0,4,0,,67,3,2008,7,40.0446,-75.0547,1828.0,6,0,0,0,0,0,0,0,0,,0,0,0,18,1,1,1,,0,40 02:40.891,,7,75 03:16.537,4,0,0,0,67301,5,0,0,,0,0,0,8,67301,1,,5,1,,,,,0,,0,0,1,0.0,0,,1825,1,2,0,0,0,0,0,3,4,0,2,3,,N,,,,,,,,,,,
2008057333,1805,2,0,0,0,0,0,0,0,0,1,0,,67,3,2008,2,40.0136,-75.1243,1800.0,6,0,0,0,0,0,0,1,0,1.0,0,0,0,18,1,2,0,,1,40 00:49.089,4.0,0,75 07:27.303,4,0,0,0,67301,0,0,0,N,0,0,0,5,67301,1,,1,1,,N,N,,0,,0,0,0,0.0,0,N,1800,2,2,0,0,2,1,1,3,4,0,2,3,,N,,,,,,,,,,,
2008054704,2255,3,0,0,0,0,0,0,0,0,1,0,,67,2,2008,6,40.0372,-75.013,2245.0,6,0,0,0,0,1,2,0,0,2.0,0,0,0,22,3,3,0,,2,40 02:15.079,1.0,0,75 00:43.259,3,0,0,0,67301,0,0,0,N,0,0,0,4,67301,0,,2,1,,N,N,,0,,3,0,0,0.0,0,Y,2240,3,3,0,0,0,0,0,3,4,0,3,3,,N,,,,,,,,,,,
2008052200,114,1,0,0,0,0,0,0,0,0,7,0,,67,3,2008,6,40.0863,-75.0388,111.0,6,0,0,0,0,0,0,0,0,,0,0,0,1,3,1,0,,0,40 05:10.639,,0,75 02:19.671,4,0,0,0,67301,0,0,0,,0,0,0,1,67301,1,,4,1,,,,,0,,0,0,0,0.0,0,,110,1,1,0,0,0,0,0,3,4,0,1,3,,N,,,,,,,,,,,
2008057367,627,1,0,0,0,0,0,0,0,0,7,0,,67,3,2008,7,40.0425,-75.1932,625.0,6,0,0,0,0,0,0,0,0,,0,0,0,6,3,1,1,,0,40 02:33.178,,0,75 11:35.636,4,0,0,0,67301,0,0,0,N,0,0,0,1,67301,1,,4,9,,N,N,,0,,0,0,0,0.0,0,,625,1,1,0,0,0,0,0,3,4,0,1,7,,N,,,,,,,,,,,
2008057614,2239,1,0,0,0,0,0,0,0,0,7,0,,67,5,2008,6,40.028,-75.0243,2238.0,6,0,0,0,0,0,0,0,0,1.0,0,0,0,22,3,0,7,,2,40 01:40.990,2.0,2,75 01:26.890,0,0,0,0,67301,0,0,0,N,0,0,0,1,68K01,0,,4,1,,N,N,,0,,0,0,0,0.0,0,Y,2237,0,1,0,0,0,0,0,3,4,0,1,3,,N,,,,,,,,,,,
2008042361,223,4,0,0,0,0,0,0,0,0,1,0,,67,1,2008,7,39.9279,-75.237,221.0,6,0,0,0,0,0,0,0,0,1.0,0,0,0,2,3,1,0,,2,39 55:40.000,5.0,0,75 14:13.301,3,0,0,0,67301,0,0,0,N,0,0,0,1,67301,0,,6,1,,N,N,,0,,1,0,0,0.0,0,N,206,1,4,0,0,1,0,0,3,4,0,4,3,,N,,,,,,,,,,,
2008032314,134,1,0,0,0,0,0,0,0,0,7,0,,67,2,2008,1,39.9252,-75.1934,127.0,6,0,0,0,0,1,0,0,0,1.0,0,0,0,1,2,2,0,,1,39 55:34.871,4.0,0,75 11:39.907,4,0,0,0,67301,0,0,0,N,0,0,0,4,68K01,1,,3,1,,N,N,,0,,0,0,0,0.0,0,N,125,2,1,0,0,1,1,0,3,4,0,1,3,,N,,,,,,,,,,,
2008057771,2207,0,0,0,0,0,0,0,0,0,8,0,,67,4,2008,4,39.9383,-75.1992,2205.0,6,0,0,0,0,0,0,0,0,,0,0,0,19,4,1,2,,0,39 56:18.013,,0,75 11:57.112,4,0,0,0,67301,1,0,0,N,1,0,0,2,67301,1,,1,1,,N,N,,0,,0,0,1,3.0,3,,1900,1,2,0,0,0,0,0,3,4,0,1,3,,N,,,,,,,,,,,