CRN,ARRIVAL_TM,AUTOMOBILE_COUNT,BELTED_DEATH_COUNT,BELTED_SUSP_SERIOUS_INJ_COUNT,BICYCLE_COUNT,BICYCLE_DEATH_COUNT,BICYCLE_SUSP_SERIOUS_INJ_COUNT,BUS_COUNT,CHLDPAS_DEATH_COUNT,CHLDPAS_SUSP_SERIOUS_INJ_COUNT,COLLISION_TYPE,COMM_VEH_COUNT,CONS_ZONE_SPD_LIM,COUNTY,CRASH_MONTH,CRASH_YEAR,DAY_OF_WEEK,DEC_LAT,DEC_LONG,DISPATCH_TM,DISTRICT,DRIVER_COUNT_16YR,DRIVER_COUNT_17YR,DRIVER_COUNT_18YR,DRIVER_COUNT_19YR,DRIVER_COUNT_20YR,DRIVER_COUNT_50_64YR,DRIVER_COUNT_65_74YR,DRIVER_COUNT_75PLUS,EST_HRS_CLOSED,FATAL_COUNT,HEAVY_TRUCK_COUNT,HORSE_BUGGY_COUNT,HOUR_OF_DAY,ILLUMINATION,INJURY_COUNT,INTERSECT_TYPE,INTERSECTION_RELATED,LANE_CLOSED,LATITUDE,LN_CLOSE_DIR,LOCATION_TYPE,LONGITUDE,MAX_SEVERITY_LEVEL,MCYCLE_DEATH_COUNT,MCYCLE_SUSP_SERIOUS_INJ_COUNT,MOTORCYCLE_COUNT,MUNICIPALITY,NONMOTR_COUNT,NONMOTR_DEATH_COUNT,NONMOTR_SUSP_SERIOUS_INJ_COUNT,NTFY_HIWY_MAINT,PED_COUNT,PED_DEATH_COUNT,PED_SUSP_SERIOUS_INJ_COUNT,PERSON_COUNT,POLICE_AGCY,POSSIBLE_INJ_COUNT,RDWY_SURF_TYPE_CD,RELATION_TO_ROAD,ROAD_CONDITION,ROADWAY_CLEARED,SCH_BUS_IND,SCH_ZONE_IND,SECONDARY_CRASH,SMALL_TRUCK_COUNT,SPEC_JURIS_CD,SUSP_MINOR_INJ_COUNT,SUSP_SERIOUS_INJ_COUNT,SUV_COUNT,TCD_FUNC_CD,TCD_TYPE,TFC_DETOUR_IND,TIME_OF_DAY,TOT_INJ_COUNT,TOTAL_UNITS,UNB_DEATH_COUNT,UNB_SUSP_SERIOUS_INJ_COUNT,UNBELTED_OCC_COUNT,UNK_INJ_DEG_COUNT,UNK_INJ_PER_COUNT,URBAN_AREA,URBAN_RURAL,VAN_COUNT,VEHICLE_COUNT,WEATHER1,WEATHER2,WORK_ZONE_IND,WORK_ZONE_LOC,WORK_ZONE_TYPE,WORKERS_PRES,WZ_CLOSE_DETOUR,WZ_FLAGGER,WZ_LAW_OFFCR_IND,WZ_LN_CLOSURE,WZ_MOVING,WZ_OTHER,WZ_SHLDER_MDN,WZ_WORKERS_INJ_KILLED
2008057795,1440,2,0,0,0,0,0,0,0,0,4,0,,67,3,2008,6,40.0371,-75.2378,1435.0,6,0,0,0,0,0,1,1,0,,0,0,0,14,1,2,0,,0,40 02:13.426,,0,75 14:16.177,8,0,0,0,67301,0,0,0,N,0,0,0,2,67301,0,,1,1,,N,N,,0,,0,0,0,0.0,0,,1433,2,2,0,0,0,2,0,3,4,0,2,3,,N,,,,,,,,,,,
2008044631,630,1,0,0,0,0,0,0,0,0,7,0,,67,1,2008,6,40.0457,-75.1432,629.0,6,0,0,0,0,0,0,0,0,2.0,0,0,0,6,1,1,2,,2,40 02:44.557,1.0,0,75 08:35.410,3,0,0,0,67301,0,0,0,,0,0,0,1,67301,0,,4,9,,N,N,,0,,1,0,0,0.0,0,Y,629,1,1,0,0,1,0,0,3,4,0,1,7,,N,,,,,,,,,,,
2008119036,9999,1,0,0,0,0,0,0,0,0,8,0,,67,10,2008,7,40.0153,-75.0889,1214.0,6,0,0,0,0,0,0,0,0,,0,0,0,11,1,1,1,,0,40 00:54.979,,0,75 05:20.043,4,0,0,0,67301,1,0,0,,1,0,0,3,67301,1,,1,1,,N,N,,0,,0,0,0,3.0,3,,1140,1,2,0,0,0,0,2,3,4,0,1,3,,N,,,,,,,,,,,
2008119131,1751,0,0,0,0,0,0,0,0,0,8,0,,67,9,2008,6,40.0584,-75.0815,1750.0,6,0,0,0,0,0,0,0,0,1.0,0,0,0,17,1,1,0,,2,40 03:30.391,7.0,0,75 04:53.454,8,0,0,0,67301,1,0,0,,1,0,0,2,67301,0,,1,1,,N,N,,0,,0,0,1,0.0,0,Y,1748,1,2,0,0,0,1,0,3,4,0,1,3,,N,,,,,,,,,,,
2008133544,949,4,0,0,0,0,0,0,0,0,5,0,,67,11,2008,5,39.9949,-75.1129,949.0,6,0,0,0,0,0,0,0,0,1.0,0,0,0,9,1,0,2,,2,39 59:41.485,2.0,0,75 06:46.267,0,0,0,0,67301,0,0,0,,0,0,0,2,67301,0,,1,1,,,,,0,,0,0,0,3.0,3,Y,945,0,4,0,0,0,0,0,3,4,0,4,3,,N,,,,,,,,,,,
2008095589,1430,0,0,0,0,0,0,0,0,0,8,0,,67,7,2008,3,40.0595,-75.052,1427.0,6,0,0,0,0,0,0,0,0,1.0,0,0,0,14,1,1,1,,1,40 03:34.247,2.0,0,75 03:07.166,3,0,0,0,67301,1,0,0,N,1,0,0,2,67301,0,,1,1,,N,N,,1,,1,0,0,3.0,2,N,1415,1,2,0,0,0,0,0,3,4,0,1,3,,N,,,,,,,,,,,
2008098132,740,2,0,0,0,0,0,0,0,0,1,0,,67,7,2008,1,39.9396,-75.1982,735.0,6,0,0,0,0,1,0,0,0,,0,0,0,6,1,2,0,,0,39 56:24.561,,0,75 12:01.644,3,0,0,0,67301,0,0,0,N,0,0,0,3,67301,0,,1,9,,N,N,,0,,2,0,0,3.0,2,,625,2,2,0,0,3,0,0,3,4,0,2,7,5.0,N,,,,,,,,,,,
2008083016,711,0,0,0,0,0,0,0,0,0,7,0,,67,7,2008,2,40.0233,-75.0326,703.0,6,0,0,0,0,0,1,0,0,,0,0,0,7,5,0,0,,0,40 01:23.193,,2,75 01:58.461,0,0,0,0,67301,0,0,0,N,0,0,0,1,68K01,0,,4,9,,N,N,,1,,0,0,0,0.0,0,,701,0,1,0,0,0,0,0,3,4,0,1,7,,N,,,,,,,,,,,
2008087371,928,1,0,0,0,0,0,0,0,0,1,0,,67,7,2008,2,39.9855,-75.2081,928.0,6,0,0,0,0,0,0,0,0,,0,0,0,9,1,1,0,,0,39 59:12.120,,0,75 12:28.440,4,0,0,0,67301,0,0,0,N,0,0,0,2,68K01,1,,1,9,,N,N,,1,,0,0,0,0.0,0,,927,1,2,0,0,0,0,0,3,4,0,2,7,,N,,,,,,,,,,,
2008072756,346,1,0,0,0,0,0,0,0,0,7,0,,67,4,2008,2,39.8973,-75.2128,342.0,6,0,0,0,0,0,0,0,0,1.0,0,0,0,3,3,0,0,,1,39 53:50.379,4.0,0,75 12:45.785,0,0,0,0,67301,0,0,0,N,0,0,0,1,67301,0,,4,9,,N,N,,0,,0,0,0,0.0,0,N,340,0,1,0,0,0,0,0,3,4,0,1,7,,N,,,,,,,,,,,
2008079507,1435,3,0,0,0,0,0,0,0,0,2,0,,67,5,2008,2,39.9843,-75.188,1430.0,6,0,0,0,0,0,1,0,0,,0,0,0,14,1,4,2,,0,39 59:03.785,,0,75 11:16.782,4,0,0,0,67301,0,0,0,N,0,0,0,5,67301,3,,9,1,,N,N,,0,,0,0,0,3.0,2,,1400,4,3,0,0,0,1,1,3,4,0,3,3,,N,,,,,,,,,,,
2008079508,1637,1,0,0,0,0,0,0,0,0,8,0,,67,5,2008,2,39.9865,-75.166,1634.0,6,0,0,0,0,0,0,0,0,,0,0,0,16,1,1,0,,0,39 59:11.364,,0,75 09:57.646,8,0,0,0,67301,1,0,0,N,1,0,0,2,67301,0,,1,1,,N,N,,0,,0,0,0,0.0,0,,1616,1,2,0,0,0,1,1,3,4,0,1,3,,N,,,,,,,,,,,
2008072232,1827,2,0,0,0,0,0,0,0,0,6,0,,67,5,2008,5,40.032,-75.1285,1823.0,6,0,0,0,0,0,0,0,0,1.0,0,0,0,18,1,1,2,,2,40 01:55.124,1.0,0,75 07:42.725,8,0,0,0,67301,0,0,0,N,0,0,0,5,67301,0,,1,9,,N,N,,0,,0,0,0,3.0,3,Y,1810,1,2,0,0,0,1,0,3,4,0,2,7,,N,,,,,,,,,,,
2008072088,9999,1,0,0,0,0,0,0,0,0,8,0,99.0,67,3,2008,4,39.9741,-75.1179,1626.0,6,0,0,0,0,0,0,0,0,1.0,0,0,0,16,1,1,2,,1,39 58:26.025,1.0,0,75 07:06.732,3,0,0,0,67301,1,0,0,N,1,0,0,2,67301,0,,1,9,,N,N,,0,,1,0,0,9.0,7,N,1626,1,2,0,0,0,0,0,3,4,0,1,7,,Y,8.0,8.0,U,,,Y,,,,,
2008069629,643,0,0,0,0,0,0,0,0,0,8,0,,67,4,2008,2,40.0111,-75.1642,642.0,6,0,0,0,0,0,0,0,0,,0,0,0,6,1,1,0,,0,40 00:40.444,,0,75 09:49.947,4,0,0,0,67301,1,0,0,,1,0,0,2,67301,1,,1,1,,,,,0,,0,0,0,9.0,2,,640,1,2,0,0,0,0,1,3,4,0,1,3,,N,,,,,,,,,,,
2008069659,838,2,0,0,0,0,0,0,0,0,4,0,,67,4,2008,2,40.0187,-75.1272,836.0,6,0,0,0,0,0,0,0,0,,0,0,0,8,1,1,1,,0,40 01:07.417,,0,75 07:37.815,3,0,0,0,67301,0,0,0,N,0,0,0,3,67301,0,,1,1,,N,N,,0,,1,0,0,3.0,2,,810,1,2,0,0,0,0,1,3,4,0,2,3,,N,,,,,,,,,,,
2008069683,1205,2,0,0,0,0,0,0,0,0,4,0,,67,4,2008,7,39.9383,-75.1986,1203.0,6,0,0,0,0,0,0,0,0,,0,0,0,12,1,1,1,,0,39 56:20.620,,0,75 11:53.844,8,0,0,0,67301,0,0,0,N,0,0,0,6,67301,0,,1,9,,N,N,,0,,0,0,0,3.0,2,,1200,1,2,0,0,0,1,0,3,4,0,2,7,,N,,,,,,,,,,,
2008122572,1215,0,0,0,0,0,0,1,0,0,8,1,,67,9,2008,5,39.9799,-75.2193,1215.0,6,0,0,0,0,0,0,0,0,,0,0,0,12,1,1,2,,0,39 58:47.777,,0,75 13:09.352,8,0,0,0,67301,1,0,0,,1,0,0,2,67301,0,,1,1,,,,,0,,0,0,0,0.0,0,,1215,1,2,0,0,0,1,0,3,4,0,1,3,,N,,,,,,,,,,,
2008120192,1445,1,0,0,1,0,0,0,0,0,8,0,,67,9,2008,5,39.9281,-75.1695,1440.0,6,0,0,0,0,0,0,0,0,,0,0,0,14,1,1,1,,0,39 55:41.239,,0,75 10:10.232,4,0,0,0,67301,1,0,0,N,0,0,0,2,67301,1,,1,1,,N,N,,0,,0,0,0,0.0,0,,1430,1,2,0,0,0,0,0,3,4,0,1,3,,N,,,,,,,,,,,
2008119631,1034,2,0,0,0,0,0,0,0,0,4,0,,67,9,2008,7,39.9572,-75.2214,1028.0,6,0,0,0,0,0,0,0,1,,0,0,0,10,1,2,2,,0,39 57:25.981,,0,75 13:17.079,4,0,0,0,67301,0,0,0,N,0,0,0,3,67301,2,,1,1,,N,N,,0,,0,0,0,9.0,3,,1025,2,2,0,0,0,0,0,3,4,0,2,3,,N,,,,,,,,,,,
2008055264,526,1,0,0,0,0,0,0,0,0,7,0,,67,4,2008,1,39.8931,-75.2262,521.0,6,0,0,0,0,0,0,0,0,2.0,0,0,0,5,2,1,0,,1,39 53:34.100,2.0,2,75 13:28.320,4,0,0,0,67301,0,0,0,N,0,0,0,2,68K01,1,,3,1,,N,N,,0,,0,0,0,0.0,0,N,517,1,1,0,0,0,0,0,3,4,0,1,3,,N,,,,,,,,,,,
2008058200,1722,2,0,0,0,0,0,0,0,0,1,0,,67,4,2008,4,39.9872,-75.1088,1720.0,6,0,0,0,0,0,0,0,0,,0,0,0,17,1,1,1,,0,39 59:13.933,,0,75 06:31.626,8,0,0,0,67301,0,0,0,N,0,0,0,3,67301,0,,1,1,,N,N,,0,,0,0,0,3.0,2,,1700,1,2,0,0,0,1,1,3,4,0,2,3,,N,,,,,,,,,,,
2008058207,435,0,0,0,0,0,0,0,0,0,8,0,,67,4,2008,5,40.0285,-75.0611,430.0,6,0,0,0,0,0,0,0,0,,0,0,0,99,1,1,2,,0,40 01:42.499,,0,75 03:40.120,4,0,0,0,67301,1,0,0,N,1,0,0,2,67301,1,,1,1,,N,Y,,0,,0,0,1,3.0,2,,9999,1,2,0,0,1,0,0,3,4,0,1,3,,N,,,,,,,,,,,
2008053058,2010,0,0,0,0,0,0,0,0,0,7,0,,67,1,2008,5,40.0643,-75.2488,2006.0,6,0,0,0,0,0,1,0,0,,0,0,0,20,3,0,0,,0,40 03:51.346,,0,75 14:55.561,0,0,0,0,67301,0,0,0,,0,0,0,1,67301,0,,4,7,,,,,0,,0,0,1,0.0,0,,2000,0,1,0,0,1,0,0,3,4,0,1,10,,N,,,,,,,,,,,
2008044410,1324,2,0,0,0,0,0,0,0,0,4,0,,67,1,2008,4,39.9658,-75.2095,1321.0,6,0,0,0,0,0,0,0,0,,0,0,0,13,1,1,1,,0,39 57:56.728,,0,75 12:34.192,4,0,0,0,67301,0,0,0,N,0,0,0,3,67301,1,,1,1,,N,N,,0,,0,0,0,3.0,3,,1310,1,2,0,0,2,0,0,3,4,0,2,3,,N,,,,,,,,,,,
2008044624,2034,2,0,0,0,0,0,0,0,0,1,0,,67,1,2008,4,40.0098,-75.1866,1034.0,6,0,0,0,0,0,0,0,0,1.0,0,0,0,20,3,2,0,,2,40 00:35.448,3.0,1,75 11:11.222,4,0,0,0,67301,0,0,0,N,0,0,0,2,67301,2,,1,1,,N,N,,0,,0,0,0,3.0,8,N,2030,2,2,0,0,0,0,0,3,4,0,2,3,,N,,,,,,,,,,,
2008029504,50,3,0,0,0,0,0,0,0,0,1,0,,67,1,2008,1,39.9606,-75.1413,50.0,6,0,0,0,0,0,0,0,0,,0,0,0,0,3,2,0,,0,39 57:38.000,,0,75 08:28.783,8,0,0,0,67301,0,0,0,,0,0,0,5,67301,0,,1,9,,N,N,,0,,0,0,0,3.0,2,,50,2,3,0,0,0,2,0,3,4,0,3,7,,N,,,,,,,,,,,
2008027216,212,0,0,0,0,0,0,0,0,0,7,0,,67,1,2008,4,40.0506,-75.0508,210.0,6,0,0,0,0,0,0,0,0,2.0,0,0,0,2,3,1,1,,2,40 03:01.000,1.0,6,75 03:02.662,4,0,0,0,67301,0,0,0,N,0,0,0,1,67301,1,,3,9,,N,N,,1,,0,0,0,0.0,0,Y,209,1,1,0,0,0,0,0,3,4,0,1,3,,N,,,,,,,,,,,
2008060198,1727,1,0,0,0,0,0,0,0,0,4,0,,67,3,2008,7,39.9867,-75.2084,1725.0,6,0,0,0,0,0,1,1,0,,0,0,0,17,1,2,2,,0,39 59:11.611,,2,75 12:32.327,8,0,0,0,67301,0,0,0,N,0,0,0,4,67301,0,,1,1,,N,N,,0,,0,0,0,0.0,0,,1725,2,2,0,0,0,2,0,3,4,1,2,3,,N,,,,,,,,,,,
2008066905,1451,2,0,0,0,0,0,0,0,0,1,0,55.0,67,5,2008,5,39.8907,-75.2392,1439.0,6,0,0,0,0,0,0,0,0,,0,0,0,14,1,0,0,,0,39 53:26.423,,0,75 14:21.283,9,0,0,0,67301,0,0,0,N,0,0,0,2,68K01,0,,1,1,,N,N,,0,,0,0,0,0.0,0,,1436,0,2,0,0,0,0,1,3,4,0,2,3,,Y,4.0,2.0,Y,N,N,N,N,N,N,Y,
2008059653,1454,1,0,0,0,0,0,0,0,0,4,0,,67,4,2008,3,39.9131,-75.2433,1453.0,6,0,0,0,0,0,0,0,0,,0,0,0,14,1,1,1,,0,39 54:47.100,,0,75 14:35.859,8,0,0,0,67301,0,0,0,,0,0,0,3,67301,0,,1,9,,,,,0,,0,0,1,3.0,2,,1450,1,2,0,0,0,1,0,3,4,0,2,7,,N,,,,,,,,,,,
2008057083,1416,0,0,0,0,0,0,0,0,0,7,0,,67,3,2008,2,40.0161,-75.2037,1415.0,6,0,0,0,0,0,1,0,0,,0,0,0,14,1,1,0,,0,40 00:58.128,,0,75 12:13.239,4,0,0,0,67301,0,0,0,N,0,0,0,1,67301,1,,2,9,,N,N,,0,,0,0,1,0.0,0,,1410,1,1,0,0,0,0,0,3,4,0,1,7,,N,,,,,,,,,,,
2008057111,1445,1,0,0,0,0,0,0,0,0,1,0,,67,3,2008,6,39.9168,-75.1713,1442.0,6,0,0,0,0,0,0,0,1,,0,0,0,14,1,2,1,,0,39 55:00.583,,0,75 10:16.768,4,0,0,0,67301,0,0,0,N,0,0,0,3,67301,2,,1,9,,N,N,,0,,0,0,1,3.0,2,,1440,2,2,0,0,0,0,0,3,4,0,2,7,,N,,,,,,,,,,,
2008057120,1610,2,0,0,0,0,0,0,0,0,1,0,,67,3,2008,5,39.9533,-75.2243,1553.0,6,0,0,0,0,0,0,0,0,,0,0,0,15,1,1,1,,0,39 57:11.822,,0,75 13:27.343,4,0,0,0,67301,0,0,0,N,0,0,0,2,67301,1,,1,1,,N,N,,0,,0,0,0,0.0,0,,1530,1,2,0,0,0,0,0,3,4,0,2,3,,N,,,,,,,,,,,
2008057142,9999,2,0,0,0,0,0,0,0,0,4,0,,67,3,2008,4,40.1229,-75.0143,1347.0,6,0,0,0,0,1,1,0,0,,0,0,0,13,1,2,2,,0,40 07:22.609,,0,75 00:51.321,3,0,0,0,67301,0,0,0,N,0,0,0,4,67301,1,,1,1,,N,N,,0,,1,0,0,3.0,3,,1345,2,2,0,0,0,0,0,3,4,0,2,3,,N,,,,,,,,,,,
2008057246,1336,1,0,0,0,0,0,0,0,0,7,0,,67,4,2008,1,39.9843,-75.0989,1335.0,6,0,0,0,0,0,0,0,0,1.0,0,0,0,13,1,1,0,,1,39 59:03.566,1.0,0,75 05:55.876,4,0,0,0,67301,0,0,0,,0,0,0,1,67301,1,,4,1,,,,,0,,0,0,0,0.0,0,N,1328,1,1,0,0,0,0,0,3,4,0,1,3,,N,,,,,,,,,,,
2008062491,1219,1,0,0,0,0,0,0,0,0,7,0,,67,5,2008,2,39.9593,-75.1745,1201.0,6,0,0,0,0,0,0,0,0,2.0,0,0,0,11,1,1,0,,2,39 57:33.879,3.0,0,75 10:30.460,8,0,0,0,67301,0,0,0,N,0,0,0,2,68K01,0,,4,9,,N,N,,0,,0,0,0,0.0,0,N,1157,1,1,0,0,0,1,0,3,4,0,1,7,,N,,,,,,,,,,,
2008060187,230,1,0,0,0,0,0,0,0,0,1,0,,67,3,2008,4,39.9934,-75.1629,222.0,6,0,0,0,1,0,0,0,0,,0,0,0,99,3,1,5,,0,39 59:36.282,,0,75 09:46.292,2,0,0,0,67301,0,0,0,N,0,0,0,3,67301,0,,1,1,,N,N,,0,,0,1,0,3.0,2,,9999,1,2,0,0,0,0,0,3,4,1,2,3,,N,,,,,,,,,,,
2008042363,344,3,0,0,0,0,0,0,0,0,5,0,,67,2,2008,6,40.0303,-75.0518,342.0,6,0,0,0,0,1,0,0,0,,0,0,0,3,3,0,0,,0,40 01:48.954,,0,75 03:06.483,0,0,0,0,67301,0,0,0,N,0,0,0,1,67301,0,,6,1,,N,N,,0,,0,0,0,0.0,0,,341,0,3,0,0,0,0,0,3,4,0,3,3,,N,,,,,,,,,,,
2008057790,1940,2,0,0,0,0,0,0,0,0,4,0,,67,3,2008,5,40.0315,-75.0325,1935.0,6,0,0,0,0,0,0,0,0,,0,0,0,19,3,2,1,,0,40 01:53.468,,0,75 01:56.889,8,0,0,0,67301,0,0,0,,0,0,0,2,67301,0,,1,1,,,,,0,,0,0,0,3.0,2,,1930,2,2,0,0,0,2,0,3,4,0,2,3,,N,,,,,,,,,,,
2008044659,1339,1,0,0,0,0,0,0,0,0,4,0,,67,1,2008,6,39.8993,-75.1748,1334.0,6,0,0,0,0,0,1,0,0,,0,0,0,13,1,2,1,,0,39 53:57.391,,1,75 10:29.308,4,0,0,0,67301,0,0,0,,0,0,0,3,67301,1,,1,1,,,,,1,,0,0,0,3.0,2,,1325,2,2,0,0,0,1,0,3,4,0,2,3,,N,,,,,,,,,,,
2008133318,2155,1,0,0,0,0,0,0,0,0,8,0,,67,8,2008,2,39.9891,-75.1469,2149.0,6,0,0,0,0,0,0,0,0,,0,0,0,99,3,1,3,,0,39 59:20.922,,0,75 08:48.893,4,0,0,0,67301,1,0,0,,1,0,0,2,67301,1,,1,1,,,,,0,,0,0,0,0.0,0,,9999,1,2,0,0,0,0,0,3,4,0,1,3,,N,,,,,,,,,,,
2008119136,1740,2,0,0,0,0,0,0,0,0,1,0,,67,9,2008,6,40.1018,-75.0063,1735.0,6,0,0,0,0,1,1,0,0,,0,0,0,17,3,3,1,,0,40 06:06.544,,0,75 00:22.727,4,0,0,0,67301,0,0,0,N,0,0,0,3,67301,1,,1,9,,N,N,,1,,0,0,0,0.0,0,,1735,3,3,0,0,1,2,0,3,4,0,3,7,,N,,,,,,,,,,,
2008133521,9999,2,0,0,0,0,0,0,0,0,4,0,,67,11,2008,7,40.0045,-75.1321,9999.0,6,0,0,0,1,0,0,0,0,,0,0,0,19,3,1,1,,0,40 00:16.318,,0,75 07:55.437,3,0,0,0,67301,0,0,0,,0,0,0,2,67301,0,,1,9,,,,,0,,1,0,0,3.0,2,,1920,1,2,0,0,0,0,1,3,4,0,2,3,,N,,,,,,,,,,,
2008133548,1126,2,0,0,0,0,0,0,0,0,4,0,,67,10,2008,6,40.0468,-75.0703,1125.0,6,0,0,0,0,0,1,0,0,,0,0,0,11,1,1,1,,0,40 02:48.574,,0,75 04:13.234,4,0,0,0,67301,0,0,0,N,0,0,0,2,67301,1,,1,1,,N,N,,0,,0,0,0,3.0,2,,1120,1,2,0,0,0,0,0,3,4,0,2,3,,N,,,,,,,,,,,
2008098091,2052,0,0,0,1,0,0,0,0,0,4,0,,67,6,2008,5,40.0254,-75.0323,2050.0,6,0,0,0,0,0,0,0,0,,0,0,0,20,1,1,1,,0,40 01:39.626,,0,75 02:18.440,4,0,0,0,67301,2,0,0,N,0,0,0,6,67301,1,,1,1,,N,N,,0,,0,0,0,3.0,3,,2048,1,2,0,0,0,0,0,3,4,1,1,3,,N,,,,,,,,,,,
2008079526,1835,1,0,0,0,0,0,0,0,0,8,0,,67,5,2008,7,40.0099,-75.1932,1830.0,6,0,0,0,0,0,0,0,0,,0,0,0,99,1,1,1,,0,40 00:35.508,,0,75 11:35.455,4,0,0,0,67301,1,0,0,N,1,0,0,2,67301,1,,1,1,,N,N,,0,,0,0,0,0.0,0,,9999,1,2,0,0,0,0,0,3,4,0,1,3,,N,,,,,,,,,,,
2008079706,915,2,0,0,0,0,0,0,0,0,2,0,,67,5,2008,2,40.0229,-75.1482,900.0,6,0,0,0,0,0,0,0,0,,0,0,0,9,1,1,1,,0,40 01:22.375,,0,75 08:53.385,4,0,0,0,67301,0,0,0,N,0,0,0,2,67301,1,,1,1,,N,N,,0,,0,0,0,3.0,2,,900,1,2,0,0,2,0,0,3,4,0,2,3,,N,,,,,,,,,,,
2008072761,1739,1,0,0,0,0,0,0,0,0,1,0,,67,4,2008,2,40.0313,-75.0731,1736.0,6,0,0,0,0,0,1,0,0,,0,0,0,17,1,0,2,,0,40 01:52.778,,0,75 04:23.108,0,0,0,0,67301,0,0,0,N,0,0,0,2,67301,0,,1,9,,N,N,,0,,0,0,0,0.0,0,,1711,0,2,0,0,0,0,0,3,4,1,2,7,,N,,,,,,,,,,,
2008082648,2012,0,0,0,0,0,0,0,0,0,8,0,,67,5,2008,7,40.0699,-75.0586,1958.0,6,0,0,0,0,0,0,0,0,,0,0,0,19,1,1,0,,0,40 04:11.715,,0,75 03:30.981,8,0,0,0,67301,1,0,0,N,1,0,0,2,67301,0,,1,1,,N,N,,0,,0,0,1,0.0,0,,1955,1,2,0,0,0,1,0,3,4,0,1,3,,N,,,,,,,,,,,
2008082664,740,1,0,0,0,0,0,0,0,0,8,0,,67,5,2008,6,40.044,-75.1026,727.0,6,0,0,0,0,0,1,0,0,,0,0,0,7,1,1,1,,0,40 02:38.401,,0,75 06:09.537,8,0,0,0,67301,1,0,0,,1,0,0,2,67301,0,,1,1,,,,,0,,0,0,0,3.0,2,,700,1,2,0,0,0,1,0,3,4,0,1,3,,N,,,,,,,,,,,
2008079517,815,1,0,0,0,0,0,0,0,0,6,0,,67,5,2008,2,40.0376,-75.138,814.0,6,0,0,0,0,0,0,0,1,2.0,0,1,0,8,1,1,1,,2,40 02:15.187,7.0,0,75 08:16.754,8,0,0,0,67301,1,0,0,N,1,0,0,5,67301,0,,2,9,,N,N,,0,,0,0,1,3.0,2,Y,810,1,4,0,0,3,1,0,3,4,0,3,7,,N,,,,,,,,,,,
2008072616,2100,1,0,0,0,0,0,0,0,0,5,1,,67,4,2008,2,40.0933,-75.0041,2050.0,6,0,0,0,0,1,0,0,0,2.0,0,1,0,20,2,0,0,,1,40 05:35.811,2.0,7,75 00:14.907,0,0,0,0,67301,0,0,0,N,0,0,0,2,67301,0,,4,9,,N,N,,0,,0,0,0,0.0,0,N,2047,0,2,0,0,0,0,0,3,4,0,2,7,,N,,,,,,,,,,,
2008074480,1647,2,0,0,0,0,0,0,0,0,1,0,,67,6,2008,1,39.938,-75.1981,1638.0,6,0,0,1,0,0,0,0,0,1.0,0,0,0,16,1,0,0,,2,39 56:23.567,4.0,0,75 11:45.904,0,0,0,0,67301,0,0,0,N,0,0,0,9,68K01,0,,1,1,,N,N,,0,,0,0,1,0.0,0,N,1635,0,3,0,0,0,0,0,3,4,0,3,3,,N,,,,,,,,,,,
2008072103,1710,0,0,0,0,0,0,0,0,0,8,0,,67,4,2008,5,39.9995,-75.1177,1710.0,6,0,0,0,0,0,0,0,0,,0,0,0,17,1,1,0,,0,39 59:58.063,,0,75 07:03.619,4,0,0,0,67301,1,0,0,,1,0,0,2,67301,1,,1,1,,,,,0,,0,0,1,0.0,0,,1708,1,2,0,0,0,0,0,3,4,0,1,3,,N,,,,,,,,,,,
2008069690,1635,1,0,0,0,0,0,1,0,0,4,1,,67,4,2008,5,40.0243,-75.0812,1629.0,6,0,0,0,1,0,1,0,0,,0,0,0,16,1,1,1,,0,40 01:27.591,,0,75 04:52.474,4,0,0,0,67301,0,0,0,N,0,0,0,3,67301,1,,1,1,,N,N,,0,,0,0,0,3.0,3,,1628,1,2,0,0,0,0,0,3,4,0,2,3,,N,,,,,,,,,,,
2008127398,632,1,0,0,0,0,0,0,0,0,5,0,,67,11,2008,4,39.923,-75.191,618.0,6,0,0,0,0,0,1,0,0,2.0,0,0,0,6,2,1,3,,2,39 55:30.581,4.0,2,75 11:35.979,3,0,0,0,67301,0,0,0,N,0,0,0,2,68K01,0,,1,1,,N,N,,1,,1,0,0,0.0,0,Y,613,1,2,0,0,0,0,0,3,4,0,2,3,,N,,,,,,,,,,,
2008119664,1555,1,0,0,0,0,0,0,0,0,8,0,,67,9,2008,2,39.9959,-75.1563,1553.0,6,0,0,0,0,0,0,0,0,,0,0,0,14,1,1,2,,0,39 59:45.258,,0,75 09:22.845,4,0,0,0,67301,1,0,0,N,1,0,0,2,67301,1,,1,1,,N,N,,0,,0,0,0,3.0,3,,1410,1,2,0,0,0,0,1,3,4,0,1,3,,N,,,,,,,,,,,
2008119746,2002,1,0,0,0,0,0,0,0,0,8,0,,67,9,2008,2,39.9999,-75.1395,2000.0,6,0,0,0,0,0,0,0,0,,0,0,0,19,3,1,2,,0,39 59:59.633,,0,75 08:22.253,4,0,0,0,67301,1,0,0,N,1,0,0,2,67301,1,,1,1,,N,N,,0,,0,0,0,0.0,0,,1955,1,2,0,0,0,0,1,3,4,0,1,3,,N,,,,,,,,,,,