CRN,ARRIVAL_TM,AUTOMOBILE_COUNT,BELTED_DEATH_COUNT,BELTED_SUSP_SERIOUS_INJ_COUNT,BICYCLE_COUNT,BICYCLE_DEATH_COUNT,BICYCLE_SUSP_SERIOUS_INJ_COUNT,BUS_COUNT,CHLDPAS_DEATH_COUNT,CHLDPAS_SUSP_SERIOUS_INJ_COUNT,COLLISION_TYPE,COMM_VEH_COUNT,CONS_ZONE_SPD_LIM,COUNTY,CRASH_MONTH,CRASH_YEAR,DAY_OF_WEEK,DEC_LAT,DEC_LONG,DISPATCH_TM,DISTRICT,DRIVER_COUNT_16YR,DRIVER_COUNT_17YR,DRIVER_COUNT_18YR,DRIVER_COUNT_19YR,DRIVER_COUNT_20YR,DRIVER_COUNT_50_64YR,DRIVER_COUNT_65_74YR,DRIVER_COUNT_75PLUS,EST_HRS_CLOSED,FATAL_COUNT,HEAVY_TRUCK_COUNT,HORSE_BUGGY_COUNT,HOUR_OF_DAY,ILLUMINATION,INJURY_COUNT,INTERSECT_TYPE,INTERSECTION_RELATED,LANE_CLOSED,LATITUDE,LN_CLOSE_DIR,LOCATION_TYPE,LONGITUDE,MAX_SEVERITY_LEVEL,MCYCLE_DEATH_COUNT,MCYCLE_SUSP_SERIOUS_INJ_COUNT,MOTORCYCLE_COUNT,MUNICIPALITY,NONMOTR_COUNT,NONMOTR_DEATH_COUNT,NONMOTR_SUSP_SERIOUS_INJ_COUNT,NTFY_HIWY_MAINT,PED_COUNT,PED_DEATH_COUNT,PED_SUSP_SERIOUS_INJ_COUNT,PERSON_COUNT,POLICE_AGCY,POSSIBLE_INJ_COUNT,RDWY_SURF_TYPE_CD,RELATION_TO_ROAD,ROAD_CONDITION,ROADWAY_CLEARED,SCH_BUS_IND,SCH_ZONE_IND,SECONDARY_CRASH,SMALL_TRUCK_COUNT,SPEC_JURIS_CD,SUSP_MINOR_INJ_COUNT,SUSP_SERIOUS_INJ_COUNT,SUV_COUNT,TCD_FUNC_CD,TCD_TYPE,TFC_DETOUR_IND,TIME_OF_DAY,TOT_INJ_COUNT,TOTAL_UNITS,UNB_DEATH_COUNT,UNB_SUSP_SERIOUS_INJ_COUNT,UNBELTED_OCC_COUNT,UNK_INJ_DEG_COUNT,UNK_INJ_PER_COUNT,URBAN_AREA,URBAN_RURAL,VAN_COUNT,VEHICLE_COUNT,WEATHER1,WEATHER2,WORK_ZONE_IND,WORK_ZONE_LOC,WORK_ZONE_TYPE,WORKERS_PRES,WZ_CLOSE_DETOUR,WZ_FLAGGER,WZ_LAW_OFFCR_IND,WZ_LN_CLOSURE,WZ_MOVING,WZ_OTHER,WZ_SHLDER_MDN,WZ_WORKERS_INJ_KILLED
2008119768,2009,1,0,0,1,0,0,0,0,0,4,0,,67,9,2008,2,39.9386,-75.2217,2003.0,6,0,0,0,0,0,0,0,0,,0,0,0,19,3,1,1,,0,39 56:18.896,,0,75 13:18.041,3,0,0,0,67301,1,0,0,,0,0,0,2,67301,0,,1,1,,N,N,,0,,1,0,0,3.0,2,,1955,1,2,0,0,0,0,0,3,4,0,1,3,,N,,,,,,,,,,,
2008120234,2223,2,0,0,0,0,0,0,0,0,4,0,,67,9,2008,6,39.9587,-75.2333,2221.0,6,0,0,0,0,0,0,0,0,,0,0,0,22,3,3,1,,0,39 57:31.338,,0,75 14:00.034,3,0,0,0,67301,4,0,0,N,0,0,0,6,67301,0,,1,1,,N,N,,0,,3,0,0,3.0,3,,2202,3,3,0,0,1,0,0,3,4,1,3,3,,N,,,,,,,,,,,
2008135168,2334,2,0,1,0,0,0,0,0,0,4,0,,67,11,2008,2,39.9861,-75.2082,2327.0,6,0,0,0,0,1,0,0,0,2.0,0,0,0,23,3,1,0,,1,39 59:13.820,3.0,0,75 12:28.230,2,0,0,0,67301,0,0,0,N,0,0,0,5,68K01,0,,1,9,,N,N,,0,,0,1,1,0.0,0,N,2320,1,3,0,0,0,0,0,3,4,0,3,7,,N,,,,,,,,,,,
2008132893,221,1,0,0,0,0,0,0,0,0,1,0,,67,10,2008,5,39.9396,-75.1982,220.0,6,0,0,0,0,0,1,0,0,,0,0,0,2,3,0,1,,0,39 56:22.681,,0,75 11:53.378,0,0,0,0,67301,0,0,0,N,0,0,0,2,67301,0,,1,1,,N,N,,0,,0,0,1,3.0,2,,220,0,2,0,0,0,0,0,3,4,0,2,3,,N,,,,,,,,,,,
2008039561,1447,2,0,0,0,0,0,0,0,0,4,0,,67,3,2008,6,39.9977,-75.234,1445.0,6,0,0,0,0,0,1,0,0,,0,0,0,14,1,2,0,,0,39 59:54.000,,0,75 13:57.049,4,0,0,0,67301,0,0,0,N,0,0,0,3,46104,1,,1,1,,N,N,,0,,0,0,0,0.0,0,,1445,2,2,0,0,0,1,0,3,4,0,2,3,,N,,,,,,,,,,,
2008057890,622,1,0,0,0,0,0,0,0,0,1,0,,67,3,2008,7,40.0455,-75.1628,619.0,6,0,0,0,0,1,0,0,0,,0,0,0,5,3,1,0,,0,40 02:43.648,,0,75 09:45.900,8,0,0,0,67301,0,0,0,N,0,0,0,1,67301,0,,6,1,,N,N,,0,,0,0,1,0.0,0,,535,1,2,0,0,0,1,0,3,4,0,2,3,,N,,,,,,,,,,,
2008057979,1412,2,0,0,0,0,0,0,0,0,4,0,,67,3,2008,6,40.0135,-75.0687,1405.0,6,0,0,0,0,0,1,0,0,,0,0,0,13,1,0,0,,0,40 00:48.650,,0,75 04:07.997,0,0,0,0,67301,0,0,0,,0,0,0,2,67301,0,,1,1,,N,N,,0,,0,0,0,2.0,2,,1354,0,2,0,0,0,0,0,3,4,0,2,3,,N,,,,,,,,,,,
2008058186,1033,2,0,0,0,0,0,0,0,0,1,0,,67,3,2008,5,39.9172,-75.2374,1033.0,6,0,0,0,0,0,0,0,0,,0,0,0,9,1,1,1,,0,39 55:01.920,,0,75 14:14.640,8,0,0,0,67301,0,0,0,N,0,0,0,2,67301,0,,1,9,,N,N,,0,,0,0,0,3.0,2,,905,1,2,0,0,0,1,1,3,4,0,2,7,,N,,,,,,,,,,,
2008058218,2220,2,0,0,0,0,0,0,0,0,5,0,,67,4,2008,5,39.9026,-75.2249,2216.0,6,0,0,0,0,0,1,0,0,,0,0,0,22,3,1,2,,0,39 54:09.199,,0,75 13:29.578,8,0,0,0,67301,0,0,0,N,0,0,0,2,67301,0,,1,9,,N,N,,0,,0,0,0,0.0,0,,2210,1,2,0,0,0,1,0,3,4,0,2,7,,N,,,,,,,,,,,
2008058232,2144,2,0,0,0,0,0,0,0,0,1,0,,67,4,2008,7,40.1224,-74.999,2141.0,6,0,0,0,0,1,0,0,0,,0,0,0,21,3,1,2,,0,40 07:20.686,,0,74 59:56.273,4,0,0,0,67301,0,0,0,N,0,0,0,3,67301,1,,1,1,,N,N,,0,,0,0,0,0.0,0,,2135,1,2,0,0,0,0,0,3,4,0,2,3,,N,,,,,,,,,,,
2008052182,932,1,0,0,0,0,0,0,0,0,7,0,,67,2,2008,6,40.0274,-75.1924,929.0,6,0,0,0,0,0,0,0,0,,0,0,0,9,1,0,2,,0,40 01:38.802,,0,75 11:32.734,0,0,0,0,67301,0,0,0,N,0,0,0,1,67301,0,,2,7,,N,N,,0,,0,0,0,0.0,0,,928,0,1,0,0,0,0,0,3,4,0,1,10,,N,,,,,,,,,,,
2008044409,211,0,0,0,0,0,0,0,0,0,7,0,,67,2,2008,5,40.0088,-75.169,211.0,6,0,0,0,0,0,0,0,0,,0,0,0,2,3,1,2,,0,40 00:31.000,,0,75 10:08.536,3,0,0,0,67301,0,0,0,,0,0,0,2,67301,0,,4,1,,,,,0,,1,0,1,0.0,0,,200,1,1,0,0,2,0,0,3,4,0,1,3,,N,,,,,,,,,,,
2008044455,1856,1,0,0,0,0,0,0,0,0,8,0,,67,2,2008,6,40.0205,-75.1924,1853.0,6,0,0,0,0,0,0,0,0,,0,0,0,99,3,1,1,,0,40 01:13.809,,0,75 11:32.576,3,0,0,0,67301,1,0,0,N,1,0,0,2,67301,0,,1,9,,N,N,,0,,1,0,0,3.0,2,,9999,1,2,0,0,0,0,0,3,4,0,1,7,,N,,,,,,,,,,,
2008046918,19,1,0,0,0,0,0,0,0,0,4,0,,67,1,2008,1,39.9806,-75.1608,18.0,6,0,0,0,0,0,1,0,0,,0,0,0,0,3,1,2,,0,39 58:50.286,,0,75 09:38.890,4,0,0,0,67301,0,0,0,N,0,0,0,2,67301,1,,1,1,,N,N,,0,,0,0,1,3.0,2,,17,1,2,0,0,0,0,0,3,4,0,2,3,,N,,,,,,,,,,,
2008044623,1623,3,0,0,0,0,0,0,0,0,1,0,,67,1,2008,5,39.9591,-75.1715,1551.0,6,0,0,0,0,0,0,0,0,1.0,0,0,0,15,1,2,0,,1,39 57:32.924,4.0,0,75 10:19.092,3,0,0,0,67301,0,0,0,N,0,0,0,4,67301,1,,1,1,,N,N,,0,,1,0,0,0.0,0,N,1540,2,3,0,0,0,0,0,3,4,0,3,3,,N,,,,,,,,,,,
2008027214,2150,1,0,0,0,0,0,0,0,0,8,0,,67,1,2008,5,40.0374,-75.1762,2150.0,6,0,0,0,0,0,0,0,0,,0,0,0,21,3,1,2,,0,40 02:14.000,,0,75 10:34.137,4,0,0,0,67301,1,0,0,N,1,0,0,2,67301,1,,1,1,,N,N,,0,,0,0,0,0.0,0,,2150,1,2,0,0,0,0,1,3,4,0,1,3,,N,,,,,,,,,,,
2008023061,1121,1,0,0,0,0,0,0,0,0,5,1,,67,1,2008,5,40.0068,-75.1991,1121.0,6,0,0,0,0,0,0,1,0,1.0,0,1,0,11,1,2,0,,1,40 00:23.000,3.0,0,75 11:54.393,4,0,0,0,67301,0,0,0,N,0,0,0,3,68K01,2,,1,1,,N,N,,0,,0,0,0,0.0,0,N,1117,2,2,0,0,0,0,0,3,4,0,2,3,,N,,,,,,,,,,,
2008027012,1141,3,0,0,0,0,0,0,0,0,1,0,,67,1,2008,3,40.0598,-75.0441,1135.0,6,0,0,0,0,0,0,1,1,1.0,0,0,0,11,1,2,0,,1,40 03:34.000,2.0,0,75 02:38.958,8,0,0,0,67301,0,0,0,N,0,0,0,3,67301,0,,1,1,,N,N,,0,,0,0,0,3.0,2,N,1130,2,3,0,0,0,2,0,3,4,0,3,3,,N,,,,,,,,,,,
2008018479,1155,2,0,0,0,0,0,0,0,0,1,0,,67,1,2008,5,39.9097,-75.1544,1154.0,6,0,0,0,0,0,0,0,0,,0,0,0,11,1,1,0,,0,39 54:35.049,,0,75 09:15.732,4,0,0,0,67301,0,0,0,N,0,0,0,2,67501,1,,1,1,,N,N,,0,,0,0,0,3.0,8,,1154,1,2,0,0,0,0,0,3,4,0,2,3,,N,,,,,,,,,,,
2008040096,1958,1,0,0,0,0,0,0,0,0,8,0,,67,1,2008,3,39.954,-75.1766,1955.0,6,0,0,0,0,0,0,0,1,,0,0,0,19,3,1,1,,0,39 57:14.000,,0,75 10:36.066,4,0,0,0,67301,1,0,0,N,1,0,0,2,67301,1,,1,1,,N,N,,0,,0,0,0,3.0,2,,1950,1,2,0,0,0,0,0,3,4,0,1,3,,N,,,,,,,,,,,
2008040112,749,1,0,0,0,0,0,0,0,0,4,0,,67,2,2008,4,40.0391,-75.1391,748.0,6,0,0,0,0,0,1,0,0,9.0,0,0,0,7,1,2,0,,2,40 02:20.868,6.0,0,75 08:20.845,8,0,0,0,67301,0,0,0,,0,0,0,2,67301,0,,1,9,,,,,0,,0,0,0,0.0,0,Y,732,2,2,0,0,0,2,0,3,4,1,2,3,,N,,,,,,,,,,,
2008040128,1525,2,0,0,0,0,0,0,0,0,5,0,,67,2,2008,6,40.0028,-75.2204,1517.0,6,0,0,0,0,0,1,0,0,,0,0,0,15,1,2,0,,0,40 00:10.000,,0,75 13:13.383,8,0,0,0,67301,0,0,0,N,0,0,0,3,67301,0,,1,1,,N,N,,0,,0,0,0,3.0,2,,1517,2,2,0,0,0,2,1,3,4,0,2,3,,N,,,,,,,,,,,
2008067358,818,0,0,0,0,0,0,0,0,0,1,0,,67,5,2008,7,40.0061,-75.1936,818.0,6,0,0,0,0,0,1,0,0,,0,0,0,8,1,1,6,,0,40 00:24.480,,2,75 11:33.720,4,0,0,0,67301,0,0,0,N,0,0,0,2,68K01,1,,1,1,,N,N,,0,,0,0,2,3.0,3,,814,1,2,0,0,0,0,0,3,4,0,2,3,,N,,,,,,,,,,,
2008062130,1821,3,0,0,0,0,0,0,0,0,1,0,,67,3,2008,7,40.063,-75.0425,1821.0,6,0,0,0,0,0,0,0,0,1.0,0,0,0,18,4,1,0,,1,40 03:46.440,1.0,1,75 02:33.000,4,0,0,0,67301,0,0,0,N,0,0,0,7,67301,1,,1,1,,N,N,,0,,0,0,0,0.0,0,N,1820,1,3,0,0,0,0,0,3,4,0,3,3,,N,,,,,,,,,,,
2008059656,1715,1,0,0,1,0,1,0,0,0,2,0,,67,3,2008,4,40.0167,-75.1582,1710.0,6,0,0,0,0,0,0,0,0,,0,0,0,17,1,1,2,,0,40 00:59.954,,0,75 09:29.663,2,0,0,0,67301,1,0,1,,0,0,0,2,67301,0,,1,1,,N,N,,0,,0,1,0,0.0,0,,1705,1,2,0,0,0,0,0,3,4,0,1,3,,N,,,,,,,,,,,
2008057075,1520,1,0,0,0,0,0,0,0,0,8,0,,67,3,2008,4,40.0667,-74.983,1509.0,6,0,0,0,0,0,0,0,0,,0,0,0,99,1,1,2,,0,40 04:00.219,,0,74 58:58.818,4,0,0,0,67301,1,0,0,N,1,0,0,2,67301,1,,1,1,,N,N,,0,,0,0,0,3.0,3,,9999,1,2,0,0,0,0,0,3,4,0,1,3,,N,,,,,,,,,,,
2008057260,1738,1,0,0,0,0,0,0,0,0,8,0,,67,3,2008,2,39.9836,-75.247,1713.0,6,0,0,0,0,0,0,0,0,,0,0,0,14,1,1,1,,0,39 59:00.900,,0,75 14:49.359,8,0,0,0,67301,1,0,0,N,1,0,0,2,67301,0,,1,9,,N,N,,0,,0,0,0,3.0,2,,1430,1,2,0,0,0,1,1,3,4,0,1,7,,N,,,,,,,,,,,
2008060135,1324,0,0,0,0,0,0,0,0,0,7,0,,67,4,2008,2,39.9242,-75.1925,1323.0,6,0,0,0,0,0,1,0,0,1.0,0,1,0,13,1,0,0,,1,39 55:26.980,4.0,0,75 11:32.890,0,0,0,0,67301,0,0,0,Y,0,0,0,1,68K01,0,,4,9,,N,N,,0,,0,0,0,0.0,0,Y,1318,0,1,0,0,0,0,0,3,4,0,1,7,,N,,,,,,,,,,,
2008060184,9999,2,0,0,0,0,0,0,0,0,1,0,,67,3,2008,3,39.995,-75.2395,1421.0,6,0,0,0,0,0,1,0,0,,0,0,0,14,1,2,0,,0,39 59:43.011,,0,75 14:20.389,4,0,0,0,67301,0,0,0,,0,0,0,8,67301,2,,1,1,,,,,1,,0,0,0,0.0,0,,1400,2,4,0,0,0,0,3,3,4,0,4,3,,N,,,,,,,,,,,
2008042364,1340,1,0,0,0,0,0,0,0,0,7,0,,67,1,2008,5,40.0519,-75.19,1340.0,6,0,0,0,0,0,0,0,0,,0,0,0,13,1,1,0,,0,40 03:06.930,,0,75 11:24.075,4,0,0,0,67301,0,0,0,N,0,0,0,1,67301,1,,5,1,,N,N,,0,,0,0,0,0.0,0,,1300,1,1,0,0,0,0,0,3,4,0,1,3,,N,,,,,,,,,,,
2008052616,957,2,0,0,0,0,0,0,0,0,4,0,,67,4,2008,7,40.0764,-75.195,955.0,6,0,0,0,0,0,1,0,0,,0,0,0,9,1,0,1,,0,40 04:35.197,,0,75 11:42.090,0,0,0,0,67301,0,0,0,N,0,0,0,2,46108,0,,1,1,,N,N,,0,,0,0,0,3.0,2,,955,0,2,0,0,0,0,0,3,4,0,2,3,,N,,,,,,,,,,,
2008029137,2221,1,0,0,0,0,0,0,0,0,7,0,,67,1,2008,1,40.0362,-75.0661,2220.0,6,0,1,0,0,0,0,0,0,,0,0,0,22,3,0,0,,0,40 02:10.000,,0,75 03:56.943,0,0,0,0,67301,0,0,0,N,0,0,0,1,67301,0,,3,1,,N,N,,0,,0,0,0,0.0,0,,2200,0,1,0,0,0,0,0,3,4,0,1,3,,N,,,,,,,,,,,
2008133309,850,2,0,0,0,0,0,0,0,0,6,0,,67,10,2008,3,39.9581,-75.1505,840.0,6,0,0,0,0,0,2,0,0,,0,0,0,8,1,1,2,,0,39 57:29.289,,0,75 09:01.655,4,0,0,0,67301,0,0,0,,0,0,0,3,67301,1,,1,1,,,,,0,,0,0,0,3.0,2,,820,1,2,0,0,0,0,0,3,4,0,2,3,,N,,,,,,,,,,,
2008119123,1629,1,0,0,0,0,0,0,0,0,8,0,,67,10,2008,5,39.9397,-75.1729,1624.0,6,0,0,0,0,0,1,0,0,,0,0,0,13,1,1,0,,0,39 56:23.082,,0,75 10:22.573,4,0,0,0,67301,1,0,0,N,1,0,0,2,67301,1,,1,1,,N,N,,0,,0,0,0,0.0,0,,1325,1,2,0,0,0,0,0,3,4,0,1,3,,N,,,,,,,,,,,
2008089976,1412,1,0,0,0,0,0,0,0,0,1,0,,67,5,2008,5,39.9546,-75.226,1411.0,6,0,0,0,0,0,1,1,0,,0,0,0,14,1,1,1,,0,39 57:16.534,,0,75 13:33.584,8,0,0,0,67301,0,0,0,N,0,0,0,6,67301,0,,1,1,,N,N,,1,,0,0,0,3.0,2,,1409,1,2,0,0,0,1,0,3,4,0,2,3,,N,,,,,,,,,,,
2008079376,1700,2,0,0,0,0,0,0,0,0,1,0,,67,5,2008,1,40.0288,-75.1322,1657.0,6,0,0,2,0,0,0,0,0,1.0,0,0,0,16,1,3,1,,1,40 01:43.550,1.0,0,75 07:55.833,8,0,0,0,67301,0,0,0,N,0,0,0,5,67301,0,,1,1,,N,Y,,0,,0,0,0,3.0,2,N,1650,3,2,0,0,0,3,0,3,4,0,2,3,,N,,,,,,,,,,,
2008070538,2017,0,0,0,0,0,0,0,0,0,7,0,,67,6,2008,1,39.9043,-75.1501,2012.0,6,0,0,0,0,0,1,0,0,,0,0,0,20,4,1,0,,0,39 54:26.294,,0,75 08:58.105,4,0,0,0,67301,0,0,0,N,0,0,0,1,68K01,1,,2,1,,N,N,,0,,0,0,1,0.0,0,,2010,1,1,0,0,0,0,0,3,4,0,1,3,,N,,,,,,,,,,,
2008079511,1641,1,0,0,0,0,0,0,0,1,1,0,,67,5,2008,7,39.9885,-75.1607,1637.0,6,0,0,0,0,0,0,0,0,9.0,0,0,0,16,1,1,1,,9,39 59:18.549,7.0,0,75 09:38.364,2,0,0,0,67301,0,0,0,,0,0,0,4,67301,0,,1,1,,N,,,0,,0,1,1,9.0,2,Y,1637,1,2,0,0,0,0,0,3,4,0,2,3,,N,,,,,,,,,,,
2008072610,2237,1,0,0,0,0,0,0,0,0,4,0,,67,4,2008,3,39.9408,-75.1575,2236.0,6,0,0,0,0,0,1,0,0,,0,0,0,22,3,1,1,,0,39 56:26.746,,0,75 09:26.873,4,0,0,0,67301,0,0,0,N,0,0,0,2,67301,1,,1,1,,N,N,,0,,0,0,1,3.0,3,,2236,1,2,0,0,0,0,0,3,4,0,2,3,,N,,,,,,,,,,,
2008072618,1720,2,0,0,0,0,0,0,0,0,1,0,,67,4,2008,6,40.0176,-75.097,1717.0,6,0,0,1,0,0,1,0,0,,0,0,0,17,1,2,0,,0,40 01:12.850,,0,75 05:42.998,4,0,0,0,67301,0,0,0,,0,0,0,2,67301,2,,1,1,,,,,0,,0,0,0,0.0,0,,1715,2,2,0,0,0,0,0,3,4,0,2,3,,N,,,,,,,,,,,
2008082481,953,3,0,0,0,0,0,0,0,0,1,0,,67,5,2008,7,40.0402,-75.214,947.0,6,0,0,0,0,0,0,0,0,9.0,0,0,0,9,1,1,2,,2,40 02:25.154,1.0,0,75 12:51.058,8,0,0,0,67301,0,0,0,,0,0,0,5,67301,0,,1,1,,,,,0,,0,0,0,9.0,8,N,945,1,3,0,0,0,1,0,3,4,0,3,3,,N,,,,,,,,,,,
2008074474,1358,1,0,0,0,0,0,0,0,0,7,0,,67,6,2008,2,40.0205,-75.0427,1353.0,6,0,0,0,0,0,0,0,0,1.0,0,0,0,13,1,1,0,,2,40 01:16.002,1.0,0,75 02:28.261,4,0,0,0,67301,0,0,0,Y,0,0,0,1,68K01,1,,2,1,,N,N,,0,,0,0,0,0.0,0,N,1350,1,1,0,0,0,0,0,3,4,0,1,3,,N,,,,,,,,,,,
2008072096,224,1,0,0,0,0,0,0,0,0,4,0,,67,4,2008,1,40.1058,-75.0338,217.0,6,0,0,0,0,0,1,0,0,2.0,0,0,0,2,3,0,2,,1,40 06:20.757,4.0,0,75 02:01.553,0,0,0,0,67301,0,0,0,N,0,0,0,4,67301,0,,1,1,,N,N,,1,,0,0,0,3.0,3,N,206,0,2,0,0,0,0,0,3,4,0,2,3,,N,,,,,,,,,,,
2008069646,755,2,0,0,0,0,0,0,0,0,1,0,,67,4,2008,4,39.9854,-75.248,750.0,6,0,0,0,0,0,0,0,0,,0,0,0,7,1,0,0,,0,39 59:06.941,,0,75 14:51.958,9,0,0,0,67301,0,0,0,,0,0,0,2,67301,0,,1,1,,,,,0,,0,0,0,9.0,2,,750,0,2,0,0,0,0,2,3,4,0,2,3,,N,,,,,,,,,,,
2008069705,1938,1,0,0,0,0,0,0,0,0,8,0,,67,4,2008,5,39.9963,-75.1364,1934.0,6,0,0,0,0,0,0,0,0,,0,0,0,19,4,1,1,,0,39 59:46.723,,0,75 08:10.895,3,0,0,0,67301,1,0,0,,1,0,0,2,67301,0,,1,1,,,,,0,,1,0,0,2.0,3,,1930,1,2,0,0,1,0,0,3,4,0,1,3,,N,,,,,,,,,,,
2008127420,1939,1,0,0,0,0,0,0,0,0,1,0,,67,11,2008,5,40.0077,-75.2017,1919.0,6,0,0,0,0,0,0,1,0,,0,0,0,19,3,0,0,,0,40 00:28.079,,0,75 12:06.971,9,0,0,0,67301,0,0,0,N,0,0,0,2,68K01,0,,1,9,,N,N,,0,,0,0,1,0.0,0,,1907,0,2,0,0,0,0,1,3,4,0,2,10,,N,,,,,,,,,,,
2008119676,2016,0,0,0,0,0,0,0,0,0,8,0,,67,9,2008,7,39.9459,-75.2403,2012.0,6,0,0,0,0,0,0,0,0,,0,0,0,20,3,1,1,,0,39 56:45.240,,0,75 14:25.080,8,0,0,0,67301,1,0,0,N,1,0,0,2,67301,0,,1,9,,N,N,,0,,0,0,1,2.0,2,,2003,1,2,0,0,0,1,1,3,4,0,1,7,,N,,,,,,,,,,,
2008058184,918,1,0,0,0,0,0,0,0,0,1,0,,67,3,2008,5,39.9405,-75.2189,917.0,6,0,0,0,0,0,0,0,0,,0,0,0,99,1,1,1,,0,39 56:25.800,,0,75 13:08.040,4,0,0,0,67301,0,0,0,N,0,0,0,2,67301,1,,1,1,,N,N,,0,,0,0,1,3.0,2,,9999,1,2,0,0,1,0,1,3,4,0,2,3,,N,,,,,,,,,,,
2008058241,815,1,0,0,0,0,0,0,0,0,7,1,,67,4,2008,4,39.968,-75.1399,813.0,6,0,0,0,0,0,0,0,0,,0,0,0,8,1,1,1,,0,39 58:04.897,,0,75 08:23.513,4,0,0,0,67301,0,0,0,N,0,0,0,1,67301,1,,1,1,,N,N,,0,,0,0,0,3.0,3,,813,1,1,0,0,0,0,0,3,4,0,1,3,,N,,,,,,,,,,,
2008046760,719,3,0,0,0,0,0,0,0,0,1,0,,67,3,2008,5,39.9887,-75.0881,719.0,6,0,0,0,0,0,0,0,0,,0,0,0,7,1,1,0,,0,39 59:19.544,,0,75 05:16.898,4,0,0,0,67301,0,0,0,N,0,0,0,6,68K01,1,,1,1,,N,N,,0,,0,0,0,0.0,0,,712,1,3,0,0,0,0,0,3,4,0,3,3,,N,,,,,,,,,,,
2008046776,2004,0,0,0,0,0,0,0,0,0,1,0,,67,3,2008,5,39.9599,-75.1404,1958.0,6,0,0,0,0,0,0,0,0,2.0,0,0,0,19,3,0,6,,2,39 57:44.360,1.0,2,75 08:21.750,0,0,0,0,67301,0,0,0,N,0,0,0,3,68K01,0,,1,1,,N,N,,1,,0,0,2,0.0,0,N,1950,0,3,0,0,0,0,0,3,4,0,3,3,,N,,,,,,,,,,,
2008068556,1712,2,0,0,0,0,0,0,0,0,1,0,,67,5,2008,5,40.0011,-75.195,1712.0,6,0,0,0,0,0,0,0,0,,0,0,0,17,1,1,0,,0,40 00:04.390,,0,75 11:41.949,8,0,0,0,67301,0,0,0,N,0,0,0,4,68K01,0,,1,1,,N,N,,0,,0,0,1,0.0,0,,1709,1,4,0,0,0,1,0,3,4,1,4,3,,N,,,,,,,,,,,
2008040233,422,1,0,0,0,0,0,0,0,0,5,1,,67,2,2008,2,39.9064,-75.1364,420.0,6,0,0,0,0,0,1,0,0,,0,1,0,4,3,1,0,,0,39 54:23.104,,3,75 08:10.956,8,0,0,0,67301,0,0,0,N,0,0,0,2,67501,0,,1,9,,N,N,,0,,0,0,0,3.0,8,,420,1,2,0,0,0,1,0,3,4,0,2,7,,N,,,,,,,,,,,
2008049878,1525,0,0,0,0,0,0,0,0,0,1,0,,67,2,2008,1,39.9206,-75.2326,1521.0,6,0,0,0,0,0,0,0,0,,0,0,0,15,1,1,0,,0,39 55:14.160,,0,75 13:57.360,4,0,0,0,67301,0,0,0,N,0,0,0,2,67301,1,,7,1,,N,N,,0,,0,0,2,0.0,0,,1521,1,2,0,0,1,0,0,3,4,0,2,3,,N,,,,,,,,,,,
2008061806,813,1,0,0,0,0,0,0,0,0,7,0,,67,4,2008,4,39.994,-75.199,805.0,6,0,0,0,0,0,0,0,0,2.0,0,0,0,8,1,1,0,,1,39 59:41.571,4.0,0,75 11:52.971,4,0,0,0,67301,0,0,0,N,0,0,0,1,68K01,1,,5,1,,N,N,,0,,0,0,0,0.0,0,N,802,1,1,0,0,0,0,0,3,4,0,1,3,,N,,,,,,,,,,,
2008062022,1745,2,0,0,0,0,0,0,0,0,1,0,,67,5,2008,3,39.9623,-75.1828,1726.0,6,0,0,0,0,2,0,0,0,1.0,0,0,0,17,1,1,0,,2,39 57:47.033,3.0,0,75 11:00.702,8,0,0,0,67301,0,0,0,N,0,0,0,2,68K01,0,,1,1,,N,N,,0,,0,0,0,0.0,0,Y,1723,1,2,0,0,0,1,0,3,4,0,2,3,,N,,,,,,,,,,,
2008062192,537,0,0,0,0,0,0,1,0,0,2,1,,67,4,2008,1,40.0169,-75.2114,537.0,6,0,0,0,0,0,0,0,0,,0,0,0,99,3,0,0,,0,40 01:00.809,,0,75 12:40.794,0,0,0,0,67301,0,0,0,N,0,0,0,8,67301,0,,1,9,,N,N,,0,,0,0,1,0.0,0,,9999,0,2,0,0,2,0,0,3,4,0,2,7,,N,,,,,,,,,,,
2008057069,1641,1,0,0,0,0,0,0,0,0,8,0,,67,3,2008,4,39.9392,-75.1933,1630.0,6,0,0,0,0,0,0,0,0,,0,0,0,16,1,1,1,,0,39 56:21.084,,0,75 11:35.786,4,0,0,0,67301,1,0,0,N,1,0,0,2,67301,1,,1,1,,N,N,,0,,0,0,0,3.0,2,,1615,1,2,0,0,0,0,0,3,4,0,1,3,,N,,,,,,,,,,,
2008057264,558,1,0,0,0,0,0,0,0,0,7,0,,67,3,2008,1,39.9571,-75.149,555.0,6,0,0,0,0,0,0,0,0,,0,0,0,5,3,0,0,,0,39 57:25.380,,0,75 08:56.290,0,0,0,0,67301,0,0,0,N,0,0,0,3,67301,0,,4,9,,N,N,,0,,0,0,0,0.0,0,,555,0,1,0,0,0,0,0,3,4,0,1,7,,N,,,,,,,,,,,
2008057309,1702,1,0,0,0,0,0,0,0,0,8,0,,67,3,2008,7,40.001,-75.1012,9999.0,6,0,0,0,0,0,0,0,0,,0,0,0,99,1,1,2,,0,40 00:03.639,,0,75 06:04.165,3,0,0,0,67301,1,0,0,N,1,0,0,2,67301,0,,1,1,,N,N,,0,,1,0,0,0.0,0,,9999,1,2,0,0,0,0,0,3,4,0,1,3,,N,,,,,,,,,,,