CRN,ARRIVAL_TM,AUTOMOBILE_COUNT,BELTED_DEATH_COUNT,BELTED_SUSP_SERIOUS_INJ_COUNT,BICYCLE_COUNT,BICYCLE_DEATH_COUNT,BICYCLE_SUSP_SERIOUS_INJ_COUNT,BUS_COUNT,CHLDPAS_DEATH_COUNT,CHLDPAS_SUSP_SERIOUS_INJ_COUNT,COLLISION_TYPE,COMM_VEH_COUNT,CONS_ZONE_SPD_LIM,COUNTY,CRASH_MONTH,CRASH_YEAR,DAY_OF_WEEK,DEC_LAT,DEC_LONG,DISPATCH_TM,DISTRICT,DRIVER_COUNT_16YR,DRIVER_COUNT_17YR,DRIVER_COUNT_18YR,DRIVER_COUNT_19YR,DRIVER_COUNT_20YR,DRIVER_COUNT_50_64YR,DRIVER_COUNT_65_74YR,DRIVER_COUNT_75PLUS,EST_HRS_CLOSED,FATAL_COUNT,HEAVY_TRUCK_COUNT,HORSE_BUGGY_COUNT,HOUR_OF_DAY,ILLUMINATION,INJURY_COUNT,INTERSECT_TYPE,INTERSECTION_RELATED,LANE_CLOSED,LATITUDE,LN_CLOSE_DIR,LOCATION_TYPE,LONGITUDE,MAX_SEVERITY_LEVEL,MCYCLE_DEATH_COUNT,MCYCLE_SUSP_SERIOUS_INJ_COUNT,MOTORCYCLE_COUNT,MUNICIPALITY,NONMOTR_COUNT,NONMOTR_DEATH_COUNT,NONMOTR_SUSP_SERIOUS_INJ_COUNT,NTFY_HIWY_MAINT,PED_COUNT,PED_DEATH_COUNT,PED_SUSP_SERIOUS_INJ_COUNT,PERSON_COUNT,POLICE_AGCY,POSSIBLE_INJ_COUNT,RDWY_SURF_TYPE_CD,RELATION_TO_ROAD,ROAD_CONDITION,ROADWAY_CLEARED,SCH_BUS_IND,SCH_ZONE_IND,SECONDARY_CRASH,SMALL_TRUCK_COUNT,SPEC_JURIS_CD,SUSP_MINOR_INJ_COUNT,SUSP_SERIOUS_INJ_COUNT,SUV_COUNT,TCD_FUNC_CD,TCD_TYPE,TFC_DETOUR_IND,TIME_OF_DAY,TOT_INJ_COUNT,TOTAL_UNITS,UNB_DEATH_COUNT,UNB_SUSP_SERIOUS_INJ_COUNT,UNBELTED_OCC_COUNT,UNK_INJ_DEG_COUNT,UNK_INJ_PER_COUNT,URBAN_AREA,URBAN_RURAL,VAN_COUNT,VEHICLE_COUNT,WEATHER1,WEATHER2,WORK_ZONE_IND,WORK_ZONE_LOC,WORK_ZONE_TYPE,WORKERS_PRES,WZ_CLOSE_DETOUR,WZ_FLAGGER,WZ_LAW_OFFCR_IND,WZ_LN_CLOSURE,WZ_MOVING,WZ_OTHER,WZ_SHLDER_MDN,WZ_WORKERS_INJ_KILLED
2008057337,745,1,0,0,1,0,1,0,0,0,4,0,,67,3,2008,6,39.9478,-75.2261,735.0,6,0,0,0,0,0,0,0,0,,0,0,0,7,1,1,1,,0,39 56:51.982,,0,75 13:33.808,2,0,0,0,67301,1,0,1,,0,0,0,2,67301,0,,1,1,,N,N,,0,,0,1,0,0.0,0,,730,1,2,0,0,0,0,0,3,4,0,1,3,,N,,,,,,,,,,,
2008060175,1517,4,0,0,0,0,0,0,0,0,4,0,,67,3,2008,2,39.9752,-75.1211,1515.0,6,0,0,0,0,0,3,0,0,,0,0,0,15,1,4,2,,0,39 58:34.320,,0,75 07:11.280,3,0,0,0,67301,0,0,0,,0,0,0,6,67301,2,,1,1,,,,,0,,1,0,0,3.0,2,,1510,4,4,0,0,1,1,0,3,4,0,4,3,,N,,,,,,,,,,,
2008060189,1243,1,0,0,0,0,0,0,0,0,8,0,,67,3,2008,7,39.9477,-75.1986,1226.0,6,0,0,0,0,0,1,0,0,,0,0,0,12,1,1,1,,0,39 56:51.749,,0,75 11:55.038,3,0,0,0,67301,1,0,0,N,1,0,0,4,67301,0,,1,1,,N,N,,0,,1,0,0,3.0,2,,1236,1,2,0,0,1,0,0,3,4,0,1,3,,N,,,,,,,,,,,
2008023705,2320,1,0,0,0,0,0,0,0,0,1,0,,67,1,2008,3,40.0314,-75.1675,2320.0,6,0,0,0,0,0,0,0,0,1.0,0,0,0,23,3,0,0,,2,40 01:53.000,5.0,0,75 10:03.189,9,0,0,0,67301,0,0,0,,0,0,0,2,67301,0,,5,9,,N,N,,1,,0,0,0,0.0,0,Y,2320,0,2,0,0,2,0,1,3,4,0,2,3,,N,,,,,,,,,,,
2008044662,1634,1,0,0,0,0,0,1,0,0,1,1,,67,2,2008,6,39.9969,-75.1174,1630.0,6,0,0,0,0,0,0,0,0,,0,0,0,16,3,0,1,,0,39 59:49.000,,0,75 07:02.690,9,0,0,0,67301,0,0,0,,0,0,0,18,67301,0,,1,9,,N,N,,0,,0,0,0,3.0,2,,1625,0,2,0,0,0,0,1,3,4,0,2,7,,N,,,,,,,,,,,
2008044712,45,1,0,0,0,0,0,0,0,0,7,0,,67,2,2008,4,39.8989,-75.1724,36.0,6,0,0,0,0,0,0,0,0,1.0,0,0,0,0,3,0,0,,1,39 53:56.447,2.0,0,75 10:07.299,0,0,0,0,67301,0,0,0,N,0,0,0,1,67301,0,,3,2,,N,N,,0,,0,0,0,0.0,0,N,36,0,1,0,0,0,0,0,3,4,0,1,9,,N,,,,,,,,,,,
2008019496,1350,2,0,0,0,0,0,0,0,0,1,0,,67,2,2008,7,39.9776,-75.2006,1349.0,6,0,0,0,0,0,1,0,0,,0,0,0,13,1,2,0,,0,39 58:41.000,,0,75 12:07.399,8,0,0,0,67301,0,0,0,N,0,0,0,3,68K01,0,,1,1,,N,N,,0,,0,0,0,0.0,0,,1347,2,2,0,0,0,2,0,3,4,0,2,3,,N,,,,,,,,,,,
2008119051,300,1,0,0,0,0,0,0,0,0,2,0,,67,9,2008,1,39.9898,-75.1255,230.0,6,0,0,0,0,0,0,0,0,3.0,0,0,0,2,3,1,1,,1,39 59:23.299,2.0,0,75 07:31.934,4,0,0,0,67301,0,0,0,,0,0,0,2,67301,1,,1,1,,N,N,,1,,0,0,0,3.0,2,N,235,1,2,0,0,0,0,0,3,4,0,2,98,,N,,,,,,,,,,,
2008119057,1808,1,0,0,0,0,0,0,0,0,5,0,,67,9,2008,5,39.9915,-75.1226,1805.0,6,0,0,0,0,0,0,0,0,,0,0,0,17,1,0,1,,0,39 59:29.295,,0,75 07:21.395,9,0,0,1,67301,0,0,0,N,0,0,0,2,67301,0,,1,1,,N,N,,0,,0,0,0,3.0,2,,1758,0,2,0,0,1,0,1,3,4,0,2,3,,N,,,,,,,,,,,
2008133308,135,5,0,0,0,0,0,0,0,0,4,0,,67,10,2008,1,39.9407,-75.151,132.0,6,0,0,0,0,0,0,0,0,1.0,0,0,0,1,3,1,0,,2,39 56:26.527,1.0,0,75 09:03.711,4,0,0,0,67301,0,0,0,N,0,0,0,2,67301,1,,1,1,,N,N,,1,,0,0,1,0.0,0,Y,132,1,7,0,0,0,0,0,3,4,0,7,3,,N,,,,,,,,,,,
2008087560,2055,1,0,0,1,0,0,0,0,0,4,0,,67,6,2008,2,40.0307,-75.171,2046.0,6,0,0,0,0,0,1,0,0,,0,0,0,20,4,1,1,,0,40 01:50.451,,0,75 10:15.711,4,0,0,0,67301,1,0,0,N,0,0,0,2,67301,1,,1,1,,N,N,,0,,0,0,0,3.0,3,,2043,1,2,0,0,0,0,0,3,4,0,1,3,,N,,,,,,,,,,,
2008079605,619,1,0,0,1,0,0,0,0,0,2,0,,67,6,2008,6,39.9802,-75.2693,618.0,6,0,0,0,0,0,0,1,0,,0,0,0,6,5,1,1,,0,39 58:48.738,,0,75 16:09.461,3,0,0,0,67301,1,0,0,N,0,0,0,2,46104,0,,1,1,,N,N,,0,,1,0,0,3.0,2,,617,1,2,0,0,0,0,0,3,4,0,1,3,,N,,,,,,,,,,,
2008079703,1530,1,0,0,0,0,0,0,0,0,0,0,,67,5,2008,1,40.0074,-75.1614,1530.0,6,0,0,0,0,0,0,0,0,,0,0,0,15,1,2,1,,0,40 00:26.658,,0,75 09:41.079,4,0,0,0,67301,1,0,0,,1,0,0,3,67301,2,,1,1,,,,,0,,0,0,0,3.0,3,,1510,2,2,0,0,1,0,0,3,4,0,1,3,,N,,,,,,,,,,,
2008072735,1150,2,0,0,0,0,0,0,0,0,5,0,,67,4,2008,6,39.9255,-75.1443,1145.0,6,0,0,0,0,0,1,0,0,,0,0,0,11,1,1,0,,0,39 55:31.903,,6,75 08:39.321,4,0,0,0,67301,0,0,0,N,0,0,0,2,67301,1,,1,1,,N,N,,0,,0,0,0,3.0,2,,1130,1,2,0,0,0,0,0,3,4,0,2,3,,N,,,,,,,,,,,
2008079357,1150,1,0,0,0,0,0,0,0,0,8,0,,67,5,2008,6,40.031,-75.1244,1145.0,6,0,0,0,0,0,1,0,0,,0,0,0,11,1,1,1,,0,40 01:51.528,,0,75 07:27.728,4,0,0,0,67301,1,0,0,N,1,0,0,2,67301,1,,1,9,,N,N,,0,,0,0,0,2.0,2,,1142,1,2,0,0,0,0,0,3,4,0,1,7,,N,,,,,,,,,,,
2008079741,2007,1,0,0,0,0,0,0,0,0,4,0,,67,4,2008,1,40.0245,-75.1478,2005.0,6,0,1,0,0,0,0,0,0,,0,0,0,19,3,1,1,,0,40 01:28.097,,0,75 08:52.131,8,0,0,1,67301,0,0,0,N,0,0,0,2,67301,0,,1,1,,N,N,,0,,0,0,0,3.0,3,,1952,1,2,0,0,1,1,0,3,4,0,2,3,,N,,,,,,,,,,,
2008070544,119,1,0,0,0,0,0,0,0,0,1,0,,67,6,2008,7,39.9434,-75.1924,117.0,6,0,0,0,0,0,0,0,0,1.0,0,0,0,1,3,1,0,,1,39 56:36.273,4.0,2,75 11:32.729,4,0,0,0,67301,0,0,0,N,0,0,0,2,68K01,1,,1,1,,N,N,,0,,0,0,1,0.0,0,N,110,1,2,0,0,0,0,0,3,4,0,2,3,,N,,,,,,,,,,,
2008082606,1748,2,0,0,0,0,0,0,0,0,4,0,,67,5,2008,6,39.9707,-75.2326,1748.0,6,0,0,0,0,0,1,0,0,,0,0,0,17,1,2,1,,0,39 58:14.458,,0,75 13:57.305,4,0,0,0,67301,0,0,0,,0,0,0,5,67301,1,,1,1,,,,,0,,0,0,0,3.0,2,,1740,2,2,0,0,0,1,0,3,4,0,2,3,,N,,,,,,,,,,,
2008079274,1052,1,0,0,0,0,0,0,0,0,4,0,,67,5,2008,7,39.9963,-75.1318,1050.0,6,0,0,0,0,0,0,0,0,2.0,0,0,0,10,1,1,1,,2,39 59:46.669,2.0,0,75 07:54.469,4,0,0,0,67301,0,0,0,N,0,0,0,3,67301,1,,1,1,,N,N,,0,,0,0,1,9.0,3,Y,1050,1,2,0,0,0,0,0,3,4,0,2,3,,N,,,,,,,,,,,
2008079296,1111,1,0,0,0,0,0,0,0,0,4,0,,67,5,2008,3,39.9225,-75.2284,1104.0,6,0,0,0,0,1,0,0,0,,0,0,0,11,1,1,1,,0,39 55:21.104,,0,75 13:42.304,4,0,0,0,67301,0,0,0,,0,0,0,5,67301,1,,1,1,,,,,0,,0,0,1,0.0,0,,1100,1,2,0,0,0,0,0,3,4,0,2,3,,N,,,,,,,,,,,
2008072054,1348,1,0,0,0,0,0,0,0,0,4,0,,67,3,2008,5,40.0107,-75.1627,1347.0,6,0,0,0,0,0,0,1,0,2.0,0,0,0,13,1,2,1,,2,40 00:38.621,7.0,0,75 09:45.580,4,0,0,0,67301,0,0,0,N,0,0,0,4,67301,2,,1,1,,N,N,,0,,0,0,0,3.0,3,Y,1346,2,2,0,0,0,0,0,3,4,1,2,3,,N,,,,,,,,,,,
2008069662,1635,2,0,0,0,0,0,0,0,0,5,0,,67,4,2008,6,39.973,-75.2375,1630.0,6,0,0,0,0,0,1,0,0,,0,0,0,16,1,1,0,,0,39 58:22.850,,0,75 14:14.978,4,0,0,0,67301,0,0,0,N,0,0,0,2,67301,1,,4,1,,N,N,,0,,0,0,0,0.0,0,,1615,1,2,0,0,0,0,0,3,4,0,2,3,,N,,,,,,,,,,,
2008112283,1952,1,0,0,0,0,0,0,0,0,1,0,,67,10,2008,2,39.8989,-75.1727,1951.0,6,0,0,0,0,0,0,0,0,1.0,0,0,0,19,3,0,0,,1,39 53:56.323,2.0,0,75 10:08.431,0,0,0,0,67301,0,0,0,N,0,0,0,6,68K01,0,,1,1,,N,N,,0,,0,0,2,0.0,0,N,1944,0,5,0,0,0,0,0,3,4,1,4,3,,N,,,,,,,,,,,
2008120218,805,2,0,0,0,0,0,0,0,0,4,0,,67,9,2008,6,39.9618,-75.1561,802.0,6,0,0,0,0,0,0,0,1,,0,0,0,7,1,1,1,,0,39 57:42.362,,0,75 09:22.042,8,0,0,0,67301,0,0,0,N,0,0,0,3,67301,0,,1,9,,N,N,,0,,0,0,0,3.0,2,,755,1,2,0,0,0,1,0,3,4,0,2,7,,N,,,,,,,,,,,
2008127416,1544,0,0,0,0,0,0,0,0,0,7,0,,67,11,2008,3,39.9723,-75.1226,1528.0,6,0,0,0,0,0,0,0,0,1.0,0,0,0,15,1,1,0,,1,39 58:18.112,2.0,0,75 07:24.202,3,0,0,0,67301,0,0,0,Y,0,0,0,1,68K01,0,,4,1,,N,N,,1,,1,0,0,0.0,0,N,1523,1,1,0,0,0,0,0,3,4,0,1,3,,N,,,,,,,,,,,
2008119682,1655,0,0,0,0,0,0,0,0,0,8,0,,67,10,2008,1,39.992,-75.1147,1650.0,6,0,0,0,0,0,0,0,0,,0,0,0,12,1,1,0,,0,39 59:31.156,,0,75 06:52.963,4,0,0,0,67301,1,0,0,N,1,0,0,2,67301,1,,1,1,,N,N,,0,,0,0,0,0.0,0,,1230,1,2,0,0,0,0,0,3,4,0,1,3,,N,,,,,,,,,,,
2008132800,2326,0,0,0,0,0,0,0,0,0,1,0,,67,11,2008,3,39.9596,-75.181,2320.0,6,0,0,0,0,0,1,0,0,2.0,0,0,0,23,3,0,0,,1,39 57:38.520,3.0,0,75 10:55.200,0,0,0,0,67301,0,0,0,N,0,0,0,3,68K01,0,,1,1,,N,N,,1,,0,0,2,0.0,0,N,2318,0,3,0,0,0,0,0,3,4,0,3,3,,N,,,,,,,,,,,
2008133168,1340,1,0,0,0,0,0,0,0,0,1,0,,67,10,2008,7,39.9805,-75.2282,1340.0,6,0,0,0,0,0,0,0,0,,0,0,0,13,1,1,0,,0,39 58:49.677,,0,75 13:41.512,4,0,0,0,67301,0,0,0,,0,0,0,2,67301,1,,1,9,,,,,0,,0,0,0,0.0,0,,1340,1,2,0,0,0,0,1,3,4,0,2,7,,N,,,,,,,,,,,
2008122808,1255,1,0,0,0,0,0,1,0,0,1,1,,67,9,2008,4,40.0255,-75.0834,1249.0,6,0,0,0,0,0,0,0,0,9.0,0,0,0,12,1,2,2,,1,40 01:31.965,3.0,0,75 05:00.337,8,0,0,0,67301,1,0,0,N,0,0,0,4,67301,0,,1,1,,N,N,,0,,0,0,0,0.0,0,N,1248,2,2,0,0,0,2,0,3,4,0,2,3,,N,,,,,,,,,,,
2008026674,300,1,0,0,0,0,0,0,0,0,7,0,,67,1,2008,7,40.0243,-75.208,300.0,6,0,0,0,0,0,0,0,0,,0,0,0,3,3,0,0,,0,40 01:27.000,,0,75 12:29.084,0,0,0,0,67301,0,0,0,N,0,0,0,1,67301,0,,4,1,,,N,,0,,0,0,0,0.0,0,,300,0,1,0,0,0,0,0,3,4,0,1,3,,N,,,,,,,,,,,
2008044658,702,1,0,0,0,0,0,0,0,0,4,0,,67,1,2008,2,39.9081,-75.156,700.0,6,0,0,0,0,0,0,0,0,,0,0,0,7,1,1,3,,0,39 54:29.000,,2,75 09:21.590,8,0,0,0,67301,0,0,0,,0,0,0,2,67301,0,,1,1,,,,,1,,0,0,0,3.0,4,,700,1,2,0,0,0,1,0,3,4,0,2,3,,N,,,,,,,,,,,
2008057989,527,1,0,0,0,0,0,0,0,0,7,0,,67,4,2008,7,40.0545,-75.0188,525.0,6,0,0,0,0,0,0,0,0,,0,0,0,5,3,0,2,,0,40 03:16.099,,0,75 01:07.517,9,0,0,0,67301,0,0,0,,0,0,0,1,67301,0,,5,1,,N,N,,0,,0,0,0,0.0,0,,520,0,1,0,0,0,0,1,3,4,0,1,3,,N,,,,,,,,,,,
2008044427,1838,1,0,0,0,0,0,0,0,0,1,0,,67,1,2008,4,40.0522,-75.1309,1837.0,6,0,0,0,0,0,0,0,0,,0,0,0,18,3,2,0,,0,40 03:08.015,,0,75 07:51.396,4,0,0,0,67301,0,0,0,N,0,0,0,4,67301,2,,1,1,,N,N,,1,,0,0,0,0.0,0,,1818,2,2,0,0,0,0,0,3,4,0,2,3,,N,,,,,,,,,,,
2008049867,1807,1,0,0,0,0,0,0,0,0,8,0,,67,2,2008,4,39.9475,-75.1495,1805.0,6,0,0,0,0,0,0,0,0,,0,0,0,17,3,1,1,,0,39 56:51.034,,0,75 08:58.257,8,0,0,0,67301,1,0,0,,1,0,0,3,67301,0,,1,9,,N,N,,0,,0,0,0,3.0,2,,1730,1,2,0,0,0,1,0,3,4,0,1,10,,N,,,,,,,,,,,
2008049870,1801,1,0,0,0,0,0,0,0,0,8,0,,67,2,2008,3,39.9335,-75.1623,1759.0,6,0,0,0,1,0,0,0,0,,0,0,0,17,4,1,1,,0,39 56:00.466,,0,75 09:44.283,8,0,0,0,67301,1,0,0,,1,0,0,2,67301,0,,1,9,,N,N,,0,,0,0,0,3.0,2,,1758,1,2,0,0,0,1,0,3,4,0,1,7,,N,,,,,,,,,,,
2008027058,630,2,0,0,0,0,0,0,0,0,1,0,,67,1,2008,3,40.0543,-75.0495,601.0,6,0,0,0,0,0,1,0,0,,0,0,0,5,3,2,1,,0,40 03:15.000,,0,75 02:58.198,8,0,0,0,67301,0,0,0,N,0,0,0,3,67301,0,,1,1,,N,N,,0,,0,0,0,9.0,2,,542,2,2,0,0,0,2,1,3,4,0,2,3,,N,,,,,,,,,,,
2008040109,101,1,0,0,0,0,0,0,0,0,6,0,,67,1,2008,2,39.9429,-75.2184,58.0,6,0,0,0,0,0,0,0,0,,0,0,0,0,3,1,0,,0,39 56:34.254,,0,75 13:06.332,8,0,0,0,67301,0,0,0,N,0,0,0,1,67301,0,,1,9,,N,N,,0,,0,0,0,0.0,0,,45,1,2,0,0,0,1,0,3,4,1,2,7,,N,,,,,,,,,,,
2008061724,1218,1,0,0,0,0,0,0,0,0,7,0,,67,5,2008,4,39.9966,-75.0843,1206.0,6,0,0,0,0,0,0,0,0,,0,0,0,11,1,1,0,,0,39 59:48.480,,2,75 05:02.400,3,0,0,0,67301,0,0,0,N,0,0,0,1,68K01,0,,3,1,,N,N,,0,,1,0,0,0.0,0,,1157,1,1,0,0,0,0,0,3,4,0,1,3,,N,,,,,,,,,,,
2008061809,903,1,0,0,0,0,0,0,0,0,1,0,,67,5,2008,4,40.0001,-75.1949,903.0,6,0,0,0,0,0,0,0,0,,0,0,0,9,1,1,0,,0,40 00:03.312,,0,75 11:40.986,4,0,0,0,67301,0,0,0,N,0,0,0,5,68K01,1,,1,1,,N,N,,0,,0,0,0,0.0,0,,900,1,2,0,0,0,0,0,3,4,1,2,3,,N,,,,,,,,,,,
2008064933,1919,2,0,0,0,0,0,0,0,0,1,0,,67,5,2008,5,40.0144,-75.2048,1919.0,6,0,0,1,0,0,0,0,0,,0,0,0,19,1,1,0,,0,40 00:53.366,,0,75 12:20.232,4,0,0,0,67301,0,0,0,N,0,0,0,4,68K01,1,,1,9,,N,N,,0,,0,0,0,3.0,3,,1916,1,2,0,0,0,0,0,3,4,0,2,7,,N,,,,,,,,,,,
2008054860,1757,2,0,0,0,0,0,0,0,0,1,0,,67,4,2008,4,39.9922,-75.2457,1757.0,6,0,0,0,0,0,1,1,0,,0,0,0,17,1,2,0,,0,39 59:32.820,,0,75 14:42.843,4,0,0,0,67301,0,0,0,N,0,0,0,4,46104,2,,1,1,,N,N,,0,,0,0,1,0.0,0,,1755,2,4,0,0,1,0,0,3,4,1,4,3,,N,,,,,,,,,,,
2008057678,1545,0,0,0,0,0,0,1,0,0,1,1,,67,4,2008,3,39.95,-75.1407,1535.0,6,0,0,0,0,0,0,0,0,1.0,0,0,0,15,1,5,2,,2,39 56:59.690,1.0,0,75 08:26.711,4,0,0,0,67301,0,0,0,N,0,0,0,8,67301,4,,1,1,,Y,N,,1,,0,0,0,3.0,2,Y,1535,5,2,0,0,0,1,0,3,4,0,2,3,,N,,,,,,,,,,,
2008040055,1545,1,0,0,0,0,0,0,0,0,1,0,,67,2,2008,2,40.0354,-75.0695,1542.0,6,0,0,0,0,0,0,0,0,,0,0,0,15,1,1,0,,0,40 02:07.000,,0,75 04:09.621,4,0,0,0,67301,0,0,0,N,0,0,0,2,67301,1,,1,1,,N,N,,0,,0,0,1,0.0,0,,1540,1,2,0,0,0,0,0,3,4,0,2,3,,N,,,,,,,,,,,
2008042189,1415,2,0,0,0,0,0,0,0,0,4,0,,67,2,2008,7,40.0419,-75.1441,1415.0,6,0,0,0,1,0,0,1,0,1.0,0,0,0,14,1,1,2,,1,40 02:31.000,4.0,0,75 08:38.760,8,0,0,0,67301,0,0,0,N,0,0,0,3,67301,0,,1,1,,N,N,,0,,0,0,0,0.0,0,N,1410,1,2,0,0,1,1,1,3,4,0,2,3,,N,,,,,,,,,,,
2008044635,1851,1,0,0,0,0,0,0,0,0,8,0,,67,1,2008,7,39.9479,-75.2236,1841.0,6,0,0,0,0,0,0,0,0,,0,0,0,18,3,1,0,,0,39 56:52.470,,0,75 13:25.016,8,0,0,0,67301,1,0,0,N,1,0,0,2,67301,0,,1,1,,N,N,,0,,0,0,0,0.0,0,,1828,1,2,0,0,0,1,0,3,4,0,1,3,,N,,,,,,,,,,,
2008044655,350,1,0,0,0,0,0,0,0,0,7,0,,67,2,2008,7,40.0136,-75.2004,331.0,6,0,0,0,1,0,0,0,0,,0,0,0,3,3,0,0,,0,40 00:48.852,,0,75 12:01.443,0,0,0,0,67301,0,0,0,N,0,0,0,1,67301,0,,4,9,,N,N,,0,,0,0,0,0.0,0,,325,0,1,0,0,1,0,0,3,4,0,1,3,,N,,,,,,,,,,,
2008027000,2245,0,0,0,0,0,0,0,0,0,7,0,,67,1,2008,7,39.9585,-75.167,2236.0,6,0,0,0,0,0,0,0,0,1.0,0,0,0,22,3,5,0,,2,39 57:30.000,4.0,0,75 10:02.479,8,0,0,0,67301,0,0,0,Y,0,0,0,5,67301,0,,2,9,,N,N,,1,,0,0,0,0.0,0,N,2236,5,1,0,0,4,5,0,3,4,0,1,3,,N,,,,,,,,,,,
2008119029,1500,0,0,0,0,0,0,0,0,0,1,1,,67,7,2008,2,40.1047,-75.0022,1426.0,6,0,0,0,0,0,1,0,0,3.0,0,1,0,14,1,1,0,,2,40 06:16.231,2.0,7,75 00:07.409,8,0,0,0,67301,0,0,0,N,0,0,0,3,67301,0,,1,1,,N,N,,0,,0,0,0,3.0,2,Y,1420,1,2,0,0,1,1,0,3,4,1,2,3,,N,,,,,,,,,,,
2008119032,1749,1,0,0,0,0,0,0,0,0,8,0,,67,9,2008,2,40.0512,-75.0661,1749.0,6,0,0,0,0,0,0,0,0,,0,0,0,17,1,1,1,,0,40 03:04.296,,0,75 03:58.097,8,0,0,0,67301,1,0,0,N,1,0,0,2,67301,0,,1,1,,N,N,,0,,0,0,0,2.0,2,,1748,1,2,0,0,0,1,0,3,4,0,1,3,,N,,,,,,,,,,,
2008133704,1429,1,0,0,0,0,0,0,0,0,8,0,,67,10,2008,1,40.0247,-75.156,1422.0,6,0,0,0,0,0,0,0,0,,0,0,0,14,1,1,2,,0,40 01:28.956,,0,75 09:21.661,4,0,0,0,67301,1,0,0,N,1,0,0,2,67301,1,,1,1,,N,N,,0,,0,0,0,0.0,0,,1421,1,2,0,0,0,0,1,3,4,0,1,3,,N,,,,,,,,,,,
2008098055,2015,1,0,0,0,0,0,0,0,0,7,0,,67,7,2008,5,40.0074,-75.1488,2010.0,6,0,0,0,0,0,0,0,0,,0,0,0,20,3,1,0,,0,40 00:26.816,,0,75 08:55.622,8,0,0,0,67301,0,0,0,,0,0,0,1,67301,0,,5,1,,N,N,,0,,0,0,0,0.0,0,,2006,1,1,0,0,0,1,0,3,4,0,1,3,,N,,,,,,,,,,,
2008098062,820,0,0,0,0,0,0,0,0,0,8,0,,67,7,2008,4,39.9244,-75.1696,810.0,6,0,0,0,0,0,0,1,0,,0,0,0,8,1,1,1,,0,39 55:27.729,,0,75 10:10.600,3,0,0,0,67301,1,0,0,,1,0,0,2,67301,0,,1,1,,,,,0,,1,0,1,3.0,2,,810,1,2,0,0,0,0,0,3,4,0,1,3,,N,,,,,,,,,,,
2008098146,2059,1,0,0,0,0,0,0,0,0,8,0,,67,7,2008,3,39.9819,-75.2512,2056.0,6,0,0,0,0,0,1,0,0,,0,0,0,20,4,1,2,,0,39 58:54.742,,0,75 15:04.471,4,0,0,0,67301,1,0,0,N,1,0,0,2,67301,1,,1,1,,N,N,,0,,0,0,0,3.0,3,,2053,1,2,0,0,0,0,0,3,4,0,1,3,,N,,,,,,,,,,,
2008070666,2120,2,0,0,0,0,0,0,0,0,2,0,,67,4,2008,2,39.9752,-75.195,2115.0,6,0,0,0,0,0,0,0,0,2.0,0,0,0,21,3,1,0,,1,39 58:30.741,2.0,1,75 11:42.073,8,0,0,0,67301,0,0,0,,0,0,0,2,67301,0,,1,1,,,,,0,,0,0,0,3.0,2,N,2110,1,2,0,0,0,1,0,3,4,0,2,3,,N,,,,,,,,,,,
2008081957,1556,1,0,0,0,0,0,0,0,0,1,0,,67,7,2008,6,39.8999,-75.1605,1548.0,6,0,0,0,0,0,0,0,0,,0,0,0,15,1,0,0,,0,39 54:04.643,,0,75 09:08.633,0,0,0,0,67301,0,0,0,N,0,0,0,5,68K01,0,,1,1,,N,N,,0,,0,0,1,0.0,0,,1546,0,2,0,0,1,0,0,3,4,0,2,3,,N,,,,,,,,,,,
2008079657,1742,1,0,0,0,0,0,0,0,0,8,0,,67,4,2008,4,40.0479,-75.0957,1739.0,6,0,0,0,0,0,0,0,0,,0,0,0,17,1,1,0,,0,40 02:52.562,,0,75 05:44.523,4,0,0,0,67301,1,0,0,N,1,0,0,2,67301,1,,1,1,,N,N,,0,,0,0,0,0.0,0,,1736,1,2,0,0,0,0,0,3,4,0,1,3,,N,,,,,,,,,,,
2008079675,1623,1,0,0,0,0,0,0,0,0,8,0,,67,5,2008,3,39.9503,-75.1473,1621.0,6,0,0,0,1,0,0,0,0,,0,0,0,15,1,1,1,,0,39 57:01.080,,0,75 08:50.280,4,0,0,0,67301,1,0,0,N,1,0,0,2,67301,1,,1,1,,N,N,,0,,0,0,0,3.0,2,,1553,1,2,0,0,0,0,0,3,4,0,1,3,,N,,,,,,,,,,,
2008079367,1313,1,0,0,0,0,0,0,0,0,2,0,,67,5,2008,5,40.0725,-75.188,1308.0,6,0,0,0,1,0,1,0,0,,0,0,0,13,1,0,1,,0,40 04:21.003,,0,75 11:16.959,0,0,0,0,67301,0,0,0,N,0,0,0,2,67301,0,,1,9,,,N,,0,,0,0,1,9.0,3,,1300,0,2,0,0,0,0,0,3,4,0,2,7,,N,,,,,,,,,,,
2008082571,1715,2,0,0,0,0,0,0,0,0,4,0,,67,5,2008,4,39.9551,-75.2298,1713.0,6,0,0,0,0,0,1,1,0,1.0,0,0,0,17,1,1,1,,1,39 57:18.234,3.0,0,75 13:47.243,4,0,0,0,67301,0,0,0,N,0,0,0,2,67301,1,,1,1,,N,N,,0,,0,0,0,3.0,2,N,1705,1,2,0,0,1,0,0,3,4,0,2,3,,N,,,,,,,,,,,