CRN,ARRIVAL_TM,AUTOMOBILE_COUNT,BELTED_DEATH_COUNT,BELTED_SUSP_SERIOUS_INJ_COUNT,BICYCLE_COUNT,BICYCLE_DEATH_COUNT,BICYCLE_SUSP_SERIOUS_INJ_COUNT,BUS_COUNT,CHLDPAS_DEATH_COUNT,CHLDPAS_SUSP_SERIOUS_INJ_COUNT,COLLISION_TYPE,COMM_VEH_COUNT,CONS_ZONE_SPD_LIM,COUNTY,CRASH_MONTH,CRASH_YEAR,DAY_OF_WEEK,DEC_LAT,DEC_LONG,DISPATCH_TM,DISTRICT,DRIVER_COUNT_16YR,DRIVER_COUNT_17YR,DRIVER_COUNT_18YR,DRIVER_COUNT_19YR,DRIVER_COUNT_20YR,DRIVER_COUNT_50_64YR,DRIVER_COUNT_65_74YR,DRIVER_COUNT_75PLUS,EST_HRS_CLOSED,FATAL_COUNT,HEAVY_TRUCK_COUNT,HORSE_BUGGY_COUNT,HOUR_OF_DAY,ILLUMINATION,INJURY_COUNT,INTERSECT_TYPE,INTERSECTION_RELATED,LANE_CLOSED,LATITUDE,LN_CLOSE_DIR,LOCATION_TYPE,LONGITUDE,MAX_SEVERITY_LEVEL,MCYCLE_DEATH_COUNT,MCYCLE_SUSP_SERIOUS_INJ_COUNT,MOTORCYCLE_COUNT,MUNICIPALITY,NONMOTR_COUNT,NONMOTR_DEATH_COUNT,NONMOTR_SUSP_SERIOUS_INJ_COUNT,NTFY_HIWY_MAINT,PED_COUNT,PED_DEATH_COUNT,PED_SUSP_SERIOUS_INJ_COUNT,PERSON_COUNT,POLICE_AGCY,POSSIBLE_INJ_COUNT,RDWY_SURF_TYPE_CD,RELATION_TO_ROAD,ROAD_CONDITION,ROADWAY_CLEARED,SCH_BUS_IND,SCH_ZONE_IND,SECONDARY_CRASH,SMALL_TRUCK_COUNT,SPEC_JURIS_CD,SUSP_MINOR_INJ_COUNT,SUSP_SERIOUS_INJ_COUNT,SUV_COUNT,TCD_FUNC_CD,TCD_TYPE,TFC_DETOUR_IND,TIME_OF_DAY,TOT_INJ_COUNT,TOTAL_UNITS,UNB_DEATH_COUNT,UNB_SUSP_SERIOUS_INJ_COUNT,UNBELTED_OCC_COUNT,UNK_INJ_DEG_COUNT,UNK_INJ_PER_COUNT,URBAN_AREA,URBAN_RURAL,VAN_COUNT,VEHICLE_COUNT,WEATHER1,WEATHER2,WORK_ZONE_IND,WORK_ZONE_LOC,WORK_ZONE_TYPE,WORKERS_PRES,WZ_CLOSE_DETOUR,WZ_FLAGGER,WZ_LAW_OFFCR_IND,WZ_LN_CLOSURE,WZ_MOVING,WZ_OTHER,WZ_SHLDER_MDN,WZ_WORKERS_INJ_KILLED
2008072080,1625,2,0,0,0,0,0,0,0,0,4,0,,67,4,2008,3,40.0352,-75.1455,1625.0,6,0,0,1,0,0,0,0,0,,0,0,0,14,1,1,1,,0,40 02:06.720,,0,75 08:43.800,4,0,0,0,67301,0,0,0,N,0,0,0,5,67301,1,,1,1,,N,N,,0,,0,0,0,3.0,2,,1407,1,2,0,0,1,0,0,3,4,0,2,3,,N,,,,,,,,,,,
2008069664,1510,4,0,0,0,0,0,0,0,0,1,0,,67,4,2008,1,39.9112,-75.2303,1509.0,6,1,0,0,0,0,1,0,0,,0,0,0,15,1,1,1,,0,39 54:40.324,,0,75 13:49.224,4,0,0,0,67301,0,0,0,N,0,0,0,5,67301,1,,1,1,,N,N,,0,,0,0,0,3.0,2,,1509,1,5,0,0,0,0,0,3,4,1,5,3,,N,,,,,,,,,,,
2008109358,142,1,0,0,0,0,0,0,0,0,7,0,,67,9,2008,1,40.0059,-75.0747,142.0,6,0,0,0,0,0,0,0,0,1.0,0,0,0,1,3,0,0,,1,40 00:21.602,1.0,0,75 04:28.635,0,0,0,0,67301,0,0,0,N,0,0,0,1,68K01,0,,3,9,,N,N,,0,,0,0,0,0.0,0,N,140,0,1,0,0,0,0,0,3,4,0,1,7,,N,,,,,,,,,,,
2008069689,2015,2,0,0,0,0,0,0,0,0,1,0,,67,4,2008,4,40.0322,-75.0368,2010.0,6,0,0,0,0,0,1,0,0,,0,0,0,20,3,2,1,,0,40 01:56.092,,0,75 02:12.612,4,0,0,0,67301,0,0,0,N,0,0,0,4,67301,2,,1,1,,N,N,,0,,0,0,0,3.0,2,,2007,2,2,0,0,1,0,0,3,4,0,2,3,,N,,,,,,,,,,,
2008109386,2339,2,0,0,0,0,0,0,0,0,4,0,,67,8,2008,1,39.9587,-75.2394,2334.0,6,0,1,0,0,0,0,0,0,,0,0,0,22,3,0,1,,0,39 57:31.262,,0,75 14:21.889,0,0,0,0,67301,0,0,0,N,0,0,0,2,67301,0,,1,1,,N,N,,0,,0,0,0,3.0,2,,2245,0,2,0,0,0,0,0,3,4,0,2,3,,N,,,,,,,,,,,
2008120060,935,1,0,0,0,0,0,0,0,0,8,0,,67,9,2008,5,40.0424,-75.1401,930.0,6,0,0,0,0,0,0,0,0,,0,0,0,8,1,1,2,,0,40 02:32.676,,0,75 08:24.399,4,0,0,0,67301,1,0,0,N,1,0,0,2,67301,1,,1,1,,N,N,,0,,0,0,0,3.0,3,,855,1,2,0,0,0,0,1,3,4,0,1,3,,N,,,,,,,,,,,
2008120235,2044,2,0,0,0,0,0,0,0,0,2,0,,67,9,2008,5,40.0315,-75.1621,2044.0,6,0,0,0,0,0,0,0,0,,0,0,0,20,3,1,2,,0,40 01:53.313,,0,75 09:43.732,3,0,0,0,67301,0,0,0,N,0,0,0,2,67301,0,,1,9,,N,N,,0,,1,0,0,3.0,3,,2030,1,2,0,0,0,0,1,3,4,0,2,7,,N,,,,,,,,,,,
2008112129,643,2,0,0,0,0,0,0,0,0,5,0,,67,9,2008,1,39.9921,-75.2021,632.0,6,0,0,0,0,0,0,0,0,,0,0,0,6,1,0,0,,0,39 59:33.940,,0,75 12:03.310,0,0,0,0,67301,0,0,0,N,0,0,0,3,68K01,0,,1,9,,N,N,,1,,0,0,0,0.0,0,,630,0,3,0,0,0,0,0,3,4,0,3,7,,N,,,,,,,,,,,
2008132948,1101,2,0,0,0,0,0,0,0,0,4,0,,67,10,2008,7,39.9382,-75.1629,1101.0,6,0,0,0,0,0,0,0,0,,0,0,0,11,1,0,2,,0,39 56:17.498,,0,75 09:46.321,0,0,0,0,67301,0,0,0,N,0,0,0,2,67301,0,,1,9,,N,N,,0,,0,0,0,3.0,3,,1101,0,2,0,0,0,0,0,3,4,0,2,7,,N,,,,,,,,,,,
2008063704,2347,1,0,0,0,0,0,0,0,0,7,0,,67,5,2008,5,39.9602,-75.1407,2337.0,6,0,0,0,1,0,0,0,0,3.0,0,0,0,23,3,0,0,,2,39 57:20.329,2.0,0,75 08:29.717,0,0,0,0,67301,0,0,0,N,0,0,0,1,68K01,0,,2,1,,N,N,,0,,0,0,0,0.0,0,N,2331,0,1,0,0,0,0,0,3,4,0,1,3,,N,,,,,,,,,,,
2008061181,1243,2,0,0,0,0,0,0,0,0,6,0,,67,4,2008,1,39.9421,-75.2387,1243.0,6,0,0,0,0,0,0,0,0,,0,0,0,12,1,3,2,,0,39 56:31.611,,0,75 14:19.326,4,0,0,0,67301,0,0,0,,0,0,0,3,67301,3,,1,1,,N,N,,0,,0,0,0,0.0,0,,1228,3,2,0,0,0,0,0,3,4,0,2,3,,N,,,,,,,,,,,
2008061202,1950,2,0,0,0,0,0,0,0,0,1,0,,67,3,2008,1,40.0336,-75.0783,1930.0,6,0,0,0,0,0,0,0,0,9.0,0,0,0,99,3,3,1,,1,40 02:00.600,2.0,0,75 04:41.880,4,0,0,0,67301,0,0,0,,0,0,0,6,67301,3,,1,1,,N,N,,0,,0,0,0,0.0,0,N,9999,3,3,0,0,0,0,2,3,4,1,3,3,,N,,,,,,,,,,,
2008059213,946,0,0,0,0,0,0,1,0,0,8,1,,67,4,2008,3,40.0233,-75.0768,945.0,6,0,0,0,0,0,0,0,0,,0,0,0,99,1,1,10,,0,40 01:23.700,,7,75 04:36.638,8,0,0,0,67301,1,0,0,N,1,0,0,2,67301,0,,1,9,,N,N,,0,,0,0,0,0.0,0,,9999,1,2,0,0,0,1,0,3,4,0,1,7,,N,,,,,,,,,,,
2008059274,1150,0,0,0,0,0,0,0,0,0,8,0,,67,4,2008,3,39.9526,-75.1485,1150.0,6,0,0,0,0,0,0,0,0,,0,0,0,11,1,1,1,,0,39 57:09.283,,0,75 08:54.471,4,0,0,0,67301,1,0,0,N,1,0,0,2,67301,1,,1,1,,N,N,,0,,0,0,1,3.0,2,,1150,1,2,0,0,0,0,0,3,4,0,1,3,,N,,,,,,,,,,,
2008058071,1207,2,0,0,0,0,0,0,0,0,4,0,,67,3,2008,3,39.9907,-75.2214,1204.0,6,0,0,0,0,0,1,0,0,,0,0,0,12,1,0,0,,0,39 59:26.376,,7,75 13:17.032,9,0,0,0,67301,0,0,0,N,0,0,0,2,67301,0,,1,1,,N,N,,0,,0,0,0,0.0,0,,1200,0,2,0,0,0,0,2,3,4,0,2,3,,N,,,,,,,,,,,
2008060678,2133,2,0,0,0,0,0,0,0,0,5,0,,67,3,2008,6,39.9357,-75.2285,2130.0,6,0,0,0,0,0,1,0,0,,0,0,0,21,3,1,0,,0,39 56:08.696,,0,75 13:42.679,8,0,0,0,67301,0,0,0,N,0,0,0,8,67301,0,,6,9,,N,N,,0,,0,0,0,3.0,2,,2120,1,2,0,0,6,1,0,3,4,0,2,7,,N,,,,,,,,,,,
2008060613,654,2,0,0,0,0,0,0,0,0,4,0,,67,2,2008,3,40.0287,-75.2055,654.0,6,0,0,0,0,0,0,0,0,9.0,0,0,0,6,1,1,1,,1,40 01:43.183,5.0,0,75 12:19.910,8,0,0,0,67301,0,0,0,N,0,0,0,2,67301,0,,1,1,,N,N,,0,,0,0,0,9.0,2,N,654,1,2,0,0,0,1,0,3,4,0,2,3,,N,,,,,,,,,,,
2008057997,25,2,0,0,0,0,0,0,0,0,6,0,,67,4,2008,7,39.9786,-75.2137,21.0,6,0,0,0,1,0,0,0,0,,0,0,0,0,3,3,1,,0,39 58:42.600,,0,75 12:48.960,4,0,0,0,67301,0,0,0,N,0,0,0,3,67301,2,,1,1,,N,N,,0,,0,0,0,3.0,2,,20,3,2,0,0,0,1,0,3,4,0,2,3,,N,,,,,,,,,,,
2008057855,317,1,0,0,0,0,0,0,0,0,7,0,,67,3,2008,7,40.1169,-75.0197,315.0,6,0,0,0,0,0,0,0,0,,0,0,0,3,3,1,0,,0,40 07:00.828,,0,75 01:10.899,4,0,0,0,67301,0,0,0,N,0,0,0,1,67301,1,,2,9,,N,N,,0,,0,0,0,0.0,0,,314,1,1,0,0,1,0,0,3,4,0,1,7,,N,,,,,,,,,,,
2008053251,5,1,0,0,0,0,0,0,0,0,4,0,,67,1,2008,7,40.0317,-75.1789,5.0,6,0,0,0,0,0,0,0,0,,0,0,0,0,3,0,1,,0,40 01:54.261,,0,75 10:43.951,0,0,0,0,67301,0,0,0,N,0,0,0,2,67301,0,,1,1,,N,N,,0,,0,0,1,3.0,2,,0,0,2,0,0,0,0,0,3,4,0,2,3,,N,,,,,,,,,,,
2008046765,332,1,0,0,0,0,0,0,0,0,5,2,,67,3,2008,3,39.9731,-75.1202,325.0,6,0,0,0,0,0,0,0,0,6.0,0,2,0,3,3,3,0,,2,39 58:27.656,1.0,0,75 07:05.754,3,0,0,0,67301,0,0,0,Y,0,0,0,3,68K01,2,,1,1,,N,N,,0,,1,0,0,3.0,8,Y,325,3,3,0,0,2,0,0,3,4,0,3,3,,N,,,,,,,,,,,
2008044422,1018,2,0,0,0,0,0,0,0,0,4,0,,67,1,2008,1,40.0995,-74.9864,1016.0,6,0,0,0,0,0,1,0,0,,0,0,0,10,1,1,1,,0,40 05:58.224,,0,74 59:10.989,4,0,0,0,67301,0,0,0,N,0,0,0,2,67301,1,,7,1,,N,N,,0,,0,0,0,3.0,2,,1015,1,2,0,0,0,0,0,3,4,0,2,3,,N,,,,,,,,,,,
2008029495,920,0,0,0,0,0,0,1,0,0,1,1,,67,1,2008,3,39.9852,-75.1241,920.0,6,0,0,0,0,0,0,0,0,,0,0,0,9,1,3,1,,0,39 59:06.000,,0,75 07:26.845,4,0,0,0,67301,0,0,0,N,0,0,0,5,67301,3,,1,1,,N,N,,1,,0,0,0,0.0,0,,909,3,2,0,0,0,0,0,3,4,0,2,3,,N,,,,,,,,,,,
2008040276,2020,0,0,0,0,0,0,0,0,0,8,0,,67,2,2008,6,39.9715,-75.2258,2012.0,6,0,0,0,0,0,0,0,0,,0,0,0,8,3,1,1,,0,39 58:17.000,,0,75 13:33.023,4,0,0,0,67301,1,0,0,N,1,0,0,2,67301,1,,1,1,,N,N,,0,,0,0,0,3.0,2,,810,1,2,0,0,0,0,0,3,4,1,1,3,,N,,,,,,,,,,,
2008022878,144,2,0,0,0,0,0,0,0,0,1,0,,67,2,2008,1,40.0017,-75.2255,140.0,6,0,0,1,0,0,0,0,0,1.0,0,0,0,1,3,0,0,,1,40 00:09.000,2.0,0,75 13:23.737,9,0,0,0,67301,0,0,0,N,0,0,0,6,46104,0,,1,1,,N,N,,0,,0,0,0,0.0,0,Y,140,0,2,0,0,0,0,2,3,4,0,2,3,,N,,,,,,,,,,,
2008060224,1535,0,0,0,0,0,0,0,0,0,8,0,,67,3,2008,6,40.1112,-74.9917,1530.0,6,0,0,0,0,0,0,0,0,,0,0,0,99,3,1,0,,0,40 06:40.398,,0,74 59:30.088,3,0,0,0,67301,1,0,0,N,1,0,0,2,67301,0,,4,1,,N,N,,0,,1,0,0,0.0,0,,9999,1,2,0,0,0,0,0,3,4,0,1,3,,N,,,,,,,,,,,
2008047380,540,1,0,0,0,0,0,0,0,0,7,0,,67,1,2008,4,39.903,-75.1505,538.0,6,0,0,0,0,0,0,0,0,1.0,0,0,0,5,5,0,7,,2,39 54:07.830,1.0,2,75 09:04.300,0,0,0,0,67301,0,0,0,N,0,0,0,1,67301,0,,2,9,,N,N,,0,,0,0,0,0.0,0,N,538,0,1,0,0,0,0,0,3,4,0,1,7,,N,,,,,,,,,,,
2008027052,1905,2,0,0,0,0,0,0,0,0,1,0,,67,1,2008,1,40.0304,-75.0646,1900.0,6,0,0,0,0,0,0,0,0,,0,0,0,18,3,1,0,,0,40 01:49.000,,0,75 03:52.761,8,0,0,0,67301,0,0,0,,0,0,0,4,67301,0,,1,9,,,,,0,,0,0,1,0.0,0,,1830,1,3,0,0,0,1,0,3,4,0,3,7,,N,,,,,,,,,,,
2008057113,1205,2,0,0,0,0,0,0,0,0,1,0,,67,3,2008,3,40.0614,-75.0839,1200.0,6,0,0,0,0,0,0,0,0,,0,0,0,12,1,2,3,,0,40 03:41.186,,0,75 05:01.883,4,0,0,0,67301,0,0,0,N,0,0,0,3,67301,2,,1,1,,N,N,,0,,0,0,0,3.0,3,,1200,2,2,0,0,0,0,0,3,4,0,2,3,,N,,,,,,,,,,,
2008057237,1944,1,0,0,0,0,0,0,0,0,1,0,,67,4,2008,5,39.9727,-75.204,1941.0,6,0,0,0,0,0,0,0,0,,0,0,0,19,1,1,1,,0,39 58:21.766,,0,75 12:14.569,8,0,0,0,67301,0,0,0,N,0,0,0,2,67301,0,,1,1,,N,N,,1,,0,0,0,3.0,2,,1905,1,2,0,0,0,1,0,3,4,0,2,3,,N,,,,,,,,,,,
2008057242,1543,2,0,0,0,0,0,0,0,0,1,0,,67,3,2008,1,40.0317,-75.0533,1540.0,6,0,0,0,0,0,0,0,0,1.0,0,0,0,15,1,1,5,,1,40 01:54.268,2.0,0,75 03:11.671,8,0,0,0,67301,0,0,0,N,0,0,0,4,67301,0,,1,1,,N,N,,0,,0,0,0,3.0,2,N,1535,1,2,0,0,0,1,0,3,4,0,2,3,,N,,,,,,,,,,,
2008057327,1449,1,0,0,0,0,0,0,0,0,8,0,,67,3,2008,3,40.0444,-75.0726,1448.0,6,0,0,0,0,0,0,0,0,,0,0,0,14,1,0,1,,0,40 02:18.389,,0,75 04:41.971,0,0,0,0,67301,1,0,0,N,1,0,0,2,67301,0,,1,1,,N,N,,0,,0,0,0,3.0,2,,1435,0,2,0,0,0,0,0,3,4,0,1,3,,N,,,,,,,,,,,
2008040045,9999,1,0,0,0,0,0,0,0,0,7,0,,67,1,2008,2,40.045,-75.1719,142.0,6,0,0,0,0,0,0,0,0,,0,0,0,1,3,2,1,,0,40 02:42.018,,0,75 10:18.832,8,0,0,0,67301,0,0,0,N,0,0,0,2,67301,0,,5,1,,N,N,,0,,0,0,0,3.0,3,,142,2,1,0,0,0,2,0,3,4,0,1,3,,N,,,,,,,,,,,
2008063157,652,0,0,0,0,0,0,0,0,0,1,0,,67,5,2008,4,39.9838,-75.0974,638.0,6,0,0,0,0,0,1,0,0,1.0,0,0,0,6,1,1,0,,1,39 59:01.498,2.0,0,75 05:50.754,4,0,0,1,67301,0,0,0,N,0,0,0,2,68K01,1,,1,1,,N,N,,1,,0,0,0,0.0,0,Y,634,1,2,0,0,0,0,0,3,4,0,2,3,,N,,,,,,,,,,,
2008057803,2150,0,0,0,0,0,0,0,0,0,7,0,,67,3,2008,5,40.1116,-75.001,2143.0,6,0,0,0,0,0,0,0,0,,0,0,0,21,2,2,0,,0,40 06:41.682,,0,75 00:03.490,4,0,0,0,67301,0,0,0,N,0,0,0,2,67301,2,,5,1,,N,N,,0,,0,0,1,0.0,0,,2142,2,1,0,0,0,0,0,3,4,0,1,3,,N,,,,,,,,,,,
2008023734,1555,1,0,0,0,0,0,0,0,0,4,0,,67,1,2008,7,39.9165,-75.2458,1550.0,6,1,0,0,0,0,0,0,0,,0,0,0,15,1,2,2,,0,39 54:59.000,,0,75 14:45.222,3,0,0,0,67301,0,0,0,,0,0,0,3,67301,0,,1,1,,,,,0,,2,0,1,3.0,3,,1544,2,2,0,0,0,0,0,3,4,0,2,3,,N,,,,,,,,,,,
2008009566,1538,2,0,0,0,0,0,0,0,0,2,0,,67,1,2008,6,40.0808,-75.2027,1533.0,6,0,0,1,0,0,0,0,1,1.0,0,0,0,15,1,0,1,,1,40 04:51.000,1.0,0,75 12:09.606,0,0,0,0,67301,0,0,0,N,0,0,0,3,46108,0,,1,1,,Y,N,,0,,0,0,0,3.0,2,N,1530,0,2,0,0,0,0,0,3,4,0,2,3,,N,,,,,,,,,,,
2008042184,1549,0,0,0,1,0,0,0,0,0,4,0,,67,2,2008,5,39.9221,-75.1616,1545.0,6,0,0,0,0,0,0,0,0,,0,0,0,13,1,1,1,,0,39 55:19.419,,0,75 09:41.738,4,0,0,0,67301,1,0,0,N,0,0,0,2,67301,1,,1,1,,N,N,,0,,0,0,0,3.0,3,,1315,1,2,0,0,0,0,0,3,4,1,1,3,,N,,,,,,,,,,,
2008119027,1118,1,0,0,0,0,0,0,0,0,2,0,,67,9,2008,4,39.95,-75.163,1118.0,6,0,0,0,0,0,0,0,0,9.0,0,0,0,11,1,1,2,,2,39 56:59.866,2.0,0,75 09:46.799,4,0,0,0,67301,0,0,0,N,0,0,0,4,67301,1,,1,1,,N,N,,1,,0,0,0,3.0,3,Y,1113,1,2,0,0,0,0,0,3,4,0,2,99,,N,,,,,,,,,,,
2008119107,2120,1,0,0,0,0,0,0,0,0,4,0,,67,9,2008,7,40.0667,-75.178,2118.0,6,0,0,0,0,0,0,0,0,2.0,0,0,0,21,3,5,1,,2,40 04:00.294,1.0,0,75 10:40.851,4,0,0,0,67301,0,0,0,N,0,0,0,6,67301,5,,1,1,,N,N,,0,,0,0,0,3.0,3,Y,2115,5,2,0,0,0,0,0,3,4,1,2,3,,N,,,,,,,,,,,
2008119119,1115,1,0,0,0,0,0,0,0,0,5,0,,67,10,2008,7,39.9428,-75.1657,1113.0,6,0,0,0,0,0,0,0,0,,0,0,0,11,1,1,0,,0,39 56:33.857,,0,75 09:56.710,4,0,0,1,67301,0,0,0,N,0,0,0,2,67301,1,,1,1,,N,N,,0,,0,0,0,3.0,2,,1110,1,2,0,0,0,0,0,3,4,0,2,3,,N,,,,,,,,,,,
2008114223,1528,1,0,0,0,0,0,0,0,0,7,0,,67,10,2008,2,39.9822,-75.1008,1521.0,6,0,0,0,0,0,0,0,0,1.0,0,0,0,15,1,1,0,,1,39 58:59.318,2.0,0,75 05:55.548,4,0,0,0,67301,0,0,0,N,0,0,0,1,68K01,1,,2,1,,N,N,,0,,0,0,0,0.0,0,N,1519,1,1,0,0,0,0,0,3,4,0,1,3,,N,,,,,,,,,,,
2008085516,1503,3,0,0,0,0,0,1,0,0,1,1,,67,7,2008,1,40.0072,-75.2138,1501.0,6,0,0,0,0,0,0,1,0,,0,0,0,15,1,2,0,,0,40 00:25.856,,0,75 12:49.907,4,0,0,0,67301,0,0,0,N,0,0,0,10,46104,1,,1,1,,N,N,,0,,0,0,0,0.0,0,,1501,2,4,0,0,0,1,1,3,4,0,4,3,,N,,,,,,,,,,,
2008072593,1110,2,0,0,0,0,0,0,0,0,4,0,,67,4,2008,5,39.9548,-75.228,1110.0,6,0,0,1,0,0,0,0,0,,0,0,0,11,1,2,1,,0,39 57:17.442,,0,75 13:40.835,4,0,0,0,67301,0,0,0,,0,0,0,2,67301,2,,1,1,,N,N,,0,,0,0,0,3.0,2,,1110,2,2,0,0,1,0,0,3,4,0,2,3,,N,,,,,,,,,,,
2008072773,107,3,0,0,0,0,0,0,0,0,5,0,,67,4,2008,6,40.0631,-75.1583,101.0,6,0,0,0,0,0,0,0,0,,0,0,0,0,3,1,2,,0,40 03:47.037,,0,75 09:29.793,8,0,0,0,67301,1,0,0,N,0,0,0,3,67301,0,,1,1,,N,N,,0,,0,0,0,3.0,3,,53,1,3,0,0,0,1,0,3,4,0,3,3,,N,,,,,,,,,,,
2008082628,904,1,0,0,1,0,0,0,0,0,4,0,,67,5,2008,4,39.9608,-75.1434,902.0,6,0,0,0,0,0,0,0,0,1.0,0,0,0,8,1,1,1,,2,39 57:38.777,1.0,0,75 08:35.842,8,0,0,0,67301,1,0,0,N,0,0,0,2,67301,0,,1,1,,N,N,,0,,0,0,0,3.0,2,N,855,1,2,0,0,0,1,0,3,4,0,1,3,,N,,,,,,,,,,,
2008082645,1525,0,0,0,0,0,0,0,0,0,8,0,,67,5,2008,2,39.9644,-75.1777,1505.0,6,0,0,0,0,0,0,0,0,,0,0,0,14,1,1,10,,0,39 57:52.244,,0,75 10:40.261,8,0,0,0,67301,1,0,0,N,1,0,0,2,67301,0,,1,1,,N,N,,0,,0,0,0,3.0,2,,1455,1,2,0,0,0,1,0,3,4,1,1,3,,N,,,,,,,,,,,
2008082472,403,1,0,0,0,0,0,0,0,0,7,0,,67,5,2008,1,40.0038,-75.0781,403.0,6,0,0,0,0,0,0,0,0,,0,0,0,4,3,1,0,,0,40 00:13.489,,0,75 04:41.331,8,0,0,0,67301,0,0,0,,0,0,0,1,67301,0,,2,1,,N,N,,0,,0,0,0,0.0,0,,402,1,1,0,0,0,1,0,3,4,0,1,3,,N,,,,,,,,,,,
2008069869,1806,3,0,0,0,0,0,0,0,0,1,0,,67,6,2008,6,39.9659,-75.1866,1759.0,6,0,0,0,0,0,0,0,0,1.0,0,0,0,17,1,1,0,,2,39 57:58.018,4.0,0,75 11:12.093,4,0,0,0,67301,0,0,0,N,0,0,0,7,68K01,1,,1,1,,N,N,,0,,0,0,0,0.0,0,N,1755,1,3,0,0,0,0,0,3,4,0,3,3,,N,,,,,,,,,,,
2008069697,2320,1,0,0,0,0,0,0,0,0,1,0,,67,4,2008,1,40.0233,-75.1136,2315.0,6,0,0,1,0,0,0,0,0,,0,0,0,23,3,4,2,,0,40 01:23.984,,0,75 06:48.887,4,0,0,0,67301,0,0,0,N,0,0,0,5,67301,4,,1,1,,N,N,,1,,0,0,0,3.0,3,,2314,4,2,0,0,4,0,1,3,4,0,2,3,,N,,,,,,,,,,,
2008058967,610,2,0,0,0,0,0,0,0,0,1,0,,67,3,2008,2,,,610.0,6,0,0,0,0,0,0,0,0,,0,0,0,6,1,1,0,,0,,,0,,4,0,0,0,67301,0,0,0,,0,0,0,2,67301,1,,1,9,,N,N,,0,,0,0,0,0.0,0,,610,1,2,0,0,0,0,0,3,3,0,2,7,,N,,,,,,,,,,,
2008053746,444,1,0,0,0,0,0,0,0,0,7,0,,67,2,2008,6,40.0176,-75.0483,437.0,6,0,0,0,0,0,0,1,0,,0,0,0,4,3,0,0,,0,40 01:07.179,,2,75 02:59.000,0,0,0,0,67301,0,0,0,N,0,0,0,1,67301,0,,2,7,,N,N,,0,,0,0,0,0.0,0,,428,0,1,0,0,0,0,0,3,4,0,1,10,,N,,,,,,,,,,,
2008056815,1944,1,0,0,0,0,0,0,0,0,8,0,,67,3,2008,4,40.0142,-75.178,1941.0,6,0,0,0,0,0,0,0,0,2.0,1,0,0,19,3,0,0,,2,40 00:51.251,5.0,0,75 10:40.872,1,0,0,0,67301,1,1,0,N,1,1,0,2,67301,0,2.0,1,9,,N,N,,0,0.0,0,0,0,0.0,0,Y,1940,0,2,0,0,0,0,0,3,4,0,1,7,,N,,,,,,,,,,,
2008054077,0,1,0,0,0,0,0,0,0,0,4,0,,67,3,2008,3,40.0132,-75.0704,2359.0,6,0,0,0,0,0,0,0,0,3.0,0,0,0,23,3,1,1,,2,40 00:47.439,6.0,0,75 04:13.514,8,0,0,0,67301,0,0,0,Y,0,0,0,7,67301,0,,1,1,,N,N,,0,,0,0,0,3.0,2,Y,2357,1,2,0,0,1,1,0,3,4,1,2,3,,N,,,,,,,,,,,
2008054220,9999,2,0,0,0,0,0,0,0,0,4,0,,67,3,2008,4,39.98,-75.1161,9999.0,6,0,0,0,0,0,0,1,0,,0,0,0,9,1,0,2,,0,39 58:48.215,,0,75 06:57.922,0,0,0,0,67301,0,0,0,N,0,0,0,2,67301,0,,1,9,,N,N,,0,,0,0,0,3.0,2,,900,0,2,0,0,0,0,0,3,4,0,2,7,,N,,,,,,,,,,,
2008051753,1153,1,0,0,0,0,0,1,0,0,4,1,,67,2,2008,6,39.9956,-75.0883,1150.0,6,0,0,0,0,0,1,0,0,,0,0,0,11,1,1,0,,0,39 59:44.224,,0,75 05:17.901,4,0,0,0,67301,0,0,0,N,0,0,0,3,67301,1,,1,7,,Y,N,,0,,0,0,0,0.0,0,,1140,1,2,0,0,0,0,0,3,4,0,2,10,,N,,,,,,,,,,,
2008046785,329,1,0,0,0,0,0,0,0,0,7,0,,67,4,2008,6,39.9787,-75.2031,325.0,6,0,0,0,0,0,0,0,0,2.0,0,0,0,3,3,0,0,,1,39 58:45.969,3.0,0,75 12:15.125,0,0,0,0,67301,0,0,0,N,0,0,0,1,68K01,0,,2,9,,N,N,,0,,0,0,0,0.0,0,N,321,0,1,0,0,0,0,0,3,4,0,1,7,,N,,,,,,,,,,,
2008060580,738,1,0,0,0,0,0,1,0,0,5,1,,67,3,2008,2,39.9534,-75.1371,738.0,6,0,0,0,0,0,0,1,0,,0,0,0,7,1,0,0,,0,39 57:12.330,,3,75 08:13.615,0,0,0,0,67301,0,0,0,N,0,0,0,2,67501,0,,1,1,,N,N,,0,,0,0,0,3.0,8,,738,0,2,0,0,0,0,0,3,4,0,2,3,,N,,,,,,,,,,,
2008060617,1710,1,0,0,0,0,0,0,0,0,1,1,,67,3,2008,5,39.9034,-75.1584,1620.0,6,0,0,0,1,0,0,0,0,,0,1,0,15,1,0,1,,0,39 54:12.402,,0,75 09:30.391,0,0,0,0,67301,0,0,0,N,0,0,0,6,67301,0,,1,1,,N,N,,0,,0,0,0,3.0,2,,1512,0,2,0,0,0,0,0,3,4,0,2,3,,N,,,,,,,,,,,
2008044293,1540,2,0,0,0,0,0,0,0,0,4,0,,67,2,2008,6,40.0645,-75.0283,1535.0,6,0,0,0,0,0,0,0,0,,0,0,0,15,1,1,2,,0,40 03:52.185,,0,75 01:41.941,4,0,0,0,67301,0,0,0,N,0,0,0,3,67301,1,,1,9,,N,N,,0,,0,0,0,0.0,0,,1530,1,2,0,0,0,0,0,3,4,0,2,7,,N,,,,,,,,,,,