CRN,ARRIVAL_TM,AUTOMOBILE_COUNT,BELTED_DEATH_COUNT,BELTED_SUSP_SERIOUS_INJ_COUNT,BICYCLE_COUNT,BICYCLE_DEATH_COUNT,BICYCLE_SUSP_SERIOUS_INJ_COUNT,BUS_COUNT,CHLDPAS_DEATH_COUNT,CHLDPAS_SUSP_SERIOUS_INJ_COUNT,COLLISION_TYPE,COMM_VEH_COUNT,CONS_ZONE_SPD_LIM,COUNTY,CRASH_MONTH,CRASH_YEAR,DAY_OF_WEEK,DEC_LAT,DEC_LONG,DISPATCH_TM,DISTRICT,DRIVER_COUNT_16YR,DRIVER_COUNT_17YR,DRIVER_COUNT_18YR,DRIVER_COUNT_19YR,DRIVER_COUNT_20YR,DRIVER_COUNT_50_64YR,DRIVER_COUNT_65_74YR,DRIVER_COUNT_75PLUS,EST_HRS_CLOSED,FATAL_COUNT,HEAVY_TRUCK_COUNT,HORSE_BUGGY_COUNT,HOUR_OF_DAY,ILLUMINATION,INJURY_COUNT,INTERSECT_TYPE,INTERSECTION_RELATED,LANE_CLOSED,LATITUDE,LN_CLOSE_DIR,LOCATION_TYPE,LONGITUDE,MAX_SEVERITY_LEVEL,MCYCLE_DEATH_COUNT,MCYCLE_SUSP_SERIOUS_INJ_COUNT,MOTORCYCLE_COUNT,MUNICIPALITY,NONMOTR_COUNT,NONMOTR_DEATH_COUNT,NONMOTR_SUSP_SERIOUS_INJ_COUNT,NTFY_HIWY_MAINT,PED_COUNT,PED_DEATH_COUNT,PED_SUSP_SERIOUS_INJ_COUNT,PERSON_COUNT,POLICE_AGCY,POSSIBLE_INJ_COUNT,RDWY_SURF_TYPE_CD,RELATION_TO_ROAD,ROAD_CONDITION,ROADWAY_CLEARED,SCH_BUS_IND,SCH_ZONE_IND,SECONDARY_CRASH,SMALL_TRUCK_COUNT,SPEC_JURIS_CD,SUSP_MINOR_INJ_COUNT,SUSP_SERIOUS_INJ_COUNT,SUV_COUNT,TCD_FUNC_CD,TCD_TYPE,TFC_DETOUR_IND,TIME_OF_DAY,TOT_INJ_COUNT,TOTAL_UNITS,UNB_DEATH_COUNT,UNB_SUSP_SERIOUS_INJ_COUNT,UNBELTED_OCC_COUNT,UNK_INJ_DEG_COUNT,UNK_INJ_PER_COUNT,URBAN_AREA,URBAN_RURAL,VAN_COUNT,VEHICLE_COUNT,WEATHER1,WEATHER2,WORK_ZONE_IND,WORK_ZONE_LOC,WORK_ZONE_TYPE,WORKERS_PRES,WZ_CLOSE_DETOUR,WZ_FLAGGER,WZ_LAW_OFFCR_IND,WZ_LN_CLOSURE,WZ_MOVING,WZ_OTHER,WZ_SHLDER_MDN,WZ_WORKERS_INJ_KILLED
2008044431,1830,1,0,0,0,0,0,0,0,0,8,0,,67,1,2008,2,39.9196,-75.2402,1828.0,6,0,0,0,0,0,0,0,0,,0,0,0,18,3,1,1,,0,39 55:10.650,,0,75 14:24.889,4,0,0,0,67301,1,0,0,N,1,0,0,2,67301,1,,1,1,,N,N,,0,,0,0,0,3.0,2,,1818,1,2,0,0,0,0,0,3,4,0,1,3,,N,,,,,,,,,,,
2008044449,113,1,0,0,0,0,0,0,0,0,8,0,,67,1,2008,7,39.9464,-75.1603,111.0,6,0,0,0,0,0,0,0,0,,0,0,0,99,3,1,1,,0,39 56:47.126,,0,75 09:37.094,8,0,0,0,67301,1,0,0,N,1,0,0,2,67301,0,,1,1,,N,N,,0,,0,0,0,9.0,3,,9999,1,2,0,0,0,1,0,3,4,0,1,3,,N,,,,,,,,,,,
2008029501,1741,2,0,0,0,0,0,0,0,0,1,0,,67,1,2008,5,39.9523,-75.1409,1735.0,6,0,0,0,0,0,0,0,0,1.0,0,0,0,17,3,1,0,,2,39 56:59.000,1.0,2,75 08:28.336,4,0,0,0,67301,0,0,0,N,0,0,0,3,67301,1,,1,1,,N,N,,0,,0,0,0,0.0,0,Y,1725,1,2,0,0,2,0,0,3,4,0,2,3,,N,,,,,,,,,,,
2008027213,1225,1,0,0,0,0,0,0,0,0,8,0,,67,1,2008,4,40.0317,-75.1788,1224.0,6,0,0,0,0,0,0,0,0,,0,0,0,12,1,1,0,,0,40 01:54.000,,7,75 10:43.749,4,0,0,0,67301,1,0,0,N,1,0,0,2,67301,1,,1,1,,N,N,,0,,0,0,0,0.0,0,,1219,1,2,0,0,0,0,0,3,4,0,1,3,,N,,,,,,,,,,,
2008027221,1812,1,0,0,0,0,0,0,0,0,8,0,,67,1,2008,3,39.922,-75.151,1810.0,6,0,0,0,0,0,1,0,0,,0,0,0,18,3,1,1,,0,39 55:19.000,,0,75 09:03.502,4,0,0,0,67301,1,0,0,N,1,0,0,2,67301,1,,1,1,,N,N,,0,,0,0,0,3.0,7,,1805,1,2,0,0,0,0,0,3,4,0,1,3,,N,,,,,,,,,,,
2008027229,1620,2,0,0,0,0,0,0,0,0,2,0,,67,1,2008,5,40.0144,-75.0548,1600.0,6,0,0,0,0,0,0,0,0,,0,0,0,15,1,1,0,,0,40 00:52.000,,7,75 03:15.965,4,0,0,0,67301,0,0,0,,0,0,0,2,67301,1,,1,1,,,,,0,,0,0,0,0.0,0,,1555,1,2,0,0,0,0,0,3,4,0,2,3,,N,,,,,,,,,,,
2008068555,1827,2,0,0,0,0,0,0,0,0,1,0,,67,5,2008,4,39.9585,-75.1675,1820.0,6,0,0,0,0,1,0,1,0,,0,0,0,18,1,0,0,,0,39 57:30.378,,0,75 10:02.190,0,0,0,0,67301,0,0,0,N,0,0,0,3,68K01,0,,1,1,,N,N,,0,,0,0,0,0.0,0,,1814,0,2,0,0,0,0,0,3,4,0,2,3,,N,,,,,,,,,,,
2008019960,1558,2,0,0,0,0,0,0,0,0,4,0,,67,1,2008,4,39.997,-75.2353,1558.0,6,0,0,0,0,0,1,0,0,,0,0,0,15,1,2,1,,0,39 59:52.000,,0,75 14:01.194,4,0,0,0,67301,0,0,0,N,0,0,0,3,46104,2,,1,1,,N,N,,0,,0,0,0,3.0,2,,1535,2,2,0,0,0,0,0,3,4,0,2,3,,N,,,,,,,,,,,
2008020023,1851,2,0,0,0,0,0,0,0,0,1,0,,67,2,2008,7,39.9895,-75.2062,1848.0,6,0,0,1,0,0,0,0,0,,0,0,0,18,3,1,0,,0,39 59:25.000,,0,75 12:19.048,8,0,0,0,67301,0,0,0,N,0,0,0,2,68K01,0,,1,1,,N,N,,0,,0,0,0,0.0,0,,1847,1,2,0,0,0,1,0,3,4,0,2,3,,N,,,,,,,,,,,
2008060233,1112,1,0,0,0,0,0,0,0,0,1,0,,67,3,2008,4,39.9597,-75.2474,1110.0,6,0,0,0,0,0,0,0,0,,0,0,0,11,1,3,2,,0,39 57:34.816,,0,75 14:50.654,8,0,0,0,67301,0,0,0,N,0,0,0,4,67301,0,,1,9,,N,N,,0,,0,0,0,3.0,2,,1110,3,2,0,0,0,3,0,3,4,1,2,7,,N,,,,,,,,,,,
2008059657,1238,2,0,0,0,0,0,0,0,0,4,0,,67,4,2008,3,39.9705,-75.1368,1232.0,6,0,0,0,0,0,0,1,0,,0,0,0,99,1,1,1,,0,39 58:13.918,,0,75 08:12.469,4,0,0,0,67301,0,0,0,N,0,0,0,3,67301,1,,1,1,,N,N,,0,,0,0,0,3.0,3,,9999,1,2,0,0,0,0,0,3,4,0,2,3,,N,,,,,,,,,,,
2008057141,827,0,0,0,0,0,0,0,0,0,8,0,,67,4,2008,5,39.96,-75.2371,821.0,6,0,0,0,0,0,0,0,0,,0,0,0,8,1,1,1,,0,39 57:35.838,,0,75 14:13.570,4,0,0,0,67301,1,0,0,N,1,0,0,6,67301,1,,1,1,,N,N,,0,,0,0,1,3.0,2,,819,1,2,0,0,1,0,0,3,4,0,1,3,,N,,,,,,,,,,,
2008057243,1833,2,0,0,0,0,0,0,0,0,4,0,,67,3,2008,1,40.0306,-75.0826,1829.0,6,0,0,0,0,1,0,0,0,2.0,0,0,0,18,1,2,1,,1,40 01:50.138,4.0,0,75 04:57.471,4,0,0,0,67301,0,0,0,N,0,0,0,4,67301,2,,1,1,,N,N,,0,,0,0,0,3.0,2,N,1827,2,2,0,0,0,0,1,3,4,0,2,3,,N,,,,,,,,,,,
2008057371,1804,2,0,0,0,0,0,0,0,0,1,0,,67,3,2008,2,40.021,-75.1262,1756.0,6,0,0,0,1,0,0,0,0,,0,0,0,17,1,1,0,,0,40 01:15.454,,0,75 07:34.448,4,0,0,0,67301,0,0,0,,0,0,0,2,67301,1,,1,9,,N,N,,0,,0,0,0,0.0,0,,1755,1,2,0,0,1,0,0,3,4,0,2,7,,N,,,,,,,,,,,
2008057612,910,1,0,0,0,0,0,0,0,0,1,0,,67,5,2008,5,40.0077,-75.2008,813.0,6,0,0,0,0,0,1,0,0,,0,0,0,8,1,1,0,,0,40 00:26.204,,0,75 11:59.015,8,0,0,0,67301,0,0,0,N,0,0,0,2,68K01,0,,1,1,,N,N,,1,,0,0,0,0.0,0,,800,1,2,0,0,0,1,0,3,4,0,2,3,,N,,,,,,,,,,,
2008044644,1600,1,0,0,0,0,0,0,0,0,4,0,,67,1,2008,2,40.1088,-75.0419,1800.0,6,0,0,0,0,1,0,0,0,1.0,0,0,0,16,1,2,1,,1,40 06:31.807,3.0,0,75 02:30.939,3,0,0,0,67301,0,0,0,,0,0,0,2,67301,0,,1,9,,,,,1,,2,0,0,3.0,2,N,1600,2,2,0,0,0,0,0,3,4,0,2,7,,N,,,,,,,,,,,
2008044669,1730,1,0,0,0,0,0,0,0,0,2,0,,67,1,2008,3,40.013,-75.1194,1715.0,6,0,0,0,0,1,0,0,0,,0,0,0,16,1,2,1,,0,40 00:46.714,,0,75 07:09.798,8,0,0,0,67301,0,0,0,N,0,0,0,3,67301,0,,1,9,,N,N,,1,,0,0,0,3.0,2,,1600,2,2,0,0,0,2,0,3,4,0,2,7,,N,,,,,,,,,,,
2008044693,334,1,0,0,0,0,0,0,0,0,7,0,,67,1,2008,1,40.0044,-75.0673,334.0,6,0,0,0,0,0,0,0,0,,0,0,0,3,6,1,0,,0,40 00:15.830,,0,75 04:02.161,4,0,0,0,67301,0,0,0,,0,0,0,1,67301,1,,2,98,,,,,0,,0,0,0,0.0,0,,325,1,1,0,0,0,0,0,3,4,0,1,99,,N,,,,,,,,,,,
2008027001,343,1,0,0,0,0,0,0,0,0,7,0,,67,1,2008,6,39.9667,-75.1337,339.0,6,0,0,0,0,0,0,0,0,,0,0,0,3,3,0,0,,0,39 58:00.000,,2,75 08:01.281,0,0,0,0,67301,0,0,0,N,0,0,0,1,67301,0,,2,9,,N,N,,0,,0,0,0,0.0,0,,339,0,1,0,0,0,0,0,3,4,0,1,7,,N,,,,,,,,,,,
2008119133,205,2,0,0,0,0,0,0,0,0,1,0,,67,9,2008,7,40.0179,-75.0826,205.0,6,0,0,0,0,0,0,0,0,,0,0,0,2,3,1,1,,0,40 01:04.384,,0,75 04:57.343,4,0,0,0,67301,0,0,0,N,0,0,0,3,67301,1,,1,1,,N,N,,0,,0,0,0,3.0,2,,205,1,2,0,0,1,0,0,3,4,0,2,3,,N,,,,,,,,,,,
2008119135,910,1,0,0,0,0,0,0,0,0,4,0,,67,10,2008,4,40.0086,-75.0688,908.0,6,0,0,0,0,0,0,0,0,,0,0,0,9,1,1,1,,0,40 00:31.250,,0,75 04:07.878,4,0,0,1,67301,0,0,0,N,0,0,0,2,67301,1,,1,1,,N,N,,0,,0,0,0,3.0,2,,907,1,2,0,0,0,0,0,3,4,0,2,3,,N,,,,,,,,,,,
2008124580,1145,2,0,0,0,0,0,0,0,0,1,0,,67,10,2008,4,39.9653,-75.1857,1143.0,6,0,0,0,0,0,0,0,0,,0,0,0,11,1,0,3,,0,39 57:59.300,,2,75 11:13.680,0,0,0,0,67301,0,0,0,N,0,0,0,2,68K01,0,,1,1,,N,N,,0,,0,0,0,0.0,0,,1143,0,2,0,0,0,0,0,3,4,0,2,3,,N,,,,,,,,,,,
2008133525,1845,0,0,0,0,0,0,1,0,0,8,1,,67,10,2008,4,40.0089,-75.194,1839.0,6,0,0,0,0,0,0,0,0,,0,0,0,15,1,1,10,,0,40 00:32.006,,99,75 11:38.252,4,0,0,0,67301,1,0,0,N,1,0,0,2,67301,1,,1,98,,,,,0,,0,0,0,9.0,9,,1530,1,2,0,0,0,0,1,3,4,0,1,99,,N,,,,,,,,,,,
2008129123,957,1,0,0,0,0,0,0,0,0,1,0,,67,10,2008,2,39.9384,-75.1977,948.0,6,0,0,0,1,0,1,0,0,1.0,0,0,0,9,1,0,0,,1,39 56:23.773,3.0,0,75 11:46.194,0,0,0,0,67301,0,0,0,N,0,0,0,3,68K01,0,,1,1,,N,N,,0,,0,0,1,0.0,0,N,945,0,2,0,0,0,0,0,3,4,0,2,3,,N,,,,,,,,,,,
2008098071,740,3,0,0,0,0,0,0,0,0,5,0,,67,7,2008,6,39.9813,-75.1518,736.0,6,0,0,0,0,0,0,0,0,,0,0,0,7,1,0,0,,0,39 58:52.636,,0,75 09:06.609,0,0,0,0,67301,0,0,0,,0,0,0,1,67301,0,,4,1,,,,,0,,0,0,0,0.0,0,,735,0,3,0,0,0,0,0,3,4,0,3,3,,N,,,,,,,,,,,
2008098123,1736,0,0,0,0,0,0,0,0,0,8,0,,67,8,2008,2,39.9161,-75.1548,1734.0,6,0,0,0,0,0,0,0,0,,0,0,0,17,1,1,2,,0,39 54:57.855,,0,75 09:17.175,4,0,0,0,67301,1,0,0,N,1,0,0,2,67301,1,,1,1,,N,N,,1,,0,0,0,1.0,3,,1733,1,2,0,0,0,0,0,3,4,0,1,3,,N,,,,,,,,,,,
2008098163,424,1,0,0,0,0,0,0,0,0,7,0,,67,7,2008,5,39.9426,-75.2127,424.0,6,0,0,0,0,0,0,0,0,,0,0,0,4,3,0,0,,0,39 56:33.410,,0,75 12:45.565,9,0,0,0,67301,0,0,0,N,0,0,0,1,67301,0,,5,1,,N,N,,0,,0,0,0,0.0,0,,424,0,1,0,0,0,0,1,3,4,0,1,3,,N,,,,,,,,,,,
2008079682,2003,1,0,0,1,0,0,0,0,0,5,0,,67,5,2008,5,39.9421,-75.1659,1945.0,6,0,0,0,0,0,0,0,0,,0,0,0,19,3,1,0,,0,39 56:31.430,,0,75 09:57.236,3,0,0,0,67301,1,0,0,N,0,0,0,2,67301,0,,9,9,,N,N,,0,,1,0,0,0.0,0,,1940,1,2,0,0,0,0,0,3,4,0,1,7,,N,,,,,,,,,,,
2008079695,1320,1,0,0,0,0,0,0,0,0,8,0,,67,3,2008,5,39.96,-75.1653,1318.0,6,0,0,0,0,0,0,0,0,,0,0,0,99,1,1,1,,0,39 57:36.054,,0,75 09:55.036,4,0,0,0,67301,1,0,0,N,1,0,0,2,67301,1,,1,1,,N,N,,0,,0,0,0,3.0,2,,9999,1,2,0,0,0,0,0,3,4,0,1,3,,N,,,,,,,,,,,
2008072724,1319,1,0,0,0,0,0,0,0,0,7,0,,67,3,2008,4,39.9811,-75.2364,1317.0,6,0,0,0,0,0,0,0,0,9.0,0,0,0,99,1,1,0,,2,39 58:51.873,6.0,1,75 14:11.318,3,0,0,0,67301,0,0,0,N,0,0,0,1,67301,0,,4,1,,N,Y,,0,,1,0,0,0.0,0,Y,9999,1,1,0,0,0,0,0,3,4,0,1,3,,N,,,,,,,,,,,
2008072792,730,2,0,0,0,0,0,0,0,0,2,0,,67,4,2008,2,39.9675,-75.181,713.0,6,0,0,0,0,0,1,0,0,2.0,0,0,0,7,1,2,0,,1,39 58:03.080,5.0,0,75 10:52.426,3,0,0,0,67301,0,0,0,N,0,0,0,3,67301,0,,1,9,,N,N,,0,,2,0,1,3.0,2,N,711,2,3,0,0,0,0,0,3,4,0,3,7,,N,,,,,,,,,,,
2008087485,1430,1,0,0,0,0,0,0,0,0,4,0,,67,4,2008,4,40.0781,-75.0236,1430.0,6,0,0,0,0,0,0,1,0,,0,0,0,14,1,2,2,,0,40 04:40.640,,0,75 01:24.012,3,0,0,0,67301,0,0,0,,0,0,0,2,67301,1,,1,1,,,,,0,,1,0,0,3.0,2,,1425,2,2,0,0,0,0,0,3,4,1,2,3,,N,,,,,,,,,,,
2008076968,146,0,0,0,0,0,0,0,0,0,0,0,,67,6,2008,1,39.9322,-75.2,146.0,6,0,0,0,0,0,0,0,0,1.0,0,0,0,1,3,1,0,,2,39 56:01.184,4.0,0,75 11:59.847,4,0,0,0,67301,0,0,0,N,0,0,0,2,68K01,1,,1,1,,N,N,,1,,0,0,0,0.0,0,Y,143,1,1,0,0,0,0,0,3,4,0,1,3,,N,,,,,,,,,,,
2008079752,805,4,0,0,0,0,0,0,0,0,1,0,,67,5,2008,3,40.0115,-75.1827,800.0,6,0,1,0,0,0,0,0,0,1.0,0,0,0,8,1,0,0,,1,40 00:49.176,2.0,0,75 10:46.478,0,0,0,0,67301,0,0,0,N,0,0,0,7,67301,0,,1,1,,N,N,,0,,0,0,0,0.0,0,N,800,0,4,0,0,0,0,0,3,4,0,4,3,,N,,,,,,,,,,,
2008072508,1430,0,0,0,0,0,0,0,0,0,8,0,,67,4,2008,3,40.0402,-75.0047,1422.0,6,0,0,0,0,0,0,0,0,,0,0,0,14,1,1,2,,0,40 02:24.360,,0,75 00:17.640,8,0,0,0,67301,1,0,0,N,1,0,0,2,67301,0,,2,1,,N,,,0,,0,0,1,9.0,3,,1422,1,2,0,0,0,1,0,3,4,0,1,3,,N,,,,,,,,,,,
2008079255,1652,0,0,0,0,0,0,0,0,0,8,0,,67,4,2008,5,39.9579,-75.1641,1645.0,6,0,0,0,0,0,1,0,0,2.0,0,0,0,16,1,1,1,,1,39 57:28.586,3.0,0,75 09:50.893,3,0,0,0,67301,1,0,0,,1,0,0,2,67301,0,,1,1,,,,,0,,1,0,1,3.0,2,Y,1642,1,2,0,0,0,0,0,3,4,0,1,3,,N,,,,,,,,,,,
2008079290,1641,1,0,0,0,0,0,0,0,0,8,0,,67,5,2008,1,39.9375,-75.2203,1641.0,6,0,0,0,0,0,0,0,1,,0,0,0,15,1,1,1,,0,39 56:14.827,,0,75 13:12.964,3,0,0,0,67301,1,0,0,,1,0,0,2,67301,0,,1,1,,,,,0,,1,0,0,9.0,3,,1530,1,2,0,0,0,0,0,3,4,0,1,3,,N,,,,,,,,,,,
2008082407,1645,1,0,0,0,0,0,0,0,0,7,0,,67,5,2008,6,,,1624.0,6,0,0,0,0,0,0,0,0,1.0,0,0,0,16,1,0,0,,2,,1.0,0,,0,0,0,0,67301,0,0,0,N,0,0,0,1,67301,0,,4,9,,N,N,,0,,0,0,0,0.0,0,N,1623,0,1,0,0,0,0,0,3,3,0,1,7,,N,,,,,,,,,,,
2008082471,9999,2,0,0,0,0,0,0,0,0,4,0,,67,5,2008,6,40.0152,-75.17,9999.0,6,0,0,0,0,0,0,0,0,2.0,0,0,0,99,1,2,1,,1,40 00:54.720,4.0,0,75 10:12.000,3,0,0,0,67301,0,0,0,,0,0,0,3,67301,0,,1,9,,N,N,,0,,2,0,0,3.0,2,Y,9999,2,2,0,0,0,0,1,3,4,0,2,7,,N,,,,,,,,,,,
2008069675,800,1,0,0,0,0,0,0,0,0,4,0,,67,4,2008,7,40.0172,-75.0936,755.0,6,0,0,0,0,0,0,0,0,,0,0,0,7,1,1,0,,0,40 01:01.945,,0,75 05:37.071,4,0,0,0,67301,0,0,0,N,0,0,0,1,67301,1,,5,1,,N,N,,0,,0,0,0,0.0,0,,740,1,2,0,0,0,0,0,3,4,1,2,3,,N,,,,,,,,,,,
2008027011,1930,2,0,0,0,0,0,0,0,0,6,0,,67,1,2008,4,40.0649,-75.0515,1924.0,6,0,0,0,0,0,0,0,0,,0,0,0,19,3,3,1,,0,40 03:53.000,,0,75 03:05.563,8,0,0,0,67301,0,0,0,,0,0,0,3,67301,0,,1,1,,N,N,,0,,0,0,0,9.0,2,,1924,3,2,0,0,0,3,0,3,4,0,2,3,,N,,,,,,,,,,,
2008042593,245,2,0,0,0,0,0,0,0,0,1,0,,67,2,2008,6,39.9528,-75.1753,212.0,6,0,0,0,0,0,0,0,0,,0,0,0,2,3,0,0,,0,39 57:10.036,,0,75 10:30.986,9,0,0,0,67301,0,0,0,N,0,0,0,1,67301,0,,6,1,,N,N,,0,,0,0,0,0.0,0,,205,0,3,0,0,0,0,1,3,4,1,3,3,,N,,,,,,,,,,,
2008022644,1854,2,0,0,0,0,0,0,0,0,1,0,,67,1,2008,6,39.9456,-75.1903,1854.0,6,0,0,0,0,0,1,1,0,1.0,0,0,0,18,3,2,6,,2,39 56:44.000,3.0,2,75 11:25.033,4,0,0,0,67301,0,0,0,N,0,0,0,4,68K01,1,,1,1,,N,N,,0,,0,0,0,0.0,0,Y,1854,2,2,0,0,0,1,0,3,4,0,2,3,,N,,,,,,,,,,,
2008040120,1720,2,0,0,0,0,0,0,0,0,1,0,,67,2,2008,3,40.0281,-75.0908,1710.0,6,0,0,0,0,0,1,0,0,2.0,0,0,0,17,3,1,5,,1,40 01:41.000,1.0,0,75 05:27.008,4,0,0,0,67301,0,0,0,N,0,0,0,3,67301,1,,1,2,,N,N,,1,,0,0,0,3.0,2,N,1710,1,3,0,0,0,0,0,3,4,0,3,9,,N,,,,,,,,,,,
2008064324,228,2,0,0,0,0,0,0,0,0,1,0,,67,5,2008,6,39.9822,-75.2075,223.0,6,0,0,0,0,0,1,0,0,1.0,0,0,0,2,3,0,0,,1,39 59:00.179,3.0,0,75 12:28.992,0,0,0,0,67301,0,0,0,N,0,0,0,6,68K01,0,,1,9,,N,N,,0,,0,0,0,0.0,0,N,220,0,2,0,0,0,0,0,3,4,0,2,7,,N,,,,,,,,,,,
2008057225,1745,1,0,0,0,0,0,0,0,0,5,1,,67,4,2008,5,39.9172,-75.2463,1735.0,6,0,0,0,0,0,1,0,0,,0,0,0,9,1,1,1,,0,39 55:01.859,,0,75 14:46.691,8,0,0,0,67301,0,0,0,N,0,0,0,4,67301,0,,1,1,,N,N,,1,,0,0,0,3.0,2,,900,1,2,0,0,0,1,0,3,4,0,2,3,,N,,,,,,,,,,,
2008057738,652,2,0,0,0,0,0,0,0,0,4,0,,67,1,2008,4,39.9452,-75.1701,650.0,6,0,0,0,0,0,0,0,0,2.0,0,0,0,6,1,0,1,,1,39 56:42.885,4.0,0,75 10:12.385,0,0,0,0,67301,0,0,0,N,0,0,0,3,67301,0,,1,1,,N,N,,0,,0,0,0,3.0,2,N,648,0,2,0,0,0,0,0,3,4,0,2,3,,N,,,,,,,,,,,
2008057760,18,0,0,0,0,0,0,0,0,0,7,0,,67,3,2008,5,39.9652,-75.2038,13.0,6,0,0,0,0,0,0,0,0,,0,0,0,0,3,1,0,,0,39 57:54.561,,0,75 12:13.593,8,0,0,0,67301,0,0,0,N,0,0,0,1,67301,0,,5,1,,N,N,,0,,0,0,0,0.0,0,,10,1,1,0,0,0,1,0,3,4,1,1,3,,N,,,,,,,,,,,
2008057762,1900,1,0,0,0,0,0,0,0,0,4,0,,67,4,2008,2,39.9625,-75.2162,1857.0,6,0,0,0,0,0,0,0,0,,0,0,0,18,1,1,1,,0,39 57:44.726,,0,75 12:56.902,3,0,0,0,67301,0,0,0,N,0,0,0,2,67301,0,,1,1,,N,N,,0,,1,0,0,3.0,2,,1850,1,2,0,0,0,0,1,3,4,1,2,3,,N,,,,,,,,,,,
2008057765,1833,2,0,0,0,0,0,0,0,0,1,0,,67,3,2008,2,40.0162,-75.2034,1830.0,6,0,0,0,0,0,0,0,0,1.0,0,0,0,18,1,0,0,,2,40 00:58.301,1.0,0,75 12:12.392,0,0,0,0,67301,0,0,0,N,0,0,0,4,67301,0,,1,9,,N,N,,0,,0,0,0,0.0,0,N,1830,0,2,0,0,0,0,0,3,4,0,2,7,,N,,,,,,,,,,,
2008044683,1435,0,0,0,0,0,0,0,0,0,4,0,,67,1,2008,3,40.0067,-75.0781,1431.0,6,0,0,0,0,0,1,0,0,,0,0,0,14,1,1,1,,0,40 00:24.296,,0,75 04:41.005,8,0,0,0,67301,0,0,0,N,0,0,0,5,67301,0,,1,9,,N,N,,2,,0,0,0,3.0,3,,1430,1,2,0,0,0,1,1,3,4,0,2,7,,N,,,,,,,,,,,
2008044701,1746,1,0,0,0,0,0,0,0,0,8,0,,67,2,2008,4,39.9538,-75.1666,1745.0,6,0,0,0,0,0,0,0,0,,0,0,0,17,1,1,1,,0,39 57:13.704,,0,75 09:59.737,8,0,0,0,67301,1,0,0,N,1,0,0,2,67301,0,,1,9,,N,N,,0,,0,0,0,3.0,2,,1730,1,2,0,0,0,1,1,3,4,0,1,7,,N,,,,,,,,,,,
2008119084,1222,1,0,0,0,0,0,0,0,0,4,0,,67,9,2008,3,39.9318,-75.2167,1217.0,6,0,0,0,0,1,0,1,0,,0,0,0,12,1,1,3,,0,39 55:54.339,,0,75 13:00.262,8,0,0,0,67301,0,0,0,N,0,0,0,3,67301,0,,1,9,,N,N,,1,,0,0,0,3.0,2,,1217,1,2,0,0,3,1,0,3,4,0,2,7,,N,,,,,,,,,,,
2008133313,810,1,0,0,0,0,0,1,0,0,4,1,,67,11,2008,2,40.0079,-75.1405,808.0,6,0,0,0,0,0,0,0,0,,0,0,0,7,1,2,1,,0,40 00:28.375,,0,75 08:25.661,4,0,0,0,67301,0,0,0,N,0,0,0,3,67301,2,,1,1,,N,N,,0,,0,0,0,3.0,2,,753,2,2,0,0,0,0,0,3,4,0,2,3,,N,,,,,,,,,,,
2008119130,2120,1,0,0,0,0,0,0,0,0,8,0,,67,9,2008,5,40.0479,-75.0598,2120.0,6,0,0,0,0,0,0,0,0,,0,0,0,21,3,1,0,,0,40 02:52.453,,0,75 03:35.253,4,0,0,0,67301,1,0,0,N,1,0,0,3,67301,1,,1,1,,N,N,,0,,0,0,0,0.0,0,,2110,1,2,0,0,0,0,0,3,4,0,1,3,,N,,,,,,,,,,,
2008114229,1133,1,0,0,0,0,0,0,0,0,7,0,,67,10,2008,4,39.9087,-75.1492,1118.0,6,0,0,0,0,0,1,0,0,1.0,0,0,0,11,1,0,0,,1,39 54:36.340,1.0,0,75 08:56.225,0,0,0,0,67301,0,0,0,N,0,0,0,1,68K01,0,,2,1,,N,N,,0,,0,0,0,0.0,0,N,1114,0,1,0,0,0,0,0,3,4,0,1,3,,N,,,,,,,,,,,
2008133537,537,0,0,0,0,0,0,0,0,0,1,0,,67,10,2008,6,39.9552,-75.1983,535.0,6,0,0,0,0,0,1,0,0,,0,0,0,5,3,1,1,,0,39 57:18.540,,0,75 11:53.890,8,0,0,1,67301,0,0,0,N,0,0,0,2,67301,0,,1,1,,N,N,,0,,0,0,1,3.0,2,,535,1,2,0,0,0,1,0,3,4,0,2,3,,N,,,,,,,,,,,
2008095584,1810,0,0,0,1,0,0,0,0,0,4,0,,67,6,2008,1,39.9948,-75.1155,1800.0,6,0,0,0,0,0,0,0,0,,0,0,0,99,1,1,1,,0,39 59:41.193,,0,75 06:55.627,3,0,0,0,67301,1,0,0,N,0,0,0,2,67301,0,,1,1,,N,N,,0,,1,0,1,3.0,3,,9999,1,2,0,0,0,0,0,3,4,0,1,3,,N,,,,,,,,,,,
2008098059,1730,2,0,0,0,0,0,0,0,0,4,0,,67,6,2008,7,40.0015,-75.22,1707.0,6,0,0,0,0,0,1,0,0,6.0,0,0,0,99,1,1,1,,2,40 00:05.760,7.0,0,75 13:11.640,8,0,0,0,67301,0,0,0,N,0,0,0,2,67301,0,,1,1,,N,N,,0,,0,0,0,3.0,2,Y,9999,1,2,0,0,0,1,0,3,4,0,2,3,,N,,,,,,,,,,,
2008072805,125,0,0,0,0,0,0,0,0,0,7,0,,67,5,2008,1,39.9183,-75.2089,122.0,6,0,0,0,0,0,0,0,0,,0,0,0,1,3,1,0,,0,39 55:07.020,,3,75 12:28.470,4,0,0,0,67301,0,0,0,,0,0,0,1,67301,1,,3,9,,,,,0,,0,0,1,0.0,0,,120,1,1,0,0,0,0,0,3,4,0,1,3,,N,,,,,,,,,,,