CRN,ARRIVAL_TM,AUTOMOBILE_COUNT,BELTED_DEATH_COUNT,BELTED_SUSP_SERIOUS_INJ_COUNT,BICYCLE_COUNT,BICYCLE_DEATH_COUNT,BICYCLE_SUSP_SERIOUS_INJ_COUNT,BUS_COUNT,CHLDPAS_DEATH_COUNT,CHLDPAS_SUSP_SERIOUS_INJ_COUNT,COLLISION_TYPE,COMM_VEH_COUNT,CONS_ZONE_SPD_LIM,COUNTY,CRASH_MONTH,CRASH_YEAR,DAY_OF_WEEK,DEC_LAT,DEC_LONG,DISPATCH_TM,DISTRICT,DRIVER_COUNT_16YR,DRIVER_COUNT_17YR,DRIVER_COUNT_18YR,DRIVER_COUNT_19YR,DRIVER_COUNT_20YR,DRIVER_COUNT_50_64YR,DRIVER_COUNT_65_74YR,DRIVER_COUNT_75PLUS,EST_HRS_CLOSED,FATAL_COUNT,HEAVY_TRUCK_COUNT,HORSE_BUGGY_COUNT,HOUR_OF_DAY,ILLUMINATION,INJURY_COUNT,INTERSECT_TYPE,INTERSECTION_RELATED,LANE_CLOSED,LATITUDE,LN_CLOSE_DIR,LOCATION_TYPE,LONGITUDE,MAX_SEVERITY_LEVEL,MCYCLE_DEATH_COUNT,MCYCLE_SUSP_SERIOUS_INJ_COUNT,MOTORCYCLE_COUNT,MUNICIPALITY,NONMOTR_COUNT,NONMOTR_DEATH_COUNT,NONMOTR_SUSP_SERIOUS_INJ_COUNT,NTFY_HIWY_MAINT,PED_COUNT,PED_DEATH_COUNT,PED_SUSP_SERIOUS_INJ_COUNT,PERSON_COUNT,POLICE_AGCY,POSSIBLE_INJ_COUNT,RDWY_SURF_TYPE_CD,RELATION_TO_ROAD,ROAD_CONDITION,ROADWAY_CLEARED,SCH_BUS_IND,SCH_ZONE_IND,SECONDARY_CRASH,SMALL_TRUCK_COUNT,SPEC_JURIS_CD,SUSP_MINOR_INJ_COUNT,SUSP_SERIOUS_INJ_COUNT,SUV_COUNT,TCD_FUNC_CD,TCD_TYPE,TFC_DETOUR_IND,TIME_OF_DAY,TOT_INJ_COUNT,TOTAL_UNITS,UNB_DEATH_COUNT,UNB_SUSP_SERIOUS_INJ_COUNT,UNBELTED_OCC_COUNT,UNK_INJ_DEG_COUNT,UNK_INJ_PER_COUNT,URBAN_AREA,URBAN_RURAL,VAN_COUNT,VEHICLE_COUNT,WEATHER1,WEATHER2,WORK_ZONE_IND,WORK_ZONE_LOC,WORK_ZONE_TYPE,WORKERS_PRES,WZ_CLOSE_DETOUR,WZ_FLAGGER,WZ_LAW_OFFCR_IND,WZ_LN_CLOSURE,WZ_MOVING,WZ_OTHER,WZ_SHLDER_MDN,WZ_WORKERS_INJ_KILLED
2008085096,2233,2,0,0,0,0,0,0,0,0,1,1,,67,7,2008,6,40.01,-75.2065,2230.0,6,0,0,0,0,0,2,0,0,1.0,0,1,0,22,2,1,0,,2,40 00:36.492,4.0,0,75 12:24.098,8,0,0,0,67301,0,0,0,N,0,0,0,3,68K01,0,,1,1,,N,N,,0,,0,0,0,0.0,0,N,2227,1,3,0,0,1,1,0,3,4,0,3,3,,N,,,,,,,,,,,
2008079254,202,1,0,0,0,0,0,0,0,0,7,0,,67,4,2008,7,39.959,-75.1719,201.0,6,0,0,0,0,0,0,0,0,,0,0,0,2,3,0,1,,0,39 57:32.907,,0,75 10:19.581,0,0,0,0,67301,0,0,0,N,0,0,0,1,67301,0,,5,9,,N,N,,0,,0,0,0,3.0,2,,201,0,1,0,0,0,0,0,3,4,0,1,7,,N,,,,,,,,,,,
2008079288,2228,1,0,0,0,0,0,0,0,0,8,0,,67,6,2008,2,40.0301,-75.0352,2224.0,6,0,0,0,0,0,0,0,0,,0,0,0,22,3,1,1,,0,40 01:48.464,,0,75 02:06.580,8,0,0,0,67301,1,0,0,N,1,0,0,2,67301,0,,1,1,,N,N,,0,,0,0,0,3.0,2,,2222,1,2,0,0,0,1,0,3,4,0,1,3,,N,,,,,,,,,,,
2008079289,834,1,0,0,0,0,0,0,0,0,2,0,,67,5,2008,3,40.0126,-75.1408,832.0,6,0,0,0,0,0,1,0,0,,0,0,0,8,1,1,1,,0,40 00:45.378,,0,75 08:26.717,8,0,0,0,67301,0,0,0,,0,0,0,2,67301,0,,1,9,,N,N,,0,,0,0,1,3.0,3,,830,1,2,0,0,0,1,1,3,4,0,2,7,,N,,,,,,,,,,,
2008082453,821,1,0,0,0,0,0,0,0,0,7,0,,67,5,2008,5,39.8895,-75.232,809.0,6,0,0,0,0,0,0,0,0,1.0,0,0,0,99,1,1,0,,1,39 53:22.250,3.0,0,75 13:55.529,4,0,0,0,67301,0,0,0,N,0,0,0,1,67301,1,,4,9,,N,N,,0,,0,0,0,0.0,0,N,9999,1,1,0,0,0,0,0,3,4,0,1,7,,N,,,,,,,,,,,
2008072047,1449,1,0,0,0,0,0,0,0,0,1,0,,67,5,2008,5,39.9182,-75.2089,1437.0,6,0,0,0,1,0,0,0,0,,0,0,0,14,1,4,1,,0,39 55:05.641,,0,75 12:31.417,3,0,0,0,67301,0,0,0,,0,0,0,6,67301,0,,1,1,,,,,1,,1,0,0,0.0,0,,1433,4,2,0,0,0,3,0,3,4,0,2,3,,N,,,,,,,,,,,
2008133112,2336,1,0,0,0,0,0,0,0,0,1,0,,67,11,2008,1,39.9877,-75.2162,2328.0,6,0,0,0,0,0,0,0,0,,0,0,0,23,3,2,2,,0,39 59:15.742,,0,75 12:58.455,3,0,0,0,67301,0,0,0,N,0,0,0,3,67301,1,,1,9,,N,N,,0,,1,0,0,9.0,2,,2326,2,2,0,0,0,0,0,3,4,1,2,3,,N,,,,,,,,,,,
2008120194,1729,1,0,0,0,0,0,0,0,0,8,0,,67,9,2008,5,39.9787,-75.1578,1727.0,6,0,0,0,0,0,0,0,0,,0,0,0,17,1,1,1,,0,39 58:43.231,,0,75 09:28.092,4,0,0,0,67301,1,0,0,N,1,0,0,3,67301,1,,1,1,,N,N,,0,,0,0,0,3.0,2,,1712,1,2,0,0,0,0,2,3,4,0,1,3,,N,,,,,,,,,,,
2008120195,1652,1,0,0,0,0,0,0,0,0,7,0,,67,9,2008,2,39.9656,-75.2262,1642.0,6,0,0,0,0,0,0,0,0,,0,0,0,16,1,0,1,,0,39 57:56.160,,0,75 13:34.320,0,0,0,0,67301,0,0,0,N,0,0,0,1,67301,0,,2,1,,N,N,,0,,0,0,0,3.0,2,,1642,0,1,0,0,0,0,0,3,4,0,1,3,,N,,,,,,,,,,,
2008127399,733,2,0,0,0,0,0,1,0,0,1,2,,67,11,2008,5,39.9388,-75.1972,717.0,6,0,0,0,0,0,1,0,0,2.0,0,1,0,7,1,1,0,,2,39 56:26.760,4.0,0,75 11:42.720,4,0,0,0,67301,0,0,0,N,0,0,0,5,68K01,1,,1,1,,Y,N,,0,,0,0,1,0.0,0,N,714,1,5,0,0,0,0,0,3,4,0,5,3,,N,,,,,,,,,,,
2008122236,1601,1,0,0,0,0,0,0,0,0,1,0,,67,11,2008,5,39.9576,-75.15,1527.0,6,0,0,0,0,0,0,0,0,,0,0,0,15,1,2,0,,0,39 57:27.472,,0,75 08:59.305,3,0,0,0,67301,0,0,0,N,0,0,0,4,68K01,0,,1,1,,N,N,,1,,2,0,0,0.0,0,,1525,2,2,0,0,0,0,0,3,4,0,2,3,,N,,,,,,,,,,,
2008132884,1406,2,0,0,0,0,0,0,0,0,5,0,,67,10,2008,2,39.9066,-75.1833,1404.0,6,0,0,0,0,0,0,0,0,,0,0,0,14,1,0,0,,0,39 54:23.931,,0,75 10:59.731,0,0,0,0,67301,3,0,0,,0,0,0,4,67301,0,,2,1,,,,,0,,0,0,0,0.0,0,,1400,0,2,0,0,0,0,0,3,4,0,2,3,,N,,,,,,,,,,,
2008135263,1916,1,0,0,0,0,0,0,0,0,8,0,,67,10,2008,4,39.9296,-75.1615,1914.0,6,0,0,0,0,0,0,0,0,,0,0,0,19,3,2,2,,0,39 55:46.527,,0,75 09:41.518,3,0,0,0,67301,2,0,0,,2,0,0,3,67301,0,,1,1,,,,,1,,1,0,0,3.0,3,,1910,2,4,0,0,0,1,1,3,4,0,2,3,,N,,,,,,,,,,,
2008132940,1944,1,0,0,0,0,0,0,0,0,2,0,,67,10,2008,2,39.9589,-75.2052,1936.0,6,0,0,0,0,0,0,0,0,1.0,0,0,0,19,3,3,1,,1,39 57:32.108,4.0,0,75 12:18.658,4,0,0,0,67301,0,0,0,N,0,0,0,3,67301,1,,1,9,,N,N,,0,,0,0,1,3.0,2,Y,1930,3,2,0,0,0,2,0,3,4,0,2,7,,N,,,,,,,,,,,
2008132962,1110,1,0,0,0,0,0,1,0,0,1,1,,67,10,2008,6,39.9991,-75.2309,1102.0,6,0,0,0,0,0,0,0,0,,0,0,0,11,1,4,1,,0,40 00:00.339,,0,75 13:43.519,4,0,0,0,67301,0,0,0,,0,0,0,6,67301,4,,1,1,,,,,0,,0,0,0,3.0,2,,1100,4,2,0,0,0,0,0,3,4,0,2,3,,N,,,,,,,,,,,
2008059292,520,1,0,0,0,0,0,0,0,0,1,1,,67,3,2008,7,40.0595,-75.1655,515.0,6,0,0,0,0,1,0,0,0,,0,1,0,5,3,2,1,,0,40 03:34.337,,0,75 09:55.641,4,0,0,0,67301,0,0,0,N,0,0,0,3,67301,2,,2,1,,N,N,,0,,0,0,0,0.0,0,,500,2,2,0,0,1,0,0,3,4,0,2,3,,N,,,,,,,,,,,
2008054060,1128,2,0,0,0,0,0,0,0,0,6,0,,67,3,2008,1,40.0379,-75.0324,1121.0,6,0,0,0,0,0,0,0,0,3.0,0,0,0,11,1,1,0,,2,40 02:16.281,6.0,0,75 01:56.658,8,0,0,0,67301,0,0,0,N,0,0,0,1,67301,0,,2,1,,N,N,,0,,0,0,1,0.0,0,Y,1114,1,3,0,0,0,1,0,3,4,0,3,3,,N,,,,,,,,,,,
2008054080,815,2,0,0,0,0,0,0,0,0,4,0,,67,3,2008,2,40.0096,-75.0641,800.0,6,0,0,1,0,0,0,0,0,,0,0,0,8,1,0,1,,0,40 00:34.642,,0,75 03:50.430,0,0,0,0,67301,0,0,0,N,0,0,0,2,67301,0,,1,1,,N,N,,0,,0,0,0,3.0,2,,800,0,2,0,0,0,0,0,3,4,0,2,3,,N,,,,,,,,,,,
2008051738,9999,1,0,0,0,0,0,0,0,0,7,0,,67,2,2008,6,40.013,-75.1195,9999.0,6,0,0,0,1,0,0,0,0,,0,0,0,8,1,0,1,,0,40 00:46.940,,0,75 07:10.110,0,0,0,0,67301,0,0,0,N,0,0,0,1,67301,0,,4,6,,N,N,,0,,0,0,0,3.0,2,,853,0,1,0,0,1,0,0,3,4,0,1,10,,N,,,,,,,,,,,
2008028826,1730,2,0,0,0,0,0,0,0,0,5,0,,67,1,2008,4,39.9955,-75.218,1726.0,6,0,0,0,0,0,0,0,0,,0,0,0,17,3,0,0,,0,39 59:43.630,,0,75 13:04.660,0,0,0,0,67301,0,0,0,N,0,0,0,2,68K01,0,,1,1,,N,N,,0,,0,0,0,3.0,2,,1726,0,2,0,0,0,0,0,3,4,0,2,3,,N,,,,,,,,,,,
2008028946,1125,2,0,0,0,0,0,0,0,0,4,0,,67,1,2008,2,39.9466,-75.1805,1122.0,6,0,0,0,0,0,0,0,1,,0,0,0,11,1,0,1,,0,39 56:47.637,,0,75 10:49.900,0,0,0,0,67301,0,0,0,N,0,0,0,2,67301,0,,1,1,,N,N,,0,,0,0,0,3.0,2,,1121,0,2,0,0,0,0,0,3,4,0,2,3,,N,,,,,,,,,,,
2008050272,2259,1,0,0,0,0,0,0,0,0,1,0,,67,3,2008,7,40.0027,-75.2231,2259.0,6,0,0,0,1,0,0,0,0,,0,0,0,22,3,1,0,,0,40 00:13.605,,0,75 13:15.283,3,0,0,0,67301,0,0,0,N,0,0,0,8,67301,0,,1,1,,N,N,,0,,1,0,0,3.0,2,,2230,1,2,0,0,0,0,5,3,4,1,2,3,,N,,,,,,,,,,,
2008050239,1545,2,0,0,0,0,0,0,0,0,2,0,,67,2,2008,6,39.9217,-75.19,1538.0,6,0,0,0,0,0,0,0,0,2.0,0,0,0,15,1,0,1,,1,39 55:18.120,3.0,0,75 11:24.000,0,0,0,0,67301,0,0,0,,0,0,0,3,67301,0,,1,1,,,,,0,,0,0,0,3.0,2,Y,1515,0,2,0,0,0,0,0,3,4,0,2,3,,N,,,,,,,,,,,
2008057990,9999,1,0,0,0,0,0,0,0,0,1,0,,67,4,2008,3,40.0889,-74.9694,2240.0,6,0,0,0,0,0,1,0,0,,0,0,0,99,3,3,0,,0,40 05:19.680,,7,74 58:10.200,3,0,0,0,67301,0,0,0,N,0,0,0,4,67301,0,,1,1,,N,N,,1,,3,0,1,3.0,2,,9999,3,3,0,0,0,0,1,3,4,0,3,3,,N,,,,,,,,,,,
2008058191,1623,1,0,0,0,0,0,0,0,0,5,0,,67,3,2008,6,40.013,-75.1602,1621.0,6,0,0,0,0,0,1,0,0,1.0,0,0,0,16,1,1,0,,1,40 00:46.727,3.0,0,75 09:36.866,8,0,0,0,67301,0,0,0,N,0,0,0,2,67301,0,,1,1,,N,N,,0,,0,0,1,0.0,0,N,1620,1,3,0,0,0,1,0,3,4,1,3,3,,N,,,,,,,,,,,
2008053060,1045,2,0,0,0,0,0,0,0,0,5,0,,67,1,2008,2,40.0331,-75.1775,1045.0,6,0,0,0,0,0,0,0,0,,0,0,0,10,1,0,0,,0,40 01:59.282,,0,75 10:39.043,0,0,0,0,67301,0,0,0,N,0,0,0,1,67301,0,,1,1,,N,N,,0,,0,0,0,0.0,0,,1043,0,2,0,0,0,0,0,3,4,0,2,3,,N,,,,,,,,,,,
2008052180,1226,1,0,0,0,0,0,0,0,0,2,0,,67,2,2008,3,39.9698,-75.1415,1225.0,6,0,0,0,0,0,0,1,0,,0,0,0,11,1,1,1,,0,39 58:11.244,,0,75 08:29.318,3,0,0,0,67301,0,0,0,N,0,0,0,5,67301,0,,1,1,,N,N,,0,,1,0,1,0.0,0,,1130,1,2,0,0,1,0,0,3,4,0,2,3,,N,,,,,,,,,,,
2008027217,815,1,0,0,0,0,0,0,0,0,8,0,,67,1,2008,3,39.9987,-75.1669,810.0,6,0,0,0,0,0,0,0,0,,0,0,0,8,1,1,1,,0,39 59:55.345,,0,75 10:00.947,4,0,0,0,67301,1,0,0,,1,0,0,2,67301,1,,1,9,,,,,0,,0,0,0,3.0,2,,810,1,2,0,0,0,0,0,3,4,0,1,7,,N,,,,,,,,,,,
2008068552,2154,1,0,0,0,0,0,0,0,0,4,0,,67,3,2008,3,39.9157,-75.1478,2149.0,6,0,0,0,0,1,0,0,0,1.0,0,0,0,21,3,1,0,,1,39 54:54.615,1.0,0,75 08:52.675,8,0,0,0,67301,0,0,0,N,0,0,0,3,68K01,0,,1,1,,N,N,,0,,0,0,1,0.0,0,N,2147,1,2,0,0,0,1,0,3,4,0,2,3,,N,,,,,,,,,,,
2008060244,2125,0,0,0,0,0,0,0,0,0,8,0,,67,4,2008,3,40.0392,-75.0668,2120.0,6,0,0,0,0,0,1,0,0,1.0,0,0,0,21,2,1,1,,1,40 02:00.211,4.0,0,75 04:19.025,8,0,0,0,67301,1,0,0,,1,0,0,2,67301,0,,1,9,,,,,0,,0,0,1,3.0,2,N,2115,1,2,0,0,0,1,0,3,4,0,1,7,,N,,,,,,,,,,,
2008060259,745,1,0,0,0,0,0,0,0,0,8,0,,67,3,2008,5,40.0326,-75.0892,745.0,6,0,0,0,0,0,0,0,0,,0,0,0,7,1,1,1,,0,40 01:57.507,,0,75 05:21.065,4,0,0,0,67301,1,0,0,,1,0,0,2,67301,1,,1,1,,,,,0,,0,0,0,3.0,3,,745,1,2,0,0,0,0,0,3,4,0,1,3,,N,,,,,,,,,,,
2008049850,1438,2,0,0,0,0,0,0,0,0,6,0,,67,2,2008,5,39.927,-75.2435,1434.0,6,0,0,0,0,0,1,0,0,,0,0,0,14,1,1,3,,0,39 55:37.165,,0,75 14:36.583,4,0,0,0,67301,0,0,0,N,0,0,0,2,67301,1,,1,1,,N,N,,0,,0,0,0,0.0,0,,1434,1,2,0,0,0,0,0,3,4,0,2,3,,N,,,,,,,,,,,
2008018480,1458,1,0,0,0,0,0,0,0,0,1,0,,67,1,2008,5,39.9062,-75.1354,1458.0,6,0,0,0,0,0,0,0,1,,0,0,0,14,1,1,0,,0,39 54:22.474,,3,75 08:07.273,3,0,0,0,67301,0,0,0,N,0,0,0,4,67501,0,,1,1,,N,N,,1,,1,0,0,3.0,8,,1458,1,2,0,0,0,0,0,3,4,0,2,3,,N,,,,,,,,,,,
2008030240,1958,2,0,0,0,0,0,0,0,0,1,0,,67,2,2008,5,39.9764,-75.1961,1950.0,6,0,0,0,0,0,1,0,0,,0,0,0,19,3,0,0,,0,39 58:36.000,,0,75 11:50.660,0,0,0,0,67301,0,0,0,N,0,0,0,2,68K01,0,,1,1,,N,N,,0,,0,0,0,0.0,0,,1950,0,2,0,0,0,0,0,3,4,0,2,3,,N,,,,,,,,,,,
2008057206,1252,1,0,0,0,0,0,0,0,0,4,0,,67,3,2008,3,40.1001,-74.994,1250.0,6,0,0,0,0,0,0,0,1,,0,0,0,12,1,0,2,,0,40 06:00.464,,0,74 59:38.529,0,0,0,0,67301,0,0,0,N,0,0,0,2,67301,0,,1,1,,N,N,,0,,0,0,1,3.0,3,,1245,0,2,0,0,0,0,0,3,4,0,2,3,,N,,,,,,,,,,,
2008057326,1915,4,0,0,0,0,0,0,0,0,4,0,,67,3,2008,5,40.0436,-75.0326,1908.0,6,0,0,0,0,0,0,0,0,,0,0,0,18,1,1,1,,0,40 02:37.028,,0,75 01:57.194,8,0,0,0,67301,0,0,0,N,0,0,0,3,67301,0,,1,1,,N,N,,0,,0,0,0,3.0,3,,1855,1,4,0,0,0,1,0,3,4,0,4,3,,N,,,,,,,,,,,
2008057669,2330,2,0,0,0,0,0,0,0,0,4,0,,67,3,2008,7,39.9954,-75.1659,2325.0,6,0,0,1,0,1,0,0,0,,0,0,0,23,2,1,2,,0,39 59:43.462,,0,75 09:57.333,4,0,0,0,67301,0,0,0,N,0,0,0,5,67301,1,,1,1,,N,N,,0,,0,0,0,3.0,2,,2325,1,2,0,0,0,0,0,3,4,0,2,3,,N,,,,,,,,,,,
2008042301,1408,2,0,0,0,0,0,0,0,0,6,0,,67,2,2008,5,39.9308,-75.1613,1406.0,6,0,0,0,0,0,0,1,0,,0,0,0,14,1,1,2,,0,39 55:50.923,,0,75 09:40.532,4,0,0,0,67301,0,0,0,N,0,0,0,3,67301,1,,1,1,,N,N,,0,,0,0,0,0.0,0,,1407,1,2,0,0,0,0,0,3,4,0,2,3,,N,,,,,,,,,,,
2008040057,1920,0,0,0,0,0,0,0,0,0,4,0,,67,2,2008,6,39.9073,-75.2281,1910.0,6,0,0,0,0,0,0,0,0,,0,0,0,17,3,0,2,,0,39 54:26.334,,0,75 13:41.041,0,0,0,0,67301,0,0,0,N,0,0,0,2,67301,0,,1,1,,N,N,,0,,0,0,2,3.0,3,,1745,0,2,0,0,0,0,0,3,4,0,2,3,,N,,,,,,,,,,,
2008057766,909,2,0,0,0,0,0,0,0,0,4,0,,67,3,2008,6,,,906.0,6,0,1,0,0,0,0,0,0,,0,0,0,9,1,1,0,,0,,,0,,3,0,0,0,67301,0,0,0,N,0,0,0,5,67301,0,,1,1,,N,N,,0,,1,0,0,0.0,0,,906,1,2,0,0,0,0,0,3,3,0,2,3,,N,,,,,,,,,,,
2008023720,1313,1,0,0,0,0,0,0,0,0,4,0,,67,1,2008,2,40.0272,-75.1512,1310.0,6,0,0,0,0,0,0,0,0,,0,0,0,13,1,3,1,,0,40 01:37.801,,0,75 09:04.478,2,0,0,0,67301,0,0,0,N,0,0,0,4,67301,1,,1,1,,N,N,,1,,1,1,0,3.0,2,,1305,3,3,0,0,0,0,0,3,4,1,3,3,,N,,,,,,,,,,,
2008044713,530,0,0,0,0,0,0,1,0,0,8,1,,67,2,2008,5,39.9772,-75.1288,525.0,6,0,0,0,0,0,0,0,0,,0,0,0,5,1,1,0,,0,39 58:38.060,,0,75 07:43.741,4,0,0,0,67301,1,0,0,N,1,0,0,2,67301,1,,1,1,,N,N,,0,,0,0,0,0.0,0,,530,1,2,0,0,0,0,0,3,4,0,1,3,,N,,,,,,,,,,,
2008133315,328,0,0,0,0,0,0,0,0,0,7,0,,67,10,2008,1,39.9113,-75.2428,325.0,6,0,0,0,0,0,0,0,0,4.0,1,0,0,3,3,1,5,,2,39 54:40.772,5.0,0,75 14:34.179,1,0,0,0,67301,0,0,0,,0,0,0,2,67301,1,2.0,3,9,,N,N,,1,0.0,0,0,0,3.0,2,Y,317,1,1,1,0,1,0,0,3,4,0,1,7,,N,,,,,,,,,,,
2008119102,1635,1,0,0,1,0,0,0,0,0,4,0,,67,9,2008,5,39.9123,-75.1759,1632.0,6,0,0,0,0,0,0,0,0,,0,0,0,14,1,1,2,,0,39 54:44.247,,0,75 10:33.315,4,0,0,0,67301,1,0,0,N,0,0,0,2,67301,1,,1,1,,N,N,,0,,0,0,0,3.0,3,,1415,1,2,0,0,0,0,0,3,4,0,1,3,,N,,,,,,,,,,,
2008124593,1151,1,0,0,0,0,0,0,0,0,7,0,,67,10,2008,3,,,1145.0,6,0,0,0,0,0,0,0,0,,0,0,0,11,1,0,6,,0,,,2,,0,0,0,0,67301,0,0,0,Y,0,0,0,2,68K01,0,,5,9,,N,N,,0,,0,0,0,0.0,0,,1143,0,1,0,0,0,0,0,3,3,0,1,7,,N,,,,,,,,,,,
2008114218,1251,1,0,0,0,0,0,0,0,0,5,0,,67,10,2008,2,40.0214,-75.0401,1243.0,6,0,0,0,0,0,0,0,0,,0,0,0,12,1,0,0,,0,40 01:19.519,,0,75 02:17.640,0,0,0,0,67301,0,0,0,N,0,0,0,2,68K01,0,,1,1,,N,N,,0,,0,0,0,0.0,0,,1238,0,2,0,0,0,0,0,3,4,1,2,3,,N,,,,,,,,,,,
2008133535,1626,0,0,0,0,0,0,0,0,0,4,0,,67,10,2008,7,39.955,-75.2341,1620.0,6,0,0,0,0,0,0,0,0,1.0,0,0,0,16,1,2,2,,1,39 57:18.136,5.0,0,75 14:02.842,3,0,0,1,67301,0,0,0,N,0,0,0,3,67301,0,,1,1,,N,N,,0,,2,0,0,3.0,3,Y,1615,2,2,0,0,0,0,1,3,4,1,2,3,,N,,,,,,,,,,,
2008133546,1200,2,0,0,0,0,0,0,0,0,4,0,,67,11,2008,1,39.9991,-75.1088,1145.0,6,0,0,0,0,0,0,0,0,,0,0,0,11,1,0,5,,0,39 59:56.641,,0,75 06:31.521,0,0,0,0,67301,0,0,0,N,0,0,0,2,67301,0,,1,1,,N,N,,0,,0,0,0,3.0,2,,1130,0,2,0,0,2,0,0,3,4,0,2,3,,N,,,,,,,,,,,
2008098063,255,1,0,0,0,0,0,0,0,0,5,0,,67,7,2008,6,39.9489,-75.1662,250.0,6,0,0,1,0,0,0,0,0,,0,0,0,2,3,0,0,,0,39 56:55.917,,0,75 09:58.158,0,0,0,0,67301,0,0,0,N,0,0,0,3,67301,0,,4,1,,N,N,,0,,0,0,0,0.0,0,,244,0,2,0,0,0,0,0,3,4,1,2,3,,N,,,,,,,,,,,
2008070675,2050,0,0,0,0,0,0,0,0,0,7,0,,67,4,2008,3,40.0174,-75.2015,2037.0,6,0,0,0,0,0,1,0,0,1.0,0,0,0,20,2,0,0,,2,40 01:02.670,1.0,0,75 12:05.560,0,0,0,0,67301,0,0,0,N,0,0,0,1,67301,0,,2,1,,N,N,,0,,0,0,1,0.0,0,Y,2035,0,1,0,0,0,0,0,3,4,0,1,3,,N,,,,,,,,,,,
2008079651,1900,1,0,0,0,0,0,0,0,0,8,0,,67,5,2008,3,,,1855.0,6,0,0,0,0,0,0,0,0,,0,0,0,18,1,1,0,,0,,,0,,8,0,0,0,67301,1,0,0,,1,0,0,2,67301,0,,1,1,,N,N,,0,,0,0,0,0.0,0,,1830,1,2,0,0,0,1,0,3,3,0,1,3,,N,,,,,,,,,,,
2008079696,1401,1,0,0,0,0,0,0,0,0,4,0,,67,5,2008,7,39.9542,-75.1698,1400.0,6,0,0,0,0,0,0,0,0,,0,0,0,13,1,2,1,,0,39 57:15.094,,0,75 10:11.174,8,0,0,0,67301,0,0,0,,0,0,0,3,67301,0,,1,1,,N,N,,0,,0,0,0,3.0,2,,1358,2,2,0,0,0,2,0,3,4,0,2,3,,N,,,,,,,,,,,
2008079705,835,3,0,0,0,0,0,0,0,0,4,0,,67,5,2008,2,40.0528,-75.1353,830.0,6,0,0,0,1,0,1,1,0,,0,0,0,8,1,1,1,,0,40 03:10.058,,0,75 08:06.953,8,0,0,0,67301,0,0,0,N,0,0,0,3,67301,0,,1,9,,N,N,,0,,0,0,0,2.0,3,,800,1,3,0,0,0,1,0,3,4,0,3,7,,N,,,,,,,,,,,
2008079734,1625,1,0,0,0,0,0,0,0,0,7,0,,67,5,2008,2,39.9061,-75.134,1624.0,6,0,0,0,0,0,0,0,0,,0,0,0,16,1,0,0,,0,39 54:21.881,,0,75 08:02.543,0,0,0,0,67301,0,0,0,N,0,0,0,2,67501,0,,5,1,,N,N,,0,,0,0,0,3.0,8,,1625,0,1,0,0,0,0,0,3,4,0,1,3,,N,,,,,,,,,,,
2008079368,1759,2,0,0,0,0,0,0,0,0,4,0,,67,5,2008,5,40.0706,-75.1763,1755.0,6,0,0,0,0,0,0,0,1,,0,0,0,17,1,0,1,,0,40 04:14.106,,0,75 10:34.586,0,0,0,0,67301,0,0,0,,0,0,0,2,67301,0,,1,1,,N,N,,0,,0,0,0,3.0,3,,1755,0,2,0,0,0,0,0,3,4,0,2,3,,N,,,,,,,,,,,
2008079383,820,2,0,0,0,0,0,0,0,0,4,0,,67,5,2008,3,40.0505,-75.1546,815.0,6,0,0,0,0,0,0,0,0,,0,0,0,8,1,2,1,,0,40 03:01.648,,0,75 09:16.588,8,0,0,0,67301,0,0,0,N,0,0,0,3,67301,0,,1,9,,N,N,,0,,0,0,0,0.0,0,,810,2,2,0,0,0,2,1,3,4,0,2,7,,N,,,,,,,,,,,
2008070542,1537,1,0,0,0,0,0,0,0,0,1,1,,67,6,2008,6,39.9594,-75.1737,1521.0,6,0,0,0,0,0,1,0,0,,0,1,0,15,1,0,0,,0,39 57:33.873,,0,75 10:26.750,0,0,0,0,67301,0,0,0,N,0,0,0,2,68K01,0,,1,1,,N,N,,0,,0,0,0,0.0,0,,1506,0,2,0,0,0,0,0,3,4,0,2,3,,N,,,,,,,,,,,
2008079282,1645,2,0,0,0,0,0,0,0,0,2,0,,67,5,2008,6,40.032,-75.0555,1637.0,6,0,0,1,1,0,0,0,0,,0,0,0,16,1,1,1,,0,40 01:55.074,,0,75 03:19.659,4,0,0,0,67301,0,0,0,N,0,0,0,3,67301,1,,1,9,,N,N,,0,,0,0,0,3.0,3,,1636,1,2,0,0,0,0,0,3,4,0,2,7,,N,,,,,,,,,,,
2008072042,311,1,0,0,0,0,0,0,0,0,7,0,,67,4,2008,1,40.0574,-75.0462,308.0,6,0,0,0,0,0,0,0,0,9.0,1,0,0,3,3,0,0,,2,40 03:26.511,2.0,0,75 02:46.432,1,0,0,0,67301,0,0,0,,0,0,0,1,67301,0,2.0,4,1,,N,N,,0,0.0,0,0,0,0.0,0,Y,305,0,1,1,0,1,0,0,3,4,0,1,3,,N,,,,,,,,,,,
2008072087,1400,6,0,0,0,0,0,0,0,0,7,0,,67,4,2008,7,40.0403,-75.2244,1358.0,6,0,0,1,0,0,0,0,0,3.0,0,0,0,13,1,2,2,,2,40 02:24.311,2.0,0,75 13:27.374,4,0,0,0,67301,0,0,0,,0,0,0,2,67301,2,,2,1,,,,,0,,0,0,0,3.0,2,Y,1355,2,6,0,0,0,0,0,3,4,0,6,3,,N,,,,,,,,,,,