CRN,ARRIVAL_TM,AUTOMOBILE_COUNT,BELTED_DEATH_COUNT,BELTED_SUSP_SERIOUS_INJ_COUNT,BICYCLE_COUNT,BICYCLE_DEATH_COUNT,BICYCLE_SUSP_SERIOUS_INJ_COUNT,BUS_COUNT,CHLDPAS_DEATH_COUNT,CHLDPAS_SUSP_SERIOUS_INJ_COUNT,COLLISION_TYPE,COMM_VEH_COUNT,CONS_ZONE_SPD_LIM,COUNTY,CRASH_MONTH,CRASH_YEAR,DAY_OF_WEEK,DEC_LAT,DEC_LONG,DISPATCH_TM,DISTRICT,DRIVER_COUNT_16YR,DRIVER_COUNT_17YR,DRIVER_COUNT_18YR,DRIVER_COUNT_19YR,DRIVER_COUNT_20YR,DRIVER_COUNT_50_64YR,DRIVER_COUNT_65_74YR,DRIVER_COUNT_75PLUS,EST_HRS_CLOSED,FATAL_COUNT,HEAVY_TRUCK_COUNT,HORSE_BUGGY_COUNT,HOUR_OF_DAY,ILLUMINATION,INJURY_COUNT,INTERSECT_TYPE,INTERSECTION_RELATED,LANE_CLOSED,LATITUDE,LN_CLOSE_DIR,LOCATION_TYPE,LONGITUDE,MAX_SEVERITY_LEVEL,MCYCLE_DEATH_COUNT,MCYCLE_SUSP_SERIOUS_INJ_COUNT,MOTORCYCLE_COUNT,MUNICIPALITY,NONMOTR_COUNT,NONMOTR_DEATH_COUNT,NONMOTR_SUSP_SERIOUS_INJ_COUNT,NTFY_HIWY_MAINT,PED_COUNT,PED_DEATH_COUNT,PED_SUSP_SERIOUS_INJ_COUNT,PERSON_COUNT,POLICE_AGCY,POSSIBLE_INJ_COUNT,RDWY_SURF_TYPE_CD,RELATION_TO_ROAD,ROAD_CONDITION,ROADWAY_CLEARED,SCH_BUS_IND,SCH_ZONE_IND,SECONDARY_CRASH,SMALL_TRUCK_COUNT,SPEC_JURIS_CD,SUSP_MINOR_INJ_COUNT,SUSP_SERIOUS_INJ_COUNT,SUV_COUNT,TCD_FUNC_CD,TCD_TYPE,TFC_DETOUR_IND,TIME_OF_DAY,TOT_INJ_COUNT,TOTAL_UNITS,UNB_DEATH_COUNT,UNB_SUSP_SERIOUS_INJ_COUNT,UNBELTED_OCC_COUNT,UNK_INJ_DEG_COUNT,UNK_INJ_PER_COUNT,URBAN_AREA,URBAN_RURAL,VAN_COUNT,VEHICLE_COUNT,WEATHER1,WEATHER2,WORK_ZONE_IND,WORK_ZONE_LOC,WORK_ZONE_TYPE,WORKERS_PRES,WZ_CLOSE_DETOUR,WZ_FLAGGER,WZ_LAW_OFFCR_IND,WZ_LN_CLOSURE,WZ_MOVING,WZ_OTHER,WZ_SHLDER_MDN,WZ_WORKERS_INJ_KILLED
2008069634,1709,0,0,0,0,0,0,0,0,0,1,0,,67,4,2008,3,39.9154,-75.1598,1707.0,6,0,0,0,0,0,1,0,0,,0,0,0,17,1,4,1,,0,39 54:55.357,,0,75 09:34.994,3,0,0,0,67301,0,0,0,N,0,0,0,5,67301,2,,1,1,,,N,,2,,2,0,2,3.0,2,,1702,4,4,0,0,0,0,0,3,4,0,4,3,,N,,,,,,,,,,,
2008069638,1704,2,0,0,0,0,0,0,0,0,4,0,,67,4,2008,2,39.9522,-75.2408,1656.0,6,0,0,0,0,0,1,0,0,,0,0,0,16,1,0,1,,0,39 57:07.894,,0,75 14:26.897,9,0,0,0,67301,0,0,0,N,0,0,0,5,67301,0,,1,1,,N,N,,0,,0,0,0,3.0,2,,1656,0,2,0,0,0,0,3,3,4,0,2,3,,N,,,,,,,,,,,
2008069660,816,2,0,0,0,0,0,0,0,0,6,0,,67,4,2008,2,40.0275,-75.0991,815.0,6,0,0,0,0,0,0,0,0,1.0,0,0,0,8,1,3,1,,1,40 01:40.383,1.0,0,75 05:58.722,4,0,0,0,67301,0,0,0,,0,0,0,3,67301,3,,1,1,,,,,0,,0,0,0,3.0,2,N,814,3,2,0,0,0,0,0,3,4,0,2,3,,N,,,,,,,,,,,
2008069696,10,0,0,0,0,0,0,0,0,0,8,0,,67,4,2008,5,40.0229,-75.2193,3.0,6,0,0,0,0,0,0,0,0,,0,0,0,23,3,1,2,,0,40 01:22.616,,0,75 13:09.501,8,0,0,0,67301,1,0,0,N,1,0,0,2,67301,0,,1,1,,N,N,,1,,0,0,0,0.0,0,,2350,1,2,0,0,0,1,0,3,4,0,1,3,,N,,,,,,,,,,,
2008119669,2020,0,0,0,0,0,0,0,0,0,1,0,,67,9,2008,6,39.957,-75.1571,2012.0,6,0,0,0,0,0,0,0,0,,0,0,0,20,3,1,1,,0,39 57:25.140,,0,75 09:25.661,4,0,0,0,67301,0,0,0,N,0,0,0,3,67301,1,,1,9,,N,N,,1,,0,0,1,3.0,2,,2010,1,2,0,0,0,0,0,3,4,0,2,7,,N,,,,,,,,,,,
2008119757,1745,1,0,0,0,0,0,0,0,0,4,0,,67,8,2008,3,39.9867,-75.2084,1735.0,6,0,0,0,0,0,0,1,0,,0,0,0,17,1,1,2,,0,39 59:11.611,,0,75 12:32.327,8,0,0,0,67301,0,0,0,,0,0,0,4,67301,0,,1,1,,,,,0,,0,0,1,9.0,3,,1730,1,2,0,0,0,1,0,3,4,0,2,3,,N,,,,,,,,,,,
2008060517,1338,0,0,0,0,0,0,0,0,0,1,0,,67,3,2008,7,40.0319,-75.0634,1338.0,6,0,0,0,0,0,0,0,0,,0,0,0,13,1,0,0,,0,40 01:54.672,,99,75 03:48.207,9,0,0,0,67301,0,0,0,N,0,0,0,4,67301,0,,1,1,,N,N,,0,,0,0,2,0.0,0,,1310,0,2,0,0,0,0,2,3,4,0,2,3,,N,,,,,,,,,,,
2008049355,1608,1,0,0,0,0,0,0,0,0,1,0,,67,4,2008,3,39.9594,-75.1738,1608.0,6,0,0,0,0,0,1,1,0,1.0,0,0,0,15,1,1,0,,1,39 57:33.971,4.0,1,75 10:27.537,4,0,0,0,67301,0,0,0,N,0,0,0,4,68K01,1,,1,1,,N,N,,1,,0,0,1,9.0,9,Y,1553,1,3,0,0,0,0,0,3,4,0,3,3,,N,,,,,,,,,,,
2008049783,1722,1,0,0,0,0,0,1,0,0,5,1,,67,3,2008,2,39.9465,-75.1424,1712.0,6,0,0,0,0,0,1,0,0,1.0,0,0,0,17,1,2,0,,2,39 56:46.900,2.0,0,75 08:32.756,8,0,0,0,67301,0,0,0,N,0,0,0,4,68K01,0,,1,1,,N,N,,0,,0,0,0,0.0,0,N,1710,2,2,0,0,0,2,1,3,4,0,2,3,,N,,,,,,,,,,,
2008046750,1750,2,0,0,0,0,0,0,0,0,1,0,,67,2,2008,6,39.9626,-75.1831,1750.0,6,0,0,0,0,0,0,1,0,,0,0,0,17,3,0,0,,0,39 57:48.239,,0,75 11:01.812,9,0,0,0,67301,0,0,0,N,0,0,0,2,68K01,0,,1,1,,N,N,,0,,0,0,0,0.0,0,,1750,0,2,0,0,0,0,1,3,4,0,2,3,,N,,,,,,,,,,,
2008044420,1810,1,0,0,0,0,0,0,0,0,8,0,,67,1,2008,4,39.988,-75.106,1809.0,6,0,0,0,0,0,0,0,0,1.0,0,0,0,99,3,1,0,,1,39 59:16.871,1.0,0,75 06:21.447,4,0,0,0,67301,1,0,0,N,1,0,0,2,67301,1,,1,1,,N,N,,0,,0,0,0,0.0,0,Y,9999,1,2,0,0,1,0,0,3,4,0,1,3,,N,,,,,,,,,,,
2008044471,1403,1,0,0,0,0,0,0,0,0,8,0,,67,1,2008,3,40.0016,-75.1532,1403.0,6,0,0,0,0,0,1,0,0,,0,0,0,99,1,1,0,,0,40 00:05.760,,0,75 09:11.520,8,0,0,0,67301,1,0,0,,1,0,0,2,67301,0,,1,1,,N,N,,0,,0,0,0,0.0,0,,9999,1,2,0,0,0,1,0,3,4,0,1,3,,N,,,,,,,,,,,
2008029499,846,1,0,0,0,0,0,0,0,0,8,0,,67,1,2008,2,39.9529,-75.1613,843.0,6,0,0,0,0,0,0,0,0,,0,0,0,8,1,1,0,,0,39 57:10.580,,0,75 09:40.530,4,0,0,0,67301,1,0,0,,1,0,0,2,67301,1,,6,1,,,,,0,,0,0,0,0.0,0,,840,1,2,0,0,0,0,0,3,4,0,1,3,,N,,,,,,,,,,,
2008049872,1834,0,0,0,0,0,0,0,0,0,8,0,,67,2,2008,6,40.0103,-75.1593,1834.0,6,0,0,0,0,0,0,0,0,,0,0,0,18,3,1,0,,0,40 00:37.065,,0,75 09:33.569,4,0,0,0,67301,1,0,0,N,1,0,0,2,67301,1,,1,9,,N,N,,1,,0,0,0,0.0,0,,1834,1,2,0,0,0,0,0,3,4,0,1,7,,N,,,,,,,,,,,
2008060267,1528,1,0,0,0,0,0,0,0,0,8,0,,67,3,2008,2,39.9504,-75.1475,1520.0,6,0,0,0,0,0,0,0,0,,0,0,0,15,1,1,0,,0,39 57:01.268,,0,75 08:51.106,4,0,0,0,67301,1,0,0,N,1,0,0,2,67301,1,,1,9,,N,N,,0,,0,0,0,3.0,2,,1515,1,2,0,0,0,0,0,3,4,0,1,7,,N,,,,,,,,,,,
2008062763,927,1,0,0,0,0,0,0,0,0,7,0,,67,5,2008,4,39.8988,-75.1802,919.0,6,0,0,0,0,0,0,0,0,,0,0,0,9,1,1,0,,0,39 53:57.451,,0,75 10:35.600,4,0,0,0,67301,0,0,0,N,0,0,0,1,68K01,1,,3,1,,N,N,,0,,0,0,0,0.0,0,,916,1,1,0,0,0,0,0,3,4,0,1,3,,N,,,,,,,,,,,
2008027046,2034,2,0,0,0,0,0,0,0,0,7,0,,67,1,2008,5,40.0064,-75.0894,2029.0,6,0,0,0,0,0,0,0,0,2.0,0,0,0,20,3,5,1,,1,40 00:22.000,1.0,0,75 05:22.991,4,0,0,0,67301,0,0,0,,0,0,0,6,67301,4,,1,1,,N,N,,0,,0,0,0,3.0,2,Y,2028,5,3,0,0,0,1,1,3,4,1,3,3,,N,,,,,,,,,,,
2008040094,9999,0,0,0,0,0,0,0,0,0,1,0,,67,2,2008,3,39.9802,-75.2693,857.0,6,0,0,0,0,0,0,0,0,,0,0,0,22,3,1,1,,0,39 58:48.000,,0,75 16:09.257,4,0,0,0,67301,0,0,0,N,0,0,0,2,67301,1,,1,1,,N,N,,1,,0,0,1,9.0,2,,2235,1,2,0,0,0,0,1,3,4,0,2,3,,N,,,,,,,,,,,
2008030227,1101,0,0,0,0,0,0,1,0,0,7,1,,67,2,2008,6,39.9317,-75.1997,1040.0,6,0,0,0,0,0,0,0,0,1.0,0,0,0,10,1,1,0,,1,39 55:56.000,4.0,0,75 11:59.857,8,0,0,0,67301,0,0,0,N,0,0,0,1,68K01,0,,2,9,,N,N,,0,,0,0,0,0.0,0,N,1037,1,1,0,0,0,1,0,3,4,0,1,7,5.0,N,,,,,,,,,,,
2008030246,1436,1,0,0,0,0,0,0,0,0,7,0,,67,2,2008,2,39.9493,-75.1845,1430.0,6,0,0,0,0,0,0,0,0,,0,0,0,14,1,0,0,,0,39 57:02.132,,0,75 10:59.285,0,0,0,0,67301,0,0,0,N,0,0,0,1,68K01,0,,2,1,,N,N,,0,,0,0,0,9.0,9,,1423,0,1,0,0,0,0,0,3,4,0,1,3,,N,,,,,,,,,,,
2008027651,1818,1,0,0,0,0,0,0,0,0,7,0,,67,2,2008,3,39.9991,-75.1953,1755.0,6,0,0,0,0,0,0,0,0,1.0,0,0,0,17,3,0,0,,1,40 00:00.000,4.0,0,75 11:41.726,0,0,0,0,67301,0,0,0,N,0,0,0,1,68K01,0,,1,1,,N,N,,0,,0,0,0,0.0,0,N,1752,0,1,0,0,0,0,0,3,4,0,1,3,,N,,,,,,,,,,,
2008059952,1751,2,0,0,0,0,0,0,0,0,5,0,,67,5,2008,6,39.9594,-75.1738,1648.0,6,0,0,0,0,0,0,1,0,,0,0,0,16,1,1,0,,0,39 57:35.367,,0,75 10:38.695,8,0,0,0,67301,0,0,0,N,0,0,0,3,68K01,0,,1,1,,N,N,,0,,0,0,0,0.0,0,,1633,1,2,0,0,0,1,0,3,4,0,2,3,,N,,,,,,,,,,,
2008057068,25,2,0,0,0,0,0,0,0,0,6,0,,67,3,2008,7,40.0845,-75.0384,20.0,6,0,0,0,0,0,0,0,0,,0,0,0,0,3,0,1,,0,40 05:04.030,,0,75 02:18.148,0,0,0,0,67301,0,0,0,N,0,0,0,3,67301,0,,1,1,,N,N,,0,,0,0,0,3.0,2,,20,0,2,0,0,0,0,0,3,4,0,2,3,,N,,,,,,,,,,,
2008057076,1240,0,0,0,0,0,0,0,0,0,0,0,,67,3,2008,2,39.9877,-75.2162,1233.0,6,0,0,0,0,0,0,0,0,,0,0,0,12,1,1,0,,0,39 59:15.850,,0,75 12:58.485,8,0,0,0,67301,0,0,0,N,0,0,0,1,67301,0,,1,1,,N,N,,1,,0,0,0,0.0,0,,1230,1,1,0,0,0,1,0,3,4,0,1,3,,N,,,,,,,,,,,
2008057373,1305,2,0,0,0,0,0,0,0,0,1,0,,67,3,2008,2,40.0017,-75.117,1300.0,6,0,0,0,0,0,0,0,0,,0,0,0,13,1,1,2,,0,40 00:06.192,,0,75 07:01.253,4,0,0,0,67301,0,0,0,N,0,0,0,3,67301,1,,1,9,,N,N,,0,,0,0,0,0.0,0,,1300,1,2,0,0,0,0,0,3,4,0,2,7,,N,,,,,,,,,,,
2008057651,1718,2,0,0,0,0,0,0,0,0,4,0,,67,3,2008,3,39.9546,-75.2001,1715.0,6,0,0,0,0,0,0,0,0,,0,0,0,17,1,0,1,,0,39 57:16.480,,0,75 12:00.413,0,0,0,0,67301,0,0,0,N,0,0,0,2,67504,0,,1,1,,N,N,,0,,0,0,0,0.0,0,,1715,0,2,0,0,0,0,0,3,4,0,2,3,,N,,,,,,,,,,,
2008060137,1322,0,0,0,0,0,0,0,0,0,1,0,,67,5,2008,6,39.9802,-75.2051,1320.0,6,0,0,0,0,0,0,1,0,,0,0,0,13,1,1,0,,0,39 58:51.581,,0,75 12:22.813,3,0,0,0,67301,0,0,0,N,0,0,0,2,68K01,0,,1,1,,N,N,,0,,1,0,1,0.0,0,,1315,1,2,0,0,0,0,0,3,4,1,2,3,,N,,,,,,,,,,,
2008060160,1530,3,0,0,0,0,0,0,0,0,4,0,,67,4,2008,2,39.9092,-75.2265,1514.0,6,0,0,0,0,1,0,0,0,,0,0,0,13,8,3,0,,0,39 54:33.094,,0,75 13:35.522,3,0,0,0,67301,0,0,0,,0,0,0,3,67301,0,,1,1,,N,N,,0,,2,0,0,0.0,0,,1326,3,3,0,0,0,1,0,3,4,0,3,3,,N,,,,,,,,,,,
2008042357,2103,0,0,0,0,0,0,0,0,0,7,0,,67,2,2008,4,39.9412,-75.2123,2055.0,6,0,0,0,0,0,0,0,0,,0,0,0,20,3,1,10,,0,39 56:28.000,,0,75 12:44.265,3,0,0,0,67301,0,0,0,N,0,0,0,1,67301,0,,2,9,,N,N,,0,,1,0,1,0.0,0,,2050,1,1,0,0,1,0,0,3,4,0,1,7,,N,,,,,,,,,,,
2008057787,1234,2,0,0,0,0,0,0,0,0,4,0,,67,3,2008,6,40.0804,-75.0279,1230.0,6,0,0,1,0,0,0,0,0,,0,0,0,12,1,2,0,,0,40 04:49.296,,7,75 01:40.383,4,0,0,0,67301,0,0,0,N,0,0,0,4,67301,2,,1,1,,N,N,,0,,0,0,0,3.0,3,,1225,2,2,0,0,0,0,0,3,4,0,2,3,,N,,,,,,,,,,,
2008044706,1040,1,0,0,0,0,0,0,0,0,8,0,,67,1,2008,4,40.0364,-75.1306,1036.0,6,0,0,0,0,0,0,0,0,,0,0,0,21,3,1,1,,0,40 02:11.187,,0,75 07:50.102,8,0,0,0,67301,1,0,0,N,1,0,0,2,67301,0,,1,98,,N,N,,0,,0,0,0,9.0,9,,2100,1,2,0,0,0,1,1,3,4,0,1,99,,N,,,,,,,,,,,
2008119038,642,1,0,0,0,0,0,0,0,0,8,0,,67,9,2008,3,39.9514,-75.1685,642.0,6,0,0,0,0,0,1,0,0,,0,0,0,6,3,1,0,,0,39 57:05.040,,0,75 10:06.600,4,0,0,0,67301,1,0,0,N,1,0,0,2,67301,1,,1,1,,N,N,,0,,0,0,0,0.0,0,,622,1,2,0,0,0,0,0,3,4,0,1,3,,N,,,,,,,,,,,
2008119116,2053,1,0,0,0,0,0,0,0,0,4,0,,67,9,2008,6,39.9396,-75.1982,2050.0,6,0,0,0,0,0,1,0,0,,0,0,0,20,3,1,1,,0,39 56:22.560,,0,75 11:53.520,4,0,0,0,67301,0,0,0,N,0,0,0,3,67301,1,,3,9,,N,N,,0,,0,0,1,0.0,0,,2030,1,2,0,0,0,0,0,3,4,0,2,7,,N,,,,,,,,,,,
2008119158,117,1,0,0,0,0,0,0,0,0,4,0,,67,9,2008,7,40.0534,-75.0751,113.0,6,0,0,0,0,0,1,0,0,,0,0,0,1,3,1,1,,0,40 03:12.174,,0,75 04:30.263,4,0,0,0,67301,0,0,0,N,0,0,0,3,67301,1,,1,1,,N,N,,0,,0,0,1,3.0,2,,108,1,2,0,0,0,0,0,3,4,0,2,3,,N,,,,,,,,,,,
2008098116,1210,2,0,0,0,0,0,0,0,0,2,0,,67,6,2008,3,39.9759,-75.1586,1208.0,6,0,0,0,0,0,0,0,1,2.0,0,0,0,12,1,1,2,,1,39 58:33.126,1.0,0,75 09:30.760,8,0,0,0,67301,0,0,0,N,0,0,0,3,67301,0,,1,1,,N,N,,0,,0,0,0,9.0,2,N,1207,1,2,0,0,0,1,0,3,4,0,2,3,,N,,,,,,,,,,,
2008098129,1445,0,0,0,0,0,0,0,0,0,4,0,,67,7,2008,6,39.9704,-75.1647,1438.0,6,0,0,0,1,0,1,0,0,,0,0,0,14,1,3,2,,0,39 58:13.611,,0,75 09:53.036,4,0,0,0,67301,0,0,0,N,0,0,0,3,67301,1,,1,1,,N,N,,0,,0,0,2,3.0,2,,1428,3,2,0,0,0,2,0,3,4,0,2,3,,N,,,,,,,,,,,
2008070664,2317,0,0,0,0,0,0,0,0,0,4,0,,67,4,2008,6,40.0347,-75.1309,2315.0,6,0,0,0,0,0,0,0,0,,0,0,0,23,3,1,1,,0,40 02:04.999,,0,75 07:51.139,4,0,0,0,67301,1,0,0,N,1,0,0,2,67301,1,,1,9,,N,N,,0,,0,0,0,3.0,2,,2315,1,2,0,0,0,0,0,3,4,1,1,7,,N,,,,,,,,,,,
2008079528,1855,1,0,0,0,0,0,0,0,0,8,0,,67,5,2008,6,39.9602,-75.1669,853.0,6,0,0,0,0,1,0,0,0,,0,0,0,18,1,1,1,,0,39 57:36.752,,0,75 10:00.695,4,0,0,0,67301,1,0,0,N,1,0,0,2,67301,1,,1,1,,N,N,,0,,0,0,0,3.0,3,,1850,1,2,0,0,0,0,0,3,4,0,1,3,,N,,,,,,,,,,,
2008087370,2052,1,0,0,0,0,0,0,0,0,7,0,,67,7,2008,5,40.028,-75.0243,2037.0,6,0,0,1,0,0,0,0,0,2.0,0,0,0,20,3,2,0,,2,40 01:39.808,2.0,0,75 01:28.710,4,0,0,0,67301,0,0,0,N,0,0,0,2,68K01,2,,3,1,,N,N,,0,,0,0,0,0.0,0,N,2034,2,1,0,0,0,0,0,3,4,0,1,3,,N,,,,,,,,,,,
2008101968,945,2,0,0,0,0,0,0,0,0,1,0,,67,8,2008,5,39.9941,-75.1991,930.0,6,0,0,0,1,0,0,0,0,1.0,0,0,0,9,1,2,0,,1,39 59:41.910,3.0,0,75 11:53.509,3,0,0,0,67301,0,0,0,N,0,0,0,2,68K01,1,,1,1,,N,N,,0,,1,0,0,0.0,0,Y,926,2,2,0,0,0,0,0,3,4,0,2,3,,N,,,,,,,,,,,
2008079352,621,3,0,0,0,0,0,0,0,0,4,0,,67,5,2008,1,40.004,-75.1347,618.0,6,0,0,0,0,0,0,0,0,,0,0,0,6,1,2,3,,0,40 00:14.292,,0,75 08:04.876,3,0,0,0,67301,0,0,0,N,0,0,0,3,67301,1,,1,1,,N,N,,0,,1,0,0,3.0,3,,615,2,3,0,0,0,0,0,3,4,0,3,3,,N,,,,,,,,,,,
2008072782,131,1,0,0,0,0,0,0,0,0,7,0,,67,4,2008,6,39.9664,-75.1605,128.0,6,0,0,0,0,0,0,0,0,,0,0,0,1,3,1,0,,0,39 57:58.778,,0,75 09:37.732,4,0,0,0,67301,0,0,0,,0,0,0,2,67301,1,,4,1,,,,,0,,0,0,0,0.0,0,,125,1,1,0,0,0,0,0,3,4,0,1,3,,N,,,,,,,,,,,
2008079382,837,2,0,0,0,0,0,0,0,0,4,0,,67,5,2008,2,40.055,-75.1348,835.0,6,0,0,0,0,0,1,0,0,,0,0,0,8,1,1,1,,0,40 03:18.134,,0,75 08:05.203,8,0,0,0,67301,0,0,0,N,0,0,0,4,67301,0,,1,9,,N,N,,0,,0,0,0,3.0,3,,825,1,2,0,0,0,1,0,3,4,0,2,7,,N,,,,,,,,,,,
2008082624,1750,2,0,0,0,0,0,0,0,0,5,0,,67,5,2008,4,39.9413,-75.2084,1746.0,6,0,0,0,0,0,0,0,0,,0,0,0,17,1,1,0,,0,39 56:28.680,,0,75 12:38.160,4,0,0,0,67301,0,0,0,N,0,0,0,2,67301,1,,1,1,,N,N,,0,,0,0,0,0.0,0,,1700,1,2,0,0,0,0,0,3,4,0,2,3,,N,,,,,,,,,,,
2008082666,1012,1,0,0,0,0,0,0,0,0,7,0,,67,5,2008,7,39.9323,-75.2164,1007.0,6,0,0,0,0,0,0,0,0,,0,0,0,10,1,1,0,,0,39 55:56.182,,0,75 12:59.183,4,0,0,0,67301,0,0,0,N,0,0,0,1,67301,1,,4,1,,N,N,,0,,0,0,0,3.0,2,,1000,1,1,0,0,0,0,0,3,4,0,1,3,,N,,,,,,,,,,,
2008072486,1509,1,0,0,0,0,0,0,0,0,1,0,,67,6,2008,3,39.9865,-75.0916,1459.0,6,0,0,0,0,0,0,0,0,,0,0,0,14,1,0,0,,0,39 59:11.554,,0,75 05:29.340,0,0,0,0,67301,0,0,0,N,0,0,0,2,68K01,0,,1,1,,N,N,,0,,0,0,1,0.0,0,,1449,0,2,0,0,0,0,0,3,4,0,2,3,,N,,,,,,,,,,,
2008079277,1810,2,0,0,0,0,0,0,0,0,1,0,,67,5,2008,7,40.0432,-75.0523,1800.0,6,0,0,0,0,0,1,0,0,,0,0,0,17,1,1,1,,0,40 02:35.649,,0,75 03:08.136,4,0,0,0,67301,0,0,0,,0,0,0,3,67301,1,,1,1,,N,N,,0,,0,0,0,3.0,2,,1730,1,2,0,0,0,0,0,3,4,0,2,3,,N,,,,,,,,,,,
2008074476,542,1,0,0,0,0,0,0,0,0,7,0,,67,6,2008,3,39.9494,-75.1419,535.0,6,0,0,0,0,0,1,0,0,2.0,0,0,0,5,1,1,0,,1,39 56:58.065,2.0,0,75 08:30.635,4,0,0,0,67301,0,0,0,Y,0,0,0,1,68K01,1,,2,1,,N,N,,0,,0,0,0,0.0,0,N,534,1,1,0,0,0,0,0,3,4,0,1,3,,N,,,,,,,,,,,
2008074478,1541,3,0,0,0,0,0,0,0,0,1,0,,67,6,2008,3,39.8992,-75.1752,1541.0,6,0,0,0,0,1,0,0,0,,0,0,0,15,1,0,0,,0,39 53:55.923,,0,75 10:20.036,0,0,0,0,67301,0,0,0,N,0,0,0,4,68K01,0,,1,1,,N,N,,0,,0,0,0,0.0,0,,1539,0,3,0,0,0,0,0,3,4,0,3,3,,N,,,,,,,,,,,
2008036799,716,0,0,0,0,0,0,1,0,0,5,1,,67,2,2008,6,40.0076,-75.2006,659.0,6,0,0,0,0,0,1,0,0,1.0,0,0,0,6,8,1,0,,1,40 00:25.000,4.0,0,75 11:57.865,4,0,0,0,67301,0,0,0,N,0,0,0,2,68K01,1,,1,7,,N,N,,0,,0,0,0,0.0,0,N,657,1,2,0,0,1,0,0,3,4,1,2,10,,N,,,,,,,,,,,
2008049364,1618,1,0,0,0,0,0,0,0,0,7,0,,67,4,2008,7,39.9998,-75.085,1608.0,6,0,0,1,0,0,0,0,0,,0,0,0,16,1,0,0,,0,39 59:54.607,,2,75 05:00.192,0,0,0,0,67301,0,0,0,N,0,0,0,1,68K01,0,,2,1,,N,N,,0,,0,0,0,0.0,0,,1602,0,1,0,0,0,0,0,3,4,0,1,3,,N,,,,,,,,,,,
2008040143,1505,2,0,0,0,0,0,0,0,0,1,0,,67,2,2008,2,40.0566,-75.0466,1505.0,6,0,0,0,0,0,1,1,0,,0,0,0,15,1,2,1,,0,40 03:23.000,,0,75 02:47.581,4,0,0,0,67301,0,0,0,N,0,0,0,2,67301,2,,1,1,,N,N,,0,,0,0,0,3.0,2,,1500,2,2,0,0,0,0,0,3,4,0,2,3,,N,,,,,,,,,,,
2008060200,830,1,0,0,0,0,0,0,0,0,8,0,,67,3,2008,5,40.0023,-75.2201,822.0,6,0,0,0,0,0,1,0,0,,0,0,0,8,1,1,1,,0,40 00:08.218,,0,75 13:12.497,4,0,0,0,67301,1,0,0,N,1,0,0,2,67301,1,,2,9,,N,N,,0,,0,0,0,3.0,2,,822,1,2,0,0,0,0,0,3,4,0,1,7,,N,,,,,,,,,,,
2008060235,2355,1,0,0,0,0,0,0,0,0,4,0,,67,3,2008,1,39.9231,-75.1596,2353.0,6,0,0,0,0,0,0,0,0,1.0,0,0,0,23,3,0,2,,2,39 55:23.103,7.0,0,75 09:34.741,0,0,0,0,67301,0,0,0,N,0,0,0,4,67301,0,,1,1,,N,N,,0,,0,0,0,3.0,2,Y,2355,0,2,0,0,0,0,0,3,4,1,2,3,,N,,,,,,,,,,,
2008060237,101,1,0,0,0,0,0,0,0,0,4,0,,67,3,2008,6,39.9468,-75.2358,101.0,6,0,0,0,0,0,1,0,0,,0,0,0,0,3,1,1,,0,39 56:48.480,,0,75 14:08.880,8,0,0,0,67301,0,0,0,N,0,0,0,3,67301,0,,1,1,,N,N,,0,,0,0,0,9.0,2,,50,1,2,0,0,0,1,0,3,4,0,2,3,,N,,,,,,,,,,,
2008044875,2135,1,0,0,0,0,0,0,0,0,4,0,,67,1,2008,6,40.0841,-74.9902,2129.0,6,0,0,0,0,0,1,0,0,1.0,0,0,0,21,3,0,2,,1,40 05:02.000,1.0,0,74 59:24.580,0,0,0,0,67301,0,0,0,,0,0,0,5,67301,0,,1,1,,N,N,,0,,0,0,1,3.0,2,N,2129,0,2,0,0,0,0,0,3,4,0,2,3,,N,,,,,,,,,,,
2008047372,915,0,0,0,0,0,0,0,0,0,8,0,,67,1,2008,4,40.0106,-75.1008,910.0,6,0,0,0,0,0,0,0,0,,0,0,0,9,1,1,1,,0,40 00:38.235,,0,75 06:02.779,4,0,0,0,67301,1,0,0,,1,0,0,2,67301,1,,1,1,,,N,,0,,0,0,0,3.0,3,,907,1,2,0,0,0,0,0,3,4,1,1,3,,N,,,,,,,,,,,
2008027025,1641,0,0,0,0,0,0,0,0,0,5,0,,67,1,2008,3,39.9677,-75.2097,1637.0,6,0,0,0,0,0,0,0,0,,0,0,0,16,4,1,1,,0,39 58:03.000,,0,75 12:34.913,4,0,0,1,67301,0,0,0,N,0,0,0,3,67301,1,,1,1,,N,N,,1,,0,0,0,3.0,2,,1630,1,2,0,0,1,0,0,3,4,0,2,3,,N,,,,,,,,,,,
2008066719,509,1,0,0,0,0,0,0,0,0,7,0,,67,4,2008,1,39.9569,-75.1803,504.0,6,0,0,0,0,0,0,0,0,2.0,0,0,0,5,3,3,0,,2,39 57:31.444,4.0,0,75 10:49.339,3,0,0,0,67301,0,0,0,Y,0,0,0,3,68K01,2,,7,1,,N,N,,0,,1,0,0,0.0,0,N,503,3,1,0,0,0,0,0,3,4,0,1,3,,N,,,,,,,,,,,