CRN,ARRIVAL_TM,AUTOMOBILE_COUNT,BELTED_DEATH_COUNT,BELTED_SUSP_SERIOUS_INJ_COUNT,BICYCLE_COUNT,BICYCLE_DEATH_COUNT,BICYCLE_SUSP_SERIOUS_INJ_COUNT,BUS_COUNT,CHLDPAS_DEATH_COUNT,CHLDPAS_SUSP_SERIOUS_INJ_COUNT,COLLISION_TYPE,COMM_VEH_COUNT,CONS_ZONE_SPD_LIM,COUNTY,CRASH_MONTH,CRASH_YEAR,DAY_OF_WEEK,DEC_LAT,DEC_LONG,DISPATCH_TM,DISTRICT,DRIVER_COUNT_16YR,DRIVER_COUNT_17YR,DRIVER_COUNT_18YR,DRIVER_COUNT_19YR,DRIVER_COUNT_20YR,DRIVER_COUNT_50_64YR,DRIVER_COUNT_65_74YR,DRIVER_COUNT_75PLUS,EST_HRS_CLOSED,FATAL_COUNT,HEAVY_TRUCK_COUNT,HORSE_BUGGY_COUNT,HOUR_OF_DAY,ILLUMINATION,INJURY_COUNT,INTERSECT_TYPE,INTERSECTION_RELATED,LANE_CLOSED,LATITUDE,LN_CLOSE_DIR,LOCATION_TYPE,LONGITUDE,MAX_SEVERITY_LEVEL,MCYCLE_DEATH_COUNT,MCYCLE_SUSP_SERIOUS_INJ_COUNT,MOTORCYCLE_COUNT,MUNICIPALITY,NONMOTR_COUNT,NONMOTR_DEATH_COUNT,NONMOTR_SUSP_SERIOUS_INJ_COUNT,NTFY_HIWY_MAINT,PED_COUNT,PED_DEATH_COUNT,PED_SUSP_SERIOUS_INJ_COUNT,PERSON_COUNT,POLICE_AGCY,POSSIBLE_INJ_COUNT,RDWY_SURF_TYPE_CD,RELATION_TO_ROAD,ROAD_CONDITION,ROADWAY_CLEARED,SCH_BUS_IND,SCH_ZONE_IND,SECONDARY_CRASH,SMALL_TRUCK_COUNT,SPEC_JURIS_CD,SUSP_MINOR_INJ_COUNT,SUSP_SERIOUS_INJ_COUNT,SUV_COUNT,TCD_FUNC_CD,TCD_TYPE,TFC_DETOUR_IND,TIME_OF_DAY,TOT_INJ_COUNT,TOTAL_UNITS,UNB_DEATH_COUNT,UNB_SUSP_SERIOUS_INJ_COUNT,UNBELTED_OCC_COUNT,UNK_INJ_DEG_COUNT,UNK_INJ_PER_COUNT,URBAN_AREA,URBAN_RURAL,VAN_COUNT,VEHICLE_COUNT,WEATHER1,WEATHER2,WORK_ZONE_IND,WORK_ZONE_LOC,WORK_ZONE_TYPE,WORKERS_PRES,WZ_CLOSE_DETOUR,WZ_FLAGGER,WZ_LAW_OFFCR_IND,WZ_LN_CLOSURE,WZ_MOVING,WZ_OTHER,WZ_SHLDER_MDN,WZ_WORKERS_INJ_KILLED
2008057203,1835,0,0,0,0,0,0,0,0,0,7,0,,67,2,2008,7,40.0296,-75.1032,1816.0,6,0,0,0,0,0,0,0,0,9.0,0,0,0,18,3,1,1,,1,40 01:46.546,1.0,0,75 06:13.959,4,0,0,0,67301,0,0,0,N,0,0,0,1,67301,1,,2,1,,N,N,,0,,0,0,1,3.0,2,N,1810,1,1,0,0,0,0,0,3,4,0,1,3,,N,,,,,,,,,,,
2008059660,1230,1,0,0,0,0,0,0,0,0,4,0,,67,3,2008,5,39.9756,-75.1778,1219.0,6,0,0,0,0,0,0,0,0,,0,0,0,99,3,3,1,,0,39 58:32.224,,0,75 10:40.141,4,0,0,0,67301,0,0,0,N,0,0,0,4,67301,2,,1,1,,N,N,,0,,0,0,1,3.0,3,,9999,3,2,0,0,0,1,0,3,4,0,2,3,,N,,,,,,,,,,,
2008057091,2215,1,0,0,0,0,0,0,0,0,1,0,,67,4,2008,6,40.0506,-75.0102,2209.0,6,0,0,0,0,0,1,0,0,,0,0,0,22,3,2,0,,0,40 03:02.228,,0,75 00:36.500,4,0,0,0,67301,0,0,0,N,0,0,0,5,67301,2,,1,9,,N,N,,1,,0,0,1,3.0,2,,2208,2,3,0,0,0,0,0,3,4,0,3,7,,N,,,,,,,,,,,
2008057106,1433,2,0,0,0,0,0,0,0,0,4,0,,67,3,2008,6,40.078,-75.0237,1429.0,6,0,0,0,0,0,1,0,0,,0,0,0,99,1,1,2,,0,40 04:40.749,,0,75 01:25.223,4,0,0,0,67301,0,0,0,N,0,0,0,2,67301,1,,1,1,,N,N,,0,,0,0,0,3.0,2,,9999,1,2,0,0,0,0,0,3,4,0,2,3,,N,,,,,,,,,,,
2008057125,205,0,0,0,0,0,0,0,0,0,0,0,,67,3,2008,3,40.0433,-75.1137,200.0,6,0,0,1,0,0,0,0,0,,0,0,0,1,3,0,0,,0,40 02:35.839,,0,75 06:49.397,0,0,0,0,67301,0,0,0,N,0,0,0,2,67301,0,,1,1,,N,N,,0,,0,0,1,0.0,0,,140,0,1,0,0,0,0,0,3,4,0,1,3,,N,,,,,,,,,,,
2008057258,2259,2,0,0,0,0,0,0,0,0,5,0,,67,3,2008,2,40.0424,-75.0623,2254.0,6,0,0,0,1,0,1,0,0,2.0,0,0,0,22,2,1,0,,2,40 02:32.816,4.0,0,75 03:44.398,4,0,0,0,67301,0,0,0,N,0,0,0,2,67301,1,,1,9,,N,N,,0,,0,0,1,0.0,0,Y,2221,1,3,0,0,0,0,0,3,4,0,3,7,,N,,,,,,,,,,,
2008057298,1537,1,0,0,0,0,0,0,0,0,8,0,,67,3,2008,3,39.9483,-75.1558,1527.0,6,0,0,0,0,0,0,0,0,,0,0,0,99,1,1,1,,0,39 56:53.855,,0,75 09:20.749,8,0,0,0,67301,1,0,0,N,1,0,0,2,67301,0,,1,1,,N,N,,0,,0,0,0,3.0,2,,9999,1,2,0,0,0,1,1,3,4,0,1,3,,N,,,,,,,,,,,
2008057303,1008,1,0,0,0,0,0,0,0,0,4,0,,67,3,2008,1,40.0016,-75.1286,1007.0,6,0,0,0,0,0,0,0,0,,0,0,0,10,1,1,1,,0,40 00:05.796,,0,75 07:42.898,4,0,0,0,67301,1,0,0,N,1,0,0,3,67301,1,,1,1,,N,N,,0,,0,0,1,3.0,2,,1000,1,3,0,0,0,0,0,3,4,0,2,3,,N,,,,,,,,,,,
2008059883,939,2,0,0,0,0,0,0,0,0,4,0,,67,4,2008,2,40.0353,-75.0706,937.0,6,0,0,0,1,0,0,0,0,,0,0,0,9,1,1,1,,0,40 02:07.083,,0,75 04:14.554,4,0,0,0,67301,0,0,0,N,0,0,0,2,67301,1,,1,1,,N,N,,0,,0,0,0,3.0,2,,937,1,2,0,0,0,0,0,3,4,0,2,3,,N,,,,,,,,,,,
2008119075,2240,2,0,0,0,0,0,0,0,0,4,0,,67,9,2008,1,40.0889,-75.0207,2223.0,6,0,0,1,0,0,0,0,0,,0,0,0,22,3,2,5,,0,40 05:20.040,,0,75 01:14.520,3,0,0,0,67301,0,0,0,N,0,0,0,3,67301,1,,1,1,,N,N,,0,,1,0,0,3.0,2,,2223,2,2,0,0,0,0,1,3,4,0,2,3,,N,,,,,,,,,,,
2008119076,1818,0,0,0,0,0,0,0,0,0,8,0,,67,9,2008,4,40.0244,-75.0812,1816.0,6,0,0,0,0,0,0,1,0,,0,0,0,18,1,1,0,,0,40 01:27.688,,0,75 04:52.471,8,0,0,0,67301,1,0,0,N,1,0,0,2,67301,0,,1,1,,N,N,,0,,0,0,0,0.0,0,,1816,1,2,0,0,0,1,0,3,4,1,1,3,,N,,,,,,,,,,,
2008119134,1218,0,0,0,0,0,0,0,0,0,8,0,,67,10,2008,7,40.0224,-75.0782,1218.0,6,0,0,0,0,0,0,0,0,,0,0,0,12,1,1,1,,0,40 01:20.660,,0,75 04:41.478,4,0,0,0,67301,1,0,0,N,1,0,0,2,67301,1,,1,1,,N,N,,0,,0,0,1,3.0,2,,1210,1,2,0,0,0,0,0,3,4,0,1,3,,N,,,,,,,,,,,
2008119143,1348,1,0,0,0,0,0,0,0,0,7,0,,67,9,2008,4,39.9488,-75.215,1346.0,6,0,0,0,0,0,1,0,0,,0,0,0,13,1,1,1,,0,39 56:55.809,,0,75 12:54.124,8,0,0,0,67301,0,0,0,N,0,0,0,1,67301,0,,4,1,,N,N,,0,,0,0,0,3.0,2,,1343,1,1,0,0,0,1,0,3,4,0,1,3,,N,,,,,,,,,,,
2008098124,909,3,0,0,0,0,0,0,0,0,1,0,,67,7,2008,7,39.9221,-75.1883,908.0,6,0,0,0,0,0,1,0,0,2.0,0,0,0,99,3,0,2,,2,39 55:19.445,6.0,0,75 11:19.438,0,0,0,1,67301,0,0,0,N,0,0,0,5,67301,0,,1,1,,N,N,,0,,0,0,1,9.0,2,Y,9999,0,5,0,0,0,0,0,3,4,0,5,3,,N,,,,,,,,,,,
2008083015,1723,2,0,0,0,0,0,0,0,0,1,0,,67,7,2008,1,39.9505,-75.1411,1702.0,6,0,0,0,0,0,2,0,0,1.0,0,0,0,16,1,0,0,,2,39 57:02.190,1.0,0,75 08:28.037,0,0,0,0,67301,0,0,0,N,0,0,0,6,68K01,0,,1,1,,N,N,,0,,0,0,1,0.0,0,N,1657,0,3,0,0,0,0,0,3,4,0,3,3,,N,,,,,,,,,,,
2008104397,1720,0,0,0,0,0,0,0,0,0,0,1,,67,7,2008,6,39.9217,-75.19,1710.0,6,0,0,0,0,0,0,0,0,4.0,0,1,0,17,1,1,6,,2,39 55:18.120,4.0,2,75 11:24.000,3,0,0,0,67301,0,0,0,Y,0,0,0,1,67301,0,,1,1,,N,N,,0,,1,0,0,3.0,2,Y,1705,1,1,0,0,0,0,0,3,4,0,1,3,,N,,,,,,,,,,,
2008079670,1231,2,0,0,0,0,0,0,0,0,6,0,,67,5,2008,1,39.966,-75.2353,1229.0,6,0,0,0,0,1,0,0,0,1.0,0,0,0,12,1,0,0,,1,39 57:57.705,3.0,0,75 14:07.205,0,0,0,0,67301,0,0,0,N,0,0,0,1,67301,0,,6,1,,N,N,,0,,0,0,0,3.0,3,N,1224,0,2,0,0,0,0,0,3,4,0,2,3,,N,,,,,,,,,,,
2008079735,1002,1,0,0,0,0,0,0,0,0,7,0,,67,6,2008,1,39.9059,-75.1339,1000.0,6,0,0,0,0,0,0,0,0,,0,0,0,9,1,0,0,,0,39 54:21.298,,3,75 08:02.118,0,0,0,0,67301,0,0,0,N,0,0,0,1,67501,0,,2,1,,N,N,,0,,0,0,0,3.0,8,,958,0,1,0,0,0,0,0,3,4,0,1,3,,N,,,,,,,,,,,
2008082635,1352,2,0,0,0,0,0,0,0,0,4,0,,67,5,2008,7,40.0534,-75.0751,1349.0,6,0,0,0,0,0,1,0,0,,0,0,0,13,1,4,1,,0,40 03:12.186,,0,75 04:30.284,4,0,0,0,67301,0,0,0,N,0,0,0,4,67301,4,,1,1,,N,N,,0,,0,0,0,3.0,2,,1339,4,2,0,0,0,0,0,3,4,0,2,3,,N,,,,,,,,,,,
2008079261,1745,2,0,0,0,0,0,0,0,0,1,0,,67,5,2008,5,40.1002,-75.0217,1742.0,6,0,0,0,0,0,1,0,0,1.0,0,0,0,17,1,0,1,,1,40 06:00.676,4.0,0,75 01:18.249,0,0,0,0,67301,0,0,0,,0,0,0,2,67301,0,,1,9,,,,,0,,0,0,0,3.0,2,N,1735,0,2,0,0,0,0,0,3,4,0,2,7,,N,,,,,,,,,,,
2008074472,804,1,0,0,0,0,0,0,0,0,1,0,,67,6,2008,2,39.9835,-75.0976,759.0,6,0,0,0,0,0,1,0,0,1.0,0,1,0,7,1,1,0,,1,39 59:00.853,2.0,0,75 05:50.675,8,0,0,0,67301,0,0,0,N,0,0,0,3,68K01,0,,1,1,,N,N,,0,,0,0,1,0.0,0,N,756,1,3,0,0,0,1,0,3,4,0,3,3,,N,,,,,,,,,,,
2008082483,1717,1,0,0,0,0,0,0,0,0,4,0,,67,5,2008,6,39.9445,-75.1642,1715.0,6,0,0,0,0,0,0,0,0,1.0,0,0,0,17,1,2,1,,2,39 56:40.315,4.0,0,75 09:50.965,3,0,0,1,67301,0,0,0,,0,0,0,2,67301,1,,1,1,,N,N,,0,,1,0,0,0.0,0,Y,1713,2,2,0,0,0,0,0,3,4,0,2,3,,N,,,,,,,,,,,
2008082486,2245,2,0,0,0,0,0,0,0,0,1,0,,67,5,2008,6,40.038,-75.0887,2245.0,6,0,0,0,0,0,1,0,0,,0,0,0,22,3,2,2,,0,40 02:16.800,,0,75 05:19.320,8,0,0,0,67301,0,0,0,N,0,0,0,3,67301,0,,1,1,,N,N,,0,,0,0,0,3.0,2,,2240,2,2,0,0,0,2,0,3,4,0,2,3,,N,,,,,,,,,,,
2008072110,125,1,0,0,0,0,0,0,0,0,5,0,,67,5,2008,1,39.9197,-75.2025,122.0,6,0,0,1,0,0,0,0,0,,0,0,0,1,3,1,0,,0,39 55:10.956,,3,75 12:08.844,8,0,0,0,67301,0,0,0,N,0,0,0,4,67301,0,,2,9,,N,N,,1,,0,0,0,0.0,0,,125,1,2,0,0,3,1,1,3,4,0,2,3,,N,,,,,,,,,,,
2008069693,1630,1,0,0,0,0,0,1,0,0,4,1,,67,4,2008,2,40.0205,-75.0537,1629.0,6,0,0,0,0,0,0,0,0,,0,0,0,16,1,6,1,,0,40 01:13.719,,0,75 03:13.688,4,0,0,0,67301,0,0,0,,0,0,0,6,67301,6,,1,1,,N,N,,0,,0,0,0,3.0,2,,1628,6,2,0,0,0,0,0,3,4,0,2,3,,N,,,,,,,,,,,
2008133108,920,0,0,0,0,0,0,0,0,0,8,0,,67,11,2008,3,40.0327,-75.1744,917.0,6,0,0,0,0,0,1,0,0,1.0,0,1,0,9,1,1,1,,1,40 01:57.777,1.0,0,75 10:27.832,4,0,0,0,67301,1,0,0,N,1,0,0,2,67301,1,,1,1,,N,N,,0,,0,0,0,1.0,2,N,911,1,2,0,0,0,0,0,3,4,0,1,3,,N,,,,,,,,,,,
2008133110,1152,2,0,0,0,0,0,0,0,0,4,0,,67,10,2008,7,39.9639,-75.2035,1148.0,6,0,0,0,0,0,1,0,0,2.0,0,0,0,11,1,1,2,,1,39 57:50.037,3.0,0,75 12:12.716,3,0,0,0,67301,0,0,0,N,0,0,0,2,67301,0,,1,1,,N,N,,0,,1,0,0,3.0,3,Y,1140,1,2,0,0,1,0,0,3,4,0,2,3,,N,,,,,,,,,,,
2008112268,413,1,0,0,0,0,0,0,0,0,7,0,,67,9,2008,1,39.9676,-75.1314,404.0,6,0,0,0,0,0,0,0,0,1.0,0,0,0,4,3,0,0,,1,39 58:04.322,1.0,0,75 07:50.461,0,0,0,0,67301,0,0,0,N,0,0,0,1,68K01,0,,2,9,,N,N,,0,,0,0,0,0.0,0,N,400,0,1,0,0,0,0,0,3,4,0,1,98,,N,,,,,,,,,,,
2008127395,1106,1,0,0,0,0,0,0,0,0,7,0,,67,11,2008,3,39.9157,-75.1478,1050.0,6,0,0,0,0,0,0,0,0,,0,0,0,10,1,0,0,,0,39 54:53.761,,0,75 08:52.913,0,0,0,0,67301,0,0,0,N,0,0,0,1,68K01,0,,1,1,,N,N,,0,,0,0,0,0.0,0,,1047,0,1,0,0,0,0,0,3,4,0,1,3,,N,,,,,,,,,,,
2008119612,252,1,0,0,0,0,0,0,0,0,1,0,,67,9,2008,1,40.0292,-75.083,246.0,6,0,0,0,0,0,0,0,0,2.0,0,0,0,99,3,0,0,,2,40 01:44.997,6.0,0,75 04:58.843,0,0,0,0,67301,0,0,0,N,0,0,0,1,67301,0,,6,1,,N,N,,0,,0,0,2,0.0,0,Y,9999,0,3,0,0,0,0,0,3,4,0,3,3,,N,,,,,,,,,,,
2008133160,715,3,0,0,0,0,0,0,0,0,2,0,,67,10,2008,6,39.969,-75.2304,712.0,6,0,0,0,0,0,2,0,0,,0,0,0,6,1,1,0,,0,39 58:08.299,,0,75 13:49.303,8,0,0,0,67301,0,0,0,,0,0,0,2,67301,0,,1,1,,N,N,,1,,0,0,0,0.0,0,,600,1,4,0,0,0,1,0,3,4,0,4,3,,N,,,,,,,,,,,
2008133174,1950,1,0,0,0,0,0,0,0,0,4,0,,67,10,2008,2,39.991,-75.1799,1947.0,6,0,0,0,1,0,0,0,0,,0,0,0,19,3,1,1,,0,39 59:27.480,,0,75 10:47.635,2,0,0,0,67301,0,0,0,,0,0,0,6,67301,0,,1,1,,,,,0,,0,1,1,3.0,2,,1945,1,2,0,0,0,0,5,3,4,0,2,3,,N,,,,,,,,,,,
2008132954,1820,2,0,0,0,0,0,0,0,0,1,0,,67,10,2008,2,40.0001,-75.2287,1815.0,6,0,0,0,0,0,0,0,0,,0,0,0,18,4,1,1,,0,40 00:04.364,,0,75 13:34.960,8,0,0,0,67301,0,0,0,N,0,0,0,2,67301,0,,1,1,,N,N,,0,,0,0,0,9.0,9,,1810,1,2,0,0,0,1,0,3,4,0,2,99,,N,,,,,,,,,,,
2008058209,1138,2,0,0,0,0,0,0,0,0,4,0,,67,3,2008,1,39.9851,-75.1342,1136.0,6,0,0,0,0,0,0,0,0,,0,0,0,11,1,1,1,,0,39 59:06.234,,1,75 08:02.993,8,0,0,0,67301,0,0,0,N,0,0,0,5,67301,0,,1,1,,N,N,,0,,0,0,0,3.0,3,,1136,1,2,0,0,0,1,0,3,4,0,2,3,,N,,,,,,,,,,,
2008052916,1910,2,0,0,0,0,0,0,0,0,5,0,,67,4,2008,1,39.9716,-75.1933,1900.0,6,0,0,0,0,0,0,0,0,,0,0,0,18,1,1,0,,0,39 58:22.320,,0,75 11:37.148,8,0,0,0,67301,0,0,0,N,0,0,0,5,68K01,0,,1,1,,N,N,,0,,0,0,0,0.0,0,,1854,1,2,0,0,0,1,0,3,4,0,2,3,,N,,,,,,,,,,,
2008058059,2030,3,0,0,0,0,0,0,0,0,5,0,,67,4,2008,4,40.0102,-75.1956,2024.0,6,0,0,0,0,0,0,0,0,,0,0,0,99,3,0,0,,0,40 00:36.684,,0,75 11:44.282,0,0,0,0,67301,0,0,0,,0,0,0,1,67301,0,,1,1,,N,,,0,,0,0,0,0.0,0,,9999,0,3,0,0,0,0,0,3,4,0,3,3,,N,,,,,,,,,,,
2008049360,806,1,0,0,0,0,0,0,0,0,1,0,,67,4,2008,5,39.9933,-75.0848,747.0,6,0,0,0,0,0,0,0,0,,0,0,0,7,1,1,0,,0,39 59:36.087,,0,75 05:05.036,8,0,0,0,67301,0,0,0,N,0,0,0,1,68K01,0,,1,1,,N,N,,0,,0,0,1,0.0,0,,745,1,2,0,0,0,1,0,3,4,0,2,3,,N,,,,,,,,,,,
2008046771,1543,2,0,0,0,0,0,0,0,0,5,0,,67,3,2008,2,40.0291,-75.0225,1524.0,6,0,0,0,0,0,0,0,0,,0,0,0,15,1,0,0,,0,40 01:36.250,,0,75 01:33.386,0,0,0,0,67301,0,0,0,N,0,0,0,2,68K01,0,,1,1,,N,N,,0,,0,0,0,0.0,0,,1521,0,2,0,0,0,0,0,3,4,0,2,3,,N,,,,,,,,,,,
2008046779,1705,1,0,0,0,0,0,0,0,0,1,0,,67,3,2008,7,39.9489,-75.1852,1634.0,6,0,0,0,0,0,0,0,0,3.0,0,0,0,16,1,1,0,,2,39 56:55.887,4.0,0,75 11:06.566,4,0,0,0,67301,0,0,0,N,0,0,0,7,68K01,1,,1,1,,N,N,,1,,0,0,1,9.0,9,N,1625,1,3,0,0,0,0,0,3,4,0,3,3,,N,,,,,,,,,,,
2008044445,1024,2,0,0,0,0,0,0,0,0,2,0,,67,1,2008,4,,,1022.0,6,0,0,0,0,0,1,0,1,2.0,0,0,0,10,1,2,2,,1,,6.0,0,,8,0,0,0,67301,0,0,0,N,0,0,0,3,67301,0,,1,1,,N,N,,0,,0,0,0,3.0,2,Y,1021,2,2,0,0,0,2,0,3,3,0,2,3,,N,,,,,,,,,,,
2008044452,1722,0,0,0,0,0,0,0,0,0,8,0,,67,1,2008,3,39.9498,-75.1554,1719.0,6,0,0,0,0,0,0,0,0,,0,0,0,17,4,1,1,,0,39 56:59.291,,0,75 09:19.551,2,0,0,0,67301,1,0,1,,1,0,1,2,67301,0,,1,9,,,,,0,,0,1,1,3.0,2,,1710,1,2,0,0,0,0,0,3,4,0,1,7,,N,,,,,,,,,,,
2008044459,1920,0,0,0,0,0,0,0,0,0,8,0,,67,2,2008,7,40.0336,-75.0468,1920.0,6,0,0,0,0,1,0,0,0,,0,0,0,19,3,1,1,,0,40 02:01.000,,0,75 02:48.431,4,0,0,0,67301,1,0,0,,1,0,0,2,67301,1,,1,1,,,,,0,,0,0,1,3.0,2,,1915,1,2,0,0,1,0,0,3,4,0,1,3,,N,,,,,,,,,,,
2008029502,1550,2,0,0,0,0,0,0,0,0,4,0,,67,1,2008,5,40.0711,-75.0723,1543.0,6,0,0,0,0,0,0,0,0,,0,0,0,15,1,2,1,,0,40 04:16.000,,0,75 04:20.224,4,0,0,0,67301,0,0,0,,0,0,0,2,67301,2,,1,1,,,,,0,,0,0,0,3.0,3,,1535,2,2,0,0,0,0,0,3,4,0,2,3,,N,,,,,,,,,,,
2008068563,1020,3,0,0,0,0,0,0,0,0,1,0,,67,6,2008,4,39.8988,-75.1727,945.0,6,0,0,0,0,0,2,0,0,1.0,0,0,0,9,1,1,0,,1,39 53:58.200,1.0,0,75 09:48.960,8,0,0,0,67301,0,0,0,N,0,0,0,4,68K01,0,,1,1,,N,N,,0,,0,0,0,0.0,0,N,938,1,3,0,0,0,1,0,3,4,0,3,3,,N,,,,,,,,,,,
2008065333,1554,2,0,0,0,0,0,0,0,0,4,0,,67,4,2008,2,40.0523,-75.0504,1544.0,6,0,0,0,0,0,1,0,0,,0,0,0,15,1,0,0,,0,40 03:08.206,,0,75 03:01.376,0,0,0,0,67301,0,0,0,N,0,0,0,3,67301,0,,1,9,,N,N,,0,,0,0,0,0.0,0,,1544,0,2,0,0,0,0,0,3,4,0,2,7,,N,,,,,,,,,,,
2008027013,2220,2,0,0,0,0,0,0,0,0,6,0,,67,1,2008,4,40.1065,-75.0399,2217.0,6,0,0,0,0,0,1,0,0,,0,0,0,22,3,1,0,,0,40 06:23.463,,0,75 02:23.747,4,0,0,0,67301,0,0,0,N,0,0,0,1,67301,1,,4,1,,N,N,,0,,0,0,0,0.0,0,,2214,1,2,0,0,0,0,0,3,4,0,2,3,,N,,,,,,,,,,,
2008042594,1010,2,0,0,0,0,0,0,0,0,1,0,,67,2,2008,4,40.0147,-75.1781,1000.0,6,0,0,0,0,0,1,0,0,,0,0,0,10,1,2,0,,0,40 00:52.000,,0,75 10:41.042,4,0,0,0,67301,0,0,0,N,0,0,0,8,67301,2,,7,1,,N,N,,0,,0,0,1,0.0,0,,1000,2,3,0,0,0,0,3,3,4,0,3,3,,N,,,,,,,,,,,
2008061718,2107,0,0,0,0,0,0,0,0,0,7,0,,67,5,2008,2,39.9122,-75.1483,2059.0,6,0,0,0,0,0,0,0,0,,0,0,0,20,2,0,0,,0,39 54:40.585,,2,75 08:54.528,0,0,0,0,67301,0,0,0,N,0,0,0,1,68K01,0,,2,1,,N,N,,0,,0,0,1,0.0,0,,2055,0,1,0,0,0,0,0,3,4,0,1,3,,N,,,,,,,,,,,
2008057232,1320,2,0,0,0,0,0,0,0,0,1,0,,67,3,2008,4,40.0268,-75.1171,1300.0,6,0,0,0,0,0,1,1,0,1.0,0,0,0,99,1,3,1,,1,40 01:36.522,4.0,0,75 07:02.105,4,0,0,0,67301,0,0,0,N,0,0,0,7,67301,3,,1,1,,N,N,,0,,0,0,1,3.0,2,N,9999,3,4,0,0,0,0,0,3,4,1,4,3,,N,,,,,,,,,,,
2008057257,1008,2,0,0,0,0,0,0,0,0,5,0,,67,4,2008,5,40.1139,-75.0246,1004.0,6,0,0,0,0,0,0,0,0,,0,0,0,10,1,0,0,,0,40 06:49.888,,0,75 01:28.383,0,0,0,0,67301,0,0,0,N,0,0,0,2,67301,0,,1,1,,N,N,,0,,0,0,0,0.0,0,,1000,0,2,0,0,1,0,0,3,4,0,2,3,,N,,,,,,,,,,,
2008057289,2334,2,0,0,0,0,0,0,0,0,1,0,,67,3,2008,1,40.0336,-75.0775,2332.0,6,0,0,0,0,0,0,0,0,9.0,0,0,0,99,3,0,0,,1,40 02:00.888,2.0,0,75 04:39.429,0,0,0,0,67301,0,0,0,N,0,0,0,1,67301,0,,1,1,,N,N,,0,,0,0,0,0.0,0,N,9999,0,2,0,0,1,0,0,3,4,0,2,3,,N,,,,,,,,,,,
2008057307,1435,0,0,0,0,0,0,0,0,0,7,0,,67,3,2008,5,40.0085,-75.1555,1435.0,6,0,0,0,0,0,0,0,0,,0,0,0,14,1,1,0,,0,40 00:30.571,,0,75 09:19.774,4,0,0,0,67301,0,0,0,N,0,0,0,1,67301,1,,5,1,,N,N,,0,,0,0,0,0.0,0,,1435,1,1,0,0,0,0,0,3,4,0,1,3,,N,,,,,,,,,,,
2008059894,1212,2,0,0,0,0,0,0,0,0,5,0,,67,4,2008,2,40.06,-75.17,1157.0,6,0,0,0,0,0,2,0,0,,0,0,0,11,1,1,1,,0,40 03:36.165,,0,75 10:12.032,4,0,0,0,67301,0,0,0,,0,0,0,2,67301,1,,1,1,,N,N,,0,,0,0,0,9.0,3,,1150,1,2,0,0,1,0,0,3,4,0,2,3,,N,,,,,,,,,,,
2008023533,1155,1,0,0,0,0,0,0,0,0,7,0,,67,1,2008,5,39.9324,-75.2002,1150.0,6,0,0,0,0,0,0,0,0,2.0,0,0,0,11,1,1,0,,1,39 55:54.000,3.0,0,75 11:59.865,4,0,0,0,67301,0,0,0,N,0,0,0,1,68K01,1,,3,1,,N,N,,0,,0,0,0,0.0,0,N,1146,1,1,0,0,0,0,0,3,4,0,1,3,,N,,,,,,,,,,,
2008060346,230,1,0,0,0,0,0,0,0,0,7,0,,67,4,2008,6,39.9587,-75.1647,217.0,6,0,0,0,0,0,0,0,0,1.0,0,0,0,2,3,0,0,,1,39 57:29.707,4.0,2,75 09:50.791,0,0,0,0,67301,0,0,0,N,0,0,0,1,68K01,0,,2,1,,N,N,,0,,0,0,0,0.0,0,N,210,0,1,0,0,0,0,0,3,4,0,1,3,,N,,,,,,,,,,,
2008044694,1220,3,0,0,0,0,0,0,0,0,1,0,,67,1,2008,2,40.054,-75.0489,1213.0,6,0,0,0,0,0,0,0,0,1.0,0,0,0,12,1,4,1,,2,40 03:14.352,1.0,0,75 02:56.007,4,0,0,0,67301,0,0,0,N,0,0,0,6,67301,4,,1,1,,N,N,,0,,0,0,0,3.0,2,Y,1212,4,3,0,0,0,0,0,3,4,0,3,3,,N,,,,,,,,,,,
2008119069,416,1,0,0,0,0,0,0,0,0,5,0,,67,9,2008,7,39.948,-75.163,413.0,6,0,0,0,0,0,0,0,0,,0,0,0,2,3,0,0,,0,39 56:52.800,,0,75 09:46.767,9,0,0,0,67301,0,0,0,,0,0,0,1,67301,0,,4,1,,N,N,,0,,0,0,1,0.0,0,,232,0,2,0,0,0,0,1,3,4,0,2,3,,N,,,,,,,,,,,
2008119106,9999,1,0,0,0,0,0,0,0,0,8,0,,67,9,2008,6,40.0728,-75.1676,9999.0,6,0,0,0,0,0,0,0,0,,0,0,0,22,3,1,0,,0,40 04:22.206,,0,75 10:03.338,4,0,0,0,67301,1,0,0,N,1,0,0,2,67301,1,,2,1,,N,N,,0,,0,0,0,0.0,0,,2245,1,2,0,0,0,0,0,3,4,0,1,3,,N,,,,,,,,,,,
2008124592,428,2,0,0,0,0,0,0,0,0,1,0,,67,10,2008,3,39.9941,-75.1991,428.0,6,0,0,0,0,0,1,0,0,1.0,0,0,0,4,3,0,0,,2,39 59:41.967,3.0,0,75 11:53.455,0,0,0,0,67301,0,0,0,N,0,0,0,2,68K01,0,,1,9,,N,N,,0,,0,0,0,0.0,0,N,426,0,2,0,0,0,0,0,3,4,0,2,7,,N,,,,,,,,,,,
2008119151,1535,2,0,0,0,0,0,0,0,0,6,0,,67,8,2008,3,39.9141,-75.235,1530.0,6,0,0,0,0,0,0,0,1,,0,0,0,15,1,1,0,,0,39 54:50.623,,0,75 14:06.165,3,0,0,0,67301,0,0,0,,0,0,0,1,67301,0,,1,1,,,,,1,,1,0,0,0.0,0,,1525,1,3,0,0,0,0,0,3,4,0,3,3,,N,,,,,,,,,,,