CRN,ARRIVAL_TM,AUTOMOBILE_COUNT,BELTED_DEATH_COUNT,BELTED_SUSP_SERIOUS_INJ_COUNT,BICYCLE_COUNT,BICYCLE_DEATH_COUNT,BICYCLE_SUSP_SERIOUS_INJ_COUNT,BUS_COUNT,CHLDPAS_DEATH_COUNT,CHLDPAS_SUSP_SERIOUS_INJ_COUNT,COLLISION_TYPE,COMM_VEH_COUNT,CONS_ZONE_SPD_LIM,COUNTY,CRASH_MONTH,CRASH_YEAR,DAY_OF_WEEK,DEC_LAT,DEC_LONG,DISPATCH_TM,DISTRICT,DRIVER_COUNT_16YR,DRIVER_COUNT_17YR,DRIVER_COUNT_18YR,DRIVER_COUNT_19YR,DRIVER_COUNT_20YR,DRIVER_COUNT_50_64YR,DRIVER_COUNT_65_74YR,DRIVER_COUNT_75PLUS,EST_HRS_CLOSED,FATAL_COUNT,HEAVY_TRUCK_COUNT,HORSE_BUGGY_COUNT,HOUR_OF_DAY,ILLUMINATION,INJURY_COUNT,INTERSECT_TYPE,INTERSECTION_RELATED,LANE_CLOSED,LATITUDE,LN_CLOSE_DIR,LOCATION_TYPE,LONGITUDE,MAX_SEVERITY_LEVEL,MCYCLE_DEATH_COUNT,MCYCLE_SUSP_SERIOUS_INJ_COUNT,MOTORCYCLE_COUNT,MUNICIPALITY,NONMOTR_COUNT,NONMOTR_DEATH_COUNT,NONMOTR_SUSP_SERIOUS_INJ_COUNT,NTFY_HIWY_MAINT,PED_COUNT,PED_DEATH_COUNT,PED_SUSP_SERIOUS_INJ_COUNT,PERSON_COUNT,POLICE_AGCY,POSSIBLE_INJ_COUNT,RDWY_SURF_TYPE_CD,RELATION_TO_ROAD,ROAD_CONDITION,ROADWAY_CLEARED,SCH_BUS_IND,SCH_ZONE_IND,SECONDARY_CRASH,SMALL_TRUCK_COUNT,SPEC_JURIS_CD,SUSP_MINOR_INJ_COUNT,SUSP_SERIOUS_INJ_COUNT,SUV_COUNT,TCD_FUNC_CD,TCD_TYPE,TFC_DETOUR_IND,TIME_OF_DAY,TOT_INJ_COUNT,TOTAL_UNITS,UNB_DEATH_COUNT,UNB_SUSP_SERIOUS_INJ_COUNT,UNBELTED_OCC_COUNT,UNK_INJ_DEG_COUNT,UNK_INJ_PER_COUNT,URBAN_AREA,URBAN_RURAL,VAN_COUNT,VEHICLE_COUNT,WEATHER1,WEATHER2,WORK_ZONE_IND,WORK_ZONE_LOC,WORK_ZONE_TYPE,WORKERS_PRES,WZ_CLOSE_DETOUR,WZ_FLAGGER,WZ_LAW_OFFCR_IND,WZ_LN_CLOSURE,WZ_MOVING,WZ_OTHER,WZ_SHLDER_MDN,WZ_WORKERS_INJ_KILLED
2008098125,1521,1,0,0,0,0,0,0,0,0,6,0,,67,7,2008,7,39.9364,-75.1587,1518.0,6,0,0,0,0,0,0,0,0,,0,0,0,15,1,4,0,,0,39 56:11.169,,0,75 09:31.143,4,0,0,0,67301,0,0,0,N,0,0,0,7,67301,4,,3,1,,N,N,,0,,0,0,1,0.0,0,,1515,4,2,0,0,0,0,0,3,4,0,2,3,,N,,,,,,,,,,,
2008098142,1630,4,0,0,0,0,0,0,0,0,1,0,,67,6,2008,7,39.9737,-75.2195,1625.0,6,0,0,0,0,0,0,0,0,,0,0,0,16,1,1,1,,0,39 58:25.273,,0,75 13:10.245,4,0,0,0,67301,1,0,0,N,0,0,0,3,67301,1,,1,1,,N,N,,0,,0,0,0,3.0,2,,1615,1,4,0,0,0,0,1,3,4,0,4,3,,N,,,,,,,,,,,
2008098145,1708,4,0,0,0,0,0,0,0,0,2,0,,67,7,2008,3,39.9885,-75.2314,1704.0,6,0,0,0,0,0,0,0,0,,0,0,0,17,1,1,2,,0,39 59:18.528,,0,75 13:52.978,8,0,0,0,67301,0,0,0,N,0,0,0,2,67301,0,,1,1,,N,N,,0,,0,0,0,3.0,3,,1704,1,4,0,0,0,1,0,3,4,0,4,3,,N,,,,,,,,,,,
2008070670,204,2,0,0,0,0,0,0,0,0,4,0,,67,4,2008,1,40.0515,-75.0011,200.0,6,0,0,0,0,0,0,0,0,1.0,0,0,0,1,3,0,2,,1,40 03:05.423,4.0,0,75 00:04.046,0,0,0,0,67301,0,0,0,N,0,0,0,4,67301,0,,1,1,,N,N,,0,,0,0,0,3.0,3,N,155,0,2,0,0,0,0,0,3,4,0,2,3,,N,,,,,,,,,,,
2008079678,1616,1,0,0,0,0,0,0,0,0,4,0,,67,5,2008,4,40.0363,-75.0514,1616.0,6,0,0,0,1,0,0,0,0,,0,0,0,16,1,1,1,,0,40 02:10.701,,0,75 03:04.967,8,0,0,1,67301,0,0,0,N,0,0,0,2,67301,0,,1,1,,,N,,0,,0,0,0,2.0,2,,1616,1,2,0,0,0,1,0,3,4,0,2,3,,N,,,,,,,,,,,
2008072795,49,2,0,0,0,0,0,0,0,0,4,0,,67,4,2008,1,40.0223,-75.1307,49.0,6,0,0,0,0,0,0,0,0,,0,0,0,0,3,1,1,,0,40 01:20.398,,0,75 07:50.350,4,0,0,0,67301,0,0,0,N,0,0,0,2,67301,1,,1,9,,N,N,,0,,0,0,0,3.0,3,,49,1,2,0,0,2,0,0,3,4,0,2,3,,N,,,,,,,,,,,
2008077351,1644,2,0,0,0,0,0,0,0,0,1,0,,67,5,2008,6,39.9059,-75.1339,1643.0,6,0,0,0,0,0,0,0,0,,0,0,0,16,1,0,0,,0,39 54:21.298,,0,75 08:02.118,9,0,0,0,67301,0,0,0,N,0,0,0,2,67501,0,,1,9,,N,N,,0,,0,0,0,3.0,4,,1630,0,2,0,0,0,0,1,3,4,0,2,7,,N,,,,,,,,,,,
2008089776,9999,1,0,0,0,0,0,0,0,0,5,0,,67,3,2008,1,40.0295,-75.0689,9999.0,6,0,0,0,0,0,0,0,0,,0,0,0,99,6,0,0,,0,40 01:46.300,,0,75 04:08.000,0,0,0,0,67301,0,0,0,N,0,0,0,1,00000,0,,4,1,,N,N,,0,,0,0,0,0.0,0,,9999,0,2,0,0,0,0,0,3,4,0,2,3,,N,,,,,,,,,,,
2008082413,853,1,0,0,0,0,0,0,0,0,4,0,,67,4,2008,2,39.9756,-75.1563,852.0,6,0,0,0,0,0,1,0,0,,0,0,0,8,1,1,1,,0,39 58:32.062,,0,75 09:22.744,8,0,0,0,67301,0,0,0,N,0,0,0,5,67301,0,,1,1,,N,N,,0,,0,0,0,3.0,2,,850,1,2,0,0,2,1,0,3,4,1,2,3,,N,,,,,,,,,,,
2008072056,9999,1,0,0,0,0,0,0,0,0,1,0,,67,5,2008,1,40.0194,-75.1453,630.0,6,0,0,0,0,0,0,0,0,,0,0,0,17,1,1,1,,0,40 01:09.840,,0,75 08:43.080,3,0,0,1,67301,0,0,0,N,0,0,0,2,67301,0,,1,1,,N,Y,,0,,1,0,0,1.0,2,,1700,1,2,0,0,0,0,1,3,4,0,2,3,,N,,,,,,,,,,,
2008072065,905,2,0,0,0,0,0,0,0,0,4,0,,67,4,2008,2,39.9844,-75.2533,901.0,6,0,0,0,0,0,0,0,0,,0,0,0,8,1,2,1,,0,39 59:03.735,,0,75 15:11.829,4,0,0,0,67301,0,0,0,,0,0,0,3,67301,2,,1,9,,N,N,,0,,0,0,0,3.0,3,,850,2,2,0,0,1,0,0,3,4,0,2,7,,N,,,,,,,,,,,
2008069653,1003,0,0,0,0,0,0,0,0,0,8,0,,67,4,2008,4,39.9372,-75.1615,959.0,6,0,0,0,0,0,0,0,0,,0,0,0,9,1,1,2,,0,39 56:13.855,,0,75 09:41.371,8,0,0,0,67301,1,0,0,N,1,0,0,2,67301,0,,1,1,,N,N,,0,,0,0,1,3.0,2,,958,1,2,0,0,0,1,1,3,4,0,1,3,,N,,,,,,,,,,,
2008080114,2259,1,0,0,0,0,0,0,0,0,1,0,,67,7,2008,7,40.0101,-75.0641,2246.0,6,0,0,0,0,0,1,0,0,1.0,0,0,0,22,3,1,2,,2,40 00:36.073,2.0,8,75 03:51.018,4,0,0,0,67301,0,0,0,N,0,0,0,6,68K01,1,,1,9,,N,N,,1,,0,0,0,3.0,4,N,2245,1,2,0,0,0,0,0,3,4,0,2,7,,N,,,,,,,,,,,
2008069694,1520,2,0,0,0,0,0,0,0,0,2,0,,67,4,2008,5,40.0555,-75.0687,1517.0,6,0,0,0,0,0,0,0,0,,0,0,0,15,1,4,2,,0,40 03:19.965,,0,75 04:07.485,4,0,0,0,67301,0,0,0,,0,0,0,4,67301,4,,1,1,,,,,0,,0,0,0,0.0,0,,1510,4,2,0,0,0,0,0,3,4,0,2,3,,N,,,,,,,,,,,
2008133106,1819,0,0,0,0,0,0,0,0,0,8,0,,67,10,2008,5,39.9198,-75.2413,1809.0,6,0,0,0,1,0,0,0,0,,0,0,0,18,3,1,0,,0,39 55:11.121,,0,75 14:28.503,8,0,0,0,67301,1,0,0,N,1,0,0,2,67301,0,,1,1,,N,N,,0,,0,0,1,0.0,0,,1809,1,2,0,0,0,1,0,3,4,0,1,3,,N,,,,,,,,,,,
2008127408,1720,4,0,0,0,0,0,0,0,0,1,0,,67,11,2008,7,40.0011,-75.195,1715.0,6,0,0,0,0,0,2,0,0,,0,0,0,17,3,0,0,,0,40 00:04.220,,0,75 11:41.970,9,0,0,0,67301,0,0,0,N,0,0,0,9,68K01,0,,1,9,,N,N,,0,,0,0,1,0.0,0,,1711,0,5,0,0,0,0,2,3,4,0,5,7,,N,,,,,,,,,,,
2008059263,630,1,0,0,0,0,0,0,0,0,4,0,,67,4,2008,3,40.0146,-75.1567,628.0,6,0,0,0,0,0,0,1,0,,0,0,0,6,1,3,1,,0,40 00:52.612,,0,75 09:24.374,4,0,0,0,67301,0,0,0,N,0,0,0,4,67301,3,,1,9,,N,N,,0,,0,0,0,3.0,2,,618,3,2,0,0,1,0,1,3,4,1,2,3,,N,,,,,,,,,,,
2008059270,1631,1,0,0,0,0,0,0,0,0,4,0,,67,4,2008,6,39.9673,-75.2457,1628.0,6,0,0,0,1,0,0,0,1,,0,0,0,15,1,1,0,,0,39 58:02.265,,7,75 14:44.700,8,0,0,0,67301,0,0,0,N,0,0,0,2,67301,0,,1,1,,N,N,,1,,0,0,0,0.0,0,,1540,1,2,0,0,0,1,0,3,4,0,2,3,,N,,,,,,,,,,,
2008059277,805,1,0,0,0,0,0,0,0,0,8,0,,67,4,2008,6,39.9756,-75.2628,800.0,6,0,0,0,0,0,1,0,0,,0,0,0,8,1,1,1,,0,39 58:32.230,,0,75 15:46.111,8,0,0,0,67301,1,0,0,N,1,0,0,2,67301,0,,1,1,,N,N,,0,,0,0,0,3.0,2,,800,1,2,0,0,0,1,0,3,4,0,1,3,,N,,,,,,,,,,,
2008051395,837,1,0,0,0,0,0,1,0,0,1,1,,67,2,2008,3,39.9907,-75.135,830.0,6,0,0,0,0,0,0,0,0,,0,0,0,8,1,3,0,,0,39 59:26.437,,0,75 08:06.025,3,0,0,0,67301,0,0,0,N,0,0,0,4,67301,0,,1,9,,Y,N,,0,,3,0,0,0.0,0,,830,3,2,0,0,0,0,0,3,4,0,2,7,,N,,,,,,,,,,,
2008051566,1743,0,0,0,1,0,0,0,0,0,4,0,,67,3,2008,7,39.9562,-75.1941,1740.0,6,0,0,0,0,0,0,0,0,,0,0,0,17,4,1,1,,0,39 57:22.432,,0,75 11:38.799,4,0,0,0,67301,1,0,0,N,0,0,0,2,67504,1,,1,9,,N,N,,0,,0,0,0,3.0,2,,1730,1,2,0,0,0,0,0,3,4,1,1,7,,N,,,,,,,,,,,
2008054090,1115,2,0,0,0,0,0,0,0,0,1,0,,67,3,2008,4,39.9806,-75.1607,1110.0,6,0,0,0,0,0,0,0,0,,0,0,0,11,1,0,0,,0,39 58:50.254,,0,75 09:38.641,0,0,0,0,67301,0,0,0,N,0,0,0,1,67301,0,,6,1,,N,N,,1,,0,0,0,3.0,2,,1110,0,3,0,0,0,0,0,3,4,0,3,3,,N,,,,,,,,,,,
2008050279,1710,1,0,0,0,0,0,0,0,0,2,0,,67,2,2008,3,40.0366,-75.2185,1701.0,6,0,0,0,0,0,0,1,0,,0,0,0,16,4,1,0,,0,40 02:11.445,,0,75 13:06.351,4,0,0,0,67301,0,0,0,N,0,0,0,2,67301,1,,1,9,,N,N,,0,,0,0,1,0.0,0,,1655,1,2,0,0,0,0,0,3,4,0,2,7,,N,,,,,,,,,,,
2008047507,1924,1,0,0,0,0,0,0,0,0,1,0,,67,3,2008,6,39.9602,-75.1407,1919.0,6,0,0,0,0,0,1,0,0,1.0,0,0,0,19,3,1,0,,1,39 57:28.228,2.0,0,75 08:28.644,4,0,0,0,67301,0,0,0,N,0,0,0,2,68K01,1,,1,9,,N,N,,0,,0,0,1,0.0,0,N,1915,1,2,0,0,0,0,0,3,4,0,2,7,,N,,,,,,,,,,,
2008047723,2200,0,0,0,0,0,0,1,0,0,2,1,,67,1,2008,3,39.9542,-75.1699,2155.0,6,0,0,0,0,0,0,0,0,,0,0,0,21,3,2,0,,0,39 57:15.125,,0,75 10:11.426,4,0,0,0,67301,0,0,0,,0,0,0,2,67301,1,,1,9,,N,N,,0,,0,0,0,0.0,0,,2155,2,2,0,0,0,1,0,3,4,1,2,7,,N,,,,,,,,,,,
2008050214,952,1,0,0,0,0,0,0,0,0,8,0,,67,2,2008,4,39.9766,-75.1756,949.0,6,0,0,0,0,0,1,0,0,,0,0,0,9,1,1,0,,0,39 58:35.878,,0,75 10:32.084,4,0,0,0,67301,1,0,0,,1,0,0,2,67301,1,,6,6,,,,,0,,0,0,0,0.0,0,,948,1,2,0,0,0,0,0,3,4,0,1,7,,N,,,,,,,,,,,
2008047929,1800,1,0,0,0,0,0,0,0,0,4,0,,67,2,2008,6,40.0618,-75.0561,1755.0,6,0,0,0,0,0,2,0,0,2.0,0,0,0,17,3,2,1,,2,40 03:42.318,1.0,0,75 03:21.839,3,0,0,0,67301,0,0,0,N,0,0,0,2,67301,1,,1,9,,N,N,,0,,1,0,0,3.0,2,Y,1755,2,2,0,0,1,0,0,3,4,1,2,7,,N,,,,,,,,,,,
2008026629,1835,1,0,0,0,0,0,0,0,0,8,0,,67,1,2008,3,39.9956,-75.1675,1830.0,6,0,0,0,0,0,0,0,1,,0,0,0,17,3,1,1,,0,39 59:44.000,,0,75 10:03.145,2,0,0,0,67301,1,0,1,N,1,0,1,2,67301,0,,1,1,,N,N,,0,,0,1,0,3.0,2,,1754,1,2,0,0,0,0,0,3,4,0,1,3,,N,,,,,,,,,,,
2008050583,2001,1,0,0,0,0,0,0,0,0,2,0,,67,3,2008,6,39.9726,-75.2596,1954.0,6,0,0,0,0,0,0,0,0,,0,0,0,19,6,3,2,,0,39 58:21.514,,0,75 15:34.689,8,0,0,0,67301,0,0,0,N,0,0,0,4,67301,0,,1,9,,N,N,,0,,0,0,2,3.0,2,,1900,3,3,0,0,0,3,0,3,4,0,3,7,,N,,,,,,,,,,,
2008048122,1259,1,0,0,0,0,0,0,0,0,4,0,,67,3,2008,3,39.8863,-75.2425,1202.0,6,0,0,0,0,0,1,0,0,,0,0,0,12,1,0,0,,0,39 53:10.640,,0,75 14:32.969,0,0,0,0,67301,0,0,0,N,0,0,0,2,68K01,0,,1,1,,N,N,,0,,0,0,0,0.0,0,,1202,0,2,0,0,0,0,0,3,4,1,2,3,,N,,,,,,,,,,,
2008050743,1823,1,0,0,0,0,0,0,0,0,7,0,,67,3,2008,5,39.8952,-75.2423,1811.0,6,0,0,0,0,0,0,0,0,,0,0,0,99,4,1,0,,0,39 53:42.655,,0,75 14:32.223,8,0,0,0,67301,0,0,0,,0,0,0,1,67301,0,,5,1,,,,,0,,0,0,0,0.0,0,,9999,1,1,0,0,0,1,0,3,4,0,1,3,,N,,,,,,,,,,,
2008050838,951,1,0,0,0,0,0,0,0,0,5,0,,67,3,2008,2,40.0532,-75.1861,947.0,6,0,0,0,0,0,0,0,0,,0,0,0,9,1,1,1,,0,40 03:11.464,,0,75 11:09.901,8,0,0,0,67301,0,0,0,N,0,0,0,2,67301,0,,1,1,,N,N,,0,,0,0,0,0.0,0,,940,1,2,0,0,0,1,1,3,4,1,2,3,,N,,,,,,,,,,,
2008050851,1533,1,0,0,0,0,0,0,0,0,4,0,,67,2,2008,7,40.0138,-75.056,1530.0,6,0,0,0,1,0,0,0,0,2.0,0,0,0,15,1,2,1,,1,40 00:49.902,2.0,0,75 03:21.350,4,0,0,0,67301,0,0,0,N,0,0,0,6,67301,2,,1,1,,N,N,,2,,0,0,0,3.0,2,Y,1530,2,3,0,0,0,0,1,3,4,0,3,3,,N,,,,,,,,,,,
2008050883,1825,0,0,0,0,0,0,0,0,0,1,0,,67,3,2008,7,40.038,-75.1302,1820.0,6,0,0,0,0,0,1,0,0,,0,0,0,17,4,4,0,,0,40 02:16.772,,0,75 07:48.674,8,0,0,0,67301,0,0,0,N,0,0,0,8,67301,0,,1,9,,N,N,,0,,0,0,2,1.0,2,,1700,4,3,0,0,0,4,0,3,4,1,3,7,,N,,,,,,,,,,,
2008045598,1740,2,0,0,0,0,0,0,0,0,6,0,,67,1,2008,7,39.994,-75.1491,1733.0,6,0,0,0,0,0,0,0,0,,0,0,0,17,6,1,1,,0,39 59:38.230,,0,75 08:56.680,8,0,0,0,67301,0,0,0,,0,0,0,2,67301,0,,1,1,,N,N,,0,,0,0,0,0.0,0,,1730,1,3,0,0,0,1,0,3,4,1,3,3,,N,,,,,,,,,,,
2008040775,818,3,0,0,0,0,0,0,0,0,5,0,,67,1,2008,7,40.0392,-75.1917,815.0,6,0,0,0,0,0,1,1,0,1.0,0,0,0,8,1,3,1,,1,40 02:20.000,2.0,0,75 11:30.209,4,0,0,0,67301,0,0,0,N,0,0,0,4,67301,3,,1,1,,N,N,,0,,0,0,0,3.0,2,Y,810,3,3,0,0,0,0,0,3,4,0,3,3,,N,,,,,,,,,,,
2008069288,1412,1,0,0,0,0,0,0,0,0,1,0,99.0,67,4,2008,7,39.9556,-75.202,1410.0,6,0,0,0,0,0,0,0,1,,0,0,0,14,1,1,0,,0,39 57:20.165,,0,75 12:07.192,8,0,0,0,67301,0,0,0,,0,0,0,3,67301,0,,1,1,,N,N,,0,,0,0,0,3.0,2,,1410,1,2,0,0,3,1,0,3,4,1,2,3,,Y,8.0,8.0,U,,,U,,,,,
2008121043,2210,2,0,0,0,0,0,0,0,0,1,0,,67,9,2008,5,40.0468,-75.1375,2208.0,6,0,0,1,0,0,0,0,0,,0,0,0,21,3,1,1,,0,40 02:48.483,,0,75 08:15.121,4,0,0,0,67301,0,0,0,N,0,0,0,2,67301,1,,1,9,,N,N,,0,,0,0,0,3.0,2,,2126,1,2,0,0,0,0,0,3,4,0,2,7,,N,,,,,,,,,,,
2008118561,1740,1,0,0,0,0,0,0,0,0,8,0,,67,9,2008,6,39.9587,-75.1623,1730.0,6,0,0,0,0,0,0,0,0,,0,0,0,17,1,1,1,,0,39 57:31.393,,0,75 09:44.125,8,0,0,0,67301,1,0,0,N,1,0,0,2,67301,0,,1,9,,N,N,,0,,0,0,0,0.0,0,,1715,1,2,0,0,0,1,1,3,4,0,1,7,,N,,,,,,,,,,,
2008118567,40,1,0,0,0,0,0,0,0,0,7,0,,67,9,2008,7,40.0491,-75.2459,38.0,6,0,0,0,0,0,0,0,0,,0,0,0,0,3,0,0,,0,40 02:56.900,,0,75 14:45.211,9,0,0,0,67301,0,0,0,N,0,0,0,1,67301,0,,5,9,,N,N,,0,,0,0,0,0.0,0,,0,0,1,0,0,0,0,1,3,4,0,1,7,,N,,,,,,,,,,,
2008118584,2010,5,0,0,0,0,0,0,0,0,1,0,,67,9,2008,7,40.0326,-75.0802,2000.0,6,0,0,0,0,0,1,0,0,,0,0,0,20,2,1,0,,0,40 01:57.370,,0,75 04:49.480,4,0,0,0,67301,0,0,0,,0,0,0,6,67301,1,,1,1,,,,,0,,0,0,0,0.0,0,,2010,1,5,0,0,0,0,1,3,4,0,5,3,,N,,,,,,,,,,,
2008108622,2325,3,0,0,0,0,0,0,0,0,4,0,,67,8,2008,5,40.0591,-75.0522,2325.0,6,0,0,1,0,0,0,0,0,2.0,0,0,0,23,3,0,0,,2,40 03:32.829,5.0,0,75 03:07.793,0,0,0,0,67301,0,0,0,N,0,0,0,3,67301,0,,1,1,,N,N,,0,,0,0,0,0.0,0,Y,2322,0,3,0,0,0,0,0,3,4,0,3,3,,N,,,,,,,,,,,
2008108645,1828,1,0,0,1,0,0,0,0,0,4,0,,67,8,2008,6,40.0625,-75.1824,1818.0,6,0,0,0,0,0,0,0,0,,0,0,0,17,1,1,1,,0,40 03:44.895,,0,75 10:56.542,4,0,0,0,67301,1,0,0,N,0,0,0,2,67301,1,,1,1,,N,N,,0,,0,0,0,3.0,3,,1745,1,2,0,0,0,0,0,3,4,0,1,3,,N,,,,,,,,,,,
2008108662,1217,0,0,0,0,0,0,0,0,0,4,0,,67,8,2008,6,39.957,-75.176,1215.0,6,0,0,0,0,0,0,1,0,,0,0,0,12,1,4,1,,0,39 57:25.027,,0,75 10:33.549,8,0,0,0,67301,0,0,0,N,0,0,0,5,67301,0,,1,1,,N,N,,0,,0,0,1,3.0,3,,1214,4,2,0,0,0,4,0,3,4,1,2,3,,N,,,,,,,,,,,
2008108672,1824,0,0,0,0,0,0,0,0,0,4,0,,67,9,2008,3,40.0468,-75.1375,1824.0,6,0,0,0,0,1,0,0,0,,0,0,0,18,1,1,1,,0,40 02:48.484,,0,75 08:15.133,4,0,0,0,67301,0,0,0,N,0,0,0,4,67301,1,,1,1,,N,N,,0,,0,0,0,3.0,2,,1800,1,2,0,0,0,0,0,3,4,2,2,3,,N,,,,,,,,,,,
2008121109,112,1,0,0,0,0,0,0,0,0,8,0,,67,9,2008,2,39.9478,-75.1613,110.0,6,0,0,0,0,0,0,0,0,,0,0,0,1,3,1,0,,0,39 56:52.155,,0,75 09:40.744,4,0,0,0,67301,1,0,0,N,1,0,0,2,67301,1,,1,1,,N,N,,0,,0,0,0,0.0,0,,100,1,2,0,0,0,0,0,3,4,0,1,3,,N,,,,,,,,,,,
2008121114,5,1,0,0,0,0,0,0,0,0,8,0,,67,9,2008,3,,,0.0,6,0,0,0,0,0,0,0,0,,0,0,0,22,3,1,0,,0,,,0,,3,0,0,0,67301,1,0,0,N,1,0,0,2,67301,0,,1,1,,N,N,,0,,1,0,0,3.0,2,,2250,1,2,0,0,0,0,0,3,3,0,1,3,,N,,,,,,,,,,,
2008118886,45,1,0,0,0,0,0,0,0,0,8,0,,67,9,2008,7,39.9901,-75.1077,43.0,6,0,0,0,0,0,0,0,0,9.0,0,0,0,0,3,1,2,,2,39 59:24.329,4.0,0,75 06:27.647,8,0,0,0,67301,1,0,0,N,1,0,0,2,67301,0,,1,9,,N,N,,0,,0,0,0,0.0,0,Y,30,1,2,0,0,0,1,0,3,4,0,1,3,,N,,,,,,,,,,,
2008099297,9999,3,0,0,0,0,0,0,0,0,1,0,,67,7,2008,2,39.9967,-75.1154,1330.0,6,0,0,0,0,0,0,0,0,,0,0,0,13,1,1,0,,0,39 59:48.151,,0,75 06:55.420,8,0,0,0,67301,0,0,0,N,0,0,0,4,67301,0,,1,1,,N,N,,0,,0,0,0,0.0,0,,1320,1,3,0,0,0,1,0,3,4,0,3,3,,N,,,,,,,,,,,
2008108604,1409,2,0,0,0,0,0,0,0,0,4,0,,67,8,2008,2,39.9374,-75.2176,1405.0,6,0,0,1,1,0,0,0,0,,0,0,0,13,1,1,1,,0,39 56:14.564,,0,75 13:03.428,8,0,0,0,67301,0,0,0,,0,0,0,3,67301,0,,1,1,,,,,0,,0,0,0,3.0,2,,1350,1,2,0,0,0,1,0,3,4,0,2,3,,N,,,,,,,,,,,
2008098663,1905,1,0,0,0,0,0,0,0,0,1,0,,67,7,2008,3,40.0025,-75.2236,1850.0,6,0,0,0,0,0,0,0,0,,0,0,0,16,1,1,1,,0,40 00:10.475,,0,75 13:21.947,8,0,0,0,67301,0,0,0,N,0,0,0,2,67301,0,,1,1,,N,N,,0,,0,0,1,3.0,2,,1645,1,2,0,0,0,1,1,3,4,0,2,3,,N,,,,,,,,,,,
2008098898,154,0,0,0,0,0,0,0,0,0,7,0,,67,6,2008,5,39.9318,-75.1998,152.0,6,0,0,0,0,0,0,0,0,1.0,0,0,0,1,3,1,0,,2,39 55:56.640,4.0,0,75 12:00.000,2,0,1,1,67301,0,0,0,N,0,0,0,1,68K01,0,,4,1,,N,N,,0,,0,1,0,0.0,0,N,148,1,1,0,0,0,0,0,3,4,0,1,3,,N,,,,,,,,,,,
2008071906,1505,1,0,0,0,0,0,0,0,0,4,0,,67,4,2008,2,40.0316,-75.1212,1500.0,6,0,0,0,0,0,0,0,0,1.0,0,0,0,15,1,3,1,,2,40 01:53.623,7.0,0,75 07:16.399,8,0,0,0,67301,0,0,0,N,0,0,0,3,67301,0,,1,9,,N,N,,0,,0,0,0,3.0,3,Y,1500,3,2,0,0,0,3,0,3,4,1,2,7,,N,,,,,,,,,,,
2008071912,314,1,0,0,0,0,0,0,0,0,4,0,,67,4,2008,6,40.0564,-74.9986,310.0,6,0,0,0,0,0,0,0,0,,0,0,0,99,3,1,0,,0,40 03:23.216,,0,74 59:54.902,2,0,0,0,67301,0,0,0,N,0,0,0,1,67301,0,,5,1,,N,N,,0,,0,1,1,0.0,0,,9999,1,2,0,1,1,0,0,3,4,0,2,3,,N,,,,,,,,,,,
2008069516,1445,2,0,0,0,0,0,0,0,0,4,0,,67,4,2008,2,40.0268,-75.1411,1441.0,6,0,0,0,0,0,1,0,0,,0,0,0,14,1,0,1,,0,40 01:36.634,,0,75 08:27.920,9,0,0,0,67301,0,0,0,N,0,0,0,3,67301,0,,1,1,,N,N,,0,,0,0,0,3.0,3,,1441,0,2,0,0,0,0,2,3,4,0,2,3,,N,,,,,,,,,,,
2008069545,2015,1,0,0,0,0,0,0,0,0,8,0,,67,4,2008,5,39.9335,-75.1726,2012.0,6,0,0,0,0,0,0,0,0,,0,0,0,99,3,1,1,,0,39 56:00.758,,0,75 10:21.413,3,0,0,0,67301,1,0,0,N,1,0,0,2,67301,0,,1,1,,N,N,,0,,1,0,0,3.0,3,,9999,1,2,0,0,0,0,1,3,4,0,1,3,,N,,,,,,,,,,,
2008069554,1210,1,0,0,0,0,0,0,0,0,8,0,,67,4,2008,6,40.0344,-75.1727,1145.0,6,0,0,0,0,0,0,0,0,,0,0,0,11,1,1,1,,0,40 02:03.707,,0,75 10:21.788,4,0,0,0,67301,1,0,0,,1,0,0,2,67301,1,,1,1,,,,,0,,0,0,0,3.0,2,,1143,1,2,0,0,0,0,0,3,4,0,1,3,,N,,,,,,,,,,,
2008120895,1708,1,0,0,0,0,0,1,0,0,4,1,,67,9,2008,6,39.9874,-75.2324,1700.0,6,0,0,0,0,0,0,0,0,,0,0,0,17,1,3,1,,0,39 59:14.726,,0,75 13:56.711,4,0,0,0,67301,0,0,0,N,0,0,0,10,67301,3,,1,9,,N,N,,0,,0,0,0,3.0,2,,1700,3,2,0,0,0,0,0,3,4,0,2,7,,N,,,,,,,,,,,
2008077688,1355,1,0,0,0,0,0,0,0,0,1,0,,67,6,2008,2,40.0104,-75.0631,1334.0,6,0,0,0,0,1,0,0,0,,0,0,0,13,1,1,0,,0,40 00:37.411,,0,75 03:47.700,4,0,0,0,67301,0,0,0,N,0,0,0,3,68K01,1,,1,1,,N,N,,0,,0,0,0,0.0,0,,1329,1,2,0,0,0,0,0,3,4,1,2,3,,N,,,,,,,,,,,