CRN,ARRIVAL_TM,AUTOMOBILE_COUNT,BELTED_DEATH_COUNT,BELTED_SUSP_SERIOUS_INJ_COUNT,BICYCLE_COUNT,BICYCLE_DEATH_COUNT,BICYCLE_SUSP_SERIOUS_INJ_COUNT,BUS_COUNT,CHLDPAS_DEATH_COUNT,CHLDPAS_SUSP_SERIOUS_INJ_COUNT,COLLISION_TYPE,COMM_VEH_COUNT,CONS_ZONE_SPD_LIM,COUNTY,CRASH_MONTH,CRASH_YEAR,DAY_OF_WEEK,DEC_LAT,DEC_LONG,DISPATCH_TM,DISTRICT,DRIVER_COUNT_16YR,DRIVER_COUNT_17YR,DRIVER_COUNT_18YR,DRIVER_COUNT_19YR,DRIVER_COUNT_20YR,DRIVER_COUNT_50_64YR,DRIVER_COUNT_65_74YR,DRIVER_COUNT_75PLUS,EST_HRS_CLOSED,FATAL_COUNT,HEAVY_TRUCK_COUNT,HORSE_BUGGY_COUNT,HOUR_OF_DAY,ILLUMINATION,INJURY_COUNT,INTERSECT_TYPE,INTERSECTION_RELATED,LANE_CLOSED,LATITUDE,LN_CLOSE_DIR,LOCATION_TYPE,LONGITUDE,MAX_SEVERITY_LEVEL,MCYCLE_DEATH_COUNT,MCYCLE_SUSP_SERIOUS_INJ_COUNT,MOTORCYCLE_COUNT,MUNICIPALITY,NONMOTR_COUNT,NONMOTR_DEATH_COUNT,NONMOTR_SUSP_SERIOUS_INJ_COUNT,NTFY_HIWY_MAINT,PED_COUNT,PED_DEATH_COUNT,PED_SUSP_SERIOUS_INJ_COUNT,PERSON_COUNT,POLICE_AGCY,POSSIBLE_INJ_COUNT,RDWY_SURF_TYPE_CD,RELATION_TO_ROAD,ROAD_CONDITION,ROADWAY_CLEARED,SCH_BUS_IND,SCH_ZONE_IND,SECONDARY_CRASH,SMALL_TRUCK_COUNT,SPEC_JURIS_CD,SUSP_MINOR_INJ_COUNT,SUSP_SERIOUS_INJ_COUNT,SUV_COUNT,TCD_FUNC_CD,TCD_TYPE,TFC_DETOUR_IND,TIME_OF_DAY,TOT_INJ_COUNT,TOTAL_UNITS,UNB_DEATH_COUNT,UNB_SUSP_SERIOUS_INJ_COUNT,UNBELTED_OCC_COUNT,UNK_INJ_DEG_COUNT,UNK_INJ_PER_COUNT,URBAN_AREA,URBAN_RURAL,VAN_COUNT,VEHICLE_COUNT,WEATHER1,WEATHER2,WORK_ZONE_IND,WORK_ZONE_LOC,WORK_ZONE_TYPE,WORKERS_PRES,WZ_CLOSE_DETOUR,WZ_FLAGGER,WZ_LAW_OFFCR_IND,WZ_LN_CLOSURE,WZ_MOVING,WZ_OTHER,WZ_SHLDER_MDN,WZ_WORKERS_INJ_KILLED
2008112084,1800,0,0,0,0,0,0,0,0,0,1,0,,67,9,2008,4,39.9856,-75.2585,1746.0,6,0,0,0,0,0,0,0,0,1.0,0,0,0,14,1,1,0,,1,39 59:08.227,2.0,0,75 15:30.529,8,0,0,0,67301,0,0,0,N,0,0,0,3,46104,0,,1,1,,N,N,,0,,0,0,0,0.0,0,N,1430,1,2,0,0,0,1,1,3,4,2,2,3,,N,,,,,,,,,,,
2008132928,1200,1,0,0,0,0,0,0,0,0,4,0,,67,10,2008,6,40.0201,-75.1488,1141.0,6,0,0,0,0,0,0,0,0,,0,0,0,10,1,2,1,,0,40 01:12.184,,0,75 08:55.616,8,0,0,0,67301,0,0,0,,0,0,0,3,67301,0,,1,1,,,,,1,,0,0,0,3.0,2,,1058,2,2,0,0,0,2,0,3,4,0,2,3,,N,,,,,,,,,,,
2008026680,910,0,0,0,0,0,0,0,0,0,1,0,,67,1,2008,5,39.9507,-75.2411,900.0,6,0,0,0,0,0,1,0,0,,0,0,0,8,1,0,1,,0,39 57:02.548,,0,75 14:27.995,0,0,0,0,67301,0,0,0,N,0,0,0,4,67301,0,,1,1,,N,N,,1,,0,0,1,3.0,2,,830,0,3,0,0,0,0,0,3,4,1,3,3,,N,,,,,,,,,,,
2008026682,1955,0,0,0,1,0,0,0,0,0,4,0,,67,1,2008,4,39.9579,-75.1758,1943.0,6,0,0,0,0,0,0,0,0,,0,0,0,15,1,1,1,,0,39 57:28.342,,0,75 10:32.807,8,0,0,0,67301,1,0,0,N,0,0,0,2,67301,0,,1,1,,N,N,,0,,0,0,1,3.0,2,,1500,1,2,0,0,0,1,1,3,4,0,1,3,,N,,,,,,,,,,,
2008035900,627,1,0,0,0,0,0,0,0,0,1,0,,67,2,2008,6,40.0085,-75.2039,610.0,6,0,0,0,0,0,1,0,0,2.0,0,0,0,6,1,0,0,,1,40 00:30.000,3.0,0,75 12:15.054,0,0,0,0,67301,0,0,0,N,0,0,0,2,68K01,0,,1,1,,N,N,,1,,0,0,0,0.0,0,N,609,0,2,0,0,0,0,0,3,4,0,2,3,,N,,,,,,,,,,,
2008061170,1331,2,0,0,0,0,0,0,0,0,4,0,,67,3,2008,1,40.0344,-75.0748,1331.0,6,0,0,0,0,0,1,0,0,1.0,0,0,0,13,1,3,5,,1,40 02:03.613,2.0,0,75 04:29.625,4,0,0,0,67301,0,0,0,N,0,0,0,3,67301,3,,1,1,,N,N,,0,,0,0,0,3.0,2,N,1331,3,2,0,0,0,0,0,3,4,0,2,3,,N,,,,,,,,,,,
2008058989,9999,1,0,0,0,0,0,0,0,0,4,0,,67,4,2008,4,40.0915,-74.9656,9999.0,6,0,0,0,0,0,1,0,1,9.0,0,0,0,99,1,1,1,,1,40 05:29.579,1.0,0,74 57:56.182,8,0,0,0,67301,0,0,0,N,0,0,0,3,67301,0,,1,1,,N,N,,0,,0,0,0,3.0,2,N,9999,1,2,0,0,0,1,0,3,4,1,2,3,,N,,,,,,,,,,,
2008056820,2227,1,0,0,0,0,0,0,0,0,8,0,,67,3,2008,3,39.8904,-75.2448,2224.0,6,0,0,0,0,0,0,0,0,,1,0,0,22,3,0,0,,0,39 53:26.931,,0,75 14:38.166,1,0,0,0,67301,1,1,0,N,1,1,0,2,67301,0,2.0,1,1,,N,N,,0,0.0,0,0,0,0.0,0,,2222,0,2,0,0,0,0,0,3,4,0,1,3,,N,,,,,,,,,,,
2008054072,1809,2,0,0,0,0,0,0,0,0,2,0,,67,1,2008,5,39.9819,-75.1347,1809.0,6,0,0,0,0,0,0,0,0,,0,0,0,18,2,0,0,,0,39 58:54.696,,0,75 08:04.868,0,0,0,0,67301,0,0,0,N,0,0,0,1,67301,0,,1,1,,N,N,,0,,0,0,1,0.0,0,,1809,0,3,0,0,0,0,0,3,4,0,3,3,,N,,,,,,,,,,,
2008051741,801,0,0,0,0,0,0,1,0,0,8,1,,67,3,2008,4,39.9346,-75.2273,800.0,6,0,0,0,0,0,0,0,0,,0,0,0,7,1,1,1,,0,39 56:04.615,,0,75 13:38.330,3,0,0,0,67301,1,0,0,N,1,0,0,2,67301,0,,1,1,,N,N,,0,,1,0,0,9.0,2,,716,1,2,0,0,0,0,0,3,4,0,1,3,,N,,,,,,,,,,,
2008050290,1500,2,0,0,0,0,0,0,0,0,4,0,,67,2,2008,2,40.0811,-75.0289,1450.0,6,0,0,0,0,0,0,0,0,,0,0,0,99,1,2,1,,0,40 04:51.448,,0,75 01:44.242,8,0,0,0,67301,0,0,0,N,0,0,0,2,67301,0,,1,1,,N,N,,0,,0,0,0,3.0,2,,9999,2,2,0,0,0,2,0,3,4,0,2,3,,N,,,,,,,,,,,
2008050235,1902,0,0,0,0,0,0,0,0,0,8,0,,67,3,2008,2,39.9419,-75.1588,1858.0,6,0,0,0,0,0,0,0,0,,0,0,0,18,3,1,1,,0,39 56:30.926,,0,75 09:31.759,4,0,0,0,67301,1,0,0,N,1,0,0,3,67301,1,,1,1,,N,N,,0,,0,0,1,3.0,3,,1856,1,2,0,0,0,0,0,3,4,0,1,3,,N,,,,,,,,,,,
2008050249,1545,1,0,0,0,0,0,0,0,0,8,0,,67,2,2008,5,40.0516,-75.1852,1543.0,6,0,0,0,0,0,0,0,0,,0,0,0,15,1,1,1,,0,40 03:05.771,,0,75 11:06.829,8,0,0,0,67301,1,0,0,N,1,0,0,2,67301,0,,1,1,,N,N,,0,,0,0,0,3.0,2,,1529,1,2,0,0,0,1,0,3,4,0,1,3,,N,,,,,,,,,,,
2008040763,1954,0,0,0,0,0,0,0,0,0,8,0,,67,1,2008,1,40.0565,-75.14,1951.0,6,0,0,0,0,0,0,0,0,2.0,0,0,0,19,3,2,0,,2,40 03:23.479,5.0,0,75 08:23.911,8,0,0,0,67301,2,0,0,N,2,0,0,4,67301,0,,1,1,,N,N,,0,,0,0,1,0.0,0,Y,1948,2,3,0,0,0,2,0,3,4,0,1,3,,N,,,,,,,,,,,
2008026670,1615,1,0,0,0,0,0,0,0,0,7,0,,67,1,2008,3,39.939,-75.1764,1600.0,6,0,0,0,0,0,0,0,0,,0,0,0,15,1,1,0,,0,39 56:20.522,,0,75 10:34.878,4,0,0,0,67301,1,0,0,N,1,0,0,2,67301,1,,2,1,,N,N,,0,,0,0,0,0.0,0,,1550,1,2,0,0,0,0,0,3,4,0,1,3,,N,,,,,,,,,,,
2008053014,29,0,0,0,0,0,0,0,0,0,2,0,,67,3,2008,4,40.0471,-75.0911,26.0,6,0,0,0,0,0,0,0,0,,0,0,0,0,3,0,1,,0,40 02:49.412,,0,75 05:27.942,9,0,0,0,67301,0,0,0,,0,0,0,2,67301,0,,1,9,,N,N,,0,,0,0,1,3.0,2,,26,0,2,0,0,0,0,1,3,4,1,2,7,,N,,,,,,,,,,,
2008053050,331,2,0,0,0,0,0,0,0,0,1,0,,67,1,2008,3,39.9609,-75.145,331.0,6,0,0,0,0,1,0,0,0,,0,0,0,3,3,0,1,,0,39 57:39.402,,0,75 08:41.744,0,0,0,0,67301,0,0,0,,0,0,0,2,67301,0,,1,1,,N,N,,0,,0,0,0,0.0,0,,330,0,2,0,0,0,0,0,3,4,0,2,3,,N,,,,,,,,,,,
2008050571,1130,1,0,0,0,0,0,0,0,0,4,0,,67,3,2008,3,40.0746,-75.0848,1120.0,6,0,0,0,0,0,0,0,1,,0,0,0,11,1,1,0,,0,40 04:28.528,,7,75 05:05.407,8,0,0,0,67301,0,0,0,,0,0,0,2,67301,0,,1,1,,,,,0,,0,0,1,0.0,0,,1115,1,2,0,0,0,1,0,3,4,0,2,3,,N,,,,,,,,,,,
2008050597,1155,1,0,0,0,0,0,0,0,0,8,0,,67,3,2008,4,40.0259,-75.1328,1150.0,6,0,0,0,0,0,0,0,0,,0,0,0,15,1,1,0,,0,40 01:33.085,,0,75 07:58.170,4,0,0,0,67301,1,0,0,N,1,0,0,2,67301,1,,2,1,,N,N,,0,,0,0,0,0.0,0,,1545,1,2,0,0,1,0,0,3,4,0,1,3,,N,,,,,,,,,,,
2008050750,1320,0,0,0,0,0,0,0,0,0,8,0,,67,3,2008,4,39.9979,-75.1315,1317.0,6,0,0,0,0,0,0,0,0,,0,0,0,7,1,1,2,,0,39 59:52.346,,0,75 07:53.255,4,0,0,0,67301,1,0,0,N,1,0,0,2,67301,1,,1,1,,N,N,,0,,0,0,1,3.0,3,,745,1,2,0,0,0,0,1,3,4,0,1,3,,N,,,,,,,,,,,
2008050833,9999,1,0,0,0,0,0,0,0,0,6,0,,67,2,2008,5,40.0616,-75.1658,9999.0,6,0,0,0,0,0,1,0,0,3.0,0,0,0,99,1,3,1,,2,40 03:41.788,7.0,0,75 09:56.959,4,0,0,0,67301,0,0,0,N,0,0,0,4,67301,1,,1,9,,N,N,,0,,0,0,1,3.0,3,N,9999,3,2,0,0,0,2,0,3,4,0,2,3,,N,,,,,,,,,,,
2008050844,1740,0,0,0,0,0,0,0,0,0,8,0,,67,3,2008,6,39.9396,-75.1443,1738.0,6,0,0,0,0,0,0,0,0,,0,0,0,16,1,1,2,,0,39 56:22.567,,0,75 08:39.627,2,0,0,0,67301,1,0,1,,1,0,1,2,67301,0,,1,9,,,,,0,,0,1,1,0.0,0,,1629,1,2,0,0,0,0,0,3,4,0,1,7,,N,,,,,,,,,,,
2008050877,2110,2,0,0,0,0,0,0,0,0,4,0,,67,3,2008,1,39.9992,-75.1474,2056.0,6,0,0,0,0,0,0,0,0,,0,0,0,20,3,4,3,,0,39 59:57.271,,0,75 08:50.495,8,0,0,0,67301,0,0,0,,0,0,0,5,67301,0,,1,1,,,,,0,,0,0,0,9.0,9,,2050,4,2,0,0,0,4,0,3,4,0,2,3,,N,,,,,,,,,,,
2008048612,1725,1,0,0,0,0,0,1,0,0,5,1,,67,1,2008,2,40.0285,-75.0579,1720.0,6,0,0,0,0,0,0,0,0,,0,0,0,17,3,2,1,,0,40 01:42.531,,0,75 03:28.267,4,0,0,0,67301,0,0,0,N,0,0,0,4,67301,2,,1,1,,N,N,,0,,0,0,0,3.0,2,,1710,2,2,0,0,0,0,1,3,4,0,2,3,,N,,,,,,,,,,,
2008045597,1905,1,0,0,0,0,0,0,0,0,1,0,,67,2,2008,1,40.0054,-75.1086,1855.0,6,0,0,0,0,0,0,0,0,,0,0,0,18,3,1,2,,0,40 00:19.000,,7,75 06:31.068,3,0,0,0,67301,0,0,0,N,0,0,0,2,67301,0,,1,1,,N,N,,1,,1,0,0,0.0,0,,1840,1,2,0,0,0,0,0,3,4,0,2,3,,N,,,,,,,,,,,
2008040795,2038,1,0,0,0,0,0,0,0,0,4,0,,67,2,2008,4,40.0691,-75.0742,2031.0,6,0,0,0,0,0,0,0,0,,0,0,0,20,3,1,1,,0,40 04:08.605,,0,75 04:27.281,4,0,0,1,67301,0,0,0,N,0,0,0,3,67301,1,,1,9,,N,N,,0,,0,0,0,0.0,0,,2027,1,2,0,0,0,0,0,3,4,0,2,3,,N,,,,,,,,,,,
2008043920,1820,0,0,0,0,0,0,0,0,0,1,1,,67,1,2008,5,39.9803,-75.1575,1815.0,6,0,0,1,0,0,0,0,0,9.0,0,0,0,16,3,1,0,,1,39 58:49.000,2.0,0,75 09:26.822,8,0,0,0,67301,0,0,0,N,0,0,0,3,67301,0,,1,9,,N,N,,1,,0,0,0,3.0,2,N,1615,1,2,0,0,1,1,1,3,4,1,2,7,,N,,,,,,,,,,,
2008069617,2033,1,0,0,0,0,0,0,0,0,1,0,,67,4,2008,1,40.0219,-75.1393,2025.0,6,0,0,0,0,0,0,0,0,9.0,0,0,0,20,3,2,10,,1,40 01:18.382,4.0,0,75 08:22.667,8,0,0,0,67301,0,0,0,N,0,0,0,3,67301,0,,1,1,,N,N,,0,,0,0,1,3.0,2,N,2023,2,2,0,0,0,2,0,3,4,0,2,3,,N,,,,,,,,,,,
2008108969,1529,1,0,0,1,0,0,0,0,0,5,0,,67,8,2008,7,39.9231,-75.163,1527.0,6,0,0,0,0,0,0,1,0,,0,0,0,15,1,1,0,,0,39 55:23.214,,0,75 09:46.785,4,0,0,0,67301,1,0,0,N,0,0,0,2,67301,1,,1,1,,N,N,,0,,0,0,0,0.0,0,,1525,1,2,0,0,0,0,0,3,4,0,1,3,,N,,,,,,,,,,,
2008108973,730,2,0,0,0,0,0,0,0,0,4,0,,67,8,2008,4,40.1289,-75.0087,725.0,6,0,0,0,0,0,0,1,0,9.0,0,0,0,7,1,1,1,,1,40 07:44.061,1.0,0,75 00:31.316,4,0,0,0,67301,0,0,0,,0,0,0,2,67301,1,,1,1,,N,N,,0,,0,0,0,3.0,3,N,715,1,2,0,0,0,0,0,3,4,0,2,3,,N,,,,,,,,,,,
2008108623,519,1,0,0,0,0,0,0,0,0,4,0,,67,8,2008,7,40.0389,-75.0833,514.0,6,0,0,0,0,0,0,0,0,2.0,0,0,0,5,3,1,1,,2,40 02:20.090,4.0,0,75 04:59.750,8,0,0,0,67301,0,0,0,N,0,0,0,3,67301,0,,1,1,,N,N,,0,,0,0,0,2.0,2,N,510,1,2,0,0,0,1,0,3,4,1,2,3,,N,,,,,,,,,,,
2008118604,1825,1,0,0,0,0,0,0,0,0,4,0,,67,10,2008,4,40.0867,-74.9594,1820.0,6,0,0,0,0,1,0,0,0,9.0,0,0,0,18,4,0,0,,1,40 05:12.055,5.0,7,74 57:33.692,0,0,0,0,67301,0,0,0,N,0,0,0,2,67301,0,,1,9,,N,N,,0,,0,0,1,0.0,0,N,1810,0,2,0,0,0,0,0,3,4,0,2,7,,N,,,,,,,,,,,
2008121250,1602,1,0,0,0,0,0,0,0,0,4,0,,67,10,2008,1,40.0581,-74.9983,1558.0,6,0,0,0,0,0,0,0,0,3.0,0,0,0,15,1,1,2,,2,40 03:29.080,1.0,0,74 59:53.903,2,0,1,1,67301,0,0,0,N,0,0,0,2,67301,0,,1,1,,N,N,,0,,0,1,0,3.0,2,Y,1525,1,2,0,0,0,0,0,3,4,0,2,3,,N,,,,,,,,,,,
2008103946,1421,0,0,0,0,0,0,0,0,0,7,0,,67,6,2008,6,39.9702,-75.1307,1420.0,6,0,0,0,0,0,1,0,0,2.0,0,0,0,14,1,1,0,,2,39 58:12.776,3.0,0,75 07:50.097,4,0,0,0,67301,0,0,0,N,0,0,0,1,67301,1,,3,1,,N,N,,1,,0,0,0,0.0,0,Y,1405,1,1,0,0,0,0,0,3,4,0,1,3,,N,,,,,,,,,,,
2008099225,2108,1,0,0,0,0,0,0,0,0,6,0,,67,7,2008,4,39.9761,-75.2386,2050.0,6,0,0,0,0,0,0,0,0,,0,0,0,20,3,1,1,,0,39 58:33.978,,0,75 14:18.941,2,0,1,1,67301,0,0,0,,0,0,0,2,67301,0,,1,9,,,,,0,,0,1,1,9.0,2,,2050,1,3,0,0,0,0,0,3,4,0,3,3,,N,,,,,,,,,,,
2008099279,802,1,0,0,0,0,0,0,0,0,8,0,,67,7,2008,5,,,800.0,6,0,0,0,0,0,0,0,0,1.0,0,0,0,8,1,1,0,,1,,2.0,0,,3,0,0,0,67301,1,0,0,N,1,0,0,2,67301,0,,1,1,,N,N,,0,,1,0,0,3.0,2,Y,800,1,2,0,0,0,0,0,3,3,0,1,3,,N,,,,,,,,,,,
2008108613,2200,1,0,0,0,0,0,0,0,0,1,0,,67,8,2008,5,39.909,-75.2329,2151.0,6,0,0,0,0,0,0,0,0,,0,0,0,21,3,1,2,,0,39 54:32.227,,0,75 13:58.526,3,0,0,0,67301,0,0,0,N,0,0,0,2,67301,0,,1,9,,N,N,,1,,1,0,0,3.0,2,,2130,1,2,0,0,1,0,0,3,4,0,2,7,,N,,,,,,,,,,,
2008121083,55,1,0,0,0,0,0,0,0,0,4,0,,67,8,2008,3,40.0195,-75.1489,48.0,6,0,0,0,0,0,0,0,0,,0,0,0,23,3,1,2,,0,40 01:10.158,,0,75 08:56.058,2,0,0,1,67301,1,0,1,N,1,0,1,3,67301,0,,5,1,,N,N,,0,,0,1,0,9.0,2,,2315,1,3,0,0,0,0,1,3,4,0,2,3,,N,,,,,,,,,,,
2008071911,1456,3,0,0,0,0,0,0,0,0,5,0,,67,4,2008,7,40.0245,-75.1479,1455.0,6,0,0,1,0,0,0,0,0,,0,0,0,14,1,2,1,,0,40 01:28.300,,0,75 08:52.480,4,0,0,0,67301,0,0,0,N,0,0,0,3,67301,1,,1,1,,N,N,,0,,0,0,0,0.0,0,,1453,2,3,0,0,0,1,0,3,4,0,3,3,,N,,,,,,,,,,,
2008120918,805,1,0,0,0,0,0,0,0,0,8,0,,67,9,2008,4,39.9833,-75.1816,747.0,6,0,0,0,0,0,0,0,0,,0,0,0,7,1,1,1,,0,39 58:59.912,,0,75 10:53.631,4,0,0,0,67301,1,0,0,,1,0,0,2,67301,1,,1,1,,,,,0,,0,0,0,0.0,0,,747,1,2,0,0,0,0,0,3,4,0,1,3,,N,,,,,,,,,,,
2008079071,700,1,0,0,0,0,0,0,0,0,8,0,,67,5,2008,2,39.9347,-75.191,658.0,6,0,0,0,0,1,0,0,0,,0,0,0,6,5,1,1,,0,39 56:04.743,,0,75 11:27.567,4,0,0,0,67301,1,0,0,N,1,0,0,2,67301,1,,1,9,,N,N,,0,,0,0,0,9.0,3,,655,1,2,0,0,0,0,0,3,4,0,1,7,,N,,,,,,,,,,,
2008097546,1413,2,0,0,0,0,0,0,0,0,1,0,,67,7,2008,3,40.0042,-75.0994,1412.0,6,0,0,0,0,0,0,0,0,,0,0,0,14,1,3,1,,0,40 00:15.119,,0,75 05:57.765,8,0,0,0,67301,0,0,0,N,0,0,0,4,67301,0,,1,1,,N,N,,0,,0,0,0,3.0,2,,1410,3,2,0,0,0,3,1,3,4,0,2,3,,N,,,,,,,,,,,
2008071277,348,1,0,0,0,0,0,0,0,0,7,0,,67,6,2008,7,39.9609,-75.1823,331.0,6,0,0,0,0,0,0,0,0,2.0,0,0,0,3,3,1,0,,1,39 57:39.430,4.0,0,75 10:53.529,8,0,0,0,67301,0,0,0,N,0,0,0,1,68K01,0,,2,1,,N,N,,0,,0,0,0,0.0,0,N,327,1,1,0,0,0,1,0,3,4,0,1,3,,N,,,,,,,,,,,
2008119886,1750,2,0,0,0,0,0,0,0,0,1,0,,67,9,2008,6,40.0367,-75.1584,1725.0,6,0,0,0,0,0,0,0,0,,0,0,0,16,1,1,10,,0,40 02:12.109,,0,75 09:30.211,8,0,0,0,67301,0,0,0,N,0,0,0,2,67301,0,,1,9,,N,N,,0,,0,0,0,3.0,2,,1650,1,2,0,0,0,1,0,3,4,0,2,7,,N,,,,,,,,,,,
2008132892,2141,0,0,0,0,0,0,0,0,0,8,0,,67,4,2008,6,39.9976,-75.1223,2140.0,6,0,0,0,0,0,0,0,0,9.0,0,0,0,21,3,1,2,,2,39 59:51.333,6.0,0,75 07:20.146,8,0,0,0,67301,1,0,0,N,1,0,0,2,67301,0,,1,9,,N,N,,0,,0,0,0,0.0,0,Y,2139,1,2,0,0,0,1,0,3,4,0,1,7,,N,,,,,,,,,,,
2008135265,250,2,0,0,0,0,0,0,0,0,5,0,,67,11,2008,1,40.0351,-75.1448,245.0,6,0,0,0,0,0,1,0,0,,0,0,0,2,3,0,0,,0,40 02:06.382,,0,75 08:41.321,0,0,0,0,67301,0,0,0,,0,0,0,1,67301,0,,6,1,,,,,0,,0,0,1,0.0,0,,240,0,3,0,0,0,0,0,3,4,0,3,3,,N,,,,,,,,,,,
2008132929,821,2,0,0,0,0,0,0,0,0,7,0,,67,10,2008,5,40.0242,-75.1954,811.0,6,0,0,0,0,0,0,0,0,1.0,0,0,0,8,1,0,0,,2,40 01:27.144,5.0,0,75 11:43.477,0,0,0,0,67301,0,0,0,N,0,0,0,2,67301,0,,2,9,,N,N,,0,,0,0,0,0.0,0,Y,810,0,2,0,0,0,0,0,3,4,0,2,3,,N,,,,,,,,,,,
2008035880,2014,0,0,0,0,0,0,0,0,0,4,0,,67,2,2008,6,39.9986,-75.1957,2003.0,6,0,0,0,0,1,0,0,0,,0,0,0,19,3,0,0,,0,39 59:55.000,,0,75 11:44.377,9,0,0,0,67301,0,0,0,N,0,0,0,2,68K01,0,,1,1,,N,N,,0,,0,0,0,0.0,0,,1959,0,2,0,0,0,0,1,3,4,2,2,3,,N,,,,,,,,,,,
2008035884,1929,3,0,0,0,0,0,0,0,0,2,0,,67,2,2008,3,39.8888,-75.2178,1929.0,6,0,0,0,0,0,1,0,0,,0,0,0,19,3,0,0,,0,39 53:17.000,,0,75 13:00.887,0,0,0,0,67301,0,0,0,N,0,0,0,3,68K01,0,,1,2,,N,N,,0,,0,0,0,0.0,0,,1929,0,3,0,0,0,0,0,3,4,0,3,9,,N,,,,,,,,,,,
2008061179,1224,2,0,0,0,0,0,0,0,0,3,0,,67,3,2008,7,39.9344,-75.1653,1222.0,6,0,0,0,0,0,1,0,0,1.0,0,0,0,12,1,2,0,,2,39 56:03.814,1.0,0,75 09:55.051,4,0,0,0,67301,0,0,0,N,0,0,0,2,67301,2,,6,1,,N,N,,0,,0,0,0,0.0,0,Y,1220,2,2,0,0,0,0,0,3,4,0,2,3,,N,,,,,,,,,,,
2008059097,1820,1,0,0,0,0,0,0,0,0,8,0,,67,4,2008,5,39.9626,-75.2325,1815.0,6,0,0,0,0,0,0,0,0,,0,0,0,18,1,1,1,,0,39 57:45.190,,0,75 13:57.158,8,0,0,0,67301,1,0,0,N,1,0,0,2,67301,0,,1,1,,N,N,,0,,0,0,0,3.0,3,,1810,1,2,0,0,0,1,0,3,4,0,1,3,,N,,,,,,,,,,,
2008056267,1900,4,0,0,0,0,0,0,0,0,5,0,,67,4,2008,1,39.9589,-75.1701,1850.0,6,0,0,0,0,0,0,0,0,2.0,0,0,0,18,4,0,0,,1,39 57:32.299,4.0,0,75 10:14.053,0,0,0,0,67301,0,0,0,N,0,0,0,7,68K01,0,,1,1,,N,N,,0,,0,0,0,0.0,0,N,1848,0,4,0,0,1,0,0,3,4,0,4,3,,N,,,,,,,,,,,
2008056281,1601,1,0,0,0,0,0,0,0,0,5,0,,67,4,2008,2,40.0392,-75.0075,1554.0,6,0,0,0,0,0,0,0,0,,0,0,0,15,1,0,0,,0,40 02:22.063,,0,75 00:25.380,9,0,0,0,67301,0,0,0,N,0,0,0,2,68K01,0,,1,1,,N,N,,0,,0,0,0,0.0,0,,1550,0,2,0,0,0,0,1,3,4,0,2,3,,N,,,,,,,,,,,
2008051412,2120,1,0,0,0,0,0,0,0,0,1,0,,67,3,2008,3,40.0184,-75.1685,2115.0,6,0,0,0,0,0,1,0,0,1.0,0,0,0,21,3,0,6,,1,40 01:06.600,2.0,2,75 10:01.560,0,0,0,0,67301,0,0,0,,0,0,0,3,67301,0,,7,9,,N,N,,0,,0,0,1,3.0,4,N,2110,0,2,0,0,0,0,0,3,4,0,2,7,,N,,,,,,,,,,,
2008054193,1145,0,0,0,0,0,0,0,0,0,7,0,,67,2,2008,6,40.029,-75.0892,1140.0,6,0,0,0,0,0,0,0,0,2.0,0,0,0,11,1,0,1,,1,40 01:44.349,1.0,0,75 05:21.035,0,0,0,0,67301,0,0,0,N,0,0,0,1,67301,0,,4,7,,N,N,,0,,0,0,1,3.0,2,Y,1135,0,1,0,0,0,0,0,3,4,0,1,7,,N,,,,,,,,,,,
2008056739,612,1,0,0,0,0,0,0,0,0,7,0,,67,4,2008,1,39.9805,-75.2058,612.0,6,0,0,0,0,1,0,0,0,1.0,0,0,0,6,3,0,0,,2,39 58:52.367,3.0,0,75 12:24.610,0,0,0,0,67301,0,0,0,N,0,0,0,3,68K01,0,,3,9,,N,N,,0,,0,0,0,0.0,0,N,612,0,1,0,0,0,0,0,3,4,0,1,7,,N,,,,,,,,,,,
2008051615,1642,2,0,0,0,0,0,0,0,0,5,0,,67,3,2008,3,39.9319,-75.2167,1637.0,6,0,0,0,0,0,1,0,0,1.0,0,0,0,16,1,1,0,,1,39 55:54.840,3.0,0,75 13:00.120,4,0,0,0,67301,0,0,0,N,0,0,0,2,67301,1,,1,1,,N,N,,0,,0,0,0,0.0,0,N,1615,1,2,0,0,0,0,0,3,4,0,2,3,,N,,,,,,,,,,,
2008050121,1840,3,0,0,0,0,0,0,0,0,1,0,,67,4,2008,4,39.8858,-75.2126,1822.0,6,0,0,0,0,0,1,0,0,,0,0,0,18,4,0,0,,0,39 53:12.794,,3,75 12:18.408,0,0,0,0,67301,0,0,0,N,0,0,0,3,68K01,0,,1,1,,N,N,,0,,0,0,0,9.0,9,,1820,0,3,0,0,0,0,0,3,4,0,3,3,,N,,,,,,,,,,,
2008050139,1235,0,0,0,0,0,0,0,0,0,1,0,,67,4,2008,6,40.0463,-75.0015,1232.0,6,0,0,0,0,0,0,0,0,,0,0,0,12,1,0,0,,0,40 02:48.055,,0,75 00:04.357,0,0,0,0,67301,0,0,0,N,0,0,0,2,68K01,0,,1,1,,N,N,,1,,0,0,1,0.0,0,,1226,0,2,0,0,0,0,0,3,4,0,2,3,,N,,,,,,,,,,,
2008050142,849,1,0,0,0,0,0,0,0,0,4,0,,67,4,2008,7,39.9569,-75.1803,845.0,6,0,0,0,0,0,1,0,0,,0,0,0,8,1,0,0,,0,39 57:31.097,,0,75 10:49.217,0,0,0,0,67301,0,0,0,N,0,0,0,2,68K01,0,,1,9,,N,N,,0,,0,0,1,0.0,0,,835,0,2,0,0,0,0,0,3,4,0,2,3,,N,,,,,,,,,,,