CRN,ARRIVAL_TM,AUTOMOBILE_COUNT,BELTED_DEATH_COUNT,BELTED_SUSP_SERIOUS_INJ_COUNT,BICYCLE_COUNT,BICYCLE_DEATH_COUNT,BICYCLE_SUSP_SERIOUS_INJ_COUNT,BUS_COUNT,CHLDPAS_DEATH_COUNT,CHLDPAS_SUSP_SERIOUS_INJ_COUNT,COLLISION_TYPE,COMM_VEH_COUNT,CONS_ZONE_SPD_LIM,COUNTY,CRASH_MONTH,CRASH_YEAR,DAY_OF_WEEK,DEC_LAT,DEC_LONG,DISPATCH_TM,DISTRICT,DRIVER_COUNT_16YR,DRIVER_COUNT_17YR,DRIVER_COUNT_18YR,DRIVER_COUNT_19YR,DRIVER_COUNT_20YR,DRIVER_COUNT_50_64YR,DRIVER_COUNT_65_74YR,DRIVER_COUNT_75PLUS,EST_HRS_CLOSED,FATAL_COUNT,HEAVY_TRUCK_COUNT,HORSE_BUGGY_COUNT,HOUR_OF_DAY,ILLUMINATION,INJURY_COUNT,INTERSECT_TYPE,INTERSECTION_RELATED,LANE_CLOSED,LATITUDE,LN_CLOSE_DIR,LOCATION_TYPE,LONGITUDE,MAX_SEVERITY_LEVEL,MCYCLE_DEATH_COUNT,MCYCLE_SUSP_SERIOUS_INJ_COUNT,MOTORCYCLE_COUNT,MUNICIPALITY,NONMOTR_COUNT,NONMOTR_DEATH_COUNT,NONMOTR_SUSP_SERIOUS_INJ_COUNT,NTFY_HIWY_MAINT,PED_COUNT,PED_DEATH_COUNT,PED_SUSP_SERIOUS_INJ_COUNT,PERSON_COUNT,POLICE_AGCY,POSSIBLE_INJ_COUNT,RDWY_SURF_TYPE_CD,RELATION_TO_ROAD,ROAD_CONDITION,ROADWAY_CLEARED,SCH_BUS_IND,SCH_ZONE_IND,SECONDARY_CRASH,SMALL_TRUCK_COUNT,SPEC_JURIS_CD,SUSP_MINOR_INJ_COUNT,SUSP_SERIOUS_INJ_COUNT,SUV_COUNT,TCD_FUNC_CD,TCD_TYPE,TFC_DETOUR_IND,TIME_OF_DAY,TOT_INJ_COUNT,TOTAL_UNITS,UNB_DEATH_COUNT,UNB_SUSP_SERIOUS_INJ_COUNT,UNBELTED_OCC_COUNT,UNK_INJ_DEG_COUNT,UNK_INJ_PER_COUNT,URBAN_AREA,URBAN_RURAL,VAN_COUNT,VEHICLE_COUNT,WEATHER1,WEATHER2,WORK_ZONE_IND,WORK_ZONE_LOC,WORK_ZONE_TYPE,WORKERS_PRES,WZ_CLOSE_DETOUR,WZ_FLAGGER,WZ_LAW_OFFCR_IND,WZ_LN_CLOSURE,WZ_MOVING,WZ_OTHER,WZ_SHLDER_MDN,WZ_WORKERS_INJ_KILLED
2008050204,2300,1,0,0,0,0,0,0,0,0,7,0,,67,2,2008,2,39.9429,-75.1891,2300.0,6,0,0,0,0,0,1,0,0,,0,0,0,23,3,2,2,,0,39 56:34.447,,0,75 11:20.853,4,0,0,0,67301,0,0,0,N,0,0,0,2,67301,1,,5,1,,N,N,,0,,0,0,0,3.0,3,,2300,2,1,0,0,0,1,0,3,4,0,1,3,,N,,,,,,,,,,,
2008047931,1709,1,0,0,1,0,0,0,0,0,4,0,,67,1,2008,2,39.9522,-75.2069,1706.0,6,0,0,0,0,0,0,0,0,,0,0,0,17,4,1,1,,0,39 57:08.078,,0,75 12:24.915,8,0,0,0,67301,1,0,0,N,0,0,0,2,67301,0,,1,1,,N,N,,0,,0,0,0,3.0,2,,1704,1,2,0,0,0,1,1,3,4,0,1,3,,N,,,,,,,,,,,
2008021516,1552,2,0,0,0,0,0,0,0,0,1,0,,67,2,2008,3,40.0731,-75.1892,1548.0,6,0,0,0,1,1,0,0,0,2.0,0,0,0,15,1,1,2,,1,40 04:23.000,5.0,0,75 11:21.256,4,0,0,0,67301,0,0,0,N,0,0,0,3,46108,1,,1,1,,N,N,,0,,0,0,0,3.0,2,N,1548,1,2,0,0,0,0,0,3,4,0,2,3,,N,,,,,,,,,,,
2008050472,1334,1,0,0,0,0,0,0,0,0,8,0,,67,2,2008,5,39.9521,-75.1861,1330.0,6,0,0,0,0,0,0,0,1,,0,0,0,13,1,1,0,,0,39 57:07.231,,0,75 11:08.118,2,0,0,0,67301,1,0,1,N,1,0,1,4,67504,0,,1,1,,N,N,,0,,0,1,0,0.0,0,,1325,1,2,0,0,3,0,0,3,4,0,1,3,,N,,,,,,,,,,,
2008053030,1152,1,0,0,0,0,0,0,0,0,4,0,,67,2,2008,6,39.9808,-75.1385,1159.0,6,0,0,0,0,0,0,0,0,,0,0,0,11,1,0,2,,0,39 58:50.977,,0,75 08:18.473,0,0,0,0,67301,0,0,0,N,0,0,0,3,67301,0,,1,9,,N,N,,0,,0,0,0,9.0,3,,1142,0,2,0,0,0,0,0,3,4,1,2,7,,N,,,,,,,,,,,
2008050589,1810,1,0,0,0,0,0,0,0,0,1,0,,67,3,2008,2,39.9177,-75.2379,1750.0,6,0,0,0,0,0,0,1,0,,0,0,0,16,1,2,2,,0,39 55:03.637,,0,75 14:16.601,8,0,0,0,67301,0,0,0,N,0,0,0,2,67301,0,,1,1,,N,N,,1,,0,0,0,9.0,3,,1626,2,2,0,0,0,2,0,3,4,0,2,3,,N,,,,,,,,,,,
2008050737,1018,1,0,0,0,0,0,0,0,0,4,0,,67,2,2008,3,39.9574,-75.1571,1016.0,6,0,0,0,0,0,0,0,0,,0,0,0,10,1,2,1,,0,39 57:26.639,,0,75 09:25.500,8,0,0,0,67301,0,0,0,N,0,0,0,3,67301,0,,1,1,,N,N,,0,,0,0,0,1.0,7,,1015,2,2,0,0,3,2,0,3,4,1,2,3,,N,,,,,,,,,,,
2008050897,306,2,0,0,0,0,0,0,0,0,4,0,,67,2,2008,7,39.9847,-75.1439,305.0,6,0,0,0,0,0,0,0,0,,0,0,0,2,3,0,1,,0,39 59:04.941,,0,75 08:37.921,9,0,0,0,67301,0,0,0,,0,0,0,2,67301,0,,1,1,,,,,0,,0,0,0,3.0,2,,230,0,2,0,0,0,0,1,3,4,0,2,3,,N,,,,,,,,,,,
2008050829,731,2,0,0,0,0,0,0,0,0,4,0,,67,2,2008,6,40.0397,-75.0711,728.0,6,0,0,0,0,0,0,0,0,,0,0,0,99,1,1,0,,0,40 02:22.808,,0,75 04:15.783,4,0,0,0,67301,0,0,0,N,0,0,0,1,67301,1,,6,1,,N,N,,0,,0,0,2,0.0,0,,9999,1,4,0,0,0,0,0,3,4,0,4,3,,N,,,,,,,,,,,
2008040737,1846,2,0,0,0,0,0,0,0,0,1,0,,67,2,2008,5,40.0796,-74.9656,1826.0,6,0,0,0,1,0,0,0,0,,0,0,0,18,3,1,0,,0,40 04:46.000,,0,74 57:56.067,3,0,0,0,67301,0,0,0,N,0,0,0,5,67301,0,,1,1,,N,N,,0,,1,0,0,0.0,0,,1826,1,3,0,0,1,0,1,3,4,0,3,3,,N,,,,,,,,,,,
2008044008,1412,2,0,0,0,0,0,0,0,0,1,0,,67,1,2008,2,40.1046,-75.0014,1410.0,6,0,0,0,0,0,0,0,0,,0,0,0,14,1,1,1,,0,40 06:16.000,,0,75 00:04.813,4,0,0,0,67301,0,0,0,,0,0,0,2,67301,1,,1,1,,N,N,,0,,0,0,0,3.0,2,,1402,1,2,0,0,0,0,0,3,4,0,2,3,,N,,,,,,,,,,,
2008120928,805,2,0,0,0,0,0,0,0,0,4,0,,67,10,2008,7,39.9597,-75.1558,805.0,6,0,0,0,0,0,0,0,0,1.0,0,0,0,8,1,0,1,,1,39 57:34.905,2.0,0,75 09:21.056,0,0,0,0,67301,0,0,0,N,0,0,0,2,67301,0,,1,1,,N,N,,0,,0,0,0,3.0,3,N,802,0,2,0,0,0,0,0,3,4,0,2,3,,N,,,,,,,,,,,
2008120929,114,2,0,0,0,0,0,0,0,0,4,0,,67,9,2008,4,40.0211,-75.1399,106.0,6,0,0,0,0,0,0,0,0,3.0,0,0,0,0,3,0,1,,1,40 01:15.937,1.0,0,75 08:23.758,0,0,0,0,67301,0,0,0,N,0,0,0,2,67301,0,,1,1,,N,N,,0,,0,0,0,3.0,2,N,57,0,2,0,0,0,0,0,3,4,0,2,3,,N,,,,,,,,,,,
2008108632,2200,1,0,0,0,0,0,0,0,0,1,0,,67,8,2008,5,39.9057,-75.1939,2157.0,6,0,0,0,0,0,1,0,0,,0,0,0,99,3,0,1,,0,39 54:21.113,,0,75 11:37.839,0,0,0,0,67301,0,0,0,,0,0,0,7,67301,0,,1,9,,N,,,0,,0,0,1,3.0,2,,9999,0,2,0,0,0,0,0,3,4,0,2,7,,N,,,,,,,,,,,
2008121090,2021,4,0,0,0,0,0,0,0,0,5,0,,67,9,2008,5,40.0006,-75.1329,2021.0,6,0,0,0,0,0,0,0,0,1.0,0,0,0,99,3,0,1,,2,40 00:02.271,6.0,0,75 07:58.407,9,0,0,0,67301,0,0,0,N,0,0,0,2,67301,0,,1,9,,N,N,,0,,0,0,0,3.0,2,Y,9999,0,4,0,0,0,0,1,3,4,0,4,7,,N,,,,,,,,,,,
2008121110,859,0,0,0,0,0,0,1,0,0,4,1,,67,10,2008,5,39.9534,-75.1547,854.0,6,0,0,0,0,0,1,0,0,1.0,0,0,0,8,1,1,1,,1,39 57:12.074,1.0,0,75 09:16.973,4,0,0,0,67301,0,0,0,N,0,0,0,3,67301,1,,1,1,,N,N,,0,,0,0,1,3.0,2,N,850,1,2,0,0,0,0,0,3,4,0,2,3,,N,,,,,,,,,,,
2008108477,730,1,0,0,0,0,0,1,0,0,4,1,,67,8,2008,6,39.9547,-75.1495,727.0,6,0,0,0,0,0,0,0,0,9.0,0,0,0,6,1,1,1,,9,39 57:16.782,2.0,0,75 08:58.276,4,0,0,0,67301,0,0,0,N,0,0,0,5,67301,1,,1,1,,N,N,,0,,0,0,0,3.0,2,N,642,1,2,0,0,0,0,0,3,4,0,2,3,,N,,,,,,,,,,,
2008108556,9999,0,0,0,0,0,0,0,0,0,8,0,,67,8,2008,4,40.0029,-75.127,9999.0,6,0,0,0,0,0,0,0,0,2.0,0,0,0,99,1,1,1,,2,40 00:10.512,7.0,0,75 07:37.113,4,0,0,0,67301,1,0,0,N,1,0,0,2,67301,1,,1,1,,N,N,,0,,0,0,1,3.0,3,Y,9999,1,2,0,0,0,0,0,3,4,0,1,3,,N,,,,,,,,,,,
2008108575,2050,1,0,0,0,0,0,0,0,0,4,0,,67,8,2008,6,40.0231,-75.124,2041.0,6,0,0,0,1,0,0,0,0,,0,0,0,99,3,0,1,,0,40 01:23.210,,0,75 07:26.428,0,0,0,0,67301,0,0,0,,0,0,0,6,67301,0,,1,1,,N,N,,0,,0,0,0,3.0,3,,9999,0,2,0,0,0,0,0,3,4,1,2,3,,N,,,,,,,,,,,
2008108603,1938,1,0,0,0,0,0,0,0,0,8,0,,67,9,2008,2,39.9589,-75.2414,1935.0,6,0,0,0,0,0,1,0,0,9.0,0,0,0,19,1,1,1,,9,39 57:32.141,2.0,0,75 14:29.004,8,0,0,0,67301,1,0,0,,1,0,0,2,67301,0,,1,1,,N,N,,0,,0,0,0,3.0,2,N,1930,1,2,0,0,0,1,0,3,4,0,1,3,,N,,,,,,,,,,,
2008087110,1713,1,0,0,0,0,0,0,0,0,1,0,,67,7,2008,5,39.9678,-75.1307,1710.0,6,0,0,0,0,0,0,0,0,1.0,0,0,0,17,1,0,0,,1,39 58:05.355,1.0,0,75 07:47.028,0,0,0,0,67301,0,0,0,N,0,0,0,2,68K01,0,,1,1,,N,N,,0,,0,0,1,0.0,0,N,1708,0,2,0,0,0,0,0,3,4,0,2,3,,N,,,,,,,,,,,
2008079730,9999,1,0,0,0,0,0,0,0,0,2,0,,67,5,2008,6,40.0532,-75.1221,1505.0,6,0,0,0,0,0,1,0,0,2.0,0,0,0,15,1,1,5,,2,40 03:11.409,1.0,0,75 07:19.570,3,0,0,1,67301,0,0,0,N,0,0,0,2,67301,0,,1,1,,N,N,,0,,1,0,0,3.0,2,Y,1503,1,2,0,0,0,0,0,3,4,0,2,3,,N,,,,,,,,,,,
2008082186,9999,0,0,0,0,0,0,0,0,0,8,0,,67,5,2008,1,39.9851,-75.1598,428.0,6,0,0,0,0,0,1,0,0,,0,0,0,4,6,0,1,,0,39 59:06.525,,0,75 09:35.319,0,0,0,0,67301,0,0,0,,0,0,0,2,67301,0,,1,1,,,,,0,,0,0,1,3.0,2,,422,0,2,0,0,0,0,0,3,4,0,2,3,,N,,,,,,,,,,,
2008082253,1850,1,0,0,1,0,0,0,0,0,4,0,,67,5,2008,4,39.9722,-75.2479,1845.0,6,0,0,0,0,0,0,0,0,,0,0,0,18,1,1,1,,0,39 58:19.996,,0,75 14:52.297,4,0,0,0,67301,1,0,0,N,0,0,0,3,67301,1,,1,1,,N,N,,0,,0,0,0,3.0,3,,1833,1,2,0,0,0,0,0,3,4,0,1,3,,N,,,,,,,,,,,
2008079063,805,2,0,0,0,0,0,0,0,0,6,0,,67,5,2008,6,40.0418,-75.144,805.0,6,0,0,0,0,0,1,0,0,,0,0,0,7,1,1,0,,0,40 02:30.480,,0,75 08:38.400,8,0,0,0,67301,0,0,0,N,0,0,0,2,67301,0,,1,1,,N,N,,0,,0,0,0,0.0,0,,720,1,2,0,0,0,1,0,3,4,0,2,3,,N,,,,,,,,,,,
2008079084,2310,1,0,0,0,0,0,0,0,0,1,0,,67,5,2008,7,40.0131,-75.202,2305.0,6,0,0,0,0,0,0,0,0,1.0,0,0,0,99,3,1,2,,1,40 00:47.161,1.0,0,75 12:07.451,8,0,0,0,67301,0,0,0,N,0,0,0,3,67301,0,,1,1,,N,N,,0,,0,0,1,3.0,2,N,9999,1,2,0,0,0,1,0,3,4,0,2,3,,N,,,,,,,,,,,
2008059268,2002,1,0,0,0,0,0,0,0,0,4,0,,67,4,2008,3,39.9835,-75.1471,2000.0,6,0,0,0,0,0,0,0,0,,0,0,0,19,3,1,1,,0,39 59:00.564,,0,75 08:49.689,4,0,0,1,67301,0,0,0,,0,0,0,2,67301,1,,1,1,,,,,0,,0,0,0,3.0,2,,1959,1,2,0,0,0,0,0,3,4,0,2,3,,N,,,,,,,,,,,
2008059269,1315,2,0,0,0,0,0,0,0,0,4,0,,67,3,2008,5,40.0368,-75.0692,1312.0,6,0,0,0,0,0,1,0,0,1.0,0,0,0,13,1,4,1,,1,40 02:07.898,2.0,0,75 04:13.893,4,0,0,0,67301,0,0,0,N,0,0,0,4,67301,3,,1,1,,N,N,,0,,0,0,0,3.0,3,Y,1310,4,2,0,0,0,1,0,3,4,0,2,3,,N,,,,,,,,,,,
2008059167,859,2,0,0,0,0,0,0,0,0,2,0,,67,4,2008,5,40.0238,-75.1957,857.0,6,0,0,0,0,0,0,0,0,1.0,0,0,0,8,1,2,0,,2,40 01:25.804,5.0,0,75 11:44.681,3,0,0,0,67301,0,0,0,N,0,0,0,3,67301,0,,1,1,,N,N,,0,,2,0,1,0.0,0,Y,855,2,3,0,0,0,0,0,3,4,0,3,3,,N,,,,,,,,,,,
2008051411,714,2,0,0,0,0,0,0,0,0,4,0,,67,2,2008,1,40.0215,-75.1398,710.0,6,0,0,0,0,0,0,0,0,,0,0,0,7,1,1,1,,0,40 01:17.486,,0,75 08:23.327,4,0,0,0,67301,0,0,0,N,0,0,0,2,67301,1,,1,1,,N,N,,0,,0,0,0,3.0,2,,710,1,2,0,0,0,0,0,3,4,0,2,3,,N,,,,,,,,,,,
2008051725,848,2,0,0,0,0,0,0,0,0,1,0,,67,2,2008,4,,,848.0,6,0,0,0,0,1,0,0,0,1.0,0,0,0,8,1,1,0,,2,,2.0,0,,8,0,0,0,67301,0,0,0,N,0,0,0,3,67301,0,,1,1,,N,N,,0,,0,0,1,0.0,0,N,847,1,3,0,0,0,1,0,3,3,0,3,3,,N,,,,,,,,,,,
2008049352,232,2,0,0,0,0,0,0,0,0,1,0,,67,4,2008,3,39.9941,-75.1988,232.0,6,0,0,0,0,1,0,0,0,,0,0,0,2,3,0,0,,0,39 59:42.047,,0,75 11:52.522,0,0,0,0,67301,0,0,0,N,0,0,0,2,68K01,0,,1,9,,N,N,,0,,0,0,0,0.0,0,,232,0,2,0,0,0,0,0,3,4,0,2,7,,N,,,,,,,,,,,
2008133013,206,1,0,0,0,0,0,0,0,0,1,0,,67,10,2008,5,39.9699,-75.1882,200.0,6,0,0,0,0,0,0,0,0,3.0,0,0,0,2,3,0,2,,1,39 58:11.721,5.0,0,75 11:18.012,0,0,0,0,67301,0,0,0,N,0,0,0,1,67301,0,,1,1,,N,N,,1,,0,0,0,0.0,0,Y,200,0,2,0,0,0,0,0,3,4,0,2,3,,N,,,,,,,,,,,
2008068020,1638,2,0,0,0,0,0,0,0,0,1,0,,67,5,2008,6,39.9834,-75.0978,1632.0,6,0,0,0,0,0,1,0,0,1.0,0,0,0,16,1,0,0,,2,39 59:00.600,1.0,0,75 05:51.360,0,0,0,0,67301,0,0,0,N,0,0,0,3,68K01,0,,1,1,,N,N,,0,,0,0,0,0.0,0,N,1628,0,2,0,0,0,0,0,3,4,0,2,3,,N,,,,,,,,,,,
2008050119,2315,1,0,0,0,0,0,0,0,0,1,0,,67,3,2008,1,39.9383,-75.1977,2249.0,6,0,0,0,0,0,1,0,0,2.0,0,0,0,22,2,0,0,,1,39 56:11.970,4.0,2,75 11:56.469,0,0,0,0,67301,0,0,0,N,0,0,0,2,68K01,0,,1,1,,N,N,,0,,0,0,0,3.0,4,N,2240,0,2,0,0,0,0,0,3,4,1,2,3,,N,,,,,,,,,,,
2008050238,2114,3,0,0,0,0,0,0,0,0,1,0,,67,2,2008,3,39.9564,-75.2081,2112.0,6,0,0,0,0,0,0,0,0,2.0,0,0,0,21,3,1,0,,1,39 57:22.898,4.0,0,75 12:29.143,4,0,0,0,67301,0,0,0,N,0,0,0,6,67301,1,,1,1,,N,N,,0,,0,0,0,0.0,0,N,2111,1,3,0,0,2,0,1,3,4,0,3,3,,N,,,,,,,,,,,
2008050375,1003,2,0,0,0,0,0,0,0,0,4,0,,67,3,2008,7,40.0342,-75.1251,959.0,6,0,0,0,0,0,0,0,0,,0,0,0,9,1,1,2,,0,40 02:02.976,,0,75 07:30.331,4,0,0,0,67301,0,0,0,N,0,0,0,3,67301,1,,1,9,,N,N,,0,,0,0,0,3.0,3,,940,1,2,0,0,0,0,0,3,4,0,2,7,,N,,,,,,,,,,,
2008045440,1455,1,0,0,0,0,0,0,0,0,2,0,,67,1,2008,5,40.053,-74.9827,1450.0,6,0,0,0,0,0,0,0,0,,0,0,0,14,1,1,1,,0,40 03:10.000,,0,74 58:57.912,8,0,0,0,67301,0,0,0,N,0,0,0,2,67301,0,,1,1,,N,N,,0,,0,0,1,3.0,2,,1444,1,2,0,0,0,1,1,3,4,0,2,3,,N,,,,,,,,,,,
2008053155,1715,2,0,0,0,0,0,0,0,0,4,0,,67,1,2008,3,39.9785,-75.1578,1715.0,6,0,0,0,0,0,0,0,0,,0,0,0,17,3,0,0,,0,39 58:42.600,,7,75 09:28.080,0,0,0,0,67301,0,0,0,N,0,0,0,3,67301,0,,1,1,,N,N,,0,,0,0,0,0.0,0,,1714,0,2,0,0,0,0,0,3,4,0,2,3,,N,,,,,,,,,,,
2008048116,7,1,0,0,0,0,0,0,0,0,7,0,,67,3,2008,7,39.9791,-75.2035,3.0,6,0,0,0,0,0,0,0,0,,0,0,0,0,3,0,0,,0,39 58:57.840,,0,75 12:28.160,0,0,0,0,67301,0,0,0,N,0,0,0,2,68K01,0,,2,9,,N,N,,0,,0,0,0,0.0,0,,2,0,1,0,0,0,0,0,3,4,0,1,7,,N,,,,,,,,,,,
2008050777,625,4,0,0,0,0,0,0,0,0,5,0,,67,2,2008,7,39.9885,-75.1096,620.0,6,0,0,0,0,0,0,0,0,2.0,0,0,0,6,5,0,0,,2,39 59:18.675,1.0,0,75 06:34.444,0,0,0,0,67301,0,0,0,N,0,0,0,1,67301,0,,1,1,,N,N,,0,,0,0,1,0.0,0,Y,610,0,5,0,0,0,0,0,3,4,0,5,3,,N,,,,,,,,,,,
2008053263,9999,1,0,0,0,0,0,0,0,0,7,0,,67,3,2008,3,40.0,-75.1533,9999.0,6,0,0,0,0,0,0,0,0,,0,0,0,99,3,0,1,,0,40 00:00.000,,99,75 09:11.880,0,0,0,0,67301,0,0,0,N,0,0,0,1,67301,0,,5,9,,N,N,,0,,0,0,0,3.0,2,,9999,0,1,0,0,0,0,0,3,4,0,1,7,,N,,,,,,,,,,,
2008040783,1120,1,0,0,0,0,0,0,0,0,4,0,,67,2,2008,2,39.9485,-75.1573,1100.0,6,0,0,0,0,0,0,0,0,,0,0,0,10,1,1,2,,0,39 56:54.551,,0,75 09:26.380,8,0,0,0,67301,0,0,0,,0,0,0,2,67301,0,,1,1,,,,,0,,0,0,0,3.0,2,,1000,1,2,0,0,0,1,0,3,4,1,2,3,,N,,,,,,,,,,,
2008044023,1456,0,0,0,0,0,0,0,0,0,1,0,,67,1,2008,3,40.0323,-75.051,1455.0,6,0,0,0,0,0,0,0,1,,0,0,0,99,1,1,1,,0,40 01:56.000,,0,75 03:03.546,8,0,0,0,67301,0,0,0,N,0,0,0,3,67301,0,,1,1,,N,N,,0,,0,0,2,3.0,2,,9999,1,2,0,0,0,1,0,3,4,0,2,3,,N,,,,,,,,,,,
2008041289,1100,0,0,0,0,0,0,0,0,0,8,0,,67,2,2008,4,40.0334,-75.1755,1052.0,6,0,0,0,0,0,0,0,0,,0,0,0,5,5,1,1,,0,40 02:00.236,,0,75 10:31.717,4,0,0,0,67301,1,0,0,,1,0,0,2,67301,1,,1,6,,,,,0,,0,0,0,3.0,3,,545,1,2,0,0,0,0,0,3,4,1,1,7,,N,,,,,,,,,,,
2008041293,421,2,0,0,0,0,0,0,0,0,4,0,,67,1,2008,1,40.0272,-75.0407,415.0,6,0,0,0,0,0,0,0,0,1.0,0,0,0,4,3,0,0,,1,40 01:38.000,1.0,0,75 02:26.616,0,0,0,0,67301,0,0,0,N,0,0,0,1,67301,0,,6,1,,N,N,,0,,0,0,1,0.0,0,N,413,0,3,0,0,0,0,0,3,4,0,3,3,,N,,,,,,,,,,,
2008069317,1648,2,0,0,0,0,0,0,0,0,4,0,,67,4,2008,2,39.9388,-75.2269,1645.0,6,0,0,0,0,0,0,0,1,,0,0,0,16,1,1,1,,0,39 56:19.532,,0,75 13:36.735,4,0,0,0,67301,0,0,0,N,0,0,0,6,67301,1,,1,1,,N,N,,0,,0,0,0,3.0,2,,1632,1,2,0,0,0,0,0,3,4,0,2,3,,N,,,,,,,,,,,
2008118559,1940,1,0,0,0,0,0,0,0,0,8,0,,67,9,2008,3,39.9617,-75.1575,1940.0,6,0,0,0,0,0,0,0,0,,0,0,0,13,1,1,5,,0,39 57:42.623,,0,75 09:27.137,4,0,0,0,67301,1,0,0,,1,0,0,2,67301,1,,1,1,,,,,0,,0,0,0,9.0,2,,1345,1,2,0,0,0,0,1,3,4,0,1,3,,N,,,,,,,,,,,
2008108629,1923,1,0,0,0,0,0,0,0,0,4,0,,67,9,2008,3,39.9966,-75.1755,1921.0,6,0,1,0,0,0,1,0,0,2.0,0,0,0,19,1,2,1,,2,39 59:47.933,7.0,0,75 10:31.898,3,0,0,1,67301,0,0,0,N,0,0,0,3,67301,0,,1,1,,N,N,,0,,2,0,0,3.0,2,Y,1921,2,2,0,0,0,0,0,3,4,0,2,3,,N,,,,,,,,,,,
2008108648,9999,0,0,0,0,0,0,0,0,0,7,0,,67,8,2008,7,39.9571,-75.1511,9999.0,6,0,0,0,0,0,0,1,0,1.0,0,0,0,18,1,1,5,,2,39 57:25.688,4.0,2,75 09:03.847,4,0,0,0,67301,0,0,0,Y,0,0,0,2,67301,1,,3,1,,N,N,,0,,0,0,1,3.0,2,Y,1840,1,1,0,0,0,0,0,3,4,0,1,3,,N,,,,,,,,,,,
2008108669,2200,1,0,0,0,0,0,0,0,0,4,0,,67,8,2008,1,40.0431,-75.1672,2156.0,6,0,0,0,0,0,1,0,0,,0,0,0,21,3,1,1,,0,40 02:35.289,,0,75 10:02.002,4,0,0,0,67301,0,0,0,N,0,0,0,2,67301,1,,1,1,,N,N,,1,,0,0,0,3.0,2,,2147,1,2,0,0,0,0,1,3,4,0,2,3,,N,,,,,,,,,,,
2008121256,223,1,0,0,0,0,0,0,0,0,4,0,,67,9,2008,6,40.0123,-75.2045,219.0,6,0,0,0,0,0,0,0,0,,0,0,0,2,3,0,0,,0,40 00:42.802,,0,75 12:17.863,0,0,0,0,67301,0,0,0,,0,0,0,2,67301,0,,4,9,,N,N,,0,,0,0,1,0.0,0,,217,0,2,0,0,1,0,0,3,4,0,2,7,,N,,,,,,,,,,,
2008121261,917,2,0,0,0,0,0,0,0,0,4,0,,67,10,2008,5,40.1229,-75.0143,915.0,6,0,0,0,0,0,1,0,0,,0,0,0,9,1,2,2,,0,40 07:22.609,,0,75 00:51.321,8,0,0,0,67301,0,0,0,N,0,0,0,3,67301,0,,1,1,,N,N,,0,,0,0,0,0.0,0,,913,2,2,0,0,0,2,0,3,4,0,2,3,,N,,,,,,,,,,,
2008121294,0,1,0,0,1,0,0,0,0,0,4,0,,67,8,2008,4,39.9981,-75.1261,0.0,6,0,0,0,0,0,0,0,0,,0,0,0,17,1,1,2,,0,39 59:53.160,,0,75 07:33.960,3,0,0,0,67301,1,0,0,N,0,0,0,2,00000,0,,1,1,,N,N,,0,,1,0,0,0.0,0,,1700,1,2,0,0,0,0,0,3,4,0,1,3,,N,,,,,,,,,,,
2008118914,1210,2,0,0,0,0,0,0,0,0,4,0,,67,7,2008,3,39.9504,-75.1472,1155.0,6,0,0,0,0,0,0,0,0,4.0,0,0,0,8,1,1,1,,1,39 57:01.359,3.0,0,75 08:49.932,3,0,0,0,67301,0,0,0,N,0,0,0,2,67301,0,,1,1,,N,N,,0,,1,0,0,3.0,2,Y,800,1,2,0,0,0,0,0,3,4,0,2,3,,N,,,,,,,,,,,
2008108450,700,0,0,0,0,0,0,0,0,0,1,1,,67,8,2008,6,40.1141,-74.9877,655.0,6,0,0,0,0,0,1,0,0,1.0,0,1,0,6,1,1,1,,1,40 06:50.927,1.0,0,74 59:15.880,3,0,0,1,67301,0,0,0,N,0,0,0,2,67301,0,,1,1,,N,N,,0,,1,0,0,3.0,2,N,653,1,2,0,0,0,0,0,3,4,0,2,3,,N,,,,,,,,,,,
2008108606,249,0,0,0,0,0,0,0,0,0,7,0,,67,8,2008,2,39.9186,-75.2469,249.0,6,0,0,0,0,0,0,0,0,,0,0,0,2,3,1,0,,0,39 55:07.130,,0,75 14:48.824,2,0,1,1,67301,0,0,0,N,0,0,0,2,67301,0,,5,1,,N,N,,0,,0,1,0,0.0,0,,247,1,1,0,0,0,0,0,3,4,0,1,3,,N,,,,,,,,,,,
2008103440,1435,1,0,0,0,0,0,1,0,0,1,1,,67,7,2008,2,40.1121,-74.9907,1415.0,6,0,0,0,0,0,1,0,0,1.0,0,0,0,14,1,2,0,,1,40 06:43.578,1.0,0,74 59:26.558,4,0,0,0,67301,0,0,0,N,0,0,0,6,67301,2,,1,1,,N,N,,0,,0,0,0,0.0,0,N,1410,2,2,0,0,0,0,0,3,4,0,2,3,,N,,,,,,,,,,,
2008094092,319,0,0,0,0,0,0,0,0,0,0,1,,67,8,2008,3,39.9002,-75.158,307.0,6,0,0,0,0,0,0,0,0,4.0,0,1,0,3,3,0,0,,2,39 54:10.050,1.0,0,75 09:02.510,0,0,0,0,67301,0,0,0,N,0,0,0,1,68K01,0,,1,1,,N,N,,0,,0,0,0,0.0,0,Y,305,0,1,0,0,0,0,0,3,4,0,1,3,,N,,,,,,,,,,,