CRN,ARRIVAL_TM,AUTOMOBILE_COUNT,BELTED_DEATH_COUNT,BELTED_SUSP_SERIOUS_INJ_COUNT,BICYCLE_COUNT,BICYCLE_DEATH_COUNT,BICYCLE_SUSP_SERIOUS_INJ_COUNT,BUS_COUNT,CHLDPAS_DEATH_COUNT,CHLDPAS_SUSP_SERIOUS_INJ_COUNT,COLLISION_TYPE,COMM_VEH_COUNT,CONS_ZONE_SPD_LIM,COUNTY,CRASH_MONTH,CRASH_YEAR,DAY_OF_WEEK,DEC_LAT,DEC_LONG,DISPATCH_TM,DISTRICT,DRIVER_COUNT_16YR,DRIVER_COUNT_17YR,DRIVER_COUNT_18YR,DRIVER_COUNT_19YR,DRIVER_COUNT_20YR,DRIVER_COUNT_50_64YR,DRIVER_COUNT_65_74YR,DRIVER_COUNT_75PLUS,EST_HRS_CLOSED,FATAL_COUNT,HEAVY_TRUCK_COUNT,HORSE_BUGGY_COUNT,HOUR_OF_DAY,ILLUMINATION,INJURY_COUNT,INTERSECT_TYPE,INTERSECTION_RELATED,LANE_CLOSED,LATITUDE,LN_CLOSE_DIR,LOCATION_TYPE,LONGITUDE,MAX_SEVERITY_LEVEL,MCYCLE_DEATH_COUNT,MCYCLE_SUSP_SERIOUS_INJ_COUNT,MOTORCYCLE_COUNT,MUNICIPALITY,NONMOTR_COUNT,NONMOTR_DEATH_COUNT,NONMOTR_SUSP_SERIOUS_INJ_COUNT,NTFY_HIWY_MAINT,PED_COUNT,PED_DEATH_COUNT,PED_SUSP_SERIOUS_INJ_COUNT,PERSON_COUNT,POLICE_AGCY,POSSIBLE_INJ_COUNT,RDWY_SURF_TYPE_CD,RELATION_TO_ROAD,ROAD_CONDITION,ROADWAY_CLEARED,SCH_BUS_IND,SCH_ZONE_IND,SECONDARY_CRASH,SMALL_TRUCK_COUNT,SPEC_JURIS_CD,SUSP_MINOR_INJ_COUNT,SUSP_SERIOUS_INJ_COUNT,SUV_COUNT,TCD_FUNC_CD,TCD_TYPE,TFC_DETOUR_IND,TIME_OF_DAY,TOT_INJ_COUNT,TOTAL_UNITS,UNB_DEATH_COUNT,UNB_SUSP_SERIOUS_INJ_COUNT,UNBELTED_OCC_COUNT,UNK_INJ_DEG_COUNT,UNK_INJ_PER_COUNT,URBAN_AREA,URBAN_RURAL,VAN_COUNT,VEHICLE_COUNT,WEATHER1,WEATHER2,WORK_ZONE_IND,WORK_ZONE_LOC,WORK_ZONE_TYPE,WORKERS_PRES,WZ_CLOSE_DETOUR,WZ_FLAGGER,WZ_LAW_OFFCR_IND,WZ_LN_CLOSURE,WZ_MOVING,WZ_OTHER,WZ_SHLDER_MDN,WZ_WORKERS_INJ_KILLED
2008069551,1800,1,0,0,0,0,0,1,0,0,5,1,,67,4,2008,1,40.0116,-75.163,1800.0,6,0,0,0,0,0,0,0,0,,0,0,0,99,1,1,0,,0,40 00:42.314,,0,75 09:45.903,4,0,0,0,67301,0,0,0,N,0,0,0,2,67301,1,,1,1,,N,N,,0,,0,0,0,0.0,0,,9999,1,2,0,0,0,0,1,3,4,0,2,3,,N,,,,,,,,,,,
2008079725,625,1,0,0,0,0,0,0,0,0,4,0,,67,5,2008,6,40.0437,-75.0219,615.0,6,0,0,0,0,0,0,1,0,,0,0,0,6,5,0,2,,0,40 02:37.146,,0,75 01:18.711,0,0,0,0,67301,0,0,0,N,0,0,0,2,67301,0,,1,1,,N,N,,1,,0,0,0,3.0,2,,612,0,2,0,0,0,0,0,3,4,0,2,3,,N,,,,,,,,,,,
2008097458,1430,1,0,0,0,0,0,0,0,0,8,0,,67,6,2008,2,40.0267,-75.1172,1409.0,6,0,0,0,0,0,0,0,0,1.0,0,0,0,14,1,1,0,,1,40 01:36.182,2.0,0,75 07:02.079,4,0,0,0,67301,1,0,0,N,1,0,0,2,67301,1,,1,1,,N,N,,0,,0,0,0,3.0,2,N,1409,1,2,0,0,0,0,0,3,4,0,1,3,,N,,,,,,,,,,,
2008094923,2307,2,0,0,0,0,0,0,0,0,1,0,,67,6,2008,2,40.0631,-75.0865,2307.0,6,0,0,0,0,0,0,0,0,1.0,0,0,0,23,3,1,1,,1,40 03:47.157,4.0,0,75 05:11.568,4,0,0,0,67301,0,0,0,,0,0,0,3,67301,1,,1,1,,,,,0,,0,0,0,3.0,2,N,2300,1,2,0,0,0,0,0,3,4,0,2,3,,N,,,,,,,,,,,
2008089027,1619,1,0,0,0,0,0,0,0,0,4,0,,67,5,2008,7,40.004,-75.1718,1617.0,6,0,0,0,1,0,0,0,0,,0,0,0,16,1,2,0,,0,40 00:14.497,,0,75 10:18.320,4,0,0,0,67301,0,0,0,N,0,0,0,2,67301,2,,1,1,,N,N,,0,,0,0,1,0.0,0,,1612,2,2,0,0,0,0,0,3,4,0,2,3,,N,,,,,,,,,,,
2008079168,1245,1,0,0,0,0,0,0,0,0,8,0,,67,5,2008,6,39.915,-75.2446,1240.0,6,0,0,0,0,0,0,1,0,,0,0,0,12,1,1,0,,0,39 54:54.375,,7,75 14:40.880,8,0,0,0,67301,1,0,0,,1,0,0,2,67301,0,,5,1,,,,,0,,0,0,0,0.0,0,,1240,1,2,0,0,0,1,0,3,4,0,1,3,,N,,,,,,,,,,,
2008079174,745,1,0,0,0,0,0,0,0,0,7,0,,67,6,2008,1,40.0981,-75.0356,739.0,6,0,0,0,0,0,0,0,0,,0,0,0,99,2,0,0,,0,40 05:53.012,,0,75 02:08.196,0,0,0,0,67301,0,0,0,,0,0,0,1,67301,0,,4,1,,,,,0,,0,0,0,0.0,0,,9999,0,1,0,0,0,0,0,3,4,0,1,3,,N,,,,,,,,,,,
2008079205,1810,1,0,0,1,0,0,0,0,0,4,0,,67,4,2008,4,39.9512,-75.167,803.0,6,0,0,0,0,0,1,0,0,,0,0,0,17,1,1,1,,0,39 57:04.490,,0,75 10:01.286,3,0,0,0,67301,1,0,0,,0,0,0,3,67301,0,,1,1,,,,,0,,1,0,0,0.0,0,,1755,1,2,0,0,1,0,0,3,4,0,1,3,,N,,,,,,,,,,,
2008079238,355,2,0,0,0,0,0,0,0,0,4,0,,67,5,2008,7,39.8976,-75.2524,352.0,6,0,0,0,0,0,1,0,0,2.0,0,0,0,3,3,0,1,,1,39 53:50.876,1.0,0,75 15:07.486,0,0,0,0,67301,0,0,0,N,0,0,0,4,67301,0,,1,1,,N,N,,0,,0,0,0,9.0,2,Y,345,0,2,0,0,0,0,0,3,4,0,2,3,,N,,,,,,,,,,,
2008081121,1700,0,0,0,1,0,0,0,0,0,4,0,,67,5,2008,5,40.0025,-75.1472,1656.0,6,0,0,0,0,0,0,0,0,,0,0,0,16,1,1,3,,0,40 00:08.899,,0,75 08:50.020,4,0,0,0,67301,1,0,0,,0,0,0,2,67301,1,,1,1,,N,N,,0,,0,0,0,3.0,3,,1610,1,2,0,0,0,0,0,3,4,0,1,3,,N,,,,,,,,,,,
2008089955,920,1,0,0,0,0,0,0,0,0,7,0,,67,6,2008,6,40.0691,-75.0509,917.0,6,0,0,0,0,0,0,0,1,,0,0,0,9,1,1,0,,0,40 04:08.571,,0,75 03:03.365,8,0,0,0,67301,0,0,0,N,0,0,0,2,67301,0,,5,1,,N,N,,0,,0,0,0,0.0,0,,915,1,1,0,0,0,1,0,3,4,0,1,3,,N,,,,,,,,,,,
2008079388,1543,0,0,0,0,0,0,0,0,0,8,0,,67,6,2008,1,39.9829,-75.1221,1538.0,6,0,0,0,0,0,0,0,0,,0,0,0,15,1,1,1,,0,39 58:58.274,,0,75 07:19.513,4,0,0,0,67301,1,0,0,N,1,0,0,2,67301,1,,1,1,,N,N,,0,,0,0,0,3.0,3,,1535,1,2,0,0,0,0,1,3,4,1,1,3,,N,,,,,,,,,,,
2008079248,1805,2,0,0,0,0,0,0,0,0,4,0,,67,5,2008,6,40.0169,-75.1516,1800.0,6,0,0,0,0,0,0,0,0,,0,0,0,17,1,1,1,,0,40 01:00.926,,0,75 09:05.632,4,0,0,0,67301,0,0,0,N,0,0,0,2,67301,1,,1,1,,N,N,,0,,0,0,0,3.0,2,,1740,1,3,0,0,0,0,0,3,4,1,3,3,,N,,,,,,,,,,,
2008082467,2031,1,0,0,0,0,0,0,0,0,7,0,,67,5,2008,5,39.9675,-75.2026,1948.0,6,0,0,0,0,0,0,0,0,,0,0,0,19,1,0,0,,0,39 58:02.852,,0,75 12:09.378,9,0,0,0,67301,0,0,0,N,0,0,0,1,67301,0,,5,1,,N,N,,0,,0,0,1,0.0,0,,1947,0,2,0,0,0,0,1,3,4,0,2,3,,N,,,,,,,,,,,
2008082469,1955,3,0,0,0,0,0,0,0,0,4,0,,67,5,2008,6,39.973,-75.238,1949.0,6,0,0,0,0,0,1,0,0,,0,0,0,19,3,1,1,,0,39 58:22.710,,0,75 14:16.803,3,0,0,0,67301,0,0,0,N,0,0,0,2,67301,0,,2,9,,N,N,,0,,1,0,0,3.0,2,,1949,1,3,0,0,0,0,0,3,4,0,3,7,,N,,,,,,,,,,,
2008072078,1142,1,0,0,0,0,0,0,0,0,8,0,,67,4,2008,6,39.9517,-75.1583,1140.0,6,0,0,0,0,0,0,0,0,,0,0,0,11,1,1,0,,0,39 57:06.002,,0,75 09:30.075,2,0,0,0,67301,1,0,1,,1,0,1,2,67301,0,,1,1,,,,,0,,0,1,0,0.0,0,,1135,1,2,0,0,0,0,0,3,4,0,1,3,,N,,,,,,,,,,,
2008072102,1817,1,0,0,0,0,0,0,0,0,8,0,,67,4,2008,4,40.0394,-75.0774,1817.0,6,0,0,0,0,0,0,0,1,,0,0,0,18,1,1,1,,0,40 02:22.048,,0,75 04:38.766,3,0,0,0,67301,1,0,0,N,1,0,0,3,67301,0,,1,1,,N,N,,0,,1,0,0,3.0,2,,1815,1,2,0,0,0,0,0,3,4,0,1,3,,N,,,,,,,,,,,
2008072104,9999,1,0,0,0,0,0,0,0,0,4,0,,67,5,2008,6,39.942,-75.2282,947.0,6,0,0,0,0,0,0,0,0,,0,0,0,9,1,2,1,,0,39 56:31.178,,0,75 13:41.462,4,0,0,0,67301,0,0,0,,0,0,0,2,67301,2,,1,1,,N,N,,1,,0,0,0,3.0,3,,947,2,2,0,0,0,0,0,3,4,0,2,3,,N,,,,,,,,,,,
2008112271,240,1,0,0,0,0,0,0,0,0,7,0,,67,10,2008,7,40.0068,-75.1997,240.0,6,0,0,0,0,0,0,0,0,2.0,0,0,0,2,3,0,0,,2,40 00:24.798,2.0,0,75 11:59.812,0,0,0,0,67301,0,0,0,Y,0,0,0,1,68K01,0,,2,1,,N,N,,0,,0,0,0,0.0,0,Y,238,0,1,0,0,0,0,0,3,4,0,1,3,,N,,,,,,,,,,,
2008119656,850,1,0,0,0,0,0,0,0,0,6,0,,67,9,2008,2,40.0302,-75.1185,842.0,6,0,0,0,0,0,0,0,0,,0,0,0,8,1,3,1,,0,40 01:48.733,,0,75 07:06.450,8,0,0,0,67301,0,0,0,N,0,0,0,5,67301,0,,1,1,,N,N,,0,,0,0,0,3.0,3,,837,3,2,0,0,0,3,0,3,4,1,2,3,,N,,,,,,,,,,,
2008119667,1835,0,0,0,0,0,0,0,0,0,8,0,,67,9,2008,2,40.0222,-75.1154,1823.0,6,0,0,0,0,0,0,0,0,,0,0,0,18,1,1,0,,0,40 01:19.869,,0,75 06:55.317,4,0,0,0,67301,1,0,0,N,1,0,0,2,67301,1,,9,1,,N,N,,0,,0,0,0,0.0,0,,1820,1,2,0,0,0,0,1,3,4,0,1,3,,N,,,,,,,,,,,
2008119686,48,2,0,0,0,0,0,0,0,0,1,0,,67,9,2008,5,40.0565,-75.0464,46.0,6,0,0,0,0,0,0,0,0,,0,0,0,0,3,0,5,,0,40 03:23.346,,0,75 02:47.047,9,0,0,0,67301,0,0,0,,0,0,0,2,67301,0,,1,1,,,,,0,,0,0,0,3.0,2,,42,0,2,0,0,0,0,2,3,4,0,2,3,,N,,,,,,,,,,,
2008119779,1645,4,0,0,0,0,0,0,0,0,1,0,,67,9,2008,1,40.0284,-75.147,1640.0,6,0,0,0,0,0,1,0,0,1.0,0,0,0,16,1,1,0,,1,40 01:42.240,1.0,0,75 08:49.200,4,0,0,0,67301,0,0,0,N,0,0,0,2,67301,1,,1,1,,N,N,,0,,0,0,0,0.0,0,N,1600,1,4,0,0,1,0,1,3,4,0,4,3,,N,,,,,,,,,,,
2008125130,2311,0,0,0,0,0,0,0,0,0,1,0,50.0,67,10,2008,3,39.9371,-75.1989,2301.0,6,0,0,0,0,0,2,0,0,,0,0,0,22,3,0,0,,0,39 56:20.378,,0,75 11:49.147,0,0,0,0,67301,0,0,0,N,0,0,0,3,68K01,0,,1,1,,N,N,,1,,0,0,1,0.0,0,,2254,0,2,0,0,0,0,0,3,4,0,2,3,,Y,4.0,1.0,Y,N,N,Y,Y,N,N,N,
2008135255,1650,2,0,0,0,0,0,0,0,0,4,0,,67,10,2008,6,39.946,-75.1635,1635.0,6,0,0,0,0,0,1,0,0,,0,0,0,16,1,0,0,,0,39 56:45.466,,7,75 09:48.589,0,0,0,0,67301,0,0,0,N,0,0,0,2,67301,0,,1,1,,N,N,,0,,0,0,0,0.0,0,,1635,0,2,0,0,0,0,0,3,4,0,2,3,,N,,,,,,,,,,,
2008132938,1233,1,0,0,0,0,0,0,0,0,8,0,,67,11,2008,1,39.998,-75.1274,1232.0,6,0,0,0,0,0,0,0,0,2.0,0,0,0,12,1,1,0,,2,39 59:52.864,2.0,0,75 07:38.660,4,0,0,0,67301,1,0,0,N,1,0,0,2,67301,1,,1,1,,N,N,,0,,0,0,0,0.0,0,Y,1230,1,2,0,0,0,0,0,3,4,0,1,3,,N,,,,,,,,,,,
2008061175,511,2,0,0,0,0,0,0,0,0,5,0,,67,4,2008,6,39.9889,-75.1705,509.0,6,0,0,0,0,0,0,0,0,,0,0,0,99,3,2,0,,0,39 59:20.184,,0,75 10:13.656,8,0,0,0,67301,0,0,0,,0,0,0,2,67301,0,,1,9,,,,,0,,0,0,1,0.0,0,,9999,2,3,0,0,0,2,0,3,4,0,3,7,,N,,,,,,,,,,,
2008061196,2144,1,0,0,0,0,0,0,0,0,7,0,,67,4,2008,3,39.9057,-75.1942,2144.0,6,0,0,0,0,0,0,0,1,1.0,0,0,0,21,3,0,0,,1,39 54:20.677,4.0,0,75 11:38.737,0,0,0,0,67301,0,0,0,Y,0,0,0,1,67301,0,,3,9,,N,N,,0,,0,0,0,0.0,0,N,2144,0,1,0,0,0,0,0,3,4,0,1,7,,N,,,,,,,,,,,
2008053735,600,2,0,0,0,0,0,0,0,0,2,0,,67,2,2008,6,40.1052,-75.0328,559.0,6,0,0,0,0,0,1,0,0,,0,0,0,5,1,2,1,,0,40 06:18.581,,0,75 01:58.245,3,0,0,0,67301,0,0,0,N,0,0,0,2,67301,0,,1,1,,N,N,,0,,2,0,0,3.0,2,,555,2,2,0,0,0,0,0,3,4,0,2,3,,N,,,,,,,,,,,
2008059080,1522,2,0,0,0,0,0,0,0,0,4,0,,67,3,2008,4,40.0371,-75.1396,1513.0,6,0,0,0,0,0,0,0,0,2.0,0,0,0,15,1,2,1,,2,40 02:13.610,7.0,0,75 08:22.736,8,0,0,0,67301,0,0,0,N,0,0,0,3,67301,0,,1,1,,N,N,,0,,0,0,0,3.0,2,Y,1513,2,2,0,0,0,2,0,3,4,0,2,3,,N,,,,,,,,,,,
2008054056,2320,1,0,0,0,0,0,0,0,0,4,0,,67,2,2008,6,39.9851,-75.1143,2317.0,6,0,0,0,0,0,0,0,0,2.0,0,0,0,23,3,0,0,,2,39 59:06.198,2.0,0,75 06:51.562,0,0,0,0,67301,0,0,0,N,0,0,0,1,67301,0,,1,1,,N,N,,0,,0,0,2,3.0,3,Y,2315,0,3,0,0,0,0,0,3,4,0,3,3,,N,,,,,,,,,,,
2008051400,46,1,0,0,0,0,0,0,0,0,7,0,,67,2,2008,5,40.0479,-75.0316,40.0,6,0,0,0,0,0,0,0,0,,0,0,0,0,3,0,1,,0,40 02:52.272,,0,75 01:53.894,0,0,0,0,67301,0,0,0,,0,0,0,1,67301,0,,2,1,,,,,0,,0,0,0,0.0,0,,30,0,1,0,0,0,0,0,3,4,0,1,3,,N,,,,,,,,,,,
2008054224,118,2,0,0,0,0,0,0,0,0,4,0,,67,1,2008,1,40.0418,-75.0645,114.0,6,0,0,0,0,0,0,0,0,,0,0,0,1,2,0,0,,0,40 02:30.347,,0,75 03:52.053,0,0,0,0,67301,0,0,0,,0,0,0,1,67301,0,,1,1,,N,N,,0,,0,0,0,0.0,0,,114,0,3,0,0,0,0,0,3,4,1,3,3,,N,,,,,,,,,,,
2008051598,137,1,0,0,0,0,0,0,0,0,7,0,,67,2,2008,5,39.9773,-75.1129,134.0,6,0,0,0,0,0,0,0,0,1.0,0,0,0,1,3,0,0,,1,39 58:40.800,2.0,0,75 06:41.400,0,0,0,0,67301,0,0,0,N,0,0,0,2,67301,0,,4,2,,N,N,,0,,0,0,0,0.0,0,N,133,0,1,0,0,0,0,0,3,4,0,1,3,,N,,,,,,,,,,,
2008050282,2120,1,0,0,0,0,0,0,0,0,4,0,,67,3,2008,5,39.9637,-75.2417,2115.0,6,0,0,0,0,0,0,0,0,,0,0,0,21,3,1,1,,0,39 57:49.327,,0,75 14:30.141,8,0,0,0,67301,0,0,0,,0,0,0,3,67301,0,,9,1,,,,,0,,0,0,0,9.0,9,,2115,1,2,0,0,0,1,1,3,4,0,2,3,,N,,,,,,,,,,,
2008050283,2042,1,0,0,0,0,0,0,0,0,8,0,,67,3,2008,6,40.0343,-75.0746,2040.0,6,0,0,0,1,0,0,0,0,1.0,0,0,0,99,3,1,0,,1,40 02:03.264,2.0,0,75 04:29.130,8,0,0,0,67301,1,0,0,,1,0,0,2,67301,0,,1,9,,N,N,,0,,0,0,0,0.0,0,N,9999,1,2,0,0,0,1,0,3,4,0,1,7,,N,,,,,,,,,,,
2008047661,1740,1,0,0,0,0,0,1,0,0,1,1,,67,1,2008,5,40.0381,-75.2229,1740.0,6,0,0,0,0,0,0,0,0,2.0,0,0,0,17,3,1,0,,1,40 02:17.178,3.0,0,75 13:22.280,4,0,0,0,67301,0,0,0,,0,0,0,3,67301,1,,2,6,,,,,0,,0,0,0,0.0,0,N,1725,1,2,0,0,0,0,0,3,4,0,2,10,,N,,,,,,,,,,,
2008045425,2033,0,0,0,0,0,0,1,0,0,8,1,,67,2,2008,2,40.0167,-75.0836,2032.0,6,0,0,0,0,0,0,0,0,,0,0,0,99,3,1,3,,0,40 01:00.000,,0,75 05:01.122,4,0,0,0,67301,1,0,0,N,1,0,0,2,67301,1,,2,1,,N,N,,0,,0,0,0,0.0,0,,9999,1,2,0,0,0,0,0,3,4,0,1,3,,N,,,,,,,,,,,
2008040546,944,1,0,0,0,0,0,0,0,0,8,0,,67,2,2008,2,39.9538,-75.175,940.0,6,0,0,0,0,0,1,0,0,,0,0,0,9,1,1,1,,0,39 57:13.000,,0,75 10:30.340,3,0,0,0,67301,1,0,0,N,1,0,0,2,67301,0,,1,1,,N,N,,0,,1,0,0,3.0,2,,940,1,2,0,0,0,0,0,3,4,0,1,3,,N,,,,,,,,,,,
2008043096,1153,2,0,0,0,0,0,0,0,0,1,0,,67,3,2008,2,39.899,-75.1693,1142.0,6,0,0,0,0,0,1,0,0,,0,0,0,11,1,0,0,,0,39 53:56.335,,0,75 10:08.320,0,0,0,0,67301,0,0,0,N,0,0,0,6,68K01,0,,1,1,,N,N,,0,,0,0,0,0.0,0,,1134,0,2,0,0,0,0,0,3,4,0,2,3,,N,,,,,,,,,,,
2008040755,1451,0,0,0,0,0,0,0,0,0,4,0,,67,2,2008,4,39.9625,-75.2068,1446.0,6,0,0,0,0,0,0,0,0,,0,0,0,14,1,1,1,,0,39 57:45.000,,0,75 12:24.119,8,0,0,0,67301,0,0,0,,0,0,0,2,67301,0,,1,1,,N,N,,1,,0,0,1,3.0,2,,1431,1,2,0,0,1,1,0,3,4,0,2,3,,N,,,,,,,,,,,
2008050495,712,1,0,0,0,0,0,0,0,0,7,0,,67,2,2008,5,40.0283,-75.1848,710.0,6,0,0,0,0,0,1,0,0,1.0,0,0,0,7,5,0,0,,1,40 01:41.781,3.0,0,75 11:05.089,0,0,0,0,67301,0,0,0,,0,0,0,1,67301,0,,5,2,,,,,0,,0,0,0,0.0,0,N,710,0,1,0,0,0,0,0,3,4,0,1,3,,N,,,,,,,,,,,
2008053015,800,1,0,0,0,0,0,0,0,0,4,0,,67,3,2008,7,40.0358,-75.0777,752.0,6,0,0,0,0,0,0,0,0,,0,0,0,99,1,1,1,,0,40 02:08.995,,0,75 04:39.601,8,0,0,0,67301,0,0,0,N,0,0,0,2,67301,0,,1,1,,N,N,,0,,0,0,1,2.0,2,,9999,1,2,0,0,0,1,0,3,4,0,2,3,,N,,,,,,,,,,,
2008053038,1520,1,0,0,0,0,0,0,0,0,6,0,,67,2,2008,7,39.9684,-75.2353,1516.0,6,0,0,0,0,0,0,1,0,,0,0,0,15,1,0,1,,0,39 58:06.394,,0,75 14:07.171,9,0,0,0,67301,0,0,0,,0,0,0,4,67301,0,,1,1,,,,,0,,0,0,0,0.0,0,,1515,0,2,0,0,0,0,1,3,4,1,2,3,,N,,,,,,,,,,,
2008050507,1640,1,0,0,0,0,0,0,0,0,4,0,,67,2,2008,2,40.0249,-75.0846,1634.0,6,0,0,0,0,0,1,0,0,9.0,0,0,0,16,1,4,0,,1,40 01:29.665,2.0,0,75 05:04.614,2,0,0,0,67301,0,0,0,N,0,0,0,4,67301,3,,1,1,,N,N,,0,,0,1,1,0.0,0,Y,1634,4,2,0,0,0,0,0,3,4,0,2,3,,N,,,,,,,,,,,
2008050567,1940,1,0,0,0,0,0,0,0,0,4,0,,67,3,2008,4,40.0102,-75.0981,1933.0,6,0,0,0,0,0,0,0,0,,0,0,0,19,3,0,1,,0,40 00:37.058,,99,75 05:53.072,0,0,0,0,67301,0,0,0,N,0,0,0,2,67301,0,,1,1,,N,N,,1,,0,0,0,3.0,2,,1930,0,2,0,0,0,0,0,3,4,0,2,3,,N,,,,,,,,,,,
2008050573,1915,2,0,0,0,0,0,0,0,0,1,0,,67,2,2008,3,40.0244,-75.1493,1910.0,6,0,0,0,0,0,0,0,0,1.0,0,0,0,19,3,2,0,,1,40 01:27.796,2.0,0,75 08:57.444,4,0,0,0,67301,0,0,0,N,0,0,0,3,67301,1,,1,1,,N,N,,0,,0,0,0,0.0,0,N,1900,2,2,0,0,0,1,0,3,4,0,2,3,,N,,,,,,,,,,,
2008053240,1406,2,0,0,0,0,0,0,0,0,1,0,,67,1,2008,4,40.0251,-75.1288,1401.0,6,0,0,0,0,0,0,0,2,1.0,0,0,0,13,1,0,0,,1,40 01:30.310,1.0,0,75 07:43.790,0,0,0,0,67301,0,0,0,N,0,0,0,3,67301,0,,1,1,,N,N,,0,,0,0,0,0.0,0,N,1355,0,2,0,0,0,0,0,3,4,0,2,3,,N,,,,,,,,,,,
2008050894,216,2,0,0,0,0,0,0,0,0,5,0,,67,2,2008,7,39.9531,-75.1531,213.0,6,0,0,0,0,0,0,0,0,,0,0,0,2,3,1,1,,0,39 57:11.366,,0,75 09:11.290,8,0,0,0,67301,0,0,0,N,0,0,0,4,67301,0,,1,9,,N,N,,0,,0,0,1,3.0,2,,210,1,3,0,0,0,1,0,3,4,0,3,10,,N,,,,,,,,,,,
2008048124,1111,2,0,0,0,0,0,0,0,0,1,0,,67,3,2008,7,39.9787,-75.203,1042.0,6,0,0,0,0,0,1,0,1,1.0,0,0,0,10,1,0,0,,1,39 58:45.677,3.0,0,75 12:14.674,0,0,0,0,67301,0,0,0,N,0,0,0,3,68K01,0,,1,1,,N,N,,0,,0,0,1,0.0,0,N,1041,0,3,0,0,0,0,0,3,4,0,3,3,,N,,,,,,,,,,,
2008050759,2139,2,0,0,0,0,0,0,0,0,4,0,,67,2,2008,1,40.0159,-75.1538,2139.0,6,0,0,0,0,0,0,0,0,,0,0,0,21,3,0,1,,0,40 00:57.144,,0,75 09:13.829,0,0,0,0,67301,0,0,0,N,0,0,0,8,67301,0,,1,1,,N,N,,0,,0,0,0,3.0,2,,2138,0,2,0,0,0,0,0,3,4,0,2,3,,N,,,,,,,,,,,
2008050882,1025,2,0,0,0,0,0,0,0,0,4,0,,67,3,2008,7,40.0516,-75.1501,1018.0,6,0,0,0,0,0,0,0,0,,0,0,0,10,1,3,1,,0,40 03:05.634,,0,75 09:00.524,8,0,0,0,67301,0,0,0,N,0,0,0,8,67301,0,,1,9,,N,N,,0,,0,0,0,3.0,2,,1000,3,2,0,0,0,3,5,3,4,0,2,7,,N,,,,,,,,,,,
2008050888,1415,1,0,0,0,0,0,0,0,0,1,0,,67,2,2008,6,39.9562,-75.2196,1410.0,6,0,0,0,0,0,1,0,0,,0,0,0,12,1,1,1,,0,39 57:22.418,,0,75 13:10.384,4,0,0,0,67301,0,0,0,N,0,0,0,2,67301,1,,1,1,,N,N,,0,,0,0,0,9.0,2,,1240,1,2,0,0,0,0,1,3,4,0,2,3,,N,,,,,,,,,,,
2008069644,222,0,0,0,0,0,0,0,0,0,7,0,,67,4,2008,4,39.9399,-75.185,217.0,6,0,0,0,0,0,0,0,0,,0,0,0,2,3,0,0,,0,39 56:23.748,,0,75 11:05.931,0,0,0,0,67301,0,0,0,,0,0,0,1,67301,0,,5,1,,N,N,,0,,0,0,1,0.0,0,,217,0,1,0,0,0,0,0,3,4,0,1,3,,N,,,,,,,,,,,
2008120179,2101,1,0,0,1,1,0,0,0,0,4,0,,67,7,2008,2,40.0243,-75.0629,2100.0,6,0,0,0,0,0,0,0,0,3.0,1,0,0,20,3,0,0,,2,40 01:27.404,2.0,0,75 03:46.601,1,0,0,0,67301,1,1,0,,0,0,0,2,67301,0,2.0,1,1,,N,N,,0,0.0,0,0,0,0.0,0,Y,2056,0,2,0,0,0,0,0,3,4,0,1,3,,N,,,,,,,,,,,
2008132578,1023,0,0,0,0,0,0,0,0,0,1,0,,67,12,2008,2,39.9988,-75.2318,1023.0,6,0,0,0,0,0,0,0,0,1.0,0,0,0,10,1,2,0,,1,39 59:58.016,2.0,0,75 13:49.203,8,0,0,0,67301,0,0,0,N,0,0,0,5,46104,0,,1,1,,N,N,,1,,0,0,2,0.0,0,N,1023,2,3,0,0,0,2,0,3,4,0,3,3,,N,,,,,,,,,,,
2008127372,1909,2,0,0,0,0,0,0,0,0,1,0,,67,11,2008,6,40.0082,-75.203,1909.0,6,0,0,0,0,0,0,0,0,,0,0,0,19,3,0,0,,0,40 00:29.820,,0,75 12:11.930,0,0,0,0,67301,0,0,0,N,0,0,0,2,68K01,0,,1,1,,N,N,,0,,0,0,0,0.0,0,,1909,0,2,0,0,0,0,0,3,4,0,2,3,,N,,,,,,,,,,,
2008119672,1417,2,0,0,0,0,0,0,0,0,4,0,,67,9,2008,6,39.97,-75.1589,1415.0,6,0,0,0,0,0,0,0,0,,0,0,0,14,1,2,1,,0,39 58:12.043,,0,75 09:32.061,8,0,0,0,67301,0,0,0,N,0,0,0,3,67301,0,,1,1,,N,N,,0,,0,0,0,3.0,3,,1405,2,2,0,0,0,2,0,3,4,0,2,3,,N,,,,,,,,,,,
2008119683,1902,1,0,0,1,0,0,0,0,0,6,0,,67,9,2008,5,40.0093,-75.0922,1850.0,6,0,0,0,0,0,0,0,0,,0,0,0,17,1,1,2,,0,40 00:33.307,,0,75 05:31.981,3,0,0,0,67301,1,0,0,N,0,0,0,2,67301,0,,1,1,,N,N,,0,,1,0,0,3.0,3,,1720,1,2,0,0,0,0,0,3,4,0,1,3,,N,,,,,,,,,,,
2008119786,18,1,0,0,0,0,0,0,0,0,8,0,,67,9,2008,7,40.0291,-75.089,16.0,6,0,0,0,0,0,0,1,0,2.0,0,0,0,0,3,1,0,,1,40 01:44.916,1.0,0,75 05:20.006,8,0,0,0,67301,1,0,0,N,1,0,0,2,67301,0,,1,1,,N,N,,0,,0,0,0,3.0,2,Y,13,1,2,0,0,0,1,0,3,4,0,1,3,,N,,,,,,,,,,,