CRN,ARRIVAL_TM,AUTOMOBILE_COUNT,BELTED_DEATH_COUNT,BELTED_SUSP_SERIOUS_INJ_COUNT,BICYCLE_COUNT,BICYCLE_DEATH_COUNT,BICYCLE_SUSP_SERIOUS_INJ_COUNT,BUS_COUNT,CHLDPAS_DEATH_COUNT,CHLDPAS_SUSP_SERIOUS_INJ_COUNT,COLLISION_TYPE,COMM_VEH_COUNT,CONS_ZONE_SPD_LIM,COUNTY,CRASH_MONTH,CRASH_YEAR,DAY_OF_WEEK,DEC_LAT,DEC_LONG,DISPATCH_TM,DISTRICT,DRIVER_COUNT_16YR,DRIVER_COUNT_17YR,DRIVER_COUNT_18YR,DRIVER_COUNT_19YR,DRIVER_COUNT_20YR,DRIVER_COUNT_50_64YR,DRIVER_COUNT_65_74YR,DRIVER_COUNT_75PLUS,EST_HRS_CLOSED,FATAL_COUNT,HEAVY_TRUCK_COUNT,HORSE_BUGGY_COUNT,HOUR_OF_DAY,ILLUMINATION,INJURY_COUNT,INTERSECT_TYPE,INTERSECTION_RELATED,LANE_CLOSED,LATITUDE,LN_CLOSE_DIR,LOCATION_TYPE,LONGITUDE,MAX_SEVERITY_LEVEL,MCYCLE_DEATH_COUNT,MCYCLE_SUSP_SERIOUS_INJ_COUNT,MOTORCYCLE_COUNT,MUNICIPALITY,NONMOTR_COUNT,NONMOTR_DEATH_COUNT,NONMOTR_SUSP_SERIOUS_INJ_COUNT,NTFY_HIWY_MAINT,PED_COUNT,PED_DEATH_COUNT,PED_SUSP_SERIOUS_INJ_COUNT,PERSON_COUNT,POLICE_AGCY,POSSIBLE_INJ_COUNT,RDWY_SURF_TYPE_CD,RELATION_TO_ROAD,ROAD_CONDITION,ROADWAY_CLEARED,SCH_BUS_IND,SCH_ZONE_IND,SECONDARY_CRASH,SMALL_TRUCK_COUNT,SPEC_JURIS_CD,SUSP_MINOR_INJ_COUNT,SUSP_SERIOUS_INJ_COUNT,SUV_COUNT,TCD_FUNC_CD,TCD_TYPE,TFC_DETOUR_IND,TIME_OF_DAY,TOT_INJ_COUNT,TOTAL_UNITS,UNB_DEATH_COUNT,UNB_SUSP_SERIOUS_INJ_COUNT,UNBELTED_OCC_COUNT,UNK_INJ_DEG_COUNT,UNK_INJ_PER_COUNT,URBAN_AREA,URBAN_RURAL,VAN_COUNT,VEHICLE_COUNT,WEATHER1,WEATHER2,WORK_ZONE_IND,WORK_ZONE_LOC,WORK_ZONE_TYPE,WORKERS_PRES,WZ_CLOSE_DETOUR,WZ_FLAGGER,WZ_LAW_OFFCR_IND,WZ_LN_CLOSURE,WZ_MOVING,WZ_OTHER,WZ_SHLDER_MDN,WZ_WORKERS_INJ_KILLED
2008125134,147,0,0,0,0,0,0,0,0,0,7,0,,67,10,2008,5,39.8861,-75.2118,136.0,6,0,0,0,0,0,0,0,0,,0,0,0,1,3,0,7,,0,39 53:09.569,,2,75 12:39.963,0,0,0,0,67301,0,0,0,N,0,0,0,1,68K01,0,,4,1,,N,N,,1,,0,0,0,0.0,0,,130,0,1,0,0,0,0,0,3,4,0,1,3,,N,,,,,,,,,,,
2008122227,2224,1,0,0,0,0,0,0,0,0,7,0,,67,10,2008,4,39.9127,-75.1484,2220.0,6,0,0,0,0,0,0,0,0,,0,0,0,22,3,1,0,,0,39 54:51.013,,0,75 08:52.829,4,0,0,0,67301,0,0,0,N,0,0,0,1,68K01,1,,2,1,,N,N,,0,,0,0,0,0.0,0,,2216,1,1,0,0,1,0,0,3,4,0,1,3,,N,,,,,,,,,,,
2008122805,1530,1,0,0,1,0,0,0,0,0,4,0,,67,9,2008,5,39.9927,-75.1203,1527.0,6,0,0,0,0,0,0,0,0,,0,0,0,99,1,1,5,,0,39 59:33.831,,0,75 07:13.101,4,0,0,0,67301,1,0,0,N,0,0,0,2,67301,1,,1,1,,N,N,,0,,0,0,0,3.0,2,,9999,1,2,0,0,0,0,0,3,4,0,1,3,,N,,,,,,,,,,,
2008135745,2140,0,0,0,0,0,0,0,0,0,8,0,,67,4,2008,7,40.0242,-75.1328,2118.0,6,0,0,0,0,0,0,0,0,3.0,0,0,0,99,3,1,1,,2,40 01:26.988,6.0,0,75 07:59.257,3,0,0,0,67301,1,0,0,,1,0,0,2,67301,0,,1,1,,,,,0,,1,0,1,3.0,2,Y,9999,1,2,0,0,0,0,1,3,4,0,1,3,,N,,,,,,,,,,,
2008132943,217,1,0,0,0,0,0,0,0,0,4,0,,67,10,2008,7,39.9502,-75.1586,217.0,6,0,0,0,0,0,1,0,0,2.0,1,0,0,2,3,2,1,,2,39 57:00.682,3.0,0,75 09:30.818,1,0,0,0,67301,0,0,0,,0,0,0,3,67301,1,2.0,1,1,,,,,0,0.0,1,0,1,3.0,2,Y,215,2,2,0,0,0,0,0,3,4,0,2,3,,N,,,,,,,,,,,
2008132949,137,1,0,0,0,0,0,1,0,0,1,1,,67,9,2008,6,39.9549,-75.2087,132.0,6,0,0,0,0,0,1,0,0,,0,0,0,23,3,0,1,,0,39 57:17.576,,0,75 12:31.268,0,0,0,0,67301,0,0,0,N,0,0,0,4,67301,0,,1,9,,Y,N,,0,,0,0,0,3.0,2,,2345,0,2,0,0,0,0,0,3,4,0,2,7,,N,,,,,,,,,,,
2008066212,2250,3,0,0,0,0,0,0,0,0,2,0,,67,3,2008,1,40.0494,-75.1506,2244.0,6,0,0,0,0,0,0,0,0,2.0,0,0,0,22,3,2,2,,1,40 02:57.951,4.0,0,75 09:02.116,4,0,0,0,67301,0,0,0,N,0,0,0,2,67301,2,,1,1,,N,N,,0,,0,0,0,3.0,2,Y,2244,2,3,0,0,0,0,0,3,4,0,3,3,,N,,,,,,,,,,,
2008053739,1019,0,0,0,0,0,0,0,0,0,7,0,,67,3,2008,1,39.9841,-75.2248,1013.0,6,0,0,0,0,0,0,0,0,,0,0,0,10,1,0,0,,0,39 59:02.905,,0,75 13:29.458,0,0,0,0,67301,0,0,0,N,0,0,0,1,67301,0,,4,1,,N,N,,1,,0,0,0,0.0,0,,1006,0,2,0,0,0,0,0,3,4,0,1,3,,N,,,,,,,,,,,
2008051420,2250,2,0,0,0,0,0,0,0,0,4,0,,67,3,2008,6,39.9772,-75.2268,2245.0,6,0,1,0,0,0,0,0,0,,0,0,0,22,3,0,1,,0,39 58:37.959,,0,75 13:36.309,0,0,0,0,67301,0,0,0,N,0,0,0,2,67301,0,,1,1,,N,N,,0,,0,0,0,3.0,2,,2240,0,2,0,0,1,0,0,3,4,0,2,3,,N,,,,,,,,,,,
2008054197,749,0,0,0,0,0,0,0,0,0,4,0,,67,2,2008,2,39.9485,-75.1454,743.0,6,0,0,0,0,0,2,0,0,1.0,0,0,0,7,1,1,1,,2,39 56:54.769,1.0,0,75 08:43.330,3,0,0,0,67301,0,0,0,N,0,0,0,2,67301,0,,1,9,,N,N,,0,,1,0,2,3.0,2,N,740,1,2,0,0,1,0,0,3,4,0,2,3,,N,,,,,,,,,,,
2008054210,931,1,0,0,0,0,0,0,0,0,4,0,,67,2,2008,3,39.9101,-75.1633,931.0,6,0,0,0,0,1,0,0,0,,0,0,0,9,1,0,1,,0,39 54:36.252,,0,75 09:48.020,0,0,0,0,67301,0,0,0,N,0,0,0,2,67301,0,,1,1,,N,N,,0,,0,0,0,3.0,2,,920,0,2,0,0,0,0,0,3,4,1,2,3,,N,,,,,,,,,,,
2008056740,2004,1,0,0,0,0,0,0,0,0,1,0,,67,4,2008,1,39.9494,-75.1843,2000.0,6,0,0,0,0,0,2,0,0,,0,0,0,19,4,0,6,,0,39 56:57.830,,2,75 11:03.640,0,0,0,0,67301,0,0,0,N,0,0,0,4,68K01,0,,1,1,,N,N,,0,,0,0,1,0.0,0,,1955,0,2,0,0,0,0,0,3,4,0,2,3,,N,,,,,,,,,,,
2008051762,143,1,0,0,0,0,0,0,0,0,5,0,,67,3,2008,1,,,136.0,6,0,0,0,0,0,0,0,0,,0,0,0,1,3,0,0,,0,,,0,,0,0,0,0,67301,0,0,0,N,0,0,0,1,67301,0,,2,1,,N,N,,0,,0,0,1,0.0,0,,124,0,2,0,0,0,0,0,3,3,0,2,3,,N,,,,,,,,,,,
2008132997,1810,2,0,0,0,0,0,0,0,0,4,0,,67,11,2008,4,40.0793,-75.179,1759.0,6,0,1,0,0,0,0,0,0,,0,0,0,17,3,0,1,,0,40 04:45.523,,0,75 10:44.471,0,0,0,0,67301,0,0,0,N,0,0,0,2,67301,0,,3,9,,N,N,,0,,0,0,0,3.0,3,,1700,0,2,0,0,0,0,0,3,4,0,2,7,,N,,,,,,,,,,,
2008028822,258,0,0,0,0,0,0,0,0,0,7,0,,67,1,2008,6,39.9814,-75.207,250.0,6,0,0,0,0,0,0,0,0,,0,0,0,2,3,0,0,,0,39 58:56.000,,0,75 12:27.898,0,0,0,0,67301,0,0,0,N,0,0,0,1,68K01,0,,2,9,,N,N,,0,,0,0,1,0.0,0,,248,0,1,0,0,0,0,0,3,4,0,1,7,,N,,,,,,,,,,,
2008028829,1400,0,0,0,0,0,0,1,0,0,1,1,,67,1,2008,6,39.9617,-75.1823,1359.0,6,0,0,0,0,0,0,0,0,1.0,0,0,0,13,1,4,0,,1,39 57:44.965,4.0,3,75 10:58.687,8,0,0,0,67301,0,0,0,N,0,0,0,6,68K01,0,,1,1,,Y,N,,0,,0,0,2,0.0,0,N,1355,4,3,0,0,1,4,0,3,4,0,3,3,,N,,,,,,,,,,,
2008045444,1430,2,0,0,0,0,0,0,0,0,1,0,,67,2,2008,7,39.9761,-75.2244,1426.0,6,0,0,0,0,0,1,0,0,,0,0,0,14,1,1,1,,0,39 58:34.000,,0,75 13:27.977,8,0,0,0,67301,0,0,0,N,0,0,0,5,67301,0,,1,1,,N,N,,0,,0,0,1,0.0,0,,1400,1,4,0,0,0,1,4,3,4,1,4,3,,N,,,,,,,,,,,
2008040540,902,4,0,0,0,0,0,0,0,0,2,0,,67,1,2008,5,40.0235,-75.148,900.0,6,0,0,0,0,0,1,0,0,,0,0,0,8,1,4,0,,0,40 01:24.240,,0,75 08:52.800,4,0,0,0,67301,0,0,0,N,0,0,0,5,67301,4,,1,1,,N,N,,0,,0,0,0,0.0,0,,850,4,4,0,0,0,0,0,3,4,0,4,3,,N,,,,,,,,,,,
2008026635,1958,1,0,0,0,0,0,0,0,0,1,0,,67,1,2008,1,39.957,-75.2255,1958.0,6,0,0,1,0,0,0,0,0,,0,0,0,19,3,2,1,,0,39 57:25.000,,0,75 13:31.807,4,0,0,0,67301,0,0,0,,0,0,0,2,67301,1,,1,9,,,,,0,,0,0,0,3.0,2,,1940,2,2,0,0,0,1,0,3,4,1,2,7,,N,,,,,,,,,,,
2008050901,1430,1,0,0,0,0,0,0,0,0,5,0,,67,2,2008,6,39.9762,-75.1198,1425.0,6,0,0,0,0,0,0,0,0,,0,0,0,14,1,1,1,,0,39 58:34.465,,0,75 07:11.128,4,0,0,0,67301,0,0,0,N,0,0,0,3,67301,1,,1,1,,N,N,,0,,0,0,0,3.0,2,,1420,1,2,0,0,0,0,1,3,4,0,2,3,,N,,,,,,,,,,,
2008048125,3,0,0,0,0,0,0,0,0,0,4,0,,67,3,2008,4,39.8899,-75.2196,2357.0,6,0,0,0,0,0,1,0,0,1.0,0,0,0,23,2,1,0,,1,39 53:22.820,2.0,0,75 13:09.450,3,0,0,0,67301,0,0,0,N,0,0,0,2,68K01,0,,1,1,,N,N,,1,,1,0,1,0.0,0,N,2357,1,2,0,0,1,0,0,3,4,0,2,3,,N,,,,,,,,,,,
2008048167,1802,1,0,0,0,0,0,1,0,0,4,1,,67,1,2008,3,40.094,-74.9797,1759.0,6,0,0,0,0,0,0,0,0,1.0,0,0,0,17,4,2,1,,1,40 05:37.164,2.0,0,74 58:48.658,4,0,0,0,67301,0,0,0,N,0,0,0,3,67301,1,,1,1,,N,N,,0,,0,0,0,3.0,2,Y,1755,2,2,0,0,1,1,0,3,4,0,2,3,,N,,,,,,,,,,,
2008045601,2325,3,0,0,0,0,0,0,0,0,2,0,,67,2,2008,5,39.933,-75.238,2325.0,6,0,0,0,0,0,0,0,0,,0,0,0,99,3,3,0,,0,39 55:58.000,,0,75 14:16.633,4,0,0,0,67301,0,0,0,N,0,0,0,6,67301,3,,1,1,,,,,0,,0,0,0,0.0,0,,9999,3,3,0,0,0,0,0,3,4,0,3,3,,N,,,,,,,,,,,
2008069374,2001,0,0,0,0,0,0,0,0,0,0,0,,67,4,2008,5,,,1943.0,6,0,0,0,0,0,0,0,0,1.0,0,0,0,19,4,1,0,,1,,4.0,0,,4,0,0,1,67301,0,0,0,N,0,0,0,1,67301,1,,1,1,,N,N,,0,,0,0,0,0.0,0,N,1938,1,1,0,0,0,0,0,3,3,0,1,3,,N,,,,,,,,,,,
2008069379,1420,2,0,0,0,0,0,0,0,0,1,0,,67,4,2008,1,40.0536,-75.0085,1418.0,6,0,0,0,0,0,1,0,0,,0,0,0,14,1,2,3,,0,40 03:12.174,,0,75 00:30.480,4,0,0,0,67301,0,0,0,N,0,0,0,3,67301,2,,1,1,,N,N,,0,,0,0,0,3.0,2,,1418,2,2,0,0,0,0,0,3,4,0,2,3,,N,,,,,,,,,,,
2008108964,1400,0,0,0,0,0,0,0,0,0,7,0,,67,8,2008,7,39.952,-75.2429,1357.0,6,0,0,0,0,0,0,0,0,,0,0,0,13,1,1,0,,0,39 57:07.039,,0,75 14:34.403,3,0,0,1,67301,1,0,0,,1,0,0,2,67301,0,,2,1,,,,,0,,1,0,0,0.0,0,,1356,1,2,0,0,0,0,0,3,4,0,1,3,,N,,,,,,,,,,,
2008118564,335,1,0,0,0,0,0,0,0,0,7,0,,67,9,2008,7,40.0409,-75.0295,332.0,6,0,0,0,0,0,0,0,0,,0,0,0,3,3,0,0,,0,40 02:27.203,,0,75 01:46.032,0,0,0,0,67301,0,0,0,,0,0,0,1,67301,0,,2,9,,N,N,,0,,0,0,0,0.0,0,,325,0,1,0,0,0,0,0,3,4,0,1,7,,N,,,,,,,,,,,
2008118597,1224,2,0,0,0,0,0,0,0,0,1,0,,67,10,2008,7,39.9112,-75.2306,1223.0,6,0,0,0,0,0,0,0,0,9.0,0,0,0,12,1,2,1,,1,39 54:40.341,2.0,0,75 13:50.008,3,0,0,0,67301,0,0,0,N,0,0,0,4,67301,0,,1,1,,N,N,,1,,2,0,0,3.0,2,N,1223,2,3,0,0,0,0,0,3,4,0,3,3,,N,,,,,,,,,,,
2008118639,2028,2,0,0,0,0,0,0,0,0,4,0,,67,9,2008,5,40.0089,-75.0721,2005.0,6,0,0,1,0,0,0,0,0,,0,0,0,99,3,1,1,,0,40 00:31.911,,0,75 04:19.380,4,0,0,0,67301,0,0,0,N,0,0,0,3,67301,1,,1,9,,N,N,,0,,0,0,0,3.0,2,,9999,1,2,0,0,3,0,0,3,4,0,2,7,,N,,,,,,,,,,,
2008118910,1320,0,0,0,0,0,0,0,0,0,8,0,,67,9,2008,3,39.9527,-75.1578,1315.0,6,0,0,0,0,0,0,1,0,,0,0,0,13,1,1,1,,0,39 57:09.766,,0,75 09:27.917,4,0,0,0,67301,1,0,0,N,1,0,0,2,67301,1,,1,1,,N,N,,0,,0,0,0,3.0,2,,1310,1,2,0,0,0,0,0,3,4,1,1,3,,N,,,,,,,,,,,
2008099221,2017,1,0,0,0,0,0,0,0,0,8,0,,67,7,2008,3,39.9851,-75.1715,2016.0,6,0,0,0,0,0,0,0,0,,0,0,0,20,1,2,1,,0,39 59:06.363,,0,75 10:17.536,4,0,0,0,67301,2,0,0,,2,0,0,3,67301,2,,1,1,,,,,0,,0,0,0,2.0,3,,2015,2,3,0,0,0,0,0,3,4,0,1,3,,N,,,,,,,,,,,
2008108484,9999,0,0,0,0,0,0,0,0,0,4,0,,67,8,2008,7,39.9423,-75.2338,246.0,6,0,0,0,0,0,1,0,0,,0,0,0,2,3,3,1,,0,39 56:32.327,,0,75 14:01.815,4,0,0,0,67301,0,0,0,,0,0,0,3,67301,3,,1,9,,,,,0,,0,0,2,3.0,2,,236,3,2,0,0,0,0,0,3,4,0,2,7,,N,,,,,,,,,,,
2008108490,1500,2,0,0,0,0,0,0,0,0,4,0,,67,8,2008,4,40.0808,-75.0284,1448.0,6,0,0,0,0,0,0,0,0,1.0,0,0,0,14,1,1,1,,1,40 04:50.449,1.0,0,75 01:42.489,4,0,0,0,67301,0,0,0,N,0,0,0,3,67301,1,,1,1,,N,N,,0,,0,0,0,3.0,2,N,1448,1,2,0,0,0,0,0,3,4,0,2,3,,N,,,,,,,,,,,
2008116570,1153,0,0,0,0,0,0,0,0,0,1,1,,67,8,2008,5,40.1229,-75.0143,1151.0,6,0,0,0,0,0,0,0,0,3.0,1,1,0,11,1,1,2,,2,40 07:22.609,7.0,0,75 00:51.321,1,0,0,0,67301,0,0,0,N,0,0,0,2,67301,0,2.0,1,1,,N,N,,1,0.0,1,0,0,3.0,1,Y,1145,1,2,0,0,1,0,0,3,4,0,2,3,,N,,,,,,,,,,,
2008098604,1827,2,0,0,0,0,0,0,0,0,4,0,,67,6,2008,7,40.0543,-75.0632,1825.0,6,0,0,0,0,0,1,0,0,1.0,0,0,0,18,1,3,1,,2,40 03:15.510,5.0,0,75 03:47.600,3,0,0,0,67301,0,0,0,N,0,0,0,4,67301,2,,1,1,,N,N,,0,,1,0,1,3.0,2,Y,1825,3,3,0,0,0,0,0,3,4,0,3,3,,N,,,,,,,,,,,
2008098637,200,2,0,0,0,0,0,0,0,0,1,0,,67,7,2008,7,40.0025,-75.2149,143.0,6,0,0,0,0,0,0,0,0,,0,0,0,1,3,1,0,,0,40 00:09.093,,0,75 12:53.722,8,0,0,0,67301,0,0,0,N,0,0,0,2,67301,0,,1,9,,N,N,,0,,0,0,0,0.0,0,,115,1,2,0,0,0,1,0,3,4,0,2,7,,N,,,,,,,,,,,
2008059162,2027,1,0,0,0,0,0,0,0,0,2,0,,67,4,2008,5,39.9897,-75.158,2027.0,6,0,0,0,1,0,0,1,0,,0,0,0,20,3,2,1,,0,39 59:22.866,,0,75 09:28.871,8,0,0,0,67301,0,0,0,,0,0,0,2,67301,0,,1,1,,,,,0,,0,0,0,9.0,3,,2026,2,2,0,0,1,2,0,3,4,1,2,3,,N,,,,,,,,,,,
2008053850,320,1,0,0,0,0,0,0,0,0,7,0,,67,1,2008,1,39.991,-75.091,315.0,6,0,0,0,0,0,0,0,0,,0,0,0,2,3,0,0,,0,39 59:27.686,,0,75 05:27.520,9,0,0,0,67301,0,0,0,N,0,0,0,1,67301,0,,2,1,,N,N,,0,,0,0,0,0.0,0,,200,0,1,0,0,0,0,1,3,4,0,1,3,,N,,,,,,,,,,,
2008054084,1853,2,0,0,0,0,0,0,0,0,4,0,,67,2,2008,1,40.0139,-75.126,1850.0,6,0,0,0,0,0,1,0,0,,0,0,0,18,4,4,1,,0,40 00:49.975,,0,75 07:33.617,4,0,0,0,67301,0,0,0,N,0,0,0,8,67301,2,,1,9,,N,N,,0,,0,0,0,3.0,2,,1845,4,2,0,0,0,2,0,3,4,0,2,7,,N,,,,,,,,,,,
2008045511,636,1,0,0,0,0,0,0,0,0,8,0,,67,2,2008,4,39.9624,-75.1615,636.0,6,0,0,0,0,0,0,0,0,,0,0,0,6,1,1,1,,0,39 57:44.000,,0,75 09:41.220,8,0,0,0,67301,1,0,0,,1,0,0,2,67301,0,,1,9,,,,,0,,0,0,0,3.0,2,,635,1,2,0,0,0,1,0,3,4,0,1,7,,N,,,,,,,,,,,
2008050498,1330,2,0,0,0,0,0,0,0,0,7,0,,67,2,2008,4,40.0042,-75.0994,1330.0,6,0,0,0,0,1,0,0,0,,0,0,0,99,1,2,1,,0,40 00:15.119,,0,75 05:57.765,4,0,0,0,67301,0,0,0,N,0,0,0,5,67301,2,,3,1,,N,N,,0,,0,0,0,3.0,2,,9999,2,2,0,0,0,0,0,3,4,0,2,3,,N,,,,,,,,,,,
2008053040,334,1,0,0,0,0,0,0,0,0,5,0,,67,2,2008,1,40.0253,-75.2231,329.0,6,0,0,0,0,0,0,0,0,,0,0,0,3,3,0,0,,0,40 01:30.978,,0,75 13:23.299,0,0,0,0,67301,0,0,0,N,0,0,0,2,67301,0,,6,1,,N,N,,0,,0,0,0,0.0,0,,317,0,2,0,0,0,0,0,3,4,0,2,3,,N,,,,,,,,,,,
2008050747,1321,2,0,0,0,0,0,0,0,0,5,0,,67,2,2008,3,40.033,-75.0485,1317.0,6,0,0,0,0,0,0,0,0,2.0,0,0,0,13,1,1,0,,1,40 01:58.652,1.0,0,75 02:54.699,4,0,0,0,67301,0,0,0,N,0,0,0,2,67301,1,,1,9,,N,N,,0,,0,0,0,3.0,2,N,1315,1,2,0,0,0,0,0,3,4,0,2,7,,N,,,,,,,,,,,
2008050754,845,2,0,0,0,0,0,0,0,0,4,0,,67,2,2008,5,40.0096,-75.1804,830.0,6,0,0,0,0,0,1,0,0,,0,0,0,8,1,2,2,,0,40 00:34.560,,0,75 10:49.080,4,0,0,0,67301,0,0,0,,0,0,0,3,67301,2,,1,1,,,,,0,,0,0,0,3.0,2,,830,2,2,0,0,0,0,0,3,4,0,2,3,,N,,,,,,,,,,,
2008041085,852,2,0,0,0,0,0,0,0,0,4,0,,67,1,2008,6,40.0599,-75.1334,852.0,6,0,1,0,0,0,0,0,0,,0,0,0,8,1,1,1,,0,40 03:35.000,,0,75 08:00.048,8,0,0,0,67301,0,0,0,N,0,0,0,2,46102,0,,1,9,,N,N,,0,,0,0,0,3.0,2,,852,1,2,0,0,0,1,0,3,4,0,2,3,,N,,,,,,,,,,,
2008041258,1756,1,0,0,0,0,0,0,0,0,8,0,,67,2,2008,2,40.0075,-75.1501,1748.0,6,0,0,0,0,0,0,0,0,,0,0,0,7,1,1,1,,0,40 00:26.838,,0,75 09:00.525,3,0,0,0,67301,1,0,0,N,1,0,0,2,67301,0,,1,1,,N,N,,0,,1,0,0,0.0,0,,748,1,2,0,0,1,0,0,3,4,0,1,3,,N,,,,,,,,,,,
2008044120,847,2,0,0,0,0,0,0,0,0,2,0,,67,1,2008,7,39.991,-75.1016,846.0,6,0,0,0,0,0,1,0,0,1.0,0,0,0,8,1,1,1,,1,39 59:27.000,1.0,0,75 06:05.898,4,0,0,0,67301,0,0,0,,0,0,0,5,67301,1,,1,1,,,,,0,,0,0,1,3.0,2,N,845,1,3,0,0,0,0,0,3,4,0,3,3,,N,,,,,,,,,,,
2008121069,1645,1,0,0,0,0,0,0,0,0,4,0,,67,9,2008,3,39.9547,-75.1944,1644.0,6,0,0,0,0,1,0,0,0,,0,0,0,16,1,1,1,,0,39 57:16.920,,0,75 11:39.840,4,0,0,1,67301,0,0,0,N,0,0,0,2,67301,1,,1,1,,N,N,,0,,0,0,0,3.0,2,,1644,1,2,0,0,0,0,0,3,4,0,2,3,,N,,,,,,,,,,,
2008103942,320,2,0,0,0,0,0,0,0,0,5,0,,67,7,2008,1,40.029,-75.1469,306.0,6,0,0,0,0,0,0,1,0,,0,0,0,3,3,4,0,,0,40 01:44.396,,0,75 08:48.963,2,0,0,0,67301,1,0,0,N,0,0,0,5,67301,1,,1,1,,N,N,,0,,0,1,0,0.0,0,,306,4,3,0,0,0,2,0,3,4,1,3,3,,N,,,,,,,,,,,
2008099270,1836,1,0,0,1,0,0,0,0,0,4,0,,67,5,2008,5,39.9169,-75.2287,1821.0,6,0,0,0,0,1,0,0,0,,0,0,0,18,1,1,2,,0,39 55:00.750,,0,75 13:43.233,8,0,0,0,67301,1,0,0,,0,0,0,3,67301,0,,1,1,,N,N,,0,,0,0,0,3.0,3,,1805,1,2,0,0,0,1,0,3,4,0,1,3,,N,,,,,,,,,,,
2008108486,1444,0,0,0,0,0,0,0,0,0,6,0,,67,9,2008,5,39.9942,-75.1078,1444.0,6,0,0,0,0,0,1,0,0,,0,0,0,14,1,1,1,,0,39 59:39.086,,0,75 06:28.154,4,0,0,0,67301,0,0,0,N,0,0,0,4,67301,1,,1,1,,N,N,,0,,0,0,0,2.0,2,,1430,1,2,0,0,1,0,0,3,4,2,2,3,,N,,,,,,,,,,,
2008108495,1320,2,0,0,0,0,0,0,0,0,5,0,,67,8,2008,6,39.9459,-75.2403,1315.0,6,0,0,0,0,0,0,0,0,,0,0,0,13,1,1,1,,0,39 56:45.089,,0,75 14:25.019,4,0,0,0,67301,0,0,0,N,0,0,0,2,67301,1,,1,1,,N,N,,0,,0,0,0,2.0,2,,1300,1,2,0,0,0,0,0,3,4,0,2,3,,N,,,,,,,,,,,
2008108550,255,2,0,0,0,0,0,0,0,0,2,0,,67,8,2008,1,39.9918,-75.0843,242.0,6,0,0,0,0,0,0,0,0,,0,0,0,2,3,2,0,,0,39 59:30.638,,0,75 05:03.068,2,0,0,0,67301,0,0,0,N,0,0,0,3,67301,0,,1,1,,N,N,,0,,1,1,0,0.0,0,,242,2,2,0,0,0,0,0,3,4,0,2,3,,N,,,,,,,,,,,
2008099294,336,1,0,0,0,0,0,0,0,0,1,1,,67,7,2008,6,40.0532,-75.0695,9999.0,6,0,0,0,0,0,0,0,0,,0,1,0,3,3,0,0,,0,40 03:11.648,,0,75 04:10.283,0,0,0,0,67301,0,0,0,N,0,0,0,1,67301,0,,2,1,,N,N,,0,,0,0,0,0.0,0,,335,0,2,0,0,0,0,0,3,4,0,2,3,,N,,,,,,,,,,,
2008101536,1833,1,0,0,0,0,0,0,0,0,7,0,,67,9,2008,3,39.9571,-75.1522,1832.0,6,0,0,0,0,0,0,0,0,1.0,0,0,0,18,1,1,0,,1,39 57:25.560,3.0,0,75 09:07.920,8,0,0,0,67301,0,0,0,N,0,0,0,1,68K01,0,,4,1,,N,N,,0,,0,0,0,0.0,0,N,1823,1,1,0,0,1,1,0,3,4,0,1,3,,N,,,,,,,,,,,
2008099059,9999,1,0,0,1,0,0,0,0,0,5,0,,67,7,2008,1,39.9861,-75.1546,956.0,6,0,0,0,0,0,1,0,0,,0,0,0,99,1,1,0,,0,39 59:09.958,,0,75 09:16.487,4,0,0,0,67301,1,0,0,,0,0,0,2,67301,1,,1,1,,,,,0,,0,0,0,0.0,0,,9999,1,2,0,0,0,0,0,3,4,0,1,3,,N,,,,,,,,,,,
2008098648,1008,2,0,0,0,0,0,0,0,0,4,0,,67,7,2008,2,39.9745,-75.1589,1007.0,6,0,0,0,0,0,0,0,0,3.0,0,0,0,10,1,1,1,,2,39 58:28.167,4.0,0,75 09:31.848,4,0,0,0,67301,0,0,0,N,0,0,0,3,67301,1,,1,9,,N,N,,0,,0,0,0,3.0,2,Y,1006,1,2,0,0,0,0,2,3,4,0,2,7,,N,,,,,,,,,,,
2008071927,1908,2,0,0,0,0,0,0,0,0,4,0,,67,4,2008,3,40.1002,-75.0217,1905.0,6,0,0,0,0,1,0,0,0,1.0,0,0,0,19,1,1,1,,1,40 06:00.676,4.0,0,75 01:18.249,4,0,0,0,67301,0,0,0,N,0,0,0,3,67301,1,,1,1,,N,N,,0,,0,0,0,3.0,2,N,1900,1,2,0,0,0,0,0,3,4,0,2,3,,N,,,,,,,,,,,
2008094031,1609,3,0,0,0,0,0,0,0,0,1,0,,67,8,2008,3,39.9866,-75.2571,1608.0,6,0,0,0,0,0,1,1,1,1.0,0,0,0,16,1,1,0,,1,39 59:11.932,2.0,0,75 15:25.513,4,0,0,0,67301,0,0,0,N,0,0,0,5,46104,1,,1,1,,N,N,,0,,0,0,0,0.0,0,N,1608,1,4,0,0,0,0,0,3,4,1,4,3,,N,,,,,,,,,,,