CRN,ARRIVAL_TM,AUTOMOBILE_COUNT,BELTED_DEATH_COUNT,BELTED_SUSP_SERIOUS_INJ_COUNT,BICYCLE_COUNT,BICYCLE_DEATH_COUNT,BICYCLE_SUSP_SERIOUS_INJ_COUNT,BUS_COUNT,CHLDPAS_DEATH_COUNT,CHLDPAS_SUSP_SERIOUS_INJ_COUNT,COLLISION_TYPE,COMM_VEH_COUNT,CONS_ZONE_SPD_LIM,COUNTY,CRASH_MONTH,CRASH_YEAR,DAY_OF_WEEK,DEC_LAT,DEC_LONG,DISPATCH_TM,DISTRICT,DRIVER_COUNT_16YR,DRIVER_COUNT_17YR,DRIVER_COUNT_18YR,DRIVER_COUNT_19YR,DRIVER_COUNT_20YR,DRIVER_COUNT_50_64YR,DRIVER_COUNT_65_74YR,DRIVER_COUNT_75PLUS,EST_HRS_CLOSED,FATAL_COUNT,HEAVY_TRUCK_COUNT,HORSE_BUGGY_COUNT,HOUR_OF_DAY,ILLUMINATION,INJURY_COUNT,INTERSECT_TYPE,INTERSECTION_RELATED,LANE_CLOSED,LATITUDE,LN_CLOSE_DIR,LOCATION_TYPE,LONGITUDE,MAX_SEVERITY_LEVEL,MCYCLE_DEATH_COUNT,MCYCLE_SUSP_SERIOUS_INJ_COUNT,MOTORCYCLE_COUNT,MUNICIPALITY,NONMOTR_COUNT,NONMOTR_DEATH_COUNT,NONMOTR_SUSP_SERIOUS_INJ_COUNT,NTFY_HIWY_MAINT,PED_COUNT,PED_DEATH_COUNT,PED_SUSP_SERIOUS_INJ_COUNT,PERSON_COUNT,POLICE_AGCY,POSSIBLE_INJ_COUNT,RDWY_SURF_TYPE_CD,RELATION_TO_ROAD,ROAD_CONDITION,ROADWAY_CLEARED,SCH_BUS_IND,SCH_ZONE_IND,SECONDARY_CRASH,SMALL_TRUCK_COUNT,SPEC_JURIS_CD,SUSP_MINOR_INJ_COUNT,SUSP_SERIOUS_INJ_COUNT,SUV_COUNT,TCD_FUNC_CD,TCD_TYPE,TFC_DETOUR_IND,TIME_OF_DAY,TOT_INJ_COUNT,TOTAL_UNITS,UNB_DEATH_COUNT,UNB_SUSP_SERIOUS_INJ_COUNT,UNBELTED_OCC_COUNT,UNK_INJ_DEG_COUNT,UNK_INJ_PER_COUNT,URBAN_AREA,URBAN_RURAL,VAN_COUNT,VEHICLE_COUNT,WEATHER1,WEATHER2,WORK_ZONE_IND,WORK_ZONE_LOC,WORK_ZONE_TYPE,WORKERS_PRES,WZ_CLOSE_DETOUR,WZ_FLAGGER,WZ_LAW_OFFCR_IND,WZ_LN_CLOSURE,WZ_MOVING,WZ_OTHER,WZ_SHLDER_MDN,WZ_WORKERS_INJ_KILLED
2008069547,1530,2,0,0,0,0,0,0,0,0,1,0,,67,4,2008,7,39.9388,-75.1984,1515.0,6,0,0,0,0,0,0,0,0,,0,0,0,15,1,1,1,,0,39 56:22.681,,0,75 11:53.378,8,0,0,0,67301,0,0,0,N,0,0,0,3,67301,0,,1,1,,N,N,,0,,0,0,0,3.0,2,,1512,1,2,0,0,0,1,0,3,4,0,2,3,,N,,,,,,,,,,,
2008082184,37,0,0,0,0,0,0,0,0,0,4,0,,67,5,2008,1,39.9893,-75.1555,29.0,6,0,0,1,0,0,0,0,0,,0,0,0,0,3,1,1,,0,39 59:21.634,,0,75 09:19.705,3,0,0,1,67301,0,0,0,,0,0,0,2,67301,0,,1,1,,,,,0,,1,0,1,3.0,2,,28,1,2,0,0,0,0,0,3,4,0,2,3,,N,,,,,,,,,,,
2008079086,1308,2,0,0,0,0,0,0,0,0,1,0,,67,5,2008,5,40.0049,-75.1788,1308.0,6,0,0,0,0,0,0,0,0,,0,0,0,13,1,1,0,,0,40 00:17.714,,0,75 10:43.264,8,0,0,0,67301,0,0,0,,0,0,0,2,67301,0,,1,1,,N,N,,0,,0,0,0,0.0,0,,1307,1,2,0,0,0,1,0,3,4,0,2,3,,N,,,,,,,,,,,
2008097442,1937,0,0,0,0,0,0,0,0,0,8,0,,67,7,2008,5,39.9335,-75.1726,1936.0,6,0,0,0,0,0,0,0,0,,0,0,0,19,1,1,10,,0,39 56:00.758,,0,75 10:21.413,4,0,0,0,67301,1,0,0,N,1,0,0,2,67301,1,,1,1,,N,N,,1,,0,0,0,3.0,3,,1934,1,2,0,0,0,0,0,3,4,0,1,3,,N,,,,,,,,,,,
2008088877,705,0,0,0,0,0,0,0,0,0,8,0,,67,5,2008,2,39.986,-75.1125,657.0,6,0,0,0,0,0,0,0,0,,0,0,0,6,1,1,0,,0,39 59:09.427,,0,75 06:45.140,8,0,0,0,67301,1,0,0,,1,0,0,2,67301,0,,1,1,,N,,,0,,0,0,1,0.0,0,,657,1,2,0,0,0,1,1,3,4,0,1,3,,N,,,,,,,,,,,
2008108346,1839,1,0,0,0,0,0,0,0,0,2,0,,67,8,2008,7,39.9763,-75.1394,1836.0,6,0,0,0,0,0,0,0,1,,0,0,0,18,1,1,1,,0,39 58:34.842,,0,75 08:21.879,4,0,0,1,67301,0,0,0,N,0,0,0,2,67301,1,,1,9,,N,N,,0,,0,0,0,3.0,3,,1836,1,2,0,0,0,0,0,3,4,0,2,3,,N,,,,,,,,,,,
2008108374,1603,1,0,0,0,0,0,1,0,0,3,1,,67,9,2008,6,40.0505,-75.1563,1600.0,6,0,0,1,0,0,0,0,0,,0,0,0,15,1,1,1,,0,40 03:01.904,,0,75 09:22.593,8,0,0,0,67301,0,0,0,N,0,0,0,7,67301,0,,1,1,,Y,N,,0,,0,0,0,3.0,3,,1555,1,2,0,0,0,1,0,3,4,0,2,3,,N,,,,,,,,,,,
2008108380,1430,3,0,0,0,0,0,0,0,0,4,0,,67,9,2008,4,39.9239,-75.1564,1423.0,6,0,0,0,0,0,0,0,1,,0,0,0,14,1,1,1,,0,39 55:25.986,,0,75 09:22.928,4,0,0,0,67301,0,0,0,N,0,0,0,3,67301,1,,1,1,,N,N,,0,,0,0,0,3.0,3,,1420,1,4,0,0,0,0,0,3,4,1,4,3,,N,,,,,,,,,,,
2008076254,1109,1,0,0,0,0,0,0,0,0,1,0,,67,6,2008,2,39.8874,-75.2161,1054.0,6,0,0,0,0,0,0,1,0,1.0,0,0,0,10,1,1,0,,1,39 53:12.930,1.0,0,75 12:55.270,4,0,0,0,67301,0,0,0,N,0,0,0,4,68K01,1,,1,1,,N,N,,1,,0,0,0,0.0,0,N,1052,1,2,0,0,0,0,0,3,4,0,2,3,,N,,,,,,,,,,,
2008094805,735,1,0,0,1,0,0,0,0,0,4,0,,67,6,2008,4,,,730.0,6,0,0,0,0,0,0,0,0,,0,0,0,7,1,1,0,,0,,,7,,4,0,0,0,67301,1,0,0,,0,0,0,2,67301,1,,1,9,,,,,0,,0,0,0,0.0,0,,730,1,2,0,0,0,0,0,3,3,0,1,3,,N,,,,,,,,,,,
2008098360,1025,2,0,0,0,0,0,0,0,0,5,0,,67,7,2008,4,40.0061,-75.091,1015.0,6,0,1,0,0,0,0,0,0,,0,0,0,10,1,1,0,,0,40 00:21.796,,0,75 05:28.382,4,0,0,0,67301,0,0,0,,0,0,0,4,67301,1,,1,1,,,,,0,,0,0,0,0.0,0,,1011,1,2,0,0,4,0,0,3,4,0,2,3,,N,,,,,,,,,,,
2008100995,9999,1,0,0,0,0,0,1,0,0,1,1,,67,6,2008,2,40.0092,-75.1508,9999.0,6,0,0,0,0,0,0,0,0,,0,0,0,99,1,1,1,,0,40 00:33.134,,0,75 09:02.944,3,0,0,0,67301,0,0,0,N,0,0,0,3,67301,0,,1,1,,N,N,,0,,1,0,0,3.0,2,,9999,1,3,0,0,2,0,0,3,4,1,3,3,,N,,,,,,,,,,,
2008100998,859,1,0,0,0,0,0,1,0,0,4,1,,67,7,2008,5,40.0301,-75.0352,856.0,6,0,0,1,0,0,0,0,0,,0,0,0,8,1,1,1,,0,40 01:48.464,,0,75 02:06.580,8,0,0,0,67301,0,0,0,N,0,0,0,2,67301,0,,1,1,,N,N,,0,,0,0,0,3.0,2,,850,1,2,0,0,0,1,0,3,4,0,2,3,,N,,,,,,,,,,,
2008096059,2141,2,0,0,0,0,0,0,0,0,1,0,,67,6,2008,4,40.0434,-75.1615,2139.0,6,0,0,0,1,1,0,0,0,,0,0,0,21,3,1,0,,0,40 02:36.238,,0,75 09:41.242,4,0,0,0,67301,0,0,0,N,0,0,0,3,67301,1,,1,1,,N,N,,0,,0,0,0,0.0,0,,2137,1,2,0,0,2,0,0,3,4,0,2,3,,N,,,,,,,,,,,
2008134505,306,1,0,0,0,0,0,0,0,0,4,0,,67,10,2008,6,39.9531,-75.143,300.0,6,0,0,0,0,0,0,0,0,1.0,0,0,0,2,3,0,0,,2,39 57:11.320,2.0,0,75 08:34.900,0,0,0,0,67301,0,0,0,,0,0,0,1,67301,0,,6,1,,N,N,,0,,0,0,2,0.0,0,Y,257,0,3,0,0,0,0,0,3,4,0,3,3,,N,,,,,,,,,,,
2008133300,245,1,0,0,0,0,0,0,0,0,4,0,,67,11,2008,7,40.0394,-75.0774,238.0,6,0,0,0,0,0,1,0,0,1.0,0,0,0,2,3,0,1,,1,40 02:22.048,4.0,0,75 04:38.766,0,0,0,0,67301,0,0,0,N,0,0,0,3,67301,0,,1,1,,N,N,,0,,0,0,1,3.0,2,Y,223,0,2,0,0,0,0,0,3,4,0,2,3,,N,,,,,,,,,,,
2008128593,1831,2,0,0,0,0,0,0,0,0,1,0,,67,11,2008,5,39.9575,-75.151,1802.0,6,0,0,0,0,0,0,0,0,1.0,0,0,0,17,3,2,0,,1,39 57:27.153,4.0,0,75 09:03.111,4,0,0,0,67301,0,0,0,N,0,0,0,4,68K01,2,,1,1,,N,N,,0,,0,0,0,0.0,0,Y,1756,2,2,0,0,0,0,0,3,4,0,2,3,,N,,,,,,,,,,,
2008133803,910,4,0,0,0,0,0,0,0,0,7,0,,67,10,2008,7,39.9354,-75.2349,852.0,6,0,0,0,0,0,1,0,0,9.0,0,0,0,8,1,0,0,,1,39 56:07.391,6.0,0,75 14:05.793,0,0,0,0,67301,0,0,0,N,0,0,0,5,67301,0,,2,9,,N,N,,0,,0,0,1,0.0,0,Y,840,0,5,0,0,0,0,0,3,4,0,5,7,,N,,,,,,,,,,,
2008134007,25,1,0,0,0,0,0,0,0,0,8,0,,67,10,2008,1,40.0203,-75.1141,20.0,6,0,0,0,0,0,0,0,0,,0,0,0,0,3,1,1,,0,40 01:13.223,,0,75 06:50.844,3,0,0,0,67301,1,0,0,N,1,0,0,2,67301,0,,1,9,,N,N,,0,,1,0,0,3.0,2,,15,1,2,0,0,0,0,1,3,4,0,1,3,,N,,,,,,,,,,,
2008134027,458,3,0,0,0,0,0,1,0,0,4,1,,67,11,2008,7,39.9557,-75.2441,456.0,6,0,0,0,0,1,0,0,0,,0,0,0,4,3,1,1,,0,39 57:20.664,,0,75 14:38.849,8,0,0,0,67301,0,0,0,N,0,0,0,4,67301,0,,1,1,,N,N,,0,,0,0,0,2.0,3,,456,1,4,0,0,1,1,0,3,4,0,4,3,,N,,,,,,,,,,,
2008127397,2012,1,0,0,0,0,0,0,0,0,7,0,,67,11,2008,3,39.9708,-75.1932,2012.0,6,0,0,0,0,0,0,0,0,2.0,0,1,0,20,3,5,0,,2,39 58:18.720,3.0,0,75 11:36.652,3,0,0,0,67301,1,0,0,N,1,0,0,6,68K01,0,,2,1,,N,N,,0,,4,0,0,0.0,0,N,2012,5,3,0,0,2,1,0,3,4,0,2,3,,N,,,,,,,,,,,
2008135594,1715,1,0,0,0,0,0,0,0,0,4,0,,67,9,2008,2,40.0491,-75.0625,1710.0,6,0,0,0,0,0,0,0,0,3.0,0,0,0,17,1,1,1,,1,40 02:56.763,3.0,0,75 03:44.902,2,0,1,1,67301,0,0,0,,0,0,0,3,67301,0,,1,1,,,,,0,,0,1,0,3.0,2,Y,1710,1,2,0,0,0,0,0,3,4,0,2,3,,N,,,,,,,,,,,
2008132901,1510,2,0,0,0,0,0,0,0,0,5,0,,67,9,2008,3,39.9729,-75.1943,1510.0,6,0,0,0,0,0,0,0,0,1.0,0,0,0,15,1,2,0,,1,39 58:22.368,1.0,0,75 11:39.572,8,0,0,0,67301,0,0,0,N,0,0,0,2,67301,0,,1,1,,N,N,,0,,0,0,0,0.0,0,N,1510,2,2,0,0,0,2,0,3,4,0,2,3,,N,,,,,,,,,,,
2008125305,912,2,0,0,0,0,0,0,0,0,1,0,,67,11,2008,6,39.9689,-75.1281,901.0,6,0,0,0,0,0,1,0,0,,0,0,0,8,1,0,0,,0,39 58:04.899,,0,75 07:50.725,0,0,0,0,67301,0,0,0,N,0,0,0,2,68K01,0,,1,1,,N,N,,0,,0,0,0,0.0,0,,854,0,2,0,0,0,0,0,3,4,0,2,3,,N,,,,,,,,,,,
2008061016,103,1,0,0,0,0,0,0,0,0,7,0,,67,4,2008,2,40.048,-75.0596,102.0,6,0,0,0,0,0,0,0,0,,0,0,0,1,3,0,0,,0,40 02:52.687,,0,75 03:34.512,9,0,0,0,67301,0,0,0,N,0,0,0,1,67301,0,,5,1,,N,N,,0,,0,0,0,0.0,0,,101,0,1,0,0,0,0,1,3,4,0,1,3,,N,,,,,,,,,,,
2008061190,1625,2,0,0,0,0,0,0,0,0,1,0,,67,3,2008,4,40.0014,-75.0861,1611.0,6,0,0,0,0,0,0,2,0,,0,0,0,15,1,1,2,,0,40 00:01.112,,0,75 05:01.174,8,0,0,0,67301,0,0,0,,0,0,0,3,67301,0,,1,1,,,,,0,,0,0,0,3.0,2,,1545,1,2,0,0,0,1,0,3,4,0,2,3,,N,,,,,,,,,,,
2008053783,2100,4,0,0,0,0,0,0,0,0,5,0,,67,3,2008,6,39.9245,-75.1578,2100.0,6,0,0,0,0,0,1,0,0,,0,0,0,21,3,0,0,,0,39 55:28.138,,0,75 09:28.191,0,0,0,0,67301,0,0,0,,0,0,0,1,67301,0,,1,1,,,,,0,,0,0,0,0.0,0,,2100,0,4,0,0,0,0,0,3,4,0,4,3,,N,,,,,,,,,,,
2008059198,1940,2,0,0,0,0,0,0,0,0,6,0,,67,3,2008,7,40.0474,-75.0129,1936.0,6,0,0,0,0,0,0,0,0,,0,0,0,99,2,1,0,,0,40 02:50.650,,0,75 00:46.526,3,0,0,0,67301,0,0,0,N,0,0,0,1,67301,0,,6,1,,N,N,,0,,1,0,0,0.0,0,,9999,1,2,0,0,0,0,0,3,4,0,2,3,,N,,,,,,,,,,,
2008051387,901,0,0,0,0,0,0,0,0,0,7,0,,67,2,2008,2,40.0735,-75.0282,857.0,6,0,0,0,0,0,0,0,0,,0,0,0,8,1,1,0,,0,40 04:24.481,,0,75 01:41.473,4,0,0,0,67301,0,0,0,,0,0,0,1,67301,1,,2,1,,N,N,,0,,0,0,0,0.0,0,,855,1,1,0,0,0,0,0,3,4,1,1,3,,N,,,,,,,,,,,
2008054067,1950,1,0,0,0,0,0,0,0,0,1,0,,67,1,2008,2,40.066,-75.144,1945.0,6,0,0,0,0,0,1,0,0,,0,0,0,19,3,0,1,,0,40 03:57.368,,0,75 08:38.384,0,0,0,0,67301,0,0,0,N,0,0,0,2,67301,0,,1,9,,N,N,,0,,0,0,1,3.0,2,,1940,0,2,0,0,0,0,0,3,4,0,2,7,,N,,,,,,,,,,,
2008051636,415,0,0,0,0,0,0,0,0,0,8,0,,67,3,2008,6,40.059,-75.0797,352.0,6,0,0,0,0,0,0,0,0,,0,0,0,3,3,1,1,,0,40 03:32.374,,0,75 04:46.800,4,0,0,0,67301,1,0,0,N,1,0,0,2,67301,1,,1,1,,N,N,,0,,0,0,0,9.0,2,,300,1,2,0,0,0,0,1,3,4,0,1,3,,N,,,,,,,,,,,
2008050242,2008,2,0,0,0,0,0,0,0,0,5,0,,67,2,2008,6,40.0678,-74.9883,2006.0,6,0,0,0,0,0,0,0,0,,0,0,0,19,3,0,0,,0,40 04:03.961,,0,74 59:17.718,0,0,0,0,67301,0,0,0,N,0,0,0,1,67301,0,,1,9,,N,N,,0,,0,0,0,0.0,0,,1945,0,2,0,0,0,0,0,3,4,0,2,10,,N,,,,,,,,,,,
2008050268,840,0,0,0,0,0,0,0,0,0,8,0,,67,3,2008,6,39.945,-75.1485,837.0,6,0,0,0,0,0,0,0,0,,0,0,0,8,1,1,2,,0,39 56:41.827,,0,75 08:54.427,8,0,0,0,67301,1,0,0,,1,0,0,2,67301,0,,1,1,,,,,0,,0,0,1,9.0,2,,800,1,2,0,0,0,1,1,3,4,0,1,3,,N,,,,,,,,,,,
2008050380,2042,2,0,0,0,0,0,0,0,0,6,0,,67,2,2008,4,39.9852,-75.1845,2041.0,6,0,0,0,0,1,0,0,0,,0,0,0,20,3,2,1,,0,39 59:06.856,,0,75 11:04.052,3,0,0,0,67301,0,0,0,N,0,0,0,2,67301,0,,9,2,,N,N,,0,,2,0,0,3.0,3,,2040,2,2,0,0,0,0,0,3,4,0,2,10,,N,,,,,,,,,,,
2008053644,535,1,0,0,0,0,0,0,0,0,7,0,,67,4,2008,7,40.0082,-75.0708,526.0,6,0,0,0,0,1,0,0,0,3.0,0,0,0,5,3,1,0,,2,40 00:28.389,1.0,0,75 04:17.299,4,0,0,0,67301,0,0,0,N,0,0,0,1,68K01,1,,2,1,,N,N,,0,,0,0,0,0.0,0,N,524,1,1,0,0,0,0,0,3,4,0,1,3,,N,,,,,,,,,,,
2008050736,1310,2,0,0,0,0,0,0,0,0,4,0,,67,2,2008,6,39.923,-75.1885,1310.0,6,0,0,0,0,0,0,0,0,,0,0,0,13,1,2,1,,0,39 55:22.764,,0,75 11:18.725,8,0,0,0,67301,0,0,0,N,0,0,0,3,67301,0,,1,1,,N,N,,0,,0,0,0,3.0,2,,1310,2,2,0,0,0,2,1,3,4,0,2,3,,N,,,,,,,,,,,
2008050599,1609,2,0,0,0,0,0,0,0,0,4,0,,67,2,2008,5,39.9484,-75.2193,1607.0,6,0,0,0,0,0,0,0,0,,0,0,0,16,1,1,5,,0,39 56:54.180,,0,75 13:09.312,8,0,0,0,67301,0,0,0,N,0,0,0,4,67301,0,,1,1,,N,N,,0,,0,0,0,3.0,2,,1607,1,2,0,0,0,1,3,3,4,0,2,3,,N,,,,,,,,,,,
2008050769,1715,1,0,0,0,0,0,0,0,0,1,0,,67,2,2008,7,39.9992,-75.1474,1659.0,6,0,0,0,0,0,0,0,0,,0,0,0,17,1,1,1,,0,39 59:57.271,,0,75 08:50.495,3,0,0,0,67301,0,0,0,,0,0,0,4,67301,0,,1,9,,N,N,,1,,1,0,0,3.0,2,,1715,1,2,0,0,0,0,0,3,4,0,2,3,,N,,,,,,,,,,,
2008050815,1008,0,0,0,0,0,0,0,0,0,4,0,,67,2,2008,3,40.0118,-75.0978,1005.0,6,0,0,0,0,0,0,0,0,,0,0,0,10,1,1,1,,0,40 00:42.855,,0,75 05:51.843,8,0,0,0,67301,0,0,0,,0,0,0,2,67301,0,,1,1,,,,,0,,0,0,1,3.0,2,,1000,1,2,0,0,0,1,0,3,4,1,2,3,,N,,,,,,,,,,,
2008040771,1600,1,0,0,0,0,0,0,0,0,8,0,,67,2,2008,7,39.9631,-75.2242,1559.0,6,0,0,0,0,0,0,0,0,,0,0,0,15,1,1,1,,0,39 57:47.036,,0,75 13:27.223,4,0,0,0,67301,1,0,0,N,1,0,0,3,67301,1,,1,1,,N,N,,0,,0,0,0,3.0,2,,1552,1,2,0,0,1,0,0,3,4,0,1,3,,N,,,,,,,,,,,
2008040776,1850,0,0,0,0,0,0,0,0,0,4,0,,67,2,2008,5,40.0408,-75.073,1846.0,6,0,0,0,0,0,1,0,0,,0,0,0,18,3,3,1,,0,40 02:26.901,,0,75 04:22.717,4,0,0,0,67301,0,0,0,N,0,0,0,4,67301,2,,1,1,,N,N,,0,,0,0,2,3.0,3,,1845,3,2,0,0,0,1,0,3,4,0,2,3,,N,,,,,,,,,,,
2008044049,610,0,0,0,0,0,0,0,0,0,7,1,,67,2,2008,3,39.9718,-75.1226,559.0,6,0,0,0,0,0,1,0,0,3.0,0,1,0,5,3,2,0,,2,39 58:23.000,1.0,0,75 07:12.822,8,0,0,0,67301,0,0,0,N,0,0,0,2,67301,0,,2,1,,N,N,,1,,0,0,0,0.0,0,N,558,2,2,0,0,0,2,0,3,4,0,2,3,,N,,,,,,,,,,,
2008041256,1954,1,0,0,0,0,0,0,0,0,1,0,,67,1,2008,6,39.9443,-75.2321,1950.0,6,0,0,0,0,0,0,0,0,1.0,0,0,0,19,3,1,0,,1,39 56:39.523,4.0,0,75 13:55.480,4,0,0,0,67301,0,0,0,,0,0,0,3,67301,1,,1,1,,,,,0,,0,0,1,0.0,0,N,1906,1,2,0,0,0,0,1,3,4,0,2,3,,N,,,,,,,,,,,
2008041296,2250,2,0,0,0,0,0,0,0,0,1,0,,67,2,2008,1,40.0299,-75.0878,2245.0,6,0,0,0,0,0,1,0,0,,0,0,0,22,3,1,1,,0,40 01:47.231,,0,75 05:16.817,4,0,0,0,67301,0,0,0,,0,0,0,5,67301,1,,1,1,,,,,0,,0,0,0,3.0,2,,2245,1,2,0,0,0,0,0,3,4,0,2,3,,N,,,,,,,,,,,
2008069310,1432,2,0,0,0,0,0,0,0,0,4,0,,67,4,2008,1,39.9959,-75.0993,1430.0,6,0,0,0,1,0,0,0,0,2.0,0,0,0,14,1,3,1,,1,39 59:45.384,6.0,0,75 05:57.443,4,0,0,0,67301,0,0,0,N,0,0,0,3,67301,1,,1,1,,N,N,,0,,0,0,0,3.0,3,Y,1430,3,2,0,0,1,2,0,3,4,0,2,3,,N,,,,,,,,,,,
2008069315,1715,2,0,0,0,0,0,0,0,0,1,0,,67,4,2008,2,40.0844,-75.2253,1710.0,6,0,0,0,0,0,0,1,0,,0,0,0,17,1,0,2,,0,40 05:03.860,,0,75 13:30.979,0,0,0,0,67301,0,0,0,,0,0,0,2,67301,0,,1,1,,,,,0,,0,0,0,3.0,2,,1700,0,2,0,0,0,0,0,3,4,0,2,3,,N,,,,,,,,,,,
2008069319,55,1,0,0,0,0,0,0,0,0,7,0,,67,4,2008,7,40.091,-75.0681,41.0,6,0,0,0,0,0,0,0,0,,0,0,0,0,3,0,0,,0,40 05:27.668,,0,75 04:05.088,0,0,0,0,67301,0,0,0,,0,0,0,1,67301,0,,5,9,,N,N,,0,,0,0,0,0.0,0,,39,0,1,0,0,0,0,0,3,4,0,1,7,,N,,,,,,,,,,,
2008108949,1750,1,0,0,0,0,0,0,0,0,4,0,,67,8,2008,4,39.9761,-75.1195,1746.0,6,0,0,0,0,0,0,0,0,2.0,0,0,0,17,1,1,1,,2,39 58:33.909,1.0,0,75 07:10.289,2,0,1,1,67301,0,0,0,N,0,0,0,2,67301,0,,1,1,,N,N,,0,,0,1,0,3.0,3,Y,1745,1,2,0,0,0,0,0,3,4,0,2,3,,N,,,,,,,,,,,
2008108978,550,1,0,0,0,0,0,0,0,0,4,0,,67,8,2008,1,40.0359,-75.1266,545.0,6,0,0,0,0,0,0,0,0,1.0,0,0,0,5,8,2,1,,1,40 02:09.349,1.0,0,75 07:35.780,8,0,0,0,67301,0,0,0,N,0,0,0,3,67301,0,,1,9,,N,N,,0,,0,0,1,3.0,3,N,523,2,2,0,0,0,2,1,3,4,0,2,7,,N,,,,,,,,,,,
2008108980,1025,0,0,0,0,0,0,1,0,0,8,1,,67,8,2008,4,40.0506,-75.1579,1021.0,6,0,0,0,0,0,0,0,0,,0,0,0,99,1,1,1,,0,40 03:02.145,,0,75 09:28.321,8,0,0,0,67301,1,0,0,N,1,0,0,2,67301,0,,1,1,,N,N,,0,,0,0,0,9.0,3,,9999,1,2,0,0,0,1,0,3,4,0,1,3,,N,,,,,,,,,,,
2008121060,817,2,0,0,0,0,0,0,0,0,4,0,,67,9,2008,6,40.0464,-75.0695,811.0,6,0,0,0,0,0,0,0,0,,0,0,0,7,1,1,1,,0,40 02:47.166,,0,75 04:10.318,8,0,0,0,67301,0,0,0,,0,0,0,2,67301,0,,1,9,,,,,0,,0,0,0,3.0,3,,738,1,2,0,0,0,1,0,3,4,0,2,7,,N,,,,,,,,,,,
2008118927,1935,1,0,0,0,0,0,0,0,0,7,0,,67,9,2008,6,39.9226,-75.233,935.0,6,0,0,0,0,0,0,0,0,,0,0,0,19,3,0,2,,0,39 55:21.270,,0,75 13:58.832,0,0,0,0,67301,0,0,0,N,0,0,0,2,67301,0,,5,1,,N,N,,0,,0,0,0,2.0,3,,1930,0,1,0,0,0,0,0,3,4,0,1,3,,N,,,,,,,,,,,
2008108574,1840,0,0,0,0,0,0,0,0,0,4,0,,67,8,2008,5,40.0079,-75.1405,1835.0,6,0,0,0,0,0,0,0,0,,0,0,0,18,1,0,1,,0,40 00:28.375,,0,75 08:25.661,0,0,0,0,67301,0,0,0,,0,0,0,3,67301,0,,1,1,,N,N,,0,,0,0,0,3.0,2,,1833,0,2,0,0,0,0,0,3,4,2,2,3,,N,,,,,,,,,,,
2008101537,1600,0,0,0,0,0,0,0,0,0,7,0,,67,9,2008,4,40.0116,-75.0605,1554.0,6,0,0,0,0,0,0,0,0,1.0,0,0,0,15,1,1,0,,1,40 00:42.120,1.0,0,75 03:37.440,4,0,0,0,67301,0,0,0,Y,0,0,0,5,68K01,1,,3,1,,N,N,,0,,0,0,1,0.0,0,N,1546,1,1,0,0,1,0,0,3,4,0,1,3,,N,,,,,,,,,,,
2008118642,1954,2,0,0,0,0,0,0,0,0,1,0,,67,9,2008,5,39.9534,-75.1547,1935.0,6,0,0,0,0,0,0,0,0,1.0,0,0,0,19,3,2,1,,1,39 57:12.074,1.0,0,75 09:16.973,8,0,0,0,67301,0,0,0,N,0,0,0,3,67301,0,,1,1,,N,N,,0,,0,0,0,3.0,2,N,1930,2,2,0,0,0,2,0,3,4,0,2,3,,N,,,,,,,,,,,
2008101057,754,2,0,0,0,0,0,0,0,0,4,0,,67,9,2008,4,40.0742,-75.1908,752.0,6,0,0,0,0,0,0,0,0,1.0,0,0,0,7,1,1,1,,1,40 04:26.945,1.0,0,75 11:26.888,8,0,0,0,67301,0,0,0,N,0,0,0,2,46108,0,,1,1,,N,N,,0,,0,0,0,3.0,2,N,752,1,2,0,0,0,1,0,3,4,0,2,3,,N,,,,,,,,,,,
2008076684,1657,0,0,0,0,0,0,0,0,0,0,0,,67,6,2008,7,40.0075,-75.2132,1656.0,6,0,0,0,0,0,0,0,0,1.0,0,0,0,16,1,1,0,,2,40 00:26.889,2.0,0,75 12:47.697,4,0,0,1,67301,0,0,0,N,0,0,0,1,46104,1,,1,1,,N,N,,0,,0,0,0,0.0,0,N,1650,1,1,0,0,0,0,0,3,4,0,1,3,,N,,,,,,,,,,,
2008069530,1710,0,0,0,0,0,0,0,0,0,8,0,,67,4,2008,7,40.0347,-75.1168,1704.0,6,0,0,0,0,0,0,0,0,,0,0,0,16,1,1,2,,0,40 02:04.899,,0,75 07:00.585,8,0,0,0,67301,1,0,0,N,1,0,0,2,67301,0,,1,1,,N,N,,1,,0,0,0,0.0,0,,1651,1,2,0,0,0,1,0,3,4,0,1,3,,N,,,,,,,,,,,
2008069532,2310,1,0,0,0,0,0,0,0,0,8,0,,67,4,2008,7,39.9572,-75.2019,2307.0,6,0,0,0,0,0,0,0,0,,0,0,0,23,3,1,1,,0,39 57:25.852,,0,75 12:06.897,4,0,0,0,67301,1,0,0,N,1,0,0,2,67301,1,,1,1,,N,N,,0,,0,0,0,3.0,2,,2306,1,2,0,0,1,0,0,3,4,0,1,3,,N,,,,,,,,,,,
2008069552,820,1,0,0,0,0,0,0,0,0,1,0,,67,4,2008,5,39.9659,-75.2347,810.0,6,0,0,0,0,1,0,0,0,,0,0,0,8,1,1,0,,0,39 57:57.276,,0,75 14:04.876,4,0,0,0,67301,0,0,0,N,0,0,0,2,67301,1,,1,1,,N,N,,0,,0,0,1,0.0,0,,800,1,2,0,0,0,0,1,3,4,0,2,3,,N,,,,,,,,,,,