CRN,ARRIVAL_TM,AUTOMOBILE_COUNT,BELTED_DEATH_COUNT,BELTED_SUSP_SERIOUS_INJ_COUNT,BICYCLE_COUNT,BICYCLE_DEATH_COUNT,BICYCLE_SUSP_SERIOUS_INJ_COUNT,BUS_COUNT,CHLDPAS_DEATH_COUNT,CHLDPAS_SUSP_SERIOUS_INJ_COUNT,COLLISION_TYPE,COMM_VEH_COUNT,CONS_ZONE_SPD_LIM,COUNTY,CRASH_MONTH,CRASH_YEAR,DAY_OF_WEEK,DEC_LAT,DEC_LONG,DISPATCH_TM,DISTRICT,DRIVER_COUNT_16YR,DRIVER_COUNT_17YR,DRIVER_COUNT_18YR,DRIVER_COUNT_19YR,DRIVER_COUNT_20YR,DRIVER_COUNT_50_64YR,DRIVER_COUNT_65_74YR,DRIVER_COUNT_75PLUS,EST_HRS_CLOSED,FATAL_COUNT,HEAVY_TRUCK_COUNT,HORSE_BUGGY_COUNT,HOUR_OF_DAY,ILLUMINATION,INJURY_COUNT,INTERSECT_TYPE,INTERSECTION_RELATED,LANE_CLOSED,LATITUDE,LN_CLOSE_DIR,LOCATION_TYPE,LONGITUDE,MAX_SEVERITY_LEVEL,MCYCLE_DEATH_COUNT,MCYCLE_SUSP_SERIOUS_INJ_COUNT,MOTORCYCLE_COUNT,MUNICIPALITY,NONMOTR_COUNT,NONMOTR_DEATH_COUNT,NONMOTR_SUSP_SERIOUS_INJ_COUNT,NTFY_HIWY_MAINT,PED_COUNT,PED_DEATH_COUNT,PED_SUSP_SERIOUS_INJ_COUNT,PERSON_COUNT,POLICE_AGCY,POSSIBLE_INJ_COUNT,RDWY_SURF_TYPE_CD,RELATION_TO_ROAD,ROAD_CONDITION,ROADWAY_CLEARED,SCH_BUS_IND,SCH_ZONE_IND,SECONDARY_CRASH,SMALL_TRUCK_COUNT,SPEC_JURIS_CD,SUSP_MINOR_INJ_COUNT,SUSP_SERIOUS_INJ_COUNT,SUV_COUNT,TCD_FUNC_CD,TCD_TYPE,TFC_DETOUR_IND,TIME_OF_DAY,TOT_INJ_COUNT,TOTAL_UNITS,UNB_DEATH_COUNT,UNB_SUSP_SERIOUS_INJ_COUNT,UNBELTED_OCC_COUNT,UNK_INJ_DEG_COUNT,UNK_INJ_PER_COUNT,URBAN_AREA,URBAN_RURAL,VAN_COUNT,VEHICLE_COUNT,WEATHER1,WEATHER2,WORK_ZONE_IND,WORK_ZONE_LOC,WORK_ZONE_TYPE,WORKERS_PRES,WZ_CLOSE_DETOUR,WZ_FLAGGER,WZ_LAW_OFFCR_IND,WZ_LN_CLOSURE,WZ_MOVING,WZ_OTHER,WZ_SHLDER_MDN,WZ_WORKERS_INJ_KILLED
2008079014,2153,1,0,0,0,0,0,0,0,0,8,0,,67,5,2008,3,40.0256,-75.1817,2149.0,6,0,0,0,0,0,0,0,0,9.0,0,0,0,21,3,1,1,,1,40 01:32.308,1.0,0,75 10:53.974,3,0,0,0,67301,1,0,0,,1,0,0,2,67301,0,,1,1,,,,,0,,1,0,0,0.0,0,N,2146,1,2,0,0,0,0,1,3,4,0,1,3,,N,,,,,,,,,,,
2008079020,1838,2,0,0,0,0,0,0,0,0,4,0,,67,5,2008,2,39.9877,-75.2162,1836.0,6,0,0,0,0,0,1,0,0,,0,0,0,18,1,1,2,,0,39 59:15.857,,0,75 12:58.177,8,0,0,0,67301,0,0,0,,0,0,0,5,67301,0,,1,1,,N,N,,0,,0,0,0,9.0,2,,1836,1,2,0,0,0,1,1,3,4,0,2,3,,N,,,,,,,,,,,
2008079069,1035,0,0,0,0,0,0,0,0,0,7,0,,67,6,2008,5,40.0251,-75.033,1030.0,6,0,0,0,0,0,0,0,0,2.0,0,0,0,10,1,1,2,,1,40 01:37.884,1.0,0,75 02:16.921,4,0,0,0,67301,0,0,0,N,0,0,0,2,67301,1,,4,1,,N,N,,0,,0,0,0,0.0,0,N,1030,1,1,0,0,0,0,0,3,4,1,1,3,,N,,,,,,,,,,,
2008119673,1412,0,0,0,0,0,0,0,0,0,8,0,,67,9,2008,5,39.9571,-75.1511,1420.0,6,0,0,0,0,0,0,0,0,,0,0,0,14,1,1,2,,0,39 57:25.688,,0,75 09:03.847,4,0,0,0,67301,1,0,0,N,1,0,0,2,67301,1,,1,1,,N,N,,0,,0,0,1,3.0,2,,1405,1,2,0,0,0,0,0,3,4,0,1,3,,N,,,,,,,,,,,
2008119679,1218,2,0,0,0,0,0,0,0,0,4,0,,67,9,2008,7,40.0181,-75.1345,1212.0,6,0,0,0,0,0,0,0,0,,0,0,0,11,1,1,1,,0,40 01:05.185,,0,75 08:04.246,4,0,0,0,67301,0,0,0,N,0,0,0,2,67301,1,,1,1,,N,N,,0,,0,0,0,0.0,0,,1143,1,2,0,0,0,0,0,3,4,0,2,3,,N,,,,,,,,,,,
2008119771,1656,0,0,0,1,0,0,0,0,0,2,0,,67,9,2008,5,39.9244,-75.1696,1652.0,6,0,0,0,0,0,0,0,0,,0,0,0,16,1,1,1,,0,39 55:27.786,,0,75 10:11.056,4,0,0,0,67301,1,0,0,N,0,0,0,2,67301,1,,1,1,,N,N,,1,,0,0,0,3.0,2,,1635,1,2,0,0,0,0,1,3,4,0,1,3,,N,,,,,,,,,,,
2008119885,811,2,0,0,0,0,0,0,0,0,4,0,,67,9,2008,5,40.096,-75.0168,804.0,6,0,0,0,0,0,1,0,0,,0,0,0,7,1,1,0,,0,40 05:45.639,,7,75 01:00.618,4,0,0,0,67301,0,0,0,,0,0,0,3,67301,1,,1,1,,N,N,,0,,0,0,0,0.0,0,,759,1,2,0,0,0,0,0,3,4,0,2,3,,N,,,,,,,,,,,
2008132930,1035,1,0,0,0,0,0,0,0,0,7,0,,67,10,2008,7,40.0241,-75.1956,1030.0,6,0,0,0,0,0,0,0,0,,0,0,0,10,1,1,0,,0,40 01:26.680,,0,75 11:44.181,8,0,0,0,67301,0,0,0,N,0,0,0,1,67301,0,,5,9,,N,N,,0,,0,0,0,0.0,0,,1020,1,1,0,0,0,1,0,3,4,0,1,7,,N,,,,,,,,,,,
2008026676,440,2,0,0,0,0,0,0,0,0,1,0,,67,1,2008,3,39.9582,-75.2355,436.0,6,0,0,0,0,0,0,0,0,,0,0,0,4,3,1,1,,0,39 57:29.000,,0,75 14:07.850,8,0,0,0,67301,0,0,0,N,0,0,0,1,67301,0,,1,1,,N,N,,0,,0,0,1,3.0,2,,400,1,3,0,0,0,1,0,3,4,0,3,3,,N,,,,,,,,,,,
2008061018,203,1,0,0,0,0,0,1,0,0,5,1,,67,3,2008,1,39.9673,-75.2458,200.0,6,0,0,0,0,0,0,0,0,,0,0,0,1,3,1,1,,0,39 58:02.388,,0,75 14:44.990,4,0,0,0,67301,0,0,0,,0,0,0,2,67301,1,,1,1,,,,,0,,0,0,0,3.0,3,,152,1,2,0,0,0,0,0,3,4,0,2,3,,N,,,,,,,,,,,
2008059279,1905,2,0,0,0,0,0,0,0,0,1,0,,67,3,2008,4,40.0395,-75.1298,1858.0,6,0,0,0,0,0,0,0,0,1.0,0,0,0,18,4,1,1,,1,40 02:22.315,5.0,0,75 07:47.348,4,0,0,0,67301,0,0,0,N,0,0,0,4,67301,1,,1,9,,N,N,,0,,0,0,0,0.0,0,N,1850,1,2,0,0,2,0,0,3,4,0,2,7,,N,,,,,,,,,,,
2008059281,1615,1,0,0,0,0,0,0,0,0,7,0,,67,3,2008,4,40.031,-75.1196,1605.0,6,0,0,1,0,0,0,0,0,3.0,0,0,0,13,1,1,1,,2,40 01:51.704,7.0,0,75 07:10.631,8,0,0,0,67301,0,0,0,N,0,0,0,1,67301,0,,5,9,,N,N,,0,,0,0,0,3.0,3,Y,1355,1,1,0,0,0,1,0,3,4,0,1,7,,N,,,,,,,,,,,
2008059066,1839,2,0,0,0,0,0,0,0,0,2,0,,67,4,2008,6,39.9577,-75.2314,1837.0,6,0,0,1,0,0,0,0,0,1.0,0,0,0,8,1,2,1,,1,39 57:27.712,4.0,0,75 13:53.176,3,0,0,0,67301,0,0,0,N,0,0,0,3,67301,1,,1,1,,N,N,,0,,1,0,0,3.0,2,N,833,2,2,0,0,1,0,0,3,4,0,2,3,,N,,,,,,,,,,,
2008059100,310,1,0,0,0,0,0,0,0,0,4,1,,67,4,2008,7,40.0254,-75.0733,308.0,6,0,0,0,0,0,0,0,0,1.0,0,1,0,3,3,1,1,,1,40 01:31.356,4.0,0,75 04:23.943,4,0,0,0,67301,0,0,0,Y,0,0,0,2,67301,1,,1,1,,,,,0,,0,0,0,3.0,2,N,306,1,2,0,0,0,0,0,3,4,0,2,3,,N,,,,,,,,,,,
2008059193,1035,1,0,0,0,0,0,0,0,0,4,0,,67,3,2008,4,40.0206,-75.1537,1029.0,6,0,0,0,0,0,0,0,0,1.0,0,0,0,10,1,1,1,,2,40 01:13.441,2.0,0,75 09:07.585,4,0,0,0,67301,0,0,0,N,0,0,0,3,67301,1,,5,1,,N,N,,0,,0,0,0,3.0,2,Y,1025,1,2,0,0,0,0,0,3,4,1,2,3,,N,,,,,,,,,,,
2008053886,211,3,0,0,0,0,0,0,0,0,2,0,,67,1,2008,2,39.982,-75.1833,209.0,6,0,0,0,0,0,0,0,0,,0,0,0,2,3,0,0,,0,39 58:55.107,,0,75 10:59.949,9,0,0,0,67301,0,0,0,,0,0,0,2,67301,0,,1,1,,,,,0,,0,0,0,0.0,0,,205,0,3,0,0,2,0,2,3,4,0,3,3,,N,,,,,,,,,,,
2008053976,106,0,0,0,0,0,0,1,0,0,1,1,,67,1,2008,6,39.9533,-75.1838,106.0,6,0,0,0,0,0,0,0,0,2.0,0,0,0,1,3,0,1,,1,39 57:12.004,3.0,0,75 11:01.526,0,0,0,0,67301,0,0,0,N,0,0,0,4,67504,0,,1,9,,N,N,,0,,0,0,1,3.0,2,N,104,0,2,0,0,0,0,0,3,4,0,2,7,,N,,,,,,,,,,,
2008051751,1645,0,0,0,0,0,0,1,0,0,4,1,,67,2,2008,5,40.0619,-75.1805,1631.0,6,0,0,0,0,0,0,0,0,,0,0,0,16,1,5,1,,0,40 03:42.926,,0,75 10:49.843,4,0,0,0,67301,0,0,0,,0,0,0,8,67301,5,,1,1,,,,,0,,0,0,0,3.0,3,,1625,5,2,0,0,0,0,0,3,4,1,2,3,,N,,,,,,,,,,,
2008051756,1531,0,0,0,1,0,0,0,0,0,2,0,,67,3,2008,7,39.952,-75.1734,1530.0,6,0,0,0,0,0,0,0,0,,0,0,0,15,1,1,1,,0,39 57:07.350,,0,75 10:24.142,8,0,0,0,67301,1,0,0,N,0,0,0,5,67301,0,,1,9,,N,N,,0,,0,0,1,3.0,2,,1525,1,2,0,0,3,1,0,3,4,0,1,7,,N,,,,,,,,,,,
2008051744,2108,0,0,0,0,0,0,0,0,0,2,0,,67,3,2008,6,40.0054,-75.1094,2100.0,6,0,0,0,0,0,0,0,0,,0,0,0,20,3,0,1,,0,40 00:19.421,,0,75 06:33.690,0,0,0,0,67301,0,0,0,N,0,0,0,5,67301,0,,1,9,,N,N,,0,,0,0,2,3.0,2,,2045,0,2,0,0,0,0,0,3,4,0,2,7,,N,,,,,,,,,,,
2008045590,1500,4,0,0,0,0,0,0,0,0,5,0,,67,1,2008,2,39.9623,-75.1497,1457.0,6,0,0,1,0,0,0,0,0,,0,0,0,14,1,1,2,,0,39 57:44.445,,0,75 08:58.754,4,0,0,0,67301,1,0,0,N,0,0,0,3,67301,1,,1,1,,N,N,,0,,0,0,0,3.0,3,,1457,1,5,0,0,0,0,0,3,4,1,5,3,,N,,,,,,,,,,,
2008040766,205,1,0,0,0,0,0,0,0,0,7,0,,67,2,2008,1,39.9636,-75.1841,153.0,6,0,0,0,0,0,0,0,0,1.0,0,0,0,1,3,2,0,,1,39 57:56.520,4.0,0,75 11:09.960,8,0,0,0,67301,0,0,0,,0,0,0,2,67301,0,,2,1,,N,N,,0,,0,0,0,0.0,0,N,153,2,1,0,0,0,2,0,3,4,0,1,3,,N,,,,,,,,,,,
2008026606,1000,2,0,0,0,0,0,0,0,0,1,0,,67,1,2008,4,39.9927,-75.1862,958.0,6,0,0,0,0,0,0,0,0,1.0,0,0,0,9,1,1,1,,1,39 59:33.000,2.0,0,75 11:10.157,4,0,0,0,67301,0,0,0,N,0,0,0,2,67301,1,,1,9,,N,N,,0,,0,0,0,3.0,2,N,958,1,2,0,0,0,0,0,3,4,0,2,3,,N,,,,,,,,,,,
2008050727,434,0,0,0,0,0,0,0,0,0,7,0,,67,2,2008,1,39.9946,-75.1643,433.0,6,0,0,0,0,0,0,0,0,,0,0,0,4,3,1,1,,0,39 59:40.599,,0,75 09:51.451,4,0,0,0,67301,0,0,0,,0,0,0,2,67301,1,,4,1,,N,N,,0,,0,0,0,0.0,0,,430,1,2,0,0,0,0,0,3,4,1,1,3,,N,,,,,,,,,,,
2008050816,1319,2,0,0,0,0,0,0,0,0,4,0,,67,2,2008,3,39.9898,-75.1039,1319.0,6,0,0,0,0,0,0,0,0,,0,0,0,13,1,1,0,,0,39 59:23.611,,0,75 06:12.941,4,0,0,0,67301,0,0,0,,0,0,0,3,67301,1,,1,9,,,,,0,,0,0,0,0.0,0,,1314,1,2,0,0,1,0,0,3,4,0,2,98,,N,,,,,,,,,,,
2008053261,1040,0,0,0,0,0,0,0,0,0,2,0,,67,2,2008,5,40.0118,-75.1343,1030.0,6,0,0,0,0,0,0,0,0,,0,0,0,9,1,0,3,,0,40 00:42.487,,0,75 08:03.551,9,0,0,0,67301,0,0,0,N,0,0,0,2,67301,0,,1,1,,N,N,,1,,0,0,0,3.0,3,,945,0,2,0,0,0,0,1,3,4,1,2,3,,N,,,,,,,,,,,
2008048198,1412,1,0,0,0,0,0,1,0,0,5,1,,67,2,2008,7,39.9516,-75.1574,1410.0,6,0,0,0,0,0,0,0,0,2.0,0,0,0,14,1,3,0,,1,39 57:05.588,3.0,0,75 09:26.531,4,0,0,0,67301,0,0,0,,0,0,0,4,67301,3,,1,1,,N,N,,0,,0,0,0,3.0,2,N,1400,3,2,0,0,2,0,0,3,4,0,2,3,,N,,,,,,,,,,,
2008050880,1800,1,0,0,0,0,0,0,0,0,8,0,,67,2,2008,2,40.0383,-75.1448,1757.0,6,0,0,0,0,0,0,0,0,,0,0,0,17,3,1,2,,0,40 02:17.715,,0,75 08:41.264,3,0,0,0,67301,1,0,0,N,1,0,0,2,67301,0,,1,9,,N,N,,0,,1,0,0,3.0,3,,1755,1,2,0,0,0,0,0,3,4,0,1,7,,N,,,,,,,,,,,
2008040782,1300,1,0,0,0,0,0,0,0,0,1,0,,67,2,2008,6,40.0629,-75.0513,1250.0,6,0,0,0,0,0,0,0,0,,0,0,0,12,1,1,0,,0,40 03:46.609,,0,75 03:04.528,4,0,0,0,67301,0,0,0,N,0,0,0,1,67301,1,,4,1,,N,N,,0,,0,0,1,0.0,0,,1250,1,2,0,0,0,0,0,3,4,0,2,3,,N,,,,,,,,,,,
2008041237,1810,2,0,0,0,0,0,0,0,0,1,0,,67,2,2008,5,39.959,-75.171,1802.0,6,0,0,0,0,0,0,0,0,1.0,0,0,0,18,3,1,0,,2,39 57:32.400,3.0,0,75 10:15.600,4,0,0,0,67301,0,0,0,N,0,0,0,2,67301,1,,1,1,,N,N,,0,,0,0,0,0.0,0,N,1800,1,2,0,0,0,0,0,3,4,0,2,3,,N,,,,,,,,,,,
2008069303,308,1,0,0,0,0,0,0,0,0,7,0,,67,4,2008,4,40.0247,-75.128,306.0,6,0,0,0,0,0,0,0,0,,0,0,0,2,3,0,2,,0,40 01:28.929,,0,75 07:39.703,9,0,0,0,67301,0,0,0,Y,0,0,0,1,67301,0,,5,1,,N,N,,0,,0,0,0,0.0,0,,245,0,1,0,0,0,0,1,3,4,0,1,3,,N,,,,,,,,,,,
2008118615,945,2,0,0,0,0,0,0,0,0,5,0,,67,8,2008,6,39.9402,-75.221,940.0,6,0,0,0,0,0,0,0,0,,0,0,0,9,1,4,0,,0,39 56:24.548,,0,75 13:15.476,4,0,0,0,67301,0,0,0,,0,0,0,4,67301,2,,1,1,,,,,1,,0,0,0,3.0,2,,900,4,3,0,0,0,2,0,3,4,0,3,3,,N,,,,,,,,,,,
2008118971,47,2,0,0,0,0,0,0,0,0,5,0,,67,9,2008,4,39.9057,-75.1939,37.0,6,0,0,0,0,0,0,0,0,,0,0,0,0,3,0,5,,0,39 54:20.430,,0,75 11:37.830,0,0,0,0,67301,0,0,0,N,0,0,0,2,67301,0,,1,1,,N,N,,0,,0,0,0,3.0,2,,10,0,2,0,0,0,0,0,3,4,0,2,3,,N,,,,,,,,,,,
2008108491,1237,0,0,0,0,0,0,0,0,0,5,2,,67,8,2008,6,40.0227,-75.1335,1237.0,6,0,0,0,0,0,0,0,0,,0,2,0,12,1,2,1,,0,40 01:21.712,,0,75 08:00.711,4,0,0,0,67301,2,0,0,N,0,0,0,3,67301,2,,1,1,,N,N,,0,,0,0,0,3.0,2,,1211,2,2,0,0,0,0,0,3,4,0,2,3,,N,,,,,,,,,,,
2008099322,1411,1,0,0,0,0,0,0,0,0,8,0,,67,7,2008,7,39.9585,-75.2252,1408.0,6,0,0,0,0,0,0,0,0,,0,0,0,14,1,1,1,,0,39 57:30.555,,0,75 13:30.649,4,0,0,0,67301,1,0,0,N,1,0,0,2,67301,1,,1,1,,N,N,,0,,0,0,0,9.0,2,,1405,1,2,0,0,0,0,1,3,4,0,1,3,,N,,,,,,,,,,,
2008101530,1024,3,0,0,0,0,0,0,0,0,1,0,,67,9,2008,2,39.8916,-75.2372,1015.0,6,0,0,0,1,0,0,1,0,,0,0,0,10,1,1,0,,0,39 53:28.850,,0,75 14:15.460,4,0,0,0,67301,0,0,0,N,0,0,0,3,68K01,1,,1,1,,N,N,,0,,0,0,0,0.0,0,,1015,1,3,0,0,0,0,0,3,4,0,3,3,,N,,,,,,,,,,,
2008103443,1956,7,0,0,0,0,0,0,0,0,4,0,,67,6,2008,4,,,1800.0,6,0,0,0,0,0,0,1,0,,0,0,0,17,1,3,2,,0,,,0,,8,0,0,0,67301,0,0,0,N,0,0,0,3,67301,0,,1,1,,N,N,,0,,0,0,1,3.0,3,,1752,3,8,0,0,1,3,0,3,3,0,8,3,,N,,,,,,,,,,,
2008098623,124,2,0,0,0,0,0,0,0,0,4,0,,67,6,2008,7,40.039,-75.1446,124.0,6,0,0,0,0,0,0,0,0,2.0,0,0,0,1,3,0,1,,1,40 02:20.400,1.0,0,75 08:40.560,0,0,0,0,67301,0,0,0,N,0,0,0,2,67301,0,,1,1,,N,N,,0,,0,0,0,3.0,2,Y,124,0,2,0,0,0,0,0,3,4,0,2,3,,N,,,,,,,,,,,
2008098649,1025,2,0,0,0,0,0,0,0,0,4,0,,67,7,2008,7,39.9697,-75.213,1023.0,6,0,0,0,1,0,0,1,0,1.0,0,0,0,10,1,1,5,,1,39 58:10.963,1.0,0,75 12:46.614,8,0,0,0,67301,0,0,0,N,0,0,0,2,67301,0,,1,1,,N,N,,0,,0,0,0,3.0,2,N,1020,1,2,0,0,0,1,0,3,4,0,2,3,,N,,,,,,,,,,,
2008069514,1142,1,0,0,0,0,0,0,0,0,4,0,,67,4,2008,1,40.0279,-75.1374,1140.0,6,0,0,0,0,0,0,0,0,,0,0,0,11,1,3,1,,0,40 01:40.404,,0,75 08:14.629,3,0,0,0,67301,0,0,0,N,0,0,0,4,67301,2,,1,1,,N,N,,1,,1,0,0,3.0,3,,1138,3,2,0,0,0,0,1,3,4,0,2,3,,N,,,,,,,,,,,
2008082220,1615,1,0,0,0,0,0,0,0,0,8,0,,67,4,2008,6,39.9646,-75.2094,1600.0,6,0,0,0,0,0,0,0,0,,0,0,0,16,1,2,1,,0,39 57:52.682,,0,75 12:33.695,4,0,0,0,67301,2,0,0,,2,0,0,3,67301,2,,1,1,,,,,0,,0,0,0,3.0,3,,1600,2,3,0,0,0,0,0,3,4,0,1,3,,N,,,,,,,,,,,
2008072856,1855,2,0,0,0,0,0,0,0,0,1,0,,67,4,2008,3,40.0429,-75.2269,1830.0,6,0,0,0,0,0,0,0,0,,0,0,0,18,1,1,0,,0,40 02:33.768,,0,75 13:36.084,4,0,0,0,67301,0,0,0,,0,0,0,1,67301,1,,6,1,,,,,0,,0,0,0,0.0,0,,1830,1,2,0,0,1,0,0,3,4,0,2,3,,N,,,,,,,,,,,
2008081544,1536,0,0,0,0,0,0,1,0,0,1,1,,67,5,2008,4,39.9981,-75.1152,1533.0,6,0,0,0,0,0,1,0,0,,0,0,0,15,1,1,0,,0,39 59:53.056,,0,75 06:54.763,4,0,0,0,67301,0,0,0,,0,0,0,3,67301,1,,1,1,,Y,,,1,,0,0,0,9.0,2,,1533,1,2,0,0,0,0,0,3,4,0,2,3,,N,,,,,,,,,,,
2008097536,1010,2,0,0,0,0,0,0,0,0,4,0,,67,7,2008,6,39.9579,-75.2292,959.0,6,0,0,0,0,0,0,0,0,,0,0,0,9,1,1,0,,0,39 57:28.288,,0,75 13:45.094,8,0,0,0,67301,0,0,0,N,0,0,0,1,67301,0,,1,1,,N,N,,0,,0,0,1,0.0,0,,955,1,4,0,0,0,1,0,3,4,1,4,3,,N,,,,,,,,,,,
2008094234,1452,1,0,0,0,0,0,0,0,0,5,0,,67,8,2008,7,39.9486,-75.142,1451.0,6,0,0,0,0,0,0,0,0,1.0,0,0,0,14,1,1,0,,1,39 56:52.510,2.0,0,75 08:31.736,4,0,0,0,67301,0,0,0,N,0,0,0,4,68K01,1,,1,1,,N,N,,0,,0,0,1,0.0,0,N,1448,1,2,0,0,0,0,0,3,4,0,2,3,,N,,,,,,,,,,,
2008088963,1157,1,0,0,0,0,0,0,0,0,4,0,,67,4,2008,3,39.9405,-75.2189,1141.0,6,0,0,0,0,0,1,0,0,,0,0,0,11,1,0,1,,0,39 56:25.816,,0,75 13:08.210,0,0,0,0,67301,0,0,0,N,0,0,0,3,67301,0,,5,2,,N,N,,1,,0,0,0,3.0,2,,1157,0,2,0,0,0,0,0,3,4,0,2,3,,N,,,,,,,,,,,
2008026678,927,2,0,0,0,0,0,0,0,0,5,0,,67,1,2008,1,40.1091,-74.9867,924.0,6,0,0,0,0,0,0,1,0,,0,0,0,9,1,1,0,,0,40 06:32.767,,0,74 59:12.253,8,0,0,0,67301,0,0,0,N,0,0,0,3,67301,0,,2,1,,N,N,,0,,0,0,0,0.0,0,,922,1,2,0,0,0,1,0,3,4,0,2,3,,N,,,,,,,,,,,
2008061010,1755,0,0,0,0,0,0,1,0,0,0,1,,67,3,2008,2,39.9233,-75.1814,1745.0,6,0,0,0,0,0,0,0,0,,0,0,0,15,1,2,1,,0,39 55:25.140,,0,75 10:46.361,8,0,0,0,67301,0,0,0,,0,0,0,3,67301,0,,1,2,,,,,0,,0,0,0,9.0,9,,1520,2,1,0,0,0,2,1,3,4,0,1,3,,N,,,,,,,,,,,
2008053763,1625,1,0,0,0,0,0,0,0,0,2,0,,67,3,2008,6,40.0179,-75.2114,1618.0,6,0,0,0,0,0,0,0,0,,0,1,0,15,1,0,0,,0,40 01:04.457,,0,75 12:40.884,0,0,0,0,67301,0,0,0,,0,0,0,2,67301,0,,1,9,,N,N,,0,,0,0,0,0.0,0,,1558,0,2,0,0,0,0,0,3,4,0,2,7,,N,,,,,,,,,,,
2008051729,815,1,0,0,0,0,0,0,0,0,7,0,,67,3,2008,7,39.8896,-75.2329,812.0,6,0,0,0,0,0,0,0,0,1.0,0,0,0,8,1,1,3,,2,39 53:22.698,3.0,0,75 13:58.833,4,0,0,0,67301,0,0,0,,0,0,0,1,67301,1,,4,9,,N,N,,0,,0,0,0,0.0,0,N,810,1,1,0,0,0,0,0,3,4,0,1,7,,N,,,,,,,,,,,
2008052084,1608,1,0,0,0,0,0,0,0,0,1,0,,67,4,2008,3,39.9594,-75.1754,1608.0,6,0,0,0,0,0,1,0,0,,0,0,0,15,1,0,0,,0,39 57:34.690,,0,75 10:33.296,0,0,0,0,67301,0,0,0,N,0,0,0,2,68K01,0,,1,1,,N,N,,0,,0,0,1,0.0,0,,1541,0,2,0,0,0,0,0,3,4,0,2,3,,N,,,,,,,,,,,
2008049334,1213,0,0,0,0,0,0,0,0,0,7,0,,67,2,2008,7,39.8933,-75.2314,1207.0,6,0,0,0,0,0,0,0,0,1.0,0,0,0,12,1,1,0,,1,39 53:35.973,2.0,0,75 13:51.330,3,0,0,0,67301,0,0,0,N,0,0,0,2,68K01,0,,2,1,,N,N,,0,,1,0,0,0.0,0,N,1205,1,1,0,0,1,0,0,3,4,1,1,3,,N,,,,,,,,,,,
2008015390,126,1,0,0,0,0,0,0,0,0,1,1,,67,1,2008,6,39.9716,-75.1933,123.0,6,0,0,0,0,0,0,0,0,1.0,0,1,0,1,3,0,7,,1,39 58:23.000,4.0,2,75 11:37.454,0,0,0,0,67301,0,0,0,N,0,0,0,2,68K01,0,,1,9,,N,N,,0,,0,0,0,0.0,0,N,120,0,2,0,0,0,0,0,3,4,0,2,7,,N,,,,,,,,,,,
2008133007,1843,1,0,0,1,0,0,0,0,0,4,0,,67,10,2008,2,39.962,-75.1928,1838.0,6,0,0,0,0,0,0,0,0,,0,0,0,18,3,1,2,,0,39 57:43.221,,0,75 11:33.907,4,0,0,0,67301,1,0,0,N,0,0,0,2,67301,1,,1,9,,N,N,,0,,0,0,0,3.0,3,,1836,1,2,0,0,0,0,0,3,4,0,1,7,,N,,,,,,,,,,,
2008050293,1435,3,0,0,0,0,0,0,0,0,1,0,,67,3,2008,1,40.0827,-75.0403,1432.0,6,0,0,0,0,0,1,0,1,,0,0,0,14,1,1,0,,0,40 04:57.578,,0,75 02:25.165,8,0,0,0,67301,0,0,0,,0,0,0,4,67301,0,,1,1,,,,,0,,0,0,0,3.0,2,,1430,1,3,0,0,0,1,0,3,4,0,3,3,,N,,,,,,,,,,,
2008047922,1518,2,0,0,0,0,0,0,0,0,6,0,,67,2,2008,7,,,1518.0,6,0,0,0,0,0,0,0,0,1.0,0,0,0,15,1,2,0,,1,,5.0,0,,3,0,0,0,67301,0,0,0,,0,0,0,4,67301,1,,1,1,,,N,,0,,1,0,0,0.0,0,N,1516,2,2,0,0,0,0,0,3,3,0,2,3,,N,,,,,,,,,,,
2008047923,2342,1,0,0,0,0,0,0,0,0,7,0,,67,1,2008,6,39.9692,-75.1845,2340.0,6,0,0,0,0,0,0,0,0,,0,0,0,23,3,0,1,,0,39 58:09.120,,0,75 11:04.200,0,0,0,0,67301,0,0,0,N,0,0,0,1,67301,0,,5,1,,N,N,,0,,0,0,0,3.0,2,,2335,0,1,0,0,1,0,0,3,4,0,1,3,,N,,,,,,,,,,,
2008045588,630,0,0,0,0,0,0,0,0,0,1,0,,67,2,2008,6,40.0503,-75.0055,615.0,6,0,0,0,0,0,0,0,0,1.0,0,0,0,6,3,0,0,,1,40 03:01.022,3.0,0,75 00:19.855,0,0,0,0,67301,0,0,0,N,0,0,0,1,67301,0,,1,1,,N,N,,1,,0,0,1,0.0,0,N,610,0,2,0,0,0,0,0,3,4,0,2,3,,N,,,,,,,,,,,
2008043081,1255,1,0,0,0,0,0,0,0,0,7,0,,67,3,2008,7,39.8917,-75.2374,1247.0,6,0,0,0,0,0,0,0,0,,0,0,0,12,1,0,0,,0,39 53:30.120,,0,75 14:14.640,0,0,0,0,67301,0,0,0,N,0,0,0,1,68K01,0,,4,8,,N,N,,0,,0,0,0,0.0,0,,1239,0,1,0,0,0,0,0,3,4,0,1,7,,N,,,,,,,,,,,
2008050491,1358,1,0,0,0,0,0,0,0,0,8,0,,67,2,2008,6,39.9982,-75.1389,1357.0,6,0,0,0,0,0,0,0,0,,0,0,0,13,1,1,1,,0,39 59:53.415,,0,75 08:19.870,4,0,0,0,67301,1,0,0,N,1,0,0,2,67301,1,,2,6,,N,N,,0,,0,0,0,3.0,2,,1355,1,2,0,0,0,0,1,3,4,0,1,10,,N,,,,,,,,,,,