CRN,ARRIVAL_TM,AUTOMOBILE_COUNT,BELTED_DEATH_COUNT,BELTED_SUSP_SERIOUS_INJ_COUNT,BICYCLE_COUNT,BICYCLE_DEATH_COUNT,BICYCLE_SUSP_SERIOUS_INJ_COUNT,BUS_COUNT,CHLDPAS_DEATH_COUNT,CHLDPAS_SUSP_SERIOUS_INJ_COUNT,COLLISION_TYPE,COMM_VEH_COUNT,CONS_ZONE_SPD_LIM,COUNTY,CRASH_MONTH,CRASH_YEAR,DAY_OF_WEEK,DEC_LAT,DEC_LONG,DISPATCH_TM,DISTRICT,DRIVER_COUNT_16YR,DRIVER_COUNT_17YR,DRIVER_COUNT_18YR,DRIVER_COUNT_19YR,DRIVER_COUNT_20YR,DRIVER_COUNT_50_64YR,DRIVER_COUNT_65_74YR,DRIVER_COUNT_75PLUS,EST_HRS_CLOSED,FATAL_COUNT,HEAVY_TRUCK_COUNT,HORSE_BUGGY_COUNT,HOUR_OF_DAY,ILLUMINATION,INJURY_COUNT,INTERSECT_TYPE,INTERSECTION_RELATED,LANE_CLOSED,LATITUDE,LN_CLOSE_DIR,LOCATION_TYPE,LONGITUDE,MAX_SEVERITY_LEVEL,MCYCLE_DEATH_COUNT,MCYCLE_SUSP_SERIOUS_INJ_COUNT,MOTORCYCLE_COUNT,MUNICIPALITY,NONMOTR_COUNT,NONMOTR_DEATH_COUNT,NONMOTR_SUSP_SERIOUS_INJ_COUNT,NTFY_HIWY_MAINT,PED_COUNT,PED_DEATH_COUNT,PED_SUSP_SERIOUS_INJ_COUNT,PERSON_COUNT,POLICE_AGCY,POSSIBLE_INJ_COUNT,RDWY_SURF_TYPE_CD,RELATION_TO_ROAD,ROAD_CONDITION,ROADWAY_CLEARED,SCH_BUS_IND,SCH_ZONE_IND,SECONDARY_CRASH,SMALL_TRUCK_COUNT,SPEC_JURIS_CD,SUSP_MINOR_INJ_COUNT,SUSP_SERIOUS_INJ_COUNT,SUV_COUNT,TCD_FUNC_CD,TCD_TYPE,TFC_DETOUR_IND,TIME_OF_DAY,TOT_INJ_COUNT,TOTAL_UNITS,UNB_DEATH_COUNT,UNB_SUSP_SERIOUS_INJ_COUNT,UNBELTED_OCC_COUNT,UNK_INJ_DEG_COUNT,UNK_INJ_PER_COUNT,URBAN_AREA,URBAN_RURAL,VAN_COUNT,VEHICLE_COUNT,WEATHER1,WEATHER2,WORK_ZONE_IND,WORK_ZONE_LOC,WORK_ZONE_TYPE,WORKERS_PRES,WZ_CLOSE_DETOUR,WZ_FLAGGER,WZ_LAW_OFFCR_IND,WZ_LN_CLOSURE,WZ_MOVING,WZ_OTHER,WZ_SHLDER_MDN,WZ_WORKERS_INJ_KILLED
2008053196,1413,2,0,0,0,0,0,0,0,0,4,0,,67,2,2008,2,40.0185,-75.0519,1409.0,6,0,0,0,1,1,0,0,0,1.0,0,0,0,13,1,0,2,,1,40 01:06.451,3.0,0,75 03:06.951,0,0,0,0,67301,0,0,0,N,0,0,0,2,67301,0,,1,1,,N,N,,0,,0,0,0,0.0,0,N,1358,0,2,0,0,0,0,0,3,4,0,2,3,,N,,,,,,,,,,,
2008050596,1308,3,0,0,0,0,0,0,0,0,5,0,,67,3,2008,2,39.9998,-75.1033,1304.0,6,0,0,0,0,0,0,0,0,,0,0,0,13,1,1,0,,0,39 59:59.413,,0,75 06:11.790,8,0,0,0,67301,1,0,0,,0,0,0,3,67301,0,,6,1,,,,,0,,0,0,1,0.0,0,,1300,1,4,0,0,0,1,0,3,4,0,4,3,,N,,,,,,,,,,,
2008050602,317,1,0,0,0,0,0,0,0,0,4,0,,67,2,2008,7,40.0368,-75.1606,315.0,6,0,0,0,0,0,0,0,0,,0,0,0,3,3,1,2,,0,40 02:12.562,,0,75 09:38.091,4,0,0,0,67301,0,0,0,N,0,0,0,3,67301,1,,1,1,,N,N,,0,,0,0,1,3.0,3,,300,1,2,0,0,0,0,0,3,4,0,2,3,,N,,,,,,,,,,,
2008050772,415,1,0,0,0,0,0,0,0,0,7,0,,67,3,2008,1,39.9269,-75.2435,413.0,6,0,0,0,0,0,0,0,0,,0,0,0,4,6,1,0,,0,39 55:36.701,,0,75 14:36.773,4,0,0,0,67301,0,0,0,N,0,0,0,1,67301,1,,5,98,,N,N,,0,,0,0,0,0.0,0,,411,1,1,0,0,0,0,0,3,4,0,1,99,,N,,,,,,,,,,,
2008050807,2035,2,0,0,0,0,0,0,0,0,4,0,99.0,67,2,2008,2,40.0649,-75.1951,2033.0,6,0,0,0,0,0,0,1,0,2.0,0,0,0,20,3,2,2,,2,40 03:53.640,1.0,0,75 11:42.000,8,0,0,0,67301,0,0,0,N,0,0,0,2,67301,0,,1,1,,N,N,,0,,0,0,0,3.0,1,Y,2028,2,2,0,0,1,2,0,3,4,0,2,3,,Y,8.0,8.0,U,,,U,,,,,
2008044059,2218,0,0,0,0,0,0,0,0,0,7,0,,67,1,2008,4,40.1188,-75.018,2216.0,6,0,0,0,0,0,0,0,0,,0,0,0,22,3,1,0,,0,40 07:07.000,,0,75 01:04.938,4,0,0,0,67301,0,0,0,N,0,0,0,1,67301,1,,2,1,,N,N,,0,,0,0,1,0.0,0,,2214,1,1,0,0,0,0,0,3,4,0,1,3,,N,,,,,,,,,,,
2008041252,1950,1,0,0,0,0,0,0,0,0,4,0,,67,1,2008,3,39.9366,-75.2244,1942.0,6,0,0,0,0,0,0,0,0,,0,1,0,19,3,3,1,,0,39 56:11.000,,0,75 13:27.958,3,0,0,0,67301,0,0,0,N,0,0,0,5,67301,0,,1,1,,N,N,,0,,2,0,0,0.0,0,,1909,3,2,0,0,0,1,0,3,4,0,2,3,,N,,,,,,,,,,,
2008041311,1555,1,0,0,0,0,0,0,0,0,8,0,,67,2,2008,5,39.9733,-75.1494,1547.0,6,0,0,0,0,0,1,0,0,,0,0,0,15,1,1,1,,0,39 58:23.750,,0,75 08:57.695,4,0,0,0,67301,1,0,0,N,1,0,0,2,67301,1,,1,1,,N,N,,0,,0,0,0,3.0,3,,1535,1,2,0,0,0,0,0,3,4,0,1,3,,N,,,,,,,,,,,
2008069250,9999,2,0,0,0,0,0,0,0,0,6,0,,67,4,2008,4,39.9273,-75.1825,1903.0,6,0,0,1,0,0,0,0,0,,0,0,0,18,1,3,2,,0,39 55:38.233,,0,75 10:56.924,8,0,0,0,67301,0,0,0,N,0,0,0,3,67301,0,,9,1,,N,N,,0,,0,0,0,3.0,3,,1840,3,2,0,0,0,3,0,3,4,0,2,3,,N,,,,,,,,,,,
2008069283,1930,1,0,0,0,0,0,0,0,0,8,0,,67,4,2008,2,40.0445,-75.1931,1926.0,6,0,0,1,0,0,0,0,0,,0,0,0,19,3,2,1,,0,40 02:40.302,,0,75 11:35.236,4,0,0,0,67301,1,0,0,,1,0,0,4,67301,1,,4,1,,N,N,,0,,0,0,1,3.0,2,,1926,2,3,0,0,0,1,0,3,4,0,2,3,,N,,,,,,,,,,,
2008108981,310,1,0,0,0,0,0,0,0,0,2,0,,67,8,2008,1,40.0366,-75.1317,300.0,6,0,0,0,0,0,0,0,0,,0,0,0,2,3,0,0,,0,40 02:11.710,,0,75 07:54.123,9,0,0,0,67301,0,0,0,N,0,0,0,1,67301,0,,6,1,,N,N,,1,,0,0,1,0.0,0,,200,0,3,0,0,0,0,1,3,4,0,3,3,,N,,,,,,,,,,,
2008121075,1229,3,0,0,0,0,0,0,0,0,2,0,,67,9,2008,5,40.0428,-75.0631,1225.0,6,0,0,0,0,0,0,0,0,,0,0,0,12,1,0,1,,0,40 02:34.113,,0,75 03:47.339,0,0,0,0,67301,0,0,0,N,0,0,0,3,67301,0,,1,1,,N,N,,0,,0,0,0,3.0,2,,1222,0,3,0,0,0,0,0,3,4,0,3,3,,N,,,,,,,,,,,
2008108650,1430,2,0,0,0,0,0,0,0,0,4,0,,67,9,2008,3,39.9576,-75.1457,1420.0,6,0,0,0,0,0,0,0,0,,0,0,0,14,1,2,1,,0,39 57:27.432,,0,75 08:44.473,4,0,0,0,67301,0,0,0,,0,0,0,2,67301,2,,1,1,,,,,0,,0,0,0,3.0,2,,1420,2,2,0,0,0,0,0,3,4,0,2,3,,N,,,,,,,,,,,
2008118623,147,1,0,0,0,0,0,0,0,0,1,0,,67,9,2008,2,39.8875,-75.248,139.0,6,0,0,0,0,0,1,0,0,,0,0,0,1,3,1,2,,0,39 53:14.975,,0,75 14:52.745,4,0,0,0,67301,0,0,0,N,0,0,0,4,67301,1,,1,1,,N,N,,1,,0,0,0,3.0,2,,135,1,2,0,0,0,0,0,3,4,0,2,3,,N,,,,,,,,,,,
2008121097,225,1,0,0,0,0,0,0,0,0,7,0,,67,9,2008,4,39.9852,-75.2539,220.0,6,0,0,0,0,1,0,0,0,,0,0,0,2,3,1,1,,0,39 59:06.756,,0,75 15:14.119,8,0,0,0,67301,0,0,0,,0,0,0,1,67301,0,,2,1,,,,,0,,0,0,0,9.0,3,,220,1,1,0,0,0,1,0,3,4,0,1,3,,N,,,,,,,,,,,
2008103947,1555,1,0,0,0,0,0,0,0,0,4,0,,67,7,2008,4,40.0101,-75.1576,1550.0,6,0,0,0,0,0,1,0,0,,0,0,0,15,1,2,1,,0,40 00:36.236,,0,75 09:27.175,4,0,0,0,67301,0,0,0,N,0,0,0,5,67301,2,,1,1,,N,N,,1,,0,0,0,9.0,2,,1545,2,2,0,0,0,0,0,3,4,0,2,3,,N,,,,,,,,,,,
2008108470,1608,2,0,0,0,0,0,0,0,0,7,0,,67,8,2008,1,40.0529,-75.1755,1606.0,6,0,0,0,0,0,0,0,0,,0,0,0,14,1,1,0,,0,40 03:10.508,,7,75 10:31.904,4,0,0,0,67301,0,0,0,N,0,0,0,1,67301,1,,5,9,,N,N,,0,,0,0,0,0.0,0,,1450,1,2,0,0,0,0,0,3,4,0,2,7,,N,,,,,,,,,,,
2008099293,1714,1,0,0,1,0,0,0,0,0,4,0,,67,7,2008,4,39.9338,-75.1742,1712.0,6,0,0,0,0,0,0,0,0,,0,0,0,16,1,2,1,,0,39 56:01.507,,0,75 10:27.213,4,0,0,0,67301,2,0,0,N,0,0,0,3,67301,2,,1,9,,N,N,,0,,0,0,0,3.0,3,,1645,2,2,0,0,0,0,0,3,4,0,1,7,,N,,,,,,,,,,,
2008108582,1407,2,0,0,0,0,0,0,0,0,6,0,,67,8,2008,7,39.9301,-75.175,1405.0,6,0,0,0,0,0,0,0,1,,0,0,0,13,1,2,1,,0,39 55:48.316,,0,75 10:30.111,3,0,0,0,67301,0,0,0,N,0,0,0,3,67301,0,,1,1,,N,N,,0,,2,0,0,3.0,3,,1347,2,2,0,0,0,0,0,3,4,0,2,3,,N,,,,,,,,,,,
2008108592,2000,2,0,0,0,0,0,0,0,0,5,0,,67,8,2008,7,40.1307,-75.0164,1951.0,6,0,0,0,0,0,0,0,0,2.0,0,0,0,19,3,0,2,,1,40 07:50.208,2.0,0,75 00:59.456,0,0,0,0,67301,0,0,0,,0,0,0,1,67301,0,,1,1,,N,N,,0,,0,0,0,0.0,0,N,1950,0,3,0,0,0,0,0,3,4,1,3,3,,N,,,,,,,,,,,
2008108593,2234,2,0,0,0,0,0,0,0,0,5,0,,67,8,2008,5,40.0825,-75.0378,2231.0,6,0,0,0,0,0,0,0,0,2.0,0,0,0,22,3,0,0,,1,40 04:56.961,3.0,0,75 02:15.886,0,0,0,0,67301,0,0,0,N,0,0,0,1,67301,0,,1,1,,N,N,,0,,0,0,1,3.0,2,N,2229,0,3,0,0,0,0,0,3,4,0,3,3,,N,,,,,,,,,,,
2008099062,1752,0,0,0,0,0,0,0,0,0,8,0,,67,7,2008,4,39.9541,-75.2221,1743.0,6,0,0,0,0,0,0,0,0,,0,0,0,15,1,1,1,,0,39 57:14.731,,0,75 13:19.437,4,0,0,0,67301,1,0,0,N,1,0,0,2,67301,1,,1,1,,N,N,,0,,0,0,0,9.0,9,,1558,1,2,0,0,0,0,0,3,4,0,1,3,,N,,,,,,,,,,,
2008098631,800,1,0,0,0,0,0,0,0,0,1,0,,67,7,2008,2,40.0314,-75.0213,752.0,6,0,0,0,0,0,2,0,1,1.0,0,0,0,7,1,0,0,,1,40 01:52.998,2.0,7,75 01:17.215,0,0,0,0,67301,0,0,0,,0,0,0,4,67301,0,,1,1,,,,,0,,0,0,2,3.0,2,N,750,0,4,0,0,0,0,0,3,4,1,4,3,,N,,,,,,,,,,,
2008098639,2205,1,0,0,0,0,0,0,0,0,1,0,,67,7,2008,3,40.0766,-75.0329,2151.0,6,0,0,0,0,0,1,0,0,,0,0,0,21,3,1,1,,0,40 04:35.968,,0,75 01:58.202,8,0,0,0,67301,0,0,0,N,0,0,0,2,67301,0,,1,1,,N,N,,0,,0,0,1,3.0,2,,2151,1,2,0,0,0,1,0,3,4,0,2,3,,N,,,,,,,,,,,
2008071914,345,2,0,0,0,0,0,0,0,0,1,0,,67,4,2008,1,40.0634,-75.1393,338.0,6,0,0,1,0,0,0,0,0,,0,0,0,3,3,1,2,,0,40 03:48.035,,0,75 08:21.451,4,0,0,0,67301,0,0,0,N,0,0,0,2,67301,1,,1,9,,N,N,,0,,0,0,0,3.0,2,,325,1,2,0,0,0,0,0,3,4,0,2,7,,N,,,,,,,,,,,
2008120905,241,2,0,0,0,0,0,0,0,0,1,0,,67,10,2008,4,39.9602,-75.1372,241.0,6,0,0,0,0,0,0,0,0,,0,0,0,2,3,0,2,,0,39 57:36.624,,0,75 08:13.909,0,0,0,0,67301,0,0,0,N,0,0,0,3,67301,0,,1,1,,N,N,,0,,0,0,0,3.0,2,,241,0,2,0,0,3,0,0,3,4,0,2,3,,N,,,,,,,,,,,
2008082189,1906,2,0,0,0,0,0,0,0,0,2,0,,67,5,2008,3,39.984,-75.1783,1905.0,6,0,0,0,0,0,0,0,0,,0,0,0,19,1,0,0,,0,39 59:02.342,,0,75 10:41.757,0,0,0,0,67301,0,0,0,N,0,0,0,1,67301,0,,6,9,,N,N,,0,,0,0,1,0.0,0,,1905,0,3,0,0,1,0,0,3,4,0,3,98,,N,,,,,,,,,,,
2008097533,2224,2,0,0,0,0,0,0,0,0,1,0,,67,7,2008,6,40.0055,-75.157,2224.0,6,0,0,0,0,1,0,0,0,,0,0,0,22,3,1,0,,0,40 00:19.634,,0,75 09:25.128,8,0,0,0,67301,4,0,0,N,0,0,0,6,67301,0,,6,9,,N,N,,0,,0,0,0,0.0,0,,2224,1,2,0,0,1,1,5,3,4,0,2,98,,N,,,,,,,,,,,
2008108296,1506,2,0,0,0,0,0,0,0,0,1,0,,67,8,2008,7,40.0808,-75.0286,1456.0,6,0,0,0,0,0,0,0,0,1.0,0,0,0,14,1,1,1,,1,40 04:50.725,1.0,0,75 01:42.964,4,0,0,0,67301,0,0,0,N,0,0,0,6,67301,1,,1,1,,N,N,,0,,0,0,0,3.0,2,N,1456,1,2,0,0,0,0,0,3,4,0,2,3,,N,,,,,,,,,,,
2008082403,344,1,0,0,0,0,0,0,0,0,7,0,,67,5,2008,2,40.0668,-75.0641,340.0,6,0,0,0,0,0,0,0,0,,0,0,0,99,3,1,2,,0,40 04:00.328,,0,75 03:50.668,4,0,0,0,67301,0,0,0,,0,0,0,1,67301,1,,5,1,,N,N,,0,,0,0,0,0.0,0,,9999,1,1,0,0,0,0,0,3,4,0,1,3,,N,,,,,,,,,,,
2008072070,1810,0,0,0,0,0,0,0,0,0,8,0,,67,4,2008,4,40.0004,-75.1262,1805.0,6,0,0,0,0,0,0,0,0,,0,0,0,18,1,1,0,,0,40 00:01.382,,0,75 07:34.222,4,0,0,0,67301,1,0,0,N,1,0,0,2,67301,1,,1,1,,N,N,,0,,0,0,0,0.0,0,,1805,1,2,0,0,0,0,0,3,4,1,1,3,,N,,,,,,,,,,,
2008112281,1256,1,0,0,0,0,0,0,0,0,1,0,,67,10,2008,2,39.9494,-75.1845,1249.0,6,0,0,0,0,0,0,0,1,1.0,0,0,0,12,1,0,0,,2,39 56:57.982,3.0,0,75 11:04.183,0,0,0,0,67301,0,0,0,N,0,0,0,6,68K01,0,,1,1,,N,N,,1,,0,0,0,0.0,0,N,1244,0,2,0,0,0,0,0,3,4,0,2,3,,N,,,,,,,,,,,
2008127366,1745,2,0,0,0,0,0,0,0,0,1,0,,67,11,2008,5,39.9571,-75.1444,1659.0,6,0,0,0,0,1,1,0,0,2.0,0,0,0,16,3,0,3,,1,39 57:26.940,4.0,2,75 08:48.293,9,0,0,0,67301,0,0,0,N,0,0,0,3,68K01,0,,1,9,,N,N,,0,,0,0,0,0.0,0,N,1657,0,3,0,0,0,0,1,3,4,1,3,7,,N,,,,,,,,,,,
2008119749,1350,1,0,0,0,0,0,0,0,0,4,0,,67,9,2008,2,40.0565,-75.1765,1350.0,6,0,0,0,0,0,1,0,0,,0,0,0,13,1,1,1,,0,40 03:23.248,,0,75 10:35.234,4,0,0,1,67301,0,0,0,N,0,0,0,2,67301,1,,1,1,,N,N,,0,,0,0,0,0.0,0,,1350,1,2,0,0,0,0,0,3,4,0,2,3,,N,,,,,,,,,,,
2008132795,252,1,0,0,0,0,0,0,0,0,7,0,,67,11,2008,1,39.8999,-75.1602,245.0,6,0,0,0,0,0,0,0,0,1.0,0,0,0,2,3,1,0,,1,39 54:04.600,1.0,0,75 09:08.710,8,0,0,0,67301,0,0,0,N,0,0,0,1,68K01,0,,4,1,,N,N,,0,,0,0,0,0.0,0,N,243,1,1,0,0,1,1,0,3,4,0,1,3,,N,,,,,,,,,,,
2008026705,952,1,0,0,0,0,0,0,0,0,4,0,,67,1,2008,7,39.9778,-75.2134,951.0,6,0,0,0,0,0,0,0,1,,0,0,0,9,1,1,1,,0,39 58:39.000,,0,75 12:48.173,8,0,0,0,67301,0,0,0,N,0,0,0,3,67301,0,,1,1,,N,N,,0,,0,0,0,3.0,2,,950,1,2,0,0,0,1,0,3,4,1,2,3,,N,,,,,,,,,,,
2008035904,1926,0,0,0,0,0,0,0,0,0,7,0,,67,3,2008,2,40.025,-75.0289,1924.0,6,0,1,0,0,0,0,0,0,,0,0,0,19,3,1,0,,0,40 01:28.000,,2,75 01:46.747,3,0,0,1,67301,0,0,0,N,0,0,0,1,68K01,0,,2,1,,N,N,,0,,1,0,0,0.0,0,,1920,1,1,0,0,0,0,0,3,4,0,1,3,,N,,,,,,,,,,,
2008060911,1733,2,0,0,0,0,0,0,0,0,4,0,,67,3,2008,2,40.0295,-75.1862,1728.0,6,0,0,0,0,0,0,0,0,1.0,0,0,0,17,1,1,1,,1,40 01:46.046,7.0,0,75 11:10.158,8,0,0,0,67301,0,0,0,N,0,0,0,3,67301,0,,1,1,,N,N,,0,,0,0,0,9.0,2,N,1720,1,2,0,0,0,1,0,3,4,0,2,3,,N,,,,,,,,,,,
2008061187,1725,0,0,0,1,0,0,1,0,0,5,1,,67,3,2008,5,39.9628,-75.1646,1720.0,6,0,0,0,0,0,0,0,0,1.0,0,0,0,17,1,1,1,,1,39 57:46.071,4.0,0,75 09:52.682,4,0,0,0,67301,1,0,0,,0,0,0,2,67301,1,,1,1,,,,,0,,0,0,0,3.0,2,N,1715,1,2,0,0,0,0,0,3,4,0,1,3,,N,,,,,,,,,,,
2008059009,1913,2,0,0,0,0,0,0,0,0,4,0,,67,4,2008,3,40.0082,-75.1067,1911.0,6,0,0,0,0,0,0,0,0,,0,0,0,19,1,1,1,,0,40 00:29.692,,0,75 06:24.299,4,0,0,0,67301,0,0,0,N,0,0,0,2,67301,1,,1,1,,N,N,,0,,0,0,0,3.0,3,,1900,1,2,0,0,0,0,0,3,4,0,2,3,,N,,,,,,,,,,,
2008059290,738,2,0,0,0,0,0,0,0,0,4,0,,67,3,2008,3,40.0399,-75.048,732.0,6,0,0,0,1,0,1,0,0,,0,0,0,7,1,1,1,,0,40 02:23.636,,0,75 02:52.814,8,0,0,0,67301,0,0,0,,0,0,0,2,67301,0,,1,1,,,,,0,,0,0,0,2.0,3,,732,1,2,0,0,0,1,1,3,4,0,2,3,,N,,,,,,,,,,,
2008051393,1130,0,0,0,0,0,0,0,0,0,1,0,,67,2,2008,7,39.9021,-75.247,1113.0,6,0,0,0,0,0,1,0,0,,0,0,0,11,1,1,0,,0,39 54:07.647,,0,75 14:49.352,3,0,0,0,67301,0,0,0,,0,0,0,3,67301,0,,1,9,,N,N,,0,,1,0,1,3.0,2,,1100,1,2,0,0,0,0,1,3,4,1,2,7,,N,,,,,,,,,,,
2008047933,845,0,0,0,0,0,0,2,0,0,5,2,,67,1,2008,5,39.9958,-75.1691,841.0,6,0,0,0,0,0,1,0,0,,0,0,0,8,1,1,1,,0,39 59:44.962,,0,75 10:08.931,8,0,0,0,67301,0,0,0,N,0,0,0,43,67301,0,,1,1,,N,N,,0,,0,0,0,9.0,2,,810,1,2,0,0,0,1,0,3,4,0,2,3,,N,,,,,,,,,,,
2008045549,1535,1,0,0,0,0,0,0,0,0,4,0,,67,1,2008,2,40.0091,-75.1499,1500.0,6,0,0,1,0,0,0,0,0,,0,0,0,14,1,1,1,,0,40 00:32.700,,0,75 08:59.545,4,0,0,0,67301,0,0,0,N,0,0,0,2,67301,1,,1,1,,N,N,,0,,0,0,1,0.0,0,,1445,1,2,0,0,0,0,1,3,4,0,2,3,,N,,,,,,,,,,,
2008043089,1506,2,0,0,0,0,0,0,0,0,1,0,,67,3,2008,7,39.9753,-75.1947,1444.0,6,0,0,0,0,0,0,0,0,,0,0,0,14,1,0,6,,0,39 58:33.350,,2,75 11:43.010,9,0,0,0,67301,0,0,0,N,0,0,0,3,68K01,0,,1,1,,N,N,,0,,0,0,0,0.0,0,,1440,0,2,0,0,0,0,2,3,4,0,2,3,,N,,,,,,,,,,,
2008026631,142,2,0,0,0,0,0,0,0,0,4,0,,67,1,2008,3,39.9913,-75.1349,138.0,6,0,0,0,0,0,0,0,0,,0,0,0,1,3,2,1,,0,39 59:29.209,,0,75 08:05.493,4,0,0,0,67301,0,0,0,N,0,0,0,5,67301,1,,1,1,,N,N,,0,,0,0,0,3.0,2,,130,2,2,0,0,1,1,0,3,4,0,2,3,,N,,,,,,,,,,,
2008053045,515,1,0,0,0,0,0,0,0,0,4,0,,67,1,2008,5,39.9198,-75.2251,459.0,6,0,0,0,0,0,0,0,0,,0,0,0,4,3,0,1,,0,39 55:11.172,,0,75 13:30.432,9,0,0,0,67301,0,0,0,,0,0,0,4,67301,0,,1,1,,N,N,,0,,0,0,0,2.0,2,,445,0,2,0,0,1,0,3,3,4,1,2,3,,N,,,,,,,,,,,
2008050566,1830,0,0,0,0,0,0,0,0,0,8,0,,67,2,2008,3,39.9979,-75.1043,1823.0,6,0,0,0,0,0,0,0,0,,0,0,0,17,3,1,1,,0,39 59:52.368,,0,75 06:15.638,3,0,0,0,67301,1,0,0,N,1,0,0,2,67301,0,,1,9,,N,N,,0,,1,0,1,3.0,2,,1730,1,2,0,0,0,0,1,3,4,0,1,7,,N,,,,,,,,,,,
2008053206,901,1,0,0,0,0,0,0,0,0,7,1,,67,1,2008,2,40.0144,-75.172,859.0,6,0,0,0,0,0,0,0,0,,0,1,0,8,1,0,0,,0,40 00:51.780,,0,75 10:19.260,0,0,0,0,67301,0,0,0,N,0,0,0,0,67301,0,,2,1,,N,N,,0,,0,0,0,0.0,0,,850,0,2,0,0,0,0,0,3,4,0,2,3,,N,,,,,,,,,,,
2008050774,2217,2,0,0,0,0,0,0,0,0,5,0,,67,3,2008,6,39.9014,-75.2393,2214.0,6,0,0,0,0,0,1,0,0,,0,0,0,22,3,1,1,,0,39 54:04.924,,0,75 14:21.456,8,0,0,0,67301,0,0,0,N,0,0,0,3,67301,0,,7,1,,N,N,,0,,0,0,0,3.0,2,,2210,1,2,0,0,0,1,1,3,4,0,2,3,,N,,,,,,,,,,,
2008050801,915,1,0,0,0,0,0,0,0,0,5,0,,67,2,2008,2,40.0231,-75.0771,9999.0,6,0,0,1,0,0,0,0,0,,0,0,0,9,1,1,0,,0,40 01:23.309,,0,75 04:37.464,4,0,0,0,67301,0,0,0,N,0,0,0,4,67301,1,,1,9,,N,N,,1,,0,0,0,0.0,0,,910,1,2,0,0,0,0,0,3,4,0,2,3,,N,,,,,,,,,,,
2008040770,1005,1,0,0,0,0,0,0,0,0,8,0,,67,2,2008,3,39.9531,-75.1947,1000.0,6,0,0,0,0,0,0,0,0,,0,0,0,8,1,1,1,,0,39 57:11.314,,0,75 11:41.093,4,0,0,0,67301,1,0,0,N,1,0,0,2,67301,1,,1,1,,N,N,,0,,0,0,0,0.0,0,,800,1,2,0,0,0,0,1,3,4,0,1,3,,N,,,,,,,,,,,
2008044058,1133,1,0,0,0,0,0,0,0,0,7,0,,67,1,2008,3,40.1304,-75.0115,1129.0,6,0,0,0,0,0,0,0,0,,0,0,0,11,1,1,0,,0,40 07:49.274,,0,75 00:41.241,4,0,0,0,67301,0,0,0,,0,0,0,1,67301,1,,5,9,,N,N,,0,,0,0,0,0.0,0,,1128,1,1,0,0,0,0,0,3,4,0,1,7,,N,,,,,,,,,,,
2008041286,1405,3,0,0,0,0,0,0,0,0,5,0,,67,2,2008,3,40.0261,-75.031,1357.0,6,0,1,0,0,0,1,0,0,,0,0,0,13,1,0,0,,0,40 01:34.002,,0,75 01:51.453,0,0,0,0,67301,0,0,0,N,0,0,0,2,67301,0,,1,9,,N,N,,1,,0,0,0,3.0,2,,1357,0,4,0,0,0,0,0,3,4,0,4,10,,N,,,,,,,,,,,
2008069287,1949,1,0,0,0,0,0,0,0,0,2,0,,67,4,2008,4,40.0486,-75.1449,1939.0,6,0,0,0,0,0,0,0,0,,0,0,0,19,4,1,1,,0,40 02:55.097,,0,75 08:41.622,8,0,0,0,67301,0,0,0,N,0,0,0,2,67301,0,,3,1,,N,N,,0,,0,0,1,0.0,0,,1929,1,2,0,0,0,1,0,3,4,0,2,3,,N,,,,,,,,,,,
2008121062,925,2,0,0,0,0,0,0,0,0,4,0,,67,9,2008,2,40.0866,-75.0283,915.0,6,0,0,0,0,0,1,0,1,1.0,0,0,0,9,1,2,1,,2,40 05:11.788,7.0,0,75 01:41.969,3,0,0,0,67301,0,0,0,N,0,0,0,2,67301,0,,1,1,,N,N,,0,,2,0,0,3.0,3,Y,915,2,2,0,0,1,0,0,3,4,0,2,3,,N,,,,,,,,,,,
2008069385,2237,0,0,0,0,0,0,1,0,0,4,1,,67,4,2008,5,39.9765,-75.1633,2237.0,6,0,0,0,0,0,0,0,0,,0,0,0,22,3,3,1,,0,39 58:35.320,,0,75 09:47.951,4,0,0,0,67301,0,0,0,N,0,0,0,7,67301,3,,1,1,,N,N,,0,,0,0,1,3.0,2,,2237,3,2,0,0,0,0,0,3,4,0,2,3,,N,,,,,,,,,,,
2008121100,1306,2,0,0,0,0,0,0,0,0,6,0,,67,9,2008,7,39.9633,-75.2385,1302.0,6,0,0,0,0,0,0,0,0,,0,0,0,13,1,1,1,,0,39 57:47.872,,0,75 14:18.509,4,0,0,0,67301,0,0,0,,0,0,0,2,67301,1,,1,1,,N,,,0,,0,0,0,9.0,2,,1300,1,2,0,0,0,0,0,3,4,0,2,3,,N,,,,,,,,,,,
2008121108,438,1,0,0,0,0,0,0,0,0,7,0,,67,9,2008,7,40.0434,-75.1936,434.0,6,0,0,0,0,0,0,0,0,,0,0,0,4,3,0,0,,0,40 02:36.110,,0,75 11:36.911,0,0,0,0,67301,0,0,0,,0,0,0,1,67301,0,,5,9,,,,,0,,0,0,0,0.0,0,,430,0,1,0,0,0,0,0,3,4,0,1,7,,N,,,,,,,,,,,
2008121253,1135,0,0,0,0,0,0,0,0,0,4,0,,67,10,2008,6,40.095,-75.0154,1126.0,6,0,0,0,0,0,1,0,0,1.0,0,0,0,11,1,3,1,,1,40 05:41.852,6.0,0,75 00:55.548,4,0,0,0,67301,0,0,0,N,0,0,0,3,67301,3,,1,1,,N,N,,0,,0,0,2,3.0,2,N,1125,3,2,0,0,0,0,0,3,4,0,2,3,,N,,,,,,,,,,,