CRN,ARRIVAL_TM,AUTOMOBILE_COUNT,BELTED_DEATH_COUNT,BELTED_SUSP_SERIOUS_INJ_COUNT,BICYCLE_COUNT,BICYCLE_DEATH_COUNT,BICYCLE_SUSP_SERIOUS_INJ_COUNT,BUS_COUNT,CHLDPAS_DEATH_COUNT,CHLDPAS_SUSP_SERIOUS_INJ_COUNT,COLLISION_TYPE,COMM_VEH_COUNT,CONS_ZONE_SPD_LIM,COUNTY,CRASH_MONTH,CRASH_YEAR,DAY_OF_WEEK,DEC_LAT,DEC_LONG,DISPATCH_TM,DISTRICT,DRIVER_COUNT_16YR,DRIVER_COUNT_17YR,DRIVER_COUNT_18YR,DRIVER_COUNT_19YR,DRIVER_COUNT_20YR,DRIVER_COUNT_50_64YR,DRIVER_COUNT_65_74YR,DRIVER_COUNT_75PLUS,EST_HRS_CLOSED,FATAL_COUNT,HEAVY_TRUCK_COUNT,HORSE_BUGGY_COUNT,HOUR_OF_DAY,ILLUMINATION,INJURY_COUNT,INTERSECT_TYPE,INTERSECTION_RELATED,LANE_CLOSED,LATITUDE,LN_CLOSE_DIR,LOCATION_TYPE,LONGITUDE,MAX_SEVERITY_LEVEL,MCYCLE_DEATH_COUNT,MCYCLE_SUSP_SERIOUS_INJ_COUNT,MOTORCYCLE_COUNT,MUNICIPALITY,NONMOTR_COUNT,NONMOTR_DEATH_COUNT,NONMOTR_SUSP_SERIOUS_INJ_COUNT,NTFY_HIWY_MAINT,PED_COUNT,PED_DEATH_COUNT,PED_SUSP_SERIOUS_INJ_COUNT,PERSON_COUNT,POLICE_AGCY,POSSIBLE_INJ_COUNT,RDWY_SURF_TYPE_CD,RELATION_TO_ROAD,ROAD_CONDITION,ROADWAY_CLEARED,SCH_BUS_IND,SCH_ZONE_IND,SECONDARY_CRASH,SMALL_TRUCK_COUNT,SPEC_JURIS_CD,SUSP_MINOR_INJ_COUNT,SUSP_SERIOUS_INJ_COUNT,SUV_COUNT,TCD_FUNC_CD,TCD_TYPE,TFC_DETOUR_IND,TIME_OF_DAY,TOT_INJ_COUNT,TOTAL_UNITS,UNB_DEATH_COUNT,UNB_SUSP_SERIOUS_INJ_COUNT,UNBELTED_OCC_COUNT,UNK_INJ_DEG_COUNT,UNK_INJ_PER_COUNT,URBAN_AREA,URBAN_RURAL,VAN_COUNT,VEHICLE_COUNT,WEATHER1,WEATHER2,WORK_ZONE_IND,WORK_ZONE_LOC,WORK_ZONE_TYPE,WORKERS_PRES,WZ_CLOSE_DETOUR,WZ_FLAGGER,WZ_LAW_OFFCR_IND,WZ_LN_CLOSURE,WZ_MOVING,WZ_OTHER,WZ_SHLDER_MDN,WZ_WORKERS_INJ_KILLED
2008121255,2141,1,0,0,0,0,0,0,0,0,5,0,,67,8,2008,1,39.9542,-75.203,2140.0,6,0,0,0,0,0,0,0,0,,0,0,0,21,2,0,0,,0,39 57:15.057,,0,75 12:10.924,0,0,0,0,67301,0,0,0,N,0,0,0,1,67301,0,,6,1,,N,N,,0,,0,0,1,0.0,0,,2109,0,3,0,0,0,0,0,3,4,0,3,99,,N,,,,,,,,,,,
2008121295,1746,0,0,0,0,0,0,0,0,0,8,0,,67,10,2008,2,40.0445,-75.1434,1745.0,6,0,0,0,0,0,0,0,0,,0,0,0,17,1,1,0,,0,40 02:40.120,,0,75 08:36.378,4,0,0,0,67301,1,0,0,N,1,0,0,2,67301,1,,2,1,,N,N,,0,,0,0,1,0.0,0,,1740,1,2,0,0,0,0,0,3,4,0,1,3,,N,,,,,,,,,,,
2008069080,1632,1,0,0,0,0,0,0,0,0,1,0,,67,6,2008,2,39.9122,-75.1485,1632.0,6,0,0,0,0,0,1,0,0,,0,0,0,16,1,0,0,,0,39 54:49.011,,0,75 08:53.374,0,0,0,0,67301,0,0,0,N,0,0,0,3,68K01,0,,1,1,,N,N,,1,,0,0,0,0.0,0,,1631,0,2,0,0,0,0,0,3,4,0,2,3,,N,,,,,,,,,,,
2008108485,1255,1,0,0,0,0,0,0,0,0,4,0,,67,8,2008,7,39.9915,-75.1361,1250.0,6,0,0,0,0,0,0,0,0,2.0,0,0,0,12,1,2,1,,1,39 59:29.442,1.0,0,75 08:10.102,4,0,0,1,67301,0,0,0,,0,0,0,3,67301,1,,1,1,,,,,0,,0,0,0,0.0,0,Y,1250,2,2,0,0,0,1,0,3,4,0,2,3,,N,,,,,,,,,,,
2008108558,1715,2,0,0,0,0,0,0,0,0,4,0,,67,9,2008,4,40.0408,-75.1463,1715.0,6,0,0,0,1,0,0,0,0,,0,0,0,14,1,1,1,,0,40 02:26.761,,0,75 08:46.849,8,0,0,0,67301,0,0,0,N,0,0,0,3,67301,0,,1,1,,N,N,,0,,0,0,0,3.0,3,,1410,1,2,0,0,0,1,2,3,4,0,2,3,,N,,,,,,,,,,,
2008108572,1732,3,0,0,0,0,0,0,0,0,1,0,,67,8,2008,7,40.0272,-75.2176,1728.0,6,0,0,0,0,0,0,0,1,3.0,0,0,0,17,1,1,0,,2,40 01:38.010,2.0,0,75 13:03.493,4,0,0,0,67301,0,0,0,N,0,0,0,1,67301,1,,6,1,,N,N,,0,,0,0,0,0.0,0,Y,1725,1,3,0,0,0,0,0,3,4,0,3,3,,N,,,,,,,,,,,
2008098613,1710,2,0,0,0,0,0,0,0,0,1,0,,67,7,2008,3,39.9748,-75.1621,1700.0,6,0,0,0,0,0,0,0,0,,0,0,0,16,1,1,0,,0,39 58:29.433,,0,75 09:43.396,8,0,0,0,67301,0,0,0,N,0,0,0,2,67301,0,,1,1,,N,N,,0,,0,0,0,0.0,0,,1655,1,2,0,0,2,1,0,3,4,0,2,3,,N,,,,,,,,,,,
2008098616,1404,1,0,0,0,0,0,0,0,0,1,0,,67,7,2008,3,,,1402.0,6,0,0,0,0,0,1,0,0,,0,0,0,13,1,1,0,,0,,,0,,3,0,0,0,67301,0,0,0,N,0,0,0,4,67301,0,,1,1,,N,N,,0,,1,0,1,3.0,2,,1345,1,2,0,0,0,0,0,3,3,0,2,3,,N,,,,,,,,,,,
2008079756,755,2,0,0,0,0,0,0,0,0,1,0,,67,5,2008,5,40.0377,-75.1121,750.0,6,0,0,0,0,0,0,0,0,2.0,0,0,0,7,1,1,0,,1,40 02:15.715,1.0,7,75 06:43.761,4,0,0,0,67301,0,0,0,N,0,0,0,2,67301,1,,1,9,,N,N,,0,,0,0,0,3.0,2,Y,700,1,2,0,0,0,0,0,3,4,0,2,7,,N,,,,,,,,,,,
2008079012,1415,1,0,0,0,0,0,0,0,0,8,0,,67,4,2008,7,40.0153,-75.1499,1413.0,6,0,0,0,0,0,0,0,0,1.0,0,0,0,14,1,1,0,,1,40 00:55.080,2.0,0,75 08:59.640,4,0,0,0,67301,1,0,0,,1,0,0,5,67301,1,,1,1,,N,N,,0,,0,0,0,0.0,0,Y,1413,1,2,0,0,0,0,0,3,4,0,1,3,,N,,,,,,,,,,,
2008079065,9999,2,0,0,0,0,0,0,0,0,1,0,,67,5,2008,4,39.9346,-75.2273,625.0,6,0,0,0,0,0,2,0,0,,0,0,0,6,1,0,1,,0,39 56:04.615,,0,75 13:38.330,9,0,0,0,67301,0,0,0,N,0,0,0,2,67301,0,,1,1,,N,,,0,,0,0,0,9.0,2,,625,0,2,0,0,0,0,1,3,4,0,2,3,,N,,,,,,,,,,,
2008079079,427,1,0,0,0,0,0,0,0,0,8,0,,67,5,2008,2,40.0425,-75.1292,425.0,6,0,0,0,0,0,0,0,0,,0,0,0,4,3,1,1,,0,40 02:33.169,,0,75 07:44.993,8,0,0,0,67301,1,0,0,N,1,0,0,2,67301,0,,1,9,,N,N,,0,,0,0,0,3.0,2,,415,1,2,0,0,0,1,0,3,4,0,1,7,,N,,,,,,,,,,,
2008079242,1805,3,0,0,0,0,0,0,0,0,2,0,,67,5,2008,6,40.0,-75.1531,1800.0,6,0,0,0,0,0,2,0,0,,0,0,0,99,1,0,1,,0,39 59:59.964,,0,75 09:11.322,0,0,0,0,67301,0,0,0,,0,0,0,3,67301,0,,1,9,,,,,0,,0,0,0,3.0,2,,9999,0,3,0,0,0,0,0,3,4,0,3,7,,N,,,,,,,,,,,
2008079246,2026,0,0,0,0,0,0,0,0,0,8,0,,67,5,2008,5,39.9751,-75.1289,2025.0,6,0,0,0,0,0,0,0,0,2.0,0,0,0,19,3,1,0,,2,39 58:30.406,4.0,0,75 07:44.079,3,0,0,0,67301,1,0,0,,1,0,0,2,67301,0,,1,1,,N,N,,0,,1,0,1,0.0,0,Y,1955,1,2,0,0,0,0,0,3,4,0,1,3,,N,,,,,,,,,,,
2008082463,1811,2,0,0,0,0,0,0,0,0,1,0,,67,5,2008,3,,,1806.0,6,0,0,0,1,0,0,1,0,1.0,0,0,0,18,1,1,0,,1,,1.0,0,,4,0,0,0,67301,0,0,0,,0,0,0,5,67301,1,,1,1,,,,,0,,0,0,0,0.0,0,N,1803,1,2,0,0,0,0,0,3,3,0,2,3,,N,,,,,,,,,,,
2008069641,1610,2,0,0,0,0,0,0,0,0,4,0,,67,4,2008,1,39.9942,-75.1078,1608.0,6,0,0,0,0,0,1,0,0,,0,0,0,16,1,2,1,,0,39 59:39.086,,0,75 06:28.154,4,0,0,0,67301,0,0,0,,0,0,0,2,67301,1,,1,1,,,,,0,,0,0,0,9.0,2,,1600,2,2,0,0,2,1,0,3,4,0,2,3,,N,,,,,,,,,,,
2008069670,1103,1,0,0,0,0,0,0,0,0,4,0,,67,4,2008,7,40.0655,-75.0525,1057.0,6,0,0,0,0,0,0,0,1,9.0,0,0,0,10,1,1,1,,2,40 03:34.290,3.0,0,75 03:29.399,3,0,0,0,67301,0,0,0,N,0,0,0,2,67301,0,,1,9,,N,N,,0,,1,0,1,3.0,2,Y,1055,1,2,0,0,0,0,0,3,4,0,2,7,,N,,,,,,,,,,,
2008109270,605,0,0,0,0,0,0,0,0,0,7,0,,67,8,2008,3,39.8919,-75.2419,604.0,6,0,0,0,0,0,0,0,0,3.0,0,0,0,5,1,1,1,,2,39 53:30.991,1.0,0,75 14:30.863,4,0,0,0,67301,0,0,0,,0,0,0,1,67301,1,,3,1,,,,,1,,0,0,0,9.0,2,Y,555,1,1,0,0,0,0,0,3,4,0,1,3,,N,,,,,,,,,,,
2008120225,2301,1,0,0,0,0,0,0,0,0,1,0,,67,10,2008,7,40.0364,-75.2261,2251.0,6,0,0,0,0,0,0,0,0,,0,0,0,22,3,1,2,,0,40 02:11.173,,0,75 13:33.797,4,0,0,0,67301,0,0,0,N,0,0,0,2,67301,1,,2,1,,N,N,,1,,0,0,0,0.0,0,,2245,1,2,0,0,0,0,0,3,4,0,2,3,,N,,,,,,,,,,,
2008132820,723,2,0,0,0,0,0,0,0,0,1,0,,67,12,2008,6,39.9535,-75.141,710.0,6,0,0,0,0,0,1,0,0,,0,0,0,7,1,1,0,,0,39 57:07.580,,2,75 08:27.383,4,0,0,0,67301,0,0,0,N,0,0,0,2,68K01,1,,1,1,,N,N,,0,,0,0,0,3.0,4,,705,1,2,0,0,0,0,0,3,4,0,2,3,,N,,,,,,,,,,,
2008122799,1556,0,0,0,0,0,0,1,0,0,8,1,,67,9,2008,5,39.9497,-75.227,1553.0,6,0,0,0,0,0,0,1,0,,0,0,0,15,1,1,1,,0,39 56:58.931,,0,75 13:37.246,4,0,0,0,67301,1,0,0,N,1,0,0,2,67301,1,,1,1,,N,N,,0,,0,0,0,0.0,0,,1531,1,2,0,0,0,0,0,3,4,0,1,3,,N,,,,,,,,,,,
2008063589,1130,1,0,0,0,0,0,0,0,0,7,0,,67,5,2008,4,39.9157,-75.1478,1118.0,6,0,0,0,0,0,0,0,0,1.0,0,0,0,11,1,1,0,,1,39 54:53.812,2.0,0,75 08:52.899,8,0,0,0,67301,0,0,0,N,0,0,0,1,68K01,0,,2,1,,N,N,,0,,0,0,0,0.0,0,N,1111,1,1,0,0,0,1,0,3,4,0,1,3,,N,,,,,,,,,,,
2008058992,941,1,0,0,0,0,0,0,0,0,1,0,,67,3,2008,7,40.0603,-75.0546,939.0,6,0,0,0,1,0,0,0,0,,0,0,0,9,1,1,0,,0,40 03:37.103,,0,75 03:16.543,8,0,0,0,67301,0,0,0,,0,0,0,1,67301,0,,2,1,,N,N,,1,,0,0,0,3.0,3,,938,1,2,0,0,0,1,0,3,4,0,2,3,,N,,,,,,,,,,,
2008056278,1413,0,0,0,0,0,0,0,0,0,7,0,,67,4,2008,1,39.9325,-75.2,1410.0,6,0,0,0,0,0,0,0,0,1.0,0,0,0,14,1,1,0,,2,39 56:02.287,4.0,0,75 11:59.714,8,0,0,0,67301,0,0,0,N,0,0,0,1,68K01,0,,5,1,,N,N,,0,,0,0,0,0.0,0,N,1407,1,1,0,0,0,1,0,3,4,1,1,3,,N,,,,,,,,,,,
2008051575,530,0,0,0,0,0,0,0,0,0,1,0,,67,2,2008,6,40.0088,-75.2101,529.0,6,0,0,0,0,0,0,0,0,,0,0,0,5,3,0,0,,0,40 00:31.680,,3,75 12:36.360,0,0,0,0,67301,0,0,0,N,0,0,0,2,67301,0,,1,2,,N,N,,0,,0,0,1,0.0,0,,526,0,2,0,0,0,0,0,3,4,1,2,10,,N,,,,,,,,,,,
2008054223,1634,1,0,0,0,0,0,0,0,0,4,0,,67,1,2008,3,40.0428,-75.0631,1624.0,6,0,0,0,0,1,0,0,0,2.0,0,0,0,16,1,0,1,,1,40 02:34.113,1.0,0,75 03:47.339,0,0,0,0,67301,0,0,0,N,0,0,0,3,67301,0,,1,9,,N,N,,0,,0,0,1,3.0,2,N,1622,0,2,0,0,0,0,0,3,4,0,2,7,,N,,,,,,,,,,,
2008051623,1423,1,0,0,0,0,0,0,0,0,4,0,,67,3,2008,1,,,1420.0,6,0,0,0,0,0,0,0,0,,0,0,0,14,1,1,2,,0,,,0,,4,0,0,0,67301,0,0,0,N,0,0,0,3,67301,1,,1,1,,N,N,,0,,0,0,0,3.0,3,,1418,1,2,0,0,0,0,0,3,3,1,2,3,,N,,,,,,,,,,,
2008051742,2120,1,0,0,0,0,0,0,0,0,5,0,,67,3,2008,2,39.9318,-75.2167,2114.0,6,0,0,0,0,0,0,0,0,,0,0,0,21,3,1,2,,0,39 55:54.480,,0,75 13:00.120,4,0,0,0,67301,0,0,0,N,0,0,0,4,67301,1,,1,1,,N,N,,0,,0,0,0,3.0,2,,2105,1,2,0,0,0,0,0,3,4,1,2,3,,N,,,,,,,,,,,
2008112138,1616,1,0,0,0,0,0,0,0,0,7,0,,67,10,2008,5,40.0247,-75.0309,1607.0,6,0,0,0,0,0,0,0,0,,0,0,0,16,1,1,0,,0,40 01:25.839,,2,75 01:51.708,3,0,0,0,67301,0,0,0,N,0,0,0,3,68K01,0,,2,1,,N,N,,0,,1,0,0,0.0,0,,1605,1,2,0,0,0,0,0,3,4,0,1,3,,N,,,,,,,,,,,
2008050188,245,2,0,0,0,0,0,0,0,0,6,0,,67,3,2008,7,39.9949,-75.1623,243.0,6,0,0,0,0,0,1,0,0,,0,0,0,2,3,2,0,,0,39 59:41.777,,0,75 09:44.365,3,0,0,0,67301,0,0,0,,0,0,0,4,67301,1,,1,1,,N,N,,1,,1,0,0,0.0,0,,240,2,3,0,0,0,0,0,3,4,0,3,3,,N,,,,,,,,,,,
2008050215,1001,2,0,0,0,0,0,0,0,0,4,0,,67,2,2008,1,39.9816,-75.1739,951.0,6,0,0,0,0,0,0,0,0,,0,0,0,99,1,1,1,,0,39 58:53.885,,0,75 10:25.911,8,0,0,0,67301,0,0,0,,0,0,0,5,67301,0,,1,1,,,,,0,,0,0,0,3.0,2,,9999,1,2,0,0,5,1,0,3,4,0,2,3,,N,,,,,,,,,,,
2008050246,1632,2,0,0,0,0,0,0,0,0,1,0,,67,2,2008,2,40.0945,-75.015,1630.0,6,0,0,0,0,0,2,0,0,2.0,0,0,0,16,1,0,1,,2,40 05:40.395,1.0,0,75 00:54.109,0,0,0,0,67301,0,0,0,,0,0,0,5,67301,0,,1,1,,,,,0,,0,0,1,3.0,2,N,1625,0,3,0,0,0,0,0,3,4,0,3,3,,N,,,,,,,,,,,
2008045539,826,1,0,0,0,0,0,0,0,0,7,0,,67,1,2008,5,39.973,-75.2185,822.0,6,0,0,1,0,0,0,0,0,,0,0,0,7,1,1,2,,0,39 58:22.000,,0,75 13:06.430,4,0,0,0,67301,0,0,0,N,0,0,0,1,67301,1,,5,2,,N,N,,0,,0,0,0,0.0,0,,745,1,1,0,0,0,0,0,3,4,0,1,3,,N,,,,,,,,,,,
2008045443,1230,1,0,0,0,0,0,0,0,0,4,0,,67,1,2008,5,39.9386,-75.1628,1229.0,6,0,0,0,0,0,0,1,0,,0,0,0,12,1,1,1,,0,39 56:18.981,,0,75 09:46.007,4,0,0,0,67301,0,0,0,N,0,0,0,4,67301,1,,4,1,,N,N,,0,,0,0,0,0.0,0,,1228,1,2,0,0,0,0,0,3,4,1,2,3,,N,,,,,,,,,,,
2008026608,2014,2,0,0,0,0,0,0,0,0,4,0,,67,1,2008,3,40.021,-75.0542,2008.0,6,0,0,0,1,0,0,0,0,2.0,0,0,0,20,3,1,1,,2,40 01:15.000,2.0,0,75 03:15.059,4,0,0,0,67301,0,0,0,N,0,0,0,2,67301,1,,1,1,,N,N,,0,,0,0,0,3.0,3,Y,2005,1,2,0,0,0,0,0,3,4,0,2,3,,N,,,,,,,,,,,
2008053190,9999,1,0,0,0,0,0,0,0,0,4,1,,67,2,2008,2,39.9428,-75.1505,9999.0,6,0,0,0,0,0,0,0,0,,0,1,0,99,3,0,1,,0,39 56:34.191,,0,75 09:01.951,0,0,0,0,67301,0,0,0,N,0,0,0,3,67301,0,,1,1,,N,N,,0,,0,0,0,1.0,2,,9999,0,2,0,0,0,0,0,3,4,0,2,3,,N,,,,,,,,,,,
2008050741,317,2,0,0,0,0,0,0,0,0,2,0,,67,3,2008,5,39.9411,-75.2295,317.0,6,0,0,1,0,0,0,0,0,,0,0,0,3,3,0,0,,0,39 56:27.895,,0,75 13:46.105,9,0,0,0,67301,0,0,0,N,0,0,0,1,67301,0,,1,1,,N,N,,0,,0,0,1,0.0,0,,317,0,3,0,0,0,0,1,3,4,0,3,3,,N,,,,,,,,,,,
2008044017,1152,2,0,0,0,0,0,0,0,0,2,0,,67,1,2008,6,40.0359,-75.1266,1149.0,6,0,1,0,0,0,0,0,0,,0,0,0,11,1,1,1,,0,40 02:09.000,,0,75 07:35.780,8,0,0,0,67301,0,0,0,,0,0,0,5,67301,0,,1,9,,N,N,,0,,0,0,0,3.0,3,,1142,1,2,0,0,0,1,0,3,4,0,2,7,,N,,,,,,,,,,,
2008044027,2247,1,0,0,0,0,0,0,0,0,7,0,,67,1,2008,7,39.9951,-75.1632,2243.0,6,0,0,0,0,0,0,0,0,,0,0,0,22,3,1,2,,0,39 59:42.000,,0,75 09:47.474,8,0,0,0,67301,0,0,0,,0,0,0,1,67301,0,,4,1,,,,,0,,0,0,0,3.0,2,,2240,1,1,0,0,0,1,0,3,4,0,1,3,,N,,,,,,,,,,,
2008041260,912,0,0,0,0,0,0,0,0,0,8,0,,67,2,2008,4,40.0582,-75.1632,911.0,6,0,0,0,0,0,1,0,0,,0,0,0,9,1,1,1,,0,40 03:29.622,,0,75 09:47.410,4,0,0,0,67301,1,0,0,N,1,0,0,2,67301,1,,1,9,,N,N,,0,,0,0,1,3.0,3,,910,1,2,0,0,0,0,0,3,4,0,1,7,,N,,,,,,,,,,,
2008034047,609,1,0,0,0,0,0,0,0,0,7,0,,67,2,2008,7,39.9492,-75.1846,548.0,6,0,0,0,0,0,0,0,0,2.0,0,0,0,5,5,1,0,,2,39 56:57.174,4.0,0,75 11:04.605,4,0,0,0,67301,0,0,0,Y,0,0,0,1,68K01,1,,2,9,,N,N,,0,,0,0,0,0.0,0,N,540,1,1,0,0,0,0,0,3,4,0,1,3,,N,,,,,,,,,,,
2008069318,426,2,0,0,0,0,0,0,0,0,6,0,,67,4,2008,7,40.0643,-75.0505,420.0,6,0,0,0,0,0,0,0,0,,0,0,0,4,3,0,0,,0,40 03:51.591,,0,75 03:01.728,0,0,0,0,67301,0,0,0,N,0,0,0,1,67301,0,,1,9,,N,N,,0,,0,0,0,0.0,0,,415,0,2,0,0,0,0,0,3,4,0,2,7,5.0,N,,,,,,,,,,,
2008108952,1632,0,0,0,0,0,0,0,0,0,8,0,,67,8,2008,1,40.0385,-75.1253,1630.0,6,0,0,0,0,0,0,1,0,,0,0,0,99,1,1,0,,0,40 02:18.661,,0,75 07:30.993,8,0,0,0,67301,1,0,0,N,1,0,0,2,67301,0,,6,1,,N,N,,0,,0,0,0,0.0,0,,9999,1,2,0,0,0,1,0,3,4,1,1,3,,N,,,,,,,,,,,
2008108983,9999,1,0,0,0,0,0,0,0,0,7,0,,67,8,2008,7,39.9512,-75.1434,9999.0,6,0,0,0,0,0,0,0,0,1.0,0,0,0,2,3,0,0,,1,39 57:04.390,2.0,0,75 08:36.230,0,0,0,0,67301,0,0,0,N,0,0,0,1,67301,0,,1,9,,,,,0,,0,0,0,0.0,0,Y,215,0,1,0,0,0,0,0,3,4,0,1,7,,N,,,,,,,,,,,
2008108987,9999,2,0,0,0,0,0,0,0,0,1,0,,67,8,2008,5,40.0391,-75.0606,9999.0,6,0,0,0,0,0,0,0,0,2.0,0,0,0,20,3,3,0,,1,40 02:20.760,2.0,0,75 03:38.160,4,0,0,0,67301,0,0,0,N,0,0,0,4,67301,3,,1,1,,N,N,,0,,0,0,0,0.0,0,Y,2030,3,2,0,0,0,0,0,3,4,0,2,3,,N,,,,,,,,,,,
2008118556,59,1,0,0,0,0,0,0,0,0,8,0,,67,9,2008,7,40.0105,-75.0791,52.0,6,0,0,0,0,0,0,0,0,,0,0,0,0,3,1,1,,0,40 00:37.338,,0,75 04:45.649,4,0,0,0,67301,1,0,0,N,1,0,0,2,67301,1,,1,9,,N,N,,0,,0,0,0,3.0,2,,51,1,2,0,0,0,0,0,3,4,0,1,7,,N,,,,,,,,,,,
2008108638,1805,1,0,0,0,0,0,0,0,0,8,0,,67,8,2008,5,40.0442,-75.1627,1801.0,6,0,0,0,0,0,0,0,0,,0,0,0,18,1,1,1,,0,40 02:39.089,,0,75 09:45.869,4,0,0,0,67301,1,0,0,N,1,0,0,2,67301,1,,2,1,,N,N,,0,,0,0,0,3.0,2,,1800,1,2,0,0,0,0,0,3,4,0,1,3,,N,,,,,,,,,,,
2008121089,1026,2,0,0,0,0,0,0,0,0,4,0,,67,9,2008,5,39.9977,-75.1515,1015.0,6,0,0,0,0,0,1,0,0,,0,0,0,10,1,1,2,,0,39 59:51.770,,0,75 09:05.425,4,0,0,0,67301,0,0,0,N,0,0,0,3,67301,1,,1,1,,N,N,,0,,0,0,0,0.0,0,,1000,1,2,0,0,0,0,0,3,4,0,2,3,,N,,,,,,,,,,,
2008121106,9999,1,0,0,0,0,0,0,0,0,3,0,,67,9,2008,1,40.0416,-75.1471,9999.0,6,0,0,0,0,0,1,0,0,,0,0,0,22,3,3,1,,0,40 02:29.680,,0,75 08:49.502,4,0,0,0,67301,0,0,0,N,0,0,0,5,67301,3,,9,1,,N,N,,0,,0,0,0,9.0,3,,2230,3,2,0,0,3,0,2,3,4,0,2,3,,N,,,,,,,,,,,
2008101429,334,1,0,0,0,0,0,0,0,0,1,0,,67,9,2008,7,39.9765,-75.1146,330.0,6,0,0,0,0,1,0,0,0,2.0,0,0,0,3,3,2,0,,1,39 58:41.336,2.0,0,75 06:40.736,3,0,0,0,67301,0,0,0,N,0,0,0,3,68K01,0,,1,1,,N,N,,1,,2,0,0,0.0,0,N,326,2,2,0,0,0,0,0,3,4,0,2,3,,N,,,,,,,,,,,
2008118902,2140,1,0,0,0,0,0,0,0,0,8,0,,67,8,2008,4,40.0575,-75.0348,2135.0,6,0,0,0,0,0,0,0,0,3.0,0,0,0,21,2,1,0,,2,40 03:27.171,4.0,0,75 02:06.286,2,0,0,0,67301,1,0,1,,1,0,1,3,67301,0,,1,1,,,,,0,,0,1,0,0.0,0,Y,2133,1,2,0,0,0,0,0,3,4,0,1,3,,N,,,,,,,,,,,
2008099267,2350,0,0,0,0,0,0,0,0,0,7,0,,67,7,2008,3,39.9689,-75.1362,2348.0,6,0,0,0,0,0,1,0,0,,0,0,0,23,3,0,1,,0,39 58:08.115,,0,75 08:10.344,0,0,0,0,67301,0,0,0,,0,0,0,1,67301,0,,3,1,,,,,0,,0,0,0,3.0,2,,2339,0,1,0,0,0,0,0,3,4,1,1,3,,N,,,,,,,,,,,
2008118970,15,1,0,0,0,0,0,0,0,0,4,0,,67,9,2008,3,,,6.0,6,0,0,0,0,0,0,0,0,,0,0,0,0,3,0,0,,0,,,0,,0,0,0,0,67301,0,0,0,N,0,0,0,1,67301,0,,1,1,,N,N,,0,,0,0,1,0.0,0,,5,0,2,0,0,0,0,0,3,3,0,2,3,,N,,,,,,,,,,,
2008108589,2210,2,0,0,0,0,0,0,0,0,1,0,,67,8,2008,6,40.0468,-75.1375,2210.0,6,0,0,0,1,0,1,0,0,,0,0,0,22,3,2,1,,0,40 02:48.483,,0,75 08:15.121,4,0,0,0,67301,0,0,0,N,0,0,0,3,67301,2,,1,1,,N,N,,0,,0,0,0,3.0,2,,2200,2,2,0,0,0,0,0,3,4,0,2,3,,N,,,,,,,,,,,
2008098620,1412,1,0,0,0,0,0,0,0,1,4,0,,67,7,2008,7,40.0505,-75.173,1410.0,6,0,0,0,0,0,0,0,0,,0,0,0,14,1,3,0,,0,40 03:01.793,,0,75 10:22.791,2,0,0,0,67301,0,0,0,N,0,0,0,3,67301,1,,2,1,,N,N,,0,,0,2,0,0.0,0,,1410,3,2,0,2,3,0,0,3,4,1,2,3,,N,,,,,,,,,,,
2008026693,1555,1,0,0,0,0,0,0,0,0,2,0,,67,1,2008,4,39.9872,-75.2564,1550.0,6,0,0,0,0,0,2,0,0,,0,0,0,15,1,1,0,,0,39 59:13.000,,0,75 15:23.022,8,0,0,0,67301,0,0,0,,0,0,0,2,67301,0,,1,1,,N,N,,1,,0,0,0,0.0,0,,1550,1,2,0,0,0,1,0,3,4,0,2,3,,N,,,,,,,,,,,
2008064222,1038,3,0,0,0,0,0,0,0,0,1,0,,67,3,2008,3,40.0827,-75.0403,1037.0,6,0,0,0,0,0,2,0,0,,0,0,0,10,1,1,0,,0,40 04:52.719,,0,75 02:29.138,4,0,0,0,67301,0,0,0,N,0,0,0,4,67301,1,,1,1,,N,N,,0,,0,0,0,0.0,0,,1037,1,3,0,0,0,0,0,3,4,0,3,3,,N,,,,,,,,,,,
2008059199,2100,2,0,0,0,0,0,0,0,0,4,0,,67,3,2008,2,40.1015,-74.9924,2055.0,6,0,0,0,0,0,0,0,0,,0,0,0,20,3,1,0,,0,40 06:05.500,,0,74 59:32.542,4,0,0,0,67301,0,0,0,N,0,0,0,1,67301,1,,1,1,,N,N,,0,,0,0,2,0.0,0,,2055,1,4,0,0,0,0,0,3,4,0,4,3,,N,,,,,,,,,,,
2008059207,1926,3,0,0,0,0,0,0,0,0,6,0,,67,3,2008,4,40.0136,-75.2004,1924.0,6,0,0,0,0,0,0,0,0,1.0,0,0,0,19,3,0,0,,1,40 00:48.852,3.0,0,75 12:01.443,9,0,0,0,67301,0,0,0,N,0,0,0,4,67301,0,,1,9,,N,N,,0,,0,0,0,0.0,0,Y,1915,0,3,0,0,0,0,1,3,4,0,3,7,,N,,,,,,,,,,,
2008056916,2156,2,0,0,0,0,0,0,0,0,2,0,,67,4,2008,7,39.9954,-75.239,2153.0,6,0,1,0,0,0,0,0,0,,0,0,0,21,3,0,2,,0,39 59:45.383,,0,75 14:16.070,0,0,0,0,67301,0,0,0,N,0,0,0,5,46104,0,,1,1,,N,N,,0,,0,0,0,3.0,2,,2147,0,2,0,0,0,0,0,3,4,0,2,3,,N,,,,,,,,,,,