CRN,ARRIVAL_TM,AUTOMOBILE_COUNT,BELTED_DEATH_COUNT,BELTED_SUSP_SERIOUS_INJ_COUNT,BICYCLE_COUNT,BICYCLE_DEATH_COUNT,BICYCLE_SUSP_SERIOUS_INJ_COUNT,BUS_COUNT,CHLDPAS_DEATH_COUNT,CHLDPAS_SUSP_SERIOUS_INJ_COUNT,COLLISION_TYPE,COMM_VEH_COUNT,CONS_ZONE_SPD_LIM,COUNTY,CRASH_MONTH,CRASH_YEAR,DAY_OF_WEEK,DEC_LAT,DEC_LONG,DISPATCH_TM,DISTRICT,DRIVER_COUNT_16YR,DRIVER_COUNT_17YR,DRIVER_COUNT_18YR,DRIVER_COUNT_19YR,DRIVER_COUNT_20YR,DRIVER_COUNT_50_64YR,DRIVER_COUNT_65_74YR,DRIVER_COUNT_75PLUS,EST_HRS_CLOSED,FATAL_COUNT,HEAVY_TRUCK_COUNT,HORSE_BUGGY_COUNT,HOUR_OF_DAY,ILLUMINATION,INJURY_COUNT,INTERSECT_TYPE,INTERSECTION_RELATED,LANE_CLOSED,LATITUDE,LN_CLOSE_DIR,LOCATION_TYPE,LONGITUDE,MAX_SEVERITY_LEVEL,MCYCLE_DEATH_COUNT,MCYCLE_SUSP_SERIOUS_INJ_COUNT,MOTORCYCLE_COUNT,MUNICIPALITY,NONMOTR_COUNT,NONMOTR_DEATH_COUNT,NONMOTR_SUSP_SERIOUS_INJ_COUNT,NTFY_HIWY_MAINT,PED_COUNT,PED_DEATH_COUNT,PED_SUSP_SERIOUS_INJ_COUNT,PERSON_COUNT,POLICE_AGCY,POSSIBLE_INJ_COUNT,RDWY_SURF_TYPE_CD,RELATION_TO_ROAD,ROAD_CONDITION,ROADWAY_CLEARED,SCH_BUS_IND,SCH_ZONE_IND,SECONDARY_CRASH,SMALL_TRUCK_COUNT,SPEC_JURIS_CD,SUSP_MINOR_INJ_COUNT,SUSP_SERIOUS_INJ_COUNT,SUV_COUNT,TCD_FUNC_CD,TCD_TYPE,TFC_DETOUR_IND,TIME_OF_DAY,TOT_INJ_COUNT,TOTAL_UNITS,UNB_DEATH_COUNT,UNB_SUSP_SERIOUS_INJ_COUNT,UNBELTED_OCC_COUNT,UNK_INJ_DEG_COUNT,UNK_INJ_PER_COUNT,URBAN_AREA,URBAN_RURAL,VAN_COUNT,VEHICLE_COUNT,WEATHER1,WEATHER2,WORK_ZONE_IND,WORK_ZONE_LOC,WORK_ZONE_TYPE,WORKERS_PRES,WZ_CLOSE_DETOUR,WZ_FLAGGER,WZ_LAW_OFFCR_IND,WZ_LN_CLOSURE,WZ_MOVING,WZ_OTHER,WZ_SHLDER_MDN,WZ_WORKERS_INJ_KILLED
2008051774,1625,2,0,0,0,0,0,0,0,0,5,0,,67,3,2008,2,39.955,-75.168,1620.0,6,0,0,0,0,0,0,0,0,,0,0,0,16,1,2,2,,0,39 57:18.079,,0,75 10:04.799,8,0,0,0,67301,0,0,0,N,0,0,0,4,67301,0,,1,1,,N,N,,0,,0,0,0,0.0,0,,1600,2,2,0,0,0,2,0,3,4,0,2,3,,N,,,,,,,,,,,
2008051724,1623,2,0,0,0,0,0,0,0,0,1,0,,67,2,2008,3,39.9594,-75.1738,1619.0,6,0,0,0,0,0,0,0,0,1.0,0,0,0,16,1,1,0,,1,39 57:35.020,4.0,0,75 10:35.930,4,0,0,0,67301,0,0,0,N,0,0,0,2,67301,1,,1,9,,N,N,,0,,0,0,0,0.0,0,N,1610,1,2,0,0,0,0,0,3,4,0,2,7,,N,,,,,,,,,,,
2008050118,453,2,0,0,0,0,0,0,0,0,5,0,,67,3,2008,1,39.9924,-75.0854,447.0,6,0,0,0,0,0,0,0,0,2.0,0,0,0,4,2,2,0,,2,39 59:33.000,1.0,0,75 05:07.440,3,0,0,0,67301,0,0,0,N,0,0,0,4,68K01,0,,1,1,,N,N,,0,,1,0,0,0.0,0,N,445,2,2,0,0,1,1,0,3,4,0,2,3,,N,,,,,,,,,,,
2008047722,822,1,0,0,0,0,0,0,0,0,1,0,,67,1,2008,5,39.9644,-75.2226,820.0,6,0,0,0,0,0,0,0,0,,0,0,0,8,1,2,0,,0,39 57:51.332,,0,75 13:19.287,8,0,0,0,67301,0,0,0,,0,0,0,3,67301,0,,1,1,,N,N,,0,,0,0,1,3.0,2,,820,2,2,0,0,0,2,0,3,4,0,2,3,,N,,,,,,,,,,,
2008045541,804,1,0,0,0,0,0,0,0,0,2,0,,67,1,2008,5,40.0468,-75.0703,759.0,6,0,0,0,0,0,0,0,0,9.0,0,0,0,7,1,4,1,,2,40 02:48.424,7.0,0,75 04:13.037,2,0,1,1,67301,0,0,0,N,0,0,0,4,67301,3,,1,1,,N,N,,0,,0,1,0,3.0,2,Y,756,4,2,0,0,0,0,0,3,4,0,2,3,,N,,,,,,,,,,,
2008043076,1633,0,0,0,0,0,0,1,0,0,1,1,,67,2,2008,5,40.0052,-75.1964,1620.0,6,0,0,0,0,0,1,0,0,1.0,0,0,0,16,1,0,6,,1,40 00:16.920,3.0,2,75 11:45.240,0,0,0,0,67301,0,0,0,N,0,0,0,3,68K01,0,,1,1,,Y,N,,1,,0,0,1,0.0,0,N,1619,0,3,0,0,0,0,0,3,4,0,3,3,,N,,,,,,,,,,,
2008040758,2114,1,0,0,0,0,0,0,0,0,4,0,,67,2,2008,5,39.9898,-75.104,2110.0,6,0,0,0,0,1,0,0,0,,0,0,0,21,3,1,1,,0,39 59:23.348,,0,75 06:14.229,3,0,0,1,67301,0,0,0,,0,0,0,2,67301,0,,1,1,,N,N,,0,,1,0,0,3.0,2,,2105,1,2,0,0,1,0,0,3,4,0,2,3,,N,,,,,,,,,,,
2008053176,310,3,0,0,0,0,0,0,0,0,1,0,,67,3,2008,7,40.0258,-75.1212,305.0,6,0,0,0,0,0,0,0,0,1.0,0,0,0,3,3,0,0,,2,40 01:32.880,1.0,0,75 07:16.320,0,0,0,0,67301,0,0,0,N,0,0,0,3,67301,0,,1,9,,N,N,,0,,0,0,0,0.0,0,N,305,0,3,0,0,2,0,0,3,4,0,3,7,,N,,,,,,,,,,,
2008050735,1303,2,0,0,0,0,0,0,0,0,4,0,,67,2,2008,6,39.9218,-75.1902,1302.0,6,0,0,0,0,1,0,0,0,,0,0,0,12,1,1,1,,0,39 55:18.620,,0,75 11:24.786,4,0,0,0,67301,0,0,0,N,0,0,0,2,67301,1,,1,1,,N,N,,0,,0,0,0,3.0,2,,1202,1,2,0,0,0,0,0,3,4,0,2,3,,N,,,,,,,,,,,
2008050895,905,1,0,2,0,0,0,0,0,0,4,0,,67,2,2008,7,39.9549,-75.1511,901.0,6,0,0,1,0,0,0,1,0,,0,0,0,8,1,3,1,,0,39 57:17.491,,0,75 09:04.108,2,0,0,0,67301,0,0,0,,0,0,0,4,67301,1,,1,9,,,,,0,,0,2,1,3.0,2,,855,3,2,0,0,0,0,0,3,4,0,2,7,,N,,,,,,,,,,,
2008048113,256,1,0,0,0,0,0,0,0,0,7,0,,67,3,2008,5,39.9461,-75.1893,249.0,6,0,0,0,0,0,0,0,0,1.0,0,0,0,2,3,0,0,,1,39 56:45.960,3.0,0,75 11:21.480,9,0,0,0,67301,0,0,0,Y,0,0,0,2,68K01,0,,2,1,,N,N,,0,,0,0,0,0.0,0,N,249,0,1,0,0,0,0,1,3,4,0,1,3,,N,,,,,,,,,,,
2008050755,1305,2,0,0,0,0,0,0,0,0,4,0,,67,2,2008,3,40.0037,-75.1689,1301.0,6,0,0,0,0,1,0,0,0,,0,0,0,13,1,2,1,,0,40 00:13.178,,0,75 10:08.096,3,0,0,0,67301,0,0,0,N,0,0,0,4,67301,0,,1,9,,N,N,,0,,2,0,0,3.0,2,,1301,2,2,0,0,0,0,0,3,4,0,2,3,,N,,,,,,,,,,,
2008048195,1600,2,0,0,0,0,0,0,0,0,4,0,,67,1,2008,5,40.0825,-75.0405,1550.0,6,0,0,0,0,0,0,1,0,9.0,0,0,0,15,1,1,2,,1,40 04:57.000,4.0,0,75 02:25.800,4,0,0,0,67301,0,0,0,,0,0,0,3,67301,1,,1,1,,,,,0,,0,0,0,2.0,2,N,1550,1,2,0,0,0,0,0,3,4,0,2,3,,N,,,,,,,,,,,
2008050885,1823,1,0,0,0,0,0,0,0,0,4,0,,67,3,2008,2,40.0272,-75.1512,1820.0,6,0,0,0,0,0,0,0,0,,0,0,0,18,3,1,1,,0,40 01:37.801,,0,75 09:04.478,3,0,0,0,67301,0,0,0,N,0,0,0,3,67301,0,,9,1,,N,N,,0,,1,0,0,3.0,2,,1800,1,2,0,0,1,0,2,3,4,0,2,3,,N,,,,,,,,,,,
2008041310,1015,2,0,0,0,0,0,0,0,0,1,0,,67,2,2008,7,39.9839,-75.1195,1012.0,6,0,0,0,0,0,0,0,0,,0,0,0,10,1,1,0,,0,39 59:01.930,,0,75 07:10.300,4,0,0,0,67301,0,0,0,N,0,0,0,1,67301,1,,2,1,,N,N,,0,,0,0,1,0.0,0,,1012,1,3,0,0,0,0,0,3,4,0,3,99,,N,,,,,,,,,,,
2008120932,2335,2,0,0,0,0,0,0,0,0,4,0,,67,10,2008,7,40.0553,-75.0733,2333.0,6,0,0,0,0,0,0,0,0,2.0,0,0,0,23,3,0,2,,2,40 03:19.147,2.0,0,75 04:24.059,0,0,0,0,67301,0,0,0,N,0,0,0,3,67301,0,,1,1,,N,N,,0,,0,0,0,3.0,3,N,2330,0,2,0,0,0,0,0,3,4,0,2,3,,N,,,,,,,,,,,
2008069308,2030,1,0,0,0,0,0,0,0,0,8,0,,67,4,2008,5,39.922,-75.2356,2029.0,6,0,0,0,0,0,0,1,0,,0,0,0,17,1,1,0,,0,39 55:19.290,,0,75 14:08.012,8,0,0,0,67301,1,0,0,,1,0,0,2,67301,0,,1,1,,,,,0,,0,0,0,0.0,0,,1759,1,2,0,0,0,1,0,3,4,0,1,3,,N,,,,,,,,,,,
2008108961,9999,2,0,0,0,0,0,0,0,0,5,0,,67,9,2008,5,40.0275,-75.1655,835.0,6,0,0,0,0,0,0,0,0,,0,0,0,99,1,2,0,,0,40 01:38.978,,0,75 09:55.785,4,0,0,0,67301,2,0,0,,0,0,0,3,67301,2,,1,1,,N,N,,0,,0,0,1,9.0,2,,9999,2,4,0,0,0,0,0,3,4,1,4,3,,N,,,,,,,,,,,
2008093893,837,1,0,0,0,0,0,0,0,0,4,0,,67,8,2008,7,39.9722,-75.1248,837.0,6,0,0,0,0,0,1,0,0,,0,0,0,8,1,0,3,,0,39 58:21.000,,2,75 07:24.600,0,0,0,0,67301,0,0,0,N,0,0,0,3,68K01,0,,1,1,,N,N,,1,,0,0,0,3.0,4,,837,0,2,0,0,0,0,0,3,4,0,2,3,,N,,,,,,,,,,,
2008103648,50,0,0,0,0,0,0,0,0,0,7,1,,67,6,2008,5,39.9214,-75.1906,23.0,6,0,0,0,0,0,1,0,0,9.0,0,1,0,0,3,1,0,,2,39 55:17.040,3.0,0,75 11:26.160,3,0,0,0,67301,0,0,0,N,0,0,0,1,67301,0,,3,1,,N,N,,0,,1,0,0,0.0,0,Y,18,1,1,0,0,0,0,0,3,4,0,1,3,,N,,,,,,,,,,,
2008099232,340,1,0,0,0,0,0,0,0,0,7,0,,67,6,2008,6,40.0148,-75.2061,335.0,6,0,0,0,0,0,0,0,0,,0,0,0,3,3,1,0,,0,40 00:53.327,,0,75 12:22.095,8,0,0,0,67301,0,0,0,N,0,0,0,1,67301,0,,2,1,,N,N,,0,,0,0,0,0.0,0,,330,1,1,0,0,0,1,0,3,4,0,1,3,,N,,,,,,,,,,,
2008108590,2331,1,0,0,0,0,0,0,0,0,1,0,,67,8,2008,1,40.0195,-75.1452,2326.0,6,0,0,0,0,0,0,0,0,,0,0,0,23,3,1,0,,0,40 01:10.102,,0,75 08:42.611,3,0,0,1,67301,0,0,0,N,0,0,0,2,67301,0,,1,1,,N,N,,0,,1,0,0,0.0,0,,2320,1,2,0,0,0,0,0,3,4,0,2,3,,N,,,,,,,,,,,
2008101535,1147,1,0,0,0,0,0,0,0,0,7,0,,67,9,2008,3,40.0481,-74.999,1144.0,6,0,0,0,0,0,0,0,0,,0,0,0,11,1,0,0,,0,40 02:53.500,,0,74 59:55.590,0,0,0,0,67301,0,0,0,N,0,0,0,1,68K01,0,,2,9,,N,N,,0,,0,0,0,0.0,0,,1139,0,1,0,0,0,0,0,3,4,0,1,7,,N,,,,,,,,,,,
2008103444,1940,1,0,0,0,0,0,0,0,0,4,0,,67,8,2008,1,39.9835,-75.1156,1927.0,6,0,0,0,0,0,0,1,0,,0,0,0,19,1,1,1,,0,39 59:00.667,,0,75 06:56.040,4,0,0,0,67301,0,0,0,N,0,0,0,6,67301,1,,1,1,,N,N,,0,,0,0,1,3.0,2,,1917,1,2,0,0,0,0,0,3,4,0,2,3,,N,,,,,,,,,,,
2008099130,1014,1,0,0,0,0,0,0,0,0,1,0,,67,9,2008,3,40.0052,-75.2182,1010.0,6,0,0,0,0,0,0,0,0,,0,0,0,10,1,0,0,,0,40 00:18.588,,0,75 13:05.397,0,0,0,0,67301,0,0,0,N,0,0,0,3,46104,0,,1,1,,N,N,,0,,0,0,1,0.0,0,,1010,0,2,0,0,0,0,0,3,4,0,2,3,,N,,,,,,,,,,,
2008098647,1600,0,0,0,0,0,0,0,0,0,4,0,,67,8,2008,2,40.047,-74.9928,1550.0,6,0,0,0,0,0,0,0,0,,0,0,0,15,1,1,1,,0,40 02:49.120,,0,74 59:34.255,8,0,0,0,67301,0,0,0,N,0,0,0,2,67301,0,,1,1,,N,N,,0,,0,0,1,3.0,2,,1549,1,2,0,0,0,1,0,3,4,1,2,3,,N,,,,,,,,,,,
2008098654,1705,1,0,0,0,0,0,0,0,0,4,0,,67,7,2008,1,40.0809,-75.0288,1700.0,6,0,0,0,1,0,0,0,0,2.0,0,0,0,16,1,0,1,,2,40 04:50.820,2.0,0,75 01:42.117,9,0,0,0,67301,0,0,0,N,0,0,0,6,67301,0,,1,1,,N,N,,0,,0,0,0,3.0,2,Y,1658,0,2,0,0,0,0,1,3,4,1,2,3,,N,,,,,,,,,,,
2008121131,1803,1,0,0,0,0,0,0,0,0,4,0,,67,10,2008,1,40.0015,-75.1712,1758.0,6,0,0,0,0,0,0,0,0,,0,0,0,17,1,1,2,,0,40 00:05.439,,0,75 10:16.402,3,0,0,2,67301,0,0,0,,0,0,0,2,67301,0,,1,1,,,,,0,,1,0,0,0.0,0,,1758,1,3,0,0,0,0,0,3,4,0,3,3,,N,,,,,,,,,,,
2008069444,1447,2,0,0,0,0,0,0,0,0,2,0,,67,4,2008,5,39.9487,-75.1899,1444.0,6,0,0,0,0,0,0,1,0,,0,0,0,14,1,0,0,,0,39 56:55.215,,0,75 11:23.707,0,0,0,0,67301,0,0,0,N,0,0,0,2,67301,0,,1,1,,N,N,,0,,0,0,0,0.0,0,,1440,0,2,0,0,0,0,0,3,4,0,2,3,,N,,,,,,,,,,,
2008069546,1639,3,0,0,0,0,0,0,0,0,2,0,,67,4,2008,6,39.9405,-75.1744,1637.0,6,0,0,0,0,0,0,0,0,,0,0,0,16,1,1,1,,0,39 56:25.908,,0,75 10:27.753,4,0,0,0,67301,0,0,0,,0,0,0,3,67301,1,,2,1,,,,,0,,0,0,0,3.0,3,,1635,1,3,0,0,0,0,2,3,4,0,3,99,,N,,,,,,,,,,,
2008082262,958,2,0,0,0,0,0,0,0,0,4,0,,67,5,2008,4,40.0336,-75.1821,958.0,6,0,0,0,1,0,0,0,0,,0,0,0,9,1,0,2,,0,40 02:00.894,,0,75 10:55.467,0,0,0,0,67301,0,0,0,,0,0,0,3,67301,0,,1,1,,,,,0,,0,0,0,0.0,0,,948,0,2,0,0,0,0,0,3,4,0,2,3,,N,,,,,,,,,,,
2008104441,1945,1,0,0,0,0,0,0,0,0,2,0,,67,6,2008,6,39.9543,-75.224,1941.0,6,0,0,0,0,0,0,0,0,,0,0,0,19,1,0,1,,0,39 57:15.642,,0,75 13:26.511,0,0,0,0,67301,0,0,0,N,0,0,0,4,67301,0,,1,1,,N,N,,0,,0,0,1,3.0,2,,1939,0,2,0,0,0,0,0,3,4,0,2,3,,N,,,,,,,,,,,
2008079064,909,1,0,0,0,0,0,0,0,0,5,0,,67,5,2008,3,40.0663,-75.1506,850.0,6,0,0,0,0,0,0,0,0,,0,0,0,8,1,0,0,,0,40 03:58.833,,0,75 09:02.266,9,0,0,0,67301,0,0,0,N,0,0,0,2,67301,0,,6,1,,N,N,,0,,0,0,1,3.0,3,,829,0,2,0,0,1,0,2,3,4,0,2,3,,N,,,,,,,,,,,
2008079078,1751,2,0,0,0,0,0,0,0,0,1,0,,67,5,2008,6,40.0275,-75.1345,1745.0,6,0,0,0,1,0,1,0,0,,0,0,0,17,1,6,1,,0,40 01:39.115,,0,75 08:04.153,4,0,0,0,67301,0,0,0,N,0,0,0,7,67301,6,,1,1,,N,N,,0,,0,0,0,3.0,3,,1730,6,2,0,0,0,0,0,3,4,0,2,3,,N,,,,,,,,,,,
2008097549,517,2,0,0,0,0,0,0,0,0,1,0,,67,7,2008,1,40.0351,-75.0307,511.0,6,0,0,0,1,0,0,0,0,,0,0,0,4,5,0,0,,0,40 02:06.284,,0,75 01:50.520,0,0,0,0,67301,0,0,0,N,0,0,0,1,67301,0,,6,1,,N,N,,0,,0,0,1,0.0,0,,457,0,3,0,0,0,0,0,3,4,0,3,3,,N,,,,,,,,,,,
2008088956,23,3,0,0,0,0,0,0,0,0,1,0,,67,5,2008,1,40.0389,-75.0886,4.0,6,0,1,0,0,0,0,0,0,3.0,0,0,0,0,3,3,0,,2,40 02:20.263,5.0,0,75 05:18.950,8,0,0,0,67301,0,0,0,,0,0,0,5,67301,0,,1,1,,,,,0,,0,0,0,0.0,0,N,4,3,3,0,0,0,3,0,3,4,0,3,3,,N,,,,,,,,,,,
2008083929,846,0,0,0,0,0,0,0,0,0,8,0,,67,7,2008,5,39.9971,-75.2353,845.0,6,0,0,0,0,0,0,0,0,,0,0,0,8,1,1,1,,0,39 59:52.372,,0,75 14:01.194,4,0,0,0,67301,1,0,0,N,1,0,0,4,46104,1,,1,1,,N,N,,0,,0,0,0,3.0,2,,830,1,2,0,0,0,0,0,3,4,1,1,3,,N,,,,,,,,,,,
2008081066,1110,0,0,0,0,0,0,0,0,0,5,0,,67,5,2008,6,40.0564,-75.0277,1105.0,6,0,0,0,0,0,1,0,0,,0,0,0,11,1,0,0,,0,40 03:22.941,,0,75 01:40.480,0,0,0,0,67301,0,0,0,N,0,0,0,1,67301,0,,1,1,,N,N,,1,,0,0,1,0.0,0,,1100,0,2,0,0,0,0,0,3,4,0,2,3,,N,,,,,,,,,,,
2008069687,1146,3,0,0,0,0,0,0,0,0,4,0,,67,4,2008,1,40.0344,-75.1727,1144.0,6,0,0,0,0,0,0,1,0,,0,0,0,11,1,2,2,,0,40 02:03.707,,0,75 10:21.788,8,0,0,0,67301,0,0,0,N,0,0,0,4,67301,0,,1,1,,N,N,,0,,0,0,0,3.0,2,,1145,2,3,0,0,2,2,0,3,4,0,3,3,,N,,,,,,,,,,,
2008119748,1527,0,0,0,0,0,0,0,0,0,8,0,,67,9,2008,3,40.0334,-75.1755,1525.0,6,0,0,0,0,0,0,0,0,,0,0,0,15,1,2,1,,0,40 02:00.236,,0,75 10:31.717,8,0,0,0,67301,2,0,0,N,2,0,0,3,67301,0,,1,1,,N,Y,,0,,0,0,1,3.0,3,,1525,2,3,0,0,0,2,0,3,4,0,1,3,,N,,,,,,,,,,,
2008132885,118,1,0,0,0,0,0,0,0,0,7,0,,67,10,2008,1,39.9562,-75.1869,115.0,6,0,0,0,0,0,0,0,0,,0,0,0,0,3,1,0,,0,39 57:22.489,,0,75 11:12.828,8,0,0,0,67301,0,0,0,N,0,0,0,1,67301,0,,4,9,,N,N,,0,,0,0,0,0.0,0,,50,1,1,0,0,0,1,0,3,4,0,1,7,,N,,,,,,,,,,,
2008135260,9999,2,0,0,0,0,0,0,0,0,4,0,,67,10,2008,5,39.9996,-75.1251,934.0,6,0,0,0,0,0,0,0,0,,0,0,0,9,1,2,1,,0,39 59:58.555,,0,75 07:30.237,8,0,0,0,67301,0,0,0,,0,0,0,2,67301,0,,1,1,,N,Y,,0,,0,0,0,3.0,2,,934,2,2,0,0,0,2,0,3,4,0,2,3,,N,,,,,,,,,,,
2008124817,1052,1,0,0,0,0,0,0,0,0,8,0,,67,8,2008,6,40.0272,-75.0989,1050.0,6,0,0,0,0,0,0,0,0,,0,0,0,10,1,1,1,,0,40 01:38.505,,0,75 05:56.834,8,0,0,0,67301,1,0,0,N,1,0,0,2,67301,0,,1,1,,N,N,,0,,0,0,0,3.0,2,,1050,1,2,0,0,0,1,0,3,4,0,1,3,,N,,,,,,,,,,,
2008026675,449,1,0,0,0,0,0,0,0,0,4,0,,67,1,2008,3,39.9996,-75.1905,447.0,6,0,0,0,1,0,0,0,0,,0,0,0,2,3,10,1,,0,39 59:58.739,,0,75 11:25.757,8,0,0,0,67301,0,0,0,N,0,0,0,10,67301,0,,1,1,,N,N,,0,,0,0,0,3.0,2,,200,10,2,0,0,0,10,0,3,4,1,2,3,,N,,,,,,,,,,,
2008026687,1059,1,0,0,0,0,0,0,0,0,4,1,,67,1,2008,5,39.9412,-75.2095,1052.0,6,0,0,0,0,0,1,0,0,,0,1,0,10,1,3,1,,0,39 56:28.000,,3,75 12:34.110,8,0,0,0,67301,0,0,0,,0,0,0,4,67301,0,,1,1,,,,,0,,0,0,0,3.0,2,,1045,3,2,0,0,4,3,0,3,4,0,2,3,,N,,,,,,,,,,,
2008035881,926,2,0,0,0,0,0,0,0,0,1,0,,67,2,2008,2,39.9442,-75.1917,926.0,6,0,0,0,0,0,0,0,0,,0,0,0,9,1,0,0,,0,39 56:39.000,,0,75 11:30.130,9,0,0,0,67301,0,0,0,N,0,0,0,2,68K01,0,,1,1,,N,N,,0,,0,0,0,0.0,0,,923,0,2,0,0,0,0,2,3,4,0,2,3,,N,,,,,,,,,,,
2008061303,18,1,0,0,0,0,0,0,0,0,5,1,,67,4,2008,2,39.9059,-75.1339,18.0,6,0,0,0,0,0,0,0,0,,0,1,0,0,3,1,0,,0,39 54:21.298,,3,75 08:02.118,4,0,0,0,67301,0,0,0,N,0,0,0,2,67501,1,,1,1,,N,N,,0,,0,0,0,3.0,2,,16,1,2,0,0,0,0,1,3,4,0,2,3,,N,,,,,,,,,,,
2008061019,120,0,0,0,0,0,0,0,0,0,8,0,,67,2,2008,3,40.1088,-75.0015,112.0,6,0,0,0,0,0,0,0,0,,0,0,0,22,3,1,0,,0,40 06:31.586,,0,75 00:05.558,3,0,0,0,67301,1,0,0,,1,0,0,2,67301,0,,1,2,,,,,0,,1,0,0,9.0,9,,2230,1,2,0,0,0,0,0,3,4,1,1,98,,N,,,,,,,,,,,
2008059070,1715,1,0,0,0,0,0,1,0,0,2,1,,67,4,2008,3,40.037,-75.1604,1709.0,6,0,0,0,0,0,1,0,0,,0,0,0,15,1,2,2,,0,40 02:13.340,,0,75 09:37.342,3,0,0,0,67301,0,0,0,,0,0,0,3,67301,1,,1,1,,Y,N,,0,,1,0,0,3.0,3,,1500,2,2,0,0,0,0,0,3,4,0,2,3,,N,,,,,,,,,,,
2008053759,912,3,0,0,0,0,0,0,0,0,5,0,,67,1,2008,7,40.0747,-74.9989,909.0,6,0,0,0,0,0,0,0,0,,0,0,0,6,1,0,0,,0,40 04:28.977,,0,74 59:56.007,9,0,0,0,67301,0,0,0,N,0,0,0,1,67301,0,,6,1,,N,N,,0,,0,0,0,0.0,0,,630,0,4,0,0,0,0,1,3,4,0,4,3,,N,,,,,,,,,,,
2008053778,1410,1,0,0,0,0,0,0,0,0,5,0,,67,1,2008,1,40.0684,-75.2403,1400.0,6,0,0,0,0,0,0,0,0,,0,0,0,14,1,0,1,,0,40 04:07.475,,0,75 14:25.364,0,0,0,0,67301,0,0,0,,0,0,0,2,67301,0,,1,1,,N,N,,0,,0,0,1,3.0,2,,1400,0,2,0,0,0,0,0,3,4,0,2,3,,N,,,,,,,,,,,
2008059203,1828,0,0,0,0,0,0,1,0,0,8,1,,67,4,2008,6,40.004,-75.2144,1818.0,6,0,0,0,0,0,0,0,0,,0,0,0,18,1,1,2,,0,40 00:14.371,,0,75 12:51.803,8,0,0,0,67301,1,0,0,N,1,0,0,3,67301,0,,1,1,,N,N,,0,,0,0,0,3.0,2,,1818,1,2,0,0,0,1,0,3,4,0,1,3,,N,,,,,,,,,,,
2008053997,1551,2,0,0,0,0,0,0,0,0,2,1,,67,2,2008,6,,,1548.0,6,0,0,0,0,0,2,0,0,1.0,0,0,0,15,1,0,0,,1,,2.0,0,,0,0,0,0,67301,0,0,0,N,0,0,0,5,67301,0,,1,1,,N,N,,1,,0,0,0,0.0,0,N,1545,0,3,0,0,0,0,0,3,3,0,3,3,,N,,,,,,,,,,,
2008051750,1540,1,0,0,0,0,0,0,0,0,8,0,,67,2,2008,4,40.0154,-75.0657,1537.0,6,0,0,0,0,0,0,0,0,,0,0,0,15,1,1,0,,0,40 00:55.530,,0,75 03:56.347,4,0,0,0,67301,1,0,0,N,1,0,0,2,67301,1,,1,1,,N,N,,0,,0,0,0,0.0,0,,1500,1,2,0,0,0,0,0,3,4,0,1,3,,N,,,,,,,,,,,
2008112144,1132,1,0,0,0,0,0,0,0,0,1,0,,67,10,2008,7,39.9602,-75.1805,1128.0,6,0,0,0,1,0,0,0,0,1.0,0,0,0,11,1,0,0,,2,39 57:40.050,4.0,0,75 10:55.561,0,0,0,0,67301,0,0,0,N,0,0,0,4,68K01,0,,1,1,,N,N,,0,,0,0,1,0.0,0,N,1128,0,2,0,0,0,0,0,3,4,0,2,3,,N,,,,,,,,,,,
2008050136,1129,1,0,0,0,0,0,1,0,0,1,1,,67,4,2008,4,39.9738,-75.1196,1121.0,6,0,0,0,0,0,0,1,0,2.0,0,0,0,11,1,0,0,,1,39 58:26.760,2.0,0,75 07:08.400,0,0,0,0,67301,0,0,0,N,0,0,0,3,68K01,0,,1,1,,Y,N,,0,,0,0,0,0.0,0,N,1115,0,2,0,0,0,0,0,3,4,0,2,3,,N,,,,,,,,,,,
2008050233,1854,1,0,0,0,0,0,0,0,0,8,0,,67,2,2008,6,39.9998,-75.2297,1854.0,6,0,0,0,0,0,0,0,0,2.0,0,0,0,18,3,2,0,,2,40 00:01.625,1.0,0,75 13:41.534,3,0,0,0,67301,2,0,0,,2,0,0,3,67301,1,,1,9,,N,N,,0,,1,0,0,0.0,0,N,1854,2,3,0,0,0,0,0,3,4,0,1,7,,N,,,,,,,,,,,
2008047571,1437,1,0,0,0,0,0,0,0,0,7,0,,67,1,2008,6,40.0166,-75.2026,1432.0,6,0,0,0,0,0,0,0,0,,0,0,0,14,1,0,0,,0,40 00:59.841,,0,75 12:09.348,0,0,0,0,67301,0,0,0,N,0,0,0,1,67301,0,,4,9,,N,N,,0,,0,0,0,0.0,0,,1430,0,1,0,0,0,0,0,3,4,0,1,7,,N,,,,,,,,,,,
2008047830,420,3,0,0,0,0,0,0,0,0,1,0,,67,1,2008,1,39.9514,-75.1992,418.0,6,0,0,0,0,0,1,0,0,,0,0,0,4,3,1,0,,0,39 57:04.447,,0,75 11:57.399,8,0,0,0,67301,0,0,0,,0,0,0,1,67504,0,,2,1,,,,,0,,0,0,0,0.0,0,,415,1,3,0,0,0,1,0,3,4,0,3,3,,N,,,,,,,,,,,
2008040767,1640,1,0,0,0,0,0,0,0,0,6,0,,67,1,2008,3,40.0369,-75.1878,1630.0,6,0,0,0,0,0,0,0,0,2.0,0,0,0,16,1,2,0,,2,40 02:12.000,5.0,0,75 11:16.041,4,0,0,0,67301,0,0,0,,0,0,0,3,67301,2,,1,2,,N,N,,0,,0,0,1,9.0,2,Y,1620,2,2,0,0,0,0,0,3,4,0,2,98,,N,,,,,,,,,,,