CRN,ARRIVAL_TM,AUTOMOBILE_COUNT,BELTED_DEATH_COUNT,BELTED_SUSP_SERIOUS_INJ_COUNT,BICYCLE_COUNT,BICYCLE_DEATH_COUNT,BICYCLE_SUSP_SERIOUS_INJ_COUNT,BUS_COUNT,CHLDPAS_DEATH_COUNT,CHLDPAS_SUSP_SERIOUS_INJ_COUNT,COLLISION_TYPE,COMM_VEH_COUNT,CONS_ZONE_SPD_LIM,COUNTY,CRASH_MONTH,CRASH_YEAR,DAY_OF_WEEK,DEC_LAT,DEC_LONG,DISPATCH_TM,DISTRICT,DRIVER_COUNT_16YR,DRIVER_COUNT_17YR,DRIVER_COUNT_18YR,DRIVER_COUNT_19YR,DRIVER_COUNT_20YR,DRIVER_COUNT_50_64YR,DRIVER_COUNT_65_74YR,DRIVER_COUNT_75PLUS,EST_HRS_CLOSED,FATAL_COUNT,HEAVY_TRUCK_COUNT,HORSE_BUGGY_COUNT,HOUR_OF_DAY,ILLUMINATION,INJURY_COUNT,INTERSECT_TYPE,INTERSECTION_RELATED,LANE_CLOSED,LATITUDE,LN_CLOSE_DIR,LOCATION_TYPE,LONGITUDE,MAX_SEVERITY_LEVEL,MCYCLE_DEATH_COUNT,MCYCLE_SUSP_SERIOUS_INJ_COUNT,MOTORCYCLE_COUNT,MUNICIPALITY,NONMOTR_COUNT,NONMOTR_DEATH_COUNT,NONMOTR_SUSP_SERIOUS_INJ_COUNT,NTFY_HIWY_MAINT,PED_COUNT,PED_DEATH_COUNT,PED_SUSP_SERIOUS_INJ_COUNT,PERSON_COUNT,POLICE_AGCY,POSSIBLE_INJ_COUNT,RDWY_SURF_TYPE_CD,RELATION_TO_ROAD,ROAD_CONDITION,ROADWAY_CLEARED,SCH_BUS_IND,SCH_ZONE_IND,SECONDARY_CRASH,SMALL_TRUCK_COUNT,SPEC_JURIS_CD,SUSP_MINOR_INJ_COUNT,SUSP_SERIOUS_INJ_COUNT,SUV_COUNT,TCD_FUNC_CD,TCD_TYPE,TFC_DETOUR_IND,TIME_OF_DAY,TOT_INJ_COUNT,TOTAL_UNITS,UNB_DEATH_COUNT,UNB_SUSP_SERIOUS_INJ_COUNT,UNBELTED_OCC_COUNT,UNK_INJ_DEG_COUNT,UNK_INJ_PER_COUNT,URBAN_AREA,URBAN_RURAL,VAN_COUNT,VEHICLE_COUNT,WEATHER1,WEATHER2,WORK_ZONE_IND,WORK_ZONE_LOC,WORK_ZONE_TYPE,WORKERS_PRES,WZ_CLOSE_DETOUR,WZ_FLAGGER,WZ_LAW_OFFCR_IND,WZ_LN_CLOSURE,WZ_MOVING,WZ_OTHER,WZ_SHLDER_MDN,WZ_WORKERS_INJ_KILLED
2008050577,2356,2,0,0,0,0,0,0,0,0,1,0,,67,3,2008,3,40.0228,-75.1483,2353.0,6,0,0,0,0,0,0,0,0,,0,0,0,23,3,0,1,,0,40 01:22.315,,0,75 08:53.787,0,0,0,0,67301,0,0,0,N,0,0,0,1,67301,0,,1,9,,N,N,,0,,0,0,0,3.0,2,,2353,0,2,0,0,0,0,0,3,4,0,2,7,,N,,,,,,,,,,,
2008050618,1749,0,0,0,0,0,0,0,0,0,8,0,,67,2,2008,3,39.9502,-75.1457,1747.0,6,0,0,0,0,0,0,0,0,,0,0,0,17,3,1,1,,0,39 57:00.635,,0,75 08:44.218,4,0,0,0,67301,1,0,0,,1,0,0,4,67301,1,,1,9,,,,,0,,0,0,0,3.0,2,,1742,1,2,0,0,0,0,0,3,4,1,1,7,,N,,,,,,,,,,,
2008048111,909,1,0,0,0,0,0,0,0,0,7,0,,67,3,2008,4,39.9389,-75.1434,900.0,6,0,0,0,0,0,0,0,0,,0,0,0,8,1,1,0,,0,39 56:23.122,,0,75 08:35.487,4,0,0,0,67301,0,0,0,N,0,0,0,1,68K01,1,,3,9,,N,N,,0,,0,0,0,0.0,0,,855,1,1,0,0,0,0,0,3,4,0,1,7,,N,,,,,,,,,,,
2008045595,1329,4,0,0,0,0,0,0,0,0,1,0,,67,1,2008,7,39.9829,-75.1883,1321.0,6,0,0,0,0,0,2,0,0,,0,0,0,13,1,0,0,,0,39 58:58.457,,0,75 11:17.949,0,0,0,0,67301,0,0,0,N,0,0,0,5,67301,0,,1,1,,N,N,,0,,0,0,0,0.0,0,,1317,0,4,0,0,0,0,0,3,4,0,4,3,,N,,,,,,,,,,,
2008046083,325,0,0,0,0,0,0,0,0,0,7,0,,67,3,2008,4,39.9931,-75.0849,319.0,6,0,0,0,0,0,0,0,0,2.0,0,0,0,3,3,1,0,,1,39 59:35.520,1.0,0,75 05:05.280,4,0,0,0,67301,0,0,0,Y,0,0,0,1,68K01,1,,1,9,,N,N,,0,,0,0,1,0.0,0,N,317,1,1,0,0,0,0,0,3,4,0,1,7,,N,,,,,,,,,,,
2008044029,715,2,0,0,0,0,0,0,0,0,1,0,,67,1,2008,4,39.9594,-75.1738,710.0,6,0,0,0,0,0,0,0,0,1.0,0,0,0,7,1,1,0,,1,39 57:34.000,4.0,0,75 10:31.560,4,0,0,0,67301,0,0,0,,0,0,0,2,67301,1,,1,9,,N,N,,0,,0,0,0,0.0,0,N,705,1,2,0,0,0,0,0,3,4,0,2,98,,N,,,,,,,,,,,
2008044039,2325,2,0,0,0,0,0,0,0,0,2,0,,67,1,2008,3,39.9991,-75.2309,2325.0,6,0,0,0,0,0,0,0,0,,0,0,0,23,3,2,1,,0,40 00:00.000,,7,75 13:43.546,3,0,0,0,67301,0,0,0,N,0,0,0,2,67301,1,,1,9,,N,N,,0,,1,0,0,0.0,0,,2315,2,2,0,0,0,0,0,3,4,0,2,7,,N,,,,,,,,,,,
2008044052,852,1,0,0,0,0,0,0,0,0,4,0,,67,2,2008,6,39.9867,-75.2083,850.0,6,0,0,0,0,0,1,0,0,,0,0,0,8,1,1,7,,0,39 59:11.000,,2,75 12:29.920,8,0,0,0,67301,0,0,0,,0,0,0,4,67301,0,,1,1,,,,,1,,0,0,0,3.0,3,,845,1,2,0,0,0,1,1,3,4,0,2,3,,N,,,,,,,,,,,
2008041279,836,1,0,0,0,0,0,0,0,0,2,0,,67,2,2008,5,40.0227,-75.1142,832.0,6,0,0,0,0,0,0,0,0,1.0,0,0,0,7,1,1,0,,1,40 01:21.718,2.0,0,75 06:51.033,3,0,0,0,67301,0,0,0,N,0,0,0,1,67301,0,,1,1,,N,N,,1,,1,0,0,0.0,0,Y,700,1,2,0,0,0,0,0,3,4,0,2,3,,N,,,,,,,,,,,
2008069271,1000,0,0,0,0,0,0,0,0,0,8,0,,67,4,2008,7,39.924,-75.1671,959.0,6,0,0,0,0,0,0,0,0,,0,0,0,9,1,1,1,,0,39 55:25.281,,0,75 09:51.624,4,0,0,0,67301,1,0,0,N,1,0,0,2,67301,1,,1,1,,N,N,,0,,0,0,1,3.0,2,,945,1,2,0,0,0,0,0,3,4,0,1,3,,N,,,,,,,,,,,
2008069382,1740,1,0,0,0,0,0,0,0,0,8,0,,67,4,2008,5,40.0423,-75.1273,1740.0,6,0,0,0,0,0,0,0,0,1.0,0,0,0,17,1,1,1,,2,40 02:32.384,2.0,0,75 07:38.272,8,0,0,0,67301,1,0,0,N,1,0,0,2,67301,0,,1,1,,N,N,,0,,0,0,0,3.0,3,Y,1735,1,2,0,0,0,1,0,3,4,0,1,3,,N,,,,,,,,,,,
2008108628,1150,3,0,0,0,0,0,0,0,0,4,0,,67,8,2008,3,40.0157,-75.17,1144.0,6,0,0,0,0,0,0,0,0,,0,0,0,11,1,3,0,,0,40 00:56.333,,0,75 10:11.967,8,0,0,0,67301,0,0,0,,0,0,0,5,67301,0,,1,1,,,,,0,,0,0,0,0.0,0,,1144,3,3,0,0,0,3,0,3,4,0,3,3,,N,,,,,,,,,,,
2008108640,1440,1,0,0,0,0,0,0,0,0,8,0,,67,8,2008,2,39.9949,-75.1367,1423.0,6,0,0,0,0,0,0,0,0,,0,0,0,14,1,1,0,,0,39 59:41.730,,0,75 08:12.062,4,0,0,0,67301,1,0,0,,1,0,0,2,67301,1,,1,1,,,,,0,,0,0,0,0.0,0,,1415,1,2,0,0,0,0,0,3,4,0,1,3,,N,,,,,,,,,,,
2008118632,1900,2,0,0,0,0,0,0,0,0,4,0,,67,9,2008,7,40.0343,-75.0386,1850.0,6,0,0,0,0,0,0,1,0,,0,0,0,18,3,2,1,,0,40 02:03.472,,0,75 02:19.007,4,0,0,0,67301,0,0,0,,0,0,0,4,67301,2,,1,1,,,,,0,,0,0,0,3.0,2,,1840,2,2,0,0,0,0,0,3,4,0,2,3,,N,,,,,,,,,,,
2008118637,55,0,0,0,0,0,0,0,0,0,4,0,,67,9,2008,1,40.0257,-75.0316,50.0,6,0,0,0,0,0,0,0,0,,0,0,0,0,3,4,1,,0,40 01:32.520,,0,75 01:53.760,8,0,0,0,67301,0,0,0,,0,0,0,4,67301,0,,1,9,,,,,1,,0,0,1,0.0,0,,50,4,2,0,0,0,4,0,3,4,0,2,7,,N,,,,,,,,,,,
2008121101,1036,1,0,0,0,0,0,0,0,0,1,0,,67,9,2008,6,39.978,-75.2668,1030.0,6,0,0,0,0,0,0,0,0,,0,0,0,10,1,1,1,,0,39 58:40.908,,0,75 16:00.496,3,0,0,0,67301,0,0,0,N,0,0,0,2,67301,0,,1,9,,N,N,,0,,1,0,0,3.0,2,,1015,1,2,0,0,0,0,0,3,4,1,2,7,,N,,,,,,,,,,,
2008121112,107,2,0,0,0,0,0,0,0,0,4,0,,67,9,2008,6,40.0576,-75.1549,105.0,6,0,0,0,0,0,0,0,0,,0,0,0,1,6,1,2,,0,40 03:27.370,,0,75 09:17.632,3,0,0,0,67301,0,0,0,N,0,0,0,2,67301,0,,1,98,,N,N,,0,,1,0,0,3.0,3,,100,1,2,0,0,0,0,1,3,4,0,2,99,,N,,,,,,,,,,,
2008118880,1249,1,0,0,0,0,0,0,0,0,8,0,,67,7,2008,1,39.9626,-75.2467,1245.0,6,0,0,0,0,0,0,0,0,,0,0,0,0,6,1,0,,0,39 57:45.301,,0,75 14:48.265,8,0,0,0,67301,1,0,0,N,1,0,0,2,67301,0,,1,1,,N,,,0,,0,0,0,0.0,0,,37,1,2,0,0,0,1,1,3,4,0,1,3,,N,,,,,,,,,,,
2008118900,1645,1,0,0,1,0,0,0,0,0,4,0,,67,8,2008,5,39.9758,-75.2266,1636.0,6,0,0,0,0,0,0,0,0,,0,0,0,17,1,1,1,,0,39 58:32.690,,0,75 13:35.910,8,0,0,0,67301,1,0,0,N,0,0,0,2,67301,0,,1,98,,N,N,,0,,0,0,0,9.0,3,,1730,1,2,0,0,0,1,0,3,4,0,1,99,,N,,,,,,,,,,,
2008099273,10,0,0,0,0,0,0,0,0,0,7,0,,67,7,2008,6,39.9842,-75.188,5.0,6,0,0,0,0,0,0,0,0,,0,0,0,0,3,1,0,,0,39 59:02.982,,0,75 11:16.907,8,0,0,1,67301,0,0,0,N,0,0,0,1,67301,0,,2,1,,N,N,,0,,0,0,0,0.0,0,,0,1,1,0,0,0,1,0,3,4,0,1,3,,N,,,,,,,,,,,
2008098626,1410,2,0,0,0,0,0,0,0,0,4,0,,67,6,2008,5,40.0209,-75.1662,1400.0,6,0,0,0,0,0,0,0,0,,0,0,0,14,1,1,1,,0,40 01:15.240,,0,75 09:58.316,8,0,0,0,67301,0,0,0,N,0,0,0,3,67301,0,,1,1,,N,N,,0,,0,0,0,3.0,3,,1400,1,2,0,0,0,1,0,3,4,0,2,3,,N,,,,,,,,,,,
2008069642,2000,1,0,0,0,0,0,0,0,0,4,0,,67,4,2008,3,39.9833,-75.1042,1928.0,6,0,0,0,0,0,0,0,1,,0,0,0,19,1,0,2,,0,39 58:59.959,,0,75 06:15.080,0,0,0,0,67301,0,0,0,,0,0,0,2,67301,0,,1,1,,,,,0,,0,0,1,3.0,3,,1905,0,2,0,0,0,0,0,3,4,0,2,3,,N,,,,,,,,,,,
2008080111,616,0,0,0,0,0,0,0,0,0,7,0,,67,7,2008,7,39.9864,-75.0918,559.0,6,0,0,0,0,0,0,0,0,2.0,0,0,0,5,5,0,0,,2,39 59:11.185,1.0,0,75 05:30.048,0,0,0,0,67301,0,0,0,N,0,0,0,1,68K01,0,,2,8,,N,N,,0,,0,0,1,0.0,0,N,553,0,1,0,0,0,0,0,3,4,0,1,7,,N,,,,,,,,,,,
2008080112,2131,1,0,0,0,0,0,0,0,0,1,0,,67,7,2008,7,39.9419,-75.143,2131.0,6,0,0,0,0,0,0,0,0,,0,0,0,21,3,0,0,,0,39 56:31.110,,0,75 08:34.823,0,0,0,0,67301,0,0,0,N,0,0,0,2,68K01,0,,1,9,,N,N,,0,,0,0,1,0.0,0,,2131,0,2,0,0,0,0,0,3,4,0,2,7,,N,,,,,,,,,,,
2008127402,1947,1,0,0,0,0,0,0,0,0,5,0,,67,11,2008,5,39.8916,-75.2372,1942.0,6,1,0,0,0,0,0,0,0,,0,0,0,19,3,0,0,,0,39 53:28.813,,0,75 14:15.523,0,0,0,0,67301,0,0,0,N,0,0,0,3,68K01,0,,1,9,,N,N,,0,,0,0,0,3.0,8,,1938,0,2,0,0,0,0,0,3,4,0,2,98,,N,,,,,,,,,,,
2008127403,953,1,0,0,0,0,0,0,0,0,7,0,,67,11,2008,6,39.8916,-75.2371,948.0,6,0,0,0,0,0,0,0,0,1.0,0,0,0,9,1,0,0,,2,39 53:28.941,1.0,0,75 14:15.271,0,0,0,0,67301,0,0,0,Y,0,0,0,1,68K01,0,,2,9,,N,N,,0,,0,0,0,0.0,0,N,940,0,1,0,0,0,0,0,3,4,0,1,7,,N,,,,,,,,,,,
2008119756,901,0,0,0,0,0,0,0,0,0,1,0,,67,9,2008,5,40.027,-75.0755,901.0,6,0,0,0,0,0,0,0,0,,0,0,0,8,3,3,1,,0,40 01:37.270,,0,75 04:31.639,3,0,0,0,67301,0,0,0,N,0,0,0,3,67301,1,,1,1,,N,N,,0,,2,0,2,3.0,2,,850,3,2,0,0,0,0,0,3,4,0,2,3,,N,,,,,,,,,,,
2008122733,2047,1,0,0,0,0,0,0,0,0,8,0,,67,9,2008,7,39.9522,-75.1452,2046.0,6,0,0,0,0,0,0,0,0,,0,0,0,20,3,1,1,,0,39 57:07.824,,0,75 08:42.817,4,0,0,0,67301,1,0,0,N,1,0,0,4,67301,1,,1,1,,,,,0,,0,0,0,3.0,2,,2042,1,2,0,0,1,0,0,3,4,0,1,3,,N,,,,,,,,,,,
2008135230,9999,0,0,0,0,0,0,0,0,0,8,0,,67,5,2008,1,39.9389,-75.2298,9999.0,6,0,0,0,0,0,0,0,0,,0,0,0,19,3,1,1,,0,39 56:20.022,,0,75 13:47.207,3,0,0,0,67301,1,0,0,N,1,0,0,2,67301,0,,1,1,,N,N,,0,,1,0,0,3.0,3,,1930,1,2,0,0,0,0,0,3,4,0,1,3,,N,,,,,,,,,,,
2008132799,1932,2,0,0,0,0,0,0,0,0,1,0,,67,11,2008,3,39.9598,-75.1781,1916.0,6,0,0,0,0,0,0,0,0,1.0,0,0,0,19,3,1,0,,2,39 57:35.473,3.0,0,75 10:43.079,4,0,0,0,67301,0,0,0,N,0,0,0,2,68K01,1,,1,1,,N,N,,0,,0,0,0,0.0,0,N,1911,1,2,0,0,0,0,0,3,4,0,2,3,,N,,,,,,,,,,,
2008132807,1852,1,0,0,0,0,0,0,0,0,1,0,,67,11,2008,6,39.983,-75.2081,1849.0,6,0,0,0,0,0,0,0,0,,0,0,0,18,3,0,0,,0,39 59:02.660,,0,75 12:29.966,9,0,0,0,67301,0,0,0,N,0,0,0,7,68K01,0,,1,1,,N,N,,0,,0,0,0,0.0,0,,1846,0,3,0,0,0,0,1,3,4,1,3,3,,N,,,,,,,,,,,
2008135326,1820,1,0,0,0,0,0,0,0,0,1,0,,67,12,2008,3,39.9932,-75.0849,1813.0,6,0,0,0,0,0,0,0,0,2.0,0,0,0,18,3,2,0,,2,39 59:35.770,1.0,0,75 05:05.269,4,0,0,0,67301,0,0,0,N,0,0,0,2,68K01,2,,1,1,,N,N,,1,,0,0,0,0.0,0,N,1809,2,2,0,0,0,0,0,3,4,0,2,3,,N,,,,,,,,,,,
2008061008,1540,1,0,0,0,0,0,0,0,0,8,0,,67,3,2008,3,39.9169,-75.237,1530.0,6,0,0,0,0,0,0,0,0,,0,0,0,15,1,0,0,,0,39 55:00.841,,7,75 14:13.242,0,0,0,0,67301,1,0,0,N,1,0,0,2,67301,0,,1,1,,N,Y,,0,,0,0,0,0.0,0,,1530,0,2,0,0,0,0,0,3,4,0,1,3,,N,,,,,,,,,,,
2008059276,1749,1,0,0,0,0,0,0,0,0,1,1,,67,3,2008,7,40.0348,-75.0711,1730.0,6,0,0,0,0,0,0,0,0,2.0,0,1,0,17,1,0,1,,1,40 02:05.146,1.0,0,75 04:15.792,0,0,0,0,67301,0,0,0,,0,0,0,3,67301,0,,1,1,,,,,0,,0,0,0,3.0,2,N,1728,0,2,0,0,0,0,0,3,4,0,2,3,,N,,,,,,,,,,,
2008053785,540,0,0,0,0,0,0,0,0,0,7,0,,67,2,2008,4,40.0265,-75.0965,537.0,6,0,0,0,0,0,1,0,0,3.0,0,0,0,5,3,0,0,,1,40 01:35.446,1.0,0,75 05:47.431,0,0,0,0,67301,0,0,0,N,0,0,0,1,67301,0,,3,1,,N,N,,1,,0,0,0,0.0,0,N,535,0,1,0,0,0,0,0,3,4,0,1,3,,N,,,,,,,,,,,
2008053992,1917,1,0,0,0,0,0,0,0,0,7,0,,67,1,2008,6,40.0292,-75.188,1615.0,6,0,0,0,0,0,0,0,0,1.0,0,0,0,16,3,0,0,,1,40 01:45.045,3.0,0,75 11:16.711,0,0,0,0,67301,0,0,0,N,0,0,0,1,67301,0,,5,1,,N,N,,0,,0,0,0,0.0,0,N,1610,0,1,0,0,0,0,0,3,4,0,1,3,,N,,,,,,,,,,,
2008051759,330,0,0,0,0,0,0,0,0,0,4,0,,67,3,2008,7,40.0247,-75.1237,325.0,6,0,0,0,0,0,0,0,0,,0,0,0,3,3,0,1,,0,40 01:28.740,,0,75 07:25.247,0,0,0,0,67301,0,0,0,N,0,0,0,2,67301,0,,1,9,,N,N,,0,,0,0,2,3.0,2,,320,0,2,0,0,2,0,0,3,4,0,2,7,,N,,,,,,,,,,,
2008049330,1946,2,0,0,0,0,0,0,0,0,1,0,,67,1,2008,7,39.9703,-75.1929,1940.0,6,0,0,0,0,0,0,0,0,,0,0,0,19,3,0,0,,0,39 58:16.960,,0,75 11:36.090,0,0,0,0,67301,0,0,0,N,0,0,0,3,68K01,0,,1,1,,N,N,,0,,0,0,0,0.0,0,,1940,0,2,0,0,0,0,0,3,4,0,2,3,,N,,,,,,,,,,,
2008119608,2222,2,0,0,0,0,0,0,0,0,7,0,,67,9,2008,7,40.1189,-75.018,2220.0,6,0,0,1,0,0,0,0,0,1.0,0,0,0,22,3,0,1,,1,40 07:07.975,2.0,0,75 01:04.685,0,0,0,0,67301,0,0,0,N,0,0,0,1,67301,0,,5,1,,N,N,,0,,0,0,1,0.0,0,N,2219,0,3,0,0,0,0,0,3,4,0,3,3,,N,,,,,,,,,,,
2008028825,842,1,0,0,0,0,0,0,0,0,1,0,,67,1,2008,6,39.9853,-75.2083,842.0,6,0,0,0,0,0,0,0,0,1.0,0,0,0,8,1,0,0,,1,39 59:10.000,3.0,0,75 12:29.272,0,0,0,0,67301,0,0,0,N,0,0,0,2,68K01,0,,1,9,,N,N,,0,,0,0,1,0.0,0,Y,840,0,2,0,0,0,0,0,3,4,0,2,3,,N,,,,,,,,,,,
2008047515,557,1,0,0,0,0,0,0,0,0,7,0,,67,3,2008,6,39.9727,-75.1936,557.0,6,0,0,0,0,0,0,0,0,2.0,0,0,0,5,3,1,0,,2,39 58:26.373,4.0,0,75 11:38.348,4,0,0,0,67301,0,0,0,N,0,0,0,1,68K01,1,,2,1,,N,N,,0,,0,0,0,0.0,0,N,555,1,1,0,0,1,0,0,3,4,0,1,3,,N,,,,,,,,,,,
2008045537,2322,2,0,0,0,0,0,0,0,0,5,0,,67,1,2008,1,40.0093,-75.1888,2322.0,6,0,0,0,1,0,0,0,0,,0,0,0,23,3,3,0,,0,40 00:35.519,,0,75 11:12.640,4,0,0,0,67301,0,0,0,,0,0,0,4,67301,3,,1,1,,N,N,,0,,0,0,0,0.0,0,,2322,3,2,0,0,0,0,0,3,4,0,2,3,,N,,,,,,,,,,,
2008045469,305,0,0,0,0,0,0,0,0,0,0,1,,67,3,2008,4,39.9063,-75.1354,301.0,6,0,0,0,0,0,1,0,0,3.0,0,1,0,3,3,0,0,,2,39 54:22.517,3.0,0,75 08:07.525,0,0,0,0,67301,0,0,0,N,0,0,0,1,67501,0,,1,9,,N,N,,0,,0,0,0,3.0,8,Y,301,0,1,0,0,0,0,0,3,4,0,1,7,,N,,,,,,,,,,,
2008040757,1436,1,0,0,0,0,0,0,0,0,4,0,,67,2,2008,2,40.0714,-75.1613,1431.0,6,0,0,0,0,1,0,0,0,1.0,0,0,0,14,1,0,5,,1,40 04:17.013,2.0,0,75 09:40.693,0,0,0,0,67301,0,0,0,N,0,0,0,2,67301,0,,1,1,,N,N,,0,,0,0,0,3.0,2,Y,1426,0,2,0,0,0,0,0,3,4,1,2,3,,N,,,,,,,,,,,
2008050579,1718,2,0,0,0,0,0,0,0,0,4,0,,67,3,2008,2,40.0707,-75.162,1716.0,6,0,0,0,0,1,1,0,0,,0,0,0,99,1,2,1,,0,40 04:14.487,,0,75 09:43.335,4,0,0,0,67301,0,0,0,N,0,0,0,4,67301,2,,1,1,,N,N,,0,,0,0,0,3.0,3,,9999,2,2,0,0,0,0,0,3,4,0,2,3,,N,,,,,,,,,,,
2008050785,1638,2,0,0,0,0,0,0,0,0,4,0,,67,3,2008,1,39.9386,-75.1985,1636.0,6,0,0,0,0,0,1,0,0,,0,0,0,16,1,0,1,,0,39 56:18.878,,0,75 11:54.439,0,0,0,0,67301,0,0,0,N,0,0,0,3,67301,0,,1,1,,N,N,,0,,0,0,0,3.0,2,,1619,0,2,0,0,0,0,0,3,4,0,2,3,,N,,,,,,,,,,,
2008050840,2148,1,0,0,0,0,0,0,0,0,8,0,,67,2,2008,6,40.0208,-75.1183,2144.0,6,0,0,0,0,0,0,0,0,,0,0,0,7,1,1,1,,0,40 01:14.970,,0,75 07:05.771,4,0,0,0,67301,1,0,0,,1,0,0,2,67301,1,,1,1,,N,,,0,,0,0,0,9.0,2,,720,1,2,0,0,0,0,1,3,4,0,1,99,,N,,,,,,,,,,,
2008040792,1302,2,0,0,0,0,0,0,0,0,2,0,,67,2,2008,4,40.0074,-75.0781,1300.0,6,0,0,1,0,0,0,0,0,,0,0,0,12,1,1,1,,0,40 00:26.675,,0,75 04:41.014,4,0,0,0,67301,0,0,0,N,0,0,0,3,67301,1,,1,9,,N,N,,0,,0,0,0,3.0,2,,1258,1,2,0,0,0,0,0,3,4,0,2,7,,N,,,,,,,,,,,
2008044010,1210,3,0,0,0,0,0,0,0,0,4,0,,67,1,2008,5,40.0725,-75.032,1205.0,6,0,0,0,0,0,0,0,1,,0,0,0,11,1,0,0,,0,40 04:20.863,,7,75 01:55.218,0,0,0,0,67301,0,0,0,N,0,0,0,2,67301,0,,1,1,,N,N,,1,,0,0,0,0.0,0,,1121,0,5,0,0,0,0,0,3,4,1,5,3,,N,,,,,,,,,,,
2008041269,1230,3,0,0,0,0,0,0,0,0,4,0,,67,2,2008,4,39.9119,-75.1728,1228.0,6,0,0,0,0,0,0,1,0,,0,0,0,12,1,5,1,,0,39 54:42.725,,0,75 10:21.917,4,0,0,0,67301,0,0,0,,0,0,0,5,67301,5,,1,9,,,,,0,,0,0,0,3.0,2,,1226,5,3,0,0,0,0,0,3,4,0,3,7,,N,,,,,,,,,,,
2008041295,1903,1,0,0,0,0,0,0,0,0,5,0,,67,2,2008,1,40.0023,-75.1326,1900.0,6,0,0,0,0,0,0,0,0,,0,0,0,15,1,2,0,,0,40 00:08.143,,0,75 07:57.212,2,0,0,0,67301,0,0,0,,0,0,0,4,67301,1,,1,1,,,,,0,,0,1,0,0.0,0,,1530,2,2,0,0,0,0,1,3,4,1,2,3,,N,,,,,,,,,,,
2008069345,1100,0,0,0,0,0,0,0,0,0,1,1,,67,4,2008,4,39.9927,-75.1203,1100.0,6,0,0,0,0,0,0,0,0,,0,1,0,11,1,1,0,,0,39 59:33.853,,0,75 07:13.051,3,0,0,0,67301,1,0,0,N,0,0,0,2,67301,0,,4,1,,N,N,,0,,1,0,0,0.0,0,,1100,1,2,0,0,0,0,0,3,4,1,2,3,,N,,,,,,,,,,,
2008108953,828,4,0,0,0,0,0,0,0,0,1,0,,67,8,2008,2,39.9573,-75.2479,826.0,6,0,0,0,0,0,2,0,0,,0,0,0,8,1,1,0,,0,39 57:26.577,,0,75 14:52.151,4,0,0,0,67301,0,0,0,N,0,0,0,4,67301,1,,1,1,,N,N,,0,,0,0,0,0.0,0,,820,1,4,0,0,0,0,0,3,4,0,4,3,,N,,,,,,,,,,,
2008108681,2119,0,0,0,0,0,0,0,0,0,4,0,,67,8,2008,3,40.0049,-75.1539,2116.0,6,0,0,0,0,0,0,0,0,2.0,0,0,0,21,3,2,1,,1,40 00:17.589,2.0,0,75 09:14.000,3,0,0,0,67301,0,0,0,N,0,0,0,2,67301,0,,1,1,,N,N,,0,,2,0,1,3.0,2,Y,2116,2,2,0,0,0,0,0,3,4,1,2,3,,N,,,,,,,,,,,
2008108682,1028,2,0,0,0,0,0,0,0,0,6,0,,67,9,2008,4,40.005,-75.1747,1023.0,6,0,0,0,0,0,0,0,0,,0,0,0,10,1,0,0,,0,40 00:18.043,,0,75 10:28.790,0,0,0,0,67301,0,0,0,N,0,0,0,2,67301,0,,1,1,,N,N,,0,,0,0,0,0.0,0,,1020,0,2,0,0,0,0,0,3,4,0,2,3,,N,,,,,,,,,,,
2008121259,1615,1,0,0,0,0,0,0,0,0,1,0,,67,10,2008,6,39.9242,-75.1763,1610.0,6,0,0,0,0,0,0,0,0,,0,0,0,15,1,2,1,,0,39 55:27.298,,0,75 10:34.191,3,0,0,0,67301,2,0,0,N,0,0,0,3,67301,1,,5,1,,N,N,,0,,1,0,0,3.0,2,,1555,2,2,0,0,0,0,0,3,4,1,2,3,,N,,,,,,,,,,,
2008121265,1201,2,0,0,0,0,0,0,0,0,6,0,,67,9,2008,3,,,1201.0,6,0,0,0,0,0,1,0,0,,0,0,0,11,1,3,0,,0,,,0,,4,0,0,0,67301,0,0,0,N,0,0,0,4,67301,3,,1,9,,N,N,,0,,0,0,0,0.0,0,,1158,3,2,0,0,0,0,0,3,3,0,2,7,,N,,,,,,,,,,,
2008108448,1753,3,0,0,0,0,0,0,0,0,1,0,,67,8,2008,2,39.9502,-75.2249,1752.0,6,0,0,0,0,0,3,0,0,1.0,0,0,0,17,1,1,1,,1,39 57:00.802,2.0,0,75 13:29.672,4,0,0,0,67301,0,0,0,N,0,0,0,3,67301,1,,1,1,,N,N,,0,,0,0,1,3.0,3,N,1712,1,4,0,0,1,0,0,3,4,0,4,3,,N,,,,,,,,,,,
2008108488,308,0,0,0,0,0,0,0,0,0,1,0,,67,8,2008,1,40.0303,-75.1318,237.0,6,0,0,0,0,0,0,0,0,,0,0,0,2,3,1,1,,0,40 01:49.177,,0,75 07:54.609,4,0,0,0,67301,0,0,0,N,0,0,0,2,67301,1,,1,1,,N,N,,0,,0,0,2,3.0,2,,235,1,2,0,0,1,0,0,3,4,0,2,3,,N,,,,,,,,,,,