CRN,ARRIVAL_TM,AUTOMOBILE_COUNT,BELTED_DEATH_COUNT,BELTED_SUSP_SERIOUS_INJ_COUNT,BICYCLE_COUNT,BICYCLE_DEATH_COUNT,BICYCLE_SUSP_SERIOUS_INJ_COUNT,BUS_COUNT,CHLDPAS_DEATH_COUNT,CHLDPAS_SUSP_SERIOUS_INJ_COUNT,COLLISION_TYPE,COMM_VEH_COUNT,CONS_ZONE_SPD_LIM,COUNTY,CRASH_MONTH,CRASH_YEAR,DAY_OF_WEEK,DEC_LAT,DEC_LONG,DISPATCH_TM,DISTRICT,DRIVER_COUNT_16YR,DRIVER_COUNT_17YR,DRIVER_COUNT_18YR,DRIVER_COUNT_19YR,DRIVER_COUNT_20YR,DRIVER_COUNT_50_64YR,DRIVER_COUNT_65_74YR,DRIVER_COUNT_75PLUS,EST_HRS_CLOSED,FATAL_COUNT,HEAVY_TRUCK_COUNT,HORSE_BUGGY_COUNT,HOUR_OF_DAY,ILLUMINATION,INJURY_COUNT,INTERSECT_TYPE,INTERSECTION_RELATED,LANE_CLOSED,LATITUDE,LN_CLOSE_DIR,LOCATION_TYPE,LONGITUDE,MAX_SEVERITY_LEVEL,MCYCLE_DEATH_COUNT,MCYCLE_SUSP_SERIOUS_INJ_COUNT,MOTORCYCLE_COUNT,MUNICIPALITY,NONMOTR_COUNT,NONMOTR_DEATH_COUNT,NONMOTR_SUSP_SERIOUS_INJ_COUNT,NTFY_HIWY_MAINT,PED_COUNT,PED_DEATH_COUNT,PED_SUSP_SERIOUS_INJ_COUNT,PERSON_COUNT,POLICE_AGCY,POSSIBLE_INJ_COUNT,RDWY_SURF_TYPE_CD,RELATION_TO_ROAD,ROAD_CONDITION,ROADWAY_CLEARED,SCH_BUS_IND,SCH_ZONE_IND,SECONDARY_CRASH,SMALL_TRUCK_COUNT,SPEC_JURIS_CD,SUSP_MINOR_INJ_COUNT,SUSP_SERIOUS_INJ_COUNT,SUV_COUNT,TCD_FUNC_CD,TCD_TYPE,TFC_DETOUR_IND,TIME_OF_DAY,TOT_INJ_COUNT,TOTAL_UNITS,UNB_DEATH_COUNT,UNB_SUSP_SERIOUS_INJ_COUNT,UNBELTED_OCC_COUNT,UNK_INJ_DEG_COUNT,UNK_INJ_PER_COUNT,URBAN_AREA,URBAN_RURAL,VAN_COUNT,VEHICLE_COUNT,WEATHER1,WEATHER2,WORK_ZONE_IND,WORK_ZONE_LOC,WORK_ZONE_TYPE,WORKERS_PRES,WZ_CLOSE_DETOUR,WZ_FLAGGER,WZ_LAW_OFFCR_IND,WZ_LN_CLOSURE,WZ_MOVING,WZ_OTHER,WZ_SHLDER_MDN,WZ_WORKERS_INJ_KILLED
2008108552,1505,3,0,0,0,0,0,0,0,0,5,0,,67,8,2008,7,39.9263,-75.1671,1503.0,6,0,0,0,0,0,1,1,0,,0,0,0,15,1,0,0,,0,39 55:34.539,,0,75 10:01.707,0,0,0,0,67301,0,0,0,N,0,0,0,3,67301,0,,6,1,,N,N,,0,,0,0,0,0.0,0,,1503,0,3,0,0,0,0,0,3,4,0,3,3,,N,,,,,,,,,,,
2008099340,2320,1,0,0,0,0,0,0,0,0,2,0,,67,7,2008,5,40.0443,-75.0541,2310.0,6,0,0,1,1,0,0,0,0,2.0,0,0,0,23,3,5,1,,1,40 02:39.450,1.0,0,75 03:14.767,4,0,0,0,67301,0,0,0,N,0,0,0,8,67301,4,,1,1,,N,N,,0,,0,0,1,3.0,2,N,2305,5,2,0,0,0,1,0,3,4,0,2,3,,N,,,,,,,,,,,
2008121084,2035,1,0,0,0,0,0,0,0,0,4,0,,67,2,2008,3,40.0344,-75.1603,2035.0,6,0,0,0,0,0,0,0,0,,0,0,0,20,4,1,0,,0,40 02:03.944,,0,75 09:37.195,8,0,0,0,67301,0,0,0,N,0,0,0,3,67301,0,,1,1,,N,N,,1,,0,0,0,0.0,0,,2035,1,2,0,0,0,1,0,3,4,0,2,99,,N,,,,,,,,,,,
2008120916,1104,1,0,0,0,0,0,0,0,0,6,0,,67,9,2008,3,39.9837,-75.1486,1100.0,6,0,1,0,0,0,0,0,0,,0,0,0,11,1,3,2,,0,39 59:01.248,,0,75 08:54.967,4,0,0,0,67301,0,0,0,N,0,0,0,5,67301,3,,1,1,,N,N,,0,,0,0,1,3.0,3,,1104,3,2,0,0,0,0,0,3,4,0,2,3,,N,,,,,,,,,,,
2008082222,1450,2,0,0,0,0,0,0,0,0,2,0,,67,5,2008,7,39.9857,-75.1967,1445.0,6,0,0,0,1,0,1,0,0,,0,0,0,14,1,0,2,,0,39 59:08.581,,0,75 11:48.299,0,0,0,0,67301,0,0,0,N,0,0,0,4,67301,0,,1,1,,N,N,,0,,0,0,0,3.0,4,,1440,0,2,0,0,0,0,0,3,4,0,2,3,,N,,,,,,,,,,,
2008063701,1015,1,0,0,0,0,0,0,0,0,5,0,,67,5,2008,5,39.9911,-75.204,1015.0,6,0,0,0,0,0,1,0,0,,0,0,0,10,1,1,0,,0,39 59:30.188,,0,75 12:10.168,4,0,0,0,67301,0,0,0,N,0,0,0,2,68K01,1,,1,1,,N,N,,0,,0,0,1,0.0,0,,1011,1,2,0,0,0,0,0,3,4,0,2,3,,N,,,,,,,,,,,
2008064165,1437,0,0,0,0,0,0,0,0,0,5,0,,67,5,2008,2,39.9814,-75.2068,1433.0,6,0,0,0,0,0,0,0,0,,0,0,0,14,1,0,0,,0,39 58:56.696,,0,75 12:27.562,0,0,0,0,67301,0,0,0,N,0,0,0,3,68K01,0,,1,9,,N,N,,0,,0,0,1,0.0,0,,1425,0,2,0,0,0,0,0,3,4,0,2,7,,N,,,,,,,,,,,
2008059285,1308,2,0,0,0,0,0,0,0,0,2,0,,67,3,2008,2,40.0535,-75.0639,1307.0,6,0,0,0,1,0,0,0,0,,0,0,0,12,1,0,1,,0,40 02:51.000,,0,75 04:10.560,0,0,0,0,67301,0,0,0,,0,0,0,2,67301,0,,1,1,,N,N,,0,,0,0,1,3.0,2,,1246,0,3,0,0,0,0,0,3,4,0,3,3,,N,,,,,,,,,,,
2008053884,1820,1,0,0,0,0,0,0,0,0,4,0,,67,2,2008,7,39.9877,-75.2161,1810.0,6,0,0,0,1,0,0,0,0,2.0,0,0,0,18,3,0,0,,1,39 59:15.666,1.0,0,75 12:58.124,0,0,0,0,67301,0,0,0,,0,0,0,2,67301,0,,1,1,,,,,0,,0,0,1,0.0,0,N,1800,0,2,0,0,0,0,0,3,4,0,2,3,,N,,,,,,,,,,,
2008054213,910,2,0,0,0,0,0,0,0,0,4,0,,67,3,2008,3,39.9022,-75.247,904.0,6,0,0,0,0,0,1,0,0,2.0,0,0,0,8,1,0,1,,1,39 54:07.750,3.0,0,75 14:49.138,0,0,0,0,67301,0,0,0,N,0,0,0,2,67301,0,,1,1,,N,N,,0,,0,0,0,3.0,2,Y,845,0,2,0,0,0,0,0,3,4,0,2,3,,N,,,,,,,,,,,
2008054230,415,1,0,0,0,0,0,0,0,0,7,0,,67,2,2008,6,40.0429,-75.0032,405.0,6,0,0,0,0,0,0,0,0,,0,0,0,4,3,0,0,,0,40 02:35.230,,0,75 00:10.851,0,0,0,0,67301,0,0,0,,0,0,0,1,67301,0,,3,6,,,,,0,,0,0,0,0.0,0,,400,0,1,0,0,0,0,0,3,4,0,1,10,,N,,,,,,,,,,,
2008050276,840,1,0,0,0,0,0,0,0,0,7,0,,67,2,2008,6,40.0261,-75.1992,825.0,6,0,0,0,0,0,0,0,0,,0,0,0,8,1,1,0,,0,40 01:33.904,,0,75 11:56.929,3,0,0,0,67301,0,0,0,N,0,0,0,1,67301,0,,5,7,,N,N,,0,,1,0,0,0.0,0,,801,1,1,0,0,0,0,0,3,4,0,1,10,,N,,,,,,,,,,,
2008050278,840,2,0,0,0,0,0,0,0,0,2,0,,67,2,2008,2,40.0296,-75.2063,837.0,6,0,0,0,0,0,1,0,0,,0,0,0,8,1,1,1,,0,40 01:46.559,,0,75 12:22.847,4,0,0,0,67301,0,0,0,,0,0,0,4,67301,1,,1,1,,,,,0,,0,0,0,0.0,0,,830,1,2,0,0,0,0,0,3,4,0,2,3,,N,,,,,,,,,,,
2008050908,1450,1,0,0,0,0,0,0,0,0,8,0,,67,3,2008,7,40.0228,-75.1212,1440.0,6,0,0,0,0,0,0,0,0,,0,0,0,99,1,1,0,,0,40 01:22.018,,0,75 07:16.473,4,0,0,0,67301,1,0,0,N,1,0,0,2,67301,1,,1,1,,N,N,,0,,0,0,0,,0,,9999,1,2,0,0,0,0,1,3,4,0,1,3,,N,,,,,,,,,,,
2008050614,1325,1,0,0,0,0,0,0,0,0,8,0,,67,3,2008,5,39.9325,-75.2303,1320.0,6,0,0,0,0,0,0,0,0,,0,0,0,13,1,1,1,,0,39 55:57.086,,0,75 13:49.023,8,0,0,0,67301,1,0,0,N,1,0,0,2,67301,0,,1,1,,N,N,,0,,0,0,0,9.0,2,,1315,1,2,0,0,0,1,1,3,4,0,1,3,,N,,,,,,,,,,,
2008048123,733,1,0,0,0,0,0,0,0,0,7,0,,67,3,2008,4,39.9282,-75.1463,733.0,6,0,0,0,0,0,0,0,0,,0,0,0,7,1,1,0,,0,39 55:46.888,,0,75 08:45.503,4,0,0,0,67301,0,0,0,N,0,0,0,1,68K01,1,,2,1,,N,N,,0,,0,0,0,0.0,0,,733,1,1,0,0,0,0,0,3,4,0,1,3,,N,,,,,,,,,,,
2008048179,1859,1,0,0,0,0,0,0,0,0,4,1,,67,2,2008,3,40.0702,-75.0313,1854.0,6,0,0,0,0,0,1,0,0,2.0,0,1,0,18,3,2,2,,2,40 04:12.678,1.0,0,75 01:52.620,4,0,0,0,67301,0,0,0,Y,0,0,0,5,67301,2,,1,2,,N,N,,0,,0,0,2,3.0,2,Y,1823,2,4,0,0,0,0,0,3,4,0,4,5,,N,,,,,,,,,,,
2008050761,830,1,0,0,0,0,0,0,0,0,1,0,,67,3,2008,2,40.0016,-75.1528,827.0,6,0,0,0,0,0,2,0,0,,0,0,0,99,1,1,1,,0,40 00:05.764,,0,75 09:10.529,4,0,0,0,67301,0,0,0,,0,0,0,3,67301,1,,1,1,,,,,1,,0,0,0,3.0,2,,9999,1,2,0,0,0,0,0,3,4,0,2,3,,N,,,,,,,,,,,
2008050780,825,1,0,0,0,0,0,0,0,0,8,0,,67,2,2008,5,40.0109,-75.0987,815.0,6,0,0,0,0,0,0,0,0,,0,0,0,8,1,1,0,,0,40 00:39.308,,0,75 05:55.237,3,0,0,0,67301,1,0,0,N,1,0,0,3,67301,0,,1,1,,N,N,,0,,1,0,0,0.0,0,,805,1,2,0,0,0,0,2,3,4,0,1,3,,N,,,,,,,,,,,
2008050825,1007,2,0,0,0,0,0,0,0,0,2,0,,67,2,2008,4,40.0179,-75.0645,1002.0,6,0,0,0,1,0,0,1,0,,0,0,0,10,1,2,0,,0,40 01:04.151,,0,75 03:52.401,2,0,0,0,67301,0,0,0,N,0,0,0,2,67301,0,,1,1,,N,N,,0,,1,1,0,0.0,0,,1002,2,2,0,0,0,0,0,3,4,0,2,3,,N,,,,,,,,,,,
2008050835,1654,1,0,0,0,0,0,0,0,0,2,0,,67,2,2008,3,40.0528,-75.1753,1644.0,6,0,0,0,0,0,1,0,0,9.0,0,0,0,16,4,2,0,,2,40 03:09.932,6.0,0,75 10:30.914,4,0,0,0,67301,0,0,0,N,0,0,0,3,67301,1,,1,2,,N,N,,0,,0,0,0,0.0,0,Y,1630,2,2,0,0,0,1,1,3,4,1,2,9,,N,,,,,,,,,,,
2008048603,928,0,0,0,0,0,0,1,0,0,8,1,,67,1,2008,6,39.9161,-75.239,928.0,6,0,0,0,0,0,0,0,0,,0,0,0,5,5,1,1,,0,39 54:58.070,,0,75 14:20.244,8,0,0,0,67301,1,0,0,N,1,0,0,2,67301,0,,1,9,,Y,N,,0,,0,0,0,3.0,2,,550,1,2,0,0,0,1,0,3,4,0,1,7,,N,,,,,,,,,,,
2008044045,9999,1,0,0,0,0,0,0,0,0,4,0,,67,2,2008,1,39.9695,-75.1395,1143.0,6,0,0,0,0,0,0,0,0,,0,0,0,99,3,2,1,,0,39 58:10.000,,0,75 08:22.352,4,0,0,0,67301,0,0,0,,0,0,0,2,67301,1,,1,1,,N,N,,1,,0,0,0,3.0,2,,9999,2,2,0,0,1,1,0,3,4,0,2,3,,N,,,,,,,,,,,
2008041243,1432,3,0,0,0,0,0,0,0,0,4,0,,67,1,2008,5,39.9666,-75.1604,1430.0,6,0,0,0,0,0,0,0,0,,0,0,0,14,1,1,1,,0,39 58:00.000,,0,75 09:37.919,8,0,0,0,67301,0,0,0,N,0,0,0,3,67301,0,,1,1,,N,N,,0,,0,0,0,3.0,2,,1425,1,3,0,0,1,1,0,3,4,0,3,3,,N,,,,,,,,,,,
2008041251,2022,2,0,0,0,0,0,0,0,0,6,0,,67,1,2008,2,39.9422,-75.2234,2016.0,6,0,0,0,0,0,0,0,0,1.0,0,0,0,20,3,4,0,,1,39 56:31.959,5.0,0,75 13:24.315,8,0,0,0,67301,0,0,0,N,0,0,0,5,67301,0,,1,1,,N,N,,0,,0,0,0,0.0,0,N,2009,4,3,0,0,0,4,0,3,4,1,3,3,,N,,,,,,,,,,,
2008043924,1617,2,0,0,0,0,0,0,0,0,4,0,,67,1,2008,3,39.9859,-75.1613,1617.0,6,0,0,0,0,0,0,0,0,1.0,0,0,0,99,4,2,1,,1,39 59:09.404,2.0,0,75 09:40.515,4,0,0,0,67301,0,0,0,,0,0,0,6,67301,1,,1,9,,N,N,,0,,0,0,0,3.0,3,Y,9999,2,2,0,0,0,1,4,3,4,0,2,7,,N,,,,,,,,,,,
2008041309,1642,1,0,0,0,0,0,0,0,0,8,0,,67,2,2008,1,39.9702,-75.1451,1632.0,6,0,0,0,0,0,0,0,0,,0,0,0,11,1,1,1,,0,39 58:12.826,,0,75 08:42.073,3,0,0,0,67301,1,0,0,N,1,0,0,2,67301,0,,1,1,,N,N,,0,,1,0,0,3.0,2,,1130,1,2,0,0,0,0,1,3,4,0,1,3,,N,,,,,,,,,,,
2008069621,1433,0,0,0,0,0,0,0,0,0,5,0,,67,4,2008,7,40.0382,-75.1918,1430.0,6,0,0,0,0,0,0,0,0,,0,0,0,14,1,1,0,,0,40 02:18.023,,0,75 11:29.866,8,0,0,0,67301,0,0,0,N,0,0,0,2,67301,0,,1,1,,N,N,,0,,0,0,2,0.0,0,,1428,1,2,0,0,0,1,0,3,4,0,2,3,,N,,,,,,,,,,,
2008069316,1455,0,0,0,0,0,0,0,0,0,1,0,,67,4,2008,1,40.0294,-75.0627,1455.0,6,0,0,0,0,0,0,0,0,9.0,0,0,0,14,1,0,1,,1,40 01:45.686,3.0,0,75 03:45.831,0,0,0,0,67301,0,0,0,,0,0,0,6,67301,0,,1,1,,N,N,,0,,0,0,2,3.0,2,N,1455,0,2,0,0,0,0,0,3,4,0,2,3,,N,,,,,,,,,,,
2008121051,845,2,0,0,0,0,0,0,0,0,2,0,,67,10,2008,4,40.0064,-75.1276,835.0,6,0,0,0,0,1,0,0,0,2.0,0,0,0,99,1,1,0,,2,40 00:22.867,2.0,0,75 07:39.504,3,0,0,0,67301,0,0,0,N,0,0,0,2,67301,0,,1,1,,N,N,,0,,1,0,0,0.0,0,N,9999,1,2,0,0,0,0,0,3,4,0,2,3,,N,,,,,,,,,,,
2008118592,1955,3,0,0,0,0,0,0,0,0,6,0,,67,9,2008,4,40.078,-75.0237,1949.0,6,0,0,0,0,0,1,0,0,1.0,0,0,0,99,3,1,2,,1,40 04:40.775,2.0,0,75 01:25.271,4,0,0,0,67301,0,0,0,N,0,0,0,3,67301,1,,1,1,,N,N,,0,,0,0,0,3.0,2,N,9999,1,3,0,0,1,0,0,3,4,0,3,3,,N,,,,,,,,,,,
2008108630,1725,2,0,0,0,0,0,0,0,0,4,0,,67,9,2008,4,40.0273,-75.1783,1712.0,6,0,0,0,0,0,0,0,0,,0,0,0,17,1,2,2,,0,40 01:38.316,,0,75 10:41.894,3,0,0,0,67301,0,0,0,N,0,0,0,4,67301,0,,1,1,,N,N,,0,,2,0,0,3.0,3,,1700,2,2,0,0,0,0,1,3,4,0,2,3,,N,,,,,,,,,,,
2008118611,610,1,0,0,0,0,0,0,0,0,1,0,,67,10,2008,6,40.114,-74.9876,553.0,6,0,0,0,0,0,0,0,0,9.0,0,0,0,5,3,1,1,,1,40 06:50.546,1.0,0,74 59:15.382,4,0,0,0,67301,0,0,0,N,0,0,0,2,67301,1,,1,1,,N,N,,1,,0,0,0,3.0,2,N,550,1,2,0,0,0,0,0,3,4,0,2,3,,N,,,,,,,,,,,
2008121086,405,2,0,0,0,0,0,0,0,0,2,0,,67,9,2008,4,40.083,-74.9885,400.0,6,0,0,0,0,0,1,0,0,,0,0,0,99,1,0,10,,0,40 04:58.681,,0,74 59:18.729,0,0,0,0,67301,0,0,0,N,0,0,0,3,67301,0,,1,9,,N,N,,0,,0,0,0,0.0,0,,9999,0,2,0,0,0,0,0,3,4,0,2,3,,N,,,,,,,,,,,
2008121098,445,1,0,0,0,0,0,0,0,0,4,0,,67,9,2008,5,39.9755,-75.2296,439.0,6,0,0,1,0,0,0,0,0,,0,0,0,4,3,1,1,,0,39 58:31.872,,0,75 13:46.466,3,0,0,0,67301,0,0,0,N,0,0,0,2,67301,0,,1,1,,N,N,,0,,1,0,0,9.0,3,,430,1,2,0,0,0,0,0,3,4,0,2,3,,N,,,,,,,,,,,
2008108390,1808,2,0,0,0,0,0,0,0,0,4,0,,67,8,2008,1,40.0144,-75.1305,1800.0,6,0,0,0,0,0,0,0,0,1.0,0,0,0,17,1,3,0,,1,40 00:51.884,3.0,7,75 07:49.827,4,0,0,0,67301,0,0,0,N,0,0,0,4,67301,1,,1,1,,N,N,,0,,0,0,0,0.0,0,Y,1755,3,2,0,0,0,2,0,3,4,0,2,3,,N,,,,,,,,,,,
2008099228,9999,0,0,0,0,0,0,0,0,0,4,0,,67,7,2008,5,39.9274,-75.2387,2101.0,6,0,0,0,0,0,0,0,0,,0,0,0,99,3,1,2,,0,39 55:38.553,,0,75 14:19.337,8,0,0,0,67301,0,0,0,N,0,0,0,2,67301,0,,1,1,,N,N,,0,,0,0,2,3.0,3,,9999,1,2,0,0,0,1,0,3,4,0,2,3,,N,,,,,,,,,,,
2008118972,850,1,0,0,0,0,0,0,0,0,7,0,,67,9,2008,7,39.9217,-75.1905,845.0,6,0,0,0,0,0,0,0,0,1.0,0,0,0,8,1,1,0,,2,39 55:18.060,6.0,3,75 11:25.685,4,0,0,0,67301,0,0,0,,0,0,0,1,67301,1,,2,9,,,,,0,,0,0,0,0.0,0,N,835,1,1,0,0,0,0,0,3,4,0,1,7,,N,,,,,,,,,,,
2008108489,1727,1,0,0,0,0,0,0,0,0,4,0,,67,8,2008,4,40.0314,-75.1524,1727.0,6,0,0,0,0,0,0,0,1,,0,0,0,17,1,1,1,,0,40 01:52.935,,0,75 09:08.539,3,0,0,1,67301,0,0,0,N,0,0,0,2,67301,0,,1,1,,N,N,,0,,1,0,0,3.0,2,,1727,1,2,0,0,0,0,0,3,4,0,2,3,,N,,,,,,,,,,,
2008108551,1520,1,0,0,0,0,0,0,0,0,4,0,,67,8,2008,1,40.0356,-75.1239,1437.0,6,0,0,0,0,0,1,0,0,,0,0,0,14,1,2,1,,0,40 02:08.080,,0,75 07:25.890,8,0,0,0,67301,0,0,0,N,0,0,0,6,67301,0,,1,1,,N,N,,0,,0,0,1,3.0,2,,1435,2,3,0,0,0,2,3,3,4,1,3,3,,N,,,,,,,,,,,
2008108561,1814,1,0,0,0,0,0,0,0,0,7,0,,67,8,2008,2,40.0401,-75.1918,1810.0,6,0,0,0,0,0,0,0,0,1.0,0,0,0,18,1,1,0,,1,40 02:24.283,1.0,0,75 11:30.336,8,0,0,0,67301,0,0,0,N,0,0,0,1,67301,0,,5,1,,N,N,,0,,0,0,0,0.0,0,N,1807,1,1,0,0,0,1,0,3,4,0,1,3,,N,,,,,,,,,,,
2008108562,1430,3,0,0,0,0,0,0,0,0,1,0,,67,8,2008,6,40.0601,-75.1538,1425.0,6,0,0,0,0,0,1,0,0,,0,0,0,14,1,4,1,,0,40 03:36.439,,0,75 09:13.575,4,0,0,0,67301,0,0,0,N,0,0,0,6,67301,4,,1,1,,N,N,,0,,0,0,0,3.0,2,,1425,4,3,0,0,0,0,0,3,4,0,3,3,,N,,,,,,,,,,,
2008101538,1618,1,0,0,0,0,0,0,0,0,1,0,,67,9,2008,4,40.0101,-75.2066,1609.0,6,0,0,0,0,0,0,0,0,,0,0,0,16,1,0,0,,0,40 00:36.570,,0,75 12:24.250,9,0,0,0,67301,0,0,0,N,0,0,0,2,68K01,0,,1,1,,N,N,,1,,0,0,0,0.0,0,,1604,0,2,0,0,0,0,1,3,4,0,2,3,,N,,,,,,,,,,,
2008098607,2150,1,0,0,0,0,0,0,0,0,0,0,,67,7,2008,5,39.9848,-75.1691,2140.0,6,0,0,0,0,0,0,0,0,,0,0,0,21,3,4,1,,0,39 59:05.294,,0,75 10:08.806,4,0,0,0,67301,0,0,0,N,0,0,0,6,67301,4,,1,1,,N,N,,0,,0,0,1,0.0,0,,2140,4,2,0,0,0,0,0,3,4,0,2,3,,N,,,,,,,,,,,
2008098662,1351,2,0,0,0,0,0,0,0,0,4,0,,67,7,2008,3,39.9419,-75.2139,1349.0,6,0,0,0,0,1,0,0,0,1.0,0,0,0,13,1,1,1,,1,39 56:30.976,7.0,0,75 12:49.989,8,0,0,0,67301,0,0,0,N,0,0,0,4,67301,0,,1,1,,N,N,,0,,0,0,0,3.0,3,Y,1345,1,2,0,0,0,1,0,3,4,0,2,3,,N,,,,,,,,,,,
2008071910,15,5,1,0,0,0,0,0,0,0,1,0,,67,4,2008,1,40.0352,-75.1455,15.0,6,0,0,0,0,0,2,0,0,3.0,1,0,0,0,3,6,1,,2,40 02:06.732,1.0,0,75 08:43.671,1,0,0,0,67301,0,0,0,N,0,0,0,9,67301,0,2.0,1,1,,N,N,,0,0.0,1,1,1,3.0,2,Y,15,6,6,0,1,1,4,0,3,4,0,6,3,,N,,,,,,,,,,,
2008071913,2150,2,0,0,0,0,0,0,0,0,4,0,,67,4,2008,4,40.0098,-75.151,2146.0,6,0,0,0,0,0,0,0,0,1.0,0,0,0,21,3,1,5,,2,40 00:35.380,1.0,0,75 09:03.622,8,0,0,0,67301,0,0,0,N,0,0,0,2,67301,0,,1,1,,N,N,,0,,0,0,0,3.0,2,Y,2144,1,2,0,0,0,1,0,3,4,0,2,3,,N,,,,,,,,,,,
2008082165,1815,1,0,0,0,0,0,0,0,0,1,0,,67,5,2008,3,40.0682,-75.1871,1804.0,6,0,0,0,0,0,0,1,0,,0,0,0,18,1,0,0,,0,40 04:05.360,,0,75 11:13.728,0,0,0,0,67301,0,0,0,N,0,0,0,1,67301,0,,4,1,,N,N,,0,,0,0,1,3.0,3,,1804,0,2,0,0,0,0,0,3,4,0,2,3,,N,,,,,,,,,,,
2008072091,1449,2,0,0,0,0,0,0,0,0,4,0,,67,5,2008,7,39.9799,-75.1429,1446.0,6,0,0,0,0,0,1,0,0,,0,0,0,14,1,6,1,,0,39 58:47.528,,0,75 08:34.317,8,0,0,0,67301,0,0,0,N,0,0,0,6,67301,0,,1,1,,,N,,0,,0,0,0,3.0,2,,1443,6,2,0,0,0,6,0,3,4,0,2,3,,N,,,,,,,,,,,
2008069665,9999,1,0,0,1,0,0,0,0,0,4,0,,67,4,2008,6,39.9983,-75.1273,9999.0,6,0,0,0,0,0,0,0,0,,0,0,0,99,3,1,1,,0,39 59:53.946,,0,75 07:38.200,4,0,0,0,67301,1,0,0,,0,0,0,3,67301,1,,1,1,,,,,0,,0,0,0,0.0,0,,9999,1,2,0,0,0,0,0,3,4,0,1,3,,N,,,,,,,,,,,
2008069678,233,2,0,0,0,0,0,0,0,0,4,0,,67,4,2008,6,39.9484,-75.1662,231.0,6,0,0,0,0,0,0,0,0,,0,0,0,2,3,1,2,,0,39 56:54.247,,0,75 09:58.366,4,0,0,0,67301,0,0,0,N,0,0,0,5,67301,1,,1,1,,N,N,,0,,0,0,0,3.0,2,,229,1,2,0,0,4,0,0,3,4,0,2,3,,N,,,,,,,,,,,
2008120193,1355,1,0,0,1,0,0,0,0,0,5,0,,67,10,2008,4,39.9258,-75.1711,1350.0,6,0,0,0,0,0,0,0,0,,0,0,0,13,1,1,1,,0,39 55:32.941,,0,75 10:15.985,4,0,0,0,67301,1,0,0,N,0,0,0,2,67301,1,,1,1,,N,N,,0,,0,0,0,3.0,3,,1350,1,2,0,0,0,0,0,3,4,0,1,3,,N,,,,,,,,,,,
2008120224,940,2,0,0,0,0,0,0,0,0,4,0,,67,10,2008,2,40.0536,-75.0721,932.0,6,0,0,0,0,0,2,0,0,1.0,0,0,0,9,1,1,1,,1,40 03:12.981,1.0,0,75 04:19.653,8,0,0,0,67301,0,0,0,N,0,0,0,3,67301,0,,1,1,,N,N,,0,,0,0,0,3.0,3,N,930,1,2,0,0,0,1,0,3,4,0,2,3,,N,,,,,,,,,,,
2008127407,458,0,0,0,0,0,0,0,0,0,7,0,,67,11,2008,7,39.9904,-75.0867,445.0,6,0,0,0,0,1,0,0,0,,0,0,0,4,3,0,0,,0,39 59:25.891,,0,75 05:11.803,0,0,0,0,67301,0,0,0,N,0,0,0,1,68K01,0,,3,9,,N,N,,0,,0,0,1,0.0,0,,442,0,1,0,0,0,0,0,3,4,0,1,7,,N,,,,,,,,,,,
2008119776,1900,2,0,0,0,0,0,0,0,0,4,0,,67,9,2008,1,39.9543,-75.1397,1851.0,6,0,0,0,0,0,0,0,0,,0,0,0,18,6,2,1,,0,39 57:15.535,,0,75 08:23.018,4,0,0,0,67301,0,0,0,N,0,0,0,2,67301,2,,1,9,,N,N,,0,,0,0,0,0.0,0,,1851,2,2,0,0,0,0,0,3,4,0,2,7,,N,,,,,,,,,,,
2008122681,730,2,0,0,0,0,0,0,0,0,1,0,,67,9,2008,5,39.9065,-75.1368,730.0,6,0,0,0,0,0,0,1,0,,0,0,0,7,1,2,0,,0,39 54:23.343,,3,75 08:12.350,8,0,0,0,67301,0,0,0,N,0,0,0,4,67501,0,,1,1,,N,N,,1,,0,0,1,3.0,8,,728,2,4,0,0,0,2,0,3,4,0,4,3,,N,,,,,,,,,,,
2008122728,1905,0,0,0,0,0,0,0,0,0,8,0,,67,10,2008,6,40.1318,-75.0194,1855.0,6,0,0,0,0,0,0,0,0,,0,0,0,18,4,1,0,,0,40 07:54.616,,0,75 01:09.868,8,0,0,0,67301,1,0,0,N,1,0,0,2,67301,0,,4,1,,N,N,,0,,0,0,2,0.0,0,,1840,1,3,0,0,1,1,0,3,4,0,2,3,,N,,,,,,,,,,,
2008133163,1346,1,0,0,0,0,0,0,0,0,7,0,,67,10,2008,5,40.0732,-75.2153,1345.0,6,0,0,0,0,0,0,0,1,,0,0,0,13,1,0,2,,0,40 04:23.646,,0,75 12:55.216,0,0,0,0,67301,0,0,0,N,0,0,0,1,67301,0,,4,1,,N,N,,0,,0,0,0,0.0,0,,1345,0,1,0,0,0,0,0,3,4,0,1,3,,N,,,,,,,,,,,
2008133171,1633,2,0,0,0,0,0,0,0,0,7,0,,67,10,2008,7,39.9307,-75.1613,1631.0,6,0,0,0,0,0,0,1,0,,0,0,0,16,1,1,0,,0,39 55:50.685,,0,75 09:40.658,8,0,0,0,67301,0,0,0,,0,0,0,1,67301,0,,5,1,,,,,0,,0,0,0,0.0,0,,1628,1,2,0,0,0,1,0,3,4,0,2,3,,N,,,,,,,,,,,
2008133175,1655,2,0,0,0,0,0,0,0,0,4,0,,67,10,2008,3,39.9749,-75.162,1648.0,6,0,0,0,0,0,0,0,0,,0,0,0,16,1,0,1,,0,39 58:29.625,,0,75 09:43.354,0,0,0,0,67301,0,0,0,,0,0,0,2,67301,0,,1,9,,N,N,,0,,0,0,0,3.0,2,,1648,0,2,0,0,2,0,0,3,4,0,2,7,,N,,,,,,,,,,,