CRN,ARRIVAL_TM,AUTOMOBILE_COUNT,BELTED_DEATH_COUNT,BELTED_SUSP_SERIOUS_INJ_COUNT,BICYCLE_COUNT,BICYCLE_DEATH_COUNT,BICYCLE_SUSP_SERIOUS_INJ_COUNT,BUS_COUNT,CHLDPAS_DEATH_COUNT,CHLDPAS_SUSP_SERIOUS_INJ_COUNT,COLLISION_TYPE,COMM_VEH_COUNT,CONS_ZONE_SPD_LIM,COUNTY,CRASH_MONTH,CRASH_YEAR,DAY_OF_WEEK,DEC_LAT,DEC_LONG,DISPATCH_TM,DISTRICT,DRIVER_COUNT_16YR,DRIVER_COUNT_17YR,DRIVER_COUNT_18YR,DRIVER_COUNT_19YR,DRIVER_COUNT_20YR,DRIVER_COUNT_50_64YR,DRIVER_COUNT_65_74YR,DRIVER_COUNT_75PLUS,EST_HRS_CLOSED,FATAL_COUNT,HEAVY_TRUCK_COUNT,HORSE_BUGGY_COUNT,HOUR_OF_DAY,ILLUMINATION,INJURY_COUNT,INTERSECT_TYPE,INTERSECTION_RELATED,LANE_CLOSED,LATITUDE,LN_CLOSE_DIR,LOCATION_TYPE,LONGITUDE,MAX_SEVERITY_LEVEL,MCYCLE_DEATH_COUNT,MCYCLE_SUSP_SERIOUS_INJ_COUNT,MOTORCYCLE_COUNT,MUNICIPALITY,NONMOTR_COUNT,NONMOTR_DEATH_COUNT,NONMOTR_SUSP_SERIOUS_INJ_COUNT,NTFY_HIWY_MAINT,PED_COUNT,PED_DEATH_COUNT,PED_SUSP_SERIOUS_INJ_COUNT,PERSON_COUNT,POLICE_AGCY,POSSIBLE_INJ_COUNT,RDWY_SURF_TYPE_CD,RELATION_TO_ROAD,ROAD_CONDITION,ROADWAY_CLEARED,SCH_BUS_IND,SCH_ZONE_IND,SECONDARY_CRASH,SMALL_TRUCK_COUNT,SPEC_JURIS_CD,SUSP_MINOR_INJ_COUNT,SUSP_SERIOUS_INJ_COUNT,SUV_COUNT,TCD_FUNC_CD,TCD_TYPE,TFC_DETOUR_IND,TIME_OF_DAY,TOT_INJ_COUNT,TOTAL_UNITS,UNB_DEATH_COUNT,UNB_SUSP_SERIOUS_INJ_COUNT,UNBELTED_OCC_COUNT,UNK_INJ_DEG_COUNT,UNK_INJ_PER_COUNT,URBAN_AREA,URBAN_RURAL,VAN_COUNT,VEHICLE_COUNT,WEATHER1,WEATHER2,WORK_ZONE_IND,WORK_ZONE_LOC,WORK_ZONE_TYPE,WORKERS_PRES,WZ_CLOSE_DETOUR,WZ_FLAGGER,WZ_LAW_OFFCR_IND,WZ_LN_CLOSURE,WZ_MOVING,WZ_OTHER,WZ_SHLDER_MDN,WZ_WORKERS_INJ_KILLED
2008133180,1256,2,0,0,0,0,0,0,0,0,4,0,,67,11,2008,3,40.0681,-75.0162,1253.0,6,0,0,0,0,0,0,0,0,,0,0,0,12,1,1,0,,0,40 04:05.195,,0,75 00:58.275,4,0,0,0,67301,0,0,0,,0,0,0,1,67301,1,,1,9,,N,N,,0,,0,0,0,0.0,0,,1253,1,2,0,0,1,0,0,3,4,0,2,7,,N,,,,,,,,,,,
2008135238,1155,0,0,0,0,0,0,0,0,0,8,0,,67,10,2008,7,39.9342,-75.1675,1155.0,6,0,0,0,0,0,0,0,0,,0,0,0,11,1,1,2,,0,39 56:02.754,,0,75 10:03.046,4,0,0,0,67301,1,0,0,,1,0,0,2,67301,1,,2,1,,,,,0,,0,0,1,3.0,2,,1150,1,2,0,0,0,0,0,3,4,0,1,3,,N,,,,,,,,,,,
2008132912,2312,0,0,0,0,0,0,0,0,0,8,0,,67,10,2008,2,39.9661,-75.2056,2256.0,6,0,0,0,0,0,0,0,0,,0,0,0,22,3,1,1,,0,39 57:57.787,,0,75 12:20.087,8,0,0,0,67301,1,0,0,N,1,0,0,2,67301,0,,1,9,,N,N,,0,,0,0,0,3.0,3,,2238,1,2,0,0,0,1,0,3,4,0,1,7,,N,,,,,,,,,,,
2008035877,941,0,0,0,0,0,0,0,0,0,1,0,55.0,67,2,2008,5,39.9766,-75.1969,941.0,6,0,0,0,0,0,0,0,0,1.0,0,0,0,9,1,0,0,,1,39 58:36.000,3.0,0,75 11:53.720,0,0,0,0,67301,0,0,0,N,0,0,0,2,68K01,0,,1,1,,N,N,,1,,0,0,0,0.0,0,N,941,0,2,0,0,0,0,0,3,4,1,2,3,,Y,4.0,1.0,Y,N,N,Y,N,N,N,Y,
2008059280,1755,5,0,0,0,0,0,0,0,0,1,0,,67,3,2008,5,40.0321,-75.1462,1745.0,6,0,0,0,0,0,1,0,0,,0,0,0,17,1,1,1,,0,40 01:55.774,,0,75 08:46.477,4,0,0,0,67301,0,0,0,N,0,0,0,8,67301,1,,1,1,,N,N,,0,,0,0,0,3.0,2,,1706,1,5,0,0,0,0,0,3,4,0,5,3,,N,,,,,,,,,,,
2008059293,157,0,0,0,0,0,0,0,0,0,4,0,,67,3,2008,5,40.067,-75.1583,154.0,6,0,0,0,0,0,1,0,0,,0,0,0,1,3,1,1,,0,40 04:01.206,,0,75 09:29.699,4,0,0,0,67301,0,0,0,N,0,0,0,2,67301,1,,1,9,,N,N,,0,,0,0,1,3.0,2,,151,1,2,0,0,0,0,0,3,4,1,2,7,,N,,,,,,,,,,,
2008059098,1314,3,0,0,0,0,0,0,0,0,5,0,,67,3,2008,5,40.0274,-75.1275,313.0,6,0,0,1,0,0,0,0,0,,0,0,0,13,1,1,0,,0,40 01:38.478,,0,75 07:39.129,8,0,0,0,67301,0,0,0,N,0,0,0,1,67301,0,,5,9,,N,N,,0,,0,0,1,0.0,0,,1309,1,4,0,0,0,1,0,3,4,0,4,7,,N,,,,,,,,,,,
2008059197,1805,0,0,0,0,0,0,0,0,0,8,0,,67,3,2008,6,39.9917,-75.1246,1804.0,6,0,0,0,0,0,0,0,0,,0,0,0,18,1,1,0,,0,39 59:30.150,,0,75 07:28.681,8,0,0,0,67301,1,0,0,,1,0,0,2,67301,0,,1,1,,,,,0,,0,0,1,0.0,0,,1800,1,2,0,0,0,1,0,3,4,0,1,3,,N,,,,,,,,,,,
2008051383,1630,1,0,0,0,0,0,0,0,0,8,0,,67,3,2008,5,39.9365,-75.1954,1621.0,6,0,0,0,0,0,0,1,0,,0,0,0,16,1,1,1,,0,39 56:11.317,,0,75 11:43.616,8,0,0,0,67301,1,0,0,N,1,0,0,2,67301,0,,1,1,,N,N,,0,,0,0,0,9.0,3,,1620,1,2,0,0,0,1,1,3,4,0,1,3,,N,,,,,,,,,,,
2008051410,1854,2,0,0,0,0,0,0,0,0,4,0,,67,2,2008,2,40.0169,-75.1495,1749.0,6,0,0,0,0,0,0,0,0,,0,0,0,17,3,5,1,,0,40 01:00.709,,0,75 08:58.114,8,0,0,0,67301,0,0,0,,0,0,0,5,67301,0,,1,1,,,,,0,,0,0,0,3.0,2,,1745,5,2,0,0,0,5,0,3,4,0,2,3,,N,,,,,,,,,,,
2008051579,927,0,0,0,0,0,0,1,0,0,8,1,,67,2,2008,6,39.9626,-75.213,925.0,6,0,0,0,0,0,1,0,0,,0,0,0,9,1,3,1,,0,39 57:45.380,,0,75 12:45.870,3,0,0,0,67301,1,0,0,N,1,0,0,13,67301,2,,1,1,,N,N,,0,,1,0,0,3.0,2,,920,3,2,0,0,0,0,0,3,4,0,1,3,,N,,,,,,,,,,,
2008054202,1109,2,0,0,0,0,0,0,0,0,4,0,,67,1,2008,6,39.9514,-75.1686,1108.0,6,0,0,0,0,0,0,0,0,,0,0,0,11,1,0,1,,0,39 57:05.195,,0,75 10:06.920,0,0,0,0,67301,0,0,0,,0,0,0,2,67301,0,,1,1,,N,N,,0,,0,0,0,3.0,2,,1108,0,2,0,0,0,0,0,3,4,0,2,3,,N,,,,,,,,,,,
2008051622,242,1,0,0,0,0,0,1,0,0,4,1,,67,2,2008,7,40.008,-75.1417,241.0,6,0,0,0,0,0,0,0,0,,0,0,0,2,3,4,1,,0,40 00:28.952,,0,75 08:30.175,4,0,0,0,67301,0,0,0,N,0,0,0,6,67301,4,,1,1,,N,N,,0,,0,0,0,3.0,3,,235,4,2,0,0,1,0,0,3,4,0,2,3,,N,,,,,,,,,,,
2008051754,810,1,0,0,0,0,0,0,0,0,1,0,,67,3,2008,2,40.0011,-75.0973,800.0,6,0,0,0,0,0,0,0,0,,0,0,0,7,1,1,0,,0,40 00:03.861,,0,75 05:50.242,4,0,0,0,67301,0,0,0,N,0,0,0,2,67301,1,,1,1,,N,N,,0,,0,0,0,3.0,2,,730,1,2,0,0,0,0,0,3,4,1,2,3,,N,,,,,,,,,,,
2008052082,2326,0,0,0,0,0,0,0,0,0,7,0,,67,4,2008,7,39.8909,-75.1997,2313.0,6,0,0,1,0,0,0,0,0,1.0,0,0,0,23,3,2,0,,1,39 53:31.138,2.0,3,75 11:53.538,8,0,0,0,67301,0,0,0,N,0,0,0,2,68K01,0,,2,1,,N,N,,0,,0,0,1,0.0,0,N,2310,2,1,0,0,0,2,0,3,4,0,1,3,,N,,,,,,,,,,,
2008050137,1342,1,0,0,0,0,0,0,0,0,5,0,,67,4,2008,5,39.9465,-75.1887,1314.0,6,0,0,0,0,0,0,0,1,,0,0,0,13,1,0,0,,0,39 56:47.448,,0,75 11:19.298,0,0,0,0,67301,0,0,0,N,0,0,0,2,68K01,0,,1,1,,N,N,,1,,0,0,0,3.0,4,,1305,0,2,0,0,0,0,0,3,4,0,2,3,,N,,,,,,,,,,,
2008050255,1757,0,0,0,0,0,0,0,0,0,1,0,,67,2,2008,5,40.0475,-74.9978,1756.0,6,0,0,0,0,0,0,1,0,9.0,0,0,0,17,3,1,7,,1,40 02:50.556,1.0,2,74 59:52.565,3,0,0,1,67301,0,0,0,,0,0,0,2,67301,0,,1,1,,,,,0,,1,0,1,3.0,3,N,1745,1,2,0,0,0,0,0,3,4,0,2,3,,N,,,,,,,,,,,
2008047656,1725,2,0,0,0,0,0,0,0,0,1,0,,67,1,2008,4,40.0475,-75.1428,1725.0,6,0,0,0,1,0,0,0,0,,0,0,0,16,1,1,1,,0,40 02:50.961,,0,75 08:34.014,8,0,0,0,67301,0,0,0,N,0,0,0,2,67301,0,,1,1,,N,N,,0,,0,0,0,0.0,0,,1620,1,2,0,0,0,1,0,3,4,0,2,3,,N,,,,,,,,,,,
2008047665,1602,0,0,0,0,0,0,0,0,0,4,0,,67,2,2008,6,40.0607,-75.0542,1553.0,6,0,0,0,0,0,0,0,0,1.0,0,0,0,15,1,1,1,,1,40 03:38.529,4.0,0,75 03:14.962,4,0,0,0,67301,0,0,0,,0,0,0,2,67301,1,,1,9,,,,,1,,0,0,0,3.0,2,N,1540,1,2,0,0,0,0,1,3,4,1,2,7,,N,,,,,,,,,,,
2008045448,1948,0,0,0,0,0,0,0,0,0,7,0,,67,1,2008,7,40.0819,-75.0304,1939.0,6,0,0,0,0,0,1,0,0,,0,0,0,19,3,0,1,,0,40 04:54.000,,0,75 01:49.379,9,0,0,0,67301,0,0,0,,0,0,0,1,67301,0,,5,1,,N,N,,0,,0,0,0,0.0,0,,1939,0,1,0,0,0,0,1,3,4,1,1,3,,N,,,,,,,,,,,
2008040568,1655,2,0,0,0,0,0,0,0,0,2,0,,67,2,2008,1,40.0617,-75.1368,1653.0,6,0,0,0,0,0,1,0,0,1.0,0,0,0,16,1,2,1,,1,40 03:42.480,2.0,0,75 08:12.120,8,0,0,0,67301,0,0,0,N,0,0,0,4,46102,0,,1,1,,N,N,,0,,0,0,1,3.0,2,Y,1653,2,3,0,0,0,2,0,3,4,0,3,3,,N,,,,,,,,,,,
2008040754,835,1,0,0,0,0,0,0,0,0,8,0,,67,2,2008,4,39.9972,-75.1673,833.0,6,0,0,0,0,0,0,0,0,,0,0,0,7,1,1,1,,0,39 59:49.970,,0,75 10:02.157,4,0,0,0,67301,1,0,0,,1,0,0,5,67301,1,,1,9,,,,,0,,0,0,0,3.0,2,,715,1,2,0,0,0,0,0,3,4,0,1,3,,N,,,,,,,,,,,
2008053241,112,1,0,0,0,0,0,0,0,0,7,0,,67,1,2008,1,39.884,-75.2306,110.0,6,0,0,0,0,0,0,0,0,,0,0,0,23,3,0,2,,0,39 53:02.245,,0,75 13:50.120,0,0,0,0,67301,0,0,0,N,0,0,0,1,67301,0,,3,1,,N,N,,0,,0,0,0,0.0,0,,2350,0,1,0,0,0,0,0,3,4,0,1,3,,N,,,,,,,,,,,
2008048106,1513,2,0,0,0,0,0,0,0,0,1,0,,67,3,2008,1,39.9569,-75.153,1509.0,6,0,0,0,0,0,1,0,0,1.0,0,0,0,15,1,0,0,,2,39 57:24.819,3.0,0,75 09:10.755,0,0,0,0,67301,0,0,0,N,0,0,0,3,68K01,0,,1,1,,N,N,,0,,0,0,0,0.0,0,N,1502,0,2,0,0,0,0,0,3,4,0,2,3,,N,,,,,,,,,,,
2008040773,1655,0,0,0,0,0,0,0,0,0,4,0,,67,1,2008,1,40.0475,-75.1428,1649.0,6,0,0,0,0,0,1,0,0,2.0,0,0,0,99,1,1,1,,2,40 02:50.000,1.0,0,75 08:34.014,3,0,0,0,67301,0,0,0,N,0,0,0,2,67301,0,,1,1,,N,N,,0,,1,0,2,3.0,2,Y,9999,1,2,0,0,0,0,0,3,4,0,2,3,,N,,,,,,,,,,,
2008108954,612,1,0,0,0,0,0,0,0,0,7,0,,67,8,2008,7,39.9971,-75.1539,605.0,6,0,0,0,0,0,0,0,0,,0,0,0,5,1,1,0,,0,39 59:49.421,,0,75 09:14.079,4,0,0,0,67301,0,0,0,,0,0,0,1,67301,1,,4,1,,N,N,,0,,0,0,0,0.0,0,,548,1,1,0,0,0,0,0,3,4,0,1,3,,N,,,,,,,,,,,
2008118575,1635,2,0,0,0,0,0,0,0,0,5,0,,67,10,2008,2,40.0548,-75.0047,1635.0,6,0,0,0,1,0,1,0,0,,0,0,0,16,1,1,0,,0,40 03:17.399,,0,75 00:16.828,4,0,0,0,67301,0,0,0,N,0,0,0,2,67301,1,,1,1,,N,N,,0,,0,0,0,0.0,0,,1630,1,2,0,0,0,0,0,3,4,0,2,3,,N,,,,,,,,,,,
2008118591,1657,1,0,0,0,0,0,1,0,0,4,1,,67,9,2008,2,40.0582,-75.1632,1657.0,6,0,0,0,0,0,1,0,1,3.0,0,0,0,16,1,1,1,,1,40 03:29.610,2.0,0,75 09:47.390,4,0,0,0,67301,0,0,0,N,0,0,0,2,67301,1,,1,1,,N,N,,0,,0,0,0,3.0,3,Y,1650,1,2,0,0,0,0,0,3,4,0,2,3,,N,,,,,,,,,,,
2008118598,1607,2,0,0,0,0,0,0,0,0,4,0,,67,9,2008,2,40.0808,-75.0286,1603.0,6,0,0,1,0,0,0,0,0,1.0,0,0,0,99,1,1,5,,1,40 04:50.880,4.0,0,75 01:42.960,4,0,0,0,67301,0,0,0,N,0,0,0,2,67301,1,,1,1,,N,N,,0,,0,0,0,3.0,2,N,9999,1,2,0,0,0,0,0,3,4,0,2,3,,N,,,,,,,,,,,
2008121260,140,0,0,0,0,0,0,0,0,0,5,2,,67,10,2008,2,40.1047,-74.9816,130.0,6,0,0,0,0,0,0,0,0,4.0,0,2,0,23,3,0,0,,2,40 06:16.938,1.0,0,74 58:53.763,0,0,0,0,67301,0,0,0,N,0,0,0,1,67301,0,,2,1,,N,N,,0,,0,0,0,0.0,0,Y,2340,0,2,0,0,0,0,0,3,4,0,2,3,,N,,,,,,,,,,,
2008118876,1128,1,0,0,0,0,0,0,0,0,7,0,,67,9,2008,1,39.9747,-75.2126,1126.0,6,0,0,0,0,0,1,0,0,1.0,0,0,0,11,1,1,2,,1,39 58:28.783,1.0,0,75 12:45.129,4,0,0,0,67301,0,0,0,N,0,0,0,1,67301,1,,4,1,,N,N,,0,,0,0,0,0.0,0,Y,1126,1,1,0,0,0,0,0,3,4,0,1,3,,N,,,,,,,,,,,
2008035874,926,1,0,0,0,0,0,0,0,0,4,0,,67,2,2008,2,39.9867,-75.2083,926.0,6,0,0,0,0,0,0,1,0,,0,0,0,9,1,1,1,,0,39 59:11.000,,0,75 12:29.920,4,0,0,0,67301,0,0,0,N,0,0,0,3,68K01,1,,1,9,,N,N,,0,,0,0,1,3.0,3,,926,1,2,0,0,0,0,0,3,4,0,2,7,,N,,,,,,,,,,,
2008061004,2111,1,0,0,0,0,0,0,0,0,1,0,,67,3,2008,3,40.1138,-75.0262,2113.0,6,0,0,0,0,0,0,1,0,,0,0,0,21,3,0,0,,0,40 06:49.716,,0,75 01:34.165,0,0,0,0,67301,0,0,0,N,0,0,0,1,67301,0,,1,9,,N,N,,1,,0,0,0,0.0,0,,2110,0,2,0,0,1,0,0,3,4,0,2,7,,N,,,,,,,,,,,
2008061204,1300,1,0,0,0,0,0,0,0,0,8,0,,67,3,2008,5,39.9651,-75.1608,1241.0,6,0,0,0,0,0,0,0,1,,0,0,0,12,1,1,1,,0,39 57:54.316,,0,75 09:38.700,4,0,0,0,67301,1,0,0,,1,0,0,2,67301,1,,1,9,,,,,0,,0,0,0,9.0,2,,1241,1,2,0,0,0,0,0,3,4,0,1,7,,N,,,,,,,,,,,
2008059262,1550,1,0,0,0,0,0,0,0,0,8,0,,67,3,2008,7,39.9162,-75.2455,1550.0,6,0,0,0,0,0,0,0,0,,0,0,0,15,1,1,0,,0,39 54:58.178,,0,75 14:43.633,3,0,0,0,67301,1,0,0,N,1,0,0,2,67301,0,,1,1,,N,N,,0,,1,0,0,0.0,0,,1550,1,2,0,0,0,0,0,3,4,0,1,3,,N,,,,,,,,,,,
2008056265,2234,1,0,0,0,0,0,0,0,0,1,1,,67,3,2008,2,40.0466,-75.0009,2231.0,6,0,0,0,0,1,0,0,0,,0,1,0,22,3,2,0,,0,40 02:50.511,,0,75 00:00.111,4,0,0,0,67301,0,0,0,N,0,0,0,4,68K01,2,,1,1,,N,N,,1,,0,0,0,0.0,0,,2227,2,3,0,0,0,0,0,3,4,0,3,3,,N,,,,,,,,,,,
2008051309,257,1,0,0,0,0,0,0,0,0,1,0,,67,4,2008,7,40.0389,-75.009,231.0,6,0,0,0,0,0,0,0,0,,0,0,0,2,3,0,0,,0,40 02:20.325,,0,75 00:31.324,0,0,0,0,67301,0,0,0,N,0,0,0,3,68K01,0,,1,9,,N,N,,0,,0,0,1,0.0,0,,227,0,2,0,0,0,0,0,3,4,0,2,7,,N,,,,,,,,,,,
2008053786,315,1,0,0,0,0,0,0,0,0,7,0,,67,3,2008,1,40.1199,-75.0375,312.0,6,0,0,0,0,1,0,0,0,,0,0,0,3,3,0,2,,0,40 07:11.460,,0,75 02:15.100,0,0,0,0,67301,0,0,0,,0,0,0,1,67301,0,,5,1,,,,,0,,0,0,0,0.0,0,,310,0,1,0,0,0,0,0,3,4,0,1,3,,N,,,,,,,,,,,
2008059194,313,2,0,0,0,0,0,0,0,0,4,0,,67,2,2008,1,40.0152,-75.1553,310.0,6,0,0,0,0,0,0,0,0,,0,0,0,3,3,2,2,,0,40 00:54.752,,0,75 09:18.971,3,0,0,0,67301,0,0,0,N,0,0,0,4,67301,1,,1,1,,N,N,,0,,1,0,0,3.0,2,,305,2,2,0,0,1,0,0,3,4,0,2,3,,N,,,,,,,,,,,
2008051573,1340,7,0,0,0,0,0,0,0,0,1,0,,67,2,2008,3,39.9167,-75.173,1338.0,6,0,0,0,0,0,0,0,0,,0,0,0,13,1,1,2,,0,39 55:00.268,,0,75 10:22.919,8,0,0,0,67301,0,0,0,N,0,0,0,3,67301,0,,1,1,,N,N,,0,,0,0,0,3.0,2,,1335,1,7,0,0,0,1,0,3,4,0,7,3,,N,,,,,,,,,,,
2008054215,1317,0,0,0,0,0,0,0,0,0,2,0,,67,1,2008,4,39.9453,-75.1786,1315.0,6,0,0,0,0,0,0,0,0,1.0,0,0,0,13,1,0,1,,1,39 56:42.990,5.0,0,75 10:42.837,0,0,0,0,67301,0,0,0,N,0,0,0,2,67301,0,,1,1,,N,N,,0,,0,0,2,0.0,0,Y,1310,0,2,0,0,0,0,0,3,4,0,2,3,,N,,,,,,,,,,,
2008054222,855,3,0,0,0,0,0,0,0,0,6,0,,67,1,2008,4,40.0605,-75.2108,847.0,6,0,0,0,0,0,0,0,0,2.0,0,0,0,8,1,0,0,,2,40 03:37.771,6.0,0,75 12:39.031,0,0,0,0,67301,0,0,0,N,0,0,0,2,67301,0,,4,2,,N,N,,1,,0,0,0,0.0,0,Y,840,0,4,0,0,0,0,0,3,4,0,4,3,,N,,,,,,,,,,,
2008051746,1625,4,0,0,0,0,0,0,0,0,1,0,,67,3,2008,2,39.9383,-75.1986,1621.0,6,0,0,0,0,0,0,0,0,,0,0,0,16,1,2,1,,0,39 56:20.620,,0,75 11:53.844,8,0,0,0,67301,0,0,0,,0,0,0,4,67301,0,,1,1,,,,,0,,0,0,0,3.0,2,,1616,2,4,0,0,0,2,2,3,4,0,4,3,,N,,,,,,,,,,,
2008050145,1505,1,0,0,0,0,0,0,0,0,1,0,,67,4,2008,7,40.0076,-75.2013,1504.0,6,0,0,0,0,0,1,0,0,,0,0,0,14,1,2,0,,0,40 00:27.636,,0,75 12:05.712,4,0,0,0,67301,0,0,0,N,0,0,0,5,68K01,2,,1,1,,N,N,,1,,0,0,0,0.0,0,,1459,2,2,0,0,0,0,0,3,4,0,2,3,,N,,,,,,,,,,,
2008050273,1941,3,0,0,0,0,0,0,0,0,1,0,,67,2,2008,4,40.039,-75.1446,1940.0,6,0,0,0,0,0,0,0,0,2.0,0,0,0,19,3,0,1,,1,40 02:20.571,6.0,0,75 08:40.639,0,0,0,0,67301,0,0,0,N,0,0,0,4,67301,0,,1,9,,N,N,,0,,0,0,0,3.0,2,Y,1940,0,3,0,0,0,0,0,3,4,0,3,10,,N,,,,,,,,,,,
2008052837,2005,3,0,0,0,0,0,0,0,0,1,0,,67,4,2008,3,39.9943,-75.2412,2003.0,6,0,0,0,0,0,1,0,0,,0,0,0,20,3,1,0,,0,39 59:40.596,,0,75 14:26.274,4,0,0,0,67301,0,0,0,N,0,0,0,4,46104,1,,1,1,,N,N,,0,,0,0,0,0.0,0,,2003,1,3,0,0,0,0,0,3,4,0,3,3,,N,,,,,,,,,,,
2008045547,930,2,0,0,0,0,0,0,0,0,4,0,,67,1,2008,5,39.9677,-75.1496,921.0,6,0,0,0,0,0,0,0,0,,0,0,0,9,1,2,1,,0,39 58:03.856,,0,75 08:58.426,4,0,0,0,67301,1,0,0,N,1,0,0,3,67301,2,,1,1,,N,N,,0,,0,0,0,3.0,3,,915,2,3,0,0,0,0,0,3,4,0,2,3,,N,,,,,,,,,,,
2008045427,1153,1,0,0,0,0,0,0,0,0,8,0,,67,1,2008,6,39.9314,-75.185,1150.0,6,0,0,0,0,0,0,0,0,,0,0,0,11,1,1,1,,0,39 55:52.932,,0,75 11:05.920,4,0,0,0,67301,1,0,0,,1,0,0,2,67301,1,,1,1,,,,,0,,0,0,0,9.0,3,,1145,1,2,0,0,0,0,1,3,4,0,1,3,,N,,,,,,,,,,,
2008043079,210,1,0,0,0,0,0,0,0,0,7,0,,67,3,2008,3,39.9754,-75.1948,205.0,6,0,0,0,0,0,0,0,0,,0,0,0,2,3,0,0,,0,39 58:34.321,,0,75 11:44.469,0,0,0,0,67301,0,0,0,N,0,0,0,1,68K01,0,,2,1,,N,N,,0,,0,0,0,3.0,8,,203,0,1,0,0,0,0,0,3,4,0,1,3,,N,,,,,,,,,,,
2008024062,2039,2,0,0,0,0,0,0,0,0,1,0,,67,1,2008,5,40.013,-75.1194,2039.0,6,0,0,0,0,1,0,0,0,,0,0,0,20,3,2,1,,0,40 00:46.000,,0,75 07:09.798,8,0,0,0,67301,0,0,0,,0,0,0,4,67301,0,,1,9,,,,,0,,0,0,1,0.0,0,,2038,2,3,0,0,0,2,2,3,4,0,3,7,,N,,,,,,,,,,,
2008050492,1606,1,0,0,0,0,0,0,0,0,1,0,,67,2,2008,6,39.9987,-75.1782,1559.0,6,0,0,0,0,0,2,0,0,,0,0,0,15,1,2,1,,0,39 59:55.179,,0,75 10:41.593,4,0,0,0,67301,0,0,0,,0,0,0,2,67301,2,,1,1,,,,,1,,0,0,0,3.0,2,,1559,2,2,0,0,0,0,0,3,4,0,2,3,,N,,,,,,,,,,,
2008050508,750,1,0,0,0,0,0,0,0,0,8,0,,67,3,2008,2,40.0777,-75.071,739.0,6,0,0,0,0,0,0,0,0,,0,0,0,7,1,1,1,,0,40 04:39.685,,0,75 04:15.594,4,0,0,0,67301,1,0,0,N,1,0,0,2,67301,1,,1,1,,N,N,,0,,0,0,0,3.0,2,,735,1,2,0,0,0,0,0,3,4,0,1,3,,N,,,,,,,,,,,
2008050593,1830,2,0,0,0,0,0,0,0,0,4,0,,67,3,2008,3,,,1828.0,6,0,0,0,0,0,0,0,0,,0,0,0,18,4,2,0,,0,,,0,,8,0,0,0,67301,0,0,0,N,0,0,0,3,67301,0,,1,1,,N,,,0,,0,0,0,0.0,0,,1825,2,2,0,0,0,2,1,3,3,0,2,3,,N,,,,,,,,,,,
2008053238,2215,1,0,0,0,0,0,0,0,0,7,0,,67,1,2008,4,39.9881,-75.0888,2203.0,6,0,0,0,0,0,0,0,0,1.0,0,0,0,22,3,0,3,,1,39 59:17.470,1.0,2,75 05:19.341,0,0,0,0,67301,0,0,0,N,0,0,0,1,67301,0,,2,1,,N,N,,0,,0,0,0,0.0,0,N,2200,0,1,0,0,0,0,0,3,4,0,1,3,,N,,,,,,,,,,,
2008050742,1642,1,0,0,0,0,0,0,0,0,5,0,,67,3,2008,4,39.9231,-75.2291,1641.0,6,0,0,0,0,0,1,0,0,1.0,0,0,0,16,1,5,1,,1,39 55:23.160,3.0,0,75 13:44.760,8,0,0,0,67301,0,0,0,N,0,0,0,7,67301,0,,1,1,,N,N,,0,,0,0,0,3.0,2,N,1639,5,2,0,0,0,5,0,3,4,0,2,3,,N,,,,,,,,,,,
2008050802,1542,0,0,0,0,0,0,0,0,0,1,0,,67,2,2008,3,40.0302,-75.0438,1539.0,6,0,0,0,0,0,0,0,0,,0,0,0,15,1,1,1,,0,40 01:48.784,,0,75 02:37.647,8,0,0,0,67301,0,0,0,N,0,0,0,4,67301,0,,1,9,,N,N,,1,,0,0,1,3.0,2,,1512,1,3,0,0,0,1,0,3,4,1,3,7,,N,,,,,,,,,,,
2008048199,9999,0,0,0,0,0,0,0,0,0,8,0,,67,1,2008,3,40.026,-75.0842,9999.0,6,0,0,0,0,0,0,0,0,,0,0,0,20,3,1,1,,0,40 01:33.556,,0,75 05:03.191,8,0,0,0,67301,1,0,0,,1,0,0,2,67301,0,,1,1,,N,N,,0,,0,0,0,0.0,0,,2032,1,2,0,0,0,1,0,3,4,0,1,99,,N,,,,,,,,,,,
2008050831,948,1,0,0,0,0,0,0,0,0,4,0,,67,3,2008,4,40.0506,-75.0667,946.0,6,0,0,0,1,0,0,0,0,1.0,0,0,0,9,1,1,2,,1,40 03:02.014,2.0,0,75 04:00.294,8,0,0,0,67301,0,0,0,,0,0,0,3,67301,0,,1,9,,,,,0,,0,0,0,9.0,3,N,944,1,2,0,0,0,1,0,3,4,1,2,99,,N,,,,,,,,,,,
2008040780,903,1,0,0,0,0,0,0,0,0,5,0,,67,1,2008,7,40.0228,-75.159,857.0,6,0,0,0,0,0,0,0,0,,0,0,0,8,1,1,1,,0,40 01:22.000,,0,75 09:32.461,4,0,0,0,67301,0,0,0,N,0,0,0,4,67301,1,,1,1,,N,N,,0,,0,0,1,3.0,2,,855,1,2,0,0,0,0,1,3,4,0,2,3,,N,,,,,,,,,,,