CRN,ARRIVAL_TM,AUTOMOBILE_COUNT,BELTED_DEATH_COUNT,BELTED_SUSP_SERIOUS_INJ_COUNT,BICYCLE_COUNT,BICYCLE_DEATH_COUNT,BICYCLE_SUSP_SERIOUS_INJ_COUNT,BUS_COUNT,CHLDPAS_DEATH_COUNT,CHLDPAS_SUSP_SERIOUS_INJ_COUNT,COLLISION_TYPE,COMM_VEH_COUNT,CONS_ZONE_SPD_LIM,COUNTY,CRASH_MONTH,CRASH_YEAR,DAY_OF_WEEK,DEC_LAT,DEC_LONG,DISPATCH_TM,DISTRICT,DRIVER_COUNT_16YR,DRIVER_COUNT_17YR,DRIVER_COUNT_18YR,DRIVER_COUNT_19YR,DRIVER_COUNT_20YR,DRIVER_COUNT_50_64YR,DRIVER_COUNT_65_74YR,DRIVER_COUNT_75PLUS,EST_HRS_CLOSED,FATAL_COUNT,HEAVY_TRUCK_COUNT,HORSE_BUGGY_COUNT,HOUR_OF_DAY,ILLUMINATION,INJURY_COUNT,INTERSECT_TYPE,INTERSECTION_RELATED,LANE_CLOSED,LATITUDE,LN_CLOSE_DIR,LOCATION_TYPE,LONGITUDE,MAX_SEVERITY_LEVEL,MCYCLE_DEATH_COUNT,MCYCLE_SUSP_SERIOUS_INJ_COUNT,MOTORCYCLE_COUNT,MUNICIPALITY,NONMOTR_COUNT,NONMOTR_DEATH_COUNT,NONMOTR_SUSP_SERIOUS_INJ_COUNT,NTFY_HIWY_MAINT,PED_COUNT,PED_DEATH_COUNT,PED_SUSP_SERIOUS_INJ_COUNT,PERSON_COUNT,POLICE_AGCY,POSSIBLE_INJ_COUNT,RDWY_SURF_TYPE_CD,RELATION_TO_ROAD,ROAD_CONDITION,ROADWAY_CLEARED,SCH_BUS_IND,SCH_ZONE_IND,SECONDARY_CRASH,SMALL_TRUCK_COUNT,SPEC_JURIS_CD,SUSP_MINOR_INJ_COUNT,SUSP_SERIOUS_INJ_COUNT,SUV_COUNT,TCD_FUNC_CD,TCD_TYPE,TFC_DETOUR_IND,TIME_OF_DAY,TOT_INJ_COUNT,TOTAL_UNITS,UNB_DEATH_COUNT,UNB_SUSP_SERIOUS_INJ_COUNT,UNBELTED_OCC_COUNT,UNK_INJ_DEG_COUNT,UNK_INJ_PER_COUNT,URBAN_AREA,URBAN_RURAL,VAN_COUNT,VEHICLE_COUNT,WEATHER1,WEATHER2,WORK_ZONE_IND,WORK_ZONE_LOC,WORK_ZONE_TYPE,WORKERS_PRES,WZ_CLOSE_DETOUR,WZ_FLAGGER,WZ_LAW_OFFCR_IND,WZ_LN_CLOSURE,WZ_MOVING,WZ_OTHER,WZ_SHLDER_MDN,WZ_WORKERS_INJ_KILLED
2008069258,1503,0,0,0,0,0,0,0,0,0,8,0,,67,4,2008,6,39.9739,-75.2066,1500.0,6,0,0,0,0,0,0,0,0,,0,0,0,14,1,1,0,,0,39 58:26.109,,0,75 12:23.456,4,0,0,0,67301,1,0,0,N,1,0,0,2,67301,1,,1,1,,N,N,,0,,0,0,0,3.0,2,,1458,1,2,0,0,1,0,0,3,4,1,1,3,,N,,,,,,,,,,,
2008069343,833,1,0,0,1,0,0,0,0,0,8,0,,67,4,2008,4,39.9578,-75.1602,829.0,6,0,0,0,0,0,0,0,0,,0,0,0,8,1,1,1,,0,39 57:28.067,,0,75 09:36.786,3,0,0,0,67301,1,0,0,,0,0,0,2,67301,0,,1,1,,,,,0,,1,0,0,3.0,2,,820,1,2,0,0,0,0,0,3,4,0,1,3,,N,,,,,,,,,,,
2008118622,1829,2,0,0,0,0,0,0,0,0,4,0,,67,7,2008,4,39.9439,-75.1519,1825.0,6,0,0,0,0,0,0,0,0,,0,0,0,18,1,1,1,,0,39 56:38.115,,0,75 09:06.879,8,0,0,0,67301,0,0,0,N,0,0,0,2,67301,0,,1,9,,N,N,,0,,0,0,0,3.0,2,,1821,1,2,0,0,0,1,0,3,4,0,2,3,,N,,,,,,,,,,,
2008121113,848,0,0,0,0,0,0,0,0,0,8,0,,67,10,2008,5,40.0475,-75.161,846.0,6,0,0,0,0,0,0,0,0,,0,0,0,8,1,1,0,,0,40 02:50.935,,0,75 09:39.538,3,0,0,0,67301,1,0,0,N,1,0,0,2,67301,0,,1,1,,N,Y,,1,,1,0,0,0.0,0,,844,1,2,0,0,0,0,0,3,4,0,1,3,,N,,,,,,,,,,,
2008121125,805,1,0,0,0,0,0,1,0,0,4,1,,67,9,2008,5,39.9866,-75.1464,800.0,6,0,0,0,0,0,0,0,0,,0,0,0,8,1,2,1,,0,39 59:11.919,,0,75 08:47.028,4,0,0,0,67301,0,0,0,,0,0,0,5,67301,2,,1,1,,,,,0,,0,0,0,3.0,3,,800,2,2,0,0,0,0,0,3,4,0,2,3,,N,,,,,,,,,,,
2008069072,1804,1,0,0,0,0,0,0,0,0,7,0,,67,6,2008,1,39.9576,-75.1605,1759.0,6,0,0,0,0,0,0,0,0,1.0,0,0,0,17,1,1,0,,1,39 57:27.360,3.0,0,75 09:37.800,4,0,0,0,67301,0,0,0,N,0,0,0,1,68K01,1,,3,1,,N,N,,0,,0,0,0,0.0,0,Y,1756,1,1,0,0,0,0,0,3,4,0,1,3,,N,,,,,,,,,,,
2008103646,1257,1,0,0,0,0,0,0,0,0,7,0,,67,6,2008,5,40.0035,-75.1358,1252.0,6,0,0,0,0,0,0,0,0,,0,0,0,99,1,3,0,,0,40 00:12.646,,0,75 08:08.916,4,0,0,0,67301,0,0,0,,0,0,0,3,67301,3,,5,1,,,,,0,,0,0,0,0.0,0,,9999,3,1,0,0,0,0,0,3,4,0,1,3,,N,,,,,,,,,,,
2008099242,1757,2,0,0,0,0,0,0,0,0,4,0,,67,6,2008,7,40.0325,-75.0808,1754.0,6,0,0,0,0,0,0,0,0,,0,0,0,17,1,1,1,,0,40 01:56.965,,0,75 04:51.305,4,0,0,0,67301,0,0,0,N,0,0,0,3,67301,1,,1,9,,N,N,,0,,0,0,1,3.0,2,,1750,1,3,0,0,0,0,0,3,4,0,3,3,,N,,,,,,,,,,,
2008101291,158,1,0,0,0,0,0,0,0,0,7,0,,67,8,2008,7,39.9891,-75.2066,158.0,6,0,0,0,0,0,0,0,0,1.0,0,0,0,1,3,0,0,,1,39 59:24.042,3.0,0,75 12:20.503,0,0,0,0,67301,0,0,0,N,0,0,0,1,68K01,0,,2,9,,N,N,,0,,0,0,0,0.0,0,N,149,0,1,0,0,0,0,0,3,4,0,1,7,,N,,,,,,,,,,,
2008108565,1647,4,0,0,0,0,0,0,0,0,2,0,,67,9,2008,5,39.9939,-75.0802,1645.0,6,0,0,0,0,1,0,0,0,,0,0,0,16,1,3,2,,0,39 59:43.909,,0,75 04:37.056,3,0,0,0,67301,0,0,0,,0,0,0,4,67301,2,,1,1,,,,,0,,1,0,0,0.0,0,,1645,3,4,0,0,0,0,0,3,4,0,4,3,,N,,,,,,,,,,,
2008118719,1600,2,0,0,0,0,0,0,0,0,5,1,,67,9,2008,2,39.9526,-75.1653,1552.0,6,0,0,0,0,0,0,1,0,,0,1,0,15,1,1,0,,0,39 57:09.820,,0,75 09:54.810,3,0,0,0,67301,0,0,0,N,0,0,0,2,67301,0,,1,1,,N,N,,0,,1,0,0,3.0,2,,1530,1,3,0,0,0,0,0,3,4,0,3,3,,N,,,,,,,,,,,
2008098651,117,2,0,0,0,0,0,0,0,0,4,0,,67,7,2008,2,39.9885,-75.1063,116.0,6,0,0,0,0,0,0,0,0,3.0,0,0,0,1,3,3,1,,1,39 59:18.500,4.0,0,75 06:22.881,3,0,0,0,67301,0,0,0,N,0,0,0,6,67301,1,,1,1,,N,N,,0,,2,0,0,3.0,2,N,113,3,2,0,0,0,0,0,3,4,0,2,3,,N,,,,,,,,,,,
2008098671,1015,3,0,0,0,0,0,0,0,0,4,0,,67,6,2008,5,40.0418,-75.1921,958.0,6,0,0,0,0,0,0,2,0,,0,0,0,9,1,1,1,,0,40 02:30.531,,0,75 11:31.575,8,0,0,0,67301,0,0,0,N,0,0,0,3,67301,0,,1,1,,N,N,,0,,0,0,0,3.0,2,,947,1,3,0,0,0,1,0,3,4,0,3,3,,N,,,,,,,,,,,
2008071853,840,0,0,0,0,0,0,0,0,0,8,0,,67,4,2008,5,39.9203,-75.2268,827.0,6,0,0,0,0,0,0,0,0,,0,0,0,7,1,1,0,,0,39 55:13.170,,0,75 13:36.598,4,0,0,0,67301,1,0,0,,1,0,0,2,67301,1,,1,1,,,,,0,,0,0,0,3.0,2,,755,1,2,0,0,0,0,0,3,4,1,1,3,,N,,,,,,,,,,,
2008120922,1259,0,0,0,0,0,0,0,0,0,7,0,,67,9,2008,6,40.0156,-75.206,1252.0,6,0,0,0,0,0,0,0,0,1.0,0,0,0,12,1,1,0,,2,40 00:56.136,2.0,0,75 12:21.661,4,0,0,0,67301,0,0,0,,0,0,0,1,67301,1,,2,9,,,,,1,,0,0,0,0.0,0,Y,1250,1,1,0,0,0,0,0,3,4,0,1,7,,N,,,,,,,,,,,
2008079285,1538,1,0,0,0,0,0,0,0,0,4,0,,67,5,2008,2,40.0292,-75.0551,1536.0,6,0,1,0,0,0,0,0,0,,0,0,0,15,1,1,1,,0,40 01:44.976,,0,75 03:18.280,4,0,0,0,67301,0,0,0,N,0,0,0,3,67301,1,,1,1,,N,N,,0,,0,0,1,3.0,3,,1525,1,2,0,0,0,0,0,3,4,0,2,3,,N,,,,,,,,,,,
2008072226,414,1,0,0,0,0,0,0,0,0,7,0,,67,4,2008,7,40.05,-75.1721,412.0,6,0,0,0,0,0,0,0,0,,0,0,0,4,2,0,0,,0,40 02:59.839,,0,75 10:19.611,0,0,0,0,67301,0,0,0,N,0,0,0,1,67301,0,,5,9,,N,N,,0,,0,0,0,0.0,0,,410,0,1,0,0,0,0,0,3,4,0,1,7,,N,,,,,,,,,,,
2008109634,1538,0,0,0,0,0,0,0,0,0,0,0,,67,10,2008,4,39.8932,-75.2217,1532.0,6,0,0,0,0,0,1,0,0,1.0,0,0,0,15,1,1,0,,2,39 53:35.702,2.0,3,75 13:17.952,8,0,0,1,67301,0,0,0,N,0,0,0,1,68K01,0,,1,9,,N,N,,0,,0,0,0,0.0,0,N,1530,1,1,0,0,0,1,0,3,4,0,1,7,,N,,,,,,,,,,,
2008082476,1920,1,0,0,0,0,0,0,0,0,8,0,,67,4,2008,2,40.0309,-75.0931,1915.0,6,0,0,0,0,0,1,0,0,2.0,0,0,0,19,1,1,0,,2,40 01:51.186,2.0,0,75 05:35.026,3,0,0,0,67301,1,0,0,N,1,0,0,2,67301,0,,1,1,,N,N,,0,,1,0,0,0.0,0,Y,1914,1,2,0,0,0,0,0,3,4,0,1,3,,N,,,,,,,,,,,
2008069703,659,1,0,0,0,0,0,0,0,0,8,0,,67,4,2008,6,40.0039,-75.1492,655.0,6,0,0,0,0,0,1,0,0,,0,0,0,6,1,1,1,,0,40 00:14.047,,0,75 08:57.044,4,0,0,0,67301,1,0,0,N,1,0,0,4,67301,1,,1,1,,N,N,,0,,0,0,0,3.0,2,,653,1,2,0,0,0,0,0,3,4,0,1,3,,N,,,,,,,,,,,
2008120174,2032,1,0,0,0,0,0,0,0,0,7,0,,67,9,2008,3,39.9858,-75.2448,2013.0,6,0,0,0,0,0,0,0,0,,0,0,0,20,3,1,2,,0,39 59:08.862,,0,75 14:41.413,8,0,0,0,67301,0,0,0,N,0,0,0,1,67301,0,,5,1,,N,N,,0,,0,0,0,0.0,0,,2013,1,1,0,0,0,1,0,3,4,0,1,3,,N,,,,,,,,,,,
2008120180,1917,1,0,0,0,0,0,0,0,0,7,0,,67,8,2008,1,39.9912,-75.1577,1915.0,6,0,0,0,0,0,0,0,0,,0,0,0,19,1,0,1,,0,39 59:28.291,,0,75 09:27.705,0,0,0,0,67301,0,0,0,,0,0,0,2,67301,0,,1,1,,N,,,0,,0,0,0,0.0,0,,1915,0,1,0,0,0,0,0,3,4,0,1,3,,N,,,,,,,,,,,
2008120181,1658,1,0,0,0,0,0,0,0,0,9,0,,67,10,2008,2,39.9565,-75.1626,1651.0,6,0,0,0,0,0,0,0,0,,0,0,0,15,1,1,0,,0,39 57:23.300,,0,75 09:45.453,4,0,0,0,67301,1,0,0,N,1,0,0,2,67301,1,,6,1,,N,N,,0,,0,0,0,0.0,0,,1500,1,2,0,0,0,0,0,3,4,0,1,3,,N,,,,,,,,,,,
2008120214,815,3,0,0,0,0,0,0,0,0,4,0,,67,10,2008,4,40.0296,-75.2063,805.0,6,0,0,0,0,0,1,0,0,,0,0,0,8,1,1,2,,0,40 01:46.666,,0,75 12:22.539,3,0,0,0,67301,0,0,0,N,0,0,0,3,67301,0,,1,1,,N,N,,0,,1,0,0,3.0,3,,800,1,3,0,0,0,0,0,3,4,0,3,3,,N,,,,,,,,,,,
2008059288,1015,1,0,0,0,0,0,0,0,0,4,0,,67,4,2008,1,40.1076,-75.0537,959.0,6,0,0,0,0,0,1,0,0,,0,0,0,9,1,1,2,,0,40 06:27.231,,0,75 03:13.701,4,0,0,0,67301,0,0,0,N,0,0,0,2,67301,1,,1,9,,N,N,,0,,0,0,1,3.0,2,,959,1,2,0,0,0,0,0,3,4,0,2,7,,N,,,,,,,,,,,
2008053991,2350,0,0,0,0,0,0,0,0,0,7,0,,67,2,2008,1,40.0229,-75.0342,2335.0,6,0,0,0,0,0,0,0,0,9.0,0,0,0,99,3,0,0,,1,40 01:22.318,5.0,0,75 02:03.072,0,0,0,0,67301,0,0,0,N,0,0,0,1,67301,0,,5,9,,N,N,,0,,0,0,1,3.0,2,N,9999,0,1,0,0,0,0,0,3,4,0,1,3,,N,,,,,,,,,,,
2008051422,1945,2,0,0,0,0,0,0,0,0,4,0,,67,3,2008,7,40.043,-75.1836,1935.0,6,0,0,0,0,0,0,0,0,,0,0,0,19,3,2,1,,0,40 02:34.803,,0,75 11:00.805,8,0,0,0,67301,0,0,0,N,0,0,0,3,67301,0,,1,9,,N,N,,0,,0,0,0,1.0,3,,1925,2,2,0,0,0,2,0,3,4,0,2,3,,N,,,,,,,,,,,
2008051606,2320,1,0,0,0,0,0,0,0,0,7,0,,67,2,2008,6,40.0139,-75.0563,2310.0,6,0,0,0,0,0,0,0,0,1.0,0,0,0,23,3,1,0,,1,40 00:50.331,1.0,0,75 03:21.931,4,0,0,0,67301,0,0,0,N,0,0,0,1,67301,1,,2,1,,N,N,,0,,0,0,0,0.0,0,N,2318,1,2,0,0,0,0,0,3,4,0,1,3,,N,,,,,,,,,,,
2008051630,822,1,0,0,0,0,0,0,0,0,4,0,,67,2,2008,5,40.0296,-75.2063,815.0,6,0,0,0,0,0,1,0,0,,0,0,0,8,1,1,1,,0,40 01:46.559,,0,75 12:22.847,8,0,0,0,67301,0,0,0,,0,0,0,2,67301,0,,1,1,,,,,0,,0,0,1,9.0,9,,815,1,2,0,0,0,1,0,3,4,0,2,3,,N,,,,,,,,,,,
2008051784,1708,2,0,0,0,0,0,0,0,0,4,0,,67,3,2008,2,40.0246,-75.1306,1702.0,6,0,0,0,0,0,0,0,0,2.0,0,0,0,16,1,1,1,,1,40 01:28.408,4.0,0,75 07:50.218,4,0,0,0,67301,0,0,0,N,0,0,0,2,67301,1,,1,1,,N,N,,0,,0,0,0,3.0,2,N,1658,1,2,0,0,0,0,0,3,4,0,2,3,,N,,,,,,,,,,,
2008050143,1435,2,0,0,0,0,0,0,0,0,1,0,,67,4,2008,7,39.9985,-75.1958,1433.0,6,0,0,0,0,0,1,0,0,,0,0,0,14,1,0,0,,0,39 59:56.400,,0,75 11:43.800,0,0,0,0,67301,0,0,0,N,0,0,0,2,68K01,0,,1,1,,N,N,,0,,0,0,0,0.0,0,,1427,0,2,0,0,0,0,0,3,4,0,2,3,,N,,,,,,,,,,,
2008050206,1620,1,0,0,0,0,0,0,0,0,7,0,,67,2,2008,7,40.0009,-75.1474,1614.0,6,0,0,0,0,0,0,0,0,9.0,0,0,0,16,1,1,2,,2,40 00:03.350,6.0,0,75 08:51.852,3,0,0,0,67301,0,0,0,,0,0,0,2,67301,0,,4,9,,N,N,,0,,1,0,0,0.0,0,Y,1600,1,1,0,0,0,0,0,3,4,0,1,10,,N,,,,,,,,,,,
2008050220,1738,2,0,0,0,0,0,0,0,0,4,0,,67,2,2008,4,39.9732,-75.2122,9999.0,6,0,0,0,0,0,0,0,0,2.0,0,0,0,16,1,1,1,,1,39 58:23.685,1.0,0,75 12:43.721,4,0,0,0,67301,0,0,0,N,0,0,0,3,67301,1,,1,9,,N,N,,0,,0,0,0,3.0,2,N,1640,1,2,0,0,0,0,0,3,4,0,2,10,,N,,,,,,,,,,,
2008045538,1800,1,0,0,0,0,0,0,0,0,1,0,,67,1,2008,4,39.9656,-75.2262,1756.0,6,0,0,0,0,0,0,0,0,,0,0,0,17,3,1,1,,0,39 57:56.000,,0,75 13:34.370,8,0,0,0,67301,0,0,0,N,0,0,0,3,67301,0,,1,1,,N,N,,0,,0,0,1,3.0,2,,1745,1,2,0,0,0,1,0,3,4,0,2,3,,N,,,,,,,,,,,
2008050587,1007,2,0,0,0,0,0,0,0,0,1,0,,67,2,2008,6,40.0239,-75.0305,1005.0,6,0,0,0,1,0,0,0,0,,0,0,0,8,1,0,0,,0,40 01:24.779,,2,75 01:51.689,0,0,0,0,67301,0,0,0,N,0,0,0,3,67301,0,,1,1,,,,,0,,0,0,1,0.0,0,,805,0,3,0,0,0,0,0,3,4,0,3,3,,N,,,,,,,,,,,
2008050611,716,1,0,0,0,0,0,0,0,0,8,0,,67,2,2008,5,40.0282,-75.0744,712.0,6,0,0,0,0,0,1,0,0,9.0,0,0,0,7,1,2,0,,1,40 01:41.631,3.0,0,75 04:28.011,3,0,0,0,67301,1,0,0,N,1,0,0,2,67301,0,,6,1,,N,N,,0,,1,0,0,0.0,0,N,710,2,2,0,0,0,1,0,3,4,0,1,3,,N,,,,,,,,,,,
2008048130,1428,2,0,0,0,0,0,0,0,0,5,0,,67,3,2008,1,40.028,-75.0243,1424.0,6,0,0,0,0,0,0,0,0,,0,0,0,14,1,0,7,,0,40 01:40.960,,2,75 01:26.830,0,0,0,0,67301,0,0,0,N,0,0,0,2,68K01,0,,7,1,,N,N,,0,,0,0,0,0.0,0,,1421,0,2,0,0,0,0,0,3,4,0,2,3,,N,,,,,,,,,,,
2008050753,1325,1,0,0,0,0,0,0,0,0,1,0,,67,2,2008,5,40.02,-75.1523,1322.0,6,0,0,0,0,0,0,0,0,,0,0,0,13,1,1,0,,0,40 01:12.026,,0,75 09:08.130,8,0,0,0,67301,0,0,0,N,0,0,0,2,67301,0,,1,1,,N,N,,0,,0,0,1,3.0,2,,1320,1,2,0,0,0,1,0,3,4,0,2,3,,N,,,,,,,,,,,
2008045596,1345,2,0,0,0,0,0,0,0,0,1,0,,67,1,2008,6,39.9997,-75.1532,1340.0,6,0,0,0,0,0,0,1,0,,0,0,0,99,1,1,0,,0,39 59:58.000,,0,75 09:11.587,8,0,0,0,67301,0,0,0,N,0,0,0,3,67301,0,,1,9,,N,N,,0,,0,0,0,0.0,0,,9999,1,2,0,0,1,1,0,3,4,0,2,7,,N,,,,,,,,,,,
2008045599,1850,1,0,0,0,0,0,0,0,0,8,0,,67,1,2008,3,40.0353,-75.0836,1845.0,6,0,0,0,0,0,0,0,0,,0,0,0,18,3,1,1,,0,40 02:07.098,,0,75 05:00.981,4,0,0,0,67301,1,0,0,,1,0,0,2,67301,1,,1,9,,,,,0,,0,0,0,3.0,3,,1845,1,2,0,0,0,0,0,3,4,0,1,7,,N,,,,,,,,,,,
2008040779,749,3,0,0,0,0,0,0,0,0,1,0,,67,1,2008,3,39.9699,-75.1423,735.0,6,0,0,0,0,0,1,0,0,,0,0,0,7,1,1,1,,0,39 58:11.623,,0,75 08:32.374,4,0,0,0,67301,0,0,0,N,0,0,0,4,67301,1,,1,1,,N,,,0,,0,0,0,3.0,2,,714,1,3,0,0,3,0,0,3,4,0,3,3,,N,,,,,,,,,,,
2008041304,2128,2,0,0,0,0,0,0,0,0,4,0,,67,2,2008,7,40.0416,-75.1471,2126.0,6,0,0,0,0,0,0,0,0,2.0,0,0,0,21,3,2,1,,2,40 02:29.680,7.0,0,75 08:49.502,3,0,0,0,67301,0,0,0,N,0,0,0,3,67301,1,,1,1,,N,N,,0,,1,0,0,2.0,3,Y,2120,2,2,0,0,0,0,0,3,4,0,2,3,,N,,,,,,,,,,,
2008108971,1045,0,0,0,1,0,0,0,0,0,4,0,,67,9,2008,3,39.9458,-75.1831,1043.0,6,0,0,0,0,0,0,0,0,,0,0,0,10,1,1,1,,0,39 56:44.984,,0,75 10:59.210,4,0,0,0,67301,1,0,0,,0,0,0,2,67301,1,,1,1,,,,,0,,0,0,1,3.0,2,,1040,1,2,0,0,0,0,0,3,4,0,1,3,,N,,,,,,,,,,,
2008118588,1310,1,0,0,0,0,0,0,0,0,7,0,,67,10,2008,7,40.0276,-75.1592,1307.0,6,0,0,0,0,0,0,0,0,,0,0,0,12,1,0,2,,0,40 01:39.532,,0,75 09:33.184,0,0,0,0,67301,0,0,0,N,0,0,0,4,67301,0,,5,1,,N,N,,0,,0,0,0,0.0,0,,1258,0,1,0,0,0,0,0,3,4,0,1,3,,N,,,,,,,,,,,
2008108616,902,3,0,0,0,0,0,0,0,0,1,0,,67,8,2008,4,40.0351,-75.0709,859.0,6,0,0,0,0,2,0,0,0,1.0,0,0,0,8,1,0,1,,1,40 02:06.421,2.0,0,75 04:15.407,0,0,0,0,67301,0,0,0,N,0,0,0,7,67301,0,,1,1,,N,N,,0,,0,0,0,3.0,2,N,855,0,3,0,0,0,0,0,3,4,0,3,3,,N,,,,,,,,,,,
2008121119,1914,3,0,0,0,0,0,0,0,0,1,0,,67,9,2008,2,40.0943,-75.0155,1914.0,6,0,0,0,0,0,2,0,0,3.0,0,0,0,19,3,7,0,,2,40 05:39.338,1.0,0,75 00:56.036,4,0,0,0,67301,0,0,0,,0,0,0,8,67301,3,,1,1,,N,N,,0,,0,0,2,3.0,2,Y,1913,7,5,0,0,0,4,0,3,4,0,5,3,,N,,,,,,,,,,,
2008118928,1047,2,0,0,0,0,0,0,0,0,4,0,,67,10,2008,3,40.0169,-75.1963,1043.0,6,0,0,0,0,0,0,0,0,,0,0,0,10,1,1,2,,0,40 01:00.753,,0,75 11:46.723,8,0,0,0,67301,0,0,0,N,0,0,0,2,67301,0,,1,1,,N,N,,0,,0,0,0,0.0,0,,1037,1,2,0,0,0,1,0,3,4,0,2,3,,N,,,,,,,,,,,
2008101781,2330,1,0,0,0,0,0,0,0,0,7,0,,67,8,2008,6,39.932,-75.1999,2329.0,6,0,0,0,0,0,0,0,0,,0,0,0,23,3,0,0,,0,39 55:57.130,,0,75 12:00.096,0,0,0,0,67301,0,0,0,N,0,0,0,2,68K01,0,,2,1,,N,N,,0,,0,0,0,0.0,0,,2328,0,1,0,0,0,0,0,3,4,0,1,3,,N,,,,,,,,,,,
2008099224,2010,1,0,0,0,0,0,0,0,0,4,0,,67,6,2008,4,39.9867,-75.2083,2003.0,6,0,0,0,0,0,0,0,0,,0,0,0,20,3,0,1,,0,39 59:11.980,,0,75 12:29.920,9,0,0,0,67301,0,0,0,N,0,0,0,2,67301,0,,1,1,,N,N,,0,,0,0,1,3.0,3,,2000,0,2,0,0,0,0,1,3,4,0,2,3,,N,,,,,,,,,,,
2008099274,1944,1,0,0,0,0,0,0,0,0,4,1,,67,7,2008,2,39.9572,-75.1587,1944.0,6,0,0,0,0,0,0,1,0,,0,1,0,19,1,1,1,,0,39 57:25.881,,0,75 09:31.332,4,0,0,0,67301,0,0,0,N,0,0,0,3,67301,1,,1,1,,N,N,,0,,0,0,1,3.0,2,,1944,1,3,0,0,0,0,0,3,4,0,3,3,,N,,,,,,,,,,,
2008108462,1605,2,0,0,0,0,0,0,0,0,4,0,,67,8,2008,4,40.0355,-75.198,1559.0,6,0,0,0,0,0,0,0,0,,0,0,0,15,1,0,2,,0,40 02:07.648,,0,75 11:52.641,0,0,0,0,67301,0,0,0,,0,0,0,3,67301,0,,1,1,,,,,0,,0,0,0,3.0,3,,1529,0,2,0,0,0,0,0,3,4,0,2,3,,N,,,,,,,,,,,
2008099278,1930,1,0,0,0,0,0,0,0,0,7,0,,67,7,2008,4,40.0423,-75.0571,1925.0,6,0,0,0,1,0,0,0,0,,0,0,0,19,1,2,2,,0,40 02:32.445,,0,75 03:25.606,8,0,0,0,67301,0,0,0,N,0,0,0,2,67301,0,,5,1,,N,N,,0,,0,0,0,0.0,0,,1920,2,2,0,0,0,2,0,3,4,0,1,3,,N,,,,,,,,,,,
2008108554,21,2,0,0,0,0,0,0,0,0,4,0,,67,8,2008,5,40.0247,-75.1237,18.0,6,0,1,0,0,0,0,0,0,,0,0,0,22,3,6,1,,0,40 01:28.740,,0,75 07:25.247,3,0,0,0,67301,0,0,0,N,0,0,0,7,67301,2,,1,1,,N,N,,0,,2,0,0,3.0,2,,2212,6,2,0,0,0,2,0,3,4,0,2,3,,N,,,,,,,,,,,
2008098640,1142,2,0,0,0,0,0,0,0,0,4,0,,67,6,2008,7,40.0014,-75.2149,1135.0,6,0,0,0,0,0,0,0,1,,0,0,0,11,1,1,0,,0,40 00:04.885,,7,75 12:53.582,8,0,0,0,67301,0,0,0,N,0,0,0,2,67301,0,,1,1,,N,N,,0,,0,0,0,0.0,0,,1130,1,2,0,0,0,1,0,3,4,0,2,3,,N,,,,,,,,,,,
2008071929,2043,1,0,0,0,0,0,0,0,0,1,0,,67,4,2008,5,39.9507,-75.1504,2024.0,6,0,0,0,0,0,0,0,0,,0,0,0,20,3,1,1,,0,39 57:02.765,,0,75 09:01.299,4,0,0,0,67301,0,0,0,N,0,0,0,4,67301,1,,1,1,,N,N,,1,,0,0,0,3.0,2,,2020,1,2,0,0,0,0,0,3,4,0,2,3,,N,,,,,,,,,,,
2008069467,1540,2,0,0,0,0,0,0,0,0,1,0,,67,4,2008,2,40.041,-75.1637,1531.0,6,0,0,0,0,0,0,0,0,,0,0,0,13,1,1,1,,0,40 02:27.564,,0,75 09:49.334,4,0,0,0,67301,0,0,0,N,0,0,0,2,67301,1,,1,1,,N,N,,0,,0,0,0,2.0,3,,1300,1,2,0,0,0,0,1,3,4,0,2,3,,N,,,,,,,,,,,
2008079764,1220,1,0,0,0,0,0,0,0,0,4,0,,67,5,2008,6,40.0331,-75.1812,1211.0,6,0,0,0,0,0,0,0,0,2.0,0,0,0,11,1,1,1,,2,40 01:59.135,6.0,0,75 10:52.430,4,0,0,0,67301,0,0,0,N,0,0,0,3,67301,1,,1,1,,N,N,,0,,0,0,1,3.0,2,Y,1140,1,2,0,0,0,0,0,3,4,0,2,3,,N,,,,,,,,,,,
2008079072,1105,2,0,0,0,0,0,0,0,0,4,0,,67,5,2008,4,39.9357,-75.1673,1100.0,6,0,0,0,0,0,0,0,1,,0,0,0,99,1,0,1,,0,39 56:08.520,,0,75 10:02.280,9,0,0,0,67301,0,0,0,N,0,0,0,2,67301,0,,1,1,,N,N,,0,,0,0,0,3.0,2,,9999,0,2,0,0,0,0,1,3,4,0,2,3,,N,,,,,,,,,,,
2008132811,1932,0,0,0,0,0,0,0,0,0,1,0,,67,11,2008,7,39.9052,-75.1501,1906.0,6,0,0,0,0,0,1,0,0,1.0,0,0,0,19,3,2,0,,1,39 54:21.780,2.0,0,75 08:59.842,4,0,0,0,67301,0,0,0,N,0,0,0,10,68K01,1,,1,1,,N,N,,1,,0,0,2,0.0,0,N,1904,2,3,0,0,0,1,0,3,4,0,3,3,,N,,,,,,,,,,,
2008061177,100,1,0,1,0,0,0,1,0,0,1,1,,67,3,2008,1,39.9519,-75.1433,2355.0,6,0,0,0,0,0,0,0,0,,0,0,0,23,3,2,1,,0,39 57:06.953,,0,75 08:35.866,2,0,0,0,67301,0,0,0,,0,0,0,3,67301,0,,1,9,,N,N,,0,,1,1,1,3.0,2,,2350,2,3,0,0,0,0,0,3,4,0,3,7,,N,,,,,,,,,,,