CRN,ARRIVAL_TM,AUTOMOBILE_COUNT,BELTED_DEATH_COUNT,BELTED_SUSP_SERIOUS_INJ_COUNT,BICYCLE_COUNT,BICYCLE_DEATH_COUNT,BICYCLE_SUSP_SERIOUS_INJ_COUNT,BUS_COUNT,CHLDPAS_DEATH_COUNT,CHLDPAS_SUSP_SERIOUS_INJ_COUNT,COLLISION_TYPE,COMM_VEH_COUNT,CONS_ZONE_SPD_LIM,COUNTY,CRASH_MONTH,CRASH_YEAR,DAY_OF_WEEK,DEC_LAT,DEC_LONG,DISPATCH_TM,DISTRICT,DRIVER_COUNT_16YR,DRIVER_COUNT_17YR,DRIVER_COUNT_18YR,DRIVER_COUNT_19YR,DRIVER_COUNT_20YR,DRIVER_COUNT_50_64YR,DRIVER_COUNT_65_74YR,DRIVER_COUNT_75PLUS,EST_HRS_CLOSED,FATAL_COUNT,HEAVY_TRUCK_COUNT,HORSE_BUGGY_COUNT,HOUR_OF_DAY,ILLUMINATION,INJURY_COUNT,INTERSECT_TYPE,INTERSECTION_RELATED,LANE_CLOSED,LATITUDE,LN_CLOSE_DIR,LOCATION_TYPE,LONGITUDE,MAX_SEVERITY_LEVEL,MCYCLE_DEATH_COUNT,MCYCLE_SUSP_SERIOUS_INJ_COUNT,MOTORCYCLE_COUNT,MUNICIPALITY,NONMOTR_COUNT,NONMOTR_DEATH_COUNT,NONMOTR_SUSP_SERIOUS_INJ_COUNT,NTFY_HIWY_MAINT,PED_COUNT,PED_DEATH_COUNT,PED_SUSP_SERIOUS_INJ_COUNT,PERSON_COUNT,POLICE_AGCY,POSSIBLE_INJ_COUNT,RDWY_SURF_TYPE_CD,RELATION_TO_ROAD,ROAD_CONDITION,ROADWAY_CLEARED,SCH_BUS_IND,SCH_ZONE_IND,SECONDARY_CRASH,SMALL_TRUCK_COUNT,SPEC_JURIS_CD,SUSP_MINOR_INJ_COUNT,SUSP_SERIOUS_INJ_COUNT,SUV_COUNT,TCD_FUNC_CD,TCD_TYPE,TFC_DETOUR_IND,TIME_OF_DAY,TOT_INJ_COUNT,TOTAL_UNITS,UNB_DEATH_COUNT,UNB_SUSP_SERIOUS_INJ_COUNT,UNBELTED_OCC_COUNT,UNK_INJ_DEG_COUNT,UNK_INJ_PER_COUNT,URBAN_AREA,URBAN_RURAL,VAN_COUNT,VEHICLE_COUNT,WEATHER1,WEATHER2,WORK_ZONE_IND,WORK_ZONE_LOC,WORK_ZONE_TYPE,WORKERS_PRES,WZ_CLOSE_DETOUR,WZ_FLAGGER,WZ_LAW_OFFCR_IND,WZ_LN_CLOSURE,WZ_MOVING,WZ_OTHER,WZ_SHLDER_MDN,WZ_WORKERS_INJ_KILLED
2008059062,1840,1,0,0,0,0,0,0,0,0,8,0,,67,3,2008,3,39.965,-75.2233,1838.0,6,0,0,0,0,0,0,0,0,,0,0,0,18,1,1,0,,0,39 57:53.852,,0,75 13:23.862,8,0,0,0,67301,1,0,0,N,1,0,0,2,67301,0,,1,1,,N,N,,0,,0,0,0,0.0,0,,1814,1,2,0,0,0,1,0,3,4,0,1,3,,N,,,,,,,,,,,
2008059096,559,0,0,0,0,0,0,0,0,0,8,0,,67,3,2008,1,39.9822,-75.2397,559.0,6,0,0,0,0,0,0,0,0,,0,0,0,5,3,1,0,,0,39 58:55.909,,0,75 14:23.100,3,0,0,0,67301,1,0,0,N,1,0,0,2,67301,0,,1,1,,N,N,,0,,1,0,0,0.0,0,,559,1,2,0,0,0,0,0,3,4,1,1,3,,N,,,,,,,,,,,
2008053755,1241,2,0,0,0,0,0,0,0,0,5,0,,67,1,2008,7,39.957,-75.2133,1340.0,6,0,0,0,0,0,1,0,0,,0,0,0,12,1,0,1,,0,39 57:25.245,,0,75 12:47.991,0,0,0,0,67301,0,0,0,N,0,0,0,2,67301,0,,1,1,,N,N,,0,,0,0,0,3.0,2,,1239,0,2,0,0,0,0,0,3,4,0,2,3,,N,,,,,,,,,,,
2008056275,213,1,0,0,0,0,0,0,0,0,7,0,45.0,67,4,2008,1,39.9326,-75.2,203.0,6,0,0,0,0,0,0,0,0,1.0,0,0,0,2,3,2,0,,2,39 56:02.271,3.0,0,75 11:59.716,4,0,0,0,67301,0,0,0,N,0,0,0,3,68K01,2,,2,9,,N,N,,0,,0,0,0,0.0,0,N,200,2,1,0,0,3,0,0,3,4,0,1,7,,Y,2.0,1.0,N,N,N,N,N,Y,N,N,
2008056525,1902,2,0,0,0,0,0,0,0,0,1,0,,67,4,2008,4,39.9546,-75.1416,1901.0,6,0,0,0,0,0,0,0,0,1.0,0,0,0,19,1,2,0,,1,39 57:03.160,2.0,0,75 08:29.684,4,0,0,0,67301,0,0,0,N,0,0,0,2,68K01,2,,1,1,,N,N,,0,,0,0,0,0.0,0,N,1902,2,2,0,0,0,0,0,3,4,0,2,3,,N,,,,,,,,,,,
2008053994,645,1,0,0,0,0,0,0,0,0,7,0,,67,3,2008,7,39.9967,-75.1972,635.0,6,0,0,0,0,0,0,0,0,9.0,0,0,0,6,1,1,0,,1,39 59:48.084,1.0,0,75 11:49.970,8,0,0,0,67301,0,0,0,N,0,0,0,2,67301,0,,2,1,,N,N,,0,,0,0,0,0.0,0,N,630,1,1,0,0,0,1,0,3,4,0,1,3,,N,,,,,,,,,,,
2008051782,740,0,0,0,0,0,0,1,0,0,5,1,,67,2,2008,6,39.9484,-75.2355,736.0,6,0,0,0,0,0,0,1,0,,0,0,0,7,1,0,1,,0,39 56:54.369,,0,75 14:07.781,0,0,0,0,67301,0,0,0,N,0,0,0,2,67301,0,,5,1,,N,Y,,0,,0,0,0,3.0,2,,736,0,2,0,0,0,0,0,3,4,1,2,3,,N,,,,,,,,,,,
2008051497,1727,1,0,0,0,0,0,0,0,0,8,0,,67,2,2008,2,40.0223,-75.0782,1722.0,6,0,0,0,0,0,0,0,0,,0,0,0,8,1,1,0,,0,40 01:20.391,,0,75 04:41.391,3,0,0,0,67301,1,0,0,N,1,0,0,2,67301,0,,1,1,,N,N,,0,,1,0,0,0.0,0,,800,1,2,0,0,0,0,0,3,4,0,1,3,,N,,,,,,,,,,,
2008050288,950,1,0,0,0,0,0,0,0,0,4,0,,67,2,2008,5,40.0845,-75.0384,950.0,6,0,0,0,0,0,1,0,0,,0,0,0,9,1,0,1,,0,40 05:04.200,,0,75 02:18.240,9,0,0,0,67301,0,0,0,N,0,0,0,4,67301,0,,1,1,,N,N,,0,,0,0,0,3.0,2,,950,0,2,0,0,0,0,1,3,4,1,2,3,,N,,,,,,,,,,,
2008050218,2010,3,0,0,0,0,0,0,0,0,5,0,,67,3,2008,7,39.9626,-75.1941,2008.0,6,0,0,0,0,0,0,0,0,,0,0,0,20,3,0,0,,0,39 57:45.360,,0,75 11:38.760,0,0,0,0,67301,0,0,0,N,0,0,0,1,67301,0,,6,1,,N,N,,0,,0,0,0,0.0,0,,2005,0,3,0,0,0,0,0,3,4,0,3,3,,N,,,,,,,,,,,
2008045540,1553,1,0,0,0,0,0,0,0,0,8,0,,67,1,2008,4,39.9672,-75.2057,1550.0,6,0,0,0,0,0,0,0,0,,0,0,0,15,1,1,2,,0,39 58:01.772,,0,75 12:20.350,8,0,0,0,67301,1,0,0,N,1,0,0,2,67301,0,,1,1,,N,N,,0,,0,0,0,9.0,2,,1550,1,2,0,0,0,1,1,3,4,0,1,3,,N,,,,,,,,,,,
2008045589,910,2,0,0,0,0,0,0,0,0,1,0,,67,2,2008,6,39.9584,-75.1669,858.0,6,0,0,0,0,0,0,0,0,2.0,0,0,0,8,1,1,0,,2,39 57:30.121,3.0,0,75 10:00.042,4,0,0,0,67301,0,0,0,N,0,0,0,2,67301,1,,1,9,,N,N,,0,,0,0,0,0.0,0,N,851,1,2,0,0,0,0,0,3,4,0,2,7,,N,,,,,,,,,,,
2008045594,1944,1,0,0,0,0,0,0,0,0,1,0,,67,1,2008,7,40.0164,-75.1331,1942.0,6,0,0,0,0,0,0,0,0,,0,0,0,19,3,1,0,,0,40 00:58.968,,0,75 07:59.044,4,0,0,0,67301,0,0,0,,0,0,0,1,67301,1,,1,1,,,,,0,,0,0,0,0.0,0,,1940,1,2,0,0,0,0,0,3,4,0,2,3,,N,,,,,,,,,,,
2008047663,145,1,0,0,0,0,0,0,0,0,7,0,,67,1,2008,1,40.0163,-75.2033,139.0,6,0,0,0,0,1,0,0,0,,0,0,0,1,3,0,0,,0,40 00:58.516,,0,75 12:11.750,0,0,0,0,67301,0,0,0,N,0,0,0,1,67301,0,,3,9,,N,N,,0,,0,0,0,0.0,0,,136,0,1,0,0,1,0,0,3,4,0,1,7,,N,,,,,,,,,,,
2008050379,1310,1,0,0,0,0,0,0,0,0,8,0,,67,2,2008,2,39.9481,-75.1679,1300.0,6,0,0,0,0,0,0,0,0,,0,0,0,11,1,1,1,,0,39 56:53.264,,0,75 10:04.303,8,0,0,0,67301,1,0,0,,1,0,0,2,67301,0,,1,1,,N,N,,0,,0,0,0,3.0,3,,1145,1,2,0,0,0,1,0,3,4,0,1,3,,N,,,,,,,,,,,
2008024070,253,1,0,0,0,0,0,0,0,0,4,0,,67,1,2008,3,39.993,-75.1345,250.0,6,0,0,0,0,0,0,0,0,,0,0,0,2,3,0,1,,0,39 59:34.792,,0,75 08:04.235,0,0,0,0,67301,0,0,0,N,0,0,0,3,67301,0,,1,1,,N,N,,0,,0,0,1,3.0,2,,240,0,2,0,0,0,0,0,3,4,0,2,3,,N,,,,,,,,,,,
2008050562,1235,1,0,0,0,0,0,0,0,0,1,0,,67,2,2008,2,40.0137,-75.1795,1230.0,6,0,0,0,0,0,0,0,0,,0,0,0,12,1,1,6,,0,40 00:47.391,,0,75 10:49.074,8,0,0,0,67301,0,0,0,,0,0,0,7,67301,0,,1,1,,,,,1,,0,0,0,3.0,4,,1230,1,2,0,0,0,1,0,3,4,0,2,3,,N,,,,,,,,,,,
2008053194,1650,1,0,0,0,0,0,0,0,0,7,0,,67,2,2008,6,39.9701,-75.2383,1647.0,6,0,0,0,0,0,0,0,0,,0,0,0,16,8,0,2,,0,39 58:12.248,,0,75 14:17.872,0,0,0,0,67301,0,0,0,N,0,0,0,1,67301,0,,5,98,,N,N,,0,,0,0,0,3.0,3,,1647,0,1,0,0,0,0,0,3,4,0,1,99,,N,,,,,,,,,,,
2008053246,2030,5,0,0,0,0,0,0,0,0,4,0,,67,3,2008,5,40.0166,-75.1348,2030.0,6,0,1,0,0,0,0,0,0,,0,0,0,20,3,0,2,,0,40 00:59.828,,0,75 08:05.348,0,0,0,0,67301,0,0,0,N,0,0,0,2,67301,0,,1,1,,N,N,,0,,0,0,0,3.0,3,,2030,0,5,0,0,0,0,0,3,4,0,5,3,,N,,,,,,,,,,,
2008050764,2310,1,0,0,0,0,0,0,0,0,8,0,,67,3,2008,7,40.0107,-75.1625,2305.0,6,0,0,0,0,0,0,0,0,,0,0,0,22,3,1,0,,0,40 00:38.557,,0,75 09:45.081,8,0,0,0,67301,1,0,0,N,1,0,0,2,67301,0,,1,1,,N,N,,0,,0,0,0,0.0,0,,2255,1,2,0,0,0,1,0,3,4,0,1,3,,N,,,,,,,,,,,
2008050854,240,3,0,0,0,0,0,0,0,0,1,0,,67,2,2008,7,40.0016,-75.1286,240.0,6,0,0,0,1,0,0,0,0,,0,0,0,2,3,1,1,,0,40 00:05.796,,0,75 07:42.898,8,0,0,0,67301,0,0,0,N,0,0,0,6,67301,0,,1,1,,N,N,,0,,0,0,0,2.0,2,,238,1,4,0,0,0,1,0,3,4,1,4,3,,N,,,,,,,,,,,
2008050857,242,0,0,0,0,0,0,0,0,0,4,0,,67,2,2008,3,39.8946,-75.2367,238.0,6,0,0,0,0,0,1,0,0,,0,0,0,2,3,2,1,,0,39 53:40.604,,0,75 14:12.181,2,0,0,0,67301,0,0,0,N,0,0,0,2,67301,1,,1,1,,N,N,,1,,0,1,1,0.0,0,,234,2,2,0,1,2,0,0,3,4,0,2,3,,N,,,,,,,,,,,
2008045787,2125,3,0,0,0,0,0,0,0,0,2,0,,67,2,2008,7,40.0755,-75.2031,2119.0,6,0,0,0,0,0,0,0,1,3.0,0,0,0,21,2,3,0,,2,40 04:31.875,5.0,0,75 12:11.206,3,0,0,0,67301,0,0,0,N,0,0,0,3,67301,0,,1,1,,N,N,,0,,1,0,0,0.0,0,Y,2118,3,3,0,0,1,2,0,3,4,0,3,3,,N,,,,,,,,,,,
2008040778,1358,2,0,0,0,0,0,0,0,0,4,0,,67,1,2008,4,40.005,-75.1364,1345.0,6,0,0,0,1,0,1,0,0,,0,0,0,13,1,1,3,,0,40 00:18.108,,0,75 08:10.960,4,0,0,0,67301,0,0,0,N,0,0,0,3,67301,1,,1,1,,N,N,,0,,0,0,0,0.0,0,,1340,1,2,0,0,0,0,0,3,4,0,2,3,,N,,,,,,,,,,,
2008044043,1717,1,0,0,0,0,0,0,0,0,8,0,,67,1,2008,4,40.0307,-75.2121,1716.0,6,0,0,0,0,0,0,0,0,,0,0,0,17,4,1,2,,0,40 01:50.000,,0,75 12:43.298,4,0,0,0,67301,1,0,0,,1,0,0,2,67301,1,,1,1,,,,,0,,0,0,0,9.0,3,,1710,1,2,0,0,1,0,0,3,4,0,1,3,,N,,,,,,,,,,,
2008041263,2221,1,0,0,0,0,0,0,0,0,7,0,,67,2,2008,5,40.0178,-75.0647,2219.0,6,0,0,0,0,0,0,0,0,,0,0,0,22,3,1,0,,0,40 01:04.068,,0,75 03:53.258,8,0,0,0,67301,0,0,0,N,0,0,0,2,67301,0,,5,1,,N,N,,0,,0,0,0,0.0,0,,2215,1,1,0,0,0,1,0,3,4,0,1,3,,N,,,,,,,,,,,
2008041291,1232,2,0,0,0,0,0,0,0,0,4,0,,67,1,2008,2,40.0455,-75.1649,1230.0,6,0,0,0,0,0,0,0,0,,0,0,0,12,1,1,1,,0,40 02:43.800,,0,75 09:53.514,4,0,0,0,67301,0,0,0,,0,0,0,2,67301,1,,1,1,,N,N,,0,,0,0,0,3.0,2,,1228,1,2,0,0,0,0,0,3,4,0,2,3,,N,,,,,,,,,,,
2008041306,1853,0,0,0,0,0,0,0,0,0,5,0,,67,2,2008,2,40.0166,-75.1472,1850.0,6,0,0,0,0,0,0,0,0,,0,0,0,18,1,4,1,,0,40 00:59.770,,0,75 08:49.816,4,0,0,0,67301,0,0,0,,0,0,0,6,67301,3,,1,1,,,,,1,,0,0,0,0.0,0,,1830,4,2,0,0,0,1,0,3,4,1,2,3,,N,,,,,,,,,,,
2008108933,910,2,0,0,0,0,0,0,0,0,1,0,,67,9,2008,3,40.0557,-74.9845,910.0,6,0,0,0,0,0,2,0,0,1.0,0,0,0,9,1,1,0,,2,40 03:21.259,2.0,0,74 59:03.233,4,0,0,0,67301,0,0,0,N,0,0,0,4,68M03,1,,1,1,,N,N,,0,,0,0,0,0.0,0,N,910,1,3,0,0,0,0,0,3,4,1,3,3,,N,,,,,,,,,,,
2008069302,2329,2,0,0,0,0,0,0,0,0,5,0,,67,4,2008,1,40.0107,-75.1844,2327.0,6,0,0,0,0,0,0,0,0,,0,0,0,23,3,1,0,,0,40 00:45.180,,0,75 10:52.290,4,0,0,0,67301,0,0,0,N,0,0,0,3,67301,1,,1,1,,N,N,,0,,0,0,0,0.0,0,,2316,1,2,0,0,1,0,0,3,4,0,2,3,,N,,,,,,,,,,,
2008121076,1417,2,0,0,0,0,0,0,0,0,6,0,,67,10,2008,2,40.0407,-75.0762,1415.0,6,0,0,0,0,0,0,1,0,,0,0,0,14,1,1,1,,0,40 02:04.888,,0,75 04:54.973,3,0,0,0,67301,0,0,0,N,0,0,0,2,67301,0,,1,1,,N,N,,0,,1,0,0,3.0,2,,1408,1,2,0,0,0,0,0,3,4,0,2,3,,N,,,,,,,,,,,
2008121077,905,1,0,0,0,0,0,0,0,0,4,0,,67,10,2008,7,40.0711,-75.0723,901.0,6,0,0,0,0,1,0,1,0,,0,0,0,9,1,1,1,,0,40 04:16.060,,0,75 04:20.224,4,0,0,0,67301,0,0,0,,0,0,0,2,67301,1,,1,1,,N,N,,0,,0,0,1,3.0,3,,900,1,2,0,0,0,0,0,3,4,0,2,3,,N,,,,,,,,,,,
2008118560,455,1,0,0,1,0,0,0,0,0,2,0,,67,9,2008,2,39.9673,-75.1367,455.0,6,0,0,0,0,0,0,0,0,,0,0,0,1,3,1,1,,0,39 58:02.240,,0,75 08:12.065,4,0,0,0,67301,1,0,0,N,0,0,0,2,67301,1,,1,1,,N,N,,0,,0,0,0,9.0,9,,150,1,2,0,0,0,0,1,3,4,0,1,3,,N,,,,,,,,,,,
2008118573,1740,1,0,0,0,0,0,0,0,0,7,0,,67,8,2008,1,40.0198,-75.1606,1740.0,6,0,0,0,0,0,0,0,0,3.0,0,0,0,17,1,0,0,,2,40 01:11.100,6.0,0,75 09:38.250,0,0,0,0,67301,0,0,0,,0,0,0,1,67301,0,,4,9,,N,N,,0,,0,0,0,0.0,0,Y,1739,0,1,0,0,0,0,0,3,4,0,1,7,,N,,,,,,,,,,,
2008118608,1835,2,0,0,0,0,0,0,0,0,1,0,,67,10,2008,6,40.0603,-75.008,1827.0,6,0,0,0,0,0,0,0,0,,0,0,0,18,1,1,0,,0,40 03:37.249,,0,75 00:28.965,4,0,0,0,67301,0,0,0,N,0,0,0,1,67301,1,,6,1,,N,N,,0,,0,0,0,0.0,0,,1827,1,2,0,0,0,0,0,3,4,0,2,3,,N,,,,,,,,,,,
2008118638,1120,1,0,0,0,0,0,0,0,0,2,0,,67,9,2008,5,40.0005,-75.0965,1115.0,6,0,0,0,0,0,0,0,0,,0,0,0,99,1,1,2,,0,40 00:01.828,,0,75 05:47.284,4,0,0,0,67301,0,0,0,N,0,0,0,3,67301,1,,1,1,,N,N,,1,,0,0,0,9.0,3,,9999,1,2,0,0,0,0,0,3,4,0,2,3,,N,,,,,,,,,,,
2008121252,1450,1,0,0,0,0,0,0,0,0,7,0,,67,9,2008,6,40.1081,-74.9961,1423.0,6,0,0,0,0,0,0,0,0,,0,0,0,14,1,1,0,,0,40 06:28.800,,0,74 59:46.320,4,0,0,0,67301,0,0,0,N,0,0,0,6,67301,1,,2,9,,N,N,,0,,0,0,0,0.0,0,,1423,1,1,0,0,0,0,0,3,4,0,1,7,,N,,,,,,,,,,,
2008118899,216,1,0,0,0,0,0,0,0,0,8,0,,67,9,2008,7,39.9358,-75.1563,214.0,6,0,0,0,0,0,0,0,0,,0,0,0,2,3,1,1,,0,39 56:08.829,,0,75 09:22.557,8,0,0,0,67301,1,0,0,N,1,0,0,2,67301,0,,1,9,,N,N,,0,,0,0,0,3.0,2,,214,1,2,0,0,0,1,0,3,4,0,1,3,,N,,,,,,,,,,,
2008118925,2017,1,0,0,1,0,0,0,0,0,4,0,,67,8,2008,6,39.991,-75.1314,2016.0,6,0,0,0,0,0,0,0,0,9.0,0,0,0,19,1,1,1,,9,39 59:27.620,4.0,0,75 07:53.188,8,0,0,0,67301,1,0,0,N,0,0,0,3,67301,0,,1,1,,N,N,,0,,0,0,0,3.0,3,N,1959,1,2,0,0,0,1,0,3,4,0,1,3,,N,,,,,,,,,,,
2008101288,1214,1,0,0,0,0,0,0,0,0,1,0,,67,8,2008,5,39.944,-75.1426,1156.0,6,0,0,0,1,0,0,0,0,,0,0,0,11,1,1,0,,0,39 56:38.560,,0,75 08:33.469,4,0,0,0,67301,0,0,0,N,0,0,0,2,68K01,1,,1,1,,N,N,,1,,0,0,0,0.0,0,,1152,1,2,0,0,0,0,0,3,4,0,2,3,,N,,,,,,,,,,,
2008101293,254,0,0,0,0,0,0,0,0,0,7,0,,67,8,2008,7,39.9776,-75.2011,249.0,6,0,0,0,0,0,1,0,0,1.0,0,0,0,2,3,1,0,,2,39 58:41.520,4.0,0,75 12:08.280,8,0,0,0,67301,0,0,0,N,0,0,0,1,68K01,0,,2,9,,N,N,,0,,0,0,0,0.0,0,N,242,1,1,0,0,0,1,0,3,4,1,1,7,,N,,,,,,,,,,,
2008061200,1455,1,0,0,0,0,0,0,0,0,8,0,,67,3,2008,2,39.9479,-75.1617,1450.0,6,0,0,0,0,0,0,0,0,,0,0,0,14,1,1,0,,0,39 56:52.291,,0,75 09:42.191,4,0,0,0,67301,1,0,0,N,1,0,0,2,67301,1,,1,9,,N,N,,0,,0,0,0,3.0,2,,1430,1,2,0,0,0,0,0,3,4,0,1,3,,N,,,,,,,,,,,
2008061208,1850,1,0,0,0,0,0,0,0,0,4,0,,67,3,2008,7,40.0868,-75.0398,1850.0,6,0,0,0,0,0,0,0,0,,0,0,0,18,3,1,0,,0,40 05:12.350,,7,75 02:23.389,3,0,0,0,67301,0,0,0,N,0,0,0,2,67301,0,,1,9,,N,N,,0,,1,0,0,0.0,0,,1820,1,2,0,0,0,0,0,3,4,1,2,7,,N,,,,,,,,,,,
2008059016,401,1,0,0,0,0,0,0,0,0,7,0,,67,3,2008,6,40.0119,-75.0699,357.0,6,0,0,0,1,0,0,0,0,,0,0,0,3,3,1,0,,0,40 00:42.706,,0,75 04:11.734,4,0,0,0,67301,0,0,0,N,0,0,0,1,67301,1,,5,1,,N,N,,0,,0,0,0,0.0,0,,350,1,1,0,0,0,0,0,3,4,0,1,3,,N,,,,,,,,,,,
2008059275,1830,1,0,0,0,0,0,0,0,0,2,0,,67,3,2008,1,40.034,-75.0744,1828.0,6,0,0,0,0,0,0,0,0,1.0,0,0,0,18,1,0,1,,2,40 02:02.362,1.0,0,75 04:27.863,9,0,0,0,67301,0,0,0,N,0,0,0,2,67301,0,,1,1,,N,N,,0,,0,0,0,3.0,2,Y,1825,0,2,0,0,0,0,1,3,4,1,2,3,,N,,,,,,,,,,,
2008059165,35,2,0,0,0,0,0,0,0,0,4,0,,67,3,2008,1,40.0353,-75.0252,30.0,6,0,0,0,0,0,0,0,0,3.0,0,0,0,0,3,4,1,,1,40 02:06.785,1.0,0,75 01:30.499,4,0,0,0,67301,0,0,0,,0,0,0,4,67301,1,,1,1,,N,N,,0,,0,0,1,3.0,2,Y,25,4,3,0,0,0,3,0,3,4,0,3,3,,N,,,,,,,,,,,
2008053990,420,1,0,0,0,0,0,0,0,0,7,0,,67,2,2008,6,40.0383,-75.0194,411.0,6,0,0,0,0,0,0,0,0,,0,0,0,4,3,1,0,,0,40 02:17.859,,0,75 01:09.660,4,0,0,0,67301,0,0,0,N,0,0,0,2,67301,1,,4,7,,N,N,,0,,0,0,0,0.0,0,,405,1,1,0,0,0,0,0,3,4,0,1,10,,N,,,,,,,,,,,
2008051406,1159,1,0,0,0,0,0,0,0,0,1,0,,67,3,2008,2,40.0499,-74.9993,1159.0,6,0,0,0,0,0,0,0,0,,0,0,0,11,1,1,2,,0,40 02:59.474,,0,74 59:57.385,8,0,0,0,67301,0,0,0,N,0,0,0,2,67301,0,,1,1,,N,N,,0,,0,0,1,3.0,3,,1140,1,2,0,0,0,1,0,3,4,0,2,3,,N,,,,,,,,,,,
2008054200,1708,1,0,0,0,0,0,0,0,0,8,0,,67,2,2008,5,39.9362,-75.2192,1708.0,6,0,0,0,0,1,0,0,0,,0,0,0,17,1,1,0,,0,39 56:10.414,,0,75 13:09.019,3,0,0,0,67301,1,0,0,N,1,0,0,2,67301,0,,1,1,,N,N,,0,,1,0,0,0.0,0,,1705,1,2,0,0,0,0,0,3,4,0,1,3,,N,,,,,,,,,,,
2008068022,456,0,0,0,0,0,0,0,0,0,7,0,,67,6,2008,4,39.9374,-75.1987,443.0,6,0,0,0,0,0,0,0,0,,0,0,0,4,3,0,0,,0,39 56:21.354,,0,75 11:48.130,0,0,0,0,67301,0,0,0,N,0,0,0,1,68K01,0,,3,9,,N,N,,1,,0,0,0,0.0,0,,439,0,1,0,0,0,0,0,3,4,0,1,7,,N,,,,,,,,,,,
2008050270,830,1,0,0,0,0,0,0,0,0,8,0,,67,2,2008,5,39.9656,-75.2319,830.0,6,0,0,0,0,0,0,0,0,,0,0,0,8,1,1,1,,0,39 57:56.235,,0,75 13:54.861,8,0,0,0,67301,1,0,0,N,1,0,0,2,67301,0,,1,1,,N,N,,0,,0,0,0,9.0,2,,825,1,2,0,0,0,1,1,3,4,0,1,3,,N,,,,,,,,,,,
2008050217,855,1,0,0,0,0,0,0,0,0,6,0,,67,3,2008,5,39.9778,-75.2135,852.0,6,0,1,0,0,0,0,0,0,,0,0,0,8,1,2,1,,0,39 58:39.973,,0,75 12:48.623,8,0,0,0,67301,0,0,0,N,0,0,0,4,67301,0,,1,1,,N,N,,0,,0,0,1,3.0,2,,830,2,2,0,0,0,2,0,3,4,0,2,3,,N,,,,,,,,,,,
2008050260,1608,1,0,0,0,0,0,0,0,0,4,0,,67,3,2008,6,39.975,-75.1516,1605.0,6,0,0,0,0,0,0,0,0,,0,0,0,16,1,1,1,,0,39 58:29.877,,0,75 09:05.813,4,0,0,0,67301,0,0,0,N,0,0,0,4,67301,1,,1,9,,N,N,,1,,0,0,0,3.0,2,,1600,1,2,0,0,0,0,0,3,4,0,2,7,,N,,,,,,,,,,,
2008045593,1716,2,0,0,0,0,0,0,0,0,1,0,,67,1,2008,3,39.9361,-75.2345,1710.0,6,0,0,0,0,0,1,0,0,,0,0,0,99,1,2,2,,0,39 56:10.000,,0,75 14:04.177,8,0,0,0,67301,0,0,0,,0,0,0,4,67301,0,,1,98,,,,,0,,0,0,0,3.0,3,,9999,2,2,0,0,0,2,2,3,4,0,2,99,,N,,,,,,,,,,,
2008050626,1625,0,0,0,0,0,0,0,0,0,8,0,,67,2,2008,5,39.9794,-75.1744,1623.0,6,0,0,0,0,0,0,0,0,,0,0,0,16,1,1,1,,0,39 58:45.724,,0,75 10:27.796,8,0,0,0,67301,1,0,0,N,1,0,0,2,67301,0,,1,1,,N,N,,0,,0,0,0,3.0,2,,1621,1,2,0,0,0,1,0,3,4,1,1,3,,N,,,,,,,,,,,
2008050765,2223,3,0,0,0,0,0,0,0,0,5,0,,67,3,2008,1,40.0039,-75.1302,2221.0,6,0,0,0,0,0,0,0,0,,0,0,0,22,6,1,0,,0,40 00:14.202,,0,75 07:48.583,4,0,0,0,67301,0,0,0,N,0,0,0,2,67301,1,,6,1,,N,N,,0,,0,0,0,0.0,0,,2219,1,3,0,0,2,0,0,3,4,0,3,3,,N,,,,,,,,,,,
2008050798,1025,2,0,0,0,0,0,0,0,0,4,0,,67,2,2008,7,40.0261,-75.0949,1018.0,6,0,0,0,1,0,0,0,0,,0,0,0,10,1,1,1,,0,40 01:33.870,,0,75 05:41.522,4,0,0,0,67301,0,0,0,,0,0,0,1,67301,1,,1,1,,N,N,,0,,0,0,0,0.0,0,,1000,1,2,0,0,0,0,0,3,4,0,2,3,,N,,,,,,,,,,,
2008050874,1422,2,0,0,0,0,0,0,0,0,8,0,,67,2,2008,5,39.9947,-75.1306,1420.0,6,0,0,0,1,0,0,0,0,,0,0,0,14,1,1,2,,0,39 59:40.966,,0,75 07:50.217,3,0,0,0,67301,1,0,0,N,1,0,0,3,67301,0,,1,1,,N,N,,0,,1,0,0,0.0,0,,1415,1,3,0,0,0,0,0,3,4,0,2,3,,N,,,,,,,,,,,
2008048607,705,1,0,0,0,0,0,0,0,0,8,0,,67,1,2008,6,40.0068,-75.0878,701.0,6,0,0,0,0,0,0,0,0,,0,0,0,99,5,1,3,,0,40 00:23.847,,0,75 05:17.639,8,0,0,0,67301,1,0,0,N,1,0,0,2,67301,0,,1,1,,N,N,,0,,0,0,0,3.0,2,,9999,1,2,0,0,0,1,0,3,4,0,1,3,,N,,,,,,,,,,,