CRN,ARRIVAL_TM,AUTOMOBILE_COUNT,BELTED_DEATH_COUNT,BELTED_SUSP_SERIOUS_INJ_COUNT,BICYCLE_COUNT,BICYCLE_DEATH_COUNT,BICYCLE_SUSP_SERIOUS_INJ_COUNT,BUS_COUNT,CHLDPAS_DEATH_COUNT,CHLDPAS_SUSP_SERIOUS_INJ_COUNT,COLLISION_TYPE,COMM_VEH_COUNT,CONS_ZONE_SPD_LIM,COUNTY,CRASH_MONTH,CRASH_YEAR,DAY_OF_WEEK,DEC_LAT,DEC_LONG,DISPATCH_TM,DISTRICT,DRIVER_COUNT_16YR,DRIVER_COUNT_17YR,DRIVER_COUNT_18YR,DRIVER_COUNT_19YR,DRIVER_COUNT_20YR,DRIVER_COUNT_50_64YR,DRIVER_COUNT_65_74YR,DRIVER_COUNT_75PLUS,EST_HRS_CLOSED,FATAL_COUNT,HEAVY_TRUCK_COUNT,HORSE_BUGGY_COUNT,HOUR_OF_DAY,ILLUMINATION,INJURY_COUNT,INTERSECT_TYPE,INTERSECTION_RELATED,LANE_CLOSED,LATITUDE,LN_CLOSE_DIR,LOCATION_TYPE,LONGITUDE,MAX_SEVERITY_LEVEL,MCYCLE_DEATH_COUNT,MCYCLE_SUSP_SERIOUS_INJ_COUNT,MOTORCYCLE_COUNT,MUNICIPALITY,NONMOTR_COUNT,NONMOTR_DEATH_COUNT,NONMOTR_SUSP_SERIOUS_INJ_COUNT,NTFY_HIWY_MAINT,PED_COUNT,PED_DEATH_COUNT,PED_SUSP_SERIOUS_INJ_COUNT,PERSON_COUNT,POLICE_AGCY,POSSIBLE_INJ_COUNT,RDWY_SURF_TYPE_CD,RELATION_TO_ROAD,ROAD_CONDITION,ROADWAY_CLEARED,SCH_BUS_IND,SCH_ZONE_IND,SECONDARY_CRASH,SMALL_TRUCK_COUNT,SPEC_JURIS_CD,SUSP_MINOR_INJ_COUNT,SUSP_SERIOUS_INJ_COUNT,SUV_COUNT,TCD_FUNC_CD,TCD_TYPE,TFC_DETOUR_IND,TIME_OF_DAY,TOT_INJ_COUNT,TOTAL_UNITS,UNB_DEATH_COUNT,UNB_SUSP_SERIOUS_INJ_COUNT,UNBELTED_OCC_COUNT,UNK_INJ_DEG_COUNT,UNK_INJ_PER_COUNT,URBAN_AREA,URBAN_RURAL,VAN_COUNT,VEHICLE_COUNT,WEATHER1,WEATHER2,WORK_ZONE_IND,WORK_ZONE_LOC,WORK_ZONE_TYPE,WORKERS_PRES,WZ_CLOSE_DETOUR,WZ_FLAGGER,WZ_LAW_OFFCR_IND,WZ_LN_CLOSURE,WZ_MOVING,WZ_OTHER,WZ_SHLDER_MDN,WZ_WORKERS_INJ_KILLED
2008044013,1233,2,0,0,0,0,0,0,0,0,2,0,,67,1,2008,3,40.0548,-75.0047,1231.0,6,0,0,1,0,0,2,0,0,,0,0,0,12,1,1,0,,0,40 03:17.000,,0,75 00:16.922,4,0,0,0,67301,0,0,0,N,0,0,0,3,67301,1,,5,9,,N,N,,1,,0,0,0,0.0,0,,1225,1,3,0,0,0,0,0,3,4,0,3,7,,N,,,,,,,,,,,
2008044026,1533,1,0,0,0,0,0,0,0,0,8,0,,67,1,2008,1,39.9878,-75.1558,1529.0,6,0,0,0,0,0,0,0,0,,0,0,0,15,1,1,0,,0,39 59:16.000,,0,75 09:20.919,8,0,0,0,67301,1,0,0,,1,0,0,2,67301,0,,1,1,,,,,0,,0,0,0,0.0,0,,1527,1,2,0,0,0,1,0,3,4,0,1,3,,N,,,,,,,,,,,
2008044038,1815,0,0,0,0,0,0,0,0,0,4,0,,67,1,2008,2,39.9905,-75.2492,1804.0,6,0,0,0,0,0,0,0,0,,0,0,0,18,3,1,1,,0,39 59:26.000,,0,75 14:56.567,8,0,0,0,67301,0,0,0,,0,0,0,2,67301,0,,1,1,,,,,1,,0,0,1,9.0,1,,1800,1,2,0,0,0,1,1,3,4,0,2,3,,N,,,,,,,,,,,
2008044057,1425,1,0,0,0,0,0,0,0,0,2,0,,67,1,2008,3,40.0971,-75.0182,1419.0,6,0,0,0,0,0,0,0,0,,0,0,0,14,1,1,1,,0,40 05:49.711,,0,75 01:05.375,8,0,0,0,67301,0,0,0,N,0,0,0,4,67301,0,,1,9,,N,N,,0,,0,0,0,2.0,2,,1417,1,2,0,0,0,1,2,3,4,1,2,7,,N,,,,,,,,,,,
2008041086,852,2,0,0,0,0,0,0,0,0,1,0,,67,1,2008,6,40.0599,-75.1334,852.0,6,0,0,0,0,0,0,0,0,,0,0,0,8,1,1,1,,0,40 03:35.000,,0,75 08:00.048,8,0,0,0,67301,0,0,0,N,0,0,0,2,46102,0,,1,9,,N,N,,0,,0,0,0,3.0,2,,852,1,2,0,0,0,1,0,3,4,0,2,3,,N,,,,,,,,,,,
2008069616,1455,1,0,0,0,0,0,0,0,0,1,0,,67,4,2008,1,40.0252,-75.1254,1439.0,6,0,0,0,0,0,0,0,0,,0,0,0,14,1,1,5,,0,40 01:30.637,,0,75 07:31.531,4,0,0,0,67301,0,0,0,N,0,0,0,2,67301,1,,1,1,,N,N,,0,,0,0,1,3.0,2,,1437,1,2,0,0,0,0,1,3,4,0,2,3,,N,,,,,,,,,,,
2008121054,228,1,0,0,0,0,0,0,0,0,7,0,,67,9,2008,7,39.9358,-75.1677,226.0,6,0,0,0,0,0,0,0,0,,0,0,0,1,3,0,0,,0,39 56:08.829,,0,75 10:03.806,9,0,0,0,67301,0,0,0,N,0,0,0,1,67301,0,,5,9,,N,N,,0,,0,0,0,0.0,0,,106,0,1,0,0,0,0,1,3,4,0,1,7,,N,,,,,,,,,,,
2008121056,2030,2,0,0,0,0,0,0,0,0,4,0,,67,9,2008,6,40.0379,-75.1395,2025.0,6,0,0,0,0,0,1,0,0,,0,0,0,20,3,1,1,,0,40 02:16.443,,0,75 08:22.325,4,0,0,0,67301,0,0,0,,0,0,0,3,67301,1,,1,9,,N,N,,0,,0,0,0,3.0,2,,2000,1,2,0,0,0,0,0,3,4,0,2,7,,N,,,,,,,,,,,
2008121061,2106,1,0,0,0,0,0,0,0,0,5,0,,67,10,2008,1,40.0501,-75.099,2103.0,6,0,0,0,0,0,0,0,0,1.0,0,0,0,20,3,1,0,,2,40 03:00.363,5.0,0,75 05:56.547,8,0,0,1,67301,0,0,0,,0,0,0,1,67301,0,,1,1,,N,,,0,,0,0,0,9.0,3,Y,2055,1,2,0,0,0,1,0,3,4,0,2,3,,N,,,,,,,,,,,
2008118580,2205,2,0,0,0,0,0,0,0,0,4,0,,67,9,2008,3,39.9585,-75.1659,2200.0,6,0,0,0,0,0,0,0,0,,0,0,0,22,3,4,1,,0,39 57:30.637,,0,75 09:56.096,8,0,0,0,67301,0,0,0,N,0,0,0,6,67301,0,,1,1,,N,N,,0,,0,0,0,3.0,2,,2200,4,2,0,0,0,4,2,3,4,0,2,3,,N,,,,,,,,,,,
2008108652,200,3,0,0,0,0,0,0,0,0,2,0,,67,8,2008,5,39.9519,-75.143,202.0,6,0,0,0,0,0,0,0,0,,0,0,0,2,3,0,0,,0,39 57:06.836,,0,75 08:34.909,0,0,0,0,67301,0,0,0,,0,0,0,1,67301,0,,1,1,,,,,0,,0,0,2,0.0,0,,200,0,5,0,0,1,0,0,3,4,0,5,3,,N,,,,,,,,,,,
2008108656,28,1,0,0,0,0,0,0,0,0,1,0,,67,8,2008,1,40.0189,-75.1404,27.0,6,0,0,0,0,0,1,0,0,,0,0,0,0,3,0,1,,0,40 01:07.917,,0,75 08:25.576,9,0,0,0,67301,0,0,0,,0,0,0,2,67301,0,,1,1,,,,,1,,0,0,0,3.0,2,,11,0,2,0,0,0,0,1,3,4,0,2,3,,N,,,,,,,,,,,
2008108673,1221,0,0,0,0,0,0,0,0,0,8,0,,67,8,2008,3,40.0209,-75.1401,1213.0,6,0,0,0,0,0,0,0,0,1.0,0,0,0,12,1,1,5,,2,40 01:15.609,1.0,0,75 08:23.308,3,0,0,0,67301,2,0,0,,1,0,0,3,67301,0,,1,1,,N,N,,0,,1,0,2,3.0,2,N,1217,1,3,0,0,0,0,0,3,4,0,2,3,,N,,,,,,,,,,,
2008108678,2033,2,0,0,0,0,0,0,0,0,4,0,,67,8,2008,6,39.9828,-75.1186,2030.0,6,0,0,0,0,0,0,0,0,,0,0,0,20,3,1,1,,0,39 58:57.976,,0,75 07:06.808,4,0,0,0,67301,0,0,0,,0,0,0,2,67301,1,,1,1,,N,N,,0,,0,0,0,0.0,0,,2030,1,2,0,0,0,0,0,3,4,0,2,3,,N,,,,,,,,,,,
2008118602,1608,2,0,0,0,0,0,0,0,0,5,0,,67,10,2008,1,40.0702,-75.0313,1606.0,6,0,0,0,0,0,0,0,1,,0,0,0,15,1,1,2,,0,40 04:12.678,,0,75 01:52.620,4,0,0,0,67301,0,0,0,N,0,0,0,3,67301,1,,1,9,,N,N,,0,,0,0,0,3.0,2,,1530,1,2,0,0,0,0,0,3,4,0,2,3,,N,,,,,,,,,,,
2008121094,1848,2,0,0,0,0,0,0,0,0,4,0,,67,9,2008,4,39.9169,-75.216,1846.0,6,0,0,0,0,0,0,0,0,1.0,0,0,0,18,1,1,2,,2,39 55:00.970,1.0,0,75 12:57.138,3,0,0,0,67301,0,0,0,N,0,0,0,3,67301,0,,1,1,,N,N,,0,,1,0,0,3.0,2,Y,1810,1,2,0,0,0,0,0,3,4,0,2,3,,N,,,,,,,,,,,
2008103647,1457,2,0,0,0,0,0,1,0,0,1,1,,67,8,2008,4,40.1016,-75.0059,1434.0,6,0,0,0,0,0,1,1,0,1.0,0,0,0,99,1,2,0,,1,40 06:05.255,1.0,0,75 00:21.129,4,0,0,0,67301,0,0,0,N,0,0,0,7,67301,2,,1,1,,N,N,,0,,0,0,0,3.0,2,N,9999,2,3,0,0,0,0,0,3,4,0,3,3,,N,,,,,,,,,,,
2008099301,2115,0,0,0,1,0,0,0,0,0,4,0,,67,8,2008,3,39.928,-75.1689,2108.0,6,0,0,0,0,0,0,0,0,,0,0,0,21,2,1,1,,0,39 55:40.733,,0,75 10:08.232,4,0,0,0,67301,1,0,0,,0,0,0,3,67301,1,,1,1,,,,,0,,0,0,1,3.0,2,,2108,1,2,0,0,0,0,0,3,4,0,1,3,,N,,,,,,,,,,,
2008118720,1135,1,0,0,0,0,0,0,0,0,7,0,,67,9,2008,3,40.0624,-75.0427,1128.0,6,0,0,0,0,0,0,0,0,,0,0,0,11,1,0,2,,0,40 03:44.577,,0,75 02:33.888,0,0,0,0,67301,0,0,0,N,0,0,0,1,67301,0,,3,1,,N,N,,0,,0,0,0,3.0,2,,1115,0,1,0,0,0,0,0,3,4,0,1,3,,N,,,,,,,,,,,
2008103447,1233,1,0,0,0,0,0,0,0,0,8,0,,67,7,2008,5,39.9558,-75.236,1233.0,6,0,0,0,0,0,0,0,0,1.0,0,0,0,12,1,1,1,,2,39 57:20.998,7.0,0,75 14:09.675,4,0,0,0,67301,1,0,0,N,1,0,0,3,67301,1,,1,1,,N,Y,,0,,0,0,0,3.0,2,Y,1232,1,2,0,0,0,0,0,3,4,0,1,3,,N,,,,,,,,,,,
2008098659,9999,1,0,0,0,0,0,0,0,0,1,0,,67,5,2008,5,39.9921,-75.112,904.0,6,0,0,0,0,0,0,0,0,,0,0,0,8,1,1,0,,0,39 59:31.736,,0,75 06:43.006,4,0,0,0,67301,0,0,0,,0,0,0,2,67301,1,,1,1,,,,,0,,0,0,1,0.0,0,,800,1,2,0,0,0,0,0,3,4,0,2,3,,N,,,,,,,,,,,
2008069521,2015,0,0,0,0,0,0,0,0,0,5,0,,67,4,2008,6,39.9566,-75.2419,2013.0,6,0,0,0,0,0,0,0,0,,0,0,0,20,3,1,1,,0,39 57:23.616,,0,75 14:30.901,4,0,0,0,67301,1,0,0,N,0,0,0,2,67301,1,,1,1,,N,N,,0,,0,0,1,3.0,2,,2000,1,2,0,0,0,0,0,3,4,1,2,3,,N,,,,,,,,,,,
2008069536,1700,2,0,0,0,0,0,0,0,0,4,0,,67,4,2008,3,39.9875,-75.2557,1654.0,6,0,0,1,0,0,0,0,0,,0,0,0,16,1,1,2,,0,39 59:15.000,,0,75 15:20.520,8,0,0,0,67301,0,0,0,,0,0,0,2,67301,0,,1,1,,,,,0,,0,0,0,3.0,3,,1654,1,2,0,0,0,1,0,3,4,0,2,3,,N,,,,,,,,,,,
2008069555,708,0,0,0,0,0,0,0,0,0,1,0,,67,4,2008,2,39.9584,-75.2375,704.0,6,0,0,0,0,0,1,0,0,,0,0,0,6,1,2,1,,0,39 57:30.390,,0,75 14:14.838,4,0,0,0,67301,0,0,0,N,0,0,0,2,67301,1,,1,1,,N,N,,0,,0,0,2,3.0,2,,659,2,2,0,0,0,1,0,3,4,0,2,3,,N,,,,,,,,,,,
2008079017,808,2,0,0,0,0,0,0,0,0,4,0,,67,6,2008,5,40.0808,-74.9959,806.0,6,0,0,0,0,0,1,0,0,,0,0,0,8,1,1,2,,0,40 04:51.128,,0,74 59:44.846,4,0,0,0,67301,0,0,0,N,0,0,0,2,67301,1,,1,1,,N,N,,0,,0,0,0,0.0,0,,803,1,2,0,0,0,0,0,3,4,0,2,3,,N,,,,,,,,,,,
2008079244,1717,1,0,0,0,0,0,0,0,0,8,0,,67,5,2008,4,39.9284,-75.2332,1717.0,6,0,0,0,0,0,0,0,0,,0,0,0,17,1,1,0,,0,39 55:42.314,,0,75 13:59.349,4,0,0,0,67301,1,0,0,N,1,0,0,2,67301,1,,1,1,,N,N,,0,,0,0,0,0.0,0,,1713,1,2,0,0,0,0,0,3,4,0,1,3,,N,,,,,,,,,,,
2008072040,2157,1,0,0,0,0,0,0,0,0,7,0,,67,3,2008,3,39.9867,-75.1507,2154.0,6,0,0,0,0,0,0,0,0,,0,0,0,21,3,1,1,,0,39 59:11.990,,0,75 09:02.480,4,0,0,0,67301,0,0,0,,0,0,0,1,67301,1,,4,1,,,,,0,,0,0,0,0.0,0,,2154,1,1,0,0,0,0,0,3,4,0,1,3,,N,,,,,,,,,,,
2008072053,759,1,0,0,0,0,0,0,0,0,7,0,,67,4,2008,7,40.0097,-75.1546,755.0,6,0,0,0,0,0,0,0,0,,0,0,0,7,1,0,3,,0,40 00:34.835,,0,75 09:16.286,0,0,0,0,67301,0,0,0,,0,0,0,2,67301,0,,5,1,,N,N,,0,,0,0,0,3.0,2,,750,0,2,0,0,0,0,0,3,4,0,1,3,,N,,,,,,,,,,,
2008109772,2013,1,0,0,0,0,0,0,0,0,7,0,,67,9,2008,7,39.8883,-75.2176,2001.0,6,0,0,0,0,0,0,0,0,2.0,0,0,0,19,3,0,0,,1,39 53:16.260,1.0,0,75 13:00.720,0,0,0,0,67301,0,0,0,N,0,0,0,1,68K01,0,,2,9,,N,N,,0,,0,0,0,0.0,0,Y,1959,0,1,0,0,0,0,0,3,4,0,1,7,,N,,,,,,,,,,,
2008072084,2132,1,0,0,0,0,0,0,0,0,1,0,,67,5,2008,1,39.996,-75.1226,2131.0,6,0,0,0,0,0,0,0,0,,0,0,0,21,3,1,1,,0,39 59:45.751,,0,75 07:21.521,4,0,0,0,67301,0,0,0,N,0,0,0,6,67301,1,,3,1,,N,N,,1,,0,0,2,3.0,3,,2128,1,5,0,0,0,0,0,3,4,1,5,3,,N,,,,,,,,,,,
2008069633,1630,2,0,0,0,0,0,0,0,0,4,0,,67,4,2008,5,40.0166,-75.1472,1600.0,6,0,0,0,0,0,0,0,0,,0,0,0,99,1,1,1,,0,40 00:59.814,,0,75 08:49.815,8,0,0,0,67301,0,0,0,N,0,0,0,3,67301,0,,1,1,,N,N,,0,,0,0,0,3.0,2,,9999,1,2,0,0,1,1,0,3,4,0,2,3,,N,,,,,,,,,,,
2008069666,515,1,0,0,0,0,0,0,0,0,7,0,,67,4,2008,5,39.9951,-75.1473,510.0,6,0,0,0,0,0,0,0,0,,0,0,0,5,1,1,0,,0,39 59:42.265,,0,75 08:50.442,4,0,0,0,67301,0,0,0,,0,0,0,1,67301,1,,5,1,,N,N,,0,,0,0,0,0.0,0,,505,1,1,0,0,0,0,0,3,4,0,1,3,,N,,,,,,,,,,,
2008120062,1400,1,0,0,0,0,0,0,0,0,8,0,,67,9,2008,1,39.9536,-75.1732,1350.0,6,0,0,0,0,0,0,0,0,,0,0,0,99,1,1,2,,0,39 57:12.840,,0,75 10:23.682,8,0,0,0,67301,1,0,0,N,1,0,0,2,67301,0,,1,2,,N,N,,0,,0,0,0,3.0,2,,9999,1,2,0,0,0,1,0,3,4,0,1,3,,N,,,,,,,,,,,
2008127383,2243,4,0,0,0,0,0,0,0,0,1,0,,67,11,2008,7,39.9313,-75.1995,2233.0,6,0,0,0,0,0,0,0,0,1.0,0,0,0,22,3,0,0,,2,39 55:49.480,3.0,0,75 11:55.039,0,0,0,0,67301,0,0,0,N,0,0,0,6,68K01,0,,1,9,,N,N,,0,,0,0,0,0.0,0,N,2229,0,4,0,0,0,0,0,3,4,0,4,7,,N,,,,,,,,,,,
2008119677,9999,1,0,0,0,0,0,0,0,0,8,0,,67,9,2008,4,39.9134,-75.2408,1651.0,6,0,0,0,0,0,0,0,0,,0,0,0,99,1,1,1,,0,39 54:48.175,,0,75 14:26.825,8,0,0,0,67301,1,0,0,N,1,0,0,2,67301,0,,1,1,,N,N,,0,,0,0,0,3.0,3,,9999,1,2,0,0,0,1,0,3,4,0,1,99,,N,,,,,,,,,,,
2008119752,1558,1,0,0,0,0,0,0,0,0,8,0,,67,10,2008,1,39.9935,-75.1309,1530.0,6,0,0,0,0,0,0,0,0,,0,0,0,99,1,1,0,,0,39 59:36.641,,0,75 07:51.158,4,0,0,0,67301,1,0,0,,1,0,0,2,67301,1,,1,1,,N,N,,0,,0,0,0,0.0,0,,9999,1,2,0,0,0,0,0,3,4,0,1,3,,N,,,,,,,,,,,
2008119762,1320,1,0,0,1,0,0,0,0,0,4,0,,67,9,2008,5,40.0263,-75.0814,1310.0,6,0,0,0,0,0,1,0,0,,0,0,0,13,1,1,1,,0,40 01:34.816,,0,75 04:52.910,4,0,0,0,67301,1,0,0,N,0,0,0,2,67301,1,,1,1,,N,N,,0,,0,0,0,3.0,3,,1310,1,2,0,0,0,0,0,3,4,0,1,3,,N,,,,,,,,,,,
2008122234,821,2,0,0,0,0,0,0,0,0,1,0,,67,11,2008,5,39.9845,-75.0954,819.0,6,0,0,0,0,0,0,0,0,,0,0,0,8,1,0,0,,0,39 59:04.621,,0,75 05:42.671,0,0,0,0,67301,0,0,0,N,0,0,0,2,68K01,0,,1,9,,N,N,,0,,0,0,0,0.0,0,,814,0,2,0,0,0,0,0,3,4,0,2,7,,N,,,,,,,,,,,
2008133167,1756,0,0,0,0,0,0,0,0,0,8,0,,67,10,2008,5,39.9658,-75.221,1755.0,6,0,0,0,0,0,0,0,0,,0,0,0,17,1,1,2,,0,39 57:57.034,,0,75 13:15.578,4,0,0,0,67301,1,0,0,N,1,0,0,2,67301,1,,1,1,,N,N,,0,,0,0,0,3.0,3,,1750,1,2,0,0,0,0,0,3,4,1,1,3,,N,,,,,,,,,,,
2008061009,1455,1,0,0,0,0,0,0,0,0,5,1,,67,3,2008,6,40.0322,-75.0843,1447.0,6,0,0,0,0,0,1,0,0,,0,1,0,14,1,1,5,,0,40 01:55.785,,0,75 05:03.553,8,0,0,0,67301,0,0,0,,0,0,0,2,67301,0,,1,1,,,,,0,,0,0,0,0.0,0,,1447,1,2,0,0,0,1,0,3,4,0,2,3,,N,,,,,,,,,,,
2008061212,1758,1,0,0,0,0,0,0,0,0,4,0,,67,3,2008,2,39.9914,-75.1352,1757.0,6,0,0,0,0,0,0,0,0,,0,0,0,17,1,1,0,,0,39 59:29.009,,0,75 08:06.743,4,0,0,0,67301,0,0,0,N,0,0,0,2,67301,1,,1,9,,N,N,,0,,0,0,1,0.0,0,,1754,1,2,0,0,0,0,0,3,4,0,2,7,,N,,,,,,,,,,,
2008053754,108,0,0,0,0,0,0,0,0,0,7,0,,67,2,2008,1,40.0276,-75.2196,105.0,6,0,0,0,0,1,0,0,0,,0,0,0,1,3,0,0,,0,40 01:39.273,,0,75 13:10.563,0,0,0,0,67301,0,0,0,,0,0,0,1,67301,0,,2,1,,N,N,,0,,0,0,1,0.0,0,,100,0,1,0,0,0,0,0,3,4,0,1,3,,N,,,,,,,,,,,
2008059068,1028,2,0,0,0,0,0,0,0,0,1,0,,67,4,2008,3,39.9709,-75.2117,1017.0,6,0,0,0,0,0,1,0,0,,0,0,0,10,1,1,0,,0,39 58:15.049,,0,75 12:42.086,4,0,0,0,67301,0,0,0,N,0,0,0,2,67301,1,,1,1,,N,N,,0,,0,0,0,0.0,0,,1016,1,2,0,0,2,0,0,3,4,0,2,3,,N,,,,,,,,,,,
2008053758,15,2,0,0,0,0,0,0,0,0,1,0,,67,2,2008,7,40.072,-75.013,10.0,6,0,0,0,0,0,1,0,0,,0,0,0,0,3,3,1,,0,40 04:19.412,,0,75 00:46.977,4,0,0,0,67301,0,0,0,,0,0,0,3,67301,2,,1,1,,,,,0,,0,0,0,3.0,2,,5,3,2,0,0,0,1,0,3,4,0,2,3,,N,,,,,,,,,,,
2008059204,2300,1,0,0,0,0,0,0,0,0,1,0,,67,3,2008,7,40.0047,-75.1522,2255.0,6,0,0,0,0,0,0,1,0,,0,0,0,22,3,2,1,,0,40 00:16.937,,0,75 09:08.069,4,0,0,0,67301,0,0,0,,0,0,0,4,67301,2,,1,1,,,,,0,,0,0,1,3.0,2,,2250,2,2,0,0,0,0,0,3,4,0,2,3,,N,,,,,,,,,,,
2008132999,1218,3,0,0,0,0,0,0,0,0,1,0,,67,10,2008,3,40.0509,-75.0361,1216.0,6,0,0,0,0,0,1,0,0,,0,0,0,12,1,1,2,,0,40 03:03.349,,0,75 02:10.090,8,0,0,0,67301,0,0,0,N,0,0,0,3,67301,0,,1,1,,N,N,,0,,0,0,0,3.0,2,,1214,1,3,0,0,0,1,0,3,4,0,3,3,,N,,,,,,,,,,,
2008050285,845,0,0,0,0,0,0,0,0,0,8,0,,67,2,2008,3,39.9638,-75.1729,840.0,6,0,0,0,0,0,0,0,0,1.0,0,0,0,8,1,1,2,,1,39 57:49.680,3.0,0,75 10:22.440,8,0,0,0,67301,1,0,0,,1,0,0,2,67301,0,,1,1,,,,,1,,0,0,0,3.0,3,N,840,1,2,0,0,1,1,0,3,4,0,1,3,,N,,,,,,,,,,,
2008047508,51,0,0,0,0,0,0,0,0,0,7,0,,67,3,2008,7,39.9358,-75.1997,29.0,6,0,0,0,0,0,0,0,0,,0,0,0,0,3,0,0,,0,39 56:16.254,,0,75 11:53.432,0,0,0,0,67301,0,0,0,N,0,0,0,1,68K01,0,,3,9,,N,N,,1,,0,0,0,0.0,0,,29,0,1,0,0,1,0,0,3,4,0,1,7,,N,,,,,,,,,,,
2008047633,2020,2,0,0,0,0,0,0,0,0,6,0,,67,1,2008,6,39.97,-75.143,2015.0,6,0,0,1,0,0,0,0,0,,0,0,0,20,3,1,1,,0,39 58:11.936,,0,75 08:34.897,4,0,0,0,67301,0,0,0,N,0,0,0,4,67301,1,,1,1,,,,,0,,0,0,0,3.0,2,,2010,1,2,0,0,4,0,0,3,4,0,2,3,,N,,,,,,,,,,,
2008047649,246,1,0,0,0,0,0,0,0,0,7,0,,67,1,2008,3,40.0069,-75.1919,239.0,6,0,0,0,0,0,0,0,0,,0,0,0,2,3,2,0,,0,40 00:20.554,,0,75 11:27.825,3,0,0,0,67301,0,0,0,N,0,0,0,2,67301,0,,2,1,,N,N,,0,,2,0,0,0.0,0,,236,2,1,0,0,2,0,0,3,4,0,1,3,,N,,,,,,,,,,,
2008050372,730,1,0,0,0,0,0,0,0,0,4,0,,67,2,2008,5,39.9804,-75.2394,728.0,6,0,0,0,0,0,1,0,0,,0,0,0,7,1,1,1,,0,39 58:49.602,,0,75 14:21.875,8,0,0,0,67301,0,0,0,,0,0,0,2,67301,0,,4,1,,,,,0,,0,0,0,3.0,2,,723,1,2,0,0,0,1,0,3,4,1,2,3,,N,,,,,,,,,,,
2008050377,9999,1,0,0,0,0,0,0,0,0,8,0,,67,2,2008,2,39.9523,-75.1755,1226.0,6,0,0,0,0,0,1,0,0,3.0,0,0,0,12,1,2,0,,2,39 57:08.305,5.0,0,75 10:31.778,2,0,0,0,67301,1,0,1,N,1,0,1,2,67301,1,,1,1,,N,N,,0,,0,1,0,3.0,2,Y,1220,2,2,0,0,0,0,0,3,4,0,1,3,,N,,,,,,,,,,,
2008042815,1739,1,0,0,0,0,0,0,0,0,7,0,,67,3,2008,1,39.9946,-75.1983,1736.0,6,0,0,0,0,0,0,0,0,,0,0,0,17,1,0,0,,0,39 59:46.062,,0,75 11:49.162,0,0,0,0,67301,0,0,0,N,0,0,0,3,68K01,0,,2,1,,N,N,,0,,0,0,0,0.0,0,,1734,0,1,0,0,0,0,0,3,4,0,1,3,,N,,,,,,,,,,,
2008024038,2044,0,0,0,0,0,0,0,0,0,8,0,,67,1,2008,2,40.0255,-75.1227,2039.0,6,0,0,0,0,0,0,0,0,,0,0,0,20,3,1,1,,0,40 01:31.000,,0,75 07:20.689,4,0,0,0,67301,1,0,0,N,1,0,0,2,67301,1,,1,1,,N,N,,0,,0,0,0,3.0,2,,2039,1,2,0,0,0,0,0,3,4,1,1,3,,N,,,,,,,,,,,
2008026633,1510,0,0,0,1,0,0,0,0,0,8,0,,67,1,2008,6,39.9896,-75.1337,1505.0,6,0,0,0,0,0,1,0,0,,0,0,0,14,1,1,1,,0,39 59:22.642,,0,75 08:01.337,4,0,0,0,67301,1,0,0,N,0,0,0,3,67301,1,,1,1,,N,N,,0,,0,0,0,3.0,3,,1455,1,2,0,0,0,0,0,3,4,1,1,3,,N,,,,,,,,,,,
2008026671,830,2,0,0,0,0,0,0,0,0,1,0,,67,1,2008,4,40.0349,-75.2349,822.0,6,0,0,0,0,0,0,0,0,,0,0,0,8,1,1,2,,0,40 02:05.704,,0,75 14:05.819,8,0,0,0,67301,0,0,0,,0,0,0,2,67301,0,,1,9,,,,,0,,0,0,0,0.0,0,,820,1,2,0,0,2,1,0,3,4,0,2,7,,N,,,,,,,,,,,
2008050603,753,1,0,0,0,0,0,0,0,0,2,0,,67,3,2008,7,39.9313,-75.1462,753.0,6,0,0,0,0,0,1,0,0,,0,0,0,7,1,1,2,,0,39 55:52.723,,0,75 08:46.251,8,0,0,0,67301,0,0,0,,0,0,0,3,67301,0,,1,9,,,,,0,,0,0,1,3.0,3,,752,1,2,0,0,0,1,0,3,4,0,2,3,,N,,,,,,,,,,,
2008050617,1846,2,0,0,0,0,0,0,0,0,4,0,,67,2,2008,4,40.0689,-75.1818,1840.0,6,0,0,0,0,0,0,0,0,,0,0,0,99,3,0,1,,0,40 04:08.026,,0,75 10:54.330,0,0,0,0,67301,0,0,0,,0,0,0,2,67301,0,,1,1,,,,,0,,0,0,0,3.0,2,,9999,0,2,0,0,0,0,0,3,4,0,2,3,,N,,,,,,,,,,,
2008050782,1000,1,0,0,0,0,0,0,0,0,6,0,,67,2,2008,6,39.9834,-75.1191,950.0,6,0,0,0,0,0,1,0,0,,0,0,0,9,1,1,1,,0,39 59:00.370,,0,75 07:08.922,4,0,0,0,67301,0,0,0,,0,0,0,2,67301,1,,1,7,,N,N,,1,,0,0,0,9.0,2,,950,1,2,0,0,0,0,0,3,4,0,2,10,,N,,,,,,,,,,,
2008044025,2125,1,0,0,0,0,0,0,0,0,4,0,,67,1,2008,4,40.0868,-74.9718,2117.0,6,0,0,0,0,0,1,0,0,,0,0,0,21,3,1,1,,0,40 05:12.000,,0,74 58:18.772,4,0,0,0,67301,0,0,0,N,0,0,0,2,67301,1,,1,1,,N,N,,0,,0,0,1,3.0,2,,2103,1,2,0,0,0,0,0,3,4,0,2,3,,N,,,,,,,,,,,