CRN,ARRIVAL_TM,AUTOMOBILE_COUNT,BELTED_DEATH_COUNT,BELTED_SUSP_SERIOUS_INJ_COUNT,BICYCLE_COUNT,BICYCLE_DEATH_COUNT,BICYCLE_SUSP_SERIOUS_INJ_COUNT,BUS_COUNT,CHLDPAS_DEATH_COUNT,CHLDPAS_SUSP_SERIOUS_INJ_COUNT,COLLISION_TYPE,COMM_VEH_COUNT,CONS_ZONE_SPD_LIM,COUNTY,CRASH_MONTH,CRASH_YEAR,DAY_OF_WEEK,DEC_LAT,DEC_LONG,DISPATCH_TM,DISTRICT,DRIVER_COUNT_16YR,DRIVER_COUNT_17YR,DRIVER_COUNT_18YR,DRIVER_COUNT_19YR,DRIVER_COUNT_20YR,DRIVER_COUNT_50_64YR,DRIVER_COUNT_65_74YR,DRIVER_COUNT_75PLUS,EST_HRS_CLOSED,FATAL_COUNT,HEAVY_TRUCK_COUNT,HORSE_BUGGY_COUNT,HOUR_OF_DAY,ILLUMINATION,INJURY_COUNT,INTERSECT_TYPE,INTERSECTION_RELATED,LANE_CLOSED,LATITUDE,LN_CLOSE_DIR,LOCATION_TYPE,LONGITUDE,MAX_SEVERITY_LEVEL,MCYCLE_DEATH_COUNT,MCYCLE_SUSP_SERIOUS_INJ_COUNT,MOTORCYCLE_COUNT,MUNICIPALITY,NONMOTR_COUNT,NONMOTR_DEATH_COUNT,NONMOTR_SUSP_SERIOUS_INJ_COUNT,NTFY_HIWY_MAINT,PED_COUNT,PED_DEATH_COUNT,PED_SUSP_SERIOUS_INJ_COUNT,PERSON_COUNT,POLICE_AGCY,POSSIBLE_INJ_COUNT,RDWY_SURF_TYPE_CD,RELATION_TO_ROAD,ROAD_CONDITION,ROADWAY_CLEARED,SCH_BUS_IND,SCH_ZONE_IND,SECONDARY_CRASH,SMALL_TRUCK_COUNT,SPEC_JURIS_CD,SUSP_MINOR_INJ_COUNT,SUSP_SERIOUS_INJ_COUNT,SUV_COUNT,TCD_FUNC_CD,TCD_TYPE,TFC_DETOUR_IND,TIME_OF_DAY,TOT_INJ_COUNT,TOTAL_UNITS,UNB_DEATH_COUNT,UNB_SUSP_SERIOUS_INJ_COUNT,UNBELTED_OCC_COUNT,UNK_INJ_DEG_COUNT,UNK_INJ_PER_COUNT,URBAN_AREA,URBAN_RURAL,VAN_COUNT,VEHICLE_COUNT,WEATHER1,WEATHER2,WORK_ZONE_IND,WORK_ZONE_LOC,WORK_ZONE_TYPE,WORKERS_PRES,WZ_CLOSE_DETOUR,WZ_FLAGGER,WZ_LAW_OFFCR_IND,WZ_LN_CLOSURE,WZ_MOVING,WZ_OTHER,WZ_SHLDER_MDN,WZ_WORKERS_INJ_KILLED
2008044041,1825,2,0,0,0,0,0,0,0,0,1,0,,67,1,2008,7,40.0246,-75.1424,1815.0,6,0,0,0,0,0,0,0,0,,0,0,0,18,2,1,0,,0,40 01:28.405,,0,75 08:32.704,3,0,0,0,67301,1,0,0,N,1,0,0,3,67301,0,,6,1,,N,N,,0,,1,0,0,0.0,0,,1805,1,3,0,0,0,0,0,3,4,0,2,3,,N,,,,,,,,,,,
2008041273,2305,2,0,0,0,0,0,0,0,0,4,0,,67,2,2008,7,39.9453,-75.2295,2300.0,6,0,0,0,1,0,0,0,0,,0,0,0,22,3,1,1,,0,39 56:43.080,,0,75 13:46.200,8,0,0,0,67301,0,0,0,,0,0,0,2,67301,0,,1,1,,,,,0,,0,0,0,3.0,2,,2220,1,2,0,0,0,1,0,3,4,0,2,3,,N,,,,,,,,,,,
2008108970,1755,2,0,0,1,0,0,0,0,0,5,0,,67,9,2008,1,39.9327,-75.1818,1754.0,6,0,0,0,0,0,0,0,0,,0,0,0,17,1,1,0,,0,39 55:57.547,,0,75 10:54.512,4,0,0,0,67301,1,0,0,N,0,0,0,2,67301,1,,1,1,,N,N,,0,,0,0,0,0.0,0,,1752,1,3,0,0,0,0,0,3,4,0,2,3,,N,,,,,,,,,,,
2008121058,515,0,0,0,0,0,0,0,0,0,1,0,,67,9,2008,1,40.0272,-75.1512,500.0,6,0,0,0,1,0,0,0,0,,0,0,0,2,6,1,1,,0,40 01:37.801,,0,75 09:04.478,8,0,0,0,67301,0,0,0,N,0,0,0,2,67301,0,,1,1,,N,N,,0,,0,0,1,3.0,2,,214,1,2,0,0,0,1,0,3,4,1,2,3,,N,,,,,,,,,,,
2008121074,2335,2,0,0,0,0,0,0,0,0,4,0,,67,10,2008,5,40.0549,-75.054,2330.0,6,0,0,0,0,0,0,0,0,,0,0,0,23,3,2,1,,0,40 03:17.806,,0,75 03:14.481,4,0,0,0,67301,0,0,0,N,0,0,0,3,67301,2,,1,1,,N,N,,0,,0,0,0,2.0,2,,2315,2,2,0,0,0,0,0,3,4,0,2,3,,N,,,,,,,,,,,
2008118532,1922,1,0,0,0,0,0,0,0,0,8,0,,67,9,2008,5,40.0845,-74.9737,1916.0,6,0,0,0,0,0,0,0,0,,0,0,0,18,3,1,1,,0,40 05:03.950,,0,74 58:25.287,8,0,0,0,67301,1,0,0,,1,0,0,2,67301,0,,1,9,,,,,0,,0,0,0,3.0,2,,1850,1,2,0,0,0,1,0,3,4,0,1,7,,N,,,,,,,,,,,
2008118593,2053,1,0,0,0,0,0,0,0,0,4,0,,67,10,2008,5,39.9299,-75.2216,2043.0,6,0,0,0,0,0,1,0,0,,0,0,0,7,1,3,0,,0,39 55:47.568,,0,75 13:17.670,4,0,0,0,67301,0,0,0,,0,0,0,3,67301,1,,1,1,,N,N,,0,,0,0,0,0.0,0,,743,3,2,0,0,0,2,0,3,4,1,2,3,,N,,,,,,,,,,,
2008108649,1800,1,0,0,1,0,0,0,0,0,4,0,,67,8,2008,6,39.957,-75.1572,1800.0,6,0,0,0,0,0,0,0,0,,0,0,0,18,1,1,1,,0,39 57:25.155,,0,75 09:25.774,8,0,0,0,67301,1,0,0,,0,0,0,2,67301,0,,1,1,,,,,0,,0,0,0,3.0,2,,1800,1,2,0,0,1,1,0,3,4,0,1,3,,N,,,,,,,,,,,
2008133111,1724,1,0,0,0,0,0,0,0,0,1,0,,67,10,2008,7,40.0427,-75.1136,1720.0,6,0,0,0,0,0,0,0,0,,0,0,0,17,4,1,1,,0,40 02:33.810,,0,75 06:48.860,3,0,0,0,67301,0,0,0,,0,0,0,3,67301,0,,1,9,,,,,0,,1,0,0,3.0,2,,1715,1,2,0,0,0,0,0,3,4,1,2,7,,N,,,,,,,,,,,
2008119767,1205,0,0,0,0,0,0,0,0,0,8,0,,67,10,2008,2,39.9161,-75.2361,1154.0,6,0,0,0,0,0,0,0,0,,0,0,0,11,1,1,1,,0,39 54:57.913,,0,75 14:09.812,4,0,0,0,67301,1,0,0,N,1,0,0,2,67301,1,,1,1,,N,Y,,0,,0,0,0,3.0,2,,1100,1,2,0,0,0,0,1,3,4,0,1,3,,N,,,,,,,,,,,
2008119790,40,2,0,0,0,0,0,0,0,0,1,0,,67,8,2008,6,39.9883,-75.1026,29.0,6,0,0,0,0,0,0,0,0,,0,0,0,0,3,1,0,,0,39 59:17.872,,0,75 06:09.442,4,0,0,0,67301,0,0,0,N,0,0,0,2,67301,1,,1,1,,N,N,,0,,0,0,0,0.0,0,,10,1,2,0,0,0,0,1,3,4,0,2,3,,N,,,,,,,,,,,
2008132935,1059,2,0,0,0,0,0,0,0,0,6,0,,67,10,2008,5,39.9693,-75.1561,1057.0,6,0,0,0,0,0,0,0,0,,0,0,0,10,1,1,1,,0,39 58:09.508,,0,75 09:21.923,8,0,0,0,67301,0,0,0,,0,0,0,2,67301,0,,4,1,,,,,0,,0,0,0,3.0,2,,1057,1,2,0,0,1,1,0,3,4,0,2,3,,N,,,,,,,,,,,
2008026706,941,1,0,0,0,0,0,0,0,0,7,0,,67,1,2008,4,39.9905,-75.0869,940.0,6,0,0,0,0,0,0,0,0,1.0,0,0,0,9,1,1,0,,1,39 59:25.000,2.0,0,75 05:13.090,8,0,0,0,67301,0,0,0,N,0,0,0,1,67301,0,,3,1,,N,N,,0,,0,0,0,0.0,0,N,940,1,1,0,0,0,1,0,3,4,0,1,3,,N,,,,,,,,,,,
2008061195,913,2,0,0,0,0,0,0,0,0,1,0,,67,3,2008,4,40.0745,-75.035,913.0,6,0,0,0,0,2,0,0,0,1.0,0,0,0,9,1,0,1,,1,40 04:28.072,2.0,0,75 02:05.822,0,0,0,0,67301,0,0,0,N,0,0,0,2,67301,0,,1,9,,N,N,,0,,0,0,0,3.0,2,N,912,0,2,0,0,1,0,0,3,4,0,2,7,,N,,,,,,,,,,,
2008061209,1845,3,0,0,0,0,0,0,0,0,2,0,,67,3,2008,7,39.9764,-75.1198,1844.0,6,0,0,0,0,0,0,0,0,,0,0,0,18,1,4,0,,0,39 58:36.925,,0,75 07:10.373,4,0,0,0,67301,0,0,0,N,0,0,0,4,67301,3,,1,1,,N,N,,0,,0,0,0,0.0,0,,1840,4,3,0,0,0,1,0,3,4,0,3,3,,N,,,,,,,,,,,
2008058970,1330,2,0,0,0,0,0,0,0,0,2,0,,67,3,2008,1,40.0256,-75.1542,1325.0,6,0,0,0,0,0,2,0,0,,0,0,0,13,1,2,1,,0,40 01:32.257,,0,75 09:15.145,8,0,0,0,67301,0,0,0,N,0,0,0,2,67301,0,,1,1,,N,N,,0,,0,0,0,3.0,2,,1325,2,2,0,0,0,2,0,3,4,0,2,3,,N,,,,,,,,,,,
2008058972,115,2,0,0,0,0,0,0,0,0,4,0,,67,3,2008,1,39.9929,-75.2177,110.0,6,0,0,0,0,0,0,0,0,,0,0,0,1,6,0,1,,0,39 59:34.511,,0,75 13:03.598,9,0,0,0,67301,0,0,0,N,0,0,0,2,67301,0,,1,98,,N,N,,0,,0,0,0,3.0,2,,105,0,2,0,0,0,0,2,3,4,0,2,99,,N,,,,,,,,,,,
2008059257,2232,1,0,0,0,0,0,0,0,0,7,0,,67,3,2008,4,40.0465,-75.0521,2224.0,6,0,0,0,0,0,0,0,0,1.0,0,0,0,22,3,1,0,,2,40 02:47.606,1.0,0,75 03:07.356,4,0,0,0,67301,0,0,0,,0,0,0,3,67301,1,,2,1,,,,,0,,0,0,0,0.0,0,N,2220,1,1,0,0,3,0,0,3,4,0,1,3,,N,,,,,,,,,,,
2008051407,2255,2,0,0,0,0,0,0,0,0,1,0,,67,2,2008,4,39.9304,-75.1485,2251.0,6,0,0,0,0,0,1,0,0,2.0,0,0,0,22,3,2,0,,2,39 55:49.296,4.0,0,75 08:54.553,3,0,0,0,67301,0,0,0,N,0,0,0,3,67301,1,,1,9,,N,N,,0,,1,0,0,0.0,0,Y,2250,2,2,0,0,0,0,0,3,4,0,2,7,,N,,,,,,,,,,,
2008051577,1846,1,0,0,0,0,0,0,0,0,7,0,,67,3,2008,7,40.0269,-75.0343,1840.0,6,0,0,0,0,0,1,0,0,6.0,0,0,0,18,3,0,0,,2,40 01:36.685,7.0,0,75 02:03.332,9,0,0,0,67301,0,0,0,N,0,0,0,1,67301,0,,2,9,,N,N,,0,,0,0,0,0.0,0,Y,1838,0,1,0,0,0,0,1,3,4,0,1,7,,N,,,,,,,,,,,
2008056741,1601,0,0,0,0,0,0,0,0,0,1,2,,67,4,2008,2,40.0458,-75.0016,1553.0,6,0,0,0,0,0,1,0,0,,0,2,0,15,1,0,0,,0,40 02:47.519,,0,75 00:03.569,0,0,0,0,67301,0,0,0,Y,0,0,0,2,68K01,0,,1,9,,N,N,,0,,0,0,0,0.0,0,,1551,0,2,0,0,0,0,0,3,4,0,2,7,,N,,,,,,,,,,,
2008031347,2301,1,0,0,0,0,0,0,0,0,1,0,,67,1,2008,3,39.9292,-75.1684,2300.0,6,0,0,0,0,0,1,0,0,9.0,0,0,0,22,3,1,0,,2,39 55:45.226,3.0,0,75 10:06.100,3,0,0,0,67301,0,0,0,N,0,0,0,3,67301,0,,1,1,,N,N,,0,,1,0,1,0.0,0,N,2250,1,2,0,0,0,0,1,3,4,0,2,3,,N,,,,,,,,,,,
2008047514,1718,0,0,0,0,0,0,0,0,0,7,0,,67,3,2008,5,39.9279,-75.1464,1718.0,6,0,0,0,0,0,0,0,0,,0,0,0,17,1,0,0,,0,39 55:45.290,,0,75 08:45.868,0,0,0,0,67301,0,0,0,N,0,0,0,1,68K01,0,,2,1,,N,N,,0,,0,0,1,0.0,0,,1715,0,1,0,0,0,0,0,3,4,0,1,3,,N,,,,,,,,,,,
2008050207,1609,1,0,0,1,0,0,0,0,0,4,0,,67,3,2008,7,39.9357,-75.1892,1600.0,6,0,0,0,0,0,0,1,0,,0,0,0,15,1,1,1,,0,39 56:08.401,,0,75 11:20.965,3,0,0,0,67301,1,0,0,N,0,0,0,2,67301,0,,1,1,,N,N,,0,,1,0,0,3.0,3,,1558,1,2,0,0,0,0,0,3,4,0,1,3,,N,,,,,,,,,,,
2008050232,1123,1,0,0,0,0,0,0,0,0,2,0,,67,2,2008,6,40.0298,-75.2029,1118.0,6,0,0,0,0,0,1,0,0,,0,0,0,99,1,2,0,,0,40 01:47.008,,0,75 12:10.941,3,0,0,0,67301,0,0,0,N,0,0,0,2,67301,1,,1,7,,N,N,,0,,1,0,1,0.0,0,,9999,2,2,0,0,0,0,0,3,4,0,2,10,,N,,,,,,,,,,,
2008050245,1500,1,0,0,0,0,0,0,0,0,1,0,,67,2,2008,5,40.0811,-75.0289,1500.0,6,0,0,0,0,0,0,1,0,,0,0,0,14,1,1,1,,0,40 04:51.448,,0,75 01:44.242,4,0,0,0,67301,0,0,0,N,0,0,0,2,67301,1,,1,1,,N,N,,0,,0,0,1,3.0,2,,1450,1,2,0,0,0,0,0,3,4,0,2,3,,N,,,,,,,,,,,
2008050269,510,3,0,0,0,0,0,0,0,0,1,0,,67,2,2008,6,39.991,-75.2224,501.0,6,0,0,0,0,0,0,0,0,,0,0,0,5,3,0,0,,0,39 59:27.542,,0,75 13:20.596,0,0,0,0,67301,0,0,0,N,0,0,0,2,67301,0,,6,7,,N,N,,0,,0,0,0,0.0,0,,500,0,4,0,0,0,0,0,3,4,1,4,10,,N,,,,,,,,,,,
2008047572,1433,1,0,0,0,0,0,0,0,0,7,0,,67,1,2008,2,40.0187,-75.2016,1429.0,6,0,0,0,0,0,0,1,0,,0,0,0,14,1,1,0,,0,40 01:07.376,,0,75 12:05.750,8,0,0,0,67301,0,0,0,N,0,0,0,1,67301,0,,3,9,,N,N,,0,,0,0,0,0.0,0,,1425,1,1,0,0,0,1,0,3,4,0,1,7,,N,,,,,,,,,,,
2008047844,1111,1,0,0,0,0,0,1,0,0,1,1,,67,1,2008,3,39.9492,-75.1995,1110.0,6,0,0,0,0,0,0,0,0,,0,0,0,11,1,3,1,,0,39 56:56.941,,0,75 11:58.350,3,0,0,0,67301,0,0,0,,0,0,0,12,67301,0,,1,9,,,,,0,,3,0,0,3.0,2,,1110,3,2,0,0,0,0,9,3,4,0,2,7,5.0,N,,,,,,,,,,,
2008045510,1453,2,0,0,0,0,0,0,0,0,1,0,,67,2,2008,3,39.9875,-75.2252,1449.0,6,0,0,0,0,0,0,0,0,,0,0,0,14,1,0,0,,0,39 59:14.945,,0,75 13:30.840,0,0,0,0,67301,0,0,0,Y,0,0,0,3,67301,0,,1,2,,N,N,,1,,0,0,0,3.0,2,,1440,0,3,0,0,0,0,0,3,4,0,3,9,,N,,,,,,,,,,,
2008047648,1900,2,0,0,0,0,0,0,0,0,5,0,,67,1,2008,6,39.9624,-75.2289,1849.0,6,0,0,0,0,0,1,0,0,,0,0,0,99,3,1,0,,0,39 57:44.767,,0,75 13:43.953,8,0,0,0,67301,1,0,0,N,1,0,0,2,67301,0,,1,1,,N,N,,0,,0,0,0,0.0,0,,9999,1,3,0,0,1,1,0,3,4,0,2,3,,N,,,,,,,,,,,
2008050371,210,1,0,0,0,0,0,0,0,0,2,0,,67,2,2008,1,40.0458,-75.1879,155.0,6,0,0,0,0,1,0,0,0,,0,0,0,1,3,1,0,,0,40 02:44.910,,0,75 11:16.297,4,0,0,0,67301,0,0,0,,0,0,0,1,67301,1,,2,2,,,,,0,,0,0,1,0.0,0,,155,1,2,0,0,0,0,0,3,4,0,2,10,,N,,,,,,,,,,,
2008050499,1055,1,0,0,0,0,0,0,0,0,6,0,,67,2,2008,7,40.033,-75.1161,1045.0,6,0,0,0,0,0,1,0,0,,0,0,0,10,1,1,1,,0,40 01:58.975,,0,75 06:57.861,8,0,0,0,67301,0,0,0,N,0,0,0,2,67301,0,,1,1,,N,N,,0,,0,0,1,0.0,0,,1025,1,2,0,0,0,1,0,3,4,0,2,3,,N,,,,,,,,,,,
2008050578,1815,2,0,0,0,0,0,0,0,0,1,0,,67,2,2008,1,39.9594,-75.1738,1812.0,6,0,0,0,0,0,1,0,0,1.0,0,0,0,18,2,0,0,,1,39 57:35.033,4.0,0,75 10:36.039,0,0,0,0,67301,0,0,0,N,0,0,0,6,67301,0,,1,9,,N,N,,1,,0,0,1,0.0,0,N,1812,0,4,0,0,0,0,0,3,4,0,4,7,,N,,,,,,,,,,,
2008053148,1028,1,0,0,0,0,0,0,0,0,7,0,,67,1,2008,1,40.0945,-74.9804,1024.0,6,0,0,0,0,0,0,0,0,,0,0,0,10,1,0,2,,0,40 05:40.315,,0,74 58:49.573,0,0,0,0,67301,0,0,0,,0,0,0,1,67301,0,,5,7,,,,,0,,0,0,0,0.0,0,,1010,0,1,0,0,0,0,0,3,4,0,1,3,,N,,,,,,,,,,,
2008053237,1740,2,0,0,0,0,0,0,0,0,2,0,,67,2,2008,2,39.9676,-75.1285,1740.0,6,0,0,0,0,0,0,1,0,1.0,0,0,0,17,3,0,0,,2,39 58:02.239,3.0,0,75 07:44.256,0,0,0,0,67301,0,0,0,N,0,0,0,4,67301,0,,1,9,,N,N,,0,,0,0,0,0.0,0,N,1735,0,2,0,0,0,0,0,3,4,0,2,7,,N,,,,,,,,,,,
2008050905,2026,1,0,0,0,0,0,0,0,0,8,0,,67,3,2008,6,40.0742,-75.0347,2023.0,6,0,0,0,0,0,0,1,0,,0,0,0,20,3,1,1,,0,40 04:27.147,,0,75 02:05.033,4,0,0,0,67301,1,0,0,N,1,0,0,2,67301,1,,1,9,,N,N,,0,,0,0,0,3.0,2,,2020,1,2,0,0,0,0,0,3,4,0,1,7,,N,,,,,,,,,,,
2008050744,525,2,0,0,0,0,0,0,0,0,4,0,,67,1,2008,7,39.9131,-75.2433,515.0,6,0,0,0,0,0,0,0,0,,0,0,0,5,3,1,1,,0,39 54:47.160,,0,75 14:35.880,4,0,0,0,67301,0,0,0,N,0,0,0,2,67301,1,,1,1,,N,N,,0,,0,0,0,3.0,2,,511,1,2,0,0,0,0,0,3,4,0,2,3,,N,,,,,,,,,,,
2008050760,35,2,0,0,0,0,0,0,0,0,5,0,,67,3,2008,2,40.0161,-75.1496,31.0,6,0,0,0,0,0,0,1,0,,0,0,0,0,3,2,0,,0,40 00:57.789,,0,75 08:58.749,3,0,0,0,67301,1,0,0,N,0,0,0,3,67301,0,,1,1,,N,N,,0,,1,0,0,3.0,2,,28,2,3,0,0,0,1,1,3,4,0,3,3,,N,,,,,,,,,,,
2008050779,1622,1,0,0,0,0,0,0,0,0,6,0,,67,2,2008,3,40.0026,-75.1733,1617.0,6,0,0,0,0,0,0,1,0,,0,0,0,99,1,0,0,,0,40 00:09.226,,0,75 10:23.898,0,0,0,0,67301,0,0,0,N,0,0,0,4,67301,0,,1,1,,N,N,,1,,0,0,0,3.0,2,,9999,0,2,0,0,0,0,0,3,4,0,2,3,,N,,,,,,,,,,,
2008040788,1648,2,0,0,0,0,0,0,0,0,4,0,,67,1,2008,3,40.0131,-75.2021,1645.0,6,0,0,0,0,1,0,0,0,,0,0,0,16,1,4,1,,0,40 00:47.000,,0,75 12:07.451,3,0,0,0,67301,0,0,0,N,0,0,0,5,67301,0,,1,1,,N,N,,0,,1,0,0,3.0,2,,1600,4,2,0,0,0,3,1,3,4,0,2,3,,N,,,,,,,,,,,
2008040791,1702,2,0,0,0,0,0,0,0,0,5,0,99.0,67,2,2008,7,40.0305,-75.104,1656.0,6,0,0,0,0,0,1,0,0,,0,0,0,16,1,3,1,,0,40 01:49.850,,0,75 06:14.520,8,0,0,0,67301,0,0,0,N,0,0,0,5,67301,0,,1,1,,N,N,,0,,0,0,0,3.0,2,,1647,3,2,0,0,0,3,0,3,4,0,2,3,,Y,8.0,8.0,U,,,U,,,,,
2008040793,1830,0,0,0,0,0,0,0,0,0,8,0,,67,2,2008,4,39.9482,-75.2334,1824.0,6,0,0,0,0,0,0,0,0,,0,0,0,18,3,1,1,,0,39 56:53.484,,0,75 14:00.419,8,0,0,0,67301,1,0,0,N,1,0,0,3,67301,0,,1,9,,N,N,,0,,0,0,1,3.0,3,,1809,1,2,0,0,0,1,0,3,4,0,1,7,,N,,,,,,,,,,,
2008043965,1456,2,0,0,0,0,0,0,0,0,4,0,,67,1,2008,5,40.0937,-74.9802,1451.0,6,0,1,0,0,0,0,0,0,,0,0,0,14,1,3,1,,0,40 05:37.000,,0,74 58:48.658,4,0,0,0,67301,0,0,0,N,0,0,0,5,67301,3,,1,1,,N,N,,0,,0,0,0,9.0,2,,1435,3,2,0,0,0,0,0,3,4,0,2,3,,N,,,,,,,,,,,
2008044040,1421,1,0,0,0,0,0,0,0,0,1,0,,67,2,2008,7,39.992,-75.2375,1415.0,6,0,0,0,1,0,0,0,0,,0,0,0,6,3,1,1,,0,39 59:31.149,,0,75 14:15.021,8,0,0,0,67301,0,0,0,N,0,0,0,4,67301,0,,1,1,,N,N,,0,,0,0,1,3.0,2,,615,1,2,0,0,1,1,0,3,4,0,2,3,,N,,,,,,,,,,,
2008044047,1211,1,0,0,0,0,0,1,0,0,4,1,,67,2,2008,2,39.9805,-75.2282,1208.0,6,0,0,0,0,0,0,0,0,,0,0,0,23,2,1,1,,0,39 58:49.670,,0,75 13:41.343,4,0,0,0,67301,0,0,0,,0,0,0,2,67301,1,,1,1,,,,,0,,0,0,0,9.0,2,,2300,1,2,0,0,0,0,0,3,4,0,2,3,,N,,,,,,,,,,,
2008044048,905,2,0,0,0,0,0,0,0,0,4,0,,67,2,2008,6,39.9732,-75.2239,900.0,6,0,0,0,0,0,1,0,0,,0,0,0,8,1,1,1,,0,39 58:23.570,,0,75 13:26.205,4,0,0,0,67301,0,0,0,N,0,0,0,2,67301,1,,1,9,,N,N,,0,,0,0,0,9.0,3,,855,1,2,0,0,2,0,0,3,4,0,2,7,,N,,,,,,,,,,,
2008041247,1500,3,0,0,0,0,0,0,0,0,4,0,,67,1,2008,6,39.9073,-75.2281,1455.0,6,0,0,0,0,0,0,0,0,,0,0,0,14,1,3,2,,0,39 54:26.334,,0,75 13:41.041,8,0,0,0,67301,0,0,0,,0,0,0,3,67301,0,,1,1,,N,N,,0,,0,0,0,3.0,3,,1455,3,3,0,0,1,3,0,3,4,0,3,3,,N,,,,,,,,,,,
2008043923,2005,1,0,0,0,0,0,0,0,0,4,0,,67,1,2008,7,39.9875,-75.1784,2002.0,6,0,0,0,0,0,0,0,0,,0,0,0,20,3,2,1,,0,39 59:15.093,,0,75 10:42.149,4,0,0,0,67301,1,0,0,,1,0,0,3,67301,2,,1,1,,N,N,,0,,0,0,0,3.0,2,,2000,2,3,0,0,0,0,1,3,4,1,2,3,,N,,,,,,,,,,,
2008118571,850,0,0,0,0,0,0,0,0,0,8,0,,67,7,2008,4,40.0266,-75.1509,848.0,6,0,0,0,0,0,1,0,0,2.0,0,0,0,8,1,1,0,,1,40 01:35.842,3.0,0,75 09:03.063,8,0,0,0,67301,1,0,0,,1,0,0,2,67301,0,,1,1,,N,N,,0,,0,0,1,3.0,2,Y,848,1,2,0,0,0,1,0,3,4,0,1,3,,N,,,,,,,,,,,
2008108677,1315,3,0,0,0,0,0,0,0,0,4,0,,67,8,2008,2,39.9686,-75.1271,1305.0,6,0,0,0,0,0,1,0,0,,0,0,0,13,1,0,2,,0,39 58:05.282,,0,75 07:40.146,0,0,0,0,67301,0,0,0,N,0,0,0,3,67301,0,,1,1,,N,N,,0,,0,0,0,2.0,2,,1305,0,3,0,0,3,0,0,3,4,0,3,3,,N,,,,,,,,,,,
2008127406,1723,1,0,0,0,0,0,0,0,0,1,0,,67,11,2008,6,39.993,-75.085,1710.0,6,0,0,0,0,0,1,0,0,,0,0,0,17,3,0,0,,0,39 59:35.030,,0,75 05:05.811,9,0,0,0,67301,0,0,0,N,0,0,0,2,68K01,0,,1,9,,N,N,,1,,0,0,0,0.0,0,,1701,0,2,0,0,0,0,1,3,4,0,2,3,,N,,,,,,,,,,,
2008119634,2045,1,0,0,0,0,0,0,0,0,4,0,,67,8,2008,6,40.0232,-75.1244,2041.0,6,0,0,0,0,0,0,0,0,,0,0,0,20,3,1,1,,0,40 01:23.562,,0,75 07:27.827,8,0,0,1,67301,0,0,0,N,0,0,0,2,67301,0,,1,1,,N,N,,0,,0,0,0,3.0,3,,2025,1,2,0,0,0,1,0,3,4,0,2,3,,N,,,,,,,,,,,
2008122226,2023,0,0,0,0,0,0,0,0,0,7,0,,67,10,2008,4,39.9503,-75.1412,2012.0,6,0,0,0,0,0,0,0,0,1.0,0,0,0,20,3,0,0,,1,39 57:01.221,1.0,0,75 08:28.268,0,0,0,0,67301,0,0,0,N,0,0,0,3,68K01,0,,2,1,,N,N,,0,,0,0,1,0.0,0,Y,2009,0,1,0,0,0,0,0,3,4,0,1,3,,N,,,,,,,,,,,
2008122235,917,0,0,0,0,0,0,0,0,0,1,0,,67,11,2008,5,40.0426,-75.0036,902.0,6,0,0,0,0,0,0,0,0,,0,0,0,8,1,1,0,,0,40 02:33.843,,0,75 00:12.786,3,0,0,0,67301,0,0,0,N,0,0,0,3,68K01,0,,1,9,,N,N,,0,,1,0,0,0.0,0,,855,1,2,0,0,0,0,0,3,4,2,2,7,,N,,,,,,,,,,,
2008119884,2025,1,0,0,0,0,0,0,0,0,2,1,,67,10,2008,6,,,2020.0,6,0,0,0,0,0,0,0,0,,0,1,0,20,3,2,1,,0,,,0,,4,0,0,0,67301,1,0,0,N,0,0,0,2,67301,2,,4,1,,N,N,,0,,0,0,0,3.0,3,,2000,2,2,0,0,0,0,0,3,3,0,2,3,,N,,,,,,,,,,,
2008125303,1412,0,0,0,0,0,0,0,0,0,7,0,,67,10,2008,3,39.8917,-75.1985,1354.0,6,0,0,0,0,0,0,0,0,2.0,0,0,0,13,1,0,0,,2,39 53:54.305,1.0,0,75 10:53.362,0,0,0,0,67301,0,0,0,N,0,0,0,1,68K01,0,,2,9,,N,N,,0,,0,0,0,0.0,0,N,1349,0,1,0,0,0,0,0,3,4,1,1,7,,N,,,,,,,,,,,
2008137757,1740,1,0,0,0,0,0,0,0,0,1,0,,67,11,2008,1,39.9746,-75.2004,1737.0,6,0,0,0,0,0,0,0,0,,0,0,0,17,3,2,0,,0,39 58:28.586,,0,75 12:01.217,4,0,0,0,67301,0,0,0,N,0,0,0,5,67301,2,,1,1,,N,N,,1,,0,0,1,0.0,0,,1735,2,3,0,0,0,0,1,3,4,0,3,3,,N,,,,,,,,,,,
2008061169,2330,2,0,0,0,0,0,0,0,0,1,0,,67,4,2008,6,40.0511,-75.0514,2327.0,6,0,0,0,0,0,0,1,0,1.0,0,0,0,23,3,1,0,,1,40 03:03.983,2.0,0,75 03:05.187,8,0,0,0,67301,0,0,0,,0,0,0,2,67301,0,,1,98,,,,,0,,0,0,0,0.0,0,N,2324,1,2,0,0,0,1,0,3,4,0,2,99,,N,,,,,,,,,,,
2008061176,824,3,0,0,0,0,0,0,0,0,4,0,,67,4,2008,4,39.9282,-75.1798,821.0,6,0,0,0,0,0,1,0,0,,0,0,0,8,1,3,0,,0,39 55:41.523,,0,75 10:47.431,8,0,0,0,67301,0,0,0,N,0,0,0,8,67301,0,,1,1,,N,N,,0,,0,0,0,3.0,3,,815,3,3,0,0,0,3,0,3,4,0,3,3,,N,,,,,,,,,,,