CRN,ARRIVAL_TM,AUTOMOBILE_COUNT,BELTED_DEATH_COUNT,BELTED_SUSP_SERIOUS_INJ_COUNT,BICYCLE_COUNT,BICYCLE_DEATH_COUNT,BICYCLE_SUSP_SERIOUS_INJ_COUNT,BUS_COUNT,CHLDPAS_DEATH_COUNT,CHLDPAS_SUSP_SERIOUS_INJ_COUNT,COLLISION_TYPE,COMM_VEH_COUNT,CONS_ZONE_SPD_LIM,COUNTY,CRASH_MONTH,CRASH_YEAR,DAY_OF_WEEK,DEC_LAT,DEC_LONG,DISPATCH_TM,DISTRICT,DRIVER_COUNT_16YR,DRIVER_COUNT_17YR,DRIVER_COUNT_18YR,DRIVER_COUNT_19YR,DRIVER_COUNT_20YR,DRIVER_COUNT_50_64YR,DRIVER_COUNT_65_74YR,DRIVER_COUNT_75PLUS,EST_HRS_CLOSED,FATAL_COUNT,HEAVY_TRUCK_COUNT,HORSE_BUGGY_COUNT,HOUR_OF_DAY,ILLUMINATION,INJURY_COUNT,INTERSECT_TYPE,INTERSECTION_RELATED,LANE_CLOSED,LATITUDE,LN_CLOSE_DIR,LOCATION_TYPE,LONGITUDE,MAX_SEVERITY_LEVEL,MCYCLE_DEATH_COUNT,MCYCLE_SUSP_SERIOUS_INJ_COUNT,MOTORCYCLE_COUNT,MUNICIPALITY,NONMOTR_COUNT,NONMOTR_DEATH_COUNT,NONMOTR_SUSP_SERIOUS_INJ_COUNT,NTFY_HIWY_MAINT,PED_COUNT,PED_DEATH_COUNT,PED_SUSP_SERIOUS_INJ_COUNT,PERSON_COUNT,POLICE_AGCY,POSSIBLE_INJ_COUNT,RDWY_SURF_TYPE_CD,RELATION_TO_ROAD,ROAD_CONDITION,ROADWAY_CLEARED,SCH_BUS_IND,SCH_ZONE_IND,SECONDARY_CRASH,SMALL_TRUCK_COUNT,SPEC_JURIS_CD,SUSP_MINOR_INJ_COUNT,SUSP_SERIOUS_INJ_COUNT,SUV_COUNT,TCD_FUNC_CD,TCD_TYPE,TFC_DETOUR_IND,TIME_OF_DAY,TOT_INJ_COUNT,TOTAL_UNITS,UNB_DEATH_COUNT,UNB_SUSP_SERIOUS_INJ_COUNT,UNBELTED_OCC_COUNT,UNK_INJ_DEG_COUNT,UNK_INJ_PER_COUNT,URBAN_AREA,URBAN_RURAL,VAN_COUNT,VEHICLE_COUNT,WEATHER1,WEATHER2,WORK_ZONE_IND,WORK_ZONE_LOC,WORK_ZONE_TYPE,WORKERS_PRES,WZ_CLOSE_DETOUR,WZ_FLAGGER,WZ_LAW_OFFCR_IND,WZ_LN_CLOSURE,WZ_MOVING,WZ_OTHER,WZ_SHLDER_MDN,WZ_WORKERS_INJ_KILLED
2008059215,918,2,0,0,0,0,0,0,0,0,4,0,,67,3,2008,5,39.9892,-75.1661,915.0,6,0,0,0,0,1,0,0,0,,0,0,0,9,1,1,1,,0,39 59:21.068,,0,75 09:57.786,4,0,0,0,67301,0,0,0,N,0,0,0,4,67301,1,,1,1,,N,N,,0,,0,0,0,3.0,3,,914,1,2,0,0,0,0,0,3,4,0,2,3,,N,,,,,,,,,,,
2008053737,1305,1,0,0,0,0,0,0,0,0,4,0,,67,1,2008,3,39.9764,-75.134,1303.0,6,0,0,0,0,0,1,0,0,,0,0,0,12,1,0,2,,0,39 58:34.863,,0,75 08:02.432,0,0,0,0,67301,0,0,0,,0,0,0,2,67301,0,,1,1,,,,,0,,0,0,1,3.0,3,,1252,0,2,0,0,2,0,0,3,4,0,2,3,,N,,,,,,,,,,,
2008059088,1335,3,0,0,0,0,0,0,0,0,2,0,,67,3,2008,2,40.1133,-75.0236,1335.0,6,0,0,0,0,0,0,0,0,,0,0,0,13,1,0,0,,0,40 06:48.028,,7,75 01:24.817,0,0,0,0,67301,0,0,0,,0,0,0,3,67301,0,,1,1,,,,,0,,0,0,0,0.0,0,,1330,0,3,0,0,0,0,0,3,4,0,3,3,,N,,,,,,,,,,,
2008053885,1825,1,0,0,0,0,0,0,0,0,1,0,,67,2,2008,4,40.0127,-75.206,1810.0,6,0,0,0,0,0,0,0,0,,0,0,0,18,2,0,6,,0,40 00:54.000,,2,75 12:21.960,0,0,0,0,67301,0,0,0,N,0,0,0,2,67301,0,,7,9,,N,N,,0,,0,0,1,3.0,4,,1800,0,2,0,0,2,0,0,3,4,0,2,10,,N,,,,,,,,,,,
2008051394,1640,2,0,0,0,0,0,0,0,0,4,0,,67,3,2008,1,39.9732,-75.2122,1628.0,6,0,0,0,0,0,1,0,0,1.0,0,0,0,16,1,0,1,,1,39 58:23.685,3.0,0,75 12:43.721,0,0,0,0,67301,0,0,0,N,0,0,0,2,67301,0,,9,1,,N,N,,0,,0,0,0,3.0,9,N,1615,0,2,0,0,2,0,0,3,4,0,2,3,,N,,,,,,,,,,,
2008054081,850,1,0,0,0,0,0,0,0,0,7,0,,67,3,2008,3,40.0002,-75.0841,840.0,6,0,0,0,0,0,0,0,0,,0,0,0,8,1,0,0,,0,40 00:00.610,,0,75 05:02.864,0,0,0,0,67301,0,0,0,N,0,0,0,1,67301,0,,2,1,,N,N,,0,,0,0,0,0.0,0,,840,0,1,0,0,0,0,0,3,4,0,1,3,,N,,,,,,,,,,,
2008054209,1305,0,0,0,0,0,0,0,0,0,4,0,,67,1,2008,6,,,1258.0,6,0,0,0,0,0,1,0,0,,0,0,0,12,1,0,0,,0,,,7,,0,0,0,0,67301,0,0,0,N,0,0,0,2,67301,0,,1,1,,N,N,,2,,0,0,0,3.0,2,,1250,0,2,0,0,0,0,0,3,3,0,2,3,,N,,,,,,,,,,,
2008054221,1537,3,0,0,0,0,0,0,0,0,2,0,,67,3,2008,5,39.959,-75.1739,1533.0,6,0,0,0,0,0,0,0,0,,0,0,0,15,1,1,1,,0,39 57:32.371,,0,75 10:26.147,3,0,0,0,67301,0,0,0,N,0,0,0,3,67301,0,,1,1,,N,N,,0,,1,0,0,3.0,2,,1533,1,3,0,0,0,0,1,3,4,0,3,3,,N,,,,,,,,,,,
2008051635,138,1,0,0,0,0,0,0,0,0,8,0,,67,3,2008,3,40.058,-75.0596,137.0,6,0,0,0,0,0,0,0,0,,0,0,0,1,3,1,0,,0,40 03:28.699,,0,75 03:34.664,8,0,0,0,67301,0,0,0,N,1,0,0,1,67301,0,,1,1,,N,N,,0,,0,0,0,0.0,0,,130,1,2,0,0,0,1,0,3,4,0,1,3,,N,,,,,,,,,,,
2008051764,635,0,0,0,0,0,0,1,0,0,2,0,,67,2,2008,6,40.0349,-75.1844,634.0,6,0,0,0,0,0,0,0,0,,0,0,0,6,1,1,2,,0,40 02:05.640,,0,75 11:03.840,4,0,0,0,67301,0,0,0,N,0,0,0,2,67301,1,,1,1,,N,N,,0,,0,0,1,3.0,2,,634,1,2,0,0,0,0,0,3,4,0,2,3,,N,,,,,,,,,,,
2008051789,1644,1,0,0,0,0,0,0,0,0,1,0,,67,3,2008,3,40.0222,-75.0431,1641.0,6,0,0,0,0,0,0,0,0,,0,0,0,16,1,1,0,,0,40 01:19.783,,0,75 02:35.330,8,0,0,0,67301,0,0,0,N,0,0,0,2,67301,0,,1,1,,N,N,,1,,0,0,0,0.0,0,,1630,1,2,0,0,1,1,0,3,4,0,2,3,,N,,,,,,,,,,,
2008049340,58,2,0,0,0,0,0,0,0,0,5,0,,67,3,2008,4,39.9873,-75.0904,46.0,6,0,0,0,0,1,0,0,0,2.0,0,0,0,0,3,0,0,,1,39 59:14.179,2.0,0,75 05:25.669,0,0,0,0,67301,0,0,0,N,0,0,0,3,68K01,0,,1,1,,N,N,,0,,0,0,0,0.0,0,N,45,0,2,0,0,0,0,0,3,4,0,2,3,,N,,,,,,,,,,,
2008050257,644,2,0,0,0,0,0,0,0,0,1,0,,67,2,2008,1,39.9385,-75.1421,642.0,6,0,0,0,0,0,0,0,0,,0,0,0,6,1,1,2,,0,39 56:18.240,,2,75 08:32.410,3,0,0,0,67301,0,0,0,,0,0,0,2,67301,0,,1,1,,,,,0,,1,0,0,3.0,2,,640,1,2,0,0,0,0,1,3,4,0,2,3,,N,,,,,,,,,,,
2008026766,1615,2,0,0,0,0,0,0,0,0,1,0,,67,1,2008,6,40.0329,-75.1747,1610.0,6,0,0,0,0,0,1,0,0,,0,0,0,16,1,1,0,,0,40 01:58.472,,0,75 10:28.804,8,0,0,0,67301,0,0,0,N,0,0,0,2,67301,0,,1,1,,N,N,,0,,0,0,0,0.0,0,,1605,1,2,0,0,0,1,0,3,4,0,2,3,,N,,,,,,,,,,,
2008023980,1925,1,0,0,0,0,0,0,0,0,8,0,,67,1,2008,7,40.0201,-75.1322,1912.0,6,0,0,0,0,0,0,0,0,,0,0,0,18,3,1,1,,0,40 01:12.421,,0,75 07:55.837,8,0,0,0,67301,1,0,0,,1,0,0,2,67301,0,,1,1,,N,N,,0,,0,0,0,9.0,3,,1835,1,2,0,0,0,1,0,3,4,0,1,3,,N,,,,,,,,,,,
2008026619,900,3,0,0,0,0,0,0,0,0,5,0,,67,1,2008,3,39.9528,-75.2142,627.0,6,0,0,0,0,0,0,0,0,,0,0,0,6,3,0,0,,0,39 57:10.087,,0,75 12:51.292,0,0,0,0,67301,0,0,0,N,0,0,0,1,67301,0,,1,9,,N,N,,0,,0,0,0,0.0,0,,627,0,3,0,0,1,0,0,3,4,0,3,7,,N,,,,,,,,,,,
2008053031,525,2,0,0,0,0,0,0,0,0,4,0,,67,1,2008,1,39.989,-75.1409,520.0,6,0,0,0,0,0,0,0,0,,0,0,0,99,3,0,1,,0,39 59:20.443,,0,75 08:27.250,0,0,0,0,67301,0,0,0,N,0,0,0,2,67301,0,,1,1,,N,N,,0,,0,0,0,3.0,2,,9999,0,2,0,0,0,0,0,3,4,0,2,3,,N,,,,,,,,,,,
2008053043,1915,1,0,0,0,0,0,0,0,0,7,0,,67,1,2008,4,39.9687,-75.2427,900.0,6,0,0,0,0,0,0,0,0,,0,0,0,19,3,0,0,,0,39 58:07.186,,0,75 14:33.856,0,0,0,0,67301,0,0,0,N,0,0,0,1,67301,0,,2,1,,N,N,,0,,0,0,0,0.0,0,,1900,0,1,0,0,0,0,0,3,4,0,1,3,,N,,,,,,,,,,,
2008050728,1751,1,0,0,0,0,0,0,0,0,1,0,,67,2,2008,1,40.0272,-75.0989,1745.0,6,0,0,0,0,0,2,0,0,1.0,0,0,0,17,3,1,1,,1,40 01:38.505,1.0,0,75 05:56.834,4,0,0,0,67301,0,0,0,N,0,0,0,4,67301,1,,1,9,,N,N,,0,,0,0,0,3.0,2,N,1745,1,2,0,0,0,0,0,3,4,1,2,7,,N,,,,,,,,,,,
2008050624,1538,2,0,0,0,0,0,0,0,0,2,0,,67,2,2008,5,40.0389,-75.0833,1531.0,6,0,0,0,0,0,0,0,0,,0,0,0,14,1,1,1,,0,40 02:20.090,,0,75 04:59.750,4,0,0,0,67301,0,0,0,,0,0,0,3,67301,1,,1,1,,,,,0,,0,0,0,9.0,2,,1448,1,2,0,0,0,0,0,3,4,0,2,3,,N,,,,,,,,,,,
2008048108,1031,1,0,0,0,0,0,0,0,0,1,0,,67,3,2008,2,39.9595,-75.1748,1029.0,6,0,0,0,0,0,1,0,0,1.0,0,0,0,10,1,1,0,,2,39 57:35.929,4.0,0,75 10:43.072,3,0,0,0,67301,0,0,0,N,0,0,0,2,68K01,0,,1,1,,N,N,,1,,1,0,0,9.0,9,N,1026,1,2,0,0,0,0,0,3,4,0,2,3,,N,,,,,,,,,,,
2008050842,1556,1,0,0,0,0,0,0,0,0,1,0,,67,3,2008,2,40.0044,-75.128,1553.0,6,0,0,0,1,0,0,0,0,,0,0,0,14,1,1,0,,0,40 00:15.753,,0,75 07:40.843,4,0,0,0,67301,0,0,0,N,0,0,0,4,67301,1,,1,1,,N,N,,1,,0,0,2,0.0,0,,1456,1,4,0,0,0,0,2,3,4,0,4,3,,N,,,,,,,,,,,
2008048611,137,2,0,0,0,0,0,0,0,0,4,0,,67,1,2008,7,40.0089,-75.0721,135.0,6,0,0,0,0,0,0,0,0,1.0,0,0,0,1,3,3,5,,1,40 00:31.911,2.0,0,75 04:19.380,3,0,0,0,67301,0,0,0,N,0,0,0,3,67301,2,,1,1,,N,N,,0,,1,0,0,3.0,2,N,130,3,2,0,0,0,0,0,3,4,0,2,3,,N,,,,,,,,,,,
2008043957,1255,0,0,0,0,0,0,0,0,0,8,0,,67,1,2008,4,40.008,-75.1018,1252.0,6,0,0,0,0,0,0,0,0,,0,0,0,12,1,1,0,,0,40 00:28.828,,0,75 06:06.592,8,0,0,0,67301,1,0,0,N,1,0,0,2,67301,0,,1,1,,N,N,,0,,0,0,1,0.0,0,,1245,1,2,0,0,0,1,0,3,4,0,1,3,,N,,,,,,,,,,,
2008069280,715,0,0,0,0,0,0,0,0,0,8,0,,67,4,2008,4,39.9546,-75.1813,703.0,6,0,0,0,0,0,0,0,0,,0,0,0,6,1,1,1,,0,39 57:16.664,,0,75 10:52.570,3,0,0,0,67301,1,0,0,N,1,0,0,2,67301,0,,9,1,,N,N,,0,,1,0,1,3.0,2,,620,1,2,0,0,0,0,0,3,4,0,1,3,,N,,,,,,,,,,,
2008103948,1633,1,0,0,0,0,0,0,0,0,4,0,,67,7,2008,5,39.9484,-75.2355,1630.0,6,0,0,0,0,0,1,0,0,,0,0,0,15,1,2,1,,0,39 56:54.369,,0,75 14:07.781,8,0,0,0,67301,0,0,0,N,0,0,0,3,67301,0,,1,1,,N,N,,0,,0,0,0,3.0,2,,1534,2,2,0,0,0,2,1,3,4,1,2,3,,N,,,,,,,,,,,
2008118895,1045,1,0,0,1,0,0,0,0,0,4,0,,67,10,2008,2,39.9612,-75.1748,1042.0,6,0,0,0,0,0,0,0,1,,0,0,0,10,1,1,1,,0,39 57:40.404,,0,75 10:30.555,4,0,0,0,67301,1,0,0,N,0,0,0,2,67301,1,,1,1,,N,N,,0,,0,0,0,3.0,2,,1040,1,2,0,0,0,0,0,3,4,0,1,3,,N,,,,,,,,,,,
2008099263,1746,1,0,0,0,0,0,0,0,0,2,0,,67,7,2008,1,39.9432,-75.1537,1745.0,6,0,0,0,0,0,0,0,0,,0,0,0,99,1,0,1,,0,39 56:35.610,,0,75 09:13.269,0,0,0,0,67301,0,0,0,N,0,0,0,2,67301,0,,1,1,,N,N,,0,,0,0,0,1.0,3,,9999,0,2,0,0,0,0,0,3,4,1,2,3,,N,,,,,,,,,,,
2008099264,2357,1,0,0,0,0,0,0,0,0,5,0,,67,6,2008,6,40.0277,-75.11,2354.0,6,0,0,0,0,0,0,0,0,,0,0,0,23,3,0,1,,0,40 01:39.820,,0,75 06:35.930,9,0,0,1,67301,0,0,0,,0,0,0,2,67301,0,,1,1,,N,N,,0,,0,0,0,3.0,2,,2354,0,2,0,0,0,0,2,3,4,0,2,3,,N,,,,,,,,,,,
2008099266,1617,1,0,0,0,0,0,0,0,0,4,0,,67,8,2008,1,39.9878,-75.1806,1615.0,6,0,0,0,0,1,0,0,0,,0,0,0,16,1,1,1,,0,39 59:16.193,,0,75 10:50.093,4,0,0,1,67301,0,0,0,N,0,0,0,4,67301,1,,1,9,,N,N,,0,,0,0,0,3.0,2,,1610,1,2,0,0,0,0,0,3,4,0,2,7,,N,,,,,,,,,,,
2008108492,9999,2,0,0,0,0,0,0,0,0,1,0,,67,8,2008,1,39.9336,-75.2399,9999.0,6,0,0,0,0,0,0,0,0,1.0,0,0,0,14,1,1,0,,1,39 56:00.845,2.0,0,75 14:23.000,8,0,0,0,67301,0,0,0,N,0,0,0,6,67301,0,,1,9,,N,N,,0,,0,0,0,0.0,0,Y,1445,1,2,0,0,0,1,0,3,4,0,2,7,,N,,,,,,,,,,,
2008108580,619,3,0,0,0,0,0,0,0,0,5,0,,67,8,2008,1,39.932,-75.1866,619.0,6,0,0,0,0,0,0,0,0,,0,0,0,6,5,0,0,,0,39 55:55.185,,0,75 11:11.671,0,0,0,0,67301,0,0,0,N,0,0,0,2,67301,0,,6,1,,N,N,,0,,0,0,0,0.0,0,,619,0,3,0,0,0,0,0,3,4,0,3,3,,N,,,,,,,,,,,
2008101529,1338,3,0,0,0,0,0,0,0,0,1,0,,67,9,2008,1,39.9826,-75.2079,1333.0,6,0,0,0,1,0,0,0,1,,0,0,0,13,1,0,0,,0,39 59:01.070,,0,75 12:29.724,0,0,0,0,67301,0,0,0,N,0,0,0,3,68K01,0,,1,1,,N,N,,0,,0,0,0,0.0,0,,1331,0,3,0,0,0,0,0,3,4,0,3,3,,N,,,,,,,,,,,
2008100987,715,0,0,0,0,0,0,1,0,0,4,2,,67,6,2008,2,40.026,-75.1191,704.0,6,0,0,0,0,0,0,1,0,3.0,0,1,0,7,1,1,0,,2,40 01:33.612,1.0,0,75 07:07.912,4,0,0,0,67301,0,0,0,N,0,0,0,2,67301,1,,1,1,,Y,N,,0,,0,0,0,0.0,0,Y,703,1,2,0,0,0,0,0,3,4,0,2,3,,N,,,,,,,,,,,
2008122632,1715,1,0,0,0,0,0,0,0,0,8,0,,67,9,2008,3,39.9544,-75.205,1700.0,6,0,0,0,0,0,0,0,0,,0,0,0,16,1,1,2,,0,39 57:15.936,,0,75 12:18.018,4,0,0,0,67301,1,0,0,N,1,0,0,2,67301,1,,1,1,,N,N,,0,,0,0,0,0.0,0,,1655,1,2,0,0,0,0,0,3,4,0,1,3,,N,,,,,,,,,,,
2008132809,310,2,0,0,0,0,0,0,0,0,5,0,,67,11,2008,7,40.0374,-75.0235,300.0,6,0,0,0,0,1,0,0,0,,0,0,0,2,3,1,0,,0,40 02:14.720,,0,75 01:24.420,4,0,0,0,67301,0,0,0,N,0,0,0,3,68M03,1,,1,1,,N,N,,0,,0,0,0,0.0,0,,250,1,2,0,0,1,0,0,3,4,0,2,3,,N,,,,,,,,,,,
2008133169,1735,1,0,0,0,0,0,0,0,0,8,0,,67,10,2008,6,39.9545,-75.1811,1727.0,6,0,0,0,0,0,0,0,0,9.0,0,0,0,13,1,1,1,,9,39 57:16.583,1.0,0,75 10:51.966,3,0,0,0,67301,1,0,0,N,1,0,0,2,67301,0,,1,1,,N,N,,0,,1,0,0,3.0,2,N,1320,1,2,0,0,0,0,0,3,4,0,1,3,,N,,,,,,,,,,,
2008026679,2345,1,0,0,0,0,0,0,0,0,7,0,,67,1,2008,1,40.0572,-75.0012,2340.0,6,0,0,0,0,0,0,0,0,,0,0,0,23,3,1,1,,0,40 03:25.000,,0,75 00:04.335,4,0,0,0,67301,0,0,0,,0,0,0,1,67301,1,,5,1,,N,N,,0,,0,0,0,3.0,2,,2330,1,1,0,0,0,0,0,3,4,0,1,3,,N,,,,,,,,,,,
2008035906,717,0,0,0,0,0,0,0,0,0,7,0,,67,3,2008,3,39.9456,-75.1901,703.0,6,0,0,0,0,0,0,0,0,1.0,0,0,0,7,1,0,0,,1,39 56:44.000,3.0,0,75 11:24.479,0,0,0,0,67301,0,0,0,N,0,0,0,1,68K01,0,,2,9,,N,N,,1,,0,0,0,0.0,0,Y,700,0,1,0,0,0,0,0,3,4,0,1,3,,N,,,,,,,,,,,
2008053745,635,2,0,0,0,0,0,0,0,0,1,0,,67,1,2008,4,39.9273,-75.1825,635.0,6,0,0,0,0,0,0,0,0,,0,0,0,6,3,0,0,,0,39 55:38.208,,0,75 10:57.136,0,0,0,0,67301,0,0,0,N,0,0,0,0,67301,0,,4,1,,N,N,,0,,0,0,0,9.0,3,,635,0,3,0,0,0,0,0,3,4,0,3,3,,N,,,,,,,,,,,
2008059206,215,1,0,0,0,0,0,0,0,0,7,0,,67,3,2008,4,40.0109,-75.1645,215.0,6,0,0,0,0,0,0,0,0,,0,0,0,2,3,1,3,,0,40 00:39.246,,0,75 09:53.035,4,0,0,0,67301,0,0,0,N,0,0,0,1,67301,1,,3,9,,N,N,,0,,0,0,0,3.0,2,,215,1,1,0,0,0,0,0,3,4,0,1,7,,N,,,,,,,,,,,
2008051416,1945,0,0,0,0,0,0,0,0,0,8,0,,67,2,2008,3,39.9486,-75.2171,9999.0,6,0,0,0,0,0,0,0,0,,0,0,0,19,3,1,1,,0,39 56:55.004,,0,75 13:01.629,8,0,0,0,67301,1,0,0,,1,0,0,2,67301,0,,2,1,,N,N,,0,,0,0,1,3.0,2,,1940,1,2,0,0,0,1,1,3,4,0,1,3,,N,,,,,,,,,,,
2008054211,755,2,0,0,0,0,0,0,0,0,1,0,,67,1,2008,2,39.9057,-75.1939,745.0,6,0,0,0,0,0,0,0,0,1.0,0,0,0,7,1,0,5,,1,39 54:20.430,3.0,0,75 11:37.830,0,0,0,0,67301,0,0,0,N,0,0,0,2,67301,0,,1,1,,N,N,,0,,0,0,0,3.0,2,N,745,0,2,0,0,0,0,0,3,4,0,2,3,,N,,,,,,,,,,,
2008054219,2120,3,0,0,0,0,0,0,0,0,1,0,,67,2,2008,1,40.0099,-75.096,2120.0,6,0,0,0,0,0,0,0,0,2.0,0,0,0,21,3,2,0,,1,40 00:35.654,6.0,0,75 05:45.581,3,0,0,0,67301,1,0,0,N,0,0,0,2,67301,1,,4,1,,N,N,,0,,1,0,0,0.0,0,Y,2120,2,3,0,0,1,0,0,3,4,0,3,3,,N,,,,,,,,,,,
2008051778,2330,3,0,0,0,0,0,0,0,0,5,0,,67,2,2008,6,40.0214,-75.1485,2325.0,6,0,0,0,0,0,0,0,0,2.0,0,0,0,23,2,5,1,,1,40 01:16.957,1.0,0,75 08:54.571,4,0,0,0,67301,2,0,0,N,0,0,0,9,67301,5,,1,1,,N,N,,0,,0,0,0,9.0,9,N,2325,5,3,0,0,0,0,1,3,4,0,3,3,,N,,,,,,,,,,,
2008051781,850,2,0,0,0,0,0,0,0,0,4,0,,67,2,2008,2,39.9507,-75.2371,845.0,6,0,0,0,0,0,0,1,0,,0,0,0,8,1,3,1,,0,39 57:02.523,,0,75 14:13.545,4,0,0,0,67301,0,0,0,N,0,0,0,4,67301,1,,1,9,,N,N,,0,,0,0,0,3.0,3,,840,3,2,0,0,1,2,0,3,4,0,2,7,,N,,,,,,,,,,,
2008047842,1330,1,0,0,0,0,0,0,0,0,7,0,,67,1,2008,5,40.016,-75.0878,1321.0,6,0,0,0,0,0,0,0,0,,0,0,0,13,1,0,0,,0,40 00:57.634,,0,75 05:16.046,9,0,0,0,67301,0,0,0,,0,0,0,1,67301,0,,5,1,,N,N,,0,,0,0,0,0.0,0,,1315,0,1,0,0,0,0,1,3,4,0,1,3,,N,,,,,,,,,,,
2008047845,1123,2,0,0,0,0,0,0,0,0,5,0,,67,1,2008,4,39.9885,-75.1574,1122.0,6,0,0,0,0,0,0,0,0,,0,0,0,11,1,3,0,,0,39 59:18.607,,0,75 09:26.816,4,0,0,0,67301,0,0,0,N,0,0,0,3,67301,3,,5,1,,N,N,,0,,0,0,0,3.0,2,,1113,3,2,0,0,0,0,0,3,4,0,2,3,,N,,,,,,,,,,,
2008047846,1430,1,0,0,0,0,0,0,0,0,5,1,,67,1,2008,3,39.9585,-75.2476,1428.0,6,0,0,0,0,0,0,0,1,,0,1,0,14,1,1,2,,0,39 57:30.721,,0,75 14:51.320,3,0,0,0,67301,0,0,0,,0,0,0,1,67301,0,,1,9,,,,,0,,1,0,0,3.0,2,,1420,1,2,0,0,0,0,0,3,4,0,2,3,,N,,,,,,,,,,,
2008042814,1800,0,0,0,0,0,0,0,0,0,7,0,,67,3,2008,7,39.9787,-75.1094,1757.0,6,0,0,0,0,0,0,0,0,1.0,0,0,0,17,1,0,0,,2,39 58:43.888,1.0,0,75 06:34.035,0,0,0,0,67301,0,0,0,N,0,0,0,2,68K01,0,,3,1,,N,N,,0,,0,0,1,0.0,0,N,1754,0,1,0,0,0,0,0,3,4,0,1,3,,N,,,,,,,,,,,
2008040531,253,3,0,0,0,0,0,0,0,0,1,0,,67,2,2008,3,39.9877,-75.225,249.0,6,0,0,0,0,0,1,1,0,,0,0,0,2,3,0,2,,0,39 59:15.615,,0,75 13:29.927,0,0,0,0,67301,0,0,0,N,0,0,0,3,67301,0,,1,2,,N,N,,0,,0,0,0,0.0,0,,240,0,3,0,0,0,0,0,3,4,0,3,5,,N,,,,,,,,,,,
2008050511,840,0,0,0,0,0,0,0,0,0,4,0,,67,2,2008,3,39.9529,-75.1597,837.0,6,0,0,0,0,0,0,0,0,,0,0,0,8,1,1,1,,0,39 57:10.616,,0,75 09:34.855,4,0,0,0,67301,1,0,0,N,1,0,0,2,67301,1,,1,1,,N,N,,0,,0,0,0,3.0,2,,835,1,2,0,0,0,0,1,3,4,1,1,98,,N,,,,,,,,,,,
2008050561,800,4,0,0,0,0,0,0,0,0,5,0,,67,2,2008,4,40.0049,-75.1788,800.0,6,0,0,0,0,0,0,1,1,2.0,0,0,0,7,1,1,0,,1,40 00:17.664,3.0,0,75 10:43.583,4,0,0,0,67301,0,0,0,,0,0,0,4,67301,1,,1,1,,N,N,,0,,0,0,0,0.0,0,N,754,1,4,0,0,0,0,0,3,4,0,4,3,,N,,,,,,,,,,,
2008050569,9999,2,0,0,0,0,0,0,0,0,1,1,,67,2,2008,6,39.9689,-75.1344,14.0,6,0,0,0,0,0,0,0,0,9.0,0,1,0,99,3,0,1,,2,39 58:08.007,1.0,0,75 08:03.925,0,0,0,0,67301,0,0,0,,0,0,0,1,67301,0,,1,1,,N,N,,1,,0,0,0,0.0,0,Y,9999,0,4,0,0,0,0,0,3,4,0,4,3,,N,,,,,,,,,,,
2008050778,1730,0,0,0,1,0,0,0,0,0,4,0,,67,2,2008,2,39.993,-75.1103,1725.0,6,0,0,0,0,0,0,0,0,,0,0,0,16,1,1,1,,0,39 59:34.615,,0,75 06:37.098,8,0,0,0,67301,1,0,0,,0,0,0,2,67301,0,,1,9,,N,N,,0,,0,0,0,9.0,9,,1635,1,2,0,0,0,1,1,3,4,0,1,7,,N,,,,,,,,,,,
2008050889,1005,2,0,0,0,0,0,0,0,0,4,0,,67,2,2008,5,40.0242,-75.1328,1000.0,6,0,0,0,1,0,0,0,0,,0,0,0,9,1,1,1,,0,40 01:26.988,,0,75 07:59.257,8,0,0,0,67301,0,0,0,N,0,0,0,2,67301,0,,1,1,,N,N,,0,,0,0,0,3.0,2,,950,1,2,0,0,0,1,0,3,4,0,2,3,,N,,,,,,,,,,,
2008048593,9999,3,0,0,0,0,0,0,0,0,1,0,,67,1,2008,4,40.0318,-75.0212,1534.0,6,0,0,0,0,0,0,0,0,1.0,0,0,0,15,1,1,0,,2,40 01:53.200,1.0,0,75 01:16.519,4,0,0,0,67301,0,0,0,N,0,0,0,3,67301,1,,1,9,,N,N,,0,,0,0,0,0.0,0,N,1525,1,3,0,0,0,0,0,3,4,0,3,3,,N,,,,,,,,,,,
2008045786,1401,3,0,0,0,0,0,0,0,0,8,0,,67,1,2008,1,39.9847,-75.1054,1320.0,6,0,0,0,0,0,0,0,0,,0,0,0,13,1,2,1,,0,39 59:04.876,,0,75 06:19.414,4,0,0,0,67301,2,0,0,N,2,0,0,3,67301,2,,1,1,,N,N,,0,,0,0,0,3.0,3,,1320,2,5,0,0,1,0,0,3,4,0,3,3,,N,,,,,,,,,,,
2008040787,1428,0,0,0,0,0,0,0,0,0,8,0,,67,1,2008,4,40.0169,-75.1495,1425.0,6,0,0,0,0,0,0,0,0,,0,0,0,13,1,1,1,,0,40 01:00.000,,0,75 08:58.114,8,0,0,0,67301,1,0,0,N,1,0,0,2,67301,0,,1,1,,N,N,,0,,0,0,0,0.0,0,,1350,1,2,0,0,0,1,1,3,4,1,1,3,,N,,,,,,,,,,,
2008044001,436,1,0,0,0,0,0,0,0,0,7,0,,67,2,2008,7,40.0017,-75.2256,426.0,6,0,0,0,0,0,0,0,0,,0,0,0,4,3,1,0,,0,40 00:09.000,,0,75 13:24.263,8,0,0,0,67301,0,0,0,N,0,0,0,1,67301,0,,4,9,,N,N,,0,,0,0,0,3.0,2,,425,1,1,0,0,0,1,0,3,4,0,1,98,,N,,,,,,,,,,,