CRN,ARRIVAL_TM,AUTOMOBILE_COUNT,BELTED_DEATH_COUNT,BELTED_SUSP_SERIOUS_INJ_COUNT,BICYCLE_COUNT,BICYCLE_DEATH_COUNT,BICYCLE_SUSP_SERIOUS_INJ_COUNT,BUS_COUNT,CHLDPAS_DEATH_COUNT,CHLDPAS_SUSP_SERIOUS_INJ_COUNT,COLLISION_TYPE,COMM_VEH_COUNT,CONS_ZONE_SPD_LIM,COUNTY,CRASH_MONTH,CRASH_YEAR,DAY_OF_WEEK,DEC_LAT,DEC_LONG,DISPATCH_TM,DISTRICT,DRIVER_COUNT_16YR,DRIVER_COUNT_17YR,DRIVER_COUNT_18YR,DRIVER_COUNT_19YR,DRIVER_COUNT_20YR,DRIVER_COUNT_50_64YR,DRIVER_COUNT_65_74YR,DRIVER_COUNT_75PLUS,EST_HRS_CLOSED,FATAL_COUNT,HEAVY_TRUCK_COUNT,HORSE_BUGGY_COUNT,HOUR_OF_DAY,ILLUMINATION,INJURY_COUNT,INTERSECT_TYPE,INTERSECTION_RELATED,LANE_CLOSED,LATITUDE,LN_CLOSE_DIR,LOCATION_TYPE,LONGITUDE,MAX_SEVERITY_LEVEL,MCYCLE_DEATH_COUNT,MCYCLE_SUSP_SERIOUS_INJ_COUNT,MOTORCYCLE_COUNT,MUNICIPALITY,NONMOTR_COUNT,NONMOTR_DEATH_COUNT,NONMOTR_SUSP_SERIOUS_INJ_COUNT,NTFY_HIWY_MAINT,PED_COUNT,PED_DEATH_COUNT,PED_SUSP_SERIOUS_INJ_COUNT,PERSON_COUNT,POLICE_AGCY,POSSIBLE_INJ_COUNT,RDWY_SURF_TYPE_CD,RELATION_TO_ROAD,ROAD_CONDITION,ROADWAY_CLEARED,SCH_BUS_IND,SCH_ZONE_IND,SECONDARY_CRASH,SMALL_TRUCK_COUNT,SPEC_JURIS_CD,SUSP_MINOR_INJ_COUNT,SUSP_SERIOUS_INJ_COUNT,SUV_COUNT,TCD_FUNC_CD,TCD_TYPE,TFC_DETOUR_IND,TIME_OF_DAY,TOT_INJ_COUNT,TOTAL_UNITS,UNB_DEATH_COUNT,UNB_SUSP_SERIOUS_INJ_COUNT,UNBELTED_OCC_COUNT,UNK_INJ_DEG_COUNT,UNK_INJ_PER_COUNT,URBAN_AREA,URBAN_RURAL,VAN_COUNT,VEHICLE_COUNT,WEATHER1,WEATHER2,WORK_ZONE_IND,WORK_ZONE_LOC,WORK_ZONE_TYPE,WORKERS_PRES,WZ_CLOSE_DETOUR,WZ_FLAGGER,WZ_LAW_OFFCR_IND,WZ_LN_CLOSURE,WZ_MOVING,WZ_OTHER,WZ_SHLDER_MDN,WZ_WORKERS_INJ_KILLED
2008044020,1233,2,0,0,0,0,0,0,0,0,6,0,,67,1,2008,2,40.0074,-75.0863,1230.0,6,0,0,0,0,0,0,0,0,,0,0,0,12,1,1,0,,0,40 00:26.000,,0,75 05:12.069,8,0,0,0,67301,0,0,0,N,0,0,0,3,67301,0,,1,1,,N,N,,0,,0,0,0,0.0,0,,1229,1,2,0,0,0,1,0,3,4,0,2,3,,N,,,,,,,,,,,
2008041275,1449,1,0,0,0,0,0,0,0,0,8,0,,67,2,2008,7,39.9997,-75.099,1447.0,6,0,0,0,0,0,0,0,0,,0,0,0,14,1,1,1,,0,39 59:58.827,,0,75 05:56.359,4,0,0,0,67301,1,0,0,,1,0,0,2,67301,1,,1,1,,,,,0,,0,0,0,3.0,2,,1437,1,2,0,0,0,0,0,3,4,0,1,3,,N,,,,,,,,,,,
2008044145,1806,0,0,0,0,0,0,0,0,0,8,0,,67,1,2008,2,40.0454,-75.1387,1805.0,6,0,0,0,0,0,0,0,0,,0,0,0,17,3,1,2,,0,40 02:43.285,,0,75 08:19.150,4,0,0,0,67301,1,0,0,N,1,0,0,2,67301,1,,1,1,,N,N,,1,,0,0,0,0.0,0,,1745,1,2,0,0,0,0,0,3,4,0,1,3,,N,,,,,,,,,,,
2008069259,1326,2,0,0,0,0,0,0,0,0,4,0,,67,4,2008,1,40.0261,-75.1475,1325.0,6,0,0,0,0,0,1,0,0,,0,0,0,13,1,2,1,,0,40 01:33.790,,0,75 08:50.885,8,0,0,0,67301,0,0,0,N,0,0,0,2,67301,0,,1,1,,N,N,,0,,0,0,0,3.0,2,,1300,2,2,0,0,0,2,0,3,4,0,2,3,,N,,,,,,,,,,,
2008069377,445,1,0,0,0,0,0,0,0,0,7,0,,67,4,2008,6,40.0645,-75.189,445.0,6,0,0,0,0,0,0,0,0,,0,0,0,4,3,0,2,,0,40 03:52.110,,0,75 11:20.302,9,0,0,0,67301,0,0,0,N,0,0,0,1,67301,0,,5,1,,N,N,,0,,0,0,0,3.0,3,,445,0,1,0,0,0,0,1,3,4,0,1,3,,N,,,,,,,,,,,
2008108945,2006,1,0,0,0,0,0,0,0,0,2,0,,67,8,2008,7,40.0484,-74.9903,2001.0,6,0,0,0,0,0,1,0,1,,0,0,0,19,1,2,2,,0,40 02:53.880,,0,74 59:25.440,8,0,0,1,67301,0,0,0,N,0,0,0,4,67301,0,,1,1,,N,N,,0,,0,0,0,3.0,2,,1952,2,2,0,0,0,2,0,3,4,0,2,3,,N,,,,,,,,,,,
2008108955,750,2,0,0,0,0,0,0,0,0,1,0,,67,9,2008,5,40.0145,-75.1783,745.0,6,0,0,0,0,0,0,0,0,,0,0,0,7,1,0,0,,0,40 00:52.310,,0,75 10:41.900,0,0,0,0,67301,0,0,0,,0,0,0,2,67301,0,,1,1,,,,,0,,0,0,0,0.0,0,,740,0,2,0,0,0,0,0,3,4,0,2,3,,N,,,,,,,,,,,
2008121045,1226,2,0,0,0,0,0,0,0,0,4,0,,67,9,2008,7,40.0444,-75.1797,1224.0,6,0,0,0,0,0,0,1,0,,0,0,0,99,1,2,0,,0,40 02:39.780,,0,75 10:46.898,4,0,0,0,67301,0,0,0,N,0,0,0,2,67301,2,,1,9,,N,N,,0,,0,0,0,0.0,0,,9999,2,2,0,0,0,0,0,3,4,0,2,7,,N,,,,,,,,,,,
2008121066,1606,4,0,0,0,0,0,0,0,0,3,0,,67,9,2008,2,39.958,-75.2437,1604.0,6,0,0,0,0,1,0,0,0,,0,0,0,16,1,2,1,,0,39 57:28.886,,0,75 14:37.150,2,0,0,0,67301,0,0,0,N,0,0,0,2,67301,0,,2,1,,N,N,,0,,0,1,0,3.0,3,,1600,2,4,0,0,0,1,0,3,4,0,4,3,,N,,,,,,,,,,,
2008108658,1623,2,0,0,0,0,0,0,0,0,6,0,,67,8,2008,3,40.009,-75.1365,1620.0,6,0,0,0,0,0,1,0,0,,0,0,0,16,1,1,1,,0,40 00:32.335,,0,75 08:11.486,8,0,0,0,67301,0,0,0,N,0,0,0,3,67301,0,,1,1,,N,N,,0,,0,0,0,9.0,3,,1619,1,2,0,0,0,1,0,3,4,0,2,3,,N,,,,,,,,,,,
2008118617,1353,2,0,0,0,0,0,0,0,0,2,0,,67,7,2008,3,40.0238,-75.1956,1348.0,6,0,0,0,0,0,0,0,0,3.0,0,0,0,13,1,2,0,,2,40 01:25.696,5.0,0,75 11:44.080,2,0,0,0,67301,0,0,0,N,0,0,0,2,67301,1,,1,1,,N,N,,0,,0,1,0,0.0,0,Y,1345,2,2,0,0,0,0,0,3,4,0,2,3,,N,,,,,,,,,,,
2008121121,940,0,0,0,0,0,0,0,0,0,1,0,,67,9,2008,1,39.9754,-75.19,940.0,6,0,0,0,1,0,0,0,0,,0,0,0,9,1,3,3,,0,39 58:31.433,,0,75 11:23.825,8,0,0,0,67301,0,0,0,N,0,0,0,4,67301,0,,1,1,,N,,,0,,0,0,1,3.0,2,,930,3,2,0,0,2,3,0,3,4,1,2,3,,N,,,,,,,,,,,
2008118882,1105,2,0,0,0,0,0,0,0,0,4,0,,67,9,2008,4,40.0604,-74.9904,1100.0,6,0,0,0,0,0,0,0,0,,0,0,0,10,1,2,1,,0,40 03:37.435,,0,74 59:25.566,4,0,0,0,67301,0,0,0,N,0,0,0,3,67301,2,,1,1,,N,N,,0,,0,0,0,3.0,2,,1050,2,2,0,0,0,0,1,3,4,0,2,3,,N,,,,,,,,,,,
2008099243,1028,3,0,0,0,0,0,0,0,0,4,0,,67,7,2008,4,40.0809,-75.0288,1021.0,6,0,0,0,0,0,2,0,0,,0,0,0,10,1,2,1,,0,40 04:51.446,,0,75 01:43.230,8,0,0,0,67301,0,0,0,,0,0,0,5,67301,0,,1,1,,N,N,,0,,0,0,1,3.0,2,,1019,2,4,0,0,0,2,0,3,4,0,4,3,,N,,,,,,,,,,,
2008099247,835,1,0,0,0,0,0,0,0,0,4,0,,67,6,2008,2,40.0271,-75.0411,830.0,6,0,0,1,0,0,0,0,0,,0,0,0,8,1,1,1,,0,40 01:37.277,,0,75 02:28.162,3,0,0,1,67301,0,0,0,,0,0,0,2,67301,0,,2,1,,,,,0,,1,0,0,3.0,2,,830,1,2,0,0,0,0,0,3,4,0,2,3,,N,,,,,,,,,,,
2008099259,1610,3,0,0,0,0,0,0,0,0,1,0,,67,7,2008,7,40.0266,-75.0977,1603.0,6,0,0,0,0,0,0,0,0,,0,0,0,16,1,4,0,,0,40 01:37.109,,0,75 05:53.782,4,0,0,0,67301,0,0,0,,0,0,0,5,67301,4,,1,2,,,,,0,,0,0,0,0.0,0,,1603,4,3,0,0,0,0,0,3,4,0,3,3,,N,,,,,,,,,,,
2008099287,1600,1,0,0,0,0,0,0,0,0,4,0,,67,7,2008,7,40.0173,-75.078,1550.0,6,0,0,0,0,0,0,0,0,,0,0,0,15,1,1,1,,0,40 01:02.251,,0,75 04:40.763,8,0,0,0,67301,0,0,0,N,0,0,0,3,67301,0,,1,1,,N,N,,0,,0,0,1,3.0,3,,1505,1,2,0,0,1,1,1,3,4,0,2,3,,N,,,,,,,,,,,
2008082647,2301,1,0,0,0,0,0,0,0,0,4,0,,67,5,2008,6,39.9861,-75.1422,2259.0,6,0,0,0,0,0,0,0,0,,0,0,0,22,3,3,1,,0,39 59:09.958,,0,75 08:31.794,4,0,0,0,67301,0,0,0,,0,0,0,3,67301,3,,1,9,,,,,0,,0,0,0,3.0,3,,2259,3,2,0,0,0,0,0,3,4,1,2,7,,N,,,,,,,,,,,
2008082572,1607,1,0,0,0,0,0,0,0,0,8,0,,67,5,2008,1,39.9545,-75.2342,1606.0,6,0,0,0,0,0,0,0,0,,0,0,0,16,1,1,1,,0,39 57:16.318,,0,75 14:03.227,4,0,0,0,67301,1,0,0,N,1,0,0,2,67301,1,,1,1,,N,N,,0,,0,0,0,3.0,2,,1604,1,2,0,0,0,0,0,3,4,0,1,3,,N,,,,,,,,,,,
2008072106,1008,2,0,0,0,0,0,0,0,0,4,1,,67,4,2008,2,39.9182,-75.2087,955.0,6,0,0,0,0,0,0,0,0,,0,1,0,9,1,1,1,,0,39 55:05.640,,0,75 12:31.416,3,0,0,0,67301,0,0,0,,0,0,0,4,67301,0,,1,9,,N,N,,0,,1,0,0,3.0,2,,934,1,3,0,0,0,0,0,3,4,0,3,7,,N,,,,,,,,,,,
2008069645,1449,1,0,0,1,0,0,0,0,0,4,0,,67,4,2008,5,39.935,-75.1842,1441.0,6,0,0,0,0,0,0,0,0,,0,0,0,14,1,1,2,,0,39 56:06.122,,0,75 11:03.029,4,0,0,0,67301,1,0,0,N,0,0,0,2,67301,1,,2,1,,N,N,,0,,0,0,0,3.0,3,,1440,1,2,0,0,0,0,0,3,4,0,1,3,,N,,,,,,,,,,,
2008069661,1020,3,0,0,0,0,0,0,0,0,1,0,,67,4,2008,2,40.0267,-75.1173,1020.0,6,0,0,0,0,0,2,0,0,1.0,0,0,0,10,1,2,1,,1,40 01:36.154,4.0,0,75 07:02.269,8,0,0,0,67301,0,0,0,N,0,0,0,4,67301,0,,1,1,,N,N,,0,,0,0,0,3.0,2,N,1015,2,3,0,0,0,2,1,3,4,0,3,3,,N,,,,,,,,,,,
2008120058,1845,1,0,0,0,0,0,0,0,0,1,0,,67,9,2008,2,40.0056,-75.1032,1838.0,6,0,0,0,0,0,0,0,0,,0,0,0,99,1,0,0,,0,40 00:20.136,,0,75 06:11.671,9,0,0,0,67301,0,0,0,N,0,0,0,4,67301,0,,1,1,,N,N,,0,,0,0,0,0.0,0,,9999,0,2,0,0,0,0,2,3,4,1,2,3,,N,,,,,,,,,,,
2008122551,2140,2,0,0,0,0,0,0,0,0,5,0,,67,9,2008,7,40.0211,-75.1401,2131.0,6,0,0,0,0,1,0,0,0,9.0,0,0,0,21,2,2,0,,1,40 01:15.678,1.0,0,75 08:24.294,4,0,0,0,67301,0,0,0,N,0,0,0,5,67301,2,,1,1,,N,N,,1,,0,0,0,0.0,0,N,2131,2,3,0,0,0,0,0,3,4,0,3,3,,N,,,,,,,,,,,
2008120199,18,1,0,0,1,0,0,0,0,0,4,0,,67,10,2008,6,39.9493,-75.1642,18.0,6,0,0,0,0,0,0,0,0,,0,0,0,0,3,1,1,,0,39 56:57.600,,0,75 09:51.030,4,0,0,0,67301,1,0,0,N,0,0,0,3,67301,1,,1,1,,N,N,,0,,0,0,0,3.0,2,,5,1,2,0,0,0,0,0,3,4,0,1,3,,N,,,,,,,,,,,
2008120200,2035,1,0,0,1,0,0,0,0,0,4,0,,67,10,2008,2,39.9619,-75.1593,2030.0,6,0,0,0,0,0,0,0,0,,0,0,0,20,1,1,1,,0,39 57:42.977,,0,75 09:33.329,4,0,0,0,67301,1,0,0,N,0,0,0,2,67301,1,,1,1,,N,N,,0,,0,0,0,3.0,2,,2030,1,2,0,0,0,0,0,3,4,0,1,3,,N,,,,,,,,,,,
2008127386,505,1,0,0,0,0,0,0,0,0,7,0,,67,11,2008,1,39.8998,-75.1625,459.0,6,0,0,0,0,0,1,0,0,,0,0,0,4,5,1,0,,0,39 54:00.368,,0,75 09:35.534,3,0,0,0,67301,0,0,0,N,0,0,0,1,68K01,0,,2,1,,N,N,,0,,1,0,0,0.0,0,,453,1,1,0,0,0,0,0,3,4,0,1,3,,N,,,,,,,,,,,
2008127392,1616,1,0,0,0,0,0,0,0,0,1,0,,67,11,2008,2,40.0064,-75.1939,1554.0,6,0,0,0,0,0,1,0,0,2.0,0,0,0,15,1,1,0,,1,40 00:24.199,2.0,0,75 11:36.418,4,0,0,0,67301,0,0,0,N,0,0,0,2,68K01,1,,1,1,,N,N,,0,,0,0,1,0.0,0,N,1550,1,2,0,0,0,0,0,3,4,0,2,3,,N,,,,,,,,,,,
2008127405,1514,2,0,0,0,0,0,0,0,0,1,0,,67,11,2008,6,39.9568,-75.1541,1503.0,6,0,0,0,0,1,0,0,0,1.0,0,0,0,14,1,0,0,,1,39 57:24.444,3.0,0,75 09:14.600,0,0,0,0,67301,0,0,0,N,0,0,0,4,68K01,0,,1,9,,N,N,,0,,0,0,0,0.0,0,N,1459,0,2,0,0,0,0,0,3,4,0,2,3,,N,,,,,,,,,,,
2008119750,1235,1,0,0,0,0,0,0,0,0,7,0,,67,7,2008,5,40.0559,-75.1592,1233.0,6,0,0,0,0,0,0,0,0,,0,0,0,0,3,0,0,,0,40 03:21.347,,7,75 09:32.969,0,0,0,0,67301,0,0,0,,0,0,0,1,67301,0,,2,1,,,,,0,,0,0,0,0.0,0,,33,0,1,0,0,0,0,0,3,4,0,1,3,,N,,,,,,,,,,,
2008119763,1605,0,0,0,1,0,0,0,0,0,8,0,,67,9,2008,1,40.0191,-75.0496,1605.0,6,0,0,0,0,0,0,0,0,,0,0,0,15,1,1,0,,0,40 01:08.595,,0,75 02:58.630,4,0,0,0,67301,1,0,0,,0,0,0,4,67301,1,,1,1,,,,,0,,0,0,1,0.0,0,,1520,1,2,0,0,0,0,0,3,4,0,1,3,,N,,,,,,,,,,,
2008135170,1103,1,0,0,0,0,0,0,0,0,7,0,,67,12,2008,5,39.9263,-75.1944,1052.0,6,0,0,0,0,0,0,0,0,,0,0,0,10,1,0,0,,0,39 55:38.760,,0,75 11:43.470,0,0,0,0,67301,0,0,0,N,0,0,0,1,68K01,0,,2,9,,N,N,,0,,0,0,0,0.0,0,,1046,0,1,0,0,0,0,0,3,4,0,1,7,,N,,,,,,,,,,,
2008132794,126,1,0,0,0,0,0,0,0,0,7,0,,67,11,2008,6,39.96,-75.18,118.0,6,0,0,0,0,0,0,0,0,2.0,0,0,0,1,3,0,0,,1,39 57:31.640,4.0,2,75 10:49.000,0,0,0,0,67301,0,0,0,Y,0,0,0,1,68K01,0,,7,9,,N,N,,0,,0,0,0,0.0,0,N,115,0,1,0,0,0,0,0,3,4,0,1,3,,N,,,,,,,,,,,
2008132797,1731,3,0,0,0,0,0,0,0,0,1,0,,67,11,2008,2,39.9833,-75.0979,1718.0,6,0,0,0,0,0,0,0,0,,0,0,0,17,3,0,0,,0,39 59:00.289,,0,75 05:51.919,0,0,0,0,67301,0,0,0,N,0,0,0,2,68K01,0,,1,1,,N,N,,0,,0,0,0,0.0,0,,1718,0,3,0,0,0,0,0,3,4,0,3,3,,N,,,,,,,,,,,
2008133161,1729,1,0,0,1,0,1,0,0,0,4,0,,67,10,2008,2,39.9588,-75.1876,1725.0,6,0,0,0,0,0,0,0,0,,0,0,0,17,1,1,2,,0,39 57:31.856,,0,75 11:15.244,2,0,0,0,67301,1,0,1,N,0,0,0,2,67301,0,,1,1,,N,N,,0,,0,1,0,0.0,0,,1719,1,2,0,0,0,0,0,3,4,0,1,3,,N,,,,,,,,,,,
2008122802,725,2,0,0,0,0,0,0,0,0,1,0,,67,9,2008,6,40.0322,-75.0843,719.0,6,0,0,0,0,0,0,2,0,1.0,0,0,0,7,1,1,5,,1,40 01:56.190,2.0,0,75 05:04.692,3,0,0,0,67301,1,0,0,N,1,0,0,3,67301,0,,1,1,,N,N,,0,,1,0,0,3.0,2,N,715,1,3,0,0,0,0,0,3,4,0,2,3,,N,,,,,,,,,,,
2008135264,8,1,0,0,0,0,0,0,0,0,8,0,,67,10,2008,1,40.0346,-75.074,3.0,6,0,0,0,0,0,0,0,0,,0,0,0,0,3,1,0,,0,40 02:04.323,,0,75 04:26.543,2,0,0,0,67301,1,0,0,,1,0,0,2,67301,0,,1,1,,,,,0,,0,1,0,0.0,0,,1,1,2,0,0,0,0,0,3,4,0,1,3,,N,,,,,,,,,,,
2008132937,0,2,0,0,0,0,0,0,0,0,5,0,,67,10,2008,7,39.9672,-75.2057,2347.0,6,0,0,0,0,0,1,0,0,,0,0,0,23,3,0,0,,0,39 58:01.945,,0,75 12:20.422,0,0,0,0,67301,0,0,0,N,0,0,0,3,67301,0,,1,9,,N,N,,0,,0,0,0,3.0,3,,2347,0,2,0,0,1,0,0,3,4,0,2,7,,N,,,,,,,,,,,
2008063703,1801,2,0,0,0,0,0,0,0,0,1,0,,67,5,2008,5,39.892,-75.2362,1741.0,6,0,0,0,0,0,0,0,0,,0,0,0,17,1,2,0,,0,39 53:30.479,,0,75 14:11.971,4,0,0,0,67301,0,0,0,N,0,0,0,3,68K01,2,,1,1,,N,N,,0,,0,0,0,0.0,0,,1736,2,2,0,0,0,0,0,3,4,0,2,3,,N,,,,,,,,,,,
2008058966,1927,2,0,0,0,0,0,0,0,0,1,0,,67,3,2008,2,40.035,-75.1884,1917.0,6,0,0,0,0,0,1,0,0,,0,0,0,7,3,4,2,,0,40 02:05.924,,0,75 11:18.304,4,0,0,0,67301,0,0,0,N,0,0,0,5,67301,4,,1,9,,N,N,,0,,0,0,0,0.0,0,,704,4,2,0,0,0,0,0,3,4,0,2,7,,N,,,,,,,,,,,
2008058994,724,0,0,0,0,0,0,0,0,0,2,0,,67,3,2008,5,40.0509,-75.086,658.0,6,0,0,0,0,0,0,0,0,,0,0,0,6,1,0,5,,0,40 03:03.005,,0,75 05:09.689,0,0,0,0,67301,0,0,0,N,0,0,0,2,67301,0,,1,9,,N,N,,0,,0,0,2,9.0,3,,658,0,2,0,0,1,0,0,3,4,0,2,3,,N,,,,,,,,,,,
2008059010,1013,1,0,0,0,0,0,0,0,0,1,0,,67,4,2008,6,40.0138,-75.056,1008.0,6,0,0,0,0,0,0,0,0,,0,0,0,10,1,1,1,,0,40 00:49.902,,0,75 03:21.350,4,0,0,0,67301,0,0,0,,0,0,0,2,67301,1,,1,9,,N,N,,1,,0,0,0,3.0,2,,1004,1,2,0,0,1,0,0,3,4,0,2,7,,N,,,,,,,,,,,
2008059286,2000,1,0,0,0,0,0,0,0,0,8,0,,67,3,2008,1,39.9838,-75.1022,1954.0,6,0,0,0,0,0,0,0,0,,0,0,0,18,4,1,0,,0,39 59:01.709,,0,75 06:08.106,4,0,0,0,67301,1,0,0,,1,0,0,2,67301,1,,1,1,,,,,0,,0,0,0,0.0,0,,1850,1,2,0,0,0,0,1,3,4,0,1,3,,N,,,,,,,,,,,
2008054070,1122,0,0,0,1,0,0,0,0,0,4,1,,67,2,2008,1,39.9368,-75.1599,1117.0,6,0,0,0,0,0,0,0,0,,0,1,0,99,1,1,1,,0,39 56:12.386,,0,75 09:35.812,4,0,0,0,67301,1,0,0,N,0,0,0,2,67301,1,,1,1,,N,N,,0,,0,0,0,3.0,2,,9999,1,2,0,0,1,0,0,3,4,0,1,3,,N,,,,,,,,,,,
2008051409,1400,1,0,0,0,0,0,0,0,0,2,0,,67,2,2008,7,40.0218,-75.0379,1355.0,6,0,1,0,0,0,1,0,0,,0,0,0,13,1,2,1,,0,40 01:18.761,,0,75 02:16.386,8,0,0,0,67301,0,0,0,,0,0,0,3,67301,0,,1,9,,,,,0,,0,0,1,3.0,2,,1350,2,2,0,0,0,2,0,3,4,0,2,3,,N,,,,,,,,,,,
2008054232,2228,0,0,0,0,0,0,0,0,0,4,0,,67,3,2008,3,39.9571,-75.1511,2225.0,6,0,0,0,0,0,1,0,0,1.0,0,0,0,99,3,1,1,,1,39 57:25.688,4.0,2,75 09:03.847,4,0,0,0,67301,0,0,0,,0,0,0,3,67301,1,,1,9,,,,,1,,0,0,1,3.0,2,N,9999,1,2,0,0,0,0,0,3,4,0,2,7,,N,,,,,,,,,,,
2008056737,2224,2,0,0,0,0,0,0,0,0,1,0,,67,4,2008,7,39.9591,-75.1719,2219.0,6,0,0,0,0,0,0,0,0,,0,0,0,22,3,0,0,,0,39 57:33.101,,0,75 10:20.519,0,0,0,0,67301,0,0,0,N,0,0,0,7,68K01,0,,1,1,,N,N,,0,,0,0,0,0.0,0,,2215,0,2,0,0,1,0,0,3,4,0,2,3,,N,,,,,,,,,,,
2008051609,1936,2,0,0,0,0,0,0,0,0,4,0,,67,3,2008,7,40.0443,-75.113,1926.0,6,0,0,0,0,0,0,0,0,2.0,0,0,0,99,3,0,2,,1,40 02:46.874,2.0,0,75 06:45.258,0,0,0,0,67301,0,0,0,N,0,0,0,2,67301,0,,1,9,,N,N,,0,,0,0,0,0.0,0,N,9999,0,2,0,0,0,0,0,3,4,0,2,7,,N,,,,,,,,,,,
2008051613,1938,1,0,0,0,0,0,0,0,0,8,0,,67,2,2008,2,39.9745,-75.2377,1936.0,6,0,0,0,0,0,0,0,0,,0,0,0,19,3,1,0,,0,39 58:28.212,,0,75 14:15.567,4,0,0,0,67301,1,0,0,N,1,0,0,2,67301,1,,1,1,,N,N,,0,,0,0,0,0.0,0,,1930,1,2,0,0,0,0,0,3,4,0,1,3,,N,,,,,,,,,,,
2008047506,1231,1,0,0,0,0,0,0,0,0,1,0,,67,3,2008,6,39.9568,-75.1548,1228.0,6,0,0,0,0,0,0,0,0,,0,0,0,12,1,1,0,,0,39 57:24.589,,0,75 09:17.098,4,0,0,1,67301,0,0,0,N,0,0,0,2,68K01,1,,1,1,,N,N,,0,,0,0,0,0.0,0,,1228,1,2,0,0,0,0,0,3,4,0,2,3,,N,,,,,,,,,,,
2008045512,1321,2,0,0,0,0,0,0,0,0,1,0,,67,2,2008,6,40.0889,-75.0207,1319.0,6,0,0,0,0,1,1,0,0,,0,0,0,13,1,3,1,,0,40 05:19.000,,0,75 01:14.686,4,0,0,0,67301,0,0,0,N,0,0,0,3,67301,3,,1,9,,N,N,,0,,0,0,0,3.0,2,,1317,3,2,0,0,0,0,0,3,4,0,2,7,,N,,,,,,,,,,,
2008047662,1435,0,0,0,0,0,0,1,0,0,1,1,,67,1,2008,7,39.9769,-75.2318,1430.0,6,0,0,0,0,0,2,0,0,,0,0,0,14,1,1,1,,0,39 58:36.757,,0,75 13:54.447,8,0,0,0,67301,0,0,0,N,0,0,0,2,67301,0,,1,1,,N,N,,1,,0,0,0,3.0,2,,1400,1,2,0,0,0,1,0,3,4,0,2,3,,N,,,,,,,,,,,
2008040536,1150,2,0,0,0,0,0,0,0,0,4,0,,67,2,2008,6,40.0263,-75.1529,1143.0,6,0,0,0,1,0,0,0,0,,0,0,0,11,1,1,2,,0,40 01:34.615,,0,75 09:10.522,4,0,0,0,67301,0,0,0,N,0,0,0,2,67301,1,,1,9,,N,N,,1,,0,0,0,3.0,3,,1143,1,3,0,0,0,0,0,3,4,0,3,7,,N,,,,,,,,,,,
2008043088,322,0,0,0,0,0,0,0,0,0,7,0,,67,3,2008,7,39.9157,-75.1478,322.0,6,0,0,0,0,0,0,0,0,,0,0,0,3,3,1,0,,0,39 54:53.030,,0,75 08:53.117,8,0,0,0,67301,0,0,0,N,0,0,0,2,68K01,0,,4,9,,N,N,,0,,0,0,0,0.0,0,,314,1,1,0,0,0,1,0,3,4,1,1,7,,N,,,,,,,,,,,
2008050558,945,1,0,0,0,0,0,0,0,0,8,0,,67,3,2008,4,40.0032,-75.1526,945.0,6,0,0,0,0,0,0,0,0,,0,0,0,9,1,1,5,,0,40 00:11.468,,0,75 09:09.274,3,0,0,0,67301,1,0,0,,1,0,0,3,67301,0,,1,9,,N,N,,0,,1,0,0,3.0,2,,945,1,2,0,0,1,0,0,3,4,0,1,7,,N,,,,,,,,,,,
2008050560,341,0,0,0,0,0,0,0,0,0,7,0,,67,2,2008,1,40.0261,-75.1812,324.0,6,0,0,0,0,0,0,0,0,,0,0,0,3,3,1,0,,0,40 01:33.804,,0,75 10:52.349,8,0,0,0,67301,0,0,0,N,0,0,0,1,67301,0,,5,1,,N,N,,0,,0,0,1,0.0,0,,320,1,2,0,0,0,1,0,3,4,1,2,3,,N,,,,,,,,,,,
2008050891,1042,0,0,0,0,0,0,0,0,0,8,0,,67,2,2008,5,39.9544,-75.1631,1042.0,6,0,0,0,0,0,0,0,0,,0,0,0,10,1,1,1,,0,39 57:15.870,,0,75 09:47.496,8,0,0,0,67301,1,0,0,N,1,0,0,2,67301,0,,1,1,,N,N,,1,,0,0,0,9.0,2,,1042,1,2,0,0,0,1,0,3,4,0,1,3,,N,,,,,,,,,,,
2008048609,9999,1,0,0,0,0,0,0,0,0,4,0,,67,1,2008,4,40.0554,-75.0444,9999.0,6,0,0,0,0,0,0,0,0,1.0,0,0,0,11,1,1,0,,2,40 03:19.398,6.0,0,75 02:39.755,4,0,0,0,67301,0,0,0,Y,0,0,0,2,67301,1,,1,1,,N,N,,0,,0,0,1,0.0,0,Y,1130,1,2,0,0,0,0,0,3,4,0,2,3,,N,,,,,,,,,,,
2008044024,1340,1,0,0,0,0,0,0,0,0,1,0,,67,1,2008,5,40.0379,-75.0682,1330.0,6,0,0,0,0,0,0,1,0,,0,0,0,13,1,1,0,,0,40 02:16.000,,0,75 04:05.590,4,0,0,0,67301,0,0,0,N,0,0,0,1,67301,1,,2,1,,N,N,,0,,0,0,0,0.0,0,,1320,1,2,0,0,0,0,0,3,4,1,2,3,,N,,,,,,,,,,,