CRN,ARRIVAL_TM,AUTOMOBILE_COUNT,BELTED_DEATH_COUNT,BELTED_SUSP_SERIOUS_INJ_COUNT,BICYCLE_COUNT,BICYCLE_DEATH_COUNT,BICYCLE_SUSP_SERIOUS_INJ_COUNT,BUS_COUNT,CHLDPAS_DEATH_COUNT,CHLDPAS_SUSP_SERIOUS_INJ_COUNT,COLLISION_TYPE,COMM_VEH_COUNT,CONS_ZONE_SPD_LIM,COUNTY,CRASH_MONTH,CRASH_YEAR,DAY_OF_WEEK,DEC_LAT,DEC_LONG,DISPATCH_TM,DISTRICT,DRIVER_COUNT_16YR,DRIVER_COUNT_17YR,DRIVER_COUNT_18YR,DRIVER_COUNT_19YR,DRIVER_COUNT_20YR,DRIVER_COUNT_50_64YR,DRIVER_COUNT_65_74YR,DRIVER_COUNT_75PLUS,EST_HRS_CLOSED,FATAL_COUNT,HEAVY_TRUCK_COUNT,HORSE_BUGGY_COUNT,HOUR_OF_DAY,ILLUMINATION,INJURY_COUNT,INTERSECT_TYPE,INTERSECTION_RELATED,LANE_CLOSED,LATITUDE,LN_CLOSE_DIR,LOCATION_TYPE,LONGITUDE,MAX_SEVERITY_LEVEL,MCYCLE_DEATH_COUNT,MCYCLE_SUSP_SERIOUS_INJ_COUNT,MOTORCYCLE_COUNT,MUNICIPALITY,NONMOTR_COUNT,NONMOTR_DEATH_COUNT,NONMOTR_SUSP_SERIOUS_INJ_COUNT,NTFY_HIWY_MAINT,PED_COUNT,PED_DEATH_COUNT,PED_SUSP_SERIOUS_INJ_COUNT,PERSON_COUNT,POLICE_AGCY,POSSIBLE_INJ_COUNT,RDWY_SURF_TYPE_CD,RELATION_TO_ROAD,ROAD_CONDITION,ROADWAY_CLEARED,SCH_BUS_IND,SCH_ZONE_IND,SECONDARY_CRASH,SMALL_TRUCK_COUNT,SPEC_JURIS_CD,SUSP_MINOR_INJ_COUNT,SUSP_SERIOUS_INJ_COUNT,SUV_COUNT,TCD_FUNC_CD,TCD_TYPE,TFC_DETOUR_IND,TIME_OF_DAY,TOT_INJ_COUNT,TOTAL_UNITS,UNB_DEATH_COUNT,UNB_SUSP_SERIOUS_INJ_COUNT,UNBELTED_OCC_COUNT,UNK_INJ_DEG_COUNT,UNK_INJ_PER_COUNT,URBAN_AREA,URBAN_RURAL,VAN_COUNT,VEHICLE_COUNT,WEATHER1,WEATHER2,WORK_ZONE_IND,WORK_ZONE_LOC,WORK_ZONE_TYPE,WORKERS_PRES,WZ_CLOSE_DETOUR,WZ_FLAGGER,WZ_LAW_OFFCR_IND,WZ_LN_CLOSURE,WZ_MOVING,WZ_OTHER,WZ_SHLDER_MDN,WZ_WORKERS_INJ_KILLED
2008041261,23,1,0,0,0,0,0,0,0,0,7,0,,67,2,2008,2,40.0205,-75.0802,23.0,6,0,0,0,0,0,0,0,0,,0,0,0,0,3,1,0,,0,40 01:13.725,,0,75 04:48.711,3,0,0,0,67301,0,0,0,N,0,0,0,1,67301,0,,3,1,,N,N,,0,,1,0,0,0.0,0,,23,1,1,0,0,0,0,0,3,4,0,1,3,,N,,,,,,,,,,,
2008119661,833,1,0,0,0,0,0,0,0,0,7,0,,67,9,2008,5,40.0266,-75.068,831.0,6,0,0,0,0,0,0,0,0,1.0,0,0,0,8,1,1,2,,1,40 01:35.682,2.0,0,75 04:04.802,4,0,0,0,67301,0,0,0,N,0,0,0,1,67301,1,,5,1,,N,N,,0,,0,0,0,3.0,2,N,830,1,1,0,0,0,0,0,3,4,0,1,3,,N,,,,,,,,,,,
2008119788,1020,1,0,0,0,0,0,0,0,0,8,0,,67,9,2008,1,39.9705,-75.1473,1000.0,6,0,0,0,0,0,0,0,0,,0,0,0,9,1,1,1,,0,39 58:13.718,,0,75 08:50.273,4,0,0,0,67301,1,0,0,N,1,0,0,2,67301,1,,1,9,,N,N,,0,,0,0,0,3.0,2,,950,1,2,0,0,0,0,0,3,4,0,1,7,,N,,,,,,,,,,,
2008135167,1212,2,0,0,0,0,0,0,0,0,1,0,,67,11,2008,1,40.011,-75.2061,1204.0,6,0,0,0,0,0,1,0,0,1.0,0,0,0,12,1,1,0,,1,40 00:36.520,4.0,2,75 12:21.770,8,0,0,0,67301,0,0,0,N,0,0,0,4,68K01,0,,1,1,,N,N,,0,,0,0,0,3.0,3,N,1202,1,2,0,0,2,1,1,3,4,0,2,3,,N,,,,,,,,,,,
2008122798,12,1,0,0,0,0,0,0,0,0,5,0,,67,9,2008,7,39.9536,-75.165,10.0,6,0,0,0,0,0,0,0,0,,0,0,0,0,3,1,1,,0,39 57:12.949,,0,75 09:54.175,4,0,0,0,67301,0,0,0,N,0,0,0,5,67301,1,,1,9,,N,N,,1,,0,0,0,3.0,2,,7,1,2,0,0,0,0,0,3,4,0,2,7,,N,,,,,,,,,,,
2008122801,142,2,0,0,0,0,0,0,0,0,1,0,,67,10,2008,7,40.1066,-74.9991,130.0,6,0,0,0,0,0,0,0,0,2.0,0,0,0,1,3,0,0,,1,40 06:23.729,2.0,0,74 59:56.559,0,0,0,0,67301,0,0,0,,0,0,0,2,67301,0,,1,1,,,,,0,,0,0,0,3.0,2,N,129,0,2,0,0,0,0,0,3,4,0,2,3,,N,,,,,,,,,,,
2008132941,1414,1,0,0,0,0,0,0,0,0,8,0,,67,9,2008,7,40.0794,-75.0409,1412.0,6,0,0,0,0,0,0,0,1,9.0,1,0,0,14,1,0,0,,2,40 04:45.710,5.0,0,75 02:27.272,1,0,0,0,67301,1,1,0,,1,1,0,2,67301,0,8.0,1,1,,,,,0,0.0,0,0,0,0.0,0,Y,1412,0,2,0,0,0,0,0,3,4,0,1,3,,N,,,,,,,,,,,
2008026692,2359,3,0,0,0,0,0,0,0,0,1,0,,67,1,2008,7,40.0072,-75.2138,2328.0,6,0,0,0,1,0,0,1,0,1.0,0,0,0,23,3,0,0,,1,40 00:25.000,2.0,0,75 12:49.885,0,0,0,0,67301,0,0,0,N,0,0,0,5,67301,0,,1,1,,N,N,,0,,0,0,0,0.0,0,Y,2328,0,3,0,0,0,0,0,3,4,0,3,3,,N,,,,,,,,,,,
2008061168,1305,2,0,0,0,0,0,0,0,0,4,0,,67,3,2008,6,40.0745,-75.035,1257.0,6,0,0,0,0,0,0,0,1,1.0,0,0,0,12,1,1,1,,2,40 04:28.072,6.0,0,75 02:05.822,4,0,0,0,67301,0,0,0,N,0,0,0,2,67301,1,,1,1,,N,N,,0,,0,0,0,3.0,2,N,1250,1,2,0,0,0,0,0,3,4,0,2,3,,N,,,,,,,,,,,
2008059291,1158,1,0,0,0,0,0,0,0,0,6,0,,67,4,2008,3,40.0083,-75.1944,1156.0,6,0,0,0,0,0,1,1,0,2.0,0,0,0,11,1,1,0,,2,40 00:27.699,1.0,0,75 11:34.485,8,0,0,0,67301,0,0,0,,0,0,0,2,67301,0,,1,1,,,,,0,,0,0,1,0.0,0,N,1150,1,2,0,0,0,1,0,3,4,0,2,3,,N,,,,,,,,,,,
2008053741,1049,1,0,0,0,0,0,0,0,0,7,0,,67,3,2008,5,39.9747,-75.1995,1046.0,6,0,0,0,0,0,0,0,1,,0,0,0,10,1,0,1,,0,39 58:28.945,,0,75 11:58.032,0,0,0,0,67301,0,0,0,N,0,0,0,1,67301,0,,3,1,,N,N,,0,,0,0,0,3.0,2,,1045,0,1,0,0,0,0,0,3,4,0,1,3,,N,,,,,,,,,,,
2008053761,340,4,0,0,0,0,0,0,0,0,5,0,,67,1,2008,1,40.0682,-75.0297,335.0,6,0,0,0,0,0,0,0,0,,0,0,0,3,3,0,2,,0,40 04:05.323,,0,75 01:46.759,0,0,0,0,67301,0,0,0,,0,0,0,1,67301,0,,2,9,,N,N,,0,,0,0,0,3.0,2,,330,0,4,0,0,0,0,0,3,4,0,4,7,,N,,,,,,,,,,,
2008053764,2345,1,0,0,0,0,0,0,0,0,4,0,,67,2,2008,7,40.0811,-75.0289,2340.0,6,0,0,0,0,1,0,0,0,,0,0,0,23,3,1,1,,0,40 04:51.807,,0,75 01:43.882,4,0,0,0,67301,0,0,0,,0,0,0,4,67301,1,,1,1,,N,N,,0,,0,0,1,3.0,2,,2330,1,2,0,0,0,0,0,3,4,0,2,3,,N,,,,,,,,,,,
2008051425,737,1,0,0,0,0,0,1,0,0,4,1,,67,2,2008,5,39.9631,-75.1792,732.0,6,0,0,0,0,0,0,0,0,,0,0,0,7,1,0,5,,0,39 57:47.032,,0,75 10:44.498,9,0,0,0,67301,0,0,0,N,0,0,0,47,67301,0,,1,1,,Y,N,,0,,0,0,0,3.0,2,,730,0,2,0,0,0,0,1,3,4,0,2,3,,N,,,,,,,,,,,
2008056731,1725,2,0,0,0,0,0,0,0,0,1,0,,67,4,2008,5,39.9,-75.1594,1700.0,6,0,0,0,0,0,0,0,0,1.0,0,0,0,16,1,0,0,,1,39 54:02.880,1.0,0,75 09:12.960,0,0,0,0,67301,0,0,0,N,0,0,0,3,68K01,0,,1,1,,N,N,,0,,0,0,1,0.0,0,Y,1657,0,3,0,0,0,0,0,3,4,0,3,3,,N,,,,,,,,,,,
2008051780,2030,2,0,0,0,0,0,0,0,0,1,0,,67,3,2008,1,40.0168,-75.1744,2026.0,6,0,0,0,0,0,0,0,0,1.0,0,0,0,20,3,3,3,,2,40 01:00.550,3.0,2,75 10:27.642,3,0,0,0,67301,0,0,0,N,0,0,0,3,67301,2,,7,1,,N,N,,0,,1,0,0,3.0,4,Y,2024,3,2,0,0,0,0,0,3,4,0,2,3,,N,,,,,,,,,,,
2008046787,1109,1,0,0,0,0,0,0,0,0,7,0,,67,4,2008,6,40.0277,-75.0247,1058.0,6,0,0,0,1,0,0,0,0,1.0,0,0,0,10,1,0,0,,1,40 01:37.126,2.0,0,75 01:33.576,0,0,0,0,67301,0,0,0,N,0,0,0,1,68K01,0,,2,9,,N,N,,0,,0,0,0,0.0,0,N,1056,0,1,0,0,0,0,0,3,4,0,1,7,,N,,,,,,,,,,,
2008112136,720,3,0,0,0,0,0,0,0,0,1,1,,67,10,2008,2,39.9594,-75.1738,704.0,6,0,0,0,0,0,0,0,0,1.0,0,1,0,6,1,0,0,,1,39 57:34.013,4.0,0,75 10:27.879,0,0,0,0,67301,0,0,0,N,0,0,0,4,68K01,0,,1,1,,N,N,,0,,0,0,0,0.0,0,N,654,0,4,0,0,0,0,0,3,4,0,4,3,,N,,,,,,,,,,,
2008045586,1206,1,0,0,0,0,0,0,0,0,7,0,,67,2,2008,3,39.9731,-75.1211,1200.0,6,0,0,0,0,0,0,0,0,2.0,0,0,0,12,1,1,0,,2,39 58:22.841,2.0,0,75 07:15.996,3,0,0,0,67301,0,0,0,Y,0,0,0,1,67301,0,,4,1,,N,N,,0,,1,0,0,0.0,0,Y,1200,1,1,0,0,0,0,0,3,4,0,1,3,,N,,,,,,,,,,,
2008047635,1234,2,0,0,0,0,0,0,0,0,4,0,,67,1,2008,1,39.9473,-75.2121,1229.0,6,0,0,0,0,0,1,0,0,,0,0,0,12,1,1,0,,0,39 56:50.280,,0,75 12:43.560,4,0,0,0,67301,0,0,0,N,0,0,0,4,67301,1,,1,1,,N,N,,0,,0,0,0,0.0,0,,1220,1,2,0,0,0,0,0,3,4,0,2,3,,N,,,,,,,,,,,
2008040577,532,0,0,0,0,0,0,0,0,0,2,0,,67,2,2008,7,40.0532,-75.1221,532.0,6,0,0,0,0,0,0,0,0,,0,0,0,5,3,2,5,,0,40 03:11.520,,0,75 07:19.560,8,0,0,0,67301,0,0,0,N,0,0,0,3,46102,0,,1,1,,N,N,,2,,0,0,0,3.0,2,,532,2,2,0,0,0,2,0,3,4,0,2,3,,N,,,,,,,,,,,
2008040756,2312,1,0,0,0,0,0,0,0,0,4,0,,67,1,2008,3,40.0764,-75.195,2312.0,6,0,0,0,0,0,2,0,0,1.0,0,0,0,23,3,0,1,,1,40 04:35.000,3.0,0,75 11:41.784,0,0,0,0,67301,0,0,0,N,0,0,0,2,67301,0,,1,1,,N,N,,0,,0,0,1,3.0,2,Y,2304,0,2,0,0,0,0,0,3,4,0,2,3,,N,,,,,,,,,,,
2008026620,1019,1,0,0,0,0,0,0,0,0,2,0,,67,1,2008,6,40.0359,-75.1453,1017.0,6,0,0,0,0,0,1,0,0,,0,0,0,10,1,1,0,,0,40 02:09.000,,0,75 08:43.138,4,0,0,0,67301,0,0,0,N,0,0,0,3,67301,1,,1,1,,N,N,,0,,0,0,1,0.0,0,,1014,1,2,0,0,0,0,0,3,4,0,2,3,,N,,,,,,,,,,,
2008050790,836,2,0,1,0,0,0,0,0,0,4,0,,67,3,2008,7,39.9338,-75.1939,758.0,6,0,0,0,0,0,1,0,0,,0,0,0,7,1,1,2,,0,39 56:01.561,,0,75 11:37.953,2,0,0,0,67301,0,0,0,N,0,0,0,4,67301,0,,1,9,,N,N,,0,,0,1,0,0.0,0,,755,1,2,0,0,0,0,0,3,4,0,2,3,,N,,,,,,,,,,,
2008050803,820,1,0,0,0,0,0,0,0,0,4,0,,67,2,2008,4,40.0289,-75.0859,815.0,6,0,0,0,0,0,0,0,0,,0,0,0,7,1,1,1,,0,40 01:43.906,,0,75 05:09.211,4,0,0,0,67301,0,0,0,,0,0,0,2,67301,1,,1,1,,N,N,,1,,0,0,0,3.0,3,,745,1,2,0,0,0,0,0,3,4,0,2,3,,N,,,,,,,,,,,
2008050872,1400,1,0,0,0,0,0,0,0,0,2,0,,67,3,2008,2,40.0072,-75.1234,1400.0,6,0,0,0,0,0,1,0,0,,0,0,0,14,1,1,1,,0,40 00:25.981,,0,75 07:24.379,4,0,0,0,67301,0,0,0,,0,0,0,2,67301,1,,1,1,,N,N,,0,,0,0,0,3.0,2,,1400,1,2,0,0,0,0,0,3,4,1,2,3,,N,,,,,,,,,,,
2008048599,2107,0,0,0,0,0,0,0,0,0,5,0,,67,2,2008,7,39.9635,-75.1478,2105.0,6,0,0,0,0,0,0,0,0,,0,0,0,20,3,2,0,,0,39 57:48.654,,0,75 08:52.122,4,0,0,0,67301,0,0,0,,0,0,0,3,67301,2,,1,1,,,,,0,,0,0,2,0.0,0,,2050,2,2,0,0,0,0,0,3,4,0,2,3,,N,,,,,,,,,,,
2008044012,2210,2,0,0,0,0,0,0,0,0,6,0,,67,1,2008,6,40.0826,-74.966,2204.0,6,0,0,0,0,1,0,0,0,,0,0,0,22,3,2,0,,0,40 04:57.255,,0,74 57:57.715,4,0,0,0,67301,0,0,0,N,0,0,0,3,67301,2,,1,1,,N,N,,0,,0,0,0,0.0,0,,2200,2,2,0,0,0,0,1,3,4,0,2,3,,N,,,,,,,,,,,
2008044034,1745,0,0,0,0,0,0,0,0,0,7,0,,67,1,2008,6,40.0018,-75.1672,1740.0,6,0,0,0,0,0,0,0,0,,0,0,0,17,3,1,0,,0,40 00:06.534,,0,75 10:02.078,4,0,0,0,67301,0,0,0,,0,0,0,2,67301,1,,2,1,,,,,0,,0,0,0,3.0,3,,1740,1,1,0,0,0,0,1,3,4,1,1,3,,N,,,,,,,,,,,
2008044148,1425,2,0,0,0,0,0,0,0,0,4,0,,67,1,2008,7,40.1076,-75.0537,1420.0,6,0,0,0,0,0,0,0,1,,0,0,0,14,1,4,2,,0,40 06:27.000,,0,75 03:13.454,4,0,0,0,67301,0,0,0,,0,0,0,5,67301,4,,1,1,,,,,0,,0,0,0,3.0,2,,1410,4,2,0,0,0,0,0,3,4,0,2,3,,N,,,,,,,,,,,
2008034046,1037,2,0,0,0,0,0,0,0,0,4,0,,67,2,2008,6,40.0076,-75.2008,1028.0,6,0,0,0,0,0,1,0,0,,0,0,0,10,1,0,0,,0,40 00:26.104,,0,75 11:58.735,0,0,0,0,67301,0,0,0,N,0,0,0,2,68K01,0,,1,2,,N,N,,0,,0,0,0,0.0,0,,1028,0,2,0,0,0,0,0,3,4,0,2,10,,N,,,,,,,,,,,
2008120931,744,1,0,0,0,0,0,0,0,0,8,0,,67,10,2008,5,40.0543,-75.0714,744.0,6,0,0,0,0,0,0,0,0,,0,0,0,7,1,1,1,,0,40 03:15.541,,0,75 04:17.098,8,0,0,0,67301,1,0,0,N,1,0,0,2,67301,0,,1,1,,N,Y,,0,,0,0,0,3.0,2,,742,1,2,0,0,0,1,0,3,4,0,1,3,,N,,,,,,,,,,,
2008069295,1854,2,0,0,0,0,0,0,0,0,4,0,,67,4,2008,3,40.0406,-75.1698,1849.0,6,0,0,0,0,0,0,0,0,1.0,0,0,0,18,1,2,1,,1,40 02:26.242,3.0,0,75 10:11.315,4,0,0,0,67301,0,0,0,,0,0,0,2,67301,2,,1,1,,N,N,,0,,0,0,0,3.0,2,N,1845,2,2,0,0,0,0,0,3,4,0,2,3,,N,,,,,,,,,,,
2008069342,937,0,0,0,0,0,0,0,0,0,8,0,,67,4,2008,3,39.9615,-75.1517,935.0,6,0,0,0,0,0,0,0,0,9.0,0,0,0,9,1,1,2,,1,39 57:41.633,2.0,0,75 09:06.417,4,0,0,0,67301,1,0,0,N,1,0,0,2,67301,1,,1,1,,N,N,,1,,0,0,0,3.0,2,N,937,1,2,0,0,0,0,0,3,4,0,1,3,,N,,,,,,,,,,,
2008118586,1235,1,0,0,1,0,0,0,0,0,4,0,,67,9,2008,2,39.9954,-75.1294,1230.0,6,0,0,0,0,0,0,0,0,,0,0,0,18,1,1,1,,0,39 59:43.382,,0,75 07:45.839,3,0,0,0,67301,1,0,0,N,0,0,0,2,67301,0,,1,1,,N,N,,0,,1,0,0,9.0,3,,1810,1,2,0,0,0,0,0,3,4,0,1,3,,N,,,,,,,,,,,
2008108643,2220,1,0,0,0,0,0,0,0,0,8,0,,67,8,2008,1,40.0367,-75.1328,2217.0,6,0,0,0,0,0,0,0,0,,0,0,0,22,3,1,0,,0,40 02:12.214,,0,75 07:57.997,8,0,0,0,67301,1,0,0,N,1,0,0,2,67301,0,,1,1,,N,N,,0,,0,0,0,0.0,0,,2201,1,2,0,0,0,1,0,3,4,0,1,3,,N,,,,,,,,,,,
2008069384,621,0,0,0,0,0,0,0,0,0,4,0,,67,4,2008,3,39.9869,-75.161,620.0,6,0,0,0,0,0,0,0,0,2.0,0,0,0,6,1,2,1,,2,39 59:12.926,4.0,0,75 09:39.761,2,0,0,0,67301,0,0,0,N,0,0,0,2,67301,0,,5,1,,N,N,,1,,1,1,0,3.0,2,Y,619,2,2,0,0,0,0,0,3,4,1,2,3,,N,,,,,,,,,,,
2008118612,2045,1,0,0,0,0,0,0,0,0,5,0,,67,7,2008,4,39.9548,-75.1511,2035.0,6,0,0,0,0,0,1,0,0,,0,0,0,20,3,0,0,,0,39 57:17.338,,0,75 09:04.138,0,0,0,0,67301,0,0,0,,0,0,0,1,67301,0,,6,9,,,,,0,,0,0,1,0.0,0,,2020,0,2,0,0,0,0,0,3,4,0,2,7,5.0,N,,,,,,,,,,,
2008118618,257,1,0,0,0,0,0,0,0,0,4,1,,67,9,2008,7,40.0318,-75.1551,248.0,6,0,0,0,0,0,0,0,0,5.0,0,1,0,2,3,1,0,,2,40 01:54.320,6.0,0,75 09:18.318,2,0,0,0,67301,0,0,0,,0,0,0,2,67301,0,,1,9,,,,,0,,0,1,0,0.0,0,Y,240,1,2,0,0,0,0,1,3,4,0,2,7,,N,,,,,,,,,,,
2008121092,2130,2,0,0,0,0,0,0,0,0,9,0,,67,9,2008,4,39.9438,-75.2458,2110.0,6,0,0,0,0,0,1,0,0,,0,0,0,19,3,1,2,,0,39 56:37.703,,0,75 14:45.142,8,0,0,0,67301,0,0,0,N,0,0,0,5,67301,0,,1,1,,N,N,,0,,0,0,2,3.0,2,,1904,1,4,0,0,0,1,0,3,4,0,4,3,,N,,,,,,,,,,,
2008118912,551,0,0,0,0,0,0,0,0,0,9,0,,67,8,2008,5,,,547.0,6,0,0,0,0,0,0,0,0,,0,0,0,5,5,1,0,,0,,,0,,8,0,0,0,67301,0,0,0,N,0,0,0,1,67301,0,,1,1,,N,N,,0,,0,0,1,0.0,0,,545,1,1,0,0,0,1,0,3,3,0,1,3,,N,,,,,,,,,,,
2008099223,2115,2,0,0,0,0,0,0,0,0,2,0,,67,5,2008,2,,,2100.0,6,0,0,0,0,0,0,0,0,3.0,0,0,0,20,3,1,0,,2,,5.0,0,,4,0,0,0,67301,0,0,0,N,0,0,0,2,67301,1,,1,1,,N,N,,0,,0,0,0,3.0,2,Y,2030,1,2,0,0,1,0,0,3,3,0,2,3,,N,,,,,,,,,,,
2008108461,1910,2,0,0,0,0,0,0,0,0,5,0,,67,8,2008,1,39.9128,-75.2376,1906.0,6,0,0,0,0,0,0,0,0,,0,0,0,18,1,0,1,,0,39 54:46.184,,0,75 14:15.313,0,0,0,0,67301,0,0,0,N,0,0,0,1,67301,0,,4,1,,N,,,0,,0,0,1,0.0,0,,1859,0,3,0,0,0,0,0,3,4,0,3,3,,N,,,,,,,,,,,
2008108559,2105,2,0,0,0,0,0,0,0,0,5,0,,67,8,2008,1,40.0604,-75.167,2100.0,6,0,0,0,0,0,0,0,0,1.0,0,0,0,20,3,0,1,,1,40 03:37.581,2.0,0,75 10:01.313,0,0,0,0,67301,0,0,0,,0,0,0,6,67301,0,,1,9,,N,N,,0,,0,0,0,3.0,2,N,2057,0,2,0,0,0,0,0,3,4,0,2,98,,N,,,,,,,,,,,
2008082615,1336,2,0,0,0,0,0,0,0,0,1,0,,67,5,2008,1,40.0269,-75.0972,1327.0,6,0,0,0,0,1,1,0,0,,0,0,0,13,1,1,5,,0,40 01:36.832,,0,75 05:50.066,4,0,0,0,67301,0,0,0,N,0,0,0,2,67301,1,,1,9,,N,N,,0,,0,0,0,3.0,2,,1327,1,2,0,0,0,0,0,3,4,0,2,7,,N,,,,,,,,,,,
2008082630,1700,0,0,0,0,0,0,0,0,0,8,0,,67,5,2008,4,39.9495,-75.1528,1600.0,6,0,0,0,0,0,0,0,0,,0,0,0,15,1,1,0,,0,39 56:58.130,,0,75 09:10.151,8,0,0,0,67301,1,0,0,,1,0,0,2,67301,0,,1,1,,,,,0,,0,0,1,9.0,2,,1530,1,2,0,0,0,1,0,3,4,0,1,3,,N,,,,,,,,,,,
2008072613,1758,2,0,0,0,0,0,0,0,0,1,0,,67,4,2008,5,39.9027,-75.1522,1748.0,6,0,0,0,0,0,0,0,0,,0,0,0,17,1,1,2,,0,39 54:09.565,,0,75 09:08.096,3,0,0,0,67301,0,0,0,,0,0,0,4,67301,0,,1,1,,,,,0,,1,0,0,3.0,2,,1740,1,2,0,0,0,0,0,3,4,0,2,3,,N,,,,,,,,,,,
2008082386,1600,0,0,0,1,0,0,0,0,0,5,0,,67,4,2008,4,39.9513,-75.1993,558.0,6,0,0,0,0,0,0,0,0,,0,0,0,15,1,1,1,,0,39 57:04.640,,0,75 11:57.353,8,0,0,0,67301,1,0,0,N,0,0,0,3,67301,0,,1,1,,N,N,,0,,0,0,0,3.0,2,,1555,1,2,0,0,1,1,0,3,4,1,1,3,,N,,,,,,,,,,,
2008082464,2356,1,0,0,0,0,0,0,0,0,8,0,,67,5,2008,7,40.0881,-74.9658,2350.0,6,0,0,1,0,0,0,0,0,,0,0,0,23,3,1,1,,0,40 05:17.221,,0,74 57:56.800,8,0,0,0,67301,1,0,0,,1,0,0,2,67301,0,,2,1,,,,,0,,0,0,0,3.0,2,,2310,1,2,0,0,0,1,0,3,4,0,1,3,,N,,,,,,,,,,,
2008072059,1423,2,0,0,0,0,0,0,0,0,4,0,,67,3,2008,2,39.9415,-75.1859,1421.0,6,0,0,0,0,0,0,1,0,,0,0,0,14,1,0,1,,0,39 56:29.306,,0,75 11:09.142,0,0,0,0,67301,0,0,0,,0,0,0,2,67301,0,,1,1,,,,,0,,0,0,0,3.0,2,,1419,0,2,0,0,0,0,0,3,4,0,2,3,,N,,,,,,,,,,,
2008072081,1607,2,0,0,0,0,0,0,0,0,1,0,,67,4,2008,3,40.0516,-75.1419,1605.0,6,0,0,0,0,0,0,1,0,,0,0,0,16,1,0,0,,0,40 03:05.668,,0,75 08:30.807,0,0,0,0,67301,0,0,0,N,0,0,0,2,67301,0,,1,1,,N,N,,0,,0,0,0,0.0,0,,1605,0,2,0,0,0,0,0,3,4,0,2,3,,N,,,,,,,,,,,
2008072098,355,2,0,0,0,0,0,0,0,0,5,0,,67,4,2008,6,40.043,-75.1741,350.0,6,0,0,0,0,0,0,0,0,,0,0,0,0,3,1,0,,0,40 02:34.677,,0,75 10:26.637,4,0,0,0,67301,0,0,0,,0,0,0,1,67301,1,,1,1,,,,,1,,0,0,0,0.0,0,,3,1,3,0,0,0,0,0,3,4,0,3,3,,N,,,,,,,,,,,
2008080115,1631,1,0,0,0,0,0,0,0,0,1,0,,67,6,2008,1,39.9769,-75.113,1614.0,6,0,0,0,0,0,1,0,0,1.0,0,0,0,16,1,1,0,,1,39 58:37.789,1.0,0,75 06:46.199,4,0,0,0,67301,0,0,0,N,0,0,0,2,68K01,1,,1,1,,N,N,,0,,0,0,0,0.0,0,N,1612,1,2,0,0,0,0,1,3,4,0,2,3,,N,,,,,,,,,,,
2008120203,144,0,0,0,0,0,0,0,0,0,7,0,,67,9,2008,4,40.0591,-75.0445,143.0,6,0,0,0,0,0,1,0,0,,1,0,0,1,3,0,0,,0,40 03:32.245,,0,75 02:40.487,1,0,0,0,67301,0,0,0,,0,0,0,1,67301,0,2.0,3,1,,,,,1,0.0,0,0,0,0.0,0,,142,0,1,0,0,0,0,0,3,4,0,1,3,,N,,,,,,,,,,,
2008127389,1733,2,0,0,0,0,0,0,0,0,1,0,,67,11,2008,1,39.9753,-75.1945,1720.0,6,0,0,0,0,1,0,0,0,,0,0,0,17,6,1,0,,0,39 58:34.809,,0,75 11:43.831,4,0,0,0,67301,0,0,0,N,0,0,0,5,68K01,1,,1,1,,N,N,,0,,0,0,0,0.0,0,,1716,1,2,0,0,1,0,0,3,4,0,2,3,,N,,,,,,,,,,,
2008119784,1450,1,0,0,0,0,0,0,0,0,8,0,,67,9,2008,1,40.0261,-75.1475,1445.0,6,0,0,0,0,0,0,0,0,,0,0,0,14,1,1,1,,0,40 01:33.790,,0,75 08:50.885,8,0,0,0,67301,1,0,0,N,1,0,0,2,67301,0,,1,1,,N,N,,0,,0,0,0,3.0,2,,1430,1,2,0,0,0,1,1,3,4,0,1,3,,N,,,,,,,,,,,
2008132880,1155,0,0,0,0,0,0,0,0,0,8,0,,67,10,2008,7,39.9863,-75.1561,1153.0,6,0,0,1,0,0,0,0,0,,0,0,0,11,1,1,1,,0,39 59:10.573,,0,75 09:22.129,8,0,0,0,67301,1,0,0,N,1,0,0,2,67301,0,,1,1,,N,N,,0,,0,0,0,3.0,2,,1133,1,2,0,0,0,1,1,3,4,1,1,3,,N,,,,,,,,,,,
2008133166,928,1,0,0,0,0,0,0,0,0,4,0,,67,11,2008,4,40.086,-75.2119,926.0,6,0,0,0,0,0,1,0,0,,0,0,0,9,1,1,1,,0,40 05:09.740,,0,75 12:42.980,8,0,0,0,67301,0,0,0,N,0,0,0,2,67301,0,,1,9,,N,N,,1,,0,0,0,9.0,2,,920,1,2,0,0,0,1,0,3,4,0,2,3,,N,,,,,,,,,,,
2008122804,2256,3,0,0,0,0,0,0,0,0,2,0,,67,7,2008,5,39.9131,-75.2433,2255.0,6,0,0,0,0,0,1,0,0,3.0,1,0,0,22,3,2,1,,2,39 54:47.100,7.0,0,75 14:35.859,1,0,0,0,67301,0,0,0,N,0,0,0,5,67301,2,2.0,1,1,,N,N,,0,0.0,0,0,1,3.0,2,Y,2255,2,4,1,0,1,0,0,3,4,0,4,3,,N,,,,,,,,,,,
2008125302,2230,1,0,0,0,0,0,0,0,0,7,0,,67,10,2008,1,40.0015,-75.0848,2220.0,6,0,0,0,0,0,0,0,0,,0,0,0,22,3,0,0,,0,40 00:03.920,,2,75 05:09.838,0,0,0,0,67301,0,0,0,Y,0,0,0,1,68K01,0,,3,1,,N,N,,0,,0,0,0,0.0,0,,2215,0,1,0,0,0,0,0,3,4,0,1,3,,N,,,,,,,,,,,