CRN,ARRIVAL_TM,AUTOMOBILE_COUNT,BELTED_DEATH_COUNT,BELTED_SUSP_SERIOUS_INJ_COUNT,BICYCLE_COUNT,BICYCLE_DEATH_COUNT,BICYCLE_SUSP_SERIOUS_INJ_COUNT,BUS_COUNT,CHLDPAS_DEATH_COUNT,CHLDPAS_SUSP_SERIOUS_INJ_COUNT,COLLISION_TYPE,COMM_VEH_COUNT,CONS_ZONE_SPD_LIM,COUNTY,CRASH_MONTH,CRASH_YEAR,DAY_OF_WEEK,DEC_LAT,DEC_LONG,DISPATCH_TM,DISTRICT,DRIVER_COUNT_16YR,DRIVER_COUNT_17YR,DRIVER_COUNT_18YR,DRIVER_COUNT_19YR,DRIVER_COUNT_20YR,DRIVER_COUNT_50_64YR,DRIVER_COUNT_65_74YR,DRIVER_COUNT_75PLUS,EST_HRS_CLOSED,FATAL_COUNT,HEAVY_TRUCK_COUNT,HORSE_BUGGY_COUNT,HOUR_OF_DAY,ILLUMINATION,INJURY_COUNT,INTERSECT_TYPE,INTERSECTION_RELATED,LANE_CLOSED,LATITUDE,LN_CLOSE_DIR,LOCATION_TYPE,LONGITUDE,MAX_SEVERITY_LEVEL,MCYCLE_DEATH_COUNT,MCYCLE_SUSP_SERIOUS_INJ_COUNT,MOTORCYCLE_COUNT,MUNICIPALITY,NONMOTR_COUNT,NONMOTR_DEATH_COUNT,NONMOTR_SUSP_SERIOUS_INJ_COUNT,NTFY_HIWY_MAINT,PED_COUNT,PED_DEATH_COUNT,PED_SUSP_SERIOUS_INJ_COUNT,PERSON_COUNT,POLICE_AGCY,POSSIBLE_INJ_COUNT,RDWY_SURF_TYPE_CD,RELATION_TO_ROAD,ROAD_CONDITION,ROADWAY_CLEARED,SCH_BUS_IND,SCH_ZONE_IND,SECONDARY_CRASH,SMALL_TRUCK_COUNT,SPEC_JURIS_CD,SUSP_MINOR_INJ_COUNT,SUSP_SERIOUS_INJ_COUNT,SUV_COUNT,TCD_FUNC_CD,TCD_TYPE,TFC_DETOUR_IND,TIME_OF_DAY,TOT_INJ_COUNT,TOTAL_UNITS,UNB_DEATH_COUNT,UNB_SUSP_SERIOUS_INJ_COUNT,UNBELTED_OCC_COUNT,UNK_INJ_DEG_COUNT,UNK_INJ_PER_COUNT,URBAN_AREA,URBAN_RURAL,VAN_COUNT,VEHICLE_COUNT,WEATHER1,WEATHER2,WORK_ZONE_IND,WORK_ZONE_LOC,WORK_ZONE_TYPE,WORKERS_PRES,WZ_CLOSE_DETOUR,WZ_FLAGGER,WZ_LAW_OFFCR_IND,WZ_LN_CLOSURE,WZ_MOVING,WZ_OTHER,WZ_SHLDER_MDN,WZ_WORKERS_INJ_KILLED
2008132913,1538,0,0,0,0,0,0,0,0,0,7,0,,67,10,2008,7,39.9935,-75.1871,1526.0,6,0,0,0,0,0,0,0,0,2.0,0,0,0,15,1,0,2,,1,39 59:36.661,4.0,0,75 11:13.689,0,0,0,0,67301,0,0,0,,0,0,0,1,67301,0,,2,9,,,,,1,,0,0,0,0.0,0,N,1520,0,1,0,0,0,0,0,3,4,0,1,7,,N,,,,,,,,,,,
2008035882,1715,1,0,0,0,0,0,0,0,0,5,1,,67,2,2008,2,39.9745,-75.1941,1706.0,6,0,0,0,0,0,2,0,0,,0,1,0,17,1,1,0,,0,39 58:32.000,,0,75 11:40.909,8,0,0,0,67301,0,0,0,N,0,0,0,2,68K01,0,,1,1,,N,N,,0,,0,0,0,0.0,0,,1705,1,2,0,0,0,1,0,3,4,0,2,3,,N,,,,,,,,,,,
2008035885,650,0,0,0,0,0,0,0,0,0,7,0,,67,2,2008,4,39.9319,-75.1998,648.0,6,0,0,0,0,0,0,0,0,,0,0,0,6,5,0,0,,0,39 55:57.000,,0,75 12:00.100,0,0,0,0,67301,0,0,0,N,0,0,0,4,68K01,0,,2,8,,N,N,,0,,0,0,1,0.0,0,,648,0,1,0,0,0,0,0,3,4,0,1,7,,N,,,,,,,,,,,
2008059011,1605,1,0,0,0,0,0,0,0,0,8,0,,67,4,2008,5,40.0431,-75.0794,1551.0,6,0,0,0,0,0,0,0,0,,0,0,0,99,1,1,1,,0,40 02:35.066,,0,75 04:45.674,4,0,0,0,67301,1,0,0,N,1,0,0,2,67301,1,,1,1,,N,N,,0,,0,0,0,3.0,3,,9999,1,2,0,0,0,0,0,3,4,0,1,3,,N,,,,,,,,,,,
2008059020,1235,0,0,0,0,0,0,0,0,0,4,0,,67,4,2008,3,40.0506,-75.1775,1233.0,6,0,0,0,0,0,1,0,0,1.0,0,0,0,12,1,1,1,,1,40 03:02.196,1.0,0,75 10:38.823,3,0,0,0,67301,0,0,0,N,0,0,0,3,67301,0,,1,1,,N,N,,0,,1,0,2,3.0,2,N,1230,1,2,0,0,0,0,0,3,4,0,2,3,,N,,,,,,,,,,,
2008059054,1030,2,0,0,0,0,0,0,0,0,4,0,,67,4,2008,7,40.0611,-75.065,1025.0,6,0,0,0,0,0,1,0,0,,0,0,0,10,1,3,1,,0,40 03:40.042,,0,75 03:54.165,8,0,0,0,67301,0,0,0,,0,0,0,5,67301,0,,1,1,,N,,,0,,0,0,0,9.0,3,,1015,3,2,0,0,0,3,0,3,4,0,2,3,,N,,,,,,,,,,,
2008053787,1800,2,0,0,0,0,0,0,0,0,4,0,,67,2,2008,4,40.0919,-75.0474,1752.0,6,0,0,0,0,0,1,0,0,1.0,0,0,0,99,3,0,3,,1,40 05:30.716,4.0,0,75 02:50.638,0,0,0,0,67301,0,0,0,N,0,0,0,2,67301,0,,1,9,,N,N,,0,,0,0,0,3.0,2,N,9999,0,2,0,0,0,0,0,3,4,0,2,7,,N,,,,,,,,,,,
2008051610,1250,1,0,0,0,0,0,0,0,0,1,0,,67,2,2008,1,39.9545,-75.1984,1247.0,6,0,0,0,0,0,0,0,0,,0,0,0,12,1,1,2,,0,39 57:18.540,,0,75 11:53.890,4,0,0,0,67301,0,0,0,N,0,0,0,2,67301,1,,1,1,,N,N,,0,,0,0,1,3.0,2,,1245,1,2,0,0,0,0,0,3,4,0,2,3,,N,,,,,,,,,,,
2008051620,855,0,0,0,0,0,0,0,0,0,8,0,,67,2,2008,3,39.9532,-75.2426,848.0,6,0,0,0,0,0,0,0,0,,0,0,0,99,1,1,1,,0,39 57:11.592,,0,75 14:33.424,8,0,0,0,67301,1,0,0,N,1,0,0,2,67301,0,,1,1,,N,Y,,0,,0,0,0,3.0,3,,9999,1,2,0,0,0,1,1,3,4,0,1,3,,N,,,,,,,,,,,
2008051788,222,2,0,0,0,0,0,0,0,0,4,0,,67,3,2008,7,40.0145,-75.1311,222.0,6,0,0,0,1,0,0,0,0,,0,0,0,2,3,1,1,,0,40 00:52.185,,0,75 07:52.121,4,0,0,0,67301,0,0,0,N,0,0,0,2,67301,1,,1,9,,N,N,,0,,0,0,0,3.0,2,,222,1,2,0,0,0,0,0,3,4,0,2,7,,N,,,,,,,,,,,
2008052781,1601,1,0,0,0,0,0,0,0,0,8,0,,67,1,2008,1,39.9244,-75.1696,1549.0,6,0,0,0,0,0,0,0,0,,1,0,0,15,1,0,1,,0,39 55:27.786,,0,75 10:11.056,1,0,0,0,67301,1,1,0,N,1,1,0,2,67301,0,2.0,1,1,,N,N,,0,0.0,0,0,0,3.0,2,,1549,0,2,0,0,0,0,0,3,4,0,1,3,,N,,,,,,,,,,,
2008047509,1208,1,0,0,0,0,0,0,0,0,7,0,,67,3,2008,7,40.0451,-75.0023,1158.0,6,0,0,0,0,0,0,0,0,,0,0,0,11,1,0,0,,0,40 02:43.271,,0,75 00:07.763,0,0,0,0,67301,0,0,0,N,0,0,0,2,68K01,0,,2,9,,N,N,,0,,0,0,0,0.0,0,,1155,0,1,0,0,0,0,0,3,4,0,1,7,,N,,,,,,,,,,,
2008050243,1240,3,0,0,0,0,0,0,0,0,1,0,,67,2,2008,5,40.0751,-75.0181,1233.0,6,0,0,0,0,0,0,0,0,1.0,0,0,0,99,1,0,9,,1,40 04:30.360,4.0,0,75 01:05.160,0,0,0,0,67301,0,0,0,,0,0,0,3,67301,0,,1,1,,N,N,,0,,0,0,0,0.0,0,N,9999,0,3,0,0,0,0,0,3,4,0,3,3,,N,,,,,,,,,,,
2008050262,54,0,0,0,0,0,0,0,0,0,4,0,,67,2,2008,7,39.9494,-75.1588,52.0,6,0,0,0,0,0,0,0,0,1.0,0,0,0,0,3,1,1,,1,39 56:58.016,1.0,0,75 09:31.701,8,0,0,0,67301,0,0,0,N,0,0,0,4,67301,0,,1,9,,N,N,,0,,0,0,1,3.0,2,Y,48,1,2,0,0,0,1,0,3,4,1,2,10,,N,,,,,,,,,,,
2008045543,2352,1,0,0,0,0,0,0,0,0,4,0,,67,1,2008,1,39.9908,-75.1309,2350.0,6,0,0,0,0,0,0,0,0,,0,0,0,23,3,1,1,,0,39 59:27.000,,0,75 07:51.301,4,0,0,0,67301,0,0,0,N,0,0,0,2,67301,1,,1,1,,N,N,,1,,0,0,0,3.0,2,,2348,1,2,0,0,0,0,0,3,4,0,2,3,,N,,,,,,,,,,,
2008045432,1032,1,0,0,0,0,0,0,0,0,8,0,,67,1,2008,7,39.9701,-75.1443,1032.0,6,0,0,0,0,0,0,1,0,,0,0,0,10,1,1,0,,0,39 58:12.000,,0,75 08:39.245,4,0,0,0,67301,1,0,0,N,1,0,0,2,67301,1,,4,1,,N,N,,0,,0,0,0,0.0,0,,1031,1,2,0,0,0,0,0,3,4,0,1,3,,N,,,,,,,,,,,
2008040448,1136,1,0,0,0,0,0,0,0,0,4,0,,67,2,2008,3,39.9587,-75.1973,1104.0,6,0,0,0,0,0,1,0,0,,0,0,0,11,1,0,0,,0,39 57:31.498,,0,75 11:50.305,0,0,0,0,67301,0,0,0,,0,0,0,2,67504,0,,1,1,,,,,1,,0,0,0,0.0,0,,1101,0,2,0,0,0,0,0,3,4,0,2,3,,N,,,,,,,,,,,
2008035870,1006,1,0,0,0,0,0,0,0,0,4,1,,67,1,2008,3,39.9363,-75.1996,956.0,6,0,0,0,0,0,2,0,0,1.0,0,1,0,9,1,1,0,,1,39 56:16.000,3.0,0,75 11:53.839,3,0,0,0,67301,0,0,0,N,0,0,0,2,68K01,0,,1,9,,N,N,,0,,1,0,0,0.0,0,N,955,1,2,0,0,0,0,0,3,4,0,2,7,,N,,,,,,,,,,,
2008050512,401,1,0,0,0,0,0,0,0,0,7,0,,67,3,2008,1,40.0211,-75.1575,400.0,6,0,0,0,0,0,0,0,0,,0,0,0,4,3,1,2,,0,40 01:15.960,,0,75 09:27.000,8,0,0,0,67301,0,0,0,N,0,0,0,1,67301,0,,4,1,,N,N,,0,,0,0,0,3.0,3,,400,1,2,0,0,0,1,0,3,4,0,1,3,,N,,,,,,,,,,,
2008050575,1647,1,0,0,0,0,0,0,0,0,8,0,,67,3,2008,5,40.0138,-75.1383,1647.0,6,0,0,0,0,0,0,0,0,,0,0,0,15,1,1,1,,0,40 00:49.737,,0,75 08:17.969,3,0,0,0,67301,1,0,0,,1,0,0,2,67301,0,,1,1,,N,N,,0,,1,0,0,3.0,3,,1500,1,2,0,0,0,0,0,3,4,0,1,99,,N,,,,,,,,,,,
2008050890,2150,3,0,0,0,0,0,0,0,0,1,0,,67,2,2008,2,39.9592,-75.1737,2145.0,6,0,0,0,0,0,2,0,0,1.0,0,0,0,21,3,2,0,,1,39 57:33.376,3.0,0,75 10:26.471,4,0,0,0,67301,0,0,0,,0,0,0,4,67301,2,,1,1,,,,,0,,0,0,0,0.0,0,N,2140,2,3,0,0,0,0,0,3,4,0,3,3,,N,,,,,,,,,,,
2008048614,1800,5,0,0,0,0,0,0,0,0,1,1,,67,2,2008,3,,,1753.0,6,0,0,0,0,0,0,0,0,1.0,0,2,0,17,3,0,0,,2,,1.0,3,,9,0,0,0,67301,0,0,0,Y,0,0,0,8,67301,0,,1,2,,N,N,,0,,0,0,1,0.0,0,Y,1740,0,8,0,0,0,0,8,3,3,0,8,10,,N,,,,,,,,,,,
2008043954,1410,2,0,0,0,0,0,0,0,0,4,0,,67,1,2008,2,40.0185,-75.0637,1407.0,6,0,0,0,0,0,1,0,0,1.0,0,0,0,14,1,1,1,,1,40 01:06.000,3.0,0,75 03:49.282,8,0,0,0,67301,0,0,0,,0,0,0,4,67301,0,,1,9,,N,N,,0,,0,0,0,3.0,2,Y,1400,1,2,0,0,0,1,0,3,4,0,2,7,,N,,,,,,,,,,,
2008041300,2205,1,0,0,0,0,0,0,0,0,4,0,,67,2,2008,2,39.9258,-75.2368,2200.0,6,0,0,0,0,0,1,0,0,,0,0,0,20,3,0,1,,0,39 55:32.984,,0,75 14:12.649,0,0,0,0,67301,0,0,0,N,0,0,0,2,67301,0,,1,1,,N,N,,1,,0,0,0,3.0,3,,2000,0,2,0,0,0,0,0,3,4,0,2,3,,N,,,,,,,,,,,
2008041302,1120,2,0,0,0,0,0,0,0,0,6,0,,67,2,2008,4,40.0598,-75.1334,1115.0,6,0,0,0,0,0,0,0,0,,0,0,0,11,1,2,2,,0,40 03:35.236,,1,75 08:00.273,8,0,0,0,67301,0,0,0,N,0,0,0,2,67301,0,,1,6,,N,N,,0,,0,0,0,3.0,3,,1100,2,2,0,0,1,2,0,3,4,0,2,7,,N,,,,,,,,,,,
2008043996,1220,3,0,0,0,0,0,0,0,0,2,0,,67,1,2008,3,40.0284,-75.1905,1215.0,6,0,0,0,1,0,0,1,0,,0,0,0,12,1,3,0,,0,40 01:42.407,,0,75 11:25.850,3,0,0,0,67301,0,0,0,N,0,0,0,8,67301,0,,1,1,,N,N,,0,,3,0,1,0.0,0,,1210,3,4,0,0,0,0,0,3,4,0,4,3,,N,,,,,,,,,,,
2008069312,1819,1,0,0,0,0,0,0,0,0,2,0,,67,4,2008,1,39.9738,-75.2452,1816.0,6,0,0,0,0,0,0,0,0,,0,0,0,18,1,2,1,,0,39 58:25.635,,0,75 14:42.761,4,0,0,0,67301,0,0,0,N,0,0,0,3,67301,2,,1,1,,N,N,,0,,0,0,1,3.0,2,,1816,2,2,0,0,0,0,0,3,4,0,2,3,,N,,,,,,,,,,,
2008127382,1818,1,0,0,0,0,0,0,0,0,1,0,,67,11,2008,7,40.009,-75.2042,1812.0,6,0,0,0,0,0,1,0,0,,0,0,0,18,3,1,0,,0,40 00:30.971,,0,75 12:11.879,4,0,0,0,67301,0,0,0,N,0,0,0,6,68K01,1,,1,1,,N,N,,0,,0,0,1,0.0,0,,1809,1,2,0,0,0,0,0,3,4,0,2,3,,N,,,,,,,,,,,
2008119751,57,1,0,0,0,0,0,0,0,0,1,0,,67,7,2008,7,39.9857,-75.1117,52.0,6,0,0,0,0,0,0,0,0,2.0,0,0,0,0,3,3,0,,2,39 59:08.462,5.0,0,75 06:42.101,3,0,0,0,67301,0,0,0,,0,0,0,4,67301,0,,1,1,,N,N,,0,,3,0,1,3.0,2,Y,50,3,2,0,0,0,0,0,3,4,0,2,3,,N,,,,,,,,,,,
2008119781,305,2,0,0,0,0,0,0,0,0,1,0,,67,9,2008,7,40.0455,-75.1649,300.0,6,0,0,0,0,0,0,0,0,,0,0,0,3,3,1,1,,0,40 02:43.800,,0,75 09:53.515,8,0,0,0,67301,0,0,0,N,0,0,0,2,67301,0,,1,9,,N,N,,0,,0,0,0,3.0,2,,300,1,2,0,0,0,1,0,3,4,0,2,7,,N,,,,,,,,,,,
2008132801,1356,0,0,0,0,0,0,0,0,0,7,0,,67,11,2008,4,39.9952,-75.0837,1345.0,6,0,0,0,0,0,0,0,0,,0,0,0,13,1,0,0,,0,39 59:42.460,,0,75 05:01.340,0,0,0,0,67301,0,0,0,N,0,0,0,1,68K01,0,,3,1,,N,N,,0,,0,0,1,0.0,0,,1340,0,1,0,0,0,0,0,3,4,0,1,3,,N,,,,,,,,,,,
2008135697,748,1,0,0,0,0,0,0,0,0,0,0,,67,11,2008,1,39.9818,-75.2074,748.0,6,0,0,0,0,0,0,0,0,,0,0,0,7,1,1,0,,0,39 58:58.020,,0,75 12:28.810,8,0,0,0,67301,0,0,0,N,0,0,0,1,68K01,0,,4,9,,N,N,,0,,0,0,0,0.0,0,,747,1,1,0,0,0,1,0,3,4,0,1,7,,N,,,,,,,,,,,
2008026683,1056,1,0,0,0,0,0,0,0,0,4,0,,67,8,2008,2,40.0123,-75.0802,1047.0,6,0,0,0,0,0,1,0,0,,0,0,0,10,1,1,1,,0,40 00:44.341,,0,75 04:48.651,8,0,0,0,67301,0,0,0,N,0,0,0,4,67301,0,,1,9,,N,N,,0,,0,0,1,3.0,3,,1045,1,2,0,0,0,1,0,3,4,0,2,7,,N,,,,,,,,,,,
2008026701,1426,0,0,0,0,0,0,0,0,0,8,0,,67,1,2008,5,40.0506,-75.0102,1420.0,6,0,0,0,0,0,1,0,0,,0,0,0,14,1,1,2,,0,40 03:02.000,,0,75 00:36.645,8,0,0,0,67301,1,0,0,N,1,0,0,2,67301,0,,1,1,,N,N,,0,,0,0,1,3.0,2,,1412,1,2,0,0,0,1,0,3,4,0,1,3,,N,,,,,,,,,,,
2008026703,1800,2,0,0,0,0,0,0,0,0,4,0,,67,1,2008,1,40.0881,-74.9646,1754.0,6,0,0,1,0,0,1,0,0,,0,0,0,17,3,2,1,,0,40 05:17.116,,0,74 57:52.461,8,0,0,0,67301,0,0,0,N,0,0,0,3,67301,0,,1,1,,N,N,,0,,0,0,0,0.0,0,,1752,2,2,0,0,0,2,1,3,4,0,2,3,,N,,,,,,,,,,,
2008064166,1505,0,0,0,0,0,0,1,0,0,5,2,,67,5,2008,3,40.0024,-75.195,1400.0,6,0,0,0,0,0,0,0,0,,0,1,0,13,1,0,0,,0,40 00:06.810,,0,75 11:41.850,0,0,0,0,67301,0,0,0,N,0,0,0,3,68K01,0,,1,1,,Y,N,,0,,0,0,0,0.0,0,,1357,0,2,0,0,0,0,0,3,4,0,2,3,,N,,,,,,,,,,,
2008059015,623,2,0,0,0,0,0,0,0,0,2,0,,67,3,2008,3,40.0337,-75.0468,622.0,6,0,0,0,0,0,1,0,0,,0,0,0,6,1,2,0,,0,40 02:01.389,,0,75 02:48.432,4,0,0,0,67301,1,0,0,N,0,0,0,2,67301,2,,1,1,,N,N,,0,,0,0,0,0.0,0,,622,2,2,0,0,0,0,0,3,4,0,2,3,,N,,,,,,,,,,,
2008054227,2326,2,0,0,0,0,0,0,0,0,1,0,,67,2,2008,1,40.0531,-75.0922,2326.0,6,0,0,0,0,0,1,1,0,,0,0,0,23,3,0,1,,0,40 03:11.276,,0,75 05:31.765,9,0,0,0,67301,0,0,0,N,0,0,0,2,67301,0,,1,1,,N,N,,0,,0,0,0,3.0,2,,2320,0,2,0,0,0,0,1,3,4,0,2,3,,N,,,,,,,,,,,
2008056729,1332,1,0,0,0,0,0,1,0,0,1,1,,67,4,2008,3,39.975,-75.1167,1326.0,6,0,0,0,0,0,1,0,0,2.0,0,0,0,13,1,1,6,,1,39 58:32.520,1.0,2,75 06:56.520,3,0,0,0,67301,0,0,0,N,0,0,0,3,68K01,0,,1,1,,Y,N,,1,,1,0,0,0.0,0,N,1324,1,3,0,0,0,0,0,3,4,0,3,3,,N,,,,,,,,,,,
2008051604,41,2,0,0,0,0,0,0,0,0,1,0,,67,3,2008,1,40.0605,-75.154,37.0,6,0,0,0,0,0,0,0,0,1.0,0,0,0,0,3,0,0,,1,40 03:37.695,1.0,0,75 09:14.324,0,0,0,0,67301,0,0,0,N,0,0,0,1,67301,0,,2,1,,N,N,,0,,0,0,1,0.0,0,N,29,0,3,0,0,1,0,0,3,4,0,3,3,,N,,,,,,,,,,,
2008051612,1545,1,0,0,1,0,0,0,0,0,4,0,,67,3,2008,5,39.9566,-75.198,1530.0,6,0,0,0,0,0,0,0,0,,0,0,0,15,1,1,1,,0,39 57:23.865,,0,75 11:52.879,4,0,0,0,67301,1,0,0,N,0,0,0,3,67301,1,,1,1,,N,N,,0,,0,0,0,3.0,2,,1530,1,2,0,0,0,0,0,3,4,0,1,3,,N,,,,,,,,,,,
2008051629,122,1,0,0,0,0,0,0,0,0,7,0,,67,2,2008,7,39.9774,-75.1986,120.0,6,0,0,0,0,0,0,0,0,,0,0,0,1,3,0,2,,0,39 58:38.485,,0,75 11:54.940,0,0,0,0,67301,0,0,0,N,0,0,0,2,67301,0,,2,1,,N,N,,0,,0,0,0,3.0,2,,110,0,1,0,0,0,0,0,3,4,0,1,3,,N,,,,,,,,,,,
2008051632,1840,2,0,0,0,0,0,0,0,0,4,0,,67,3,2008,5,40.0512,-75.0661,1836.0,6,0,0,0,0,0,0,0,0,,0,0,0,18,3,1,1,,0,40 03:04.296,,0,75 03:58.097,4,0,0,0,67301,0,0,0,N,0,0,0,2,67301,1,,1,1,,N,N,,0,,0,0,0,3.0,2,,1830,1,2,0,0,0,0,0,3,4,0,2,3,,N,,,,,,,,,,,
2008051739,928,1,0,0,0,0,0,0,0,0,1,0,,67,3,2008,1,39.9399,-75.236,928.0,6,0,0,0,0,0,0,0,0,,0,0,0,9,1,0,0,,0,39 56:23.613,,0,75 14:09.613,0,0,0,0,67301,0,0,0,N,0,0,0,2,67301,0,,1,9,,N,N,,0,,0,0,0,0.0,0,,928,0,2,0,0,0,0,0,3,4,1,2,3,,N,,,,,,,,,,,
2008028948,548,1,0,0,0,0,0,0,0,0,8,0,,67,1,2008,4,40.0444,-75.089,545.0,6,0,0,0,0,0,0,0,0,1.0,0,0,0,5,3,1,0,,1,40 02:39.794,2.0,7,75 05:20.306,8,0,0,0,67301,1,0,0,N,1,0,0,2,67301,0,,1,1,,N,N,,0,,0,0,0,3.0,2,N,545,1,2,0,0,0,1,0,3,4,0,1,3,5.0,N,,,,,,,,,,,
2008050295,1705,1,0,0,0,0,0,0,0,0,4,0,,67,2,2008,5,40.1372,-75.0138,1702.0,6,0,0,1,0,0,1,0,0,,0,0,0,17,1,2,1,,0,40 08:13.984,,0,75 00:49.874,3,0,0,0,67301,0,0,0,N,0,0,0,2,67301,0,,1,1,,N,N,,0,,2,0,1,0.0,0,,1700,2,2,0,0,0,0,0,3,4,0,2,3,,N,,,,,,,,,,,
2008050565,1205,2,0,0,0,0,0,0,0,0,4,0,,67,2,2008,1,39.9974,-75.0895,1200.0,6,0,0,0,0,0,1,0,0,,0,0,0,11,1,0,1,,0,39 59:50.464,,0,75 05:22.304,0,0,0,0,67301,0,0,0,N,0,0,0,4,67301,0,,1,1,,N,N,,0,,0,0,0,3.0,2,,1155,0,2,0,0,0,0,0,3,4,0,2,3,,N,,,,,,,,,,,
2008050900,1832,0,0,0,0,0,0,0,0,0,8,0,,67,2,2008,2,39.9898,-75.1255,1830.0,6,0,0,0,0,0,0,0,0,,0,0,0,18,3,1,1,,0,39 59:23.299,,0,75 07:31.934,4,0,0,0,67301,1,0,0,,1,0,0,2,67301,1,,1,1,,,,,0,,0,0,0,0.0,0,,1829,1,2,0,0,0,0,0,3,4,0,1,3,,N,,,,,,,,,,,
2008048112,905,2,0,0,0,0,0,0,0,0,1,0,,67,3,2008,4,39.9639,-75.1843,900.0,6,0,0,0,0,0,0,0,0,,0,0,0,8,1,0,3,,0,39 57:53.289,,0,75 11:06.506,0,0,0,0,67301,0,0,0,N,0,0,0,2,68K01,0,,1,9,,N,N,,0,,0,0,0,0.0,0,,853,0,2,0,0,0,0,0,3,4,0,2,7,,N,,,,,,,,,,,
2008050808,1900,1,0,0,0,0,0,0,0,0,8,0,,67,2,2008,4,40.0631,-75.1583,1900.0,6,0,0,0,0,0,0,0,0,,0,0,0,16,1,1,1,,0,40 03:47.037,,0,75 09:29.793,4,0,0,0,67301,1,0,0,N,1,0,0,2,67301,1,,1,1,,N,N,,0,,0,0,0,9.0,3,,1615,1,2,0,0,0,0,1,3,4,0,1,3,,N,,,,,,,,,,,
2008050867,1515,2,0,0,0,0,0,0,0,0,4,0,,67,2,2008,4,40.0039,-75.1492,1515.0,6,0,0,0,0,0,0,0,0,1.0,0,0,0,15,1,1,1,,2,40 00:14.047,5.0,0,75 08:57.044,8,0,0,0,67301,0,0,0,N,0,0,0,3,67301,0,,1,1,,N,N,,0,,0,0,0,3.0,2,Y,1515,1,2,0,0,3,1,1,3,4,0,2,3,,N,,,,,,,,,,,
2008048616,2230,1,0,0,0,0,0,0,0,0,7,0,,67,2,2008,5,40.0374,-75.0124,2220.0,6,0,0,0,0,0,0,0,0,1.0,0,0,0,22,3,1,0,,1,40 02:16.006,1.0,0,75 00:40.748,8,0,0,0,67301,0,0,0,N,0,0,0,1,67301,0,,2,1,,N,N,,0,,0,0,0,0.0,0,N,2215,1,1,0,0,0,1,0,3,4,0,1,3,,N,,,,,,,,,,,
2008040784,1212,1,0,0,0,0,0,0,0,0,1,0,,67,1,2008,3,40.0176,-75.1548,1204.0,6,0,0,0,0,0,0,0,0,1.0,0,0,0,99,1,2,1,,1,40 01:03.000,2.0,0,75 09:17.179,4,0,0,0,67301,0,0,0,,0,0,0,3,67301,2,,1,1,,,,,0,,0,0,0,3.0,2,Y,9999,2,2,0,0,0,0,1,3,4,0,2,3,,N,,,,,,,,,,,
2008040785,1404,0,0,0,0,0,0,0,0,0,8,0,,67,1,2008,5,40.0024,-75.1661,9999.0,6,0,0,0,0,0,0,0,0,,0,0,0,14,1,1,0,,0,40 00:08.668,,0,75 09:58.111,4,0,0,0,67301,1,0,0,N,1,0,0,2,67301,1,,1,1,,N,N,,0,,0,0,0,0.0,0,,1400,1,2,0,0,0,0,0,3,4,1,1,3,,N,,,,,,,,,,,
2008043958,1745,2,0,0,0,0,0,1,0,0,6,1,,67,2,2008,3,39.9434,-75.1966,1745.0,6,0,0,1,0,0,1,0,0,,0,0,0,16,3,1,0,,0,39 56:33.000,,3,75 11:49.110,8,0,0,0,67301,0,0,0,,0,0,0,7,67301,0,,1,2,,,,,1,,0,0,0,0.0,0,,1645,1,4,0,0,0,1,0,3,4,0,4,9,,N,,,,,,,,,,,
2008044022,656,1,0,0,0,0,0,0,0,0,1,1,,67,1,2008,2,40.0325,-75.0808,650.0,6,0,0,0,0,0,0,0,0,3.0,0,1,0,99,1,1,1,,1,40 01:56.000,1.0,0,75 04:51.305,8,0,0,0,67301,0,0,0,N,0,0,0,3,67301,0,,1,1,,N,N,,0,,0,0,1,3.0,2,Y,9999,1,3,0,0,0,1,0,3,4,0,3,3,,N,,,,,,,,,,,
2008044035,1338,0,0,0,0,0,0,0,0,0,8,0,,67,1,2008,4,39.9489,-75.1605,1335.0,6,0,0,0,0,0,0,0,0,,0,0,0,13,1,1,1,,0,39 56:55.000,,0,75 09:37.678,8,0,0,0,67301,1,0,0,N,1,0,0,2,67301,0,,1,1,,N,N,,1,,0,0,0,9.0,2,,1330,1,2,0,0,0,1,1,3,4,0,1,3,,N,,,,,,,,,,,
2008041292,1229,2,0,0,0,0,0,0,0,0,4,0,,67,1,2008,4,40.0077,-75.0761,1229.0,6,0,0,0,0,0,1,0,0,2.0,0,0,0,12,1,2,1,,2,40 00:27.000,4.0,0,75 04:33.776,8,0,0,0,67301,0,0,0,,0,0,0,2,67301,0,,1,1,,,,,0,,0,0,0,3.0,2,Y,1229,2,2,0,0,0,2,0,3,4,0,2,3,,N,,,,,,,,,,,
2008034040,1925,0,0,0,0,0,0,0,0,0,7,0,,67,2,2008,3,39.8901,-75.22,1859.0,6,0,0,0,0,0,0,0,0,,0,0,0,18,3,1,0,,0,39 53:23.904,,0,75 13:11.190,4,0,0,0,67301,0,0,0,N,0,0,0,1,68K01,1,,4,6,,N,N,,0,,0,0,1,0.0,0,,1849,1,1,0,0,0,0,0,3,4,0,1,10,,N,,,,,,,,,,,
2008108979,112,8,0,0,0,0,0,0,0,0,5,0,,67,8,2008,1,39.9354,-75.2228,111.0,6,0,0,0,0,0,0,0,0,,0,0,0,1,3,1,0,,0,39 56:07.303,,0,75 13:22.137,4,0,0,0,67301,0,0,0,,0,0,0,2,67301,1,,1,1,,,,,1,,0,0,0,0.0,0,,105,1,9,0,0,0,0,1,3,4,0,9,3,,N,,,,,,,,,,,