CRN,ARRIVAL_TM,AUTOMOBILE_COUNT,BELTED_DEATH_COUNT,BELTED_SUSP_SERIOUS_INJ_COUNT,BICYCLE_COUNT,BICYCLE_DEATH_COUNT,BICYCLE_SUSP_SERIOUS_INJ_COUNT,BUS_COUNT,CHLDPAS_DEATH_COUNT,CHLDPAS_SUSP_SERIOUS_INJ_COUNT,COLLISION_TYPE,COMM_VEH_COUNT,CONS_ZONE_SPD_LIM,COUNTY,CRASH_MONTH,CRASH_YEAR,DAY_OF_WEEK,DEC_LAT,DEC_LONG,DISPATCH_TM,DISTRICT,DRIVER_COUNT_16YR,DRIVER_COUNT_17YR,DRIVER_COUNT_18YR,DRIVER_COUNT_19YR,DRIVER_COUNT_20YR,DRIVER_COUNT_50_64YR,DRIVER_COUNT_65_74YR,DRIVER_COUNT_75PLUS,EST_HRS_CLOSED,FATAL_COUNT,HEAVY_TRUCK_COUNT,HORSE_BUGGY_COUNT,HOUR_OF_DAY,ILLUMINATION,INJURY_COUNT,INTERSECT_TYPE,INTERSECTION_RELATED,LANE_CLOSED,LATITUDE,LN_CLOSE_DIR,LOCATION_TYPE,LONGITUDE,MAX_SEVERITY_LEVEL,MCYCLE_DEATH_COUNT,MCYCLE_SUSP_SERIOUS_INJ_COUNT,MOTORCYCLE_COUNT,MUNICIPALITY,NONMOTR_COUNT,NONMOTR_DEATH_COUNT,NONMOTR_SUSP_SERIOUS_INJ_COUNT,NTFY_HIWY_MAINT,PED_COUNT,PED_DEATH_COUNT,PED_SUSP_SERIOUS_INJ_COUNT,PERSON_COUNT,POLICE_AGCY,POSSIBLE_INJ_COUNT,RDWY_SURF_TYPE_CD,RELATION_TO_ROAD,ROAD_CONDITION,ROADWAY_CLEARED,SCH_BUS_IND,SCH_ZONE_IND,SECONDARY_CRASH,SMALL_TRUCK_COUNT,SPEC_JURIS_CD,SUSP_MINOR_INJ_COUNT,SUSP_SERIOUS_INJ_COUNT,SUV_COUNT,TCD_FUNC_CD,TCD_TYPE,TFC_DETOUR_IND,TIME_OF_DAY,TOT_INJ_COUNT,TOTAL_UNITS,UNB_DEATH_COUNT,UNB_SUSP_SERIOUS_INJ_COUNT,UNBELTED_OCC_COUNT,UNK_INJ_DEG_COUNT,UNK_INJ_PER_COUNT,URBAN_AREA,URBAN_RURAL,VAN_COUNT,VEHICLE_COUNT,WEATHER1,WEATHER2,WORK_ZONE_IND,WORK_ZONE_LOC,WORK_ZONE_TYPE,WORKERS_PRES,WZ_CLOSE_DETOUR,WZ_FLAGGER,WZ_LAW_OFFCR_IND,WZ_LN_CLOSURE,WZ_MOVING,WZ_OTHER,WZ_SHLDER_MDN,WZ_WORKERS_INJ_KILLED
2008121048,1052,0,0,0,0,0,0,0,0,0,0,1,,67,10,2008,3,40.0405,-75.1786,1052.0,6,0,0,0,0,0,1,0,0,,0,1,0,10,1,1,1,,0,40 02:25.629,,0,75 10:43.048,3,0,0,0,67301,0,0,0,N,0,0,0,2,67301,0,,5,1,,N,N,,0,,1,0,0,3.0,2,,1052,1,1,0,0,1,0,0,3,4,0,1,3,,N,,,,,,,,,,,
2008108626,1247,2,0,0,0,0,0,0,0,0,1,0,,67,8,2008,2,40.0095,-75.1662,1244.0,6,0,0,0,0,0,2,0,0,,0,0,0,12,1,3,1,,0,40 00:34.369,,0,75 09:58.355,4,0,0,0,67301,0,0,0,,0,0,0,5,67301,2,,1,1,,,,,0,,0,0,0,9.0,3,,1244,3,2,0,0,0,1,0,3,4,0,2,3,,N,,,,,,,,,,,
2008108653,2132,1,0,0,0,0,0,0,0,0,8,0,,67,8,2008,5,39.9487,-75.1589,2130.0,6,0,0,0,0,0,0,0,0,,0,0,0,21,3,1,1,,0,39 56:55.252,,0,75 09:32.048,8,0,0,0,67301,1,0,0,N,1,0,0,2,67301,0,,1,1,,N,N,,0,,0,0,0,3.0,2,,2130,1,2,0,0,0,1,0,3,4,0,1,3,,N,,,,,,,,,,,
2008108666,1402,1,0,0,0,0,0,0,0,0,7,0,,67,8,2008,5,39.9715,-75.1603,1400.0,6,0,0,0,0,0,1,0,0,,0,0,0,14,1,1,0,,0,39 58:17.417,,0,75 09:37.084,8,0,0,0,67301,0,0,0,,0,0,0,3,67301,0,,1,1,,,,,0,,0,0,0,0.0,0,,1400,1,1,0,0,0,1,0,3,4,0,1,3,,N,,,,,,,,,,,
2008108668,1205,2,0,0,0,0,0,0,0,0,4,0,,67,8,2008,7,40.081,-75.2027,1157.0,6,0,0,0,0,0,0,0,0,,0,0,0,11,1,0,1,,0,40 04:51.447,,0,75 12:09.698,0,0,0,0,67301,0,0,0,,0,0,0,2,67301,0,,1,1,,,,,0,,0,0,0,3.0,2,,1115,0,2,0,0,0,0,0,3,4,0,2,3,,N,,,,,,,,,,,
2008101777,1053,1,0,0,0,0,0,0,0,0,5,0,,67,7,2008,2,39.9594,-75.1743,1042.0,6,0,0,0,0,0,1,0,0,,0,0,0,10,1,0,0,,0,39 57:34.878,,0,75 10:34.800,0,0,0,0,67301,0,0,0,N,0,0,0,2,68K01,0,,1,1,,N,N,,0,,0,0,1,0.0,0,,1030,0,2,0,0,0,0,0,3,4,0,2,3,,N,,,,,,,,,,,
2008101782,2033,1,0,0,0,0,0,0,0,0,1,1,,67,8,2008,3,40.0077,-75.2008,2030.0,6,0,0,0,0,0,0,0,0,,0,1,0,20,2,0,0,,0,40 00:26.233,,0,75 11:59.098,0,0,0,0,67301,0,0,0,N,0,0,0,2,68K01,0,,1,1,,N,N,,0,,0,0,0,0.0,0,,2027,0,2,0,0,0,0,0,3,4,0,2,3,,N,,,,,,,,,,,
2008099262,30,0,0,0,0,0,0,0,0,0,7,0,,67,7,2008,7,40.0887,-74.9734,10.0,6,0,0,0,0,0,0,0,0,2.0,0,0,0,0,3,1,6,,2,40 05:37.910,4.0,2,74 58:47.850,8,0,0,1,67301,0,0,0,N,0,0,0,1,67301,0,,2,1,,N,N,,0,,0,0,0,0.0,0,N,9,1,1,0,0,0,1,0,3,4,0,1,3,,N,,,,,,,,,,,
2008099299,9999,1,0,0,0,0,0,0,0,0,4,0,,67,6,2008,4,40.0169,-75.1495,9999.0,6,0,0,0,0,0,0,0,0,9.0,0,0,0,99,3,1,1,,1,40 01:00.709,1.0,0,75 08:58.114,4,0,0,1,67301,0,0,0,,0,0,0,2,67301,1,,1,1,,,,,0,,0,0,0,3.0,2,N,9999,1,2,0,0,0,0,0,3,4,0,2,3,,N,,,,,,,,,,,
2008069523,1147,0,0,0,0,0,0,0,0,0,8,0,,67,3,2008,7,39.9987,-75.126,1137.0,6,0,0,0,0,0,0,0,0,,0,0,0,12,1,1,0,,0,39 59:55.345,,0,75 07:33.618,3,0,0,0,67301,1,0,0,N,1,0,0,2,67301,0,,1,1,,N,N,,0,,1,0,0,0.0,0,,1230,1,2,0,0,0,0,0,3,4,0,1,3,,N,,,,,,,,,,,
2008112130,2118,2,0,0,0,0,0,0,0,0,5,0,,67,9,2008,2,39.9723,-75.1935,2117.0,6,0,0,0,0,0,1,0,0,2.0,0,0,0,21,3,1,0,,1,39 58:25.060,4.0,0,75 11:37.959,3,0,0,0,67301,0,0,0,N,0,0,0,2,68K01,0,,1,1,,N,N,,0,,1,0,0,0.0,0,N,2116,1,2,0,0,0,0,0,3,4,0,2,3,,N,,,,,,,,,,,
2008035873,649,2,0,0,0,0,0,0,0,0,1,0,,67,1,2008,5,39.9892,-75.2066,646.0,6,0,0,0,0,0,0,0,0,,0,0,0,6,1,1,0,,0,39 59:24.000,,0,75 12:20.420,8,0,0,0,67301,0,0,0,N,0,0,0,2,68K01,0,,1,1,,N,N,,0,,0,0,0,0.0,0,,644,1,2,0,0,0,1,1,3,4,0,2,3,,N,,,,,,,,,,,
2008061302,1840,3,0,0,0,0,0,0,0,0,1,0,,67,3,2008,1,39.906,-75.1342,1840.0,6,0,0,0,0,0,0,0,0,,0,0,0,18,1,0,0,,0,39 54:21.732,,8,75 08:02.940,0,0,0,0,67301,0,0,0,N,0,0,0,6,67501,0,,1,1,,N,N,,1,,0,0,0,0.0,0,,1840,0,4,0,0,0,0,0,3,4,0,4,3,,N,,,,,,,,,,,
2008059067,1509,1,0,0,0,0,0,0,0,0,1,0,,67,3,2008,7,39.9682,-75.1455,1507.0,6,0,0,0,0,0,0,0,0,3.0,0,0,0,15,1,1,2,,1,39 58:05.631,1.0,0,75 08:43.699,3,0,0,1,67301,0,0,0,,0,0,0,3,67301,0,,1,1,,N,,,0,,1,0,0,9.0,3,Y,1507,1,2,0,0,0,0,0,3,4,0,2,3,,N,,,,,,,,,,,
2008053756,1935,2,0,0,0,0,0,0,0,0,4,0,,67,3,2008,4,40.0876,-75.074,1932.0,6,0,0,0,0,0,0,0,0,,0,0,0,19,3,0,2,,0,40 05:15.316,,0,75 04:26.446,0,0,0,0,67301,0,0,0,N,0,0,0,3,67301,0,,1,1,,N,N,,0,,0,0,0,3.0,3,,1914,0,2,0,0,0,0,0,3,4,0,2,3,,N,,,,,,,,,,,
2008051310,1216,2,0,0,0,0,0,0,0,0,7,0,,67,4,2008,1,40.007,-75.1997,1208.0,6,0,0,0,0,0,0,1,0,2.0,0,0,0,12,1,1,0,,1,40 00:24.342,3.0,0,75 11:56.567,3,0,0,0,67301,0,0,0,N,0,0,0,2,68K01,0,,5,1,,N,N,,0,,1,0,0,0.0,0,Y,1206,1,2,0,0,0,0,0,3,4,0,2,3,,N,,,,,,,,,,,
2008053993,1407,2,0,0,0,0,0,0,0,0,5,0,,67,2,2008,6,39.9859,-75.2155,1405.0,6,0,0,1,0,0,0,0,0,1.0,0,0,0,14,1,0,0,,1,39 59:09.141,6.0,0,75 12:55.764,9,0,0,0,67301,0,0,0,N,0,0,0,9,67301,0,,1,1,,N,N,,0,,0,0,0,0.0,0,N,1400,0,2,0,0,0,0,3,3,4,0,2,3,,N,,,,,,,,,,,
2008051565,1235,1,0,0,0,0,0,0,0,0,7,0,,67,3,2008,1,39.9459,-75.1984,1235.0,6,0,0,0,0,0,0,1,0,,0,0,0,12,1,0,0,,0,39 56:47.340,,0,75 11:54.201,0,0,0,0,67301,0,0,0,N,0,0,0,1,67504,0,,4,1,,N,N,,0,,0,0,0,3.0,2,,1234,0,1,0,0,0,0,0,3,4,0,1,3,,N,,,,,,,,,,,
2008054204,2210,1,0,0,0,0,0,0,0,0,4,0,,67,1,2008,5,40.0706,-75.1847,2202.0,6,0,0,0,0,0,0,0,0,9.0,0,0,0,21,3,0,1,,1,40 04:14.016,6.0,0,75 11:04.775,0,0,0,0,67301,0,0,0,N,0,0,0,3,67301,0,,1,1,,N,N,,0,,0,0,1,3.0,2,N,2159,0,2,0,0,0,0,0,3,4,0,2,3,,N,,,,,,,,,,,
2008051757,32,2,0,0,0,0,0,0,0,0,1,0,,67,2,2008,7,39.9507,-75.1689,32.0,6,0,0,0,0,0,0,0,0,,0,0,0,0,3,1,1,,0,39 57:02.545,,0,75 10:08.180,4,0,0,0,67301,0,0,0,N,0,0,0,2,67301,1,,1,6,,N,N,,0,,0,0,0,3.0,2,,30,1,2,0,0,0,0,0,3,4,0,2,10,,N,,,,,,,,,,,
2008133006,1137,2,0,0,0,0,0,0,0,0,1,0,,67,11,2008,5,40.0445,-75.1931,1136.0,6,0,0,0,0,0,0,0,0,,0,0,0,11,1,1,1,,0,40 02:40.302,,0,75 11:35.236,8,0,0,0,67301,0,0,0,N,0,0,0,2,67301,0,,1,9,,N,N,,0,,0,0,0,3.0,2,,1125,1,2,0,0,0,1,0,3,4,0,2,7,,N,,,,,,,,,,,
2008050263,1650,0,0,0,0,0,0,0,0,0,8,0,,67,2,2008,6,39.9914,-75.0946,1646.0,6,0,0,0,0,0,0,0,0,,0,0,0,16,1,1,0,,0,39 59:28.993,,0,75 05:40.657,3,0,0,0,67301,1,0,0,,1,0,0,2,67301,0,,1,1,,,,,1,,1,0,0,0.0,0,,1645,1,2,0,0,0,0,0,3,4,0,1,3,,N,,,,,,,,,,,
2008047657,2100,1,0,0,0,0,0,0,0,0,8,0,,67,1,2008,4,40.0364,-75.1305,2100.0,6,0,0,0,0,0,0,0,0,,0,0,0,21,3,1,1,,0,40 02:11.152,,0,75 07:49.835,4,0,0,0,67301,1,0,0,N,1,0,0,2,67301,1,,1,1,,N,N,,0,,0,0,0,9.0,2,,2100,1,2,0,0,0,0,0,3,4,0,1,3,,N,,,,,,,,,,,
2008050381,1652,0,0,0,0,0,0,0,0,0,8,0,,67,2,2008,2,39.9791,-75.161,1630.0,6,0,0,0,0,0,1,0,0,,0,0,0,16,3,1,1,,0,39 58:44.727,,0,75 09:39.689,8,0,0,0,67301,1,0,0,N,1,0,0,2,67301,0,,1,9,,N,N,,1,,0,0,0,3.0,2,,1645,1,2,0,0,0,1,0,3,4,0,1,3,,N,,,,,,,,,,,
2008040760,1212,2,0,0,0,0,0,0,0,0,4,0,,67,1,2008,3,39.9973,-75.1203,1210.0,6,0,0,0,0,0,0,0,0,,0,0,0,11,1,1,1,,0,39 59:50.437,,0,75 07:13.186,8,0,0,0,67301,0,0,0,,0,0,0,3,67301,0,,1,9,,N,N,,1,,0,0,0,0.0,0,,1155,1,3,0,0,0,1,1,3,4,0,3,7,,N,,,,,,,,,,,
2008026634,1107,1,0,0,0,0,0,0,0,0,4,0,,67,1,2008,4,39.959,-75.229,9999.0,6,0,0,0,0,0,0,0,0,,0,0,0,11,1,2,1,,0,39 57:32.000,,0,75 13:44.178,4,0,0,0,67301,0,0,0,,0,0,0,2,67301,2,,1,1,,,,,0,,0,0,0,3.0,2,,1107,2,2,0,0,0,0,0,3,4,1,2,3,,N,,,,,,,,,,,
2008050473,2038,1,0,0,1,0,1,0,0,0,5,0,,67,2,2008,4,39.9511,-75.1976,2038.0,6,0,0,0,0,0,0,0,0,,0,0,0,20,3,1,0,,0,39 57:03.801,,0,75 11:51.471,2,0,0,0,67301,1,0,1,N,0,0,0,3,67301,0,,1,1,,N,N,,0,,0,1,1,0.0,0,,2035,1,3,0,0,1,0,0,3,4,0,2,3,,N,,,,,,,,,,,
2008050494,2235,0,0,0,0,0,0,0,0,0,8,0,,67,3,2008,3,39.9125,-75.243,2230.0,6,0,0,0,0,0,1,0,0,,0,0,0,22,3,1,2,,0,39 54:44.982,,0,75 14:34.897,8,0,0,0,67301,1,0,0,N,1,0,0,2,67301,0,,1,9,,N,N,,0,,0,0,1,0.0,0,,2220,1,2,0,0,0,1,0,3,4,0,1,7,,N,,,,,,,,,,,
2008050509,1050,1,0,0,0,0,0,0,0,0,7,0,,67,2,2008,2,40.024,-75.1958,1048.0,6,0,0,0,0,0,0,0,0,1.0,0,0,0,10,1,0,1,,2,40 01:26.341,1.0,0,75 11:44.720,0,0,0,0,67301,0,0,0,N,0,0,0,1,67301,0,,4,8,,N,N,,0,,0,0,0,0.0,0,Y,1045,0,1,0,0,0,0,0,3,4,0,1,3,,N,,,,,,,,,,,
2008050749,1738,1,0,0,0,0,0,0,0,0,8,0,,67,2,2008,3,40.0074,-75.1252,1737.0,6,0,0,0,0,0,0,0,0,,0,0,0,17,3,1,2,,0,40 00:26.789,,0,75 07:30.615,3,0,0,0,67301,1,0,0,N,1,0,0,2,67301,0,,1,1,,N,N,,0,,1,0,0,3.0,2,,1730,1,2,0,0,0,0,0,3,4,0,1,3,,N,,,,,,,,,,,
2008050834,1915,1,0,0,0,0,0,0,0,0,2,0,,67,2,2008,6,40.0581,-75.1743,1910.0,6,0,0,0,0,0,2,0,0,,0,0,0,19,3,1,1,,0,40 03:29.310,,0,75 10:27.488,4,0,0,0,67301,0,0,0,N,0,0,0,4,67301,1,,1,1,,N,N,,0,,0,0,1,1.0,2,,1910,1,3,0,0,3,0,0,3,4,1,3,3,,N,,,,,,,,,,,
2008050870,1422,2,0,0,0,0,0,0,0,0,1,0,,67,2,2008,1,39.997,-75.1296,1421.0,6,0,0,0,0,0,0,0,0,,0,0,0,13,1,1,1,,0,39 59:49.056,,0,75 07:46.603,4,0,0,0,67301,0,0,0,N,0,0,0,3,67301,1,,1,1,,N,N,,0,,0,0,0,0.0,0,,1320,1,2,0,0,0,0,0,3,4,0,2,3,,N,,,,,,,,,,,
2008050875,1100,2,0,0,0,0,0,0,0,0,4,0,,67,3,2008,4,40.0013,-75.1529,1050.0,6,0,0,0,0,0,0,0,0,1.0,0,0,0,10,1,2,0,,1,40 00:04.540,1.0,0,75 09:10.328,8,0,0,0,67301,0,0,0,N,0,0,0,2,67301,0,,1,9,,N,N,,0,,0,0,0,3.0,2,Y,1050,2,2,0,0,0,2,0,3,4,0,2,3,,N,,,,,,,,,,,
2008045600,2022,1,0,0,0,0,0,0,0,0,4,0,,67,1,2008,5,39.9616,-75.175,2021.0,6,0,0,0,0,0,0,0,0,,0,0,0,20,3,1,1,,0,39 57:41.673,,0,75 10:30.111,8,0,0,0,67301,0,0,0,N,0,0,0,4,67301,0,,1,1,,N,N,,0,,0,0,1,3.0,2,,2020,1,2,0,0,0,1,3,3,4,0,2,3,,N,,,,,,,,,,,
2008041250,1315,1,0,0,0,0,0,0,0,0,4,0,,67,1,2008,1,39.9169,-75.216,1310.0,6,0,0,0,0,0,0,0,1,,0,1,0,11,1,1,0,,0,39 55:05.000,,0,75 12:33.291,3,0,0,0,67301,0,0,0,N,0,0,0,2,67301,0,,1,1,,N,N,,0,,1,0,0,0.0,0,,1100,1,2,0,0,1,0,0,3,4,0,2,3,,N,,,,,,,,,,,
2008044139,1134,2,0,0,0,0,0,0,0,0,4,0,,67,1,2008,5,40.0302,-75.1703,1130.0,6,0,0,0,0,0,1,0,0,,0,0,0,11,1,3,1,,0,40 01:48.784,,0,75 10:13.040,8,0,0,0,67301,0,0,0,N,0,0,0,3,67301,0,,1,1,,N,N,,0,,0,0,0,3.0,3,,1127,3,2,0,0,0,3,0,3,4,0,2,3,,N,,,,,,,,,,,
2008069284,2025,1,0,0,0,0,0,0,0,0,7,0,,67,4,2008,6,39.9413,-75.2122,2015.0,6,0,0,0,0,0,0,0,0,,0,0,0,20,3,1,0,,0,39 56:28.812,,0,75 12:43.974,4,0,0,0,67301,0,0,0,N,0,0,0,1,67301,1,,4,9,,N,N,,0,,0,0,0,0.0,0,,2010,1,1,0,0,0,0,0,3,4,0,1,7,,N,,,,,,,,,,,
2008118558,253,1,0,0,0,0,0,0,0,0,8,0,,67,9,2008,1,39.944,-75.1523,253.0,6,0,0,0,0,0,0,0,0,,0,0,0,2,3,1,0,,0,39 56:38.360,,0,75 09:08.452,3,0,0,0,67301,1,0,0,N,1,0,0,4,67301,0,,1,9,,N,N,,0,,1,0,0,0.0,0,,213,1,2,0,0,3,0,0,3,4,0,1,7,,N,,,,,,,,,,,
2008118583,2255,1,0,0,0,0,0,0,0,0,7,0,,67,9,2008,6,40.0624,-75.0429,2230.0,6,0,0,0,0,0,0,0,0,1.0,0,0,0,22,3,0,0,,1,40 03:44.360,1.0,0,75 02:34.669,0,0,0,0,67301,0,0,0,,0,0,0,5,67301,0,,3,1,,N,N,,0,,0,0,0,3.0,2,N,2230,0,1,0,0,0,0,0,3,4,0,1,3,,N,,,,,,,,,,,
2008108619,326,2,0,0,0,0,0,0,0,0,4,0,,67,8,2008,6,40.0272,-75.1512,326.0,6,0,0,0,0,0,0,0,0,,0,0,0,3,3,1,1,,0,40 01:37.801,,0,75 09:04.478,3,0,0,0,67301,0,0,0,N,0,0,0,2,67301,0,,1,1,,N,N,,0,,1,0,0,3.0,2,,320,1,2,0,0,1,0,0,3,4,0,2,3,,N,,,,,,,,,,,
2008108631,908,1,0,0,0,0,0,0,0,0,4,1,,67,8,2008,6,39.9968,-75.1769,905.0,6,0,0,0,0,0,1,0,0,3.0,0,1,0,9,1,0,1,,1,39 59:48.592,4.0,0,75 10:36.999,9,0,0,0,67301,0,0,0,,0,0,0,3,67301,0,,1,1,,,,,0,,0,0,0,3.0,2,Y,905,0,2,0,0,0,0,1,3,4,0,2,3,,N,,,,,,,,,,,
2008108641,9999,1,0,0,0,0,0,0,0,0,5,0,,67,8,2008,6,40.0144,-75.153,9999.0,6,0,0,0,1,0,0,0,0,,0,0,0,99,3,1,1,,0,40 00:51.708,,0,75 09:10.931,4,0,0,0,67301,0,0,0,N,0,0,0,2,67301,1,,1,9,,N,N,,0,,0,0,0,3.0,3,,9999,1,2,0,0,0,0,0,3,4,1,2,7,,N,,,,,,,,,,,
2008069386,1627,1,0,0,0,0,0,0,0,0,8,0,,67,4,2008,7,39.9725,-75.1744,1627.0,6,0,0,0,0,0,0,0,0,,0,0,0,16,1,1,0,,0,39 58:21.178,,0,75 10:27.838,2,0,0,0,67301,1,0,1,,1,0,1,2,67301,0,,1,1,,N,N,,0,,0,1,0,0.0,0,,1615,1,2,0,0,0,0,1,3,4,0,1,3,,N,,,,,,,,,,,
2008118607,957,2,0,0,0,0,0,0,0,0,1,0,,67,9,2008,1,39.8897,-75.2336,957.0,6,0,0,0,1,0,1,0,0,,0,0,0,9,1,1,3,,0,39 53:28.700,,0,75 14:04.360,8,0,0,0,67301,0,0,0,N,0,0,0,2,67301,0,,1,1,,N,N,,0,,0,0,0,3.0,4,,927,1,2,0,0,0,1,0,3,4,0,2,3,,N,,,,,,,,,,,
2008121103,1200,1,0,0,0,0,0,0,0,0,1,0,,67,9,2008,6,39.9781,-75.267,1155.0,6,0,0,0,0,0,0,0,1,,0,0,0,11,1,3,2,,0,39 58:41.405,,0,75 16:01.310,4,0,0,0,67301,0,0,0,N,0,0,0,3,67301,3,,1,9,,N,N,,0,,0,0,1,3.0,2,,1152,3,2,0,0,0,0,0,3,4,0,2,7,,N,,,,,,,,,,,
2008103594,9999,2,0,0,0,0,0,0,0,0,4,0,,67,8,2008,3,40.0619,-75.1367,1809.0,6,0,0,0,0,0,0,1,0,,0,0,0,18,4,0,1,,0,40 03:42.840,,0,75 08:12.120,0,0,0,0,67301,0,0,0,N,0,0,0,2,46102,0,,1,1,,N,N,,0,,0,0,0,3.0,2,,1808,0,2,0,0,0,0,0,3,4,0,2,3,,N,,,,,,,,,,,
2008099275,408,3,0,0,0,0,0,0,0,0,4,0,,67,7,2008,2,39.9525,-75.1452,403.0,6,0,0,0,0,0,0,0,0,2.0,0,0,0,3,3,0,0,,1,39 57:09.079,1.0,0,75 08:42.556,0,0,0,0,67301,0,0,0,N,0,0,0,1,67301,0,,5,1,,N,N,,0,,0,0,0,0.0,0,N,350,0,3,0,0,0,0,0,3,4,0,3,3,,N,,,,,,,,,,,
2008108465,1430,2,0,0,0,0,0,0,0,0,1,0,,67,9,2008,2,39.9344,-75.2244,1424.0,6,0,0,0,0,1,0,0,0,,0,0,0,14,1,0,0,,0,39 56:03.811,,0,75 13:27.760,0,0,0,0,67301,0,0,0,N,0,0,0,3,67301,0,,1,1,,,,,0,,0,0,1,0.0,0,,1400,0,3,0,0,0,0,0,3,4,0,3,3,,N,,,,,,,,,,,
2008108479,1950,2,0,0,0,0,0,0,0,0,5,0,,67,8,2008,6,39.9578,-75.1472,1945.0,6,0,0,1,0,0,0,0,0,,0,0,0,99,1,4,2,,0,39 57:28.160,,0,75 08:50.070,4,0,0,0,67301,0,0,0,N,0,0,0,6,67301,4,,1,1,,N,N,,0,,0,0,0,3.0,2,,9999,4,2,0,0,0,0,0,3,4,0,2,3,,N,,,,,,,,,,,
2008108569,9999,0,0,0,0,0,0,0,0,0,0,0,,67,8,2008,7,40.0299,-75.2064,9999.0,6,0,0,0,0,0,0,0,0,,0,0,0,13,1,1,2,,0,40 01:47.530,,0,75 12:23.170,3,0,0,1,67301,0,0,0,,0,0,0,1,67301,0,,1,1,,N,N,,0,,1,0,0,0.0,0,,1358,1,1,0,0,0,0,0,3,4,0,1,3,,N,,,,,,,,,,,
2008103439,809,3,0,0,0,0,0,0,0,0,1,0,,67,6,2008,1,39.9575,-75.2045,805.0,6,0,0,0,0,0,1,0,0,,0,0,0,8,1,2,0,,0,39 57:26.966,,0,75 12:16.094,4,0,0,0,67301,0,0,0,,0,0,0,2,67301,1,,1,1,,N,N,,0,,0,0,1,0.0,0,,802,2,4,0,0,0,1,0,3,4,0,4,3,,N,,,,,,,,,,,
2008069510,2147,2,0,0,0,0,0,0,0,0,5,0,,67,4,2008,4,40.0219,-75.1471,2140.0,6,0,0,1,0,0,0,0,0,,0,0,0,21,3,1,0,,0,40 01:18.861,,0,75 08:49.380,4,0,0,0,67301,0,0,0,N,0,0,0,2,67301,1,,6,1,,N,N,,0,,0,0,0,0.0,0,,2140,1,2,0,0,1,0,0,3,4,0,2,3,,N,,,,,,,,,,,
2008120911,2150,1,0,0,0,0,0,0,0,0,7,0,99.0,67,9,2008,6,39.8895,-75.2323,2145.0,6,0,0,0,0,0,0,0,0,1.0,0,0,0,21,3,0,0,,1,39 53:22.403,3.0,0,75 13:56.789,0,0,0,0,67301,0,0,0,Y,0,0,0,2,67301,0,,2,9,,N,N,,0,,0,0,0,0.0,0,Y,2140,0,1,0,0,2,0,0,3,4,0,1,98,,Y,8.0,8.0,U,U,U,U,U,U,U,U,
2008060912,1509,1,0,0,0,0,0,0,0,0,4,1,,67,3,2008,2,39.9089,-75.1385,1458.0,6,0,0,0,1,0,0,0,0,9.0,0,1,0,14,1,0,0,,1,39 54:31.957,2.0,7,75 08:18.592,0,0,0,0,67301,0,0,0,N,0,0,0,2,67301,0,,1,1,,N,N,,0,,0,0,0,0.0,0,N,1456,0,2,0,0,0,0,0,3,4,0,2,3,,N,,,,,,,,,,,
2008060913,1215,1,0,0,0,0,0,0,0,0,7,0,,67,4,2008,5,39.9111,-75.138,1209.0,6,0,1,0,0,0,0,0,0,,0,0,0,12,1,1,0,,0,39 54:40.089,,0,75 08:16.886,4,0,0,0,67301,0,0,0,N,0,0,0,1,67301,1,,5,1,,N,N,,0,,0,0,0,0.0,0,,1205,1,1,0,0,0,0,0,3,4,0,1,3,,N,,,,,,,,,,,
2008061197,2225,1,0,0,0,0,0,0,0,0,4,0,,67,4,2008,4,39.9002,-75.1746,2225.0,6,0,1,0,0,0,0,0,0,,0,0,0,22,3,5,1,,0,39 54:00.574,,0,75 10:28.607,3,0,0,0,67301,0,0,0,N,0,0,0,7,67301,3,,1,1,,N,N,,1,,2,0,0,3.0,1,,2225,5,2,0,0,0,0,0,3,4,0,2,3,,N,,,,,,,,,,,
2008051378,2140,2,0,0,0,0,0,0,0,0,5,0,,67,2,2008,4,40.0257,-75.0316,2136.0,6,0,0,0,0,1,0,0,0,,0,0,0,21,3,2,1,,0,40 01:32.421,,0,75 01:53.915,8,0,0,0,67301,0,0,0,N,0,0,0,3,67301,0,,1,1,,N,N,,0,,0,0,0,3.0,2,,2135,2,2,0,0,0,2,0,3,4,0,2,3,,N,,,,,,,,,,,
2008054069,1732,2,0,0,0,0,0,0,0,0,4,0,,67,1,2008,6,40.0407,-75.0762,1728.0,6,0,0,0,0,0,0,0,0,1.0,0,0,0,17,3,0,1,,1,40 02:26.384,7.0,0,75 04:34.269,0,0,0,0,67301,0,0,0,N,0,0,0,2,67301,0,,1,1,,N,N,,0,,0,0,0,3.0,2,Y,1713,0,2,0,0,0,0,0,3,4,0,2,3,,N,,,,,,,,,,,
2008051408,1150,2,0,0,0,0,0,0,0,0,4,0,,67,3,2008,1,40.0356,-75.0762,1145.0,6,0,0,1,0,0,0,0,0,3.0,0,0,0,11,1,1,0,,2,40 02:08.322,3.0,0,75 04:34.154,4,0,0,0,67301,0,0,0,N,0,0,0,1,67301,1,,1,1,,N,N,,0,,0,0,1,0.0,0,Y,1143,1,4,0,0,0,0,0,3,4,1,4,3,,N,,,,,,,,,,,