CRN,ARRIVAL_TM,AUTOMOBILE_COUNT,BELTED_DEATH_COUNT,BELTED_SUSP_SERIOUS_INJ_COUNT,BICYCLE_COUNT,BICYCLE_DEATH_COUNT,BICYCLE_SUSP_SERIOUS_INJ_COUNT,BUS_COUNT,CHLDPAS_DEATH_COUNT,CHLDPAS_SUSP_SERIOUS_INJ_COUNT,COLLISION_TYPE,COMM_VEH_COUNT,CONS_ZONE_SPD_LIM,COUNTY,CRASH_MONTH,CRASH_YEAR,DAY_OF_WEEK,DEC_LAT,DEC_LONG,DISPATCH_TM,DISTRICT,DRIVER_COUNT_16YR,DRIVER_COUNT_17YR,DRIVER_COUNT_18YR,DRIVER_COUNT_19YR,DRIVER_COUNT_20YR,DRIVER_COUNT_50_64YR,DRIVER_COUNT_65_74YR,DRIVER_COUNT_75PLUS,EST_HRS_CLOSED,FATAL_COUNT,HEAVY_TRUCK_COUNT,HORSE_BUGGY_COUNT,HOUR_OF_DAY,ILLUMINATION,INJURY_COUNT,INTERSECT_TYPE,INTERSECTION_RELATED,LANE_CLOSED,LATITUDE,LN_CLOSE_DIR,LOCATION_TYPE,LONGITUDE,MAX_SEVERITY_LEVEL,MCYCLE_DEATH_COUNT,MCYCLE_SUSP_SERIOUS_INJ_COUNT,MOTORCYCLE_COUNT,MUNICIPALITY,NONMOTR_COUNT,NONMOTR_DEATH_COUNT,NONMOTR_SUSP_SERIOUS_INJ_COUNT,NTFY_HIWY_MAINT,PED_COUNT,PED_DEATH_COUNT,PED_SUSP_SERIOUS_INJ_COUNT,PERSON_COUNT,POLICE_AGCY,POSSIBLE_INJ_COUNT,RDWY_SURF_TYPE_CD,RELATION_TO_ROAD,ROAD_CONDITION,ROADWAY_CLEARED,SCH_BUS_IND,SCH_ZONE_IND,SECONDARY_CRASH,SMALL_TRUCK_COUNT,SPEC_JURIS_CD,SUSP_MINOR_INJ_COUNT,SUSP_SERIOUS_INJ_COUNT,SUV_COUNT,TCD_FUNC_CD,TCD_TYPE,TFC_DETOUR_IND,TIME_OF_DAY,TOT_INJ_COUNT,TOTAL_UNITS,UNB_DEATH_COUNT,UNB_SUSP_SERIOUS_INJ_COUNT,UNBELTED_OCC_COUNT,UNK_INJ_DEG_COUNT,UNK_INJ_PER_COUNT,URBAN_AREA,URBAN_RURAL,VAN_COUNT,VEHICLE_COUNT,WEATHER1,WEATHER2,WORK_ZONE_IND,WORK_ZONE_LOC,WORK_ZONE_TYPE,WORKERS_PRES,WZ_CLOSE_DETOUR,WZ_FLAGGER,WZ_LAW_OFFCR_IND,WZ_LN_CLOSURE,WZ_MOVING,WZ_OTHER,WZ_SHLDER_MDN,WZ_WORKERS_INJ_KILLED
2008054192,132,1,0,0,0,0,0,0,0,0,1,0,,67,2,2008,2,40.0234,-75.0334,126.0,6,0,0,0,0,0,2,0,0,1.0,0,0,0,1,3,1,3,,1,40 01:24.491,1.0,2,75 02:00.444,4,0,0,0,67301,0,0,0,,0,0,0,2,67301,1,,1,1,,N,N,,0,,0,0,1,0.0,0,N,120,1,2,0,0,0,0,0,3,4,0,2,3,,N,,,,,,,,,,,
2008051791,2130,2,0,0,0,0,0,0,0,0,2,0,,67,3,2008,1,39.9913,-75.1338,2130.0,6,0,0,0,0,0,0,0,0,1.0,0,0,0,21,3,2,1,,1,39 59:28.680,4.0,0,75 08:01.680,4,0,0,0,67301,0,0,0,N,0,0,0,3,67301,2,,1,1,,N,N,,0,,0,0,0,3.0,2,N,2120,2,2,0,0,0,0,0,3,4,0,2,3,,N,,,,,,,,,,,
2008051726,1728,2,0,0,0,0,0,0,0,0,7,0,,67,3,2008,4,,,1725.0,6,0,0,0,0,0,0,0,0,9.0,0,0,0,17,1,1,0,,2,,1.0,0,,4,0,0,0,67301,0,0,0,Y,0,0,0,2,67301,1,,4,2,,N,N,,0,,0,0,0,0.0,0,Y,1719,1,2,0,0,0,0,0,3,3,0,2,98,,N,,,,,,,,,,,
2008052077,322,1,0,0,0,0,0,0,0,0,4,0,,67,3,2008,1,39.9381,-75.198,317.0,6,0,0,0,0,0,0,0,0,1.0,0,0,0,3,3,0,0,,2,39 56:23.966,3.0,0,75 11:45.504,9,0,0,0,67301,0,0,0,N,0,0,0,4,68K01,0,,3,9,,N,N,,1,,0,0,0,0.0,0,N,318,0,2,0,0,0,0,1,3,4,0,2,7,,N,,,,,,,,,,,
2008049333,932,2,0,0,0,0,0,0,0,0,7,0,,67,2,2008,6,39.9866,-75.2079,932.0,6,0,0,0,0,0,1,0,0,,0,0,0,9,1,2,0,,0,39 59:15.720,,0,75 12:26.640,3,0,0,0,67301,0,0,0,N,0,0,0,3,68K01,1,,2,9,,N,N,,0,,1,0,0,0.0,0,,923,2,2,0,0,3,0,0,3,4,0,2,7,,N,,,,,,,,,,,
2008050187,1508,2,0,0,0,0,0,0,0,0,4,0,,67,2,2008,6,39.9875,-75.1784,1502.0,6,0,0,0,0,0,0,0,0,,0,0,0,15,1,1,1,,0,39 59:15.093,,0,75 10:42.149,3,0,0,0,67301,0,0,0,,0,0,0,2,67301,0,,1,1,,N,N,,0,,1,0,0,3.0,2,,1500,1,2,0,0,0,0,0,3,4,0,2,3,,N,,,,,,,,,,,
2008050250,9999,2,0,0,0,0,0,0,0,0,4,0,,67,3,2008,2,40.0482,-75.1834,9999.0,6,0,0,0,0,0,0,0,0,,0,0,0,99,1,2,1,,0,40 02:53.743,,0,75 11:00.264,8,0,0,0,67301,0,0,0,N,0,0,0,3,67301,0,,1,1,,N,N,,0,,0,0,0,3.0,2,,9999,2,2,0,0,0,2,0,3,4,0,2,3,,N,,,,,,,,,,,
2008045535,1515,1,0,0,0,0,0,0,0,0,1,0,,67,2,2008,2,40.0211,-75.14,1500.0,6,0,0,0,0,0,1,0,0,9.0,0,0,0,14,1,0,0,,1,40 01:15.000,1.0,0,75 08:23.975,0,0,0,0,67301,0,0,0,Y,0,0,0,2,67301,0,,1,1,,N,N,,1,,0,0,0,9.0,2,N,1450,0,2,0,0,0,0,0,3,4,0,2,3,,N,,,,,,,,,,,
2008045447,15,2,0,0,0,0,0,0,0,0,6,0,,67,2,2008,7,39.9806,-75.2214,10.0,6,0,0,0,0,0,1,0,0,,0,0,0,0,3,2,2,,0,39 58:50.000,,0,75 13:17.107,8,0,0,0,67301,0,0,0,N,0,0,0,3,67301,0,,1,1,,N,N,,0,,0,0,0,3.0,3,,5,2,2,0,0,1,2,0,3,4,0,2,3,,N,,,,,,,,,,,
2008026617,1035,1,0,0,0,0,0,0,0,0,8,0,,67,1,2008,5,40.0035,-75.1303,1035.0,6,0,0,0,0,0,0,1,0,,0,0,0,10,1,1,0,,0,40 00:12.423,,0,75 07:48.986,4,0,0,0,67301,1,0,0,,1,0,0,2,67301,1,,1,1,,N,N,,0,,0,0,0,0.0,0,,1035,1,2,0,0,0,0,0,3,4,0,1,3,,N,,,,,,,,,,,
2008038525,118,2,0,0,0,0,0,0,0,0,5,0,,67,2,2008,4,40.0504,-74.991,56.0,6,0,0,0,1,0,0,0,0,,0,0,0,0,3,2,0,,0,40 03:01.733,,0,74 59:27.088,4,0,0,0,67301,0,0,0,N,0,0,0,3,68M03,2,,1,1,,N,N,,0,,0,0,0,0.0,0,,56,2,2,0,0,0,0,0,3,4,0,2,3,,N,,,,,,,,,,,
2008050730,936,2,0,0,0,0,0,0,0,0,4,0,,67,2,2008,6,40.0298,-75.1043,934.0,6,0,0,0,0,0,0,0,0,1.0,0,0,0,9,1,0,1,,1,40 01:47.712,3.0,0,75 06:11.598,0,0,0,0,67301,0,0,0,,0,0,0,2,67301,0,,1,7,,N,N,,0,,0,0,0,3.0,2,N,933,0,2,0,0,0,0,0,3,4,0,2,10,,N,,,,,,,,,,,
2008050612,9999,2,0,0,0,0,0,0,0,0,4,0,,67,2,2008,5,40.0265,-75.0978,9999.0,6,0,0,0,0,0,0,0,0,2.0,0,0,0,7,1,1,0,,1,40 01:35.301,2.0,0,75 05:51.902,8,0,0,0,67301,0,0,0,,0,0,0,3,67301,0,,1,1,,N,N,,0,,0,0,0,0.0,0,Y,729,1,2,0,0,0,1,0,3,4,0,2,3,,N,,,,,,,,,,,
2008050775,1830,1,0,0,0,0,0,0,0,0,6,1,,67,2,2008,5,39.9166,-75.2458,1825.0,6,0,0,0,0,0,0,0,0,,0,1,0,18,3,1,1,,0,39 54:59.608,,0,75 14:44.785,4,0,0,0,67301,0,0,0,,0,0,0,2,67301,1,,9,1,,,,,0,,0,0,0,0.0,0,,1820,1,2,0,0,0,0,0,3,4,0,2,3,,N,,,,,,,,,,,
2008048194,1139,1,0,0,0,0,0,0,0,0,5,0,,67,1,2008,4,39.9487,-75.2045,1122.0,6,0,0,0,0,0,2,0,0,,0,0,0,11,1,1,0,,0,39 56:55.316,,0,75 12:16.257,8,0,0,0,67301,0,0,0,N,0,0,0,2,67301,0,,1,1,,N,N,,0,,0,0,1,0.0,0,,1115,1,2,0,0,0,1,0,3,4,0,2,3,,N,,,,,,,,,,,
2008046082,131,1,0,0,0,0,0,0,0,0,7,0,,67,3,2008,2,39.9891,-75.2066,122.0,6,0,0,0,0,0,1,0,0,,0,0,0,1,3,1,0,,0,39 59:24.000,,0,75 12:20.520,4,0,0,0,67301,0,0,0,N,0,0,0,1,68K01,1,,2,9,,N,N,,0,,0,0,0,0.0,0,,120,1,1,0,0,0,0,0,3,4,0,1,7,,N,,,,,,,,,,,
2008044007,1750,0,0,0,0,0,0,0,0,0,8,0,,67,1,2008,2,39.9518,-75.2031,1744.0,6,0,0,0,0,0,0,0,0,,0,0,0,17,3,1,1,,0,39 57:06.318,,0,75 12:11.069,8,0,0,0,67301,1,0,0,N,1,0,0,2,67301,0,,1,1,,N,N,,1,,0,0,0,9.0,2,,1744,1,2,0,0,0,1,0,3,4,0,1,3,,N,,,,,,,,,,,
2008044021,1450,1,0,0,0,0,0,0,0,0,4,0,,67,1,2008,1,39.9183,-75.1717,1445.0,6,0,0,0,1,0,0,0,0,,0,0,0,99,1,1,2,,0,39 55:05.746,,0,75 10:18.227,4,0,0,1,67301,0,0,0,N,0,0,0,3,67301,1,,1,1,,N,N,,0,,0,0,0,3.0,3,,9999,1,2,0,0,0,0,0,3,4,0,2,3,,N,,,,,,,,,,,
2008041245,945,2,0,0,0,0,0,0,0,0,4,0,,67,2,2008,1,39.9631,-75.2242,941.0,6,0,0,0,0,1,0,1,0,,0,0,0,9,1,0,1,,0,39 57:47.035,,0,75 13:27.223,0,0,0,0,67301,0,0,0,N,0,0,0,3,67301,0,,1,1,,N,N,,0,,0,0,0,3.0,2,,935,0,2,0,0,0,0,0,3,4,0,2,3,,N,,,,,,,,,,,
2008034043,831,2,0,0,0,0,0,0,0,0,1,0,,67,2,2008,4,39.9494,-75.1842,823.0,6,0,0,0,0,0,1,0,0,2.0,0,0,0,8,1,1,0,,1,39 56:58.000,4.0,0,75 11:03.139,4,0,0,0,67301,0,0,0,N,0,0,0,6,68K01,1,,1,1,,N,N,,0,,0,0,0,0.0,0,N,820,1,2,0,0,0,0,0,3,4,0,2,3,,N,,,,,,,,,,,
2008069623,1600,1,0,0,0,0,0,0,0,0,8,0,,67,4,2008,6,40.0031,-75.1343,1556.0,6,0,0,0,0,0,0,0,0,,0,0,0,15,1,1,0,,0,40 00:11.098,,0,75 08:03.422,4,0,0,0,67301,1,0,0,N,1,0,0,2,67301,1,,1,1,,N,N,,0,,0,0,0,0.0,0,,1550,1,2,0,0,0,0,0,3,4,0,1,3,,N,,,,,,,,,,,
2008108986,1958,2,0,0,0,0,0,0,0,0,1,0,,67,8,2008,2,40.0284,-75.0916,1955.0,6,0,0,0,0,0,1,0,0,1.0,0,0,0,19,3,1,0,,1,40 01:42.151,1.0,0,75 05:29.724,3,0,0,0,67301,0,0,0,N,0,0,0,2,67301,0,,1,1,,N,N,,0,,1,0,0,3.0,2,N,1952,1,2,0,0,0,0,0,3,4,0,2,3,,N,,,,,,,,,,,
2008118530,9999,1,0,0,1,0,0,0,0,0,4,0,,67,9,2008,2,39.9489,-75.1605,9999.0,6,0,0,0,0,0,1,0,0,,0,0,0,19,3,1,1,,0,39 56:55.948,,0,75 09:37.678,8,0,0,0,67301,1,0,0,,0,0,0,2,67301,0,,1,1,,N,N,,0,,0,0,0,3.0,2,,1930,1,2,0,0,0,1,0,3,4,0,1,3,,N,,,,,,,,,,,
2008118577,805,2,0,0,0,0,0,0,0,0,4,0,,67,9,2008,7,39.992,-75.1402,801.0,6,0,0,0,0,0,0,0,0,2.0,0,0,0,8,1,1,1,,1,39 59:31.321,7.0,0,75 08:24.666,8,0,0,0,67301,0,0,0,,0,0,0,2,67301,0,,1,1,,N,N,,0,,0,0,0,3.0,2,N,801,1,2,0,0,0,1,0,3,4,0,2,3,,N,,,,,,,,,,,
2008118614,2003,1,0,0,0,0,0,0,0,0,4,0,,67,10,2008,6,40.0693,-75.1563,1955.0,6,0,0,0,0,0,0,0,0,2.0,0,0,0,19,3,0,2,,1,40 04:09.480,2.0,0,75 09:22.680,0,0,0,0,67301,0,0,0,N,0,0,0,2,67301,0,,1,1,,N,N,,0,,0,0,1,3.0,3,Y,1955,0,2,0,0,1,0,0,3,4,0,2,3,,N,,,,,,,,,,,
2008118624,1203,2,0,0,0,0,0,0,0,0,4,0,,67,9,2008,1,39.9427,-75.2392,1201.0,6,0,0,0,0,0,0,0,0,,0,0,0,99,1,0,0,,0,39 56:33.590,,0,75 14:21.131,0,0,0,0,67301,0,0,0,N,0,0,0,2,67301,0,,1,1,,N,N,,0,,0,0,0,0.0,0,,9999,0,2,0,0,0,0,0,3,4,0,2,3,,N,,,,,,,,,,,
2008101428,1553,2,0,0,0,0,0,0,0,0,7,0,,67,9,2008,3,40.0103,-75.0631,1533.0,6,0,0,0,0,0,1,0,0,1.0,0,0,0,15,1,1,0,,1,40 00:36.635,1.0,0,75 03:47.813,8,0,0,0,67301,0,0,0,N,0,0,0,3,68K01,0,,2,1,,N,N,,0,,0,0,0,0.0,0,N,1531,1,2,0,0,0,1,2,3,4,0,2,3,,N,,,,,,,,,,,
2008101431,641,0,0,0,0,0,0,0,0,0,7,0,,67,9,2008,2,39.9994,-75.0803,641.0,6,0,0,0,0,0,0,0,0,,0,0,0,6,1,1,0,,0,39 59:58.278,,0,75 04:48.666,8,0,0,0,67301,0,0,0,N,0,0,0,1,68K01,0,,2,1,,N,N,,0,,0,0,1,0.0,0,,641,1,1,0,0,0,1,0,3,4,0,1,3,,N,,,,,,,,,,,
2008118878,2248,1,0,0,0,0,0,0,0,0,8,0,,67,9,2008,6,40.0363,-75.1743,2248.0,6,0,0,0,0,0,0,0,0,,0,0,0,22,3,1,0,,0,40 02:10.564,,0,75 10:27.440,4,0,0,0,67301,1,0,0,N,1,0,0,2,67301,1,,1,1,,N,N,,0,,0,0,0,0.0,0,,2245,1,2,0,0,0,0,0,3,4,0,1,3,,N,,,,,,,,,,,
2008103651,1650,2,0,0,0,0,0,0,0,0,4,0,,67,6,2008,7,40.0203,-75.1141,1646.0,6,0,0,0,0,0,0,0,0,9.0,0,0,0,99,1,0,1,,1,40 01:13.223,3.0,0,75 06:50.844,0,0,0,0,67301,0,0,0,N,0,0,0,2,67301,0,,1,1,,N,N,,0,,0,0,0,9.0,2,N,9999,0,2,0,0,2,0,0,3,4,0,2,3,,N,,,,,,,,,,,
2008108456,2140,1,0,0,0,0,0,0,0,0,4,0,,67,9,2008,4,39.9232,-75.1823,2134.0,6,0,0,0,0,0,0,0,1,,0,0,0,21,3,5,1,,0,39 55:23.446,,0,75 10:56.400,8,0,0,0,67301,0,0,0,N,0,0,0,6,67301,0,,1,1,,N,N,,0,,0,0,0,3.0,2,,2130,5,2,0,0,0,5,0,3,4,1,2,3,,N,,,,,,,,,,,
2008108475,1250,1,0,0,0,0,0,0,0,0,1,0,,67,8,2008,7,40.0808,-75.0284,1245.0,6,0,0,0,0,0,1,0,0,1.0,0,0,0,12,1,6,1,,2,40 04:50.449,1.0,0,75 01:42.489,3,0,0,0,67301,0,0,0,N,0,0,0,8,67301,5,,1,1,,N,N,,0,,1,0,1,3.0,2,Y,1245,6,3,0,0,0,0,0,3,4,1,3,3,,N,,,,,,,,,,,
2008108483,1645,1,0,0,0,0,0,0,0,0,4,0,,67,8,2008,1,39.9029,-75.228,1650.0,6,0,0,0,0,0,1,0,0,,0,0,0,16,1,2,0,,0,39 54:10.476,,0,75 13:40.674,3,0,0,0,67301,0,0,0,,0,0,0,4,67301,0,,1,1,,N,N,,0,,1,0,0,0.0,0,,1645,2,2,0,0,0,1,0,3,4,1,2,3,,N,,,,,,,,,,,
2008108493,9999,2,0,0,0,0,0,0,0,0,4,0,,67,9,2008,2,39.9159,-75.2453,2320.0,6,0,0,0,0,0,0,0,0,,0,0,0,22,3,2,1,,0,39 54:57.347,,0,75 14:42.963,8,0,0,0,67301,0,0,0,N,0,0,0,7,67301,0,,1,1,,N,N,,0,,0,0,0,0.0,0,,2200,2,2,0,0,0,2,0,3,4,0,2,3,,N,,,,,,,,,,,
2008108602,1210,0,0,0,0,0,0,0,0,0,6,0,,67,8,2008,1,39.9433,-75.2109,1204.0,6,0,0,0,0,0,0,0,0,,0,0,0,12,1,5,1,,0,39 56:36.006,,0,75 12:39.070,8,0,0,0,67301,0,0,0,,0,0,0,7,67301,0,,1,1,,N,N,,0,,0,0,0,3.0,2,,1203,5,2,0,0,0,5,2,3,4,1,2,3,,N,,,,,,,,,,,
2008098625,1525,2,0,0,0,0,0,0,0,0,6,0,,67,7,2008,3,39.9858,-75.2157,1521.0,6,0,0,0,0,0,0,0,0,,0,0,0,15,1,2,2,,0,39 59:08.770,,0,75 12:56.540,4,0,0,0,67301,0,0,0,N,0,0,0,2,67301,1,,1,1,,N,N,,0,,0,0,0,0.0,0,,1520,2,2,0,0,0,1,0,3,4,0,2,3,,N,,,,,,,,,,,
2008098629,2124,2,0,0,0,0,0,0,0,0,2,0,,67,7,2008,4,39.9648,-75.2073,2043.0,6,0,0,0,0,0,1,0,0,,0,0,0,20,3,2,1,,0,39 57:53.251,,0,75 12:26.287,4,0,0,0,67301,0,0,0,N,0,0,0,2,67301,2,,1,1,,N,N,,0,,0,0,0,3.0,2,,2040,2,2,0,0,1,0,0,3,4,0,2,3,,N,,,,,,,,,,,
2008069701,2138,1,0,0,0,0,0,0,0,0,4,0,,67,4,2008,6,40.0009,-75.1474,2135.0,6,0,1,0,0,0,0,0,0,,0,0,0,21,3,1,3,,0,40 00:03.350,,0,75 08:51.852,8,0,0,1,67301,0,0,0,,0,0,0,2,67301,0,,1,9,,,,,0,,0,0,0,3.0,3,,2135,1,2,0,0,0,1,0,3,4,0,2,7,,N,,,,,,,,,,,
2008122568,1730,1,0,0,0,0,0,0,0,0,8,0,,67,10,2008,2,39.9138,-75.1584,1720.0,6,0,0,0,0,0,0,1,0,,0,0,0,17,1,1,0,,0,39 54:49.708,,0,75 09:30.369,4,0,0,0,67301,1,0,0,N,1,0,0,2,67301,1,,1,1,,N,N,,0,,0,0,0,0.0,0,,1710,1,2,0,0,0,0,0,3,4,0,1,3,,N,,,,,,,,,,,
2008122570,848,2,0,0,0,0,0,0,0,0,7,0,,67,9,2008,5,39.9624,-75.2346,845.0,6,0,0,0,0,0,0,0,0,,0,0,0,8,1,1,0,,0,39 57:44.618,,0,75 14:04.556,4,0,0,0,67301,0,0,0,N,0,0,0,2,67301,1,,2,1,,N,N,,0,,0,0,1,0.0,0,,840,1,3,0,0,0,0,1,3,4,0,3,3,,N,,,,,,,,,,,
2008120129,315,0,0,0,0,0,0,0,0,0,4,1,,67,9,2008,7,40.021,-75.1568,315.0,6,0,0,0,0,0,0,0,0,,0,1,0,3,2,0,2,,0,40 01:15.531,,0,75 09:24.523,9,0,0,0,67301,0,0,0,N,0,0,0,4,67301,0,,1,1,,N,N,,1,,0,0,0,3.0,3,,315,0,2,0,0,0,0,4,3,4,0,2,7,,N,,,,,,,,,,,
2008119764,855,2,0,0,0,0,0,0,0,0,2,0,,67,9,2008,6,40.0123,-75.0743,853.0,6,0,0,0,0,0,1,0,0,,0,0,0,8,3,1,0,,0,40 00:44.226,,0,75 04:27.911,8,0,0,0,67301,0,0,0,N,0,0,0,2,67301,0,,1,1,,N,N,,0,,0,0,0,0.0,0,,850,1,2,0,0,0,1,0,3,4,0,2,3,,N,,,,,,,,,,,
2008132879,345,1,0,0,0,0,0,0,0,0,8,0,,67,10,2008,2,39.9508,-75.1953,339.0,6,0,0,0,0,0,0,0,0,,0,0,0,1,3,1,1,,0,39 57:02.847,,0,75 11:43.137,2,0,0,0,67301,1,0,1,N,1,0,1,2,67301,0,,1,1,,N,N,,0,,0,1,0,3.0,2,,100,1,2,0,0,0,0,0,3,4,0,1,3,,N,,,,,,,,,,,
2008132900,226,2,0,0,0,0,0,0,0,0,6,0,,67,10,2008,6,39.9546,-75.1813,224.0,6,0,0,0,0,0,0,0,0,,0,0,0,2,3,3,1,,0,39 57:16.400,,0,75 10:52.675,3,0,0,0,67301,0,0,0,N,0,0,0,4,67301,2,,1,1,,N,N,,0,,1,0,0,3.0,2,,222,3,2,0,0,0,0,0,3,4,0,2,3,,N,,,,,,,,,,,
2008132934,1609,1,0,0,0,0,0,0,0,0,1,0,,67,9,2008,3,39.9567,-75.1982,1609.0,6,0,0,1,0,0,0,0,0,,0,0,0,15,1,1,0,,0,39 57:23.984,,0,75 11:53.844,4,0,0,0,67301,0,0,0,N,0,0,0,3,67301,1,,1,98,,N,N,,0,,0,0,0,0.0,0,,1515,1,2,0,0,0,0,0,3,4,1,2,3,,N,,,,,,,,,,,
2008132950,105,1,0,0,0,0,0,0,0,0,8,0,,67,10,2008,5,39.97,-75.2305,103.0,6,0,0,0,0,0,0,0,0,,0,0,0,0,3,1,1,,0,39 58:11.823,,0,75 13:49.771,8,0,0,0,67301,1,0,0,N,1,0,0,2,67301,0,,1,1,,N,N,,0,,0,0,0,3.0,3,,45,1,2,0,0,0,1,0,3,4,0,1,3,,N,,,,,,,,,,,
2008026681,1405,1,0,0,0,0,0,0,0,0,5,0,,67,1,2008,5,39.9893,-75.1048,1359.0,6,0,0,0,0,0,0,0,0,,0,0,0,13,1,1,0,,0,39 59:21.000,,0,75 06:17.380,4,0,0,0,67301,0,0,0,,0,0,0,2,67301,1,,1,1,,,,,1,,0,0,0,0.0,0,,1345,1,2,0,0,0,0,0,3,4,0,2,3,,N,,,,,,,,,,,
2008051770,711,1,0,0,0,0,0,0,0,0,7,0,,67,3,2008,4,39.8946,-75.2367,709.0,6,0,0,0,0,0,0,0,0,,0,0,0,6,1,2,1,,0,39 53:40.560,,0,75 14:12.120,4,0,0,0,67301,0,0,0,N,0,0,0,2,67301,2,,2,9,,N,N,,0,,0,0,0,3.0,2,,657,2,1,0,0,0,0,0,3,4,0,1,7,,N,,,,,,,,,,,
2008051733,1410,1,0,0,0,0,0,0,0,0,5,0,,67,3,2008,4,40.0068,-75.1313,1358.0,6,0,0,0,0,0,0,0,0,,0,0,0,13,1,1,0,,0,40 00:24.480,,0,75 07:52.680,8,0,0,0,67301,0,0,0,N,0,0,0,2,67301,0,,1,1,,N,N,,1,,0,0,0,0.0,0,,1358,1,2,0,0,1,1,0,3,4,0,2,3,,N,,,,,,,,,,,
2008046783,2315,3,0,0,0,0,0,0,0,0,1,0,,67,4,2008,5,39.9569,-75.153,2301.0,6,0,0,0,0,1,1,0,0,1.0,0,0,0,23,3,2,0,,1,39 57:24.806,3.0,0,75 09:10.829,4,0,0,0,67301,0,0,0,N,0,0,0,3,68K01,2,,1,9,,N,N,,0,,0,0,0,0.0,0,N,2301,2,3,0,0,0,0,0,3,4,0,3,7,,N,,,,,,,,,,,
2008112135,1803,1,0,0,0,0,0,0,0,0,1,0,,67,10,2008,1,39.8991,-75.1785,1800.0,6,0,0,0,0,0,1,0,0,2.0,0,0,0,17,1,0,0,,2,39 53:57.025,2.0,0,75 10:29.411,0,0,0,0,67301,0,0,0,N,0,0,0,8,68K01,0,,1,1,,N,N,,0,,0,0,1,0.0,0,N,1759,0,3,0,0,1,0,0,3,4,1,3,3,,N,,,,,,,,,,,
2008050126,902,0,0,0,0,0,0,0,0,0,7,0,,67,4,2008,6,40.0458,-75.0003,858.0,6,0,0,0,0,0,0,0,0,1.0,0,0,0,8,1,1,0,,2,40 02:44.880,1.0,2,75 00:01.080,4,0,0,0,67301,0,0,0,Y,0,0,0,1,68K01,1,,2,9,,N,N,,0,,0,0,1,0.0,0,N,855,1,1,0,0,0,0,0,3,4,0,1,7,,N,,,,,,,,,,,
2008050208,805,1,0,0,0,0,0,0,0,0,5,0,,67,2,2008,5,39.9463,-75.238,759.0,6,0,0,0,0,0,0,0,0,,0,0,0,6,1,1,2,,0,39 56:46.737,,0,75 14:16.867,4,0,0,0,67301,0,0,0,N,0,0,0,2,67301,1,,1,1,,N,N,,1,,0,0,0,3.0,2,,653,1,2,0,0,2,0,0,3,4,0,2,3,,N,,,,,,,,,,,
2008050219,1025,0,0,0,0,0,0,0,0,0,8,0,,67,2,2008,4,39.9614,-75.2226,1017.0,6,0,0,0,0,0,1,0,0,1.0,0,0,0,10,1,1,0,,1,39 57:41.164,2.0,0,75 13:21.238,4,0,0,0,67301,1,0,0,,1,0,0,2,67301,1,,1,1,,,,,0,,0,0,1,0.0,0,N,1015,1,2,0,0,1,0,0,3,4,0,1,3,,N,,,,,,,,,,,
2008050248,1643,1,0,0,0,0,0,0,0,0,1,1,,67,2,2008,5,40.1046,-75.0014,1640.0,6,0,0,0,0,1,0,0,0,,0,1,0,16,1,1,1,,0,40 06:16.551,,0,75 00:04.813,8,0,0,0,67301,0,0,0,N,0,0,0,2,67301,0,,1,1,,N,N,,0,,0,0,0,3.0,2,,1635,1,2,0,0,0,1,0,3,4,0,2,3,,N,,,,,,,,,,,
2008047843,805,1,0,0,0,0,0,0,0,0,4,0,,67,2,2008,2,40.078,-75.0237,801.0,6,0,0,0,0,0,0,1,0,,0,1,0,7,1,1,2,,0,40 04:40.840,,0,75 01:25.330,3,0,0,0,67301,0,0,0,Y,0,0,0,4,67301,0,,1,1,,N,N,,0,,1,0,0,3.0,2,,755,1,2,0,0,0,0,0,3,4,0,2,3,,N,,,,,,,,,,,
2008047848,248,2,0,0,0,0,0,0,0,0,1,0,,67,1,2008,1,39.9231,-75.17,236.0,6,0,0,0,0,0,1,0,0,,0,0,0,99,1,1,0,,0,39 55:23.320,,0,75 10:12.038,8,0,0,0,67301,0,0,0,N,0,0,0,3,67301,0,,1,1,,N,N,,0,,0,0,0,0.0,0,,9999,1,2,0,0,0,1,1,3,4,0,2,3,,N,,,,,,,,,,,
2008045592,1930,2,0,0,0,0,0,0,0,0,8,0,,67,1,2008,6,39.9239,-75.2221,1905.0,6,0,0,0,0,0,0,0,0,,0,0,0,19,3,1,1,,0,39 55:26.000,,0,75 13:19.646,8,0,0,0,67301,0,0,0,,0,0,0,2,67301,0,,1,1,,N,N,,0,,0,0,0,3.0,2,,1900,1,2,0,0,0,1,0,3,4,0,2,3,,N,,,,,,,,,,,
2008040542,550,1,0,0,0,0,0,0,0,0,8,0,,67,2,2008,7,40.0463,-75.0246,545.0,6,0,0,0,0,0,0,0,0,9.0,0,0,0,5,3,1,0,,1,40 02:46.741,2.0,0,75 01:28.714,3,0,0,0,67301,1,0,0,,1,0,0,2,67301,0,,1,1,,,,,0,,1,0,0,0.0,0,N,545,1,2,0,0,0,0,0,3,4,0,1,3,,N,,,,,,,,,,,
2008026607,1802,0,0,0,0,0,0,0,0,0,8,0,,67,1,2008,1,39.9863,-75.1563,1800.0,6,0,0,0,0,0,1,0,0,,0,0,0,17,3,1,1,,0,39 59:10.000,,0,75 09:22.550,3,0,0,0,67301,1,0,0,N,1,0,0,2,67301,0,,1,9,,N,N,,1,,1,0,0,3.0,2,,1750,1,2,0,0,0,0,0,3,4,0,1,7,,N,,,,,,,,,,,