CRN,ARRIVAL_TM,AUTOMOBILE_COUNT,BELTED_DEATH_COUNT,BELTED_SUSP_SERIOUS_INJ_COUNT,BICYCLE_COUNT,BICYCLE_DEATH_COUNT,BICYCLE_SUSP_SERIOUS_INJ_COUNT,BUS_COUNT,CHLDPAS_DEATH_COUNT,CHLDPAS_SUSP_SERIOUS_INJ_COUNT,COLLISION_TYPE,COMM_VEH_COUNT,CONS_ZONE_SPD_LIM,COUNTY,CRASH_MONTH,CRASH_YEAR,DAY_OF_WEEK,DEC_LAT,DEC_LONG,DISPATCH_TM,DISTRICT,DRIVER_COUNT_16YR,DRIVER_COUNT_17YR,DRIVER_COUNT_18YR,DRIVER_COUNT_19YR,DRIVER_COUNT_20YR,DRIVER_COUNT_50_64YR,DRIVER_COUNT_65_74YR,DRIVER_COUNT_75PLUS,EST_HRS_CLOSED,FATAL_COUNT,HEAVY_TRUCK_COUNT,HORSE_BUGGY_COUNT,HOUR_OF_DAY,ILLUMINATION,INJURY_COUNT,INTERSECT_TYPE,INTERSECTION_RELATED,LANE_CLOSED,LATITUDE,LN_CLOSE_DIR,LOCATION_TYPE,LONGITUDE,MAX_SEVERITY_LEVEL,MCYCLE_DEATH_COUNT,MCYCLE_SUSP_SERIOUS_INJ_COUNT,MOTORCYCLE_COUNT,MUNICIPALITY,NONMOTR_COUNT,NONMOTR_DEATH_COUNT,NONMOTR_SUSP_SERIOUS_INJ_COUNT,NTFY_HIWY_MAINT,PED_COUNT,PED_DEATH_COUNT,PED_SUSP_SERIOUS_INJ_COUNT,PERSON_COUNT,POLICE_AGCY,POSSIBLE_INJ_COUNT,RDWY_SURF_TYPE_CD,RELATION_TO_ROAD,ROAD_CONDITION,ROADWAY_CLEARED,SCH_BUS_IND,SCH_ZONE_IND,SECONDARY_CRASH,SMALL_TRUCK_COUNT,SPEC_JURIS_CD,SUSP_MINOR_INJ_COUNT,SUSP_SERIOUS_INJ_COUNT,SUV_COUNT,TCD_FUNC_CD,TCD_TYPE,TFC_DETOUR_IND,TIME_OF_DAY,TOT_INJ_COUNT,TOTAL_UNITS,UNB_DEATH_COUNT,UNB_SUSP_SERIOUS_INJ_COUNT,UNBELTED_OCC_COUNT,UNK_INJ_DEG_COUNT,UNK_INJ_PER_COUNT,URBAN_AREA,URBAN_RURAL,VAN_COUNT,VEHICLE_COUNT,WEATHER1,WEATHER2,WORK_ZONE_IND,WORK_ZONE_LOC,WORK_ZONE_TYPE,WORKERS_PRES,WZ_CLOSE_DETOUR,WZ_FLAGGER,WZ_LAW_OFFCR_IND,WZ_LN_CLOSURE,WZ_MOVING,WZ_OTHER,WZ_SHLDER_MDN,WZ_WORKERS_INJ_KILLED
2008050588,1431,0,0,0,0,0,0,0,0,0,8,0,,67,3,2008,1,40.0202,-75.063,1429.0,6,0,0,0,0,0,0,0,0,9.0,0,0,0,14,1,1,0,,1,40 01:12.813,2.0,0,75 03:46.900,4,0,0,0,67301,1,0,0,N,1,0,0,5,67301,1,,1,1,,N,N,,0,,0,0,1,0.0,0,N,1428,1,2,0,0,0,0,0,3,4,0,1,3,,N,,,,,,,,,,,
2008050729,1300,1,0,0,0,0,0,0,0,0,1,0,,67,3,2008,7,40.1043,-75.002,1255.0,6,0,0,0,0,0,0,0,0,1.0,0,0,0,12,1,3,1,,1,40 06:15.451,1.0,0,75 00:07.348,8,0,0,0,67301,0,0,0,N,0,0,0,5,67301,0,,1,1,,N,N,,1,,0,0,0,3.0,2,N,1255,3,2,0,0,1,3,0,3,4,0,2,3,,N,,,,,,,,,,,
2008050607,805,1,0,0,0,0,0,0,0,0,4,0,,67,2,2008,3,40.0126,-75.1159,802.0,6,0,0,0,0,0,1,0,0,,0,1,0,8,1,2,0,,0,40 00:45.271,,7,75 06:57.152,3,0,0,0,67301,0,0,0,N,0,0,0,3,67301,0,,1,1,,N,N,,0,,2,0,1,0.0,0,,800,2,3,0,0,0,0,0,3,4,0,3,3,,N,,,,,,,,,,,
2008050799,1855,1,0,0,0,0,0,0,0,0,8,0,,67,2,2008,3,40.0126,-75.0732,1848.0,6,0,0,0,0,0,0,0,0,,0,0,0,18,3,1,1,,0,40 00:45.132,,0,75 04:23.854,4,0,0,0,67301,1,0,0,N,1,0,0,2,67301,1,,1,9,,N,N,,0,,0,0,0,3.0,2,,1810,1,2,0,0,0,0,1,3,4,0,1,7,,N,,,,,,,,,,,
2008050866,1640,1,0,0,0,0,0,0,0,0,4,0,,67,2,2008,2,40.0007,-75.1434,1625.0,6,0,0,0,0,0,0,0,0,,0,0,0,15,1,2,1,,0,40 00:02.559,,0,75 08:36.256,8,0,0,0,67301,0,0,0,N,0,0,0,7,67301,0,,1,1,,N,N,,0,,0,0,0,9.0,9,,1520,2,2,0,0,0,2,5,3,4,1,2,3,,N,,,,,,,,,,,
2008046084,1630,2,0,0,0,0,0,0,0,0,5,0,,67,3,2008,5,39.8915,-75.2229,1624.0,6,0,1,0,0,0,0,0,0,,0,0,0,16,1,0,0,,0,39 53:29.163,,0,75 13:22.037,0,0,0,0,67301,0,0,0,N,0,0,0,5,68K01,0,,1,1,,N,N,,0,,0,0,0,0.0,0,,1622,0,2,0,0,0,0,0,3,4,0,2,3,,N,,,,,,,,,,,
2008040777,1550,3,0,0,0,0,0,0,0,0,5,0,,67,2,2008,2,39.9344,-75.1605,1545.0,6,0,0,0,0,0,0,0,0,,0,0,0,15,1,1,0,,0,39 56:03.836,,0,75 09:37.771,4,0,0,0,67301,0,0,0,N,0,0,0,4,67301,1,,6,1,,N,N,,0,,0,0,0,0.0,0,,1535,1,3,0,0,0,0,0,3,4,0,3,3,,N,,,,,,,,,,,
2008041262,1350,1,0,0,0,0,0,0,0,0,1,0,,67,2,2008,5,40.0108,-75.0783,1345.0,6,0,0,0,0,1,0,0,0,,0,0,0,13,1,1,2,,0,40 00:38.602,,0,75 04:42.649,4,0,0,0,67301,0,0,0,N,0,0,0,2,67301,1,,1,1,,N,N,,1,,0,0,0,0.0,0,,1335,1,2,0,0,0,0,0,3,4,0,2,3,,N,,,,,,,,,,,
2008041280,1522,3,0,0,0,0,0,0,0,0,1,0,,67,2,2008,5,40.0101,-75.1214,1520.0,6,0,0,0,0,0,0,0,0,,0,0,0,15,1,2,1,,0,40 00:36.436,,0,75 07:17.179,4,0,0,0,67301,0,0,0,N,0,0,0,3,67301,2,,1,1,,N,N,,0,,0,0,0,3.0,2,,1518,2,3,0,0,1,0,0,3,4,0,3,3,,N,,,,,,,,,,,
2008041308,1430,1,0,0,0,0,0,0,0,0,4,0,,67,2,2008,4,39.9923,-75.1422,1423.0,6,0,0,0,0,0,0,0,0,,0,0,0,14,1,0,1,,0,39 59:32.253,,0,75 08:31.897,0,0,0,0,67301,0,0,0,N,0,0,0,2,67301,0,,1,9,,N,N,,1,,0,0,0,3.0,2,,1400,0,2,0,0,0,0,0,3,4,0,2,7,,N,,,,,,,,,,,
2008069346,631,0,0,0,0,0,0,0,0,0,1,0,,67,4,2008,3,40.0025,-75.16,627.0,6,0,0,1,0,0,0,0,0,,0,0,0,6,1,0,0,,0,40 00:09.047,,0,75 09:36.128,0,0,0,0,67301,2,0,0,,0,0,0,3,67301,0,,2,1,,,,,0,,0,0,1,0.0,0,,625,0,2,0,0,0,0,0,3,4,1,2,3,,N,,,,,,,,,,,
2008108676,1603,1,0,0,0,0,0,0,0,0,5,0,,67,8,2008,6,39.9784,-75.1146,1558.0,6,0,0,0,0,0,0,0,0,,0,0,0,99,1,1,1,,0,39 58:42.574,,0,75 06:52.947,4,0,0,0,67301,0,0,0,N,0,0,0,2,67301,1,,1,1,,N,N,,1,,0,0,1,3.0,2,,9999,1,3,0,0,0,0,0,3,4,0,3,3,,N,,,,,,,,,,,
2008118609,1614,1,0,0,0,0,0,0,0,0,5,0,,67,10,2008,7,40.07,-75.0059,1614.0,6,0,0,0,0,0,1,0,0,,0,0,0,16,1,0,0,,0,40 04:12.002,,0,75 00:21.106,0,0,0,0,67301,0,0,0,N,0,0,0,2,67301,0,,1,1,,N,N,,1,,0,0,0,0.0,0,,1613,0,2,0,0,0,0,0,3,4,0,2,3,,N,,,,,,,,,,,
2008121102,2032,2,0,0,0,0,0,0,0,0,6,0,,67,9,2008,6,39.9681,-75.2396,2030.0,6,0,0,0,0,1,0,0,0,,0,0,0,20,6,3,0,,0,39 58:05.106,,0,75 14:22.498,2,0,0,0,67301,0,0,0,,0,0,0,4,67301,1,,1,9,,N,N,,0,,0,1,0,9.0,3,,2025,3,2,0,0,0,1,1,3,4,0,2,7,,N,,,,,,,,,,,
2008121122,1440,0,0,0,0,0,0,0,0,0,1,0,,67,10,2008,2,40.0296,-75.1032,1420.0,6,0,0,0,0,0,1,0,0,,0,0,0,14,1,1,2,,0,40 01:47.679,,0,75 06:11.073,8,0,0,0,67301,0,0,0,N,0,0,0,2,67301,0,,1,1,,,N,,0,,0,0,2,3.0,2,,1415,1,2,0,0,0,1,0,3,4,0,2,3,,N,,,,,,,,,,,
2008118897,2010,1,0,0,0,0,0,0,0,0,1,0,,67,9,2008,5,40.0068,-75.1316,2000.0,6,0,0,0,0,0,0,0,0,,0,0,0,19,3,1,1,,0,40 00:24.353,,0,75 07:53.654,4,0,0,0,67301,0,0,0,N,0,0,0,3,67301,1,,1,1,,N,N,,0,,0,0,0,3.0,2,,1950,1,2,0,0,0,0,1,3,4,0,2,3,,N,,,,,,,,,,,
2008108471,1147,1,0,0,0,0,0,0,0,0,1,0,,67,9,2008,3,39.9372,-75.1614,1146.0,6,0,0,0,0,0,0,0,0,,0,0,0,11,1,2,0,,0,39 56:13.802,,7,75 09:41.171,4,0,0,0,67301,0,0,0,,0,0,0,4,67301,2,,1,98,,,,,1,,0,0,0,0.0,0,,1145,2,2,0,0,0,0,0,3,4,0,2,3,,N,,,,,,,,,,,
2008108608,405,2,0,0,0,0,0,0,0,0,4,0,,67,8,2008,4,39.9204,-75.2282,402.0,6,0,0,1,0,0,0,0,0,3.0,0,0,0,4,3,1,0,,1,39 55:13.580,2.0,0,75 13:41.630,4,0,0,0,67301,0,0,0,N,0,0,0,2,67301,1,,6,1,,N,N,,0,,0,0,0,0.0,0,N,400,1,3,0,0,0,0,0,3,4,1,3,3,,N,,,,,,,,,,,
2008101524,1043,2,0,0,0,0,0,0,0,0,1,0,,67,9,2008,7,39.9592,-75.1722,1038.0,6,0,0,0,0,0,0,0,0,,0,0,0,10,1,1,0,,0,39 57:33.226,,0,75 10:21.531,4,0,0,0,67301,0,0,0,N,0,0,0,2,68K01,1,,1,1,,N,N,,0,,0,0,0,0.0,0,,1036,1,2,0,0,0,0,0,3,4,0,2,3,,N,,,,,,,,,,,
2008101539,1824,1,0,0,0,0,0,0,0,0,7,0,,67,9,2008,4,39.9032,-75.1504,1824.0,6,0,0,0,0,0,0,0,0,1.0,0,0,0,18,1,0,0,,1,39 54:21.240,2.0,0,75 08:59.280,0,0,0,0,67301,0,0,0,N,0,0,0,1,68K01,0,,2,1,,N,N,,0,,0,0,0,0.0,0,N,1824,0,1,0,0,0,0,0,3,4,0,1,3,,N,,,,,,,,,,,
2008135561,1532,1,0,0,0,0,0,0,0,0,7,0,,67,12,2008,4,39.9836,-75.0978,1521.0,6,0,0,0,0,0,0,0,0,,0,0,0,15,1,0,0,,0,39 59:00.767,,0,75 05:52.377,0,0,0,0,67301,0,0,0,N,0,0,0,1,68K01,0,,4,9,,N,N,,0,,0,0,0,0.0,0,,1518,0,1,0,0,0,0,0,3,4,0,1,7,,N,,,,,,,,,,,
2008133179,910,1,0,0,0,0,0,0,0,0,7,0,,67,9,2008,6,40.032,-75.1463,908.0,6,0,0,0,0,0,0,0,0,,1,0,0,9,1,0,0,,0,40 01:55.294,,0,75 08:46.582,1,0,0,0,67301,0,0,0,,0,0,0,1,67301,0,2.0,5,9,,N,N,,0,0.0,0,0,0,0.0,0,,907,0,1,1,0,1,0,0,3,4,0,1,7,,N,,,,,,,,,,,
2008059093,16,4,0,0,0,0,0,0,0,0,1,0,,67,3,2008,7,40.0341,-75.124,14.0,6,0,0,0,0,0,0,0,0,,0,0,0,0,2,1,2,,0,40 02:02.731,,0,75 07:26.425,4,0,0,0,67301,0,0,0,N,0,0,0,2,67301,1,,1,9,,N,N,,0,,0,0,1,3.0,3,,53,1,5,0,0,0,0,0,3,4,0,5,7,,N,,,,,,,,,,,
2008051306,0,1,0,0,0,0,0,0,0,0,7,0,,67,4,2008,7,39.9727,-75.121,2353.0,6,0,0,0,0,0,0,0,0,2.0,0,0,0,23,3,3,0,,1,39 58:26.456,5.0,0,75 07:08.067,4,0,0,0,67301,0,0,0,Y,0,0,0,3,68K01,3,,3,1,,N,N,,0,,0,0,0,0.0,0,N,2345,3,1,0,0,0,0,0,3,4,0,1,3,,N,,,,,,,,,,,
2008059195,2244,3,0,0,0,0,0,0,0,0,1,0,,67,3,2008,5,40.0018,-75.1545,2240.0,6,0,0,0,0,0,0,0,0,,0,0,0,99,3,1,1,,0,40 00:06.482,,0,75 09:16.160,3,0,0,0,67301,0,0,0,,0,0,0,3,67301,0,,1,1,,,,,0,,1,0,0,3.0,2,,9999,1,3,0,0,0,0,0,3,4,0,3,3,,N,,,,,,,,,,,
2008053887,810,2,0,0,0,0,0,0,0,0,1,0,,67,2,2008,5,39.9732,-75.1591,805.0,6,0,0,0,0,0,0,0,0,,0,0,0,8,1,0,1,,0,39 58:23.580,,0,75 09:32.853,0,0,0,0,67301,0,0,0,,0,0,0,3,67301,0,,1,1,,N,N,,0,,0,0,1,3.0,2,,800,0,3,0,0,0,0,0,3,4,0,3,3,,N,,,,,,,,,,,
2008054087,240,4,0,0,0,0,0,0,0,0,5,0,,67,3,2008,2,40.0585,-75.0703,230.0,6,0,1,0,0,0,0,0,0,2.0,0,0,0,2,3,0,0,,1,40 03:30.517,2.0,0,75 04:13.116,0,0,0,0,67301,0,0,0,N,0,0,0,1,67301,0,,4,1,,N,N,,0,,0,0,0,0.0,0,N,230,0,4,0,0,0,0,0,3,4,0,4,3,,N,,,,,,,,,,,
2008051755,1700,1,0,0,0,0,0,0,0,0,8,0,,67,3,2008,4,39.984,-75.1088,1700.0,6,0,0,0,0,0,0,0,0,,0,0,0,16,1,1,1,,0,39 59:02.245,,0,75 06:31.759,4,0,0,0,67301,1,0,0,N,1,0,0,2,67301,1,,1,1,,N,N,,0,,0,0,0,3.0,3,,1600,1,2,0,0,0,0,0,3,4,0,1,3,,N,,,,,,,,,,,
2008010500,523,2,0,0,0,0,0,0,0,0,4,0,,67,1,2008,3,40.0741,-75.1909,517.0,6,0,0,0,0,0,0,0,0,2.0,0,0,0,5,3,2,1,,2,40 04:26.000,1.0,0,75 11:27.147,4,0,0,0,67301,0,0,0,N,0,0,0,4,46108,2,,1,1,,N,N,,0,,0,0,0,3.0,2,Y,517,2,2,0,0,3,0,0,3,4,0,2,3,,N,,,,,,,,,,,
2008050271,1423,2,0,0,0,0,0,0,0,0,4,0,,67,2,2008,1,39.9748,-75.2358,1418.0,6,0,0,0,0,0,0,0,0,,0,0,0,14,1,1,2,,0,39 58:29.434,,0,75 14:08.890,4,0,0,0,67301,0,0,0,N,0,0,0,6,67301,1,,1,1,,N,N,,0,,0,0,0,3.0,3,,1411,1,2,0,0,0,0,0,3,4,0,2,3,,N,,,,,,,,,,,
2008047501,2345,0,0,0,0,0,0,0,0,0,7,0,,67,3,2008,7,39.9514,-75.1826,2343.0,6,0,0,0,0,0,1,0,0,,0,0,0,23,3,2,7,,0,39 57:08.640,,2,75 10:55.560,3,0,0,0,67301,0,0,0,Y,0,0,0,4,68K01,0,,2,1,,N,N,,0,,2,0,2,0.0,0,,2338,2,2,0,0,1,0,0,3,4,0,2,3,,N,,,,,,,,,,,
2008047512,405,1,0,0,0,0,0,0,0,0,7,0,,67,3,2008,1,39.9252,-75.1934,359.0,6,0,0,0,0,1,0,0,0,1.0,0,0,0,3,3,0,0,,2,39 55:34.871,4.0,0,75 11:39.907,0,0,0,0,67301,0,0,0,N,0,0,0,1,68K01,0,,2,1,,N,N,,0,,0,0,0,0.0,0,N,358,0,1,0,0,1,0,0,3,4,0,1,3,,N,,,,,,,,,,,
2008050211,1705,2,0,0,0,0,0,0,0,0,4,0,,67,2,2008,3,40.0159,-75.1296,1701.0,6,0,0,0,1,0,0,0,0,,0,0,0,16,1,2,2,,0,40 00:57.319,,0,75 07:46.466,3,0,0,0,67301,0,0,0,,0,0,0,2,67301,0,,1,1,,,,,0,,2,0,0,3.0,3,,1654,2,2,0,0,0,0,0,3,4,0,2,3,,N,,,,,,,,,,,
2008050258,1215,0,0,0,0,0,0,0,0,0,8,0,,67,2,2008,3,39.9931,-75.1479,1215.0,6,0,0,0,0,0,0,0,0,,0,0,0,12,1,1,1,,0,39 59:35.083,,0,75 08:52.393,4,0,0,0,67301,1,0,0,N,1,0,0,2,67301,1,,1,1,,N,N,,0,,0,0,0,3.0,2,,1214,1,2,0,0,0,0,0,3,4,1,1,3,,N,,,,,,,,,,,
2008050505,1630,2,0,0,0,0,0,0,0,0,1,0,,67,2,2008,7,40.09,-74.9841,1606.0,6,0,0,0,0,0,0,0,0,,0,0,0,16,1,1,0,,0,40 05:24.000,,0,74 59:02.760,8,0,0,0,67301,0,0,0,N,0,0,0,6,67301,0,,1,9,,N,N,,0,,0,0,0,3.0,2,,1606,1,2,0,0,0,1,0,3,4,0,2,10,,N,,,,,,,,,,,
2008045457,1538,1,0,0,0,0,0,0,0,0,1,0,,67,1,2008,4,40.0332,-75.0203,1530.0,6,0,0,0,0,0,1,0,0,1.0,0,0,0,15,1,2,0,,2,40 01:59.880,1.0,0,75 01:12.720,4,0,0,0,67301,0,0,0,N,0,0,0,12,67301,1,,1,1,,N,N,,0,,0,0,0,0.0,0,N,1530,2,2,0,0,4,1,0,3,4,1,2,3,,N,,,,,,,,,,,
2008026632,1650,0,0,0,0,0,0,0,0,0,4,0,,67,1,2008,1,39.9918,-75.1383,1645.0,6,0,0,0,0,0,0,0,0,,0,0,0,16,1,1,1,,0,39 59:30.000,,0,75 08:17.967,4,0,0,1,67301,0,0,0,,0,0,0,2,67301,1,,1,1,,N,N,,1,,0,0,0,0.0,0,,1645,1,2,0,0,0,0,0,3,4,0,2,3,,N,,,,,,,,,,,
2008053198,2235,1,0,0,0,0,0,0,0,0,4,0,,67,1,2008,6,39.9799,-75.1429,2230.0,6,0,0,1,0,0,0,0,0,,0,0,0,22,3,0,1,,0,39 58:47.528,,0,75 08:34.317,0,0,0,0,67301,0,0,0,N,0,0,0,3,67301,0,,1,9,,N,N,,0,,0,0,0,3.0,2,,2230,0,2,0,0,0,0,0,3,4,1,2,7,,N,,,,,,,,,,,
2008048197,220,2,0,0,0,0,0,0,0,0,4,0,,67,2,2008,1,39.9688,-75.2454,218.0,6,0,0,0,1,0,0,0,0,1.0,0,0,0,2,3,0,1,,2,39 58:07.803,3.0,0,75 14:43.549,0,0,0,0,67301,0,0,0,N,0,0,0,3,67301,0,,1,1,,N,N,,0,,0,0,0,3.0,2,N,215,0,2,0,0,0,0,0,3,4,0,2,3,,N,,,,,,,,,,,
2008040738,2205,2,0,0,0,0,0,0,0,0,1,0,,67,2,2008,2,40.0152,-75.1771,2200.0,6,0,0,0,0,0,0,0,0,1.0,0,0,0,22,3,3,7,,2,40 00:54.000,1.0,2,75 10:37.437,4,0,0,0,67301,0,0,0,N,0,0,0,12,67301,3,,1,1,,N,N,,0,,0,0,2,0.0,0,Y,2200,3,4,0,0,0,0,5,3,4,0,4,3,,N,,,,,,,,,,,
2008040769,1635,2,0,0,0,0,0,0,0,0,4,0,,67,2,2008,4,39.9459,-75.2403,1628.0,6,0,0,0,0,1,0,0,0,,0,0,0,16,1,2,1,,0,39 56:45.089,,0,75 14:25.019,4,0,0,0,67301,0,0,0,N,0,0,0,2,67301,2,,1,9,,N,N,,0,,0,0,0,3.0,2,,1625,2,2,0,0,0,0,0,3,4,0,2,7,,N,,,,,,,,,,,
2008043959,2330,2,0,0,0,0,0,0,0,0,5,0,,67,1,2008,2,,,2320.0,6,0,0,0,0,0,0,0,0,,0,0,0,22,3,3,0,,0,,,0,,4,0,0,0,67301,0,0,0,,0,0,0,5,67301,3,,1,1,,,,,0,,0,0,0,0.0,0,,2210,3,2,0,0,0,0,1,3,3,0,2,3,,N,,,,,,,,,,,
2008044015,1743,1,0,0,0,0,0,0,0,0,4,0,,67,2,2008,7,40.0811,-75.0289,1735.0,6,0,0,0,0,0,0,0,0,2.0,0,0,0,17,1,5,1,,2,40 04:51.000,1.0,0,75 01:44.242,8,0,0,0,67301,0,0,0,,0,0,0,7,67301,0,,1,1,,N,N,,0,,0,0,0,3.0,2,Y,1732,5,2,0,0,0,5,1,3,4,1,2,3,,N,,,,,,,,,,,
2008041087,1711,2,0,0,0,0,0,0,0,0,2,0,,67,1,2008,4,40.0617,-75.1368,1705.0,6,0,0,0,0,0,0,0,0,,0,0,0,17,4,0,1,,0,40 03:42.000,,0,75 08:12.217,9,0,0,0,67301,0,0,0,N,0,0,0,2,46102,0,,1,1,,N,N,,0,,0,0,0,3.0,2,,1705,0,2,0,0,0,0,1,3,4,0,2,3,,N,,,,,,,,,,,
2008041270,1158,0,0,0,0,0,0,0,0,0,8,0,,67,2,2008,2,39.9223,-75.1533,1155.0,6,0,0,0,0,0,0,1,0,,0,0,0,11,1,1,1,,0,39 55:20.164,,0,75 09:12.065,4,0,0,0,67301,1,0,0,,1,0,0,3,67301,1,,1,1,,,,,0,,0,0,0,3.0,2,,1150,1,2,0,0,0,0,0,3,4,1,1,3,,N,,,,,,,,,,,
2008044149,400,0,0,0,0,0,0,0,0,0,7,0,,67,1,2008,1,39.9094,-75.1611,355.0,6,0,0,0,0,0,0,0,0,,0,0,0,3,3,0,1,,0,39 54:33.696,,0,75 09:40.053,0,0,0,0,67301,0,0,0,,0,0,0,1,67301,0,,5,1,,,,,0,,0,0,1,0.0,0,,350,0,1,0,0,0,0,0,3,4,0,1,3,,N,,,,,,,,,,,
2008069293,1640,1,0,0,1,0,0,0,0,0,4,0,,67,4,2008,1,39.9866,-75.1523,1634.0,6,0,0,0,0,0,0,0,0,,0,0,0,16,1,1,0,,0,39 59:11.922,,0,75 09:08.277,4,0,0,0,67301,1,0,0,N,0,0,0,2,67301,1,,1,1,,N,N,,0,,0,0,0,0.0,0,,1634,1,2,0,0,1,0,0,3,4,0,1,3,,N,,,,,,,,,,,
2008121071,908,1,0,0,0,0,0,0,0,0,8,0,,67,9,2008,3,39.9561,-75.1938,907.0,6,0,0,0,0,0,0,0,0,,0,0,0,9,1,1,0,,0,39 57:21.960,,0,75 11:37.680,4,0,0,0,67301,1,0,0,N,1,0,0,2,67301,1,,1,1,,N,N,,0,,0,0,0,0.0,0,,906,1,2,0,0,0,0,0,3,4,0,1,3,,N,,,,,,,,,,,
2008118595,1400,1,0,0,0,0,0,0,0,0,4,0,,67,9,2008,2,40.078,-75.0237,1356.0,6,0,0,0,0,0,0,0,1,,0,0,0,13,1,1,0,,0,40 04:40.756,,0,75 01:25.317,8,0,0,0,67301,0,0,0,N,0,0,0,3,67301,0,,1,1,,N,N,,0,,0,0,0,0.0,0,,1348,1,2,0,0,0,1,0,3,4,1,2,3,,N,,,,,,,,,,,
2008108685,1601,1,0,0,0,0,0,0,0,0,7,0,,67,8,2008,5,40.0214,-75.1767,1601.0,6,0,0,0,0,0,1,0,0,,0,0,0,99,1,0,0,,0,40 01:17.267,,7,75 10:36.578,9,0,0,0,67301,0,0,0,,0,0,0,3,67301,0,,5,1,,,,,1,,0,0,0,0.0,0,,9999,0,2,0,0,0,0,3,3,4,0,2,3,,N,,,,,,,,,,,
2008103945,1900,0,0,0,0,0,0,1,0,0,4,1,,67,8,2008,6,39.9783,-75.13,1844.0,6,0,0,0,0,0,0,0,0,,0,0,0,18,1,2,2,,0,39 58:41.894,,0,75 07:47.827,4,0,0,0,67301,0,0,0,N,0,0,0,52,67301,2,,1,1,,N,N,,1,,0,0,0,3.0,3,,1808,2,2,0,0,1,0,0,3,4,0,2,3,,N,,,,,,,,,,,
2008116425,2158,0,0,0,0,0,0,0,0,0,4,0,,67,8,2008,2,40.0577,-75.1661,2154.0,6,0,0,0,0,0,1,0,0,3.0,1,0,0,21,3,2,3,,2,40 03:29.846,6.0,0,75 09:56.669,1,1,0,1,67301,0,0,0,N,0,0,0,3,67301,2,2.0,1,1,,N,N,,1,0.0,0,0,0,0.0,0,Y,2140,2,2,0,0,0,0,0,3,4,0,2,3,,N,,,,,,,,,,,
2008108605,1110,1,0,0,0,0,0,0,0,0,7,0,,67,8,2008,1,39.904,-75.2401,1110.0,6,0,0,0,0,0,0,0,1,1.0,0,0,0,11,1,1,1,,1,39 54:14.564,1.0,0,75 14:24.410,8,0,0,0,67301,0,0,0,,0,0,0,1,67301,0,,3,1,,N,N,,0,,0,0,0,3.0,2,N,1110,1,1,0,0,1,1,0,3,4,0,1,3,,N,,,,,,,,,,,
2008121079,645,2,0,0,0,0,0,0,0,0,1,0,,67,10,2008,4,40.0319,-75.1087,636.0,6,0,0,0,0,0,0,0,0,,0,0,0,6,3,3,0,,0,40 01:54.784,,0,75 06:31.452,4,0,0,0,67301,2,0,0,N,0,0,0,3,67301,1,,6,1,,N,N,,0,,0,0,0,0.0,0,,630,3,2,0,0,1,2,0,3,4,0,2,3,,N,,,,,,,,,,,
2008082246,1000,1,0,0,0,0,0,0,0,0,8,0,,67,5,2008,5,40.0596,-75.0692,955.0,6,0,0,0,0,0,1,0,0,1.0,0,0,0,9,1,1,1,,1,40 03:34.628,1.0,0,75 04:09.170,3,0,0,0,67301,1,0,0,,1,0,0,2,67301,0,,1,1,,N,N,,0,,1,0,0,3.0,2,Y,955,1,2,0,0,0,0,0,3,4,0,1,3,,N,,,,,,,,,,,
2008082261,222,0,0,0,0,0,0,0,0,0,1,0,,67,5,2008,7,40.0334,-75.2153,217.0,6,0,0,0,0,1,0,0,0,,0,0,0,99,3,0,0,,0,40 02:00.239,,0,75 12:55.097,0,0,0,0,67301,0,0,0,,0,0,0,2,67301,0,,2,1,,N,N,,1,,0,0,2,0.0,0,,9999,0,3,0,0,0,0,0,3,4,0,3,3,,N,,,,,,,,,,,
2008097457,3,1,0,0,0,0,0,0,0,0,8,0,,67,7,2008,4,39.9767,-75.228,2359.0,6,0,0,0,0,0,0,1,0,,0,0,0,23,3,1,1,,0,39 58:36.271,,0,75 13:40.796,8,0,0,0,67301,1,0,0,N,1,0,0,2,67301,0,,1,1,,N,N,,0,,0,0,0,3.0,3,,2349,1,2,0,0,0,1,0,3,4,0,1,3,,N,,,,,,,,,,,
2008088852,650,2,0,0,0,0,0,0,0,0,4,0,,67,6,2008,2,39.9996,-75.1251,647.0,6,0,0,0,0,0,0,0,0,,0,0,0,6,1,4,1,,0,39 59:58.555,,0,75 07:30.237,4,0,0,0,67301,0,0,0,N,0,0,0,5,67301,2,,1,1,,N,Y,,0,,0,0,0,0.0,0,,645,4,2,0,0,0,2,0,3,4,0,2,3,,N,,,,,,,,,,,
2008094809,150,1,0,0,0,0,0,0,0,0,8,0,,67,7,2008,3,40.0586,-75.1574,149.0,6,0,0,0,0,0,0,0,0,,0,0,0,1,3,1,5,,0,40 03:30.848,,0,75 09:26.524,8,0,0,0,67301,1,0,0,N,1,0,0,2,67301,0,,1,1,,N,N,,0,,0,0,0,3.0,3,,146,1,2,0,0,0,1,1,3,4,0,1,3,,N,,,,,,,,,,,