CRN,ARRIVAL_TM,AUTOMOBILE_COUNT,BELTED_DEATH_COUNT,BELTED_SUSP_SERIOUS_INJ_COUNT,BICYCLE_COUNT,BICYCLE_DEATH_COUNT,BICYCLE_SUSP_SERIOUS_INJ_COUNT,BUS_COUNT,CHLDPAS_DEATH_COUNT,CHLDPAS_SUSP_SERIOUS_INJ_COUNT,COLLISION_TYPE,COMM_VEH_COUNT,CONS_ZONE_SPD_LIM,COUNTY,CRASH_MONTH,CRASH_YEAR,DAY_OF_WEEK,DEC_LAT,DEC_LONG,DISPATCH_TM,DISTRICT,DRIVER_COUNT_16YR,DRIVER_COUNT_17YR,DRIVER_COUNT_18YR,DRIVER_COUNT_19YR,DRIVER_COUNT_20YR,DRIVER_COUNT_50_64YR,DRIVER_COUNT_65_74YR,DRIVER_COUNT_75PLUS,EST_HRS_CLOSED,FATAL_COUNT,HEAVY_TRUCK_COUNT,HORSE_BUGGY_COUNT,HOUR_OF_DAY,ILLUMINATION,INJURY_COUNT,INTERSECT_TYPE,INTERSECTION_RELATED,LANE_CLOSED,LATITUDE,LN_CLOSE_DIR,LOCATION_TYPE,LONGITUDE,MAX_SEVERITY_LEVEL,MCYCLE_DEATH_COUNT,MCYCLE_SUSP_SERIOUS_INJ_COUNT,MOTORCYCLE_COUNT,MUNICIPALITY,NONMOTR_COUNT,NONMOTR_DEATH_COUNT,NONMOTR_SUSP_SERIOUS_INJ_COUNT,NTFY_HIWY_MAINT,PED_COUNT,PED_DEATH_COUNT,PED_SUSP_SERIOUS_INJ_COUNT,PERSON_COUNT,POLICE_AGCY,POSSIBLE_INJ_COUNT,RDWY_SURF_TYPE_CD,RELATION_TO_ROAD,ROAD_CONDITION,ROADWAY_CLEARED,SCH_BUS_IND,SCH_ZONE_IND,SECONDARY_CRASH,SMALL_TRUCK_COUNT,SPEC_JURIS_CD,SUSP_MINOR_INJ_COUNT,SUSP_SERIOUS_INJ_COUNT,SUV_COUNT,TCD_FUNC_CD,TCD_TYPE,TFC_DETOUR_IND,TIME_OF_DAY,TOT_INJ_COUNT,TOTAL_UNITS,UNB_DEATH_COUNT,UNB_SUSP_SERIOUS_INJ_COUNT,UNBELTED_OCC_COUNT,UNK_INJ_DEG_COUNT,UNK_INJ_PER_COUNT,URBAN_AREA,URBAN_RURAL,VAN_COUNT,VEHICLE_COUNT,WEATHER1,WEATHER2,WORK_ZONE_IND,WORK_ZONE_LOC,WORK_ZONE_TYPE,WORKERS_PRES,WZ_CLOSE_DETOUR,WZ_FLAGGER,WZ_LAW_OFFCR_IND,WZ_LN_CLOSURE,WZ_MOVING,WZ_OTHER,WZ_SHLDER_MDN,WZ_WORKERS_INJ_KILLED
2008094842,1731,2,0,0,0,0,0,0,0,0,4,0,,67,5,2008,4,39.9466,-75.1805,1730.0,6,0,0,0,1,0,0,0,0,,0,0,0,17,1,1,2,,0,39 56:47.637,,0,75 10:49.900,4,0,0,0,67301,0,0,0,,0,0,0,4,67301,1,,1,1,,,,,0,,0,0,0,3.0,2,,1730,1,2,0,0,0,0,1,3,4,0,2,3,,N,,,,,,,,,,,
2008094878,1905,1,0,0,0,0,0,0,0,0,1,0,,67,6,2008,4,40.1197,-75.0087,1838.0,6,0,0,0,0,0,0,0,0,,0,0,0,18,4,1,2,,0,40 07:10.776,,0,75 00:31.301,4,0,0,0,67301,0,0,0,N,0,0,0,3,67301,1,,1,9,,N,N,,1,,0,0,0,0.0,0,,1830,1,2,0,0,0,0,0,3,4,0,2,7,,N,,,,,,,,,,,
2008079202,1325,1,0,0,0,0,0,0,0,0,8,0,,67,5,2008,3,39.9943,-75.1397,1322.0,6,0,0,0,0,0,0,0,0,1.0,0,0,0,13,1,1,0,,1,39 59:39.581,1.0,0,75 08:22.946,4,0,0,0,67301,1,0,0,N,1,0,0,2,67301,1,,1,9,,N,N,,0,,0,0,0,0.0,0,N,1312,1,2,0,0,0,0,0,3,4,0,1,7,,N,,,,,,,,,,,
2008079222,1814,2,0,0,0,0,0,0,0,0,4,0,,67,5,2008,4,40.0508,-75.1487,1811.0,6,0,0,0,0,0,0,0,0,1.0,0,0,0,18,1,2,1,,2,40 03:02.755,7.0,0,75 08:55.321,4,0,0,0,67301,0,0,0,N,0,0,0,4,67301,2,,1,1,,N,N,,0,,0,0,0,9.0,2,Y,1809,2,2,0,0,0,0,0,3,4,0,2,3,,N,,,,,,,,,,,
2008119633,209,1,0,0,0,0,0,0,0,0,8,0,,67,10,2008,7,39.9512,-75.1455,209.0,6,0,0,0,0,0,0,0,0,,0,0,0,2,3,1,0,,0,39 57:04.294,,0,75 08:43.681,3,0,0,0,67301,1,0,0,N,1,0,0,5,67301,0,,1,1,,N,N,,0,,1,0,0,0.0,0,,209,1,2,0,0,0,0,0,3,4,0,1,3,,N,,,,,,,,,,,
2008119663,1532,1,0,0,0,0,0,0,0,0,8,0,,67,8,2008,7,40.0122,-75.1506,1530.0,6,0,0,0,0,0,0,0,0,9.0,0,0,0,15,1,1,0,,2,40 00:43.647,2.0,0,75 09:02.214,2,0,0,0,67301,1,0,1,,1,0,1,2,67301,0,,1,1,,,,,0,,0,1,0,3.0,2,N,1519,1,2,0,0,0,0,0,3,4,0,1,3,,N,,,,,,,,,,,
2008122641,730,0,0,0,0,0,0,1,0,0,1,1,,67,8,2008,5,39.8932,-75.2331,730.0,6,0,0,0,0,0,1,0,0,,0,1,0,7,1,2,0,,0,39 53:33.375,,2,75 14:09.478,3,0,0,0,67301,0,0,0,,0,0,0,5,67301,1,,7,1,,,,,0,,1,0,1,0.0,0,,725,2,3,0,0,0,0,0,3,4,0,3,3,,N,,,,,,,,,,,
2008122725,726,1,0,0,0,0,0,0,0,0,7,0,,67,9,2008,7,40.1062,-74.9944,721.0,6,0,0,0,0,0,0,0,0,1.0,0,0,0,7,5,1,0,,1,40 06:20.470,4.0,2,74 59:37.980,4,0,0,0,67301,0,0,0,Y,0,0,0,1,67301,1,,2,9,,N,N,,0,,0,0,0,0.0,0,N,717,1,1,0,0,0,0,0,3,4,0,1,7,,N,,,,,,,,,,,
2008135258,2118,2,0,0,0,0,0,0,0,0,4,0,,67,11,2008,1,40.0145,-75.1783,2115.0,6,0,0,0,0,0,2,0,0,3.0,0,0,0,21,3,5,0,,1,40 00:52.338,2.0,0,75 10:41.858,4,0,0,0,67301,0,0,0,N,0,0,0,5,67301,5,,1,1,,N,N,,0,,0,0,0,0.0,0,N,2115,5,2,0,0,0,0,0,3,4,0,2,3,,N,,,,,,,,,,,
2008135261,1547,2,0,0,0,0,0,0,0,0,4,0,,67,10,2008,1,39.9721,-75.1248,1546.0,6,0,0,0,1,0,0,0,0,2.0,0,0,0,15,1,1,1,,1,39 58:20.249,4.0,0,75 07:27.903,8,0,0,0,67301,0,0,0,,0,0,0,2,67301,0,,1,1,,N,N,,0,,0,0,0,3.0,2,N,1529,1,2,0,0,0,1,0,3,4,0,2,3,,N,,,,,,,,,,,
2008026695,1740,2,0,0,0,0,0,0,0,0,1,0,,67,1,2008,5,39.9861,-75.2494,1732.0,6,0,0,0,0,0,0,0,0,,0,0,0,17,2,1,0,,0,39 59:09.000,,0,75 14:57.684,8,0,0,0,67301,0,0,0,,0,0,0,3,67301,0,,1,1,,,N,,0,,0,0,0,0.0,0,,1725,1,2,0,0,0,1,0,3,4,0,2,3,,N,,,,,,,,,,,
2008061184,1819,2,0,0,0,0,0,0,0,0,4,0,,67,3,2008,2,40.0042,-75.0994,1815.0,6,0,0,0,0,0,1,0,0,1.0,0,0,0,18,1,1,1,,2,40 00:15.119,7.0,0,75 05:57.765,4,0,0,0,67301,0,0,0,,0,0,0,3,67301,1,,1,1,,,,,0,,0,0,0,3.0,2,Y,1815,1,2,0,0,1,0,0,3,4,0,2,3,,N,,,,,,,,,,,
2008061198,1343,2,0,0,0,0,0,0,0,0,4,0,,67,3,2008,6,40.0289,-75.0895,1336.0,6,0,0,0,0,0,2,0,0,1.0,0,0,0,13,1,2,1,,1,40 01:43.697,1.0,0,75 05:23.236,4,0,0,0,67301,0,0,0,,0,0,0,5,67301,2,,1,1,,,,,0,,0,0,0,3.0,2,N,1336,2,3,0,0,0,0,1,3,4,1,3,3,,N,,,,,,,,,,,
2008061199,1533,2,0,0,0,0,0,1,0,0,4,1,,67,3,2008,5,39.9543,-75.2404,1531.0,6,0,0,0,0,0,0,0,0,,0,0,0,15,1,1,1,,0,39 57:15.325,,0,75 14:25.306,4,0,0,0,67301,0,0,0,,0,0,0,12,67301,1,,1,1,,Y,N,,0,,0,0,0,0.0,0,,1525,1,3,0,0,0,0,0,3,4,0,3,3,,N,,,,,,,,,,,
2008061211,2035,1,0,0,0,0,0,0,0,0,7,0,,67,3,2008,6,40.0531,-75.1801,2029.0,6,0,0,0,0,0,0,1,0,,0,0,0,20,3,1,0,,0,40 03:11.214,,0,75 10:48.270,3,0,0,0,67301,0,0,0,N,0,0,0,1,67301,0,,1,1,,N,N,,0,,1,0,0,0.0,0,,2005,1,1,0,0,0,0,0,3,4,0,1,3,,N,,,,,,,,,,,
2008059210,957,1,0,0,0,0,0,1,0,0,6,1,,67,3,2008,4,39.9987,-75.0946,954.0,6,0,0,0,0,0,1,0,0,2.0,0,0,0,9,1,2,1,,1,39 59:55.424,6.0,0,75 05:40.664,3,0,0,0,67301,0,0,0,N,0,0,0,3,67301,1,,1,1,,Y,N,,0,,1,0,0,3.0,3,Y,950,2,2,0,0,0,0,0,3,4,0,2,3,,N,,,,,,,,,,,
2008059256,1406,2,0,0,0,0,0,0,0,0,4,0,,67,3,2008,3,39.9462,-75.2388,1402.0,6,0,0,0,0,0,0,0,0,1.0,0,0,0,14,1,1,0,,1,39 56:46.203,2.0,0,75 14:19.604,8,0,0,0,67301,0,0,0,N,0,0,0,2,67301,0,,1,1,,N,N,,0,,0,0,0,0.0,0,N,1402,1,2,0,0,0,1,0,3,4,0,2,3,,N,,,,,,,,,,,
2008059081,1730,2,0,0,0,0,0,1,0,0,4,1,,67,3,2008,2,39.9752,-75.1882,727.0,6,0,0,0,0,0,1,0,0,,0,0,0,16,1,2,3,,0,39 58:30.585,,0,75 11:17.385,8,0,0,0,67301,0,0,0,N,0,0,0,5,67301,0,,1,1,,N,N,,0,,0,0,0,3.0,3,,1645,2,3,0,0,0,2,2,3,4,0,3,3,,N,,,,,,,,,,,
2008059166,2340,2,0,0,0,0,0,0,0,0,2,0,,67,3,2008,4,40.0585,-75.0788,2336.0,6,0,0,0,0,0,0,0,0,,0,0,0,23,3,1,1,,0,40 03:30.664,,0,75 04:43.841,4,0,0,0,67301,0,0,0,N,0,0,0,2,67301,1,,1,9,,N,N,,0,,0,0,0,3.0,3,,2336,1,2,0,0,0,0,0,3,4,0,2,7,,N,,,,,,,,,,,
2008054233,630,0,0,0,0,0,0,0,0,0,5,0,,67,3,2008,2,39.9365,-75.1856,630.0,6,0,0,0,0,0,0,0,0,,0,0,0,6,5,0,0,,0,39 56:11.533,,0,75 11:08.185,0,0,0,0,67301,0,0,0,N,0,0,0,1,67301,0,,2,1,,N,N,,1,,0,0,1,0.0,0,,630,0,2,0,0,0,0,0,3,4,0,2,3,,N,,,,,,,,,,,
2008056728,918,1,0,0,0,0,0,0,0,0,1,0,,67,4,2008,3,40.0081,-75.202,908.0,6,0,0,0,0,0,2,0,0,,0,0,0,9,1,0,0,,0,40 00:28.520,,0,75 12:05.474,0,0,0,0,67301,0,0,0,N,0,0,0,2,68K01,0,,1,1,,N,N,,0,,0,0,1,0.0,0,,908,0,2,0,0,0,0,0,3,4,0,2,3,,N,,,,,,,,,,,
2008056730,1040,0,0,0,0,0,0,0,0,0,1,0,,67,4,2008,5,40.0009,-75.195,1028.0,6,0,0,0,0,0,0,0,0,,0,0,0,10,1,2,0,,0,40 00:03.490,,0,75 11:42.061,4,0,0,0,67301,0,0,0,N,0,0,0,2,68K01,2,,1,1,,N,N,,1,,0,0,1,0.0,0,,1024,2,2,0,0,0,0,0,3,4,0,2,3,,N,,,,,,,,,,,
2008051600,45,1,0,0,0,0,0,0,0,0,5,0,,67,2,2008,7,40.0153,-75.1553,45.0,6,0,0,0,0,0,0,0,0,,0,0,0,99,3,2,2,,0,40 00:55.037,,0,75 09:18.906,3,0,0,0,67301,0,0,0,N,0,0,0,3,67301,1,,1,1,,N,N,,0,,1,0,1,3.0,2,,9999,2,2,0,0,0,0,0,3,4,0,2,3,,N,,,,,,,,,,,
2008051749,1323,1,0,0,0,0,0,1,0,0,5,1,99.0,67,2,2008,3,40.0272,-75.0624,1314.0,6,0,0,0,0,0,1,0,0,9.0,0,0,0,13,1,1,0,,1,40 01:38.099,1.0,0,75 03:44.685,4,0,0,0,67301,0,0,0,,0,0,0,2,67301,1,,1,1,,N,N,,0,,0,0,0,3.0,2,N,1323,1,2,0,0,0,0,0,3,4,0,2,3,,Y,8.0,8.0,U,,,U,,,,,
2008051785,1346,1,0,0,0,0,0,1,0,0,4,1,,67,2,2008,6,39.9788,-75.1466,1341.0,6,0,0,0,0,0,0,0,0,,0,0,0,99,1,1,1,,0,39 58:43.694,,0,75 08:47.637,8,0,0,0,67301,0,0,0,,0,0,0,3,67301,0,,1,2,,,,,0,,0,0,0,3.0,3,,9999,1,2,0,0,0,1,0,3,4,0,2,7,,N,,,,,,,,,,,
2008051737,1602,0,0,0,0,0,0,0,0,0,8,0,,67,3,2008,5,40.0007,-75.1177,1559.0,6,0,0,0,0,0,0,0,0,,0,0,0,99,1,1,0,,0,40 00:02.631,,0,75 07:03.547,4,0,0,0,67301,1,0,0,N,1,0,0,2,67301,1,,1,1,,N,N,,0,,0,0,0,0.0,0,,9999,1,2,0,0,0,0,0,3,4,1,1,3,,N,,,,,,,,,,,
2008049343,312,1,0,0,0,0,0,0,0,0,7,0,,67,3,2008,5,39.9543,-75.1812,303.0,6,0,0,0,0,0,0,0,0,1.0,0,0,0,3,3,0,0,,1,39 57:21.513,3.0,0,75 10:49.913,0,0,0,0,67301,0,0,0,N,0,0,0,1,68K01,0,,5,9,,N,N,,0,,0,0,0,0.0,0,N,300,0,1,0,0,0,0,0,3,4,0,1,7,,N,,,,,,,,,,,
2008133012,945,2,0,0,0,0,0,0,0,0,4,0,,67,10,2008,5,39.973,-75.1821,940.0,6,0,0,0,0,0,0,0,0,,0,0,0,9,1,0,1,,0,39 58:22.893,,0,75 10:55.678,0,0,0,0,67301,0,0,0,,0,0,0,4,67301,0,,1,1,,,,,0,,0,0,0,3.0,2,,935,0,2,0,0,0,0,0,3,4,0,2,3,,N,,,,,,,,,,,
2008050133,1853,1,0,0,0,0,0,0,0,0,7,0,,67,4,2008,3,40.051,-74.9897,1853.0,6,0,0,1,0,0,0,0,0,1.0,0,0,0,18,1,1,0,,1,40 03:03.874,1.0,0,74 59:22.209,3,0,0,0,67301,0,0,0,Y,0,0,0,5,68K01,0,,3,1,,N,N,,0,,1,0,0,0.0,0,N,1852,1,1,0,0,2,0,0,3,4,0,1,3,,N,,,,,,,,,,,
2008053153,1150,1,0,0,0,0,0,0,0,0,7,0,,67,2,2008,6,40.0873,-74.9784,1146.0,6,0,1,0,0,0,0,0,0,,0,0,0,11,1,0,1,,0,40 05:14.316,,0,74 58:42.376,0,0,0,0,67301,0,0,0,N,0,0,0,2,67301,0,,5,1,,N,N,,0,,0,0,0,0.0,0,,1140,0,1,0,0,0,0,0,3,4,0,1,3,,N,,,,,,,,,,,
2008050903,2014,3,0,0,0,0,0,0,0,0,5,0,,67,2,2008,5,39.9778,-75.1255,2012.0,6,0,0,0,0,0,0,0,0,,0,0,0,99,3,0,0,,0,39 58:40.062,,0,75 07:31.850,0,0,0,0,67301,0,0,0,N,0,0,0,1,67301,0,,6,1,,N,N,,1,,0,0,0,0.0,0,,9999,0,4,0,0,0,0,0,3,4,0,4,3,,N,,,,,,,,,,,
2008048105,327,1,0,0,0,0,0,0,0,0,7,0,,67,3,2008,1,39.8865,-75.2145,306.0,6,0,0,0,1,0,0,0,0,2.0,0,0,0,3,3,0,0,,1,39 53:10.066,1.0,0,75 12:43.560,0,0,0,0,67301,0,0,0,N,0,0,0,2,68K01,0,,3,1,,N,N,,0,,0,0,0,0.0,0,N,301,0,1,0,0,0,0,0,3,4,0,1,3,,N,,,,,,,,,,,
2008050852,1628,4,0,0,0,0,0,0,0,0,5,0,,67,2,2008,3,40.0487,-75.0514,1626.0,6,0,0,1,0,0,0,0,0,,0,0,0,16,3,4,0,,0,40 02:55.524,,0,75 03:05.102,3,0,0,0,67301,0,0,0,N,0,0,0,6,67301,0,,1,9,,N,N,,0,,4,0,0,0.0,0,,1624,4,4,0,0,0,0,2,3,4,0,4,98,,N,,,,,,,,,,,
2008050862,1408,1,0,0,0,0,0,0,0,0,7,0,,67,3,2008,7,40.0359,-75.1266,1405.0,6,0,0,0,0,0,0,0,0,,0,0,0,99,3,1,1,,0,40 02:09.349,,0,75 07:35.780,4,0,0,0,67301,0,0,0,N,0,0,0,1,67301,1,,4,9,,N,N,,0,,0,0,0,3.0,3,,9999,1,1,0,0,0,0,0,3,4,0,1,7,,N,,,,,,,,,,,
2008050871,2345,2,0,0,0,0,0,0,0,0,2,0,,67,2,2008,6,40.0068,-75.1321,2345.0,6,0,0,0,0,0,0,0,0,,0,0,0,23,3,0,1,,0,40 00:24.409,,0,75 07:55.714,9,0,0,0,67301,0,0,0,,0,0,0,2,67301,0,,1,9,,,,,0,,0,0,0,0.0,0,,2345,0,2,0,0,0,0,1,3,4,0,2,7,,N,,,,,,,,,,,
2008048600,2310,1,0,0,0,0,0,0,0,0,8,0,,67,1,2008,4,39.9511,-75.1532,2306.0,6,0,0,0,0,0,0,0,0,,0,0,0,23,3,1,0,,0,39 57:03.789,,0,75 09:11.600,8,0,0,0,67301,1,0,0,N,1,0,0,2,67301,0,,1,1,,N,N,,0,,0,0,0,0.0,0,,2306,1,2,0,0,0,1,0,3,4,0,1,3,,N,,,,,,,,,,,
2008044055,1215,1,0,0,0,0,0,0,0,0,4,0,,67,1,2008,7,40.0943,-75.031,1215.0,6,0,0,0,0,1,0,0,0,2.0,0,0,0,12,1,0,1,,1,40 05:38.000,2.0,0,75 01:51.913,0,0,0,0,67301,0,0,0,,0,0,0,2,67301,0,,1,1,,,,,0,,0,0,0,3.0,2,N,1205,0,2,0,0,0,0,0,3,4,1,2,3,,N,,,,,,,,,,,
2008041301,9999,2,0,0,0,0,0,0,0,0,6,0,,67,2,2008,7,39.9449,-75.2392,9999.0,6,0,0,0,0,0,1,0,0,,0,0,0,99,1,1,2,,0,39 56:41.812,,7,75 14:21.262,4,0,0,0,67301,0,0,0,N,0,0,0,3,67301,1,,1,1,,N,N,,0,,0,0,0,0.0,0,,9999,1,2,0,0,3,0,0,3,4,0,2,3,,N,,,,,,,,,,,
2008103652,846,1,0,0,0,0,0,0,0,0,1,0,,67,6,2008,4,40.0033,-75.1282,846.0,6,0,0,0,0,0,1,0,0,,0,0,0,8,1,2,0,,0,40 00:11.973,,0,75 07:41.577,8,0,0,0,67301,0,0,0,,0,0,0,5,67301,0,,1,1,,N,N,,1,,0,0,0,2.0,2,,843,2,3,0,0,2,2,0,3,4,1,3,3,,N,,,,,,,,,,,
2008108469,1536,2,0,0,0,0,0,0,0,0,6,0,,67,5,2008,7,39.9688,-75.1362,1534.0,6,0,0,0,0,0,0,0,0,,0,0,0,15,1,0,1,,0,39 58:07.845,,0,75 08:10.374,0,0,0,0,67301,0,0,0,N,0,0,0,2,67301,0,,1,1,,N,N,,0,,0,0,0,3.0,2,,1500,0,2,0,0,2,0,0,3,4,0,2,3,,N,,,,,,,,,,,
2008108476,1310,1,0,0,0,0,0,0,0,0,1,0,,67,8,2008,7,39.9473,-75.2337,1256.0,6,0,0,0,0,0,0,0,0,,0,0,0,12,1,2,2,,0,39 56:50.377,,0,75 14:01.334,4,0,0,0,67301,0,0,0,,0,0,0,3,67301,1,,1,1,,,,,0,,0,0,1,0.0,0,,1240,2,2,0,0,0,1,0,3,4,0,2,3,,N,,,,,,,,,,,
2008069247,1736,2,0,0,0,0,0,0,0,0,6,0,,67,4,2008,6,39.9917,-75.1797,1735.0,6,0,0,0,0,1,0,0,0,,0,0,0,17,1,3,2,,0,39 59:30.202,,7,75 10:47.041,8,0,0,0,67301,0,0,0,N,0,0,0,4,67301,0,,1,1,,N,N,,0,,0,0,0,0.0,0,,1725,3,2,0,0,0,3,1,3,4,0,2,3,,N,,,,,,,,,,,
2008099277,1500,2,0,0,0,0,0,0,0,0,4,0,,67,8,2008,2,39.9252,-75.1867,1455.0,6,0,0,0,0,0,0,0,0,,0,0,0,14,1,0,0,,0,39 55:30.572,,0,75 11:12.098,9,0,0,0,67301,0,0,0,N,0,0,0,1,67301,0,,1,1,,N,N,,0,,0,0,0,0.0,0,,1450,0,2,0,0,0,0,1,3,4,0,2,3,,N,,,,,,,,,,,
2008108610,2359,1,0,0,0,0,0,1,0,0,4,1,,67,8,2008,2,39.8876,-75.248,2355.0,6,0,0,0,0,0,0,0,0,,0,0,0,21,3,1,2,,0,39 53:15.000,,0,75 14:52.440,4,0,0,0,67301,0,0,0,N,0,0,0,2,67301,1,,1,1,,N,N,,0,,0,0,0,3.0,2,,2132,1,2,0,0,0,0,0,3,4,0,2,3,,N,,,,,,,,,,,
2008118713,2039,3,0,0,0,0,0,0,0,0,4,0,,67,10,2008,5,39.9322,-75.1814,2036.0,6,0,0,0,1,0,0,0,0,,0,0,0,20,3,1,1,,0,39 55:55.819,,0,75 10:53.043,4,0,0,0,67301,0,0,0,,0,0,0,2,67301,1,,1,1,,,,,0,,0,0,0,9.0,2,,2033,1,3,0,0,0,0,1,3,4,0,3,3,,N,,,,,,,,,,,
2008103445,4,0,0,0,0,0,0,0,0,0,7,0,,67,7,2008,6,40.0031,-75.1773,4.0,6,1,0,0,0,0,0,0,0,,0,0,0,23,3,0,1,,0,40 00:11.178,,0,75 10:38.108,0,0,0,0,67301,0,0,0,Y,0,0,0,1,67301,0,,5,1,,N,N,,1,,0,0,0,3.0,2,,2355,0,1,0,0,1,0,0,3,4,0,1,3,,N,,,,,,,,,,,
2008099061,2316,1,0,0,0,0,0,0,0,0,8,0,,67,6,2008,3,39.9584,-75.2375,2315.0,6,0,0,0,0,0,0,0,0,,0,0,0,23,3,1,1,,0,39 57:30.390,,0,75 14:14.838,4,0,0,0,67301,1,0,0,N,1,0,0,2,67301,1,,1,1,,N,N,,0,,0,0,0,3.0,2,,2300,1,2,0,0,0,0,0,3,4,0,1,3,,N,,,,,,,,,,,
2008122228,1812,1,0,0,0,0,0,0,0,0,7,0,,67,10,2008,6,39.9286,-75.1464,1808.0,6,0,0,0,0,0,1,0,0,1.0,0,0,0,18,3,1,0,,1,39 55:45.675,2.0,0,75 08:46.583,3,0,0,0,67301,0,0,0,N,0,0,0,4,68K01,0,,2,1,,N,N,,0,,1,0,0,0.0,0,N,1805,1,2,0,0,0,0,0,3,4,1,2,3,,N,,,,,,,,,,,
2008132798,1755,1,0,0,0,0,0,0,0,0,1,0,,67,11,2008,3,40.0059,-75.0748,1755.0,6,0,0,0,0,0,0,0,1,,0,0,0,17,3,0,0,,0,40 00:18.368,,2,75 04:32.027,0,0,0,0,67301,0,0,0,N,0,0,0,3,68K01,0,,1,1,,N,N,,1,,0,0,0,0.0,0,,1744,0,2,0,0,0,0,0,3,4,0,2,3,,N,,,,,,,,,,,
2008135698,837,1,0,0,0,0,0,0,0,0,1,0,,67,12,2008,7,39.8858,-75.2081,828.0,6,0,0,0,0,0,1,0,0,,0,0,0,8,1,0,0,,0,39 53:36.745,,0,75 11:45.414,0,0,0,0,67301,0,0,0,N,0,0,0,10,68K01,0,,1,1,,N,N,,0,,0,0,2,0.0,0,,826,0,3,0,0,0,0,0,3,4,0,3,3,,N,,,,,,,,,,,
2008015287,545,0,0,0,0,0,0,0,0,0,7,0,,67,1,2008,3,39.945,-75.1908,529.0,6,0,0,0,0,0,0,0,0,2.0,0,0,0,5,3,0,3,,2,39 56:42.000,4.0,2,75 11:27.000,0,0,0,0,67301,0,0,0,N,0,0,0,1,68K01,0,,4,2,,N,N,,0,,0,0,1,0.0,0,Y,527,0,1,0,0,0,0,0,3,4,0,1,98,,N,,,,,,,,,,,
2008132960,145,1,0,0,0,0,0,0,0,0,7,0,,67,11,2008,1,40.0034,-75.1524,142.0,6,0,0,0,0,0,0,0,0,3.0,0,0,0,1,3,1,0,,1,40 00:12.354,1.0,0,75 09:08.629,4,0,0,0,67301,0,0,0,N,0,0,0,2,67301,1,,2,9,,N,N,,1,,0,0,0,0.0,0,Y,142,1,2,0,0,2,0,0,3,4,0,2,3,,N,,,,,,,,,,,
2008026677,900,2,0,0,0,0,0,0,0,0,1,0,,67,1,2008,4,40.0707,-75.0104,858.0,6,0,0,0,0,0,0,0,0,9.0,0,0,0,99,1,2,0,,1,40 04:14.000,3.0,0,75 00:37.755,4,0,0,0,67301,0,0,0,N,0,0,0,2,67301,2,,1,9,,N,N,,0,,0,0,0,0.0,0,N,9999,2,2,0,0,0,0,0,3,4,0,2,7,,N,,,,,,,,,,,
2008026684,1615,1,0,0,0,0,0,0,0,0,4,0,,67,1,2008,3,40.0471,-75.098,1615.0,6,0,0,0,0,0,0,0,0,9.0,0,0,0,16,1,1,1,,1,40 02:49.000,6.0,0,75 05:52.795,3,0,0,0,67301,0,0,0,,0,0,0,3,67301,0,,1,1,,N,N,,1,,1,0,0,2.0,2,N,1615,1,2,0,0,0,0,0,3,4,0,2,3,,N,,,,,,,,,,,
2008026690,355,1,0,0,0,0,0,0,0,0,7,0,,67,1,2008,7,40.0485,-75.2185,353.0,6,0,0,0,1,0,0,0,0,,0,0,0,3,3,1,0,,0,40 02:54.000,,0,75 13:07.057,4,0,0,0,67301,0,0,0,N,0,0,0,1,67301,1,,5,1,,N,N,,0,,0,0,0,0.0,0,,350,1,1,0,0,1,0,0,3,4,0,1,3,,N,,,,,,,,,,,
2008060910,1350,2,0,0,0,0,0,0,0,0,1,0,,67,3,2008,4,39.9046,-75.2387,1347.0,6,0,0,0,1,0,0,0,0,,0,0,0,13,1,1,2,,0,39 54:16.588,,0,75 14:19.147,4,0,0,0,67301,0,0,0,N,0,0,0,2,67301,1,,1,9,,N,N,,0,,0,0,0,3.0,3,,1340,1,2,0,0,1,0,0,3,4,0,2,7,,N,,,,,,,,,,,
2008059018,1840,1,0,0,0,0,0,0,0,0,1,0,,67,3,2008,6,40.0176,-75.0593,1838.0,6,0,0,0,0,0,0,1,0,,0,0,0,18,4,1,1,,0,40 01:03.526,,0,75 03:33.422,3,0,0,0,67301,0,0,0,,0,0,0,2,67301,0,,1,1,,,,,0,,1,0,1,3.0,2,,1838,1,2,0,0,0,0,0,3,4,0,2,3,,N,,,,,,,,,,,
2008056266,1259,0,0,0,0,0,0,0,0,0,5,1,,67,3,2008,5,39.9568,-75.1532,1236.0,6,0,0,0,0,0,0,0,0,,0,1,0,12,1,0,0,,0,39 57:24.671,,0,75 09:11.540,9,0,0,0,67301,0,0,0,N,0,0,0,3,68K01,0,,1,1,,N,N,,0,,0,0,0,3.0,8,,1229,0,2,0,0,0,0,1,3,4,0,2,3,,N,,,,,,,,,,,
2008054075,1820,2,0,0,0,0,0,0,0,0,4,0,,67,1,2008,4,40.0179,-75.1493,1815.0,6,0,0,0,0,0,0,0,0,,0,0,0,18,3,3,1,,0,40 01:04.608,,0,75 08:57.650,4,0,0,0,67301,0,0,0,,0,0,0,4,67301,3,,1,1,,,,,0,,0,0,0,3.0,2,,1800,3,2,0,0,0,0,0,3,4,0,2,3,,N,,,,,,,,,,,
2008051415,1709,1,0,0,0,0,0,0,0,0,7,0,,67,3,2008,3,39.9364,-75.1483,1707.0,6,0,0,0,0,0,0,0,1,1.0,0,0,0,17,4,0,0,,1,39 56:10.946,3.0,0,75 08:54.052,0,0,0,0,67301,0,0,0,N,0,0,0,2,67301,0,,2,1,,N,N,,0,,0,0,0,0.0,0,N,1707,0,1,0,0,0,0,0,3,4,0,1,3,,N,,,,,,,,,,,