CRN,ARRIVAL_TM,AUTOMOBILE_COUNT,BELTED_DEATH_COUNT,BELTED_SUSP_SERIOUS_INJ_COUNT,BICYCLE_COUNT,BICYCLE_DEATH_COUNT,BICYCLE_SUSP_SERIOUS_INJ_COUNT,BUS_COUNT,CHLDPAS_DEATH_COUNT,CHLDPAS_SUSP_SERIOUS_INJ_COUNT,COLLISION_TYPE,COMM_VEH_COUNT,CONS_ZONE_SPD_LIM,COUNTY,CRASH_MONTH,CRASH_YEAR,DAY_OF_WEEK,DEC_LAT,DEC_LONG,DISPATCH_TM,DISTRICT,DRIVER_COUNT_16YR,DRIVER_COUNT_17YR,DRIVER_COUNT_18YR,DRIVER_COUNT_19YR,DRIVER_COUNT_20YR,DRIVER_COUNT_50_64YR,DRIVER_COUNT_65_74YR,DRIVER_COUNT_75PLUS,EST_HRS_CLOSED,FATAL_COUNT,HEAVY_TRUCK_COUNT,HORSE_BUGGY_COUNT,HOUR_OF_DAY,ILLUMINATION,INJURY_COUNT,INTERSECT_TYPE,INTERSECTION_RELATED,LANE_CLOSED,LATITUDE,LN_CLOSE_DIR,LOCATION_TYPE,LONGITUDE,MAX_SEVERITY_LEVEL,MCYCLE_DEATH_COUNT,MCYCLE_SUSP_SERIOUS_INJ_COUNT,MOTORCYCLE_COUNT,MUNICIPALITY,NONMOTR_COUNT,NONMOTR_DEATH_COUNT,NONMOTR_SUSP_SERIOUS_INJ_COUNT,NTFY_HIWY_MAINT,PED_COUNT,PED_DEATH_COUNT,PED_SUSP_SERIOUS_INJ_COUNT,PERSON_COUNT,POLICE_AGCY,POSSIBLE_INJ_COUNT,RDWY_SURF_TYPE_CD,RELATION_TO_ROAD,ROAD_CONDITION,ROADWAY_CLEARED,SCH_BUS_IND,SCH_ZONE_IND,SECONDARY_CRASH,SMALL_TRUCK_COUNT,SPEC_JURIS_CD,SUSP_MINOR_INJ_COUNT,SUSP_SERIOUS_INJ_COUNT,SUV_COUNT,TCD_FUNC_CD,TCD_TYPE,TFC_DETOUR_IND,TIME_OF_DAY,TOT_INJ_COUNT,TOTAL_UNITS,UNB_DEATH_COUNT,UNB_SUSP_SERIOUS_INJ_COUNT,UNBELTED_OCC_COUNT,UNK_INJ_DEG_COUNT,UNK_INJ_PER_COUNT,URBAN_AREA,URBAN_RURAL,VAN_COUNT,VEHICLE_COUNT,WEATHER1,WEATHER2,WORK_ZONE_IND,WORK_ZONE_LOC,WORK_ZONE_TYPE,WORKERS_PRES,WZ_CLOSE_DETOUR,WZ_FLAGGER,WZ_LAW_OFFCR_IND,WZ_LN_CLOSURE,WZ_MOVING,WZ_OTHER,WZ_SHLDER_MDN,WZ_WORKERS_INJ_KILLED
2008051576,803,0,0,0,0,0,0,1,0,0,5,1,,67,2,2008,4,40.0434,-75.0031,803.0,6,0,0,0,0,0,0,0,0,1.0,0,0,0,8,1,2,0,,2,40 02:36.600,2.0,0,75 00:11.160,3,0,0,0,67301,0,0,0,N,0,0,0,3,67301,1,,1,1,,Y,N,,0,,1,0,0,0.0,0,N,801,2,2,0,0,1,0,0,3,4,1,2,3,,N,,,,,,,,,,,
2008051599,1436,2,0,0,0,0,0,0,0,0,1,0,,67,2,2008,5,39.9567,-75.1436,1430.0,6,0,0,0,0,0,0,0,0,,0,0,0,14,1,1,3,,0,39 57:26.618,,2,75 08:49.702,8,0,0,0,67301,0,0,0,N,0,0,0,3,67301,0,,1,1,,N,N,,0,,0,0,0,0.0,0,,1425,1,2,0,0,0,1,0,3,4,0,2,3,,N,,,,,,,,,,,
2008051614,810,3,0,0,0,0,0,0,0,0,2,0,,67,2,2008,5,39.9687,-75.2339,806.0,6,0,0,0,0,0,0,0,0,3.0,0,0,0,8,1,2,1,,2,39 58:07.273,6.0,0,75 14:01.917,3,0,0,0,67301,1,0,0,N,0,0,0,4,67301,0,,1,1,,N,N,,0,,2,0,0,3.0,2,Y,805,2,3,0,0,0,0,0,3,4,0,3,3,,N,,,,,,,,,,,
2008052081,1823,2,0,0,0,0,0,0,0,0,1,0,,67,4,2008,7,39.8988,-75.1694,1823.0,6,0,0,0,0,0,0,0,0,,0,0,0,18,1,0,0,,0,39 53:59.359,,0,75 09:40.035,0,0,0,0,67301,0,0,0,N,0,0,0,3,68K01,0,,1,1,,N,N,,0,,0,0,0,0.0,0,,1813,0,2,0,0,0,0,0,3,4,0,2,3,,N,,,,,,,,,,,
2008028987,229,2,0,0,0,0,0,0,0,0,4,0,,67,1,2008,7,40.035,-75.0694,228.0,6,0,1,0,0,1,0,0,0,2.0,0,0,0,2,3,2,2,,2,40 02:06.000,1.0,0,75 04:09.824,3,0,0,0,67301,0,0,0,N,0,0,0,5,67301,0,,1,1,,N,N,,0,,2,0,0,3.0,2,N,217,2,2,0,0,0,0,0,3,4,0,2,3,,N,,,,,,,,,,,
2008050275,136,0,0,0,0,0,0,0,0,0,1,0,,67,2,2008,7,40.0294,-75.2108,136.0,6,0,0,0,0,0,0,0,0,,0,0,0,1,3,1,0,,0,40 01:45.674,,0,75 12:38.967,3,0,0,0,67301,0,0,0,N,0,0,0,3,67301,0,,1,9,,N,N,,2,,1,0,0,0.0,0,,135,1,2,0,0,0,0,0,3,4,0,2,9,,N,,,,,,,,,,,
2008047504,41,0,0,0,0,0,0,0,0,0,7,0,,67,3,2008,6,39.9147,-75.1479,29.0,6,0,0,0,0,0,1,0,0,,0,0,0,0,3,0,0,,0,39 54:57.120,,0,75 08:51.207,0,0,0,0,67301,0,0,0,N,0,0,0,1,68K01,0,,2,1,,N,N,,0,,0,0,1,0.0,0,,24,0,1,0,0,0,0,0,3,4,0,1,3,,N,,,,,,,,,,,
2008047650,2150,1,0,0,0,0,0,1,0,0,5,1,,67,1,2008,4,40.0398,-75.1446,2145.0,6,0,0,0,0,0,1,0,0,1.0,0,0,0,21,3,0,0,,2,40 02:23.262,5.0,0,75 08:40.472,0,0,0,0,67301,1,0,0,N,0,0,0,2,67301,0,,6,1,,N,N,,0,,0,0,1,0.0,0,Y,2145,0,3,0,0,0,0,0,3,4,0,3,3,,N,,,,,,,,,,,
2008047659,250,3,0,0,0,0,0,0,0,0,4,0,,67,2,2008,1,39.9474,-75.1876,245.0,6,0,0,0,0,0,0,0,0,,0,0,0,2,3,2,1,,0,39 56:50.808,,8,75 11:15.478,8,0,0,0,67301,0,0,0,N,0,0,0,4,67301,0,,1,1,,N,N,,0,,0,0,0,3.0,2,,230,2,3,0,0,2,2,0,3,4,0,3,3,,N,,,,,,,,,,,
2008023947,1513,1,0,0,0,0,0,0,0,0,4,0,,67,1,2008,7,40.0613,-75.1721,1513.0,6,0,0,0,0,0,0,1,1,2.0,0,0,0,14,1,2,1,,2,40 03:40.000,6.0,0,75 10:19.427,4,0,0,0,67301,0,0,0,N,0,0,0,2,67301,2,,1,1,,N,N,,0,,0,0,0,3.0,3,Y,1430,2,2,0,0,0,0,0,3,4,1,2,3,,N,,,,,,,,,,,
2008023949,2343,2,0,0,0,0,0,0,0,0,1,0,,67,1,2008,7,40.0175,-75.1729,2342.0,6,0,0,1,0,0,0,0,0,,0,0,0,23,3,0,0,,0,40 01:02.000,,0,75 10:22.161,0,0,0,0,67301,0,0,0,N,0,0,0,2,67301,0,,1,1,,N,N,,0,,0,0,0,0.0,0,,2341,0,2,0,0,0,0,0,3,4,0,2,3,,N,,,,,,,,,,,
2008050500,1950,1,0,0,0,0,0,0,0,0,4,0,,67,2,2008,2,40.0278,-75.1368,1939.0,6,0,0,0,0,0,0,0,0,,0,0,0,19,2,1,1,,0,40 01:40.141,,0,75 08:12.440,4,0,0,0,67301,0,0,0,N,0,0,0,6,67301,1,,1,1,,N,N,,0,,0,0,1,3.0,3,,1900,1,2,0,0,0,0,0,3,4,0,2,3,,N,,,,,,,,,,,
2008050570,1735,1,0,0,0,0,0,0,0,0,8,0,,67,3,2008,6,39.9196,-75.2402,1724.0,6,0,0,0,0,0,0,0,0,,0,0,0,15,1,1,1,,0,39 55:10.650,,0,75 14:24.889,4,0,0,0,67301,1,0,0,,1,0,0,2,67301,1,,1,1,,,,,0,,0,0,0,0.0,0,,1515,1,2,0,0,0,0,0,3,4,0,1,3,,N,,,,,,,,,,,
2008050763,2220,5,0,0,0,0,0,0,0,0,5,0,,67,3,2008,5,39.9978,-75.1767,2222.0,6,0,0,0,0,0,0,1,0,,0,0,0,22,8,1,0,,0,39 59:51.950,,0,75 10:36.256,8,0,0,0,67301,0,0,0,,0,0,0,1,67301,0,,1,1,,N,N,,0,,0,0,0,0.0,0,,2220,1,5,0,0,0,1,0,3,4,0,5,3,,N,,,,,,,,,,,
2008050783,250,1,0,0,0,0,0,0,0,0,8,0,,67,3,2008,7,39.9897,-75.1073,240.0,6,0,0,0,0,0,0,0,0,,0,0,0,20,3,1,1,,0,39 59:22.622,,0,75 06:26.517,8,0,0,0,67301,1,0,0,,1,0,0,2,67301,0,,1,1,,N,N,,0,,0,0,0,9.0,2,,2000,1,2,0,0,0,1,1,3,4,0,1,3,,N,,,,,,,,,,,
2008050878,850,1,0,0,0,0,0,0,0,0,4,0,,67,2,2008,3,40.0499,-75.1496,822.0,6,0,0,0,0,0,0,1,0,,0,0,0,8,1,0,1,,0,40 02:59.802,,0,75 08:58.639,9,0,0,0,67301,0,0,0,N,0,0,0,3,67301,0,,1,1,,N,N,,1,,0,0,0,3.0,3,,815,0,2,0,0,0,0,2,3,4,0,2,3,,N,,,,,,,,,,,
2008048591,245,1,0,0,0,0,0,0,0,0,7,0,,67,2,2008,1,39.9566,-75.1389,245.0,6,0,0,0,0,0,0,0,0,1.0,0,0,0,2,3,1,0,,1,39 57:23.682,2.0,0,75 08:20.170,2,0,0,0,67301,0,0,0,,0,0,0,2,67301,0,,5,1,,N,N,,0,,0,1,0,0.0,0,N,240,1,1,0,1,1,0,0,3,4,0,1,3,,N,,,,,,,,,,,
2008048606,1927,0,0,0,0,0,0,1,0,0,4,1,,67,2,2008,1,39.9763,-75.1394,1917.0,6,0,0,0,0,0,0,0,0,,0,0,0,18,3,3,1,,0,39 58:34.842,,0,75 08:21.879,4,0,0,0,67301,0,0,0,,0,0,0,5,67301,2,,1,1,,N,N,,0,,0,0,0,9.0,3,,1815,3,2,0,0,0,1,1,3,4,1,2,3,,N,,,,,,,,,,,
2008046087,1249,1,0,0,0,0,0,0,0,0,7,0,,67,3,2008,3,40.0082,-75.2029,1223.0,6,0,0,0,0,0,0,0,0,,0,0,0,12,1,0,0,,0,40 00:29.700,,0,75 12:11.600,0,0,0,0,67301,0,0,0,N,0,0,0,1,68K01,0,,2,1,,N,N,,0,,0,0,0,0.0,0,,1218,0,1,0,0,0,0,0,3,4,0,1,3,,N,,,,,,,,,,,
2008040796,1732,4,0,0,0,0,0,0,0,0,3,0,,67,1,2008,1,40.0418,-75.1124,1730.0,6,0,0,0,0,0,0,0,0,,0,0,0,17,3,1,2,,0,40 02:30.000,,0,75 06:44.575,8,0,0,0,67301,0,0,0,N,0,0,0,11,67301,0,,1,1,,N,N,,0,,0,0,0,3.0,3,,1720,1,4,0,0,0,1,2,3,4,0,4,3,,N,,,,,,,,,,,
2008043960,2038,3,0,0,0,0,0,0,0,0,1,0,,67,2,2008,6,39.9644,-75.1343,2028.0,6,0,0,0,0,0,0,0,0,,0,0,0,20,3,3,2,,0,39 57:51.000,,0,75 08:03.331,4,0,0,0,67301,0,0,0,,0,0,0,5,67301,3,,1,9,,N,N,,0,,0,0,0,0.0,0,,2028,3,3,0,0,0,0,1,3,4,0,3,7,,N,,,,,,,,,,,
2008044051,1502,1,0,0,0,0,0,0,0,0,7,0,,67,2,2008,6,40.0191,-75.2014,1459.0,6,0,0,0,0,0,1,0,0,,0,0,0,14,1,1,0,,0,40 01:08.872,,0,75 12:04.992,8,0,0,0,67301,0,0,0,N,0,0,0,2,67301,0,,4,9,,N,N,,0,,0,0,0,0.0,0,,1455,1,1,0,0,0,1,0,3,4,0,1,7,,N,,,,,,,,,,,
2008041297,1040,1,0,0,0,0,0,0,0,0,4,0,,67,2,2008,5,40.0468,-75.0703,1038.0,6,0,0,0,0,0,0,0,1,,0,0,0,10,1,2,1,,0,40 02:48.424,,0,75 04:13.037,3,0,0,0,67301,0,0,0,N,0,0,0,2,67301,1,,1,1,,N,N,,0,,1,0,0,3.0,2,,1036,2,2,0,0,0,0,0,3,4,1,2,3,,N,,,,,,,,,,,
2008041305,915,2,0,0,0,0,0,0,0,0,4,0,,67,2,2008,3,40.0313,-75.1336,911.0,6,0,0,0,0,0,0,0,0,,0,0,0,8,1,2,0,,0,40 01:52.723,,0,75 08:01.082,8,0,0,0,67301,0,0,0,N,0,0,0,2,67301,0,,6,9,,N,N,,0,,0,0,0,0.0,0,,830,2,3,0,0,0,2,0,3,4,1,3,3,,N,,,,,,,,,,,
2008120927,1620,3,0,0,0,0,0,1,0,0,2,1,,67,8,2008,2,39.9501,-75.1454,1617.0,6,0,0,0,0,0,0,0,0,3.0,0,0,0,16,1,1,0,,2,39 57:00.307,6.0,0,75 08:43.490,3,0,0,0,67301,1,0,0,Y,0,0,0,2,67301,0,,6,1,,N,N,,0,,1,0,0,3.0,2,Y,1615,1,5,0,0,0,0,0,3,4,1,5,3,,N,,,,,,,,,,,
2008069282,724,2,0,0,0,0,0,0,0,0,4,0,,67,4,2008,2,40.0551,-75.1766,718.0,6,0,0,0,0,0,1,0,0,,0,0,0,7,1,2,1,,0,40 03:18.444,,0,75 10:35.869,3,0,0,0,67301,0,0,0,,0,0,0,2,67301,1,,1,1,,,,,0,,1,0,0,3.0,3,,715,2,2,0,0,0,0,0,3,4,0,2,3,,N,,,,,,,,,,,
2008069294,1620,1,0,0,1,0,0,0,0,0,5,0,,67,4,2008,5,,,1613.0,6,0,0,0,0,0,0,0,0,,0,0,0,15,1,1,0,,0,,,0,,3,0,0,0,67301,1,0,0,N,0,0,0,2,67301,0,,1,1,,N,N,,0,,1,0,0,0.0,0,,1510,1,2,0,0,0,0,1,3,3,0,1,3,,N,,,,,,,,,,,
2008069299,745,1,0,0,0,0,0,0,0,0,8,0,,67,4,2008,2,40.0845,-75.0384,745.0,6,0,0,0,0,1,0,0,0,,0,0,0,7,1,1,1,,0,40 05:04.030,,0,75 02:18.148,8,0,0,0,67301,1,0,0,N,1,0,0,2,67301,0,,1,1,,N,N,,0,,0,0,0,3.0,2,,745,1,2,0,0,0,1,0,3,4,0,1,3,,N,,,,,,,,,,,
2008118576,2059,2,0,0,0,0,0,0,0,0,4,0,,67,10,2008,3,40.0547,-75.0048,2058.0,6,0,0,0,0,1,0,0,0,,0,0,0,20,3,1,1,,0,40 03:17.073,,0,75 00:17.300,3,0,0,0,67301,0,0,0,N,0,0,0,3,67301,0,,1,1,,N,N,,0,,1,0,0,3.0,2,,2056,1,2,0,0,0,0,0,3,4,0,2,3,,N,,,,,,,,,,,
2008108683,1756,2,0,0,0,0,0,0,0,0,5,0,,67,8,2008,2,40.0015,-75.1854,1755.0,6,0,0,0,0,0,0,0,0,,0,0,0,17,1,0,0,,0,40 00:05.610,,0,75 11:07.281,0,0,0,0,67301,0,0,0,N,0,0,0,2,67301,0,,1,1,,N,N,,0,,0,0,0,0.0,0,,1730,0,2,0,0,1,0,0,3,4,0,2,3,,N,,,,,,,,,,,
2008063590,2206,1,0,0,0,0,0,0,0,0,7,0,,67,5,2008,1,39.9475,-75.1877,2204.0,6,0,0,0,0,0,0,0,0,2.0,0,0,0,22,3,1,0,,2,39 56:54.846,3.0,2,75 11:09.196,8,0,0,0,67301,0,0,0,N,0,0,0,1,68K01,0,,5,1,,N,N,,0,,0,0,0,0.0,0,Y,2202,1,1,0,0,0,1,0,3,4,0,1,3,,N,,,,,,,,,,,
2008059120,959,2,0,0,0,0,0,0,0,0,4,0,,67,3,2008,3,40.0238,-75.0488,959.0,6,0,0,0,0,0,1,0,0,,0,0,0,9,1,0,1,,0,40 01:25.798,,0,75 02:55.791,0,0,0,0,67301,0,0,0,N,0,0,0,2,67301,0,,1,1,,,N,,0,,0,0,0,3.0,3,,950,0,2,0,0,0,0,0,3,4,0,2,3,,N,,,,,,,,,,,
2008059282,1120,1,0,0,0,0,0,0,0,0,4,0,,67,4,2008,5,40.0247,-75.1237,1120.0,6,0,0,0,0,0,0,0,0,,0,0,0,11,1,1,1,,0,40 01:28.740,,0,75 07:25.247,3,0,0,0,67301,0,0,0,,0,0,0,3,67301,0,,1,1,,,,,1,,1,0,0,3.0,2,,1120,1,2,0,0,0,0,0,3,4,0,2,3,,N,,,,,,,,,,,
2008059095,1609,2,0,0,0,0,0,0,0,0,6,0,,67,3,2008,5,39.9626,-75.2467,1607.0,6,0,0,0,0,0,0,0,0,,0,0,0,15,1,1,1,,0,39 57:45.360,,0,75 14:48.480,8,0,0,0,67301,0,0,0,N,0,0,0,2,67301,0,,1,1,,N,N,,0,,0,0,0,3.0,2,,1546,1,2,0,0,0,1,0,3,4,0,2,3,,N,,,,,,,,,,,
2008053780,1214,2,0,0,0,0,0,0,0,0,6,0,,67,2,2008,5,40.0214,-75.1485,1212.0,6,0,0,0,0,0,0,0,0,,0,0,0,12,1,0,1,,0,40 01:16.957,,0,75 08:54.571,0,0,0,0,67301,0,0,0,N,0,0,0,2,67301,0,,3,1,,N,N,,0,,0,0,0,3.0,2,,1212,0,2,0,0,0,0,0,3,4,0,2,3,,N,,,,,,,,,,,
2008051386,1639,2,0,0,0,0,0,0,0,0,4,0,,67,2,2008,5,39.9249,-75.1729,1637.0,6,0,0,0,0,0,0,0,0,,0,0,0,16,1,0,5,,0,39 55:29.585,,0,75 10:22.522,0,0,0,0,67301,0,0,0,N,0,0,0,3,67301,0,,1,1,,N,N,,0,,0,0,0,3.0,2,,1615,0,2,0,0,0,0,0,3,4,0,2,3,,N,,,,,,,,,,,
2008051396,132,0,0,0,0,0,0,0,0,0,7,0,,67,2,2008,5,39.9696,-75.2247,131.0,6,0,0,0,0,0,0,0,0,,0,0,0,1,3,0,0,,0,39 58:10.441,,0,75 13:28.772,0,0,0,0,67301,0,0,0,,0,0,0,1,67301,0,,5,1,,,,,1,,0,0,0,0.0,0,,121,0,1,0,0,0,0,0,3,4,0,1,3,,N,,,,,,,,,,,
2008051427,1505,0,0,0,0,0,0,0,0,0,4,0,,67,2,2008,3,40.1288,-75.0137,1458.0,6,0,0,0,0,0,1,1,0,,0,0,0,99,1,1,1,,0,40 07:43.803,,0,75 00:49.406,8,0,0,0,67301,0,0,0,N,0,0,0,6,67301,0,,1,1,,N,N,,1,,0,0,0,2.0,2,,9999,1,2,0,0,0,1,0,3,4,1,2,3,,N,,,,,,,,,,,
2008051468,226,1,0,0,0,0,0,0,0,0,1,0,,67,2,2008,5,39.9496,-75.2325,224.0,6,0,0,0,0,0,0,0,0,2.0,0,0,0,2,3,0,0,,1,39 56:58.599,3.0,0,75 13:57.169,0,0,0,0,67301,0,0,0,N,0,0,0,2,67301,0,,6,1,,N,N,,2,,0,0,0,0.0,0,N,220,0,3,0,0,2,0,0,3,4,0,3,3,,N,,,,,,,,,,,
2008133010,1317,1,0,0,0,0,0,0,0,0,8,0,,67,10,2008,1,39.919,-75.1574,1313.0,6,0,0,0,1,0,0,0,0,,0,0,0,13,1,1,1,,0,39 55:08.313,,0,75 09:26.776,4,0,0,0,67301,1,0,0,,1,0,0,2,67301,1,,1,1,,,,,0,,0,0,0,9.0,3,,1308,1,2,0,0,0,0,0,3,4,0,1,3,,N,,,,,,,,,,,
2008050129,1800,1,0,0,0,0,0,0,0,0,7,0,,67,4,2008,1,39.9181,-75.1479,1754.0,6,0,0,0,0,1,0,0,0,,0,0,0,17,1,0,0,,0,39 54:57.016,,0,75 08:52.094,0,0,0,0,67301,0,0,0,N,0,0,0,2,68K01,0,,3,1,,N,N,,0,,0,0,0,0.0,0,,1750,0,1,0,0,0,0,0,3,4,0,1,3,,N,,,,,,,,,,,
2008047510,1847,2,0,0,0,0,0,0,0,0,4,0,,67,3,2008,7,39.9505,-75.1411,1815.0,6,0,0,0,0,0,0,0,0,,0,0,0,18,3,0,0,,0,39 57:02.180,,0,75 08:28.039,0,0,0,0,67301,0,0,0,N,0,0,0,2,68K01,0,,1,9,,N,N,,0,,0,0,0,0.0,0,,1811,0,2,0,0,0,0,0,3,4,0,2,3,,N,,,,,,,,,,,
2008050222,2146,2,0,0,0,0,0,0,0,0,4,0,,67,2,2008,7,39.9479,-75.2233,2138.0,6,0,0,0,0,0,0,0,0,,0,0,0,21,3,0,1,,0,39 56:52.608,,0,75 13:23.759,0,0,0,0,67301,0,0,0,N,0,0,0,4,67301,0,,1,9,,N,N,,0,,0,0,0,3.0,2,,2119,0,2,0,0,0,0,0,3,4,0,2,98,,N,,,,,,,,,,,
2008050252,1632,2,0,0,0,0,0,0,0,0,4,0,,67,2,2008,3,40.052,-75.0624,1613.0,6,0,0,0,0,0,1,0,0,,0,0,0,16,1,2,1,,0,40 03:07.221,,0,75 03:44.755,4,0,0,0,67301,0,0,0,N,0,0,0,2,67301,2,,1,9,,N,N,,0,,0,0,0,3.0,2,,1610,2,2,0,0,0,0,0,3,4,0,2,7,,N,,,,,,,,,,,
2008040534,310,2,0,0,0,0,0,0,0,0,7,0,,67,1,2008,1,39.9577,-75.1624,307.0,6,0,0,0,0,0,0,0,0,,0,0,0,3,3,0,1,,0,39 57:27.000,,0,75 09:44.544,0,0,0,0,67301,0,0,0,N,0,0,0,5,67301,0,,3,1,,N,N,,0,,0,0,0,0.0,0,,305,0,2,0,0,0,0,0,3,4,0,2,3,,N,,,,,,,,,,,
2008040537,1525,2,0,0,0,0,0,0,0,0,4,0,,67,2,2008,1,40.0359,-75.1266,1515.0,6,0,0,0,0,0,0,0,0,,0,0,0,14,1,1,1,,0,40 02:09.240,,0,75 07:35.760,4,0,0,0,67301,0,0,0,N,0,0,0,2,67301,1,,1,1,,N,N,,0,,0,0,0,3.0,3,,1445,1,4,0,0,0,0,0,3,4,1,4,3,,N,,,,,,,,,,,
2008040547,620,2,0,0,0,0,0,0,0,0,4,0,,67,2,2008,3,40.0568,-75.047,617.0,6,0,0,0,0,0,2,0,0,1.0,0,0,0,5,3,2,1,,1,40 03:24.000,2.0,0,75 02:49.228,4,0,0,0,67301,0,0,0,N,0,0,0,2,67301,2,,1,1,,N,N,,0,,0,0,0,3.0,2,N,552,2,2,0,0,0,0,0,3,4,0,2,3,,N,,,,,,,,,,,
2008040765,1141,1,0,0,0,0,0,0,0,0,4,0,,67,2,2008,7,40.0058,-75.1342,1136.0,6,0,0,0,0,0,1,0,0,,0,0,0,11,1,1,2,,0,40 00:20.962,,0,75 08:03.253,4,0,0,0,67301,0,0,0,,0,0,0,3,67301,1,,1,1,,N,N,,1,,0,0,0,3.0,3,,1130,1,2,0,0,3,0,0,3,4,0,2,3,,N,,,,,,,,,,,
2008055433,1750,2,0,0,0,0,0,0,0,0,1,0,,67,4,2008,7,40.0051,-75.2182,1750.0,6,0,0,0,1,0,0,0,0,1.0,0,0,0,17,1,1,0,,2,40 00:18.469,2.0,0,75 13:05.650,4,0,0,0,67301,0,0,0,N,0,0,0,2,46104,1,,1,1,,N,N,,0,,0,0,0,0.0,0,N,1750,1,2,0,0,0,0,0,3,4,0,2,3,,N,,,,,,,,,,,
2008050496,435,1,0,0,0,0,0,0,0,0,7,0,,67,3,2008,3,40.0462,-74.9943,427.0,6,0,0,0,0,0,0,0,0,2.0,0,0,0,4,3,1,0,,2,40 02:46.072,1.0,0,74 59:39.541,4,0,0,0,67301,0,0,0,N,0,0,0,1,67301,1,,2,1,,N,N,,0,,0,0,0,0.0,0,Y,425,1,1,0,0,0,0,0,3,4,0,1,3,,N,,,,,,,,,,,
2008050904,1414,0,0,0,0,0,0,0,0,0,8,0,,67,3,2008,3,40.0162,-75.1394,1409.0,6,0,0,0,0,0,0,0,0,,0,0,0,99,1,1,0,,0,40 00:58.230,,0,75 08:21.681,8,0,0,0,67301,1,0,0,N,1,0,0,2,67301,0,,1,1,,N,N,,0,,0,0,0,0.0,0,,9999,1,2,0,0,0,1,1,3,4,0,1,3,,N,,,,,,,,,,,
2008050787,1650,0,0,0,1,0,0,0,0,0,4,0,,67,3,2008,2,39.9368,-75.1736,1646.0,6,0,0,0,0,0,1,0,0,,0,0,0,16,1,1,1,,0,39 56:12.307,,0,75 10:24.884,4,0,0,0,67301,1,0,0,N,0,0,0,2,67301,1,,1,1,,N,N,,0,,0,0,0,2.0,3,,1640,1,2,0,0,1,0,0,3,4,1,1,3,,N,,,,,,,,,,,
2008050814,1625,1,0,0,0,0,0,0,0,0,8,0,,67,3,2008,2,39.993,-75.1103,1610.0,6,0,0,0,1,0,0,0,0,,0,0,0,99,1,1,1,,0,39 59:34.615,,0,75 06:37.098,8,0,0,0,67301,1,0,0,N,1,0,0,2,67301,0,,1,1,,N,N,,0,,0,0,0,3.0,2,,9999,1,2,0,0,0,1,0,3,4,0,1,3,,N,,,,,,,,,,,
2008050856,900,1,0,0,0,0,0,0,0,0,7,0,,67,2,2008,7,39.9476,-75.1696,856.0,6,0,0,0,0,0,1,0,0,,0,0,0,8,1,2,1,,0,39 56:51.284,,0,75 10:10.599,8,0,0,0,67301,0,0,0,N,0,0,0,2,67301,0,,4,1,,N,N,,0,,0,0,0,0.0,0,,856,2,1,0,0,0,2,0,3,4,0,1,10,,N,,,,,,,,,,,
2008044144,2210,1,0,0,0,0,0,1,0,0,4,1,,67,2,2008,5,39.9734,-75.2098,2204.0,6,0,0,0,0,0,0,0,0,,0,0,0,22,3,2,2,,0,39 58:24.000,,0,75 12:35.301,4,0,0,0,67301,0,0,0,,0,0,0,8,67301,2,,1,1,,N,N,,0,,0,0,0,3.0,2,,2200,2,2,0,0,0,0,0,3,4,0,2,3,,N,,,,,,,,,,,
2008121065,1947,2,0,0,0,0,0,0,0,0,4,0,,67,10,2008,4,40.071,-75.0378,1946.0,6,0,0,0,0,0,0,0,0,1.0,0,0,0,19,2,2,1,,1,40 04:15.522,2.0,0,75 02:16.209,4,0,0,0,67301,0,0,0,,0,0,0,4,67301,2,,1,1,,,,,0,,0,0,0,1.0,2,N,1946,2,2,0,0,0,0,0,3,4,0,2,3,,N,,,,,,,,,,,
2008118538,425,1,0,0,0,0,0,0,0,0,7,0,,67,9,2008,7,40.0281,-75.0589,423.0,6,0,0,0,0,0,0,0,0,3.0,0,0,0,4,3,1,0,,1,40 01:40.993,1.0,0,75 03:32.033,4,0,0,0,67301,0,0,0,,0,0,0,1,67301,1,,5,9,,,,,0,,0,0,0,0.0,0,Y,422,1,1,0,0,0,0,0,3,4,0,1,7,,N,,,,,,,,,,,
2008118587,2157,1,0,0,0,0,0,0,0,0,7,0,,67,9,2008,5,40.0017,-75.1855,2142.0,6,0,0,0,0,0,0,0,0,9.0,0,0,0,21,3,0,0,,1,40 00:06.391,4.0,0,75 11:07.534,0,0,0,0,67301,0,0,0,N,0,0,0,2,67301,0,,5,1,,N,N,,0,,0,0,1,0.0,0,N,2140,0,2,0,0,0,0,0,3,4,0,2,3,,N,,,,,,,,,,,
2008118885,715,0,0,0,0,0,0,0,0,0,7,0,,67,9,2008,7,39.9791,-75.2069,712.0,6,0,0,0,0,0,0,0,0,,0,0,0,7,5,0,0,,0,39 58:44.725,,0,75 12:24.940,9,0,0,0,67301,0,0,0,N,0,0,0,1,67301,0,,5,9,,N,N,,1,,0,0,0,0.0,0,,709,0,1,0,0,0,0,1,3,4,0,1,7,,N,,,,,,,,,,,
2008103642,1605,0,0,0,1,0,0,0,0,0,4,0,,67,6,2008,3,39.9243,-75.1789,1602.0,6,0,0,0,0,0,0,0,0,,0,0,0,15,1,1,0,,0,39 55:27.404,,0,75 10:43.892,8,0,0,0,67301,1,0,0,N,0,0,0,2,67301,0,,9,1,,N,N,,0,,0,0,1,0.0,0,,1558,1,2,0,0,0,1,0,3,4,0,1,3,,N,,,,,,,,,,,