CRN,ARRIVAL_TM,AUTOMOBILE_COUNT,BELTED_DEATH_COUNT,BELTED_SUSP_SERIOUS_INJ_COUNT,BICYCLE_COUNT,BICYCLE_DEATH_COUNT,BICYCLE_SUSP_SERIOUS_INJ_COUNT,BUS_COUNT,CHLDPAS_DEATH_COUNT,CHLDPAS_SUSP_SERIOUS_INJ_COUNT,COLLISION_TYPE,COMM_VEH_COUNT,CONS_ZONE_SPD_LIM,COUNTY,CRASH_MONTH,CRASH_YEAR,DAY_OF_WEEK,DEC_LAT,DEC_LONG,DISPATCH_TM,DISTRICT,DRIVER_COUNT_16YR,DRIVER_COUNT_17YR,DRIVER_COUNT_18YR,DRIVER_COUNT_19YR,DRIVER_COUNT_20YR,DRIVER_COUNT_50_64YR,DRIVER_COUNT_65_74YR,DRIVER_COUNT_75PLUS,EST_HRS_CLOSED,FATAL_COUNT,HEAVY_TRUCK_COUNT,HORSE_BUGGY_COUNT,HOUR_OF_DAY,ILLUMINATION,INJURY_COUNT,INTERSECT_TYPE,INTERSECTION_RELATED,LANE_CLOSED,LATITUDE,LN_CLOSE_DIR,LOCATION_TYPE,LONGITUDE,MAX_SEVERITY_LEVEL,MCYCLE_DEATH_COUNT,MCYCLE_SUSP_SERIOUS_INJ_COUNT,MOTORCYCLE_COUNT,MUNICIPALITY,NONMOTR_COUNT,NONMOTR_DEATH_COUNT,NONMOTR_SUSP_SERIOUS_INJ_COUNT,NTFY_HIWY_MAINT,PED_COUNT,PED_DEATH_COUNT,PED_SUSP_SERIOUS_INJ_COUNT,PERSON_COUNT,POLICE_AGCY,POSSIBLE_INJ_COUNT,RDWY_SURF_TYPE_CD,RELATION_TO_ROAD,ROAD_CONDITION,ROADWAY_CLEARED,SCH_BUS_IND,SCH_ZONE_IND,SECONDARY_CRASH,SMALL_TRUCK_COUNT,SPEC_JURIS_CD,SUSP_MINOR_INJ_COUNT,SUSP_SERIOUS_INJ_COUNT,SUV_COUNT,TCD_FUNC_CD,TCD_TYPE,TFC_DETOUR_IND,TIME_OF_DAY,TOT_INJ_COUNT,TOTAL_UNITS,UNB_DEATH_COUNT,UNB_SUSP_SERIOUS_INJ_COUNT,UNBELTED_OCC_COUNT,UNK_INJ_DEG_COUNT,UNK_INJ_PER_COUNT,URBAN_AREA,URBAN_RURAL,VAN_COUNT,VEHICLE_COUNT,WEATHER1,WEATHER2,WORK_ZONE_IND,WORK_ZONE_LOC,WORK_ZONE_TYPE,WORKERS_PRES,WZ_CLOSE_DETOUR,WZ_FLAGGER,WZ_LAW_OFFCR_IND,WZ_LN_CLOSURE,WZ_MOVING,WZ_OTHER,WZ_SHLDER_MDN,WZ_WORKERS_INJ_KILLED
2008108579,2120,1,0,0,0,0,0,0,0,0,7,0,,67,8,2008,6,39.9396,-75.1982,2117.0,6,0,0,0,0,0,0,1,0,,0,0,0,21,3,1,0,,0,39 56:23.804,,0,75 11:58.009,8,0,0,0,67301,0,0,0,N,0,0,0,1,67301,0,,5,1,,N,N,,0,,0,0,0,0.0,0,,2115,1,1,0,0,0,1,0,3,4,0,1,3,,N,,,,,,,,,,,
2008098618,2237,0,0,0,0,0,0,0,0,0,4,0,,67,7,2008,6,39.9379,-75.1668,2236.0,6,0,0,0,0,0,1,0,0,9.0,0,0,0,22,3,0,1,,9,39 56:16.216,7.0,0,75 10:00.537,0,0,0,0,67301,0,0,0,N,0,0,0,2,67301,0,,1,9,,N,N,,0,,0,0,2,3.0,2,N,2225,0,2,0,0,0,0,0,3,4,0,2,7,,N,,,,,,,,,,,
2008120900,1135,2,0,0,0,0,0,0,0,0,4,0,,67,9,2008,4,39.9583,-75.1641,1130.0,6,0,0,0,0,0,1,0,0,,0,0,0,11,1,2,1,,0,39 57:29.880,,0,75 09:50.760,4,0,0,0,67301,0,0,0,Y,0,0,0,2,67301,2,,1,1,,N,N,,0,,0,0,0,3.0,2,,1125,2,2,0,0,0,0,0,3,4,0,2,3,,N,,,,,,,,,,,
2008082188,1445,2,0,0,0,0,0,0,0,0,1,0,,67,5,2008,5,39.995,-75.1625,1430.0,6,0,0,0,0,0,0,0,0,,0,0,0,13,1,2,1,,0,39 59:41.859,,0,75 09:44.988,4,0,0,0,67301,0,0,0,N,0,0,0,3,67301,2,,1,1,,N,N,,0,,0,0,0,0.0,0,,1315,2,2,0,0,2,0,1,3,4,0,2,3,,N,,,,,,,,,,,
2008082258,1756,2,0,0,0,0,0,0,0,0,5,0,,67,5,2008,7,39.9728,-75.216,1753.0,6,0,0,0,0,0,0,0,0,,0,0,0,17,1,1,0,,0,39 58:22.189,,0,75 12:57.453,4,0,0,0,67301,0,0,0,N,0,0,0,3,67301,1,,1,1,,N,N,,0,,0,0,0,3.0,2,,1753,1,2,0,0,0,0,1,3,4,0,2,3,,N,,,,,,,,,,,
2008082259,1950,2,0,0,0,0,0,0,0,0,5,0,,67,5,2008,4,40.0251,-75.2227,1950.0,6,0,0,0,0,0,0,0,0,,0,0,0,19,3,1,1,,0,40 01:30.316,,0,75 13:21.561,4,0,0,0,67301,0,0,0,,0,0,0,2,67301,1,,2,1,,N,N,,1,,0,0,0,0.0,0,,1945,1,3,0,0,0,0,0,3,4,0,3,3,,N,,,,,,,,,,,
2008082269,1635,2,0,0,0,0,0,0,0,0,1,0,,67,5,2008,6,40.114,-74.9876,1616.0,6,0,0,0,0,0,0,0,0,,0,0,0,15,1,2,1,,0,40 06:50.546,,0,74 59:15.382,4,0,0,0,67301,0,0,0,N,0,0,0,4,67301,2,,1,9,,N,N,,0,,0,0,0,3.0,2,,1554,2,2,0,0,0,0,0,3,4,0,2,7,,N,,,,,,,,,,,
2008082309,1825,1,0,0,0,0,0,0,0,0,8,0,,67,5,2008,3,39.9898,-75.1255,1824.0,6,0,0,0,0,0,1,0,0,1.0,0,0,0,18,1,1,0,,2,39 59:23.245,5.0,0,75 07:31.877,3,0,0,0,67301,1,0,0,N,1,0,0,2,67301,0,,1,9,,N,N,,0,,1,0,0,0.0,0,Y,1817,1,2,0,0,0,0,0,3,4,0,1,7,,N,,,,,,,,,,,
2008081538,1000,0,0,0,0,0,0,0,0,0,8,0,,67,5,2008,5,40.0414,-75.1201,1000.0,6,0,0,0,0,0,0,0,0,,0,0,0,17,8,1,1,,0,40 02:29.198,,0,75 07:12.381,8,0,0,0,67301,1,0,0,N,1,0,0,2,67301,0,,1,98,,N,N,,0,,0,0,1,9.0,2,,1730,1,2,0,0,0,1,1,3,4,0,1,99,,N,,,,,,,,,,,
2008097488,1914,2,0,0,0,0,0,0,0,0,4,0,,67,6,2008,2,40.0437,-75.1539,1914.0,6,0,0,0,0,0,0,0,0,,0,0,0,17,1,2,5,,0,40 02:37.140,,0,75 09:13.982,4,0,0,0,67301,0,0,0,N,0,0,0,5,67301,2,,1,1,,N,N,,0,,0,0,0,3.0,3,,1730,2,2,0,0,4,0,1,3,4,0,2,3,,N,,,,,,,,,,,
2008083982,2320,0,0,0,0,0,0,0,0,0,0,0,,67,5,2008,4,39.9614,-75.1485,2320.0,6,0,0,0,0,0,0,0,0,3.0,1,0,0,23,3,0,0,,2,39 57:41.113,1.0,0,75 08:54.660,1,1,0,1,67301,0,0,0,N,0,0,0,1,67301,0,2.0,1,1,,N,N,,0,0.0,0,0,0,0.0,0,Y,2320,0,1,0,0,0,0,0,3,4,0,1,3,,N,,,,,,,,,,,
2008079196,1522,2,0,0,0,0,0,0,0,0,4,0,,67,5,2008,5,40.0283,-75.0881,1520.0,6,0,0,0,0,1,0,0,0,,0,0,0,15,1,1,1,,0,40 01:42.043,,0,75 05:17.006,8,0,0,0,67301,0,0,0,,0,0,0,2,67301,0,,1,1,,N,N,,0,,0,0,0,3.0,2,,1500,1,2,0,0,0,1,0,3,4,0,2,3,,N,,,,,,,,,,,
2008089115,338,0,0,0,0,0,0,0,0,0,7,0,,67,8,2008,1,39.9601,-75.1793,319.0,6,0,0,0,0,0,0,0,0,,0,0,0,2,3,0,0,,0,39 57:37.561,,0,75 10:52.359,0,0,0,0,67301,0,0,0,N,0,0,0,1,68K01,0,,2,1,,N,N,,0,,0,0,1,0.0,0,,257,0,1,0,0,0,0,0,3,4,0,1,3,,N,,,,,,,,,,,
2008059069,1035,2,0,0,0,0,0,0,0,0,4,0,,67,3,2008,5,39.9578,-75.1938,1020.0,6,0,0,0,0,0,0,0,1,,0,0,0,10,1,13,2,,0,39 57:28.137,,0,75 11:37.737,8,0,0,0,67301,0,0,0,N,0,0,0,14,67301,0,,1,1,,N,Y,,0,,0,0,0,9.0,3,,1019,13,3,0,0,0,13,1,3,4,0,3,3,,N,,,,,,,,,,,
2008051307,2236,1,0,0,0,0,0,0,0,0,7,0,,67,4,2008,1,39.9653,-75.1857,2232.0,6,0,0,0,0,0,0,0,0,2.0,0,0,0,22,3,5,6,,1,39 58:01.200,4.0,2,75 11:16.440,8,0,0,0,67301,0,0,0,N,0,0,0,5,68K01,0,,2,1,,N,N,,0,,0,0,1,3.0,4,N,2228,5,2,0,0,2,5,0,3,4,0,2,3,,N,,,,,,,,,,,
2008056819,139,1,0,0,0,0,0,0,0,0,8,0,,67,3,2008,1,40.0163,-75.1529,139.0,6,0,0,0,0,0,0,0,0,3.0,1,0,0,1,3,0,0,,2,40 00:59.274,6.0,0,75 09:09.213,1,0,0,0,67301,1,1,0,N,1,1,0,2,67301,0,2.0,1,1,,N,N,,0,0.0,0,0,0,0.0,0,Y,137,0,2,0,0,0,0,0,3,4,0,1,3,,N,,,,,,,,,,,
2008054065,858,3,0,0,0,0,0,0,0,0,4,0,,67,2,2008,1,39.9898,-75.1177,856.0,6,0,0,0,0,0,2,0,0,3.0,1,0,0,8,1,3,1,,2,39 59:23.113,5.0,0,75 07:03.787,1,0,0,0,67301,0,0,0,N,0,0,0,5,67301,3,2.0,1,1,,N,N,,0,0.0,0,0,0,3.0,2,Y,854,3,5,1,0,1,0,0,3,4,2,5,3,,N,,,,,,,,,,,
2008051404,745,1,0,0,0,0,0,0,0,0,1,0,,67,3,2008,7,39.9433,-75.2109,738.0,6,0,0,0,0,0,0,0,0,,0,0,0,7,1,1,1,,0,39 56:36.006,,0,75 12:39.070,8,0,0,0,67301,0,0,0,N,0,0,0,3,67301,0,,1,9,,N,N,,0,,0,0,0,3.0,2,,737,1,2,0,0,0,1,0,3,4,0,2,3,,N,,,,,,,,,,,
2008054225,1438,1,0,0,0,0,0,0,0,0,4,0,,67,2,2008,7,40.0437,-75.0851,1436.0,6,0,0,0,0,0,1,0,0,,0,0,0,14,1,1,1,,0,40 02:37.429,,0,75 05:06.334,4,0,0,0,67301,0,0,0,,0,0,0,2,67301,1,,1,1,,N,N,,0,,0,0,1,3.0,2,,1433,1,2,0,0,0,0,0,3,4,0,2,3,,N,,,,,,,,,,,
2008056733,2131,1,0,0,0,0,0,0,0,0,0,0,,67,4,2008,6,39.8868,-75.2153,2123.0,6,0,0,0,0,0,1,0,0,2.0,0,0,0,21,3,0,0,,2,39 53:12.746,2.0,2,75 12:49.350,0,0,0,0,67301,0,0,0,N,0,0,0,2,68K01,0,,1,1,,N,N,,0,,0,0,0,0.0,0,N,2121,0,1,0,0,0,0,0,3,4,0,1,3,,N,,,,,,,,,,,
2008051743,1920,2,0,0,0,0,0,0,0,0,4,0,,67,2,2008,3,39.986,-75.1006,1915.0,6,0,0,0,0,0,1,0,0,,0,0,0,19,3,1,1,,0,39 59:09.621,,0,75 06:02.084,4,0,0,0,67301,0,0,0,N,0,0,0,2,67301,1,,1,1,,N,N,,0,,0,0,0,3.0,3,,1910,1,2,0,0,0,0,0,3,4,0,2,3,,N,,,,,,,,,,,
2008132998,1535,1,0,0,0,0,0,0,0,0,8,0,,67,10,2008,3,40.0372,-75.1492,1530.0,6,0,0,0,0,0,0,0,0,,0,0,0,15,1,1,0,,0,40 02:13.938,,0,75 08:56.961,8,0,0,0,67301,1,0,0,N,1,0,0,2,67301,0,,6,1,,N,Y,,0,,0,0,0,0.0,0,,1530,1,2,0,0,0,1,0,3,4,0,1,3,,N,,,,,,,,,,,
2008133011,755,5,0,0,0,0,0,0,0,0,6,0,,67,10,2008,7,39.9743,-75.1812,700.0,6,0,0,0,0,0,1,0,0,,0,0,0,7,1,1,0,,0,39 58:27.393,,0,75 10:52.383,4,0,0,0,67301,0,0,0,N,0,0,0,1,67301,1,,1,1,,N,N,,0,,0,0,0,0.0,0,,700,1,5,0,0,1,0,0,3,4,0,5,3,,N,,,,,,,,,,,
2008050280,1758,2,0,0,0,0,0,0,0,0,3,0,,67,2,2008,2,40.0559,-75.0755,1750.0,6,0,0,1,0,0,0,0,0,,0,0,0,17,1,1,0,,0,40 03:21.374,,0,75 04:31.659,8,0,0,0,67301,1,0,0,N,0,0,0,2,67301,0,,6,1,,N,N,,0,,0,0,0,0.0,0,,1730,1,2,0,0,1,1,1,3,4,0,2,3,,N,,,,,,,,,,,
2008052780,2035,0,0,0,0,0,0,0,0,0,8,0,,67,1,2008,6,40.0846,-74.9737,2030.0,6,0,0,0,0,0,1,0,0,,1,0,0,20,3,0,0,,0,40 05:04.322,,0,74 58:25.508,1,0,0,0,67301,1,1,0,N,1,1,0,3,67301,0,2.0,1,1,,N,N,,0,0.0,0,0,1,0.0,0,,2025,0,2,0,0,0,0,0,3,4,0,1,3,,N,,,,,,,,,,,
2008050221,1749,1,0,0,1,0,0,0,0,0,4,0,,67,2,2008,2,39.9638,-75.2198,1749.0,6,0,0,0,0,0,0,0,0,,0,0,0,17,1,1,5,,0,39 57:49.077,,0,75 13:09.867,3,0,0,0,67301,1,0,0,N,0,0,0,2,67301,0,,1,1,,N,N,,0,,1,0,0,0.0,0,,1700,1,2,0,0,0,0,0,3,4,0,1,3,,N,,,,,,,,,,,
2008050234,2100,0,0,0,0,0,0,0,0,0,8,0,,67,2,2008,6,40.0009,-75.1664,2058.0,6,0,0,0,0,0,0,0,0,,0,0,0,20,3,1,1,,0,40 00:03.344,,0,75 09:59.158,8,0,0,0,67301,1,0,0,,1,0,0,2,67301,0,,1,1,,N,N,,0,,0,0,0,0.0,0,,2053,1,2,0,0,0,1,1,3,4,0,1,3,,N,,,,,,,,,,,
2008045513,1654,1,0,0,0,0,0,0,0,0,8,0,,67,1,2008,5,39.9597,-75.2352,1651.0,6,0,0,0,0,0,0,0,0,,0,0,0,16,1,1,1,,0,39 57:34.000,,0,75 14:06.596,4,0,0,0,67301,1,0,0,,1,0,0,2,67301,1,,1,9,,N,N,,0,,0,0,0,3.0,2,,1645,1,2,0,0,0,0,0,3,4,0,1,7,,N,,,,,,,,,,,
2008040549,2330,1,0,0,0,0,0,0,0,0,4,0,,67,2,2008,5,39.9702,-75.1451,2320.0,6,0,0,1,0,0,0,0,0,,0,0,0,22,3,1,1,,0,39 58:12.000,,0,75 08:42.063,4,0,0,0,67301,0,0,0,N,0,0,0,5,67301,1,,1,1,,N,N,,1,,0,0,0,2.0,2,,2200,1,2,0,0,0,0,0,3,4,0,2,3,,N,,,,,,,,,,,
2008040762,2203,2,0,0,0,0,0,0,0,0,4,0,,67,2,2008,7,40.0822,-74.9669,2201.0,6,0,0,0,0,0,1,0,0,,0,0,0,22,3,0,0,,0,40 04:55.794,,0,74 58:00.797,0,0,0,0,67301,0,0,0,N,0,0,0,2,67301,0,,1,9,,N,N,,0,,0,0,0,0.0,0,,2200,0,2,0,0,0,0,0,3,4,0,2,3,,N,,,,,,,,,,,
2008050892,300,2,0,0,0,0,0,0,0,0,4,0,,67,2,2008,1,39.9506,-75.1617,300.0,6,0,0,0,0,0,0,0,0,,0,0,0,2,3,0,2,,0,39 57:02.160,,0,75 09:42.120,0,0,0,0,67301,0,0,0,N,0,0,0,2,67301,0,,1,1,,N,N,,0,,0,0,0,3.0,2,,255,0,2,0,0,0,0,0,3,4,0,2,3,,N,,,,,,,,,,,
2008050893,810,1,0,0,0,0,0,0,0,0,8,0,,67,3,2008,4,39.9671,-75.1471,802.0,6,0,0,0,0,0,0,0,0,,0,0,0,7,1,2,2,,0,39 58:01.668,,0,75 08:49.739,4,0,0,0,67301,2,0,0,N,2,0,0,3,67301,2,,1,9,,N,Y,,0,,0,0,0,3.0,3,,758,2,3,0,0,0,0,0,3,4,0,1,7,,N,,,,,,,,,,,
2008050601,115,2,0,0,0,0,0,0,0,0,4,0,,67,2,2008,1,39.8875,-75.248,115.0,6,0,0,0,0,0,0,0,0,,0,0,0,1,3,1,1,,0,39 53:15.135,,0,75 14:52.601,4,0,0,0,67301,0,0,0,N,0,0,0,2,67301,1,,1,1,,N,N,,0,,0,0,0,3.0,1,,100,1,2,0,0,0,0,0,3,4,0,2,3,,N,,,,,,,,,,,
2008048110,539,0,0,0,0,0,0,0,0,0,7,0,,67,3,2008,4,39.992,-75.0857,457.0,6,0,0,0,0,0,0,0,0,,0,0,0,4,3,0,0,,0,39 59:31.385,,0,75 05:08.320,0,0,0,0,67301,0,0,0,N,0,0,0,1,68K01,0,,2,9,,N,N,,0,,0,0,1,9.0,9,,454,0,1,0,0,0,0,0,3,4,0,1,7,,N,,,,,,,,,,,
2008050762,748,0,0,0,0,0,0,0,0,0,8,0,,67,2,2008,5,40.0285,-75.1671,745.0,6,0,0,0,0,0,0,0,0,,0,0,0,7,1,1,1,,0,40 01:42.618,,0,75 10:01.487,4,0,0,0,67301,1,0,0,,1,0,0,2,67301,1,,1,1,,,,,0,,0,0,0,3.0,2,,740,1,2,0,0,0,0,0,3,4,1,1,3,,N,,,,,,,,,,,
2008050784,816,2,0,0,0,0,0,0,0,0,4,0,,67,3,2008,4,39.9383,-75.1986,806.0,6,0,0,0,0,0,0,0,0,,0,0,0,7,1,1,1,,0,39 56:20.620,,0,75 11:53.844,4,0,0,0,67301,0,0,0,,0,0,0,9,67301,1,,1,9,,,,,0,,0,0,0,3.0,2,,755,1,2,0,0,4,0,0,3,4,0,2,7,,N,,,,,,,,,,,
2008050788,1158,1,0,0,0,0,0,0,0,0,8,0,,67,3,2008,4,39.9447,-75.1653,1154.0,6,0,0,0,0,0,0,0,0,,0,0,0,11,1,1,1,,0,39 56:40.736,,0,75 09:55.217,8,0,0,0,67301,1,0,0,N,1,0,0,2,67301,0,,1,1,,N,N,,0,,0,0,0,3.0,2,,1142,1,2,0,0,0,1,0,3,4,0,1,3,,N,,,,,,,,,,,
2008050847,1740,1,0,0,0,0,0,0,0,0,1,0,,67,2,2008,5,40.0626,-75.0574,1740.0,6,0,0,0,0,0,0,0,0,,0,0,0,17,1,0,0,,0,40 03:45.299,,0,75 03:26.596,0,0,0,0,67301,0,0,0,N,0,0,0,1,67301,0,,1,1,,N,N,,1,,0,0,0,0.0,0,,1714,0,2,0,0,0,0,0,3,4,0,2,3,,N,,,,,,,,,,,
2008050859,9999,1,0,0,0,0,0,0,0,0,1,0,,67,3,2008,7,39.9216,-75.2296,9999.0,6,0,0,0,0,0,1,0,0,,0,0,0,99,3,1,2,,0,39 55:17.760,,0,75 13:46.560,8,0,0,0,67301,0,0,0,N,0,0,0,2,67301,0,,1,1,,N,N,,0,,0,0,0,0.0,0,,9999,1,2,0,0,0,1,1,3,4,1,2,3,,N,,,,,,,,,,,
2008045788,2008,3,0,0,0,0,0,0,0,0,1,0,,67,2,2008,6,40.0227,-75.1482,2005.0,6,0,0,0,0,0,0,0,0,,0,0,0,20,3,1,1,,0,40 01:21.000,,0,75 08:53.543,8,0,0,0,67301,0,0,0,N,0,0,0,3,67301,0,,1,9,,N,N,,0,,0,0,0,3.0,2,,2000,1,3,0,0,0,1,0,3,4,0,3,7,,N,,,,,,,,,,,
2008043955,1144,1,0,0,0,0,0,0,0,0,1,0,,67,1,2008,7,40.01,-75.0802,1144.0,6,0,0,0,0,0,0,0,0,1.0,0,0,0,11,1,3,1,,1,40 00:35.000,1.0,0,75 04:49.706,8,0,0,0,67301,0,0,0,N,0,0,0,7,67301,0,,1,1,,N,N,,0,,0,0,1,0.0,0,Y,1136,3,2,0,0,0,3,1,3,4,0,2,3,,N,,,,,,,,,,,
2008043921,1405,1,0,0,0,0,0,0,0,0,8,0,,67,2,2008,6,39.9863,-75.1561,1401.0,6,0,0,0,0,0,0,0,0,,0,0,0,13,1,1,1,,0,39 59:10.000,,0,75 09:22.129,3,0,0,0,67301,1,0,0,N,1,0,0,2,67301,0,,1,9,,N,N,,0,,1,0,0,3.0,2,,1355,1,2,0,0,0,0,0,3,4,0,1,7,,N,,,,,,,,,,,
2008069378,1156,2,0,0,0,0,0,0,0,0,1,0,,67,4,2008,1,40.0486,-75.0127,1154.0,6,0,0,0,0,0,0,0,0,,0,0,0,11,1,2,0,,0,40 02:54.956,,0,75 00:45.401,4,0,0,0,67301,0,0,0,,0,0,0,3,67301,2,,1,1,,,,,0,,0,0,0,3.0,2,,1103,2,2,0,0,0,0,0,3,4,0,2,3,,N,,,,,,,,,,,
2008121072,2020,1,0,0,0,0,0,0,0,0,8,0,,67,10,2008,4,39.9322,-75.1817,2002.0,6,0,0,0,0,0,0,0,0,,0,0,0,99,1,1,1,,0,39 55:55.912,,0,75 10:54.116,3,0,0,0,67301,1,0,0,N,1,0,0,2,67301,0,,1,1,,N,N,,0,,1,0,0,9.0,9,,9999,1,2,0,0,0,0,0,3,4,0,1,3,,N,,,,,,,,,,,
2008118568,1630,0,0,0,1,0,0,1,0,0,5,1,,67,9,2008,5,39.8975,-75.2523,1610.0,6,0,0,0,0,0,0,0,0,,0,0,0,16,1,1,0,,0,39 53:50.245,,0,75 15:07.307,4,0,0,0,67301,1,0,0,,0,0,0,2,67301,1,,2,1,,N,,,0,,0,0,0,3.0,2,,1600,1,2,0,0,0,0,0,3,4,0,1,3,,N,,,,,,,,,,,
2008108620,1241,2,0,0,0,0,0,0,0,0,1,0,,67,9,2008,3,40.0616,-75.1365,41.0,6,0,0,0,0,0,0,0,0,2.0,0,0,0,0,3,0,0,,2,40 03:41.760,3.0,0,75 08:11.040,0,0,0,0,67301,0,0,0,N,0,0,0,4,67301,0,,1,1,,N,N,,1,,0,0,0,0.0,0,Y,41,0,3,0,0,0,0,0,3,4,0,3,3,,N,,,,,,,,,,,
2008108624,1730,0,0,0,1,0,0,0,0,0,8,0,,67,8,2008,7,40.0315,-75.0901,1725.0,6,0,0,0,0,0,0,0,0,,0,0,0,17,1,1,0,,0,40 01:53.240,,7,75 05:24.510,4,0,0,0,67301,1,0,0,N,0,0,0,2,67301,1,,5,1,,N,N,,0,,0,0,0,0.0,0,,1725,1,2,0,0,0,0,1,3,4,1,1,3,,N,,,,,,,,,,,
2008108644,1729,2,0,0,0,0,0,0,0,0,1,0,,67,8,2008,4,39.9801,-75.1332,1727.0,6,0,0,0,0,0,0,0,0,,0,0,0,17,1,2,1,,0,39 58:48.450,,0,75 07:59.483,8,0,0,0,67301,0,0,0,,0,0,0,3,67301,0,,1,1,,N,N,,0,,0,0,0,3.0,2,,1708,2,2,0,0,0,2,0,3,4,0,2,3,,N,,,,,,,,,,,
2008108679,1117,1,0,0,1,0,0,0,0,0,4,0,,67,9,2008,4,39.9728,-75.1461,1115.0,6,0,0,0,0,0,0,0,0,,0,0,0,11,1,1,0,,0,39 58:22.059,,0,75 08:45.921,4,0,0,0,67301,1,0,0,N,0,0,0,2,67301,1,,1,1,,N,Y,,0,,0,0,0,3.0,2,,1110,1,2,0,0,0,0,0,3,4,0,1,3,,N,,,,,,,,,,,
2008121118,2103,1,0,0,0,0,0,0,0,0,8,0,,67,9,2008,6,40.0388,-75.1436,2100.0,6,0,0,0,0,0,0,0,0,,0,0,0,21,3,1,2,,0,40 02:19.680,,0,75 08:36.960,4,0,0,0,67301,1,0,0,N,1,0,0,2,67301,1,,1,9,,N,N,,0,,0,0,0,3.0,2,,2100,1,2,0,0,0,0,1,3,4,0,1,7,,N,,,,,,,,,,,
2008121247,635,3,0,0,0,0,0,0,0,0,4,0,,67,9,2008,6,40.046,-75.0823,629.0,6,0,0,0,0,0,0,0,0,1.0,0,0,0,6,1,2,1,,1,40 02:45.600,3.0,0,75 04:56.341,4,0,0,0,67301,0,0,0,N,0,0,0,3,67301,2,,1,9,,N,N,,0,,0,0,0,3.0,2,N,628,2,3,0,0,0,0,0,3,4,0,3,3,,N,,,,,,,,,,,
2008101786,130,0,0,0,0,0,0,0,0,0,7,0,,67,9,2008,3,39.9746,-75.1174,129.0,6,0,0,0,0,0,1,0,0,,0,0,0,1,3,0,0,,0,39 58:30.965,,0,75 06:59.345,0,0,0,0,67301,0,0,0,N,0,0,0,1,68K01,0,,2,1,,N,N,,1,,0,0,0,0.0,0,,126,0,1,0,0,0,0,0,3,4,0,1,3,,N,,,,,,,,,,,
2008099253,339,0,0,0,0,0,0,0,0,0,8,0,,67,6,2008,4,40.0077,-75.1388,156.0,6,0,0,0,0,0,0,0,0,,0,0,0,1,3,1,1,,0,40 00:27.586,,0,75 08:19.564,4,0,0,0,67301,1,0,0,N,1,0,0,2,67301,1,,1,1,,N,N,,1,,0,0,0,3.0,1,,156,1,2,0,0,1,0,0,3,4,0,1,3,,N,,,,,,,,,,,
2008108466,932,3,0,0,0,0,0,0,0,0,1,0,,67,9,2008,3,39.981,-75.2362,928.0,6,0,0,0,0,0,1,0,0,,0,0,0,9,1,2,2,,0,39 58:51.476,,0,75 14:10.155,4,0,0,0,67301,0,0,0,N,0,0,0,3,67301,2,,1,1,,N,N,,0,,0,0,0,9.0,2,,928,2,3,0,0,0,0,0,3,4,0,3,3,,N,,,,,,,,,,,
2008101281,1750,2,0,0,0,0,0,0,0,0,1,0,,67,8,2008,4,39.9769,-75.1984,1743.0,6,0,0,0,0,0,0,0,0,,0,0,0,17,1,0,0,,0,39 58:37.757,,0,75 11:59.032,0,0,0,0,67301,0,0,0,N,0,0,0,2,68K01,0,,1,1,,N,N,,0,,0,0,0,0.0,0,,1739,0,2,0,0,0,0,0,3,4,0,2,3,,N,,,,,,,,,,,
2008099323,1810,0,0,0,0,0,0,0,0,0,8,0,,67,7,2008,5,39.956,-75.2175,1805.0,6,0,0,0,0,0,0,0,0,,0,0,0,18,1,1,0,,0,39 57:21.519,,0,75 13:03.121,8,0,0,0,67301,1,0,0,N,1,0,0,2,67301,0,,1,1,,N,N,,0,,0,0,0,0.0,0,,1800,1,2,0,0,0,1,1,3,4,0,1,3,,N,,,,,,,,,,,
2008072100,2130,1,0,0,0,0,0,0,0,0,7,0,,67,4,2008,7,40.0529,-75.0572,2125.0,6,0,0,0,1,0,0,0,0,,0,0,0,21,3,1,0,,0,40 03:10.306,,0,75 03:25.916,3,0,0,0,67301,0,0,0,N,0,0,0,2,67301,0,,5,1,,N,N,,0,,1,0,0,0.0,0,,2120,1,1,0,0,1,0,0,3,4,0,1,3,,N,,,,,,,,,,,
2008069655,2048,1,0,0,0,0,0,0,0,0,4,0,,67,4,2008,5,40.0306,-75.1182,2041.0,6,0,0,0,0,0,0,0,0,1.0,0,0,0,20,3,1,0,,1,40 01:50.002,2.0,0,75 07:05.394,4,0,0,0,67301,0,0,0,N,0,0,0,2,67301,1,,1,1,,N,N,,0,,0,0,0,0.0,0,N,2030,1,2,0,0,2,0,0,3,4,1,2,3,,N,,,,,,,,,,,
2008080109,344,1,0,0,0,0,0,0,0,0,7,0,,67,7,2008,5,39.8879,-75.2418,328.0,6,0,0,0,0,0,0,1,0,,0,0,0,3,3,0,0,,0,39 53:12.077,,0,75 14:33.248,0,0,0,0,67301,0,0,0,Y,0,0,0,1,68K01,0,,2,1,,N,N,,0,,0,0,0,0.0,0,,325,0,1,0,0,0,0,0,3,4,0,1,3,,N,,,,,,,,,,,