CRN,ARRIVAL_TM,AUTOMOBILE_COUNT,BELTED_DEATH_COUNT,BELTED_SUSP_SERIOUS_INJ_COUNT,BICYCLE_COUNT,BICYCLE_DEATH_COUNT,BICYCLE_SUSP_SERIOUS_INJ_COUNT,BUS_COUNT,CHLDPAS_DEATH_COUNT,CHLDPAS_SUSP_SERIOUS_INJ_COUNT,COLLISION_TYPE,COMM_VEH_COUNT,CONS_ZONE_SPD_LIM,COUNTY,CRASH_MONTH,CRASH_YEAR,DAY_OF_WEEK,DEC_LAT,DEC_LONG,DISPATCH_TM,DISTRICT,DRIVER_COUNT_16YR,DRIVER_COUNT_17YR,DRIVER_COUNT_18YR,DRIVER_COUNT_19YR,DRIVER_COUNT_20YR,DRIVER_COUNT_50_64YR,DRIVER_COUNT_65_74YR,DRIVER_COUNT_75PLUS,EST_HRS_CLOSED,FATAL_COUNT,HEAVY_TRUCK_COUNT,HORSE_BUGGY_COUNT,HOUR_OF_DAY,ILLUMINATION,INJURY_COUNT,INTERSECT_TYPE,INTERSECTION_RELATED,LANE_CLOSED,LATITUDE,LN_CLOSE_DIR,LOCATION_TYPE,LONGITUDE,MAX_SEVERITY_LEVEL,MCYCLE_DEATH_COUNT,MCYCLE_SUSP_SERIOUS_INJ_COUNT,MOTORCYCLE_COUNT,MUNICIPALITY,NONMOTR_COUNT,NONMOTR_DEATH_COUNT,NONMOTR_SUSP_SERIOUS_INJ_COUNT,NTFY_HIWY_MAINT,PED_COUNT,PED_DEATH_COUNT,PED_SUSP_SERIOUS_INJ_COUNT,PERSON_COUNT,POLICE_AGCY,POSSIBLE_INJ_COUNT,RDWY_SURF_TYPE_CD,RELATION_TO_ROAD,ROAD_CONDITION,ROADWAY_CLEARED,SCH_BUS_IND,SCH_ZONE_IND,SECONDARY_CRASH,SMALL_TRUCK_COUNT,SPEC_JURIS_CD,SUSP_MINOR_INJ_COUNT,SUSP_SERIOUS_INJ_COUNT,SUV_COUNT,TCD_FUNC_CD,TCD_TYPE,TFC_DETOUR_IND,TIME_OF_DAY,TOT_INJ_COUNT,TOTAL_UNITS,UNB_DEATH_COUNT,UNB_SUSP_SERIOUS_INJ_COUNT,UNBELTED_OCC_COUNT,UNK_INJ_DEG_COUNT,UNK_INJ_PER_COUNT,URBAN_AREA,URBAN_RURAL,VAN_COUNT,VEHICLE_COUNT,WEATHER1,WEATHER2,WORK_ZONE_IND,WORK_ZONE_LOC,WORK_ZONE_TYPE,WORKERS_PRES,WZ_CLOSE_DETOUR,WZ_FLAGGER,WZ_LAW_OFFCR_IND,WZ_LN_CLOSURE,WZ_MOVING,WZ_OTHER,WZ_SHLDER_MDN,WZ_WORKERS_INJ_KILLED
2008050265,1240,3,0,0,0,0,0,0,0,0,1,0,,67,2,2008,5,39.9921,-75.0836,1235.0,6,0,0,0,0,0,0,0,0,,0,0,0,12,1,1,0,,0,39 59:31.794,,0,75 05:00.800,4,0,0,0,67301,0,0,0,N,0,0,0,3,67301,1,,1,1,,N,N,,0,,0,0,0,0.0,0,,1225,1,3,0,0,0,0,0,3,4,0,3,3,,N,,,,,,,,,,,
2008050267,1810,1,0,0,1,0,0,0,0,0,4,0,,67,2,2008,4,39.9504,-75.1472,1801.0,6,0,0,0,0,0,0,0,0,,0,0,0,18,3,1,1,,0,39 57:01.359,,0,75 08:49.932,4,0,0,0,67301,1,0,0,N,0,0,0,2,67301,1,,1,9,,N,N,,0,,0,0,0,3.0,2,,1800,1,2,0,0,0,0,0,3,4,0,1,7,,N,,,,,,,,,,,
2008047928,2042,0,0,0,0,0,0,0,0,0,6,0,,67,1,2008,4,39.9475,-75.2357,2039.0,6,0,0,0,0,0,0,0,0,,0,0,0,19,1,2,0,,0,39 56:51.165,,0,75 14:08.444,8,0,0,0,67301,0,0,0,,0,0,0,5,67301,0,,1,1,,N,N,,0,,0,0,1,0.0,0,,1931,2,2,0,0,1,2,0,3,4,1,2,99,,N,,,,,,,,,,,
2008040354,1655,1,0,0,0,0,0,0,0,0,7,0,,67,2,2008,3,39.9063,-75.1357,1653.0,6,0,0,0,0,0,0,0,0,3.0,0,0,0,16,1,3,0,,2,39 54:22.672,4.0,0,75 08:08.431,3,0,0,0,67301,0,0,0,N,0,0,0,4,67501,0,,2,2,,N,N,,0,,3,0,0,3.0,8,N,1653,3,1,0,0,0,0,0,3,4,0,1,3,5.0,N,,,,,,,,,,,
2008050592,1620,1,0,0,0,0,0,0,0,0,4,0,,67,3,2008,1,39.9204,-75.2233,1617.0,6,0,0,0,0,0,0,0,0,,0,0,0,16,1,0,0,,0,39 55:13.440,,0,75 13:23.880,0,0,0,0,67301,0,0,0,N,0,0,0,6,67301,0,,1,1,,N,N,,0,,0,0,0,0.0,0,,1611,0,2,0,0,0,0,0,3,4,1,2,3,,N,,,,,,,,,,,
2008050758,1300,2,0,0,0,0,0,0,0,0,4,0,,67,2,2008,4,40.0153,-75.1553,1300.0,6,0,0,0,0,0,0,0,1,,0,0,0,12,1,1,2,,0,40 00:55.037,,0,75 09:18.906,8,0,0,0,67301,0,0,0,N,0,0,0,3,67301,0,,1,1,,N,Y,,0,,0,0,0,3.0,2,,1259,1,2,0,0,0,1,0,3,4,0,2,3,,N,,,,,,,,,,,
2008050817,1309,1,0,0,0,0,0,0,0,0,8,0,,67,2,2008,6,39.9992,-75.1055,1309.0,6,0,0,0,0,0,1,0,0,,0,0,0,13,1,1,0,,0,39 59:57.015,,0,75 06:19.666,4,0,0,0,67301,1,0,0,N,1,0,0,2,67301,1,,1,1,,N,N,,0,,0,0,0,0.0,0,,1307,1,2,0,0,0,0,0,3,4,0,1,3,,N,,,,,,,,,,,
2008050818,1000,2,0,0,0,0,0,0,0,0,1,0,,67,3,2008,4,39.994,-75.1181,1000.0,6,0,0,0,0,0,1,0,0,,0,0,0,9,1,2,1,,0,39 59:38.223,,99,75 07:04.994,8,0,0,0,67301,0,0,0,N,0,0,0,4,67301,0,,1,9,,N,N,,0,,0,0,0,3.0,2,,940,2,2,0,0,0,2,2,3,4,0,2,7,,N,,,,,,,,,,,
2008040781,9999,1,0,0,0,0,0,0,0,0,2,0,,67,2,2008,3,40.0245,-75.0811,15.0,6,0,0,0,0,1,0,0,0,,0,0,0,99,1,1,0,,0,40 01:28.034,,0,75 04:52.132,8,0,0,0,67301,0,0,0,,0,0,0,7,67301,0,,1,9,,,,,0,,0,0,1,0.0,0,,9999,1,2,0,0,3,1,6,3,4,0,2,7,,N,,,,,,,,,,,
2008043963,424,0,0,0,0,0,0,0,0,0,8,0,,67,1,2008,6,39.955,-75.2382,424.0,6,0,0,0,0,0,1,0,0,,0,0,0,4,3,1,1,,0,39 57:18.043,,0,75 14:17.451,8,0,0,0,67301,1,0,0,N,1,0,0,2,67301,0,,1,9,,N,N,,0,,0,0,1,3.0,2,,424,1,2,0,0,0,1,0,3,4,0,1,7,,N,,,,,,,,,,,
2008044031,1248,1,0,0,0,0,0,1,0,0,1,1,,67,2,2008,7,40.0831,-75.0379,1243.0,6,0,0,0,0,0,0,0,0,1.0,0,0,0,12,1,4,0,,1,40 04:59.142,3.0,0,75 02:16.525,4,0,0,0,67301,0,0,0,N,0,0,0,5,67301,4,,1,1,,N,N,,0,,0,0,0,0.0,0,N,1226,4,2,0,0,0,0,1,3,4,0,2,3,,N,,,,,,,,,,,
2008044054,2135,2,0,0,0,0,0,0,0,0,5,0,,67,1,2008,6,40.0817,-75.0375,2133.0,6,0,0,0,0,0,0,0,0,,0,0,0,21,3,1,0,,0,40 04:55.000,,0,75 02:15.516,4,0,0,0,67301,0,0,0,,0,0,0,1,67301,1,,1,1,,,N,,0,,0,0,1,0.0,0,,2130,1,3,0,0,0,0,0,3,4,0,3,3,,N,,,,,,,,,,,
2008041288,855,2,0,0,0,0,0,0,0,0,1,0,,67,2,2008,2,40.0,-75.1446,850.0,6,0,0,0,0,0,1,0,0,,0,0,0,8,1,3,0,,0,40 00:00.091,,0,75 08:40.448,3,0,0,0,67301,0,0,0,N,0,0,0,6,67301,1,,1,9,,N,N,,1,,2,0,0,0.0,0,,850,3,3,0,0,0,0,0,3,4,0,3,7,,N,,,,,,,,,,,
2008108968,1600,1,0,0,0,0,0,0,0,0,0,0,,67,8,2008,6,40.0494,-75.2531,1553.0,6,0,0,0,0,0,0,0,0,,0,0,0,15,1,1,0,,0,40 02:57.994,,0,75 15:11.127,4,0,0,0,67301,0,0,0,N,0,0,0,1,67301,1,,1,1,,N,N,,0,,0,0,0,0.0,0,,1500,1,1,0,0,0,0,0,3,4,0,1,3,,N,,,,,,,,,,,
2008108615,1955,0,0,0,0,0,0,0,0,0,8,0,,67,8,2008,2,40.0309,-75.0931,1950.0,6,0,0,0,0,0,0,0,0,,0,0,0,19,1,1,0,,0,40 01:51.186,,0,75 05:35.026,3,0,0,0,67301,1,0,0,N,1,0,0,2,67301,0,,1,1,,N,N,,0,,1,0,0,0.0,0,,1940,1,2,0,0,0,0,0,3,4,1,1,3,,N,,,,,,,,,,,
2008108617,933,2,0,0,0,0,0,0,0,0,4,0,,67,9,2008,5,40.0532,-75.1221,927.0,6,0,0,0,1,0,0,0,0,,0,0,0,9,1,1,1,,0,40 03:11.434,,0,75 07:19.656,4,0,0,0,67301,0,0,0,N,0,0,0,3,67301,1,,1,1,,N,N,,0,,0,0,0,3.0,2,,915,1,2,0,0,0,0,0,3,4,0,2,3,,N,,,,,,,,,,,
2008121320,0,0,0,0,0,0,0,0,0,0,5,0,,67,8,2008,7,39.9233,-75.2206,0.0,6,0,0,0,0,0,0,0,0,,0,0,0,17,4,1,2,,0,39 55:23.732,,0,75 13:14.087,3,0,0,1,67301,0,0,0,N,0,0,0,2,00000,0,,1,1,,N,N,,1,,1,0,0,0.0,0,,1700,1,2,0,0,0,0,0,3,4,0,2,3,,N,,,,,,,,,,,
2008108391,1000,2,0,0,0,0,0,0,0,0,4,0,,67,8,2008,6,40.015,-75.1352,957.0,6,0,0,0,0,0,0,1,1,,0,0,0,9,1,2,1,,0,40 00:54.079,,0,75 08:06.611,4,0,0,0,67301,0,0,0,N,0,0,0,2,67301,2,,1,1,,N,N,,0,,0,0,0,3.0,2,,952,2,2,0,0,0,0,0,3,4,0,2,3,,N,,,,,,,,,,,
2008116497,955,4,0,0,0,0,0,0,0,0,4,0,,67,7,2008,6,40.0082,-75.0712,954.0,6,0,0,0,0,0,2,0,0,4.0,1,0,0,9,1,1,0,,2,40 00:28.266,5.0,0,75 04:18.726,1,0,0,0,67301,0,0,0,N,0,0,0,6,68K01,0,2.0,1,1,,N,N,,1,0.0,0,1,0,0.0,0,Y,953,1,5,1,1,2,0,0,3,4,0,5,3,,N,,,,,,,,,,,
2008108457,928,1,0,0,0,0,0,0,0,0,8,1,,67,8,2008,5,39.9999,-75.1749,925.0,6,0,0,0,0,0,0,0,0,2.0,0,1,0,9,1,1,0,,2,39 59:59.550,1.0,0,75 10:29.542,2,0,0,0,67301,1,0,1,,1,0,1,3,67301,0,,1,1,,,,,0,,0,1,0,0.0,0,Y,921,1,3,0,0,0,0,0,3,4,0,2,3,,N,,,,,,,,,,,
2008108596,1740,2,0,0,0,0,0,0,0,0,1,0,,67,8,2008,5,40.0753,-75.0735,1735.0,6,0,0,0,0,0,0,1,0,2.0,0,0,0,17,1,0,1,,1,40 04:30.943,1.0,0,75 04:24.501,0,0,0,0,67301,0,0,0,N,0,0,0,4,67301,0,,1,1,,N,N,,0,,0,0,0,3.0,2,N,1733,0,2,0,0,0,0,0,3,4,0,2,3,,N,,,,,,,,,,,
2008098621,1806,2,0,0,0,0,0,0,0,0,4,0,,67,6,2008,5,40.1233,-75.0155,1802.0,6,0,0,0,0,0,0,0,0,,0,0,0,18,1,1,0,,0,40 07:23.832,,7,75 00:55.726,4,0,0,0,67301,0,0,0,N,0,0,0,2,67301,1,,3,1,,N,N,,0,,0,0,0,0.0,0,,1800,1,2,0,0,0,0,0,3,4,0,2,3,,N,,,,,,,,,,,
2008101175,1152,1,0,0,0,0,0,0,0,0,7,0,,67,7,2008,3,40.0067,-75.0948,1151.0,6,0,0,0,0,0,1,0,0,,0,0,0,11,1,1,0,,0,40 00:24.253,,0,75 05:41.348,4,0,0,0,67301,0,0,0,,0,0,0,1,67301,1,,3,1,,,,,0,,0,0,0,3.0,2,,1148,1,1,0,0,0,0,0,3,4,0,1,3,,N,,,,,,,,,,,
2008056276,310,1,0,0,0,0,0,0,0,0,7,0,,67,4,2008,1,40.0071,-75.1993,257.0,6,0,0,0,0,0,0,0,0,1.0,0,0,0,2,3,1,0,,1,40 00:23.625,3.0,0,75 11:52.011,8,0,0,0,67301,0,0,0,N,0,0,0,1,68K01,0,,2,9,,N,N,,0,,0,0,0,0.0,0,N,250,1,1,0,0,0,1,0,3,4,0,1,7,,N,,,,,,,,,,,
2008056528,1627,3,0,0,0,0,0,0,0,0,1,0,,67,5,2008,6,39.9492,-75.1846,1623.0,6,0,0,0,0,0,0,0,0,1.0,0,0,0,16,1,1,0,,1,39 57:01.973,4.0,0,75 10:59.396,4,0,0,0,67301,0,0,0,N,0,0,0,3,68K01,1,,1,1,,N,N,,0,,0,0,0,0.0,0,N,1618,1,3,0,0,0,0,0,3,4,0,3,3,,N,,,,,,,,,,,
2008059196,2242,1,0,0,0,0,0,0,0,0,1,0,,67,4,2008,3,40.0043,-75.1738,2238.0,6,0,0,0,0,0,0,0,0,,0,0,0,22,3,1,2,,0,40 00:15.459,,0,75 10:25.776,8,0,0,0,67301,0,0,0,N,0,0,0,2,67301,0,,1,1,,N,N,,0,,0,0,0,3.0,2,,2230,1,2,0,0,0,1,0,3,4,1,2,3,,N,,,,,,,,,,,
2008051384,1619,1,0,0,0,0,0,0,0,0,4,0,,67,3,2008,4,39.9711,-75.1565,1617.0,6,0,0,0,0,0,1,0,0,,0,0,0,16,1,1,0,,0,39 58:16.108,,0,75 09:23.529,2,0,1,1,67301,0,0,0,N,0,0,0,2,67301,0,,1,1,,N,N,,0,,0,1,0,0.0,0,,1616,1,2,0,0,0,0,0,3,4,0,2,3,,N,,,,,,,,,,,
2008051417,1245,1,0,0,0,0,0,0,0,0,5,0,,67,2,2008,2,39.9461,-75.1985,9999.0,6,0,0,0,0,0,0,0,0,,0,0,0,12,1,2,3,,0,39 56:45.960,,0,75 11:54.600,4,0,0,0,67301,0,0,0,N,0,0,0,3,67301,1,,1,1,,N,N,,1,,0,0,0,3.0,2,,1240,2,2,0,0,0,1,1,3,4,0,2,3,,N,,,,,,,,,,,
2008051421,846,1,0,0,0,0,0,0,0,0,7,0,,67,2,2008,5,40.0261,-75.1992,843.0,6,0,0,0,0,0,0,0,0,,0,0,0,8,1,2,0,,0,40 01:33.904,,0,75 11:56.929,8,0,0,0,67301,0,0,0,N,0,0,0,2,67301,0,,2,1,,N,N,,0,,0,0,0,0.0,0,,840,2,1,0,0,0,2,0,3,4,0,1,3,,N,,,,,,,,,,,
2008051424,105,1,0,0,0,0,0,0,0,0,7,0,,67,3,2008,3,39.9556,-75.1805,100.0,6,0,0,0,0,0,0,0,0,,0,0,0,1,3,1,0,,0,39 57:20.014,,0,75 10:49.689,8,0,0,0,67301,0,0,0,N,0,0,0,1,67301,0,,2,1,,N,N,,0,,0,0,0,0.0,0,,100,1,1,0,0,1,1,0,3,4,0,1,3,,N,,,,,,,,,,,
2008056727,827,2,0,0,0,0,0,0,0,0,1,0,,67,4,2008,3,40.0081,-75.2019,827.0,6,0,0,0,0,0,1,0,0,,0,0,0,8,1,0,0,,0,40 00:28.278,,0,75 12:04.805,0,0,0,0,67301,0,0,0,N,0,0,0,3,68K01,0,,1,1,,N,N,,0,,0,0,0,0.0,0,,827,0,2,0,0,0,0,0,3,4,0,2,3,,N,,,,,,,,,,,
2008051747,1200,1,0,0,0,0,0,0,0,0,8,0,,67,3,2008,3,39.942,-75.1692,1158.0,6,0,0,0,0,0,0,0,0,,0,0,0,11,1,1,0,,0,39 56:31.113,,0,75 10:09.199,8,0,0,0,67301,1,0,0,N,1,0,0,2,67301,0,,1,1,,N,N,,0,,0,0,0,0.0,0,,1156,1,2,0,0,0,1,0,3,4,0,1,3,,N,,,,,,,,,,,
2008051494,703,3,0,0,0,0,0,0,0,0,4,0,,67,3,2008,2,40.0471,-75.1828,701.0,6,0,0,0,0,0,0,0,0,,0,0,0,7,1,1,2,,0,40 02:49.410,,0,75 10:58.050,4,0,0,0,67301,0,0,0,N,0,0,0,2,67301,1,,1,1,,N,N,,0,,0,0,0,3.0,3,,700,1,3,0,0,2,0,0,3,4,0,3,3,,N,,,,,,,,,,,
2008051731,940,0,0,0,0,0,0,0,0,0,7,0,,67,2,2008,5,39.948,-75.1409,929.0,6,0,0,0,0,0,0,0,0,,0,0,0,0,3,1,2,,0,39 56:52.638,,8,75 08:26.667,8,0,0,0,67301,0,0,0,N,0,0,0,1,67301,0,,4,9,,N,N,,0,,0,0,1,0.0,0,,45,1,1,0,0,0,1,0,3,4,0,1,10,,N,,,,,,,,,,,
2008049329,1043,2,0,0,0,0,0,0,0,0,1,0,,67,1,2008,4,39.9777,-75.2014,1038.0,6,0,0,0,0,0,0,0,0,,0,0,0,10,1,2,0,,0,39 58:42.240,,0,75 12:09.000,4,0,0,0,67301,0,0,0,N,0,0,0,3,68K01,2,,1,1,,N,N,,0,,0,0,0,0.0,0,,1033,2,2,0,0,0,0,0,3,4,0,2,3,,N,,,,,,,,,,,
2008112146,3,1,0,0,0,0,0,0,0,0,7,0,,67,10,2008,7,39.8919,-75.2365,2349.0,6,0,0,0,0,0,0,0,0,,0,0,0,23,3,1,0,,0,39 53:29.993,,0,75 14:13.083,4,0,0,0,67301,0,0,0,Y,0,0,0,1,68K01,1,,2,1,,N,N,,0,,0,0,0,0.0,0,,2343,1,1,0,0,0,0,0,3,4,0,1,3,,N,,,,,,,,,,,
2008028983,2054,2,0,0,0,0,0,0,0,0,1,0,,67,1,2008,3,40.1229,-75.0141,2048.0,6,0,0,0,1,0,0,0,0,,0,0,0,20,3,1,0,,0,40 07:22.306,,0,75 00:50.698,8,0,0,0,67301,0,0,0,,0,0,0,4,67301,0,,1,1,,,,,1,,0,0,0,0.0,0,,2045,1,3,0,0,0,1,0,3,4,0,3,3,,N,,,,,,,,,,,
2008050209,1622,2,0,0,0,0,0,0,0,0,4,0,,67,3,2008,4,39.94,-75.1662,1614.0,6,0,0,0,0,0,0,0,1,,0,0,0,16,1,1,1,,0,39 56:24.000,,0,75 09:58.320,2,0,0,0,67301,0,0,0,N,0,0,0,3,67301,0,,1,9,,N,N,,0,,0,1,0,3.0,2,,1600,1,2,0,0,0,0,0,3,4,0,2,7,5.0,N,,,,,,,,,,,
2008050225,1814,1,0,0,0,0,0,0,0,0,7,0,,67,3,2008,7,40.0829,-75.0006,1914.0,6,0,0,0,0,0,0,0,1,,0,0,0,18,2,2,0,,0,40 04:58.348,,0,75 00:02.245,4,0,0,0,67301,0,0,0,N,0,0,0,2,67301,2,,2,9,,N,N,,0,,0,0,0,0.0,0,,1810,2,1,0,0,0,0,0,3,4,0,1,98,,N,,,,,,,,,,,
2008047927,1438,0,0,0,0,0,0,0,0,0,4,0,,67,1,2008,7,40.027,-75.0654,1435.0,6,0,0,0,0,0,0,0,0,,0,0,0,14,1,1,1,,0,40 01:37.194,,0,75 03:55.300,4,0,0,0,67301,0,0,0,N,0,0,0,3,67301,1,,1,1,,N,N,,1,,0,0,1,3.0,2,,1430,1,2,0,0,0,0,0,3,4,0,2,3,,N,,,,,,,,,,,
2008045442,1755,0,0,0,0,0,0,0,0,0,1,0,,67,1,2008,6,39.9821,-75.1007,1739.0,6,0,0,0,0,0,1,0,0,1.0,0,0,0,17,3,1,0,,1,39 58:55.000,1.0,0,75 06:02.400,8,0,0,0,67301,0,0,0,N,0,0,0,3,67301,0,,1,9,,N,N,,2,,0,0,0,0.0,0,N,1730,1,2,0,0,0,1,0,3,4,0,2,3,,N,,,,,,,,,,,
2008026768,2220,3,0,0,0,0,0,0,0,0,1,0,,67,1,2008,7,40.0532,-75.1221,2216.0,6,0,0,0,0,0,0,0,0,2.0,0,0,0,22,3,4,1,,1,40 03:11.000,6.0,0,75 07:19.656,4,0,0,0,67301,0,0,0,N,0,0,0,7,67301,4,,1,9,,N,N,,1,,0,0,1,3.0,2,Y,2205,4,5,0,0,0,0,0,3,4,0,5,7,,N,,,,,,,,,,,
2008026769,1706,1,0,0,0,0,0,0,0,0,5,0,,67,1,2008,7,39.9751,-75.1956,1705.0,6,0,0,0,0,0,1,0,0,2.0,0,0,0,17,1,1,0,,1,39 58:30.000,4.0,0,75 11:44.169,4,0,0,0,67301,0,0,0,N,0,0,0,2,67301,1,,1,1,,N,N,,0,,0,0,0,0.0,0,N,1700,1,2,0,0,0,0,0,3,4,1,2,3,,N,,,,,,,,,,,
2008043083,57,1,0,0,0,0,0,0,0,0,7,0,,67,3,2008,4,40.0104,-75.0633,50.0,6,0,0,0,0,0,0,0,0,1.0,0,0,0,0,3,0,0,,1,40 00:37.080,2.0,0,75 03:48.240,0,0,0,0,67301,0,0,0,N,0,0,0,1,68K01,0,,2,1,,N,N,,0,,0,0,0,0.0,0,N,45,0,1,0,0,0,0,0,3,4,0,1,3,,N,,,,,,,,,,,
2008042873,1039,1,0,0,0,0,0,0,0,0,4,0,,67,2,2008,2,39.9152,-75.2403,1036.0,6,0,0,0,0,0,2,0,0,,1,0,0,10,1,1,2,,0,39 54:54.720,,0,75 14:25.080,1,0,0,0,67301,0,0,0,N,0,0,0,3,67301,1,2.0,1,1,,N,N,,0,0.0,0,0,1,3.0,2,,1025,1,2,1,0,1,0,0,3,4,0,2,3,,N,,,,,,,,,,,
2008024061,1333,1,0,0,0,0,0,0,0,0,4,0,,67,1,2008,3,39.9936,-75.1389,1328.0,6,0,0,0,0,0,0,0,0,,0,0,0,13,1,1,2,,0,39 59:36.852,,0,75 08:20.083,4,0,0,0,67301,0,0,0,,0,0,0,2,67301,1,,1,1,,N,,,1,,0,0,0,2.0,3,,1300,1,2,0,0,0,0,0,3,4,0,2,3,,N,,,,,,,,,,,
2008050493,1312,2,0,0,0,0,0,0,0,0,4,0,,67,4,2008,1,39.9982,-75.1273,1310.0,6,0,0,0,0,0,0,0,0,,0,0,0,99,1,2,0,,0,39 59:53.665,,0,75 07:38.092,8,0,0,0,67301,1,0,0,,0,0,0,2,67301,0,,2,1,,N,N,,1,,0,0,0,0.0,0,,9999,2,3,0,0,1,2,0,3,4,0,3,3,,N,,,,,,,,,,,
2008050906,1825,2,0,0,0,0,0,0,0,0,2,0,,67,3,2008,6,40.001,-75.148,1820.0,6,0,0,0,0,0,0,0,0,,0,0,0,18,1,1,3,,0,40 00:03.604,,0,75 08:53.867,4,0,0,0,67301,0,0,0,N,0,0,0,2,67301,1,,1,9,,N,N,,0,,0,0,0,3.0,3,,1800,1,2,0,0,0,0,1,3,4,0,2,7,,N,,,,,,,,,,,
2008050623,1108,1,0,0,0,0,0,0,0,0,1,0,,67,3,2008,4,40.0332,-75.0291,1107.0,6,0,0,0,0,0,0,0,0,,0,0,0,99,1,1,1,,0,40 01:59.666,,0,75 01:44.886,8,0,0,0,67301,0,0,0,N,0,0,0,2,67301,0,,1,1,,N,N,,0,,0,0,1,3.0,2,,9999,1,2,0,0,0,1,0,3,4,0,2,3,,N,,,,,,,,,,,
2008048118,1502,1,0,0,0,0,0,0,0,0,1,0,,67,3,2008,7,39.98,-75.1062,1458.0,6,0,0,0,0,0,1,0,0,,0,0,0,14,1,2,0,,0,39 58:49.954,,0,75 06:16.404,8,0,0,0,67301,0,0,0,N,0,0,0,2,68K01,0,,1,9,,N,N,,1,,0,0,0,3.0,4,,1450,2,2,0,0,0,2,0,3,4,0,2,3,,N,,,,,,,,,,,
2008048120,630,1,0,0,0,0,0,0,0,0,7,0,,67,3,2008,1,40.0234,-75.0334,622.0,6,0,0,0,0,0,0,0,0,1.0,0,0,0,6,3,1,7,,1,40 01:17.530,1.0,2,75 02:23.690,3,0,0,0,67301,0,0,0,N,0,0,0,1,68K01,0,,2,1,,N,N,,0,,1,0,0,0.0,0,N,622,1,1,0,0,1,0,0,3,4,0,1,3,,N,,,,,,,,,,,
2008050752,114,1,0,0,0,0,0,0,0,0,8,0,,67,2,2008,6,39.9312,-75.1644,113.0,6,0,0,0,0,0,0,0,0,,0,0,0,99,3,2,2,,0,39 55:52.413,,0,75 09:51.865,3,0,0,0,67301,2,0,0,,2,0,0,3,67301,0,,1,1,,,,,0,,2,0,0,9.0,3,,9999,2,3,0,0,0,0,0,3,4,0,1,3,,N,,,,,,,,,,,
2008050768,745,0,0,0,0,0,0,0,0,0,4,0,,67,2,2008,2,39.9057,-75.1939,740.0,6,0,0,0,0,0,1,0,0,1.0,0,0,0,7,1,1,5,,1,39 54:20.520,4.0,0,75 11:37.680,8,0,0,0,67301,0,0,0,N,0,0,0,2,67301,0,,1,1,,N,N,,0,,0,0,2,3.0,2,N,735,1,2,0,0,0,1,0,3,4,0,2,3,,N,,,,,,,,,,,
2008050770,1145,1,0,0,0,0,0,0,0,0,7,0,,67,2,2008,6,,,1141.0,6,0,0,1,0,0,0,0,0,,0,0,0,11,1,0,0,,0,,,0,,0,0,0,0,67301,0,0,0,N,0,0,0,1,67301,0,,4,6,,N,Y,,0,,0,0,0,0.0,0,,1141,0,1,0,0,0,0,0,3,3,0,1,10,,N,,,,,,,,,,,
2008050841,1354,0,0,0,0,0,0,0,0,0,8,0,,67,2,2008,3,40.0018,-75.1286,1351.0,6,0,0,0,0,0,0,0,0,,0,0,0,13,1,1,0,,0,40 00:06.343,,0,75 07:42.866,4,0,0,0,67301,1,0,0,,1,0,0,2,67301,1,,1,1,,,,,0,,0,0,1,0.0,0,,1351,1,2,0,0,0,0,0,3,4,0,1,3,,N,,,,,,,,,,,
2008050849,1658,1,0,0,0,0,0,0,0,0,7,0,,67,3,2008,3,40.0372,-75.058,1650.0,6,0,0,0,0,0,0,0,0,,0,0,0,16,1,1,1,,0,40 02:13.840,,0,75 03:28.781,4,0,0,0,67301,0,0,0,N,0,0,0,1,67301,1,,7,1,,N,N,,0,,0,0,0,0.0,0,,1640,1,1,0,0,0,0,0,3,4,0,1,3,,N,,,,,,,,,,,
2008044042,458,1,0,0,0,0,0,0,0,0,8,0,,67,1,2008,4,40.0308,-75.2177,452.0,6,0,0,0,0,0,1,0,0,,0,0,0,99,1,1,1,,0,40 01:51.034,,0,75 13:03.745,3,0,0,0,67301,1,0,0,,1,0,0,2,67301,0,,1,1,,,,,0,,1,0,0,9.0,3,,9999,1,2,0,0,0,0,0,3,4,0,1,3,,N,,,,,,,,,,,
2008044142,2312,1,0,0,0,0,0,0,0,0,4,0,,67,1,2008,6,39.9867,-75.2083,2304.0,6,0,0,0,0,0,1,0,0,,0,0,0,23,3,0,2,,0,39 59:11.000,,0,75 12:29.920,0,0,0,0,67301,0,0,0,,0,0,0,2,67301,0,,1,1,,,,,0,,0,0,1,3.0,3,,2300,0,2,0,0,0,0,0,3,4,0,2,3,,N,,,,,,,,,,,
2008069309,251,1,0,0,0,0,0,0,0,0,5,0,,67,4,2008,1,39.9968,-75.1154,250.0,6,0,0,0,0,0,0,0,0,,0,0,0,2,3,1,0,,0,39 59:48.414,,0,75 06:55.298,8,0,0,0,67301,2,0,0,N,0,0,0,4,67301,0,,1,1,,N,N,,1,,0,0,1,0.0,0,,250,1,3,0,0,1,1,0,3,4,0,3,3,,N,,,,,,,,,,,
2008108634,1107,1,0,0,0,0,0,0,0,0,7,0,,67,8,2008,1,39.9186,-75.2094,1107.0,6,0,0,0,0,0,0,0,0,1.0,0,0,0,11,1,1,0,,1,39 55:07.105,2.0,0,75 12:33.903,3,0,0,0,67301,0,0,0,N,0,0,0,3,67301,0,,2,1,,N,N,,0,,1,0,0,0.0,0,Y,1107,1,1,0,0,2,0,0,3,4,0,1,3,,N,,,,,,,,,,,