CRN,ARRIVAL_TM,AUTOMOBILE_COUNT,BELTED_DEATH_COUNT,BELTED_SUSP_SERIOUS_INJ_COUNT,BICYCLE_COUNT,BICYCLE_DEATH_COUNT,BICYCLE_SUSP_SERIOUS_INJ_COUNT,BUS_COUNT,CHLDPAS_DEATH_COUNT,CHLDPAS_SUSP_SERIOUS_INJ_COUNT,COLLISION_TYPE,COMM_VEH_COUNT,CONS_ZONE_SPD_LIM,COUNTY,CRASH_MONTH,CRASH_YEAR,DAY_OF_WEEK,DEC_LAT,DEC_LONG,DISPATCH_TM,DISTRICT,DRIVER_COUNT_16YR,DRIVER_COUNT_17YR,DRIVER_COUNT_18YR,DRIVER_COUNT_19YR,DRIVER_COUNT_20YR,DRIVER_COUNT_50_64YR,DRIVER_COUNT_65_74YR,DRIVER_COUNT_75PLUS,EST_HRS_CLOSED,FATAL_COUNT,HEAVY_TRUCK_COUNT,HORSE_BUGGY_COUNT,HOUR_OF_DAY,ILLUMINATION,INJURY_COUNT,INTERSECT_TYPE,INTERSECTION_RELATED,LANE_CLOSED,LATITUDE,LN_CLOSE_DIR,LOCATION_TYPE,LONGITUDE,MAX_SEVERITY_LEVEL,MCYCLE_DEATH_COUNT,MCYCLE_SUSP_SERIOUS_INJ_COUNT,MOTORCYCLE_COUNT,MUNICIPALITY,NONMOTR_COUNT,NONMOTR_DEATH_COUNT,NONMOTR_SUSP_SERIOUS_INJ_COUNT,NTFY_HIWY_MAINT,PED_COUNT,PED_DEATH_COUNT,PED_SUSP_SERIOUS_INJ_COUNT,PERSON_COUNT,POLICE_AGCY,POSSIBLE_INJ_COUNT,RDWY_SURF_TYPE_CD,RELATION_TO_ROAD,ROAD_CONDITION,ROADWAY_CLEARED,SCH_BUS_IND,SCH_ZONE_IND,SECONDARY_CRASH,SMALL_TRUCK_COUNT,SPEC_JURIS_CD,SUSP_MINOR_INJ_COUNT,SUSP_SERIOUS_INJ_COUNT,SUV_COUNT,TCD_FUNC_CD,TCD_TYPE,TFC_DETOUR_IND,TIME_OF_DAY,TOT_INJ_COUNT,TOTAL_UNITS,UNB_DEATH_COUNT,UNB_SUSP_SERIOUS_INJ_COUNT,UNBELTED_OCC_COUNT,UNK_INJ_DEG_COUNT,UNK_INJ_PER_COUNT,URBAN_AREA,URBAN_RURAL,VAN_COUNT,VEHICLE_COUNT,WEATHER1,WEATHER2,WORK_ZONE_IND,WORK_ZONE_LOC,WORK_ZONE_TYPE,WORKERS_PRES,WZ_CLOSE_DETOUR,WZ_FLAGGER,WZ_LAW_OFFCR_IND,WZ_LN_CLOSURE,WZ_MOVING,WZ_OTHER,WZ_SHLDER_MDN,WZ_WORKERS_INJ_KILLED
2008121093,2028,2,0,0,0,0,0,0,0,0,1,0,,67,9,2008,5,39.8836,-75.2515,1920.0,6,0,0,0,0,0,1,1,0,,0,0,0,19,3,0,2,,0,39 53:00.960,,2,75 15:05.400,0,0,0,0,67301,0,0,0,N,0,0,0,2,67301,0,,1,9,,N,N,,0,,0,0,0,3.0,2,,1920,0,2,0,0,0,0,0,3,4,0,2,7,,N,,,,,,,,,,,
2008069073,748,1,0,0,0,0,0,0,0,0,7,0,,67,6,2008,2,40.0455,-75.0018,741.0,6,0,0,0,0,0,0,0,0,2.0,0,0,0,7,1,1,0,,1,40 02:46.357,2.0,0,75 00:04.620,4,0,0,0,67301,0,0,0,Y,0,0,0,1,68K01,1,,2,1,,N,N,,0,,0,0,0,0.0,0,N,739,1,1,0,0,0,0,0,3,4,0,1,3,,N,,,,,,,,,,,
2008069079,1555,1,0,0,0,0,0,0,0,0,7,0,,67,6,2008,5,39.9957,-75.083,1555.0,6,0,0,0,0,0,0,0,0,1.0,0,0,0,15,1,0,0,,1,39 59:45.033,1.0,0,75 04:58.411,0,0,0,0,67301,0,0,0,N,0,0,0,1,68K01,0,,2,1,,N,N,,0,,0,0,0,0.0,0,N,1545,0,1,0,0,0,0,0,3,4,0,1,3,,N,,,,,,,,,,,
2008103938,2334,1,0,0,0,0,0,0,0,0,4,0,,67,7,2008,2,40.0339,-75.1609,2330.0,6,0,0,0,0,0,0,0,0,,0,0,0,0,3,1,1,,0,40 02:02.004,,0,75 09:39.157,3,0,0,0,67301,0,0,0,,0,0,0,2,67301,0,,1,1,,,,,0,,1,0,0,3.0,3,,2,1,2,0,0,1,0,1,3,4,0,2,3,,N,,,,,,,,,,,
2008118915,1135,2,0,0,0,0,0,0,0,0,1,0,,67,9,2008,1,40.0581,-75.139,1130.0,6,0,0,0,0,0,0,0,2,,0,0,0,11,1,0,1,,0,40 03:29.250,,0,75 08:20.370,0,0,0,0,67301,0,0,0,N,0,0,0,2,67301,0,,1,1,,N,N,,0,,0,0,0,0.0,0,,1130,0,2,0,0,0,0,0,3,4,0,2,3,,N,,,,,,,,,,,
2008118929,519,1,0,0,0,0,0,0,0,0,8,0,,67,9,2008,3,39.9463,-75.1783,519.0,6,0,0,0,0,0,0,0,0,,0,0,0,5,3,1,1,,0,39 56:46.615,,0,75 10:42.045,4,0,0,0,67301,1,0,0,N,1,0,0,2,67301,1,,1,1,,N,N,,0,,0,0,0,3.0,2,,519,1,2,0,0,0,0,0,3,4,0,1,3,,N,,,,,,,,,,,
2008069692,1547,1,0,0,0,0,0,0,0,0,5,0,,67,4,2008,2,40.0163,-75.0747,1544.0,6,0,0,0,0,0,0,0,0,,0,0,0,99,1,1,0,,0,40 00:58.526,,0,75 04:28.883,4,0,0,0,67301,0,0,0,,0,0,0,3,67301,1,,1,1,,N,N,,0,,0,0,1,0.0,0,,9999,1,2,0,0,0,0,1,3,4,0,2,3,,N,,,,,,,,,,,
2008087107,1944,0,0,0,0,0,0,0,0,0,7,0,,67,7,2008,3,39.968,-75.1296,1938.0,6,0,0,0,0,0,0,0,0,1.0,0,0,0,19,1,1,0,,2,39 58:04.847,3.0,2,75 07:46.539,2,0,1,1,67301,0,0,0,N,0,0,0,1,68K01,0,,2,1,,N,N,,0,,0,1,0,0.0,0,N,1936,1,1,0,0,0,0,0,3,4,0,1,3,,N,,,,,,,,,,,
2008120222,1045,0,0,0,0,0,0,0,0,0,4,0,,67,9,2008,3,39.9959,-75.1855,1042.0,6,0,0,0,0,0,1,0,0,,0,0,0,10,1,1,1,,0,39 59:45.204,,0,75 11:07.659,4,0,0,1,67301,0,0,0,,0,0,0,2,67301,1,,1,1,,N,N,,0,,0,0,1,0.0,0,,1040,1,2,0,0,0,0,1,3,4,0,2,3,,N,,,,,,,,,,,
2008127391,1046,1,0,0,0,0,0,0,0,0,7,1,,67,11,2008,2,39.8877,-75.2038,1044.0,6,0,0,0,0,0,1,0,0,2.0,0,1,0,10,1,1,0,,2,39 53:43.004,1.0,0,75 11:36.415,8,0,0,0,67301,0,0,0,N,0,0,0,2,68K01,0,,2,1,,N,N,,0,,0,0,0,0.0,0,N,1042,1,2,0,0,0,1,0,3,4,0,2,3,,N,,,,,,,,,,,
2008127409,841,1,0,0,0,0,0,0,0,0,0,0,,67,11,2008,1,39.9804,-75.2054,838.0,6,0,0,0,0,0,0,0,0,,0,0,0,8,1,0,0,,0,39 58:52.254,,0,75 12:23.725,0,0,0,0,67301,0,0,0,N,0,0,0,2,68K01,0,,1,1,,N,N,,0,,0,0,0,0.0,0,,834,0,1,0,0,0,0,0,3,4,0,1,3,,N,,,,,,,,,,,
2008119687,1110,0,0,0,0,0,0,0,0,0,8,0,,67,9,2008,2,40.0289,-75.0342,1104.0,6,0,0,0,0,0,0,0,1,,0,0,0,10,1,1,3,,0,40 01:45.605,,0,75 02:12.064,4,0,0,0,67301,1,0,0,N,1,0,0,2,67301,1,,1,1,,N,N,,1,,0,0,0,3.0,2,,1047,1,2,0,0,0,0,0,3,4,0,1,3,,N,,,,,,,,,,,
2008119745,917,1,0,0,0,0,0,0,0,0,4,0,,67,9,2008,7,40.033,-75.1161,914.0,6,0,0,0,0,0,0,0,0,,0,0,0,9,1,5,1,,0,40 01:58.975,,0,75 06:57.861,4,0,0,0,67301,0,0,0,N,0,0,0,6,67301,5,,1,1,,N,N,,1,,0,0,1,3.0,2,,910,5,3,0,0,0,0,0,3,4,0,3,3,,N,,,,,,,,,,,
2008133176,1835,1,0,0,0,0,0,0,0,0,8,0,,67,9,2008,3,39.9484,-75.2419,1831.0,6,0,0,0,0,0,0,0,0,,0,0,0,18,4,0,0,,0,39 56:54.398,,0,75 14:30.717,0,0,0,0,67301,1,0,0,N,1,0,0,2,67301,0,,1,1,,N,N,,0,,0,0,0,0.0,0,,1815,0,2,0,0,0,0,0,3,4,0,1,3,,N,,,,,,,,,,,
2008124814,149,1,0,0,0,0,0,0,0,0,8,0,,67,8,2008,1,40.0302,-75.1454,148.0,6,0,0,0,0,0,1,0,0,,1,0,0,1,6,1,1,,0,40 01:48.856,,0,75 08:43.310,1,0,0,0,67301,2,1,1,N,2,1,1,3,67301,0,2.0,1,98,,N,N,,0,0.0,0,1,0,3.0,2,,148,1,3,0,0,0,0,0,3,4,0,1,99,,N,,,,,,,,,,,
2008132956,2020,2,0,0,0,0,0,0,0,0,1,0,,67,10,2008,3,40.0612,-75.1397,2012.0,6,0,0,0,0,0,0,0,0,,0,0,0,19,3,5,2,,0,40 03:40.482,,0,75 08:23.096,4,0,0,0,67301,2,0,0,N,0,0,0,5,67301,5,,1,1,,N,N,,0,,0,0,0,3.0,3,,1940,5,2,0,0,0,0,0,3,4,0,2,3,,N,,,,,,,,,,,
2008026702,1745,3,0,0,0,0,0,0,0,0,4,0,,67,1,2008,4,40.1097,-74.9831,1738.0,6,0,0,0,1,0,1,0,0,,0,0,0,17,3,1,1,,0,40 06:34.819,,0,74 58:59.314,8,0,0,0,67301,0,0,0,N,0,0,0,5,67301,0,,1,1,,N,N,,0,,0,0,0,3.0,3,,1735,1,3,0,0,0,1,0,3,4,0,3,3,,N,,,,,,,,,,,
2008061210,1920,2,0,0,0,0,0,0,0,0,4,0,,67,3,2008,6,39.9323,-75.1729,1918.0,6,0,0,1,0,0,0,0,0,,0,0,0,19,1,1,2,,0,39 55:56.352,,0,75 10:22.382,4,0,0,0,67301,0,0,0,N,0,0,0,2,67301,1,,1,1,,N,Y,,0,,0,0,0,3.0,3,,1918,1,2,0,0,0,0,1,3,4,0,2,3,,N,,,,,,,,,,,
2008053779,735,1,0,0,0,0,0,0,0,0,1,0,,67,2,2008,6,40.0454,-75.2231,728.0,6,0,0,0,0,0,0,0,0,,0,0,0,7,1,3,0,,0,40 02:43.580,,0,75 13:23.270,4,0,0,0,67301,0,0,0,N,0,0,0,3,67301,3,,1,1,,,N,,0,,0,0,1,0.0,0,,728,3,2,0,0,0,0,0,3,4,0,2,3,,N,,,,,,,,,,,
2008059202,2000,1,0,0,0,0,0,0,0,0,8,0,,67,4,2008,3,39.967,-75.23,1958.0,6,0,0,0,0,0,0,0,0,,0,0,0,19,3,1,0,,0,39 58:01.023,,0,75 13:48.024,4,0,0,0,67301,1,0,0,N,1,0,0,2,67301,1,,1,1,,N,N,,0,,0,0,0,0.0,0,,1950,1,2,0,0,1,0,0,3,4,0,1,3,,N,,,,,,,,,,,
2008051786,716,1,0,0,0,0,0,0,0,0,7,0,,67,3,2008,7,40.0254,-75.0765,714.0,6,0,0,0,0,0,1,0,0,,0,0,0,7,1,0,0,,0,40 01:31.440,,0,75 04:35.400,0,0,0,0,67301,0,0,0,N,0,0,0,1,67301,0,,2,9,,N,N,,0,,0,0,0,0.0,0,,710,0,1,0,0,0,0,0,3,4,0,1,7,,N,,,,,,,,,,,
2008119607,1837,2,0,0,0,0,0,0,0,0,5,0,,67,9,2008,1,39.9924,-75.1422,1822.0,6,0,0,0,0,0,1,0,0,,0,0,0,16,1,1,1,,0,39 59:32.614,,0,75 08:31.878,8,0,0,0,67301,0,0,0,,0,0,0,3,67301,0,,1,9,,,,,0,,0,0,0,3.0,1,,1600,1,2,0,0,1,1,1,3,4,0,2,7,,N,,,,,,,,,,,
2008050296,1810,1,0,0,0,0,0,0,0,0,8,0,,67,3,2008,2,40.1317,-75.0123,1805.0,6,0,0,0,0,0,0,0,0,,0,0,0,16,1,1,1,,0,40 07:54.120,,0,75 00:44.280,4,0,0,0,67301,1,0,0,,1,0,0,2,67301,1,,1,1,,N,N,,0,,0,0,0,2.0,2,,1645,1,2,0,0,0,0,1,3,4,0,1,3,,N,,,,,,,,,,,
2008050223,130,1,0,0,0,0,0,0,0,0,5,0,,67,2,2008,6,39.9563,-75.2204,123.0,6,0,0,0,0,0,0,0,0,,0,0,0,1,3,1,0,,0,39 57:22.812,,0,75 13:13.573,8,0,0,0,67301,0,0,0,N,0,0,0,2,67301,0,,1,1,,N,N,,0,,0,0,1,3.0,2,,119,1,2,0,0,1,1,0,3,4,0,2,3,,N,,,,,,,,,,,
2008040538,945,2,0,0,0,0,0,0,0,0,1,0,,67,2,2008,5,39.9461,-75.1985,920.0,6,0,0,0,0,0,0,0,0,,0,0,0,8,1,3,3,,0,39 56:45.960,,0,75 11:54.600,4,0,0,0,67301,0,0,0,,0,0,0,3,67301,2,,1,1,,N,N,,0,,0,0,1,3.0,2,,845,3,3,0,0,0,1,0,3,4,0,3,3,,N,,,,,,,,,,,
2008040543,1814,2,0,0,0,0,0,0,0,0,4,0,,67,2,2008,5,40.0578,-75.0087,1813.0,6,0,0,0,0,0,2,0,0,9.0,0,0,0,18,3,1,1,,1,40 03:28.000,2.0,0,75 00:31.473,4,0,0,0,67301,0,0,0,,0,0,0,2,67301,1,,1,1,,N,N,,0,,0,0,0,3.0,2,N,1802,1,2,0,0,0,0,0,3,4,0,2,3,,N,,,,,,,,,,,
2008026616,24,0,0,0,1,0,0,0,0,0,8,0,,67,1,2008,4,39.9312,-75.1833,20.0,6,0,0,0,0,0,0,0,0,,0,0,0,0,3,1,1,,0,39 55:52.165,,0,75 11:00.034,8,0,0,0,67301,1,0,0,,0,0,0,2,67301,0,,1,1,,N,N,,0,,0,0,1,9.0,3,,18,1,2,0,0,0,1,0,3,4,0,1,3,,N,,,,,,,,,,,
2008053247,1637,1,0,0,0,0,0,0,0,0,1,1,,67,1,2008,4,39.9078,-75.1537,1635.0,6,1,0,0,0,0,0,0,0,,0,1,0,16,1,0,2,,0,39 54:28.098,,0,75 09:13.377,9,0,0,0,67301,0,0,0,N,0,0,0,3,67301,0,,1,1,,N,N,,0,,0,0,0,0.0,0,,1620,0,2,0,0,0,0,1,3,4,0,2,3,,N,,,,,,,,,,,
2008050738,1452,2,0,0,0,0,0,0,0,0,4,0,,67,2,2008,3,39.9578,-75.1602,1450.0,6,0,0,0,0,0,0,0,0,,0,0,0,14,1,1,1,,0,39 57:28.067,,0,75 09:36.786,8,0,0,0,67301,0,0,0,N,0,0,0,2,67301,0,,1,1,,N,N,,0,,0,0,0,3.0,2,,1448,1,2,0,0,0,1,0,3,4,0,2,3,,N,,,,,,,,,,,
2008050609,1505,0,0,0,0,0,0,0,0,0,4,0,,67,3,2008,7,40.0175,-75.1723,1503.0,6,0,0,0,0,0,0,0,0,,0,0,0,13,1,1,0,,0,40 01:02.585,,0,75 10:19.567,4,0,0,0,67301,0,0,0,N,0,0,0,2,67301,1,,1,1,,N,N,,0,,0,0,2,0.0,0,,1318,1,2,0,0,1,0,0,3,4,0,2,3,,N,,,,,,,,,,,
2008050751,1547,1,0,0,0,0,0,0,0,0,8,0,,67,3,2008,6,39.9764,-75.1689,1545.0,6,0,0,0,0,0,0,0,0,,0,0,0,15,1,1,0,,0,39 58:35.049,,0,75 10:08.067,4,0,0,0,67301,1,0,0,,1,0,0,2,67301,1,,1,9,,,,,0,,0,0,0,0.0,0,,1545,1,2,0,0,0,0,0,3,4,0,1,7,,N,,,,,,,,,,,
2008050757,1000,0,0,0,0,0,0,0,0,0,8,0,,67,2,2008,4,40.0152,-75.1498,937.0,6,0,0,0,0,0,0,0,0,,0,0,0,9,1,1,1,,0,40 00:54.831,,0,75 08:59.392,4,0,0,0,67301,1,0,0,N,1,0,0,2,67301,1,,1,1,,N,N,,0,,0,0,0,3.0,2,,936,1,2,0,0,0,0,0,3,4,0,1,3,,N,,,,,,,,,,,
2008041249,2312,1,0,0,0,0,0,0,0,0,2,0,,67,1,2008,7,39.9119,-75.2221,2230.0,6,0,0,0,0,0,1,0,0,,0,0,0,22,6,3,0,,0,39 54:47.000,,0,75 13:17.992,4,0,0,0,67301,0,0,0,N,0,0,0,4,67301,2,,1,1,,N,N,,0,,0,0,0,0.0,0,,2230,3,2,0,0,0,1,1,3,4,1,2,3,,N,,,,,,,,,,,
2008069625,2010,0,0,0,0,0,0,0,0,0,8,0,,67,4,2008,3,39.9817,-75.1814,2000.0,6,0,0,0,0,0,0,0,0,,0,0,0,20,3,1,0,,0,39 58:54.273,,0,75 10:53.205,8,0,0,0,67301,1,0,0,N,1,0,0,2,67301,0,,5,1,,N,N,,1,,0,0,0,0.0,0,,2000,1,2,0,0,0,1,1,3,4,0,1,3,,N,,,,,,,,,,,
2008069290,1601,1,0,0,0,0,0,0,0,0,8,0,,67,4,2008,7,39.9554,-75.2411,1600.0,6,0,0,0,0,0,0,0,0,,0,0,0,15,1,1,0,,0,39 57:19.292,,0,75 14:27.888,4,0,0,0,67301,1,0,0,N,1,0,0,2,67301,1,,1,1,,N,N,,0,,0,0,0,0.0,0,,1555,1,2,0,0,0,0,0,3,4,0,1,3,,N,,,,,,,,,,,
2008069292,1610,0,0,0,0,0,0,0,0,0,1,0,,67,4,2008,2,40.032,-75.1285,1005.0,6,0,0,0,0,0,0,0,0,,0,0,0,15,1,1,2,,0,40 01:55.124,,0,75 07:42.725,8,0,0,0,67301,0,0,0,N,0,0,0,2,67301,0,,1,1,,N,N,,0,,0,0,1,3.0,3,,1545,1,2,0,0,0,1,0,3,4,1,2,3,,N,,,,,,,,,,,
2008121091,1245,2,0,0,0,0,0,0,0,0,4,0,,67,9,2008,3,39.904,-75.2401,1241.0,6,0,0,0,0,0,0,1,0,,0,0,0,12,1,2,1,,0,39 54:14.564,,0,75 14:24.410,4,0,0,0,67301,0,0,0,,0,0,0,3,67301,2,,1,1,,,,,0,,0,0,0,0.0,0,,1230,2,2,0,0,0,0,0,3,4,0,2,3,,N,,,,,,,,,,,
2008121105,1045,1,0,0,0,0,0,0,0,0,8,0,,67,9,2008,4,40.0731,-75.1717,1043.0,6,0,0,0,0,0,0,0,0,,0,0,0,15,1,1,1,,0,40 04:23.035,,0,75 10:18.078,4,0,0,0,67301,1,0,0,N,1,0,0,2,67301,1,,1,1,,N,Y,,0,,0,0,0,3.0,3,,1510,1,2,0,0,0,0,0,3,4,0,1,3,,N,,,,,,,,,,,
2008118916,1345,1,0,0,0,0,0,0,0,0,5,1,,67,9,2008,2,40.0416,-75.1314,1340.0,6,0,0,0,0,0,0,0,0,,0,1,0,13,1,0,1,,0,40 02:29.911,,0,75 07:53.039,0,0,0,0,67301,0,0,0,N,0,0,0,2,67301,0,,1,1,,N,N,,0,,0,0,0,0.0,0,,1300,0,2,0,0,0,0,0,3,4,0,2,3,,N,,,,,,,,,,,
2008118917,853,2,0,0,0,0,0,0,0,0,2,0,,67,9,2008,6,39.9141,-75.1497,850.0,6,0,0,0,0,0,0,0,0,,0,0,0,8,1,2,2,,0,39 54:50.690,,0,75 08:58.878,4,0,0,0,67301,0,0,0,N,0,0,0,3,67301,2,,1,1,,N,N,,0,,0,0,0,2.0,3,,850,2,2,0,0,0,0,0,3,4,0,2,3,,N,,,,,,,,,,,
2008099222,800,2,0,0,0,0,0,0,0,0,1,0,,67,7,2008,2,40.0255,-75.1254,756.0,6,0,0,0,0,0,0,0,0,,0,0,0,7,1,1,1,,0,40 01:32.820,,0,75 07:24.380,4,0,0,0,67301,0,0,0,,0,0,0,2,67301,1,,1,1,,,,,0,,0,0,0,0.0,0,,756,1,2,0,0,0,0,0,3,4,0,2,3,,N,,,,,,,,,,,
2008108458,705,0,0,0,0,0,0,0,0,0,0,0,,67,8,2008,4,39.9377,-75.1656,700.0,6,0,0,0,0,0,0,0,0,,0,0,0,7,1,1,0,,0,39 56:15.783,,0,75 09:56.268,4,0,0,1,67301,0,0,0,,0,0,0,1,67301,1,,1,1,,,,,0,,0,0,0,0.0,0,,700,1,2,0,0,0,0,0,3,4,0,1,3,,N,,,,,,,,,,,
2008108494,1901,1,0,0,0,0,0,0,0,0,4,0,,67,8,2008,4,39.9442,-75.2233,1854.0,6,0,0,0,0,0,0,0,0,,0,1,0,99,1,1,0,,0,39 56:39.134,,0,75 13:23.807,8,0,0,1,67301,0,0,0,,0,0,0,2,67301,0,,2,1,,,,,0,,0,0,0,0.0,0,,9999,1,3,0,0,0,1,0,3,4,0,3,3,,N,,,,,,,,,,,
2008099286,1510,3,0,0,0,0,0,0,0,0,6,0,,67,8,2008,6,39.9899,-75.1254,1510.0,6,0,0,0,0,0,0,0,1,,0,0,0,15,1,4,1,,0,39 59:23.489,,0,75 07:31.548,4,0,0,0,67301,0,0,0,N,0,0,0,5,67301,4,,1,1,,N,N,,0,,0,0,0,3.0,2,,1508,4,3,0,0,0,0,0,3,4,0,3,3,,N,,,,,,,,,,,
2008101052,1813,0,0,0,1,0,0,1,0,0,4,1,,67,8,2008,6,39.9566,-75.198,1808.0,6,0,0,0,0,0,0,0,0,1.0,0,0,0,18,1,1,1,,2,39 57:23.865,3.0,0,75 11:52.879,3,0,0,0,67301,1,0,0,N,0,0,0,4,67301,0,,1,1,,N,N,,0,,1,0,0,3.0,2,Y,1805,1,2,0,0,0,0,0,3,4,0,1,3,,N,,,,,,,,,,,
2008098679,2327,1,0,0,0,0,0,0,0,0,4,0,,67,7,2008,1,40.0611,-75.0519,2320.0,6,0,0,0,0,0,0,0,0,,0,0,0,23,3,0,0,,0,40 03:39.823,,0,75 03:06.887,0,0,0,0,67301,0,0,0,N,0,0,0,4,67301,0,,1,1,,N,N,,0,,0,0,1,3.0,2,,2316,0,2,0,0,0,0,0,3,4,0,2,3,,N,,,,,,,,,,,
2008098691,1039,1,0,0,0,0,0,0,0,0,6,0,,67,7,2008,1,39.9898,-75.1255,1036.0,6,0,0,0,0,0,0,1,0,,0,0,0,10,1,2,1,,0,39 59:23.299,,0,75 07:31.934,4,0,0,0,67301,0,0,0,N,0,0,0,3,67301,1,,1,1,,N,N,,0,,0,0,1,3.0,2,,1034,2,2,0,0,0,1,0,3,4,0,2,3,,N,,,,,,,,,,,
2008069506,1642,1,0,0,0,0,0,0,0,0,1,0,,67,4,2008,4,40.0731,-75.056,1642.0,6,0,0,0,0,0,1,1,0,,0,0,0,16,1,1,3,,0,40 04:23.322,,0,75 03:21.463,4,0,0,0,67301,0,0,0,N,0,0,0,2,67301,1,,1,1,,N,N,,0,,0,0,0,3.0,2,,1640,1,2,0,0,0,0,0,3,4,1,2,3,,N,,,,,,,,,,,
2008121243,640,2,0,0,0,0,0,0,0,0,4,0,,67,10,2008,4,40.0884,-75.0441,635.0,6,0,0,0,0,0,1,0,0,,0,0,0,6,1,1,1,,0,40 05:18.173,,0,75 02:38.875,4,0,0,0,67301,0,0,0,,0,0,0,2,67301,1,,1,1,,N,N,,0,,0,0,0,3.0,2,,625,1,2,0,0,0,0,0,3,4,0,2,3,,N,,,,,,,,,,,
2008082409,2230,2,0,0,0,0,0,0,0,0,1,0,,67,5,2008,7,,,2026.0,6,0,0,0,0,0,1,0,0,,0,0,0,22,3,1,7,,0,,,0,,8,0,0,0,67301,0,0,0,,0,0,0,3,67301,0,,7,1,,,,,0,,0,0,0,3.0,2,,2226,1,2,0,0,0,1,0,3,3,0,2,3,,N,,,,,,,,,,,
2008076957,811,0,0,0,0,0,0,0,0,0,1,0,,67,6,2008,5,39.9378,-75.1438,807.0,6,0,0,0,0,0,0,0,0,,0,1,0,8,1,0,0,,0,39 56:16.440,,0,75 08:37.680,0,0,0,0,67301,0,0,0,N,0,0,0,2,68K01,0,,1,1,,N,N,,0,,0,0,0,0.0,0,,804,0,2,0,0,0,0,0,3,4,1,2,3,,N,,,,,,,,,,,
2008072050,2135,1,0,0,0,0,0,0,0,0,1,0,,67,5,2008,2,40.0201,-75.1489,2132.0,6,0,0,0,0,0,0,0,0,,0,0,0,21,3,4,1,,0,40 01:12.360,,0,75 08:56.040,8,0,0,0,67301,0,0,0,N,0,0,0,6,67301,0,,1,1,,N,N,,0,,0,0,1,3.0,2,,2115,4,2,0,0,0,4,2,3,4,0,2,3,,N,,,,,,,,,,,
2008072055,1320,1,0,0,0,0,0,0,0,0,8,0,,67,4,2008,1,39.9273,-75.1762,1317.0,6,0,0,0,0,0,0,0,0,,0,0,0,99,1,1,0,,0,39 55:38.204,,0,75 10:34.496,4,0,0,0,67301,1,0,0,N,1,0,0,2,67301,1,,1,1,,N,N,,0,,0,0,0,0.0,0,,9999,1,2,0,0,0,0,0,3,4,0,1,3,,N,,,,,,,,,,,
2008069643,1725,0,0,0,0,0,0,0,0,0,2,0,,67,4,2008,5,39.9835,-75.1156,1725.0,6,0,0,0,0,0,0,0,0,,0,0,0,17,1,1,1,,0,39 59:00.667,,0,75 06:56.040,4,0,0,0,67301,0,0,0,N,0,0,0,2,67301,1,,1,1,,N,N,,2,,0,0,0,9.0,2,,1720,1,2,0,0,0,0,0,3,4,0,2,3,,N,,,,,,,,,,,
2008069686,1838,1,0,0,0,0,0,0,0,0,8,0,,67,4,2008,7,40.0311,-75.1656,1829.0,6,0,0,0,0,0,0,0,0,,0,0,0,6,1,1,0,,0,40 01:52.080,,0,75 09:56.252,4,0,0,0,67301,1,0,0,,1,0,0,3,67301,1,,1,1,,,,,0,,0,0,0,0.0,0,,626,1,2,0,0,0,0,0,3,4,0,1,3,,N,,,,,,,,,,,
2008069699,925,1,0,0,0,0,0,0,0,0,4,0,,67,4,2008,6,40.0227,-75.1335,919.0,6,0,0,0,0,0,1,0,0,,0,0,0,9,1,1,1,,0,40 01:21.712,,0,75 08:00.711,8,0,0,0,67301,0,0,0,Y,0,0,0,2,67301,0,,1,9,,N,N,,0,,0,0,1,3.0,2,,905,1,2,0,0,0,1,1,3,4,0,2,3,,N,,,,,,,,,,,
2008109394,1617,2,0,0,0,0,0,0,0,0,4,0,,67,8,2008,7,39.9868,-75.1084,1610.0,6,0,1,0,0,0,0,0,0,,0,0,0,99,1,0,1,,0,39 59:12.339,,0,75 06:30.121,0,0,0,0,67301,0,0,0,N,0,0,0,2,67301,0,,1,1,,N,N,,0,,0,0,0,3.0,3,,9999,0,2,0,0,0,0,0,3,4,0,2,3,,N,,,,,,,,,,,
2008125304,1641,1,0,0,0,0,0,0,0,0,1,0,,67,10,2008,6,39.9676,-75.1313,1632.0,6,0,0,0,0,0,0,0,0,,0,0,0,16,1,0,0,,0,39 58:04.379,,0,75 07:50.269,0,0,0,0,67301,0,0,0,N,0,0,0,4,68K01,0,,1,1,,N,N,,0,,0,0,0,0.0,0,,1627,0,2,0,0,0,0,0,3,4,1,2,3,,N,,,,,,,,,,,
2008124816,808,1,0,0,0,0,0,0,0,0,8,0,,67,2,2008,7,39.93,-75.2282,804.0,6,0,0,0,0,0,0,0,0,2.0,0,0,0,8,3,1,0,,2,39 55:47.876,6.0,0,75 13:41.490,8,0,0,0,67301,1,0,0,,1,0,0,2,67301,0,,1,1,,N,N,,0,,0,0,0,2.0,2,Y,804,1,2,0,0,0,1,0,3,4,0,1,3,,N,,,,,,,,,,,
2008026698,2228,2,0,0,0,0,0,0,0,0,2,0,,67,1,2008,6,40.0424,-75.2263,2220.0,6,0,0,0,0,0,1,0,0,,0,0,0,22,3,0,1,,0,40 02:32.000,,0,75 13:34.030,0,0,0,0,67301,0,0,0,N,0,0,0,3,67301,0,,1,1,,N,N,,0,,0,0,0,9.0,2,,2218,0,2,0,0,0,0,0,3,4,0,2,3,,N,,,,,,,,,,,