CRN,ARRIVAL_TM,AUTOMOBILE_COUNT,BELTED_DEATH_COUNT,BELTED_SUSP_SERIOUS_INJ_COUNT,BICYCLE_COUNT,BICYCLE_DEATH_COUNT,BICYCLE_SUSP_SERIOUS_INJ_COUNT,BUS_COUNT,CHLDPAS_DEATH_COUNT,CHLDPAS_SUSP_SERIOUS_INJ_COUNT,COLLISION_TYPE,COMM_VEH_COUNT,CONS_ZONE_SPD_LIM,COUNTY,CRASH_MONTH,CRASH_YEAR,DAY_OF_WEEK,DEC_LAT,DEC_LONG,DISPATCH_TM,DISTRICT,DRIVER_COUNT_16YR,DRIVER_COUNT_17YR,DRIVER_COUNT_18YR,DRIVER_COUNT_19YR,DRIVER_COUNT_20YR,DRIVER_COUNT_50_64YR,DRIVER_COUNT_65_74YR,DRIVER_COUNT_75PLUS,EST_HRS_CLOSED,FATAL_COUNT,HEAVY_TRUCK_COUNT,HORSE_BUGGY_COUNT,HOUR_OF_DAY,ILLUMINATION,INJURY_COUNT,INTERSECT_TYPE,INTERSECTION_RELATED,LANE_CLOSED,LATITUDE,LN_CLOSE_DIR,LOCATION_TYPE,LONGITUDE,MAX_SEVERITY_LEVEL,MCYCLE_DEATH_COUNT,MCYCLE_SUSP_SERIOUS_INJ_COUNT,MOTORCYCLE_COUNT,MUNICIPALITY,NONMOTR_COUNT,NONMOTR_DEATH_COUNT,NONMOTR_SUSP_SERIOUS_INJ_COUNT,NTFY_HIWY_MAINT,PED_COUNT,PED_DEATH_COUNT,PED_SUSP_SERIOUS_INJ_COUNT,PERSON_COUNT,POLICE_AGCY,POSSIBLE_INJ_COUNT,RDWY_SURF_TYPE_CD,RELATION_TO_ROAD,ROAD_CONDITION,ROADWAY_CLEARED,SCH_BUS_IND,SCH_ZONE_IND,SECONDARY_CRASH,SMALL_TRUCK_COUNT,SPEC_JURIS_CD,SUSP_MINOR_INJ_COUNT,SUSP_SERIOUS_INJ_COUNT,SUV_COUNT,TCD_FUNC_CD,TCD_TYPE,TFC_DETOUR_IND,TIME_OF_DAY,TOT_INJ_COUNT,TOTAL_UNITS,UNB_DEATH_COUNT,UNB_SUSP_SERIOUS_INJ_COUNT,UNBELTED_OCC_COUNT,UNK_INJ_DEG_COUNT,UNK_INJ_PER_COUNT,URBAN_AREA,URBAN_RURAL,VAN_COUNT,VEHICLE_COUNT,WEATHER1,WEATHER2,WORK_ZONE_IND,WORK_ZONE_LOC,WORK_ZONE_TYPE,WORKERS_PRES,WZ_CLOSE_DETOUR,WZ_FLAGGER,WZ_LAW_OFFCR_IND,WZ_LN_CLOSURE,WZ_MOVING,WZ_OTHER,WZ_SHLDER_MDN,WZ_WORKERS_INJ_KILLED
2008060908,2216,1,0,0,0,0,0,0,0,0,6,0,,67,4,2008,3,39.956,-75.1424,2215.0,6,0,0,0,0,0,1,0,0,1.0,0,0,0,22,3,1,0,,2,39 57:21.578,2.0,0,75 08:32.668,4,0,0,0,67301,0,0,0,N,0,0,0,1,67301,1,,1,9,,N,N,,0,,0,0,1,0.0,0,Y,2210,1,2,0,0,0,0,0,3,4,0,2,7,,N,,,,,,,,,,,
2008066369,1418,2,0,0,0,0,0,0,0,0,1,1,,67,5,2008,6,40.0076,-75.2006,1410.0,6,0,0,0,0,0,0,0,0,1.0,0,1,0,14,1,0,0,,2,40 00:25.747,4.0,0,75 11:57.732,0,0,0,0,67301,0,0,0,N,0,0,0,5,68K01,0,,1,1,,N,N,,0,,0,0,0,0.0,0,N,1408,0,3,0,0,3,0,0,3,4,0,3,3,,N,,,,,,,,,,,
2008064169,1714,2,0,0,0,0,0,0,0,0,1,0,,67,5,2008,6,39.8914,-75.1988,1656.0,6,0,0,0,0,1,0,0,0,,0,0,0,16,1,2,0,,0,39 53:54.022,,0,75 10:54.951,8,0,0,0,67301,0,0,0,N,0,0,0,2,68K01,0,,1,1,,N,N,,0,,0,0,0,0.0,0,,1652,2,2,0,0,0,2,0,3,4,0,2,3,,N,,,,,,,,,,,
2008061012,2057,2,0,0,0,0,0,0,0,0,2,0,,67,3,2008,5,39.9294,-75.2184,2055.0,6,0,0,0,0,0,0,0,0,,0,0,0,19,3,0,0,,0,39 55:45.857,,0,75 13:06.277,0,0,0,0,67301,0,0,0,,0,0,0,1,67301,0,,6,1,,,,,0,,0,0,0,0.0,0,,1926,0,3,0,0,0,0,0,3,4,1,3,3,,N,,,,,,,,,,,
2008059017,2048,1,0,0,0,0,0,0,0,0,8,0,,67,3,2008,2,39.9462,-75.2388,2021.0,6,0,0,0,0,0,1,0,0,,0,0,0,20,3,1,0,,0,39 56:46.203,,0,75 14:19.604,8,0,0,0,67301,1,0,0,N,1,0,0,2,67301,0,,1,1,,N,N,,0,,0,0,0,0.0,0,,2021,1,2,0,0,0,1,0,3,4,0,1,3,,N,,,,,,,,,,,
2008059087,1540,1,0,0,0,0,0,0,0,0,5,0,,67,3,2008,2,40.0262,-75.1214,1540.0,6,0,0,0,0,0,0,1,0,,0,0,0,15,1,1,0,,0,40 01:34.169,,0,75 07:18.071,8,0,0,0,67301,0,0,0,N,0,0,0,5,67301,0,,1,1,,N,N,,0,,0,0,1,3.0,2,,1540,1,2,0,0,0,1,4,3,4,0,2,3,,N,,,,,,,,,,,
2008054063,121,2,0,0,0,0,0,0,0,0,1,0,,67,1,2008,7,40.0011,-75.153,120.0,6,0,0,0,0,0,0,0,0,,0,0,0,1,3,5,0,,0,40 00:03.870,,0,75 09:10.941,4,0,0,0,67301,0,0,0,N,0,0,0,6,67301,5,,1,1,,N,N,,0,,0,0,0,0.0,0,,120,5,2,0,0,4,0,0,3,4,0,2,3,,N,,,,,,,,,,,
2008054203,952,1,0,0,0,0,0,0,0,0,4,0,,67,2,2008,3,40.0507,-75.1733,948.0,6,0,0,0,0,0,0,0,0,,0,0,0,9,1,1,1,,0,40 03:02.401,,0,75 10:23.780,4,0,0,0,67301,0,0,0,N,0,0,0,3,67301,1,,1,9,,N,N,,0,,0,0,0,3.0,2,,945,1,2,0,0,2,0,0,3,4,1,2,7,,N,,,,,,,,,,,
2008054207,1025,3,0,0,0,0,0,0,0,0,6,0,,67,3,2008,6,39.9709,-75.1549,1020.0,6,0,0,0,0,0,0,0,1,,0,0,0,10,1,1,0,,0,39 58:15.157,,0,75 09:17.488,4,0,0,0,67301,0,0,0,N,0,0,0,1,67301,1,,4,1,,N,N,,0,,0,0,0,0.0,0,,1000,1,3,0,0,0,0,0,3,4,0,3,3,,N,,,,,,,,,,,
2008051605,910,2,0,0,0,0,0,1,0,0,4,1,,67,2,2008,2,39.9959,-75.0921,901.0,6,0,0,0,0,0,0,1,0,2.0,0,0,0,8,1,3,1,,9,39 59:45.293,1.0,0,75 05:31.432,4,0,0,0,67301,0,0,0,N,0,0,0,4,67301,1,,1,9,,Y,N,,0,,0,0,0,3.0,2,Y,857,3,3,0,0,0,2,0,3,4,0,3,7,,N,,,,,,,,,,,
2008052080,1610,1,0,0,0,0,0,0,0,0,7,0,,67,3,2008,7,39.9315,-75.1995,1604.0,6,0,0,0,0,0,0,0,0,1.0,0,0,0,16,1,2,0,,2,39 55:55.039,3.0,0,75 11:59.404,8,0,0,0,67301,0,0,0,N,0,0,0,3,68K01,0,,3,1,,N,N,,0,,0,0,1,0.0,0,N,1602,2,3,0,0,0,2,0,3,4,0,2,3,,N,,,,,,,,,,,
2008046786,415,1,0,0,0,0,0,0,0,0,4,1,,67,4,2008,6,40.0089,-75.0683,405.0,6,0,0,0,0,0,1,0,0,2.0,0,1,0,4,3,1,0,,1,40 00:30.853,1.0,0,75 04:10.902,4,0,0,0,67301,0,0,0,N,0,0,0,2,68K01,1,,1,9,,N,N,,0,,0,0,0,0.0,0,N,402,1,2,0,0,0,0,0,3,4,0,2,7,,N,,,,,,,,,,,
2008028835,1224,2,0,0,0,0,0,0,0,0,1,0,,67,2,2008,1,39.9358,-75.1997,1216.0,6,0,0,0,0,0,1,0,0,1.0,0,0,0,12,1,0,0,,1,39 56:16.000,4.0,0,75 11:53.495,0,0,0,0,67301,0,0,0,N,0,0,0,2,68K01,0,,1,1,,N,N,,0,,0,0,0,0.0,0,N,1213,0,2,0,0,0,0,0,3,4,0,2,3,,N,,,,,,,,,,,
2008050251,1345,2,0,0,0,0,0,0,0,0,1,0,,67,2,2008,5,39.988,-75.1059,1336.0,6,0,0,0,0,1,0,0,0,,0,0,0,13,1,1,1,,0,39 59:16.782,,0,75 06:21.369,4,0,0,0,67301,0,0,0,N,0,0,0,3,67301,1,,1,1,,N,N,,0,,0,0,0,3.0,2,,1315,1,2,0,0,0,0,1,3,4,0,2,3,,N,,,,,,,,,,,
2008047915,1735,2,0,0,0,0,0,0,0,0,4,0,,67,1,2008,2,39.9567,-75.2175,1730.0,6,0,0,0,0,0,0,0,1,,0,0,0,17,1,2,1,,0,39 57:24.296,,0,75 13:02.938,4,0,0,0,67301,0,0,0,N,0,0,0,3,67301,2,,1,1,,N,N,,0,,0,0,0,3.0,3,,1735,2,2,0,0,0,0,0,3,4,0,2,3,,N,,,,,,,,,,,
2008045591,1830,0,0,0,0,0,0,0,0,0,8,0,,67,1,2008,2,39.9454,-75.1439,1807.0,6,0,0,0,0,0,0,0,0,,0,0,0,18,3,1,2,,0,39 56:43.288,,0,75 08:37.867,8,0,0,0,67301,1,0,0,N,1,0,0,2,67301,0,,1,9,,N,N,,0,,0,0,1,3.0,3,,1805,1,2,0,0,0,1,0,3,4,0,1,7,,N,,,,,,,,,,,
2008023981,820,2,0,0,0,0,0,0,0,0,4,0,,67,1,2008,3,40.0076,-75.1274,800.0,6,0,0,0,0,0,0,0,0,,0,0,0,8,1,1,0,,0,40 00:27.000,,0,75 07:38.589,4,0,0,0,67301,0,0,0,,0,0,0,2,67301,1,,1,9,,,,,0,,0,0,0,0.0,0,,800,1,2,0,0,0,0,0,3,4,0,2,98,,N,,,,,,,,,,,
2008040478,845,1,0,0,0,0,0,0,0,0,1,1,,67,1,2008,5,39.9945,-75.1985,834.0,6,0,0,0,0,0,1,0,0,1.0,0,1,0,8,1,1,0,,1,39 59:45.000,4.0,0,75 11:49.649,4,0,0,0,67301,0,0,0,N,0,0,0,2,68K01,1,,1,1,,N,N,,0,,0,0,0,0.0,0,N,834,1,2,0,0,0,0,0,3,4,0,2,3,,N,,,,,,,,,,,
2008040759,1923,1,0,0,1,0,0,0,0,0,4,0,,67,2,2008,6,39.9915,-75.1224,1921.0,6,0,0,0,0,0,0,0,0,,0,0,0,19,3,1,0,,0,39 59:29.258,,1,75 07:20.688,4,0,0,0,67301,1,0,0,N,0,0,0,2,67301,1,,1,1,,N,N,,0,,0,0,0,0.0,0,,1918,1,2,0,0,0,0,1,3,4,0,1,3,,N,,,,,,,,,,,
2008050559,2230,3,0,0,0,0,0,0,0,0,6,0,,67,3,2008,1,40.0284,-75.1646,2230.0,6,0,0,0,0,0,0,0,0,,0,0,0,22,3,1,2,,0,40 01:42.297,,0,75 09:52.595,4,0,0,0,67301,0,0,0,N,0,0,0,1,67301,1,,2,1,,N,N,,0,,0,0,0,3.0,2,,2230,1,3,0,0,1,0,0,3,4,0,3,3,,N,,,,,,,,,,,
2008050574,1626,0,0,0,0,0,0,0,0,0,4,0,,67,2,2008,2,40.0428,-75.1135,1626.0,6,0,0,0,0,0,0,0,0,,0,0,0,16,1,1,1,,0,40 02:33.720,,0,75 06:48.960,8,0,0,0,67301,0,0,0,N,0,0,0,3,67301,0,,1,1,,N,N,,2,,0,0,0,3.0,2,,1620,1,2,0,0,0,1,0,3,4,0,2,3,,N,,,,,,,,,,,
2008050789,1748,1,0,0,0,0,0,0,0,0,5,0,,67,3,2008,5,39.9385,-75.18,1748.0,6,0,0,0,0,0,0,0,0,,0,0,0,17,1,3,2,,0,39 56:18.567,,0,75 10:48.125,4,0,0,0,67301,0,0,0,,0,0,0,5,67301,3,,1,1,,,,,0,,0,0,0,3.0,3,,1740,3,2,0,0,0,0,0,3,4,1,2,3,,N,,,,,,,,,,,
2008050794,1010,2,0,0,0,0,0,0,0,0,2,0,,67,2,2008,6,40.0606,-75.0824,1005.0,6,0,0,0,0,0,0,0,0,,0,0,0,9,1,1,0,,0,40 03:38.137,,0,75 04:56.766,8,0,0,0,67301,0,0,0,,0,0,0,2,67301,0,,1,9,,N,N,,0,,0,0,0,0.0,0,,950,1,2,0,0,0,1,0,3,4,0,2,10,,N,,,,,,,,,,,
2008044014,622,2,0,0,0,0,0,0,0,0,6,0,,67,1,2008,4,40.0566,-75.0132,618.0,6,0,0,0,0,0,1,0,0,,0,0,0,6,5,1,5,,0,40 03:23.000,,0,75 00:46.083,8,0,0,0,67301,0,0,0,N,0,0,0,3,67301,0,,1,9,,N,N,,1,,0,0,0,2.0,2,,615,1,3,0,0,0,1,1,3,4,0,3,3,,N,,,,,,,,,,,
2008044053,428,2,0,0,0,0,0,0,0,0,5,0,,67,1,2008,4,40.0886,-75.054,421.0,6,0,0,0,0,0,0,0,0,,0,0,0,4,3,1,0,,0,40 05:19.111,,0,75 03:14.547,4,0,0,0,67301,0,0,0,,0,0,0,1,67301,1,,1,9,,N,,,0,,0,0,1,0.0,0,,415,1,3,0,0,1,0,0,3,4,0,3,7,,N,,,,,,,,,,,
2008041248,105,2,0,0,0,0,0,0,0,0,4,0,,67,1,2008,1,39.9183,-75.2089,101.0,6,0,0,0,0,0,2,0,0,,0,0,0,0,3,4,3,,0,39 55:05.880,,0,75 12:32.050,3,0,0,0,67301,0,0,0,N,0,0,0,4,67301,1,,1,1,,,N,,0,,3,0,0,0.0,0,,52,4,3,0,0,1,0,0,3,4,1,3,3,,N,,,,,,,,,,,
2008041298,1500,3,0,0,0,0,0,0,0,0,1,0,,67,1,2008,1,40.0164,-75.133,1455.0,6,0,0,0,0,0,0,0,0,,0,0,0,14,1,2,2,,0,40 00:58.971,,0,75 07:58.706,2,0,0,0,67301,0,0,0,N,0,0,0,3,67301,1,,1,1,,N,N,,0,,0,1,0,0.0,0,,1445,2,3,0,1,2,0,0,3,4,0,3,3,,N,,,,,,,,,,,
2008034044,942,2,0,0,0,0,0,0,0,0,1,0,,67,2,2008,4,40.0017,-75.1946,936.0,6,0,0,0,0,0,1,0,0,2.0,0,0,0,9,1,2,0,,1,40 00:07.624,3.0,0,75 11:40.217,4,0,0,0,67301,0,0,0,N,0,0,0,4,68K01,2,,1,1,,N,N,,0,,0,0,1,0.0,0,N,936,2,3,0,0,0,0,0,3,4,0,3,3,,N,,,,,,,,,,,
2008069291,1220,2,0,0,0,0,0,0,0,0,4,0,,67,4,2008,7,39.9463,-75.1971,1216.0,6,0,0,0,0,0,1,0,0,,0,0,0,11,1,1,2,,0,39 56:55.320,,7,75 11:34.080,4,0,0,0,67301,0,0,0,,0,0,0,2,67301,1,,1,1,,N,N,,0,,0,0,0,3.0,2,,1145,1,2,0,0,1,0,0,3,4,0,2,3,,N,,,,,,,,,,,
2008069298,1840,2,0,0,0,0,0,0,0,0,4,0,,67,4,2008,6,39.954,-75.1766,1830.0,6,0,0,0,0,0,0,0,1,,0,0,0,18,1,2,1,,0,39 57:14.554,,0,75 10:36.066,8,0,0,0,67301,0,0,0,N,0,0,0,2,67301,0,,1,1,,N,N,,0,,0,0,0,3.0,2,,1825,2,2,0,0,0,2,0,3,4,0,2,3,,N,,,,,,,,,,,
2008118539,2205,0,0,0,0,0,0,0,0,0,8,0,,67,9,2008,6,39.961,-75.137,2205.0,6,0,0,0,0,0,0,0,0,,0,0,0,22,3,1,2,,0,39 57:39.600,,0,75 08:13.200,4,0,0,0,67301,1,0,0,N,1,0,0,2,67301,1,,1,9,,N,N,,0,,0,0,0,0.0,0,,2205,1,2,0,0,0,0,0,3,4,1,1,7,,N,,,,,,,,,,,
2008118581,1551,1,0,0,0,0,0,0,0,0,4,0,,67,9,2008,4,40.047,-75.177,1550.0,6,0,0,0,0,0,0,0,0,,0,0,0,15,1,1,2,,0,40 02:49.226,,7,75 10:37.218,4,0,0,0,67301,0,0,0,,0,0,0,2,67301,1,,1,1,,,,,0,,0,0,1,3.0,2,,1550,1,2,0,0,0,0,0,3,4,0,2,3,,N,,,,,,,,,,,
2008098104,1215,1,0,0,0,0,0,0,0,0,4,0,,67,7,2008,4,39.904,-75.2401,1215.0,6,0,0,0,0,0,0,0,0,,0,0,0,12,1,1,1,,0,39 54:14.564,,0,75 14:24.410,8,0,0,0,67301,0,0,0,N,0,0,0,2,67301,0,,1,1,,N,N,,0,,0,0,1,3.0,2,,1210,1,2,0,0,1,1,0,3,4,0,2,3,,N,,,,,,,,,,,
2008095604,109,4,0,0,0,0,0,0,0,0,2,0,,67,7,2008,1,39.9478,-75.2314,57.0,6,0,0,0,0,0,0,0,0,3.0,0,0,0,0,3,1,0,,2,39 56:52.013,6.0,0,75 13:53.060,8,0,0,0,67301,0,0,0,,0,0,0,1,67301,0,,4,1,,,,,0,,0,0,0,0.0,0,Y,55,1,4,0,0,0,1,0,3,4,0,4,3,,N,,,,,,,,,,,
2008079679,1643,1,0,0,0,0,0,0,0,0,7,0,,67,5,2008,3,40.0532,-75.1861,1641.0,6,0,0,0,0,0,0,0,0,,0,0,0,14,8,1,1,,0,40 03:11.682,,0,75 11:10.017,8,0,0,0,67301,0,0,0,N,0,0,0,1,67301,0,,2,9,,N,N,,0,,0,0,0,0.0,0,,1441,1,1,0,0,0,1,0,3,4,0,1,7,,N,,,,,,,,,,,
2008072759,1637,1,0,0,0,0,0,0,0,0,4,0,,67,4,2008,4,39.9178,-75.1794,9999.0,6,0,0,0,0,0,0,1,0,,0,0,0,16,1,1,0,,0,39 55:03.979,,7,75 10:45.858,3,0,0,1,67301,0,0,0,N,0,0,0,2,67301,0,,1,1,,N,N,,0,,1,0,0,0.0,0,,1635,1,2,0,0,0,0,1,3,4,0,2,3,,N,,,,,,,,,,,
2008072760,1657,1,0,0,0,0,0,0,0,0,4,0,,67,4,2008,7,39.9265,-75.1861,1655.0,6,0,0,0,0,0,0,2,0,2.0,0,0,0,16,1,2,1,,2,39 55:35.296,3.0,0,75 11:09.463,8,0,0,0,67301,0,0,0,N,0,0,0,3,67301,0,,1,1,,N,N,,0,,0,0,0,3.0,2,N,1655,2,2,0,0,0,2,0,3,4,1,2,3,,N,,,,,,,,,,,
2008089956,1722,1,0,0,0,0,0,0,0,0,7,0,,67,4,2008,3,39.9571,-75.149,1720.0,6,0,0,0,0,0,0,0,0,1.0,0,0,0,17,1,1,2,,2,39 57:25.671,2.0,0,75 08:56.275,8,0,0,0,67301,0,0,0,Y,0,0,0,1,67301,0,,5,1,,N,N,,0,,0,0,0,0.0,0,Y,1720,1,1,0,0,1,1,0,3,4,0,1,3,,N,,,,,,,,,,,
2008076958,853,1,0,1,0,0,0,0,0,0,1,1,,67,6,2008,5,39.9116,-75.1489,847.0,6,0,0,0,0,0,1,0,0,2.0,0,1,0,8,1,1,0,,1,39 54:42.120,2.0,0,75 08:56.040,2,0,0,0,67301,0,0,0,N,0,0,0,3,68K01,0,,1,1,,N,N,,0,,0,1,0,0.0,0,N,845,1,2,0,0,1,0,0,3,4,0,2,3,,N,,,,,,,,,,,
2008082649,900,1,0,0,0,0,0,0,0,0,7,0,,67,5,2008,3,,,851.0,6,0,0,0,0,0,0,0,0,,0,0,0,8,1,1,0,,0,,,0,,4,0,0,0,67301,0,0,0,N,0,0,0,3,67301,1,,2,9,,N,N,,0,,0,0,0,0.0,0,,845,1,1,0,0,0,0,0,3,3,0,1,7,,N,,,,,,,,,,,
2008082574,21,2,0,0,0,0,0,0,0,0,4,0,,67,5,2008,6,39.9561,-75.2278,18.0,6,0,0,0,0,0,0,0,0,,0,0,0,0,3,1,1,,0,39 57:21.819,,0,75 13:39.910,4,0,0,0,67301,0,0,0,N,0,0,0,1,67301,1,,1,1,,N,N,,0,,0,0,0,3.0,3,,13,1,2,0,0,0,0,0,3,4,0,2,3,,N,,,,,,,,,,,
2008079292,1805,2,0,0,0,0,0,0,0,0,4,0,,67,5,2008,3,39.9153,-75.2342,1756.0,6,0,0,0,0,0,0,0,0,,0,0,0,17,1,1,2,,0,39 54:54.921,,0,75 14:03.004,4,0,0,0,67301,0,0,0,N,0,0,0,2,67301,1,,1,9,,N,N,,0,,0,0,0,3.0,3,,1756,1,2,0,0,0,0,0,3,4,0,2,7,,N,,,,,,,,,,,
2008072617,2158,0,0,0,0,0,0,0,0,0,8,0,,67,4,2008,4,39.9028,-75.1747,2155.0,6,0,0,0,0,0,1,0,0,2.0,0,0,0,21,3,1,0,,1,39 54:10.080,2.0,0,75 10:28.920,8,0,0,0,67301,1,0,0,N,1,0,0,2,67301,0,,1,1,,N,N,,0,,0,0,1,3.0,2,N,2155,1,2,0,0,0,1,0,3,4,0,1,3,,N,,,,,,,,,,,
2008072071,1637,1,0,0,0,0,0,0,0,0,8,0,,67,4,2008,4,40.0418,-75.1588,1636.0,6,0,0,0,0,0,0,0,0,,0,0,0,16,1,1,1,,0,40 02:30.343,,0,75 09:31.677,3,0,0,0,67301,1,0,0,N,1,0,0,2,67301,0,,1,1,,N,N,,0,,1,0,0,3.0,2,,1600,1,2,0,0,0,0,0,3,4,0,1,3,,N,,,,,,,,,,,
2008112280,50,1,0,0,0,0,0,0,0,0,7,0,,67,10,2008,2,39.9727,-75.121,48.0,6,0,0,0,1,0,0,0,0,1.0,0,0,0,0,3,1,0,,1,39 58:26.562,1.0,0,75 07:07.862,4,0,0,0,67301,0,0,0,N,0,0,0,1,68K01,1,,2,1,,N,N,,0,,0,0,0,0.0,0,N,43,1,1,0,0,0,0,0,3,4,0,1,3,,N,,,,,,,,,,,
2008120210,940,0,0,0,0,0,0,0,0,0,4,0,,67,10,2008,5,39.9524,-75.1468,938.0,6,0,0,0,0,0,0,0,0,,0,0,0,8,1,1,2,,0,39 57:08.532,,0,75 08:48.479,8,0,0,0,67301,0,0,0,N,0,0,0,2,67301,0,,1,9,,N,N,,0,,0,0,0,9.0,2,,830,1,2,0,0,0,1,0,3,4,1,2,3,,N,,,,,,,,,,,
2008120221,2027,1,0,0,0,0,0,0,0,0,1,0,,67,9,2008,7,39.9926,-75.1682,2025.0,6,0,0,0,0,0,0,0,0,,0,0,0,99,3,2,1,,0,39 59:33.432,,0,75 10:05.681,8,0,0,0,67301,0,0,0,N,0,0,0,3,67301,0,,1,1,,N,N,,0,,0,0,2,3.0,2,,9999,2,3,0,0,0,2,0,3,4,0,3,3,,N,,,,,,,,,,,
2008127376,21,1,0,0,0,0,0,0,0,0,5,1,,67,11,2008,7,40.0369,-75.0144,13.0,6,0,0,0,0,0,0,0,0,1.0,0,1,0,0,3,0,0,,2,40 02:13.663,2.0,0,75 00:49.742,9,0,0,0,67301,0,0,0,N,0,0,0,3,68K01,0,,1,1,,N,N,,0,,0,0,0,0.0,0,N,0,0,2,0,0,2,0,1,3,4,0,2,3,,N,,,,,,,,,,,
2008119659,2325,0,0,0,0,0,0,0,0,0,8,0,,67,9,2008,6,40.041,-75.1637,2321.0,6,0,0,0,0,0,1,0,0,,0,0,0,23,3,1,2,,0,40 02:27.564,,0,75 09:49.334,3,0,0,0,67301,1,0,0,N,1,0,0,2,67301,0,,1,9,,N,N,,0,,1,0,0,3.0,3,,2313,1,2,0,0,1,0,0,3,4,1,1,7,,N,,,,,,,,,,,
2008119684,737,2,0,0,0,0,0,0,0,0,4,0,,67,9,2008,1,40.0414,-75.0283,732.0,6,0,0,0,0,0,0,0,0,,0,0,0,7,1,2,1,,0,40 02:28.908,,0,75 01:41.719,4,0,0,0,67301,0,0,0,,0,0,0,2,67301,2,,1,9,,,,,0,,0,0,0,3.0,2,,730,2,2,0,0,0,0,0,3,4,0,2,7,,N,,,,,,,,,,,
2008119778,211,1,0,0,0,0,0,0,0,0,4,0,,67,7,2008,5,39.947,-75.1647,210.0,6,0,0,0,0,0,0,0,0,2.0,0,0,0,2,3,2,1,,2,39 56:49.088,4.0,0,75 09:52.945,4,0,0,0,67301,0,0,0,N,0,0,0,3,67301,2,,1,1,,N,N,,0,,0,0,1,9.0,2,Y,205,2,2,0,0,0,0,1,3,4,0,2,3,,N,,,,,,,,,,,
2008122700,1845,2,0,0,0,0,0,0,0,0,1,0,,67,10,2008,2,39.9065,-75.1366,1845.0,6,0,0,1,0,0,0,0,0,,0,0,0,18,4,1,0,,0,39 54:23.224,,3,75 08:11.653,3,0,0,0,67301,0,0,0,N,0,0,0,5,67301,0,,1,9,,N,N,,0,,1,0,0,0.0,0,,1845,1,2,0,0,0,0,0,3,4,0,2,7,,N,,,,,,,,,,,
2008127622,1818,1,0,0,0,0,0,0,0,0,4,0,,67,11,2008,4,39.9856,-75.2586,1816.0,6,0,0,0,0,0,0,0,1,,0,0,0,18,3,3,1,,0,39 59:08.047,,0,75 15:30.774,3,0,0,0,67301,0,0,0,N,0,0,0,3,46104,1,,1,1,,N,N,,0,,2,0,1,3.0,2,,1816,3,2,0,0,2,0,0,3,4,0,2,3,,N,,,,,,,,,,,
2008122795,1410,1,0,0,0,0,0,1,0,0,4,1,,67,9,2008,4,39.9119,-75.1728,1405.0,6,0,0,0,0,0,0,1,0,,0,0,0,13,1,1,1,,0,39 54:42.725,,0,75 10:21.917,8,0,0,0,67301,0,0,0,N,0,0,0,2,67301,0,,1,1,,N,N,,0,,0,0,0,3.0,2,,1357,1,2,0,0,0,1,0,3,4,0,2,3,,N,,,,,,,,,,,
2008122807,215,0,0,0,0,0,0,0,0,0,7,0,,67,9,2008,7,40.0294,-75.189,210.0,6,0,0,0,0,0,0,0,0,1.0,0,0,0,2,3,0,2,,2,40 01:45.922,5.0,0,75 11:20.353,0,0,0,0,67301,0,0,0,N,0,0,0,1,67301,0,,4,9,,N,N,,0,,0,0,1,0.0,0,Y,210,0,1,0,0,0,0,0,3,4,0,1,7,,N,,,,,,,,,,,
2008035901,1946,1,0,0,0,0,0,0,0,0,7,0,,67,2,2008,6,39.9544,-75.1811,1930.0,6,0,0,0,0,0,0,0,0,1.0,0,0,0,19,3,0,0,,1,39 57:21.000,4.0,0,75 10:49.837,0,0,0,0,67301,0,0,0,N,0,0,0,2,68K01,0,,2,1,,N,N,,0,,0,0,0,0.0,0,N,1929,0,1,0,0,0,0,0,3,4,0,1,3,,N,,,,,,,,,,,
2008060869,1101,1,0,0,0,0,0,0,0,0,7,0,,67,3,2008,2,,,1100.0,6,0,0,0,0,0,0,0,0,1.0,0,0,0,11,1,1,0,,1,,3.0,2,,3,0,0,0,67301,0,0,0,N,0,0,0,2,67501,0,,2,9,,N,N,,0,,1,0,0,0.0,0,Y,1100,1,1,0,0,0,0,0,3,3,0,1,7,,N,,,,,,,,,,,
2008061301,1602,1,0,0,0,0,0,0,0,0,1,0,,67,3,2008,3,39.9537,-75.1387,1600.0,6,0,0,0,0,0,0,0,0,,0,0,0,15,1,1,0,,0,39 57:13.323,,0,75 08:19.403,8,0,0,0,67301,0,0,0,N,0,0,0,2,67501,0,,1,1,,N,N,,0,,0,0,0,3.0,8,,1559,1,2,0,0,0,1,0,3,4,1,2,3,,N,,,,,,,,,,,
2008061191,2220,1,0,0,0,0,0,0,0,0,2,0,,67,3,2008,5,40.0324,-75.051,2217.0,6,0,0,0,0,0,0,0,0,2.0,0,0,0,22,3,2,1,,2,40 01:54.120,2.0,0,75 03:11.880,4,0,0,0,67301,0,0,0,N,0,0,0,3,67301,1,,1,1,,N,N,,1,,0,0,0,0.0,0,Y,2217,2,2,0,0,0,1,0,3,4,0,2,3,,N,,,,,,,,,,,