CRN,ARRIVAL_TM,AUTOMOBILE_COUNT,BELTED_DEATH_COUNT,BELTED_SUSP_SERIOUS_INJ_COUNT,BICYCLE_COUNT,BICYCLE_DEATH_COUNT,BICYCLE_SUSP_SERIOUS_INJ_COUNT,BUS_COUNT,CHLDPAS_DEATH_COUNT,CHLDPAS_SUSP_SERIOUS_INJ_COUNT,COLLISION_TYPE,COMM_VEH_COUNT,CONS_ZONE_SPD_LIM,COUNTY,CRASH_MONTH,CRASH_YEAR,DAY_OF_WEEK,DEC_LAT,DEC_LONG,DISPATCH_TM,DISTRICT,DRIVER_COUNT_16YR,DRIVER_COUNT_17YR,DRIVER_COUNT_18YR,DRIVER_COUNT_19YR,DRIVER_COUNT_20YR,DRIVER_COUNT_50_64YR,DRIVER_COUNT_65_74YR,DRIVER_COUNT_75PLUS,EST_HRS_CLOSED,FATAL_COUNT,HEAVY_TRUCK_COUNT,HORSE_BUGGY_COUNT,HOUR_OF_DAY,ILLUMINATION,INJURY_COUNT,INTERSECT_TYPE,INTERSECTION_RELATED,LANE_CLOSED,LATITUDE,LN_CLOSE_DIR,LOCATION_TYPE,LONGITUDE,MAX_SEVERITY_LEVEL,MCYCLE_DEATH_COUNT,MCYCLE_SUSP_SERIOUS_INJ_COUNT,MOTORCYCLE_COUNT,MUNICIPALITY,NONMOTR_COUNT,NONMOTR_DEATH_COUNT,NONMOTR_SUSP_SERIOUS_INJ_COUNT,NTFY_HIWY_MAINT,PED_COUNT,PED_DEATH_COUNT,PED_SUSP_SERIOUS_INJ_COUNT,PERSON_COUNT,POLICE_AGCY,POSSIBLE_INJ_COUNT,RDWY_SURF_TYPE_CD,RELATION_TO_ROAD,ROAD_CONDITION,ROADWAY_CLEARED,SCH_BUS_IND,SCH_ZONE_IND,SECONDARY_CRASH,SMALL_TRUCK_COUNT,SPEC_JURIS_CD,SUSP_MINOR_INJ_COUNT,SUSP_SERIOUS_INJ_COUNT,SUV_COUNT,TCD_FUNC_CD,TCD_TYPE,TFC_DETOUR_IND,TIME_OF_DAY,TOT_INJ_COUNT,TOTAL_UNITS,UNB_DEATH_COUNT,UNB_SUSP_SERIOUS_INJ_COUNT,UNBELTED_OCC_COUNT,UNK_INJ_DEG_COUNT,UNK_INJ_PER_COUNT,URBAN_AREA,URBAN_RURAL,VAN_COUNT,VEHICLE_COUNT,WEATHER1,WEATHER2,WORK_ZONE_IND,WORK_ZONE_LOC,WORK_ZONE_TYPE,WORKERS_PRES,WZ_CLOSE_DETOUR,WZ_FLAGGER,WZ_LAW_OFFCR_IND,WZ_LN_CLOSURE,WZ_MOVING,WZ_OTHER,WZ_SHLDER_MDN,WZ_WORKERS_INJ_KILLED
2008058990,2240,2,0,0,0,0,0,0,0,0,1,0,,67,3,2008,7,40.0068,-75.1927,2227.0,6,0,0,0,1,0,0,0,0,2.0,0,0,0,22,2,0,0,,1,40 00:26.160,1.0,0,75 11:31.770,0,0,0,0,67301,0,0,0,,0,0,0,2,67301,0,,2,1,,N,N,,0,,0,0,0,0.0,0,N,2227,0,2,0,0,0,0,0,3,4,0,2,3,,N,,,,,,,,,,,
2008053765,952,2,0,0,0,0,0,0,0,0,1,0,,67,3,2008,7,39.8921,-75.2423,951.0,6,0,0,0,0,0,0,0,0,,0,0,0,9,1,0,0,,0,39 53:31.036,,0,75 14:31.493,0,0,0,0,67301,0,0,0,N,0,0,0,5,67301,0,,1,9,,N,N,,0,,0,0,0,3.0,2,,950,0,2,0,0,0,0,0,3,4,0,2,7,,N,,,,,,,,,,,
2008053782,1952,1,0,0,0,0,0,0,0,0,7,0,,67,3,2008,7,39.9842,-75.2457,1951.0,6,0,0,0,0,0,1,0,0,3.0,0,0,0,19,3,2,2,,1,39 59:03.285,3.0,0,75 14:44.497,2,0,0,0,67301,0,0,0,N,0,0,0,3,67301,0,,5,1,,N,N,,0,,0,1,0,0.0,0,N,1945,2,1,0,1,1,1,0,3,4,0,1,3,,N,,,,,,,,,,,
2008059205,1658,1,0,0,0,0,0,1,0,0,5,1,,67,3,2008,5,39.9995,-75.1667,1655.0,6,0,0,0,0,0,0,0,0,,0,0,0,16,1,1,0,,0,39 59:58.297,,0,75 10:00.076,4,0,0,0,67301,0,0,0,,0,0,0,3,67301,1,,1,1,,N,N,,0,,0,0,0,3.0,2,,1655,1,2,0,0,0,0,0,3,4,0,2,3,,N,,,,,,,,,,,
2008053881,1644,0,0,0,0,0,0,0,0,0,8,0,,67,2,2008,7,39.9772,-75.229,1638.0,6,0,0,0,0,0,1,0,0,,0,0,0,16,1,1,2,,0,39 58:37.772,,0,75 13:44.543,2,0,0,0,67301,1,0,1,N,1,0,1,2,67301,0,,1,1,,N,N,,0,,0,1,0,0.0,0,,1638,1,2,0,0,0,0,0,3,4,1,1,98,,N,,,,,,,,,,,
2008053888,1850,2,0,0,0,0,0,0,0,0,1,0,,67,3,2008,6,40.0954,-74.9597,1848.0,6,0,0,0,0,0,0,1,0,,0,0,0,18,3,0,0,,0,40 05:43.588,,7,74 57:34.643,0,0,0,0,67301,0,0,0,N,0,0,0,2,67301,0,,1,9,,N,N,,0,,0,0,0,3.0,2,,1845,0,2,0,0,0,0,0,3,4,0,2,3,,N,,,,,,,,,,,
2008051413,1910,1,0,0,1,0,0,0,0,0,4,0,,67,3,2008,3,39.9581,-75.2094,1859.0,6,0,0,0,0,0,0,0,0,,0,0,0,99,3,1,1,,0,39 57:29.191,,0,75 12:33.788,4,0,0,0,67301,1,0,0,N,0,0,0,2,67301,1,,1,1,,N,N,,0,,0,0,0,3.0,2,,9999,1,2,0,0,0,0,0,3,4,0,1,3,,N,,,,,,,,,,,
2008056723,332,0,0,0,0,0,0,0,0,0,7,0,,67,4,2008,1,39.9758,-75.1159,328.0,6,0,0,0,0,0,0,0,0,,0,0,0,3,3,0,6,,0,39 58:14.420,,2,75 07:29.840,0,0,0,0,67301,0,0,0,N,0,0,0,1,68K01,0,,4,1,,N,N,,0,,0,0,1,0.0,0,,322,0,1,0,0,0,0,0,3,4,0,1,3,,N,,,,,,,,,,,
2008056736,1149,1,0,0,0,0,0,0,0,0,1,0,,67,4,2008,7,39.972,-75.1934,1149.0,6,0,0,0,0,0,0,0,0,,0,0,0,11,1,0,0,,0,39 58:23.781,,0,75 11:37.580,0,0,0,0,67301,0,0,0,N,0,0,0,2,68K01,0,,1,1,,N,N,,0,,0,0,1,0.0,0,,1148,0,2,0,0,0,0,0,3,4,0,2,3,,N,,,,,,,,,,,
2008051602,645,1,0,0,0,0,0,0,0,0,6,0,,67,3,2008,1,40.0313,-75.0849,635.0,6,0,0,0,0,2,0,0,0,1.0,0,0,0,6,1,2,5,,1,40 01:53.078,1.0,0,75 05:05.038,3,0,0,0,67301,0,0,0,N,0,0,0,5,67301,0,,1,9,,N,N,,0,,1,0,1,3.0,2,N,630,2,3,0,0,0,1,0,3,4,1,3,3,,N,,,,,,,,,,,
2008051621,730,1,0,0,0,0,0,0,0,0,6,0,,67,2,2008,5,39.957,-75.2255,9999.0,6,0,0,0,0,0,0,0,0,,0,1,0,7,1,1,1,,0,39 57:25.068,,0,75 13:31.807,8,0,0,0,67301,0,0,0,N,0,0,0,2,67301,0,,1,1,,N,N,,0,,0,0,0,3.0,2,,725,1,2,0,0,0,1,0,3,4,0,2,3,,N,,,,,,,,,,,
2008054083,1131,1,0,0,0,0,0,0,0,0,2,0,,67,1,2008,2,39.9218,-75.1498,1131.0,6,0,0,0,0,0,1,0,0,,0,0,0,11,1,0,1,,0,39 55:18.514,,0,75 08:59.227,9,0,0,0,67301,0,0,0,N,0,0,0,4,67301,0,,1,1,,N,N,,0,,0,0,0,3.0,2,,1125,0,2,0,0,0,0,1,3,4,1,2,3,,N,,,,,,,,,,,
2008050224,834,1,0,0,0,0,0,0,0,0,4,0,,67,2,2008,5,39.9567,-75.1977,830.0,6,0,0,0,0,0,0,0,0,,0,0,0,8,1,1,0,,0,39 57:24.029,,0,75 11:51.865,4,0,0,0,67301,0,0,0,,0,0,0,3,67301,1,,1,1,,,,,0,,0,0,1,0.0,0,,827,1,2,0,0,0,0,0,3,4,0,2,3,,N,,,,,,,,,,,
2008050244,2025,3,0,0,0,0,0,0,0,0,1,0,,67,2,2008,5,40.1097,-74.9869,2020.0,6,0,0,0,0,0,0,0,0,,0,0,0,20,3,1,1,,0,40 06:34.750,,0,74 59:12.717,4,0,0,0,67301,0,0,0,N,0,0,0,3,67301,1,,1,1,,N,N,,0,,0,0,0,3.0,2,,2015,1,3,0,0,0,0,0,3,4,0,3,3,,N,,,,,,,,,,,
2008047914,816,1,0,0,0,0,0,0,0,0,5,0,,67,1,2008,4,39.9629,-75.1913,814.0,6,0,0,0,0,0,1,0,0,,0,0,0,8,1,1,1,,0,39 57:46.554,,0,75 11:28.840,8,0,0,0,67301,0,0,0,N,0,0,0,3,67301,0,,1,1,,N,N,,0,,0,0,0,3.0,2,,800,1,2,0,0,0,1,0,3,4,1,2,3,,N,,,,,,,,,,,
2008047921,2245,1,0,0,0,0,0,0,0,0,1,0,,67,1,2008,1,39.9561,-75.2278,2235.0,6,0,0,1,0,0,0,0,0,,0,0,0,22,3,2,1,,0,39 57:21.819,,0,75 13:39.910,3,0,0,0,67301,0,0,0,N,0,0,0,3,67301,1,,7,1,,N,N,,0,,1,0,1,3.0,3,,2230,2,2,0,0,0,0,0,3,4,0,2,3,,N,,,,,,,,,,,
2008059099,1545,1,0,0,0,0,0,0,0,0,4,0,,67,3,2008,6,40.0334,-75.1458,1540.0,6,0,0,0,0,0,0,0,0,2.0,0,0,0,99,1,3,0,,2,40 02:00.254,5.0,0,75 08:45.090,4,0,0,0,67301,0,0,0,N,0,0,0,3,67301,3,,1,1,,N,N,,1,,0,0,0,0.0,0,Y,9999,3,2,0,0,0,0,0,3,4,0,2,3,,N,,,,,,,,,,,
2008056273,450,1,0,0,0,0,0,0,0,0,5,1,,67,4,2008,2,39.9941,-75.1989,444.0,6,0,0,0,0,0,1,0,0,,0,1,0,4,3,1,0,,0,39 59:41.967,,0,75 11:52.598,4,0,0,0,67301,0,0,0,N,0,0,0,2,68K01,1,,1,1,,N,N,,0,,0,0,0,0.0,0,,439,1,2,0,0,0,0,0,3,4,0,2,3,,N,,,,,,,,,,,
2008053773,210,2,0,0,0,0,0,0,0,0,4,0,,67,1,2008,2,39.9571,-75.1511,205.0,6,0,0,0,0,0,0,0,0,,0,0,0,2,3,0,5,,0,39 57:25.688,,2,75 09:03.847,0,0,0,0,67301,0,0,0,N,0,0,0,2,67301,0,,1,1,,N,N,,0,,0,0,0,3.0,2,,200,0,2,0,0,0,0,0,3,4,0,2,3,,N,,,,,,,,,,,
2008051403,1745,0,0,0,0,0,0,1,0,0,8,1,,67,3,2008,7,39.9592,-75.225,1735.0,6,0,0,0,0,0,0,0,0,,0,0,0,17,1,1,1,,0,39 57:33.111,,0,75 13:30.107,4,0,0,0,67301,1,0,0,N,1,0,0,2,67301,1,,1,1,,N,N,,0,,0,0,0,0.0,0,,1734,1,2,0,0,0,0,0,3,4,0,1,3,,N,,,,,,,,,,,
2008051405,1720,2,0,0,0,0,0,0,0,0,4,0,,67,3,2008,4,39.9557,-75.2156,1720.0,6,0,0,0,0,0,1,0,1,2.0,0,0,0,17,1,1,1,,1,39 57:20.650,4.0,0,75 12:56.102,4,0,0,0,67301,0,0,0,N,0,0,0,3,67301,1,,1,1,,N,N,,0,,0,0,0,3.0,2,N,1720,1,2,0,0,0,0,0,3,4,0,2,3,,N,,,,,,,,,,,
2008051426,2019,2,0,0,0,0,0,0,0,0,1,0,,67,1,2008,2,40.0791,-75.0426,2019.0,6,0,1,0,0,0,0,0,0,3.0,0,0,0,20,3,2,0,,2,40 04:44.659,5.0,0,75 02:33.465,8,0,0,0,67301,0,0,0,N,0,0,0,3,67301,0,,1,1,,N,N,,0,,0,0,0,0.0,0,Y,2019,2,2,0,0,0,2,0,3,4,0,2,3,,N,,,,,,,,,,,
2008051626,605,0,0,0,0,0,0,0,0,0,7,0,,67,2,2008,2,40.0062,-75.0917,600.0,6,0,0,0,0,0,0,0,0,,0,0,0,5,5,1,0,,0,40 00:22.254,,0,75 05:30.160,3,0,0,0,67301,0,0,0,N,0,0,0,1,67301,0,,4,9,,N,N,,0,,1,0,1,0.0,0,,558,1,1,0,0,0,0,0,3,4,0,1,7,,N,,,,,,,,,,,
2008051776,1432,2,0,0,0,0,0,0,0,0,4,0,,67,3,2008,7,39.9976,-75.1295,1430.0,6,0,0,0,1,0,0,0,0,,0,0,0,14,1,2,1,,0,39 59:51.432,,0,75 07:46.127,3,0,0,0,67301,0,0,0,,0,0,0,3,67301,1,,1,1,,N,N,,0,,1,0,0,0.0,0,,1410,2,2,0,0,0,0,0,3,4,0,2,3,,N,,,,,,,,,,,
2008051740,620,1,0,0,0,0,0,0,0,0,4,0,,67,3,2008,6,39.8897,-75.2338,616.0,6,0,0,0,0,0,0,1,0,,0,0,0,6,3,1,1,,0,39 53:23.199,,0,75 14:01.810,4,0,0,0,67301,0,0,0,N,0,0,0,2,67301,1,,1,1,,N,N,,1,,0,0,0,3.0,2,,616,1,2,0,0,0,0,1,3,4,0,2,3,,N,,,,,,,,,,,
2008112137,1003,2,0,0,0,0,0,0,0,0,5,0,,67,10,2008,2,39.9598,-75.1783,957.0,6,0,0,0,0,0,0,0,0,,0,0,0,9,1,0,0,,0,39 57:35.280,,0,75 10:41.880,9,0,0,0,67301,0,0,0,N,0,0,0,2,68K01,0,,1,1,,N,N,,0,,0,0,0,0.0,0,,950,0,2,0,0,0,0,1,3,4,0,2,3,,N,,,,,,,,,,,
2008029050,47,2,0,0,0,0,0,0,0,0,5,0,,67,1,2008,1,39.9588,-75.1909,47.0,6,0,0,0,1,0,0,0,0,,0,0,0,0,3,2,1,,0,39 57:31.532,,0,75 11:27.131,4,0,0,0,67301,0,0,0,N,0,0,0,6,67301,2,,1,1,,N,N,,0,,0,0,0,0.0,0,,45,2,2,0,0,0,0,0,3,4,0,2,3,,N,,,,,,,,,,,
2008052734,1928,2,0,0,0,0,0,0,0,0,1,0,,67,3,2008,6,39.9741,-75.119,1916.0,6,0,0,0,1,1,0,0,0,,0,0,0,19,4,0,0,,0,39 58:29.213,,0,75 07:03.956,0,0,0,0,67301,0,0,0,N,0,0,0,2,68K01,0,,1,1,,N,N,,0,,0,0,0,0.0,0,,1914,0,2,0,0,0,0,0,3,4,0,2,3,,N,,,,,,,,,,,
2008050122,836,1,0,0,0,0,0,0,0,0,5,0,,67,4,2008,5,39.8899,-75.2202,812.0,6,0,0,0,0,0,0,1,0,,0,0,0,6,1,0,0,,0,39 53:22.331,,0,75 13:10.469,0,0,0,0,67301,0,0,0,N,0,0,0,2,68K01,0,,1,1,,N,N,,0,,0,0,1,0.0,0,,618,0,2,0,0,0,0,0,3,4,0,2,3,,N,,,,,,,,,,,
2008053645,1943,2,0,0,0,0,0,0,0,0,4,0,,67,4,2008,6,39.9568,-75.1536,1927.0,6,0,0,0,0,0,0,0,0,2.0,0,0,0,19,3,1,3,,1,39 57:24.480,3.0,2,75 09:12.960,3,0,0,0,67301,0,0,0,Y,0,0,0,2,68K01,0,,1,1,,N,N,,0,,1,0,0,0.0,0,N,1926,1,2,0,0,0,0,0,3,4,0,2,3,,N,,,,,,,,,,,
2008050555,256,1,0,0,0,0,0,0,0,0,7,0,,67,2,2008,1,40.0155,-75.1769,256.0,6,0,0,0,0,0,0,0,0,1.0,0,0,0,2,3,1,3,,1,40 00:55.696,1.0,2,75 10:36.780,3,0,0,0,67301,0,0,0,N,0,0,0,1,67301,0,,4,1,,N,N,,0,,1,0,0,0.0,0,N,256,1,1,0,0,0,0,0,3,4,0,1,3,,N,,,,,,,,,,,
2008050580,1810,2,0,0,0,0,0,0,0,0,4,0,,67,3,2008,6,40.0341,-75.1765,1806.0,6,0,0,0,0,0,2,0,0,,0,0,0,18,5,1,1,,0,40 02:02.652,,0,75 10:35.500,4,0,0,0,67301,0,0,0,N,0,0,0,2,67301,1,,1,9,,N,N,,0,,0,0,0,3.0,2,,1800,1,2,0,0,0,0,0,3,4,0,2,7,,N,,,,,,,,,,,
2008053192,810,0,0,0,0,0,0,0,0,0,4,0,,67,2,2008,4,40.0046,-75.1374,805.0,6,0,0,0,0,0,0,0,0,1.0,0,0,0,8,1,0,1,,1,40 00:16.686,4.0,0,75 08:14.798,0,0,0,0,67301,0,0,0,N,0,0,0,2,67301,0,,1,9,,N,N,,0,,0,0,1,3.0,3,Y,800,0,2,0,0,0,0,0,3,4,1,2,3,,N,,,,,,,,,,,
2008050805,1537,2,0,0,0,0,0,0,0,0,4,0,,67,2,2008,3,40.0093,-75.0818,1535.0,6,0,0,1,0,0,0,0,0,,0,0,0,15,1,1,1,,0,40 00:33.126,,0,75 04:55.639,8,0,0,0,67301,0,0,0,,0,0,0,2,67301,0,,1,9,,N,N,,0,,0,0,0,0.0,0,,1525,1,2,0,0,0,1,1,3,4,0,2,7,,N,,,,,,,,,,,
2008044030,725,3,0,0,0,0,0,0,0,0,5,0,,67,1,2008,2,40.1236,-75.0155,716.0,6,0,0,0,0,0,1,0,0,1.0,0,0,0,7,5,0,1,,1,40 07:24.000,4.0,0,75 00:55.667,0,0,0,0,67301,0,0,0,,0,0,0,3,67301,0,,1,9,,N,N,,0,,0,0,0,3.0,2,N,706,0,3,0,0,0,0,0,3,4,0,3,7,,N,,,,,,,,,,,
2008041236,28,2,0,0,0,0,0,0,0,0,1,0,,67,2,2008,7,40.0205,-75.1549,20.0,6,0,0,0,1,0,0,0,0,1.0,0,0,0,0,3,1,0,,2,40 01:13.962,1.0,0,75 09:17.306,3,0,0,0,67301,0,0,0,N,0,0,0,2,67301,0,,1,1,,N,N,,0,,1,0,0,0.0,0,N,20,1,2,0,0,0,0,0,3,4,0,2,7,,N,,,,,,,,,,,
2008041254,1659,1,0,0,0,0,0,0,0,0,1,1,,67,2,2008,3,39.9169,-75.216,1656.0,6,0,0,0,0,0,1,0,0,3.0,0,1,0,99,3,3,0,,2,39 55:06.000,3.0,0,75 12:27.552,8,0,0,0,67301,0,0,0,N,0,0,0,5,67301,0,,1,2,,N,N,,0,,0,0,3,0.0,0,Y,9999,3,5,0,0,0,3,2,3,4,0,5,9,,N,,,,,,,,,,,
2008041281,1140,1,0,0,0,0,0,0,0,0,8,0,,67,2,2008,7,39.9312,-75.1833,1137.0,6,0,0,0,0,0,0,0,0,,0,0,0,11,1,1,1,,0,39 55:52.165,,0,75 11:00.034,3,0,0,0,67301,1,0,0,,1,0,0,2,67301,0,,1,1,,,,,0,,1,0,0,3.0,3,,1130,1,2,0,0,0,0,0,3,4,0,1,3,,N,,,,,,,,,,,
2008044140,1747,1,0,0,0,0,0,0,0,0,2,0,,67,1,2008,6,40.028,-75.1725,1745.0,6,0,0,0,0,0,0,1,0,2.0,0,0,0,17,3,5,1,,2,40 01:40.000,5.0,0,75 10:21.087,4,0,0,0,67301,0,0,0,N,0,0,0,5,67301,2,,1,9,,N,N,,0,,0,0,0,3.0,2,Y,1742,5,2,0,0,0,3,0,3,4,1,2,3,,N,,,,,,,,,,,
2008069265,9999,1,0,0,0,0,0,0,0,0,4,0,,67,4,2008,7,39.9808,-75.2214,1140.0,6,0,0,0,0,0,0,0,0,,0,0,0,23,3,0,1,,0,39 58:50.783,,0,75 13:17.107,9,0,0,1,67301,0,0,0,N,0,0,0,2,67301,0,,9,1,,N,N,,0,,0,0,0,0.0,0,,2340,0,2,0,0,0,0,1,3,4,0,2,3,,N,,,,,,,,,,,
2008069269,1522,1,0,0,1,0,0,0,0,0,8,0,,67,4,2008,2,39.9866,-75.1329,1516.0,6,0,0,0,0,0,0,0,0,,0,0,0,15,1,1,0,,0,39 59:11.749,,0,75 07:58.472,4,0,0,0,67301,1,0,0,N,0,0,0,2,67301,1,,1,1,,N,Y,,0,,0,0,0,0.0,0,,1512,1,2,0,0,1,0,0,3,4,0,1,3,,N,,,,,,,,,,,
2008108982,1137,0,0,0,0,0,0,0,0,0,2,0,,67,8,2008,1,40.0317,-75.1425,1134.0,6,0,0,0,0,0,0,0,0,1.0,0,0,0,1,6,3,1,,1,40 01:54.228,6.0,0,75 08:32.996,8,0,0,0,67301,0,0,0,N,0,0,0,3,67301,0,,1,1,,N,N,,0,,0,0,1,0.0,0,Y,131,3,2,0,0,0,3,0,3,4,1,2,3,,N,,,,,,,,,,,
2008118634,228,2,0,0,0,0,0,0,0,0,4,0,,67,9,2008,1,39.9483,-75.1558,226.0,6,0,0,0,0,0,0,0,0,,0,0,0,2,3,0,1,,0,39 56:53.881,,0,75 09:20.963,0,0,0,0,67301,0,0,0,N,0,0,0,3,67301,0,,1,1,,N,N,,0,,0,0,0,3.0,2,,226,0,2,0,0,0,0,0,3,4,0,2,3,,N,,,,,,,,,,,
2008121126,2340,1,0,0,0,0,0,0,0,0,4,0,,67,9,2008,4,39.9704,-75.1465,2320.0,6,0,0,0,0,0,1,0,0,,0,0,0,23,3,0,1,,0,39 58:13.480,,0,75 08:47.465,0,0,0,0,67301,0,0,0,N,0,0,0,3,67301,0,,1,1,,N,N,,0,,0,0,1,3.0,2,,2305,0,2,0,0,0,0,0,3,4,0,2,3,,N,,,,,,,,,,,
2008071499,1826,2,0,0,0,0,0,0,0,0,4,0,,67,5,2008,5,39.9822,-75.2648,1826.0,6,0,0,0,0,0,0,0,1,,0,0,0,99,1,1,2,,0,39 58:55.953,,0,75 15:53.253,4,0,0,0,67301,0,0,0,N,0,0,0,6,46104,1,,1,1,,N,N,,0,,0,0,0,3.0,3,,9999,1,2,0,0,0,0,0,3,4,0,2,3,,N,,,,,,,,,,,
2008069071,2321,1,0,0,0,0,0,0,0,0,7,0,,67,5,2008,7,39.9734,-75.1204,2314.0,6,0,0,1,0,0,0,0,0,,0,0,0,23,3,0,0,,0,39 58:24.923,,0,75 07:12.022,0,0,0,0,67301,0,0,0,N,0,0,0,4,68K01,0,,2,1,,N,N,,0,,0,0,0,0.0,0,,2309,0,1,0,0,0,0,0,3,4,0,1,3,,N,,,,,,,,,,,
2008069081,1734,2,0,0,0,0,0,0,0,0,1,0,,67,6,2008,5,39.8908,-75.1996,1706.0,6,0,0,0,0,0,1,0,0,,0,0,0,17,1,0,0,,0,39 53:53.317,,0,75 10:58.919,0,0,0,0,67301,0,0,0,N,0,0,0,2,68K01,0,,1,1,,N,N,,0,,0,0,0,0.0,0,,1700,0,2,0,0,0,0,0,3,4,0,2,3,,N,,,,,,,,,,,
2008108560,2259,1,0,0,0,0,0,0,0,0,6,0,,67,8,2008,2,40.0635,-75.1698,2241.0,6,0,0,0,0,0,0,0,0,,0,0,0,22,3,1,1,,0,40 03:48.730,,0,75 10:11.360,8,0,0,0,67301,0,0,0,,0,0,0,2,67301,0,,1,1,,N,N,,0,,0,0,1,3.0,2,,2235,1,2,0,0,0,1,0,3,4,0,2,3,,N,,,,,,,,,,,
2008118716,1910,2,0,0,0,0,0,0,0,0,2,0,,67,10,2008,6,40.0764,-75.195,1900.0,6,0,0,0,1,0,0,0,0,,0,0,0,18,3,1,1,,0,40 04:35.197,,0,75 11:42.090,4,0,0,0,67301,0,0,0,N,0,0,0,2,67301,1,,1,1,,N,N,,0,,0,0,0,9.0,2,,1858,1,2,0,0,0,0,0,3,4,0,2,3,,N,,,,,,,,,,,
2008098601,105,0,0,0,0,0,0,0,0,0,4,0,,67,6,2008,2,40.0159,-75.1538,59.0,6,0,0,0,0,0,0,0,0,,0,0,0,0,3,1,1,,0,40 00:57.144,,0,75 09:13.829,4,0,0,0,67301,0,0,0,N,0,0,0,3,67301,1,,1,1,,N,N,,0,,0,0,1,3.0,2,,59,1,2,0,0,0,0,0,3,4,1,2,3,,N,,,,,,,,,,,
2008101183,650,1,0,0,0,0,0,0,0,0,7,0,,67,7,2008,5,39.9219,-75.1905,640.0,6,0,0,0,0,0,0,0,0,1.0,0,0,0,6,1,1,0,,2,39 55:18.650,1.0,4,75 11:25.786,4,0,0,0,67301,0,0,0,N,0,0,0,1,67301,1,,3,1,,N,N,,0,,0,0,0,0.0,0,N,635,1,1,0,0,0,0,0,3,4,0,1,3,,N,,,,,,,,,,,
2008098695,800,2,0,0,0,0,0,0,0,0,4,0,,67,7,2008,5,39.9749,-75.1669,756.0,6,0,0,0,0,0,0,0,0,,0,0,0,7,1,0,1,,0,39 58:29.586,,0,75 10:00.922,0,0,0,0,67301,0,0,0,,0,0,0,2,67301,0,,1,1,,N,N,,0,,0,0,0,3.0,3,,756,0,2,0,0,0,0,0,3,4,0,2,3,,N,,,,,,,,,,,
2008069558,1555,0,0,0,0,0,0,0,0,0,5,0,,67,4,2008,5,39.9905,-75.1687,1546.0,6,0,0,0,0,0,0,0,0,9.0,0,0,0,15,1,1,1,,1,39 59:25.969,2.0,0,75 10:07.229,4,0,0,0,67301,0,0,0,N,0,0,0,3,67301,1,,1,1,,N,N,,0,,0,0,0,0.0,0,N,1540,1,2,0,0,0,0,2,3,4,2,2,3,,N,,,,,,,,,,,
2008109625,732,0,0,0,0,0,0,0,0,0,1,0,,67,9,2008,4,39.8923,-75.2248,709.0,6,0,0,0,0,0,0,0,0,,0,0,0,7,1,0,0,,0,39 53:32.243,,0,75 13:29.418,0,0,0,0,67301,0,0,0,N,0,0,0,2,68K01,0,,1,1,,N,N,,1,,0,0,1,0.0,0,,704,0,2,0,0,0,0,0,3,4,0,2,3,,N,,,,,,,,,,,
2008079015,1805,2,0,0,0,0,0,0,0,0,2,0,,67,5,2008,2,40.0369,-75.1451,1758.0,6,0,0,0,0,0,1,0,0,,0,0,0,17,1,0,2,,0,40 02:12.840,,0,75 08:42.360,0,0,0,0,67301,0,0,0,N,0,0,0,7,67301,0,,1,1,,N,N,,0,,0,0,1,3.0,2,,1750,0,3,0,0,1,0,0,3,4,0,3,3,,N,,,,,,,,,,,
2008079061,1438,1,0,0,0,0,0,0,0,0,7,0,,67,5,2008,1,40.0353,-75.0706,1421.0,6,0,0,0,0,0,0,0,0,1.0,0,0,0,14,1,0,1,,1,40 02:07.083,2.0,0,75 04:14.554,0,0,0,0,67301,0,0,0,N,0,0,0,5,67301,0,,5,9,,N,N,,0,,0,0,0,3.0,2,N,1418,0,1,0,0,0,0,0,3,4,0,1,7,,N,,,,,,,,,,,
2008079080,155,1,0,0,0,0,0,0,0,0,4,0,,67,5,2008,7,40.0256,-75.1542,153.0,6,0,0,0,0,0,0,0,0,,0,0,0,1,3,3,1,,0,40 01:32.257,,0,75 09:15.145,8,0,0,0,67301,0,0,0,N,0,0,0,3,67301,0,,1,1,,N,N,,0,,0,0,1,3.0,2,,152,3,2,0,0,0,3,0,3,4,0,2,3,,N,,,,,,,,,,,
2008097527,909,2,0,0,0,0,0,0,0,0,6,0,,67,8,2008,1,39.9629,-75.1913,904.0,6,0,0,0,0,0,0,0,0,,0,0,0,9,1,0,1,,0,39 57:46.554,,0,75 11:28.840,0,0,0,0,67301,0,0,0,N,0,0,0,2,67301,0,,1,1,,N,N,,0,,0,0,0,3.0,2,,900,0,2,0,0,0,0,0,3,4,0,2,3,,N,,,,,,,,,,,
2008097551,1655,2,0,0,0,0,0,0,0,0,1,0,,67,6,2008,2,39.9794,-75.1744,1655.0,6,0,0,0,0,0,0,0,0,1.0,0,0,0,16,1,1,1,,2,39 58:45.724,2.0,0,75 10:27.796,4,0,0,0,67301,0,0,0,N,0,0,0,2,67301,1,,1,1,,N,N,,0,,0,0,0,3.0,2,Y,1630,1,2,0,0,1,0,0,3,4,0,2,3,,N,,,,,,,,,,,
2008125133,1219,2,0,0,0,0,0,0,0,0,1,0,,67,10,2008,7,39.9884,-75.0884,1206.0,6,0,0,0,0,0,0,1,0,1.0,0,0,0,12,1,0,0,,1,39 59:18.627,1.0,0,75 05:17.926,0,0,0,0,67301,0,0,0,N,0,0,0,2,68K01,0,,1,9,,N,N,,0,,0,0,0,0.0,0,N,1204,0,2,0,0,0,0,0,3,4,0,2,7,,N,,,,,,,,,,,