CRN,ARRIVAL_TM,AUTOMOBILE_COUNT,BELTED_DEATH_COUNT,BELTED_SUSP_SERIOUS_INJ_COUNT,BICYCLE_COUNT,BICYCLE_DEATH_COUNT,BICYCLE_SUSP_SERIOUS_INJ_COUNT,BUS_COUNT,CHLDPAS_DEATH_COUNT,CHLDPAS_SUSP_SERIOUS_INJ_COUNT,COLLISION_TYPE,COMM_VEH_COUNT,CONS_ZONE_SPD_LIM,COUNTY,CRASH_MONTH,CRASH_YEAR,DAY_OF_WEEK,DEC_LAT,DEC_LONG,DISPATCH_TM,DISTRICT,DRIVER_COUNT_16YR,DRIVER_COUNT_17YR,DRIVER_COUNT_18YR,DRIVER_COUNT_19YR,DRIVER_COUNT_20YR,DRIVER_COUNT_50_64YR,DRIVER_COUNT_65_74YR,DRIVER_COUNT_75PLUS,EST_HRS_CLOSED,FATAL_COUNT,HEAVY_TRUCK_COUNT,HORSE_BUGGY_COUNT,HOUR_OF_DAY,ILLUMINATION,INJURY_COUNT,INTERSECT_TYPE,INTERSECTION_RELATED,LANE_CLOSED,LATITUDE,LN_CLOSE_DIR,LOCATION_TYPE,LONGITUDE,MAX_SEVERITY_LEVEL,MCYCLE_DEATH_COUNT,MCYCLE_SUSP_SERIOUS_INJ_COUNT,MOTORCYCLE_COUNT,MUNICIPALITY,NONMOTR_COUNT,NONMOTR_DEATH_COUNT,NONMOTR_SUSP_SERIOUS_INJ_COUNT,NTFY_HIWY_MAINT,PED_COUNT,PED_DEATH_COUNT,PED_SUSP_SERIOUS_INJ_COUNT,PERSON_COUNT,POLICE_AGCY,POSSIBLE_INJ_COUNT,RDWY_SURF_TYPE_CD,RELATION_TO_ROAD,ROAD_CONDITION,ROADWAY_CLEARED,SCH_BUS_IND,SCH_ZONE_IND,SECONDARY_CRASH,SMALL_TRUCK_COUNT,SPEC_JURIS_CD,SUSP_MINOR_INJ_COUNT,SUSP_SERIOUS_INJ_COUNT,SUV_COUNT,TCD_FUNC_CD,TCD_TYPE,TFC_DETOUR_IND,TIME_OF_DAY,TOT_INJ_COUNT,TOTAL_UNITS,UNB_DEATH_COUNT,UNB_SUSP_SERIOUS_INJ_COUNT,UNBELTED_OCC_COUNT,UNK_INJ_DEG_COUNT,UNK_INJ_PER_COUNT,URBAN_AREA,URBAN_RURAL,VAN_COUNT,VEHICLE_COUNT,WEATHER1,WEATHER2,WORK_ZONE_IND,WORK_ZONE_LOC,WORK_ZONE_TYPE,WORKERS_PRES,WZ_CLOSE_DETOUR,WZ_FLAGGER,WZ_LAW_OFFCR_IND,WZ_LN_CLOSURE,WZ_MOVING,WZ_OTHER,WZ_SHLDER_MDN,WZ_WORKERS_INJ_KILLED
2008122711,1329,0,0,0,0,0,0,1,0,0,4,1,,67,7,2008,5,39.909,-75.2329,1328.0,6,0,0,0,0,0,1,0,0,2.0,0,0,0,13,1,4,1,,1,39 54:32.227,4.0,0,75 13:58.526,8,0,0,1,67301,0,0,0,N,0,0,0,5,67301,0,,1,1,,N,N,,0,,0,0,1,3.0,2,Y,1319,4,3,0,0,0,4,0,3,4,0,3,3,,N,,,,,,,,,,,
2008060909,1102,0,0,0,0,0,0,0,0,0,7,0,,67,3,2008,3,40.0598,-75.0093,1059.0,6,0,0,0,0,0,0,0,0,,0,0,0,10,1,2,1,,0,40 03:35.400,,0,75 00:33.458,4,0,0,0,67301,0,0,0,,0,0,0,2,67301,2,,3,1,,,,,0,,0,0,1,3.0,2,,1044,2,1,0,0,0,0,0,3,4,0,1,3,,N,,,,,,,,,,,
2008059284,1643,1,0,0,0,0,0,0,0,0,1,0,,67,3,2008,6,40.0669,-75.0643,1630.0,6,0,0,0,0,0,1,0,0,,0,1,0,16,1,2,0,,0,40 04:00.790,,0,75 03:51.434,8,0,0,0,67301,0,0,0,N,0,0,0,4,67301,0,,1,1,,N,N,,0,,0,0,1,3.0,2,,1620,2,3,0,0,0,2,2,3,4,0,3,3,,N,,,,,,,,,,,
2008059287,2050,2,0,0,0,0,0,0,0,0,6,0,,67,4,2008,7,40.0799,-75.0824,2045.0,6,0,0,0,0,0,0,0,0,,0,0,0,20,3,1,0,,0,40 04:47.690,,0,75 04:56.619,4,0,0,0,67301,0,0,0,N,0,0,0,3,67301,1,,1,1,,N,N,,0,,0,0,0,9.0,3,,2045,1,2,0,0,1,0,0,3,4,0,2,3,,N,,,,,,,,,,,
2008053744,948,2,0,0,0,0,0,0,0,0,4,0,,67,2,2008,2,40.0564,-75.0282,942.0,6,0,0,0,0,0,0,0,0,,0,0,0,9,1,0,1,,0,40 03:22.965,,0,75 01:42.096,0,0,0,0,67301,0,0,0,N,0,0,0,3,67301,0,,1,9,,N,N,,0,,0,0,0,3.0,2,,928,0,2,0,0,0,0,0,3,4,0,2,7,,N,,,,,,,,,,,
2008054226,403,1,0,0,0,0,0,0,0,0,1,0,,67,2,2008,1,40.0451,-75.101,359.0,6,0,0,0,0,1,0,0,0,2.0,0,0,0,3,3,0,0,,2,40 02:42.258,1.0,0,75 06:03.697,0,0,0,0,67301,0,0,0,N,0,0,0,1,67301,0,,2,1,,N,N,,0,,0,0,1,0.0,0,N,355,0,2,0,0,0,0,0,3,4,0,2,3,,N,,,,,,,,,,,
2008052078,647,2,0,0,0,0,0,0,0,0,1,0,,67,3,2008,4,40.0459,-75.0018,645.0,6,0,0,0,0,0,1,0,0,,0,0,0,6,1,0,6,,0,40 02:45.240,,2,75 00:06.480,0,0,0,0,67301,0,0,0,N,0,0,0,3,68K01,0,,1,1,,N,N,,0,,0,0,1,0.0,0,,642,0,3,0,0,0,0,0,3,4,0,3,3,,N,,,,,,,,,,,
2008050292,1222,1,0,0,0,0,0,0,0,0,1,0,,67,2,2008,7,40.0854,-75.0392,1222.0,6,0,0,0,1,0,1,0,0,2.0,0,0,0,12,1,2,0,,2,40 05:07.268,6.0,0,75 02:20.994,8,0,0,0,67301,0,0,0,N,0,0,0,4,67301,0,,1,9,,N,N,,0,,0,0,1,0.0,0,Y,1222,2,3,0,0,0,2,1,3,4,1,3,3,,N,,,,,,,,,,,
2008050376,9999,1,0,0,0,0,0,0,0,0,4,0,,67,2,2008,7,39.9562,-75.1857,1128.0,6,0,0,0,0,0,0,0,0,1.0,0,0,0,11,1,0,0,,1,39 57:22.394,4.0,0,75 11:08.250,0,0,0,0,67301,0,0,0,N,0,0,0,2,67301,0,,1,1,,N,N,,0,,0,0,1,0.0,0,N,1125,0,2,0,0,0,0,0,3,4,0,2,3,,N,,,,,,,,,,,
2008023979,939,0,0,0,0,0,0,0,0,0,1,0,,67,1,2008,7,40.0041,-75.1322,937.0,6,0,0,0,0,0,0,0,0,,0,0,0,9,1,1,0,,0,40 00:14.728,,0,75 07:55.792,8,0,0,0,67301,0,0,0,N,0,0,0,3,67301,0,,1,1,,N,N,,0,,0,0,2,0.0,0,,935,1,2,0,0,0,1,0,3,4,0,2,3,,N,,,,,,,,,,,
2008040749,2005,1,0,0,0,0,0,0,0,0,4,0,,67,1,2008,3,40.0006,-75.1581,2005.0,6,0,0,0,0,0,0,0,0,,0,0,0,16,1,1,1,,0,40 00:02.181,,0,75 09:29.033,8,0,0,0,67301,0,0,0,,0,0,0,2,67301,0,,1,9,,,,,0,,0,0,1,9.0,3,,1600,1,2,0,0,0,1,1,3,4,0,2,10,,N,,,,,,,,,,,
2008038519,1652,1,0,0,0,0,0,0,0,0,1,1,,67,2,2008,3,39.8993,-75.1756,1650.0,6,0,0,0,0,0,1,0,0,3.0,0,1,0,16,1,2,0,,2,39 53:57.000,2.0,3,75 10:30.620,3,0,0,0,67301,0,0,0,N,0,0,0,4,68G05,0,,1,2,,N,N,,0,,2,0,1,0.0,0,Y,1650,2,4,0,0,0,0,0,3,4,1,4,9,,N,,,,,,,,,,,
2008053643,1157,0,0,0,0,0,0,0,0,0,1,2,,67,2,2008,6,39.9409,-75.1951,1153.0,6,0,0,0,0,0,0,0,0,1.0,0,2,0,11,1,0,0,,1,39 56:34.304,4.0,0,75 11:35.249,0,0,0,0,67301,0,0,0,N,0,0,0,2,68K01,0,,1,1,,N,N,,0,,0,0,0,0.0,0,N,1150,0,2,0,0,0,0,0,3,4,0,2,3,,N,,,,,,,,,,,
2008050734,549,2,0,0,0,0,0,0,0,0,6,0,,67,2,2008,3,39.9242,-75.1779,543.0,6,0,0,0,0,0,0,0,0,,0,0,0,5,3,1,1,,0,39 55:26.986,,0,75 10:40.479,4,0,0,0,67301,0,0,0,,0,0,0,3,67301,1,,1,1,,N,,,0,,0,0,0,3.0,2,,543,1,2,0,0,0,0,0,3,4,0,2,3,,N,,,,,,,,,,,
2008050767,1636,1,0,0,0,0,0,0,0,0,8,0,,67,3,2008,1,39.924,-75.1477,1635.0,6,0,0,0,1,0,0,0,0,,0,0,0,99,1,1,1,,0,39 55:26.427,,0,75 08:51.613,4,0,0,0,67301,1,0,0,N,1,0,0,5,67301,1,,1,1,,N,N,,0,,0,0,0,3.0,3,,9999,1,2,0,0,0,0,0,3,4,0,1,3,,N,,,,,,,,,,,
2008050795,2247,2,0,0,0,0,0,0,0,0,5,0,,67,2,2008,2,39.9805,-75.181,2245.0,6,0,0,0,0,0,0,0,0,,0,0,0,22,3,0,0,,0,39 58:49.803,,0,75 10:51.754,9,0,0,0,67301,0,0,0,N,0,0,0,1,67301,0,,1,1,,N,N,,0,,0,0,0,0.0,0,,2235,0,2,0,0,0,0,1,3,4,0,2,3,,N,,,,,,,,,,,
2008040790,1316,1,0,0,0,0,0,0,0,0,1,0,,67,2,2008,7,40.0347,-75.0873,1306.0,6,0,0,0,0,0,0,0,0,1.0,0,0,0,13,1,1,1,,2,40 02:04.862,1.0,0,75 05:14.193,8,0,0,0,67301,0,0,0,N,0,0,0,2,67301,0,,1,1,,N,N,,0,,0,0,0,0.0,0,Y,1306,1,2,0,0,0,1,0,3,4,1,2,3,,N,,,,,,,,,,,
2008069286,441,1,0,0,0,0,0,0,0,0,1,0,,67,4,2008,1,40.034,-75.0744,437.0,6,0,0,0,0,0,1,0,0,1.0,0,0,0,4,3,5,1,,1,40 02:02.362,1.0,0,75 04:27.863,8,0,0,0,67301,0,0,0,N,0,0,0,5,67301,0,,1,1,,N,N,,1,,0,0,0,3.0,2,N,437,5,2,0,0,0,5,0,3,4,0,2,3,,N,,,,,,,,,,,
2008069344,1345,2,0,0,0,0,0,0,0,0,1,0,,67,4,2008,4,39.9501,-75.1456,1340.0,6,0,0,0,0,0,0,0,0,,0,0,0,13,1,2,0,,0,39 57:00.396,,0,75 08:44.196,4,0,0,0,67301,0,0,0,,0,0,0,4,67301,2,,1,9,,,,,0,,0,0,0,3.0,2,,1320,2,2,0,0,0,0,0,3,4,0,2,3,,N,,,,,,,,,,,
2008108956,2309,2,0,0,0,0,0,0,0,0,2,0,,67,8,2008,5,40.0352,-75.1455,2307.0,6,0,0,0,0,0,0,0,0,,0,0,0,99,3,1,1,,0,40 02:06.732,,0,75 08:43.671,8,0,0,0,67301,0,0,0,N,0,0,0,2,67301,0,,1,1,,N,N,,0,,0,0,0,3.0,2,,9999,1,2,0,0,0,1,1,3,4,0,2,3,,N,,,,,,,,,,,
2008121073,1710,1,0,0,0,0,0,0,0,0,4,0,,67,9,2008,6,39.9172,-75.2463,1710.0,6,0,0,0,0,0,1,0,0,,0,0,0,17,1,0,1,,0,39 55:01.859,,0,75 14:46.691,0,0,0,0,67301,0,0,0,,0,0,0,2,67301,0,,1,1,,N,N,,1,,0,0,0,3.0,2,,1710,0,2,0,0,0,0,0,3,4,0,2,3,,N,,,,,,,,,,,
2008118594,1245,2,0,0,0,0,0,0,0,0,4,0,,67,9,2008,5,40.0946,-75.0152,1243.0,6,0,0,0,0,0,0,0,0,,0,0,0,12,1,0,1,,0,40 05:40.718,,0,75 00:54.707,0,0,0,0,67301,0,0,0,N,0,0,0,2,67301,0,,1,1,,N,N,,0,,0,0,0,3.0,2,,1243,0,2,0,0,0,0,0,3,4,0,2,3,,N,,,,,,,,,,,
2008108625,1515,0,0,0,0,0,0,0,0,0,4,0,,67,8,2008,3,40.0184,-75.125,1510.0,6,0,0,0,0,0,0,0,0,,0,0,0,14,1,2,2,,0,40 01:06.398,,0,75 07:30.003,8,0,0,0,67301,0,0,0,N,0,0,0,4,67301,0,,1,1,,N,N,,0,,0,0,1,0.0,0,,1410,2,2,0,0,3,2,1,3,4,1,2,3,,N,,,,,,,,,,,
2008121116,1225,0,0,0,1,0,1,0,0,0,4,0,,67,10,2008,7,39.9163,-75.1666,1222.0,6,0,0,0,0,0,0,0,0,,0,0,0,17,1,1,2,,0,39 54:58.538,,0,75 09:59.642,2,0,0,1,67301,1,0,1,N,0,0,0,2,67301,0,,1,98,,N,N,,0,,0,1,0,9.0,9,,1755,1,2,0,0,0,0,1,3,4,0,1,99,,N,,,,,,,,,,,
2008121120,1400,1,0,0,0,0,0,0,0,0,4,0,,67,9,2008,1,40.0367,-75.0645,1348.0,6,0,0,0,0,0,0,1,0,1.0,0,0,0,13,1,1,1,,1,40 02:12.340,2.0,0,75 03:51.744,3,0,0,0,67301,0,0,0,N,0,0,0,3,67301,0,,1,1,,N,N,,0,,1,0,1,9.0,2,N,1347,1,2,0,0,0,0,0,3,4,0,2,3,,N,,,,,,,,,,,
2008118896,1645,1,0,0,0,0,0,0,0,0,8,0,,67,10,2008,7,39.9357,-75.1673,1642.0,6,0,0,0,0,0,1,0,0,,0,0,0,16,1,1,1,,0,39 56:08.430,,0,75 10:02.226,4,0,0,0,67301,1,0,0,N,1,0,0,2,67301,1,,1,1,,N,N,,0,,0,0,0,3.0,2,,1640,1,2,0,0,1,0,0,3,4,0,1,3,,N,,,,,,,,,,,
2008118907,1638,1,0,0,0,0,0,0,0,0,8,0,,67,9,2008,7,40.1321,-75.012,1634.0,6,0,0,0,0,0,0,0,0,,0,0,0,16,1,1,0,,0,40 07:55.382,,0,75 00:43.184,8,0,0,0,67301,1,0,0,N,1,0,0,2,67301,0,,1,1,,N,,,0,,0,0,0,0.0,0,,1634,1,2,0,0,0,1,0,3,4,0,1,3,,N,,,,,,,,,,,
2008099241,430,1,0,0,0,0,0,0,0,0,7,0,,67,7,2008,7,39.9563,-75.1866,425.0,6,0,0,0,0,0,0,0,0,,0,0,0,4,3,0,0,,0,39 57:22.784,,0,75 11:11.559,0,0,0,0,67301,0,0,0,N,0,0,0,2,67301,0,,2,1,,N,N,,0,,0,0,0,0.0,0,,420,0,1,0,0,0,0,0,3,4,0,1,3,,N,,,,,,,,,,,
2008108473,1511,1,0,0,0,0,0,0,0,0,2,0,,67,8,2008,5,39.9154,-75.2381,1507.0,6,0,0,0,0,0,0,0,0,,0,0,0,15,1,1,2,,0,39 54:55.465,,0,75 14:17.242,4,0,0,1,67301,0,0,0,,0,0,0,2,67301,1,,1,1,,N,N,,0,,0,0,0,0.0,0,,1500,1,2,0,0,0,0,0,3,4,0,2,3,,N,,,,,,,,,,,
2008108609,849,1,0,0,0,0,0,0,0,0,5,0,,67,8,2008,2,39.906,-75.2408,839.0,6,0,0,0,0,0,1,0,0,,0,1,0,99,1,1,0,,0,39 54:21.772,,0,75 14:26.712,8,0,0,0,67301,0,0,0,,0,0,0,3,67301,0,,1,1,,N,N,,0,,0,0,0,3.0,2,,9999,1,3,0,0,0,1,0,3,4,1,3,3,,N,,,,,,,,,,,
2008103449,1610,0,0,0,0,0,0,0,0,0,7,0,,67,6,2008,1,39.9481,-75.2497,1606.0,6,0,0,0,0,0,0,0,0,,0,0,0,16,1,1,0,,0,39 56:53.620,,0,75 14:59.032,8,0,0,0,67301,0,0,0,,0,0,0,1,67301,0,,5,1,,,,,0,,0,0,0,0.0,0,,1605,1,1,0,0,0,1,0,3,4,0,1,3,,N,,,,,,,,,,,
2008098644,1725,1,0,0,0,0,0,0,0,0,1,0,,67,7,2008,1,39.9752,-75.1885,1718.0,6,0,0,0,0,1,0,0,0,,0,0,0,99,1,2,0,,0,39 58:30.750,,0,75 11:18.643,4,0,0,0,67301,0,0,0,N,0,0,0,3,67301,2,,1,1,,N,N,,0,,0,0,1,9.0,9,,9999,2,2,0,0,0,0,0,3,4,0,2,99,,N,,,,,,,,,,,
2008071907,1622,1,0,0,0,0,0,0,0,0,6,0,,67,5,2008,4,40.0532,-75.1221,1622.0,6,0,0,0,0,0,1,0,0,,0,0,0,15,1,0,1,,0,40 03:11.520,,0,75 07:19.560,0,0,0,0,67301,0,0,0,N,0,0,0,2,67301,0,,1,1,,N,N,,0,,0,0,1,3.0,2,,1549,0,2,0,0,0,0,0,3,4,0,2,3,,N,,,,,,,,,,,
2008069529,2105,2,0,0,0,0,0,0,0,0,4,0,,67,4,2008,6,40.0171,-75.1512,2101.0,6,0,0,0,0,0,1,0,0,,0,0,0,20,3,1,1,,0,40 01:01.528,,0,75 09:04.326,4,0,0,0,67301,0,0,0,N,0,0,0,2,67301,1,,1,1,,N,N,,0,,0,0,0,3.0,3,,2057,1,2,0,0,0,0,0,3,4,0,2,3,,N,,,,,,,,,,,
2008109623,703,0,0,0,0,0,0,0,0,0,1,0,,67,9,2008,3,39.9312,-75.1992,649.0,6,0,0,0,0,0,1,0,0,2.0,0,0,0,6,1,1,0,,1,39 55:53.892,4.0,0,75 11:58.597,3,0,0,0,67301,0,0,0,N,0,0,0,2,68K01,0,,1,1,,N,N,,0,,1,0,2,0.0,0,N,646,1,2,0,0,0,0,0,3,4,0,2,3,,N,,,,,,,,,,,
2008082241,545,1,0,0,0,0,0,0,0,0,4,0,,67,4,2008,3,39.9584,-75.2375,543.0,6,0,0,0,0,0,1,0,0,3.0,0,0,0,5,5,1,1,,2,39 57:30.390,4.0,0,75 14:14.838,8,0,0,0,67301,0,0,0,N,0,0,0,3,67301,0,,1,1,,N,N,,0,,0,0,0,3.0,2,Y,543,1,2,0,0,0,1,2,3,4,1,2,3,,N,,,,,,,,,,,
2008097407,1626,1,0,0,0,0,0,0,0,0,8,0,,67,7,2008,5,39.9304,-75.1805,1623.0,6,0,0,0,0,0,0,0,0,,0,0,0,16,1,1,0,,0,39 55:49.260,,0,75 10:49.674,4,0,0,0,67301,1,0,0,N,1,0,0,2,67301,1,,1,1,,N,N,,0,,0,0,0,0.0,0,,1623,1,2,0,0,0,0,1,3,4,0,1,3,,N,,,,,,,,,,,
2008097493,2040,0,0,0,0,0,0,0,0,0,8,0,,67,7,2008,5,40.0315,-75.1286,2038.0,6,0,0,0,0,0,0,0,0,,0,0,0,20,4,1,1,,0,40 01:53.367,,0,75 07:43.093,4,0,0,0,67301,1,0,0,N,1,0,0,2,67301,1,,1,1,,N,N,,0,,0,0,1,3.0,3,,2035,1,2,0,0,0,0,0,3,4,0,1,3,,N,,,,,,,,,,,
2008088958,432,1,0,0,0,0,0,0,0,0,1,0,,67,6,2008,3,40.0293,-75.1051,428.0,6,0,0,0,0,0,1,0,0,1.0,0,0,0,4,3,1,1,,2,40 01:45.749,1.0,0,75 06:17.491,8,0,0,0,67301,0,0,0,N,0,0,0,2,67301,0,,1,1,,N,N,,1,,0,0,0,3.0,2,Y,428,1,2,0,0,0,1,0,3,4,0,2,3,,N,,,,,,,,,,,
2008088962,941,0,0,0,0,0,0,0,0,0,2,0,,67,6,2008,6,39.9107,-75.2257,931.0,6,0,0,0,0,0,0,0,0,2.0,0,0,0,9,1,2,0,,2,39 54:38.674,6.0,0,75 13:32.592,8,0,0,0,67301,0,0,0,,0,0,0,2,67301,0,,1,1,,N,N,,1,,0,0,1,0.0,0,Y,925,2,2,0,0,0,2,0,3,4,0,2,3,,N,,,,,,,,,,,
2008088841,16,1,0,0,0,0,0,0,0,0,8,0,,67,6,2008,4,40.0738,-75.1666,16.0,6,0,0,0,0,0,0,0,0,,0,0,0,0,3,1,2,,0,40 04:25.734,,0,75 09:59.810,4,0,0,0,67301,1,0,0,,1,0,0,2,67301,1,,1,9,,,,,0,,0,0,0,0.0,0,,5,1,2,0,0,0,0,1,3,4,0,1,3,,N,,,,,,,,,,,
2008108301,1400,3,0,0,0,0,0,0,0,0,4,0,,67,8,2008,4,39.9421,-75.2117,1355.0,6,0,1,0,0,0,1,0,0,,0,0,0,13,1,1,1,,0,39 56:31.419,,0,75 12:42.235,8,0,0,0,67301,0,0,0,N,0,0,0,3,67301,0,,1,1,,N,N,,0,,0,0,0,3.0,2,,1315,1,3,0,0,0,1,0,3,4,0,3,3,,N,,,,,,,,,,,
2008133170,1048,2,0,0,0,0,0,0,0,0,4,0,,67,10,2008,6,39.9662,-75.2072,1044.0,6,0,0,0,0,0,2,0,0,,0,0,0,10,1,4,0,,0,39 57:58.338,,7,75 12:26.116,4,0,0,0,67301,0,0,0,N,0,0,0,4,67301,4,,1,1,,N,N,,0,,0,0,0,0.0,0,,1043,4,2,0,0,0,0,0,3,4,0,2,3,,N,,,,,,,,,,,
2008135251,1953,1,0,0,0,0,0,0,0,0,8,0,,67,10,2008,1,40.0294,-75.1534,1952.0,6,0,0,0,0,0,0,0,1,,0,0,0,19,3,1,2,,0,40 01:45.976,,0,75 09:12.164,2,0,0,0,67301,1,0,1,N,1,0,1,2,67301,0,,1,1,,N,N,,0,,0,1,0,0.0,0,,1950,1,2,0,0,0,0,0,3,4,0,1,3,,N,,,,,,,,,,,
2008135328,2224,1,0,0,0,0,0,0,0,0,7,0,,67,12,2008,3,39.9383,-75.1978,2219.0,6,0,0,0,0,0,0,0,0,2.0,0,0,0,22,3,0,0,,1,39 56:22.200,3.0,0,75 11:47.760,0,0,0,0,67301,0,0,0,N,0,0,0,2,68K01,0,,2,9,,N,N,,0,,0,0,0,0.0,0,N,2215,0,1,0,0,0,0,0,3,4,0,1,7,,N,,,,,,,,,,,
2008132936,1550,0,0,0,0,0,0,1,0,0,1,1,,67,10,2008,3,39.9743,-75.1818,1550.0,6,0,1,0,0,0,0,1,0,,0,0,0,15,1,0,0,,0,39 58:27.654,,0,75 10:54.464,0,0,0,0,67301,0,0,0,N,0,0,0,19,67301,0,,1,9,,Y,N,,0,,0,0,1,0.0,0,,1550,0,2,0,0,1,0,0,3,4,0,2,7,,N,,,,,,,,,,,
2008132951,935,0,0,0,0,0,0,0,0,0,4,0,,67,10,2008,7,39.9379,-75.2208,921.0,6,0,0,0,0,0,1,0,0,,0,0,0,9,1,1,3,,0,39 56:16.296,,0,75 13:14.721,4,0,0,0,67301,0,0,0,N,0,0,0,2,67301,1,,1,9,,N,N,,1,,0,0,1,3.0,2,,910,1,2,0,0,0,0,0,3,4,0,2,7,,N,,,,,,,,,,,
2008026739,2255,0,0,0,0,0,0,0,0,0,7,0,,67,1,2008,5,40.0991,-75.0205,2249.0,6,0,0,0,0,0,1,0,0,,0,0,0,22,3,1,0,,0,40 05:56.785,,0,75 01:13.630,3,0,0,0,67301,0,0,0,N,0,0,0,1,67301,0,,2,9,,N,N,,1,,1,0,0,0.0,0,,2245,1,1,0,0,0,0,0,3,4,0,1,7,,N,,,,,,,,,,,
2008066371,1550,1,0,0,0,0,0,0,0,0,7,0,,67,5,2008,7,40.0196,-75.0448,1539.0,6,0,0,1,0,0,0,0,0,2.0,0,0,0,15,1,2,0,,1,40 01:12.000,1.0,0,75 02:38.040,2,0,0,0,67301,0,0,0,N,0,0,0,3,68K01,0,,2,1,,N,N,,0,,1,1,0,0.0,0,N,1538,2,1,0,1,3,0,0,3,4,0,1,3,,N,,,,,,,,,,,
2008059266,1615,1,0,0,0,0,0,0,0,0,4,0,,67,3,2008,6,39.9206,-75.2326,1610.0,6,0,0,0,0,0,1,0,0,,0,0,0,15,1,2,0,,0,39 55:14.160,,0,75 13:57.360,4,0,0,0,67301,0,0,0,,0,0,0,3,67301,2,,1,1,,,,,0,,0,0,0,0.0,0,,1530,2,2,0,0,0,0,0,3,4,0,2,3,,N,,,,,,,,,,,
2008056271,2022,0,0,0,0,0,0,0,0,0,7,0,,67,4,2008,1,39.8873,-75.2154,2018.0,6,0,0,0,0,0,0,0,0,1.0,0,0,0,20,2,0,0,,2,39 53:14.041,1.0,0,75 12:54.880,0,0,0,0,67301,0,0,0,N,0,0,0,2,68K01,0,,2,1,,N,N,,0,,0,0,1,0.0,0,N,2016,0,2,0,0,0,0,0,3,4,0,1,3,,N,,,,,,,,,,,
2008051763,845,2,0,0,0,0,0,0,0,0,4,0,,67,2,2008,5,40.0064,-75.0807,831.0,6,0,0,0,0,0,0,0,0,,0,0,0,99,1,1,1,,0,40 00:23.036,,0,75 04:50.415,8,0,0,0,67301,0,0,0,N,0,0,0,2,67301,0,,1,1,,N,N,,0,,0,0,0,3.0,3,,9999,1,2,0,0,0,1,1,3,4,0,2,3,,N,,,,,,,,,,,
2008112141,951,2,0,0,0,0,0,0,0,0,1,0,,67,10,2008,6,39.9941,-75.1991,920.0,6,0,0,0,0,0,0,0,0,1.0,0,0,0,8,1,6,0,,1,39 59:41.930,3.0,0,75 11:53.490,4,0,0,0,67301,0,0,0,N,0,0,0,7,68K01,6,,1,1,,N,N,,1,,0,0,1,0.0,0,N,856,6,4,0,0,0,0,0,3,4,0,4,3,,N,,,,,,,,,,,
2008133008,1626,0,0,0,0,0,0,0,0,0,8,0,,67,10,2008,4,39.9588,-75.2068,1623.0,6,0,0,0,0,0,0,1,0,,0,0,0,16,1,1,0,,0,39 57:31.532,,0,75 12:24.487,8,0,0,0,67301,1,0,0,N,1,0,0,2,67301,0,,1,1,,N,N,,0,,0,0,0,2.0,2,,1622,1,2,0,0,0,1,0,3,4,1,1,3,,N,,,,,,,,,,,
2008050277,1247,1,0,0,0,0,0,0,0,0,8,0,,67,2,2008,7,40.0295,-75.2295,1244.0,6,0,0,0,0,0,0,0,0,,0,0,0,12,1,1,2,,0,40 01:46.236,,0,75 13:46.307,4,0,0,0,67301,1,0,0,,1,0,0,2,67301,1,,1,9,,N,N,,0,,0,0,0,3.0,3,,1240,1,2,0,0,1,0,0,3,4,0,1,7,,N,,,,,,,,,,,
2008023939,640,1,0,0,0,0,0,0,0,0,1,0,,67,1,2008,6,40.0239,-75.1332,632.0,6,0,0,0,0,0,1,0,0,1.0,0,0,0,6,2,2,0,,2,40 01:26.000,2.0,0,75 07:59.357,4,0,0,0,67301,0,0,0,N,0,0,0,4,67301,2,,1,1,,N,N,,1,,0,0,1,0.0,0,Y,632,2,3,0,0,0,0,0,3,4,0,3,3,,N,,,,,,,,,,,
2008023968,400,2,0,0,0,0,0,0,0,0,5,0,,67,1,2008,3,40.0169,-75.1496,400.0,6,0,0,0,0,0,0,0,0,,0,0,0,3,3,5,1,,0,40 01:00.000,,0,75 08:58.459,4,0,0,0,67301,0,0,0,N,0,0,0,6,67301,5,,1,1,,N,N,,0,,0,0,0,3.0,2,,350,5,2,0,0,6,0,0,3,4,0,2,3,,N,,,,,,,,,,,
2008050605,1525,2,0,0,0,0,0,0,0,0,4,0,,67,3,2008,5,39.9289,-75.1504,1523.0,6,0,0,0,1,0,0,0,0,,0,0,0,15,1,1,2,,0,39 55:44.022,,0,75 09:01.508,4,0,0,0,67301,0,0,0,,0,0,0,4,67301,1,,1,1,,N,N,,0,,0,0,0,3.0,3,,1522,1,2,0,0,0,0,0,3,4,0,2,3,,N,,,,,,,,,,,
2008050610,1300,2,0,0,0,0,0,0,0,0,4,0,,67,2,2008,7,40.1229,-75.0143,1255.0,6,0,0,0,0,1,1,0,0,,0,0,0,12,1,0,2,,0,40 07:22.609,,0,75 00:51.321,0,0,0,0,67301,0,0,0,,0,0,0,3,67301,0,,1,1,,,,,0,,0,0,0,3.0,3,,1245,0,2,0,0,0,0,0,3,4,0,2,3,,N,,,,,,,,,,,