CRN,ARRIVAL_TM,AUTOMOBILE_COUNT,BELTED_DEATH_COUNT,BELTED_SUSP_SERIOUS_INJ_COUNT,BICYCLE_COUNT,BICYCLE_DEATH_COUNT,BICYCLE_SUSP_SERIOUS_INJ_COUNT,BUS_COUNT,CHLDPAS_DEATH_COUNT,CHLDPAS_SUSP_SERIOUS_INJ_COUNT,COLLISION_TYPE,COMM_VEH_COUNT,CONS_ZONE_SPD_LIM,COUNTY,CRASH_MONTH,CRASH_YEAR,DAY_OF_WEEK,DEC_LAT,DEC_LONG,DISPATCH_TM,DISTRICT,DRIVER_COUNT_16YR,DRIVER_COUNT_17YR,DRIVER_COUNT_18YR,DRIVER_COUNT_19YR,DRIVER_COUNT_20YR,DRIVER_COUNT_50_64YR,DRIVER_COUNT_65_74YR,DRIVER_COUNT_75PLUS,EST_HRS_CLOSED,FATAL_COUNT,HEAVY_TRUCK_COUNT,HORSE_BUGGY_COUNT,HOUR_OF_DAY,ILLUMINATION,INJURY_COUNT,INTERSECT_TYPE,INTERSECTION_RELATED,LANE_CLOSED,LATITUDE,LN_CLOSE_DIR,LOCATION_TYPE,LONGITUDE,MAX_SEVERITY_LEVEL,MCYCLE_DEATH_COUNT,MCYCLE_SUSP_SERIOUS_INJ_COUNT,MOTORCYCLE_COUNT,MUNICIPALITY,NONMOTR_COUNT,NONMOTR_DEATH_COUNT,NONMOTR_SUSP_SERIOUS_INJ_COUNT,NTFY_HIWY_MAINT,PED_COUNT,PED_DEATH_COUNT,PED_SUSP_SERIOUS_INJ_COUNT,PERSON_COUNT,POLICE_AGCY,POSSIBLE_INJ_COUNT,RDWY_SURF_TYPE_CD,RELATION_TO_ROAD,ROAD_CONDITION,ROADWAY_CLEARED,SCH_BUS_IND,SCH_ZONE_IND,SECONDARY_CRASH,SMALL_TRUCK_COUNT,SPEC_JURIS_CD,SUSP_MINOR_INJ_COUNT,SUSP_SERIOUS_INJ_COUNT,SUV_COUNT,TCD_FUNC_CD,TCD_TYPE,TFC_DETOUR_IND,TIME_OF_DAY,TOT_INJ_COUNT,TOTAL_UNITS,UNB_DEATH_COUNT,UNB_SUSP_SERIOUS_INJ_COUNT,UNBELTED_OCC_COUNT,UNK_INJ_DEG_COUNT,UNK_INJ_PER_COUNT,URBAN_AREA,URBAN_RURAL,VAN_COUNT,VEHICLE_COUNT,WEATHER1,WEATHER2,WORK_ZONE_IND,WORK_ZONE_LOC,WORK_ZONE_TYPE,WORKERS_PRES,WZ_CLOSE_DETOUR,WZ_FLAGGER,WZ_LAW_OFFCR_IND,WZ_LN_CLOSURE,WZ_MOVING,WZ_OTHER,WZ_SHLDER_MDN,WZ_WORKERS_INJ_KILLED
2008050613,1345,1,0,0,0,0,0,0,0,0,4,0,,67,3,2008,3,40.021,-75.0542,1340.0,6,0,0,0,0,0,1,0,0,1.0,0,0,0,13,1,1,1,,1,40 01:15.747,1.0,0,75 03:15.059,4,0,0,0,67301,0,0,0,,0,0,0,2,67301,1,,1,1,,,,,0,,0,0,0,3.0,2,Y,1335,1,2,0,0,0,0,1,3,4,1,2,3,,N,,,,,,,,,,,
2008050810,1210,1,0,0,0,0,0,0,0,0,7,0,,67,2,2008,5,40.0332,-75.1966,1203.0,6,0,0,0,0,0,0,0,1,,0,0,0,11,1,0,0,,0,40 01:59.500,,0,75 11:47.866,0,0,0,0,67301,0,0,0,,0,0,0,1,67301,0,,4,1,,N,N,,0,,0,0,0,0.0,0,,1132,0,1,0,0,0,0,0,3,4,0,1,3,,N,,,,,,,,,,,
2008050823,1139,1,0,0,0,0,0,0,0,0,4,0,,67,3,2008,7,39.9579,-75.1641,1138.0,6,0,0,0,1,0,0,0,0,,0,0,0,11,1,1,2,,0,39 57:28.586,,0,75 09:50.893,8,0,0,0,67301,0,0,0,N,0,0,0,3,67301,0,,1,9,,N,N,,1,,0,0,0,9.0,2,,1130,1,2,0,0,0,1,1,3,4,0,2,7,,N,,,,,,,,,,,
2008050869,1304,0,0,0,0,0,0,0,0,0,4,0,,67,2,2008,5,40.0054,-75.1459,1258.0,6,0,0,0,0,0,1,0,0,,0,0,0,12,1,1,5,,0,40 00:19.389,,0,75 08:45.272,8,0,0,0,67301,0,0,0,N,0,0,0,2,67301,0,,1,1,,N,N,,0,,0,0,2,3.0,3,,1255,1,2,0,0,0,1,0,3,4,0,2,3,,N,,,,,,,,,,,
2008050884,2130,1,0,0,0,0,0,0,0,0,8,0,,67,3,2008,1,40.0347,-75.1309,2125.0,6,0,0,0,0,0,0,0,0,,0,0,0,21,3,1,1,,0,40 02:04.999,,0,75 07:51.139,8,0,0,0,67301,1,0,0,N,1,0,0,2,67301,0,,1,1,,N,N,,0,,0,0,0,3.0,2,,2115,1,2,0,0,0,1,1,3,4,0,1,3,,N,,,,,,,,,,,
2008050886,1318,1,0,0,0,0,0,0,0,0,1,0,,67,3,2008,2,40.0093,-75.1887,1314.0,6,0,0,0,0,0,1,0,0,1.0,0,0,0,13,1,1,0,,2,40 00:35.636,4.0,0,75 11:12.288,4,0,0,0,67301,0,0,0,N,0,0,0,4,67301,1,,1,1,,N,N,,0,,0,0,2,3.0,8,N,1312,1,3,0,0,0,0,1,3,4,0,3,3,,N,,,,,,,,,,,
2008040786,1246,1,0,0,0,0,0,0,0,0,7,0,,67,1,2008,4,40.0124,-75.1752,1244.0,6,0,0,0,0,0,0,0,1,,0,0,0,99,1,1,0,,0,40 00:44.000,,0,75 10:30.635,8,0,0,0,67301,0,0,0,N,0,0,0,1,67301,0,,2,1,,N,N,,0,,0,0,0,0.0,0,,9999,1,1,0,0,0,1,0,3,4,0,1,3,,N,,,,,,,,,,,
2008044146,1547,0,0,0,0,0,0,0,0,0,8,0,,67,1,2008,6,39.9596,-75.197,1527.0,6,0,0,0,0,0,0,0,0,3.0,0,0,0,15,1,1,1,,2,39 57:34.560,2.0,0,75 11:49.200,8,0,0,0,67301,1,0,0,N,1,0,0,7,67301,0,,1,1,,N,Y,,0,,0,0,1,3.0,2,Y,1523,1,2,0,0,0,1,0,3,4,0,1,3,,N,,,,,,,,,,,
2008041582,1345,5,0,0,0,0,0,0,0,0,1,0,,67,1,2008,6,39.9535,-75.1376,1344.0,6,0,0,0,0,0,4,0,0,2.0,0,0,0,13,1,0,0,,1,39 57:12.614,3.0,0,75 08:15.273,0,0,0,0,67301,0,0,0,N,0,0,0,5,67501,0,,1,1,,N,N,,0,,0,0,0,3.0,8,N,1343,0,5,0,0,0,0,0,3,4,0,5,3,,N,,,,,,,,,,,
2008118569,2125,1,0,0,0,0,0,0,0,0,8,0,,67,8,2008,7,39.909,-75.2419,2124.0,6,0,0,0,0,0,0,0,0,3.0,0,0,0,21,3,1,1,,2,39 54:32.511,1.0,0,75 14:30.820,8,0,0,0,67301,1,0,0,,1,0,0,2,67301,0,,1,1,,N,N,,0,,0,0,0,3.0,2,Y,2120,1,2,0,0,0,1,0,3,4,0,1,3,,N,,,,,,,,,,,
2008108618,2007,1,0,0,0,0,0,0,0,0,8,0,,67,8,2008,5,40.0446,-75.1248,2006.0,6,0,0,0,0,1,0,0,0,,0,0,0,99,3,1,0,,0,40 02:40.610,,0,75 07:29.132,4,0,0,0,67301,1,0,0,N,1,0,0,2,67301,1,,1,1,,N,N,,0,,0,0,0,0.0,0,,9999,1,2,0,0,0,0,0,3,4,0,1,3,,N,,,,,,,,,,,
2008069076,1951,1,0,0,0,0,0,0,0,0,7,0,,67,6,2008,4,39.9599,-75.1806,1940.0,6,0,0,0,0,0,0,0,0,,0,0,0,19,1,0,0,,0,39 57:34.838,,2,75 10:50.391,0,0,0,0,67301,0,0,0,N,0,0,0,5,68K01,0,,2,9,,N,N,,0,,0,0,0,0.0,0,,1937,0,1,0,0,0,0,0,3,4,0,1,7,,N,,,,,,,,,,,
2008118924,9999,0,0,0,0,0,0,0,0,0,7,0,,67,9,2008,1,40.0817,-75.2041,104.0,6,0,0,0,1,0,0,0,0,,0,0,0,1,3,0,2,,0,40 04:54.057,,0,75 12:14.882,0,0,0,0,67301,0,0,0,N,0,0,0,1,67301,0,,4,98,,N,N,,0,,0,0,0,0.0,0,,104,0,1,0,0,0,0,0,3,4,1,1,3,,N,,,,,,,,,,,
2008099258,812,2,0,0,0,0,0,0,0,0,4,0,,67,7,2008,5,39.9647,-75.1627,808.0,6,0,0,0,0,0,0,0,0,,0,0,0,8,1,1,1,,0,39 57:52.869,,0,75 09:45.554,2,0,0,0,67301,0,0,0,,0,0,0,3,67301,0,,1,1,,N,N,,0,,0,1,0,3.0,3,,805,1,2,0,0,0,0,0,3,4,0,2,3,,N,,,,,,,,,,,
2008101285,1354,0,0,0,0,0,0,0,0,0,5,1,,67,8,2008,2,39.9276,-75.1464,1354.0,6,0,0,0,0,0,0,0,0,2.0,0,1,0,13,1,1,0,,2,39 55:44.190,1.0,0,75 08:46.119,3,0,0,0,67301,0,0,0,N,0,0,0,6,68K01,0,,1,1,,N,N,,0,,1,0,1,0.0,0,Y,1352,1,3,0,0,0,0,0,3,4,1,3,3,,N,,,,,,,,,,,
2008099295,2249,0,0,0,0,0,0,0,0,0,7,0,,67,6,2008,2,40.0233,-75.0768,2249.0,6,0,0,0,0,0,0,0,0,,0,0,0,22,3,0,1,,0,40 01:23.700,,0,75 04:36.638,9,0,0,0,67301,0,0,0,N,0,0,0,1,67301,0,,5,1,,N,N,,0,,0,0,1,3.0,2,,2248,0,2,0,0,0,0,1,3,4,0,1,3,,N,,,,,,,,,,,
2008099296,2348,2,0,0,0,0,0,0,0,0,4,0,,67,6,2008,7,40.0465,-75.0901,2348.0,6,0,0,0,1,0,1,0,0,,0,0,0,23,3,1,1,,0,40 02:47.385,,0,75 05:24.289,8,0,0,0,67301,0,0,0,,0,0,0,2,67301,0,,1,1,,N,N,,0,,0,0,0,3.0,3,,2345,1,2,0,0,1,1,0,3,4,0,2,3,,N,,,,,,,,,,,
2008103446,1420,1,0,0,0,0,0,0,0,0,8,0,,67,6,2008,6,39.9562,-75.2387,1420.0,6,0,0,0,0,0,0,0,0,,0,0,0,7,1,1,0,,0,39 57:22.237,,0,75 14:19.284,8,0,0,0,67301,1,0,0,N,1,0,0,2,67301,0,,1,1,,N,N,,0,,0,0,0,0.0,0,,755,1,2,0,0,0,1,1,3,4,0,1,3,,N,,,,,,,,,,,
2008099075,1706,1,0,0,0,0,0,0,0,0,7,0,,67,7,2008,3,40.0558,-75.2325,1701.0,6,0,0,0,0,0,0,1,0,,0,0,0,16,1,1,0,,0,40 03:22.098,,7,75 13:57.288,8,0,0,0,67301,0,0,0,,0,0,0,1,67301,0,,3,1,,,,,0,,0,0,0,0.0,0,,1645,1,1,0,0,0,1,0,3,4,0,1,3,,N,,,,,,,,,,,
2008071918,1938,2,0,0,0,0,0,0,0,0,2,0,,67,4,2008,2,40.0266,-75.1508,1928.0,6,0,0,0,0,0,0,0,0,1.0,0,0,0,19,3,0,1,,2,40 01:35.616,1.0,0,75 09:02.840,0,0,0,0,67301,0,0,0,N,0,0,0,2,67301,0,,1,9,,N,N,,0,,0,0,0,3.0,2,Y,1928,0,2,0,0,0,0,0,3,4,0,2,7,,N,,,,,,,,,,,
2008069541,2340,1,0,0,0,0,0,0,0,0,4,0,,67,4,2008,5,39.9611,-75.2402,2330.0,6,0,0,0,0,0,1,0,0,,0,0,0,21,3,4,1,,0,39 57:39.963,,0,75 14:24.723,4,0,0,0,67301,0,0,0,N,0,0,0,5,67301,4,,1,1,,N,N,,0,,0,0,0,3.0,3,,2100,4,2,0,0,0,0,1,3,4,0,2,3,,N,,,,,,,,,,,
2008082223,828,2,0,0,0,0,0,0,0,0,1,0,,67,5,2008,6,39.9858,-75.2157,824.0,6,0,0,0,0,0,0,0,0,1.0,0,0,0,8,1,1,1,,1,39 59:08.770,2.0,0,75 12:56.540,4,0,0,0,67301,0,0,0,N,0,0,0,2,67301,1,,1,9,,N,N,,0,,0,0,0,3.0,2,N,820,1,2,0,0,0,0,0,3,4,0,2,7,,N,,,,,,,,,,,
2008082257,910,1,0,0,0,0,0,0,0,0,4,0,,67,5,2008,5,39.9773,-75.2275,903.0,6,0,1,0,0,0,1,0,0,,0,0,0,9,1,1,3,,0,39 58:38.391,,0,75 13:38.956,8,0,0,0,67301,0,0,0,,0,0,0,2,67301,0,,1,1,,,,,0,,0,0,1,3.0,3,,900,1,2,0,0,0,1,0,3,4,0,2,3,,N,,,,,,,,,,,
2008082307,9999,1,0,0,0,0,0,0,0,0,7,0,,67,5,2008,6,39.946,-75.1499,57.0,6,0,0,0,0,0,1,0,0,,0,0,0,0,3,0,0,,0,39 56:45.435,,0,75 08:59.470,0,0,0,0,67301,0,0,0,,0,0,0,1,67301,0,,4,1,,N,N,,0,,0,0,0,0.0,0,,54,0,1,0,0,0,0,0,3,4,0,1,3,,N,,,,,,,,,,,
2008097423,1925,0,0,0,0,0,0,0,0,0,0,0,,67,8,2008,1,39.9967,-75.1972,1923.0,6,0,0,0,0,0,1,0,0,,0,0,0,19,1,1,0,,0,39 59:48.084,,0,75 11:49.970,4,0,0,0,67301,0,0,0,N,0,0,0,1,67301,1,,1,1,,N,N,,0,,0,0,0,0.0,0,,1923,1,1,0,0,0,0,0,3,4,0,1,3,,N,,,,,,,,,,,
2008091335,1930,1,0,0,0,0,0,0,0,0,7,0,,67,6,2008,1,39.9131,-75.1784,1930.0,6,0,0,0,0,0,0,0,0,,0,0,0,19,1,0,0,,0,39 54:47.337,,0,75 10:42.082,9,0,0,0,67301,0,0,0,,0,0,0,1,67501,0,,3,1,,,,,0,,0,0,0,0.0,0,,1925,0,1,0,0,0,0,1,3,4,0,1,3,,N,,,,,,,,,,,
2008079519,1554,2,0,0,0,0,0,0,0,0,4,0,,67,5,2008,6,39.9784,-75.1557,1552.0,6,0,0,0,0,0,1,0,0,,0,0,0,15,1,0,2,,0,39 58:41.990,,0,75 09:20.444,9,0,0,0,67301,0,0,0,N,0,0,0,3,67301,0,,1,9,,N,N,,0,,0,0,0,3.0,2,,1510,0,2,0,0,0,0,3,3,4,0,2,7,,N,,,,,,,,,,,
2008079253,1412,3,0,0,0,0,0,0,0,0,4,0,,67,5,2008,6,39.988,-75.099,1408.0,6,0,0,0,0,0,0,0,0,,0,0,0,14,1,1,1,,0,39 59:16.936,,0,75 05:56.345,8,0,0,0,67301,1,0,0,N,0,0,0,3,67301,0,,1,9,,N,N,,1,,0,0,0,3.0,3,,1405,1,4,0,0,0,1,0,3,4,0,4,7,,N,,,,,,,,,,,
2008109496,1036,0,0,0,0,0,0,0,0,0,1,1,,67,9,2008,2,39.944,-75.1921,1019.0,6,0,0,0,0,0,2,0,0,1.0,0,1,0,10,1,0,0,,1,39 56:38.400,3.0,0,75 11:31.560,0,0,0,0,67301,0,0,0,N,0,0,0,3,68K01,0,,1,1,,N,N,,1,,0,0,1,0.0,0,N,1015,0,3,0,0,0,0,0,3,4,0,3,3,,N,,,,,,,,,,,
2008076956,925,1,0,0,0,0,0,0,0,0,1,0,,67,6,2008,4,39.9845,-75.0959,918.0,6,0,0,0,0,1,0,0,0,1.0,0,0,0,9,1,0,0,,2,39 59:03.994,2.0,0,75 05:45.326,0,0,0,0,67301,0,0,0,N,0,0,0,2,68K01,0,,1,1,,N,N,,1,,0,0,0,3.0,8,N,915,0,2,0,0,0,0,0,3,4,0,2,3,,N,,,,,,,,,,,
2008120131,2052,1,0,0,0,0,0,0,0,0,8,0,,67,9,2008,1,40.0496,-75.1374,2047.0,6,0,0,0,0,0,0,0,0,,0,0,0,20,3,1,1,,0,40 02:58.560,,0,75 08:14.719,8,0,0,0,67301,1,0,0,N,1,0,0,2,67301,0,,1,1,,N,N,,0,,0,0,0,0.0,0,,2017,1,2,0,0,0,1,0,3,4,0,1,3,,N,,,,,,,,,,,
2008127418,750,3,0,0,0,0,0,0,0,0,1,0,,67,11,2008,5,40.0369,-75.0145,731.0,6,0,0,0,0,0,0,0,0,1.0,0,0,0,7,1,3,0,,1,40 02:13.487,2.0,0,75 00:50.228,4,0,0,0,67301,0,0,0,N,0,0,0,4,68K01,3,,1,1,,N,N,,0,,0,0,0,0.0,0,N,722,3,3,0,0,0,0,0,3,4,0,3,3,,N,,,,,,,,,,,
2008119614,202,0,0,0,0,0,0,0,0,0,4,0,,67,9,2008,1,39.9606,-75.1406,201.0,6,0,0,0,0,0,0,0,0,,0,0,0,1,3,0,1,,0,39 57:38.068,,0,75 08:25.515,9,0,0,0,67301,0,0,0,N,0,0,0,3,67301,0,,1,1,,N,N,,1,,0,0,1,3.0,2,,155,0,2,0,0,0,0,1,3,4,0,2,3,,N,,,,,,,,,,,
2008125136,1942,0,0,0,0,0,0,0,0,0,5,0,,67,11,2008,5,39.9572,-75.1801,1930.0,6,0,0,0,0,0,2,0,0,,0,1,0,19,4,0,0,,0,39 57:24.650,,2,78 10:48.890,0,0,0,0,67301,0,0,0,N,0,0,0,4,68K01,0,,1,1,,N,N,,1,,0,0,0,3.0,2,,1921,0,2,0,0,0,0,0,3,4,0,2,3,,N,,,,,,,,,,,
2008120228,2319,2,0,0,0,0,0,0,0,0,4,0,,67,10,2008,4,40.0289,-75.218,2314.0,6,0,0,0,0,0,0,0,0,,0,0,0,23,3,2,1,,0,40 01:44.144,,0,75 13:04.972,4,0,0,0,67301,0,0,0,,0,0,0,3,67301,2,,1,1,,N,N,,0,,0,0,0,0.0,0,,2305,2,2,0,0,0,0,0,3,4,0,2,3,,N,,,,,,,,,,,
2008122221,1253,1,0,0,0,0,0,0,0,0,8,0,,67,10,2008,2,39.9731,-75.1203,1243.0,6,0,0,0,0,0,0,0,0,1.0,0,0,0,12,1,2,0,,1,39 58:27.566,1.0,0,75 07:05.927,8,0,0,0,67301,2,0,0,N,2,0,0,3,68K01,0,,2,1,,N,N,,0,,0,0,0,0.0,0,N,1238,2,3,0,0,0,2,1,3,4,0,1,3,,N,,,,,,,,,,,
2008132942,1730,2,0,0,0,0,0,0,0,0,6,0,,67,11,2008,2,40.0353,-75.0252,1722.0,6,0,0,0,1,0,0,0,0,,0,0,0,17,3,2,1,,0,40 02:07.013,,0,75 01:30.653,8,0,0,0,67301,0,0,0,N,0,0,0,4,67301,0,,1,1,,N,N,,0,,0,0,0,2.0,2,,1720,2,2,0,0,0,2,0,3,4,0,2,3,,N,,,,,,,,,,,
2008026696,2356,2,0,0,0,0,0,0,0,0,1,0,,67,1,2008,7,39.9743,-75.2264,2350.0,6,0,0,0,0,0,1,0,0,,0,0,0,22,3,5,1,,0,39 58:27.000,,0,75 13:34.908,4,0,0,0,67301,0,0,0,N,0,0,0,5,67301,5,,1,1,,N,N,,0,,0,0,0,3.0,2,,2230,5,2,0,0,0,0,0,3,4,0,2,3,,N,,,,,,,,,,,
2008061299,1543,1,0,0,0,0,0,0,0,0,1,0,,67,3,2008,1,39.9533,-75.1365,1539.0,6,0,0,0,0,0,1,0,0,,0,0,0,15,1,0,0,,0,39 57:11.974,,3,75 08:11.542,0,0,0,0,67301,0,0,0,N,0,0,0,3,67501,0,,1,1,,N,N,,0,,0,0,0,3.0,8,,1541,0,2,0,0,0,0,0,3,4,1,2,3,,N,,,,,,,,,,,
2008061005,1115,1,0,0,0,0,0,0,0,0,7,0,,67,3,2008,4,40.1186,-75.007,1106.0,6,0,0,0,0,0,1,0,0,1.0,0,0,0,11,1,0,2,,1,40 07:06.945,3.0,0,75 00:25.153,0,0,0,0,67301,0,0,0,N,0,0,0,1,67301,0,,4,98,,N,N,,0,,0,0,0,3.0,2,N,1100,0,1,0,0,0,0,0,3,4,0,1,7,,N,,,,,,,,,,,
2008061188,812,2,0,0,0,0,0,0,0,0,1,0,,67,3,2008,2,39.9534,-75.1716,808.0,6,0,0,0,0,0,2,0,0,,0,0,0,99,1,1,2,,0,39 57:12.163,,0,75 10:17.839,3,0,0,0,67301,0,0,0,N,0,0,0,3,67301,0,,1,1,,N,N,,0,,1,0,0,3.0,2,,9999,1,2,0,0,0,0,0,3,4,0,2,3,,N,,,,,,,,,,,
2008061192,930,0,0,0,0,0,0,1,0,0,5,1,,67,3,2008,3,40.0353,-75.0706,921.0,6,0,0,0,0,1,1,0,0,1.0,0,0,0,9,1,4,1,,1,40 02:07.083,4.0,0,75 04:14.554,3,0,0,0,67301,0,0,0,N,0,0,0,14,67301,3,,1,1,,N,N,,0,,1,0,1,3.0,2,N,921,4,2,0,0,0,0,0,3,4,0,2,3,,N,,,,,,,,,,,
2008059053,700,1,0,0,0,0,0,0,0,0,7,0,,67,4,2008,5,40.0266,-75.0681,647.0,6,0,0,0,0,0,0,0,0,,0,0,0,99,5,1,0,,0,40 01:35.609,,0,75 04:05.126,8,0,0,0,67301,0,0,0,N,0,0,0,1,67301,0,,5,1,,N,N,,0,,0,0,0,2.0,2,,9999,1,1,0,0,0,1,0,3,4,0,1,3,,N,,,,,,,,,,,
2008059214,1206,1,0,0,0,0,0,0,0,0,4,0,,67,3,2008,4,39.9917,-75.1856,1155.0,6,0,0,0,0,0,0,0,0,,0,0,0,11,1,0,1,,0,39 59:30.115,,0,75 11:08.190,0,0,0,0,67301,0,0,0,N,0,0,0,3,67301,0,,1,9,,N,N,,0,,0,0,1,3.0,2,,1145,0,2,0,0,0,0,0,3,4,0,2,7,,N,,,,,,,,,,,
2008059289,117,1,0,0,1,0,0,0,0,0,4,0,,67,3,2008,7,39.9634,-75.1694,115.0,6,0,0,0,0,0,0,0,0,,0,0,0,1,3,1,1,,0,39 57:48.217,,0,75 10:09.870,4,0,0,0,67301,1,0,0,N,0,0,0,2,67301,1,,1,1,,N,N,,0,,0,0,0,3.0,2,,114,1,2,0,0,0,0,0,3,4,0,1,3,,N,,,,,,,,,,,
2008059092,105,2,0,0,0,0,0,0,0,0,4,0,,67,4,2008,1,39.9561,-75.1998,102.0,6,0,0,0,0,0,0,0,0,,0,0,0,1,3,1,2,,0,39 57:21.945,,0,75 11:59.211,4,0,0,0,67301,0,0,0,,0,0,0,2,67301,1,,1,1,,,,,0,,0,0,0,9.0,3,,100,1,2,0,0,0,0,0,3,4,0,2,3,,N,,,,,,,,,,,
2008059190,1300,1,0,0,0,0,0,0,0,0,7,0,,67,3,2008,7,40.0063,-75.1939,1252.0,6,0,0,0,0,0,0,0,0,1.0,0,0,0,12,1,0,7,,1,40 00:23.964,4.0,8,75 11:36.714,0,0,0,0,67301,0,0,0,N,0,0,0,1,67301,0,,2,1,,N,N,,0,,0,0,0,3.0,8,N,1246,0,1,0,0,0,0,0,3,4,0,1,3,,N,,,,,,,,,,,
2008053996,1829,1,0,0,0,0,0,0,0,0,6,0,,67,3,2008,4,40.0267,-75.0461,1827.0,6,0,0,0,0,0,0,0,0,,0,0,0,18,3,2,1,,0,40 01:36.264,,0,75 02:45.952,8,0,0,0,67301,0,0,0,N,0,0,0,2,67301,0,,1,1,,N,N,,0,,0,0,1,3.0,3,,1807,2,2,0,0,0,2,0,3,4,0,2,3,,N,,,,,,,,,,,
2008054231,1342,2,0,0,0,0,0,0,0,0,1,0,,67,2,2008,1,39.9596,-75.1755,1338.0,6,0,0,0,0,0,0,0,0,1.0,0,0,0,13,1,0,0,,1,39 57:36.248,4.0,0,75 10:45.840,0,0,0,0,67301,0,0,0,N,0,0,0,5,67301,0,,1,1,,N,N,,1,,0,0,0,0.0,0,N,1335,0,3,0,0,0,0,0,3,4,0,3,3,,N,,,,,,,,,,,
2008048946,2024,1,0,0,0,0,0,0,0,0,1,0,,67,4,2008,3,39.9802,-75.2693,2024.0,6,0,0,0,0,0,1,0,0,,0,0,0,20,3,0,1,,0,39 58:48.738,,0,75 16:09.461,0,0,0,0,67301,0,0,0,N,0,0,0,3,46104,0,,1,1,,N,N,,0,,0,0,1,3.0,2,,2024,0,2,0,0,0,0,0,3,4,0,2,3,,N,,,,,,,,,,,
2008051634,1935,2,0,0,0,0,0,0,0,0,4,0,,67,2,2008,1,39.9333,-75.1434,1928.0,6,0,0,0,0,0,1,0,0,,0,0,0,17,2,2,1,,0,39 55:59.902,,0,75 08:36.154,4,0,0,0,67301,0,0,0,,0,0,0,4,67301,2,,4,9,,N,N,,0,,0,0,0,0.0,0,,1720,2,2,0,0,3,0,0,3,4,0,2,7,,N,,,,,,,,,,,
2008051793,1735,0,0,0,0,0,0,1,0,0,7,1,,67,3,2008,4,40.0331,-75.1706,1730.0,6,0,0,0,0,0,0,0,0,,0,0,0,17,1,4,1,,0,40 01:59.290,,0,75 10:14.198,4,0,0,0,67301,0,0,0,,0,0,0,5,67301,4,,2,1,,N,N,,0,,0,0,0,3.0,2,,1720,4,1,0,0,0,0,0,3,4,0,1,3,,N,,,,,,,,,,,
2008051732,1012,1,0,0,0,0,0,1,0,0,4,1,,67,2,2008,5,39.9205,-75.2139,1009.0,6,0,0,0,0,1,1,0,0,9.0,0,0,0,10,1,11,0,,1,39 55:13.641,1.0,0,75 12:49.924,3,0,0,0,67301,0,0,0,N,0,0,0,12,67301,10,,1,1,,N,N,,1,,1,0,0,0.0,0,N,1007,11,4,0,0,0,0,0,3,4,1,4,3,,N,,,,,,,,,,,
2008049351,226,1,0,0,0,0,0,0,0,0,7,0,,67,4,2008,3,39.9811,-75.2065,216.0,6,0,0,0,0,0,0,0,0,1.0,0,0,0,2,3,0,0,,1,39 58:55.418,4.0,0,75 12:26.709,0,0,0,0,67301,0,0,0,N,0,0,0,1,68K01,0,,3,9,,N,N,,0,,0,0,0,0.0,0,N,215,0,1,0,0,0,0,0,3,4,0,1,7,,N,,,,,,,,,,,
2008049342,1512,1,0,0,0,0,0,0,0,0,1,0,,67,3,2008,1,39.9929,-75.2004,1505.0,6,0,0,0,0,1,0,0,0,,0,0,0,15,1,0,0,,0,39 59:37.343,,0,75 11:57.573,0,0,0,0,67301,0,0,0,N,0,0,0,3,68K01,0,,1,1,,N,N,,1,,0,0,0,0.0,0,,1503,0,2,0,0,0,0,0,3,4,0,2,3,,N,,,,,,,,,,,
2008015388,1859,0,0,0,0,0,0,0,0,0,7,0,,67,1,2008,1,39.9318,-75.1998,1854.0,6,0,0,0,0,0,0,0,0,,0,0,0,18,3,1,0,,0,39 55:56.000,,0,75 11:59.995,4,0,0,0,67301,0,0,0,N,0,0,0,1,68K01,1,,2,9,,N,N,,1,,0,0,0,0.0,0,,1852,1,1,0,0,0,0,0,3,4,0,1,7,,N,,,,,,,,,,,
2008068021,145,1,0,0,0,0,0,0,0,0,7,0,,67,6,2008,1,39.9985,-75.0825,138.0,6,0,0,0,0,0,0,0,0,,0,0,0,1,3,0,0,,0,39 59:45.220,,2,75 04:58.210,0,0,0,0,67301,0,0,0,N,0,0,0,1,68K01,0,,2,1,,N,N,,0,,0,0,0,0.0,0,,127,0,1,0,0,0,0,0,3,4,0,1,3,,N,,,,,,,,,,,
2008050212,1339,1,0,0,0,0,0,0,0,0,8,0,,67,2,2008,7,40.0954,-74.9597,1335.0,6,0,0,0,0,0,0,0,0,,0,0,0,13,1,1,0,,0,40 05:43.241,,7,74 57:34.970,4,0,0,0,67301,1,0,0,N,1,0,0,2,67301,1,,1,1,,N,N,,0,,0,0,0,3.0,2,,1330,1,2,0,0,0,0,0,3,4,0,1,3,,N,,,,,,,,,,,
2008047916,1800,1,0,0,0,0,0,0,0,0,5,0,,67,1,2008,4,39.9626,-75.2467,1750.0,6,0,0,0,0,0,0,0,0,,0,0,0,15,1,1,1,,0,39 57:45.461,,0,75 14:48.589,4,0,0,0,67301,0,0,0,,0,0,0,2,67301,1,,1,1,,,,,0,,0,0,0,3.0,2,,1500,1,2,0,0,0,0,0,3,4,1,2,3,,N,,,,,,,,,,,
2008047835,1100,2,0,0,0,0,0,0,0,0,5,0,,67,1,2008,1,40.0052,-75.1964,1056.0,6,0,0,0,0,0,0,0,0,,0,0,0,10,1,1,3,,0,40 00:16.948,,2,75 11:45.336,4,0,0,0,67301,0,0,0,N,0,0,0,3,68K01,1,,1,1,,N,N,,0,,0,0,0,0.0,0,,1056,1,2,0,0,0,0,0,3,4,0,2,3,,N,,,,,,,,,,,