CRN,ARRIVAL_TM,AUTOMOBILE_COUNT,BELTED_DEATH_COUNT,BELTED_SUSP_SERIOUS_INJ_COUNT,BICYCLE_COUNT,BICYCLE_DEATH_COUNT,BICYCLE_SUSP_SERIOUS_INJ_COUNT,BUS_COUNT,CHLDPAS_DEATH_COUNT,CHLDPAS_SUSP_SERIOUS_INJ_COUNT,COLLISION_TYPE,COMM_VEH_COUNT,CONS_ZONE_SPD_LIM,COUNTY,CRASH_MONTH,CRASH_YEAR,DAY_OF_WEEK,DEC_LAT,DEC_LONG,DISPATCH_TM,DISTRICT,DRIVER_COUNT_16YR,DRIVER_COUNT_17YR,DRIVER_COUNT_18YR,DRIVER_COUNT_19YR,DRIVER_COUNT_20YR,DRIVER_COUNT_50_64YR,DRIVER_COUNT_65_74YR,DRIVER_COUNT_75PLUS,EST_HRS_CLOSED,FATAL_COUNT,HEAVY_TRUCK_COUNT,HORSE_BUGGY_COUNT,HOUR_OF_DAY,ILLUMINATION,INJURY_COUNT,INTERSECT_TYPE,INTERSECTION_RELATED,LANE_CLOSED,LATITUDE,LN_CLOSE_DIR,LOCATION_TYPE,LONGITUDE,MAX_SEVERITY_LEVEL,MCYCLE_DEATH_COUNT,MCYCLE_SUSP_SERIOUS_INJ_COUNT,MOTORCYCLE_COUNT,MUNICIPALITY,NONMOTR_COUNT,NONMOTR_DEATH_COUNT,NONMOTR_SUSP_SERIOUS_INJ_COUNT,NTFY_HIWY_MAINT,PED_COUNT,PED_DEATH_COUNT,PED_SUSP_SERIOUS_INJ_COUNT,PERSON_COUNT,POLICE_AGCY,POSSIBLE_INJ_COUNT,RDWY_SURF_TYPE_CD,RELATION_TO_ROAD,ROAD_CONDITION,ROADWAY_CLEARED,SCH_BUS_IND,SCH_ZONE_IND,SECONDARY_CRASH,SMALL_TRUCK_COUNT,SPEC_JURIS_CD,SUSP_MINOR_INJ_COUNT,SUSP_SERIOUS_INJ_COUNT,SUV_COUNT,TCD_FUNC_CD,TCD_TYPE,TFC_DETOUR_IND,TIME_OF_DAY,TOT_INJ_COUNT,TOTAL_UNITS,UNB_DEATH_COUNT,UNB_SUSP_SERIOUS_INJ_COUNT,UNBELTED_OCC_COUNT,UNK_INJ_DEG_COUNT,UNK_INJ_PER_COUNT,URBAN_AREA,URBAN_RURAL,VAN_COUNT,VEHICLE_COUNT,WEATHER1,WEATHER2,WORK_ZONE_IND,WORK_ZONE_LOC,WORK_ZONE_TYPE,WORKERS_PRES,WZ_CLOSE_DETOUR,WZ_FLAGGER,WZ_LAW_OFFCR_IND,WZ_LN_CLOSURE,WZ_MOVING,WZ_OTHER,WZ_SHLDER_MDN,WZ_WORKERS_INJ_KILLED
2008045545,1245,1,0,0,0,0,0,0,0,0,4,0,,67,1,2008,3,40.0766,-75.0851,1230.0,6,0,0,0,0,0,0,0,1,,0,0,0,12,1,1,0,,0,40 04:35.000,,0,75 05:06.523,8,0,0,0,67301,0,0,0,N,0,0,0,1,67301,0,,1,1,,N,N,,0,,0,0,1,0.0,0,,1222,1,2,0,0,0,1,0,3,4,0,2,3,,N,,,,,,,,,,,
2008040548,155,2,0,0,0,0,0,0,0,0,2,0,,67,2,2008,7,40.0465,-75.1363,145.0,6,0,0,0,0,0,0,0,0,,0,0,0,1,3,1,1,,0,40 02:47.000,,0,75 08:10.793,3,0,0,0,67301,0,0,0,N,0,0,0,2,67301,0,,1,9,,N,N,,0,,1,0,0,3.0,2,,130,1,2,0,0,0,0,1,3,4,0,2,3,,N,,,,,,,,,,,
2008053016,2032,3,0,0,0,0,0,0,0,0,2,0,,67,1,2008,7,39.9878,-75.1806,2024.0,6,0,0,0,0,0,0,0,0,,0,0,0,20,3,0,1,,0,39 59:16.194,,0,75 10:50.094,0,0,0,0,67301,0,0,0,,0,0,0,3,67301,0,,1,9,,N,N,,0,,0,0,0,9.0,2,,2024,0,3,0,0,0,0,0,3,4,0,3,7,,N,,,,,,,,,,,
2008050909,823,1,0,0,0,0,0,0,0,0,8,0,,67,3,2008,5,39.9704,-75.149,819.0,6,0,0,0,0,0,1,0,0,,0,0,0,8,1,1,1,,0,39 58:13.436,,0,75 08:56.371,8,0,0,0,67301,1,0,0,N,1,0,0,2,67301,0,,1,1,,N,N,,0,,0,0,0,3.0,2,,818,1,2,0,0,0,1,0,3,4,0,1,3,,N,,,,,,,,,,,
2008050773,1921,1,0,0,0,0,0,0,0,0,8,0,,67,3,2008,3,39.9384,-75.2189,1911.0,6,0,0,0,0,0,0,0,0,1.0,0,0,0,99,4,1,1,,1,39 56:18.225,4.0,0,75 13:07.971,4,0,0,0,67301,1,0,0,N,1,0,0,2,67301,1,,1,1,,N,N,,0,,0,0,0,3.0,3,Y,9999,1,2,0,0,0,0,0,3,4,0,1,3,,N,,,,,,,,,,,
2008044056,1908,2,0,0,0,0,0,0,0,0,4,0,,67,1,2008,7,40.0745,-75.035,1908.0,6,0,0,0,0,1,0,0,0,,0,0,0,19,3,1,1,,0,40 04:28.000,,0,75 02:05.822,8,0,0,0,67301,0,0,0,N,0,0,0,2,67301,0,,1,1,,N,N,,0,,0,0,0,3.0,2,,1908,1,2,0,0,0,1,0,3,4,0,2,3,,N,,,,,,,,,,,
2008043939,1330,1,0,0,0,0,0,0,0,0,8,0,,67,1,2008,2,39.9329,-75.1702,1326.0,6,0,0,0,0,0,0,0,0,,0,0,0,13,1,1,0,,0,39 55:58.310,,0,75 10:12.727,8,0,0,0,67301,1,0,0,,1,0,0,2,67301,0,,1,1,,,,,0,,0,0,0,0.0,0,,1320,1,2,0,0,0,1,1,3,4,0,1,3,,N,,,,,,,,,,,
2008069311,226,0,0,0,0,0,0,0,0,0,8,0,,67,4,2008,6,39.9625,-75.2387,222.0,6,0,0,0,0,0,0,0,0,,0,0,0,2,3,1,0,,0,39 57:45.136,,0,75 14:19.335,8,0,0,0,67301,1,0,0,,1,0,0,2,67301,0,,1,1,,,,,1,,0,0,0,0.0,0,,222,1,2,0,0,0,1,0,3,4,0,1,3,,N,,,,,,,,,,,
2008121070,809,3,0,0,0,0,0,0,0,0,5,0,,67,9,2008,1,39.9449,-75.2127,808.0,6,0,0,0,0,0,0,0,0,,0,0,0,6,3,0,2,,0,39 56:41.625,,0,75 12:45.723,9,0,0,0,67301,0,0,0,N,0,0,0,1,67301,0,,1,1,,N,N,,0,,0,0,0,3.0,2,,601,0,3,0,0,0,0,1,3,4,0,3,3,,N,,,,,,,,,,,
2008082485,1706,1,0,0,0,0,0,0,0,0,4,0,,67,5,2008,6,39.953,-75.1603,1702.0,6,0,0,1,0,0,0,0,0,,0,0,0,16,1,1,0,,0,39 57:10.940,,0,75 09:37.134,2,0,1,1,67301,0,0,0,N,0,0,0,2,67301,0,,1,1,,N,N,,0,,0,1,0,0.0,0,,1655,1,2,0,0,0,0,0,3,4,0,2,3,,N,,,,,,,,,,,
2008072069,1952,0,0,0,0,0,0,0,0,0,4,0,,67,5,2008,6,39.9557,-75.1445,1950.0,6,0,0,0,0,0,1,0,0,,0,0,0,19,4,1,0,,0,39 57:20.624,,0,75 08:40.135,3,0,0,1,67301,0,0,0,N,0,0,0,3,67301,0,,1,1,,N,N,,0,,1,0,1,0.0,0,,1945,1,2,0,0,0,0,0,3,4,0,2,3,,N,,,,,,,,,,,
2008069654,831,1,0,0,1,0,0,0,0,0,4,0,,67,4,2008,5,39.9682,-75.1514,831.0,6,0,0,0,0,0,0,0,0,,0,0,0,8,1,1,0,,0,39 58:05.668,,0,75 09:04.955,4,0,0,0,67301,1,0,0,,0,0,0,3,67301,1,,1,1,,,,,0,,0,0,0,3.0,2,,830,1,2,0,0,0,0,0,3,4,0,1,3,,N,,,,,,,,,,,
2008109356,1221,0,0,0,0,0,0,0,0,0,5,1,,67,9,2008,2,39.9456,-75.1901,1221.0,6,0,0,0,0,0,1,0,0,2.0,0,1,0,12,1,0,7,,2,39 56:44.160,4.0,2,75 11:24.250,0,0,0,0,67301,0,0,0,N,0,0,0,2,68K01,0,,1,1,,N,N,,0,,0,0,1,0.0,0,N,1209,0,2,0,0,0,0,0,3,4,0,2,3,,N,,,,,,,,,,,
2008120121,1610,0,0,0,0,0,0,0,0,0,1,2,,67,9,2008,4,40.0847,-75.0251,1546.0,6,0,0,0,0,0,1,0,0,2.0,0,2,0,99,1,1,2,,1,40 05:05.280,2.0,0,75 01:30.000,4,0,0,0,67301,0,0,0,N,0,0,0,2,67301,1,,1,1,,N,N,,0,,0,0,0,3.0,2,N,9999,1,2,0,0,0,0,0,3,4,0,2,3,,N,,,,,,,,,,,
2008127369,1651,2,0,0,0,0,0,0,0,0,1,0,,67,11,2008,6,39.9546,-75.1408,1645.0,6,0,0,0,0,0,2,0,0,1.0,0,0,0,16,1,0,0,,2,39 57:16.960,1.0,1,75 08:26.856,0,0,0,0,67301,0,0,0,N,0,0,0,3,68K01,0,,1,1,,N,N,,0,,0,0,1,0.0,0,N,1643,0,3,0,0,0,0,0,3,4,0,3,3,,N,,,,,,,,,,,
2008119760,2047,1,0,0,0,0,0,0,0,0,8,0,,67,9,2008,1,40.0304,-75.1565,2040.0,6,0,0,0,0,0,0,0,0,,0,0,0,20,3,1,2,,0,40 01:49.389,,0,75 09:23.417,4,0,0,0,67301,1,0,0,N,1,0,0,2,67301,1,,2,1,,N,N,,0,,0,0,0,0.0,0,,2000,1,2,0,0,0,0,0,3,4,0,1,3,,N,,,,,,,,,,,
2008119770,1525,0,0,0,0,0,0,0,0,0,8,0,,67,9,2008,6,39.976,-75.2394,1525.0,6,0,0,0,0,0,0,0,0,,0,0,0,15,1,1,1,,0,39 58:33.654,,0,75 14:21.883,4,0,0,0,67301,1,0,0,N,1,0,0,2,67301,1,,1,9,,N,N,,0,,0,0,0,0.0,0,,1520,1,2,0,0,0,0,1,3,4,1,1,7,,N,,,,,,,,,,,
2008132817,950,2,0,0,0,0,0,0,0,0,1,0,,67,12,2008,2,39.9816,-75.2072,950.0,6,0,0,0,0,1,0,0,0,,0,0,0,9,1,1,0,,0,39 58:57.330,,0,75 12:28.480,4,0,0,0,67301,0,0,0,N,0,0,0,2,68K01,1,,1,9,,N,N,,0,,0,0,0,0.0,0,,941,1,2,0,0,0,0,1,3,4,0,2,3,,N,,,,,,,,,,,
2008026691,2150,2,0,0,0,0,0,0,0,0,4,0,,67,1,2008,7,40.0096,-75.1803,2137.0,6,0,0,0,0,1,0,0,0,,0,0,0,21,3,1,2,,0,40 00:34.000,,0,75 10:49.506,4,0,0,0,67301,0,0,0,N,0,0,0,2,67301,1,,1,9,,N,N,,0,,0,0,0,3.0,2,,2130,1,2,0,0,0,0,0,3,4,0,2,7,,N,,,,,,,,,,,
2008056981,1239,2,0,0,0,0,0,0,0,0,1,0,,67,5,2008,6,39.966,-75.1868,1239.0,6,0,0,0,0,0,1,0,0,1.0,0,0,0,12,1,1,0,,2,39 57:56.880,3.0,0,75 11:11.400,4,0,0,0,67301,0,0,0,N,0,0,0,3,68K01,1,,1,1,,N,N,,0,,0,0,0,0.0,0,N,1239,1,2,0,0,1,0,0,3,4,0,2,3,,N,,,,,,,,,,,
2008056272,2058,0,0,0,0,0,0,0,0,0,8,0,,67,4,2008,1,40.0494,-74.9964,2058.0,6,0,0,0,0,0,0,0,0,2.0,0,0,0,20,3,1,0,,1,40 02:57.880,2.0,0,74 59:46.798,3,0,0,0,67301,1,0,0,N,1,0,0,2,68K01,0,,2,1,,N,N,,0,,1,0,0,0.0,0,N,2058,1,2,0,0,0,0,0,3,4,0,1,3,,N,,,,,,,,,,,
2008051628,1800,1,0,0,0,0,0,0,0,0,7,0,,67,2,2008,3,40.0178,-75.2022,1757.0,6,0,0,0,0,0,0,0,0,,0,0,0,17,3,1,0,,0,40 01:03.924,,0,75 12:07.826,4,0,0,0,67301,0,0,0,N,0,0,0,1,67301,1,,5,9,,N,N,,0,,0,0,0,0.0,0,,1757,1,1,0,0,0,0,0,3,4,0,1,7,5.0,N,,,,,,,,,,,
2008051723,1305,1,0,0,0,0,0,0,0,0,1,0,,67,2,2008,5,,,1258.0,6,0,0,0,0,0,0,0,0,,0,0,0,12,1,0,0,,0,,,0,,0,0,0,0,67301,0,0,0,N,0,0,0,2,67301,0,,1,1,,N,N,,1,,0,0,0,0.0,0,,1245,0,2,0,0,0,0,0,3,3,0,2,3,,N,,,,,,,,,,,
2008031152,1140,1,0,0,0,0,0,0,0,0,8,0,,67,1,2008,4,40.0418,-75.1921,1135.0,6,0,0,0,0,0,0,0,0,,0,0,0,11,1,1,2,,0,40 02:30.000,,0,75 11:31.575,3,0,0,0,67301,1,0,0,,1,0,0,2,67301,0,,1,1,,N,N,,0,,1,0,0,3.0,2,,1131,1,2,0,0,0,0,0,3,4,0,1,3,,N,,,,,,,,,,,
2008068019,946,1,0,0,0,0,0,0,0,0,1,0,,67,5,2008,4,39.958,-75.1632,934.0,6,0,0,0,0,0,0,0,0,,0,0,0,9,1,1,0,,0,39 57:28.659,,0,75 09:47.790,4,0,0,0,67301,0,0,0,N,0,0,0,2,68K01,1,,1,1,,N,N,,1,,0,0,0,0.0,0,,930,1,2,0,0,0,0,0,3,4,0,2,3,,N,,,,,,,,,,,
2008050146,1742,3,0,0,0,0,0,0,0,0,1,0,,67,4,2008,7,39.9939,-75.1993,1742.0,6,0,0,0,1,0,0,0,0,,0,0,0,17,1,1,0,,0,39 59:41.173,,0,75 11:54.235,8,0,0,0,67301,0,0,0,N,0,0,0,5,68K01,0,,1,1,,N,N,,0,,0,0,0,0.0,0,,1742,1,3,0,0,0,1,0,3,4,0,3,3,,N,,,,,,,,,,,
2008052787,211,1,0,0,0,0,0,0,0,0,1,0,,67,2,2008,2,39.9584,-75.1669,158.0,6,0,0,0,0,0,0,0,0,4.0,2,0,0,1,2,0,0,,2,39 57:30.121,3.0,0,75 10:00.040,1,0,0,0,67301,2,2,0,N,2,2,0,5,67301,0,1.0,1,9,,N,N,,1,0.0,0,0,0,0.0,0,Y,156,0,4,0,0,0,0,0,3,4,0,2,7,,N,,,,,,,,,,,
2008047511,1658,3,0,0,0,0,0,0,0,0,1,0,,67,3,2008,7,39.9494,-75.1844,1658.0,6,0,0,0,0,0,0,0,0,1.0,0,0,0,16,4,5,6,,1,39 56:57.660,4.0,2,75 11:03.980,3,0,0,0,67301,0,0,0,N,0,0,0,8,68K01,0,,1,9,,N,N,,0,,1,0,0,0.0,0,N,1655,5,3,0,0,2,4,0,3,4,0,3,3,,N,,,,,,,,,,,
2008047919,1430,1,0,0,0,0,0,0,0,0,4,0,,67,1,2008,6,39.9492,-75.2231,1416.0,6,0,0,0,0,0,1,0,0,,0,0,0,14,1,1,1,,0,39 56:57.213,,0,75 13:23.152,4,0,0,0,67301,0,0,0,,0,0,0,5,67301,1,,1,1,,N,,,1,,0,0,0,3.0,3,,1416,1,2,0,0,0,0,0,3,4,0,2,3,,N,,,,,,,,,,,
2008045587,941,1,0,0,0,0,0,0,0,0,7,0,,67,2,2008,7,39.9036,-75.1505,941.0,6,0,0,0,0,1,0,0,0,,0,0,0,9,1,0,0,,0,39 54:13.105,,0,75 09:01.699,0,0,0,0,67301,0,0,0,N,0,0,0,2,67301,0,,3,1,,N,N,,0,,0,0,0,0.0,0,,941,0,1,0,0,0,0,0,3,4,0,1,3,,N,,,,,,,,,,,
2008045458,1219,2,0,0,0,0,0,0,0,0,2,0,,67,1,2008,6,39.9702,-75.1597,1218.0,6,0,0,0,1,0,1,0,0,,0,0,0,12,1,1,1,,0,39 58:12.000,,0,75 09:34.731,4,0,0,0,67301,0,0,0,,0,0,0,3,67301,1,,1,1,,N,N,,1,,0,0,0,3.0,2,,1215,1,3,0,0,0,0,0,3,4,0,3,3,,N,,,,,,,,,,,
2008043085,1724,0,0,0,0,0,0,0,0,0,1,0,,67,3,2008,4,39.9902,-75.0868,1721.0,6,0,0,0,0,0,0,0,0,2.0,0,0,0,17,1,1,0,,1,39 59:24.950,1.0,0,75 05:12.411,8,0,0,0,67301,0,0,0,N,0,0,0,2,68K01,0,,1,1,,N,N,,0,,0,0,1,0.0,0,N,1715,1,2,0,0,0,1,0,3,4,1,2,3,,N,,,,,,,,,,,
2008040764,1415,1,0,0,0,0,0,0,0,0,1,0,,67,2,2008,6,40.0209,-75.1401,1130.0,6,0,0,0,0,0,0,0,0,,0,0,0,11,1,1,1,,0,40 01:15.609,,0,75 08:23.308,8,0,0,0,67301,0,0,0,,0,0,0,2,67301,0,,1,1,,,,,0,,0,0,0,3.0,2,,1130,1,2,0,0,1,1,0,3,4,1,2,3,,N,,,,,,,,,,,
2008050510,1928,1,0,0,0,0,0,0,0,0,7,0,,67,3,2008,6,39.9803,-75.2141,1925.0,6,0,0,0,0,0,0,0,0,4.0,0,0,0,19,1,0,1,,1,39 58:48.720,1.0,0,75 12:50.760,9,0,0,0,67301,0,0,0,,0,0,0,2,67301,0,,2,9,,N,N,,0,,0,0,0,3.0,2,N,1925,0,1,0,0,0,0,1,3,4,0,1,7,,N,,,,,,,,,,,
2008050576,9999,1,0,0,0,0,0,0,0,0,4,0,,67,2,2008,5,40.0076,-75.1233,1001.0,6,0,0,0,0,0,0,0,0,,0,0,0,9,1,2,0,,0,40 00:27.455,,0,75 07:24.061,8,0,0,0,67301,0,0,0,N,0,0,0,2,67301,0,,1,1,,N,N,,0,,0,0,2,0.0,0,,959,2,3,0,0,0,2,0,3,4,0,3,3,,N,,,,,,,,,,,
2008050732,1359,2,0,0,0,0,0,0,0,0,5,0,,67,3,2008,1,40.0295,-75.1033,1352.0,6,0,0,0,0,0,0,0,0,2.0,0,0,0,13,1,0,2,,1,40 01:46.177,1.0,6,75 06:12.061,0,0,0,0,67301,0,0,0,N,0,0,0,2,67301,0,,1,1,,N,N,,0,,0,0,0,3.0,2,N,1350,0,2,0,0,0,0,0,3,4,0,2,3,,N,,,,,,,,,,,
2008050739,1805,1,0,0,0,0,0,0,0,0,8,0,,67,2,2008,2,39.9612,-75.1748,1719.0,6,0,0,0,0,0,1,0,0,,0,0,0,17,6,1,1,,0,39 57:40.918,,0,75 10:30.473,4,0,0,0,67301,1,0,0,N,1,0,0,2,67301,1,,1,9,,N,N,,0,,0,0,0,9.0,2,,1715,1,2,0,0,0,0,0,3,4,0,1,7,,N,,,,,,,,,,,
2008050899,2245,1,0,0,0,0,0,0,0,0,4,0,,67,2,2008,6,39.9885,-75.1404,2237.0,6,0,0,0,0,0,0,0,0,,0,0,0,22,3,1,0,,0,39 59:18.700,,0,75 08:25.420,3,0,0,0,67301,0,0,0,N,0,0,0,2,67301,0,,6,9,,N,N,,1,,1,0,0,0.0,0,,2235,1,2,0,0,1,0,0,3,4,0,2,98,,N,,,,,,,,,,,
2008048172,632,1,0,0,0,0,0,1,0,0,4,0,,67,1,2008,2,39.9787,-75.1578,630.0,6,0,0,0,0,0,2,0,0,1.0,0,0,0,6,5,3,1,,1,39 58:43.231,1.0,0,75 09:28.092,8,0,0,0,67301,0,0,0,N,0,0,0,4,67301,0,,1,9,,N,N,,0,,0,0,0,3.0,2,Y,628,3,2,0,0,0,3,1,3,4,0,2,98,,N,,,,,,,,,,,
2008050804,1835,2,0,0,0,0,0,0,0,0,1,0,,67,2,2008,5,40.0489,-75.0451,1829.0,6,0,1,0,0,0,0,0,0,,0,0,0,99,3,0,1,,0,40 02:55.935,,0,75 02:42.511,9,0,0,0,67301,0,0,0,N,0,0,0,4,67301,0,,2,1,,N,N,,0,,0,0,0,0.0,0,,9999,0,2,0,0,0,0,4,3,4,0,2,3,,N,,,,,,,,,,,
2008050830,911,1,0,0,0,0,0,0,0,0,7,0,,67,2,2008,6,40.0449,-75.054,910.0,6,0,0,0,0,0,0,1,0,,0,0,0,8,1,1,0,,0,40 02:41.592,,0,75 03:14.545,4,0,0,0,67301,0,0,0,,0,0,0,1,67301,1,,3,7,,N,N,,0,,0,0,0,0.0,0,,847,1,1,0,0,0,0,0,3,4,0,1,10,,N,,,,,,,,,,,
2008050865,1445,2,0,0,0,0,0,0,0,0,4,0,,67,3,2008,1,39.9471,-75.1815,1505.0,6,0,0,0,0,0,1,1,0,,0,0,0,14,1,1,1,,0,39 56:49.729,,0,75 10:53.529,8,0,0,0,67301,0,0,0,N,0,0,0,2,67301,0,,1,1,,N,N,,0,,0,0,0,0.0,0,,1445,1,2,0,0,2,1,0,3,4,0,2,3,,N,,,,,,,,,,,
2008045602,215,1,0,0,0,0,0,0,0,0,1,0,,67,2,2008,4,39.9669,-75.1337,211.0,6,0,0,0,0,0,0,0,0,1.0,0,0,0,2,3,1,0,,1,39 58:00.000,1.0,0,75 08:02.798,8,0,0,0,67301,0,0,0,N,0,0,0,2,67301,0,,1,2,,N,N,,0,,0,0,0,0.0,0,N,211,1,2,0,0,0,1,1,3,4,0,2,9,,N,,,,,,,,,,,
2008040794,1340,2,0,0,0,0,0,0,0,0,6,0,,67,1,2008,1,40.0361,-75.1277,1331.0,6,0,0,0,0,0,1,0,0,,0,0,0,13,1,0,1,,0,40 02:09.000,,0,75 07:39.767,0,0,0,0,67301,0,0,0,N,0,0,0,2,67301,0,,1,1,,N,N,,0,,0,0,0,2.0,2,,1320,0,2,0,0,0,0,0,3,4,0,2,3,,N,,,,,,,,,,,
2008044004,759,1,0,0,0,0,0,0,0,0,4,0,,67,1,2008,3,40.1167,-75.0199,759.0,6,0,0,0,0,0,0,0,0,3.0,0,0,0,7,1,4,1,,1,40 07:00.000,3.0,0,75 01:11.647,2,0,0,0,67301,0,0,0,,0,0,0,5,67301,3,,1,1,,N,N,,1,,0,1,0,3.0,2,Y,759,4,2,0,0,0,0,0,3,4,0,2,3,,N,,,,,,,,,,,
2008041299,1455,0,0,0,0,0,0,0,0,0,8,1,,67,2,2008,2,39.95,-75.1659,1438.0,6,0,0,0,0,0,0,0,0,,0,1,0,14,1,1,2,,0,39 56:59.874,,0,75 09:57.229,4,0,0,0,67301,1,0,0,N,1,0,0,2,67301,1,,1,1,,N,N,,0,,0,0,0,0.0,0,,1438,1,2,0,0,0,0,0,3,4,0,1,3,,N,,,,,,,,,,,
2008069289,1249,2,0,0,0,0,0,0,0,0,4,0,,67,2,2008,7,40.0235,-75.1716,1246.0,6,0,0,0,0,0,0,1,0,,0,0,0,12,1,2,0,,0,40 01:24.488,,0,75 10:17.839,4,0,0,0,67301,0,0,0,,0,0,0,3,67301,2,,1,1,,,,,0,,0,0,0,0.0,0,,1243,2,2,0,0,1,0,0,3,4,0,2,3,,N,,,,,,,,,,,
2008108976,1600,1,0,0,0,0,0,0,0,0,1,0,,67,8,2008,1,40.0637,-75.0425,1558.0,6,0,0,0,1,1,0,0,0,1.0,0,0,0,15,1,0,8,,1,40 03:48.600,2.0,6,75 02:33.360,0,0,0,0,67301,0,0,0,N,0,0,0,4,67301,0,,1,1,,N,N,,0,,0,0,1,0.0,0,N,1557,0,2,0,0,0,0,0,3,4,0,2,3,,N,,,,,,,,,,,
2008121059,359,1,0,0,0,0,0,0,0,0,7,0,,67,9,2008,7,40.0183,-75.1688,357.0,6,0,0,0,0,0,0,0,0,2.0,0,0,0,3,3,1,7,,2,40 01:05.635,1.0,2,75 10:07.657,4,0,0,0,67301,0,0,0,N,0,0,0,1,67301,1,,4,1,,N,N,,0,,0,0,0,0.0,0,Y,355,1,1,0,0,0,0,0,3,4,0,1,3,,N,,,,,,,,,,,
2008118562,847,1,0,0,0,0,0,0,0,0,8,0,,67,9,2008,3,39.9886,-75.1168,844.0,6,0,0,0,0,0,0,0,0,,0,0,0,8,1,1,1,,0,39 59:19.136,,0,75 07:00.379,4,0,0,0,67301,1,0,0,N,1,0,0,2,67301,1,,2,1,,N,N,,0,,0,0,0,2.0,3,,840,1,2,0,0,0,0,1,3,4,0,1,3,,N,,,,,,,,,,,
2008118613,1150,2,0,0,0,0,0,0,0,0,1,0,,67,9,2008,4,40.0693,-75.0072,1149.0,6,0,0,0,0,1,0,0,0,,0,0,0,11,1,0,0,,0,40 04:09.624,,0,75 00:25.883,0,0,0,0,67301,0,0,0,N,0,0,0,2,67301,0,,1,1,,N,N,,0,,0,0,0,0.0,0,,1141,0,2,0,0,0,0,0,3,4,0,2,3,,N,,,,,,,,,,,
2008121129,9999,1,0,0,0,0,0,0,0,0,8,0,,67,9,2008,2,39.9775,-75.1286,1519.0,6,0,0,0,0,0,1,0,0,,0,0,0,14,1,1,1,,0,39 58:39.093,,0,75 07:43.010,4,0,0,0,67301,1,0,0,N,1,0,0,2,67301,1,,1,1,,N,N,,0,,0,0,0,3.0,3,,1450,1,2,0,0,0,0,0,3,4,0,1,3,,N,,,,,,,,,,,
2008119658,1016,2,0,0,0,0,0,0,0,0,4,0,,67,9,2008,6,39.9633,-75.1611,1011.0,6,0,0,0,0,0,0,0,0,,0,0,0,10,1,1,2,,0,39 57:48.031,,0,75 09:40.062,3,0,0,0,67301,0,0,0,N,0,0,0,2,67301,0,,1,1,,N,N,,0,,1,0,0,3.0,3,,1005,1,2,0,0,1,0,0,3,4,0,2,3,,N,,,,,,,,,,,
2008119774,420,3,0,0,0,0,0,0,0,0,4,0,,67,9,2008,1,40.0006,-75.1329,420.0,6,0,0,0,0,0,0,0,0,,0,0,0,4,3,1,1,,0,40 00:02.271,,0,75 07:58.407,4,0,0,0,67301,0,0,0,N,0,0,0,2,67301,1,,1,1,,N,N,,0,,0,0,1,3.0,2,,420,1,5,0,0,0,0,0,3,4,1,5,3,,N,,,,,,,,,,,
2008122642,836,0,0,0,0,0,0,0,0,0,8,0,,67,9,2008,6,39.9753,-75.2455,828.0,6,0,0,0,0,0,0,0,0,,0,0,0,8,1,1,2,,0,39 58:31.258,,0,75 14:43.800,8,0,0,0,67301,1,0,0,N,1,0,0,2,67301,0,,1,1,,N,N,,0,,0,0,1,3.0,2,,825,1,2,0,0,0,1,0,3,4,0,1,3,,N,,,,,,,,,,,
2008122726,1516,2,0,0,0,0,0,1,0,0,2,1,,67,10,2008,7,40.029,-75.0892,1511.0,6,0,0,0,0,0,0,0,0,1.0,0,0,0,15,1,1,3,,1,40 01:44.349,1.0,0,75 05:21.035,8,0,0,0,67301,0,0,0,N,0,0,0,5,67301,0,,1,1,,N,N,,0,,0,0,0,3.0,2,N,1500,1,3,0,0,0,1,0,3,4,0,3,3,,N,,,,,,,,,,,
2008122729,302,2,0,0,0,0,0,0,0,0,5,0,,67,7,2008,3,40.06,-75.0122,259.0,6,0,0,0,0,0,0,0,0,9.0,1,0,0,3,3,0,0,,2,40 03:35.964,5.0,0,75 00:43.898,1,0,0,0,67301,0,0,0,N,0,0,0,1,67301,0,2.0,1,1,,N,N,,1,0.0,0,0,1,0.0,0,Y,310,0,5,1,0,1,0,0,3,4,1,5,3,,N,,,,,,,,,,,
2008132814,1456,1,0,0,0,0,0,0,0,0,7,0,,67,11,2008,1,39.9753,-75.1167,1444.0,6,0,0,0,1,0,0,0,0,1.0,0,0,0,14,1,0,0,,2,39 58:33.600,1.0,0,75 06:55.800,0,0,0,0,67301,0,0,0,N,0,0,0,1,68K01,0,,3,9,,N,N,,0,,0,0,0,0.0,0,N,1441,0,1,0,0,0,0,0,3,4,0,1,7,,N,,,,,,,,,,,
2008119896,655,2,0,0,0,0,0,0,0,0,5,0,,67,10,2008,4,40.078,-75.0237,650.0,6,0,0,0,0,0,2,0,0,1.0,0,0,0,6,5,2,2,,1,40 04:40.775,6.0,0,75 01:25.271,8,0,0,0,67301,0,0,0,,0,0,0,3,67301,0,,1,1,,N,N,,0,,0,0,1,3.0,2,N,650,2,3,0,0,0,2,0,3,4,0,3,3,,N,,,,,,,,,,,