CRN,ARRIVAL_TM,AUTOMOBILE_COUNT,BELTED_DEATH_COUNT,BELTED_SUSP_SERIOUS_INJ_COUNT,BICYCLE_COUNT,BICYCLE_DEATH_COUNT,BICYCLE_SUSP_SERIOUS_INJ_COUNT,BUS_COUNT,CHLDPAS_DEATH_COUNT,CHLDPAS_SUSP_SERIOUS_INJ_COUNT,COLLISION_TYPE,COMM_VEH_COUNT,CONS_ZONE_SPD_LIM,COUNTY,CRASH_MONTH,CRASH_YEAR,DAY_OF_WEEK,DEC_LAT,DEC_LONG,DISPATCH_TM,DISTRICT,DRIVER_COUNT_16YR,DRIVER_COUNT_17YR,DRIVER_COUNT_18YR,DRIVER_COUNT_19YR,DRIVER_COUNT_20YR,DRIVER_COUNT_50_64YR,DRIVER_COUNT_65_74YR,DRIVER_COUNT_75PLUS,EST_HRS_CLOSED,FATAL_COUNT,HEAVY_TRUCK_COUNT,HORSE_BUGGY_COUNT,HOUR_OF_DAY,ILLUMINATION,INJURY_COUNT,INTERSECT_TYPE,INTERSECTION_RELATED,LANE_CLOSED,LATITUDE,LN_CLOSE_DIR,LOCATION_TYPE,LONGITUDE,MAX_SEVERITY_LEVEL,MCYCLE_DEATH_COUNT,MCYCLE_SUSP_SERIOUS_INJ_COUNT,MOTORCYCLE_COUNT,MUNICIPALITY,NONMOTR_COUNT,NONMOTR_DEATH_COUNT,NONMOTR_SUSP_SERIOUS_INJ_COUNT,NTFY_HIWY_MAINT,PED_COUNT,PED_DEATH_COUNT,PED_SUSP_SERIOUS_INJ_COUNT,PERSON_COUNT,POLICE_AGCY,POSSIBLE_INJ_COUNT,RDWY_SURF_TYPE_CD,RELATION_TO_ROAD,ROAD_CONDITION,ROADWAY_CLEARED,SCH_BUS_IND,SCH_ZONE_IND,SECONDARY_CRASH,SMALL_TRUCK_COUNT,SPEC_JURIS_CD,SUSP_MINOR_INJ_COUNT,SUSP_SERIOUS_INJ_COUNT,SUV_COUNT,TCD_FUNC_CD,TCD_TYPE,TFC_DETOUR_IND,TIME_OF_DAY,TOT_INJ_COUNT,TOTAL_UNITS,UNB_DEATH_COUNT,UNB_SUSP_SERIOUS_INJ_COUNT,UNBELTED_OCC_COUNT,UNK_INJ_DEG_COUNT,UNK_INJ_PER_COUNT,URBAN_AREA,URBAN_RURAL,VAN_COUNT,VEHICLE_COUNT,WEATHER1,WEATHER2,WORK_ZONE_IND,WORK_ZONE_LOC,WORK_ZONE_TYPE,WORKERS_PRES,WZ_CLOSE_DETOUR,WZ_FLAGGER,WZ_LAW_OFFCR_IND,WZ_LN_CLOSURE,WZ_MOVING,WZ_OTHER,WZ_SHLDER_MDN,WZ_WORKERS_INJ_KILLED
2008135324,644,1,0,0,0,0,0,0,0,0,1,0,,67,11,2008,4,39.9325,-75.2,644.0,6,0,0,0,0,0,0,0,0,,0,0,0,6,1,0,3,,0,39 56:18.042,,2,75 11:51.584,0,0,0,0,67301,0,0,0,N,0,0,0,2,68K01,0,,1,1,,N,N,,0,,0,0,1,3.0,3,,640,0,2,0,0,0,0,0,3,4,0,2,3,,N,,,,,,,,,,,
2008132955,1930,3,0,0,0,0,0,0,0,0,6,0,,67,10,2008,1,39.9643,-75.2464,1915.0,6,0,0,0,1,0,1,0,0,,0,0,0,19,3,2,1,,0,39 57:51.443,,0,75 14:46.947,4,0,0,0,67301,0,0,0,N,0,0,0,5,67301,1,,1,1,,N,N,,1,,0,0,0,3.0,2,,1915,2,4,0,0,1,1,0,3,4,0,4,3,,N,,,,,,,,,,,
2008026707,9999,3,0,0,0,0,0,0,0,0,1,0,,67,1,2008,6,39.9235,-75.2296,9999.0,6,0,0,1,0,0,0,0,0,,0,0,0,12,1,1,2,,0,39 55:24.657,,0,75 13:46.624,8,0,0,0,67301,0,0,0,N,0,0,0,2,67301,0,,1,1,,N,N,,0,,0,0,0,0.0,0,,1224,1,3,0,0,0,1,1,3,4,0,3,3,,N,,,,,,,,,,,
2008035903,855,2,0,0,0,0,0,0,0,0,1,0,,67,3,2008,2,39.9696,-75.1267,839.0,6,0,0,0,0,0,0,1,0,,0,0,0,8,1,0,0,,0,39 58:05.000,,0,75 07:47.000,0,0,0,0,67301,0,0,0,N,0,0,0,2,68K01,0,,1,1,,N,N,,0,,0,0,0,0.0,0,,831,0,2,0,0,0,0,0,3,4,0,2,3,,N,,,,,,,,,,,
2008060868,522,1,0,0,0,0,0,0,0,0,1,0,,67,3,2008,2,39.9061,-75.1348,520.0,6,0,0,0,0,1,1,0,0,,0,0,0,5,5,0,0,,0,39 54:22.104,,0,75 08:05.112,0,0,0,0,67301,0,0,0,N,0,0,0,3,67501,0,,1,1,,N,N,,1,,0,0,0,3.0,8,,520,0,2,0,0,0,0,0,3,4,0,2,3,,N,,,,,,,,,,,
2008061193,1650,0,0,0,0,0,0,0,0,0,8,0,,67,4,2008,6,40.0574,-75.0768,1645.0,6,0,0,0,0,0,0,0,0,,0,0,0,16,1,1,1,,0,40 03:26.474,,0,75 04:36.598,4,0,0,0,67301,1,0,0,N,1,0,0,2,67301,1,,1,1,,N,N,,0,,0,0,1,3.0,2,,1620,1,2,0,0,0,0,1,3,4,0,1,3,,N,,,,,,,,,,,
2008059209,2225,2,0,0,0,0,0,0,0,0,4,0,,67,3,2008,7,40.008,-75.1918,2230.0,6,0,0,0,0,0,0,0,0,,0,0,0,99,3,6,7,,0,40 00:28.800,,2,75 11:30.480,3,0,0,0,67301,0,0,0,,0,0,0,6,67301,4,,1,1,,,,,0,,2,0,0,3.0,2,,9999,6,2,0,0,1,0,0,3,4,0,2,3,,N,,,,,,,,,,,
2008059101,2220,1,0,0,0,0,0,0,0,0,7,0,,67,4,2008,6,39.933,-75.2383,159.0,6,0,0,0,0,0,0,0,0,,0,0,0,1,3,0,2,,0,39 55:58.789,,0,75 14:17.593,0,0,0,0,67301,0,0,0,,0,0,0,1,67301,0,,4,9,,,,,0,,0,0,0,0.0,0,,155,0,1,0,0,0,0,0,3,4,0,1,7,,N,,,,,,,,,,,
2008054214,1019,0,0,0,0,0,0,0,0,0,6,0,,67,1,2008,5,39.98,-75.1161,1014.0,6,0,0,0,0,0,0,0,0,,0,0,0,10,1,0,1,,0,39 58:48.215,,0,75 06:57.922,0,0,0,0,67301,0,0,0,N,0,0,0,2,67301,0,,1,1,,N,N,,1,,0,0,1,3.0,2,,1012,0,2,0,0,0,0,0,3,4,0,2,3,,N,,,,,,,,,,,
2008054228,853,2,0,0,0,0,0,0,0,0,4,0,,67,1,2008,4,39.9654,-75.1608,853.0,6,0,0,0,0,0,1,0,0,,0,0,0,8,1,0,0,,0,39 57:55.171,,0,75 09:39.000,9,0,0,0,67301,0,0,0,N,0,0,0,2,67301,0,,1,9,,N,N,,0,,0,0,0,0.0,0,,832,0,2,0,0,0,0,1,3,4,0,2,7,,N,,,,,,,,,,,
2008051758,9999,2,0,0,0,0,0,0,0,0,4,0,,67,2,2008,6,39.9583,-75.1641,9999.0,6,0,0,0,0,0,1,0,0,,0,0,0,99,3,3,2,,0,39 57:29.829,,0,75 09:50.648,2,0,0,0,67301,0,0,0,N,0,0,0,3,67301,1,,1,1,,N,N,,0,,1,1,0,3.0,2,,9999,3,2,0,0,0,0,0,3,4,0,2,3,,N,,,,,,,,,,,
2008050131,759,0,0,0,0,0,0,0,0,0,1,0,,67,4,2008,2,39.9893,-75.0875,752.0,6,0,0,0,0,1,0,0,0,,0,0,0,7,1,0,0,,0,39 59:21.908,,0,75 05:14.631,0,0,0,0,67301,0,0,0,N,0,0,0,3,68K01,0,,1,1,,N,N,,0,,0,0,2,0.0,0,,745,0,2,0,0,0,0,0,3,4,0,2,3,,N,,,,,,,,,,,
2008050291,1125,1,0,0,0,0,0,0,0,0,4,0,,67,2,2008,3,40.1122,-74.9908,1120.0,6,0,0,0,0,0,0,0,0,,0,0,0,11,1,2,2,,0,40 06:44.280,,0,74 59:26.880,4,0,0,0,67301,0,0,0,,0,0,0,2,67301,1,,1,1,,N,N,,0,,0,0,0,3.0,2,,1115,2,2,0,0,1,1,0,3,4,1,2,3,,N,,,,,,,,,,,
2008047502,2212,3,0,0,0,0,0,0,0,0,5,0,,67,3,2008,3,40.0505,-74.9915,2149.0,6,0,0,0,1,0,0,0,0,,0,0,0,21,3,0,0,,0,40 03:02.172,,0,74 59:28.747,0,0,0,0,67301,0,0,0,N,0,0,0,5,68K01,0,,1,9,,N,N,,0,,0,0,0,0.0,0,,2147,0,3,0,0,0,0,0,3,4,0,3,7,,N,,,,,,,,,,,
2008047924,2125,0,0,0,0,0,0,1,0,0,7,1,,67,1,2008,7,40.0143,-75.1781,2115.0,6,0,0,0,0,0,0,0,0,,0,0,0,20,3,1,1,,0,40 00:51.570,,0,75 10:41.163,4,0,0,0,67301,0,0,0,N,0,0,0,1,67301,1,,2,1,,N,N,,0,,0,0,0,0.0,0,,2025,1,1,0,0,0,0,0,3,4,0,1,3,,N,,,,,,,,,,,
2008050503,1745,3,0,0,0,0,0,0,0,0,4,0,,67,2,2008,1,40.0581,-75.0299,1726.0,6,0,0,0,0,0,1,0,0,,0,0,0,17,3,0,1,,0,40 03:29.271,,0,75 01:47.614,0,0,0,0,67301,0,0,0,,0,0,0,2,67301,0,,1,9,,N,N,,0,,0,0,0,3.0,3,,1720,0,3,0,0,0,0,0,3,4,0,3,7,,N,,,,,,,,,,,
2008045544,1300,0,0,0,1,0,0,0,0,0,4,0,,67,1,2008,1,39.9777,-75.2001,1255.0,6,0,0,0,0,0,0,0,0,,0,0,0,12,1,1,0,,0,39 58:39.840,,0,75 12:00.330,8,0,0,0,67301,1,0,0,,0,0,0,3,67301,0,,1,1,,N,N,,0,,0,0,1,0.0,0,,1255,1,2,0,0,0,1,2,3,4,0,1,3,,N,,,,,,,,,,,
2008047655,2109,0,0,0,0,0,0,0,0,0,8,0,,67,1,2008,2,39.9544,-75.1631,2105.0,6,0,0,0,0,1,0,0,0,,0,0,0,21,3,1,2,,0,39 57:15.870,,0,75 09:47.496,8,0,0,0,67301,1,0,0,N,1,0,0,2,67301,0,,1,1,,N,N,,0,,0,0,1,3.0,2,,2100,1,2,0,0,0,1,0,3,4,0,1,3,,N,,,,,,,,,,,
2008043078,1506,1,0,0,0,0,0,0,0,0,7,0,,67,3,2008,7,39.9881,-75.0888,1413.0,6,0,0,0,0,0,0,0,0,,0,0,0,14,1,1,6,,0,39 59:17.470,,2,75 05:19.341,4,0,0,0,67301,0,0,0,N,0,0,0,1,68K01,1,,4,1,,N,N,,0,,0,0,0,0.0,0,,1409,1,1,0,0,0,0,0,3,4,0,1,3,,N,,,,,,,,,,,
2008040532,211,2,0,0,0,0,0,0,0,0,1,0,,67,1,2008,4,39.9566,-75.1408,208.0,6,0,0,0,0,0,0,0,0,,0,0,0,2,3,1,0,,0,39 57:25.000,,0,75 08:26.718,3,0,0,0,67301,0,0,0,,0,0,0,4,67301,0,,1,1,,,,,0,,1,0,0,0.0,0,,208,1,2,0,0,0,0,0,3,4,0,2,3,,N,,,,,,,,,,,
2008040750,805,2,0,0,0,0,0,0,0,0,4,0,,67,1,2008,5,40.0121,-75.1571,800.0,6,0,0,0,0,0,1,0,0,1.0,0,0,0,7,1,1,0,,1,40 00:43.669,1.0,7,75 09:25.722,4,0,0,0,67301,0,0,0,N,0,0,0,2,67301,1,,2,1,,N,N,,0,,0,0,0,3.0,3,N,730,1,2,0,0,1,0,0,3,4,0,2,3,,N,,,,,,,,,,,
2008024213,142,1,0,0,0,0,0,0,0,0,4,0,,67,1,2008,6,39.979,-75.1364,138.0,6,0,0,0,0,0,0,0,0,,0,0,0,1,3,0,2,,0,39 58:44.482,,0,75 08:11.068,0,0,0,0,67301,0,0,0,N,0,0,0,2,67301,0,,1,9,,,,,0,,0,0,1,3.0,3,,138,0,2,0,0,0,0,0,3,4,0,2,7,,N,,,,,,,,,,,
2008050572,1120,2,0,0,0,0,0,0,0,0,2,0,,67,2,2008,1,40.0229,-75.0872,1114.0,6,0,0,0,0,0,0,0,0,,0,0,0,10,1,2,1,,0,40 01:22.566,,0,75 05:13.790,8,0,0,0,67301,0,0,0,N,0,0,0,3,67301,0,,1,1,,N,N,,0,,0,0,0,9.0,3,,1045,2,2,0,0,0,2,0,3,4,0,2,3,,N,,,,,,,,,,,
2008050902,1134,2,0,0,0,0,0,0,0,0,4,0,,67,2,2008,7,39.9692,-75.1378,1131.0,6,0,0,0,0,1,0,0,0,,0,0,0,11,1,1,2,,0,39 58:09.198,,0,75 08:16.134,8,0,0,0,67301,0,0,0,N,0,0,0,2,67301,0,,1,1,,N,N,,0,,0,0,0,0.0,0,,1131,1,2,0,0,0,1,0,3,4,0,2,3,,N,,,,,,,,,,,
2008050850,1312,2,0,0,0,0,0,0,0,0,1,0,,67,3,2008,1,40.0405,-75.0474,1310.0,6,0,0,0,0,0,0,0,0,,0,0,0,13,1,1,1,,0,40 02:25.792,,0,75 02:50.463,4,0,0,0,67301,0,0,0,N,0,0,0,2,67301,1,,1,1,,N,N,,0,,0,0,0,3.0,2,,1310,1,2,0,0,0,0,0,3,4,0,2,3,,N,,,,,,,,,,,
2008050879,728,2,0,0,0,0,0,0,0,0,1,0,,67,2,2008,6,40.0475,-75.1428,720.0,6,0,0,0,0,0,2,0,0,,0,0,0,7,1,1,1,,0,40 02:50.961,,0,75 08:34.014,4,0,0,0,67301,0,0,0,N,0,0,0,3,67301,1,,1,7,,N,N,,0,,0,0,0,3.0,2,,700,1,2,0,0,0,0,0,3,4,0,2,10,,N,,,,,,,,,,,
2008044141,813,2,0,0,0,0,0,0,0,0,4,0,,67,2,2008,7,40.0406,-75.015,810.0,6,0,0,0,0,0,0,0,0,,0,0,0,7,1,1,0,,0,40 02:26.000,,0,75 00:53.809,8,0,0,0,67301,0,0,0,N,0,0,0,2,67301,0,,1,1,,N,N,,0,,0,0,0,0.0,0,,757,1,2,0,0,0,1,0,3,4,0,2,3,,N,,,,,,,,,,,
2008044150,1715,1,0,0,0,0,0,0,0,0,5,0,,67,1,2008,5,39.9904,-75.1633,1700.0,6,0,0,0,0,0,0,0,0,,0,0,0,17,4,1,0,,0,39 59:25.479,,0,75 09:47.930,8,0,0,0,67301,0,0,0,N,0,0,0,3,67301,0,,1,98,,N,N,,1,,0,0,0,0.0,0,,1700,1,2,0,0,0,1,0,3,4,0,2,99,,N,,,,,,,,,,,
2008121046,638,0,0,0,0,0,0,0,0,0,8,0,,67,9,2008,6,40.0081,-75.0725,634.0,6,0,0,0,0,0,0,0,0,,0,0,0,6,5,1,1,,0,40 00:29.233,,0,75 04:21.620,4,0,0,0,67301,1,0,0,N,1,0,0,2,67301,1,,1,1,,N,N,,0,,0,0,0,3.0,2,,630,1,2,0,0,0,0,1,3,4,0,1,3,,N,,,,,,,,,,,
2008108660,2102,1,0,0,1,0,0,0,0,0,5,0,,67,8,2008,4,39.9511,-75.1785,2100.0,6,0,0,0,0,1,0,0,0,,0,0,0,21,3,1,1,,0,39 57:03.998,,0,75 10:42.378,4,0,0,0,67301,1,0,0,N,0,0,0,2,67301,1,,1,1,,N,N,,0,,0,0,0,3.0,2,,2100,1,2,0,0,0,0,0,3,4,0,1,3,,N,,,,,,,,,,,
2008121266,836,1,0,0,0,0,0,0,0,0,1,0,,67,9,2008,5,40.0392,-75.11,834.0,6,0,0,0,0,0,0,0,0,,0,0,0,8,1,1,1,,0,40 02:20.942,,0,75 06:36.006,8,0,0,0,67301,0,0,0,N,0,0,0,3,67301,0,,1,1,,N,N,,0,,0,0,1,3.0,2,,830,1,2,0,0,0,1,1,3,4,0,2,3,,N,,,,,,,,,,,
2008118875,300,1,0,0,1,0,0,0,0,0,8,0,,67,9,2008,1,39.9371,-75.1583,255.0,6,0,0,0,0,0,0,0,0,,0,0,0,2,3,1,1,,0,39 56:13.477,,0,75 09:29.757,4,0,0,0,67301,1,0,0,N,0,0,0,2,67301,1,,1,1,,N,N,,0,,0,0,0,3.0,3,,250,1,2,0,0,0,0,0,3,4,0,1,3,,N,,,,,,,,,,,
2008118879,2146,0,0,0,0,0,0,0,0,0,8,0,,67,9,2008,7,39.9669,-75.2096,2146.0,6,0,0,0,0,0,0,0,0,,0,0,0,21,3,1,1,,0,39 58:00.724,,0,75 12:34.682,8,0,0,0,67301,1,0,0,N,1,0,0,2,67301,0,,1,1,,N,N,,0,,0,0,0,3.0,3,,2145,1,2,0,0,0,1,0,3,4,0,1,3,,N,,,,,,,,,,,
2008099303,2120,1,0,0,0,0,0,0,0,0,7,0,,67,7,2008,4,40.1023,-75.0049,2114.0,6,0,0,0,0,0,0,0,0,,0,0,0,21,3,0,0,,0,40 06:08.360,,0,75 00:17.651,0,0,0,0,67301,0,0,0,N,0,0,0,1,67301,0,,4,8,,N,N,,0,,0,0,0,0.0,0,,2113,0,1,0,0,0,0,0,3,4,0,1,7,,N,,,,,,,,,,,
2008108588,2300,1,0,0,0,0,0,0,0,0,5,0,,67,8,2008,3,40.0413,-75.1275,2255.0,6,0,1,0,0,1,0,0,0,,0,0,0,99,3,1,0,,0,40 02:28.726,,0,75 07:39.136,8,0,0,0,67301,0,0,0,N,0,0,0,2,67301,0,,1,98,,N,N,,0,,0,0,2,0.0,0,,9999,1,3,0,0,0,1,1,3,4,0,3,3,,N,,,,,,,,,,,
2008118643,417,0,0,0,0,0,0,0,0,0,4,0,,67,9,2008,7,39.949,-75.1492,414.0,6,0,0,0,0,0,0,0,0,,0,0,0,4,3,1,1,,0,39 56:56.529,,0,75 08:57.072,8,0,0,0,67301,0,0,0,N,0,0,0,2,67301,0,,1,9,,N,N,,0,,0,0,1,3.0,2,,413,1,2,0,0,0,1,1,3,4,1,2,7,,N,,,,,,,,,,,
2008122809,404,1,0,0,0,0,0,0,0,0,7,0,,67,10,2008,6,40.044,-75.0535,404.0,6,0,0,0,0,0,0,0,0,1.0,0,0,0,4,3,0,0,,1,40 02:38.531,4.0,0,75 03:12.569,0,0,0,0,67301,0,0,0,N,0,0,0,1,67301,0,,2,1,,N,N,,0,,0,0,0,0.0,0,N,400,0,1,0,0,0,0,0,3,4,0,1,3,,N,,,,,,,,,,,
2008132945,48,2,0,0,0,0,0,0,0,0,4,0,,67,10,2008,6,40.0085,-75.2107,43.0,6,0,0,0,0,0,0,0,0,,0,0,0,22,3,0,1,,0,40 00:30.736,,0,75 12:38.579,0,0,0,0,67301,0,0,0,N,0,0,0,2,67301,0,,1,1,,N,N,,0,,0,0,0,3.0,2,,2255,0,2,0,0,0,0,0,3,4,0,2,3,,N,,,,,,,,,,,
2008132958,1831,1,0,0,0,0,0,0,0,0,8,0,,67,11,2008,7,40.0284,-75.2102,1828.0,6,0,0,0,0,0,0,0,0,,1,0,0,18,3,0,0,,0,40 01:42.110,,0,75 12:36.691,1,0,0,0,67301,1,1,0,N,1,1,0,2,67301,0,2.0,1,1,,N,N,,0,0.0,0,0,0,0.0,0,,1828,0,2,0,0,0,0,0,3,4,0,1,3,,N,,,,,,,,,,,
2008026694,818,0,0,0,0,0,0,0,0,0,8,0,,67,1,2008,5,39.9566,-75.198,813.0,6,0,0,0,0,0,0,0,0,,0,0,0,7,1,1,1,,0,39 57:23.000,,0,75 11:52.879,4,0,0,0,67301,1,0,0,N,1,0,0,2,67301,1,,1,1,,N,N,,1,,0,0,0,3.0,2,,700,1,2,0,0,0,0,0,3,4,0,1,3,,N,,,,,,,,,,,
2008066366,1949,0,0,0,0,0,0,0,0,0,1,0,,67,5,2008,6,39.9804,-75.1042,1938.0,6,0,0,0,0,0,0,1,0,,0,0,0,19,1,0,0,,0,39 58:49.873,,0,75 06:14.799,0,0,0,0,67301,0,0,0,N,0,0,0,2,68K01,0,,1,9,,N,N,,1,,0,0,1,0.0,0,,1935,0,2,0,0,0,0,0,3,4,0,2,7,,N,,,,,,,,,,,
2008064167,526,1,0,0,0,0,0,0,0,0,7,0,,67,5,2008,5,39.96,-75.1786,526.0,6,0,0,0,0,0,0,0,0,1.0,0,0,0,5,3,1,0,,1,39 57:36.802,4.0,0,75 10:50.291,4,0,0,0,67301,0,0,0,N,0,0,0,1,68K01,1,,2,1,,N,N,,0,,0,0,0,0.0,0,N,517,1,1,0,0,0,0,0,3,4,0,1,3,,N,,,,,,,,,,,
2008064168,1119,1,0,0,0,0,0,0,0,0,7,0,,67,5,2008,6,39.9255,-75.1471,1110.0,6,0,0,0,0,1,0,0,0,1.0,0,0,0,11,1,1,0,,1,39 55:19.561,2.0,0,75 08:52.396,4,0,0,0,67301,0,0,0,N,0,0,0,1,68K01,1,,3,9,,N,N,,0,,0,0,0,0.0,0,N,1108,1,1,0,0,0,0,0,3,4,0,1,7,,N,,,,,,,,,,,
2008061011,1633,0,0,0,2,0,2,1,0,0,8,1,,67,3,2008,6,39.9633,-75.228,1632.0,6,0,0,0,0,0,1,0,0,3.0,0,0,0,16,1,2,0,,2,39 57:47.790,1.0,0,75 13:40.836,2,0,0,0,67301,2,0,2,N,0,0,0,3,67301,0,,1,1,,Y,N,,0,,0,2,0,0.0,0,Y,1632,2,3,0,0,0,0,0,3,4,0,1,3,,N,,,,,,,,,,,
2008061013,1934,0,0,0,0,0,0,0,0,0,4,0,,67,4,2008,7,40.0392,-75.11,1932.0,6,0,0,0,0,0,0,0,0,,0,0,0,19,1,2,1,,0,40 02:20.942,,0,75 06:36.006,4,0,0,0,67301,0,0,0,N,0,0,0,5,67301,2,,1,1,,N,N,,0,,0,0,0,3.0,2,,1930,2,2,0,0,0,0,0,3,4,2,2,3,,N,,,,,,,,,,,
2008058969,1630,1,0,0,0,0,0,0,0,0,6,0,,67,3,2008,5,39.9687,-75.2445,1600.0,6,0,0,0,0,0,0,1,0,,0,0,0,99,1,0,1,,0,39 58:07.388,,0,75 14:40.030,9,0,0,0,67301,0,0,0,N,0,0,0,4,67301,0,,1,1,,N,N,,0,,0,0,1,3.0,3,,9999,0,2,0,0,0,0,2,3,4,0,2,3,,N,,,,,,,,,,,
2008059283,1815,1,0,0,0,0,0,0,0,0,8,0,,67,3,2008,3,40.0364,-75.036,1806.0,6,0,0,0,0,0,0,0,0,,0,0,0,18,1,1,0,,0,40 02:11.137,,0,75 02:09.423,8,0,0,0,67301,1,0,0,,1,0,0,2,67301,0,,1,1,,,,,0,,0,0,0,0.0,0,,1800,1,2,0,0,0,1,0,3,4,0,1,3,,N,,,,,,,,,,,
2008059090,732,4,0,0,0,0,0,0,0,0,4,0,,67,3,2008,2,39.9308,-75.1521,731.0,6,0,0,0,0,0,0,0,0,,0,0,0,7,1,1,0,,0,39 55:50.934,,0,75 09:07.617,4,0,0,0,67301,0,0,0,N,0,0,0,2,67301,1,,1,1,,N,N,,0,,0,0,0,0.0,0,,731,1,4,0,0,0,0,0,3,4,0,4,3,,N,,,,,,,,,,,
2008059201,910,2,0,0,0,0,0,0,0,0,4,0,,67,3,2008,7,39.9573,-75.2479,906.0,6,0,0,0,0,0,0,0,0,,0,0,0,8,1,0,1,,0,39 57:26.251,,0,75 14:52.347,0,0,0,0,67301,0,0,0,N,0,0,0,2,67301,0,,1,1,,N,N,,0,,0,0,0,3.0,2,,855,0,2,0,0,0,0,0,3,4,0,2,3,,N,,,,,,,,,,,
2008053988,9999,2,0,0,0,0,0,0,0,0,5,0,,67,2,2008,2,,,246.0,6,0,0,0,0,1,0,0,0,,0,0,0,99,3,0,3,,0,,,0,,9,0,0,0,67301,0,0,0,N,0,0,0,2,67301,0,,1,9,,N,N,,0,,0,0,0,3.0,2,,9999,0,2,0,0,0,0,1,3,3,0,2,7,,N,,,,,,,,,,,
2008049348,1307,1,0,0,0,0,0,0,0,0,1,0,,67,3,2008,2,40.0478,-74.9999,1305.0,6,0,0,0,0,0,0,0,0,,0,0,0,13,1,0,0,,0,40 02:52.131,,0,74 59:59.689,9,0,0,0,67301,0,0,0,N,0,0,0,3,68K01,0,,1,9,,N,N,,0,,0,0,1,0.0,0,,1305,0,2,0,0,0,0,2,3,4,0,2,7,,N,,,,,,,,,,,
2008050134,732,1,0,0,0,0,0,0,0,0,7,0,,67,4,2008,4,39.9199,-75.1479,722.0,6,0,0,0,0,0,1,0,0,1.0,0,0,0,7,1,2,0,,2,39 55:08.080,1.0,0,75 08:52.047,4,0,0,0,67301,0,0,0,N,0,0,0,2,68K01,2,,2,1,,N,N,,1,,0,0,0,0.0,0,N,722,2,2,0,0,0,0,0,3,4,0,2,3,,N,,,,,,,,,,,
2008050281,1710,2,0,0,0,0,0,0,0,0,2,0,,67,2,2008,5,40.0604,-75.0247,1705.0,6,0,0,2,0,0,0,0,0,,0,0,0,17,1,0,0,,0,40 03:37.573,,7,75 01:28.988,9,0,0,0,67301,0,0,0,N,0,0,0,7,67301,0,,1,1,,N,N,,0,,0,0,0,0.0,0,,1700,0,2,0,0,0,0,1,3,4,0,2,3,,N,,,,,,,,,,,
2008050286,750,1,0,0,0,0,0,0,0,0,7,0,,67,2,2008,7,40.0787,-75.0329,750.0,6,0,0,0,0,0,0,0,0,2.0,0,0,0,7,1,0,0,,2,40 04:43.183,3.0,0,75 01:58.490,0,0,0,0,67301,0,0,0,N,0,0,0,1,67301,0,,2,2,,N,N,,0,,0,0,0,0.0,0,Y,750,0,1,0,0,0,0,0,3,4,0,1,3,,N,,,,,,,,,,,
2008050298,1242,1,0,0,0,0,0,0,0,0,8,0,,67,3,2008,6,39.94,-75.1527,1237.0,6,0,0,0,0,0,0,0,0,,0,0,0,12,1,1,1,,0,39 56:24.133,,0,75 09:09.892,8,0,0,0,67301,1,0,0,N,1,0,0,2,67301,0,,1,1,,N,N,,0,,0,0,0,3.0,3,,1230,1,2,0,0,0,1,0,3,4,0,1,3,,N,,,,,,,,,,,
2008050190,1650,2,0,0,0,0,0,0,0,0,5,0,,67,2,2008,5,40.0326,-75.0652,1649.0,6,0,0,0,0,0,0,0,1,,0,0,0,16,1,1,1,,0,40 01:57.390,,0,75 03:54.589,4,0,0,0,67301,0,0,0,N,0,0,0,3,67301,1,,1,1,,N,N,,0,,0,0,0,0.0,0,,1638,1,2,0,0,1,0,0,3,4,0,2,3,,N,,,,,,,,,,,
2008050213,1435,2,0,0,0,0,0,0,0,0,4,0,,67,3,2008,6,39.987,-75.1744,1430.0,6,0,0,0,0,0,1,0,0,,0,0,0,14,1,3,1,,0,39 59:13.322,,0,75 10:27.753,8,0,0,0,67301,0,0,0,N,0,0,0,5,67301,0,,1,9,,N,N,,0,,0,0,0,3.0,2,,1425,3,2,0,0,0,3,0,3,4,0,2,7,,N,,,,,,,,,,,
2008050264,1733,6,0,0,0,0,0,0,0,0,5,0,,67,2,2008,1,39.9967,-75.1066,1730.0,6,0,0,0,0,0,0,0,0,,0,0,0,17,4,1,1,,0,39 59:48.058,,0,75 06:23.849,8,0,0,0,67301,0,0,0,N,0,0,0,3,67301,0,,1,9,,N,N,,1,,0,0,1,0.0,0,,1720,1,8,0,0,3,1,2,3,4,0,8,7,,N,,,,,,,,,,,
2008043080,1426,1,0,0,0,0,0,0,0,0,4,0,,67,3,2008,6,39.9804,-75.2054,1422.0,6,0,0,0,0,0,0,1,0,1.0,0,0,0,14,1,2,0,,1,39 58:52.382,4.0,0,75 12:23.887,4,0,0,0,67301,0,0,0,N,0,0,0,3,68K01,2,,1,9,,N,N,,0,,0,0,1,0.0,0,N,1414,2,3,0,0,0,0,0,3,4,1,3,7,,N,,,,,,,,,,,
2008026618,9999,1,0,0,0,0,0,0,0,0,7,0,,67,1,2008,6,40.0976,-75.0188,9999.0,6,0,0,0,0,1,0,0,0,,0,0,0,99,3,1,0,,0,40 05:51.219,,0,75 01:07.777,4,0,0,0,67301,0,0,0,N,0,0,0,1,67301,1,,4,9,,N,N,,0,,0,0,0,0.0,0,,9999,1,1,0,0,0,0,0,3,4,0,1,7,,N,,,,,,,,,,,