CRN,ARRIVAL_TM,AUTOMOBILE_COUNT,BELTED_DEATH_COUNT,BELTED_SUSP_SERIOUS_INJ_COUNT,BICYCLE_COUNT,BICYCLE_DEATH_COUNT,BICYCLE_SUSP_SERIOUS_INJ_COUNT,BUS_COUNT,CHLDPAS_DEATH_COUNT,CHLDPAS_SUSP_SERIOUS_INJ_COUNT,COLLISION_TYPE,COMM_VEH_COUNT,CONS_ZONE_SPD_LIM,COUNTY,CRASH_MONTH,CRASH_YEAR,DAY_OF_WEEK,DEC_LAT,DEC_LONG,DISPATCH_TM,DISTRICT,DRIVER_COUNT_16YR,DRIVER_COUNT_17YR,DRIVER_COUNT_18YR,DRIVER_COUNT_19YR,DRIVER_COUNT_20YR,DRIVER_COUNT_50_64YR,DRIVER_COUNT_65_74YR,DRIVER_COUNT_75PLUS,EST_HRS_CLOSED,FATAL_COUNT,HEAVY_TRUCK_COUNT,HORSE_BUGGY_COUNT,HOUR_OF_DAY,ILLUMINATION,INJURY_COUNT,INTERSECT_TYPE,INTERSECTION_RELATED,LANE_CLOSED,LATITUDE,LN_CLOSE_DIR,LOCATION_TYPE,LONGITUDE,MAX_SEVERITY_LEVEL,MCYCLE_DEATH_COUNT,MCYCLE_SUSP_SERIOUS_INJ_COUNT,MOTORCYCLE_COUNT,MUNICIPALITY,NONMOTR_COUNT,NONMOTR_DEATH_COUNT,NONMOTR_SUSP_SERIOUS_INJ_COUNT,NTFY_HIWY_MAINT,PED_COUNT,PED_DEATH_COUNT,PED_SUSP_SERIOUS_INJ_COUNT,PERSON_COUNT,POLICE_AGCY,POSSIBLE_INJ_COUNT,RDWY_SURF_TYPE_CD,RELATION_TO_ROAD,ROAD_CONDITION,ROADWAY_CLEARED,SCH_BUS_IND,SCH_ZONE_IND,SECONDARY_CRASH,SMALL_TRUCK_COUNT,SPEC_JURIS_CD,SUSP_MINOR_INJ_COUNT,SUSP_SERIOUS_INJ_COUNT,SUV_COUNT,TCD_FUNC_CD,TCD_TYPE,TFC_DETOUR_IND,TIME_OF_DAY,TOT_INJ_COUNT,TOTAL_UNITS,UNB_DEATH_COUNT,UNB_SUSP_SERIOUS_INJ_COUNT,UNBELTED_OCC_COUNT,UNK_INJ_DEG_COUNT,UNK_INJ_PER_COUNT,URBAN_AREA,URBAN_RURAL,VAN_COUNT,VEHICLE_COUNT,WEATHER1,WEATHER2,WORK_ZONE_IND,WORK_ZONE_LOC,WORK_ZONE_TYPE,WORKERS_PRES,WZ_CLOSE_DETOUR,WZ_FLAGGER,WZ_LAW_OFFCR_IND,WZ_LN_CLOSURE,WZ_MOVING,WZ_OTHER,WZ_SHLDER_MDN,WZ_WORKERS_INJ_KILLED
2008052980,9999,9,0,0,0,0,0,0,0,0,4,0,,67,1,2008,7,39.9527,-75.2106,1230.0,6,0,0,0,0,0,1,0,0,,1,0,0,0,3,1,0,,0,39 57:09.594,,0,75 12:38.300,1,0,0,0,67301,0,0,0,N,0,0,0,2,67301,0,2.0,6,1,,N,N,,0,0.0,0,0,0,0.0,0,,29,1,9,1,0,1,1,0,3,4,0,9,3,,N,,,,,,,,,,,
2008050564,703,1,0,0,0,0,0,0,0,0,8,0,,67,2,2008,2,39.951,-75.2058,700.0,6,0,0,0,0,0,0,0,0,,0,0,0,6,1,1,1,,0,39 57:03.578,,0,75 12:20.869,4,0,0,0,67301,1,0,0,,1,0,0,2,67301,1,,1,1,,N,N,,0,,0,0,0,9.0,3,,655,1,2,0,0,0,0,0,3,4,0,1,3,,N,,,,,,,,,,,
2008053649,300,1,0,0,0,0,0,0,0,0,7,0,,67,4,2008,1,39.886,-75.209,253.0,6,0,0,0,0,0,0,0,0,1.0,0,0,0,2,3,0,0,,1,39 53:09.594,2.0,3,75 12:32.285,0,0,0,0,67301,0,0,0,N,0,0,0,1,68K01,0,,3,1,,N,N,,0,,0,0,0,0.0,0,N,251,0,1,0,0,0,0,0,3,4,0,1,3,,N,,,,,,,,,,,
2008050598,1405,2,0,0,0,0,0,0,0,0,4,0,,67,2,2008,1,39.9294,-75.1693,1403.0,6,0,0,0,0,0,0,0,0,,0,0,0,14,1,1,2,,0,39 55:45.685,,0,75 10:09.627,8,0,0,0,67301,0,0,0,,0,0,0,2,67301,0,,1,1,,,,,0,,0,0,0,3.0,3,,1400,1,2,0,0,0,1,1,3,4,0,2,3,,N,,,,,,,,,,,
2008050606,740,1,0,0,0,0,0,0,0,0,2,0,,67,2,2008,2,39.9317,-75.168,738.0,6,0,0,0,0,0,0,0,0,2.0,0,0,0,7,1,3,2,,1,39 55:53.939,1.0,0,75 10:04.948,4,0,0,0,67301,0,0,0,,0,0,0,4,67301,1,,1,9,,,,,0,,0,0,1,3.0,2,Y,737,3,2,0,0,0,2,0,3,4,0,2,7,,N,,,,,,,,,,,
2008050619,2223,1,0,0,0,0,0,0,0,0,4,0,,67,3,2008,5,39.9442,-75.1616,2220.0,6,0,0,0,0,0,0,0,0,,0,0,0,22,3,1,2,,0,39 56:39.123,,0,75 09:41.612,8,0,0,0,67301,0,0,0,,0,0,0,3,67301,0,,1,1,,,,,1,,0,0,0,3.0,2,,2215,1,2,0,0,3,1,0,3,4,0,2,3,,N,,,,,,,,,,,
2008050622,1337,1,0,0,0,0,0,0,0,0,5,0,,67,2,2008,3,40.0323,-75.1089,1335.0,6,0,0,0,0,0,0,0,0,,0,0,0,13,1,1,0,,0,40 01:56.337,,0,75 06:31.968,8,0,0,0,67301,0,0,0,N,0,0,0,1,67301,0,,1,9,,N,N,,0,,0,0,0,0.0,0,,1333,1,3,0,0,0,1,0,3,4,2,3,7,,N,,,,,,,,,,,
2008050791,1910,2,0,0,0,0,0,0,0,0,4,0,,67,2,2008,1,,,1906.0,6,0,0,0,0,0,0,0,0,,0,0,0,19,3,2,1,,0,,,0,,2,0,0,0,67301,0,0,0,,0,0,0,3,67301,0,,1,9,,N,N,,0,,1,1,0,9.0,2,,1906,2,2,0,0,0,0,0,3,3,0,2,7,,N,,,,,,,,,,,
2008050793,825,1,0,0,0,0,0,0,0,0,8,0,,67,2,2008,5,40.0511,-75.159,825.0,6,0,0,0,0,0,1,0,0,,0,0,0,8,1,2,1,,0,40 03:03.985,,0,75 09:32.569,4,0,0,0,67301,2,0,0,,2,0,0,3,67301,2,,1,1,,N,N,,0,,0,0,0,3.0,2,,818,2,3,0,0,0,0,0,3,4,0,1,3,,N,,,,,,,,,,,
2008050843,749,0,0,0,1,0,0,0,0,0,8,0,,67,3,2008,2,39.9372,-75.1566,747.0,6,0,0,0,0,0,1,0,0,,0,0,0,7,1,1,1,,0,39 56:13.880,,0,75 09:23.842,4,0,0,0,67301,1,0,0,,0,0,0,2,67301,1,,1,1,,,,,1,,0,0,0,3.0,3,,747,1,2,0,0,0,0,0,3,4,0,1,3,,N,,,,,,,,,,,
2008048610,1642,1,0,0,0,0,0,0,0,0,8,0,,67,1,2008,4,39.9939,-75.0802,1635.0,6,0,0,0,0,0,0,0,0,,0,0,0,99,1,1,2,,0,39 59:43.105,,0,75 04:38.630,3,0,0,0,67301,1,0,0,N,1,0,0,2,67301,0,,1,1,,N,N,,0,,1,0,0,0.0,0,,9999,1,2,0,0,0,0,0,3,4,0,1,3,,N,,,,,,,,,,,
2008048613,1805,0,0,0,0,0,0,1,0,0,4,1,,67,1,2008,6,40.0308,-75.0932,1800.0,6,0,0,0,0,0,1,0,0,,0,0,0,18,3,0,1,,0,40 01:50.743,,0,75 05:35.516,0,0,0,0,67301,0,0,0,,0,0,0,2,67301,0,,1,1,,Y,,,0,,0,0,1,0.0,0,,1800,0,2,0,0,0,0,0,3,4,0,2,3,,N,,,,,,,,,,,
2008046089,1727,2,0,0,0,0,0,0,0,0,1,0,,67,3,2008,1,39.9804,-75.2054,1727.0,6,0,0,0,0,0,0,0,0,1.0,0,0,0,17,1,2,0,,1,39 58:52.382,4.0,0,75 12:23.887,3,0,0,0,67301,0,0,0,N,0,0,0,5,68K01,1,,1,1,,N,N,,0,,1,0,1,0.0,0,N,1727,2,3,0,0,0,0,0,3,4,0,3,3,,N,,,,,,,,,,,
2008045936,1325,3,0,0,0,0,0,0,0,0,5,0,,67,3,2008,1,39.991,-75.0866,1318.0,6,0,0,0,0,1,0,0,0,1.0,0,0,0,13,1,0,0,,2,39 59:27.009,2.0,0,75 05:12.141,0,0,0,0,67301,0,0,0,N,0,0,0,8,68K01,0,,1,1,,N,N,,0,,0,0,0,0.0,0,N,1316,0,3,0,0,0,0,0,3,4,0,3,3,,N,,,,,,,,,,,
2008041290,2002,1,0,0,0,0,0,0,0,0,8,0,,67,2,2008,1,40.0452,-75.1601,2000.0,6,0,0,0,1,0,0,0,0,,0,0,0,19,3,1,0,,0,40 02:42.662,,0,75 09:36.432,4,0,0,0,67301,1,0,0,N,1,0,0,2,67301,1,,1,1,,N,N,,0,,0,0,0,0.0,0,,1958,1,2,0,0,0,0,0,3,4,0,1,3,,N,,,,,,,,,,,
2008069615,1713,2,0,0,0,0,0,0,0,0,4,0,,67,4,2008,7,39.9555,-75.2381,1710.0,6,0,0,0,0,0,0,0,0,,0,0,0,17,1,1,1,,0,39 57:19.936,,0,75 14:17.087,8,0,0,0,67301,0,0,0,N,0,0,0,2,67301,0,,1,1,,N,N,,0,,0,0,0,0.0,0,,1708,1,2,0,0,0,1,1,3,4,0,2,3,,N,,,,,,,,,,,
2008069619,9999,0,0,0,0,0,0,0,0,0,7,0,,67,4,2008,6,39.9117,-75.2222,1726.0,6,0,0,0,0,0,0,0,0,,0,0,0,17,1,1,0,,0,39 54:38.180,,7,75 13:21.201,4,0,0,0,67301,0,0,0,,0,0,0,1,67301,1,,5,1,,N,N,,0,,0,0,1,0.0,0,,1700,1,1,0,0,0,0,0,3,4,0,1,3,,N,,,,,,,,,,,
2008093891,2111,2,0,0,0,0,0,0,0,0,4,0,,67,8,2008,5,39.9654,-75.1374,2104.0,6,0,0,0,1,0,0,0,0,,0,0,0,20,2,0,0,,0,39 57:51.089,,0,75 08:18.517,0,0,0,0,67301,0,0,0,N,0,0,0,2,68K01,0,,1,9,,N,N,,0,,0,0,0,0.0,0,,2059,0,2,0,0,0,0,0,3,4,0,2,7,,N,,,,,,,,,,,
2008108557,1115,3,0,0,0,0,0,0,0,0,1,0,,67,8,2008,4,40.0476,-75.1429,1100.0,6,0,0,0,0,0,2,0,0,,0,0,0,11,1,1,0,,0,40 02:51.567,,0,75 08:34.299,8,0,0,0,67301,0,0,0,N,0,0,0,3,67301,0,,1,1,,N,N,,0,,0,0,0,0.0,0,,1100,1,3,0,0,0,1,2,3,4,0,3,3,,N,,,,,,,,,,,
2008026697,1632,1,0,0,0,0,0,0,0,0,8,0,,67,1,2008,3,40.0262,-75.209,1624.0,6,0,0,0,0,0,0,0,0,,0,0,0,16,1,1,2,,0,40 01:34.000,,0,75 12:32.526,4,0,0,0,67301,1,0,0,N,1,0,0,3,67301,1,,1,1,,N,N,,0,,0,0,0,0.0,0,,1617,1,2,0,0,0,0,0,3,4,0,1,3,,N,,,,,,,,,,,
2008061186,157,2,0,0,0,0,0,0,0,0,4,0,,67,4,2008,7,40.0688,-75.178,156.0,6,0,0,1,0,0,0,0,0,,0,0,0,1,3,0,1,,0,40 04:07.759,,0,75 10:40.807,0,0,0,0,67301,0,0,0,N,0,0,0,2,67301,0,,1,9,,N,N,,0,,0,0,0,3.0,3,,149,0,2,0,0,0,0,0,3,4,0,2,7,,N,,,,,,,,,,,
2008061206,2110,1,0,0,0,0,0,0,0,0,5,0,,67,3,2008,7,39.9187,-75.2096,2104.0,6,0,0,0,0,0,1,0,0,,0,0,0,19,3,1,0,,0,39 55:07.308,,0,75 12:34.602,8,0,0,0,67301,0,0,0,N,0,0,0,3,67301,0,,1,1,,N,N,,0,,0,0,0,0.0,0,,1900,1,2,0,0,0,1,0,3,4,1,2,3,,N,,,,,,,,,,,
2008059012,1642,1,0,0,0,0,0,0,0,0,2,0,,67,3,2008,2,39.9407,-75.2242,1638.0,6,0,0,0,0,0,0,0,0,9.0,0,0,0,16,1,4,1,,9,39 56:26.512,3.0,0,75 13:26.950,8,0,0,0,67301,0,0,0,,0,0,0,5,67301,0,,1,9,,N,N,,0,,0,0,0,3.0,2,N,1638,4,2,0,0,1,4,0,3,4,1,2,7,,N,,,,,,,,,,,
2008053753,615,3,0,0,0,0,0,0,0,0,4,0,,67,1,2008,1,39.9719,-75.2449,600.0,6,0,0,0,0,0,0,1,0,,0,0,0,6,3,0,1,,0,39 58:18.672,,0,75 14:41.448,9,0,0,0,67301,0,0,0,N,0,0,0,4,67301,0,,1,1,,N,N,,0,,0,0,1,3.0,2,,600,0,4,0,0,0,0,4,3,4,0,4,99,,N,,,,,,,,,,,
2008059071,1215,1,0,0,0,0,0,0,0,0,8,0,,67,3,2008,3,40.0494,-75.0116,1213.0,6,0,0,0,0,0,0,0,1,,0,0,0,12,1,1,0,,0,40 02:57.901,,0,75 00:41.723,4,0,0,0,67301,1,0,0,N,1,0,0,2,67301,1,,1,1,,N,N,,0,,0,0,0,0.0,0,,1211,1,2,0,0,0,0,0,3,4,0,1,3,,N,,,,,,,,,,,
2008059094,1455,2,0,0,0,0,0,0,0,0,1,0,,67,2,2008,4,40.0519,-75.1559,1447.0,6,0,0,0,0,0,1,0,0,,0,0,0,14,1,1,0,,0,40 03:06.782,,0,75 09:21.247,8,0,0,0,67301,0,0,0,N,0,0,0,2,67301,0,,1,1,,N,N,,0,,0,0,0,9.0,3,,1435,1,3,0,0,0,1,1,3,4,1,3,3,,N,,,,,,,,,,,
2008056280,1446,0,0,0,0,0,0,0,0,0,1,1,,67,4,2008,2,39.977,-75.1992,1436.0,6,0,0,0,0,0,1,1,0,1.0,0,1,0,14,1,2,0,,1,39 58:38.536,3.0,0,75 12:01.797,4,0,0,0,67301,0,0,0,N,0,0,0,5,68K01,2,,1,8,,N,N,,0,,0,0,2,0.0,0,N,1433,2,3,0,0,0,0,0,3,4,0,3,7,,N,,,,,,,,,,,
2008053986,1438,1,0,0,0,0,0,0,0,0,4,0,,67,1,2008,6,39.9761,-75.2244,1434.0,6,0,0,0,0,0,0,1,0,,0,0,0,14,1,1,1,,0,39 58:34.063,,0,75 13:27.977,8,0,0,0,67301,0,0,0,,0,0,0,2,67301,0,,1,9,,,,,0,,0,0,0,9.0,3,,1433,1,2,0,0,0,1,0,3,4,0,2,3,,N,,,,,,,,,,,
2008054208,802,3,0,0,0,0,0,0,0,0,1,0,,67,1,2008,1,39.9379,-75.154,801.0,6,0,0,0,1,0,0,0,0,,0,0,0,7,1,0,0,,0,39 56:16.580,,0,75 09:14.374,0,0,0,0,67301,0,0,0,N,0,0,0,1,67301,0,,2,9,,N,N,,1,,0,0,1,0.0,0,,759,0,5,0,0,0,0,0,3,4,0,5,7,,N,,,,,,,,,,,
2008054229,1642,2,0,0,0,0,0,0,0,0,2,0,,67,3,2008,3,39.9449,-75.167,1642.0,6,0,0,1,0,0,0,0,0,,0,0,0,16,1,0,1,,0,39 56:41.578,,0,75 10:01.077,0,0,0,0,67301,0,0,0,N,0,0,0,2,67301,0,,1,1,,N,N,,0,,0,0,0,3.0,2,,1640,0,2,0,0,0,0,0,3,4,0,2,3,,N,,,,,,,,,,,
2008051752,1119,1,0,0,0,0,0,0,0,0,8,0,,67,3,2008,7,40.0478,-75.1803,1030.0,6,0,0,0,0,0,0,0,0,,0,0,0,10,1,1,1,,0,40 02:52.036,,0,75 10:49.015,8,0,0,0,67301,1,0,0,N,1,0,0,2,67301,0,,4,1,,N,N,,0,,0,0,0,3.0,2,,1030,1,2,0,0,0,1,0,3,4,0,1,3,,N,,,,,,,,,,,
2008051745,2211,2,0,0,0,0,0,0,0,0,4,0,,67,3,2008,7,40.0139,-75.126,2208.0,6,0,0,0,0,0,1,0,0,,0,0,0,21,3,1,1,,0,40 00:49.975,,0,75 07:33.617,4,0,0,0,67301,0,0,0,N,0,0,0,4,67301,1,,1,1,,N,N,,0,,0,0,0,3.0,2,,2150,1,2,0,0,0,0,1,3,4,0,2,3,,N,,,,,,,,,,,
2008112142,1944,1,0,0,0,0,0,0,0,0,1,0,,67,10,2008,6,39.9454,-75.1904,1940.0,6,0,0,0,0,0,0,0,0,,0,0,0,19,3,1,6,,0,39 56:43.360,,2,75 11:25.430,4,0,0,0,67301,0,0,0,N,0,0,0,3,68K01,1,,1,1,,N,N,,0,,0,0,1,0.0,0,,1937,1,2,0,0,0,0,0,3,4,0,2,3,,N,,,,,,,,,,,
2008050274,825,1,0,0,0,0,0,0,0,0,4,0,,67,2,2008,6,40.0572,-75.1307,815.0,6,0,0,0,0,0,0,0,0,,0,0,0,7,1,1,2,,0,40 03:25.772,,0,75 07:50.685,4,0,0,0,67301,0,0,0,N,0,0,0,3,67301,1,,1,7,,N,N,,1,,0,0,0,3.0,3,,745,1,2,0,0,0,0,0,3,4,0,2,10,,N,,,,,,,,,,,
2008045533,1658,7,0,0,0,0,0,0,0,0,1,0,,67,2,2008,3,39.9154,-75.1477,1648.0,6,0,0,0,0,0,1,0,0,3.0,0,0,0,16,3,3,0,,2,39 54:56.051,1.0,0,75 08:51.435,3,0,0,0,67301,0,0,0,Y,0,0,0,11,67301,0,,1,2,,N,N,,1,,3,0,0,0.0,0,Y,1645,3,8,0,0,4,0,1,3,4,0,8,98,,N,,,,,,,,,,,
2008047658,1810,1,0,0,0,0,0,0,0,0,8,0,,67,1,2008,4,39.9556,-75.2023,1800.0,6,0,0,0,0,0,0,0,0,,0,0,0,8,1,1,1,,0,39 57:20.282,,0,75 12:08.149,8,0,0,0,67301,1,0,0,N,1,0,0,2,67301,0,,1,1,,N,N,,0,,0,0,0,9.0,2,,820,1,2,0,0,0,1,0,3,4,0,1,3,,N,,,,,,,,,,,
2008040535,1124,2,0,0,0,0,0,0,0,0,4,0,,67,2,2008,2,40.0054,-75.1094,1123.0,6,0,0,0,0,0,0,1,0,,0,0,0,11,1,1,1,,0,40 00:19.000,,0,75 06:33.690,8,0,0,0,67301,0,0,0,,0,0,0,8,67301,0,,1,1,,N,N,,0,,0,0,3,3.0,2,,1123,1,5,0,0,0,1,4,3,4,0,5,3,,N,,,,,,,,,,,
2008040541,2127,1,0,0,0,0,0,0,0,0,8,0,,67,1,2008,1,40.0425,-75.1292,2125.0,6,0,0,0,0,0,0,1,0,,0,0,0,21,3,1,1,,0,40 02:33.169,,0,75 07:44.993,8,0,0,0,67301,1,0,0,N,1,0,0,2,67501,0,,1,1,,N,N,,0,,0,0,0,3.0,2,,2125,1,2,0,0,0,1,0,3,4,0,1,3,,N,,,,,,,,,,,
2008040545,205,1,0,0,0,0,0,0,0,0,7,0,,67,2,2008,1,40.0272,-75.1145,146.0,6,0,0,0,0,1,0,0,0,,0,0,0,1,3,1,2,,0,40 01:37.000,,0,75 06:52.498,4,0,0,0,67301,0,0,0,N,0,0,0,1,67301,1,,2,1,,N,N,,0,,0,0,0,3.0,2,,145,1,1,0,0,0,0,0,3,4,0,1,3,,N,,,,,,,,,,,
2008024042,9999,2,0,0,0,0,0,0,0,0,1,0,,67,1,2008,1,39.9169,-75.216,9999.0,6,0,0,1,0,0,0,0,0,,0,0,0,99,3,1,0,,0,39 55:05.000,,7,75 12:34.471,4,0,0,0,67301,0,0,0,N,0,0,0,2,67301,1,,1,1,,N,N,,0,,0,0,0,0.0,0,,9999,1,2,0,0,0,0,0,3,4,0,2,3,,N,,,,,,,,,,,
2008050584,1505,2,0,0,0,0,0,0,0,0,1,0,,67,3,2008,6,39.9915,-75.1352,1440.0,6,0,0,0,0,0,0,1,0,,0,0,0,14,1,1,0,,0,39 59:29.383,,0,75 08:06.841,4,0,0,0,67301,0,0,0,,0,0,0,3,67301,1,,1,1,,,,,0,,0,0,0,3.0,2,,1440,1,2,0,0,0,0,0,3,4,0,2,3,,N,,,,,,,,,,,
2008050595,1417,0,0,0,0,0,0,0,0,0,5,0,,67,2,2008,6,40.0617,-75.1365,1407.0,6,0,0,0,0,0,2,0,0,2.0,0,0,0,13,1,1,0,,2,40 03:42.000,3.0,0,75 08:11.460,4,0,0,0,67301,0,0,0,N,0,0,0,3,67301,1,,1,1,,N,N,,0,,0,0,3,0.0,0,Y,1350,1,3,0,0,0,0,0,3,4,0,3,3,,N,,,,,,,,,,,
2008050748,918,0,0,0,1,0,0,0,0,0,4,0,,67,3,2008,2,40.0216,-75.0443,915.0,6,0,0,0,0,0,0,0,0,,0,0,0,9,1,1,1,,0,40 01:17.814,,0,75 02:39.397,8,0,0,0,67301,1,0,0,N,0,0,0,3,67301,0,,1,1,,N,N,,0,,0,0,0,3.0,3,,900,1,2,0,0,0,1,0,3,4,1,1,3,,N,,,,,,,,,,,
2008050806,35,2,0,0,0,0,0,0,0,0,4,0,,67,2,2008,1,40.035,-75.1737,31.0,6,0,0,1,0,0,0,0,0,,0,0,0,0,3,1,2,,0,40 02:06.009,,0,75 10:25.403,4,0,0,0,67301,0,0,0,N,0,0,0,3,67301,1,,3,1,,N,N,,0,,0,0,0,3.0,2,,31,1,2,0,0,0,0,0,3,4,0,2,3,,N,,,,,,,,,,,
2008050827,1644,2,0,0,0,0,0,0,0,0,4,0,,67,3,2008,7,40.0204,-75.1401,1640.0,6,0,1,0,0,0,0,0,0,,0,0,0,16,8,1,1,,0,40 01:13.458,,0,75 08:24.453,8,0,0,0,67301,0,0,0,N,0,0,0,3,67301,0,,1,9,,N,N,,0,,0,0,0,3.0,3,,1640,1,2,0,0,0,1,0,3,4,0,2,7,,N,,,,,,,,,,,
2008048604,1740,2,0,0,0,0,0,0,0,0,1,0,,67,1,2008,5,40.0302,-75.0438,1737.0,6,0,0,0,0,0,0,0,0,,0,1,0,17,3,3,1,,0,40 01:48.784,,0,75 02:37.647,8,0,0,0,67301,0,0,0,N,0,0,0,5,67301,0,,1,1,,N,N,,1,,0,0,0,3.0,2,,1735,3,4,0,0,0,3,1,3,4,0,4,3,,N,,,,,,,,,,,
2008040774,1835,1,0,0,0,0,0,0,0,0,1,0,,67,1,2008,5,40.0044,-75.128,1830.0,6,0,0,0,0,0,0,0,0,,0,0,0,18,4,3,0,,0,40 00:15.753,,0,75 07:40.843,4,0,0,0,67301,0,0,0,N,0,0,0,6,67301,3,,1,1,,N,N,,1,,0,0,0,0.0,0,,1820,3,3,0,0,0,0,3,3,4,1,3,3,,N,,,,,,,,,,,
2008043964,827,0,0,0,0,0,0,0,0,0,6,0,,67,1,2008,4,40.0203,-75.1628,820.0,6,0,0,0,0,0,0,0,0,,0,0,0,18,3,2,1,,0,40 01:13.080,,0,75 09:46.080,8,0,0,0,67301,0,0,0,,0,0,0,4,67301,0,,1,98,,N,N,,0,,0,0,1,9.0,3,,1826,2,2,0,0,0,2,2,3,4,0,2,99,,N,,,,,,,,,,,
2008043966,9999,2,0,0,0,0,0,0,0,0,4,0,,67,2,2008,6,40.1097,-74.9869,833.0,6,0,0,0,0,1,0,0,0,,0,0,0,7,1,2,1,,0,40 06:34.750,,0,74 59:12.717,4,0,0,0,67301,0,0,0,N,0,0,0,2,67301,2,,1,9,,N,N,,0,,0,0,0,0.0,0,,740,2,2,0,0,0,0,0,3,4,0,2,7,,N,,,,,,,,,,,
2008044011,1310,1,0,0,0,0,0,0,0,0,6,0,,67,1,2008,6,40.0599,-75.0184,1305.0,6,0,0,0,1,0,1,0,0,,0,0,0,13,1,1,1,,0,40 03:35.000,,0,75 01:06.209,8,0,0,0,67301,0,0,0,N,0,0,0,4,67301,0,,1,1,,N,N,,0,,0,0,1,3.0,2,,1304,1,2,0,0,0,1,0,3,4,0,2,3,,N,,,,,,,,,,,
2008044033,1932,2,0,0,0,0,0,0,0,0,4,0,,67,1,2008,4,,,1929.0,6,0,0,0,0,0,0,0,0,,0,0,0,18,2,2,1,,0,,,0,,4,0,0,0,67301,0,0,0,,0,0,0,3,67301,2,,1,1,,,,,0,,0,0,0,3.0,3,,1830,2,2,0,0,0,0,1,3,3,0,2,3,,N,,,,,,,,,,,
2008043928,1613,1,0,0,0,0,0,0,0,0,4,0,,67,1,2008,4,39.9692,-75.2058,1611.0,6,0,0,0,0,0,1,0,0,,0,0,0,15,1,1,2,,0,39 58:09.267,,0,75 12:20.905,4,0,0,0,67301,0,0,0,N,0,0,0,2,67301,1,,1,1,,N,N,,1,,0,0,0,3.0,3,,1554,1,2,0,0,0,0,0,3,4,0,2,3,,N,,,,,,,,,,,
2008034050,1751,2,0,0,0,0,0,0,0,0,1,0,,67,2,2008,4,39.8998,-75.1619,1751.0,6,0,0,0,0,0,1,0,0,,0,0,0,17,4,0,0,,0,39 53:59.000,,0,75 09:41.863,0,0,0,0,67301,0,0,0,N,0,0,0,3,68K01,0,,1,1,,N,N,,0,,0,0,1,0.0,0,,1749,0,3,0,0,0,0,0,3,4,0,3,3,,N,,,,,,,,,,,
2008069620,1554,2,0,0,0,0,0,0,0,0,4,0,,67,4,2008,6,40.0497,-75.1605,1552.0,6,0,0,0,0,0,0,0,0,,0,0,0,15,1,1,1,,0,40 02:58.768,,0,75 09:37.864,4,0,0,0,67301,0,0,0,,0,0,0,4,67301,1,,1,1,,,,,0,,0,0,0,3.0,2,,1552,1,2,0,0,0,0,0,3,4,0,2,3,,N,,,,,,,,,,,
2008069285,40,1,0,0,0,0,0,0,0,0,5,0,,67,4,2008,1,40.0164,-75.1753,30.0,6,0,0,0,0,0,0,0,0,1.0,0,0,0,0,3,0,0,,2,40 00:59.161,1.0,0,75 10:31.001,9,0,0,0,67301,0,0,0,,0,0,0,2,67301,0,,1,1,,N,N,,0,,0,0,0,0.0,0,N,30,0,2,0,0,0,0,1,3,4,0,2,3,,N,,,,,,,,,,,
2008069313,1000,0,0,0,0,0,0,1,0,0,8,1,,67,4,2008,4,40.0329,-75.1777,1000.0,6,0,0,0,0,0,0,0,0,,0,0,0,10,1,1,2,,0,40 01:58.350,,0,75 10:39.881,8,0,0,0,67301,1,0,0,,1,0,0,2,67301,0,,1,1,,N,N,,0,,0,0,0,3.0,2,,1000,1,2,0,0,0,1,0,3,4,0,1,3,,N,,,,,,,,,,,
2008108621,825,0,0,0,0,0,0,0,0,0,7,0,,67,8,2008,3,39.9972,-75.0896,821.0,6,0,0,0,0,0,0,0,0,2.0,0,0,0,8,1,1,0,,2,39 59:49.973,2.0,0,75 05:22.496,8,0,0,0,67301,0,0,0,Y,0,0,0,1,67301,0,,5,1,,N,N,,0,,0,0,1,0.0,0,N,808,1,1,0,0,0,1,0,3,4,0,1,3,,N,,,,,,,,,,,
2008108637,1040,0,0,0,0,0,0,0,0,0,1,0,,67,8,2008,6,39.8946,-75.2367,1036.0,6,0,0,0,0,0,0,0,0,1.0,0,0,0,10,1,1,1,,1,39 53:40.604,3.0,0,75 14:12.181,8,0,0,0,67301,0,0,0,N,0,0,0,4,67301,0,,1,1,,N,N,,0,,0,0,0,3.0,2,N,1035,1,2,0,0,0,1,0,3,4,2,2,3,,N,,,,,,,,,,,
2008108667,1235,2,0,0,0,0,0,0,0,0,4,0,,67,8,2008,7,40.0802,-75.2034,1157.0,6,0,0,0,0,0,0,1,0,,0,0,0,11,1,0,1,,0,40 04:48.612,,0,75 12:12.236,0,0,0,0,67301,0,0,0,,0,0,0,2,67301,0,,1,1,,N,N,,0,,0,0,0,3.0,3,,1100,0,2,0,0,0,0,0,3,4,0,2,3,,N,,,,,,,,,,,
2008118630,1420,2,0,0,0,0,0,0,0,0,4,0,,67,9,2008,1,40.0329,-75.0298,1418.0,6,0,0,0,0,0,1,0,0,,0,0,0,14,1,1,1,,0,40 01:51.635,,0,75 02:00.439,4,0,0,0,67301,0,0,0,N,0,0,0,2,67301,1,,1,1,,N,N,,0,,0,0,0,3.0,3,,1420,1,2,0,0,0,0,0,3,4,0,2,3,,N,,,,,,,,,,,