CRN,ARRIVAL_TM,AUTOMOBILE_COUNT,BELTED_DEATH_COUNT,BELTED_SUSP_SERIOUS_INJ_COUNT,BICYCLE_COUNT,BICYCLE_DEATH_COUNT,BICYCLE_SUSP_SERIOUS_INJ_COUNT,BUS_COUNT,CHLDPAS_DEATH_COUNT,CHLDPAS_SUSP_SERIOUS_INJ_COUNT,COLLISION_TYPE,COMM_VEH_COUNT,CONS_ZONE_SPD_LIM,COUNTY,CRASH_MONTH,CRASH_YEAR,DAY_OF_WEEK,DEC_LAT,DEC_LONG,DISPATCH_TM,DISTRICT,DRIVER_COUNT_16YR,DRIVER_COUNT_17YR,DRIVER_COUNT_18YR,DRIVER_COUNT_19YR,DRIVER_COUNT_20YR,DRIVER_COUNT_50_64YR,DRIVER_COUNT_65_74YR,DRIVER_COUNT_75PLUS,EST_HRS_CLOSED,FATAL_COUNT,HEAVY_TRUCK_COUNT,HORSE_BUGGY_COUNT,HOUR_OF_DAY,ILLUMINATION,INJURY_COUNT,INTERSECT_TYPE,INTERSECTION_RELATED,LANE_CLOSED,LATITUDE,LN_CLOSE_DIR,LOCATION_TYPE,LONGITUDE,MAX_SEVERITY_LEVEL,MCYCLE_DEATH_COUNT,MCYCLE_SUSP_SERIOUS_INJ_COUNT,MOTORCYCLE_COUNT,MUNICIPALITY,NONMOTR_COUNT,NONMOTR_DEATH_COUNT,NONMOTR_SUSP_SERIOUS_INJ_COUNT,NTFY_HIWY_MAINT,PED_COUNT,PED_DEATH_COUNT,PED_SUSP_SERIOUS_INJ_COUNT,PERSON_COUNT,POLICE_AGCY,POSSIBLE_INJ_COUNT,RDWY_SURF_TYPE_CD,RELATION_TO_ROAD,ROAD_CONDITION,ROADWAY_CLEARED,SCH_BUS_IND,SCH_ZONE_IND,SECONDARY_CRASH,SMALL_TRUCK_COUNT,SPEC_JURIS_CD,SUSP_MINOR_INJ_COUNT,SUSP_SERIOUS_INJ_COUNT,SUV_COUNT,TCD_FUNC_CD,TCD_TYPE,TFC_DETOUR_IND,TIME_OF_DAY,TOT_INJ_COUNT,TOTAL_UNITS,UNB_DEATH_COUNT,UNB_SUSP_SERIOUS_INJ_COUNT,UNBELTED_OCC_COUNT,UNK_INJ_DEG_COUNT,UNK_INJ_PER_COUNT,URBAN_AREA,URBAN_RURAL,VAN_COUNT,VEHICLE_COUNT,WEATHER1,WEATHER2,WORK_ZONE_IND,WORK_ZONE_LOC,WORK_ZONE_TYPE,WORKERS_PRES,WZ_CLOSE_DETOUR,WZ_FLAGGER,WZ_LAW_OFFCR_IND,WZ_LN_CLOSURE,WZ_MOVING,WZ_OTHER,WZ_SHLDER_MDN,WZ_WORKERS_INJ_KILLED
2008118641,1108,1,0,0,0,0,0,0,0,0,2,0,,67,9,2008,1,40.0846,-75.0026,1101.0,6,0,0,0,0,0,1,0,0,,0,0,0,11,1,3,10,,0,40 05:04.495,,0,75 00:09.457,4,0,0,0,67301,0,0,0,N,0,0,0,4,67301,3,,1,9,,N,N,,1,,0,0,0,3.0,3,,1100,3,2,0,0,0,0,0,3,4,0,2,7,,N,,,,,,,,,,,
2008103943,2300,1,0,0,0,0,0,0,0,0,2,0,,67,7,2008,3,40.0536,-75.178,2130.0,6,0,0,0,0,0,0,0,0,,0,0,0,21,3,2,1,,0,40 03:12.824,,0,75 10:40.715,4,0,0,0,67301,0,0,0,,0,0,0,3,67301,2,,1,1,,N,N,,0,,0,0,0,3.0,2,,2130,2,2,0,0,2,0,0,3,4,1,2,3,,N,,,,,,,,,,,
2008063502,1545,1,0,0,1,0,0,0,0,0,4,0,,67,5,2008,5,40.0812,-75.2032,1545.0,6,0,0,0,0,0,0,1,0,,0,0,0,15,1,1,0,,0,40 04:52.457,,7,75 12:11.461,4,0,0,0,67301,1,0,0,N,0,0,0,3,46108,1,,5,1,,N,N,,0,,0,0,0,0.0,0,,1545,1,2,0,0,0,0,0,3,4,0,1,3,,N,,,,,,,,,,,
2008064220,1800,2,0,0,0,0,0,0,0,0,1,0,,67,4,2008,5,39.9056,-75.1941,1750.0,6,0,0,0,0,0,0,0,1,,0,0,0,17,1,1,0,,0,39 54:20.044,,0,75 11:38.656,8,0,0,0,67301,0,0,0,N,0,0,0,3,67301,0,,1,1,,N,N,,0,,0,0,0,3.0,2,,1750,1,2,0,0,0,1,0,3,4,0,2,3,,N,,,,,,,,,,,
2008059013,1610,2,0,0,0,0,0,0,0,0,4,0,,67,3,2008,7,39.9531,-75.1819,1602.0,6,0,0,0,0,1,1,0,0,,0,0,0,15,1,1,1,,0,39 57:11.199,,0,75 10:54.917,4,0,0,0,67301,0,0,0,N,0,0,0,2,67301,1,,1,1,,N,N,,0,,0,0,0,3.0,2,,1530,1,2,0,0,0,0,0,3,4,0,2,3,,N,,,,,,,,,,,
2008059056,914,1,0,0,0,0,0,0,0,0,8,0,,67,3,2008,2,39.9906,-75.1651,910.0,6,0,0,0,0,0,0,0,0,,0,0,0,9,1,1,2,,0,39 59:26.246,,0,75 09:54.273,4,0,0,0,67301,1,0,0,N,1,0,0,3,67301,1,,1,1,,N,N,,0,,0,0,0,3.0,3,,910,1,2,0,0,0,0,0,3,4,0,1,3,,N,,,,,,,,,,,
2008051564,855,1,0,0,0,0,0,0,0,0,8,0,,67,2,2008,5,39.9547,-75.1944,855.0,6,0,0,0,0,0,0,0,0,,0,0,0,8,1,1,1,,0,39 57:16.799,,0,75 11:39.891,2,0,0,0,67301,1,0,1,N,1,0,1,2,67504,0,,1,1,,N,N,,0,,0,1,0,3.0,2,,854,1,2,0,0,0,0,0,3,4,0,1,3,,N,,,,,,,,,,,
2008056724,205,1,0,0,0,0,0,0,0,0,7,0,,67,4,2008,1,39.9771,-75.1986,203.0,6,0,0,0,0,0,0,0,0,1.0,0,0,0,2,3,1,0,,1,39 58:38.796,3.0,0,75 12:00.772,3,0,0,0,67301,0,0,0,N,0,0,0,1,68K01,0,,2,1,,N,N,,0,,1,0,0,0.0,0,Y,201,1,1,0,0,0,0,0,3,4,0,1,3,,N,,,,,,,,,,,
2008049353,414,1,0,0,0,0,0,0,0,0,7,0,,67,4,2008,3,39.908,-75.1538,343.0,6,0,0,1,0,0,0,0,0,1.0,0,0,0,3,8,1,0,,1,39 54:26.900,1.0,2,75 08:59.820,4,0,0,0,67301,0,0,0,N,0,0,0,1,68K01,1,,2,1,,N,N,,0,,0,0,0,0.0,0,Y,331,1,1,0,0,0,0,0,3,4,0,1,3,,N,,,,,,,,,,,
2008055261,358,2,0,0,0,0,0,0,0,0,5,0,,67,4,2008,7,39.9597,-75.1764,350.0,6,0,0,0,0,0,0,0,0,1.0,0,0,0,3,3,0,6,,1,39 57:37.860,4.0,2,75 10:50.640,9,0,0,0,67301,0,0,0,N,0,0,0,5,68K01,0,,1,9,,N,N,,0,,0,0,0,0.0,0,N,339,0,2,0,0,2,0,3,3,4,0,2,98,,N,,,,,,,,,,,
2008050216,2152,2,0,0,0,0,0,0,0,0,4,0,,67,2,2008,7,39.9663,-75.192,2149.0,6,0,0,0,1,0,0,0,0,2.0,0,0,0,21,3,0,1,,1,39 57:58.838,2.0,0,75 11:31.311,0,0,0,0,67301,0,0,0,N,0,0,0,2,67301,0,,1,1,,N,N,,0,,0,0,0,3.0,3,N,2145,0,2,0,0,0,0,0,3,4,0,2,3,,N,,,,,,,,,,,
2008050266,1139,2,0,0,0,0,0,0,0,0,5,0,,67,3,2008,2,40.0304,-75.1767,2135.0,6,0,0,0,0,0,0,0,0,,0,0,0,99,3,1,1,,0,40 01:49.652,,0,75 10:36.062,4,0,0,0,67301,0,0,0,,0,0,0,2,67301,1,,1,1,,N,N,,0,,0,0,0,3.0,2,,9999,1,2,0,0,0,0,1,3,4,0,2,3,,N,,,,,,,,,,,
2008050504,1544,1,0,0,0,0,0,0,0,0,5,0,,67,2,2008,1,40.1064,-74.999,1542.0,6,0,0,0,0,0,0,0,0,,0,0,0,15,1,0,0,,0,40 06:23.092,,0,74 59:56.266,9,0,0,0,67301,0,0,0,N,0,0,0,3,67301,0,,1,1,,N,N,,0,,0,0,0,0.0,0,,1515,0,2,0,0,0,0,1,3,4,0,2,3,,N,,,,,,,,,,,
2008045532,1140,0,0,0,0,0,0,0,0,0,1,1,,67,1,2008,6,39.8955,-75.2342,1130.0,6,0,0,0,0,0,0,0,0,1.0,0,1,0,11,1,2,0,,2,39 53:43.718,2.0,3,75 14:03.261,3,0,0,0,67301,0,0,0,N,0,0,0,3,67301,0,,1,1,,N,N,,1,,2,0,0,0.0,0,Y,1125,2,2,0,0,0,0,0,3,4,0,2,3,,N,,,,,,,,,,,
2008042807,405,3,0,0,0,0,0,0,0,0,1,0,,67,3,2008,1,40.0098,-75.206,359.0,6,0,0,0,0,0,0,0,0,2.0,0,0,0,3,3,0,0,,2,40 00:35.175,4.0,0,75 12:21.504,0,0,0,0,67301,0,0,0,N,0,0,0,3,68K01,0,,9,1,,N,N,,0,,0,0,0,0.0,0,N,358,0,3,0,0,1,0,0,3,4,0,3,3,,N,,,,,,,,,,,
2008053044,2152,2,0,0,0,0,0,0,0,0,4,0,,67,2,2008,1,39.9563,-75.2135,2149.0,6,0,0,0,0,0,0,0,0,3.0,0,0,0,21,3,0,1,,1,39 57:22.503,1.0,0,75 12:48.657,0,0,0,0,67301,0,0,0,N,0,0,0,4,67301,0,,1,1,,N,N,,0,,0,0,0,3.0,3,N,2115,0,2,0,0,0,0,0,3,4,0,2,3,,N,,,,,,,,,,,
2008053051,940,2,0,0,0,0,0,0,0,0,4,0,,67,1,2008,2,40.0449,-75.2312,928.0,6,0,0,0,0,0,0,1,0,,0,0,0,9,1,0,1,,0,40 02:41.359,,0,75 13:51.182,0,0,0,0,67301,0,0,0,N,0,0,0,3,67301,0,,1,1,,N,N,,0,,0,0,0,3.0,3,,927,0,2,0,0,0,0,0,3,4,0,2,3,,N,,,,,,,,,,,
2008050586,1925,2,0,0,0,0,0,0,0,0,1,0,,67,3,2008,1,40.0195,-75.1489,1919.0,6,0,0,0,0,0,1,0,0,,0,0,0,19,3,1,2,,0,40 01:10.158,,0,75 08:56.058,4,0,0,0,67301,0,0,0,,0,0,0,3,67301,1,,1,1,,,,,0,,0,0,0,3.0,2,,1915,1,2,0,0,1,0,0,3,4,0,2,3,,N,,,,,,,,,,,
2008050907,9999,1,0,0,0,0,0,0,0,0,8,0,,67,3,2008,5,39.9976,-75.1451,9999.0,6,0,0,0,0,0,0,0,0,1.0,0,0,0,99,1,1,0,,2,39 59:51.356,2.0,0,75 08:42.352,3,0,0,0,67301,1,0,0,N,1,0,0,2,67301,0,,1,1,,N,N,,0,,1,0,0,0.0,0,Y,9999,1,2,0,0,1,0,0,3,4,0,1,3,,N,,,,,,,,,,,
2008048107,950,0,0,0,0,0,0,0,0,0,0,1,,67,3,2008,2,39.9118,-75.1484,940.0,6,0,0,0,0,0,0,0,0,3.0,0,1,0,9,1,0,0,,1,39 54:39.371,1.0,2,75 08:54.922,0,0,0,0,67301,0,0,0,N,0,0,0,1,68K01,0,,1,1,,N,N,,0,,0,0,0,0.0,0,N,935,0,1,0,0,0,0,0,3,4,0,1,3,,N,,,,,,,,,,,
2008050832,9999,1,0,0,0,0,0,0,0,0,0,0,,67,3,2008,1,40.0068,-75.0826,1413.0,6,0,0,1,0,0,0,0,0,,0,0,0,99,1,2,0,,0,40 00:24.533,,0,75 04:57.574,8,0,0,0,67301,0,0,0,N,0,0,0,2,67301,0,,1,1,,N,N,,0,,0,0,0,0.0,0,,9999,2,1,0,0,0,2,0,3,4,0,1,3,,N,,,,,,,,,,,
2008043922,535,2,0,0,0,0,0,0,0,0,3,0,,67,2,2008,1,39.9943,-75.1679,532.0,6,0,0,0,0,0,0,0,0,,0,0,0,5,3,1,0,,0,39 59:39.390,,0,75 10:04.359,4,0,0,0,67301,0,0,0,,0,0,0,2,67301,1,,6,1,,,,,0,,0,0,1,0.0,0,,530,1,4,0,0,2,0,0,3,4,1,4,3,,N,,,,,,,,,,,
2008041584,2241,1,0,0,0,0,0,0,0,0,7,0,,67,1,2008,6,39.9242,-75.1925,2241.0,6,0,0,0,0,0,0,0,0,,0,0,0,22,3,0,0,,0,39 55:30.360,,0,75 11:35.880,0,0,0,0,67301,0,0,0,N,0,0,0,1,67501,0,,3,1,,N,N,,0,,0,0,0,0.0,0,,2241,0,1,0,0,0,0,0,3,4,0,1,3,,N,,,,,,,,,,,
2008034042,703,2,0,0,0,0,0,0,0,0,1,0,,67,2,2008,4,39.9483,-75.1856,703.0,6,0,0,0,0,0,1,0,1,1.0,0,0,0,7,1,0,3,,1,39 56:54.000,4.0,2,75 11:08.209,0,0,0,0,67301,0,0,0,N,0,0,0,2,68K01,0,,1,1,,N,N,,0,,0,0,0,0.0,0,N,703,0,2,0,0,0,0,0,3,4,0,2,3,,N,,,,,,,,,,,
2008069376,1629,2,0,0,0,0,0,0,0,0,4,0,,67,4,2008,2,40.0741,-75.1909,1619.0,6,0,0,0,0,0,0,1,0,,0,0,0,15,1,1,1,,0,40 04:26.624,,0,75 11:27.147,8,0,0,0,67301,0,0,0,N,0,0,0,2,67301,0,,1,1,,N,N,,0,,0,0,0,3.0,2,,1552,1,2,0,0,0,1,0,3,4,0,2,3,,N,,,,,,,,,,,
2008118552,2152,1,0,0,0,0,0,0,0,0,8,0,,67,9,2008,1,39.9534,-75.1547,2140.0,6,0,0,0,0,0,0,0,0,,0,0,0,21,3,1,2,,0,39 57:12.069,,0,75 09:16.935,8,0,0,0,67301,1,0,0,N,1,0,0,2,67301,0,,1,9,,N,N,,0,,0,0,0,3.0,2,,2130,1,2,0,0,0,1,0,3,4,0,1,3,,N,,,,,,,,,,,
2008121087,834,2,0,0,0,0,0,0,0,0,1,0,,67,9,2008,6,40.0088,-75.1386,830.0,6,0,0,0,0,0,0,0,0,,0,0,0,8,1,1,1,,0,40 00:31.603,,0,75 08:18.898,4,0,0,0,67301,0,0,0,N,0,0,0,2,67301,1,,1,9,,N,N,,0,,0,0,0,9.0,2,,830,1,2,0,0,1,0,1,3,4,0,2,7,,N,,,,,,,,,,,
2008118968,250,1,0,0,0,0,0,0,0,0,7,0,,67,9,2008,1,39.9592,-75.225,236.0,6,0,0,0,1,0,0,0,0,,0,0,0,2,3,1,2,,0,39 57:33.111,,0,75 13:30.107,4,0,0,0,67301,0,0,0,N,0,0,0,1,67301,1,,4,1,,N,N,,0,,0,0,0,3.0,2,,236,1,1,0,0,1,0,0,3,4,0,1,3,,N,,,,,,,,,,,
2008099292,219,1,0,0,0,0,0,0,0,0,7,0,,67,7,2008,6,39.9808,-75.0876,219.0,6,0,0,0,0,0,0,0,0,,0,0,0,99,3,3,0,,0,39 58:50.822,,0,75 05:15.381,8,0,0,0,67301,0,0,0,N,0,0,0,3,67301,0,,2,1,,N,N,,0,,0,0,0,0.0,0,,9999,3,1,0,0,0,3,0,3,4,0,1,3,,N,,,,,,,,,,,
2008108578,1640,1,0,0,0,0,0,0,0,0,8,0,,67,8,2008,5,39.9322,-75.1817,1639.0,6,0,0,0,0,0,0,0,0,,0,0,0,16,1,1,1,,0,39 55:55.912,,99,75 10:54.116,8,0,0,0,67301,1,0,0,N,1,0,0,2,67301,0,,1,1,,N,N,,0,,0,0,0,3.0,2,,1631,1,2,0,0,0,1,0,3,4,0,1,3,,N,,,,,,,,,,,
2008082214,1711,2,0,0,0,0,0,0,0,0,4,0,,67,5,2008,2,40.0095,-75.1408,1709.0,6,0,0,0,0,0,0,1,0,,0,0,0,15,1,0,2,,0,40 00:34.246,,0,75 08:26.775,9,0,0,0,67301,0,0,0,N,0,0,0,4,67301,0,,1,9,,N,N,,0,,0,0,0,3.0,3,,1530,0,2,0,0,0,0,3,3,4,0,2,7,,N,,,,,,,,,,,
2008082263,1715,1,0,0,0,0,0,0,0,0,5,0,,67,5,2008,3,40.0517,-74.9849,1710.0,6,0,0,0,1,0,1,0,0,,0,0,0,17,1,1,0,,0,40 03:05.980,,0,74 59:06.078,8,0,0,0,67301,0,0,0,,0,0,0,3,67301,0,,1,1,,,,,0,,0,0,0,0.0,0,,1707,1,2,0,0,0,1,0,3,4,1,2,3,,N,,,,,,,,,,,
2008097446,1302,0,0,0,0,0,0,0,0,0,8,0,,67,7,2008,6,40.0802,-75.2034,1251.0,6,0,0,0,0,0,0,0,0,,0,0,0,12,1,1,1,,0,40 04:48.612,,0,75 12:12.236,3,0,0,0,67301,1,0,0,N,1,0,0,4,67301,0,,1,98,,N,N,,0,,1,0,1,3.0,3,,1246,1,2,0,0,0,0,3,3,4,0,1,3,,N,,,,,,,,,,,
2008097490,20,0,0,0,1,0,0,0,0,0,4,0,,67,7,2008,5,39.9407,-75.1796,15.0,6,0,0,0,0,0,1,0,0,,0,0,0,0,3,1,1,,0,39 56:26.476,,0,75 10:46.433,4,0,0,0,67301,1,0,0,,0,0,0,2,67301,1,,1,1,,N,N,,0,,0,0,0,3.0,3,,15,1,2,0,0,0,0,0,3,4,1,1,3,,N,,,,,,,,,,,
2008088955,2300,3,0,0,0,0,0,0,0,0,1,0,,67,5,2008,6,39.998,-75.1254,2255.0,6,0,0,0,0,0,0,0,0,,0,0,0,22,3,2,1,,0,39 59:52.790,,0,75 07:31.478,2,0,0,1,67301,0,0,0,,0,0,0,5,67301,0,,1,1,,N,N,,0,,1,1,0,0.0,0,,2230,2,4,0,0,0,0,0,3,4,0,4,3,,N,,,,,,,,,,,
2008088845,1635,1,0,0,0,0,0,0,0,0,0,0,,67,6,2008,4,39.9071,-75.2234,1626.0,6,0,0,0,0,0,0,0,0,,0,0,0,16,1,1,0,,0,39 54:29.557,,7,75 13:23.242,4,0,0,0,67301,0,0,0,,0,0,0,1,67301,1,,1,9,,N,N,,0,,0,0,0,9.0,2,,1620,1,1,0,0,0,0,0,3,4,0,1,99,,N,,,,,,,,,,,
2008108315,953,2,0,0,0,0,0,0,0,0,5,0,,67,8,2008,2,40.0614,-75.028,948.0,6,0,0,0,1,0,0,0,0,,0,0,0,9,1,0,0,,0,40 03:41.108,,0,75 01:40.976,9,0,0,0,67301,0,0,0,,0,0,0,1,67301,0,,6,1,,N,N,,0,,0,0,0,0.0,0,,945,0,2,0,0,0,0,1,3,4,0,2,3,,N,,,,,,,,,,,
2008079240,1706,1,0,0,0,0,0,0,0,0,7,0,,67,5,2008,7,39.9371,-75.2123,1705.0,6,0,0,0,0,0,0,0,0,,0,0,0,15,1,1,2,,0,39 56:13.200,,0,75 12:44.640,4,0,0,0,67301,0,0,0,N,0,0,0,2,67301,1,,4,1,,N,N,,0,,0,0,0,0.0,0,,1553,1,1,0,0,0,0,0,3,4,0,1,3,,N,,,,,,,,,,,
2008108378,1128,2,0,0,0,0,0,0,0,0,4,0,,67,8,2008,5,40.0526,-75.179,1120.0,6,0,0,0,0,0,0,0,0,3.0,0,0,0,99,1,1,0,,2,40 03:09.354,4.0,0,75 10:44.271,4,0,0,0,67301,0,0,0,N,0,0,0,6,67301,1,,1,1,,N,N,,0,,0,0,0,0.0,0,Y,9999,1,2,0,0,0,0,0,3,4,0,2,3,,N,,,,,,,,,,,
2008094815,2006,0,0,0,0,0,0,0,0,0,8,0,,67,6,2008,2,40.0989,-74.9846,1959.0,6,0,0,0,0,0,0,0,0,,0,0,0,19,1,1,0,,0,40 05:56.205,,0,74 59:04.509,4,0,0,0,67301,1,0,0,,1,0,0,2,67301,1,,1,1,,N,N,,0,,0,0,1,0.0,0,,1959,1,2,0,0,0,0,0,3,4,0,1,3,,N,,,,,,,,,,,
2008094838,1823,1,0,0,0,0,0,0,0,0,8,0,,67,6,2008,3,39.9565,-75.1726,1820.0,6,0,0,0,0,1,0,0,0,,0,0,0,18,1,1,1,,0,39 57:23.497,,0,75 10:21.241,4,0,0,0,67301,1,0,0,N,1,0,0,2,67301,1,,1,1,,N,N,,0,,0,0,0,3.0,2,,1815,1,2,0,0,0,0,0,3,4,0,1,3,,N,,,,,,,,,,,
2008094871,1450,2,0,0,0,0,0,0,0,0,4,0,,67,7,2008,1,39.9392,-75.1917,1444.0,6,0,0,0,0,0,0,0,0,,0,0,0,99,1,1,5,,0,39 56:21.084,,0,75 11:29.990,4,0,0,0,67301,0,0,0,,0,0,0,3,67301,1,,1,9,,N,N,,0,,0,0,0,0.0,0,,9999,1,2,0,0,0,0,0,3,4,0,2,7,,N,,,,,,,,,,,
2008098434,1253,1,0,0,1,0,0,0,0,0,4,0,,67,7,2008,6,40.013,-75.1194,1242.0,6,0,0,0,0,0,0,0,0,,0,0,0,12,1,1,1,,0,40 00:46.714,,0,75 07:09.798,4,0,0,0,67301,1,0,0,,0,0,0,2,67301,1,,1,1,,,,,0,,0,0,0,9.0,9,,1230,1,2,0,0,0,0,0,3,4,0,1,3,,N,,,,,,,,,,,
2008116124,1620,1,0,0,0,0,0,0,0,0,1,0,,67,10,2008,6,39.9513,-75.183,1607.0,6,0,0,0,0,0,0,0,0,,0,0,0,16,1,1,0,,0,39 57:06.310,,2,75 10:56.660,8,0,0,0,67301,0,0,0,N,0,0,0,3,68K01,0,,1,1,,N,N,,1,,0,0,0,0.0,0,,1600,1,2,0,0,0,1,0,3,4,0,2,3,,N,,,,,,,,,,,
2008133796,1636,2,0,0,0,0,0,0,0,0,4,0,,67,10,2008,1,39.9609,-75.2195,1631.0,6,0,0,0,0,0,0,0,0,2.0,0,0,0,16,1,3,2,,1,39 57:39.369,2.0,0,75 13:10.030,8,0,0,0,67301,0,0,0,N,0,0,0,3,67301,0,,1,1,,N,N,,0,,0,0,0,3.0,3,N,1629,3,2,0,0,0,3,0,3,4,0,2,3,,N,,,,,,,,,,,
2008056524,640,2,0,0,0,0,0,0,0,0,5,0,,67,4,2008,4,39.9736,-75.12,629.0,6,0,0,0,0,0,0,0,0,1.0,0,1,0,6,1,2,0,,1,39 58:26.137,2.0,0,75 07:09.729,8,0,0,0,67301,0,0,0,Y,0,0,0,3,68K01,0,,1,1,,N,N,,0,,0,0,0,0.0,0,N,619,2,3,0,0,0,2,0,3,4,0,3,3,,N,,,,,,,,,,,
2008054061,1915,3,0,0,0,0,0,0,0,0,1,0,,67,2,2008,3,40.0257,-75.1251,1913.0,6,0,0,0,0,0,2,0,0,,0,0,0,19,2,0,1,,0,40 01:32.390,,0,75 07:30.507,0,0,0,0,67301,0,0,0,N,0,0,0,4,67301,0,,1,9,,N,N,,0,,0,0,0,0.0,0,,1913,0,3,0,0,0,0,0,3,4,0,3,7,,N,,,,,,,,,,,
2008051735,709,1,0,0,0,0,0,0,0,0,6,0,,67,2,2008,6,39.9069,-75.1851,708.0,6,0,0,0,0,0,0,0,0,,0,0,0,7,1,0,2,,0,39 54:25.012,,0,75 11:06.232,0,0,0,0,67301,0,0,0,N,0,0,0,2,67301,0,,1,7,,N,N,,1,,0,0,0,3.0,3,,706,0,2,0,0,0,0,0,3,4,0,2,10,,N,,,,,,,,,,,
2008046784,124,1,0,0,0,0,0,0,0,0,7,0,,67,4,2008,6,39.9835,-75.2081,122.0,6,0,0,0,0,0,0,0,0,2.0,0,0,0,1,3,0,0,,1,39 59:05.015,3.0,0,75 12:29.579,0,0,0,0,67301,0,0,0,N,0,0,0,1,68K01,0,,2,9,,N,N,,0,,0,0,0,0.0,0,N,120,0,1,0,0,1,0,0,3,4,0,1,7,,N,,,,,,,,,,,
2008132996,804,0,0,0,0,0,0,1,0,0,8,1,,67,10,2008,4,39.9577,-75.2336,800.0,6,0,0,0,0,0,0,0,0,,0,0,0,7,1,2,0,,0,39 57:27.852,,0,75 14:00.831,8,0,0,0,67301,2,0,0,,2,0,0,9,67301,0,,2,1,,Y,,,0,,0,0,0,0.0,0,,730,2,3,0,0,0,2,0,3,4,0,1,3,,N,,,,,,,,,,,
2008055262,916,3,0,0,0,0,0,0,0,0,1,0,,67,4,2008,2,40.0093,-75.2049,916.0,6,0,0,0,0,0,0,0,0,,0,0,0,9,1,2,0,,0,40 00:32.378,,0,75 12:15.309,4,0,0,0,67301,0,0,0,N,0,0,0,3,68K01,1,,1,1,,N,N,,0,,0,0,0,0.0,0,,916,2,3,0,0,0,1,0,3,4,0,3,3,,N,,,,,,,,,,,
2008050189,1319,1,0,0,0,0,0,0,0,0,8,0,,67,2,2008,5,39.9918,-75.1622,1314.0,6,0,0,0,0,0,0,0,0,,0,0,0,13,1,1,1,,0,39 59:30.386,,0,75 09:43.840,8,0,0,0,67301,1,0,0,N,1,0,0,2,67301,0,,1,1,,N,N,,0,,0,0,0,3.0,3,,1314,1,2,0,0,0,1,0,3,4,0,1,3,,N,,,,,,,,,,,
2008050256,12,1,0,0,0,0,0,0,0,0,7,0,,67,2,2008,6,40.0462,-74.9941,10.0,6,0,0,0,0,0,0,0,0,,0,0,0,23,3,0,0,,0,40 02:46.128,,0,74 59:38.908,9,0,0,0,67301,0,0,0,N,0,0,0,1,67301,0,,5,9,,N,N,,1,,0,0,0,0.0,0,,2317,0,2,0,0,0,0,1,3,4,0,2,3,,N,,,,,,,,,,,
2008045534,1126,1,0,0,0,0,0,0,0,0,1,0,,67,1,2008,7,40.0217,-75.1396,1121.0,6,0,0,0,0,0,0,1,0,9.0,0,0,0,11,1,2,0,,1,40 01:17.000,2.0,0,75 08:22.465,4,0,0,0,67301,0,0,0,N,0,0,0,4,67301,2,,1,1,,N,N,,0,,0,0,0,0.0,0,N,1121,2,2,0,0,0,0,1,3,4,1,2,3,,N,,,,,,,,,,,
2008045542,39,2,0,0,0,0,0,0,0,0,2,0,,67,2,2008,1,39.8993,-75.1748,34.0,6,0,0,0,0,0,0,0,0,,0,0,0,0,3,1,1,,0,39 53:57.391,,0,75 10:29.308,8,0,0,0,67301,0,0,0,N,0,0,0,4,67301,0,,7,9,,N,N,,0,,0,0,0,3.0,2,,25,1,2,0,0,0,1,0,3,4,0,2,7,,N,,,,,,,,,,,
2008047664,954,1,0,0,0,0,0,0,0,0,4,0,,67,1,2008,5,40.0971,-75.0182,954.0,6,0,0,0,0,0,1,0,0,,0,0,0,9,1,1,1,,0,40 05:49.711,,0,75 01:05.375,4,0,0,0,67301,0,0,0,,0,0,0,2,67301,1,,1,1,,,,,0,,0,0,1,3.0,2,,953,1,2,0,0,0,0,0,3,4,0,2,3,,N,,,,,,,,,,,
2008042812,1612,1,0,0,0,0,0,0,0,0,1,0,,67,3,2008,4,39.9579,-75.1624,1556.0,6,0,0,0,1,0,0,0,0,1.0,0,0,0,15,1,0,0,,1,39 57:28.611,4.0,0,75 09:44.720,0,0,0,0,67301,0,0,0,N,0,0,0,2,68K01,0,,1,9,,N,N,,0,,0,0,1,0.0,0,N,1554,0,2,0,0,0,0,0,3,4,0,2,7,,N,,,,,,,,,,,
2008026636,944,2,0,0,0,0,0,0,0,0,1,0,,67,1,2008,1,,,940.0,6,0,0,0,1,0,0,0,0,,0,0,0,9,1,3,0,,0,,,0,,4,0,0,0,67301,0,0,0,N,0,0,0,5,67301,3,,1,1,,N,N,,0,,0,0,0,0.0,0,,938,3,2,0,0,0,0,0,3,3,0,2,3,,N,,,,,,,,,,,
2008050506,9999,2,0,0,0,0,0,0,0,0,5,0,,67,2,2008,2,40.025,-75.1285,9999.0,6,0,0,0,1,0,0,0,0,1.0,0,0,0,3,3,2,0,,2,40 01:30.000,2.0,0,75 07:42.600,8,0,0,0,67301,0,0,0,N,0,0,0,4,67301,0,,2,1,,N,N,,0,,0,0,0,0.0,0,N,329,2,2,0,0,2,2,0,3,4,0,2,3,,N,,,,,,,,,,,
2008048168,32,1,0,0,0,0,0,0,0,0,8,0,,67,1,2008,4,40.0293,-75.0398,17.0,6,0,0,0,0,0,0,0,0,,0,0,0,15,1,1,0,,0,40 01:45.360,,7,75 02:23.454,3,0,0,0,67301,1,0,0,,1,0,0,2,67301,0,,5,1,,,,,0,,1,0,0,0.0,0,,1530,1,2,0,0,0,0,0,3,4,0,1,3,,N,,,,,,,,,,,