CRN,ARRIVAL_TM,AUTOMOBILE_COUNT,BELTED_DEATH_COUNT,BELTED_SUSP_SERIOUS_INJ_COUNT,BICYCLE_COUNT,BICYCLE_DEATH_COUNT,BICYCLE_SUSP_SERIOUS_INJ_COUNT,BUS_COUNT,CHLDPAS_DEATH_COUNT,CHLDPAS_SUSP_SERIOUS_INJ_COUNT,COLLISION_TYPE,COMM_VEH_COUNT,CONS_ZONE_SPD_LIM,COUNTY,CRASH_MONTH,CRASH_YEAR,DAY_OF_WEEK,DEC_LAT,DEC_LONG,DISPATCH_TM,DISTRICT,DRIVER_COUNT_16YR,DRIVER_COUNT_17YR,DRIVER_COUNT_18YR,DRIVER_COUNT_19YR,DRIVER_COUNT_20YR,DRIVER_COUNT_50_64YR,DRIVER_COUNT_65_74YR,DRIVER_COUNT_75PLUS,EST_HRS_CLOSED,FATAL_COUNT,HEAVY_TRUCK_COUNT,HORSE_BUGGY_COUNT,HOUR_OF_DAY,ILLUMINATION,INJURY_COUNT,INTERSECT_TYPE,INTERSECTION_RELATED,LANE_CLOSED,LATITUDE,LN_CLOSE_DIR,LOCATION_TYPE,LONGITUDE,MAX_SEVERITY_LEVEL,MCYCLE_DEATH_COUNT,MCYCLE_SUSP_SERIOUS_INJ_COUNT,MOTORCYCLE_COUNT,MUNICIPALITY,NONMOTR_COUNT,NONMOTR_DEATH_COUNT,NONMOTR_SUSP_SERIOUS_INJ_COUNT,NTFY_HIWY_MAINT,PED_COUNT,PED_DEATH_COUNT,PED_SUSP_SERIOUS_INJ_COUNT,PERSON_COUNT,POLICE_AGCY,POSSIBLE_INJ_COUNT,RDWY_SURF_TYPE_CD,RELATION_TO_ROAD,ROAD_CONDITION,ROADWAY_CLEARED,SCH_BUS_IND,SCH_ZONE_IND,SECONDARY_CRASH,SMALL_TRUCK_COUNT,SPEC_JURIS_CD,SUSP_MINOR_INJ_COUNT,SUSP_SERIOUS_INJ_COUNT,SUV_COUNT,TCD_FUNC_CD,TCD_TYPE,TFC_DETOUR_IND,TIME_OF_DAY,TOT_INJ_COUNT,TOTAL_UNITS,UNB_DEATH_COUNT,UNB_SUSP_SERIOUS_INJ_COUNT,UNBELTED_OCC_COUNT,UNK_INJ_DEG_COUNT,UNK_INJ_PER_COUNT,URBAN_AREA,URBAN_RURAL,VAN_COUNT,VEHICLE_COUNT,WEATHER1,WEATHER2,WORK_ZONE_IND,WORK_ZONE_LOC,WORK_ZONE_TYPE,WORKERS_PRES,WZ_CLOSE_DETOUR,WZ_FLAGGER,WZ_LAW_OFFCR_IND,WZ_LN_CLOSURE,WZ_MOVING,WZ_OTHER,WZ_SHLDER_MDN,WZ_WORKERS_INJ_KILLED
2008050776,735,5,0,0,0,0,0,0,0,0,4,0,,67,2,2008,2,39.9157,-75.2366,730.0,6,0,0,0,0,0,1,0,0,,0,0,0,7,1,1,1,,0,39 54:56.512,,0,75 14:11.723,8,0,0,0,67301,0,0,0,N,0,0,0,2,67301,0,,1,1,,N,N,,0,,0,0,0,0.0,0,,725,1,5,0,0,0,1,0,3,4,0,5,3,,N,,,,,,,,,,,
2008050828,1710,2,0,0,0,0,0,0,0,0,4,0,,67,2,2008,6,39.991,-75.1314,1708.0,6,0,0,0,0,0,1,0,0,,0,0,0,17,1,1,1,,0,39 59:27.600,,0,75 07:53.040,4,0,0,0,67301,0,0,0,N,0,0,0,3,67301,1,,1,1,,N,N,,0,,0,0,0,3.0,3,,1700,1,2,0,0,0,0,2,3,4,0,2,3,,N,,,,,,,,,,,
2008050836,745,2,0,0,0,0,0,0,0,0,2,0,,67,2,2008,3,40.0604,-75.167,744.0,6,0,0,0,0,0,0,0,0,3.0,0,0,0,7,1,3,1,,2,40 03:37.581,5.0,0,75 10:01.313,3,0,0,0,67301,0,0,0,N,0,0,0,3,67301,2,,1,9,,N,N,,0,,1,0,0,3.0,2,Y,740,3,2,0,0,0,0,0,3,4,0,2,7,,N,,,,,,,,,,,
2008050837,1701,1,0,0,0,0,0,0,0,0,8,0,,67,3,2008,2,40.0454,-75.1725,1658.0,6,0,0,0,0,0,1,0,0,,0,0,0,16,1,1,0,,0,40 02:43.378,,0,75 10:20.967,4,0,0,0,67301,1,0,0,,1,0,0,2,67301,1,,1,1,,,,,0,,0,0,0,0.0,0,,1650,1,2,0,0,0,0,0,3,4,0,1,3,,N,,,,,,,,,,,
2008043927,800,1,0,0,0,0,0,0,0,0,8,0,,67,1,2008,6,39.98,-75.1759,755.0,6,0,0,0,0,0,0,0,0,,0,0,0,7,1,1,2,,0,39 58:48.151,,0,75 10:33.128,2,0,0,0,67301,1,0,1,,1,0,1,2,67301,0,,1,1,,,,,0,,0,1,0,3.0,3,,745,1,2,0,0,0,0,0,3,4,0,1,3,,N,,,,,,,,,,,
2008120930,1620,1,0,0,0,0,0,0,0,0,4,0,,67,9,2008,3,40.0147,-75.065,1615.0,6,0,0,0,0,0,0,0,0,,0,0,0,16,1,1,0,,0,40 00:52.840,,0,75 03:54.066,4,0,0,0,67301,0,0,0,N,0,0,0,2,67301,1,,1,1,,N,N,,0,,0,0,0,0.0,0,,1614,1,3,0,0,0,0,1,3,4,2,3,3,,N,,,,,,,,,,,
2008069267,1544,2,0,0,0,0,0,0,0,0,4,0,,67,4,2008,7,39.9686,-75.2021,1542.0,6,0,0,0,0,0,0,0,0,,0,0,0,15,1,1,1,,0,39 58:06.913,,0,75 12:07.693,4,0,0,0,67301,0,0,0,N,0,0,0,4,67301,1,,1,1,,N,N,,0,,0,0,0,2.0,3,,1535,1,2,0,0,0,0,0,3,4,0,2,3,,N,,,,,,,,,,,
2008069306,2318,2,0,0,0,0,0,0,0,0,1,0,,67,3,2008,4,40.022,-75.1731,2315.0,6,0,0,0,0,0,0,0,0,3.0,0,0,0,23,3,1,2,,2,40 01:19.099,5.0,0,75 10:23.037,3,0,0,0,67301,0,0,0,N,0,0,0,2,67301,0,,1,1,,N,N,,0,,1,0,0,3.0,3,Y,2315,1,2,0,0,0,0,0,3,4,0,2,3,,N,,,,,,,,,,,
2008108960,256,1,0,0,0,0,0,0,0,0,4,0,,67,8,2008,7,39.9274,-75.1936,255.0,6,0,0,0,0,0,0,0,0,,0,0,0,2,3,0,0,,0,39 55:38.804,,0,75 11:36.919,0,0,0,0,67301,0,0,0,,0,0,0,1,67301,0,,6,1,,,,,1,,0,0,0,0.0,0,,255,0,2,0,0,0,0,0,3,4,0,2,3,,N,,,,,,,,,,,
2008121047,1940,2,0,0,0,0,0,0,0,0,4,0,,67,9,2008,5,40.0522,-75.1758,1930.0,6,0,0,0,0,0,0,0,0,,0,0,0,19,3,0,1,,0,40 03:08.049,,0,75 10:32.957,0,0,0,0,67301,0,0,0,N,0,0,0,3,67301,0,,1,9,,N,N,,0,,0,0,0,3.0,2,,1930,0,2,0,0,0,0,0,3,4,0,2,7,,N,,,,,,,,,,,
2008108664,1549,2,0,0,0,0,0,0,0,0,4,0,,67,8,2008,1,39.9579,-75.1641,1545.0,6,0,0,0,0,0,1,0,0,,0,0,0,15,1,1,1,,0,39 57:28.586,,0,75 09:50.893,4,0,0,0,67301,0,0,0,N,0,0,0,3,67301,1,,1,9,,N,N,,0,,0,0,0,2.0,2,,1525,1,2,0,0,0,0,0,3,4,0,2,7,,N,,,,,,,,,,,
2008118631,1856,1,0,0,0,0,0,0,0,0,2,0,,67,9,2008,6,40.0341,-75.1829,1854.0,6,0,0,0,0,0,0,0,0,,0,0,0,18,4,2,1,,0,40 02:02.623,,0,75 10:58.453,4,0,0,0,67301,0,0,0,N,0,0,0,3,67301,2,,1,1,,N,N,,0,,0,0,1,3.0,2,,1845,2,2,0,0,0,0,0,3,4,0,2,3,,N,,,,,,,,,,,
2008108388,2025,2,0,0,0,0,0,0,0,0,1,0,,67,9,2008,2,40.0408,-75.0595,2021.0,6,0,0,0,0,0,0,0,0,,0,0,0,20,3,1,0,,0,40 02:27.038,,0,75 03:34.348,8,0,0,0,67301,0,0,0,,0,0,0,3,67301,0,,1,1,,N,N,,0,,0,0,0,0.0,0,,2019,1,2,0,0,0,1,0,3,4,0,2,3,,N,,,,,,,,,,,
2008103654,2110,0,0,0,0,0,0,1,0,0,8,1,,67,8,2008,5,39.9491,-75.162,2106.0,6,0,0,0,0,0,0,0,0,,0,0,0,16,1,1,2,,0,39 56:56.645,,0,75 09:43.309,3,0,0,0,67301,1,0,0,,1,0,0,2,67301,0,,2,1,,,,,0,,1,0,0,3.0,2,,1600,1,2,0,0,0,0,0,3,4,0,1,3,,N,,,,,,,,,,,
2008118969,1808,1,0,0,0,0,0,0,0,0,1,0,,67,9,2008,2,39.9557,-75.2152,1804.0,6,0,0,0,0,0,1,0,0,,0,0,0,18,1,1,0,,0,39 57:20.496,,0,75 12:54.854,4,0,0,0,67301,0,0,0,N,0,0,0,2,67301,1,,1,1,,N,N,,1,,0,0,0,3.0,2,,1800,1,2,0,0,0,0,0,3,4,0,2,3,,N,,,,,,,,,,,
2008108463,835,1,0,0,0,0,0,0,0,0,4,0,,67,8,2008,7,39.9732,-75.2362,833.0,6,0,0,0,0,0,0,0,0,,0,0,0,8,1,0,1,,0,39 58:23.415,,0,75 14:10.463,0,0,0,0,67301,0,0,0,N,0,0,0,2,67301,0,,1,1,,N,N,,1,,0,0,0,3.0,3,,830,0,2,0,0,0,0,0,3,4,0,2,3,,N,,,,,,,,,,,
2008108571,1201,1,0,0,0,0,0,0,0,0,7,0,,67,8,2008,5,40.0673,-75.2304,2354.0,6,0,0,0,0,0,0,0,0,,0,0,0,21,3,1,0,,0,40 04:02.168,,0,75 13:49.270,4,0,0,0,67301,0,0,0,,0,0,0,1,67301,1,,1,9,,,,,0,,0,0,0,0.0,0,,2149,1,1,0,0,0,0,0,3,4,0,1,3,,N,,,,,,,,,,,
2008108577,955,2,0,0,0,0,0,0,0,0,4,0,,67,8,2008,5,39.9141,-75.1508,950.0,6,0,0,0,0,0,0,1,0,,0,0,0,9,1,1,0,,0,39 54:50.836,,0,75 09:02.845,4,0,0,0,67301,0,0,0,N,0,0,0,3,67301,1,,1,1,,N,N,,0,,0,0,0,0.0,0,,950,1,2,0,0,0,0,0,3,4,0,2,3,5.0,N,,,,,,,,,,,
2008099060,2118,1,0,0,1,0,0,0,0,0,8,0,,67,6,2008,2,39.9781,-75.1169,2117.0,6,0,0,0,1,0,0,0,0,,0,0,0,21,3,1,2,,0,39 58:41.113,,0,75 07:00.677,4,0,0,0,67301,1,0,0,,0,0,0,2,67301,1,,1,1,,N,N,,0,,0,0,0,0.0,0,,2110,1,2,0,0,0,0,0,3,4,0,1,3,,N,,,,,,,,,,,
2008099072,916,1,0,0,0,0,0,0,0,0,8,0,,67,5,2008,3,39.9458,-75.2209,914.0,6,0,0,0,0,0,0,0,0,,0,0,0,9,1,1,0,,0,39 56:45.042,,0,75 13:15.150,8,0,0,0,67301,1,0,0,,1,0,0,2,67301,0,,1,1,,N,N,,0,,0,0,0,0.0,0,,900,1,2,0,0,1,1,0,3,4,0,1,3,,N,,,,,,,,,,,
2008098609,1515,2,0,0,0,0,0,0,0,0,1,0,,67,7,2008,4,39.9934,-75.1508,1510.0,6,0,0,0,0,0,0,0,0,,0,0,0,15,1,1,1,,0,39 59:36.414,,0,75 09:02.806,8,0,0,0,67301,0,0,0,N,0,0,0,2,67301,0,,1,1,,N,N,,0,,0,0,0,3.0,2,,1500,1,2,0,0,0,1,0,3,4,0,2,3,,N,,,,,,,,,,,
2008098638,2155,2,0,0,0,0,0,0,0,0,2,0,,67,7,2008,1,40.0875,-74.9711,2151.0,6,0,0,0,0,0,1,0,0,,0,0,0,21,3,0,1,,0,40 05:14.807,,0,74 58:16.409,0,0,0,0,67301,0,0,0,N,0,0,0,4,67301,0,,1,9,,N,N,,0,,0,0,0,3.0,2,,2151,0,2,0,0,0,0,0,3,4,0,2,3,,N,,,,,,,,,,,
2008071851,1505,1,0,0,0,0,0,0,0,0,1,0,,67,5,2008,6,39.9985,-75.1288,1500.0,6,0,0,0,0,0,1,0,0,1.0,0,0,0,15,1,1,0,,1,39 59:54.408,3.0,0,75 07:43.710,4,0,0,0,67301,0,0,0,N,0,0,0,3,67301,1,,1,1,,N,N,,0,,0,0,1,0.0,0,N,1500,1,2,0,0,0,0,0,3,4,0,2,3,,N,,,,,,,,,,,
2008082247,1338,2,0,0,0,0,0,0,0,0,1,0,,67,5,2008,6,40.028,-75.1103,1335.0,6,0,0,0,0,0,0,0,0,1.0,0,0,0,13,1,3,0,,1,40 01:40.660,2.0,0,75 06:37.096,4,0,0,0,67301,0,0,0,N,0,0,0,6,67301,1,,1,9,,N,N,,0,,0,0,0,3.0,2,N,1329,3,2,0,0,0,2,0,3,4,0,2,7,,N,,,,,,,,,,,
2008079026,920,0,0,0,0,0,0,0,0,0,7,1,,67,3,2008,4,40.0571,-75.129,920.0,6,0,0,0,0,0,0,0,0,9.0,0,1,0,9,1,1,1,,1,40 03:25.673,4.0,0,75 07:44.331,8,0,0,0,67301,0,0,0,N,0,0,0,1,46102,0,,2,1,,N,N,,0,,0,0,0,3.0,2,N,920,1,1,0,0,0,1,0,3,4,0,1,3,,N,,,,,,,,,,,
2008079059,1609,1,0,0,0,0,0,0,0,0,7,0,,67,3,2008,1,39.9998,-75.1385,1605.0,6,0,0,0,0,0,0,0,0,,0,0,0,16,1,1,2,,0,39 59:59.175,,0,75 08:18.619,3,0,0,0,67301,0,0,0,,0,0,0,1,67301,0,,4,1,,N,N,,0,,1,0,0,3.0,2,,1605,1,1,0,0,0,0,0,3,4,0,1,3,,N,,,,,,,,,,,
2008079097,1705,0,0,0,0,0,0,0,0,0,4,0,,67,5,2008,6,39.9911,-75.095,1703.0,6,0,0,0,0,0,1,0,0,,0,0,0,16,1,2,1,,0,39 59:28.136,,0,75 05:42.179,8,0,0,0,67301,0,0,0,N,0,0,0,3,67301,0,,1,1,,N,N,,2,,0,0,0,3.0,2,,1610,2,2,0,0,0,2,0,3,4,0,2,3,,N,,,,,,,,,,,
2008088876,1535,1,0,0,0,0,0,0,0,0,8,0,,67,5,2008,3,40.029,-75.1519,1530.0,6,0,0,0,0,0,0,0,0,,0,0,0,15,1,1,0,,0,40 01:44.443,,0,75 09:06.750,3,0,0,0,67301,1,0,0,N,1,0,0,2,67301,0,,1,1,,N,Y,,0,,1,0,0,0.0,0,,1520,1,2,0,0,0,0,1,3,4,0,1,3,,N,,,,,,,,,,,
2008133003,505,1,0,0,0,0,0,0,0,0,7,0,,67,10,2008,1,,,458.0,6,0,0,0,0,0,0,0,0,,0,0,0,99,3,0,0,,0,,,0,,9,0,0,0,67301,0,0,0,N,0,0,0,1,67301,0,,2,9,,N,N,,0,,0,0,0,0.0,0,,9999,0,1,0,0,0,0,1,3,3,0,1,98,,N,,,,,,,,,,,
2008028831,2155,3,0,0,0,0,0,0,0,0,1,0,,67,2,2008,6,39.9641,-75.1847,2149.0,6,0,0,0,1,0,0,0,0,1.0,0,0,0,21,6,0,0,,2,39 57:51.000,3.0,0,75 11:05.347,0,0,0,0,67301,0,0,0,N,0,0,0,8,68K01,0,,1,1,,N,N,,0,,0,0,0,0.0,0,N,2148,0,3,0,0,1,0,0,3,4,0,3,3,,N,,,,,,,,,,,
2008050205,1704,2,0,0,0,0,0,0,0,0,1,0,,67,3,2008,2,39.934,-75.1862,1701.0,6,0,0,0,0,0,0,0,0,,0,0,0,17,1,1,2,,0,39 56:02.515,,0,75 11:10.165,4,0,0,0,67301,0,0,0,,0,0,0,7,67301,1,,1,1,,N,N,,0,,0,0,0,3.0,2,,1700,1,2,0,0,3,0,0,3,4,0,2,3,,N,,,,,,,,,,,
2008047570,235,2,0,0,0,0,0,0,0,0,4,0,,67,1,2008,5,39.9863,-75.1561,230.0,6,0,0,0,0,0,1,0,0,2.0,0,0,0,2,3,1,1,,2,39 59:10.573,5.0,0,75 09:22.129,8,0,0,0,67301,0,0,0,,0,0,0,3,67301,0,,1,1,,N,N,,0,,0,0,0,2.0,2,Y,225,1,2,0,0,0,1,2,3,4,0,2,3,,N,,,,,,,,,,,
2008045546,2140,1,0,0,0,0,0,0,0,0,8,0,,67,1,2008,5,39.9491,-75.162,2135.0,6,0,0,0,0,0,0,0,0,,0,0,0,99,3,2,2,,0,39 56:56.000,,0,75 09:43.309,4,0,0,0,67301,1,0,0,,1,0,0,2,67301,2,,1,1,,N,N,,0,,0,0,0,9.0,2,,9999,2,2,0,0,0,0,0,3,4,0,1,3,,N,,,,,,,,,,,
2008023953,826,1,0,0,0,0,0,0,0,0,4,0,,67,1,2008,3,40.0649,-75.1951,818.0,6,0,0,0,0,0,0,0,0,,0,0,0,8,1,0,2,,0,40 03:53.000,,0,75 11:42.113,0,0,0,0,67301,0,0,0,,0,0,0,4,67301,0,,1,1,,,,,0,,0,0,1,3.0,3,,814,0,3,0,0,1,0,0,3,4,1,3,3,,N,,,,,,,,,,,
2008024060,1758,2,0,0,0,0,0,0,0,0,2,0,,67,1,2008,4,40.0169,-75.1495,1750.0,6,0,0,0,0,0,0,0,0,,0,0,0,16,1,2,1,,0,40 01:00.000,,0,75 08:58.114,4,0,0,0,67301,0,0,0,N,0,0,0,5,67301,2,,1,1,,N,N,,0,,0,0,0,9.0,2,,1650,2,2,0,0,0,0,0,3,4,0,2,3,,N,,,,,,,,,,,
2008050771,330,2,0,0,0,0,0,0,0,0,2,1,,67,2,2008,6,39.8829,-75.2121,322.0,6,0,0,0,0,0,0,0,0,4.0,0,1,0,3,3,1,2,,2,39 52:58.501,6.0,0,75 12:43.595,4,0,0,0,67301,0,0,0,,0,0,0,3,67301,1,,1,1,,,,,0,,0,0,0,0.0,0,Y,315,1,3,0,0,0,0,0,3,4,0,3,3,,N,,,,,,,,,,,
2008050813,153,1,0,0,0,0,0,0,0,0,7,0,,67,3,2008,7,40.0058,-75.0964,141.0,6,0,0,0,1,0,0,0,0,,0,0,0,1,3,0,1,,0,40 00:21.037,,1,75 05:47.149,0,0,0,0,67301,0,0,0,N,0,0,0,1,67301,0,,1,9,,N,N,,0,,0,0,0,3.0,2,,139,0,1,0,0,0,0,0,3,4,0,1,7,,N,,,,,,,,,,,
2008040772,1635,1,0,0,0,0,0,0,0,0,4,0,,67,1,2008,5,39.8877,-75.2459,1616.0,6,0,1,0,0,0,0,0,0,,0,0,0,15,1,0,0,,0,39 53:15.748,,0,75 14:45.250,0,0,0,0,67301,0,0,0,,0,0,0,4,67301,0,,1,1,,,,,0,,0,0,0,0.0,0,,1550,0,2,0,0,0,0,0,3,4,1,2,3,,N,,,,,,,,,,,
2008118589,2140,1,0,0,0,0,0,0,0,0,5,0,,67,10,2008,1,40.0727,-75.1728,2130.0,6,0,0,0,0,0,0,0,0,,0,0,0,21,3,0,0,,0,40 04:21.734,,0,75 10:21.918,9,0,0,0,67301,0,0,0,N,0,0,0,1,67301,0,,6,1,,N,N,,0,,0,0,0,0.0,0,,2100,0,2,0,0,0,0,1,3,4,1,2,3,,N,,,,,,,,,,,
2008118636,1400,0,0,0,0,0,0,0,0,0,2,1,,67,8,2008,4,39.9804,-75.1179,1350.0,6,0,0,0,0,0,1,0,0,,0,1,0,13,1,2,1,,0,39 58:53.345,,0,75 07:02.419,8,0,0,0,67301,0,0,0,N,0,0,0,3,67301,0,,1,1,,N,N,,1,,0,0,0,3.0,2,,1335,2,2,0,0,0,2,0,3,4,0,2,3,,N,,,,,,,,,,,
2008103650,1431,0,0,0,0,0,0,1,0,0,5,0,,67,6,2008,6,39.9492,-75.1567,1430.0,6,0,0,0,0,0,0,0,0,,0,0,0,14,1,1,0,,0,39 56:57.078,,0,75 09:24.082,8,0,0,0,67301,1,0,0,N,0,0,0,2,67301,0,,1,1,,N,N,,1,,0,0,0,0.0,0,,1420,1,2,0,0,1,1,0,3,4,0,2,3,,N,,,,,,,,,,,
2008101522,1437,1,0,0,0,0,0,0,0,0,1,0,,67,9,2008,4,39.9753,-75.1947,1437.0,6,0,0,0,0,1,0,0,0,,0,0,0,14,1,1,6,,0,39 58:33.370,,2,75 11:42.930,3,0,0,0,67301,0,0,0,N,0,0,0,2,68K01,0,,1,1,,N,N,,0,,1,0,1,3.0,4,,1435,1,2,0,0,1,0,0,3,4,0,2,3,,N,,,,,,,,,,,
2008118645,1135,3,0,0,0,0,0,0,0,0,1,0,,67,9,2008,4,39.9568,-75.1388,1131.0,6,0,0,0,0,0,0,0,0,9.0,0,0,0,99,1,2,0,,1,39 57:24.633,7.0,0,75 08:19.740,4,0,0,0,67301,0,0,0,N,0,0,0,4,67301,1,,1,1,,N,N,,0,,0,0,0,3.0,2,N,9999,2,3,0,0,4,1,0,3,4,0,3,3,,N,,,,,,,,,,,
2008098632,1758,2,0,0,0,0,0,0,0,0,2,0,,67,5,2008,5,40.0647,-74.9823,1753.0,6,0,0,0,1,0,0,0,1,3.0,0,0,0,17,1,1,1,,2,40 03:52.885,1.0,0,74 58:56.122,4,0,0,0,67301,0,0,0,,0,0,0,4,67301,1,,1,1,,,,,0,,0,0,0,3.0,2,Y,1753,1,2,0,0,0,0,0,3,4,0,2,3,,N,,,,,,,,,,,
2008071917,835,2,0,0,0,0,0,0,0,0,4,0,,67,4,2008,2,40.0177,-75.1571,828.0,6,0,0,0,0,0,0,0,0,,0,0,0,99,1,2,2,,0,40 01:03.745,,0,75 09:25.585,3,0,0,0,67301,0,0,0,,0,0,0,4,67301,1,,1,1,,,,,0,,1,0,0,0.0,0,,9999,2,2,0,0,1,0,1,3,4,0,2,3,,N,,,,,,,,,,,
2008120887,850,3,0,0,0,0,0,0,0,0,6,0,,67,9,2008,7,39.933,-75.2385,848.0,6,0,0,0,0,0,0,0,0,,0,0,0,8,1,2,0,,0,39 55:58.800,,0,75 14:18.600,4,0,0,0,67301,0,0,0,N,0,0,0,4,67301,2,,1,9,,N,N,,0,,0,0,0,0.0,0,,840,2,3,0,0,0,0,1,3,4,0,3,7,,N,,,,,,,,,,,
2008120917,2357,3,0,0,0,0,0,0,0,0,2,0,,67,9,2008,7,39.974,-75.1442,2347.0,6,0,0,0,0,0,0,0,0,,0,0,0,23,3,3,1,,0,39 58:26.400,,0,75 08:38.965,3,0,0,0,67301,2,0,0,N,0,0,0,3,67301,0,,1,1,,N,N,,0,,3,0,1,9.0,3,,2300,3,4,0,0,0,0,0,3,4,0,4,3,,N,,,,,,,,,,,
2008109628,137,1,0,0,0,0,0,0,0,0,7,0,,67,9,2008,6,39.9501,-75.1835,137.0,6,0,0,0,0,0,0,0,0,3.0,0,0,0,1,3,2,0,,1,39 57:05.842,4.0,1,75 10:57.146,4,0,0,0,67301,0,0,0,N,0,0,0,2,68K01,1,,4,9,,N,N,,0,,0,0,0,0.0,0,N,137,2,1,0,0,0,1,0,3,4,0,1,7,,N,,,,,,,,,,,
2008082244,1934,0,0,0,0,0,0,0,0,0,8,0,,67,5,2008,7,39.9272,-75.1562,1929.0,6,0,0,0,0,0,0,0,0,,0,0,0,19,1,1,0,,0,39 55:37.891,,0,75 09:22.402,4,0,0,0,67301,1,0,0,N,1,0,0,3,67301,1,,1,1,,N,N,,0,,0,0,1,0.0,0,,1910,1,2,0,0,2,0,0,3,4,0,1,3,,N,,,,,,,,,,,
2008082254,1435,2,0,0,0,0,0,0,0,0,1,0,,67,5,2008,6,39.905,-75.1954,1430.0,6,0,0,1,0,0,0,0,0,,0,0,0,13,1,1,0,,0,39 54:17.984,,0,75 11:43.336,3,0,0,0,67301,0,0,0,N,0,0,0,2,67301,0,,1,9,,N,N,,0,,1,0,0,0.0,0,,1350,1,2,0,0,0,0,0,3,4,0,2,7,,N,,,,,,,,,,,
2008079016,1353,1,0,0,0,0,0,0,0,0,7,0,,67,5,2008,7,39.8919,-75.2419,1347.0,6,0,0,0,0,0,0,0,0,,0,0,0,99,1,0,5,,0,39 53:30.991,,0,75 14:30.863,0,0,0,0,67301,0,0,0,,0,0,0,1,67301,0,,4,9,,N,N,,0,,0,0,0,3.0,4,,9999,0,1,0,0,0,0,0,3,4,0,1,7,,N,,,,,,,,,,,
2008081539,1955,1,0,0,0,0,0,1,0,0,4,1,,67,5,2008,6,39.9592,-75.225,1948.0,6,0,0,0,0,0,0,0,0,2.0,0,0,0,18,1,2,1,,2,39 57:33.111,5.0,0,75 13:30.107,8,0,0,0,67301,0,0,0,N,0,0,0,4,67301,0,,1,1,,N,N,,0,,0,0,0,3.0,3,Y,1817,2,2,0,0,0,2,0,3,4,0,2,3,,N,,,,,,,,,,,
2008079101,40,3,0,0,0,0,0,0,0,0,1,0,,67,5,2008,1,40.0475,-75.0851,32.0,6,0,0,0,0,1,0,0,0,,0,0,0,0,3,0,0,,0,40 02:50.982,,0,75 05:06.295,0,0,0,0,67301,0,0,0,,0,0,0,1,67301,0,,6,1,,,,,1,,0,0,0,0.0,0,,30,0,4,0,0,0,0,0,3,4,0,4,3,,N,,,,,,,,,,,
2008073715,1415,2,0,0,0,0,0,0,0,0,4,0,,67,4,2008,2,39.935,-75.2353,1410.0,6,0,0,0,0,1,1,0,0,1.0,0,0,0,13,1,5,0,,1,39 56:05.893,2.0,0,75 14:07.004,8,0,0,0,67301,0,0,0,N,0,0,0,5,67301,0,,1,9,,N,N,,0,,0,0,0,0.0,0,Y,1350,5,2,0,0,0,5,0,3,4,0,2,7,,N,,,,,,,,,,,
2008094236,2134,1,0,0,0,0,0,0,0,0,7,0,,67,8,2008,7,39.9924,-75.0854,2124.0,6,0,0,0,0,0,0,0,0,1.0,0,0,0,21,3,0,0,,1,39 59:32.902,1.0,0,75 05:07.316,0,0,0,0,67301,0,0,0,N,0,0,0,1,68K01,0,,2,1,,N,N,,0,,0,0,0,0.0,0,N,2122,0,1,0,0,0,0,0,3,4,0,1,3,,N,,,,,,,,,,,
2008078538,1529,0,0,0,0,0,0,0,0,0,0,0,,67,7,2008,5,39.9793,-75.1076,1516.0,6,0,0,0,0,0,0,0,0,2.0,0,0,0,15,1,0,0,,2,39 58:45.939,1.0,0,75 06:27.357,0,0,0,0,67301,0,0,0,N,0,0,0,1,68K01,0,,1,1,,N,N,,0,,0,0,1,0.0,0,N,1508,0,1,0,0,0,0,0,3,4,0,1,3,,N,,,,,,,,,,,
2008076165,1527,3,0,0,0,0,0,0,0,0,1,0,,67,6,2008,1,39.9589,-75.1701,1526.0,6,0,0,0,1,0,1,0,0,1.0,0,0,0,15,1,0,0,,1,39 57:32.296,4.0,0,75 10:14.031,0,0,0,0,67301,0,0,0,N,0,0,0,8,68K01,0,,1,1,,N,N,,0,,0,0,0,0.0,0,N,1524,0,3,0,0,0,0,0,3,4,0,3,3,,N,,,,,,,,,,,
2008083981,2016,1,0,0,0,0,0,0,0,0,8,0,,67,5,2008,2,39.9475,-75.2329,2014.0,6,0,0,0,0,0,0,0,0,,1,0,0,20,4,2,0,,0,39 56:51.056,,0,75 13:58.587,1,1,0,2,67301,1,0,0,N,1,0,0,3,67301,1,2.0,1,1,,N,N,,0,0.0,0,0,1,0.0,0,,2012,2,5,0,0,0,1,0,3,4,0,4,3,,N,,,,,,,,,,,
2008094801,1952,1,0,0,1,0,0,0,0,0,4,0,,67,8,2008,2,39.9295,-75.1703,1950.0,6,0,0,0,0,0,0,0,0,,0,0,0,19,4,1,2,,0,39 55:46.124,,0,75 10:12.997,4,0,0,0,67301,1,0,0,N,0,0,0,4,67301,1,,1,1,,N,N,,0,,0,0,0,3.0,3,,1949,1,2,0,0,0,0,0,3,4,0,1,3,,N,,,,,,,,,,,
2008094839,1220,1,0,0,0,0,0,0,0,0,8,0,,67,6,2008,7,39.952,-75.173,1215.0,6,0,0,0,0,0,0,0,0,1.0,0,0,0,12,1,1,0,,2,39 57:07.194,3.0,0,75 10:22.895,4,0,0,0,67301,1,0,0,N,1,0,0,2,67301,1,,1,1,,N,N,,0,,0,0,0,0.0,0,Y,1205,1,2,0,0,1,0,0,3,4,0,1,3,,N,,,,,,,,,,,