CRN,ARRIVAL_TM,AUTOMOBILE_COUNT,BELTED_DEATH_COUNT,BELTED_SUSP_SERIOUS_INJ_COUNT,BICYCLE_COUNT,BICYCLE_DEATH_COUNT,BICYCLE_SUSP_SERIOUS_INJ_COUNT,BUS_COUNT,CHLDPAS_DEATH_COUNT,CHLDPAS_SUSP_SERIOUS_INJ_COUNT,COLLISION_TYPE,COMM_VEH_COUNT,CONS_ZONE_SPD_LIM,COUNTY,CRASH_MONTH,CRASH_YEAR,DAY_OF_WEEK,DEC_LAT,DEC_LONG,DISPATCH_TM,DISTRICT,DRIVER_COUNT_16YR,DRIVER_COUNT_17YR,DRIVER_COUNT_18YR,DRIVER_COUNT_19YR,DRIVER_COUNT_20YR,DRIVER_COUNT_50_64YR,DRIVER_COUNT_65_74YR,DRIVER_COUNT_75PLUS,EST_HRS_CLOSED,FATAL_COUNT,HEAVY_TRUCK_COUNT,HORSE_BUGGY_COUNT,HOUR_OF_DAY,ILLUMINATION,INJURY_COUNT,INTERSECT_TYPE,INTERSECTION_RELATED,LANE_CLOSED,LATITUDE,LN_CLOSE_DIR,LOCATION_TYPE,LONGITUDE,MAX_SEVERITY_LEVEL,MCYCLE_DEATH_COUNT,MCYCLE_SUSP_SERIOUS_INJ_COUNT,MOTORCYCLE_COUNT,MUNICIPALITY,NONMOTR_COUNT,NONMOTR_DEATH_COUNT,NONMOTR_SUSP_SERIOUS_INJ_COUNT,NTFY_HIWY_MAINT,PED_COUNT,PED_DEATH_COUNT,PED_SUSP_SERIOUS_INJ_COUNT,PERSON_COUNT,POLICE_AGCY,POSSIBLE_INJ_COUNT,RDWY_SURF_TYPE_CD,RELATION_TO_ROAD,ROAD_CONDITION,ROADWAY_CLEARED,SCH_BUS_IND,SCH_ZONE_IND,SECONDARY_CRASH,SMALL_TRUCK_COUNT,SPEC_JURIS_CD,SUSP_MINOR_INJ_COUNT,SUSP_SERIOUS_INJ_COUNT,SUV_COUNT,TCD_FUNC_CD,TCD_TYPE,TFC_DETOUR_IND,TIME_OF_DAY,TOT_INJ_COUNT,TOTAL_UNITS,UNB_DEATH_COUNT,UNB_SUSP_SERIOUS_INJ_COUNT,UNBELTED_OCC_COUNT,UNK_INJ_DEG_COUNT,UNK_INJ_PER_COUNT,URBAN_AREA,URBAN_RURAL,VAN_COUNT,VEHICLE_COUNT,WEATHER1,WEATHER2,WORK_ZONE_IND,WORK_ZONE_LOC,WORK_ZONE_TYPE,WORKERS_PRES,WZ_CLOSE_DETOUR,WZ_FLAGGER,WZ_LAW_OFFCR_IND,WZ_LN_CLOSURE,WZ_MOVING,WZ_OTHER,WZ_SHLDER_MDN,WZ_WORKERS_INJ_KILLED
2008094882,2145,2,0,0,0,0,0,0,0,0,4,0,,67,7,2008,7,40.0574,-75.1601,2130.0,6,0,0,0,0,0,0,0,0,,0,0,0,20,3,1,1,,0,40 03:26.611,,0,75 09:36.536,3,0,0,0,67301,0,0,0,N,0,0,0,2,67301,0,,1,1,,N,N,,0,,1,0,0,9.0,3,,2030,1,3,0,0,0,0,0,3,4,0,3,98,,N,,,,,,,,,,,
2008100891,1350,0,0,0,0,0,0,1,0,0,4,1,,67,6,2008,6,39.9557,-75.1831,1348.0,6,0,0,0,0,0,1,0,0,,0,0,0,13,1,1,2,,0,39 57:20.410,,0,75 10:59.098,8,0,0,0,67301,0,0,0,N,0,0,0,2,67301,0,,1,1,,N,N,,0,,0,0,1,3.0,2,,1344,1,2,0,0,0,1,0,3,4,0,2,3,,N,,,,,,,,,,,
2008078889,1557,1,0,0,0,0,0,0,0,0,1,0,,67,5,2008,5,,,1555.0,6,0,0,0,0,0,0,0,0,,0,0,0,15,1,1,0,,0,,,0,,4,0,0,0,67301,0,0,0,N,0,0,0,2,67301,1,,1,1,,N,N,,0,,0,0,1,0.0,0,,1544,1,2,0,0,0,0,0,3,3,0,2,3,,N,,,,,,,,,,,
2008134484,2003,2,0,0,0,0,0,0,0,0,5,1,,67,12,2008,2,39.9839,-75.0967,1955.0,6,0,0,0,0,0,2,0,0,2.0,0,1,0,19,3,1,0,,2,39 59:02.271,1.0,0,75 05:47.571,3,0,0,0,67301,0,0,0,N,0,0,0,4,68K01,0,,1,1,,N,N,,0,,1,0,0,0.0,0,N,1952,1,3,0,0,2,0,0,3,4,0,3,3,,N,,,,,,,,,,,
2008133284,2220,2,0,0,0,0,0,0,0,0,5,0,,67,10,2008,4,39.9415,-75.2351,2216.0,6,0,0,0,0,0,0,0,0,,0,0,0,22,3,1,0,,0,39 56:29.236,,0,75 14:06.212,4,0,0,0,67301,0,0,0,N,0,0,0,2,67301,1,,1,1,,N,N,,0,,0,0,1,0.0,0,,2216,1,3,0,0,0,0,0,3,4,0,3,3,,N,,,,,,,,,,,
2008134344,1644,1,0,0,0,0,0,0,0,0,1,0,,67,12,2008,7,39.9041,-75.1503,1644.0,6,0,0,0,0,0,1,0,0,1.0,0,0,0,16,1,1,0,,1,39 54:18.100,2.0,0,75 09:00.570,4,0,0,0,67301,0,0,0,N,0,0,0,5,68K01,1,,1,1,,N,N,,0,,0,0,1,0.0,0,N,1644,1,2,0,0,0,0,0,3,4,0,2,3,,N,,,,,,,,,,,
2008119173,2317,1,0,0,0,0,0,0,0,0,8,0,,67,10,2008,4,40.0087,-75.1514,2316.0,6,0,0,0,0,0,0,0,0,,0,0,0,20,3,1,2,,0,40 00:31.470,,0,75 09:04.869,8,0,0,0,67301,1,0,0,,1,0,0,2,67301,0,,9,1,,N,N,,0,,0,0,0,0.0,0,,2014,1,2,0,0,0,1,0,3,4,0,1,3,,N,,,,,,,,,,,
2008119198,851,2,0,0,0,0,0,0,0,0,4,0,,67,10,2008,7,40.0126,-75.0732,851.0,6,0,0,0,0,0,0,0,0,,0,0,0,8,1,1,1,,0,40 00:45.060,,0,75 04:24.174,4,0,0,0,67301,0,0,0,,0,0,0,3,67301,1,,1,1,,,,,0,,0,0,0,3.0,2,,851,1,2,0,0,0,0,0,3,4,0,2,3,,N,,,,,,,,,,,
2008118949,9999,0,0,0,0,0,0,0,0,0,8,0,,67,7,2008,5,39.9483,-75.2273,1954.0,6,0,0,0,0,0,1,0,0,2.0,0,0,0,19,4,1,2,,1,39 56:53.789,1.0,0,75 13:38.316,8,0,0,0,67301,1,0,0,,1,0,0,2,67301,0,,1,1,,N,N,,0,,0,0,1,0.0,0,N,1954,1,2,0,0,0,1,0,3,4,0,1,3,,N,,,,,,,,,,,
2008118957,1950,4,0,0,0,0,0,0,0,0,1,0,,67,10,2008,2,39.9306,-75.1626,1946.0,6,0,0,0,0,0,0,0,0,,0,0,0,19,3,0,2,,0,39 55:50.023,,0,75 09:45.467,0,0,0,0,67301,0,0,0,N,0,0,0,1,67301,0,,4,1,,N,N,,0,,0,0,0,3.0,3,,1944,0,4,0,0,0,0,0,3,4,0,4,3,,N,,,,,,,,,,,
2008071600,2229,0,0,0,0,0,0,0,0,0,8,0,,67,4,2008,6,39.9872,-75.1708,2227.0,6,0,0,0,0,0,0,0,0,,0,0,0,22,3,1,2,,0,39 59:14.006,,0,75 10:15.056,8,0,0,0,67301,1,0,0,N,1,0,0,2,67301,0,,1,1,,N,N,,0,,0,0,1,3.0,3,,2223,1,2,0,0,0,1,1,3,4,0,1,3,,N,,,,,,,,,,,
2008127370,1844,2,0,0,0,0,0,0,0,0,1,0,,67,11,2008,6,39.938,-75.1981,1828.0,6,0,0,0,0,1,0,0,0,,0,0,0,18,6,0,0,,0,39 56:23.610,,0,75 11:45.861,0,0,0,0,67301,0,0,0,N,0,0,0,2,68K01,0,,1,1,,N,N,,0,,0,0,0,0.0,0,,1824,0,2,0,0,0,0,0,3,4,0,2,3,,N,,,,,,,,,,,
2008119611,1926,1,0,0,0,0,0,0,0,0,8,0,,67,9,2008,4,39.9645,-75.2108,1925.0,6,0,0,0,0,0,0,0,0,,0,0,0,19,3,1,1,,0,39 57:52.304,,0,75 12:38.901,4,0,0,0,67301,1,0,0,N,1,0,0,3,67301,1,,1,1,,N,N,,0,,0,0,0,3.0,2,,1923,1,2,0,0,0,0,0,3,4,0,1,3,,N,,,,,,,,,,,
2008120229,300,2,0,0,0,0,0,0,0,0,4,0,,67,9,2008,6,,,255.0,6,0,0,0,0,0,0,0,0,,0,0,0,2,3,1,2,,0,,,0,,4,0,0,0,67301,0,0,0,N,0,0,0,2,67301,1,,1,9,,N,N,,0,,0,0,0,3.0,2,,250,1,2,0,0,0,0,1,3,3,0,2,7,,N,,,,,,,,,,,
2008132881,210,2,0,0,0,0,0,0,0,0,1,0,,67,10,2008,1,39.9949,-75.1743,159.0,6,0,0,0,0,0,1,0,0,,0,0,0,1,3,3,1,,0,39 59:41.517,,0,75 10:27.461,4,0,0,0,67301,0,0,0,N,0,0,0,5,67301,3,,1,1,,N,N,,0,,0,0,0,3.0,3,,157,3,2,0,0,0,0,2,3,4,0,2,3,,N,,,,,,,,,,,
2008133177,1810,1,0,0,0,0,0,0,0,0,1,0,,67,10,2008,4,39.9463,-75.1971,1808.0,6,0,0,0,0,0,0,0,0,,0,0,0,18,1,0,0,,0,39 56:50.016,,0,75 11:41.959,0,0,0,0,67301,0,0,0,N,0,0,0,2,67301,0,,1,9,,N,,,0,,0,0,1,0.0,0,,1806,0,2,0,0,0,0,0,3,4,0,2,7,,N,,,,,,,,,,,
2008035886,650,2,0,0,0,0,0,0,0,0,1,0,,67,2,2008,6,40.0047,-75.1959,646.0,6,0,0,0,0,0,0,0,0,,0,0,0,6,1,0,0,,0,40 00:15.000,,0,75 11:43.981,9,0,0,0,67301,0,0,0,N,0,0,0,3,68K01,0,,1,1,,N,N,,0,,0,0,0,0.0,0,,644,0,2,0,0,0,0,1,3,4,0,2,3,,N,,,,,,,,,,,
2008059086,1238,1,0,0,0,0,0,0,0,0,1,0,,67,3,2008,5,40.0554,-75.1263,1238.0,6,0,0,0,0,0,0,1,0,,0,0,0,23,3,1,1,,0,40 03:19.502,,0,75 07:34.825,4,0,0,0,67301,0,0,0,N,0,0,0,4,67301,1,,1,1,,N,N,,0,,0,0,0,1.0,2,,2310,1,2,0,0,0,0,0,3,4,1,2,3,,N,,,,,,,,,,,
2008056738,551,0,0,0,0,0,0,0,0,0,7,0,,67,4,2008,1,39.9832,-75.2082,541.0,6,0,0,0,0,0,0,0,0,1.0,0,0,0,5,3,0,0,,1,39 59:03.470,3.0,0,75 12:30.025,0,0,0,0,67301,0,0,0,N,0,0,0,1,68K01,0,,2,9,,N,N,,0,,0,0,1,0.0,0,N,541,0,1,0,0,0,0,0,3,4,0,1,7,,N,,,,,,,,,,,
2008051618,1735,2,0,0,0,0,0,0,0,0,4,0,,67,3,2008,2,40.013,-75.1194,1733.0,6,0,0,0,0,0,0,0,0,,0,0,0,17,1,1,1,,0,40 00:46.713,,0,75 07:09.797,4,0,0,0,67301,0,0,0,N,0,0,0,2,67301,1,,1,1,,N,N,,0,,0,0,0,3.0,2,,1720,1,2,0,0,0,0,0,3,4,0,2,3,,N,,,,,,,,,,,
2008051633,1917,1,0,0,0,0,0,0,0,0,8,0,,67,3,2008,6,39.9517,-75.1582,1913.0,6,0,0,0,0,0,0,0,0,,0,0,0,17,1,1,1,,0,39 57:05.956,,0,75 09:29.697,3,0,0,0,67301,1,0,0,N,1,0,0,2,67301,0,,1,9,,N,N,,0,,1,0,0,3.0,2,,1745,1,2,0,0,0,0,1,3,4,0,1,7,,N,,,,,,,,,,,
2008049341,412,1,0,0,0,0,0,0,0,0,7,0,,67,3,2008,6,39.9923,-75.2016,412.0,6,0,0,0,0,0,0,0,0,,0,0,0,4,2,1,0,,0,39 59:34.630,,0,75 12:02.230,4,0,0,0,67301,0,0,0,N,0,0,0,1,68K01,1,,2,1,,N,N,,0,,0,0,0,0.0,0,,405,1,1,0,0,0,0,0,3,4,0,1,3,,N,,,,,,,,,,,
2008047666,1023,2,0,0,0,0,0,0,0,0,1,0,,67,2,2008,7,40.0847,-75.0251,1018.0,6,0,0,0,0,0,0,1,0,,0,0,0,10,1,1,5,,0,40 05:05.182,,0,75 01:29.960,8,0,0,0,67301,0,0,0,N,0,0,0,2,67301,0,,1,1,,N,N,,0,,0,0,0,3.0,2,,1018,1,2,0,0,0,1,0,3,4,0,2,3,,N,,,,,,,,,,,
2008055263,1528,1,0,0,0,0,0,0,0,0,1,0,,67,4,2008,5,39.9482,-75.1418,1516.0,6,0,0,0,0,0,1,0,0,1.0,0,0,0,15,1,0,0,,2,39 56:52.359,1.0,0,75 08:30.565,0,0,0,0,67301,0,0,0,N,0,0,0,2,68K01,0,,1,1,,N,N,,1,,0,0,0,0.0,0,N,1512,0,2,0,0,0,0,0,3,4,0,2,3,,N,,,,,,,,,,,
2008045548,1140,0,0,0,0,0,0,0,0,0,8,0,,67,1,2008,2,39.9481,-75.1557,1138.0,6,0,0,0,0,0,1,0,0,,0,0,0,11,1,1,2,,0,39 56:53.000,,0,75 09:20.660,4,0,0,0,67301,1,0,0,,1,0,0,2,67301,1,,1,1,,,N,,0,,0,0,1,3.0,2,,1135,1,2,0,0,1,0,0,3,4,0,1,3,,N,,,,,,,,,,,
2008050370,450,1,0,0,0,0,0,0,0,0,7,0,,67,3,2008,4,39.979,-75.2168,447.0,6,0,0,0,0,0,0,0,0,,0,0,0,4,3,0,0,,0,39 58:44.548,,0,75 13:00.639,0,0,0,0,67301,0,0,0,N,0,0,0,1,67301,0,,4,9,,N,N,,0,,0,0,0,3.0,2,,445,0,1,0,0,1,0,0,3,4,0,1,7,,N,,,,,,,,,,,
2008053133,800,1,0,0,0,0,0,0,0,0,4,0,,67,1,2008,3,39.9537,-75.209,800.0,6,0,0,0,0,0,2,0,0,,0,0,0,7,1,0,1,,0,39 57:13.489,,0,75 12:32.464,0,0,0,0,67301,0,0,0,,0,0,0,3,67504,0,,1,1,,,,,0,,0,0,0,3.0,2,,745,0,2,0,0,0,0,0,3,4,1,2,3,,N,,,,,,,,,,,
2008050563,1540,2,0,0,0,0,0,0,0,0,2,0,,67,2,2008,6,40.0631,-75.0516,1531.0,6,0,0,0,0,0,1,0,0,,0,0,0,15,1,1,1,,0,40 03:47.121,,0,75 03:05.897,4,0,0,0,67301,0,0,0,N,0,0,0,2,67301,1,,1,1,,N,N,,0,,0,0,0,3.0,2,,1512,1,2,0,0,0,0,0,3,4,0,2,3,,N,,,,,,,,,,,
2008050568,853,2,0,0,0,0,0,0,0,0,2,0,,67,3,2008,5,40.0066,-75.1236,851.0,6,0,0,0,0,0,0,0,0,,0,0,0,8,1,1,0,,0,40 00:23.544,,0,75 07:24.893,4,0,0,0,67301,0,0,0,N,0,0,0,2,67301,1,,1,1,,N,N,,0,,0,0,0,0.0,0,,850,1,2,0,0,1,0,0,3,4,0,2,3,,N,,,,,,,,,,,
2008050740,1737,1,0,0,0,0,0,0,0,0,1,0,,67,2,2008,5,39.9575,-75.15,1725.0,6,0,0,0,0,0,0,0,0,,0,0,0,16,1,2,6,,0,39 57:28.449,,2,75 09:00.934,4,0,0,0,67301,0,0,0,N,0,0,0,3,67301,1,,1,1,,N,N,,0,,0,0,1,3.0,4,,1630,2,2,0,0,0,1,0,3,4,0,2,3,,N,,,,,,,,,,,
2008050621,1602,1,0,0,0,0,0,0,0,0,2,0,,67,3,2008,6,39.9357,-75.1673,1601.0,6,0,0,0,0,0,0,0,0,,0,0,0,16,1,0,1,,0,39 56:08.520,,0,75 10:02.280,0,0,0,0,67301,0,0,0,N,0,0,0,3,67301,0,,1,9,,N,N,,0,,0,0,1,3.0,2,,1600,0,2,0,0,0,0,0,3,4,0,2,7,,N,,,,,,,,,,,
2008050796,133,2,0,0,0,0,0,0,0,0,4,0,,67,2,2008,6,40.0136,-75.0684,131.0,6,0,0,0,1,0,0,0,0,3.0,0,0,0,1,3,0,1,,1,40 00:48.960,1.0,0,75 04:06.240,0,0,0,0,67301,0,0,0,N,0,0,0,3,67301,0,,1,1,,N,N,,0,,0,0,0,3.0,2,N,125,0,2,0,0,0,0,0,3,4,0,2,3,,N,,,,,,,,,,,
2008048592,50,3,0,0,0,0,0,0,0,0,1,0,,67,1,2008,7,40.0216,-75.1397,34.0,6,0,0,0,0,0,0,0,1,1.0,0,0,0,23,3,1,0,,1,40 01:17.760,2.0,0,75 08:22.920,8,0,0,0,67301,0,0,0,N,0,0,0,3,67301,0,,1,1,,N,N,,0,,0,0,0,0.0,0,N,2330,1,3,0,0,0,1,0,3,4,0,3,3,,N,,,,,,,,,,,
2008044044,1825,2,0,0,0,0,0,0,0,0,2,0,,67,1,2008,6,,,1822.0,6,0,0,0,0,0,1,0,0,2.0,0,0,0,18,3,2,0,,2,,2.0,0,,3,0,0,0,67301,0,0,0,,0,0,0,2,67301,1,,1,1,,N,N,,0,,1,0,0,0.0,0,Y,1820,2,3,0,0,0,0,0,3,3,0,2,3,,N,,,,,,,,,,,
2008041257,845,1,0,0,0,0,0,0,0,0,4,0,,67,1,2008,6,39.9662,-75.1639,840.0,6,0,0,0,0,0,0,0,0,,0,0,0,8,1,0,2,,0,39 57:58.161,,0,75 09:50.219,0,0,0,0,67301,0,0,0,,0,0,0,2,67301,0,,1,1,,N,N,,0,,0,0,1,3.0,3,,840,0,2,0,0,0,0,0,3,4,0,2,3,,N,,,,,,,,,,,
2008041283,2005,2,0,0,0,0,0,0,0,0,4,0,,67,2,2008,7,40.0514,-75.1634,2001.0,6,0,1,0,0,0,0,0,0,,0,0,0,20,3,2,1,,0,40 03:05.090,,0,75 09:48.178,3,0,0,0,67301,0,0,0,N,0,0,0,3,67301,0,,1,1,,N,N,,0,,2,0,0,3.0,2,,2000,2,2,0,0,2,0,0,3,4,0,2,3,,N,,,,,,,,,,,
2008041294,1715,1,0,0,0,0,0,0,0,0,4,0,,67,1,2008,6,40.001,-75.1237,1705.0,6,0,0,1,0,0,0,0,0,,0,0,0,17,1,1,1,,0,40 00:03.643,,0,75 07:25.222,8,0,0,0,67301,0,0,0,,0,0,0,3,67301,0,,1,1,,N,N,,0,,0,0,0,3.0,3,,1700,1,2,0,0,0,1,2,3,4,1,2,3,,N,,,,,,,,,,,
2008069307,1616,1,0,0,1,0,0,0,0,0,4,0,,67,4,2008,6,39.933,-75.1687,1611.0,6,0,0,0,0,0,0,1,0,,0,0,0,16,1,1,2,,0,39 55:58.969,,0,75 10:07.499,4,0,0,0,67301,1,0,0,N,0,0,0,3,67301,1,,1,1,,N,N,,0,,0,0,0,0.0,0,,1611,1,2,0,0,1,0,0,3,4,0,1,3,,N,,,,,,,,,,,
2008108947,1610,1,0,0,0,0,0,0,0,0,1,0,,67,8,2008,1,39.9797,-75.2335,1605.0,6,0,0,0,0,0,1,0,0,,0,0,0,16,1,1,0,,0,39 58:46.848,,0,75 14:00.556,4,0,0,0,67301,0,0,0,N,0,0,0,2,67301,1,,1,1,,N,N,,0,,0,0,0,0.0,0,,1602,1,2,0,0,0,0,1,3,4,1,2,3,,N,,,,,,,,,,,
2008118570,13,2,0,0,0,0,0,0,0,0,4,0,,67,9,2008,1,40.0342,-75.0458,13.0,6,0,0,0,0,0,0,0,0,,0,0,0,0,3,0,2,,0,40 02:03.202,,0,75 02:44.816,9,0,0,0,67301,0,0,0,,0,0,0,2,67301,0,,1,1,,,N,,0,,0,0,0,0.0,0,,10,0,2,0,0,0,0,2,3,4,0,2,3,,N,,,,,,,,,,,
2008108680,1530,0,0,0,1,0,0,0,0,0,4,0,,67,9,2008,5,39.9728,-75.1461,1525.0,6,0,0,0,0,0,1,0,0,,0,0,0,99,1,1,1,,0,39 58:22.220,,0,75 08:45.891,4,0,0,0,67301,1,0,0,N,0,0,0,2,67301,1,,1,1,,N,,,0,,0,0,0,2.0,2,,9999,1,2,0,0,0,0,0,3,4,1,1,3,,N,,,,,,,,,,,
2008108686,1640,0,0,0,1,0,0,0,0,0,2,0,,67,8,2008,7,40.0114,-75.2004,1445.0,6,0,0,0,0,0,0,0,0,,0,0,0,14,1,1,7,,0,40 00:41.400,,2,75 12:01.800,4,0,0,0,67301,1,0,0,,0,0,0,2,67301,1,,1,1,,,,,0,,0,0,1,0.0,0,,1435,1,2,0,0,0,0,0,3,4,0,1,3,,N,,,,,,,,,,,
2008118616,120,2,0,0,0,0,0,0,0,0,1,0,,67,8,2008,4,40.0436,-75.1289,120.0,6,0,0,0,0,1,0,0,0,,0,0,0,1,3,1,2,,0,40 02:36.805,,0,75 07:44.183,2,0,0,0,67301,0,0,0,N,0,0,0,2,67301,0,,1,1,,N,N,,0,,0,1,0,0.0,0,,110,1,2,0,0,0,0,0,3,4,0,2,3,,N,,,,,,,,,,,
2008121263,1645,2,0,0,0,0,0,0,0,0,4,0,,67,9,2008,4,39.9546,-75.2001,1635.0,6,0,0,0,0,0,1,0,0,,0,0,0,16,1,0,1,,0,39 57:16.480,,0,75 12:00.413,0,0,0,0,67301,0,0,0,N,0,0,0,2,67301,0,,1,1,,N,N,,0,,0,0,0,3.0,3,,1625,0,2,0,0,0,0,0,3,4,0,2,3,,N,,,,,,,,,,,
2008103936,214,1,0,0,1,0,0,0,0,0,4,0,,67,7,2008,6,40.001,-75.148,208.0,6,0,0,0,0,0,0,0,0,,0,0,0,2,3,1,1,,0,40 00:03.604,,0,75 08:53.867,4,0,0,0,67301,1,0,0,,0,0,0,2,67301,1,,1,1,,,,,0,,0,0,0,3.0,2,,208,1,2,0,0,0,0,0,3,4,0,1,3,,N,,,,,,,,,,,
2008103644,1326,0,0,0,0,0,0,1,0,0,5,1,,67,6,2008,6,39.9546,-75.173,1320.0,6,0,0,0,0,0,0,0,0,,0,0,0,13,1,1,0,,0,39 57:16.472,,0,75 10:22.514,8,0,0,0,67301,0,0,0,N,0,0,0,5,67301,0,,1,1,,N,N,,0,,0,0,0,3.0,2,,1315,1,2,0,0,0,1,1,3,4,0,2,3,,N,,,,,,,,,,,
2008101783,809,0,0,0,0,0,0,0,0,0,1,1,,67,8,2008,5,39.8842,-75.2444,759.0,6,0,0,0,0,0,1,0,0,,0,1,0,7,1,1,3,,0,39 53:02.952,,0,75 14:39.919,4,0,0,0,67301,0,0,0,N,0,0,0,2,68K01,1,,1,1,,N,N,,0,,0,0,1,0.0,0,,755,1,2,0,0,0,0,0,3,4,0,2,3,,N,,,,,,,,,,,
2008099244,515,0,0,0,0,0,0,0,0,0,1,0,,67,7,2008,7,40.0201,-75.0534,502.0,6,0,0,0,0,0,0,0,0,,0,0,0,4,3,1,0,,0,40 01:12.509,,0,75 03:12.233,8,0,0,0,67301,0,0,0,N,0,0,0,1,67301,0,,2,1,,N,N,,1,,0,0,1,0.0,0,,407,1,2,0,0,0,1,0,3,4,0,2,3,,N,,,,,,,,,,,
2008099336,1558,2,0,0,0,0,0,0,0,0,5,0,,67,7,2008,7,39.9733,-75.2114,1558.0,6,0,0,0,0,0,0,0,0,,0,0,0,15,1,0,0,,0,39 58:23.799,,0,75 12:40.860,0,0,0,0,67301,0,0,0,N,0,0,0,2,67301,0,,1,1,,N,N,,0,,0,0,0,0.0,0,,1555,0,2,0,0,0,0,0,3,4,0,2,3,,N,,,,,,,,,,,
2008098693,1610,1,0,0,0,0,0,0,0,0,4,0,,67,7,2008,1,39.9787,-75.1578,1607.0,6,0,0,0,0,0,1,0,0,,0,0,0,99,1,3,1,,0,39 58:43.231,,0,75 09:28.092,8,0,0,0,67301,0,0,0,N,0,0,0,3,67301,0,,1,1,,N,N,,0,,0,0,1,3.0,2,,9999,3,2,0,0,0,3,0,3,4,0,2,3,,N,,,,,,,,,,,
2008121132,1316,2,0,0,0,0,0,0,0,0,4,0,,67,9,2008,3,40.0129,-75.1603,1240.0,6,0,0,0,0,0,0,0,0,,0,0,0,12,1,1,1,,0,40 00:46.341,,0,75 09:37.189,8,0,0,0,67301,0,0,0,,0,0,0,2,67301,0,,1,1,,N,N,,0,,0,0,0,0.0,0,,1240,1,2,0,0,0,1,1,3,4,0,2,3,,N,,,,,,,,,,,
2008069525,1440,1,0,0,0,0,0,0,0,0,4,0,,67,4,2008,5,39.9119,-75.2221,1435.0,6,0,0,0,0,0,1,0,0,,0,0,0,14,1,2,0,,0,39 54:47.879,,0,75 13:17.992,8,0,0,0,67301,0,0,0,,0,0,0,3,67301,0,,1,1,,,,,0,,0,0,1,0.0,0,,1406,2,3,0,0,0,2,0,3,4,1,3,3,,N,,,,,,,,,,,
2008082202,1825,2,0,0,0,0,0,0,0,0,2,0,,67,5,2008,1,40.0686,-75.0522,1823.0,6,0,0,0,0,1,0,1,0,9.0,0,0,0,18,1,1,2,,1,40 04:07.129,5.0,0,75 03:08.009,8,0,0,0,67301,0,0,0,N,0,0,0,2,67301,0,,1,1,,N,N,,0,,0,0,0,0.0,0,N,1820,1,2,0,0,0,1,0,3,4,0,2,3,,N,,,,,,,,,,,
2008082316,1450,2,0,0,0,0,0,0,0,0,1,0,,67,5,2008,6,39.974,-75.1676,1448.0,6,0,0,0,0,1,2,0,0,,0,0,0,14,1,3,0,,0,39 58:26.481,,0,75 10:03.258,8,0,0,0,67301,0,0,0,N,0,0,0,4,67301,0,,1,1,,N,N,,0,,0,0,1,0.0,0,,1445,3,3,0,0,3,3,0,3,4,0,3,3,,N,,,,,,,,,,,
2008040533,2330,2,0,0,0,0,0,0,0,0,4,0,,67,1,2008,6,39.9542,-75.1698,2325.0,6,0,0,0,0,0,0,0,0,2.0,0,0,0,23,3,2,1,,1,39 57:15.000,1.0,0,75 10:11.174,4,0,0,0,67301,0,0,0,N,0,0,0,5,67301,2,,1,1,,N,N,,0,,0,0,0,3.0,2,Y,2315,2,2,0,0,3,0,1,3,4,0,2,3,,N,,,,,,,,,,,
2008040539,1832,0,0,0,0,0,0,0,0,0,8,0,,67,2,2008,2,39.9939,-75.1545,1832.0,6,0,0,0,0,0,0,0,1,,0,0,0,18,3,2,1,,0,39 59:38.000,,0,75 09:16.064,4,0,0,0,67301,1,0,0,,1,0,0,2,67301,2,,1,1,,N,N,,1,,0,0,0,3.0,2,,1832,2,2,0,0,0,0,0,3,4,0,1,3,,N,,,,,,,,,,,
2008050474,1748,1,0,0,0,0,0,0,0,0,1,0,,67,2,2008,2,39.9541,-75.1985,1748.0,6,0,0,0,0,0,0,0,0,,0,0,0,17,1,1,0,,0,39 57:14.682,,0,75 11:54.716,8,0,0,0,67301,0,0,0,N,0,0,0,3,67301,0,,1,1,,N,N,,0,,0,0,1,0.0,0,,1730,1,2,0,0,0,1,1,3,4,0,2,3,,N,,,,,,,,,,,
2008050627,1242,1,0,0,1,0,0,0,0,0,5,0,,67,2,2008,2,39.9752,-75.1885,1240.0,6,0,0,0,0,0,0,1,0,1.0,0,0,0,12,1,1,0,,1,39 58:30.750,3.0,0,75 11:18.643,8,0,0,0,67301,1,0,0,,0,0,0,2,67301,0,,1,1,,,,,0,,0,0,0,0.0,0,N,1238,1,2,0,0,0,1,0,3,4,0,1,3,,N,,,,,,,,,,,
2008048601,9999,1,0,0,0,0,0,1,0,0,4,1,,67,1,2008,5,39.9509,-75.152,1430.0,6,0,0,0,0,0,0,0,0,,0,0,0,99,1,3,1,,0,39 57:03.252,,0,75 09:07.174,4,0,0,0,67301,0,0,0,N,0,0,0,9,67301,3,,1,1,,N,N,,0,,0,0,0,3.0,2,,9999,3,2,0,0,0,0,0,3,4,0,2,3,,N,,,,,,,,,,,
2008040789,921,2,0,0,0,0,0,0,0,0,6,0,,67,1,2008,2,40.0127,-75.1504,919.0,6,0,0,0,0,0,1,0,0,,0,0,0,9,1,1,0,,0,40 00:45.483,,0,75 09:01.425,4,0,0,0,67301,0,0,0,,0,0,0,2,67301,1,,1,1,,,,,0,,0,0,0,0.0,0,,915,1,2,0,0,1,0,0,3,4,0,2,3,,N,,,,,,,,,,,