CRN,ARRIVAL_TM,AUTOMOBILE_COUNT,BELTED_DEATH_COUNT,BELTED_SUSP_SERIOUS_INJ_COUNT,BICYCLE_COUNT,BICYCLE_DEATH_COUNT,BICYCLE_SUSP_SERIOUS_INJ_COUNT,BUS_COUNT,CHLDPAS_DEATH_COUNT,CHLDPAS_SUSP_SERIOUS_INJ_COUNT,COLLISION_TYPE,COMM_VEH_COUNT,CONS_ZONE_SPD_LIM,COUNTY,CRASH_MONTH,CRASH_YEAR,DAY_OF_WEEK,DEC_LAT,DEC_LONG,DISPATCH_TM,DISTRICT,DRIVER_COUNT_16YR,DRIVER_COUNT_17YR,DRIVER_COUNT_18YR,DRIVER_COUNT_19YR,DRIVER_COUNT_20YR,DRIVER_COUNT_50_64YR,DRIVER_COUNT_65_74YR,DRIVER_COUNT_75PLUS,EST_HRS_CLOSED,FATAL_COUNT,HEAVY_TRUCK_COUNT,HORSE_BUGGY_COUNT,HOUR_OF_DAY,ILLUMINATION,INJURY_COUNT,INTERSECT_TYPE,INTERSECTION_RELATED,LANE_CLOSED,LATITUDE,LN_CLOSE_DIR,LOCATION_TYPE,LONGITUDE,MAX_SEVERITY_LEVEL,MCYCLE_DEATH_COUNT,MCYCLE_SUSP_SERIOUS_INJ_COUNT,MOTORCYCLE_COUNT,MUNICIPALITY,NONMOTR_COUNT,NONMOTR_DEATH_COUNT,NONMOTR_SUSP_SERIOUS_INJ_COUNT,NTFY_HIWY_MAINT,PED_COUNT,PED_DEATH_COUNT,PED_SUSP_SERIOUS_INJ_COUNT,PERSON_COUNT,POLICE_AGCY,POSSIBLE_INJ_COUNT,RDWY_SURF_TYPE_CD,RELATION_TO_ROAD,ROAD_CONDITION,ROADWAY_CLEARED,SCH_BUS_IND,SCH_ZONE_IND,SECONDARY_CRASH,SMALL_TRUCK_COUNT,SPEC_JURIS_CD,SUSP_MINOR_INJ_COUNT,SUSP_SERIOUS_INJ_COUNT,SUV_COUNT,TCD_FUNC_CD,TCD_TYPE,TFC_DETOUR_IND,TIME_OF_DAY,TOT_INJ_COUNT,TOTAL_UNITS,UNB_DEATH_COUNT,UNB_SUSP_SERIOUS_INJ_COUNT,UNBELTED_OCC_COUNT,UNK_INJ_DEG_COUNT,UNK_INJ_PER_COUNT,URBAN_AREA,URBAN_RURAL,VAN_COUNT,VEHICLE_COUNT,WEATHER1,WEATHER2,WORK_ZONE_IND,WORK_ZONE_LOC,WORK_ZONE_TYPE,WORKERS_PRES,WZ_CLOSE_DETOUR,WZ_FLAGGER,WZ_LAW_OFFCR_IND,WZ_LN_CLOSURE,WZ_MOVING,WZ_OTHER,WZ_SHLDER_MDN,WZ_WORKERS_INJ_KILLED
2008041267,1924,1,0,0,0,0,0,0,0,0,7,0,,67,2,2008,3,39.9999,-75.1394,1920.0,6,0,0,0,0,0,0,0,0,,0,0,0,99,3,1,0,,0,39 59:59.577,,0,75 08:21.809,8,0,0,0,67301,0,0,0,N,0,0,0,3,67301,0,,5,6,,N,N,,0,,0,0,0,0.0,0,,9999,1,1,0,0,0,1,0,3,4,0,1,9,,N,,,,,,,,,,,
2008043997,1155,2,0,0,0,0,0,0,0,0,1,0,,67,1,2008,3,39.9858,-75.2157,1147.0,6,0,0,0,0,0,0,0,0,,0,0,0,11,1,0,1,,0,39 59:08.000,,0,75 12:56.540,0,0,0,0,67301,0,0,0,N,0,0,0,2,67301,0,,1,1,,N,N,,0,,0,0,0,3.0,2,,1145,0,2,0,0,0,0,0,3,4,0,2,3,,N,,,,,,,,,,,
2008043998,1337,2,0,0,0,0,0,0,0,0,4,0,,67,1,2008,2,39.9834,-75.2432,1334.0,6,0,0,0,0,0,0,0,0,,0,0,0,13,1,2,2,,0,39 59:00.000,,0,75 14:35.451,2,0,0,0,67301,0,0,0,,0,0,0,2,67301,1,,1,9,,,,,0,,0,1,1,9.0,3,,1330,2,3,0,0,0,0,0,3,4,0,3,7,,N,,,,,,,,,,,
2008069296,1700,2,0,0,0,0,0,0,0,0,1,0,,67,4,2008,3,40.0171,-75.1512,1645.0,6,0,0,0,0,0,0,0,0,,0,0,0,15,1,1,1,,0,40 01:01.528,,0,75 09:04.326,8,0,0,0,67301,0,0,0,,0,0,0,2,67301,0,,1,1,,N,N,,1,,0,0,0,3.0,2,,1525,1,3,0,0,0,1,0,3,4,0,3,3,,N,,,,,,,,,,,
2008118579,1624,2,0,0,0,0,0,0,0,0,5,0,,67,9,2008,4,39.9576,-75.1453,1622.0,6,0,0,0,0,0,1,0,0,,0,0,0,16,1,1,0,,0,39 57:27.198,,0,75 08:43.101,4,0,0,0,67301,0,0,0,N,0,0,0,6,67301,1,,1,1,,N,N,,0,,0,0,0,3.0,2,,1616,1,2,0,0,0,0,0,3,4,0,2,3,,N,,,,,,,,,,,
2008118582,559,2,0,0,0,0,0,0,0,0,1,0,,67,10,2008,3,40.0782,-75.024,559.0,6,0,0,0,0,1,1,0,1,1.0,0,0,0,5,1,2,0,,2,40 04:41.399,3.0,0,75 01:26.370,4,0,0,0,67301,0,0,0,N,0,0,0,4,67301,1,,1,1,,N,N,,0,,0,0,0,0.0,0,N,557,2,3,0,0,0,1,0,3,4,1,3,3,,N,,,,,,,,,,,
2008108647,947,0,0,0,0,0,0,0,0,0,5,0,,67,8,2008,5,39.9504,-75.1537,940.0,6,0,0,0,0,0,0,0,0,,0,1,0,9,1,2,0,,0,39 57:01.351,,0,75 09:13.495,8,0,0,0,67301,0,0,0,N,0,0,0,2,67301,0,,1,1,,N,N,,0,,0,0,1,0.0,0,,940,2,2,0,0,0,2,0,3,4,0,2,3,,N,,,,,,,,,,,
2008103944,220,0,0,0,1,0,0,1,0,0,4,1,,67,7,2008,3,39.9287,-75.1839,219.0,6,0,0,0,0,0,0,0,0,,0,0,0,2,3,1,1,,0,39 55:43.384,,0,75 11:01.928,8,0,0,0,67301,1,0,0,N,0,0,0,3,67301,0,,1,1,,N,N,,0,,0,0,0,3.0,3,,215,1,2,0,0,0,1,0,3,4,0,1,3,,N,,,,,,,,,,,
2008103655,1620,1,0,0,0,0,0,0,0,0,7,0,,67,7,2008,2,39.9213,-75.1936,1611.0,6,0,0,0,0,0,1,0,0,,0,0,0,16,1,0,0,,0,39 55:16.604,,3,75 11:37.021,0,0,0,0,67301,0,0,0,N,0,0,0,1,67301,0,,1,1,,N,N,,0,,0,0,0,0.0,0,,1600,0,1,0,0,0,0,0,3,4,0,1,3,,N,,,,,,,,,,,
2008101280,1327,2,0,0,0,0,0,0,0,0,1,0,,67,8,2008,5,39.9696,-75.1267,1321.0,6,0,0,0,0,0,0,0,0,1.0,0,0,0,13,1,1,0,,2,39 58:05.972,2.0,0,75 07:47.091,4,0,0,0,67301,0,0,0,N,0,0,0,3,68K01,1,,1,1,,N,N,,0,,0,0,0,3.0,8,N,1316,1,2,0,0,1,0,1,3,4,0,2,3,,N,,,,,,,,,,,
2008108586,2142,0,0,0,1,0,0,0,0,0,6,0,,67,9,2008,2,39.938,-75.1977,2140.0,6,0,0,0,0,0,0,0,0,,0,0,0,21,3,1,1,,0,39 56:16.897,,0,75 11:51.730,3,0,0,0,67301,1,0,0,N,0,0,0,2,67301,0,,1,1,,N,N,,1,,1,0,0,2.0,3,,2135,1,2,0,0,0,0,0,3,4,0,1,3,,N,,,,,,,,,,,
2008098614,1214,0,0,0,0,0,0,0,0,0,8,0,,67,6,2008,7,39.9758,-75.1719,1213.0,6,0,0,0,0,0,0,0,0,,0,0,0,99,1,1,0,,0,39 58:32.934,,0,75 10:18.951,4,0,0,0,67301,1,0,0,N,1,0,0,2,67301,1,,6,1,,N,N,,0,,0,0,1,0.0,0,,9999,1,2,0,0,0,0,0,3,4,0,1,3,,N,,,,,,,,,,,
2008098655,355,2,0,0,0,0,0,0,0,0,1,1,,67,7,2008,6,40.0405,-75.0589,333.0,6,0,0,0,0,0,1,0,0,3.0,0,1,0,3,3,1,1,,2,40 02:25.798,2.0,0,75 03:31.965,2,0,0,0,67301,0,0,0,,0,0,0,3,67301,0,,1,1,,,,,0,,0,1,0,3.0,2,N,328,1,3,0,0,0,0,0,3,4,0,3,3,,N,,,,,,,,,,,
2008098672,2133,1,0,0,0,0,0,0,0,0,8,0,,67,7,2008,4,40.0775,-74.9984,2129.0,6,0,0,0,0,0,1,0,0,,0,0,0,21,3,1,0,,0,40 04:38.838,,0,74 59:54.232,3,0,0,0,67301,1,0,0,N,1,0,0,2,67301,0,,1,1,,N,N,,0,,1,0,0,0.0,0,,2110,1,2,0,0,0,0,0,3,4,0,1,3,,N,,,,,,,,,,,
2008069469,615,1,0,0,0,0,0,0,0,0,7,0,,67,4,2008,7,40.0629,-75.0219,610.0,6,0,0,0,0,0,0,0,0,,0,0,0,6,1,0,0,,0,40 03:46.327,,0,75 01:18.717,0,0,0,0,67301,0,0,0,,0,0,0,1,67301,0,,4,9,,,,,0,,0,0,0,0.0,0,,605,0,1,0,0,0,0,0,3,4,0,1,7,,N,,,,,,,,,,,
2008121244,1247,1,0,0,0,0,0,0,0,0,5,0,,67,9,2008,2,40.0145,-75.1311,1245.0,6,0,0,0,0,0,1,0,0,,0,0,0,12,1,1,3,,0,40 00:52.185,,0,75 07:52.121,4,0,0,0,67301,0,0,0,N,0,0,0,2,67301,1,,1,1,,N,N,,0,,0,0,1,3.0,2,,1240,1,2,0,0,0,0,0,3,4,0,2,3,,N,,,,,,,,,,,
2008069544,1529,1,0,0,0,0,0,0,0,0,4,0,,67,4,2008,7,39.9336,-75.1457,1528.0,6,0,0,0,0,0,0,1,0,,0,0,0,15,1,1,1,,0,39 56:00.960,,0,75 08:44.440,4,0,0,1,67301,0,0,0,N,0,0,0,2,67301,1,,1,1,,N,N,,0,,0,0,0,3.0,2,,1527,1,2,0,0,0,0,0,3,4,0,2,3,,N,,,,,,,,,,,
2008120891,2015,2,0,0,0,0,0,0,0,0,1,0,,67,9,2008,6,39.9498,-75.2071,2009.0,6,0,0,0,0,0,0,0,0,,0,0,0,20,3,2,2,,0,39 56:59.242,,0,75 12:25.710,8,0,0,0,67301,0,0,0,N,0,0,0,3,67301,0,,1,9,,N,N,,0,,0,0,0,3.0,2,,2000,2,2,0,0,0,2,0,3,4,0,2,7,,N,,,,,,,,,,,
2008082255,2105,3,0,0,0,0,0,0,0,0,1,0,,67,5,2008,5,40.0071,-75.2141,2103.0,6,0,0,0,0,0,0,0,0,,0,0,0,21,3,2,0,,0,40 00:25.348,,0,75 12:50.990,3,0,0,0,67301,0,0,0,N,0,0,0,7,67301,1,,1,1,,N,N,,0,,1,0,0,3.0,2,,2103,2,3,0,0,7,0,0,3,4,0,3,3,,N,,,,,,,,,,,
2008082315,1502,2,0,0,0,0,0,0,0,0,1,0,,67,5,2008,2,39.9982,-75.1876,1452.0,6,0,0,0,0,0,0,0,0,,0,0,0,14,1,0,2,,0,39 59:53.520,,0,75 11:15.360,9,0,0,0,67301,0,0,0,,0,0,0,5,67301,0,,1,1,,N,N,,0,,0,0,0,0.0,0,,1452,0,2,0,0,1,0,1,3,4,0,2,3,,N,,,,,,,,,,,
2008079754,1905,1,0,0,0,0,0,0,0,0,8,0,,67,4,2008,2,40.0021,-75.1265,1859.0,6,0,0,0,0,0,0,0,0,,0,0,0,18,1,1,0,,0,40 00:07.437,,0,75 07:35.497,4,0,0,0,67301,1,0,0,,1,0,0,3,67301,1,,1,9,,N,N,,0,,0,0,0,0.0,0,,1830,1,2,0,0,0,0,0,3,4,0,1,7,,N,,,,,,,,,,,
2008088937,1026,2,0,0,0,0,0,0,0,0,1,0,,67,6,2008,5,39.9828,-75.1422,1024.0,6,0,0,1,0,0,0,0,0,,0,0,0,10,1,1,2,,0,39 58:58.242,,0,75 08:31.963,4,0,0,0,67301,0,0,0,N,0,0,0,2,67301,1,,1,1,,N,N,,0,,0,0,0,3.0,2,,1024,1,2,0,0,0,0,0,3,4,0,2,3,,N,,,,,,,,,,,
2008108302,1017,2,0,0,0,0,0,0,0,0,4,0,,67,8,2008,5,39.9486,-75.2171,1017.0,6,0,0,0,0,0,1,0,0,1.0,0,0,0,10,1,2,1,,2,39 56:55.004,6.0,0,75 13:01.629,8,0,0,0,67301,0,0,0,N,0,0,0,2,67301,0,,1,9,,N,N,,0,,0,0,0,2.0,2,N,1015,2,2,0,0,0,2,0,3,4,0,2,3,,N,,,,,,,,,,,
2008108392,1006,2,0,0,0,0,0,0,0,0,2,0,,67,8,2008,1,39.9957,-75.1868,937.0,6,0,0,0,0,0,0,0,0,,0,0,0,1,6,0,1,,0,39 59:44.685,,0,75 11:12.645,0,0,0,0,67301,0,0,0,N,0,0,0,1,67301,0,,1,1,,N,N,,0,,0,0,0,3.0,2,,145,0,2,0,0,0,0,0,3,4,0,2,3,,N,,,,,,,,,,,
2008079147,1908,2,0,0,0,0,0,0,0,0,4,0,,67,3,2008,5,40.0546,-75.125,1902.0,6,0,0,0,0,0,0,0,0,1.0,0,0,0,19,1,1,1,,1,40 03:16.928,4.0,0,75 07:29.497,3,0,0,0,67301,0,0,0,N,0,0,0,5,46102,0,,1,1,,N,N,,0,,1,0,0,3.0,2,N,1902,1,2,0,0,0,0,0,3,4,0,2,3,,N,,,,,,,,,,,
2008098418,9999,0,0,0,1,0,0,0,0,0,4,0,,67,6,2008,6,40.0463,-75.1033,1249.0,6,0,0,0,0,0,0,0,0,,0,0,0,12,1,1,0,,0,40 02:46.644,,0,75 06:11.793,4,0,0,0,67301,1,0,0,N,0,0,0,2,67301,1,,4,1,,N,N,,0,,0,0,1,0.0,0,,1249,1,2,0,0,0,0,0,3,4,0,1,3,,N,,,,,,,,,,,
2008084157,1950,2,0,0,0,0,0,0,0,0,5,0,,67,7,2008,1,39.9933,-75.2435,1949.0,6,0,1,0,0,0,0,0,0,1.0,0,0,0,19,1,0,0,,1,39 59:36.761,2.0,0,75 14:34.446,0,0,0,0,67301,0,0,0,N,0,0,0,2,46104,0,,1,1,,N,N,,0,,0,0,0,0.0,0,N,1949,0,2,0,0,0,0,0,3,4,0,2,3,,N,,,,,,,,,,,
2008098483,1525,1,0,0,0,0,0,0,0,0,5,0,,67,6,2008,6,39.98,-75.1161,1520.0,6,0,0,0,0,0,1,0,0,,0,0,0,15,1,2,1,,0,39 58:48.215,,0,75 06:57.922,4,0,0,0,67301,0,0,0,N,0,0,0,3,67301,1,,1,1,,N,N,,1,,0,0,0,3.0,2,,1500,2,2,0,0,0,1,0,3,4,0,2,3,,N,,,,,,,,,,,
2008096073,1730,1,0,0,1,0,0,0,0,0,4,0,,67,7,2008,3,40.0548,-75.1988,1723.0,6,0,0,0,0,0,0,0,0,,0,0,0,17,1,1,1,,0,40 03:17.284,,0,75 11:55.637,4,0,0,0,67301,1,0,0,N,0,0,0,2,67301,1,,9,1,,N,N,,0,,0,0,0,1.0,2,,1717,1,2,0,0,0,0,0,3,4,0,1,3,,N,,,,,,,,,,,
2008078876,2028,1,0,0,0,0,0,0,0,0,4,0,,67,5,2008,1,39.9908,-75.1719,2020.0,6,0,0,0,0,0,0,0,0,,0,0,0,20,3,1,2,,0,39 59:26.822,,0,75 10:18.778,8,0,0,0,67301,0,0,0,N,0,0,0,3,67301,0,,1,1,,N,N,,0,,0,0,1,3.0,3,,2013,1,2,0,0,0,1,0,3,4,0,2,3,,N,,,,,,,,,,,
2008078903,1643,3,0,0,0,0,0,0,0,0,1,0,,67,5,2008,5,40.0454,-75.1266,1641.0,6,0,0,0,1,0,1,0,0,,0,0,0,16,1,1,1,,0,40 02:43.398,,0,75 07:35.799,4,0,0,0,67301,0,0,0,N,0,0,0,3,67301,1,,1,1,,N,N,,0,,0,0,0,0.0,0,,1640,1,3,0,0,0,0,0,3,4,0,3,3,,N,,,,,,,,,,,
2008126874,1314,0,0,0,0,0,0,0,0,0,4,1,,67,11,2008,4,40.0064,-75.0741,1304.0,6,0,0,0,0,0,0,0,0,,0,1,0,12,1,0,0,,0,40 00:23.228,,0,75 04:26.408,9,0,0,0,67301,0,0,0,N,0,0,0,3,68K01,0,,1,1,,N,N,,0,,0,0,1,0.0,0,,1258,0,2,0,0,0,0,1,3,4,0,2,3,,N,,,,,,,,,,,
2008124135,1655,2,0,0,0,0,0,0,0,0,1,0,,67,10,2008,4,39.9833,-75.098,1646.0,6,0,0,0,0,0,0,0,0,1.0,0,0,0,16,1,1,0,,2,39 59:00.270,1.0,0,75 05:51.970,4,0,0,0,67301,0,0,0,N,0,0,0,2,68K01,1,,1,1,,N,N,,0,,0,0,0,0.0,0,N,1642,1,2,0,0,0,0,0,3,4,0,2,3,,N,,,,,,,,,,,
2008133560,1552,3,0,0,0,0,0,0,0,0,4,0,,67,10,2008,1,39.9917,-75.2298,1545.0,6,0,0,0,0,0,1,0,0,,0,0,0,15,1,1,1,,0,39 59:30.177,,0,75 13:47.387,8,0,0,0,67301,0,0,0,N,0,0,0,3,67301,0,,1,1,,N,N,,0,,0,0,0,9.0,2,,1520,1,3,0,0,0,1,2,3,4,0,3,3,,N,,,,,,,,,,,
2008133593,835,0,0,0,0,0,0,0,0,0,8,0,,67,10,2008,2,39.9514,-75.1551,834.0,6,0,0,0,0,0,0,0,0,,0,0,0,8,1,1,1,,0,39 57:04.873,,0,75 09:18.486,3,0,0,0,67301,1,0,0,,1,0,0,2,67301,0,,1,1,,N,N,,0,,1,0,1,3.0,2,,834,1,2,0,0,0,0,1,3,4,0,1,3,,N,,,,,,,,,,,
2008133643,1730,3,0,0,0,0,0,0,0,0,4,0,,67,11,2008,7,39.904,-75.2401,1725.0,6,0,0,0,0,0,2,0,0,,0,0,0,16,1,4,5,,0,39 54:14.564,,0,75 14:24.410,8,0,0,0,67301,0,0,0,N,0,0,0,5,67301,0,,1,1,,N,N,,0,,0,0,0,3.0,2,,1647,4,3,0,0,0,4,1,3,4,0,3,3,,N,,,,,,,,,,,
2008095676,2020,1,0,0,0,0,0,0,0,0,8,0,,67,7,2008,2,40.0445,-75.1796,2018.0,6,0,0,0,0,0,0,0,0,,0,0,0,20,4,1,1,,0,40 02:40.164,,0,75 10:46.504,4,0,0,0,67301,1,0,0,,1,0,0,2,67301,1,,1,1,,,,,0,,0,0,0,3.0,3,,2016,1,2,0,0,1,0,0,3,4,0,1,3,,N,,,,,,,,,,,
2008119787,910,1,0,0,0,0,0,0,0,0,4,0,,67,9,2008,5,40.0809,-75.0288,905.0,6,0,0,0,0,0,1,1,0,1.0,0,0,0,9,1,1,5,,1,40 04:51.446,7.0,0,75 01:43.230,4,0,0,0,67301,0,0,0,N,0,0,0,2,67301,1,,1,1,,N,N,,0,,0,0,0,3.0,2,N,905,1,2,0,0,0,0,0,3,4,1,2,3,,N,,,,,,,,,,,
2008132899,1740,2,0,0,0,0,0,0,0,0,4,0,,67,10,2008,3,39.9679,-75.2078,1735.0,6,0,0,0,0,0,0,0,0,,0,0,0,17,1,2,1,,0,39 58:04.612,,0,75 12:28.241,4,0,0,0,67301,0,0,0,N,0,0,0,4,67301,2,,1,1,,N,N,,0,,0,0,0,3.0,2,,1725,2,2,0,0,0,0,0,3,4,0,2,3,,N,,,,,,,,,,,
2008122806,916,1,0,0,0,0,0,0,0,0,3,1,,67,7,2008,2,40.0238,-75.2077,906.0,6,0,0,0,0,0,0,1,0,,0,1,0,9,1,1,1,,0,40 01:25.620,,0,75 12:27.900,8,0,0,0,67301,0,0,0,,0,0,0,3,67301,0,,1,1,,N,,,0,,0,0,0,3.0,2,,900,1,2,0,0,0,1,0,3,4,0,2,3,,N,,,,,,,,,,,
2008060906,605,0,0,0,0,0,0,0,0,0,8,1,,67,3,2008,7,40.1034,-75.0301,605.0,6,0,0,0,0,0,0,0,0,3.0,0,1,0,6,3,3,0,,2,40 06:12.315,6.0,0,75 01:48.187,2,0,0,0,67301,0,0,0,N,0,0,0,3,67301,0,,1,9,,N,N,,0,,2,1,1,0.0,0,Y,601,3,2,0,0,0,0,0,3,4,0,2,7,,N,,,,,,,,,,,
2008061183,1010,2,0,0,0,0,0,0,0,0,1,0,,67,3,2008,1,40.0058,-75.097,1006.0,6,0,0,0,0,0,0,0,0,,0,0,0,10,1,1,1,,0,40 00:20.959,,0,75 05:49.291,4,0,0,0,67301,0,0,0,N,0,0,0,3,67301,1,,1,9,,N,N,,0,,0,0,0,0.0,0,,1000,1,2,0,0,3,0,0,3,4,0,2,7,,N,,,,,,,,,,,
2008056270,2246,1,0,0,0,0,0,0,0,0,1,0,,67,4,2008,7,40.0003,-75.1949,2233.0,6,0,0,0,0,0,0,0,0,,0,0,0,22,3,1,0,,0,40 00:03.724,,0,75 11:40.895,8,0,0,0,67301,0,0,0,N,0,0,0,3,68K01,0,,1,1,,N,N,,0,,0,0,0,0.0,0,,2231,1,2,0,0,0,1,1,3,4,0,2,3,,N,,,,,,,,,,,
2008053771,1002,1,0,0,0,0,0,0,0,0,4,0,,67,1,2008,5,39.9773,-75.1582,953.0,6,0,0,0,1,0,0,0,0,,0,0,0,9,1,0,1,,0,39 58:38.270,,0,75 09:29.633,0,0,0,0,67301,0,0,0,,0,0,0,6,67301,0,,1,1,,,,,0,,0,0,1,3.0,2,,950,0,2,0,0,0,0,0,3,4,0,2,3,,N,,,,,,,,,,,
2008053772,140,1,0,0,0,0,0,0,0,0,7,0,,67,2,2008,5,39.9169,-75.216,130.0,6,0,0,0,0,0,1,0,0,,0,0,0,99,3,0,1,,0,39 55:05.901,,0,75 12:31.948,0,0,0,0,67301,0,0,0,,0,0,0,1,67301,0,,2,9,,N,N,,0,,0,0,0,3.0,2,,9999,0,1,0,0,0,0,0,3,4,0,1,7,,N,,,,,,,,,,,
2008054064,1800,1,0,0,0,0,0,1,0,0,1,1,,67,2,2008,6,39.9,-75.2308,1756.0,6,0,0,0,0,0,0,0,0,,0,0,0,17,3,1,0,,0,39 53:59.916,,0,75 13:50.860,3,0,0,0,67301,0,0,0,N,0,0,0,2,67301,0,,1,1,,N,N,,0,,1,0,0,0.0,0,,1742,1,2,0,0,0,0,0,3,4,0,2,3,,N,,,,,,,,,,,
2008054066,410,1,0,0,0,0,0,0,0,0,1,0,,67,3,2008,1,39.8946,-75.2367,410.0,6,0,0,0,0,0,1,0,0,,0,0,0,99,3,1,1,,0,39 53:40.604,,0,75 14:12.181,4,0,0,0,67301,0,0,0,N,0,0,0,2,67301,1,,1,1,,N,N,,1,,0,0,0,3.0,2,,9999,1,2,0,0,2,0,0,3,4,0,2,3,,N,,,,,,,,,,,
2008054217,2146,0,0,0,0,0,0,0,0,0,2,0,,67,1,2008,5,39.9752,-75.1883,2141.0,6,0,0,0,0,0,1,0,0,,0,0,0,21,3,0,0,,0,39 58:30.629,,0,75 11:17.721,0,0,0,0,67301,0,0,0,N,0,0,0,2,67301,0,,1,9,,N,N,,0,,0,0,0,0.0,0,,2130,0,2,0,0,0,0,0,3,4,2,2,7,,N,,,,,,,,,,,
2008051748,1925,2,0,0,0,0,0,0,0,0,4,0,,67,2,2008,6,40.0286,-75.0562,1914.0,6,0,1,0,0,0,0,0,0,,0,0,0,19,3,0,1,,0,40 01:42.826,,0,75 03:22.492,9,0,0,0,67301,0,0,0,N,0,0,0,3,67301,0,,1,6,,N,N,,0,,0,0,0,0.0,0,,1914,0,2,0,0,0,0,2,3,4,0,2,10,,N,,,,,,,,,,,
2008051727,2000,3,0,0,0,0,0,0,0,0,4,0,,67,2,2008,7,40.0324,-75.0809,1855.0,6,0,0,0,0,0,2,0,0,,0,0,0,18,2,1,1,,0,40 01:56.603,,0,75 04:50.717,4,0,0,0,67301,0,0,0,,0,0,0,5,67301,1,,1,1,,,,,0,,0,0,0,0.0,0,,1842,1,3,0,0,1,0,0,3,4,0,3,3,,N,,,,,,,,,,,
2008050253,1632,1,0,0,0,0,0,0,0,0,4,0,,67,2,2008,6,40.0657,-75.0284,1630.0,6,0,0,0,0,0,0,0,1,,0,0,0,16,1,1,0,,0,40 03:56.514,,0,75 01:42.409,4,0,0,0,67301,0,0,0,N,0,0,0,2,67301,1,,1,1,,N,N,,0,,0,0,1,0.0,0,,1620,1,2,0,0,0,0,0,3,4,0,2,3,,N,,,,,,,,,,,
2008045550,9999,0,0,0,0,0,0,1,0,0,8,1,,67,2,2008,5,39.9652,-75.1609,800.0,6,0,0,0,0,0,0,0,0,,0,0,0,7,1,1,2,,0,39 57:54.691,,0,75 09:39.103,3,0,0,0,67301,1,0,0,,1,0,0,3,67301,0,,1,1,,N,N,,0,,1,0,0,3.0,2,,755,1,2,0,0,0,0,0,3,4,0,1,3,,N,,,,,,,,,,,
2008050378,1035,1,0,0,0,0,0,0,0,0,4,0,,67,2,2008,6,39.9469,-75.1834,1025.0,6,0,0,0,0,0,0,0,0,,0,0,0,9,1,1,2,,0,39 56:48.919,,0,75 11:00.412,8,0,0,0,67301,0,0,0,,0,0,0,2,67301,0,,1,1,,N,N,,0,,0,0,0,3.0,3,,945,1,2,0,0,0,1,0,3,4,1,2,3,,N,,,,,,,,,,,
2008045446,2255,1,0,0,0,0,0,0,0,0,7,0,,67,1,2008,5,39.9858,-75.2157,2250.0,6,0,0,0,0,0,0,0,0,,0,0,0,22,3,0,2,,0,39 59:08.000,,0,75 12:56.540,0,0,0,0,67301,0,0,0,N,0,0,0,1,67301,0,,5,9,,N,N,,0,,0,0,0,3.0,3,,2245,0,1,0,0,1,0,0,3,4,0,1,7,,N,,,,,,,,,,,
2008053154,754,3,0,0,0,0,0,0,0,0,5,0,,67,2,2008,1,39.9625,-75.1899,751.0,6,0,0,0,0,0,0,0,0,,0,0,0,7,1,0,0,,0,39 57:45.007,,0,75 11:23.470,0,0,0,0,67301,0,0,0,N,0,0,0,1,67301,0,,2,1,,N,N,,0,,0,0,0,0.0,0,,724,0,3,0,0,0,0,0,3,4,0,3,3,,N,,,,,,,,,,,
2008048109,2137,1,0,0,0,0,0,0,0,0,7,0,,67,3,2008,3,39.9383,-75.1978,2132.0,6,0,1,0,0,0,0,0,0,1.0,0,0,0,21,3,1,0,,2,39 56:24.660,3.0,0,75 11:44.810,4,0,0,0,67301,0,0,0,N,0,0,0,2,68K01,1,,2,9,,N,N,,0,,0,0,0,0.0,0,Y,2129,1,1,0,0,0,0,0,3,4,0,1,7,,N,,,,,,,,,,,
2008048127,1229,1,0,0,0,0,0,0,0,0,1,0,,67,3,2008,7,40.0079,-75.2014,1227.0,6,0,0,0,0,0,1,0,0,1.0,0,0,0,12,1,2,0,,2,40 00:27.328,3.0,0,75 12:02.173,4,0,0,0,67301,0,0,0,N,0,0,0,4,68K01,2,,1,1,,N,N,,0,,0,0,1,0.0,0,N,1223,2,2,0,0,0,0,0,3,4,0,2,3,,N,,,,,,,,,,,
2008050786,1210,2,0,0,0,0,0,0,0,0,4,0,,67,3,2008,1,39.934,-75.1827,1202.0,6,0,0,0,0,0,0,0,0,,0,0,0,12,1,0,1,,0,39 56:02.508,,0,75 10:57.791,0,0,0,0,67301,0,0,0,N,0,0,0,2,67301,0,,1,1,,N,N,,0,,0,0,0,3.0,3,,1200,0,2,0,0,1,0,0,3,4,0,2,3,,N,,,,,,,,,,,
2008053260,1741,1,0,0,0,0,0,0,0,0,4,0,,67,3,2008,7,39.9972,-75.1802,1737.0,6,0,0,0,0,0,0,1,0,,0,0,0,17,1,0,2,,0,39 59:50.116,,0,75 10:48.664,0,0,0,0,67301,0,0,0,N,0,0,0,7,67301,0,,1,1,,N,N,,0,,0,0,0,3.0,2,,1730,0,2,0,0,7,0,0,3,4,1,2,3,,N,,,,,,,,,,,