CRN,ARRIVAL_TM,AUTOMOBILE_COUNT,BELTED_DEATH_COUNT,BELTED_SUSP_SERIOUS_INJ_COUNT,BICYCLE_COUNT,BICYCLE_DEATH_COUNT,BICYCLE_SUSP_SERIOUS_INJ_COUNT,BUS_COUNT,CHLDPAS_DEATH_COUNT,CHLDPAS_SUSP_SERIOUS_INJ_COUNT,COLLISION_TYPE,COMM_VEH_COUNT,CONS_ZONE_SPD_LIM,COUNTY,CRASH_MONTH,CRASH_YEAR,DAY_OF_WEEK,DEC_LAT,DEC_LONG,DISPATCH_TM,DISTRICT,DRIVER_COUNT_16YR,DRIVER_COUNT_17YR,DRIVER_COUNT_18YR,DRIVER_COUNT_19YR,DRIVER_COUNT_20YR,DRIVER_COUNT_50_64YR,DRIVER_COUNT_65_74YR,DRIVER_COUNT_75PLUS,EST_HRS_CLOSED,FATAL_COUNT,HEAVY_TRUCK_COUNT,HORSE_BUGGY_COUNT,HOUR_OF_DAY,ILLUMINATION,INJURY_COUNT,INTERSECT_TYPE,INTERSECTION_RELATED,LANE_CLOSED,LATITUDE,LN_CLOSE_DIR,LOCATION_TYPE,LONGITUDE,MAX_SEVERITY_LEVEL,MCYCLE_DEATH_COUNT,MCYCLE_SUSP_SERIOUS_INJ_COUNT,MOTORCYCLE_COUNT,MUNICIPALITY,NONMOTR_COUNT,NONMOTR_DEATH_COUNT,NONMOTR_SUSP_SERIOUS_INJ_COUNT,NTFY_HIWY_MAINT,PED_COUNT,PED_DEATH_COUNT,PED_SUSP_SERIOUS_INJ_COUNT,PERSON_COUNT,POLICE_AGCY,POSSIBLE_INJ_COUNT,RDWY_SURF_TYPE_CD,RELATION_TO_ROAD,ROAD_CONDITION,ROADWAY_CLEARED,SCH_BUS_IND,SCH_ZONE_IND,SECONDARY_CRASH,SMALL_TRUCK_COUNT,SPEC_JURIS_CD,SUSP_MINOR_INJ_COUNT,SUSP_SERIOUS_INJ_COUNT,SUV_COUNT,TCD_FUNC_CD,TCD_TYPE,TFC_DETOUR_IND,TIME_OF_DAY,TOT_INJ_COUNT,TOTAL_UNITS,UNB_DEATH_COUNT,UNB_SUSP_SERIOUS_INJ_COUNT,UNBELTED_OCC_COUNT,UNK_INJ_DEG_COUNT,UNK_INJ_PER_COUNT,URBAN_AREA,URBAN_RURAL,VAN_COUNT,VEHICLE_COUNT,WEATHER1,WEATHER2,WORK_ZONE_IND,WORK_ZONE_LOC,WORK_ZONE_TYPE,WORKERS_PRES,WZ_CLOSE_DETOUR,WZ_FLAGGER,WZ_LAW_OFFCR_IND,WZ_LN_CLOSURE,WZ_MOVING,WZ_OTHER,WZ_SHLDER_MDN,WZ_WORKERS_INJ_KILLED
2008050853,2035,0,0,0,0,0,0,0,0,0,8,0,,67,2,2008,3,40.0512,-75.0661,2030.0,6,0,0,0,0,0,0,0,0,,0,0,0,20,3,1,1,,0,40 03:04.296,,0,75 03:58.097,4,0,0,0,67301,1,0,0,N,1,0,0,2,67301,1,,1,9,,N,N,,0,,0,0,1,3.0,2,,2000,1,2,0,0,1,0,0,3,4,0,1,7,,N,,,,,,,,,,,
2008041282,1315,1,0,0,0,0,0,0,0,0,4,0,,67,2,2008,6,40.0736,-75.1582,1308.0,6,0,0,0,0,0,0,0,0,,0,0,0,13,1,1,0,,0,40 04:24.890,,7,75 09:29.661,4,0,0,0,67301,0,0,0,N,0,0,0,3,67301,1,,1,1,,N,N,,0,,0,0,1,0.0,0,,1300,1,2,0,0,0,0,0,3,4,0,2,3,,N,,,,,,,,,,,
2008041287,1031,1,1,0,0,0,0,0,0,0,7,0,,67,1,2008,4,40.0179,-75.0514,1030.0,6,0,0,0,0,0,0,0,1,,1,0,0,10,1,1,2,,0,40 01:04.440,,0,75 03:05.040,1,0,0,0,67301,0,0,0,N,0,0,0,2,67301,0,2.0,4,1,,N,N,,0,0.0,0,0,0,0.0,0,,1025,1,1,0,0,0,1,0,3,4,0,1,3,,N,,,,,,,,,,,
2008069266,1752,1,0,0,0,0,0,0,0,0,4,0,,67,4,2008,2,39.9727,-75.204,1748.0,6,0,0,0,0,0,1,0,0,,0,0,0,17,1,3,1,,0,39 58:21.766,,0,75 12:14.569,4,0,0,0,67301,0,0,0,,0,0,0,3,67301,1,,1,1,,,,,1,,0,0,0,3.0,2,,1748,3,2,0,0,0,2,0,3,4,0,2,3,,N,,,,,,,,,,,
2008108962,1822,1,0,0,0,0,0,0,0,0,5,0,,67,9,2008,6,39.9619,-75.1759,1820.0,6,0,0,0,0,0,0,0,0,,0,0,0,17,1,1,0,,0,39 57:47.050,,0,75 10:37.508,8,0,0,1,67301,0,0,0,N,0,0,0,2,67301,0,,1,1,,N,N,,0,,0,0,0,3.0,1,,1730,1,2,0,0,0,1,0,3,4,0,2,3,,N,,,,,,,,,,,
2008118627,945,1,0,0,0,0,0,0,0,0,4,0,,67,9,2008,7,39.9655,-75.1775,943.0,6,0,0,0,0,0,0,1,0,,0,0,0,9,1,1,1,,0,39 57:55.921,,0,75 10:39.162,8,0,0,0,67301,0,0,0,N,0,0,0,3,67301,0,,1,9,,N,N,,0,,0,0,1,0.0,0,,925,1,2,0,0,0,1,0,3,4,0,2,7,,N,,,,,,,,,,,
2008121262,229,2,0,0,0,0,0,0,0,0,4,0,,67,10,2008,1,39.9587,-75.1454,229.0,6,0,0,0,0,0,0,0,0,1.0,0,0,0,2,3,2,1,,1,39 57:31.482,3.0,0,75 08:43.587,4,0,0,0,67301,0,0,0,,0,0,0,3,67301,1,,1,1,,N,N,,0,,0,0,0,3.0,3,Y,220,2,2,0,0,0,1,0,3,4,0,2,3,,N,,,,,,,,,,,
2008121264,1350,2,0,0,0,0,0,0,0,0,4,0,,67,10,2008,4,40.0617,-75.1368,1342.0,6,0,0,0,0,0,1,0,0,,0,0,0,13,1,2,1,,0,40 03:42.540,,0,75 08:12.217,4,0,0,0,67301,0,0,0,N,0,0,0,2,67301,2,,1,1,,N,N,,0,,0,0,0,3.0,2,,1309,2,2,0,0,0,0,0,3,4,0,2,3,,N,,,,,,,,,,,
2008108389,2004,2,0,0,0,0,0,0,0,0,4,0,,67,9,2008,2,40.0442,-75.1485,2001.0,6,0,0,1,0,0,0,0,0,,0,0,0,20,6,2,1,,0,40 02:39.224,,0,75 08:54.682,4,0,0,0,67301,0,0,0,N,0,0,0,3,67301,2,,1,1,,N,N,,0,,0,0,0,3.0,3,,2001,2,2,0,0,0,0,0,3,4,0,2,3,,N,,,,,,,,,,,
2008069070,1728,0,0,0,0,0,0,1,0,0,0,1,,67,5,2008,6,39.8901,-75.22,1728.0,6,0,0,0,0,0,0,0,0,1.0,0,0,0,17,1,0,0,,2,39 53:23.910,2.0,0,75 13:11.200,0,0,0,0,67301,0,0,0,N,0,0,0,1,68K01,0,,1,1,,N,N,,0,,0,0,0,0.0,0,N,1726,0,1,0,0,0,0,0,3,4,0,1,3,,N,,,,,,,,,,,
2008118913,2000,1,0,0,0,0,0,0,0,0,7,0,,67,7,2008,6,39.9804,-75.1709,1945.0,6,0,0,0,0,0,0,0,0,2.0,0,0,0,19,1,2,2,,2,39 58:49.322,6.0,0,75 10:15.324,3,0,0,0,67301,0,0,0,N,0,0,0,2,67301,0,,5,1,,Y,N,,0,,2,0,0,0.0,0,Y,1944,2,1,0,0,0,0,0,3,4,0,1,3,,N,,,,,,,,,,,
2008108449,29,1,0,0,0,0,0,0,0,0,5,0,,67,8,2008,6,39.946,-75.2441,23.0,6,0,0,1,1,0,0,0,0,,0,0,0,0,3,1,0,,0,39 56:45.549,,0,75 14:38.807,3,0,0,0,67301,0,0,0,N,0,0,0,3,67301,0,,6,1,,N,N,,0,,1,0,2,3.0,3,,23,1,3,0,0,0,0,0,3,4,0,3,3,,N,,,,,,,,,,,
2008099269,1515,1,0,0,0,0,0,0,0,0,4,0,,67,7,2008,5,39.9194,-75.2344,1515.0,6,0,0,0,0,0,0,0,0,,0,0,0,15,1,2,1,,0,39 55:09.840,,0,75 14:03.840,8,0,0,0,67301,0,0,0,N,0,0,0,2,67301,0,,1,1,,N,N,,0,,0,0,1,3.0,2,,1515,2,2,0,0,0,2,0,3,4,0,2,3,,N,,,,,,,,,,,
2008108566,2018,1,0,0,0,0,0,0,0,0,4,0,,67,8,2008,6,39.9851,-75.1078,2012.0,6,0,0,0,0,0,0,0,0,,0,0,0,20,3,2,1,,0,39 59:06.226,,0,75 06:27.928,8,0,0,0,67301,0,0,0,N,0,0,0,3,67301,0,,1,1,,N,N,,0,,0,0,1,3.0,3,,2012,2,2,0,0,2,2,1,3,4,0,2,3,,N,,,,,,,,,,,
2008108585,1124,0,0,0,0,0,0,0,0,0,8,0,,67,9,2008,3,39.9383,-75.1835,1119.0,6,0,0,0,0,0,0,0,0,,0,0,0,11,1,1,1,,0,39 56:17.836,,0,75 11:00.506,4,0,0,0,67301,1,0,0,N,1,0,0,2,67301,1,,2,1,,N,N,,0,,0,0,0,3.0,3,,1110,1,2,0,0,0,0,0,3,4,0,1,3,,N,,,,,,,,,,,
2008101525,1308,1,0,0,0,0,0,0,0,0,7,0,,67,9,2008,7,40.0247,-75.0309,1259.0,6,0,0,0,0,0,0,0,0,2.0,0,0,0,12,1,1,0,,1,40 01:27.120,1.0,2,75 01:50.913,4,0,0,0,67301,0,0,0,N,0,0,0,1,68K01,1,,2,9,,N,N,,0,,0,0,0,0.0,0,Y,1257,1,1,0,0,0,0,0,3,4,0,1,7,,N,,,,,,,,,,,
2008098603,2350,1,0,0,0,0,0,0,0,0,6,0,,67,7,2008,7,40.0146,-75.1567,2349.0,6,0,0,0,0,0,1,0,0,,0,0,0,22,3,0,1,,0,40 00:52.463,,0,75 09:23.953,0,0,0,0,67301,0,0,0,,0,0,0,5,67301,0,,1,1,,,,,0,,0,0,0,3.0,2,,2230,0,2,0,0,0,0,0,3,4,1,2,3,,N,,,,,,,,,,,
2008098622,8,2,0,0,0,0,0,0,0,0,1,0,,67,7,2008,1,40.1006,-75.0425,5.0,6,0,0,0,0,0,0,0,0,,0,0,0,0,3,0,2,,0,40 06:02.021,,0,75 02:32.964,0,0,0,0,67301,0,0,0,,0,0,0,6,67301,0,,1,1,,N,N,,0,,0,0,0,3.0,2,,1,0,2,0,0,0,0,0,3,4,0,2,3,,N,,,,,,,,,,,
2008098668,33,3,0,0,0,0,0,0,0,0,5,0,,67,7,2008,6,39.9679,-75.2078,29.0,6,0,0,0,0,0,0,0,0,,0,0,0,0,3,1,1,,0,39 58:04.612,,0,75 12:28.241,3,0,0,1,67301,0,0,0,N,0,0,0,1,67301,0,,4,1,,N,N,,0,,1,0,0,3.0,2,,29,1,4,0,0,0,0,0,3,4,0,4,3,,N,,,,,,,,,,,
2008101182,216,1,0,0,0,0,0,0,0,0,4,0,,67,6,2008,1,40.0296,-75.1032,210.0,6,0,0,1,0,0,1,0,0,,0,0,0,2,3,2,1,,0,40 01:46.560,,0,75 06:14.040,4,0,0,0,67301,0,0,0,Y,0,0,0,3,67301,2,,1,1,,N,N,,0,,0,0,1,3.0,2,,206,2,2,0,0,0,0,0,3,4,0,2,3,,N,,,,,,,,,,,
2008082268,1600,2,0,0,0,0,0,0,0,0,4,0,,67,5,2008,7,39.9794,-75.2425,1555.0,6,0,0,0,0,0,2,0,0,,0,0,0,15,1,2,1,,0,39 58:45.897,,0,75 14:33.021,4,0,0,0,67301,0,0,0,N,0,0,0,3,67301,2,,1,1,,N,N,,0,,0,0,0,3.0,3,,1553,2,2,0,0,0,0,1,3,4,0,2,3,,N,,,,,,,,,,,
2008109767,1426,1,0,0,0,0,0,0,0,0,1,0,,67,9,2008,4,39.9575,-75.1476,1426.0,6,0,0,0,0,0,0,0,0,,0,0,0,14,1,0,0,,0,39 57:26.660,,0,75 08:49.910,0,0,0,0,67301,0,0,0,N,0,0,0,3,68K01,0,,1,1,,N,N,,0,,0,0,1,0.0,0,,1417,0,2,0,0,0,0,0,3,4,0,2,3,,N,,,,,,,,,,,
2008109769,1827,2,0,0,0,0,0,0,0,0,1,0,,67,9,2008,6,39.9926,-75.2009,1826.0,6,0,0,0,0,0,0,0,0,,0,0,0,18,1,0,0,,0,39 59:36.240,,0,75 11:59.280,0,0,0,0,67301,0,0,0,N,0,0,0,2,68K01,0,,1,9,,N,N,,0,,0,0,0,0.0,0,,1823,0,2,0,0,0,0,0,3,4,0,2,7,,N,,,,,,,,,,,
2008069648,1812,1,0,0,0,0,0,0,0,0,5,0,,67,4,2008,6,39.9998,-75.2195,1807.0,6,0,0,0,0,0,0,0,0,,0,0,0,17,1,1,2,,0,39 59:59.412,,0,75 13:10.089,4,0,0,0,67301,0,0,0,N,0,0,0,3,37601,1,,1,1,,N,N,,0,,0,0,1,3.0,2,,1755,1,2,0,0,3,0,0,3,4,0,2,3,,N,,,,,,,,,,,
2008112269,1935,0,0,0,0,0,0,0,0,0,7,0,,67,9,2008,1,39.8858,-75.244,1929.0,6,0,0,0,0,0,0,0,0,1.0,0,0,0,19,3,1,0,,2,39 53:13.000,2.0,2,75 14:35.550,3,0,0,0,67301,0,0,0,N,0,0,0,1,68K01,0,,2,9,,N,N,,1,,1,0,0,0.0,0,N,1926,1,1,0,0,0,0,0,3,4,0,1,7,,N,,,,,,,,,,,
2008120132,1043,1,0,0,0,0,0,0,0,0,4,0,,67,10,2008,6,39.9748,-75.1329,1025.0,6,0,0,0,0,0,0,0,0,,0,0,0,10,1,1,3,,0,39 58:28.306,,0,75 07:59.214,3,0,0,0,67301,0,0,0,N,0,0,0,2,67301,0,,1,1,,N,N,,1,,1,0,0,0.0,0,,1024,1,2,0,0,0,0,1,3,4,0,2,3,,N,,,,,,,,,,,
2008127385,24,1,0,0,0,0,0,0,0,0,7,0,,67,11,2008,1,39.9818,-75.2074,21.0,6,0,0,0,0,0,0,0,0,1.0,0,0,0,0,3,0,0,,1,39 58:58.140,3.0,0,75 12:28.860,0,0,0,0,67301,0,0,0,N,0,0,0,1,68K01,0,,2,9,,N,N,,0,,0,0,0,0.0,0,N,18,0,1,0,0,0,0,0,3,4,0,1,7,,N,,,,,,,,,,,
2008119772,2110,1,0,0,0,0,0,0,0,0,8,0,,67,10,2008,6,39.9159,-75.2333,2101.0,6,0,0,0,0,0,0,0,0,,0,0,0,19,3,1,1,,0,39 54:57.135,,0,75 13:59.847,8,0,0,0,67301,1,0,0,N,1,0,0,2,67301,0,,1,1,,N,N,,0,,0,0,0,9.0,9,,1915,1,2,0,0,0,1,1,3,4,0,1,3,,N,,,,,,,,,,,
2008120236,822,2,0,0,0,0,0,0,0,0,4,0,,67,10,2008,2,40.0327,-75.208,820.0,6,0,0,0,0,0,0,0,0,,0,0,0,8,1,1,2,,0,40 01:57.860,,0,75 12:28.977,8,0,0,0,67301,0,0,0,,0,0,0,2,67301,0,,1,1,,,,,0,,0,0,0,0.0,0,,820,1,2,0,0,0,1,0,3,4,0,2,3,,N,,,,,,,,,,,
2008122731,1924,1,0,0,0,0,0,1,0,0,1,1,,67,10,2008,5,40.0267,-75.1146,1919.0,6,0,0,0,0,0,1,0,0,1.0,0,0,0,19,3,2,2,,1,40 01:35.951,1.0,0,75 06:51.884,3,0,0,0,67301,0,0,0,,0,0,0,4,67301,1,,1,1,,N,N,,0,,1,0,0,3.0,2,N,1915,2,2,0,0,0,0,0,3,4,0,2,3,,N,,,,,,,,,,,
2008132946,800,4,0,0,0,0,0,0,0,0,5,0,,67,10,2008,5,39.964,-75.2209,754.0,6,0,0,0,0,0,0,0,0,,0,0,0,7,1,1,2,,0,39 57:50.153,,0,75 13:13.716,3,0,0,0,67301,0,0,0,N,0,0,0,2,67301,0,,1,1,,N,N,,0,,1,0,0,3.0,3,,747,1,4,0,0,0,0,0,3,4,0,4,3,,N,,,,,,,,,,,
2008026704,2126,1,0,0,0,0,0,0,0,0,2,0,,67,1,2008,2,39.9626,-75.2406,2124.0,6,0,0,0,0,0,1,0,0,,0,0,0,21,3,0,0,,0,39 57:45.205,,0,75 14:26.181,0,0,0,0,67301,0,0,0,N,0,0,0,1,67301,0,,6,1,,N,N,,1,,0,0,0,0.0,0,,2119,0,2,0,0,0,0,0,3,4,0,2,3,,N,,,,,,,,,,,
2008060867,656,1,0,0,0,0,0,0,0,0,5,0,,67,3,2008,2,,,656.0,6,0,0,0,0,0,1,0,0,,0,0,0,6,1,0,0,,0,,,0,,0,0,0,0,67301,0,0,0,N,0,0,0,2,67501,0,,1,1,,N,N,,1,,0,0,0,3.0,8,,656,0,2,0,0,0,0,0,3,3,0,2,3,,N,,,,,,,,,,,
2008061174,1909,1,0,0,0,0,0,0,0,0,8,0,,67,4,2008,4,39.9286,-75.1831,1908.0,6,0,0,0,0,0,0,0,0,,0,0,0,19,1,1,0,,0,39 55:43.082,,0,75 10:59.152,4,0,0,0,67301,1,0,0,,1,0,0,2,67301,1,,1,1,,N,N,,0,,0,0,0,3.0,3,,1900,1,2,0,0,0,0,0,3,4,0,1,3,,N,,,,,,,,,,,
2008059014,1207,0,0,0,0,0,0,0,0,0,8,0,,67,4,2008,7,39.9927,-75.1401,1206.0,6,0,0,0,0,0,0,0,1,,0,0,0,12,1,1,0,,0,39 59:33.878,,0,75 08:24.295,8,0,0,0,67301,1,0,0,N,1,0,0,2,67301,0,,1,1,,N,N,,0,,0,0,0,0.0,0,,1206,1,2,0,0,0,1,0,3,4,1,1,3,,N,,,,,,,,,,,
2008054057,1625,1,0,0,0,0,0,0,0,0,4,0,,67,2,2008,2,39.9909,-75.1049,1620.0,6,0,0,0,0,0,2,0,0,,0,0,0,15,1,1,0,,0,39 59:27.121,,0,75 06:17.564,8,0,0,0,67301,0,0,0,N,0,0,0,2,67301,0,,1,1,,N,N,,1,,0,0,0,0.0,0,,1507,1,2,0,0,0,1,0,3,4,0,2,3,,N,,,,,,,,,,,
2008054190,1230,1,0,0,0,0,0,0,0,0,4,1,,67,1,2008,5,39.9766,-75.1135,1229.0,6,0,0,0,0,0,1,0,1,,0,1,0,12,1,0,0,,0,39 58:36.859,,1,75 06:47.999,9,0,0,0,67301,0,0,0,N,0,0,0,2,67301,0,,1,1,,N,N,,0,,0,0,0,0.0,0,,1229,0,2,0,0,0,0,1,3,4,0,2,3,,N,,,,,,,,,,,
2008051624,1800,2,0,0,0,0,0,0,0,0,2,0,,67,3,2008,2,40.0353,-75.1454,1756.0,6,0,0,0,0,0,1,0,0,,0,0,0,17,1,1,0,,0,40 02:06.924,,0,75 08:43.629,4,0,0,0,67301,0,0,0,N,0,0,0,2,67301,1,,1,1,,N,N,,0,,0,0,0,3.0,2,,1740,1,2,0,0,0,0,0,3,4,0,2,3,,N,,,,,,,,,,,
2008051625,1500,1,0,0,0,0,0,0,0,0,4,0,,67,1,2008,4,40.0288,-75.0479,1455.0,6,0,1,0,0,0,0,0,0,9.0,0,0,0,14,1,1,2,,1,40 01:43.698,6.0,0,75 02:52.443,3,0,0,1,67301,0,0,0,N,0,0,0,2,67301,0,,1,1,,N,N,,0,,1,0,1,3.0,3,Y,1455,1,3,0,0,0,0,0,3,4,0,3,3,,N,,,,,,,,,,,
2008051499,1425,1,0,0,0,0,0,1,0,0,1,1,,67,2,2008,2,39.9773,-75.1694,1420.0,6,0,0,0,0,0,0,0,0,,0,0,0,14,1,4,1,,0,39 58:38.231,,0,75 10:09.860,4,0,0,0,67301,0,0,0,,0,0,0,6,67301,4,,1,1,,Y,,,0,,0,0,0,3.0,2,,1417,4,2,0,0,4,0,0,3,4,0,2,3,,N,,,,,,,,,,,
2008050130,801,3,0,0,0,0,0,0,0,0,1,0,,67,4,2008,2,39.9575,-75.1592,743.0,6,0,0,0,0,0,1,0,0,1.0,0,0,0,7,1,0,0,,1,39 57:27.035,4.0,0,75 09:32.859,0,0,0,0,67301,0,0,0,N,0,0,0,4,68K01,0,,1,1,,N,N,,0,,0,0,0,0.0,0,N,738,0,3,0,0,1,0,0,3,4,0,3,3,,N,,,,,,,,,,,
2008045456,1012,0,0,0,0,0,0,1,0,0,8,1,,67,2,2008,4,39.9555,-75.1882,1010.0,6,0,0,0,0,0,0,0,0,,0,0,0,10,1,1,2,,0,39 57:19.000,,0,75 11:17.551,2,0,0,0,67301,1,0,1,,1,0,1,2,67301,0,,1,1,,,,,0,,0,1,0,3.0,2,,1008,1,2,0,0,0,0,0,3,4,0,1,3,,N,,,,,,,,,,,
2008040550,805,3,0,0,0,0,0,0,0,0,4,0,,67,2,2008,4,39.958,-75.1488,800.0,6,0,0,0,0,0,1,0,0,,0,0,0,8,1,2,1,,0,39 57:28.000,,0,75 08:55.729,4,0,0,0,67301,0,0,0,N,0,0,0,3,67301,2,,1,1,,N,N,,0,,0,0,0,2.0,2,,800,2,3,0,0,0,0,0,3,4,0,3,3,,N,,,,,,,,,,,
2008050497,1920,2,0,0,0,0,0,0,0,0,4,0,,67,2,2008,7,39.9274,-75.1836,1914.0,6,0,0,0,0,0,0,0,0,,0,0,0,99,3,0,1,,0,39 55:38.697,,0,75 11:00.848,0,0,0,0,67301,0,0,0,N,0,0,0,4,67301,0,,1,1,,N,N,,0,,0,0,0,3.0,3,,9999,0,2,0,0,0,0,0,3,4,0,2,3,,N,,,,,,,,,,,
2008050591,810,4,0,0,0,0,0,0,0,0,1,0,,67,1,2008,2,39.8969,-75.2513,805.0,6,0,0,0,0,0,0,0,0,3.0,0,0,0,7,1,0,0,,2,39 53:48.307,2.0,0,75 15:03.692,0,0,0,0,67301,0,0,0,,0,0,0,1,67301,0,,1,1,,,,,0,,0,0,0,0.0,0,Y,745,0,4,0,0,0,0,0,3,4,0,4,3,,N,,,,,,,,,,,
2008050608,1128,1,0,0,0,0,0,0,0,0,8,0,,67,3,2008,1,40.0257,-75.1319,1125.0,6,0,0,0,0,0,1,0,0,,0,0,0,11,1,1,1,,0,40 01:32.354,,0,75 07:54.724,4,0,0,0,67301,1,0,0,N,1,0,0,2,67301,1,,4,1,,N,N,,0,,0,0,0,2.0,3,,1105,1,2,0,0,1,0,0,3,4,0,1,3,,N,,,,,,,,,,,
2008050746,1935,2,0,0,0,0,0,0,0,0,4,0,,67,2,2008,1,40.0652,-75.1681,1930.0,6,0,1,0,0,0,0,0,0,2.0,0,0,0,19,3,2,1,,2,40 03:54.789,7.0,0,75 10:05.159,8,0,0,0,67301,0,0,0,,0,0,0,4,67301,0,,1,1,,N,N,,0,,0,0,0,3.0,2,Y,1929,2,2,0,0,0,2,0,3,4,0,2,3,,N,,,,,,,,,,,
2008050819,1530,1,0,0,0,0,0,0,0,0,1,0,,67,3,2008,4,39.9547,-75.1664,1525.0,6,0,0,0,0,0,2,0,0,,0,0,0,15,1,1,0,,0,39 57:16.920,,0,75 09:59.040,8,0,0,0,67301,0,0,0,N,0,0,0,2,67301,0,,1,1,,N,N,,0,,0,0,1,3.0,2,,1500,1,2,0,0,0,1,0,3,4,0,2,3,,N,,,,,,,,,,,
2008050826,1047,0,0,0,0,0,0,0,0,0,4,1,,67,2,2008,6,40.0189,-75.1404,1040.0,6,0,0,0,0,0,1,0,0,,0,1,0,10,1,2,1,,0,40 01:07.917,,0,75 08:25.576,8,0,0,0,67301,0,0,0,N,0,0,0,3,67301,0,,1,1,,N,N,,0,,0,0,0,3.0,2,,1035,2,2,0,0,0,2,0,3,4,1,2,3,,N,,,,,,,,,,,
2008041277,1809,2,0,0,0,0,0,0,0,0,1,0,,67,1,2008,4,40.0305,-75.1182,0.0,6,0,0,0,0,0,1,0,0,,0,0,0,16,1,1,2,,0,40 01:49.920,,0,75 07:05.462,4,0,0,0,67301,0,0,0,,0,0,0,2,67301,1,,1,1,,,,,0,,0,0,0,0.0,0,,1600,1,2,0,0,0,0,1,3,4,0,2,3,,N,,,,,,,,,,,
2008043940,435,3,0,0,0,0,0,0,0,0,4,0,,67,1,2008,4,40.0429,-75.0837,430.0,6,0,0,0,0,0,0,0,0,,0,0,0,4,3,1,0,,0,40 02:34.000,,0,75 05:01.216,4,0,0,0,67301,0,0,0,,0,0,0,1,67301,1,,1,9,,,,,0,,0,0,0,0.0,0,,429,1,3,0,0,0,0,0,3,4,0,3,98,,N,,,,,,,,,,,
2008041285,1734,2,0,0,0,0,0,0,0,0,4,0,,67,2,2008,3,40.0347,-75.0709,1720.0,6,0,0,0,0,0,1,0,0,,0,0,0,17,3,0,1,,0,40 02:05.280,,0,75 04:15.960,0,0,0,0,67301,0,0,0,,0,0,0,2,67301,0,,1,2,,,,,0,,0,0,0,3.0,2,,1710,0,2,0,0,0,0,0,3,4,0,2,9,,N,,,,,,,,,,,
2008069297,837,1,0,0,0,0,0,0,0,0,1,0,,67,4,2008,2,39.9724,-75.2174,828.0,6,0,0,0,0,0,0,0,0,,0,0,0,8,1,2,1,,0,39 58:20.725,,0,75 13:02.761,4,0,0,0,67301,0,0,0,N,0,0,0,3,67301,2,,1,1,,N,N,,0,,0,0,1,3.0,2,,824,2,2,0,0,0,0,0,3,4,0,2,3,,N,,,,,,,,,,,
2008121053,1053,1,0,0,0,0,0,0,0,0,7,0,,67,10,2008,5,39.9125,-75.1383,1051.0,6,0,0,0,0,0,0,0,1,,0,0,0,10,1,0,0,,0,39 54:44.986,,0,75 08:17.761,0,0,0,0,67301,0,0,0,N,0,0,0,2,67301,0,,2,1,,N,N,,0,,0,0,0,3.0,3,,1050,0,1,0,0,0,0,0,3,4,0,1,3,,N,,,,,,,,,,,
2008121057,248,0,0,0,0,0,0,0,0,0,2,0,,67,9,2008,7,40.0313,-75.1557,243.0,6,0,0,0,0,0,0,0,0,,0,0,0,2,2,3,0,,0,40 01:52.550,,0,75 09:20.379,4,0,0,0,67301,0,0,0,N,0,0,0,3,67301,3,,1,9,,N,N,,0,,0,0,2,0.0,0,,243,3,2,0,0,0,0,0,3,4,0,2,7,,N,,,,,,,,,,,
2008121064,1809,1,0,0,0,0,0,0,0,0,6,0,,67,10,2008,4,40.0972,-75.018,1807.0,6,0,0,0,0,0,0,0,0,,0,0,0,18,1,1,0,,0,40 05:49.831,,0,75 01:04.978,4,0,0,0,67301,0,0,0,N,0,0,0,3,67301,1,,1,1,,N,N,,0,,0,0,0,0.0,0,,1805,1,2,0,0,0,0,0,3,4,0,2,3,,N,,,,,,,,,,,
2008108655,2305,1,0,0,1,0,0,0,0,0,4,0,,67,8,2008,4,39.9968,-75.1538,2301.0,6,0,0,0,0,0,0,0,0,1.0,0,0,0,22,3,1,5,,2,39 59:48.619,1.0,0,75 09:13.788,8,0,0,0,67301,1,0,0,N,0,0,0,2,67301,0,,1,1,,N,N,,0,,0,0,0,0.0,0,N,2258,1,2,0,0,0,1,0,3,4,0,1,3,,N,,,,,,,,,,,
2008118625,341,0,0,0,0,0,0,0,0,0,1,0,,67,10,2008,1,39.9354,-75.2204,340.0,6,0,0,0,0,0,0,0,0,,0,0,0,3,3,1,1,,0,39 56:07.602,,0,75 13:13.393,4,0,0,0,67301,0,0,0,N,0,0,0,1,67301,1,,4,1,,N,N,,0,,0,0,1,3.0,2,,338,1,2,0,0,1,0,0,3,4,1,2,3,,N,,,,,,,,,,,
2008121258,1615,1,0,0,0,0,0,0,0,0,1,0,,67,9,2008,1,39.9514,-75.2349,1615.0,6,0,0,0,0,0,0,0,0,,0,0,0,16,1,1,1,,0,39 57:05.212,,0,75 14:05.600,4,0,0,0,67301,0,0,0,N,0,0,0,8,67301,1,,1,1,,N,N,,0,,0,0,0,3.0,2,,1615,1,2,0,0,0,0,0,3,4,1,2,3,,N,,,,,,,,,,,
2008108567,1958,1,0,0,0,0,0,0,0,0,8,0,,67,8,2008,4,39.992,-75.1298,1945.0,6,0,0,0,0,0,0,0,0,,0,0,0,19,4,1,0,,0,39 59:31.128,,0,75 07:47.366,3,0,0,0,67301,1,0,0,N,1,0,0,2,67301,0,,1,1,,N,,,0,,1,0,0,0.0,0,,1925,1,2,0,0,1,0,0,3,4,0,1,3,,N,,,,,,,,,,,