CRN,ARRIVAL_TM,AUTOMOBILE_COUNT,BELTED_DEATH_COUNT,BELTED_SUSP_SERIOUS_INJ_COUNT,BICYCLE_COUNT,BICYCLE_DEATH_COUNT,BICYCLE_SUSP_SERIOUS_INJ_COUNT,BUS_COUNT,CHLDPAS_DEATH_COUNT,CHLDPAS_SUSP_SERIOUS_INJ_COUNT,COLLISION_TYPE,COMM_VEH_COUNT,CONS_ZONE_SPD_LIM,COUNTY,CRASH_MONTH,CRASH_YEAR,DAY_OF_WEEK,DEC_LAT,DEC_LONG,DISPATCH_TM,DISTRICT,DRIVER_COUNT_16YR,DRIVER_COUNT_17YR,DRIVER_COUNT_18YR,DRIVER_COUNT_19YR,DRIVER_COUNT_20YR,DRIVER_COUNT_50_64YR,DRIVER_COUNT_65_74YR,DRIVER_COUNT_75PLUS,EST_HRS_CLOSED,FATAL_COUNT,HEAVY_TRUCK_COUNT,HORSE_BUGGY_COUNT,HOUR_OF_DAY,ILLUMINATION,INJURY_COUNT,INTERSECT_TYPE,INTERSECTION_RELATED,LANE_CLOSED,LATITUDE,LN_CLOSE_DIR,LOCATION_TYPE,LONGITUDE,MAX_SEVERITY_LEVEL,MCYCLE_DEATH_COUNT,MCYCLE_SUSP_SERIOUS_INJ_COUNT,MOTORCYCLE_COUNT,MUNICIPALITY,NONMOTR_COUNT,NONMOTR_DEATH_COUNT,NONMOTR_SUSP_SERIOUS_INJ_COUNT,NTFY_HIWY_MAINT,PED_COUNT,PED_DEATH_COUNT,PED_SUSP_SERIOUS_INJ_COUNT,PERSON_COUNT,POLICE_AGCY,POSSIBLE_INJ_COUNT,RDWY_SURF_TYPE_CD,RELATION_TO_ROAD,ROAD_CONDITION,ROADWAY_CLEARED,SCH_BUS_IND,SCH_ZONE_IND,SECONDARY_CRASH,SMALL_TRUCK_COUNT,SPEC_JURIS_CD,SUSP_MINOR_INJ_COUNT,SUSP_SERIOUS_INJ_COUNT,SUV_COUNT,TCD_FUNC_CD,TCD_TYPE,TFC_DETOUR_IND,TIME_OF_DAY,TOT_INJ_COUNT,TOTAL_UNITS,UNB_DEATH_COUNT,UNB_SUSP_SERIOUS_INJ_COUNT,UNBELTED_OCC_COUNT,UNK_INJ_DEG_COUNT,UNK_INJ_PER_COUNT,URBAN_AREA,URBAN_RURAL,VAN_COUNT,VEHICLE_COUNT,WEATHER1,WEATHER2,WORK_ZONE_IND,WORK_ZONE_LOC,WORK_ZONE_TYPE,WORKERS_PRES,WZ_CLOSE_DETOUR,WZ_FLAGGER,WZ_LAW_OFFCR_IND,WZ_LN_CLOSURE,WZ_MOVING,WZ_OTHER,WZ_SHLDER_MDN,WZ_WORKERS_INJ_KILLED
2008108583,1636,5,0,0,0,0,0,0,0,0,1,0,,67,8,2008,1,39.9444,-75.1719,1634.0,6,0,0,0,0,0,0,0,0,3.0,0,0,0,16,1,2,1,,2,39 56:39.969,1.0,0,75 10:18.875,2,0,0,0,67301,0,0,0,,0,0,0,2,67301,0,,1,1,,N,N,,0,,1,1,0,3.0,2,Y,1630,2,5,0,1,2,0,0,3,4,0,5,3,,N,,,,,,,,,,,
2008108600,1432,2,0,0,0,0,0,0,0,0,1,0,,67,8,2008,7,39.9487,-75.2375,1422.0,6,0,0,0,0,0,0,0,0,,0,0,0,14,1,1,1,,0,39 56:55.287,,0,75 14:15.021,3,0,0,0,67301,0,0,0,N,0,0,0,2,67301,0,,1,1,,N,N,,0,,1,0,0,3.0,2,,1415,1,2,0,0,0,0,1,3,4,0,2,3,,N,,,,,,,,,,,
2008101521,1304,1,0,0,0,0,0,0,0,0,4,1,,67,9,2008,4,39.9277,-75.1464,1300.0,6,0,0,0,0,0,0,0,0,1.0,0,1,0,12,1,0,0,,1,39 55:44.850,1.0,0,75 08:45.970,9,0,0,0,67301,0,0,0,N,0,0,0,5,68K01,0,,1,1,,N,N,,0,,0,0,0,0.0,0,N,1255,0,3,0,0,0,0,1,3,4,1,3,3,,N,,,,,,,,,,,
2008098676,1206,1,0,0,0,0,0,0,0,0,6,0,,67,7,2008,5,39.9596,-75.197,1201.0,6,0,0,0,0,0,0,0,0,2.0,0,0,0,12,1,1,1,,1,39 57:34.444,1.0,0,75 11:49.297,4,0,0,0,67301,0,0,0,N,0,0,0,2,67301,1,,1,1,,N,N,,0,,0,0,1,3.0,2,Y,1200,1,2,0,0,0,0,1,3,4,0,2,3,,N,,,,,,,,,,,
2008026700,2255,2,0,0,0,0,0,0,0,0,4,0,,67,1,2008,4,40.0287,-75.2055,2254.0,6,0,0,0,0,0,0,0,0,,0,0,0,22,3,1,1,,0,40 01:43.000,,0,75 12:19.910,4,0,0,0,67301,0,0,0,,0,0,0,2,67301,1,,1,1,,N,N,,0,,0,0,0,3.0,2,,2250,1,2,0,0,0,0,0,3,4,0,2,3,,N,,,,,,,,,,,
2008059055,838,2,0,0,0,0,0,0,0,0,4,0,,67,3,2008,2,39.9867,-75.1507,837.0,6,0,0,0,0,0,0,0,0,,0,0,0,8,1,2,1,,0,39 59:11.990,,0,75 09:02.480,3,0,0,0,67301,0,0,0,,0,0,0,2,67301,1,,1,1,,N,N,,0,,1,0,0,3.0,3,,835,2,2,0,0,0,0,0,3,4,0,2,3,,N,,,,,,,,,,,
2008059261,1538,0,0,0,0,0,0,1,0,0,8,1,,67,3,2008,2,39.9507,-75.1506,1530.0,6,0,0,0,0,0,0,0,0,,0,0,0,15,1,1,0,,0,39 57:02.663,,0,75 09:02.313,3,0,0,0,67301,1,0,0,N,1,0,0,2,67301,0,,2,1,,N,N,,0,,1,0,0,3.0,2,,1510,1,2,0,0,0,0,0,3,4,0,1,3,,N,,,,,,,,,,,
2008059082,809,1,0,1,0,0,0,0,0,0,7,0,,67,3,2008,4,,,807.0,6,0,0,0,0,0,0,0,0,1.0,0,0,0,8,1,2,0,,2,,4.0,3,,2,0,0,0,67301,0,0,0,N,0,0,0,2,67301,0,,2,9,,N,N,,0,,0,1,0,0.0,0,N,805,2,1,0,0,0,1,0,3,3,0,1,7,,N,,,,,,,,,,,
2008053757,1240,3,0,0,0,0,0,0,0,0,1,0,,67,1,2008,7,40.0673,-75.0282,1231.0,6,0,0,0,0,0,0,0,0,,0,0,0,12,1,0,1,,0,40 04:02.324,,0,75 01:41.664,9,0,0,0,67301,0,0,0,,0,0,0,5,67301,0,,1,1,,N,N,,0,,0,0,0,3.0,2,,1220,0,3,0,0,0,0,1,3,4,0,3,3,,N,,,,,,,,,,,
2008051402,2148,1,0,0,0,0,0,0,0,0,7,0,,67,2,2008,3,40.0147,-75.2062,2146.0,6,0,0,0,0,0,1,0,0,,0,0,0,21,3,1,0,,0,40 00:52.891,,0,75 12:22.274,4,0,0,0,67301,0,0,0,N,0,0,0,1,67301,1,,3,9,,N,N,,0,,0,0,0,0.0,0,,2146,1,1,0,0,0,0,0,3,4,0,1,7,,N,,,,,,,,,,,
2008054198,1419,1,0,0,0,0,0,0,0,0,4,0,,67,2,2008,2,39.9187,-75.2095,1415.0,6,0,0,0,0,1,0,0,0,,0,0,0,12,1,1,0,,0,39 55:07.206,,7,75 12:34.150,4,0,0,0,67301,0,0,0,N,0,0,0,2,67301,1,,1,1,,N,N,,0,,0,0,0,3.0,2,,1230,1,2,0,0,0,0,0,3,4,1,2,3,,N,,,,,,,,,,,
2008054218,1237,1,0,0,0,0,0,0,0,0,8,0,,67,2,2008,2,40.0473,-75.1721,1231.0,6,0,0,0,0,0,0,0,0,,0,0,0,99,3,1,1,,0,40 02:50.420,,0,75 10:19.588,8,0,0,0,67301,1,0,0,N,1,0,0,2,67301,0,,1,98,,N,N,,0,,0,0,0,3.0,3,,9999,1,2,0,0,0,1,1,3,4,0,1,99,,N,,,,,,,,,,,
2008051617,815,1,0,0,0,0,0,1,0,0,2,1,,67,2,2008,6,39.9449,-75.2392,800.0,6,0,0,0,0,0,0,0,0,,0,0,0,7,1,3,1,,0,39 56:41.812,,0,75 14:21.262,8,0,0,0,67301,0,0,0,N,0,0,0,3,67301,0,,1,7,,Y,N,,0,,0,0,0,0.0,0,,748,3,2,0,0,0,3,0,3,4,0,2,10,,N,,,,,,,,,,,
2008051722,1605,1,0,0,0,0,0,0,0,0,2,0,,67,3,2008,1,40.0403,-75.0434,1600.0,6,0,0,0,0,0,0,1,0,,0,0,0,16,1,1,1,,0,40 02:25.098,,0,75 02:36.070,4,0,0,0,67301,0,0,0,N,0,0,0,2,67301,1,,1,9,,N,N,,0,,0,0,1,3.0,2,,1600,1,2,0,0,0,0,1,3,4,0,2,7,,N,,,,,,,,,,,
2008133004,1215,1,0,0,0,0,0,0,0,0,7,0,,67,10,2008,5,40.0706,-75.2413,1205.0,6,0,0,0,0,0,0,0,1,3.0,0,0,0,12,1,1,1,,1,40 04:14.408,1.0,0,75 14:28.673,8,0,0,0,67301,0,0,0,N,0,0,0,1,67301,0,,5,1,,N,N,,0,,0,0,0,0.0,0,N,1200,1,1,0,0,0,1,0,3,4,0,1,3,,N,,,,,,,,,,,
2008045585,1212,1,0,0,0,0,0,0,0,0,8,0,,67,2,2008,7,39.9847,-75.1566,1212.0,6,0,0,0,0,0,0,0,0,3.0,0,0,0,99,3,1,2,,1,39 59:04.000,1.0,0,75 09:23.805,3,0,0,0,67301,1,0,0,N,1,0,0,2,67301,0,,1,9,,N,N,,0,,1,0,0,3.0,2,Y,9999,1,2,0,0,0,0,0,3,4,0,1,7,,N,,,,,,,,,,,
2008026621,1100,2,0,0,0,0,0,0,0,0,1,0,,67,1,2008,5,39.9569,-75.1815,1100.0,6,0,0,0,0,0,0,0,0,,0,0,0,18,3,1,2,,0,39 57:19.000,,0,75 10:50.830,8,0,0,0,67301,0,0,0,N,0,0,0,2,67301,0,,1,1,,N,N,,0,,0,0,0,3.0,2,,1830,1,2,0,0,2,1,1,3,4,0,2,3,,N,,,,,,,,,,,
2008053132,51,0,0,0,0,0,0,0,0,0,5,0,,67,1,2008,3,39.9515,-75.2098,50.0,6,0,0,0,0,0,0,0,0,,0,0,0,0,3,0,0,,0,39 57:05.259,,0,75 12:35.179,0,0,0,0,67301,0,0,0,N,0,0,0,1,67301,0,,6,1,,N,N,,1,,0,0,0,0.0,0,,40,0,2,0,0,0,0,0,3,4,1,2,3,,N,,,,,,,,,,,
2008050812,158,0,0,0,0,0,0,0,0,0,8,0,,67,2,2008,6,39.9972,-75.1193,52.0,6,0,0,0,0,0,0,0,0,,0,0,0,21,3,1,1,,0,39 59:49.987,,0,75 07:09.686,2,0,0,0,67301,1,0,1,N,1,0,1,2,67301,0,,1,9,,N,N,,0,,0,1,0,3.0,2,,2100,1,2,0,0,0,0,0,3,4,1,1,7,,N,,,,,,,,,,,
2008048196,8,1,0,0,0,0,0,0,0,0,1,0,,67,2,2008,7,39.9613,-75.1489,8.0,6,0,0,0,1,0,0,0,0,1.0,0,0,0,0,3,3,0,,2,39 57:40.787,3.0,0,75 08:56.132,4,0,0,0,67301,0,0,0,N,0,0,0,6,67301,3,,1,1,,N,N,,0,,0,0,1,0.0,0,N,6,3,2,0,0,0,0,0,3,4,0,2,3,,N,,,,,,,,,,,
2008044037,815,1,0,0,0,0,0,0,0,0,8,0,,67,1,2008,3,39.9739,-75.2518,811.0,6,0,0,0,0,0,0,0,0,,0,0,0,8,1,1,0,,0,39 58:26.112,,0,75 15:06.386,4,0,0,0,67301,1,0,0,N,1,0,0,2,67301,1,,1,1,,N,,,0,,0,0,0,3.0,2,,800,1,2,0,0,0,0,0,3,4,0,1,3,,N,,,,,,,,,,,
2008041274,1056,0,0,0,0,0,0,0,0,0,8,0,,67,1,2008,2,40.0072,-75.0987,1052.0,6,0,0,0,0,0,0,1,0,,0,0,0,10,1,1,1,,0,40 00:25.000,,0,75 05:55.462,8,0,0,0,67301,1,0,0,N,1,0,0,2,67301,0,,1,9,,N,N,,1,,0,0,0,3.0,2,,1035,1,2,0,0,0,1,0,3,4,0,1,3,,N,,,,,,,,,,,
2008118596,805,1,0,0,0,0,0,0,0,0,4,0,,67,9,2008,5,40.0283,-75.0744,802.0,6,0,0,0,0,0,1,0,0,,0,0,0,7,1,5,1,,0,40 01:41.740,,0,75 04:27.919,3,0,0,0,67301,0,0,0,N,0,0,0,5,67301,4,,1,1,,N,N,,0,,1,0,1,3.0,3,,730,5,2,0,0,0,0,0,3,4,0,2,3,,N,,,,,,,,,,,
2008108646,1205,0,0,0,0,0,0,1,0,0,8,1,,67,8,2008,4,39.9533,-75.1625,1201.0,6,0,0,0,0,0,0,0,0,,0,0,0,10,1,1,0,,0,39 57:11.433,,0,75 09:44.564,8,0,0,0,67301,1,0,0,,1,0,0,2,67301,0,,2,1,,,,,0,,0,0,0,0.0,0,,1030,1,2,0,0,0,1,0,3,4,0,1,3,,N,,,,,,,,,,,
2008118918,1830,2,0,0,0,0,0,0,0,0,2,0,,67,10,2008,4,40.0354,-75.0597,1830.0,6,0,0,0,0,0,1,0,0,1.0,0,0,0,18,1,1,0,,1,40 02:07.360,5.0,7,75 03:34.930,4,0,0,0,67301,0,0,0,N,0,0,0,3,67301,1,,1,1,,N,N,,0,,0,0,0,9.0,7,Y,1827,1,2,0,0,0,0,0,3,4,0,2,3,,N,,,,,,,,,,,
2008108455,1207,1,0,0,0,0,0,0,0,0,4,0,,67,8,2008,3,39.9374,-75.163,1206.0,6,0,0,0,0,0,0,0,0,,0,0,0,12,1,1,1,,0,39 56:14.629,,0,75 09:46.969,8,0,0,0,67301,0,0,0,N,0,0,0,2,67301,0,,1,1,,N,N,,0,,0,0,1,3.0,2,,1205,1,2,0,0,0,1,0,3,4,0,2,3,,N,,,,,,,,,,,
2008108474,825,1,0,0,0,0,0,0,0,0,4,0,,67,8,2008,3,40.1076,-75.0206,823.0,6,0,0,0,0,0,0,0,0,2.0,0,0,0,8,1,1,2,,2,40 06:27.288,5.0,0,75 01:14.059,4,0,0,0,67301,0,0,0,N,0,0,0,2,67301,1,,1,1,,N,N,,0,,0,0,1,3.0,3,Y,823,1,2,0,0,0,0,0,3,4,0,2,3,,N,,,,,,,,,,,
2008101289,1951,2,0,0,0,0,0,0,0,0,1,0,,67,8,2008,5,39.9752,-75.1946,1947.0,6,0,0,0,0,0,0,0,0,,0,0,0,19,3,3,0,,0,39 58:33.843,,0,75 11:43.666,4,0,0,0,67301,0,0,0,N,0,0,0,5,68K01,3,,1,1,,N,N,,0,,0,0,0,0.0,0,,1943,3,2,0,0,0,0,0,3,4,0,2,3,,N,,,,,,,,,,,
2008099276,2134,0,0,0,0,0,0,0,0,0,7,0,,67,6,2008,6,40.0446,-75.0544,2129.0,6,0,0,0,0,0,0,0,0,1.0,0,0,0,21,3,1,0,,2,40 02:40.319,2.0,0,75 03:15.909,8,0,0,1,67301,0,0,0,,0,0,0,1,67301,0,,2,1,,N,,,0,,0,0,0,0.0,0,Y,2126,1,1,0,0,0,1,0,3,4,0,1,3,,N,,,,,,,,,,,
2008108607,610,1,0,0,0,0,0,1,0,0,5,1,,67,8,2008,1,39.8896,-75.233,606.0,6,0,0,0,1,0,1,0,0,9.0,0,0,0,5,1,1,0,,1,39 53:22.716,2.0,0,75 13:58.961,4,0,0,0,67301,0,0,0,N,0,0,0,2,67301,1,,1,1,,N,N,,0,,0,0,0,0.0,0,N,550,1,2,0,0,0,0,0,3,4,0,2,3,,N,,,,,,,,,,,
2008101053,210,2,0,0,0,0,0,0,0,0,4,0,,67,7,2008,7,39.9647,-75.1627,206.0,6,0,0,0,0,0,0,0,0,,0,0,0,99,3,1,2,,0,39 57:52.869,,0,75 09:45.554,3,0,0,0,67301,0,0,0,N,0,0,0,3,67301,0,,1,9,,N,N,,0,,1,0,0,3.0,3,,9999,1,2,0,0,1,0,0,3,4,0,2,7,,N,,,,,,,,,,,
2008098681,1837,2,0,0,0,0,0,0,0,0,1,0,,67,6,2008,7,40.0971,-75.0182,1836.0,6,0,0,0,0,0,0,0,1,,0,0,0,18,1,1,1,,0,40 05:49.711,,0,75 01:05.375,4,0,0,0,67301,0,0,0,N,0,0,0,5,67301,1,,1,1,,N,N,,0,,0,0,0,2.0,2,,1836,1,2,0,0,0,0,0,3,4,0,2,3,,N,,,,,,,,,,,
2008069513,1035,2,0,0,0,0,0,0,0,0,2,0,,67,4,2008,6,40.047,-75.1394,1025.0,6,0,0,0,0,0,1,0,0,1.0,0,0,0,10,1,2,0,,1,40 02:49.351,4.0,0,75 08:21.838,4,0,0,0,67301,0,0,0,N,0,0,0,2,67301,2,,1,1,,N,N,,0,,0,0,0,0.0,0,N,1000,2,2,0,0,2,0,0,3,4,0,2,3,,N,,,,,,,,,,,
2008069553,1750,1,0,0,0,0,0,0,0,0,4,0,,67,4,2008,5,40.0115,-75.0698,1746.0,6,0,0,0,0,0,0,0,0,,0,0,0,17,1,3,1,,0,40 00:42.017,,0,75 04:11.475,4,0,0,0,67301,0,0,0,,0,0,0,4,67301,3,,1,1,,,,,0,,0,0,0,3.0,2,,1744,3,2,0,0,0,0,0,3,4,1,2,3,,N,,,,,,,,,,,
2008120893,1845,1,0,0,0,0,0,0,0,0,4,0,,67,9,2008,6,39.9531,-75.1819,1837.0,6,0,0,0,0,0,0,0,0,,0,0,0,16,4,1,5,,0,39 57:11.191,,0,75 10:54.853,8,0,0,0,67301,1,0,0,N,1,0,0,3,67301,0,,1,9,,N,N,,0,,0,0,0,3.0,2,,1623,1,2,0,0,0,1,0,3,4,0,1,7,,N,,,,,,,,,,,
2008082139,7,1,0,0,0,0,0,0,0,0,7,0,,67,5,2008,1,39.9127,-75.1382,5.0,6,0,0,0,0,0,0,0,0,,0,0,0,23,3,0,0,,0,39 54:45.720,,0,75 08:17.520,0,0,0,0,67301,0,0,0,N,0,0,0,1,67301,0,,5,1,,N,N,,0,,0,0,0,0.0,0,,2330,0,1,0,0,0,0,0,3,4,0,1,3,,N,,,,,,,,,,,
2008109624,703,1,0,0,0,0,0,0,0,0,1,0,,67,9,2008,3,39.931,-75.199,649.0,6,0,0,0,0,0,0,0,0,2.0,0,0,0,6,1,0,0,,1,39 55:53.309,4.0,0,75 11:58.051,0,0,0,0,67301,0,0,0,N,0,0,0,2,68K01,0,,1,1,,N,N,,0,,0,0,1,0.0,0,N,646,0,2,0,0,0,0,0,3,4,0,2,3,,N,,,,,,,,,,,
2008081536,1759,1,0,0,0,0,0,0,0,0,8,0,,67,5,2008,3,39.9314,-75.1563,1750.0,6,0,0,0,0,0,0,0,0,,0,0,0,17,1,1,1,,0,39 55:53.086,,0,75 09:22.669,4,0,0,0,67301,1,0,0,N,1,0,0,2,67301,1,,1,1,,N,N,,0,,0,0,0,3.0,3,,1700,1,2,0,0,0,0,0,3,4,0,1,3,,N,,,,,,,,,,,
2008091057,1654,1,0,0,0,0,0,0,0,0,1,0,,67,6,2008,4,39.9536,-75.1383,1652.0,6,0,0,0,1,0,1,0,0,,0,0,0,16,1,2,0,,0,39 57:13.080,,0,75 08:17.988,4,0,0,0,67301,0,0,0,N,0,0,0,4,67501,2,,1,1,,N,N,,0,,0,0,0,3.0,8,,1650,2,2,0,0,0,0,0,3,4,1,2,3,,N,,,,,,,,,,,
2008073693,111,1,0,0,0,0,0,0,0,0,7,0,,67,4,2008,1,40.0363,-75.088,108.0,6,0,0,0,0,0,0,0,0,1.0,0,0,0,1,3,0,0,,1,40 02:10.672,1.0,0,75 05:16.703,0,0,0,0,67301,0,0,0,N,0,0,0,1,67301,0,,5,1,,N,N,,0,,0,0,0,0.0,0,N,107,0,1,0,0,0,0,0,3,4,0,1,3,,N,,,,,,,,,,,
2008097455,1146,1,0,0,0,0,0,0,0,0,1,0,,67,7,2008,2,40.0013,-75.2153,1130.0,6,0,0,0,0,0,1,0,0,,0,0,0,11,1,1,1,,0,40 00:04.629,,0,75 12:55.137,8,0,0,0,67301,0,0,0,N,0,0,0,3,67301,0,,1,1,,N,N,,0,,0,0,1,3.0,2,,1128,1,2,0,0,0,1,0,3,4,0,2,3,,N,,,,,,,,,,,
2008071278,1303,1,0,0,0,0,0,0,0,0,7,0,,67,6,2008,1,40.0461,-74.9993,1253.0,6,0,0,0,0,0,0,0,0,,0,0,0,12,1,1,0,,0,40 02:43.714,,2,75 00:01.176,4,0,0,0,67301,0,0,0,Y,0,0,0,1,68K01,1,,2,1,,N,N,,0,,0,0,0,0.0,0,,1248,1,1,0,0,0,0,0,3,4,0,1,3,,N,,,,,,,,,,,
2008088853,2210,2,0,0,0,0,0,0,0,0,1,0,,67,6,2008,6,40.0512,-75.1188,2206.0,6,0,0,0,0,0,0,0,0,,0,0,0,21,3,8,0,,0,40 03:04.384,,0,75 07:07.644,4,0,0,0,67301,0,0,0,N,0,0,0,9,67301,8,,1,1,,N,N,,0,,0,0,0,0.0,0,,2109,8,2,0,0,7,0,1,3,4,0,2,3,,N,,,,,,,,,,,
2008088904,38,0,0,0,0,0,0,0,0,0,7,0,,67,6,2008,2,39.914,-75.2216,38.0,6,0,0,0,0,0,0,0,0,,0,0,0,0,3,1,0,,0,39 54:55.970,,0,75 13:15.920,2,0,1,1,67301,0,0,0,,0,0,0,1,67301,0,,2,1,,,,,0,,0,1,0,0.0,0,,33,1,1,0,0,0,0,0,3,4,0,1,3,,N,,,,,,,,,,,
2008078539,1534,1,0,0,0,0,0,0,0,0,1,1,,67,7,2008,5,39.9298,-75.1978,1521.0,6,0,0,0,0,0,0,0,0,2.0,0,0,0,15,1,0,0,,1,39 55:48.687,4.0,0,75 11:53.635,9,0,0,0,67301,0,0,0,N,0,0,0,2,68K01,0,,1,1,,N,N,,0,,0,0,0,0.0,0,Y,1510,0,2,0,0,0,0,1,3,4,0,2,3,,N,,,,,,,,,,,
2008094859,830,1,0,0,0,0,0,0,0,0,7,0,,67,8,2008,7,40.0016,-75.1043,822.0,6,0,0,0,0,0,0,0,0,,0,0,0,7,1,0,0,,0,40 00:05.619,,0,75 06:15.328,0,0,0,0,67301,0,0,0,N,0,0,0,1,67301,0,,2,1,,N,N,,0,,0,0,0,0.0,0,,730,0,1,0,0,0,0,0,3,4,0,1,3,,N,,,,,,,,,,,
2008094874,1030,1,0,0,0,0,0,0,0,0,6,0,,67,7,2008,6,40.0328,-75.139,1028.0,6,0,0,0,0,0,0,0,0,9.0,0,0,0,10,1,0,5,,2,40 01:58.191,5.0,0,75 08:20.363,0,0,0,0,67301,0,0,0,N,0,0,0,2,67301,0,,1,9,,N,N,,0,,0,0,0,3.0,2,Y,1020,0,2,0,0,0,0,0,3,4,1,2,7,,N,,,,,,,,,,,
2008120233,746,2,0,0,0,0,0,0,0,0,4,0,,67,10,2008,2,40.0468,-75.0703,742.0,6,0,0,0,0,0,1,0,0,,0,0,0,7,1,1,1,,0,40 02:27.183,,0,75 04:33.499,4,0,0,0,67301,0,0,0,N,0,0,0,2,67301,1,,1,1,,N,N,,0,,0,0,0,2.0,2,,740,1,2,0,0,0,0,0,3,4,0,2,3,,N,,,,,,,,,,,
2008122699,1310,1,0,0,0,0,0,0,0,0,7,0,,67,10,2008,6,,,1310.0,6,0,0,0,0,0,0,0,0,1.0,0,0,0,13,1,0,0,,1,,7.0,0,,0,0,0,0,67301,0,0,0,N,0,0,0,1,67501,0,,1,1,,N,N,,0,,0,0,0,0.0,0,Y,1310,0,1,0,0,0,0,0,3,3,0,1,3,,N,,,,,,,,,,,
2008132898,1248,1,0,0,0,0,0,0,0,0,4,0,,67,10,2008,1,39.9752,-75.195,1241.0,6,0,0,0,0,0,0,0,0,,0,0,0,12,1,1,5,,0,39 58:30.782,,0,75 11:41.713,8,0,0,0,67301,0,0,0,,0,0,0,7,67301,0,,1,1,,,,,0,,0,0,0,0.0,0,,1235,1,2,0,0,0,1,0,3,4,1,2,3,,N,,,,,,,,,,,
2008058991,1815,2,0,0,0,0,0,0,0,0,2,0,,67,4,2008,4,39.9624,-75.2448,1800.0,6,0,0,0,0,1,0,0,1,2.0,0,0,0,17,1,1,1,,2,39 57:44.551,2.0,0,75 14:41.174,8,0,0,0,67301,0,0,0,N,0,0,0,3,67301,0,,1,1,,N,N,,0,,0,0,0,2.0,2,Y,1745,1,2,0,0,3,1,0,3,4,0,2,3,,N,,,,,,,,,,,
2008059161,1355,1,0,0,0,0,0,0,0,0,8,0,,67,4,2008,3,39.9364,-75.219,1345.0,6,0,0,0,0,0,0,0,0,,0,0,0,99,1,1,1,,0,39 56:11.083,,0,75 13:08.439,8,0,0,0,67301,1,0,0,,1,0,0,2,67301,0,,1,1,,N,N,,0,,0,0,0,3.0,2,,9999,1,2,0,0,0,1,0,3,4,0,1,3,,N,,,,,,,,,,,
2008046782,1505,1,0,0,0,0,0,0,0,0,1,0,,67,4,2008,5,39.9594,-75.1754,1505.0,6,0,0,0,0,0,0,0,0,1.0,0,0,0,15,1,1,0,,2,39 57:34.719,3.0,0,75 10:33.527,4,0,0,0,67301,0,0,0,N,0,0,0,2,68K01,1,,1,1,,N,N,,1,,0,0,0,0.0,0,Y,1501,1,2,0,0,0,0,0,3,4,0,2,3,,N,,,,,,,,,,,
2008050254,2206,3,0,0,0,0,0,0,0,0,1,0,,67,2,2008,6,40.0515,-75.0091,2200.0,6,0,0,0,0,0,1,0,0,,0,0,0,21,2,1,2,,0,40 03:05.232,,0,75 00:32.643,8,0,0,0,67301,0,0,0,N,0,0,0,3,67301,0,,1,1,,N,N,,0,,0,0,0,3.0,2,,2150,1,3,0,0,0,1,0,3,4,0,3,3,,N,,,,,,,,,,,
2008050261,1828,1,0,0,0,0,0,0,0,0,8,0,,67,2,2008,6,39.9513,-75.1551,1826.0,6,0,0,0,0,0,0,0,0,3.0,1,0,0,18,3,0,1,,2,39 57:04.605,1.0,0,75 09:18.331,1,0,0,0,67301,1,1,0,N,1,1,0,2,67301,0,2.0,1,9,,N,N,,0,0.0,0,0,0,2.0,2,Y,1826,0,2,0,0,0,0,0,3,4,0,1,7,,N,,,,,,,,,,,
2008045536,1850,1,0,0,0,0,0,0,0,0,7,0,,67,1,2008,4,40.0269,-75.0972,1849.0,6,0,0,0,0,0,0,0,1,,0,0,0,18,2,1,1,,0,40 01:36.000,,0,75 05:50.066,4,0,0,0,67301,0,0,0,,0,0,0,1,67301,1,,5,1,,,,,0,,0,0,0,0.0,0,,1849,1,1,0,0,0,0,0,3,4,0,1,3,,N,,,,,,,,,,,
2008035869,1102,2,0,0,0,0,0,0,0,0,5,0,,67,1,2008,6,39.9456,-75.1902,1059.0,6,0,0,0,0,0,0,0,0,,0,0,0,10,1,0,0,,0,39 56:44.000,,0,75 11:24.633,9,0,0,0,67301,0,0,0,N,0,0,0,2,68K01,0,,1,1,,N,N,,0,,0,0,0,0.0,0,,1053,0,2,0,0,0,0,1,3,4,0,2,3,,N,,,,,,,,,,,
2008053648,1324,2,0,0,0,0,0,0,0,0,1,0,,67,4,2008,3,39.9378,-75.1981,1307.0,6,0,0,0,0,0,1,0,1,,0,0,0,13,1,0,6,,0,39 56:16.020,,2,75 11:53.210,0,0,0,0,67301,0,0,0,N,0,0,0,3,68K01,0,,1,1,,N,N,,0,,0,0,0,0.0,0,,1303,0,2,0,0,0,0,0,3,4,0,2,3,,N,,,,,,,,,,,
2008050556,1605,2,0,0,0,0,0,0,0,0,1,0,,67,2,2008,2,40.0145,-75.1783,1600.0,6,0,0,0,0,0,2,0,0,,0,0,0,15,1,0,0,,0,40 00:52.200,,0,75 10:41.880,0,0,0,0,67301,0,0,0,N,0,0,0,2,67301,0,,1,9,,N,N,,0,,0,0,0,0.0,0,,1550,0,2,0,0,0,0,0,3,4,0,2,3,,N,,,,,,,,,,,
2008050625,133,2,0,0,0,0,0,0,0,0,4,0,,67,3,2008,7,40.046,-75.0823,130.0,6,0,0,0,1,0,0,0,0,,0,0,0,1,3,3,1,,0,40 02:45.600,,0,75 04:56.341,4,0,0,0,67301,0,0,0,N,0,0,0,6,67301,3,,1,9,,N,N,,0,,0,0,0,3.0,2,,130,3,2,0,0,0,0,0,3,4,0,2,7,,N,,,,,,,,,,,