CRN,ARRIVAL_TM,AUTOMOBILE_COUNT,BELTED_DEATH_COUNT,BELTED_SUSP_SERIOUS_INJ_COUNT,BICYCLE_COUNT,BICYCLE_DEATH_COUNT,BICYCLE_SUSP_SERIOUS_INJ_COUNT,BUS_COUNT,CHLDPAS_DEATH_COUNT,CHLDPAS_SUSP_SERIOUS_INJ_COUNT,COLLISION_TYPE,COMM_VEH_COUNT,CONS_ZONE_SPD_LIM,COUNTY,CRASH_MONTH,CRASH_YEAR,DAY_OF_WEEK,DEC_LAT,DEC_LONG,DISPATCH_TM,DISTRICT,DRIVER_COUNT_16YR,DRIVER_COUNT_17YR,DRIVER_COUNT_18YR,DRIVER_COUNT_19YR,DRIVER_COUNT_20YR,DRIVER_COUNT_50_64YR,DRIVER_COUNT_65_74YR,DRIVER_COUNT_75PLUS,EST_HRS_CLOSED,FATAL_COUNT,HEAVY_TRUCK_COUNT,HORSE_BUGGY_COUNT,HOUR_OF_DAY,ILLUMINATION,INJURY_COUNT,INTERSECT_TYPE,INTERSECTION_RELATED,LANE_CLOSED,LATITUDE,LN_CLOSE_DIR,LOCATION_TYPE,LONGITUDE,MAX_SEVERITY_LEVEL,MCYCLE_DEATH_COUNT,MCYCLE_SUSP_SERIOUS_INJ_COUNT,MOTORCYCLE_COUNT,MUNICIPALITY,NONMOTR_COUNT,NONMOTR_DEATH_COUNT,NONMOTR_SUSP_SERIOUS_INJ_COUNT,NTFY_HIWY_MAINT,PED_COUNT,PED_DEATH_COUNT,PED_SUSP_SERIOUS_INJ_COUNT,PERSON_COUNT,POLICE_AGCY,POSSIBLE_INJ_COUNT,RDWY_SURF_TYPE_CD,RELATION_TO_ROAD,ROAD_CONDITION,ROADWAY_CLEARED,SCH_BUS_IND,SCH_ZONE_IND,SECONDARY_CRASH,SMALL_TRUCK_COUNT,SPEC_JURIS_CD,SUSP_MINOR_INJ_COUNT,SUSP_SERIOUS_INJ_COUNT,SUV_COUNT,TCD_FUNC_CD,TCD_TYPE,TFC_DETOUR_IND,TIME_OF_DAY,TOT_INJ_COUNT,TOTAL_UNITS,UNB_DEATH_COUNT,UNB_SUSP_SERIOUS_INJ_COUNT,UNBELTED_OCC_COUNT,UNK_INJ_DEG_COUNT,UNK_INJ_PER_COUNT,URBAN_AREA,URBAN_RURAL,VAN_COUNT,VEHICLE_COUNT,WEATHER1,WEATHER2,WORK_ZONE_IND,WORK_ZONE_LOC,WORK_ZONE_TYPE,WORKERS_PRES,WZ_CLOSE_DETOUR,WZ_FLAGGER,WZ_LAW_OFFCR_IND,WZ_LN_CLOSURE,WZ_MOVING,WZ_OTHER,WZ_SHLDER_MDN,WZ_WORKERS_INJ_KILLED
2008050811,1415,2,0,0,0,0,0,0,0,0,4,0,,67,3,2008,1,40.0725,-75.188,1410.0,6,0,0,0,0,0,0,0,0,,0,0,0,99,1,1,1,,0,40 04:21.003,,0,75 11:16.959,8,0,0,0,67301,0,0,0,,0,0,0,5,67301,0,,1,1,,,,,0,,0,0,0,3.0,3,,9999,1,2,0,0,0,1,0,3,4,0,2,3,,N,,,,,,,,,,,
2008050864,838,1,0,0,0,0,0,0,0,0,4,0,,67,2,2008,3,40.0287,-75.1439,834.0,6,0,0,0,0,0,1,0,0,,0,0,0,8,1,2,1,,0,40 01:43.449,,0,75 08:38.083,8,0,0,0,67301,0,0,0,N,0,0,0,5,67301,0,,1,1,,N,N,,0,,0,0,0,3.0,3,,820,2,2,0,0,0,2,0,3,4,1,2,3,,N,,,,,,,,,,,
2008069622,854,3,0,0,0,0,0,0,0,0,4,0,,67,4,2008,3,40.0358,-75.0387,851.0,6,0,0,0,0,0,0,0,0,,0,0,0,8,1,1,1,,0,40 02:08.847,,0,75 02:19.355,8,0,0,0,67301,0,0,0,N,0,0,0,2,67301,0,,1,1,,N,N,,0,,0,0,0,3.0,3,,805,1,3,0,0,0,1,0,3,4,0,3,3,,N,,,,,,,,,,,
2008069314,1938,1,0,0,0,0,0,0,0,0,7,0,,67,4,2008,3,40.0859,-75.2148,1930.0,6,0,0,0,0,0,1,0,0,,0,0,0,19,1,0,0,,0,40 05:09.240,,0,75 12:53.449,0,0,0,0,67301,0,0,0,N,0,0,0,1,67301,0,,4,1,,N,N,,0,,0,0,0,0.0,0,,1930,0,1,0,0,0,0,0,3,4,0,1,3,,N,,,,,,,,,,,
2008118599,1257,2,0,0,0,0,0,0,0,0,4,0,,67,9,2008,3,40.0259,-75.2032,1253.0,6,0,0,0,0,0,0,1,0,,0,0,0,99,1,0,2,,0,40 01:33.253,,0,75 12:11.490,0,0,0,0,67301,0,0,0,N,0,0,0,2,67301,0,,1,1,,N,N,,0,,0,0,0,3.0,2,,9999,0,2,0,0,0,0,0,3,4,0,2,3,,N,,,,,,,,,,,
2008108633,2010,0,0,0,0,0,0,0,0,0,8,0,,67,9,2008,3,39.993,-75.1197,2010.0,6,0,0,0,0,0,0,0,0,,0,0,0,20,3,1,1,,0,39 59:34.915,,0,75 07:11.063,4,0,0,0,67301,1,0,0,,1,0,0,2,67301,1,,1,1,,,,,0,,0,0,1,0.0,0,,2010,1,2,0,0,1,0,0,3,4,0,1,3,,N,,,,,,,,,,,
2008103656,1912,2,0,0,0,0,0,0,0,0,6,0,,67,7,2008,3,40.0449,-75.0803,1909.0,6,0,0,0,0,0,1,0,0,,0,0,0,19,1,1,1,,0,40 02:41.686,,0,75 04:49.238,8,0,0,0,67301,0,0,0,N,0,0,0,2,67301,0,,1,1,,N,N,,0,,0,0,1,3.0,2,,1907,1,3,0,0,0,1,0,3,4,0,3,3,,N,,,,,,,,,,,
2008079241,1248,2,0,0,0,0,0,0,0,0,4,0,,67,5,2008,7,39.9131,-75.2433,1245.0,6,0,0,0,0,0,0,0,0,,0,0,0,12,1,0,3,,0,39 54:47.100,,0,75 14:35.859,9,0,0,0,67301,0,0,0,N,0,0,0,2,67301,0,,1,9,,N,N,,0,,0,0,0,3.0,2,,1245,0,2,0,0,0,0,1,3,4,0,2,7,,N,,,,,,,,,,,
2008071916,638,2,0,0,0,0,0,0,0,0,1,0,,67,4,2008,1,40.0298,-75.1756,633.0,6,0,0,0,0,0,0,0,0,,0,0,0,6,1,1,0,,0,40 01:47.461,,0,75 10:32.289,8,0,0,0,67301,0,0,0,N,0,0,0,1,67301,0,,6,9,,N,N,,0,,0,0,0,3.0,2,,625,1,2,0,0,0,1,0,3,4,0,2,7,,N,,,,,,,,,,,
2008069528,1831,2,0,0,0,0,0,0,0,0,4,0,,67,4,2008,5,40.0077,-75.1028,1830.0,6,0,0,0,0,0,0,0,0,,0,0,0,17,1,3,1,,0,40 00:27.734,,0,75 06:10.133,4,0,0,0,67301,0,0,0,N,0,0,0,4,67301,3,,1,1,,N,N,,0,,0,0,0,3.0,2,,1749,3,2,0,0,0,0,0,3,4,0,2,3,,N,,,,,,,,,,,
2008120907,2105,1,0,0,1,0,0,0,0,0,4,0,,67,10,2008,5,39.9443,-75.155,2058.0,6,0,0,0,0,0,0,1,0,,0,0,0,19,3,1,1,,0,39 56:39.490,,0,75 09:18.158,8,0,0,0,67301,1,0,0,N,0,0,0,3,67301,0,,1,1,,N,N,,0,,0,0,0,3.0,2,,1930,1,2,0,0,0,1,0,3,4,0,1,3,,N,,,,,,,,,,,
2008082200,2200,1,0,0,1,0,0,0,0,0,1,0,,67,5,2008,6,39.9484,-75.2091,2155.0,6,0,0,0,0,0,0,0,0,,0,0,0,21,3,1,1,,0,39 56:54.240,,0,75 12:32.760,4,0,0,0,67301,1,0,0,N,0,0,0,2,67301,1,,1,1,,N,N,,0,,0,0,0,3.0,3,,2154,1,2,0,0,0,0,1,3,4,0,1,3,,N,,,,,,,,,,,
2008072858,730,0,0,0,0,0,0,0,0,0,0,0,,67,4,2008,2,40.0381,-75.1914,718.0,6,0,0,0,0,0,0,0,0,3.0,0,0,0,7,1,1,0,,2,40 02:17.135,5.0,0,75 11:28.999,3,0,0,0,67301,0,0,0,N,0,0,0,1,67301,0,,4,9,,N,N,,0,,1,0,1,3.0,2,Y,718,1,1,0,0,0,0,0,3,4,0,1,7,,N,,,,,,,,,,,
2008079021,1643,2,0,0,0,0,0,0,0,0,4,0,,67,5,2008,6,39.9964,-75.1098,1640.0,6,0,0,0,0,0,0,0,0,,0,0,0,16,1,1,1,,0,39 59:47.209,,0,75 06:35.265,4,0,0,0,67301,0,0,0,,0,0,0,2,67301,1,,1,9,,,,,0,,0,0,0,9.0,3,,1640,1,2,0,0,0,0,0,3,4,0,2,7,,N,,,,,,,,,,,
2008079085,610,2,0,0,0,0,0,0,0,0,4,0,,67,5,2008,7,39.9691,-75.1839,557.0,6,0,0,2,0,0,0,0,0,2.0,0,0,0,5,1,1,0,,2,39 58:08.766,5.0,0,75 11:02.260,4,0,0,0,67301,2,0,0,N,0,0,0,5,67301,1,,2,1,,N,N,,0,,0,0,2,0.0,0,Y,557,1,4,0,0,0,0,0,3,4,0,4,3,,N,,,,,,,,,,,
2008079098,2110,1,0,0,0,0,0,0,0,0,8,0,,67,5,2008,2,39.954,-75.2112,2100.0,6,0,0,0,0,0,0,0,0,,0,0,0,21,3,1,0,,0,39 57:14.497,,0,75 12:40.381,4,0,0,0,67301,1,0,0,N,1,0,0,2,67301,1,,6,1,,N,N,,0,,0,0,0,0.0,0,,2100,1,2,0,0,1,0,0,3,4,0,1,3,,N,,,,,,,,,,,
2008071392,2008,1,0,0,0,0,0,0,0,0,2,0,,67,6,2008,1,39.9864,-75.2084,2001.0,6,0,0,0,0,0,0,0,0,2.0,0,0,0,20,1,0,0,,2,39 59:11.405,1.0,2,75 12:31.610,0,0,0,0,67301,0,0,0,N,0,0,0,3,68K01,0,,1,1,,N,N,,0,,0,0,1,0.0,0,N,2008,0,2,0,0,0,0,0,3,4,0,2,3,,N,,,,,,,,,,,
2008108319,1314,0,0,0,0,0,0,0,0,0,4,1,,67,8,2008,6,39.9772,-75.2268,1311.0,6,0,0,0,0,0,0,0,0,,0,1,0,12,1,1,5,,0,39 58:37.959,,0,75 13:36.309,8,0,0,0,67301,0,0,0,N,0,0,0,4,67301,0,,1,1,,N,N,,0,,0,0,1,3.0,2,,1245,1,2,0,0,0,1,0,3,4,0,2,3,,N,,,,,,,,,,,
2008079186,1631,1,0,0,0,0,0,0,0,0,2,0,,67,5,2008,6,39.9318,-75.1562,1630.0,6,0,0,0,0,0,0,0,0,,0,0,0,16,1,2,1,,0,39 55:54.573,,0,75 09:22.330,4,0,0,0,67301,0,0,0,N,0,0,0,3,67301,2,,1,9,,,N,,0,,0,0,1,9.0,3,,1630,2,2,0,0,0,0,0,3,4,0,2,7,,N,,,,,,,,,,,
2008089140,0,1,0,0,0,0,0,1,0,0,1,1,,67,4,2008,4,39.9761,-75.2386,0.0,6,0,0,0,0,0,0,0,0,,0,0,0,16,1,2,0,,0,39 58:33.961,,0,75 14:18.937,8,0,0,0,67301,0,0,0,,0,0,0,9,00000,0,,1,1,,Y,,,0,,0,0,0,0.0,0,,1615,2,2,0,0,0,2,0,3,4,0,2,3,,N,,,,,,,,,,,
2008100897,9999,1,0,0,0,0,0,0,0,0,4,0,,67,6,2008,1,39.9484,-75.1441,9999.0,6,0,0,0,0,0,0,0,0,,0,0,0,23,3,1,1,,0,39 56:54.160,,0,75 08:38.630,8,0,0,0,67301,0,0,0,,0,0,0,4,67301,0,,1,1,,N,N,,1,,0,0,0,3.0,2,,2335,1,2,0,0,0,1,0,3,4,0,2,3,,N,,,,,,,,,,,
2008098432,1702,1,0,0,0,0,0,0,0,0,4,0,,67,6,2008,6,39.9925,-75.1306,1655.0,6,0,0,0,0,0,0,0,0,,0,0,0,16,1,3,1,,0,39 59:33.021,,0,75 07:50.005,8,0,0,0,67301,0,0,0,N,0,0,0,7,67301,0,,1,1,,N,N,,1,,0,0,0,3.0,3,,1645,3,2,0,0,0,3,0,3,4,0,2,3,,N,,,,,,,,,,,
2008098437,1430,1,0,0,0,0,0,0,0,0,7,0,,67,6,2008,5,40.0133,-75.1594,1430.0,6,0,0,0,0,0,0,0,0,,0,0,0,14,1,1,2,,0,40 00:47.880,,0,75 09:33.840,4,0,0,0,67301,0,0,0,N,0,0,0,1,67301,1,,4,1,,N,N,,0,,0,0,0,0.0,0,,1430,1,2,0,0,0,0,0,3,4,0,1,3,,N,,,,,,,,,,,
2008098463,1920,2,0,0,0,0,0,0,0,0,1,0,,67,7,2008,4,40.0296,-75.1032,1900.0,6,0,0,0,0,0,1,0,0,,0,0,0,18,1,2,1,,0,40 01:46.551,,0,75 06:13.907,4,0,0,0,67301,0,0,0,,0,0,0,3,67301,1,,1,1,,N,N,,0,,0,0,0,3.0,2,,1815,2,2,0,0,0,1,1,3,4,0,2,3,,N,,,,,,,,,,,
2008119367,1320,1,0,0,1,0,0,0,0,0,4,0,,67,9,2008,4,39.9612,-75.2349,1315.0,6,0,0,0,0,0,0,0,0,,0,0,0,13,1,1,1,,0,39 57:40.212,,0,75 14:05.687,8,0,0,0,67301,1,0,0,N,0,0,0,2,67301,0,,1,1,,N,N,,0,,0,0,0,3.0,2,,1311,1,2,0,0,0,1,0,3,4,0,1,3,,N,,,,,,,,,,,
2008119372,1807,1,0,0,1,0,0,0,0,0,1,0,,67,9,2008,3,39.9742,-75.1458,1802.0,6,0,0,0,0,0,0,0,0,,0,0,0,17,4,1,1,,0,39 58:27.163,,0,75 08:44.933,4,0,0,0,67301,1,0,0,N,0,0,0,2,67301,1,,1,1,,N,N,,0,,0,0,0,3.0,3,,1745,1,2,0,0,0,0,0,3,4,0,1,3,,N,,,,,,,,,,,
2008119209,2254,3,0,0,0,0,0,0,0,0,4,0,,67,9,2008,7,40.0459,-75.1822,2254.0,6,0,0,0,0,0,1,0,0,,0,0,0,22,3,1,2,,0,40 02:45.148,,0,75 10:55.940,4,0,0,0,67301,0,0,0,,0,0,0,3,67301,1,,1,1,,N,,,0,,0,0,0,3.0,2,,2245,1,3,0,0,0,0,0,3,4,0,3,3,,N,,,,,,,,,,,
2008119232,1942,1,0,0,0,0,0,0,0,0,4,0,,67,9,2008,2,,,1940.0,6,0,0,0,0,0,0,0,0,,0,0,0,19,3,1,1,,0,,,0,,4,0,0,0,67301,0,0,0,N,0,0,0,3,67301,1,,1,1,,N,N,,1,,0,0,0,3.0,2,,1936,1,2,0,0,3,0,0,3,3,0,2,3,,N,,,,,,,,,,,
2008119265,2045,1,0,0,0,0,0,0,0,0,4,0,,67,9,2008,1,39.9451,-75.2394,2040.0,6,0,0,0,0,0,1,0,0,,0,0,0,20,3,6,0,,0,39 56:42.606,,7,75 14:21.766,8,0,0,0,67301,0,0,0,N,0,0,0,6,67301,0,,5,1,,N,N,,0,,0,0,0,0.0,0,,2030,6,2,0,0,0,6,0,3,4,1,2,3,,N,,,,,,,,,,,
2008118953,1000,2,0,0,0,0,0,0,0,0,4,0,,67,9,2008,2,40.0687,-75.0673,951.0,6,0,0,0,0,0,0,1,1,,0,0,0,9,1,1,1,,0,40 04:07.320,,0,75 04:02.280,4,0,0,0,67301,0,0,0,N,0,0,0,2,67301,1,,1,1,,N,N,,0,,0,0,0,1.0,2,,945,1,2,0,0,0,0,0,3,4,0,2,3,,N,,,,,,,,,,,
2008077691,1204,1,0,0,0,0,0,0,0,0,5,1,,67,7,2008,3,40.0398,-75.0064,1200.0,6,0,0,0,0,0,2,0,0,1.0,0,1,0,11,1,1,0,,1,40 02:23.640,1.0,0,75 00:22.320,3,0,0,0,67301,0,0,0,N,0,0,0,2,68K01,0,,1,1,,N,N,,0,,1,0,0,0.0,0,N,1158,1,2,0,0,0,0,0,3,4,0,2,3,,N,,,,,,,,,,,
2008082205,730,2,0,0,0,0,0,0,0,0,1,0,,67,5,2008,5,40.0568,-75.1606,725.0,6,0,0,0,0,0,1,0,0,,0,0,0,7,1,0,0,,0,40 03:24.311,,0,75 09:38.141,9,0,0,0,67301,0,0,0,N,0,0,0,4,67301,0,,1,9,,N,N,,0,,0,0,2,0.0,0,,720,0,4,0,0,0,0,1,3,4,0,4,7,,N,,,,,,,,,,,
2008072857,9999,1,0,0,0,0,0,0,0,0,8,0,,67,4,2008,4,40.017,-75.1883,9999.0,6,0,0,0,0,0,0,0,0,,0,0,0,8,1,1,1,,0,40 01:01.200,,0,75 11:17.880,4,0,0,0,67301,1,0,0,N,1,0,0,2,67301,1,,9,1,,N,N,,0,,0,0,0,3.0,2,,800,1,2,0,0,0,0,0,3,4,0,1,3,,N,,,,,,,,,,,
2008079073,1350,2,0,0,0,0,0,0,0,0,4,0,,67,5,2008,4,39.9212,-75.1939,1345.0,6,0,0,0,0,0,0,0,0,,0,0,0,13,1,1,0,,0,39 55:16.498,,7,75 11:38.209,4,0,0,0,67301,0,0,0,,0,0,0,3,67301,1,,1,1,,,,,0,,0,0,0,0.0,0,,1340,1,2,0,0,0,0,0,3,4,0,2,3,,N,,,,,,,,,,,
2008097496,1648,2,0,0,0,0,0,0,0,0,4,0,,67,7,2008,6,40.0103,-75.1592,1645.0,6,0,0,0,0,0,0,0,0,,0,0,0,16,1,1,1,,0,40 00:36.983,,0,75 09:32.940,4,0,0,0,67301,0,0,0,N,0,0,0,2,67301,1,,1,1,,N,N,,0,,0,0,0,3.0,2,,1645,1,2,0,0,0,0,0,3,4,0,2,3,,N,,,,,,,,,,,
2008108300,1130,1,0,0,0,0,0,1,0,0,5,1,,67,8,2008,7,40.0437,-75.0219,1123.0,6,0,0,0,0,0,2,0,0,,0,0,0,11,1,1,2,,0,40 02:37.146,,0,75 01:18.711,4,0,0,0,67301,0,0,0,N,0,0,0,10,67301,1,,1,1,,N,N,,1,,0,0,0,3.0,2,,1120,1,3,0,0,0,0,0,3,4,0,3,3,,N,,,,,,,,,,,
2008108363,808,1,0,0,0,0,0,0,0,0,4,0,,67,6,2008,4,40.0434,-75.0193,804.0,6,0,0,0,0,0,0,0,1,,0,0,0,99,1,1,0,,0,40 02:36.308,,7,75 01:09.501,4,0,0,0,67301,0,0,0,N,0,0,0,4,67301,1,,1,1,,N,N,,1,,0,0,0,0.0,0,,9999,1,2,0,0,0,0,0,3,4,0,2,3,,N,,,,,,,,,,,
2008108366,1211,1,0,0,0,0,0,0,0,0,1,1,,67,8,2008,3,39.9182,-75.2089,1206.0,6,0,0,0,0,0,0,0,0,,0,1,0,11,1,1,1,,0,39 55:05.641,,0,75 12:31.417,4,0,0,0,67301,0,0,0,N,0,0,0,2,67301,1,,1,1,,N,N,,0,,0,0,0,3.0,2,,1150,1,2,0,0,0,0,0,3,4,0,2,3,,N,,,,,,,,,,,
2008094803,2009,1,0,0,0,0,0,0,0,0,8,0,,67,6,2008,3,40.045,-75.0094,2006.0,6,0,0,0,0,0,1,0,0,1.0,0,0,0,20,1,1,2,,1,40 02:42.115,1.0,0,75 00:33.771,4,0,0,0,67301,1,0,0,N,1,0,0,2,67301,1,,1,1,,N,N,,0,,0,0,0,0.0,0,N,2006,1,2,0,0,0,0,0,3,4,0,1,3,,N,,,,,,,,,,,
2008094887,1550,2,0,0,0,0,0,0,0,0,4,0,,67,5,2008,4,40.0769,-74.9788,1544.0,6,0,0,0,0,0,0,0,1,,0,0,0,15,1,2,2,,0,40 04:36.480,,0,74 58:43.911,4,0,0,0,67301,0,0,0,N,0,0,0,2,67301,2,,1,1,,N,N,,0,,0,0,0,0.0,0,,1540,2,2,0,0,0,0,0,3,4,0,2,3,,N,,,,,,,,,,,
2008079210,1010,2,0,0,0,0,0,0,0,0,4,0,,67,5,2008,7,40.061,-75.1901,1008.0,6,0,0,0,0,0,0,0,0,,0,0,0,10,1,0,2,,0,40 03:39.600,,0,75 11:24.360,0,0,0,0,67301,0,0,0,N,0,0,0,2,67301,0,,1,1,,N,N,,0,,0,0,0,3.0,2,,1005,0,2,0,0,2,0,0,3,4,0,2,3,,N,,,,,,,,,,,
2008079211,820,1,0,0,0,0,0,0,0,0,8,0,,67,5,2008,3,40.0473,-75.1677,820.0,6,0,0,0,0,0,1,0,0,,0,0,0,8,1,1,1,,0,40 02:50.280,,0,75 10:03.720,8,0,0,0,67301,1,0,0,N,1,0,0,2,67301,0,,1,1,,N,,,0,,0,0,0,3.0,2,,820,1,2,0,0,0,1,0,3,4,0,1,3,,N,,,,,,,,,,,
2008103088,1442,1,0,0,0,0,0,1,0,0,4,1,,67,5,2008,4,40.0995,-74.9864,1439.0,6,0,0,0,0,0,0,0,0,9.0,0,0,0,14,1,6,1,,2,40 05:58.224,5.0,0,74 59:10.989,4,0,0,0,67301,0,0,0,N,0,0,0,6,67301,6,,1,1,,Y,N,,0,,0,0,0,3.0,2,N,1439,6,2,0,0,0,0,0,3,4,0,2,3,,N,,,,,,,,,,,
2008098456,1008,1,0,0,0,0,0,0,0,0,1,0,,67,7,2008,2,40.0145,-75.1311,1008.0,6,0,0,0,0,0,1,0,0,2.0,0,0,0,9,1,2,1,,1,40 00:52.185,3.0,0,75 07:52.121,4,0,0,1,67301,0,0,0,N,0,0,0,2,67301,2,,1,1,,N,N,,0,,0,0,0,3.0,2,N,956,2,2,0,0,0,0,0,3,4,0,2,3,,N,,,,,,,,,,,
2008098465,1605,2,0,0,0,0,0,0,0,0,1,0,,67,6,2008,6,40.0425,-75.1292,1605.0,6,0,0,0,0,0,0,0,0,,0,0,0,17,1,2,0,,0,40 02:32.913,,0,75 07:45.052,4,0,0,0,67301,0,0,0,N,0,0,0,3,67301,2,,1,1,,N,N,,0,,0,0,0,0.0,0,,1700,2,2,0,0,0,0,0,3,4,0,2,3,,N,,,,,,,,,,,
2008100997,941,1,0,0,0,0,0,0,0,0,1,0,,67,7,2008,2,39.9453,-75.2418,914.0,6,0,0,0,0,0,0,0,0,,0,0,0,9,1,2,0,,0,39 56:43.002,,0,75 14:30.819,4,0,0,0,67301,0,0,0,,0,0,0,4,67301,2,,1,9,,,,,0,,0,0,0,3.0,2,,914,2,2,0,0,0,0,0,3,4,1,2,7,,N,,,,,,,,,,,
2008096025,2315,1,0,0,0,0,0,0,0,0,7,0,,67,8,2008,2,39.9903,-75.2051,2310.0,6,0,0,0,0,0,0,0,0,,0,0,0,23,3,0,0,,0,39 59:27.726,,0,75 12:14.027,0,0,0,0,67301,0,0,0,N,0,0,0,1,68K01,0,,3,1,,N,N,,0,,0,0,0,0.0,0,,2301,0,1,0,0,0,0,0,3,4,0,1,3,,N,,,,,,,,,,,
2008078884,1134,1,0,0,0,0,0,0,0,0,7,0,,67,5,2008,5,39.932,-75.1703,1128.0,6,0,0,0,0,0,0,0,0,3.0,0,0,0,11,1,0,2,,2,39 55:55.160,2.0,0,75 10:13.079,9,0,0,0,67301,0,0,0,N,0,0,0,1,67301,0,,2,1,,N,N,,0,,0,0,1,0.0,0,Y,1128,0,4,0,0,0,0,1,3,4,2,4,3,,N,,,,,,,,,,,
2008124131,646,0,0,0,0,0,0,0,0,0,1,0,,67,10,2008,2,40.0101,-75.0639,640.0,6,0,0,0,0,0,0,0,0,,0,0,0,6,3,0,0,,0,40 00:34.969,,0,75 03:54.559,0,0,0,0,67301,0,0,0,N,0,0,0,3,68K01,0,,1,1,,N,N,,2,,0,0,1,0.0,0,,636,0,3,0,0,0,0,0,3,4,0,3,3,,N,,,,,,,,,,,
2008133931,1630,1,0,0,0,0,0,0,0,0,1,0,,67,10,2008,6,39.8989,-75.1787,1628.0,6,0,0,0,0,0,0,0,0,,0,0,0,16,1,0,0,,0,39 53:56.726,,0,75 10:01.469,0,0,0,0,67301,0,0,0,N,0,0,0,3,68K01,0,,1,1,,N,N,,1,,0,0,0,0.0,0,,1624,0,2,0,0,0,0,0,3,4,0,2,3,,N,,,,,,,,,,,
2008134036,1045,0,0,0,0,0,0,0,0,0,7,0,,67,10,2008,7,40.1098,-74.9937,1043.0,6,0,0,0,0,0,0,0,0,,0,0,0,10,1,0,0,,0,40 06:26.421,,2,74 59:41.483,0,0,0,0,67301,0,0,0,Y,0,0,0,1,67301,0,,5,9,,N,N,,1,,0,0,0,0.0,0,,1042,0,1,0,0,0,0,0,3,4,0,1,7,,N,,,,,,,,,,,
2008119195,2143,2,0,0,0,0,0,0,0,0,4,0,,67,9,2008,7,39.9213,-75.1753,2140.0,6,0,0,0,0,0,0,0,0,,0,0,0,21,1,1,1,,0,39 55:16.521,,0,75 10:30.986,4,0,0,0,67301,0,0,0,,0,0,0,4,67301,1,,1,1,,,,,0,,0,0,0,3.0,2,,2139,1,2,0,0,0,0,0,3,4,0,2,7,,N,,,,,,,,,,,
2008119244,1240,2,0,0,0,0,0,0,0,0,4,0,,67,9,2008,2,40.0366,-75.0645,1234.0,6,0,0,0,1,0,1,0,0,1.0,0,0,0,12,1,1,1,,1,40 02:11.790,3.0,0,75 03:52.061,4,0,0,0,67301,0,0,0,N,0,0,0,2,67301,1,,1,1,,N,N,,0,,0,0,0,3.0,2,N,1225,1,2,0,0,0,0,0,3,4,0,2,3,,N,,,,,,,,,,,
2008118966,442,1,0,0,0,0,0,0,0,0,8,0,,67,9,2008,5,39.9933,-75.1681,439.0,6,0,0,0,0,0,0,0,0,,0,0,0,99,3,1,0,,0,39 59:35.800,,0,75 10:05.120,4,0,0,0,67301,1,0,0,N,1,0,0,2,67301,1,,1,1,,N,N,,0,,0,0,0,0.0,0,,9999,1,2,0,0,0,0,1,3,4,0,1,3,,N,,,,,,,,,,,
2008133606,437,4,0,0,0,0,0,0,0,0,5,0,,67,10,2008,5,40.0628,-75.1574,434.0,6,0,0,0,1,0,0,0,0,9.0,0,0,0,4,3,1,0,,2,40 03:46.141,3.0,0,75 09:26.492,8,0,0,0,67301,0,0,0,,0,0,0,1,67301,0,,1,1,,,,,0,,0,0,1,0.0,0,Y,434,1,5,0,0,1,1,0,3,4,0,5,3,,N,,,,,,,,,,,
2008133612,1315,1,0,0,0,0,0,0,0,0,1,0,,67,10,2008,7,40.0269,-75.0972,1307.0,6,0,0,0,0,0,0,0,0,1.0,0,0,0,13,1,0,1,,1,40 01:36.832,2.0,0,75 05:50.066,9,0,0,0,67301,0,0,0,N,0,0,0,3,67301,0,,1,9,,N,N,,1,,0,0,0,3.0,2,N,1307,0,3,0,0,0,0,1,3,4,1,3,3,,N,,,,,,,,,,,
2008095711,1321,1,0,0,0,0,0,0,0,0,1,0,,67,6,2008,5,40.0148,-75.2064,1315.0,6,0,0,0,0,1,0,1,0,,0,0,0,13,1,1,5,,0,40 00:53.509,,0,75 12:23.761,8,0,0,0,67301,0,0,0,,0,0,0,5,67301,0,,1,1,,,,,2,,0,0,0,3.0,4,,1312,1,3,0,0,1,1,0,3,4,0,3,3,,N,,,,,,,,,,,
2008095712,210,1,0,0,0,0,0,0,0,0,4,0,,67,6,2008,1,39.9221,-75.182,208.0,6,0,0,0,0,0,0,0,0,,0,0,0,2,3,0,2,,0,39 55:19.736,,0,75 10:55.127,9,0,0,0,67301,0,0,0,,0,0,0,2,67301,0,,1,9,,,,,0,,0,0,0,3.0,3,,208,0,2,0,0,0,0,1,3,4,1,2,3,,N,,,,,,,,,,,
2008097946,1510,0,0,0,0,0,0,0,0,0,8,0,,67,7,2008,6,39.9916,-75.1847,1500.0,6,0,0,0,0,1,0,0,0,,0,0,0,14,1,1,0,,0,39 59:29.881,,0,75 11:04.888,4,0,0,0,67301,1,0,0,N,1,0,0,2,67301,1,,1,1,,N,N,,0,,0,0,0,3.0,2,,1430,1,2,0,0,1,0,0,3,4,1,1,3,,N,,,,,,,,,,,
2008097961,1418,2,0,0,0,0,0,0,0,0,4,0,,67,7,2008,1,39.9908,-75.1309,1415.0,6,0,0,0,0,0,0,0,0,,0,0,0,14,1,1,1,,0,39 59:27.012,,0,75 07:51.262,4,0,0,0,67301,0,0,0,N,0,0,0,4,67301,1,,1,1,,N,N,,0,,0,0,0,3.0,2,,1410,1,2,0,0,1,0,0,3,4,0,2,3,,N,,,,,,,,,,,