CRN,ARRIVAL_TM,AUTOMOBILE_COUNT,BELTED_DEATH_COUNT,BELTED_SUSP_SERIOUS_INJ_COUNT,BICYCLE_COUNT,BICYCLE_DEATH_COUNT,BICYCLE_SUSP_SERIOUS_INJ_COUNT,BUS_COUNT,CHLDPAS_DEATH_COUNT,CHLDPAS_SUSP_SERIOUS_INJ_COUNT,COLLISION_TYPE,COMM_VEH_COUNT,CONS_ZONE_SPD_LIM,COUNTY,CRASH_MONTH,CRASH_YEAR,DAY_OF_WEEK,DEC_LAT,DEC_LONG,DISPATCH_TM,DISTRICT,DRIVER_COUNT_16YR,DRIVER_COUNT_17YR,DRIVER_COUNT_18YR,DRIVER_COUNT_19YR,DRIVER_COUNT_20YR,DRIVER_COUNT_50_64YR,DRIVER_COUNT_65_74YR,DRIVER_COUNT_75PLUS,EST_HRS_CLOSED,FATAL_COUNT,HEAVY_TRUCK_COUNT,HORSE_BUGGY_COUNT,HOUR_OF_DAY,ILLUMINATION,INJURY_COUNT,INTERSECT_TYPE,INTERSECTION_RELATED,LANE_CLOSED,LATITUDE,LN_CLOSE_DIR,LOCATION_TYPE,LONGITUDE,MAX_SEVERITY_LEVEL,MCYCLE_DEATH_COUNT,MCYCLE_SUSP_SERIOUS_INJ_COUNT,MOTORCYCLE_COUNT,MUNICIPALITY,NONMOTR_COUNT,NONMOTR_DEATH_COUNT,NONMOTR_SUSP_SERIOUS_INJ_COUNT,NTFY_HIWY_MAINT,PED_COUNT,PED_DEATH_COUNT,PED_SUSP_SERIOUS_INJ_COUNT,PERSON_COUNT,POLICE_AGCY,POSSIBLE_INJ_COUNT,RDWY_SURF_TYPE_CD,RELATION_TO_ROAD,ROAD_CONDITION,ROADWAY_CLEARED,SCH_BUS_IND,SCH_ZONE_IND,SECONDARY_CRASH,SMALL_TRUCK_COUNT,SPEC_JURIS_CD,SUSP_MINOR_INJ_COUNT,SUSP_SERIOUS_INJ_COUNT,SUV_COUNT,TCD_FUNC_CD,TCD_TYPE,TFC_DETOUR_IND,TIME_OF_DAY,TOT_INJ_COUNT,TOTAL_UNITS,UNB_DEATH_COUNT,UNB_SUSP_SERIOUS_INJ_COUNT,UNBELTED_OCC_COUNT,UNK_INJ_DEG_COUNT,UNK_INJ_PER_COUNT,URBAN_AREA,URBAN_RURAL,VAN_COUNT,VEHICLE_COUNT,WEATHER1,WEATHER2,WORK_ZONE_IND,WORK_ZONE_LOC,WORK_ZONE_TYPE,WORKERS_PRES,WZ_CLOSE_DETOUR,WZ_FLAGGER,WZ_LAW_OFFCR_IND,WZ_LN_CLOSURE,WZ_MOVING,WZ_OTHER,WZ_SHLDER_MDN,WZ_WORKERS_INJ_KILLED
2008097964,2049,0,0,0,0,0,0,0,0,0,4,0,,67,6,2008,6,39.9864,-75.1803,2045.0,6,0,0,0,0,0,0,1,0,,0,0,0,20,3,3,2,,0,39 59:10.926,,0,75 10:48.967,3,0,0,0,67301,0,0,0,N,0,0,0,4,67301,0,,1,1,,N,N,,0,,3,0,1,3.0,2,,2045,3,2,0,0,0,0,0,3,4,1,2,3,,N,,,,,,,,,,,
2008095456,1635,0,0,0,1,0,0,0,0,0,4,0,,67,7,2008,5,39.9929,-75.0981,1626.0,6,0,0,0,0,0,0,0,0,,0,0,0,15,1,1,0,,0,39 59:34.382,,7,75 05:53.112,8,0,0,0,67301,1,0,0,N,0,0,0,2,67301,0,,1,1,,N,N,,1,,0,0,0,0.0,0,,1543,1,2,0,0,0,1,1,3,4,0,1,3,,N,,,,,,,,,,,
2008088411,1510,1,0,0,0,0,0,0,0,0,8,0,,67,6,2008,3,39.9982,-75.1687,1508.0,6,0,0,0,0,0,1,0,0,,0,0,0,15,1,1,0,,0,39 59:53.494,,0,75 10:07.314,8,0,0,0,67301,1,0,0,,1,0,0,2,67301,0,,1,1,,N,Y,,0,,0,0,0,3.0,3,,1506,1,2,0,0,0,1,0,3,4,0,1,3,,N,,,,,,,,,,,
2008095301,1310,0,0,0,0,0,0,0,0,0,0,0,,67,6,2008,6,40.0444,-75.2177,1300.0,6,0,0,0,0,0,0,0,0,1.0,0,0,0,13,1,1,2,,1,40 02:40.594,2.0,0,75 13:03.759,3,0,0,1,67301,0,0,0,,0,0,0,1,67301,0,,1,1,,,,,0,,1,0,0,0.0,0,N,1300,1,1,0,0,0,0,0,3,4,0,1,3,,N,,,,,,,,,,,
2008088209,615,1,0,0,0,0,0,0,0,0,8,0,,67,6,2008,2,40.0172,-75.0779,612.0,6,0,0,0,0,0,0,0,0,,0,0,0,6,1,1,0,,0,40 01:02.067,,0,75 04:40.296,4,0,0,0,67301,1,0,0,N,1,0,0,2,67301,1,,1,1,,N,N,,0,,0,0,0,0.0,0,,609,1,2,0,0,0,0,1,3,4,0,1,3,,N,,,,,,,,,,,
2008095343,350,2,0,0,0,0,0,0,0,0,1,0,,67,6,2008,7,39.9577,-75.2311,346.0,6,0,0,0,0,0,0,0,0,,0,0,0,3,3,1,0,,0,39 57:27.557,,0,75 13:51.929,8,0,0,0,67301,0,0,0,N,0,0,0,2,67301,0,,1,1,,N,N,,0,,0,0,0,0.0,0,,344,1,2,0,0,0,1,0,3,4,0,2,3,,N,,,,,,,,,,,
2008088738,0,2,0,0,0,0,0,0,0,0,1,0,,67,1,2008,3,40.0361,-75.0879,0.0,6,0,0,0,0,0,1,0,0,,0,0,0,5,1,1,2,,0,40 02:09.822,,0,75 05:16.321,8,0,0,0,67301,0,0,0,N,0,0,0,2,00000,0,,1,1,,N,N,,0,,0,0,0,3.0,2,,535,1,2,0,0,0,1,0,3,4,0,2,99,,N,,,,,,,,,,,
2008087996,2150,2,0,0,0,0,0,0,0,0,4,0,,67,6,2008,6,40.0209,-75.1486,2144.0,6,0,0,0,0,0,1,0,0,,0,0,0,21,3,1,0,,0,40 01:15.330,,0,75 08:54.927,3,0,0,0,67301,0,0,0,N,0,0,0,5,67301,0,,1,1,,N,N,,0,,1,0,0,0.0,0,,2142,1,2,0,0,0,0,0,3,4,0,2,3,,N,,,,,,,,,,,
2008088097,2005,1,0,0,0,0,0,0,0,0,3,0,,67,6,2008,6,40.0856,-74.9762,2001.0,6,0,0,0,0,0,0,0,0,,0,0,0,20,1,1,1,,0,40 05:08.311,,0,74 58:34.345,8,0,0,0,67301,0,0,0,N,0,0,0,1,67301,0,,2,1,,N,N,,1,,0,0,1,0.0,0,,2000,1,4,0,0,0,1,0,3,4,0,4,3,,N,,,,,,,,,,,
2008090245,20,0,0,0,0,0,0,0,0,0,8,0,,67,6,2008,7,39.9632,-75.1357,15.0,6,0,0,0,0,0,0,0,0,4.0,1,0,0,0,3,0,0,,2,39 57:46.962,1.0,0,75 08:09.041,1,0,0,0,67301,1,1,0,N,1,1,0,2,67301,0,2.0,1,1,,N,N,,1,0.0,0,0,0,0.0,0,Y,13,0,2,0,0,0,0,0,3,4,0,1,3,,N,,,,,,,,,,,
2008083242,0,2,0,0,0,0,0,0,0,0,1,0,,67,5,2008,1,39.9578,-75.1472,2357.0,6,0,0,0,0,0,0,1,0,2.0,0,0,0,23,3,1,1,,1,39 57:28.162,1.0,4,75 08:50.071,8,0,0,0,67301,0,0,0,N,0,0,0,2,67301,0,,1,1,,N,N,,0,,0,0,0,3.0,2,N,2345,1,2,0,0,0,1,0,3,4,0,2,3,,N,,,,,,,,,,,
2008087868,2125,1,0,0,0,0,0,0,0,0,2,0,,67,6,2008,7,40.0984,-75.0471,2120.0,6,0,0,0,0,0,0,0,1,1.0,0,0,0,21,3,2,1,,1,40 05:54.088,1.0,0,75 02:49.438,8,0,0,1,67301,0,0,0,N,0,0,0,3,67301,0,,1,1,,N,N,,0,,0,0,0,3.0,2,N,2115,2,2,0,0,0,2,0,3,4,0,2,3,,N,,,,,,,,,,,
2008087880,840,1,0,0,0,0,0,0,0,0,1,0,,67,6,2008,2,40.1099,-75.0252,830.0,6,0,0,0,0,0,0,0,0,2.0,0,0,0,8,1,2,2,,1,40 06:35.640,2.0,0,75 01:30.360,8,0,0,0,67301,0,0,0,N,0,0,0,2,67301,0,,1,1,,,N,,0,,0,0,1,0.0,0,N,828,2,2,0,0,0,2,0,3,4,0,2,3,,N,,,,,,,,,,,
2008081525,215,2,0,0,0,0,0,0,0,0,1,0,,67,5,2008,7,39.9149,-75.1566,215.0,6,0,0,0,0,0,0,0,0,,0,0,0,2,6,1,1,,0,39 54:53.602,,0,75 09:23.841,4,0,0,0,67301,0,0,0,,0,0,0,7,67301,1,,1,1,,,,,0,,0,0,0,0.0,0,,215,1,2,0,0,0,0,0,3,4,0,2,3,,N,,,,,,,,,,,
2008081549,1813,1,0,0,0,0,0,0,0,0,4,0,,67,5,2008,1,40.0501,-75.0641,1813.0,6,0,0,0,0,0,1,0,0,2.0,0,0,0,18,1,0,1,,2,40 03:00.400,4.0,0,75 03:50.623,0,0,0,0,67301,0,0,0,,0,0,0,5,67301,0,,1,1,,N,N,,0,,0,0,1,3.0,2,Y,1813,0,2,0,0,0,0,0,3,4,0,2,3,,N,,,,,,,,,,,
2008094889,1352,1,0,0,0,0,0,0,0,0,1,0,,67,7,2008,3,40.0595,-75.0091,1351.0,6,0,0,0,0,0,0,1,0,,0,0,0,13,1,2,0,,0,40 03:34.312,,0,75 00:32.793,4,0,0,0,67301,0,0,0,N,0,0,0,3,67301,2,,2,1,,N,N,,1,,0,0,0,0.0,0,,1332,2,2,0,0,0,0,0,3,4,0,2,3,,N,,,,,,,,,,,
2008079177,1602,1,0,0,0,0,0,0,0,0,1,0,,67,5,2008,5,40.0848,-75.0474,1558.0,6,0,0,0,0,0,0,1,0,1.0,0,0,0,15,1,1,0,,1,40 05:05.457,2.0,0,75 02:50.795,4,0,0,0,67301,0,0,0,N,0,0,0,2,67301,1,,1,1,,N,N,,0,,0,0,0,0.0,0,N,1555,1,2,0,0,0,0,0,3,4,1,2,3,,N,,,,,,,,,,,
2008079178,1655,2,0,0,0,0,0,0,0,0,4,0,,67,5,2008,7,40.1167,-75.0198,1650.0,6,0,0,0,0,0,0,0,0,2.0,0,0,0,16,1,0,1,,1,40 07:00.035,1.0,0,75 01:11.247,0,0,0,0,67301,0,0,0,N,0,0,0,5,67301,0,,1,1,,N,N,,0,,0,0,0,3.0,2,N,1650,0,2,0,0,0,0,0,3,4,0,2,3,,N,,,,,,,,,,,
2008073936,523,0,0,0,0,0,0,0,0,0,7,0,,67,6,2008,6,39.9002,-75.1578,500.0,6,0,0,0,0,0,0,0,0,,0,0,0,4,3,0,0,,0,39 54:04.506,,0,75 09:08.896,0,0,0,0,67301,0,0,0,N,0,0,0,1,68K01,0,,2,1,,N,N,,0,,0,0,0,0.0,0,,455,0,1,0,0,0,0,0,3,4,1,1,3,,N,,,,,,,,,,,
2008103094,1337,1,0,0,0,0,0,0,0,0,5,0,,67,8,2008,7,40.05,-75.1166,1336.0,6,0,0,0,0,0,0,0,0,2.0,0,0,0,13,1,1,0,,1,40 02:59.860,4.0,0,75 06:59.469,8,0,0,0,67301,0,0,0,N,0,0,0,3,46102,0,,1,1,,N,N,,0,,0,0,1,0.0,0,N,1336,1,2,0,0,0,1,0,3,4,0,2,3,,N,,,,,,,,,,,
2008103105,1737,1,0,0,0,0,0,1,0,0,2,1,,67,7,2008,4,40.0228,-75.159,1735.0,6,0,0,0,0,0,2,0,0,,0,0,0,17,1,1,1,,0,40 01:22.061,,0,75 09:32.461,3,0,0,0,67301,0,0,0,,0,0,0,3,67301,0,,1,1,,,,,0,,1,0,0,3.0,2,,1717,1,2,0,0,0,0,0,3,4,0,2,3,,N,,,,,,,,,,,
2008098446,1632,2,0,0,0,0,0,0,0,0,4,0,,67,7,2008,3,40.046,-75.1321,1628.0,6,0,0,0,0,0,0,1,0,,0,0,0,16,1,2,1,,0,40 02:45.642,,0,75 07:55.623,4,0,0,0,67301,0,0,0,N,0,0,0,2,67301,2,,1,1,,N,N,,0,,0,0,0,0.0,0,,1620,2,2,0,0,0,0,0,3,4,0,2,3,,N,,,,,,,,,,,
2008119404,0,0,0,0,1,0,0,0,0,0,1,0,,67,8,2008,6,39.9479,-75.1462,0.0,6,0,0,0,0,0,0,0,0,,0,0,0,21,6,1,0,,0,39 56:52.355,,0,75 08:46.277,3,0,0,0,67301,1,0,0,N,0,0,0,2,00000,0,,1,1,,N,N,,0,,1,0,0,0.0,0,,2145,1,2,0,0,0,0,1,3,4,1,1,3,,N,,,,,,,,,,,
2008119180,9999,1,0,0,0,0,0,0,0,0,8,0,,67,9,2008,5,40.0067,-75.1316,1730.0,6,0,0,1,0,0,0,0,0,,0,0,0,17,1,1,0,,0,40 00:24.076,,0,75 07:53.713,4,0,0,0,67301,1,0,0,,1,0,0,2,67301,1,,9,1,,N,Y,,0,,0,0,0,0.0,0,,1730,1,2,0,0,0,0,0,3,4,0,1,3,,N,,,,,,,,,,,
2008119181,1210,2,0,0,0,0,0,0,0,0,1,0,,67,9,2008,6,40.012,-75.1359,1205.0,6,0,0,0,0,0,0,0,0,,0,0,0,12,1,1,1,,0,40 00:43.066,,0,75 08:09.135,8,0,0,0,67301,0,0,0,N,0,0,0,2,67301,0,,1,1,,N,N,,0,,0,0,0,3.0,2,,1205,1,2,0,0,0,1,0,3,4,0,2,3,,N,,,,,,,,,,,
2008119189,1829,0,0,0,0,0,0,0,0,0,8,0,,67,9,2008,3,39.9551,-75.1853,1829.0,6,0,0,0,0,0,0,0,0,,0,0,0,18,1,1,2,,0,39 57:18.326,,0,75 11:08.055,2,0,0,0,67301,1,0,1,N,1,0,1,2,67301,0,,1,1,,N,N,,1,,0,1,0,3.0,2,,1828,1,2,0,0,0,0,0,3,4,0,1,3,,N,,,,,,,,,,,
2008119204,1915,1,0,0,0,0,0,0,0,0,4,0,,67,9,2008,2,39.9915,-75.1349,1910.0,6,0,0,0,0,0,0,0,0,2.0,0,0,0,18,1,2,1,,1,39 59:29.221,3.0,0,75 08:05.582,4,0,0,0,67301,0,0,0,N,0,0,0,4,67301,2,,1,1,,N,N,,1,,0,0,0,3.0,2,N,1844,2,2,0,0,0,0,0,3,4,0,2,3,,N,,,,,,,,,,,
2008133656,17,2,0,0,0,0,0,0,0,0,7,0,,67,10,2008,4,40.0143,-75.1781,10.0,6,0,0,0,0,0,0,0,0,,0,0,0,0,3,2,1,,0,40 00:51.570,,0,75 10:41.163,4,0,0,0,67301,0,0,0,Y,0,0,0,3,67301,1,,7,1,,N,N,,0,,0,0,0,3.0,2,,5,2,2,0,0,0,1,0,3,4,0,2,3,,N,,,,,,,,,,,
2008129322,1037,1,0,0,0,0,0,0,0,0,7,0,,67,8,2008,2,40.041,-75.1637,1036.0,6,0,0,0,0,0,0,0,0,,0,0,0,10,1,1,2,,0,40 02:27.564,,0,75 09:49.334,4,0,0,0,67301,1,0,0,N,1,0,0,3,67301,1,,5,1,,N,N,,0,,0,0,0,3.0,3,,1035,1,2,0,0,1,0,1,3,4,0,1,3,,N,,,,,,,,,,,
2008095677,2312,1,0,0,0,0,0,0,0,0,5,0,,67,7,2008,7,40.0638,-75.1528,2309.0,6,0,0,0,0,0,0,0,0,,0,0,0,23,3,1,0,,0,40 03:49.543,,0,75 09:10.094,4,0,0,0,67301,0,0,0,N,0,0,0,6,67301,1,,1,1,,N,N,,0,,0,0,1,0.0,0,,2308,1,2,0,0,0,0,0,3,4,0,2,3,,N,,,,,,,,,,,
2008080679,205,2,0,0,0,0,0,0,0,0,5,0,,67,5,2008,1,,,200.0,6,0,0,0,0,0,0,0,0,,0,0,0,2,3,0,0,,0,,,3,,0,0,0,0,67301,0,0,0,N,0,0,0,2,67301,0,,1,9,,N,N,,0,,0,0,0,3.0,2,,200,0,2,0,0,2,0,0,3,3,0,2,7,,N,,,,,,,,,,,
2008082866,1548,2,0,0,0,0,0,0,0,0,1,0,,67,5,2008,6,40.0256,-75.1816,1543.0,6,0,0,0,0,0,0,0,0,1.0,0,0,0,15,1,0,0,,1,40 01:32.160,1.0,0,75 10:53.805,0,0,0,0,67301,0,0,0,N,0,0,0,2,67301,0,,1,9,,N,N,,0,,0,0,0,0.0,0,N,1540,0,2,0,0,0,0,0,3,4,0,2,7,,N,,,,,,,,,,,
2008088180,2220,2,0,0,0,0,0,0,0,0,1,0,,67,6,2008,7,40.0228,-75.147,2215.0,6,0,0,0,0,0,1,0,0,,0,0,0,21,3,0,1,,0,40 01:22.098,,0,75 08:49.318,0,0,0,0,67301,0,0,0,N,0,0,0,4,67301,0,,1,1,,N,N,,1,,0,0,0,3.0,2,,2145,0,3,0,0,0,0,0,3,4,0,3,3,,N,,,,,,,,,,,
2008088260,1315,2,0,0,0,0,0,0,0,0,5,0,,67,5,2008,3,40.0232,-75.1244,1308.0,6,0,0,0,0,0,0,0,0,,0,0,0,99,1,1,1,,0,40 01:23.467,,0,75 07:27.814,8,0,0,0,67301,0,0,0,,0,0,0,3,67301,0,,1,9,,,,,0,,0,0,0,0.0,0,,9999,1,2,0,0,0,1,0,3,4,0,2,7,,N,,,,,,,,,,,
2008088284,851,1,0,0,0,0,0,0,0,0,8,0,,67,5,2008,2,40.0392,-75.1099,850.0,6,0,0,0,0,0,0,0,0,9.0,0,0,0,8,1,1,0,,1,40 02:21.196,2.0,0,75 06:35.622,8,0,0,0,67301,1,0,0,N,1,0,0,2,67301,0,,1,1,,N,N,,0,,0,0,0,0.0,0,N,849,1,2,0,0,0,1,0,3,4,0,1,3,,N,,,,,,,,,,,
2008088660,0,0,0,0,1,0,1,0,0,0,1,0,,67,6,2008,7,40.0027,-75.1379,0.0,6,0,0,0,0,0,0,0,0,,0,0,0,21,6,1,0,,0,40 00:09.572,,0,75 08:16.340,2,0,0,0,67301,1,0,1,,0,0,0,2,00000,0,,1,1,,,,,0,,0,1,0,0.0,0,,2130,1,2,0,0,0,0,0,3,4,0,1,3,,N,,,,,,,,,,,
2008088713,0,0,0,0,0,0,0,0,0,0,4,0,,67,2,2008,5,40.0388,-75.0609,0.0,6,0,0,0,0,0,0,0,0,,0,0,0,12,1,1,2,,0,40 02:19.680,,0,75 03:39.240,8,0,0,1,67301,0,0,0,N,0,0,0,2,00000,0,,1,1,,N,N,,0,,0,0,0,0.0,0,,1200,1,2,0,0,0,1,1,3,4,0,2,3,,N,,,,,,,,,,,
2008080296,1939,3,0,0,0,0,0,0,0,0,4,0,,67,5,2008,6,39.9322,-75.1719,1939.0,6,0,0,0,0,0,0,0,0,,0,0,0,19,4,3,1,,0,39 55:55.887,,0,75 10:18.724,8,0,0,0,67301,0,0,0,N,0,0,0,3,67301,0,,1,9,,N,N,,0,,0,0,0,3.0,3,,1939,3,3,0,0,0,3,0,3,4,0,3,7,,N,,,,,,,,,,,
2008080310,1315,2,0,0,0,0,0,0,0,0,4,0,,67,5,2008,4,40.0204,-75.1401,1230.0,6,0,0,0,0,1,1,1,0,,0,0,0,12,1,0,1,,0,40 01:13.458,,0,75 08:24.453,0,0,0,0,67301,0,0,0,,0,0,0,3,67301,0,,1,1,,,,,1,,0,0,0,0.0,0,,1230,0,3,0,0,0,0,0,3,4,0,3,3,,N,,,,,,,,,,,
2008083212,1147,0,0,0,0,0,0,0,0,0,4,1,,67,5,2008,2,40.0486,-74.9979,1144.0,6,0,0,0,0,0,1,0,1,,0,1,0,11,1,1,0,,0,40 02:55.029,,0,74 59:52.450,8,0,0,0,67301,0,0,0,N,0,0,0,2,67301,0,,1,1,,N,N,,1,,0,0,0,0.0,0,,1140,1,2,0,0,0,1,0,3,4,0,2,3,,N,,,,,,,,,,,
2008087833,840,2,0,0,0,0,0,0,0,0,4,0,,67,6,2008,5,39.9388,-75.1984,835.0,6,0,0,0,0,0,1,0,0,2.0,0,0,0,8,1,1,1,,1,39 56:22.681,1.0,0,75 11:53.378,8,0,0,0,67301,0,0,0,N,0,0,0,2,67301,0,,1,1,,N,N,,0,,0,0,0,3.0,2,N,830,1,2,0,0,0,1,0,3,4,0,2,3,,N,,,,,,,,,,,
2008087849,1326,0,0,0,0,0,0,0,0,0,0,0,,67,6,2008,7,40.0425,-75.1292,1325.0,6,0,0,0,0,0,0,0,0,,0,0,0,13,1,1,1,,0,40 02:33.169,,0,75 07:44.993,4,0,0,1,67301,0,0,0,N,0,0,0,2,67301,1,,1,1,,N,N,,0,,0,0,0,3.0,2,,1320,1,2,0,0,0,0,0,3,4,0,1,3,,N,,,,,,,,,,,
2008098001,1822,1,0,0,0,0,0,0,0,0,8,0,,67,7,2008,4,39.9909,-75.0912,1816.0,6,0,0,0,0,0,0,0,0,,0,0,0,16,1,1,1,,0,39 59:27.155,,0,75 05:28.376,4,0,0,0,67301,1,0,0,N,1,0,0,2,67301,1,,2,1,,N,N,,0,,0,0,0,3.0,2,,1617,1,2,0,0,0,0,0,3,4,0,1,3,,N,,,,,,,,,,,
2008087873,1656,1,0,0,0,0,0,0,0,0,7,0,,67,5,2008,7,40.0587,-75.1863,1654.0,6,0,0,0,0,0,1,0,0,,0,0,0,16,1,0,1,,0,40 03:31.164,,0,75 11:10.558,0,0,0,0,67301,0,0,0,N,0,0,0,1,67301,0,,4,9,,N,N,,0,,0,0,0,0.0,0,,1648,0,1,0,0,0,0,0,3,4,0,1,7,,N,,,,,,,,,,,
2008098576,209,1,0,0,0,0,0,0,0,0,7,0,,67,8,2008,7,39.9805,-75.2059,206.0,6,0,0,0,0,0,0,0,0,,0,0,0,2,3,0,0,,0,39 58:52.651,,0,75 12:24.929,0,0,0,0,67301,0,0,0,N,0,0,0,1,68K01,0,,2,9,,N,N,,0,,0,0,0,0.0,0,,203,0,1,0,0,0,0,0,3,4,0,1,7,,N,,,,,,,,,,,
2008078929,1350,1,0,0,0,0,0,0,0,0,4,0,,67,5,2008,6,40.0338,-75.1281,1330.0,6,0,0,0,0,0,1,0,0,2.0,0,0,0,13,1,1,1,,1,40 02:01.849,4.0,0,75 07:41.314,4,0,0,0,67301,0,0,0,N,0,0,0,2,67301,1,,1,1,,N,N,,0,,0,0,0,3.0,2,Y,1320,1,2,0,0,0,0,0,3,4,1,2,3,,N,,,,,,,,,,,
2008098373,2038,2,0,0,0,0,0,0,0,0,4,0,,67,7,2008,5,39.9918,-75.1186,2030.0,6,0,0,0,0,0,1,0,0,,0,0,0,20,3,1,1,,0,39 59:30.602,,0,75 07:07.017,8,0,0,0,67301,0,0,0,N,0,0,0,3,67301,0,,1,1,,N,N,,0,,0,0,0,3.0,3,,2030,1,2,0,0,0,1,0,3,4,0,2,3,,N,,,,,,,,,,,
2008078914,9999,1,0,0,0,0,0,0,0,0,8,0,,67,5,2008,5,40.0629,-75.1579,138.0,6,0,0,0,0,0,0,0,0,,0,0,0,1,3,1,2,,0,40 03:46.321,,0,75 09:28.573,2,0,0,0,67301,1,0,1,,1,0,1,2,67301,0,,9,98,,,,,0,,0,1,0,0.0,0,,130,1,2,0,0,0,0,1,3,4,0,1,3,,N,,,,,,,,,,,
2008089353,1110,2,0,0,0,0,0,0,0,0,4,0,,67,6,2008,4,40.0519,-75.0793,1106.0,6,0,0,0,0,0,1,0,0,,0,0,0,11,1,0,1,,0,40 03:06.735,,0,75 04:45.411,0,0,0,0,67301,0,0,0,N,0,0,0,2,67301,0,,1,1,,N,N,,0,,0,0,0,3.0,3,,1100,0,2,0,0,0,0,0,3,4,0,2,3,,N,,,,,,,,,,,
2008108009,2135,1,0,0,0,0,0,0,0,0,8,0,,67,8,2008,5,40.0331,-75.0888,2130.0,6,0,0,0,0,0,0,0,0,,0,0,0,21,3,1,1,,0,40 01:59.080,,0,75 05:19.604,8,0,0,0,67301,1,0,0,N,1,0,0,2,67301,0,,1,1,,N,N,,0,,0,0,0,0.0,0,,2130,1,2,0,0,0,1,0,3,4,0,1,3,,N,,,,,,,,,,,
2008108015,1450,0,0,0,0,0,0,0,0,0,7,0,,67,8,2008,2,40.0623,-75.2279,1430.0,6,0,0,0,0,0,0,1,0,,0,0,0,14,1,1,0,,0,40 03:44.215,,0,75 13:40.497,8,0,0,0,67301,0,0,0,,0,0,0,1,67301,0,,4,1,,,,,1,,0,0,0,0.0,0,,1430,1,1,0,0,0,1,0,3,4,0,1,3,,N,,,,,,,,,,,
2008107761,1740,1,0,0,0,0,0,0,0,0,7,0,,67,8,2008,6,40.1053,-74.9935,1735.0,6,0,0,0,0,0,1,0,0,,0,0,0,17,1,1,0,,0,40 06:18.982,,0,74 59:36.568,4,0,0,0,67301,0,0,0,N,0,0,0,1,67301,1,,2,1,,N,N,,0,,0,0,0,0.0,0,,1735,1,1,0,0,0,0,0,3,4,0,1,3,,N,,,,,,,,,,,
2008104764,815,2,0,0,0,0,0,0,0,0,1,0,,67,9,2008,5,39.9915,-75.0863,815.0,6,0,0,0,0,0,0,0,0,,0,0,0,8,1,0,0,,0,39 59:29.080,,0,75 05:10.819,9,0,0,0,67301,0,0,0,N,0,0,0,3,68K01,0,,1,1,,N,N,,0,,0,0,0,0.0,0,,815,0,3,0,0,0,0,1,3,4,1,3,3,,N,,,,,,,,,,,
2008107980,1143,0,0,0,1,0,1,0,0,0,4,0,,67,8,2008,1,39.9221,-75.1518,1139.0,6,0,0,0,0,0,0,0,0,3.0,0,0,0,11,1,1,0,,1,39 55:19.473,4.0,0,75 09:06.688,2,0,0,0,67301,1,0,1,N,0,0,0,3,67301,0,,1,9,,N,N,,0,,0,1,1,0.0,0,Y,1135,1,2,0,0,0,0,0,3,4,0,1,7,,N,,,,,,,,,,,
2008089679,0,1,0,0,0,0,0,0,0,0,8,0,,67,2,2008,6,39.9984,-75.1408,0.0,6,0,0,0,0,0,0,0,0,,0,0,0,19,1,1,0,,0,39 59:54.418,,0,75 08:27.052,8,0,0,0,67301,1,0,0,N,1,0,0,2,00000,0,,1,1,,N,N,,0,,0,0,0,0.0,0,,1920,1,2,0,0,0,1,1,3,4,0,1,3,,N,,,,,,,,,,,
2008122972,2003,5,0,0,0,0,0,0,0,0,8,0,,67,9,2008,1,40.0535,-75.1585,2001.0,6,0,0,0,0,0,0,0,0,,0,0,0,19,3,5,0,,0,40 03:12.466,,0,75 09:30.690,4,0,0,0,67301,5,0,0,,3,0,0,9,67301,5,,1,9,,N,N,,1,,0,0,1,0.0,0,,1955,5,10,0,0,0,0,0,3,4,0,7,7,,N,,,,,,,,,,,
2008073718,1250,2,0,0,0,0,0,0,0,0,4,0,,67,5,2008,2,39.9256,-75.2417,9999.0,6,0,0,0,0,0,0,0,0,1.0,0,0,0,12,1,1,1,,1,39 55:32.066,2.0,0,75 14:30.271,8,0,0,0,67301,0,0,0,N,0,0,0,3,67301,0,,1,1,,N,N,,0,,0,0,1,3.0,3,Y,1240,1,3,0,0,0,1,0,3,4,0,3,3,,N,,,,,,,,,,,
2008076161,440,1,0,0,0,0,0,0,0,0,7,0,,67,6,2008,7,39.9745,-75.1184,432.0,6,0,0,0,0,0,0,0,0,2.0,0,0,0,4,3,0,0,,2,39 58:29.640,2.0,0,75 07:03.000,0,0,0,0,67301,0,0,0,N,0,0,0,1,68K01,0,,3,1,,N,N,,0,,0,0,0,0.0,0,N,429,0,1,0,0,0,0,0,3,4,0,1,3,,N,,,,,,,,,,,
2008081526,1320,1,0,0,0,0,0,0,0,0,8,0,,67,5,2008,3,39.9188,-75.1398,1319.0,6,0,0,0,0,0,0,0,0,,0,0,0,13,1,1,0,,0,39 55:07.805,,0,75 08:23.226,8,0,0,0,67301,1,0,0,N,1,0,0,2,67301,0,,1,9,,N,N,,0,,0,0,0,0.0,0,,1319,1,2,0,0,1,1,0,3,4,0,1,7,,N,,,,,,,,,,,