CRN,ARRIVAL_TM,AUTOMOBILE_COUNT,BELTED_DEATH_COUNT,BELTED_SUSP_SERIOUS_INJ_COUNT,BICYCLE_COUNT,BICYCLE_DEATH_COUNT,BICYCLE_SUSP_SERIOUS_INJ_COUNT,BUS_COUNT,CHLDPAS_DEATH_COUNT,CHLDPAS_SUSP_SERIOUS_INJ_COUNT,COLLISION_TYPE,COMM_VEH_COUNT,CONS_ZONE_SPD_LIM,COUNTY,CRASH_MONTH,CRASH_YEAR,DAY_OF_WEEK,DEC_LAT,DEC_LONG,DISPATCH_TM,DISTRICT,DRIVER_COUNT_16YR,DRIVER_COUNT_17YR,DRIVER_COUNT_18YR,DRIVER_COUNT_19YR,DRIVER_COUNT_20YR,DRIVER_COUNT_50_64YR,DRIVER_COUNT_65_74YR,DRIVER_COUNT_75PLUS,EST_HRS_CLOSED,FATAL_COUNT,HEAVY_TRUCK_COUNT,HORSE_BUGGY_COUNT,HOUR_OF_DAY,ILLUMINATION,INJURY_COUNT,INTERSECT_TYPE,INTERSECTION_RELATED,LANE_CLOSED,LATITUDE,LN_CLOSE_DIR,LOCATION_TYPE,LONGITUDE,MAX_SEVERITY_LEVEL,MCYCLE_DEATH_COUNT,MCYCLE_SUSP_SERIOUS_INJ_COUNT,MOTORCYCLE_COUNT,MUNICIPALITY,NONMOTR_COUNT,NONMOTR_DEATH_COUNT,NONMOTR_SUSP_SERIOUS_INJ_COUNT,NTFY_HIWY_MAINT,PED_COUNT,PED_DEATH_COUNT,PED_SUSP_SERIOUS_INJ_COUNT,PERSON_COUNT,POLICE_AGCY,POSSIBLE_INJ_COUNT,RDWY_SURF_TYPE_CD,RELATION_TO_ROAD,ROAD_CONDITION,ROADWAY_CLEARED,SCH_BUS_IND,SCH_ZONE_IND,SECONDARY_CRASH,SMALL_TRUCK_COUNT,SPEC_JURIS_CD,SUSP_MINOR_INJ_COUNT,SUSP_SERIOUS_INJ_COUNT,SUV_COUNT,TCD_FUNC_CD,TCD_TYPE,TFC_DETOUR_IND,TIME_OF_DAY,TOT_INJ_COUNT,TOTAL_UNITS,UNB_DEATH_COUNT,UNB_SUSP_SERIOUS_INJ_COUNT,UNBELTED_OCC_COUNT,UNK_INJ_DEG_COUNT,UNK_INJ_PER_COUNT,URBAN_AREA,URBAN_RURAL,VAN_COUNT,VEHICLE_COUNT,WEATHER1,WEATHER2,WORK_ZONE_IND,WORK_ZONE_LOC,WORK_ZONE_TYPE,WORKERS_PRES,WZ_CLOSE_DETOUR,WZ_FLAGGER,WZ_LAW_OFFCR_IND,WZ_LN_CLOSURE,WZ_MOVING,WZ_OTHER,WZ_SHLDER_MDN,WZ_WORKERS_INJ_KILLED
2008081567,2241,1,0,0,0,0,0,1,0,0,4,1,,67,5,2008,7,40.0376,-75.2103,2239.0,6,0,0,0,0,0,0,0,0,2.0,0,0,0,22,3,0,1,,1,40 02:15.720,1.0,0,75 12:37.440,0,0,0,0,67301,0,0,0,,0,0,0,8,67301,0,,1,1,,,,,0,,0,0,0,0.0,0,Y,2237,0,2,0,0,0,0,0,3,4,0,2,3,,N,,,,,,,,,,,
2008094856,1825,0,0,0,0,0,0,0,0,0,8,0,,67,8,2008,1,39.9826,-75.1069,1825.0,6,0,0,0,0,0,0,0,0,,0,0,0,18,1,1,1,,0,39 58:57.511,,0,75 06:24.980,4,0,0,0,67301,1,0,0,N,1,0,0,2,67301,1,,1,1,,N,N,,0,,0,0,1,0.0,0,,1815,1,2,0,0,1,0,0,3,4,0,1,3,,N,,,,,,,,,,,
2008079217,211,2,0,0,0,0,0,0,0,0,5,0,,67,5,2008,7,39.9376,-75.1533,211.0,6,0,0,0,0,0,0,0,0,,0,0,0,2,3,0,0,,0,39 56:15.388,,0,75 09:11.979,0,0,0,0,67301,0,0,0,N,0,0,0,1,67301,0,,6,1,,N,N,,0,,0,0,0,0.0,0,,211,0,2,0,0,1,0,0,3,4,0,2,3,,N,,,,,,,,,,,
2008098364,1531,1,0,0,0,0,0,0,0,0,4,0,,67,7,2008,2,40.054,-75.1974,1530.0,6,0,0,0,0,0,0,0,0,,0,0,0,15,1,0,1,,0,40 03:14.320,,0,75 11:50.625,0,0,0,0,67301,0,0,0,N,0,0,0,2,67301,0,,1,1,,N,N,,0,,0,0,1,3.0,3,,1515,0,2,0,0,0,0,0,3,4,0,2,3,,N,,,,,,,,,,,
2008098410,859,3,0,0,0,0,0,0,0,0,2,0,,67,7,2008,1,40.0524,-75.0733,858.0,6,0,0,0,0,0,0,0,0,1.0,0,0,0,8,1,1,0,,2,40 03:08.718,5.0,0,75 04:23.700,3,0,0,0,67301,0,0,0,N,0,0,0,2,67301,0,,2,1,,N,N,,0,,1,0,1,0.0,0,Y,858,1,4,0,0,0,0,0,3,4,0,4,3,,N,,,,,,,,,,,
2008078891,751,2,0,0,0,0,0,0,0,0,4,0,,67,6,2008,5,39.9696,-75.2115,747.0,6,0,0,0,0,1,0,0,0,,0,0,0,7,1,0,1,,0,39 58:10.458,,0,75 12:41.542,0,0,0,0,67301,0,0,0,N,0,0,0,6,67301,0,,1,1,,N,N,,0,,0,0,0,3.0,2,,746,0,2,0,0,0,0,0,3,4,0,2,3,,N,,,,,,,,,,,
2008133293,1318,2,0,0,0,0,0,0,0,0,1,0,,67,9,2008,1,40.0039,-75.2207,1313.0,6,0,0,0,0,0,0,0,0,,0,0,0,12,1,1,1,,0,40 00:14.092,,0,75 13:14.544,4,0,0,0,67301,0,0,0,,0,0,0,2,67301,1,,1,1,,,,,0,,0,0,0,0.0,0,,1240,1,2,0,0,0,0,0,3,4,0,2,3,,N,,,,,,,,,,,
2008128591,1650,1,0,0,0,0,0,0,0,0,1,0,,67,11,2008,4,39.9002,-75.158,1635.0,6,0,0,0,0,0,0,0,0,,0,0,0,16,4,0,0,,0,39 54:09.859,,0,75 09:02.637,0,0,0,0,67301,0,0,0,N,0,0,0,2,68K01,0,,1,1,,N,N,,0,,0,0,1,0.0,0,,1625,0,2,0,0,0,0,0,3,4,0,2,3,,N,,,,,,,,,,,
2008134030,35,2,0,0,0,0,0,0,0,0,4,0,,67,10,2008,4,39.9938,-75.1532,25.0,6,0,0,0,0,1,0,0,0,1.0,0,0,0,99,3,1,1,,1,39 59:37.572,4.0,0,75 09:11.649,4,0,0,0,67301,0,0,0,,0,0,0,3,67301,1,,1,1,,,,,0,,0,0,0,0.0,0,Y,9999,1,2,0,0,0,0,0,3,4,0,2,3,,N,,,,,,,,,,,
2008119225,408,1,0,0,1,0,0,0,0,0,2,0,,67,9,2008,1,40.0625,-75.1565,402.0,6,0,0,0,0,0,0,0,1,,0,0,0,99,1,1,0,,0,40 03:45.129,,0,75 09:23.274,3,0,0,0,67301,1,0,0,N,0,0,0,2,67301,0,,1,1,,N,N,,0,,1,0,0,0.0,0,,9999,1,2,0,0,0,0,0,3,4,0,1,3,,N,,,,,,,,,,,
2008118946,1057,1,0,0,0,0,0,0,0,0,0,0,,67,9,2008,1,39.9348,-75.1527,1057.0,6,0,0,0,0,0,0,0,0,1.0,0,0,0,10,1,0,0,,1,39 56:05.218,3.0,0,75 09:09.586,0,0,0,0,67301,0,0,0,,0,0,0,3,67301,0,,1,1,,N,N,,0,,0,0,0,0.0,0,N,1055,0,1,0,0,0,0,0,3,4,0,1,3,,N,,,,,,,,,,,
2008133617,815,2,0,0,0,0,0,0,0,0,1,0,,67,10,2008,4,39.992,-75.1402,700.0,6,0,0,0,0,0,1,0,0,,0,0,0,7,1,1,1,,0,39 59:31.321,,0,75 08:24.666,4,0,0,0,67301,0,0,0,N,0,0,0,2,67301,1,,1,1,,N,,,0,,0,0,0,3.0,2,,700,1,2,0,0,0,0,0,3,4,0,2,3,,N,,,,,,,,,,,
2008118983,2136,1,0,0,1,0,0,0,0,0,4,0,,67,9,2008,4,39.9661,-75.2047,2133.0,6,0,0,0,0,0,1,0,0,,0,0,0,21,3,1,0,,0,39 57:57.924,,0,75 12:17.046,4,0,0,0,67301,1,0,0,N,0,0,0,2,67301,1,,1,1,,N,N,,0,,0,0,0,3.0,3,,2133,1,2,0,0,0,0,0,3,4,0,1,3,,N,,,,,,,,,,,
2008119011,1100,2,0,0,0,0,0,0,0,0,1,0,,67,9,2008,7,40.0134,-75.1224,1050.0,6,0,0,0,0,0,1,0,0,,0,0,0,10,1,1,3,,0,40 00:48.312,,0,75 07:20.668,4,0,0,0,67301,0,0,0,N,0,0,0,2,67301,1,,1,1,,N,N,,0,,0,0,0,3.0,3,,1045,1,2,0,0,0,0,0,3,4,0,2,3,,N,,,,,,,,,,,
2008097835,1809,2,0,0,0,0,0,0,0,0,4,0,,67,8,2008,6,40.0689,-75.0068,1809.0,6,0,0,0,0,0,0,0,0,2.0,0,0,0,18,1,1,0,,1,40 04:07.994,3.0,7,75 00:24.383,8,0,0,0,67301,0,0,0,,0,0,0,2,67301,0,,1,1,,,,,0,,0,0,0,0.0,0,N,1807,1,2,0,0,0,1,0,3,4,0,2,3,,N,,,,,,,,,,,
2008097842,1429,0,0,0,0,0,0,0,0,0,7,0,,67,8,2008,1,40.1311,-75.0137,1427.0,6,0,0,0,0,0,1,0,0,,0,0,0,14,1,1,0,,0,40 07:51.600,,0,75 00:49.680,4,0,0,1,67301,0,0,0,,0,0,0,1,67301,1,,4,1,,,,,0,,0,0,0,0.0,0,,1425,1,1,0,0,0,0,0,3,4,0,1,3,,N,,,,,,,,,,,
2008095673,805,1,0,0,0,0,0,0,0,0,1,0,,67,6,2008,3,40.0301,-75.0352,800.0,6,0,0,0,0,0,0,0,0,,0,0,0,7,1,1,1,,0,40 01:48.464,,0,75 02:06.580,4,0,0,1,67301,0,0,0,N,0,0,0,2,67301,1,,1,1,,N,N,,0,,0,0,0,3.0,2,,700,1,2,0,0,0,0,0,3,4,0,2,3,,N,,,,,,,,,,,
2008095684,1802,0,0,0,1,0,0,0,0,0,4,0,,67,7,2008,4,40.0201,-75.1378,1800.0,6,0,0,0,0,0,0,0,0,,0,0,0,18,4,1,1,,0,40 01:12.273,,0,75 08:16.069,4,0,0,0,67301,1,0,0,N,0,0,0,2,67301,1,,1,9,,N,N,,0,,0,0,1,3.0,3,,1800,1,2,0,0,0,0,0,3,4,0,1,7,,N,,,,,,,,,,,
2008095692,840,3,0,0,0,0,0,0,0,0,5,0,,67,8,2008,6,40.0598,-75.052,830.0,6,0,0,0,0,0,0,0,0,,0,0,0,8,1,1,0,,0,40 03:35.500,,0,75 03:07.000,4,0,0,0,67301,1,0,0,,0,0,0,2,67301,1,,1,1,,,,,0,,0,0,0,0.0,0,,830,1,3,0,0,0,0,0,3,4,0,3,3,,N,,,,,,,,,,,
2008095346,1703,2,0,0,0,0,0,0,0,0,4,0,,67,6,2008,5,40.0462,-75.1661,1659.0,6,0,0,0,0,0,0,0,0,,0,0,0,16,1,1,1,,0,40 02:46.472,,0,75 09:57.863,8,0,0,0,67301,0,0,0,N,0,0,0,1,67301,0,,1,1,,N,N,,0,,0,0,0,3.0,3,,1657,1,2,0,0,0,1,0,3,4,0,2,3,,N,,,,,,,,,,,
2008088276,848,2,0,0,0,0,0,0,0,0,6,0,,67,6,2008,2,39.9241,-75.2455,845.0,6,0,0,0,0,0,1,0,0,,0,0,0,8,1,1,0,,0,39 55:26.808,,0,75 14:43.720,4,0,0,0,67301,0,0,0,N,0,0,0,2,67301,1,,1,1,,N,N,,0,,0,0,0,0.0,0,,842,1,2,0,0,1,0,0,3,4,0,2,3,,N,,,,,,,,,,,
2008088309,2210,1,0,0,0,0,0,0,0,0,4,0,,67,5,2008,5,39.9004,-75.2495,210.0,6,0,0,0,0,0,0,0,0,2.0,0,0,0,2,3,2,0,,2,39 54:01.435,4.0,0,75 14:58.208,3,0,0,0,67301,0,0,0,N,0,0,0,2,67301,1,,1,1,,N,N,,0,,1,0,1,3.0,2,Y,210,2,2,0,0,0,0,0,3,4,0,2,3,,N,,,,,,,,,,,
2008080298,1636,2,0,0,0,0,0,0,0,0,4,0,,67,5,2008,2,40.0156,-75.0784,1635.0,6,0,0,0,0,0,0,0,0,9.0,0,0,0,16,1,1,1,,2,40 00:56.199,7.0,0,75 04:42.293,8,0,0,0,67301,0,0,0,,0,0,0,2,67301,0,,1,1,,,,,0,,0,0,1,3.0,3,Y,1633,1,3,0,0,0,1,0,3,4,0,3,3,,N,,,,,,,,,,,
2008087983,852,2,0,0,0,0,0,0,0,0,1,0,,67,6,2008,7,40.0772,-74.9986,850.0,6,0,0,0,0,0,1,0,0,,0,0,0,8,1,1,0,,0,40 04:37.891,,0,74 59:55.017,4,0,0,0,67301,0,0,0,,0,0,0,2,67301,1,,1,9,,N,N,,0,,0,0,0,0.0,0,,848,1,2,0,0,0,0,0,3,4,0,2,3,,N,,,,,,,,,,,
2008087985,1730,1,0,0,0,0,0,0,0,0,4,0,,67,6,2008,1,39.9524,-75.2079,1730.0,6,0,0,0,0,0,1,0,0,3.0,0,0,0,17,1,2,2,,2,39 57:08.492,3.0,0,75 12:28.270,8,0,0,0,67301,0,0,0,N,0,0,0,5,67301,0,,1,1,,N,N,,0,,0,0,1,0.0,0,Y,1722,2,2,0,0,0,2,0,3,4,0,2,3,,N,,,,,,,,,,,
2008097583,1248,1,0,0,0,0,0,0,0,0,2,0,,67,7,2008,7,39.9511,-75.1785,1246.0,6,0,0,0,0,0,0,0,0,,0,0,0,12,1,1,1,,0,39 57:03.998,,0,75 10:42.378,3,0,0,0,67301,0,0,0,N,0,0,0,4,67301,0,,1,1,,N,N,,0,,1,0,1,3.0,2,,1240,1,2,0,0,0,0,0,3,4,0,2,3,,N,,,,,,,,,,,
2008088034,230,1,0,0,0,0,0,0,0,0,1,0,,67,6,2008,6,39.9557,-75.203,230.0,6,0,0,0,0,0,0,0,0,,0,0,0,2,3,1,0,,0,39 57:20.601,,0,75 12:10.708,8,0,0,0,67301,0,0,0,N,0,0,0,1,67301,0,,2,1,,N,N,,0,,0,0,1,0.0,0,,230,1,2,0,0,1,1,0,3,4,0,2,3,,N,,,,,,,,,,,
2008088065,1037,2,0,0,0,0,0,0,0,0,1,0,,67,6,2008,3,40.0558,-75.1589,1035.0,6,0,0,0,0,0,1,0,0,,0,0,0,10,1,2,1,,0,40 03:20.765,,0,75 09:31.952,4,0,0,0,67301,0,0,0,N,0,0,0,3,67301,1,,1,1,,N,N,,0,,0,0,0,3.0,2,,1035,2,2,0,0,0,1,0,3,4,0,2,3,,N,,,,,,,,,,,
2008085706,1711,2,0,0,0,0,0,0,0,0,4,0,,67,7,2008,2,39.9919,-75.1749,1708.0,6,0,0,0,0,0,0,0,0,3.0,0,0,0,17,1,4,1,,2,39 59:30.771,7.0,0,75 10:29.794,3,0,0,0,67301,0,0,0,N,0,0,0,4,68K01,0,,1,1,,N,N,,0,,4,0,0,3.0,2,Y,1708,4,2,0,0,3,0,0,3,4,0,2,3,,N,,,,,,,,,,,
2008098002,351,1,0,0,0,0,0,0,0,0,7,0,,67,6,2008,2,40.0026,-75.0997,351.0,6,0,0,0,0,0,0,0,0,3.0,0,0,0,3,3,2,5,,2,40 00:09.273,6.0,0,75 05:59.020,3,0,0,0,67301,0,0,0,N,0,0,0,2,67301,0,,5,1,,N,N,,0,,2,0,0,3.0,2,Y,350,2,1,0,0,2,0,0,3,4,0,1,3,,N,,,,,,,,,,,
2008095563,1,2,0,0,0,0,0,0,0,0,4,0,,67,7,2008,6,39.9685,-75.1651,2342.0,6,0,0,0,0,0,0,0,0,,0,0,0,23,3,1,1,,0,39 58:06.567,,0,75 09:54.212,3,0,0,0,67301,0,0,0,,0,0,0,3,67301,0,,1,9,,,,,0,,1,0,0,3.0,3,,2340,1,2,0,0,0,0,0,3,4,0,2,7,,N,,,,,,,,,,,
2008095577,650,1,0,0,0,0,0,0,0,0,6,0,,67,6,2008,2,40.0316,-75.2078,640.0,6,0,0,0,0,0,1,0,0,,0,0,0,6,1,1,1,,0,40 01:53.675,,0,75 12:27.912,4,0,0,0,67301,0,0,0,N,0,0,0,4,67301,1,,1,1,,N,N,,1,,0,0,0,3.0,2,,640,1,2,0,0,0,0,0,3,4,0,2,3,,N,,,,,,,,,,,
2008098203,1828,1,0,0,0,0,0,0,0,0,6,0,,67,7,2008,4,39.9813,-75.1232,1824.0,6,0,0,0,0,0,1,0,0,,0,0,0,18,1,1,1,,0,39 58:52.842,,0,75 07:23.649,4,0,0,0,67301,0,0,0,N,0,0,0,4,67301,1,,1,1,,N,N,,0,,0,0,1,3.0,3,,1815,1,2,0,0,0,0,0,3,4,0,2,3,,N,,,,,,,,,,,
2008104879,1029,2,0,0,0,0,0,0,0,0,1,0,,67,9,2008,7,40.0061,-75.1936,1029.0,6,0,0,0,0,0,0,0,0,,0,0,0,10,1,1,0,,0,40 00:15.080,,2,75 11:40.005,4,0,0,0,67301,0,0,0,N,0,0,0,4,68K01,1,,1,1,,N,N,,0,,0,0,0,3.0,3,,1024,1,2,0,0,0,0,0,3,4,0,2,3,,N,,,,,,,,,,,
2008104885,244,0,0,0,0,0,0,0,0,0,0,0,,67,9,2008,4,39.9271,-75.1466,244.0,6,0,0,0,0,0,0,0,0,,0,0,0,2,3,1,0,,0,39 55:37.920,,0,75 08:47.400,3,0,0,1,67301,0,0,0,N,0,0,0,1,68K01,0,,1,1,,N,N,,0,,1,0,0,0.0,0,,240,1,1,0,0,0,0,0,3,4,0,1,3,,N,,,,,,,,,,,
2008110427,1155,1,0,0,0,0,0,0,0,0,1,0,,67,8,2008,1,39.9576,-75.1486,1154.0,6,0,0,0,0,0,0,0,0,2.0,0,0,0,11,1,6,0,,2,39 57:27.384,3.0,0,75 08:53.909,8,0,0,0,67301,0,0,0,N,0,0,0,8,68K01,0,,1,9,,N,N,,0,,0,0,0,0.0,0,N,1148,6,3,0,0,1,6,0,3,4,2,3,7,,N,,,,,,,,,,,
2008127362,2047,0,0,0,0,0,0,0,0,0,7,0,,67,11,2008,2,39.9159,-75.1475,2043.0,6,0,0,0,0,0,0,0,0,,0,0,0,20,1,0,0,,0,39 54:57.750,,0,75 08:51.088,0,0,0,0,67301,0,0,0,N,0,0,0,1,68K01,0,,2,1,,N,N,,0,,0,0,1,0.0,0,,2041,0,1,0,0,0,0,0,3,4,0,1,3,,N,,,,,,,,,,,
2008120926,1226,2,0,0,0,0,0,0,0,0,5,0,,67,10,2008,3,40.0475,-75.0918,1216.0,6,0,0,0,0,0,1,0,0,,0,0,0,12,1,1,0,,0,40 02:50.899,,0,75 05:30.621,8,0,0,0,67301,0,0,0,,0,0,0,2,67301,0,,1,1,,N,N,,0,,0,0,0,0.0,0,,1211,1,2,0,0,0,1,0,3,4,0,2,3,,N,,,,,,,,,,,
2008119490,1658,0,0,0,0,0,0,0,0,0,7,0,,67,9,2008,7,39.9605,-75.137,1641.0,6,0,0,0,0,0,1,0,0,,0,0,0,16,1,1,2,,0,39 57:36.625,,0,75 08:13.909,4,0,0,1,67301,0,0,0,N,0,0,0,1,67301,1,,5,1,,N,N,,0,,0,0,0,3.0,2,,1630,1,1,0,0,0,0,0,3,4,0,1,3,,N,,,,,,,,,,,
2009013702,1714,1,0,0,0,0,0,0,0,0,4,0,,67,12,2008,5,40.0584,-75.0525,1714.0,6,0,0,0,0,0,0,0,1,,0,0,0,16,1,1,0,,0,40 03:30.090,,0,75 03:09.085,8,0,0,0,67301,0,0,0,N,0,0,0,2,67301,0,,1,1,,N,N,,0,,0,0,0,0.0,0,,1629,1,2,0,0,0,1,0,3,4,1,2,3,,N,,,,,,,,,,,
2008098362,1729,1,0,0,0,0,0,0,0,0,4,0,,67,7,2008,6,40.0329,-75.0759,1721.0,6,0,0,0,0,0,0,0,0,,0,0,0,99,1,1,1,,0,40 01:58.504,,0,75 04:33.304,8,0,0,0,67301,0,0,0,N,0,0,0,2,67301,0,,1,1,,N,N,,0,,0,0,1,3.0,3,,9999,1,2,0,0,0,1,0,3,4,0,2,3,,N,,,,,,,,,,,
2008133295,1851,1,0,0,0,0,0,0,0,0,8,0,,67,11,2008,6,39.9984,-75.1048,1850.0,6,0,0,0,1,0,0,0,0,,0,0,0,18,3,1,0,,0,39 59:54.276,,0,75 06:17.246,8,0,0,0,67301,1,0,0,N,1,0,0,2,67301,0,,1,9,,N,N,,0,,0,0,0,0.0,0,,1848,1,2,0,0,0,1,0,3,4,0,1,7,,N,,,,,,,,,,,
2008133992,2210,3,0,0,0,0,0,0,0,0,2,0,,67,10,2008,7,39.9727,-75.2549,2210.0,6,0,0,0,0,0,0,0,0,,0,0,0,22,3,3,2,,0,39 58:21.687,,0,75 15:17.572,8,0,0,0,67301,0,0,0,,0,0,0,3,67301,0,,1,9,,N,N,,0,,0,0,0,0.0,0,,2210,3,3,0,0,3,3,0,3,4,0,3,7,,N,,,,,,,,,,,
2008119395,0,1,0,0,0,0,0,0,0,0,8,0,,67,7,2008,3,39.9309,-75.165,0.0,6,0,0,0,0,0,0,0,0,,0,0,0,19,1,1,0,,0,39 55:51.384,,0,75 09:54.082,3,0,0,0,67301,1,0,0,N,1,0,0,2,00000,0,,1,1,,N,N,,0,,1,0,0,0.0,0,,1930,1,2,0,0,0,0,0,3,4,0,1,3,,N,,,,,,,,,,,
2008133793,1615,0,0,0,1,0,0,1,0,0,5,1,,67,11,2008,4,39.9316,-75.1578,1610.0,6,0,0,0,0,0,1,0,0,,0,0,0,16,1,1,1,,0,39 55:53.828,,0,75 09:28.234,4,0,0,0,67301,1,0,0,N,0,0,0,2,67301,1,,1,9,,N,N,,0,,0,0,1,3.0,3,,1608,1,3,0,0,0,0,0,3,4,0,2,7,,N,,,,,,,,,,,
2008119174,1635,2,0,0,0,0,0,0,0,0,1,0,,67,9,2008,2,40.0322,-75.1461,1630.0,6,0,0,0,0,0,2,1,0,,0,0,0,15,1,3,0,,0,40 01:55.962,,0,75 08:46.029,4,0,0,0,67301,0,0,0,N,0,0,0,4,67301,3,,1,1,,N,N,,1,,0,0,0,0.0,0,,1545,3,3,0,0,0,0,0,3,4,0,3,3,,N,,,,,,,,,,,
2008119218,1731,1,0,0,0,0,0,0,0,0,4,0,,67,9,2008,7,39.9717,-75.1611,1729.0,6,0,0,1,0,0,0,0,0,1.0,0,0,0,17,1,2,1,,2,39 58:18.003,7.0,0,75 09:39.855,8,0,0,0,67301,0,0,0,N,0,0,0,3,67301,0,,1,9,,N,N,,0,,0,0,1,3.0,2,Y,1725,2,2,0,0,0,2,0,3,4,0,2,7,,N,,,,,,,,,,,
2008118965,1237,0,0,0,0,0,0,0,0,0,7,0,,67,9,2008,3,40.0686,-75.096,1230.0,6,0,0,0,0,0,1,0,0,,0,0,0,12,1,1,0,,0,40 04:06.873,,7,75 05:45.763,8,0,0,0,67301,0,0,0,N,0,0,0,1,67301,0,,4,9,,N,N,,1,,0,0,0,0.0,0,,1230,1,1,0,0,0,1,0,3,4,0,1,7,,N,,,,,,,,,,,
2008119339,0,0,0,0,0,0,0,0,0,0,4,1,,67,7,2008,5,39.9968,-75.1034,0.0,6,0,0,0,0,0,0,0,0,,0,0,0,10,1,0,1,,0,39 59:48.428,,0,75 06:12.178,9,0,0,0,67301,0,0,0,N,0,0,0,1,00000,0,,1,1,,N,N,,0,,0,0,1,0.0,0,,1000,0,2,0,0,0,0,1,3,4,0,2,3,,N,,,,,,,,,,,
2008118979,501,2,0,0,0,0,0,0,0,0,5,0,,67,10,2008,1,39.9261,-75.228,448.0,6,0,0,0,0,0,0,0,0,,0,0,0,4,2,2,1,,0,39 55:33.913,,0,75 13:40.681,8,0,0,0,67301,0,0,0,N,0,0,0,4,67301,0,,3,1,,N,N,,0,,0,0,0,3.0,2,,431,2,2,0,0,0,2,2,3,4,0,2,3,,N,,,,,,,,,,,
2008118989,1352,1,0,0,0,0,0,0,0,0,2,0,,67,9,2008,7,40.017,-75.1516,1350.0,6,0,0,0,0,1,0,1,0,,0,0,0,13,1,1,5,,0,40 01:01.148,,0,75 09:05.687,4,0,0,0,67301,0,0,0,N,0,0,0,2,67301,1,,1,9,,N,N,,0,,0,0,1,9.0,9,,1349,1,2,0,0,0,0,0,3,4,0,2,7,,N,,,,,,,,,,,
2008095722,1529,1,0,0,1,0,0,0,0,0,4,0,,67,8,2008,1,39.989,-75.1404,1524.0,6,0,0,0,0,0,0,0,0,,0,0,0,15,1,1,1,,0,39 59:20.223,,0,75 08:25.436,8,0,0,0,67301,1,0,0,N,0,0,0,2,67301,0,,1,1,,N,N,,0,,0,0,0,3.0,3,,1516,1,2,0,0,0,1,0,3,4,0,1,3,,N,,,,,,,,,,,
2008097885,1756,1,0,0,0,0,0,0,0,0,8,0,,67,7,2008,7,39.9344,-75.1692,1753.0,6,0,0,0,0,0,0,0,0,,0,0,0,17,1,1,0,,0,39 56:03.990,,0,75 10:09.234,4,0,0,0,67301,1,0,0,N,1,0,0,2,67301,1,,1,1,,N,N,,0,,0,0,0,0.0,0,,1724,1,2,0,0,0,0,0,3,4,0,1,3,,N,,,,,,,,,,,
2008095459,1100,1,0,0,0,0,0,0,0,0,3,0,,67,6,2008,4,39.9737,-75.2089,1057.0,6,0,0,0,0,0,0,0,0,,0,0,0,10,1,0,0,,0,39 58:25.209,,0,75 12:31.701,9,0,0,0,67301,0,0,0,N,0,0,0,4,67301,0,,6,1,,N,N,,0,,0,0,0,2.0,2,,1056,0,2,0,0,0,0,1,3,4,1,2,3,,N,,,,,,,,,,,
2008095539,1520,1,0,0,0,0,0,0,0,0,7,0,,67,6,2008,5,40.0705,-75.1552,1510.0,6,0,0,0,0,0,1,0,0,,0,0,0,15,1,1,2,,0,40 04:13.794,,0,75 09:18.678,4,0,0,0,67301,0,0,0,N,0,0,0,2,67301,1,,5,1,,N,N,,0,,0,0,0,3.0,3,,1500,1,1,0,0,0,0,0,3,4,0,1,3,,N,,,,,,,,,,,
2008090634,1635,2,0,0,0,0,0,0,0,0,1,0,,67,8,2008,5,39.8986,-75.1726,1632.0,6,0,0,0,0,0,0,0,0,2.0,0,0,0,16,1,0,0,,2,39 53:55.255,1.0,2,75 10:23.569,0,0,0,0,67301,0,0,0,N,0,0,0,3,68K01,0,,1,1,,N,N,,0,,0,0,0,0.0,0,Y,1628,0,2,0,0,0,0,0,3,4,0,2,3,,N,,,,,,,,,,,
2008097587,1728,2,0,0,0,0,0,0,0,0,4,0,,67,7,2008,5,39.8919,-75.2419,1725.0,6,0,0,0,0,0,0,0,0,2.0,0,0,0,16,1,0,1,,1,39 53:30.840,4.0,0,75 14:30.840,0,0,0,0,67301,0,0,0,Y,0,0,0,2,67301,0,,1,1,,N,N,,0,,0,0,0,3.0,2,Y,1616,0,2,0,0,0,0,0,3,4,0,2,3,,N,,,,,,,,,,,
2008088081,1815,1,0,0,0,0,0,0,0,0,1,0,,67,6,2008,5,39.973,-75.1821,1815.0,6,0,1,0,0,0,1,0,0,,0,0,0,18,1,1,2,,0,39 58:22.893,,0,75 10:55.678,4,0,0,1,67301,0,0,0,N,0,0,0,2,67301,1,,1,1,,N,N,,0,,0,0,0,3.0,2,,1815,1,2,0,0,0,0,0,3,4,0,2,3,,N,,,,,,,,,,,
2008075768,807,1,0,0,0,0,0,0,0,0,4,1,,67,6,2008,4,39.9384,-75.1977,751.0,6,0,0,0,0,0,0,0,0,1.0,0,1,0,7,1,1,0,,1,39 56:23.649,3.0,0,75 11:46.319,8,0,0,0,67301,0,0,0,N,0,0,0,2,68K01,0,,1,1,,N,N,,0,,0,0,0,0.0,0,N,748,1,2,0,0,0,1,0,3,4,0,2,3,,N,,,,,,,,,,,
2008098011,2130,0,0,0,1,0,0,0,0,0,4,0,,67,6,2008,6,39.9418,-75.2304,2121.0,6,0,0,0,0,0,0,0,0,1.0,0,0,0,21,3,1,2,,1,39 56:30.451,2.0,0,75 13:49.547,8,0,0,0,67301,1,0,0,N,0,0,0,2,67301,0,,1,9,,N,N,,0,,0,0,0,0.0,0,N,2121,1,2,0,0,0,1,0,3,4,1,1,3,,N,,,,,,,,,,,