CRN,ARRIVAL_TM,AUTOMOBILE_COUNT,BELTED_DEATH_COUNT,BELTED_SUSP_SERIOUS_INJ_COUNT,BICYCLE_COUNT,BICYCLE_DEATH_COUNT,BICYCLE_SUSP_SERIOUS_INJ_COUNT,BUS_COUNT,CHLDPAS_DEATH_COUNT,CHLDPAS_SUSP_SERIOUS_INJ_COUNT,COLLISION_TYPE,COMM_VEH_COUNT,CONS_ZONE_SPD_LIM,COUNTY,CRASH_MONTH,CRASH_YEAR,DAY_OF_WEEK,DEC_LAT,DEC_LONG,DISPATCH_TM,DISTRICT,DRIVER_COUNT_16YR,DRIVER_COUNT_17YR,DRIVER_COUNT_18YR,DRIVER_COUNT_19YR,DRIVER_COUNT_20YR,DRIVER_COUNT_50_64YR,DRIVER_COUNT_65_74YR,DRIVER_COUNT_75PLUS,EST_HRS_CLOSED,FATAL_COUNT,HEAVY_TRUCK_COUNT,HORSE_BUGGY_COUNT,HOUR_OF_DAY,ILLUMINATION,INJURY_COUNT,INTERSECT_TYPE,INTERSECTION_RELATED,LANE_CLOSED,LATITUDE,LN_CLOSE_DIR,LOCATION_TYPE,LONGITUDE,MAX_SEVERITY_LEVEL,MCYCLE_DEATH_COUNT,MCYCLE_SUSP_SERIOUS_INJ_COUNT,MOTORCYCLE_COUNT,MUNICIPALITY,NONMOTR_COUNT,NONMOTR_DEATH_COUNT,NONMOTR_SUSP_SERIOUS_INJ_COUNT,NTFY_HIWY_MAINT,PED_COUNT,PED_DEATH_COUNT,PED_SUSP_SERIOUS_INJ_COUNT,PERSON_COUNT,POLICE_AGCY,POSSIBLE_INJ_COUNT,RDWY_SURF_TYPE_CD,RELATION_TO_ROAD,ROAD_CONDITION,ROADWAY_CLEARED,SCH_BUS_IND,SCH_ZONE_IND,SECONDARY_CRASH,SMALL_TRUCK_COUNT,SPEC_JURIS_CD,SUSP_MINOR_INJ_COUNT,SUSP_SERIOUS_INJ_COUNT,SUV_COUNT,TCD_FUNC_CD,TCD_TYPE,TFC_DETOUR_IND,TIME_OF_DAY,TOT_INJ_COUNT,TOTAL_UNITS,UNB_DEATH_COUNT,UNB_SUSP_SERIOUS_INJ_COUNT,UNBELTED_OCC_COUNT,UNK_INJ_DEG_COUNT,UNK_INJ_PER_COUNT,URBAN_AREA,URBAN_RURAL,VAN_COUNT,VEHICLE_COUNT,WEATHER1,WEATHER2,WORK_ZONE_IND,WORK_ZONE_LOC,WORK_ZONE_TYPE,WORKERS_PRES,WZ_CLOSE_DETOUR,WZ_FLAGGER,WZ_LAW_OFFCR_IND,WZ_LN_CLOSURE,WZ_MOVING,WZ_OTHER,WZ_SHLDER_MDN,WZ_WORKERS_INJ_KILLED
2008100504,252,1,0,0,0,0,0,0,0,0,7,0,,67,7,2008,7,40.0197,-75.1488,245.0,6,0,0,0,0,0,0,0,0,3.0,0,0,0,2,3,1,0,,1,40 01:10.935,1.0,1,75 08:55.839,4,0,0,0,67301,0,0,0,Y,0,0,0,1,67301,1,,2,8,,,,,0,,0,0,0,0.0,0,Y,245,1,1,0,0,0,0,0,3,4,0,1,7,,N,,,,,,,,,,,
2008095564,854,2,0,0,0,0,0,0,0,0,1,0,,67,8,2008,6,40.0729,-75.0759,853.0,6,0,0,0,0,0,2,0,0,,0,0,0,8,1,1,1,,0,40 04:22.411,,0,75 04:33.193,4,0,0,0,67301,0,0,0,N,0,0,0,2,67301,1,,1,1,,N,N,,0,,0,0,0,3.0,2,,845,1,2,0,0,0,0,0,3,4,0,2,3,,N,,,,,,,,,,,
2008098182,1939,1,0,0,0,0,0,0,0,0,8,0,,67,7,2008,5,39.9513,-75.1991,1931.0,6,0,0,0,0,0,0,0,0,,0,0,0,18,1,1,2,,0,39 57:04.584,,0,75 11:56.878,4,0,0,0,67301,1,0,0,,1,0,0,2,67301,1,,1,1,,N,,,0,,0,0,0,3.0,2,,1810,1,2,0,0,0,0,0,3,4,0,1,3,,N,,,,,,,,,,,
2008098191,1525,1,0,0,0,0,0,0,0,0,4,0,,67,7,2008,7,40.0765,-75.0325,1525.0,6,0,0,0,0,0,1,0,0,1.0,0,0,0,15,1,3,8,,1,40 04:35.408,1.0,0,75 01:57.022,3,0,0,0,67301,0,0,0,N,0,0,0,3,67301,1,,1,1,,N,N,,1,,2,0,0,2.0,1,Y,1525,3,2,0,0,0,0,0,3,4,0,2,3,,N,,,,,,,,,,,
2008098221,9999,1,0,0,0,0,0,0,0,0,2,0,,67,6,2008,7,39.9928,-75.1451,9999.0,6,0,0,0,0,0,0,0,0,,0,0,0,99,1,2,5,,0,39 59:33.993,,0,75 08:42.460,8,0,0,0,67301,0,0,0,,0,0,0,3,67301,0,,1,9,,,,,1,,0,0,0,0.0,0,,9999,2,2,0,0,0,2,1,3,4,0,2,3,,N,,,,,,,,,,,
2008098284,2120,2,0,0,0,0,0,0,0,0,6,0,,67,6,2008,4,40.0292,-75.0551,2114.0,6,0,0,0,0,0,0,0,0,,0,0,0,20,3,1,1,,0,40 01:44.976,,0,75 03:18.280,4,0,0,0,67301,0,0,0,N,0,0,0,2,67301,1,,1,1,,N,N,,0,,0,0,0,3.0,3,,2014,1,2,0,0,0,0,1,3,4,0,2,3,,N,,,,,,,,,,,
2008098386,2015,2,0,0,0,0,0,0,0,0,6,0,,67,8,2008,6,39.8993,-75.1755,2011.0,6,0,0,0,0,1,0,0,0,,0,0,0,20,4,2,2,,0,39 53:57.571,,0,75 10:31.756,3,0,0,0,67301,0,0,0,N,0,0,0,2,67301,0,,1,1,,N,N,,0,,2,0,0,3.0,2,,2001,2,2,0,0,0,0,0,3,4,0,2,3,,N,,,,,,,,,,,
2008078919,2025,2,0,0,0,0,0,0,0,0,4,0,,67,5,2008,5,40.0418,-75.0747,2020.0,6,0,0,1,0,0,1,0,0,,0,0,0,20,3,2,0,,0,40 02:30.359,,0,75 04:29.051,3,0,0,0,67301,0,0,0,,0,0,0,2,67301,1,,1,1,,,,,0,,1,0,0,9.0,2,,2020,2,2,0,0,1,0,0,3,4,0,2,3,,N,,,,,,,,,,,
2008081495,2145,1,0,0,0,0,0,0,0,0,7,0,,67,5,2008,6,40.0136,-75.2046,2132.0,6,0,0,0,0,1,0,0,0,,0,0,0,21,3,0,7,,0,40 00:46.440,,2,75 12:16.200,0,0,0,0,67301,0,0,0,N,0,0,0,1,67301,0,,4,9,,N,N,,0,,0,0,0,0.0,0,,2130,0,1,0,0,0,0,0,3,4,0,1,7,,N,,,,,,,,,,,
2008107752,1740,0,0,0,1,0,0,0,0,0,5,0,,67,8,2008,7,39.9871,-75.1626,1736.0,6,0,0,0,0,0,1,0,0,,0,0,0,17,1,1,1,,0,39 59:13.650,,0,75 09:45.421,4,0,0,0,67301,1,0,0,,0,0,0,2,67301,1,,1,1,,N,N,,0,,0,0,0,9.0,2,,1736,1,2,0,0,0,0,0,3,4,1,1,3,,N,,,,,,,,,,,
2008070797,250,0,0,0,0,0,0,0,0,0,7,0,,67,4,2008,7,39.9185,-75.2082,255.0,6,0,0,0,0,0,0,0,0,,0,0,0,2,3,0,0,,0,39 55:07.862,,0,75 12:26.074,9,0,0,0,67301,0,0,0,,0,0,0,1,67301,0,,3,9,,N,N,,0,,0,0,1,0.0,0,,250,0,1,0,0,0,0,1,3,4,0,1,3,,N,,,,,,,,,,,
2008107994,1835,0,0,0,1,0,0,0,0,0,4,0,,67,8,2008,2,39.9612,-75.1466,1832.0,6,0,0,0,0,0,0,0,0,2.0,0,0,0,18,1,1,1,,1,39 57:40.044,1.0,0,75 08:47.803,3,0,0,0,67301,1,0,0,,0,0,0,2,67301,0,,1,1,,,,,1,,1,0,0,3.0,2,N,1831,1,2,0,0,0,0,0,3,4,0,1,3,,N,,,,,,,,,,,
2008111312,2320,0,0,0,0,0,0,0,0,0,7,0,,67,9,2008,6,40.0134,-75.2053,2315.0,6,0,0,0,0,0,0,0,0,1.0,0,0,0,23,3,0,0,,1,40 00:45.459,1.0,8,75 12:16.473,0,0,0,0,67301,0,0,0,N,0,0,0,1,67301,0,,2,9,,N,N,,0,,0,0,1,0.0,0,Y,2310,0,1,0,0,0,0,0,3,4,0,1,7,,N,,,,,,,,,,,
2008132448,1555,2,0,0,0,0,0,0,0,0,4,0,,67,11,2008,5,40.0093,-75.2049,1555.0,6,0,0,0,1,0,0,0,0,,0,0,0,15,1,0,0,,0,40 00:32.361,,0,75 12:15.270,0,0,0,0,67301,0,0,0,N,0,0,0,3,68K01,0,,1,1,,N,N,,0,,0,0,0,0.0,0,,1555,0,2,0,0,1,0,0,3,4,0,2,3,,N,,,,,,,,,,,
2008120640,115,1,0,0,0,0,0,0,0,0,7,0,,67,9,2008,3,40.0936,-74.9619,111.0,6,0,0,0,0,0,0,0,0,2.0,0,0,0,1,3,0,0,,2,40 05:36.997,2.0,0,74 57:42.826,0,0,0,0,67301,0,0,0,N,0,0,0,2,67301,0,,4,1,,N,N,,0,,0,0,0,0.0,0,N,108,0,1,0,0,0,0,0,3,4,0,1,3,,N,,,,,,,,,,,
2008110564,323,1,0,0,0,0,0,0,0,0,7,0,,67,10,2008,4,39.9956,-75.083,312.0,6,0,0,0,0,0,0,0,0,1.0,0,0,0,3,3,1,0,,2,39 59:44.670,1.0,0,75 04:58.680,4,0,0,0,67301,0,0,0,N,0,0,0,1,68K01,1,,2,9,,N,N,,0,,0,0,0,0.0,0,N,309,1,1,0,0,0,0,0,3,4,0,1,7,,N,,,,,,,,,,,
2009013724,2116,1,0,0,0,0,0,0,0,0,8,0,,67,12,2008,7,39.9514,-75.1686,2114.0,6,0,0,0,0,0,0,0,0,,0,0,0,99,3,1,2,,0,39 57:05.195,,0,75 10:06.920,8,0,0,0,67301,1,0,0,N,1,0,0,2,67301,0,,1,9,,N,N,,0,,0,0,0,3.0,2,,9999,1,2,0,0,0,1,0,3,4,0,1,10,,N,,,,,,,,,,,
2009000849,1745,1,0,0,0,0,0,0,0,0,4,0,,67,11,2008,6,39.9917,-75.1616,1740.0,6,0,0,0,0,0,0,0,0,9.0,0,0,0,17,3,2,1,,1,39 59:30.152,3.0,0,75 09:41.914,3,0,0,0,67301,0,0,0,,0,0,0,2,67301,0,,1,9,,N,N,,0,,2,0,1,3.0,2,N,1730,2,2,0,0,1,0,0,3,4,0,2,5,,N,,,,,,,,,,,
2009006472,519,2,0,0,0,0,0,0,0,0,1,0,,67,12,2008,1,40.0077,-75.2008,519.0,6,0,0,0,0,0,0,0,0,3.0,0,0,0,5,3,2,0,,1,40 00:26.156,4.0,0,75 11:58.882,8,0,0,0,67301,0,0,0,N,0,0,0,3,68K02,0,,2,2,,N,N,,0,,0,0,0,0.0,0,N,507,2,3,0,0,0,2,0,3,4,1,3,9,,N,,,,,,,,,,,
2009019643,323,1,0,0,0,0,0,0,0,0,7,0,,67,11,2008,7,39.9562,-75.183,321.0,6,0,0,0,1,0,0,0,0,,0,0,0,3,3,0,3,,0,39 57:22.401,,0,75 10:58.697,0,0,0,0,67301,0,0,0,,0,0,0,1,67301,0,,5,1,,N,N,,0,,0,0,0,3.0,2,,317,0,1,0,0,0,0,0,3,4,0,1,3,,N,,,,,,,,,,,
2009024724,2005,1,0,0,0,0,0,0,0,0,8,0,,67,11,2008,3,39.9778,-75.2134,2000.0,6,0,0,0,0,0,0,0,1,3.0,0,0,0,19,3,1,2,,1,39 58:40.054,2.0,0,75 12:48.645,3,0,0,0,67301,1,0,0,,1,0,0,2,67301,0,,1,9,,N,N,,0,,1,0,0,9.0,3,N,1958,1,2,0,0,0,0,0,3,4,0,1,7,,N,,,,,,,,,,,
2009012391,310,1,0,0,0,0,0,0,0,0,4,0,,67,11,2008,7,39.9592,-75.2311,215.0,6,0,0,0,0,0,0,0,0,,0,0,0,2,3,0,1,,0,39 57:33.176,,0,75 13:51.938,0,0,0,0,67301,0,0,0,N,0,0,0,4,67301,0,,1,1,,N,N,,1,,0,0,0,3.0,2,,210,0,2,0,0,0,0,0,3,4,0,2,3,,N,,,,,,,,,,,
2009002129,1405,0,0,0,0,0,0,0,0,0,7,1,,67,10,2008,3,40.112,-74.9905,1350.0,6,0,0,0,0,0,0,0,0,,0,1,0,99,1,0,2,,0,40 06:43.362,,7,74 59:25.779,0,0,0,0,67301,0,0,0,N,0,0,0,1,67301,0,,2,9,,N,N,,0,,0,0,0,3.0,2,,9999,0,1,0,0,0,0,0,3,4,0,1,7,,N,,,,,,,,,,,
2008044003,19,2,0,0,0,0,0,0,0,0,2,0,,67,2,2008,5,39.9574,-75.2293,15.0,6,0,0,0,0,1,0,0,0,,0,0,0,0,3,2,2,,0,39 57:26.000,,0,75 13:45.402,4,0,0,0,67301,0,0,0,N,0,0,0,2,67301,1,,1,9,,N,N,,0,,0,0,0,3.0,2,,14,2,2,0,0,0,1,0,3,4,0,2,7,,N,,,,,,,,,,,
2008044005,1655,3,0,0,0,0,0,1,0,0,1,1,,67,2,2008,3,,,1652.0,6,0,0,0,0,0,1,1,0,,0,0,0,99,1,1,0,,0,,,0,,3,0,0,0,67301,0,0,0,,0,0,0,7,67301,0,,1,2,,Y,N,,0,,1,0,1,0.0,0,,9999,1,6,0,0,0,0,1,3,3,1,6,9,,N,,,,,,,,,,,
2008044019,1000,1,0,0,0,0,0,0,0,0,8,0,,67,1,2008,5,39.951,-75.1654,955.0,6,0,0,0,0,0,0,0,0,,0,0,0,9,1,1,1,,0,39 57:03.000,,0,75 09:55.537,4,0,0,0,67301,1,0,0,N,1,0,0,2,67301,1,,1,1,,N,N,,0,,0,0,0,3.0,2,,951,1,2,0,0,0,0,0,3,4,0,1,3,,N,,,,,,,,,,,
2008041255,1829,0,0,0,0,0,0,0,0,0,7,0,,67,2,2008,6,39.906,-75.2357,1829.0,6,0,0,0,0,0,1,0,0,,0,0,0,18,3,1,0,,0,39 54:21.775,,0,75 14:08.509,3,0,0,0,67301,0,0,0,,0,0,0,1,67301,0,,5,9,,,,,1,,1,0,0,0.0,0,,1829,1,1,0,0,1,0,0,3,4,0,1,7,,N,,,,,,,,,,,
2008041264,1713,2,0,0,0,0,0,0,0,0,4,0,,67,2,2008,7,40.0088,-75.1664,1713.0,6,0,0,0,0,0,0,0,0,,0,0,0,17,1,1,1,,0,40 00:31.532,,0,75 09:58.942,8,0,0,0,67301,0,0,0,N,0,0,0,3,67301,0,,1,1,,N,N,,0,,0,0,0,3.0,3,,1705,1,2,0,0,0,1,0,3,4,0,2,3,,N,,,,,,,,,,,
2008041266,1411,1,0,0,0,0,0,0,0,0,7,0,,67,1,2008,5,40.0322,-75.1877,1410.0,6,0,0,0,0,0,0,0,0,,0,0,0,14,8,1,0,,0,40 01:55.758,,0,75 11:15.562,4,0,0,0,67301,0,0,0,,0,0,0,1,67301,1,,5,9,,,,,0,,0,0,0,0.0,0,,1410,1,1,0,0,0,0,0,3,4,0,1,10,,N,,,,,,,,,,,
2008044147,846,2,0,0,0,0,0,0,0,0,4,0,,67,1,2008,5,39.9736,-75.2099,835.0,6,0,0,0,0,0,1,0,0,,0,0,0,8,1,3,1,,0,39 58:24.000,,0,75 12:35.362,4,0,0,0,67301,0,0,0,N,0,0,0,3,67301,3,,1,1,,N,N,,0,,0,0,0,3.0,2,,835,3,2,0,0,0,0,0,3,4,0,2,3,,N,,,,,,,,,,,
2008108972,2217,3,0,0,0,0,0,0,0,0,1,0,,67,9,2008,4,40.0095,-75.1876,2209.0,6,0,0,0,0,0,0,1,0,1.0,0,0,0,22,3,2,0,,1,40 00:34.200,1.0,0,75 11:15.360,3,0,0,0,67301,0,0,0,,0,0,0,4,67301,0,,1,1,,,,,0,,1,0,0,0.0,0,N,2200,2,3,0,0,0,1,0,3,4,0,3,3,,N,,,,,,,,,,,
2008118535,742,1,0,0,0,0,0,0,0,0,1,0,,67,9,2008,3,39.9491,-75.1557,734.0,6,0,0,0,0,0,0,0,0,,0,0,0,7,1,1,1,,0,39 56:56.623,,0,75 09:20.444,4,0,0,1,67301,0,0,0,,0,0,0,2,67301,1,,1,1,,,,,0,,0,0,0,0.0,0,,725,1,2,0,0,0,0,1,3,4,0,2,3,,N,,,,,,,,,,,
2008118578,1151,3,0,0,0,0,0,0,0,0,4,0,,67,10,2008,2,40.0541,-75.1788,1149.0,6,0,0,0,0,0,0,0,0,2.0,0,0,0,11,1,0,0,,2,40 03:14.629,4.0,0,75 10:43.653,0,0,0,0,67301,0,0,0,N,0,0,0,1,67301,0,,6,1,,N,Y,,0,,0,0,0,0.0,0,Y,1145,0,3,0,0,1,0,0,3,4,0,3,3,,N,,,,,,,,,,,
2008108661,1130,2,0,0,0,0,0,0,0,0,5,0,,67,8,2008,7,39.9489,-75.1693,1129.0,6,0,0,0,0,0,0,0,0,,0,0,0,11,1,0,0,,0,39 56:56.173,,0,75 10:09.519,0,0,0,0,67301,0,0,0,,0,0,0,2,67301,0,,1,1,,,,,0,,0,0,0,0.0,0,,1129,0,2,0,0,2,0,0,3,4,0,2,3,,N,,,,,,,,,,,
2008118629,1320,0,0,0,0,0,0,0,0,0,8,0,,67,9,2008,5,40.0004,-75.1262,1315.0,6,0,0,0,0,0,0,0,0,,0,0,0,13,1,1,0,,0,40 00:01.393,,0,75 07:34.143,8,0,0,0,67301,1,0,0,N,1,0,0,2,67301,0,,1,1,,N,N,,0,,0,0,1,3.0,3,,1315,1,2,0,0,0,1,1,3,4,0,1,3,,N,,,,,,,,,,,
2008121111,1503,1,0,0,0,0,0,0,0,0,8,0,,67,10,2008,6,39.9284,-75.1554,1501.0,6,0,0,0,0,0,0,0,0,,0,0,0,15,1,1,0,,0,39 55:42.137,,0,75 09:19.331,8,0,0,0,67301,1,0,0,,1,0,0,2,67301,0,,2,1,,,,,0,,0,0,0,9.0,9,,1501,1,2,0,0,0,1,0,3,4,0,1,3,,N,,,,,,,,,,,
2008116424,1555,0,0,0,0,0,0,0,0,0,4,0,,67,8,2008,6,39.9301,-75.2192,1553.0,6,0,0,0,0,0,1,0,0,,1,0,0,15,1,0,1,,0,39 55:48.205,,0,75 13:08.982,1,1,0,1,67301,0,0,0,N,0,0,0,3,67301,0,2.0,1,1,,N,N,,1,0.0,0,0,0,3.0,2,,1545,0,2,0,0,0,0,0,3,4,0,2,3,,N,,,,,,,,,,,
2008099254,2030,1,0,0,1,0,0,0,0,0,4,0,,67,6,2008,6,40.0081,-75.0849,2020.0,6,0,0,0,0,0,1,0,0,,0,0,0,20,4,1,2,,0,40 00:28.321,,0,75 05:07.033,4,0,0,0,67301,1,0,0,N,0,0,0,2,67301,1,,1,9,,N,N,,0,,0,0,0,3.0,3,,2015,1,2,0,0,0,0,0,3,4,0,1,7,,N,,,,,,,,,,,
2008099265,745,2,0,0,0,0,0,0,0,0,4,0,,67,8,2008,7,39.9461,-75.1579,741.0,6,0,0,0,0,0,1,0,0,,0,0,0,6,1,0,1,,0,39 56:46.021,,0,75 09:28.421,0,0,0,0,67301,0,0,0,N,0,0,0,3,67301,0,,1,9,,N,N,,0,,0,0,0,3.0,2,,640,0,2,0,0,2,0,0,3,4,0,2,7,,N,,,,,,,,,,,
2008108576,1852,2,0,0,0,0,0,0,0,0,2,0,,67,8,2008,4,40.0212,-75.137,1848.0,6,0,0,0,0,1,0,0,0,,0,0,0,18,1,2,0,,0,40 01:16.172,,0,75 08:13.271,4,0,0,0,67301,0,0,0,N,0,0,0,2,67301,2,,1,1,,N,N,,1,,0,0,0,0.0,0,,1821,2,3,0,0,0,0,0,3,4,0,3,3,,N,,,,,,,,,,,
2008108581,216,1,0,0,0,0,0,0,0,0,1,0,,67,8,2008,1,39.9396,-75.1982,215.0,6,0,0,0,0,0,0,0,0,,0,0,0,2,3,2,1,,0,39 56:22.681,,0,75 11:53.378,4,0,0,0,67301,0,0,0,N,0,0,0,2,67301,2,,1,1,,N,N,,0,,0,0,1,3.0,2,,215,2,2,0,0,0,0,0,3,4,0,2,3,,N,,,,,,,,,,,
2008098619,2004,0,0,0,0,0,0,0,0,0,4,0,,67,6,2008,7,40.0524,-75.1577,2002.0,6,0,0,0,0,0,2,0,0,,0,0,0,20,1,1,1,,0,40 03:08.460,,0,75 09:27.889,4,0,0,0,67301,0,0,0,N,0,0,0,3,67301,1,,1,1,,N,N,,0,,0,0,1,3.0,2,,2002,1,2,0,0,0,0,0,3,4,1,2,3,,N,,,,,,,,,,,
2008121085,2359,1,0,0,0,0,0,0,0,0,7,0,,67,9,2008,6,39.9195,-75.2037,2355.0,6,0,0,0,0,0,0,0,0,,0,0,0,23,3,0,0,,0,39 00:10.180,,3,75 12:14.030,0,0,0,0,67301,0,0,0,N,0,0,0,1,67301,0,,3,1,,N,N,,0,,0,0,0,0.0,0,,2345,0,1,0,0,1,0,0,3,4,0,1,3,,N,,,,,,,,,,,
2008069515,1313,1,0,0,0,0,0,1,0,0,1,1,,67,4,2008,2,40.0287,-75.1177,1310.0,6,0,0,0,0,0,0,0,0,,0,0,0,13,1,1,1,,0,40 01:43.284,,0,75 07:03.795,8,0,0,0,67301,0,0,0,N,0,0,0,3,67301,0,,1,1,,N,N,,0,,0,0,0,3.0,2,,1300,1,2,0,0,0,1,0,3,4,0,2,3,,N,,,,,,,,,,,
2008082221,1712,2,0,0,0,0,0,0,0,0,6,0,,67,5,2008,3,39.9511,-75.2192,1712.0,6,0,0,0,0,0,0,0,0,,0,0,0,17,1,1,0,,0,39 57:03.920,,0,75 13:09.228,4,0,0,0,67301,0,0,0,N,0,0,0,1,67301,1,,1,9,,N,N,,0,,0,0,0,0.0,0,,1712,1,2,0,0,0,0,0,3,4,0,2,7,,N,,,,,,,,,,,
2008104442,1031,0,0,0,0,0,0,1,0,0,5,1,,67,6,2008,3,39.9487,-75.1589,1031.0,6,0,0,0,0,0,0,0,0,,0,0,0,10,1,1,1,,0,39 56:55.252,,0,75 09:32.048,8,0,0,0,67301,0,0,0,N,0,0,0,5,67301,0,,1,1,,N,N,,1,,0,0,0,0.0,0,,1025,1,2,0,0,0,1,0,3,4,0,2,3,,N,,,,,,,,,,,
2008079093,1645,1,0,0,0,0,0,0,0,0,8,0,,67,5,2008,3,40.0339,-75.1609,1637.0,6,0,0,0,0,0,0,0,0,,0,0,0,16,1,1,2,,0,40 02:02.004,,0,75 09:39.157,4,0,0,0,67301,1,0,0,N,1,0,0,2,67301,1,,1,1,,N,N,,0,,0,0,0,3.0,3,,1630,1,2,0,0,1,0,0,3,4,0,1,3,,N,,,,,,,,,,,
2008076160,1841,2,0,0,0,0,0,0,0,0,4,0,,67,6,2008,5,39.9458,-75.1423,1830.0,6,0,0,0,0,0,0,1,0,1.0,0,0,0,18,1,2,0,,2,39 56:45.220,1.0,0,75 08:32.143,4,0,0,0,67301,0,0,0,N,0,0,0,2,68K01,2,,1,1,,N,N,,0,,0,0,0,0.0,0,N,1829,2,2,0,0,0,0,0,3,4,0,2,3,,N,,,,,,,,,,,
2008089067,9999,0,0,0,0,0,0,0,0,0,8,0,,67,5,2008,6,,,9999.0,6,0,0,0,0,0,0,0,0,,0,0,0,14,1,1,1,,0,,,0,,8,0,0,0,67301,1,0,0,N,1,0,0,2,00000,0,,1,1,,N,N,,0,,0,0,0,9.0,9,,1430,1,2,0,0,0,1,0,3,3,0,1,99,,N,,,,,,,,,,,
2008079187,2120,1,0,0,0,0,0,0,0,0,8,0,,67,5,2008,7,39.9195,-75.243,2105.0,6,0,0,0,0,0,0,0,0,,0,0,0,99,2,1,1,,0,39 55:10.311,,0,75 14:34.799,3,0,0,0,67301,1,0,0,N,1,0,0,2,67301,0,,1,1,,N,N,,0,,1,0,0,2.0,2,,9999,1,2,0,0,0,0,1,3,4,0,1,3,,N,,,,,,,,,,,
2008098366,1830,1,0,0,0,0,0,0,0,0,4,0,,67,7,2008,1,40.0857,-75.2112,1830.0,6,0,0,0,0,0,1,0,0,,0,0,0,18,1,0,1,,0,40 08:20.760,,0,75 30:09.360,0,0,0,0,67301,0,0,0,N,0,0,0,4,67301,0,,1,1,,N,N,,1,,0,0,0,3.0,2,,1830,0,2,0,0,1,0,0,3,4,0,2,3,,N,,,,,,,,,,,
2008098464,2220,1,0,0,0,0,0,0,0,0,8,0,,67,7,2008,6,40.0437,-75.1366,2215.0,6,0,0,0,0,0,0,0,0,,0,0,0,22,3,1,0,,0,40 02:37.312,,0,75 08:11.763,4,0,0,0,67301,1,0,0,N,1,0,0,2,67301,1,,1,1,,N,N,,0,,0,0,0,0.0,0,,2212,1,2,0,0,1,0,0,3,4,0,1,3,,N,,,,,,,,,,,
2008098488,1002,2,0,0,0,0,0,0,0,0,2,0,,67,7,2008,6,39.9714,-75.1272,1000.0,6,0,0,1,0,0,0,0,0,,0,0,0,10,1,1,2,,0,39 58:17.412,,0,75 07:36.645,4,0,0,0,67301,0,0,0,,0,0,0,2,67301,1,,1,1,,,,,0,,0,0,0,2.0,2,,1000,1,2,0,0,0,0,0,3,4,0,2,3,,N,,,,,,,,,,,
2008096020,750,1,0,0,0,0,0,0,0,0,7,0,,67,7,2008,1,39.9992,-75.0843,737.0,6,0,0,0,0,0,0,0,0,2.0,0,0,0,7,1,0,0,,1,39 59:54.853,2.0,8,75 04:56.803,9,0,0,0,67301,0,0,0,N,0,0,0,1,68K01,0,,5,1,,N,N,,0,,0,0,0,0.0,0,N,734,0,1,0,0,0,0,1,3,4,0,1,3,,N,,,,,,,,,,,
2008078895,1804,1,0,0,0,0,0,0,0,0,8,0,,67,5,2008,1,39.9306,-75.1728,1801.0,6,0,0,0,0,0,1,0,0,,0,0,0,18,8,1,0,,0,39 55:50.224,,0,75 10:21.936,8,0,0,0,67301,1,0,0,,1,0,0,2,67301,0,,1,1,,,,,0,,0,0,0,0.0,0,,1800,1,2,0,0,0,1,0,3,4,0,1,98,,N,,,,,,,,,,,
2008116118,2123,1,0,0,0,0,0,0,0,0,0,1,,67,10,2008,1,39.88,-75.248,2124.0,6,0,0,0,0,0,1,0,0,2.0,0,1,0,21,3,1,0,,1,39 52:47.790,2.0,0,75 14:53.050,4,0,0,0,67301,0,0,0,N,0,0,0,2,68K01,1,,1,1,,N,N,,0,,0,0,0,0.0,0,N,2102,1,2,0,0,0,0,0,3,4,0,2,3,,N,,,,,,,,,,,
2008133282,1232,2,0,0,0,0,0,0,0,0,4,0,,67,10,2008,6,39.9556,-75.234,1228.0,6,0,0,0,0,0,1,0,0,2.0,0,0,0,12,1,1,1,,9,39 57:20.098,5.0,0,75 14:02.378,8,0,0,0,67301,0,0,0,N,0,0,0,2,67301,0,,1,1,,N,N,,0,,0,0,0,3.0,2,Y,1225,1,2,0,0,0,1,1,3,4,0,2,3,,N,,,,,,,,,,,
2008133299,825,0,0,0,0,0,0,0,0,0,8,0,,67,10,2008,6,39.9983,-75.1274,817.0,6,0,0,0,0,0,1,0,0,,0,0,0,8,1,1,1,,0,39 59:53.720,,0,75 07:38.508,4,0,0,0,67301,1,0,0,,1,0,0,2,67301,1,,1,1,,N,N,,1,,0,0,0,9.0,2,,800,1,2,0,0,0,0,0,3,4,0,1,3,,N,,,,,,,,,,,
2008124341,1149,1,0,0,0,0,0,0,0,0,7,0,,67,11,2008,4,40.0797,-75.2004,1147.0,6,0,0,0,0,0,0,0,1,1.0,0,0,0,11,1,0,1,,1,40 04:46.759,1.0,0,75 12:01.519,0,0,0,0,67301,0,0,0,N,0,0,0,1,46108,0,,5,1,,N,N,,0,,0,0,0,3.0,2,N,1147,0,1,0,0,0,0,0,3,4,0,1,3,,N,,,,,,,,,,,
2008123900,1724,2,0,0,0,0,0,0,0,0,1,0,,67,10,2008,6,39.9716,-75.1933,1717.0,6,0,0,0,0,0,1,0,0,1.0,0,0,0,17,1,2,7,,1,39 58:23.355,4.0,2,75 11:37.454,8,0,0,0,67301,0,0,0,N,0,0,0,12,68K01,0,,1,1,,N,N,,1,,0,0,0,0.0,0,N,1713,2,3,0,0,6,2,0,3,4,0,3,3,,N,,,,,,,,,,,