CRN,ARRIVAL_TM,AUTOMOBILE_COUNT,BELTED_DEATH_COUNT,BELTED_SUSP_SERIOUS_INJ_COUNT,BICYCLE_COUNT,BICYCLE_DEATH_COUNT,BICYCLE_SUSP_SERIOUS_INJ_COUNT,BUS_COUNT,CHLDPAS_DEATH_COUNT,CHLDPAS_SUSP_SERIOUS_INJ_COUNT,COLLISION_TYPE,COMM_VEH_COUNT,CONS_ZONE_SPD_LIM,COUNTY,CRASH_MONTH,CRASH_YEAR,DAY_OF_WEEK,DEC_LAT,DEC_LONG,DISPATCH_TM,DISTRICT,DRIVER_COUNT_16YR,DRIVER_COUNT_17YR,DRIVER_COUNT_18YR,DRIVER_COUNT_19YR,DRIVER_COUNT_20YR,DRIVER_COUNT_50_64YR,DRIVER_COUNT_65_74YR,DRIVER_COUNT_75PLUS,EST_HRS_CLOSED,FATAL_COUNT,HEAVY_TRUCK_COUNT,HORSE_BUGGY_COUNT,HOUR_OF_DAY,ILLUMINATION,INJURY_COUNT,INTERSECT_TYPE,INTERSECTION_RELATED,LANE_CLOSED,LATITUDE,LN_CLOSE_DIR,LOCATION_TYPE,LONGITUDE,MAX_SEVERITY_LEVEL,MCYCLE_DEATH_COUNT,MCYCLE_SUSP_SERIOUS_INJ_COUNT,MOTORCYCLE_COUNT,MUNICIPALITY,NONMOTR_COUNT,NONMOTR_DEATH_COUNT,NONMOTR_SUSP_SERIOUS_INJ_COUNT,NTFY_HIWY_MAINT,PED_COUNT,PED_DEATH_COUNT,PED_SUSP_SERIOUS_INJ_COUNT,PERSON_COUNT,POLICE_AGCY,POSSIBLE_INJ_COUNT,RDWY_SURF_TYPE_CD,RELATION_TO_ROAD,ROAD_CONDITION,ROADWAY_CLEARED,SCH_BUS_IND,SCH_ZONE_IND,SECONDARY_CRASH,SMALL_TRUCK_COUNT,SPEC_JURIS_CD,SUSP_MINOR_INJ_COUNT,SUSP_SERIOUS_INJ_COUNT,SUV_COUNT,TCD_FUNC_CD,TCD_TYPE,TFC_DETOUR_IND,TIME_OF_DAY,TOT_INJ_COUNT,TOTAL_UNITS,UNB_DEATH_COUNT,UNB_SUSP_SERIOUS_INJ_COUNT,UNBELTED_OCC_COUNT,UNK_INJ_DEG_COUNT,UNK_INJ_PER_COUNT,URBAN_AREA,URBAN_RURAL,VAN_COUNT,VEHICLE_COUNT,WEATHER1,WEATHER2,WORK_ZONE_IND,WORK_ZONE_LOC,WORK_ZONE_TYPE,WORKERS_PRES,WZ_CLOSE_DETOUR,WZ_FLAGGER,WZ_LAW_OFFCR_IND,WZ_LN_CLOSURE,WZ_MOVING,WZ_OTHER,WZ_SHLDER_MDN,WZ_WORKERS_INJ_KILLED
2008119387,0,0,0,0,0,0,0,0,0,0,0,0,,67,7,2008,3,39.9588,-75.1438,0.0,6,0,0,0,0,0,0,0,0,,0,0,0,21,6,1,0,,0,39 57:31.639,,0,75 08:37.786,4,0,0,1,67301,0,0,0,N,0,0,0,1,00000,1,,1,1,,N,N,,0,,0,0,0,0.0,0,,2130,1,1,0,0,0,0,0,3,4,0,1,3,,N,,,,,,,,,,,
2008134009,1513,2,0,0,0,0,0,0,0,0,1,0,,67,10,2008,3,39.9493,-75.1844,1513.0,6,0,0,0,0,0,0,0,0,1.0,0,0,0,15,1,3,6,,1,39 56:57.650,4.0,2,75 11:03.880,4,0,0,0,67301,0,0,0,N,0,0,0,4,67301,3,,1,1,,N,N,,0,,0,0,0,3.0,4,N,1513,3,4,0,0,0,0,0,3,4,2,4,3,,N,,,,,,,,,,,
2008134029,1041,1,0,0,0,0,0,0,0,0,4,0,,67,10,2008,4,40.0214,-75.0794,1039.0,6,0,0,0,0,0,0,0,0,3.0,1,0,0,10,1,1,1,,2,40 01:16.977,7.0,0,75 04:45.707,1,1,0,1,67301,0,0,0,N,0,0,0,3,67301,0,2.0,1,1,,N,N,,0,0.0,0,1,0,3.0,3,Y,1039,1,2,0,0,0,0,0,3,4,0,2,3,,N,,,,,,,,,,,
2008119210,320,2,0,0,0,0,0,0,0,0,4,0,,67,8,2008,1,40.0615,-75.1718,311.0,6,0,0,0,0,0,0,0,0,,0,0,0,3,3,3,0,,0,40 03:41.880,,0,75 10:18.210,3,0,0,0,67301,0,0,0,,0,0,0,4,67301,0,,1,1,,N,,,1,,3,0,0,0.0,0,,311,3,4,0,0,0,0,0,3,4,1,4,3,,N,,,,,,,,,,,
2008133598,1336,1,0,0,1,0,0,0,0,0,6,0,,67,10,2008,4,39.9358,-75.1521,1335.0,6,0,0,0,0,0,1,0,0,,0,0,0,13,1,1,0,,0,39 56:08.937,,0,75 09:07.617,4,0,0,0,67301,1,0,0,,0,0,0,2,67301,1,,1,1,,,,,0,,0,0,0,0.0,0,,1335,1,2,0,0,0,0,0,3,4,0,1,3,,N,,,,,,,,,,,
2008118988,1205,1,0,0,0,0,0,0,0,0,1,0,,67,9,2008,6,40.019,-75.1825,1201.0,6,0,0,0,0,0,0,0,0,,0,0,0,22,3,0,0,,0,40 01:08.302,,0,75 10:57.097,9,0,0,0,67301,0,0,0,N,0,0,0,1,67301,0,,6,9,,N,N,,0,,0,0,0,0.0,0,,2230,0,2,0,0,0,0,1,3,4,0,2,7,,N,,,,,,,,,,,
2008098680,850,1,0,0,0,0,0,0,0,0,1,0,,67,6,2008,4,40.1079,-75.0264,840.0,6,0,0,0,0,0,0,0,0,,0,0,0,8,1,1,3,,0,40 06:28.498,,0,75 01:35.132,4,0,0,0,67301,0,0,0,N,0,0,0,3,67301,1,,1,1,,N,N,,1,,0,0,0,3.0,2,,830,1,2,0,0,0,0,0,3,4,0,2,3,,N,,,,,,,,,,,
2008098949,712,2,0,0,0,0,0,0,0,0,4,0,,67,7,2008,4,39.9606,-75.1814,708.0,6,0,0,0,0,1,0,0,0,2.0,0,0,0,6,1,2,0,,1,39 57:41.040,4.0,0,75 10:55.200,3,0,0,0,67301,0,0,0,N,0,0,0,3,68K01,1,,1,1,,N,N,,0,,1,0,0,0.0,0,Y,656,2,2,0,0,1,0,0,3,4,0,2,3,,N,,,,,,,,,,,
2008071854,1357,2,0,0,0,0,0,0,0,0,4,0,,67,4,2008,4,40.0352,-75.1448,1353.0,6,0,0,0,0,0,1,1,0,,0,0,0,13,1,1,1,,0,40 02:06.568,,0,75 08:41.251,4,0,0,0,67301,0,0,0,N,0,0,0,2,67301,1,,1,1,,N,N,,0,,0,0,0,3.0,2,,1350,1,2,0,0,0,0,0,3,4,0,2,3,,N,,,,,,,,,,,
2008071923,1950,1,0,0,0,0,0,0,0,0,2,0,,67,4,2008,2,39.9444,-75.1631,1944.0,6,0,0,0,1,0,0,0,0,3.0,0,0,0,19,3,0,1,,1,39 56:39.850,1.0,0,75 09:47.285,0,0,0,0,67301,0,0,0,N,0,0,0,2,67301,0,,1,1,,N,N,,1,,0,0,0,3.0,2,Y,1941,0,2,0,0,0,0,0,3,4,0,2,3,,N,,,,,,,,,,,
2008120899,950,0,0,0,0,0,0,0,0,0,8,0,,67,10,2008,4,40.0288,-75.1068,935.0,6,0,0,0,0,0,0,0,0,,0,0,0,9,1,1,0,,0,40 01:43.514,,7,75 06:24.396,2,0,0,0,67301,1,0,1,N,1,0,1,2,67301,0,,5,1,,N,N,,0,,0,1,1,0.0,0,,935,1,2,0,0,0,0,0,3,4,0,1,3,,N,,,,,,,,,,,
2008082252,1654,0,0,0,0,0,0,0,0,0,8,0,,67,5,2008,6,39.956,-75.2176,1629.0,6,0,0,0,0,0,0,0,0,,0,0,0,16,1,1,1,,0,39 57:21.600,,0,75 13:03.360,4,0,0,0,67301,1,0,0,N,1,0,0,2,67301,1,,1,1,,N,N,,0,,0,0,0,3.0,2,,1620,1,2,0,0,0,0,0,3,4,1,1,3,,N,,,,,,,,,,,
2008081530,1015,1,0,0,0,0,0,0,0,0,4,0,,67,4,2008,2,39.9749,-75.2493,1009.0,6,0,0,0,0,0,0,0,0,,0,0,0,9,1,2,1,,0,39 58:29.708,,0,75 14:57.555,4,0,0,0,67301,0,0,0,N,0,0,0,3,67301,2,,1,1,,N,,,0,,0,0,1,3.0,3,,930,2,2,0,0,0,0,0,3,4,0,2,3,,N,,,,,,,,,,,
2008097431,724,1,0,0,1,0,0,0,0,0,4,0,,67,7,2008,5,40.0221,-75.0579,724.0,6,0,0,0,0,0,0,0,0,,0,0,0,7,1,1,2,,0,40 01:19.560,,0,75 03:28.616,4,0,0,0,67301,1,0,0,N,0,0,0,2,67301,1,,1,1,,N,N,,0,,0,0,0,0.0,0,,720,1,2,0,0,0,0,1,3,4,0,1,3,,N,,,,,,,,,,,
2008091399,633,0,0,0,0,0,0,0,0,0,1,1,,67,6,2008,2,39.9057,-75.1322,631.0,6,0,0,0,0,0,1,0,0,1.0,0,2,0,6,1,1,0,,2,39 54:20.553,3.0,0,75 07:56.052,4,0,0,0,67301,0,0,0,N,0,0,0,6,67501,1,,1,1,,N,N,,0,,0,0,0,3.0,8,N,630,1,2,0,0,3,0,0,3,4,0,2,3,,N,,,,,,,,,,,
2008108379,1345,2,0,0,0,0,0,0,0,0,1,0,,67,8,2008,5,39.9543,-75.224,1338.0,6,0,0,0,0,0,0,1,0,,0,0,0,13,1,0,1,,0,39 57:15.642,,0,75 13:26.511,9,0,0,0,67301,0,0,0,,0,0,0,6,67301,0,,1,1,,N,N,,0,,0,0,0,3.0,2,,1310,0,2,0,0,0,0,6,3,4,0,2,3,,N,,,,,,,,,,,
2008108385,445,2,0,0,0,0,0,0,0,0,1,0,,67,8,2008,2,39.9369,-75.1502,443.0,6,0,0,0,0,0,0,0,0,,0,0,0,4,3,0,0,,0,39 56:12.800,,0,75 09:00.748,0,0,0,0,67301,0,0,0,N,0,0,0,1,67301,0,,6,1,,N,N,,0,,0,0,0,0.0,0,,430,0,2,0,0,0,0,0,3,4,0,2,3,,N,,,,,,,,,,,
2008094904,1446,2,0,0,0,0,0,0,0,0,4,0,,67,6,2008,6,40.0464,-75.1507,1443.0,6,0,0,0,0,0,1,0,0,1.0,0,0,0,14,1,2,1,,1,40 02:46.885,5.0,0,75 09:02.527,3,0,0,0,67301,0,0,0,N,0,0,0,3,67301,1,,1,1,,N,N,,0,,1,0,0,3.0,2,N,1440,2,2,0,0,0,0,0,3,4,0,2,3,,N,,,,,,,,,,,
2008108398,1828,1,0,0,0,0,0,0,0,0,8,0,,67,8,2008,5,39.9356,-75.1505,1827.0,6,0,0,0,0,0,0,0,0,,0,0,0,18,1,1,0,,0,39 56:08.054,,0,75 09:01.893,4,0,0,0,67301,1,0,0,N,1,0,0,2,67301,1,,1,1,,N,N,,0,,0,0,0,0.0,0,,1827,1,2,0,0,0,0,0,3,4,0,1,3,,N,,,,,,,,,,,
2008098502,1715,1,0,0,0,0,0,0,0,0,8,0,,67,7,2008,3,39.9566,-75.2419,1712.0,6,0,0,0,0,0,0,0,0,,0,0,0,17,1,1,1,,0,39 57:23.616,,0,75 14:30.901,4,0,0,0,67301,1,0,0,,1,0,0,2,67301,1,,1,1,,N,N,,0,,0,0,0,3.0,2,,1700,1,2,0,0,0,0,1,3,4,0,1,3,,N,,,,,,,,,,,
2008078870,2025,2,0,0,0,0,0,0,0,0,4,0,,67,5,2008,2,40.0619,-75.1367,2021.0,6,0,0,0,0,0,0,0,0,,0,0,0,20,3,2,1,,0,40 03:42.682,,0,75 08:12.129,4,0,0,0,67301,0,0,0,N,0,0,0,5,46102,2,,1,1,,N,N,,0,,0,0,0,3.0,2,,2021,2,2,0,0,0,0,0,3,4,0,2,3,,N,,,,,,,,,,,
2008073985,755,1,0,0,0,0,0,0,0,0,4,0,,67,4,2008,2,40.0958,-74.9912,751.0,6,0,0,0,0,0,1,0,0,,0,0,0,7,1,2,0,,0,40 05:44.818,,0,74 59:28.417,8,0,0,0,67301,0,0,0,N,0,0,0,2,67301,0,,1,9,,N,N,,0,,0,0,1,0.0,0,,748,2,2,0,0,0,2,0,3,4,0,2,7,,N,,,,,,,,,,,
2008133982,1250,1,0,0,0,0,0,0,0,0,1,0,,67,10,2008,6,39.9735,-75.1589,1245.0,6,0,0,0,0,0,0,0,0,,0,0,0,12,1,1,0,,0,39 58:24.440,,0,75 09:32.167,3,0,0,0,67301,0,0,0,,0,0,0,2,67301,0,,1,1,,,,,1,,1,0,0,0.0,0,,1240,1,2,0,0,0,0,0,3,4,0,2,3,,N,,,,,,,,,,,
2008123753,1435,2,0,0,0,0,0,0,0,0,6,0,,67,10,2008,6,40.0627,-75.0553,1430.0,6,0,0,0,0,0,0,0,0,,0,0,0,14,1,1,1,,0,40 03:45.720,,0,75 03:19.080,8,0,0,0,67301,0,0,0,,0,0,0,3,67301,0,,1,1,,,,,0,,0,0,0,3.0,2,,1430,1,2,0,0,0,1,0,3,4,0,2,3,,N,,,,,,,,,,,
2008119188,1547,3,0,0,0,0,0,0,0,0,4,0,,67,9,2008,4,40.0124,-75.0876,1545.0,6,0,0,1,0,0,0,0,0,,0,0,0,15,1,0,1,,0,40 00:44.691,,0,75 05:15.453,0,0,0,0,67301,0,0,0,,0,0,0,4,67301,0,,1,1,,N,N,,0,,0,0,0,3.0,2,,1545,0,3,0,0,0,0,0,3,4,0,3,3,,N,,,,,,,,,,,
2008119215,1723,0,0,0,0,0,0,0,0,0,8,0,,67,8,2008,6,39.9498,-75.1675,1723.0,6,0,0,0,0,0,0,0,0,,0,0,0,13,1,1,2,,0,39 56:59.100,,0,75 10:03.072,3,0,0,0,67301,1,0,0,N,1,0,0,2,67301,0,,1,1,,N,N,,0,,1,0,0,3.0,2,,1340,1,2,0,0,0,0,1,3,4,1,1,3,,N,,,,,,,,,,,
2008133554,8,1,0,0,0,0,0,0,0,0,2,0,,67,10,2008,7,40.0361,-75.1238,8.0,6,0,0,0,1,0,0,0,0,,0,0,0,3,3,1,0,,0,40 02:09.938,,0,75 07:25.845,8,0,0,0,67301,0,0,0,N,0,0,0,1,67301,0,,6,1,,N,N,,0,,0,0,0,0.0,0,,334,1,2,0,0,1,1,0,3,4,1,2,3,,N,,,,,,,,,,,
2008119300,1739,1,0,0,0,0,0,0,0,0,1,0,,67,9,2008,6,39.9791,-75.1825,9999.0,6,0,0,0,0,0,0,0,0,1.0,0,0,0,17,1,0,0,,1,39 58:44.599,2.0,0,75 10:56.967,9,0,0,0,67301,0,0,0,N,0,0,0,4,67301,0,,1,9,,N,N,,0,,0,0,0,0.0,0,Y,1733,0,2,0,0,0,0,1,3,4,1,2,7,,N,,,,,,,,,,,
2008119322,1340,0,0,0,0,0,0,0,0,0,1,0,,67,9,2008,2,40.0613,-75.2362,1333.0,6,0,0,0,0,0,0,1,0,,0,0,0,13,1,0,0,,0,40 03:41.516,,0,75 14:11.296,0,0,0,0,67301,0,0,0,,0,0,0,2,67301,0,,1,1,,N,N,,0,,0,0,1,3.0,2,,1315,0,2,0,0,0,0,0,3,4,1,2,3,,N,,,,,,,,,,,
2008097849,1251,1,0,0,0,0,0,0,0,0,4,0,,67,7,2008,4,40.0351,-75.0709,1246.0,6,0,0,0,0,1,0,0,0,,0,0,0,99,1,0,5,,0,40 02:05.280,,0,75 04:15.960,0,0,0,0,67301,0,0,0,N,0,0,0,2,67301,0,,1,1,,N,N,,0,,0,0,1,3.0,2,,9999,0,2,0,0,0,0,0,3,4,0,2,3,,N,,,,,,,,,,,
2008095720,1240,0,0,0,1,0,0,0,0,0,6,0,,67,8,2008,7,40.0257,-75.1251,1231.0,6,0,0,0,0,0,0,0,0,,0,0,0,99,1,1,1,,0,40 01:32.275,,0,75 07:31.347,4,0,0,0,67301,1,0,0,N,0,0,0,2,67301,1,,1,1,,N,N,,0,,0,0,0,0.0,0,,9999,1,2,0,0,0,0,0,3,4,0,1,3,,N,,,,,,,,,,,
2008097852,142,2,0,0,0,0,0,0,0,0,5,0,,67,6,2008,7,40.0292,-75.1468,141.0,6,0,0,0,0,0,0,0,0,,0,0,0,1,3,2,0,,0,40 01:45.164,,0,75 08:48.394,4,0,0,0,67301,2,0,0,N,0,0,0,3,67301,2,,6,1,,N,N,,0,,0,0,1,0.0,0,,141,2,3,0,0,0,0,0,3,4,0,3,3,,N,,,,,,,,,,,
2008097974,1128,1,0,0,0,0,0,0,0,0,1,1,,67,8,2008,4,40.0818,-74.9944,1128.0,6,0,0,0,0,0,0,1,0,,0,1,0,11,1,2,2,,0,40 04:54.532,,0,74 59:39.727,4,0,0,0,67301,0,0,0,N,0,0,0,3,67301,2,,1,1,,N,N,,0,,0,0,0,3.0,2,,1123,2,2,0,0,0,0,0,3,4,0,2,3,,N,,,,,,,,,,,
2008095537,1317,1,0,0,0,0,0,0,0,0,7,0,,67,7,2008,6,39.9598,-75.1452,1317.0,6,0,0,0,0,0,0,1,0,,0,0,0,13,1,1,0,,0,39 57:35.291,,0,75 08:42.798,4,0,0,0,67301,0,0,0,N,0,0,0,1,67301,1,,5,1,,N,N,,0,,0,0,0,0.0,0,,1312,1,1,0,0,0,0,0,3,4,0,1,3,,N,,,,,,,,,,,
2008088434,2115,2,0,0,0,0,0,0,0,0,1,0,,67,6,2008,1,40.0437,-75.1895,2110.0,6,0,0,0,0,0,0,0,0,,0,0,0,21,3,1,0,,0,40 02:37.352,,0,75 11:22.243,8,0,0,0,67301,0,0,0,,0,0,0,1,67301,0,,6,1,,,,,0,,0,0,1,0.0,0,,2108,1,3,0,0,0,1,0,3,4,0,3,3,,N,,,,,,,,,,,
2008088239,217,1,0,0,0,0,0,0,0,0,8,0,,67,5,2008,7,39.9218,-75.2372,217.0,6,0,0,0,0,0,0,0,0,,0,0,0,2,3,1,1,,0,39 55:18.325,,0,75 14:14.006,3,0,0,0,67301,1,0,0,,1,0,0,2,67301,0,,1,1,,,,,0,,1,0,0,3.0,3,,217,1,2,0,0,1,0,0,3,4,0,1,3,,N,,,,,,,,,,,
2008097568,1035,3,0,0,0,0,0,0,0,0,1,0,,67,7,2008,6,39.9752,-75.1882,1030.0,6,0,0,0,1,0,1,0,0,,0,0,0,10,1,2,1,,0,39 58:30.585,,0,75 11:17.385,2,0,0,0,67301,0,0,0,,0,0,0,3,67301,0,,1,1,,,,,0,,0,2,0,3.0,2,,1030,2,3,0,0,0,0,1,3,4,0,3,3,,N,,,,,,,,,,,
2008087961,2031,0,0,0,0,0,0,0,0,0,4,0,,67,6,2008,5,39.9867,-75.1808,2031.0,6,0,0,0,0,0,0,0,0,,0,0,0,20,3,1,1,,0,39 59:12.106,,0,75 10:50.982,4,0,0,0,67301,0,0,0,N,0,0,0,2,67301,1,,1,1,,N,N,,0,,0,0,2,3.0,2,,2031,1,2,0,0,0,0,0,3,4,0,2,3,,N,,,,,,,,,,,
2008098283,1608,1,0,0,0,0,0,0,0,0,1,0,,67,7,2008,6,40.0101,-75.1363,1601.0,6,0,0,0,0,0,0,0,0,,0,0,0,15,1,1,0,,0,40 00:36.453,,0,75 08:10.526,4,0,0,0,67301,0,0,0,N,0,0,0,2,67301,1,,1,1,,N,N,,1,,0,0,0,0.0,0,,1530,1,2,0,0,0,0,0,3,4,0,2,3,,N,,,,,,,,,,,
2008098286,910,1,0,0,0,0,0,0,0,0,5,0,,67,6,2008,4,40.0082,-75.0717,857.0,6,0,0,0,0,0,1,0,0,2.0,0,0,0,8,1,1,2,,2,40 00:29.880,2.0,0,75 04:17.760,8,0,0,0,67301,0,0,0,N,0,0,0,2,67301,0,,1,1,,N,N,,1,,0,0,0,0.0,0,Y,857,1,2,0,0,0,1,0,3,4,0,2,3,,N,,,,,,,,,,,
2008104883,759,1,0,0,0,0,0,0,0,0,7,0,,67,9,2008,1,39.9761,-75.1955,756.0,6,0,0,0,0,0,0,0,0,1.0,0,0,0,7,1,0,0,,1,39 58:35.611,3.0,0,75 11:48.029,0,0,0,0,67301,0,0,0,N,0,0,0,2,68K01,0,,2,1,,N,N,,0,,0,0,0,0.0,0,N,753,0,1,0,0,0,0,0,3,4,0,1,3,,N,,,,,,,,,,,
2008070951,349,1,0,0,0,0,0,0,0,0,7,0,,67,6,2008,7,39.9597,-75.176,349.0,6,0,0,0,0,0,0,0,0,1.0,0,0,0,3,3,0,0,,1,39 57:35.661,3.0,0,75 10:40.984,0,0,0,0,67301,0,0,0,N,0,0,0,1,68K01,0,,2,1,,N,N,,0,,0,0,0,0.0,0,N,349,0,1,0,0,0,0,0,3,4,0,1,3,,N,,,,,,,,,,,
2008107900,2201,0,0,0,0,0,0,0,0,0,8,0,,67,8,2008,6,40.0577,-75.1847,2151.0,6,0,0,0,0,0,0,0,0,,0,0,0,21,3,1,0,,0,40 03:27.737,,0,75 11:04.980,3,0,0,0,67301,1,0,0,N,1,0,0,2,67301,0,,1,9,,N,N,,1,,1,0,0,0.0,0,,2149,1,2,0,0,0,0,0,3,4,0,1,7,,N,,,,,,,,,,,
2008107978,339,1,0,0,0,0,0,0,0,0,7,0,,67,8,2008,4,39.9402,-75.2013,335.0,6,0,0,0,0,0,0,0,0,,0,0,0,16,3,3,0,,0,39 56:24.977,,0,75 12:04.948,8,0,0,0,67301,0,0,0,N,0,0,0,3,67301,0,,1,1,,N,N,,0,,0,0,0,0.0,0,,1645,3,1,0,0,0,3,0,3,4,0,1,3,,N,,,,,,,,,,,
2008118524,220,2,0,0,0,0,0,0,0,0,4,0,,67,8,2008,7,39.9633,-75.1358,208.0,6,0,0,0,0,0,0,0,0,3.0,0,0,0,2,3,3,0,,1,39 57:47.876,2.0,0,75 08:08.958,4,0,0,0,67301,0,0,0,N,0,0,0,3,67301,3,,1,1,,N,N,,0,,0,0,0,0.0,0,N,208,3,2,0,0,1,0,0,3,4,0,2,3,,N,,,,,,,,,,,
2008118526,1413,1,0,0,0,0,0,0,0,0,8,0,,67,9,2008,5,40.0414,-75.0283,1409.0,6,0,0,0,0,0,0,0,0,,0,0,0,99,1,1,1,,0,40 02:28.908,,0,75 01:41.719,4,0,0,0,67301,1,0,0,N,1,0,0,3,67301,1,,1,9,,N,N,,0,,0,0,0,3.0,2,,9999,1,2,0,0,2,0,0,3,4,0,1,3,,N,,,,,,,,,,,
2008120816,1142,1,0,0,0,0,0,0,0,0,1,0,,67,9,2008,5,39.9241,-75.2455,1138.0,6,0,0,0,0,0,0,1,0,1.0,0,0,0,11,1,1,1,,1,39 55:26.683,1.0,0,75 14:43.799,8,0,0,0,67301,0,0,0,,0,0,0,3,67301,0,,1,1,,,,,0,,0,0,1,9.0,3,N,1137,1,2,0,0,0,1,0,3,4,0,2,3,,N,,,,,,,,,,,
2008120819,1238,2,0,0,0,0,0,0,0,0,1,0,,67,10,2008,7,39.9368,-75.1599,1236.0,6,0,0,0,0,0,0,0,0,1.0,0,0,0,12,1,3,1,,1,39 56:12.386,3.0,0,75 09:35.812,8,0,0,0,67301,0,0,0,N,0,0,0,5,67301,0,,1,1,,N,N,,0,,0,0,0,3.0,2,N,1236,3,2,0,0,0,3,0,3,4,0,2,3,,N,,,,,,,,,,,
2008120662,1540,0,0,0,0,0,0,0,0,0,0,0,,67,9,2008,3,39.9794,-75.2253,1535.0,6,0,0,0,0,0,1,0,0,,0,0,0,15,1,1,1,,0,39 58:45.887,,0,75 13:31.197,3,0,0,1,67301,0,0,0,N,0,0,0,1,67301,0,,1,2,,N,N,,0,,1,0,0,0.0,0,,1530,1,1,0,0,0,0,0,3,4,0,1,3,,N,,,,,,,,,,,
2008134043,1508,1,0,0,0,0,0,0,0,0,5,0,,67,10,2008,6,40.0182,-75.1704,1459.0,6,0,0,0,0,0,0,0,0,1.0,0,0,0,14,1,1,0,,2,40 01:05.345,4.0,0,75 10:13.581,3,0,0,0,67301,0,0,0,Y,0,0,0,3,67301,0,,1,1,,N,N,,0,,1,0,1,3.0,8,N,1454,1,2,0,0,0,0,0,3,4,0,2,3,,N,,,,,,,,,,,
2008118931,1145,3,0,0,0,0,0,0,0,0,1,0,,67,9,2008,7,39.9718,-75.212,1143.0,6,0,0,0,0,0,0,0,0,,0,0,0,11,1,0,0,,0,39 58:18.380,,0,75 12:43.021,0,0,0,0,67301,0,0,0,N,0,0,0,3,67301,0,,1,1,,N,N,,0,,0,0,0,0.0,0,,1140,0,4,0,0,0,0,0,3,4,1,4,3,,N,,,,,,,,,,,
2008118943,1645,1,0,0,0,0,0,0,0,0,8,0,,67,9,2008,2,40.0244,-75.1469,1640.0,6,0,0,0,0,0,0,0,0,,0,0,0,14,1,1,1,,0,40 01:27.922,,0,75 08:48.832,8,0,0,0,67301,1,0,0,N,1,0,0,2,67301,0,,1,1,,N,N,,0,,0,0,0,3.0,2,,1400,1,2,0,0,0,1,1,3,4,0,1,3,,N,,,,,,,,,,,
2008119290,1401,2,0,0,0,0,0,0,0,0,4,0,,67,9,2008,7,39.8993,-75.1748,1400.0,6,0,0,0,0,0,1,0,0,,0,0,0,14,1,2,2,,0,39 53:57.391,,0,75 10:29.308,3,0,0,0,67301,0,0,0,N,0,0,0,4,67301,0,,1,1,,N,N,,0,,1,0,0,3.0,2,,1400,2,2,0,0,0,1,0,3,4,0,2,3,,N,,,,,,,,,,,
2008133626,626,2,0,0,0,0,0,0,0,0,4,0,,67,11,2008,1,40.0248,-75.1495,620.0,6,0,0,0,0,0,0,0,0,3.0,0,0,0,5,5,1,1,,1,40 01:29.110,6.0,0,75 08:58.358,4,0,0,0,67301,0,0,0,N,0,0,0,2,67301,1,,1,1,,,N,,0,,0,0,0,3.0,2,Y,545,1,2,0,0,0,0,1,3,4,0,2,3,,N,,,,,,,,,,,
2008071622,1735,1,0,0,0,0,0,0,0,0,8,0,,67,4,2008,7,39.9397,-75.2201,729.0,6,0,0,0,0,0,0,0,0,1.0,0,0,0,17,1,1,0,,1,39 56:22.095,3.0,0,75 13:13.495,8,0,0,0,67301,1,0,0,,1,0,0,2,67301,0,,1,1,,,,,0,,0,0,0,0.0,0,Y,1729,1,2,0,0,0,1,0,3,4,0,1,3,,N,,,,,,,,,,,
2008071639,255,2,0,0,0,0,0,0,0,0,4,0,,67,4,2008,7,39.9299,-75.1444,253.0,6,0,0,0,0,0,0,0,0,,0,0,0,2,3,1,1,,0,39 55:47.802,,0,75 08:39.967,4,0,0,0,67301,0,0,0,,0,0,0,2,67301,1,,1,9,,N,N,,0,,0,0,0,3.0,2,,250,1,2,0,0,0,0,0,3,4,0,2,7,,N,,,,,,,,,,,
2008095685,2032,1,0,0,2,0,0,0,0,0,4,0,,67,6,2008,7,39.996,-75.1339,2032.0,6,0,0,0,0,0,0,0,0,1.0,0,0,0,20,3,1,1,,2,39 59:45.578,2.0,0,75 08:01.967,4,0,0,0,67301,2,0,0,N,0,0,0,3,67301,1,,1,9,,N,N,,0,,0,0,0,3.0,2,Y,2030,1,3,0,0,0,0,0,3,4,0,1,7,,N,,,,,,,,,,,
2008097886,1240,0,0,0,1,0,0,0,0,0,4,0,,67,7,2008,5,39.9463,-75.1783,1235.0,6,0,0,0,0,0,0,0,0,,0,0,0,12,1,1,0,,0,39 56:46.604,,0,75 10:41.962,4,0,0,0,67301,1,0,0,N,0,0,0,2,67301,1,,1,9,,N,N,,1,,0,0,0,3.0,2,,1230,1,2,0,0,0,0,0,3,4,0,1,3,,N,,,,,,,,,,,
2008077812,1019,2,0,0,0,0,0,0,0,0,1,0,35.0,67,6,2008,2,39.9536,-75.138,1018.0,6,0,0,0,0,0,3,0,0,,0,0,0,10,1,2,0,,0,39 57:12.874,,0,75 08:16.785,4,0,0,0,67301,0,0,0,N,0,0,0,3,67501,2,,1,1,,N,N,,0,,0,0,1,3.0,8,,1017,2,3,0,0,0,0,0,3,4,0,3,3,,Y,4.0,2.0,Y,,,N,,,,,