CRN,ARRIVAL_TM,AUTOMOBILE_COUNT,BELTED_DEATH_COUNT,BELTED_SUSP_SERIOUS_INJ_COUNT,BICYCLE_COUNT,BICYCLE_DEATH_COUNT,BICYCLE_SUSP_SERIOUS_INJ_COUNT,BUS_COUNT,CHLDPAS_DEATH_COUNT,CHLDPAS_SUSP_SERIOUS_INJ_COUNT,COLLISION_TYPE,COMM_VEH_COUNT,CONS_ZONE_SPD_LIM,COUNTY,CRASH_MONTH,CRASH_YEAR,DAY_OF_WEEK,DEC_LAT,DEC_LONG,DISPATCH_TM,DISTRICT,DRIVER_COUNT_16YR,DRIVER_COUNT_17YR,DRIVER_COUNT_18YR,DRIVER_COUNT_19YR,DRIVER_COUNT_20YR,DRIVER_COUNT_50_64YR,DRIVER_COUNT_65_74YR,DRIVER_COUNT_75PLUS,EST_HRS_CLOSED,FATAL_COUNT,HEAVY_TRUCK_COUNT,HORSE_BUGGY_COUNT,HOUR_OF_DAY,ILLUMINATION,INJURY_COUNT,INTERSECT_TYPE,INTERSECTION_RELATED,LANE_CLOSED,LATITUDE,LN_CLOSE_DIR,LOCATION_TYPE,LONGITUDE,MAX_SEVERITY_LEVEL,MCYCLE_DEATH_COUNT,MCYCLE_SUSP_SERIOUS_INJ_COUNT,MOTORCYCLE_COUNT,MUNICIPALITY,NONMOTR_COUNT,NONMOTR_DEATH_COUNT,NONMOTR_SUSP_SERIOUS_INJ_COUNT,NTFY_HIWY_MAINT,PED_COUNT,PED_DEATH_COUNT,PED_SUSP_SERIOUS_INJ_COUNT,PERSON_COUNT,POLICE_AGCY,POSSIBLE_INJ_COUNT,RDWY_SURF_TYPE_CD,RELATION_TO_ROAD,ROAD_CONDITION,ROADWAY_CLEARED,SCH_BUS_IND,SCH_ZONE_IND,SECONDARY_CRASH,SMALL_TRUCK_COUNT,SPEC_JURIS_CD,SUSP_MINOR_INJ_COUNT,SUSP_SERIOUS_INJ_COUNT,SUV_COUNT,TCD_FUNC_CD,TCD_TYPE,TFC_DETOUR_IND,TIME_OF_DAY,TOT_INJ_COUNT,TOTAL_UNITS,UNB_DEATH_COUNT,UNB_SUSP_SERIOUS_INJ_COUNT,UNBELTED_OCC_COUNT,UNK_INJ_DEG_COUNT,UNK_INJ_PER_COUNT,URBAN_AREA,URBAN_RURAL,VAN_COUNT,VEHICLE_COUNT,WEATHER1,WEATHER2,WORK_ZONE_IND,WORK_ZONE_LOC,WORK_ZONE_TYPE,WORKERS_PRES,WZ_CLOSE_DETOUR,WZ_FLAGGER,WZ_LAW_OFFCR_IND,WZ_LN_CLOSURE,WZ_MOVING,WZ_OTHER,WZ_SHLDER_MDN,WZ_WORKERS_INJ_KILLED
2008087989,1651,1,0,0,0,0,0,0,0,0,6,0,,67,6,2008,3,40.0368,-75.1603,1645.0,6,0,0,0,0,0,0,0,0,,0,0,0,16,1,1,0,,0,40 02:12.519,,0,75 09:37.101,8,0,0,0,67301,0,0,0,N,0,0,0,2,67301,0,,1,1,,N,N,,0,,0,0,0,3.0,2,,1625,1,2,0,0,0,1,1,3,4,1,2,3,,N,,,,,,,,,,,
2008088001,2205,2,0,0,0,0,0,0,0,0,1,0,,67,6,2008,1,40.0541,-75.004,2200.0,6,0,0,0,0,0,0,0,0,,0,0,0,19,3,0,0,,0,40 03:14.777,,0,75 00:14.594,0,0,0,0,67301,0,0,0,,0,0,0,1,67301,0,,6,1,,,,,0,,0,0,0,0.0,0,,1955,0,2,0,0,0,0,0,3,4,0,2,3,,N,,,,,,,,,,,
2008086024,2050,2,0,0,0,0,0,0,0,0,1,0,,67,7,2008,5,39.9749,-75.1984,2050.0,6,0,0,0,1,0,0,0,0,2.0,0,0,0,20,6,0,2,,1,39 58:28.920,3.0,2,75 11:54.240,0,0,0,0,67301,0,0,0,N,0,0,0,2,68K01,0,,1,1,,N,N,,0,,0,0,0,3.0,2,N,2043,0,2,0,0,0,0,0,3,4,0,2,3,,N,,,,,,,,,,,
2008088059,2020,1,0,0,0,0,0,0,0,0,8,0,,67,6,2008,7,40.0503,-75.152,2015.0,6,0,0,0,0,0,0,1,0,,0,0,0,20,1,1,1,,0,40 03:00.925,,0,75 09:07.124,3,0,0,0,67301,1,0,0,N,1,0,0,2,67301,0,,1,1,,N,N,,0,,1,0,0,3.0,3,,2011,1,2,0,0,0,0,0,3,4,0,1,3,,N,,,,,,,,,,,
2008083209,836,1,0,0,0,0,0,0,0,0,7,0,,67,5,2008,4,39.9346,-75.1992,9999.0,6,0,0,0,0,0,0,0,0,,0,0,0,8,1,0,0,,0,39 56:04.500,,0,75 11:57.086,0,0,0,0,67301,0,0,0,,0,0,0,1,67301,0,,5,1,,,,,0,,0,0,0,0.0,0,,824,0,1,0,0,0,0,0,3,4,0,1,3,,N,,,,,,,,,,,
2008083214,2052,1,0,0,0,0,0,0,0,0,1,0,,67,5,2008,2,40.0758,-75.0009,2050.0,6,0,0,0,0,0,1,0,0,1.0,0,1,0,20,3,1,2,,2,40 04:32.860,1.0,0,75 00:03.437,4,0,0,0,67301,0,0,0,N,0,0,0,5,67301,1,,1,1,,N,N,,0,,0,0,0,0.0,0,Y,2048,1,2,0,0,1,0,0,3,4,0,2,3,,N,,,,,,,,,,,
2008087864,415,0,0,0,0,0,0,0,0,0,7,0,,67,6,2008,7,40.0608,-75.1373,410.0,6,0,0,1,0,0,0,0,0,,0,0,0,4,3,3,0,,0,40 03:39.301,,0,75 08:14.203,4,0,0,0,67301,0,0,0,N,0,0,0,3,67301,3,,4,1,,N,N,,1,,0,0,0,0.0,0,,410,3,1,0,0,0,0,0,3,4,0,1,3,,N,,,,,,,,,,,
2008097995,1721,1,0,0,0,0,0,0,0,0,4,0,,67,7,2008,6,39.9688,-75.2007,1715.0,6,0,0,0,0,1,0,0,0,,0,0,0,17,1,2,1,,0,39 58:07.525,,0,75 12:02.487,2,0,0,0,67301,0,0,0,N,0,0,0,3,67301,0,,1,1,,N,N,,0,,0,2,0,3.0,3,,1705,2,2,0,0,0,0,0,3,4,0,2,3,,N,,,,,,,,,,,
2008098024,1934,2,0,0,0,0,0,0,0,0,2,0,,67,6,2008,7,40.0032,-75.2222,1930.0,6,0,0,0,0,0,0,0,0,,0,0,0,99,1,1,0,,0,40 00:12.240,,0,75 13:18.480,8,0,0,0,67301,0,0,0,N,0,0,0,2,67301,0,,1,1,,N,N,,0,,0,0,0,0.0,0,,9999,1,2,0,0,0,1,0,3,4,0,2,3,,N,,,,,,,,,,,
2008100571,2000,0,0,0,1,0,0,1,0,0,4,1,,67,8,2008,6,39.9556,-75.1575,1951.0,6,0,0,0,0,0,0,0,0,1.0,0,0,0,19,1,1,1,,1,39 57:20.134,3.0,0,75 09:26.942,8,0,0,0,67301,1,0,0,,0,0,0,2,67301,0,,1,1,,,,,0,,0,0,0,3.0,2,N,1945,1,2,0,0,0,1,0,3,4,0,1,3,,N,,,,,,,,,,,
2008098214,2030,2,0,0,0,0,0,0,0,0,1,0,,67,7,2008,3,39.9123,-75.243,1840.0,6,0,0,0,0,0,0,0,0,,0,0,0,99,1,1,0,,0,39 54:44.280,,0,75 14:34.800,4,0,0,0,67301,0,0,0,N,0,0,0,2,67301,1,,1,1,,N,N,,0,,0,0,0,3.0,2,,9999,1,2,0,0,0,0,0,3,4,0,2,3,,N,,,,,,,,,,,
2008098248,800,2,0,0,0,0,0,0,0,0,1,0,,67,7,2008,5,40.1019,-75.0397,757.0,6,0,0,0,0,0,0,0,0,,0,0,0,7,1,2,1,,0,40 06:06.840,,0,75 02:22.920,4,0,0,0,67301,0,0,0,,0,0,0,8,67301,2,,1,1,,N,N,,0,,0,0,2,3.0,2,,753,2,4,0,0,0,0,3,3,4,0,4,3,,N,,,,,,,,,,,
2008098249,1918,2,0,0,0,0,0,0,0,0,4,0,,67,7,2008,4,40.1186,-75.007,1911.0,6,0,0,0,0,0,1,0,0,,0,0,0,19,1,1,3,,0,40 07:06.945,,0,75 00:25.153,4,0,0,0,67301,0,0,0,N,0,0,0,2,67301,1,,1,9,,N,N,,0,,0,0,0,3.0,2,,1917,1,2,0,0,1,0,0,3,4,0,2,98,,N,,,,,,,,,,,
2008081458,9999,1,0,0,0,0,0,1,0,0,4,1,,67,5,2008,5,40.0643,-74.9864,9999.0,6,0,0,0,0,0,1,0,0,,0,0,0,99,1,5,0,,0,40 03:51.588,,0,74 59:10.921,4,0,0,0,67301,0,0,0,N,0,0,0,7,67301,5,,1,1,,Y,,,0,,0,0,0,0.0,0,,9999,5,2,0,0,0,0,0,3,4,0,2,3,,N,,,,,,,,,,,
2008081460,1331,1,0,0,0,0,0,0,0,0,4,0,,67,4,2008,4,39.9734,-75.2098,1330.0,6,0,0,1,0,0,0,0,1,,0,0,0,13,1,0,1,,0,39 58:24.435,,0,75 12:35.240,0,0,0,0,67301,0,0,0,N,0,0,0,4,67301,0,,1,1,,N,N,,0,,0,0,1,3.0,2,,1329,0,2,0,0,3,0,0,3,4,0,2,3,,N,,,,,,,,,,,
2008078966,1142,0,0,0,0,0,0,0,0,0,0,0,,67,4,2008,6,39.9726,-75.1642,1130.0,6,0,0,0,0,0,0,0,0,3.0,0,0,0,11,1,0,2,,1,39 58:21.511,2.0,0,75 09:50.961,0,0,0,0,67301,0,0,0,,0,0,0,1,67301,0,,1,9,,N,N,,1,,0,0,0,9.0,3,Y,1130,0,1,0,0,0,0,0,3,4,0,1,3,,N,,,,,,,,,,,
2008102044,143,1,0,0,0,0,0,0,0,0,7,0,,67,8,2008,7,39.9078,-75.1523,135.0,6,0,0,0,0,0,0,0,0,1.0,0,0,0,1,3,1,0,,1,39 54:25.390,1.0,2,75 08:58.060,8,0,0,0,67301,0,0,0,N,0,0,0,2,68K01,0,,3,1,,N,N,,0,,0,0,0,0.0,0,N,132,1,1,0,0,0,1,0,3,4,0,1,3,,N,,,,,,,,,,,
2008107754,1540,0,0,0,1,0,0,0,0,0,4,0,,67,8,2008,4,39.9415,-75.1778,1537.0,6,0,0,0,0,0,0,0,0,,0,0,0,15,1,1,1,,0,39 56:29.263,,0,75 10:39.964,3,0,0,0,67301,1,0,0,N,0,0,0,2,67301,0,,1,1,,N,N,,0,,1,0,0,3.0,2,,1536,1,2,0,0,0,0,0,3,4,1,1,3,,N,,,,,,,,,,,
2008107763,1543,1,0,0,0,0,0,0,0,0,8,0,,67,8,2008,3,39.9541,-75.2025,1541.0,6,0,0,0,0,0,1,0,0,,0,0,0,15,1,1,1,,0,39 57:14.818,,0,75 12:08.994,3,0,0,0,67301,1,0,0,N,1,0,0,2,67301,0,,1,1,,N,N,,0,,1,0,0,3.0,2,,1538,1,2,0,0,0,0,0,3,4,0,1,3,,N,,,,,,,,,,,
2008089664,114,0,0,0,0,0,0,0,0,0,1,0,,67,7,2008,1,39.9683,-75.1908,106.0,6,0,0,0,0,1,0,0,0,1.0,0,0,0,1,3,1,0,,1,39 58:11.280,4.0,0,75 11:32.640,8,0,0,1,67301,0,0,0,N,0,0,0,3,68K01,0,,1,1,,N,N,,0,,0,0,1,0.0,0,N,103,1,2,0,0,0,1,0,3,4,0,2,3,,N,,,,,,,,,,,
2008107893,2318,0,0,0,0,0,0,0,0,0,8,0,,67,8,2008,7,39.9924,-75.155,2316.0,6,0,0,0,0,0,0,0,0,,0,0,0,23,3,2,2,,0,39 59:32.478,,0,75 09:17.768,4,0,0,1,67301,1,0,0,,1,0,0,2,67301,1,,1,1,,,,,0,,0,0,0,0.0,0,,2316,2,2,0,0,0,1,0,3,4,0,1,3,,N,,,,,,,,,,,
2008099479,1035,1,0,0,0,0,0,0,0,0,8,0,,67,7,2008,2,40.0391,-75.1447,1030.0,6,0,0,0,0,0,0,0,0,,0,0,0,8,1,1,1,,0,40 02:20.570,,0,75 08:40.640,3,0,0,0,67301,1,0,0,,1,0,0,2,67301,0,,1,1,,,,,0,,1,0,0,3.0,2,,850,1,2,0,0,0,0,0,3,4,0,1,3,,N,,,,,,,,,,,
2008071116,1554,1,0,0,0,0,0,0,0,0,1,0,,67,6,2008,1,39.9459,-75.1897,1540.0,6,0,0,0,0,0,0,0,0,,0,0,0,15,1,0,0,,0,39 56:45.094,,0,75 11:22.828,9,0,0,0,67301,0,0,0,N,0,0,0,2,68K01,0,,1,1,,N,N,,0,,0,0,1,0.0,0,,1537,0,2,0,0,0,0,1,3,4,0,2,3,,N,,,,,,,,,,,
2008127361,758,2,0,0,0,0,0,0,0,0,1,0,,67,11,2008,2,40.011,-75.0621,755.0,6,0,0,0,0,0,0,0,0,,0,0,0,7,1,1,0,,0,40 00:39.441,,0,75 03:43.641,4,0,0,0,67301,0,0,0,N,0,0,0,2,68K01,1,,1,1,,N,N,,0,,0,0,0,0.0,0,,754,1,2,0,0,0,0,0,3,4,0,2,3,,N,,,,,,,,,,,
2008132400,839,1,0,0,0,0,0,0,0,0,1,0,,67,11,2008,5,39.9587,-75.1683,828.0,6,0,0,0,0,0,1,0,0,,0,0,0,8,1,0,0,,0,39 57:31.477,,0,75 10:07.431,0,0,0,0,67301,0,0,0,N,0,0,0,2,68K01,0,,1,1,,N,N,,0,,0,0,1,0.0,0,,823,0,2,0,0,0,0,0,3,4,0,2,3,,N,,,,,,,,,,,
2008120657,1630,1,0,0,0,0,0,0,0,0,8,0,,67,10,2008,6,39.932,-75.1608,1622.0,6,0,0,0,0,0,0,1,0,,0,0,0,16,1,1,0,,0,39 55:55.267,,0,75 09:38.940,3,0,0,0,67301,1,0,0,,1,0,0,2,67301,0,,1,1,,,,,0,,1,0,0,0.0,0,,1615,1,2,0,0,0,0,0,3,4,0,1,3,,N,,,,,,,,,,,
2009001115,235,1,0,0,0,0,0,0,0,0,7,0,,67,11,2008,1,39.9544,-75.1634,230.0,6,0,0,0,0,0,0,0,0,,0,0,0,2,3,1,0,,0,39 57:15.947,,0,75 09:48.125,3,0,0,0,67301,0,0,0,N,0,0,0,2,67301,0,,5,1,,N,N,,0,,1,0,0,0.0,0,,230,1,1,0,0,0,0,0,3,4,0,1,3,,N,,,,,,,,,,,
2009024735,1759,1,0,0,0,0,0,0,0,0,2,0,,67,12,2008,4,39.969,-75.231,1752.0,6,0,0,0,0,0,1,0,0,,0,0,0,17,3,1,2,,0,39 58:08.277,,0,75 13:51.607,8,0,0,0,67301,0,0,0,N,0,0,0,2,67301,0,,1,1,,N,N,,1,,0,0,0,0.0,0,,1750,1,2,0,0,0,1,0,3,4,0,2,3,,N,,,,,,,,,,,
2009024771,1918,2,0,0,0,0,0,0,0,0,1,0,,67,12,2008,6,39.914,-75.1794,1917.0,6,0,0,0,0,0,2,0,0,,0,0,0,19,3,1,1,,0,39 54:50.449,,0,75 10:45.925,4,0,0,0,67301,0,0,0,,0,0,0,4,67301,1,,1,9,,,,,0,,0,0,1,3.0,2,,1915,1,3,0,0,0,0,0,3,4,0,3,7,,N,,,,,,,,,,,
2009024799,2104,1,0,0,0,0,0,0,0,0,8,0,,67,12,2008,3,40.0358,-75.1784,2104.0,6,0,0,0,0,0,0,0,0,,0,0,0,17,4,1,0,,0,40 02:08.955,,7,75 10:42.258,4,0,0,0,67301,1,0,0,,1,0,0,2,67301,1,,2,9,,N,N,,0,,0,0,0,0.0,0,,1731,1,2,0,0,0,0,0,3,4,0,1,7,,N,,,,,,,,,,,
2009002015,1035,2,0,0,0,0,0,0,0,0,1,0,,67,11,2008,5,39.9179,-75.2242,1030.0,6,0,0,0,0,0,0,0,0,,0,0,0,99,1,1,3,,0,39 55:04.342,,0,75 13:27.274,8,0,0,0,67301,0,0,0,,0,0,0,2,67301,0,,1,9,,N,,,0,,0,0,0,3.0,3,,9999,1,2,0,0,0,1,0,3,4,0,2,7,,N,,,,,,,,,,,
2009004120,2007,1,0,0,0,0,0,1,0,0,4,1,,67,11,2008,1,39.952,-75.1614,2005.0,6,0,0,0,0,0,2,0,0,,0,0,0,20,1,1,1,,0,39 57:07.651,,0,75 09:41.128,8,0,0,0,67301,0,0,0,N,0,0,0,3,67301,0,,1,1,,N,N,,0,,0,0,0,3.0,2,,2000,1,2,0,0,1,1,0,3,4,0,2,3,,N,,,,,,,,,,,
2009000794,1731,1,0,0,0,0,0,0,0,0,4,0,,67,11,2008,4,39.9336,-75.1457,1730.0,6,0,0,0,0,0,0,0,0,,0,0,0,99,3,1,1,,0,39 56:00.960,,0,75 08:44.440,8,0,0,0,67301,0,0,0,N,0,0,0,2,67301,0,,1,1,,N,N,,1,,0,0,0,3.0,2,,9999,1,2,0,0,0,1,0,3,4,0,2,3,,N,,,,,,,,,,,
2008081532,1909,0,0,0,0,0,0,0,0,0,8,0,,67,4,2008,7,39.961,-75.2267,1902.0,6,0,0,0,0,0,1,0,0,,0,0,0,19,1,1,0,,0,39 57:39.697,,0,75 13:36.015,8,0,0,0,67301,1,0,0,,1,0,0,2,67301,0,,1,1,,,,,0,,0,0,0,0.0,0,,1901,1,2,0,0,0,1,0,3,4,1,1,3,,N,,,,,,,,,,,
2008097481,1520,1,0,0,0,0,0,0,0,0,8,0,,67,7,2008,4,40.0376,-75.0371,1517.0,6,0,0,0,0,0,0,0,0,,0,0,0,15,1,1,0,,0,40 02:15.534,,0,75 02:13.445,4,0,0,0,67301,1,0,0,N,1,0,0,2,67301,1,,1,9,,N,N,,0,,0,0,0,0.0,0,,1510,1,2,0,0,0,0,0,3,4,0,1,3,,N,,,,,,,,,,,
2008097550,236,2,0,0,0,0,0,0,0,0,4,0,,67,7,2008,1,39.9711,-75.1573,235.0,6,0,0,0,0,0,0,0,0,,0,0,0,2,3,4,1,,0,39 58:16.003,,0,75 09:26.127,3,0,0,0,67301,0,0,0,,0,0,0,4,67301,2,,2,1,,,,,0,,2,0,0,3.0,2,,233,4,2,0,0,0,0,0,3,4,0,2,7,,N,,,,,,,,,,,
2008076164,1449,1,0,0,0,0,0,0,0,0,1,0,,67,6,2008,1,39.9797,-75.2046,1449.0,6,0,0,0,0,0,1,0,0,,0,0,0,14,1,0,0,,0,39 58:49.488,,0,75 12:20.552,0,0,0,0,67301,0,0,0,N,0,0,0,3,68K01,0,,1,1,,N,N,,0,,0,0,1,0.0,0,,1448,0,2,0,0,0,0,0,3,4,0,2,3,,N,,,,,,,,,,,
2008108367,2330,2,0,0,0,0,0,0,0,0,1,0,,67,8,2008,3,39.9572,-75.1383,2324.0,6,0,0,0,0,0,0,0,0,,0,0,0,23,3,4,0,,0,39 57:25.218,,0,75 08:18.420,4,0,0,0,67301,0,0,0,N,0,0,0,5,67301,4,,1,1,,N,N,,0,,0,0,0,0.0,0,,2324,4,2,0,0,0,0,1,3,4,0,2,3,,N,,,,,,,,,,,
2008094818,1958,1,0,0,0,0,0,0,0,0,6,0,,67,6,2008,2,40.1171,-75.0065,1950.0,6,0,0,0,0,0,0,0,1,,0,0,0,13,1,1,0,,0,40 07:01.484,,0,75 00:23.302,4,0,0,0,67301,0,0,0,N,0,0,0,2,67301,1,,1,1,,N,N,,0,,0,0,0,3.0,2,,1330,1,2,0,0,0,0,1,3,4,0,2,3,,N,,,,,,,,,,,
2008094835,1402,0,0,0,1,0,0,0,0,0,5,0,,67,6,2008,3,39.9549,-75.1446,1356.0,6,0,0,0,0,0,0,0,0,,0,0,0,13,1,1,0,,0,39 57:17.773,,0,75 08:40.610,4,0,0,0,67301,1,0,0,N,0,0,0,2,67301,1,,1,1,,N,N,,1,,0,0,0,0.0,0,,1340,1,2,0,0,0,0,0,3,4,0,1,3,,N,,,,,,,,,,,
2008073937,1705,1,0,0,0,0,0,0,0,0,1,0,,67,6,2008,6,39.9248,-75.1473,1700.0,6,0,0,0,0,0,2,0,0,,0,1,0,16,1,0,0,,0,39 55:29.105,,0,75 08:50.265,0,0,0,0,67301,0,0,0,N,0,0,0,5,68K01,0,,1,1,,N,N,,1,,0,0,0,0.0,0,,1653,0,3,0,0,0,0,0,3,4,0,3,3,,N,,,,,,,,,,,
2008098367,1435,1,0,0,0,0,0,0,0,0,1,0,,67,7,2008,6,40.057,-75.1397,1428.0,6,0,0,0,0,0,0,0,0,,0,0,0,14,1,1,0,,0,40 03:25.050,,0,75 08:22.946,4,0,0,0,67301,0,0,0,N,0,0,0,2,67301,1,,1,1,,N,N,,0,,0,0,1,0.0,0,,1426,1,2,0,0,0,0,0,3,4,0,2,3,,N,,,,,,,,,,,
2008098400,1756,2,0,0,0,0,0,0,0,0,4,0,,67,8,2008,6,39.9867,-75.2076,1755.0,6,0,0,0,0,0,2,0,0,1.0,0,0,0,17,1,1,2,,9,39 59:12.209,3.0,2,75 12:27.247,3,0,0,0,67301,0,0,0,N,0,0,0,4,67301,0,,1,1,,N,N,,0,,1,0,0,3.0,3,N,1740,1,2,0,0,0,0,0,3,4,0,2,3,,N,,,,,,,,,,,
2008098408,1037,1,0,0,0,0,0,0,0,0,4,0,,67,7,2008,3,40.0475,-75.0919,1035.0,6,0,0,0,0,0,1,0,0,2.0,0,0,0,10,1,0,2,,2,40 02:50.956,7.0,0,75 05:30.725,0,0,0,0,67301,0,0,0,N,0,0,0,2,67301,0,,1,1,,N,N,,0,,0,0,1,3.0,2,Y,1030,0,2,0,0,0,0,0,3,4,0,2,3,,N,,,,,,,,,,,
2008098457,1255,3,0,0,0,0,0,0,0,0,2,0,,67,6,2008,7,40.0256,-75.1542,1254.0,6,0,0,0,0,1,0,0,0,,0,0,0,12,1,5,1,,0,40 01:32.257,,0,75 09:15.145,2,0,0,0,67301,0,0,0,N,0,0,0,5,67301,0,,1,1,,N,N,,0,,0,1,0,3.0,2,,1254,5,3,0,0,0,4,0,3,4,0,3,3,,N,,,,,,,,,,,
2008098489,2320,1,0,0,0,0,0,0,0,0,7,0,,67,7,2008,6,39.9697,-75.1416,2315.0,6,0,0,0,0,0,0,0,0,,0,0,0,23,3,0,1,,0,39 58:10.978,,0,75 08:29.403,0,0,0,0,67301,0,0,0,N,0,0,0,1,67301,0,,3,1,,N,N,,0,,0,0,0,3.0,2,,2315,0,1,0,0,0,0,0,3,4,0,1,3,,N,,,,,,,,,,,
2008133938,1154,1,0,0,0,0,0,0,0,0,1,2,,67,12,2008,5,39.9356,-75.1997,1154.0,6,0,0,0,0,0,1,0,0,2.0,0,2,0,11,1,0,0,,1,39 56:15.659,4.0,0,75 11:54.039,0,0,0,0,67301,0,0,0,N,0,0,0,3,68K01,0,,1,1,,N,N,,0,,0,0,0,0.0,0,Y,1152,0,3,0,0,0,0,0,3,4,0,3,3,,N,,,,,,,,,,,
2008119190,1441,1,0,0,0,0,0,0,0,0,4,0,,67,9,2008,6,39.9227,-75.2193,1435.0,6,0,0,0,0,0,0,0,0,,0,0,0,14,8,0,0,,0,39 55:21.676,,0,75 13:09.472,0,0,0,0,67301,0,0,0,N,0,0,0,1,67301,0,,5,9,,N,N,,0,,0,0,2,0.0,0,,1430,0,3,0,0,1,0,0,3,4,0,3,7,5.0,N,,,,,,,,,,,
2008119207,2100,1,0,0,0,0,0,0,0,0,8,0,,67,10,2008,3,39.9793,-75.1388,2055.0,6,0,0,0,0,0,0,0,0,,0,0,0,19,4,1,1,,0,39 58:45.609,,0,75 08:19.575,4,0,0,0,67301,1,0,0,N,1,0,0,2,67301,1,,1,1,,N,N,,0,,0,0,0,3.0,3,,1940,1,2,0,0,0,0,1,3,4,0,1,3,,N,,,,,,,,,,,
2008119288,1556,2,0,0,0,0,0,0,0,0,2,0,,67,9,2008,6,40.102,-75.0278,1554.0,6,0,0,0,0,0,0,0,0,,0,0,0,15,1,1,2,,0,40 06:07.304,,0,75 01:40.151,4,0,0,0,67301,0,0,0,N,0,0,0,3,67301,1,,1,9,,N,N,,0,,0,0,0,3.0,3,,1530,1,2,0,0,0,0,0,3,4,0,2,7,,N,,,,,,,,,,,
2008071597,1855,2,0,0,0,0,0,0,0,0,4,0,,67,5,2008,1,39.9339,-75.1473,1850.0,6,0,0,0,0,0,0,0,0,,0,0,0,18,1,1,1,,0,39 56:02.036,,0,75 08:50.171,4,0,0,0,67301,0,0,0,N,0,0,0,3,67301,1,,1,1,,N,N,,0,,0,0,0,3.0,2,,1850,1,2,0,0,3,0,0,3,4,0,2,3,,N,,,,,,,,,,,
2008071609,2033,0,0,0,0,0,0,0,0,0,7,0,,67,3,2008,1,39.9332,-75.1701,2028.0,6,0,0,0,0,0,0,0,0,,0,0,0,20,3,1,2,,0,39 55:59.570,,0,75 10:12.201,8,0,0,0,67301,0,0,0,N,0,0,0,1,67301,0,,5,1,,N,N,,0,,0,0,1,9.0,3,,2027,1,1,0,0,0,1,0,3,4,0,1,3,,N,,,,,,,,,,,
2008085206,1600,1,0,0,0,0,0,0,0,0,6,0,,67,5,2008,7,39.9723,-75.2488,1300.0,6,0,0,0,0,0,0,0,0,,0,0,0,15,1,1,1,,0,39 58:20.370,,0,75 14:55.738,4,0,0,0,67301,0,0,0,N,0,0,0,4,67301,1,,1,1,,N,N,,1,,0,0,1,3.0,2,,1559,1,3,0,0,0,0,0,3,4,0,3,3,,N,,,,,,,,,,,
2008085207,1522,0,0,0,0,0,0,1,0,0,8,1,,67,5,2008,3,39.9804,-75.1709,1518.0,6,0,0,0,0,0,0,0,0,3.0,0,0,0,15,1,11,2,,2,39 58:49.322,6.0,0,75 10:15.324,4,0,0,0,67301,1,0,0,,1,0,0,22,67301,1,,1,98,,,,,0,,0,0,0,3.0,2,Y,1510,11,2,0,0,0,10,1,3,4,0,1,3,,N,,,,,,,,,,,
2008097921,1615,0,0,0,1,0,0,0,0,0,4,0,,67,7,2008,4,39.9239,-75.1564,1600.0,6,0,0,0,0,0,0,0,0,,0,0,0,15,1,1,1,,0,39 55:25.986,,0,75 09:22.928,4,0,0,0,67301,1,0,0,N,0,0,0,2,67301,1,,1,1,,N,N,,1,,0,0,0,0.0,0,,1530,1,2,0,0,0,0,1,3,4,0,1,3,,N,,,,,,,,,,,
2008083338,1151,1,0,0,0,0,0,0,0,0,7,0,,67,5,2008,6,40.0246,-75.1306,1147.0,6,0,0,1,0,0,0,0,0,1.0,0,0,0,11,1,0,10,,2,40 01:28.560,1.0,0,75 07:50.160,0,0,0,0,67301,0,0,0,N,0,0,0,1,67301,0,,4,1,,N,N,,0,,0,0,0,0.0,0,N,1145,0,1,0,0,1,0,0,3,4,0,1,3,,N,,,,,,,,,,,
2008095350,2359,2,0,0,0,0,0,0,0,0,1,0,,67,8,2008,6,40.0862,-75.0545,2353.0,6,0,0,0,0,0,1,0,0,,0,0,0,23,3,1,0,,0,40 05:10.496,,0,75 03:16.167,8,0,0,0,67301,0,0,0,N,0,0,0,1,67301,0,,6,1,,N,N,,0,,0,0,0,3.0,3,,2351,1,2,0,0,0,1,0,3,4,0,2,3,,N,,,,,,,,,,,
2008097584,1834,2,0,0,0,0,0,0,0,0,4,0,,67,7,2008,7,39.9295,-75.2184,1832.0,6,0,0,0,0,0,0,1,0,,0,0,0,18,1,3,1,,0,39 55:45.887,,0,75 13:06.549,4,0,0,0,67301,0,0,0,N,0,0,0,5,67301,3,,1,1,,N,N,,0,,0,0,0,3.0,3,,1832,3,2,0,0,0,0,0,3,4,0,2,3,,N,,,,,,,,,,,
2008085705,1757,3,0,0,0,0,0,0,0,0,1,0,,67,7,2008,4,39.9678,-75.1305,1750.0,6,0,0,1,0,0,0,0,0,,0,0,0,17,1,0,0,,0,39 58:05.683,,0,75 07:45.941,9,0,0,0,67301,0,0,0,N,0,0,0,3,68K01,0,,1,1,,N,N,,0,,0,0,0,0.0,0,,1741,0,3,0,0,0,0,1,3,4,0,3,3,,N,,,,,,,,,,,
2008083267,1840,1,0,0,0,0,0,0,0,0,8,0,,67,5,2008,7,39.9554,-75.1559,1835.0,6,0,0,0,0,0,0,0,0,,0,0,0,18,1,1,1,,0,39 57:19.425,,0,75 09:21.185,4,0,0,0,67301,1,0,0,N,1,0,0,2,67301,1,,1,1,,N,N,,0,,0,0,0,3.0,2,,1800,1,2,0,0,0,0,0,3,4,0,1,3,,N,,,,,,,,,,,