CRN,ARRIVAL_TM,AUTOMOBILE_COUNT,BELTED_DEATH_COUNT,BELTED_SUSP_SERIOUS_INJ_COUNT,BICYCLE_COUNT,BICYCLE_DEATH_COUNT,BICYCLE_SUSP_SERIOUS_INJ_COUNT,BUS_COUNT,CHLDPAS_DEATH_COUNT,CHLDPAS_SUSP_SERIOUS_INJ_COUNT,COLLISION_TYPE,COMM_VEH_COUNT,CONS_ZONE_SPD_LIM,COUNTY,CRASH_MONTH,CRASH_YEAR,DAY_OF_WEEK,DEC_LAT,DEC_LONG,DISPATCH_TM,DISTRICT,DRIVER_COUNT_16YR,DRIVER_COUNT_17YR,DRIVER_COUNT_18YR,DRIVER_COUNT_19YR,DRIVER_COUNT_20YR,DRIVER_COUNT_50_64YR,DRIVER_COUNT_65_74YR,DRIVER_COUNT_75PLUS,EST_HRS_CLOSED,FATAL_COUNT,HEAVY_TRUCK_COUNT,HORSE_BUGGY_COUNT,HOUR_OF_DAY,ILLUMINATION,INJURY_COUNT,INTERSECT_TYPE,INTERSECTION_RELATED,LANE_CLOSED,LATITUDE,LN_CLOSE_DIR,LOCATION_TYPE,LONGITUDE,MAX_SEVERITY_LEVEL,MCYCLE_DEATH_COUNT,MCYCLE_SUSP_SERIOUS_INJ_COUNT,MOTORCYCLE_COUNT,MUNICIPALITY,NONMOTR_COUNT,NONMOTR_DEATH_COUNT,NONMOTR_SUSP_SERIOUS_INJ_COUNT,NTFY_HIWY_MAINT,PED_COUNT,PED_DEATH_COUNT,PED_SUSP_SERIOUS_INJ_COUNT,PERSON_COUNT,POLICE_AGCY,POSSIBLE_INJ_COUNT,RDWY_SURF_TYPE_CD,RELATION_TO_ROAD,ROAD_CONDITION,ROADWAY_CLEARED,SCH_BUS_IND,SCH_ZONE_IND,SECONDARY_CRASH,SMALL_TRUCK_COUNT,SPEC_JURIS_CD,SUSP_MINOR_INJ_COUNT,SUSP_SERIOUS_INJ_COUNT,SUV_COUNT,TCD_FUNC_CD,TCD_TYPE,TFC_DETOUR_IND,TIME_OF_DAY,TOT_INJ_COUNT,TOTAL_UNITS,UNB_DEATH_COUNT,UNB_SUSP_SERIOUS_INJ_COUNT,UNBELTED_OCC_COUNT,UNK_INJ_DEG_COUNT,UNK_INJ_PER_COUNT,URBAN_AREA,URBAN_RURAL,VAN_COUNT,VEHICLE_COUNT,WEATHER1,WEATHER2,WORK_ZONE_IND,WORK_ZONE_LOC,WORK_ZONE_TYPE,WORKERS_PRES,WZ_CLOSE_DETOUR,WZ_FLAGGER,WZ_LAW_OFFCR_IND,WZ_LN_CLOSURE,WZ_MOVING,WZ_OTHER,WZ_SHLDER_MDN,WZ_WORKERS_INJ_KILLED
2008087904,1410,2,0,0,0,0,0,0,0,0,4,0,,67,6,2008,2,39.9722,-75.2449,1402.0,6,0,0,0,0,1,0,0,0,,0,0,0,14,1,1,1,,0,39 58:19.897,,0,75 14:41.678,4,0,0,0,67301,0,0,0,N,0,0,0,4,67301,1,,1,1,,N,N,,0,,0,0,0,3.0,2,,1400,1,2,0,0,0,0,0,3,4,0,2,3,,N,,,,,,,,,,,
2008098028,1140,0,0,0,0,0,0,0,0,0,8,0,,67,7,2008,4,39.9728,-75.2194,1134.0,6,0,0,0,0,0,0,0,0,1.0,0,0,0,11,1,1,0,,1,39 58:22.108,4.0,0,75 13:09.949,8,0,0,0,67301,1,0,0,N,1,0,0,2,67301,0,,2,1,,N,N,,0,,0,0,1,0.0,0,N,1130,1,2,0,0,0,1,0,3,4,0,1,3,,N,,,,,,,,,,,
2008098175,2145,1,0,0,1,0,0,0,0,0,2,0,,67,7,2008,7,39.9484,-75.2092,2137.0,6,0,0,0,0,0,0,0,0,,0,0,0,21,3,1,0,,0,39 56:54.261,,0,75 12:33.360,4,0,0,0,67301,1,0,0,N,0,0,0,2,67301,1,,1,1,,N,N,,0,,0,0,0,0.0,0,,2133,1,2,0,0,0,0,0,3,4,0,1,3,,N,,,,,,,,,,,
2008098236,1904,2,0,0,0,0,0,0,0,0,1,0,,67,7,2008,3,39.9125,-75.243,1859.0,6,0,0,0,0,0,0,0,0,,0,0,0,18,1,2,2,,0,39 54:45.000,,0,75 14:34.800,3,0,0,0,67301,0,0,0,N,0,0,0,5,67301,0,,1,1,,N,N,,0,,1,0,0,2.0,2,,1828,2,3,0,0,0,1,0,3,4,0,3,3,,N,,,,,,,,,,,
2008089189,9999,1,0,0,0,0,0,0,0,0,4,0,,67,2,2008,7,,,9999.0,6,0,0,0,0,0,1,0,0,,0,0,0,10,1,1,3,,0,,,0,,3,0,0,0,67301,0,0,0,N,0,0,0,5,00000,0,,1,1,,N,N,,1,,1,0,0,0.0,0,,1000,1,2,0,0,0,0,1,3,3,0,2,3,,N,,,,,,,,,,,
2008089219,0,2,0,0,0,0,0,0,0,0,4,0,,67,5,2008,6,40.044,-75.1026,0.0,6,0,0,0,0,0,0,0,0,,0,0,0,99,1,1,1,,0,40 02:38.401,,7,75 06:09.538,4,0,0,0,67301,0,0,0,N,0,0,0,3,00000,1,,1,1,,N,N,,0,,0,0,0,3.0,2,,9999,1,2,0,0,0,0,1,3,4,0,2,3,,N,,,,,,,,,,,
2008098376,1834,2,0,0,0,0,0,0,0,0,4,0,,67,7,2008,4,41.4884,-79.6327,1830.0,6,0,0,0,0,0,1,0,0,,0,0,0,18,1,1,1,,0,41 29:18.240,,0,79 37:57.720,4,0,0,0,67301,0,0,0,N,0,0,0,2,67301,1,,1,9,,N,N,,0,,0,0,0,3.0,2,,1825,1,2,0,0,0,0,0,3,4,0,2,7,,N,,,,,,,,,,,
2008078916,755,0,0,0,0,0,0,0,0,0,1,0,,67,6,2008,3,40.0609,-74.984,755.0,6,0,0,0,0,0,0,0,0,,0,0,0,7,1,1,0,,0,40 03:39.276,,0,74 59:02.392,8,0,0,0,67301,0,0,0,N,0,0,0,1,67301,0,,1,1,,N,N,,0,,0,0,3,0.0,0,,755,1,3,0,0,0,1,0,3,4,0,3,3,,N,,,,,,,,,,,
2008081457,1605,2,0,0,0,0,0,0,0,0,4,0,,67,5,2008,7,39.9558,-75.1915,1603.0,6,0,0,0,0,1,1,0,0,,0,0,0,15,1,0,1,,0,39 57:20.967,,0,75 11:29.281,0,0,0,0,67301,0,0,0,N,0,0,0,3,67301,0,,1,1,,N,N,,0,,0,0,0,3.0,2,,1535,0,2,0,0,0,0,0,3,4,0,2,3,,N,,,,,,,,,,,
2008108012,1013,0,0,0,0,0,0,1,0,0,8,1,,67,9,2008,3,39.9521,-75.1614,1008.0,6,0,0,0,0,0,0,0,0,,0,0,0,10,1,1,1,,0,39 57:07.651,,0,75 09:41.128,3,0,0,0,67301,1,0,0,N,1,0,0,2,67301,0,,1,1,,N,N,,0,,1,0,0,3.0,2,,1000,1,2,0,0,0,0,0,3,4,0,1,3,,N,,,,,,,,,,,
2008102035,21,2,0,0,0,0,0,0,0,0,5,0,,67,8,2008,6,39.9957,-75.1974,2357.0,6,0,0,0,0,0,0,0,0,1.0,0,0,0,23,3,2,0,,1,39 59:50.130,4.0,0,75 11:46.470,3,0,0,0,67301,0,0,0,N,0,0,0,3,68K01,1,,1,1,,N,N,,0,,1,0,0,0.0,0,N,2350,2,2,0,0,0,0,1,3,4,0,2,3,,N,,,,,,,,,,,
2008070822,955,5,0,0,0,0,0,0,0,0,4,0,,67,4,2008,1,40.0228,-75.0702,955.0,6,0,0,0,0,0,1,0,0,,0,0,0,9,1,0,2,,0,40 01:21.921,,99,75 04:12.734,9,0,0,0,67301,0,0,0,N,0,0,0,2,67301,0,,2,9,,N,N,,0,,0,0,0,9.0,8,,955,0,5,0,0,0,0,2,3,4,0,5,7,,N,,,,,,,,,,,
2008096928,212,0,0,0,0,0,0,0,0,0,1,1,,67,6,2008,7,40.1012,-74.9977,211.0,6,0,0,0,0,1,0,0,0,3.0,0,1,0,2,3,1,0,,2,40 06:04.341,3.0,0,74 59:51.824,8,0,0,0,67301,0,0,0,,0,0,0,1,67301,0,,2,1,,N,N,,1,,0,0,0,0.0,0,Y,210,1,2,0,0,0,1,0,3,4,0,2,3,,N,,,,,,,,,,,
2008104864,1901,0,0,0,0,0,0,0,0,0,7,0,,67,8,2008,7,39.9612,-75.1405,1900.0,6,0,0,0,0,0,0,0,0,,0,0,0,18,1,1,0,,0,39 57:26.810,,2,75 08:31.047,2,0,1,1,67301,0,0,0,N,0,0,0,1,68K01,0,,4,1,,N,N,,0,,0,1,0,0.0,0,,1857,1,1,0,0,0,0,0,3,4,0,1,3,,N,,,,,,,,,,,
2008110447,1610,1,0,0,0,0,0,0,0,0,7,0,,67,10,2008,2,39.9781,-75.2019,1604.0,6,0,0,0,0,0,0,0,0,1.0,0,0,0,16,1,1,0,,1,39 58:43.991,4.0,0,75 12:11.289,4,0,0,0,67301,0,0,0,N,0,0,0,2,68K01,1,,3,1,,N,N,,0,,0,0,0,0.0,0,N,1601,1,1,0,0,0,0,0,3,4,0,1,3,,N,,,,,,,,,,,
2008116133,748,2,0,0,0,0,0,0,0,0,7,0,,67,10,2008,5,39.8846,-75.2442,735.0,6,0,0,0,0,0,0,0,0,1.0,0,0,0,7,1,3,0,,1,39 53:04.460,2.0,0,75 14:39.010,3,0,0,0,67301,0,0,0,Y,0,0,0,4,68K01,2,,2,1,,N,N,,0,,1,0,1,0.0,0,N,733,3,3,0,0,1,0,0,3,4,0,3,3,,N,,,,,,,,,,,
2008071389,1822,1,0,0,0,0,0,0,0,0,5,0,,67,6,2008,7,40.0362,-75.0162,1808.0,6,0,0,0,0,0,0,0,0,,0,0,0,18,1,0,0,,0,40 02:10.993,,0,75 00:56.965,9,0,0,0,67301,0,0,0,N,0,0,0,4,68K01,0,,1,1,,N,N,,0,,0,0,0,0.0,0,,1805,0,3,0,0,0,0,1,3,4,1,3,3,,N,,,,,,,,,,,
2008094812,135,1,0,0,0,0,0,0,0,0,8,0,,67,7,2008,4,40.0475,-75.1581,130.0,6,0,0,0,0,0,0,0,0,,0,0,0,1,3,1,1,,0,40 02:50.830,,0,75 09:29.087,4,0,0,0,67301,1,0,0,N,1,0,0,2,67301,1,,1,9,,N,N,,0,,0,0,0,3.0,2,,127,1,2,0,0,0,0,0,3,4,0,1,7,,N,,,,,,,,,,,
2008094831,1530,1,0,0,1,0,0,0,0,0,4,0,,67,7,2008,7,39.9239,-75.1855,1530.0,6,0,0,0,0,0,0,0,0,,0,0,0,15,1,1,1,,0,39 55:25.914,,0,75 11:07.915,4,0,0,0,67301,1,0,0,,0,0,0,2,67301,1,,1,1,,,,,0,,0,0,0,0.0,0,,1527,1,2,0,0,0,0,0,3,4,0,1,3,,N,,,,,,,,,,,
2008079214,2155,2,0,0,0,0,0,0,0,0,1,0,,67,5,2008,5,40.0168,-75.0836,2150.0,6,0,0,0,0,0,0,0,0,,0,0,0,21,3,1,1,,0,40 01:00.430,,0,75 05:00.995,8,0,0,0,67301,0,0,0,N,0,0,0,3,67301,0,,1,1,,N,N,,1,,0,0,0,0.0,0,,2150,1,3,0,0,0,1,1,3,4,0,3,3,,N,,,,,,,,,,,
2008103104,1541,0,0,0,0,0,0,1,0,0,1,1,,67,8,2008,6,40.0051,-75.1804,1536.0,6,0,0,0,0,0,1,0,0,2.0,0,0,0,15,1,1,2,,1,40 00:18.523,3.0,0,75 10:49.541,8,0,0,0,67301,0,0,0,,0,0,0,3,67301,0,,1,1,,N,N,,1,,0,0,0,0.0,0,N,1534,1,2,0,0,0,1,0,3,4,0,2,3,,N,,,,,,,,,,,
2008098420,146,2,0,0,0,0,0,0,0,0,1,0,,67,6,2008,3,40.0504,-75.0658,143.0,6,0,0,0,0,0,1,0,0,2.0,0,0,0,1,3,1,0,,2,40 03:01.548,1.0,0,75 03:56.883,4,0,0,0,67301,0,0,0,N,0,0,0,2,67301,1,,1,1,,N,N,,0,,0,0,0,0.0,0,Y,135,1,2,0,0,0,0,1,3,4,0,2,3,,N,,,,,,,,,,,
2008101003,711,2,0,0,0,0,0,0,0,0,4,0,,67,7,2008,4,40.0528,-75.1956,709.0,6,0,0,0,0,0,0,0,0,,0,0,0,7,1,3,1,,0,40 03:10.159,,0,75 11:44.213,4,0,0,0,67301,0,0,0,N,0,0,0,5,67301,2,,1,1,,N,N,,0,,0,0,0,3.0,2,,709,3,2,0,0,0,1,0,3,4,0,2,3,,N,,,,,,,,,,,
2008078858,231,1,0,0,0,0,0,0,0,0,7,0,,67,7,2008,7,39.9812,-75.2066,219.0,6,0,0,0,0,1,0,0,0,1.0,0,0,0,2,3,0,0,,1,39 58:55.761,3.0,0,75 12:26.936,0,0,0,0,67301,0,0,0,N,0,0,0,1,68K01,0,,4,9,,N,N,,0,,0,0,0,0.0,0,N,215,0,1,0,0,0,0,0,3,4,0,1,7,,N,,,,,,,,,,,
2008124138,2300,2,0,0,0,0,0,0,0,0,1,0,,67,10,2008,5,40.0357,-75.0174,2246.0,6,0,0,0,0,0,1,0,0,1.0,0,0,0,22,3,3,0,,1,40 02:08.920,2.0,0,75 01:01.670,4,0,0,0,67301,0,0,0,N,0,0,0,3,68K01,1,,1,1,,N,N,,0,,0,0,0,0.0,0,N,2237,3,2,0,0,0,2,0,3,4,0,2,3,,N,,,,,,,,,,,
2008123898,1627,1,0,0,0,0,0,0,0,0,1,0,,67,10,2008,5,39.9408,-75.1435,1627.0,6,0,0,0,0,0,0,0,0,1.0,0,0,0,16,1,2,3,,1,39 56:26.919,2.0,2,75 08:36.636,4,0,0,0,67301,0,0,0,N,0,0,0,4,68K01,2,,1,1,,N,N,,0,,0,0,1,0.0,0,N,1627,2,2,0,0,1,0,0,3,4,0,2,3,,N,,,,,,,,,,,
2008133794,32,2,0,0,0,0,0,0,0,0,4,0,,67,11,2008,4,40.0135,-75.1432,30.0,6,0,0,0,0,0,0,0,0,,0,0,0,0,3,0,1,,0,40 00:48.628,,0,75 08:35.602,0,0,0,0,67301,0,0,0,N,0,0,0,4,67301,0,,1,9,,N,N,,0,,0,0,0,3.0,2,,25,0,2,0,0,0,0,0,3,4,0,2,3,,N,,,,,,,,,,,
2008119212,1745,1,0,0,0,0,0,0,0,0,4,0,,67,10,2008,1,40.0226,-75.1335,1740.0,6,0,0,0,0,0,0,0,0,,0,0,0,17,1,0,0,,0,40 01:21.520,,0,75 08:00.744,0,0,0,0,67301,0,0,0,N,0,0,0,1,67301,0,,4,1,,N,N,,0,,0,0,1,0.0,0,,1735,0,2,0,0,1,0,0,3,4,0,2,3,,N,,,,,,,,,,,
2008119235,653,3,0,0,0,0,0,0,0,0,2,0,,67,9,2008,1,40.0631,-75.1546,651.0,6,0,0,0,0,0,0,0,0,,0,0,0,5,3,0,0,,0,40 03:47.293,,0,75 09:16.491,0,0,0,0,67301,0,0,0,,0,0,0,1,67301,0,,2,1,,,,,0,,0,0,0,0.0,0,,514,0,3,0,0,0,0,0,3,4,0,3,3,,N,,,,,,,,,,,
2008119241,315,2,0,0,0,0,0,0,0,0,4,0,,67,9,2008,2,40.0307,-75.1224,306.0,6,0,0,0,0,0,0,0,0,2.0,0,0,0,3,3,2,1,,2,40 01:50.664,7.0,0,75 07:20.636,4,0,0,0,67301,0,0,0,N,0,0,0,3,67301,2,,1,1,,N,N,,0,,0,0,0,3.0,2,Y,306,2,2,0,0,0,0,0,3,4,0,2,3,,N,,,,,,,,,,,
2008119293,2120,2,0,0,0,0,0,0,0,0,1,0,,67,9,2008,6,40.0743,-75.0348,2113.0,6,0,0,0,0,0,0,0,0,,0,0,0,21,3,1,1,,0,40 04:27.540,,0,75 02:05.368,8,0,0,0,67301,0,0,0,N,0,0,0,6,67301,0,,1,9,,N,N,,0,,0,0,0,3.0,2,,2112,1,2,0,0,0,1,0,3,4,0,2,7,,N,,,,,,,,,,,
2008133636,2007,1,0,0,0,0,0,0,0,0,4,0,,67,10,2008,5,40.0443,-75.0539,2005.0,6,0,0,0,0,0,1,0,0,,0,0,0,20,3,1,0,,0,40 02:39.440,,7,75 03:14.060,4,0,0,0,67301,0,0,0,N,0,0,0,2,67301,1,,1,1,,N,N,,0,,0,0,1,0.0,0,,2004,1,2,0,0,0,0,0,3,4,0,2,3,,N,,,,,,,,,,,
2008071611,2055,1,0,0,0,0,0,0,0,0,7,0,,67,3,2008,2,39.9709,-75.2153,2003.0,6,0,0,0,0,0,0,0,0,,0,0,0,20,3,0,0,,0,39 58:15.143,,0,75 12:55.199,0,0,0,0,67301,0,0,0,N,0,0,0,1,67301,0,,5,9,,N,N,,0,,0,0,0,0.0,0,,2051,0,1,0,0,0,0,0,3,4,0,1,7,,N,,,,,,,,,,,
2008071612,9999,2,0,0,0,0,0,0,0,0,4,0,,67,3,2008,6,39.8919,-75.2419,546.0,6,0,0,0,0,0,0,0,0,,0,0,0,5,3,2,1,,0,39 53:30.991,,0,75 14:30.863,3,0,0,0,67301,0,0,0,,0,0,0,2,67301,0,,1,1,,,,,0,,2,0,0,3.0,2,,540,2,2,0,0,0,0,0,3,4,0,2,3,,N,,,,,,,,,,,
2008071620,1448,1,0,0,0,0,0,0,0,0,2,0,,67,4,2008,1,39.9889,-75.1273,1446.0,6,0,0,0,0,0,0,0,0,2.0,0,0,0,14,1,1,1,,2,39 59:19.892,4.0,0,75 07:38.391,2,0,1,1,67301,0,0,0,N,0,0,0,2,67301,0,,1,1,,N,N,,0,,0,1,0,3.0,2,N,1445,1,2,0,0,0,0,0,3,4,0,2,3,,N,,,,,,,,,,,
2008095681,1225,0,0,0,0,0,0,0,0,0,4,0,,67,8,2008,7,40.0186,-75.2112,220.0,6,0,0,0,0,0,0,1,0,,0,0,0,0,3,1,2,,0,40 01:07.331,,0,75 12:40.140,4,0,0,1,67301,0,0,0,N,0,0,0,2,67301,1,,1,1,,N,N,,0,,0,0,1,0.0,0,,10,1,2,0,0,0,0,0,3,4,0,2,3,,N,,,,,,,,,,,
2008087595,1719,0,0,0,0,0,0,0,0,0,4,0,,67,5,2008,7,40.0512,-75.0661,1715.0,6,0,0,0,0,0,0,0,0,,0,0,0,17,1,1,2,,0,40 03:04.296,,0,75 03:58.097,4,0,0,1,67301,0,0,0,,0,0,0,3,67301,1,,1,1,,,,,0,,0,0,1,3.0,2,,1712,1,2,0,0,1,0,0,3,4,0,2,3,,N,,,,,,,,,,,
2008085328,730,2,0,0,0,0,0,0,0,0,5,0,,67,7,2008,5,39.8927,-75.2338,710.0,6,0,0,0,0,0,1,0,0,,0,0,0,7,1,0,7,,0,39 53:33.720,,2,75 14:01.680,0,0,0,0,67301,0,0,0,N,0,0,0,2,68K01,0,,1,1,,N,N,,0,,0,0,0,0.0,0,,708,0,2,0,0,0,0,0,3,4,0,2,3,,N,,,,,,,,,,,
2008095469,9,1,0,0,0,0,0,0,0,0,4,0,,67,6,2008,2,39.9118,-75.1507,5.0,6,0,0,0,0,1,0,0,0,,0,0,0,0,3,1,2,,0,39 54:41.444,,0,75 09:02.162,8,0,0,0,67301,0,0,0,N,0,0,0,3,67301,0,,1,1,,N,N,,1,,0,0,0,3.0,2,,0,1,2,0,0,0,1,0,3,4,0,2,3,,N,,,,,,,,,,,
2008088432,9999,1,0,0,0,0,0,0,0,0,8,0,,67,6,2008,3,40.0404,-75.1666,1040.0,6,0,0,0,0,0,0,0,0,,0,0,0,16,1,1,1,,0,40 02:25.339,,0,75 09:59.853,4,0,0,0,67301,1,0,0,N,1,0,0,2,67301,1,,1,9,,N,N,,0,,0,0,0,0.0,0,,1630,1,2,0,0,0,0,1,3,4,0,1,3,,N,,,,,,,,,,,
2008087944,9999,1,0,0,0,0,0,0,0,0,7,0,,67,6,2008,1,40.0119,-75.0882,9999.0,6,0,0,0,0,1,0,0,0,,0,0,0,99,3,1,0,,0,40 00:42.696,,0,75 05:17.435,3,0,0,0,67301,0,0,0,N,0,0,0,3,67301,0,,2,1,,N,N,,0,,1,0,0,0.0,0,,9999,1,1,0,0,1,0,0,3,4,0,1,3,,N,,,,,,,,,,,
2008083642,1230,1,0,0,0,0,0,0,0,0,7,0,,67,7,2008,3,39.8991,-75.1746,1228.0,6,0,0,0,0,0,0,0,0,1.0,0,0,0,12,1,0,0,,2,39 53:55.831,2.0,0,75 10:15.420,0,0,0,0,67301,0,0,0,N,0,0,0,1,68K01,0,,3,1,,N,N,,0,,0,0,0,0.0,0,N,1226,0,1,0,0,0,0,0,3,4,0,1,3,,N,,,,,,,,,,,
2008096088,1432,1,0,0,0,0,0,0,0,0,4,0,,67,8,2008,5,39.9576,-75.1457,1428.0,6,0,0,0,0,0,1,0,0,,0,0,0,14,1,1,1,,0,39 57:27.432,,0,75 08:44.473,8,0,0,0,67301,0,0,0,,0,0,0,3,67301,0,,1,98,,,,,0,,0,0,1,3.0,2,,1420,1,2,0,0,0,1,0,3,4,0,2,99,,N,,,,,,,,,,,
2008091661,312,2,0,0,0,0,0,0,0,0,1,0,,67,8,2008,6,39.8917,-75.2369,244.0,6,0,0,0,0,0,1,0,0,,0,0,0,2,3,0,0,,0,39 53:29.322,,0,75 14:14.502,0,0,0,0,67301,0,0,0,N,0,0,0,3,68K01,0,,1,1,,N,N,,0,,0,0,0,0.0,0,,236,0,2,0,0,0,0,0,3,4,0,2,3,,N,,,,,,,,,,,
2008108010,755,1,0,0,0,0,0,0,0,0,7,0,,67,8,2008,4,40.0457,-75.0315,749.0,6,0,0,0,0,0,0,0,0,,0,0,0,7,1,1,1,,0,40 02:44.515,,0,75 01:53.569,4,0,0,0,67301,0,0,0,N,0,0,0,1,67301,1,,2,1,,N,N,,0,,0,0,0,0.0,0,,730,1,1,0,0,0,0,0,3,4,0,1,3,,N,,,,,,,,,,,
2008089598,1202,1,0,0,0,0,0,0,0,0,7,0,,67,7,2008,2,40.0046,-75.0762,1202.0,6,0,0,0,0,0,0,0,0,,0,0,0,12,1,0,0,,0,40 00:16.920,,0,75 04:33.960,0,0,0,0,67301,0,0,0,N,0,0,0,2,68K01,0,,3,1,,N,N,,0,,0,0,0,0.0,0,,1202,0,1,0,0,0,0,0,3,4,0,1,3,,N,,,,,,,,,,,
2008071017,1052,1,0,0,0,0,0,0,0,0,5,0,,67,4,2008,1,39.9705,-75.151,1050.0,6,0,0,0,0,0,0,0,1,,0,0,0,10,1,1,1,,0,39 58:13.645,,0,75 09:03.417,8,0,0,0,67301,0,0,0,N,0,0,0,3,67301,0,,1,1,,N,N,,0,,0,0,0,0.0,0,,1049,1,2,0,0,0,1,2,3,4,0,2,3,,N,,,,,,,,,,,
2008073495,1922,2,0,0,0,0,0,0,0,0,4,0,,67,4,2008,2,40.0272,-75.1512,1836.0,6,0,0,0,0,0,0,0,0,2.0,0,0,0,18,1,5,1,,1,40 01:37.801,1.0,0,75 09:04.478,4,0,0,0,67301,0,0,0,N,0,0,0,6,67301,1,,1,9,,N,N,,0,,0,0,0,3.0,2,N,1828,5,2,0,0,0,4,0,3,4,0,2,7,,N,,,,,,,,,,,
2008107995,845,1,0,0,0,0,0,0,0,0,7,0,,67,8,2008,3,39.9506,-75.1553,840.0,6,0,0,0,0,0,0,0,1,,0,0,0,8,1,1,0,,0,39 57:02.289,,0,75 09:19.234,3,0,0,0,67301,0,0,0,,0,0,0,1,67301,0,,5,1,,N,N,,0,,1,0,0,0.0,0,,830,1,1,0,0,0,0,0,3,4,0,1,3,,N,,,,,,,,,,,
2008113478,1314,1,0,0,0,0,0,0,0,0,5,1,,67,10,2008,3,39.9533,-75.1818,1251.0,6,0,0,0,0,0,1,0,0,,0,1,0,12,1,0,0,,0,39 57:16.579,,0,75 10:52.337,9,0,0,0,67301,0,0,0,N,0,0,0,2,68K01,0,,1,1,,N,N,,0,,0,0,0,0.0,0,,1245,0,2,0,0,0,0,1,3,4,0,2,3,,N,,,,,,,,,,,
2008120814,809,2,0,0,0,0,0,0,0,0,4,0,,67,9,2008,5,39.9575,-75.2112,804.0,6,0,0,0,0,0,1,0,0,,0,0,0,8,1,1,1,,0,39 57:27.061,,0,75 12:40.366,4,0,0,0,67301,0,0,0,,0,0,0,3,67301,1,,1,1,,N,N,,0,,0,0,0,3.0,3,,802,1,2,0,0,0,0,0,3,4,0,2,3,,N,,,,,,,,,,,
2008112912,2058,3,0,0,0,0,0,0,0,0,1,0,,67,8,2008,3,39.899,-75.1677,2055.0,6,0,0,0,0,0,0,0,0,,0,0,0,20,3,1,6,,0,39 53:55.490,,2,75 10:12.450,8,0,0,0,67301,0,0,0,N,0,0,0,6,68K01,0,,1,1,,N,N,,0,,0,0,1,0.0,0,,2051,1,4,0,0,0,1,0,3,4,0,4,3,,N,,,,,,,,,,,
2009000846,1351,1,0,0,0,0,0,0,0,0,1,0,,67,11,2008,3,40.0032,-75.1526,1348.0,6,0,0,0,0,0,0,0,0,1.0,0,0,0,13,1,1,0,,1,40 00:11.660,2.0,0,75 09:09.231,4,0,0,0,67301,0,0,0,N,0,0,0,2,67301,1,,1,1,,N,N,,1,,0,0,0,0.0,0,N,1345,1,2,0,0,0,0,1,3,4,0,2,3,,N,,,,,,,,,,,
2009000856,2120,2,0,0,0,0,0,0,0,0,1,0,,67,11,2008,2,39.9772,-75.2268,2120.0,6,0,0,0,0,0,0,0,0,,0,0,0,20,3,2,1,,0,39 58:37.959,,0,75 13:36.309,8,0,0,0,67301,0,0,0,N,0,0,0,3,67301,0,,1,1,,N,N,,0,,0,0,0,3.0,2,,2042,2,2,0,0,0,2,1,3,4,0,2,3,,N,,,,,,,,,,,
2009003474,114,1,0,0,0,0,0,0,0,0,7,0,,67,12,2008,4,39.9286,-75.1464,113.0,6,0,0,0,0,0,0,0,0,,0,0,0,1,3,0,0,,0,39 55:45.757,,0,75 08:46.565,0,0,0,0,67301,0,0,0,N,0,0,0,1,68K01,0,,2,2,,N,N,,0,,0,0,0,0.0,0,,112,0,1,0,0,0,0,0,3,4,0,1,98,,N,,,,,,,,,,,
2009001981,1325,0,0,0,0,0,0,0,0,0,8,0,,67,11,2008,6,39.9781,-75.1107,1320.0,6,0,0,0,0,0,0,0,0,,0,0,0,15,1,1,1,,0,39 58:41.126,,0,75 06:38.515,8,0,0,0,67301,1,0,0,,1,0,0,2,67301,0,,1,9,,,,,1,,0,0,0,9.0,2,,1500,1,2,0,0,0,1,0,3,4,0,1,3,,N,,,,,,,,,,,
2009024758,1555,1,0,0,0,0,0,0,0,0,8,0,,67,12,2008,3,39.9515,-75.1567,352.0,6,0,0,0,0,0,1,0,0,,0,0,0,15,1,1,1,,0,39 57:05.292,,0,75 09:23.993,8,0,0,0,67301,1,0,0,N,1,0,0,2,67301,0,,1,9,,N,N,,0,,0,0,0,3.0,2,,1545,1,2,0,0,0,1,0,3,4,0,1,7,,N,,,,,,,,,,,
2009024803,1725,1,0,0,0,0,0,0,0,0,8,0,,67,12,2008,6,40.0341,-75.0848,1720.0,6,0,0,0,0,0,0,0,0,,0,0,0,17,3,1,1,,0,40 02:02.626,,0,75 05:05.182,3,0,0,0,67301,1,0,0,N,1,0,0,3,67301,0,,1,9,,N,N,,0,,1,0,0,3.0,3,,1715,1,2,0,0,0,0,0,3,4,0,1,7,,N,,,,,,,,,,,
2009002028,9999,0,0,0,0,0,0,0,0,0,8,0,,67,11,2008,2,39.9506,-75.1489,1350.0,6,0,0,0,0,0,0,0,0,,0,0,0,13,1,1,0,,0,39 57:02.360,,0,75 08:55.980,4,0,0,0,67301,1,0,0,,1,0,0,2,67301,1,,4,1,,N,,,0,,0,0,1,0.0,0,,1330,1,2,0,0,0,0,1,3,4,0,1,3,,N,,,,,,,,,,,