CRN,ARRIVAL_TM,AUTOMOBILE_COUNT,BELTED_DEATH_COUNT,BELTED_SUSP_SERIOUS_INJ_COUNT,BICYCLE_COUNT,BICYCLE_DEATH_COUNT,BICYCLE_SUSP_SERIOUS_INJ_COUNT,BUS_COUNT,CHLDPAS_DEATH_COUNT,CHLDPAS_SUSP_SERIOUS_INJ_COUNT,COLLISION_TYPE,COMM_VEH_COUNT,CONS_ZONE_SPD_LIM,COUNTY,CRASH_MONTH,CRASH_YEAR,DAY_OF_WEEK,DEC_LAT,DEC_LONG,DISPATCH_TM,DISTRICT,DRIVER_COUNT_16YR,DRIVER_COUNT_17YR,DRIVER_COUNT_18YR,DRIVER_COUNT_19YR,DRIVER_COUNT_20YR,DRIVER_COUNT_50_64YR,DRIVER_COUNT_65_74YR,DRIVER_COUNT_75PLUS,EST_HRS_CLOSED,FATAL_COUNT,HEAVY_TRUCK_COUNT,HORSE_BUGGY_COUNT,HOUR_OF_DAY,ILLUMINATION,INJURY_COUNT,INTERSECT_TYPE,INTERSECTION_RELATED,LANE_CLOSED,LATITUDE,LN_CLOSE_DIR,LOCATION_TYPE,LONGITUDE,MAX_SEVERITY_LEVEL,MCYCLE_DEATH_COUNT,MCYCLE_SUSP_SERIOUS_INJ_COUNT,MOTORCYCLE_COUNT,MUNICIPALITY,NONMOTR_COUNT,NONMOTR_DEATH_COUNT,NONMOTR_SUSP_SERIOUS_INJ_COUNT,NTFY_HIWY_MAINT,PED_COUNT,PED_DEATH_COUNT,PED_SUSP_SERIOUS_INJ_COUNT,PERSON_COUNT,POLICE_AGCY,POSSIBLE_INJ_COUNT,RDWY_SURF_TYPE_CD,RELATION_TO_ROAD,ROAD_CONDITION,ROADWAY_CLEARED,SCH_BUS_IND,SCH_ZONE_IND,SECONDARY_CRASH,SMALL_TRUCK_COUNT,SPEC_JURIS_CD,SUSP_MINOR_INJ_COUNT,SUSP_SERIOUS_INJ_COUNT,SUV_COUNT,TCD_FUNC_CD,TCD_TYPE,TFC_DETOUR_IND,TIME_OF_DAY,TOT_INJ_COUNT,TOTAL_UNITS,UNB_DEATH_COUNT,UNB_SUSP_SERIOUS_INJ_COUNT,UNBELTED_OCC_COUNT,UNK_INJ_DEG_COUNT,UNK_INJ_PER_COUNT,URBAN_AREA,URBAN_RURAL,VAN_COUNT,VEHICLE_COUNT,WEATHER1,WEATHER2,WORK_ZONE_IND,WORK_ZONE_LOC,WORK_ZONE_TYPE,WORKERS_PRES,WZ_CLOSE_DETOUR,WZ_FLAGGER,WZ_LAW_OFFCR_IND,WZ_LN_CLOSURE,WZ_MOVING,WZ_OTHER,WZ_SHLDER_MDN,WZ_WORKERS_INJ_KILLED
2008076256,1607,1,0,0,0,0,0,0,0,0,7,0,,67,6,2008,2,39.9282,-75.1463,1554.0,6,0,0,0,0,1,0,0,0,,0,0,0,15,1,0,0,,0,39 55:46.900,,0,75 08:45.500,0,0,0,0,67301,0,0,0,N,0,0,0,1,68K01,0,,2,1,,N,N,,0,,0,0,0,0.0,0,,1549,0,1,0,0,0,0,0,3,4,0,1,3,,N,,,,,,,,,,,
2008079206,713,2,0,0,0,0,0,0,0,0,4,0,,67,5,2008,7,40.0044,-75.1381,710.0,6,0,0,0,0,0,1,0,0,,0,0,0,7,1,1,3,,0,40 00:15.714,,0,75 08:17.260,8,0,0,0,67301,0,0,0,N,0,0,0,5,67301,0,,1,1,,N,N,,0,,0,0,0,3.0,3,,700,1,2,0,0,0,1,3,3,4,0,2,3,,N,,,,,,,,,,,
2008098430,1540,2,0,0,0,0,0,0,0,0,4,0,,67,6,2008,3,39.9969,-75.1164,1536.0,6,0,0,0,0,0,0,0,0,,0,0,0,99,1,1,2,,0,39 59:48.919,,0,75 06:59.194,4,0,0,0,67301,0,0,0,,0,0,0,4,67301,1,,1,1,,N,N,,0,,0,0,0,0.0,0,,9999,1,2,0,0,0,0,3,3,4,0,2,3,,N,,,,,,,,,,,
2008132043,1659,0,0,0,0,0,0,0,0,0,7,0,,67,10,2008,1,39.9567,-75.1423,1652.0,6,0,0,0,0,0,0,0,0,1.0,1,0,0,16,1,0,0,,2,39 57:28.380,4.0,8,75 08:30.196,1,1,0,1,67301,0,0,0,N,0,0,0,1,68K01,0,2.0,2,1,,N,N,,0,0.0,0,0,0,0.0,0,N,1646,0,1,0,0,0,0,0,3,4,0,1,3,,N,,,,,,,,,,,
2008119411,0,1,0,0,0,0,0,0,0,0,1,0,,67,7,2008,5,39.9751,-75.195,0.0,6,0,0,0,0,0,1,0,0,,0,0,0,16,1,1,1,,0,39 58:30.316,,0,75 11:41.875,4,0,0,0,67301,0,0,0,N,0,0,0,2,00000,1,,1,1,,N,N,,1,,0,0,0,3.0,2,,1600,1,2,0,0,0,0,0,3,4,0,2,3,,N,,,,,,,,,,,
2008119187,1653,1,0,0,0,0,0,0,0,0,6,0,,67,9,2008,4,40.0026,-75.0997,1649.0,6,0,0,0,0,0,0,0,0,1.0,0,0,0,16,1,1,5,,1,40 00:09.273,6.0,0,75 05:59.020,4,0,0,0,67301,0,0,0,N,0,0,0,2,67301,1,,1,1,,N,N,,1,,0,0,0,3.0,2,Y,1648,1,2,0,0,0,0,0,3,4,0,2,3,,N,,,,,,,,,,,
2008119246,1810,2,0,0,0,0,0,0,0,0,5,0,,67,9,2008,2,39.9868,-75.1474,1804.0,6,0,0,0,0,0,0,0,0,,0,0,0,18,1,1,1,,0,39 59:12.370,,0,75 08:50.531,4,0,0,0,67301,0,0,0,N,0,0,0,4,67301,1,,1,1,,N,N,,0,,0,0,0,3.0,2,,1800,1,2,0,0,0,0,0,3,4,0,2,3,,N,,,,,,,,,,,
2008119248,817,1,0,0,0,0,0,0,0,0,8,0,,67,9,2008,2,39.9766,-75.1417,310.0,6,0,0,0,0,0,0,0,0,,0,0,0,7,1,1,1,,0,39 58:35.875,,0,75 08:30.026,8,0,0,0,67301,1,0,0,N,1,0,0,2,67301,0,,1,1,,N,N,,0,,0,0,0,0.0,0,,740,1,2,0,0,0,1,0,3,4,0,1,3,,N,,,,,,,,,,,
2008133569,2315,0,0,0,0,0,0,0,0,0,8,0,,67,10,2008,6,40.0545,-75.1868,2310.0,6,0,0,0,0,0,0,0,0,,0,0,0,16,1,1,2,,0,40 03:16.116,,0,75 11:12.371,8,0,0,0,67301,1,0,0,N,1,0,0,2,67301,0,,1,1,,N,N,,0,,0,0,0,0.0,0,,1630,1,2,0,0,0,1,1,3,4,1,1,3,,N,,,,,,,,,,,
2008133579,2045,0,0,0,1,0,0,0,0,0,5,0,,67,10,2008,4,39.9837,-75.1262,2034.0,6,0,0,0,0,0,0,0,0,,0,0,0,20,3,1,0,,0,39 59:01.172,,0,75 07:34.359,4,0,0,0,67301,1,0,0,,0,0,0,2,67301,1,,1,1,,N,N,,0,,0,0,1,0.0,0,,2000,1,2,0,0,0,0,1,3,4,0,1,3,,N,,,,,,,,,,,
2008118963,1535,0,0,0,0,0,0,0,0,0,8,0,,67,9,2008,2,40.0392,-75.11,1532.0,6,0,0,0,0,0,0,0,0,,0,0,0,15,1,1,1,,0,40 02:20.942,,0,75 06:36.006,3,0,0,0,67301,1,0,0,N,1,0,0,3,67301,0,,1,1,,N,N,,0,,1,0,1,3.0,2,,1530,1,2,0,0,0,0,0,3,4,0,1,3,,N,,,,,,,,,,,
2008119299,1138,0,0,0,0,0,0,0,0,0,1,0,,67,7,2008,4,39.9717,-75.1593,1136.0,6,0,0,0,0,0,0,0,0,1.0,0,0,0,11,1,0,0,,1,39 58:18.167,1.0,0,75 09:33.528,0,0,0,0,67301,0,0,0,,0,0,0,2,67301,0,,1,9,,N,,,0,,0,0,2,0.0,0,N,1134,0,2,0,0,0,0,0,3,4,0,2,7,,N,,,,,,,,,,,
2008133599,2314,1,0,0,0,0,0,0,0,0,4,0,,67,10,2008,2,39.9166,-75.1692,2307.0,6,0,0,0,0,0,0,0,0,,0,0,0,23,3,1,2,,0,39 54:59.760,,0,75 10:09.112,8,0,0,0,67301,0,0,0,N,0,0,0,2,67301,0,,1,9,,N,N,,0,,0,0,1,3.0,2,,2300,1,2,0,0,0,1,1,3,4,0,2,7,,N,,,,,,,,,,,
2008133646,1638,2,0,0,0,0,0,0,0,0,6,0,,67,10,2008,2,39.9432,-75.2296,1634.0,6,0,0,0,0,0,0,0,0,,0,0,0,16,1,1,2,,0,39 56:35.408,,0,75 13:46.423,4,0,0,0,67301,1,0,0,N,1,0,0,3,67301,1,,1,1,,N,N,,0,,0,0,0,3.0,3,,1634,1,3,0,0,0,0,0,3,4,0,2,3,,N,,,,,,,,,,,
2008118984,2018,1,0,0,0,0,0,0,0,0,8,0,,67,9,2008,1,40.0274,-75.0768,2014.0,6,0,0,0,0,0,0,0,0,,0,0,0,20,3,1,1,,0,40 01:38.622,,0,75 04:36.350,8,0,0,0,67301,1,0,0,N,1,0,0,2,67301,0,,2,1,,N,N,,0,,0,0,0,3.0,3,,2013,1,2,0,0,0,1,0,3,4,0,1,3,,N,,,,,,,,,,,
2008071610,1037,0,0,0,0,0,0,0,0,0,7,0,,67,3,2008,7,39.9362,-75.1756,1036.0,6,0,0,0,0,0,0,0,1,,0,0,0,10,1,1,0,,0,39 56:10.215,,0,75 10:32.019,8,0,0,0,67301,0,0,0,N,0,0,0,1,67301,0,,5,1,,N,N,,1,,0,0,0,0.0,0,,1034,1,1,0,0,0,1,0,3,4,0,1,3,,N,,,,,,,,,,,
2008080634,59,1,0,0,0,0,0,0,0,0,7,0,50.0,67,7,2008,3,39.9599,-75.1813,58.0,6,0,0,0,0,0,0,0,0,2.0,0,0,0,0,3,0,0,,2,39 57:35.391,3.0,0,75 10:52.373,9,0,0,0,67301,0,0,0,Y,0,0,0,1,68K01,0,,4,1,,N,N,,0,,0,0,0,3.0,8,N,55,0,1,0,0,0,0,1,3,4,0,1,3,,Y,2.0,1.0,Y,N,N,Y,Y,Y,N,N,
2008097909,1413,1,0,0,1,0,0,0,0,0,8,0,,67,7,2008,7,39.9421,-75.1604,1410.0,6,0,0,0,0,0,0,0,0,,0,0,0,14,1,1,0,,0,39 56:31.414,,0,75 09:37.435,4,0,0,0,67301,1,0,0,,0,0,0,2,67301,1,,1,1,,,,,0,,0,0,0,0.0,0,,1405,1,2,0,0,0,0,0,3,4,0,1,3,,N,,,,,,,,,,,
2008097984,1823,2,0,0,0,0,0,0,0,0,2,0,,67,6,2008,4,39.9789,-75.2105,1819.0,6,0,0,0,0,0,0,0,0,,0,0,0,18,1,3,0,,0,39 58:44.155,,0,75 12:37.861,8,0,0,0,67301,0,0,0,,0,0,0,5,67301,0,,1,1,,N,N,,0,,0,0,0,0.0,0,,1819,3,2,0,0,0,3,2,3,4,0,2,3,,N,,,,,,,,,,,
2008085331,948,1,0,0,0,0,0,0,0,0,7,0,,67,7,2008,2,39.993,-75.2006,948.0,6,0,0,0,0,0,1,0,0,2.0,0,0,0,9,1,1,0,,1,39 59:37.392,4.0,0,75 11:58.472,8,0,0,0,67301,0,0,0,N,0,0,0,1,68K01,0,,2,1,,N,N,,0,,0,0,0,0.0,0,N,948,1,1,0,0,0,1,0,3,4,0,1,3,,N,,,,,,,,,,,
2008088399,810,1,0,0,0,0,0,0,0,0,8,0,,67,6,2008,2,39.9952,-75.1158,800.0,6,0,0,0,0,0,0,0,0,,0,0,0,8,1,1,5,,0,39 59:42.637,,0,75 06:56.944,4,0,0,0,67301,1,0,0,,1,0,0,2,67301,1,,1,1,,N,,,0,,0,0,0,3.0,2,,800,1,2,0,0,0,0,0,3,4,0,1,3,,N,,,,,,,,,,,
2008095339,143,3,0,0,0,0,0,0,0,0,6,0,,67,6,2008,5,40.046,-75.009,138.0,6,0,0,0,0,0,0,0,0,,0,0,0,1,3,0,0,,0,40 02:45.636,,0,75 00:32.374,9,0,0,0,67301,0,0,0,,0,0,0,1,67301,0,,2,1,,,,,0,,0,0,0,0.0,0,,119,0,3,0,0,0,0,1,3,4,0,3,3,,N,,,,,,,,,,,
2008088257,2110,2,0,0,0,0,0,0,0,0,5,0,,67,5,2008,7,40.0079,-75.1041,2100.0,6,0,0,0,0,0,0,0,0,,0,0,0,17,1,2,1,,0,40 00:28.400,,0,75 06:14.889,8,0,0,0,67301,2,0,0,,0,0,0,3,67301,0,,1,1,,,,,0,,0,0,0,0.0,0,,1731,2,2,0,0,0,2,1,3,4,0,2,3,,N,,,,,,,,,,,
2008088265,1850,1,0,0,0,0,0,0,0,0,8,0,,67,6,2008,6,39.9935,-75.1478,1839.0,6,0,0,0,0,0,0,0,0,,0,0,0,18,1,1,0,,0,39 59:36.459,,0,75 08:52.137,4,0,0,0,67301,1,0,0,N,1,0,0,2,67301,1,,1,1,,N,N,,0,,0,0,0,0.0,0,,1835,1,2,0,0,0,0,1,3,4,0,1,3,,N,,,,,,,,,,,
2008087942,1400,1,0,0,0,0,0,0,0,0,8,0,,67,6,2008,3,39.9936,-75.1277,1340.0,6,0,0,0,0,0,0,0,1,,0,0,0,13,1,1,2,,0,39 59:37.100,,0,75 07:39.565,4,0,0,0,67301,1,0,0,N,1,0,0,2,67301,1,,1,1,,N,N,,0,,0,0,0,0.0,0,,1325,1,2,0,0,0,0,0,3,4,0,1,3,,N,,,,,,,,,,,
2008097578,740,1,0,0,0,0,0,0,0,0,4,0,,67,7,2008,4,40.1191,-75.0078,730.0,6,0,0,0,0,0,1,0,0,,0,0,0,7,3,1,2,,0,40 07:08.922,,0,75 00:28.069,4,0,0,0,67301,0,0,0,N,0,0,0,2,67301,1,,1,1,,N,N,,1,,0,0,0,0.0,0,,730,1,2,0,0,1,0,0,3,4,0,2,3,,N,,,,,,,,,,,
2008090218,1916,1,0,0,0,0,0,0,0,0,1,0,,67,7,2008,1,39.9485,-75.1856,1916.0,6,0,0,0,0,0,0,0,0,1.0,0,0,0,19,1,0,0,,1,39 56:55.090,4.0,2,75 11:08.200,0,0,0,0,67301,0,0,0,N,0,0,0,2,68K01,0,,1,1,,N,N,,0,,0,0,1,2.0,4,N,1916,0,2,0,0,0,0,0,3,4,0,2,3,,N,,,,,,,,,,,
2008098000,1020,0,0,0,0,0,0,0,0,0,1,1,99.0,67,7,2008,6,39.9612,-75.2217,1014.0,6,0,0,0,0,0,0,0,0,2.0,0,1,0,10,1,1,0,,1,39 57:40.387,3.0,0,75 13:18.085,4,0,0,0,67301,1,0,0,N,1,0,0,3,67301,1,,1,1,,N,N,,0,,0,0,1,0.0,0,N,1000,1,3,0,0,0,0,0,3,4,0,2,3,,Y,8.0,8.0,U,U,U,U,U,U,U,U,
2008083452,2257,1,0,0,0,0,0,0,0,0,7,0,,67,7,2008,3,39.9321,-75.1999,2252.0,6,0,0,0,1,0,0,0,0,1.0,0,0,0,22,3,0,0,,2,39 55:57.950,4.0,0,75 12:00.134,0,0,0,0,67301,0,0,0,N,0,0,0,1,68K01,0,,2,1,,N,N,,0,,0,0,0,0.0,0,Y,2223,0,1,0,0,0,0,0,3,4,0,1,3,,N,,,,,,,,,,,
2008098228,825,1,0,0,0,0,0,0,0,0,8,0,,67,6,2008,2,39.9601,-75.1735,824.0,6,0,0,0,0,0,0,0,0,,0,0,0,8,1,1,0,,0,39 57:37.440,,0,75 10:25.680,4,0,0,0,67301,1,0,0,N,1,0,0,2,67301,1,,1,1,,N,N,,0,,0,0,0,0.0,0,,823,1,2,0,0,0,0,0,3,4,0,1,3,,N,,,,,,,,,,,
2008093638,451,1,0,0,0,0,0,0,0,0,7,0,,67,8,2008,5,39.9248,-75.1932,445.0,6,0,0,0,0,0,0,0,0,1.0,0,0,0,4,3,0,0,,2,39 55:31.910,3.0,0,75 11:37.860,0,0,0,0,67301,0,0,0,N,0,0,0,1,68K01,0,,2,1,,N,N,,0,,0,0,0,0.0,0,N,441,0,1,0,0,0,0,0,3,4,0,1,3,,N,,,,,,,,,,,
2008089202,0,0,0,0,0,0,0,0,0,0,5,0,,67,5,2008,1,39.9813,-75.1607,0.0,6,0,0,0,0,0,0,0,0,,0,0,0,0,6,0,0,,0,39 58:52.771,,0,75 09:38.352,0,0,0,0,67301,0,0,0,N,0,0,0,1,00000,0,,6,1,,N,N,,1,,0,0,0,0.0,0,,0,0,2,0,0,0,0,0,3,4,0,2,3,,N,,,,,,,,,,,
2008070740,748,3,0,0,0,0,0,0,0,0,1,0,,67,4,2008,5,40.0176,-75.2022,745.0,6,0,0,0,0,0,1,0,0,1.0,0,0,0,7,1,0,0,,1,40 01:03.332,2.0,0,75 12:07.846,0,0,0,0,67301,0,0,0,N,0,0,0,3,67301,0,,1,1,,N,N,,0,,0,0,0,0.0,0,N,744,0,3,0,0,0,0,0,3,4,0,3,3,,N,,,,,,,,,,,
2008105022,635,2,0,0,0,0,0,0,0,0,1,0,,67,9,2008,5,39.9596,-75.1811,630.0,6,0,0,0,0,0,0,1,0,1.0,0,0,0,6,1,1,0,,1,39 57:34.322,3.0,0,75 10:51.467,4,0,0,0,67301,0,0,0,N,0,0,0,2,68K01,1,,1,1,,N,N,,0,,0,0,0,0.0,0,N,629,1,2,0,0,0,0,0,3,4,0,2,3,,N,,,,,,,,,,,
2008110439,1641,2,0,0,0,0,0,0,0,0,1,0,,67,10,2008,6,39.9844,-75.096,1641.0,6,0,0,0,0,0,0,0,0,2.0,0,0,0,15,1,1,0,,2,39 59:03.795,2.0,0,75 05:45.746,4,0,0,0,67301,0,0,0,N,0,0,0,2,68K01,1,,1,1,,N,N,,0,,0,0,0,0.0,0,N,1549,1,2,0,0,0,0,0,3,4,0,2,3,,N,,,,,,,,,,,
2008107996,1725,1,0,0,0,0,0,0,0,0,8,0,,67,8,2008,4,39.9576,-75.1586,1723.0,6,0,0,0,0,0,0,0,0,,0,0,0,17,1,1,2,,0,39 57:27.358,,0,75 09:31.181,4,0,0,0,67301,1,0,0,N,1,0,0,3,67301,1,,1,1,,N,N,,0,,0,0,0,3.0,2,,1720,1,2,0,0,0,0,0,3,4,0,1,3,,N,,,,,,,,,,,
2008119474,1836,0,0,0,0,0,0,0,0,0,8,0,,67,9,2008,6,40.0309,-75.0587,1834.0,6,0,0,0,0,0,0,0,0,,0,0,0,18,1,1,0,,0,40 01:51.243,,0,75 03:31.323,8,0,0,0,67301,1,0,0,,1,0,0,3,67301,0,,1,1,,,,,0,,0,0,0,3.0,3,,1834,1,2,0,0,0,1,0,3,4,1,1,3,,N,,,,,,,,,,,
2009013839,430,1,0,0,0,0,0,0,0,0,8,0,,67,12,2008,5,39.939,-75.1763,400.0,6,0,0,0,0,0,0,0,0,,0,0,0,19,3,1,1,,0,39 56:20.551,,0,75 10:34.679,8,0,0,0,67301,1,0,0,,1,0,0,2,67301,0,,1,98,,N,N,,0,,0,0,0,3.0,2,,1900,1,2,0,0,0,1,0,3,4,0,1,99,,N,,,,,,,,,,,
2009006474,1923,2,0,0,0,0,0,0,0,0,7,0,,67,12,2008,2,39.9863,-75.0919,1916.0,6,0,0,0,0,0,1,0,0,1.0,0,0,0,19,3,4,3,,1,39 59:11.059,1.0,2,75 05:30.293,4,0,0,0,67301,0,0,0,Y,0,0,0,5,68K01,4,,7,1,,N,N,,0,,0,0,0,0.0,0,N,1914,4,2,0,0,0,0,0,3,4,0,2,3,,N,,,,,,,,,,,
2009024797,1615,2,0,0,0,0,0,0,0,0,1,0,,67,12,2008,3,40.0554,-75.1263,1611.0,6,0,0,0,0,0,0,2,0,,0,0,0,15,1,1,1,,0,40 03:19.907,,0,75 07:34.654,4,0,0,0,67301,0,0,0,N,0,0,0,4,67301,1,,1,1,,N,N,,0,,0,0,0,0.0,0,,1552,1,2,0,0,0,0,0,3,4,0,2,3,,N,,,,,,,,,,,
2009005103,958,1,0,0,0,0,0,0,0,0,7,0,,67,12,2008,1,39.9843,-75.0958,944.0,6,0,0,0,0,0,0,0,0,,0,0,0,9,1,0,0,,0,39 59:03.770,,0,75 05:44.398,0,0,0,0,67301,0,0,0,N,0,0,0,2,68K01,0,,3,6,,N,N,,0,,0,0,0,0.0,0,,942,0,1,0,0,0,0,0,3,4,0,1,10,,N,,,,,,,,,,,
2009002622,1900,0,0,0,0,0,0,0,0,0,8,0,,67,11,2008,3,40.0396,-75.1446,1900.0,6,0,0,0,0,0,0,0,0,,0,0,0,15,1,1,0,,0,40 02:22.664,,0,75 08:40.602,4,0,0,0,67301,1,0,0,N,1,0,0,2,67301,1,,1,1,,N,N,,0,,0,0,0,3.0,2,,1500,1,2,0,0,0,0,0,3,4,1,1,3,,N,,,,,,,,,,,
2009002626,1300,2,0,0,0,0,0,0,0,0,4,0,,67,11,2008,3,40.0625,-75.0094,1258.0,6,0,0,0,0,0,1,0,1,2.0,0,0,0,12,1,1,1,,1,40 03:45.043,4.0,0,75 00:33.962,4,0,0,0,67301,0,0,0,N,0,0,0,4,67301,1,,1,1,,N,N,,0,,0,0,1,3.0,2,Y,1249,1,3,0,0,0,0,0,3,4,0,3,3,,N,,,,,,,,,,,
2008081533,155,1,0,0,0,0,0,0,0,0,7,0,,67,5,2008,1,39.9719,-75.2449,108.0,6,0,0,0,0,0,0,0,0,3.0,0,0,0,1,3,1,0,,2,39 58:18.833,7.0,0,75 14:41.478,8,0,0,0,67301,0,0,0,N,0,0,0,1,67301,0,,5,1,,N,N,,0,,0,0,0,3.0,2,Y,105,1,1,0,0,0,1,0,3,4,0,1,3,,N,,,,,,,,,,,
2008081541,1308,2,0,0,0,0,0,0,0,0,1,0,,67,4,2008,4,39.9888,-75.2527,1305.0,6,0,0,0,0,0,1,0,0,,0,0,0,13,1,2,0,,0,39 59:19.812,,0,75 15:09.816,4,0,0,0,67301,0,0,0,N,0,0,0,3,67301,2,,1,1,,N,N,,0,,0,0,1,3.0,2,,1300,2,3,0,0,0,0,0,3,4,0,3,3,,N,,,,,,,,,,,
2008079096,9999,1,0,0,1,0,0,0,0,0,4,0,,67,5,2008,2,39.9798,-75.1109,9999.0,6,0,0,0,0,0,0,0,0,,0,0,0,15,1,1,0,,0,39 58:47.154,,0,75 06:39.348,4,0,0,0,67301,1,0,0,N,0,0,0,2,67301,1,,1,1,,N,N,,0,,0,0,0,0.0,0,,1540,1,2,0,0,0,0,0,3,4,0,1,3,,N,,,,,,,,,,,
2008097456,1258,1,0,0,1,0,0,0,0,0,4,0,,67,7,2008,2,39.9777,-75.2264,1256.0,6,0,0,0,0,0,0,0,0,,0,0,0,12,1,1,2,,0,39 58:39.694,,0,75 13:35.032,8,0,0,0,67301,1,0,0,,0,0,0,3,67301,0,,1,1,,N,N,,0,,0,0,0,3.0,3,,1245,1,2,0,0,0,1,0,3,4,0,1,3,,N,,,,,,,,,,,
2008088896,759,0,0,0,0,0,0,0,0,0,8,0,,67,6,2008,6,40.0009,-75.1054,751.0,6,0,0,0,0,0,0,0,0,,0,0,0,7,1,1,1,,0,40 00:03.060,,0,75 06:19.349,4,0,0,0,67301,1,0,0,N,1,0,0,2,67301,1,,1,1,,N,N,,0,,0,0,1,0.0,0,,750,1,2,0,0,0,0,0,3,4,0,1,3,,N,,,,,,,,,,,
2008076255,1110,1,0,0,0,0,0,0,0,0,1,0,,67,6,2008,2,39.9485,-75.1856,1103.0,6,0,0,0,0,0,1,0,0,2.0,0,0,0,10,1,1,6,,1,39 56:58.010,4.0,2,75 11:03.440,8,0,0,0,67301,0,0,0,N,0,0,0,2,68K01,0,,1,1,,N,N,,1,,0,0,0,0.0,0,N,1059,1,2,0,0,0,1,0,3,4,0,2,3,,N,,,,,,,,,,,
2008094869,312,2,0,0,0,0,0,0,0,0,1,0,,67,7,2008,2,40.0488,-75.1661,302.0,6,0,0,0,0,0,1,0,0,,0,0,0,3,3,0,2,,0,40 02:55.770,,0,75 09:57.837,0,0,0,0,67301,0,0,0,N,0,0,0,2,67301,0,,1,9,,N,N,,0,,0,0,0,3.0,3,,302,0,2,0,0,0,0,0,3,4,0,2,7,,N,,,,,,,,,,,
2008094925,1123,1,0,0,0,0,0,0,0,0,2,0,,67,6,2008,5,39.9311,-75.2323,1121.0,6,0,0,0,0,0,0,0,0,1.0,0,0,0,11,1,2,1,,1,39 55:51.721,7.0,0,75 13:56.641,4,0,0,0,67301,0,0,0,,0,0,0,2,67301,2,,1,1,,,,,0,,0,0,1,3.0,2,Y,1121,2,2,0,0,0,0,0,3,4,0,2,3,,N,,,,,,,,,,,
2008079185,804,0,0,0,0,0,0,0,0,0,8,0,,67,3,2008,7,40.0184,-75.1491,802.0,6,0,0,0,0,0,0,0,0,,0,0,0,99,1,1,1,,0,40 01:06.336,,0,75 08:56.889,8,0,0,0,67301,1,0,0,N,1,0,0,2,67301,0,,1,1,,N,N,,1,,0,0,0,3.0,2,,9999,1,2,0,0,0,1,0,3,4,0,1,3,,N,,,,,,,,,,,
2008098412,820,1,0,0,0,0,0,0,0,0,4,0,,67,7,2008,2,40.0389,-75.0833,815.0,6,0,0,0,0,0,0,0,0,1.0,0,0,0,8,1,2,1,,1,40 02:20.090,2.0,0,75 04:59.750,4,0,0,0,67301,0,0,0,N,0,0,0,3,67301,2,,1,1,,N,N,,0,,0,0,1,3.0,2,Y,813,2,2,0,0,0,0,1,3,4,0,2,3,,N,,,,,,,,,,,
2008098484,1629,3,0,0,0,0,0,0,0,0,4,0,,67,6,2008,5,39.9731,-75.1484,1623.0,6,0,0,0,0,0,0,1,0,,0,0,0,15,1,1,1,,0,39 58:23.293,,0,75 08:54.175,8,0,0,0,67301,1,0,0,N,0,0,0,3,67301,0,,1,1,,N,N,,0,,0,0,0,3.0,3,,1512,1,3,0,0,0,1,0,3,4,0,3,3,,N,,,,,,,,,,,
2008078892,2158,1,0,0,1,0,1,0,0,0,4,0,,67,5,2008,2,39.9535,-75.185,2155.0,6,0,0,0,0,0,0,0,0,,0,0,0,21,3,1,0,,0,39 57:12.533,,0,75 11:05.773,2,0,0,0,67301,1,0,1,,0,0,0,2,67301,0,,1,1,,,,,0,,0,1,0,3.0,2,,2155,1,2,0,0,1,0,0,3,4,0,1,3,,N,,,,,,,,,,,
2008134424,1716,2,0,0,0,0,0,0,0,0,5,0,,67,9,2008,2,39.9662,-75.1792,1706.0,6,0,0,0,0,0,0,1,0,,0,0,0,17,1,0,5,,0,39 57:58.110,,0,75 10:45.592,0,0,0,0,67301,0,0,0,N,0,0,0,3,67301,0,,1,1,,N,N,,0,,0,0,0,3.0,2,,1703,0,2,0,0,0,0,0,3,4,0,2,3,,N,,,,,,,,,,,
2008129520,1150,1,0,0,0,0,0,0,0,0,7,0,,67,9,2008,5,40.0355,-75.114,1139.0,6,0,1,0,0,0,0,0,0,,0,0,0,11,1,0,2,,0,40 02:07.747,,0,75 06:50.478,0,0,0,0,67301,0,0,0,N,0,0,0,5,67301,0,,2,1,,N,N,,0,,0,0,0,0.0,0,,1120,0,1,0,0,0,0,0,3,4,0,1,3,,N,,,,,,,,,,,
2008119383,0,1,0,0,0,0,0,0,0,0,4,0,,67,7,2008,3,40.0597,-75.0121,0.0,6,0,0,0,0,0,0,0,0,,0,0,0,15,1,1,0,,0,40 03:34.891,,0,75 00:43.660,8,0,0,0,67301,0,0,0,N,0,0,0,1,00000,0,,2,1,,N,N,,1,,0,0,0,0.0,0,,1500,1,2,0,0,0,1,0,3,4,0,2,3,,N,,,,,,,,,,,
2008119238,1502,3,0,0,0,0,0,0,0,0,2,0,,67,9,2008,7,40.0444,-75.1436,1500.0,6,0,0,0,0,0,1,0,0,,0,0,0,15,1,0,1,,0,40 02:39.873,,0,75 08:36.850,0,0,0,0,67301,2,0,0,N,0,0,0,3,67301,0,,1,9,,N,N,,0,,0,0,0,3.0,2,,1500,0,3,0,0,1,0,0,3,4,0,3,7,,N,,,,,,,,,,,
2008133576,1310,1,0,0,0,0,0,0,0,0,1,0,,67,11,2008,2,39.9804,-75.1179,1305.0,6,0,0,0,0,0,1,0,0,,0,0,0,13,1,1,1,,0,39 58:53.345,,0,75 07:02.419,4,0,0,0,67301,0,0,0,,0,0,0,2,67301,1,,1,1,,,,,0,,0,0,1,3.0,2,,1305,1,2,0,0,1,0,0,3,4,0,2,3,,N,,,,,,,,,,,