CRN,ARRIVAL_TM,AUTOMOBILE_COUNT,BELTED_DEATH_COUNT,BELTED_SUSP_SERIOUS_INJ_COUNT,BICYCLE_COUNT,BICYCLE_DEATH_COUNT,BICYCLE_SUSP_SERIOUS_INJ_COUNT,BUS_COUNT,CHLDPAS_DEATH_COUNT,CHLDPAS_SUSP_SERIOUS_INJ_COUNT,COLLISION_TYPE,COMM_VEH_COUNT,CONS_ZONE_SPD_LIM,COUNTY,CRASH_MONTH,CRASH_YEAR,DAY_OF_WEEK,DEC_LAT,DEC_LONG,DISPATCH_TM,DISTRICT,DRIVER_COUNT_16YR,DRIVER_COUNT_17YR,DRIVER_COUNT_18YR,DRIVER_COUNT_19YR,DRIVER_COUNT_20YR,DRIVER_COUNT_50_64YR,DRIVER_COUNT_65_74YR,DRIVER_COUNT_75PLUS,EST_HRS_CLOSED,FATAL_COUNT,HEAVY_TRUCK_COUNT,HORSE_BUGGY_COUNT,HOUR_OF_DAY,ILLUMINATION,INJURY_COUNT,INTERSECT_TYPE,INTERSECTION_RELATED,LANE_CLOSED,LATITUDE,LN_CLOSE_DIR,LOCATION_TYPE,LONGITUDE,MAX_SEVERITY_LEVEL,MCYCLE_DEATH_COUNT,MCYCLE_SUSP_SERIOUS_INJ_COUNT,MOTORCYCLE_COUNT,MUNICIPALITY,NONMOTR_COUNT,NONMOTR_DEATH_COUNT,NONMOTR_SUSP_SERIOUS_INJ_COUNT,NTFY_HIWY_MAINT,PED_COUNT,PED_DEATH_COUNT,PED_SUSP_SERIOUS_INJ_COUNT,PERSON_COUNT,POLICE_AGCY,POSSIBLE_INJ_COUNT,RDWY_SURF_TYPE_CD,RELATION_TO_ROAD,ROAD_CONDITION,ROADWAY_CLEARED,SCH_BUS_IND,SCH_ZONE_IND,SECONDARY_CRASH,SMALL_TRUCK_COUNT,SPEC_JURIS_CD,SUSP_MINOR_INJ_COUNT,SUSP_SERIOUS_INJ_COUNT,SUV_COUNT,TCD_FUNC_CD,TCD_TYPE,TFC_DETOUR_IND,TIME_OF_DAY,TOT_INJ_COUNT,TOTAL_UNITS,UNB_DEATH_COUNT,UNB_SUSP_SERIOUS_INJ_COUNT,UNBELTED_OCC_COUNT,UNK_INJ_DEG_COUNT,UNK_INJ_PER_COUNT,URBAN_AREA,URBAN_RURAL,VAN_COUNT,VEHICLE_COUNT,WEATHER1,WEATHER2,WORK_ZONE_IND,WORK_ZONE_LOC,WORK_ZONE_TYPE,WORKERS_PRES,WZ_CLOSE_DETOUR,WZ_FLAGGER,WZ_LAW_OFFCR_IND,WZ_LN_CLOSURE,WZ_MOVING,WZ_OTHER,WZ_SHLDER_MDN,WZ_WORKERS_INJ_KILLED
2008133620,1732,1,0,0,0,0,0,0,0,0,8,0,,67,10,2008,5,40.0152,-75.0727,1930.0,6,0,0,0,0,0,0,0,0,,0,0,0,17,1,1,0,,0,40 00:54.615,,0,75 04:21.558,4,0,0,0,67301,1,0,0,N,1,0,0,2,67301,1,,6,1,,N,N,,0,,0,0,0,0.0,0,,1700,1,2,0,0,0,0,0,3,4,0,1,3,,N,,,,,,,,,,,
2008133644,1450,1,0,0,0,0,0,0,0,0,6,1,,67,11,2008,3,39.9031,-75.24,1438.0,6,0,0,0,0,0,0,0,0,,0,1,0,12,1,3,0,,0,39 54:11.235,,7,75 14:23.993,8,0,0,0,67301,0,0,0,N,0,0,0,4,67301,0,,1,9,,N,N,,0,,0,0,0,0.0,0,,1215,3,2,0,0,0,3,0,3,4,0,2,7,,N,,,,,,,,,,,
2008090900,1850,1,0,0,0,0,0,0,0,0,1,0,,67,7,2008,7,39.9092,-75.1534,1848.0,6,0,0,0,0,0,0,1,0,,0,0,0,18,1,1,0,,0,39 54:33.046,,3,75 09:12.110,8,0,0,0,67301,0,0,0,N,0,0,0,3,67501,0,,1,1,,N,N,,0,,0,0,1,3.0,8,,1848,1,2,0,0,0,1,0,3,4,0,2,3,,N,,,,,,,,,,,
2008082872,1455,2,0,0,0,0,0,0,0,0,1,0,,67,5,2008,2,39.928,-75.1961,1453.0,6,0,0,0,0,0,0,0,0,,0,0,0,14,1,1,0,,0,39 55:40.670,,0,75 11:45.873,4,0,0,0,67301,0,0,0,N,0,0,0,2,67301,1,,1,1,,N,N,,0,,0,0,0,0.0,0,,1451,1,2,0,0,0,0,1,3,4,0,2,3,,N,,,,,,,,,,,
2008082874,640,2,0,0,0,0,0,0,0,0,4,0,,67,5,2008,3,39.9214,-75.1914,635.0,6,0,0,0,0,0,1,0,0,,0,0,0,6,1,1,3,,0,39 55:17.183,,0,75 11:29.075,4,0,0,0,67301,0,0,0,N,0,0,0,3,67301,1,,1,9,,N,N,,0,,0,0,0,0.0,0,,633,1,2,0,0,0,0,0,3,4,0,2,3,,N,,,,,,,,,,,
2008097668,2138,3,0,0,0,0,0,0,0,0,1,0,,67,7,2008,4,39.9994,-75.1954,2136.0,6,0,0,0,0,0,1,0,0,1.0,0,0,0,21,3,2,0,,2,39 59:58.440,3.0,0,75 11:43.318,3,0,0,0,67301,0,0,0,N,0,0,0,4,68K01,0,,1,1,,N,N,,0,,2,0,0,0.0,0,N,2132,2,3,0,0,0,0,0,3,4,0,3,3,,N,,,,,,,,,,,
2008088420,2012,1,0,0,0,0,0,0,0,0,1,1,,67,6,2008,4,40.0311,-75.1693,2010.0,6,0,0,0,0,0,0,0,0,,0,1,0,20,1,0,0,,0,40 01:52.122,,0,75 10:09.562,0,0,0,0,67301,0,0,0,,0,0,0,1,67301,0,,2,1,,,,,0,,0,0,0,0.0,0,,2005,0,2,0,0,0,0,0,3,4,0,2,3,,N,,,,,,,,,,,
2008088437,1541,1,0,0,0,0,0,0,0,0,1,0,,67,6,2008,3,39.998,-75.1253,1540.0,6,0,0,1,0,0,0,1,0,,0,0,0,15,1,1,0,,0,39 59:52.742,,0,75 07:31.104,8,0,0,0,67301,0,0,0,,0,0,0,5,67301,0,,1,1,,N,N,,0,,0,0,1,0.0,0,,1538,1,2,0,0,0,1,0,3,4,0,2,3,,N,,,,,,,,,,,
2008095285,215,1,0,0,0,0,0,0,0,0,7,0,,67,6,2008,6,39.9581,-75.1497,211.0,6,0,0,0,0,0,0,0,0,,0,0,0,2,3,1,0,,0,39 57:29.208,,0,75 08:59.026,4,0,0,0,67301,0,0,0,,0,0,0,1,67301,1,,2,1,,N,N,,0,,0,0,0,0.0,0,,205,1,1,0,0,0,0,0,3,4,0,1,3,,N,,,,,,,,,,,
2008095349,23,1,0,0,0,0,0,0,0,0,1,0,,67,8,2008,6,40.0632,-75.0516,21.0,6,0,0,0,0,0,0,0,0,,0,0,0,0,2,0,0,,0,40 03:47.380,,0,75 03:05.873,9,0,0,0,67301,0,0,0,N,0,0,0,1,67301,0,,6,1,,N,N,,0,,0,0,0,0.0,0,,10,0,2,0,0,0,0,1,3,4,1,2,3,,N,,,,,,,,,,,
2008088270,941,1,0,0,0,0,0,0,0,0,8,0,,67,5,2008,7,39.9664,-75.1704,940.0,6,0,0,0,0,0,0,0,0,,0,0,0,9,1,1,2,,0,39 57:58.870,,0,75 10:13.364,8,0,0,0,67301,1,0,0,N,1,0,0,2,67301,0,,1,1,,N,N,,0,,0,0,0,3.0,3,,940,1,2,0,0,0,1,0,3,4,0,1,3,,N,,,,,,,,,,,
2008088295,635,2,0,0,0,0,0,0,0,0,1,0,,67,6,2008,6,40.0711,-75.0379,626.0,6,0,0,0,0,0,2,0,0,2.0,0,0,0,6,1,2,1,,2,40 04:15.814,1.0,0,75 02:16.677,4,0,0,0,67301,0,0,0,N,0,0,0,4,67301,2,,1,1,,N,N,,1,,0,0,0,3.0,2,Y,625,2,4,0,0,0,0,0,3,4,1,4,3,,N,,,,,,,,,,,
2008087971,1836,1,0,0,0,0,0,0,0,0,4,0,,67,6,2008,4,40.0022,-75.1645,1832.0,6,0,0,0,0,0,0,0,0,,0,0,0,18,1,1,1,,0,40 00:07.981,,0,75 09:52.174,2,0,0,0,67301,0,0,0,N,0,0,0,3,67301,0,,4,1,,N,N,,0,,0,1,0,3.0,3,,1832,1,2,0,0,1,0,1,3,4,1,2,3,,N,,,,,,,,,,,
2008097581,410,3,0,0,0,0,0,0,0,0,7,0,,67,7,2008,6,39.9644,-75.2315,408.0,6,0,0,0,0,0,0,0,0,,0,0,0,4,3,0,2,,0,39 57:51.814,,0,75 13:53.345,9,0,0,0,67301,0,0,0,,0,0,0,1,67301,0,,5,1,,N,N,,1,,0,0,0,3.0,3,,406,0,4,0,0,0,0,1,3,4,0,4,3,,N,,,,,,,,,,,
2008083241,1542,2,0,0,0,0,0,0,0,0,3,0,,67,5,2008,3,39.985,-75.1461,1538.0,6,0,0,0,0,0,0,0,0,,0,0,0,15,1,1,1,,0,39 59:05.953,,0,75 08:46.006,4,0,0,0,67301,0,0,0,,0,0,0,4,67301,1,,1,1,,N,N,,0,,0,0,0,0.0,0,,1508,1,2,0,0,0,0,0,3,4,0,2,3,,N,,,,,,,,,,,
2008075761,338,1,0,0,0,0,0,0,0,0,7,0,,67,6,2008,7,39.9262,-75.1943,334.0,6,0,0,0,0,0,0,0,0,1.0,0,0,0,3,2,0,0,,2,39 55:38.541,4.0,0,75 11:43.269,0,0,0,0,67301,0,0,0,N,0,0,0,4,68K01,0,,3,1,,N,N,,0,,0,0,0,0.0,0,Y,329,0,1,0,0,0,0,0,3,4,0,1,3,,N,,,,,,,,,,,
2008087834,909,1,0,0,0,0,0,0,0,0,8,0,,67,6,2008,6,39.9356,-75.1722,907.0,6,0,0,0,0,0,0,0,0,1.0,0,0,0,9,1,1,1,,2,39 56:08.253,2.0,0,75 10:19.923,3,0,0,0,67301,1,0,0,N,1,0,0,2,67301,0,,1,9,,N,N,,0,,1,0,0,3.0,3,Y,900,1,2,0,0,0,0,1,3,4,0,1,3,,N,,,,,,,,,,,
2008087846,1920,1,0,0,0,0,0,0,0,0,8,0,,67,6,2008,4,39.9741,-75.2043,1920.0,6,0,0,0,0,0,0,0,0,,0,0,0,19,6,1,1,,0,39 58:26.831,,0,75 12:15.528,8,0,0,0,67301,1,0,0,N,1,0,0,3,67301,0,,1,1,,N,N,,0,,0,0,0,3.0,2,,1917,1,2,0,0,0,1,0,3,4,0,1,3,,N,,,,,,,,,,,
2008083314,305,1,0,0,0,0,0,0,0,0,7,0,,67,5,2008,7,40.0357,-75.0244,301.0,6,0,0,0,0,0,1,0,0,,0,0,0,3,3,0,0,,0,40 02:01.510,,0,75 01:41.314,0,0,0,0,67301,0,0,0,N,0,0,0,1,67301,0,,1,1,,N,N,,0,,0,0,0,0.0,0,,300,0,1,0,0,0,0,0,3,4,0,1,3,,N,,,,,,,,,,,
2008083315,1712,1,0,0,0,0,0,0,0,0,7,0,,67,5,2008,7,40.0273,-75.2282,1710.0,6,0,0,0,0,0,1,0,0,2.0,0,0,0,17,1,2,0,,2,40 01:38.180,5.0,0,75 13:41.360,3,0,0,0,67301,0,0,0,N,0,0,0,2,67301,1,,5,1,,,N,,0,,1,0,0,0.0,0,N,1710,2,2,0,0,1,0,0,3,4,0,2,3,,N,,,,,,,,,,,
2008081002,447,3,0,0,0,0,0,0,0,0,5,0,,67,5,2008,1,40.0366,-75.0553,445.0,6,0,0,0,0,0,0,0,0,,0,0,0,4,3,0,0,,0,40 02:11.792,,0,75 03:19.047,0,0,0,0,67301,0,0,0,,0,0,0,2,67301,0,,2,1,,,,,0,,0,0,0,0.0,0,,440,0,3,0,0,0,0,0,3,4,0,3,3,,N,,,,,,,,,,,
2008098010,27,2,0,0,0,0,0,0,0,0,4,0,,67,7,2008,1,39.9189,-75.2439,20.0,6,0,0,0,0,0,1,0,0,,0,0,0,23,3,1,2,,0,39 55:08.097,,0,75 14:37.957,4,0,0,0,67301,0,0,0,N,0,0,0,3,67301,1,,1,1,,N,N,,0,,0,0,0,3.0,2,,2322,1,2,0,0,0,0,0,3,4,0,2,3,,N,,,,,,,,,,,
2008098579,722,1,0,0,0,0,0,0,0,0,7,0,,67,8,2008,1,39.9678,-75.1306,711.0,6,0,0,0,0,0,0,0,0,,0,0,0,7,1,1,0,,0,39 58:05.523,,0,75 07:46.471,4,0,0,0,67301,0,0,0,N,0,0,0,2,68K01,1,,2,1,,N,N,,0,,0,0,0,0.0,0,,702,1,1,0,0,0,0,1,3,4,0,1,3,,N,,,,,,,,,,,
2008093634,1223,1,0,0,0,0,0,0,0,0,7,0,,67,7,2008,2,40.0237,-75.0324,1214.0,6,0,0,0,0,0,0,0,0,,0,0,0,12,1,0,0,,0,40 01:25.550,,0,75 01:56.260,0,0,0,0,67301,0,0,0,N,0,0,0,1,68K01,0,,2,1,,N,N,,0,,0,0,0,0.0,0,,1214,0,1,0,0,0,0,0,3,4,0,1,3,,N,,,,,,,,,,,
2008078931,226,0,0,0,0,0,0,0,0,0,7,0,,67,6,2008,3,40.1037,-74.9834,220.0,6,0,0,0,0,0,0,0,0,,0,0,0,2,3,1,1,,0,40 06:13.274,,0,74 59:00.214,4,0,0,0,67301,0,0,0,,0,0,0,3,67301,1,,5,1,,,,,0,,0,0,1,9.0,2,,215,1,1,0,0,0,0,0,3,4,0,1,3,,N,,,,,,,,,,,
2008078933,1838,1,0,0,0,0,0,0,0,0,8,0,,67,4,2008,2,40.0443,-75.0541,1837.0,6,0,0,0,0,0,0,0,0,2.0,0,0,0,18,1,1,5,,2,40 02:39.450,1.0,0,75 03:14.767,3,0,0,0,67301,1,0,0,,1,0,0,2,67301,0,,1,9,,,,,0,,1,0,0,3.0,2,N,1837,1,2,0,0,0,0,0,3,4,0,1,7,,N,,,,,,,,,,,
2008069507,1528,1,0,0,0,0,0,0,0,0,8,0,,67,4,2008,7,40.0351,-75.1473,1522.0,6,0,0,0,0,0,0,1,0,,0,0,0,14,1,1,0,,0,40 02:06.442,,0,75 08:50.236,4,0,0,0,67301,1,0,0,N,1,0,0,2,67301,1,,1,1,,N,N,,0,,0,0,0,0.0,0,,1450,1,2,0,0,0,0,0,3,4,0,1,3,,N,,,,,,,,,,,
2008069511,1615,1,0,0,0,0,0,0,0,0,8,0,,67,4,2008,4,40.0306,-75.1465,1610.0,6,0,0,0,0,0,0,0,0,,0,0,0,13,1,1,1,,0,40 01:50.026,,0,75 08:47.330,3,0,0,0,67301,1,0,0,N,1,0,0,2,67301,0,,1,1,,N,N,,0,,1,0,0,3.0,2,,1356,1,2,0,0,0,0,0,3,4,0,1,3,,N,,,,,,,,,,,
2008120904,2255,0,0,0,0,0,0,0,0,0,7,0,,67,9,2008,7,39.9684,-75.1296,2250.0,6,0,0,0,0,0,1,0,0,,0,0,0,22,3,1,7,,0,39 57:54.032,,0,75 08:16.084,4,0,0,0,67301,0,0,0,N,0,0,0,1,67301,1,,3,1,,N,N,,0,,0,0,1,0.0,0,,2245,1,2,0,0,1,0,0,3,4,0,1,3,,N,,,,,,,,,,,
2008082215,1423,1,0,0,0,0,0,0,0,0,4,0,,67,5,2008,1,39.9594,-75.2453,1422.0,6,0,0,0,0,0,1,0,0,,0,0,0,14,1,1,1,,0,39 57:33.900,,0,75 14:43.234,3,0,0,0,67301,0,0,0,N,0,0,0,3,67301,0,,1,9,,N,N,,1,,1,0,0,3.0,2,,1419,1,2,0,0,0,0,0,3,4,0,2,7,,N,,,,,,,,,,,
2008082267,1925,1,0,0,0,0,0,0,0,0,4,0,,67,5,2008,6,40.1,-74.9812,1916.0,6,0,0,0,0,0,0,0,0,,0,0,0,18,1,0,0,,0,40 05:59.910,,0,74 58:52.334,0,0,0,0,67301,0,0,0,N,0,0,0,3,67301,0,,6,9,,N,N,,0,,0,0,1,0.0,0,,1852,0,2,0,0,0,0,0,3,4,0,2,7,,N,,,,,,,,,,,
2008079062,1640,2,0,0,0,0,0,0,0,0,4,0,,67,5,2008,6,40.0354,-75.166,1626.0,6,0,0,0,0,0,0,0,0,,0,0,0,15,1,1,1,,0,40 02:07.411,,0,75 09:57.715,4,0,0,0,67301,0,0,0,N,0,0,0,2,67301,1,,1,9,,N,N,,0,,0,0,0,9.0,3,,1550,1,2,0,0,0,0,1,3,4,0,2,7,,N,,,,,,,,,,,
2008097453,1815,0,0,0,0,0,0,0,0,0,8,0,,67,7,2008,7,39.9501,-75.1641,1811.0,6,0,0,0,0,0,0,0,0,,0,0,0,99,1,1,1,,0,39 57:00.398,,0,75 09:50.915,3,0,0,0,67301,1,0,0,,1,0,0,2,67301,0,,1,1,,,,,1,,1,0,0,3.0,2,,9999,1,2,0,0,0,0,0,3,4,0,1,3,,N,,,,,,,,,,,
2008097532,754,2,0,0,0,0,0,0,0,0,5,0,,67,8,2008,6,40.0619,-75.0148,751.0,6,0,1,0,0,0,0,0,0,,0,0,0,6,1,0,0,,0,40 03:42.706,,0,75 00:53.236,0,0,0,0,67301,0,0,0,,0,0,0,1,67301,0,,1,9,,,,,0,,0,0,0,0.0,0,,652,0,2,0,0,0,0,0,3,4,0,2,3,,N,,,,,,,,,,,
2008088838,1855,2,0,0,0,0,0,0,0,0,1,0,,67,6,2008,1,39.9112,-75.2306,1850.0,6,0,0,0,0,0,0,0,0,,0,0,0,99,1,1,1,,0,39 54:40.341,,0,75 13:50.008,8,0,0,0,67301,0,0,0,N,0,0,0,2,67301,0,,1,1,,N,N,,0,,0,0,0,3.0,2,,9999,1,2,0,0,0,1,0,3,4,0,2,3,,N,,,,,,,,,,,
2008083979,8,1,0,0,1,1,0,0,0,0,4,0,,67,5,2008,2,39.9564,-75.2085,5.0,6,0,0,0,0,0,0,0,0,,1,0,0,0,3,0,1,,0,39 57:23.053,,0,75 12:30.390,1,0,0,0,67301,1,1,0,N,0,0,0,2,67301,0,2.0,1,1,,N,N,,0,9.0,0,0,0,3.0,2,,5,0,2,0,0,0,0,0,3,4,0,1,3,,N,,,,,,,,,,,
2008108343,1635,2,0,0,0,0,0,0,0,0,4,0,,67,8,2008,4,40.0767,-75.1762,1632.0,6,0,0,0,0,0,1,0,0,,0,0,0,16,1,1,1,,0,40 04:36.164,,0,75 10:34.254,3,0,0,0,67301,0,0,0,N,0,0,0,2,67301,0,,1,1,,N,N,,0,,1,0,0,3.0,3,,1630,1,2,0,0,0,0,0,3,4,0,2,3,,N,,,,,,,,,,,
2008079184,1447,0,0,0,1,0,0,0,0,0,8,0,,67,5,2008,6,40.0009,-75.1724,1444.0,6,0,0,0,0,0,0,0,0,,0,0,0,14,1,1,1,,0,40 00:03.373,,0,75 10:20.621,4,0,0,0,67301,1,0,0,N,0,0,0,2,67301,1,,1,1,,N,N,,0,,0,0,1,3.0,3,,1442,1,2,0,0,0,0,1,3,4,0,1,3,,N,,,,,,,,,,,
2008103359,2008,1,0,0,0,0,0,0,0,0,2,0,,67,7,2008,3,40.0422,-75.1129,2006.0,6,0,0,0,0,0,1,0,0,1.0,0,0,0,20,4,1,2,,1,40 02:31.920,2.0,0,75 06:46.440,8,0,0,1,67301,0,0,0,N,0,0,0,2,46102,0,,1,1,,N,N,,0,,0,0,0,3.0,2,N,2006,1,2,0,0,0,1,0,3,4,0,2,3,,N,,,,,,,,,,,
2008098443,1000,2,0,0,0,0,0,0,0,0,2,0,,67,7,2008,6,40.024,-75.1352,950.0,6,0,0,0,0,0,0,0,0,1.0,0,0,0,9,1,1,0,,1,40 01:26.381,2.0,0,75 08:06.891,4,0,0,0,67301,0,0,0,N,0,0,0,2,67301,1,,1,1,,N,N,,0,,0,0,0,0.0,0,Y,937,1,2,0,0,0,0,0,3,4,0,2,3,,N,,,,,,,,,,,
2008098448,1601,2,0,0,0,0,0,0,0,0,4,0,,67,6,2008,4,40.0475,-75.1428,1600.0,6,0,0,0,0,0,0,0,0,1.0,0,0,0,16,1,1,1,,1,40 02:50.961,7.0,0,75 08:34.014,4,0,0,0,67301,0,0,0,N,0,0,0,2,67301,1,,1,1,,N,N,,0,,0,0,0,3.0,2,N,1600,1,2,0,0,0,0,0,3,4,0,2,3,,N,,,,,,,,,,,
2008098486,1100,0,0,0,0,0,0,0,0,0,8,0,,67,7,2008,2,39.9716,-75.1463,9999.0,6,0,0,0,0,0,0,0,0,,0,0,0,16,1,1,2,,0,39 58:17.655,,0,75 08:46.741,3,0,0,0,67301,1,0,0,N,1,0,0,2,67301,0,,1,1,,N,N,,1,,1,0,0,9.0,3,,1615,1,2,0,0,0,0,0,3,4,0,1,3,,N,,,,,,,,,,,
2008133287,30,1,0,0,0,0,0,0,0,0,7,0,,67,10,2008,3,39.9219,-75.1421,23.0,6,0,0,1,0,0,0,0,0,,0,0,0,0,3,0,0,,0,39 55:18.669,,0,75 08:31.654,0,0,0,0,67301,0,0,0,N,0,0,0,1,67301,0,,3,9,,N,N,,0,,0,0,0,0.0,0,,6,0,2,0,0,1,0,0,3,4,0,1,7,,N,,,,,,,,,,,
2008119178,1507,2,0,0,0,0,0,0,0,0,2,0,,67,10,2008,2,40.072,-75.013,1507.0,6,0,0,0,0,0,1,0,0,,0,0,0,15,1,0,1,,0,40 04:19.382,,0,75 00:46.921,0,0,0,0,67301,0,0,0,N,0,0,0,2,67301,0,,1,1,,N,N,,0,,0,0,0,3.0,2,,1507,0,2,0,0,0,0,0,3,4,0,2,3,,N,,,,,,,,,,,
2008119237,1703,2,0,0,0,0,0,0,0,0,4,0,,67,9,2008,4,39.9147,-75.1783,1703.0,6,0,0,0,0,0,0,0,0,1.0,0,0,0,17,1,1,1,,2,39 54:52.994,4.0,0,75 10:41.830,4,0,0,0,67301,0,0,0,N,0,0,0,4,67301,1,,3,1,,N,N,,0,,0,0,0,2.0,2,Y,1703,1,2,0,0,1,0,0,3,4,0,2,3,,N,,,,,,,,,,,
2008119255,222,1,0,0,0,0,0,0,0,0,7,0,,67,9,2008,1,40.0143,-75.1696,222.0,6,0,0,0,0,0,0,0,0,,0,0,0,2,3,1,0,,0,40 00:51.426,,0,75 10:10.682,4,0,0,0,67301,0,0,0,N,0,0,0,1,67301,1,,5,1,,N,N,,0,,0,0,0,0.0,0,,215,1,1,0,0,1,0,0,3,4,0,1,3,,N,,,,,,,,,,,
2008133557,1610,2,0,0,0,0,0,0,0,0,4,0,,67,10,2008,3,40.0412,-75.0166,1600.0,6,0,0,0,0,0,0,0,0,,0,0,0,15,1,1,1,,0,40 02:28.456,,0,75 00:59.587,8,0,0,0,67301,0,0,0,N,0,0,0,2,67301,0,,1,1,,N,N,,0,,0,0,0,3.0,3,,1555,1,2,0,0,0,1,0,3,4,0,2,3,,N,,,,,,,,,,,
2008119006,1535,5,0,0,0,0,0,0,0,0,1,0,,67,9,2008,7,40.0153,-75.1372,1530.0,6,0,0,0,0,0,0,1,0,,0,0,0,15,1,1,1,,0,40 00:55.051,,0,75 08:13.761,3,0,0,0,67301,0,0,0,N,0,0,0,1,67301,0,,1,1,,N,N,,0,,1,0,0,3.0,2,,1529,1,5,0,0,0,0,0,3,4,0,5,3,,N,,,,,,,,,,,
2008071618,250,2,0,0,0,0,0,0,0,0,7,0,,67,4,2008,7,39.9563,-75.1868,222.0,6,0,0,0,0,0,1,0,0,,0,0,0,2,3,1,0,,0,39 57:22.752,,0,75 11:12.341,4,0,0,0,67301,0,0,0,N,0,0,0,1,67301,1,,5,9,,N,N,,1,,0,0,0,0.0,0,,220,1,3,0,0,0,0,0,3,4,0,3,7,,N,,,,,,,,,,,
2008071633,1203,2,0,0,0,0,0,0,0,0,1,0,,67,5,2008,1,39.9436,-75.1568,1159.0,6,0,0,0,1,0,0,0,0,,0,0,0,11,1,1,1,,0,39 56:37.021,,0,75 09:24.595,8,0,0,0,67301,0,0,0,,0,0,0,6,67301,0,,1,1,,,,,0,,0,0,0,3.0,2,,1147,1,2,0,0,0,1,0,3,4,0,2,3,,N,,,,,,,,,,,
2008080678,1430,1,0,0,0,0,0,0,0,0,4,0,,67,5,2008,1,40.0424,-75.0622,1430.0,6,0,0,0,0,0,0,0,0,1.0,0,0,0,14,1,1,0,,1,40 02:32.463,4.0,0,75 03:43.754,4,0,0,0,67301,0,0,0,N,0,0,0,3,67301,1,,1,1,,N,N,,0,,0,0,1,0.0,0,N,1425,1,2,0,0,0,0,0,3,4,0,2,3,,N,,,,,,,,,,,
2008085209,1015,1,0,0,0,0,0,0,0,0,7,0,,67,5,2008,6,40.0337,-75.0466,1013.0,6,0,0,0,0,0,0,0,1,,0,0,0,10,1,1,0,,0,40 02:01.420,,7,75 02:47.577,4,0,0,0,67301,0,0,0,N,0,0,0,1,67301,1,,5,1,,N,N,,0,,0,0,0,0.0,0,,1010,1,1,0,0,0,0,0,3,4,0,1,3,,N,,,,,,,,,,,
2008095445,2209,0,0,0,0,0,0,0,0,0,7,0,,67,8,2008,7,40.0177,-75.1892,2207.0,6,0,0,0,0,0,0,0,0,3.0,0,0,0,21,3,1,1,,2,40 01:03.868,1.0,0,75 11:20.998,4,0,0,0,67301,0,0,0,N,0,0,0,5,67301,1,,4,1,,N,N,,0,,0,0,2,3.0,2,Y,2145,1,2,0,0,0,0,0,3,4,0,2,3,,N,,,,,,,,,,,
2008097671,1014,2,0,0,0,0,0,0,0,0,1,0,,67,8,2008,7,39.9687,-75.1914,1010.0,6,0,0,0,0,0,0,1,0,2.0,0,0,0,10,1,2,0,,1,39 58:11.260,4.0,0,75 11:32.729,4,0,0,0,67301,0,0,0,N,0,0,0,8,68K01,2,,1,1,,N,N,,0,,0,0,1,0.0,0,N,1008,2,3,0,0,4,0,0,3,4,0,3,3,,N,,,,,,,,,,,
2008088398,557,2,0,0,0,0,0,0,0,0,4,0,,67,6,2008,1,40.0319,-75.1315,556.0,6,0,0,0,0,0,0,1,0,,0,0,0,5,1,2,1,,0,40 01:54.735,,0,75 07:53.327,4,0,0,0,67301,0,0,0,N,0,0,0,3,67301,1,,1,1,,N,N,,0,,0,0,0,3.0,2,,552,2,2,0,0,0,1,0,3,4,0,2,3,,N,,,,,,,,,,,
2008095236,1515,0,0,0,0,0,0,0,0,0,1,0,,67,6,2008,2,39.9982,-75.1012,1510.0,6,0,0,0,0,0,1,0,0,,0,0,0,15,1,2,1,,0,39 59:53.464,,0,75 06:04.518,8,0,0,0,67301,0,0,0,N,0,0,0,3,67301,0,,1,1,,N,N,,0,,0,0,1,3.0,2,,1502,2,2,0,0,0,2,1,3,4,1,2,3,,N,,,,,,,,,,,
2008095281,1604,0,0,0,0,0,0,0,0,0,8,0,,67,6,2008,5,39.9587,-75.1672,1602.0,6,0,0,0,0,0,0,0,0,,0,0,0,15,1,1,1,,0,39 57:31.263,,0,75 10:01.877,4,0,0,0,67301,1,0,0,N,1,0,0,2,67301,1,,1,1,,N,N,,0,,0,0,1,3.0,2,,1540,1,2,0,0,0,0,1,3,4,0,1,3,,N,,,,,,,,,,,
2008095306,2009,1,0,0,0,0,0,0,0,0,8,0,,67,7,2008,1,40.0347,-75.1226,2006.0,6,0,0,0,0,0,0,0,0,,0,0,0,20,1,1,0,,0,40 02:04.966,,0,75 07:21.309,8,0,0,0,67301,1,0,0,N,1,0,0,2,67301,0,,1,1,,N,N,,0,,0,0,0,0.0,0,,2003,1,2,0,0,0,1,1,3,4,0,1,3,,N,,,,,,,,,,,
2008095340,1749,1,0,0,0,0,0,0,0,0,4,0,,67,6,2008,4,,,1745.0,6,0,0,0,0,0,0,0,0,,0,0,0,17,1,1,0,,0,,,0,,4,0,0,0,67301,0,0,0,N,0,0,0,2,67301,1,,1,1,,N,N,,0,,0,0,1,0.0,0,,1740,1,2,0,0,0,0,0,3,3,0,2,3,,N,,,,,,,,,,,