CRN,ARRIVAL_TM,AUTOMOBILE_COUNT,BELTED_DEATH_COUNT,BELTED_SUSP_SERIOUS_INJ_COUNT,BICYCLE_COUNT,BICYCLE_DEATH_COUNT,BICYCLE_SUSP_SERIOUS_INJ_COUNT,BUS_COUNT,CHLDPAS_DEATH_COUNT,CHLDPAS_SUSP_SERIOUS_INJ_COUNT,COLLISION_TYPE,COMM_VEH_COUNT,CONS_ZONE_SPD_LIM,COUNTY,CRASH_MONTH,CRASH_YEAR,DAY_OF_WEEK,DEC_LAT,DEC_LONG,DISPATCH_TM,DISTRICT,DRIVER_COUNT_16YR,DRIVER_COUNT_17YR,DRIVER_COUNT_18YR,DRIVER_COUNT_19YR,DRIVER_COUNT_20YR,DRIVER_COUNT_50_64YR,DRIVER_COUNT_65_74YR,DRIVER_COUNT_75PLUS,EST_HRS_CLOSED,FATAL_COUNT,HEAVY_TRUCK_COUNT,HORSE_BUGGY_COUNT,HOUR_OF_DAY,ILLUMINATION,INJURY_COUNT,INTERSECT_TYPE,INTERSECTION_RELATED,LANE_CLOSED,LATITUDE,LN_CLOSE_DIR,LOCATION_TYPE,LONGITUDE,MAX_SEVERITY_LEVEL,MCYCLE_DEATH_COUNT,MCYCLE_SUSP_SERIOUS_INJ_COUNT,MOTORCYCLE_COUNT,MUNICIPALITY,NONMOTR_COUNT,NONMOTR_DEATH_COUNT,NONMOTR_SUSP_SERIOUS_INJ_COUNT,NTFY_HIWY_MAINT,PED_COUNT,PED_DEATH_COUNT,PED_SUSP_SERIOUS_INJ_COUNT,PERSON_COUNT,POLICE_AGCY,POSSIBLE_INJ_COUNT,RDWY_SURF_TYPE_CD,RELATION_TO_ROAD,ROAD_CONDITION,ROADWAY_CLEARED,SCH_BUS_IND,SCH_ZONE_IND,SECONDARY_CRASH,SMALL_TRUCK_COUNT,SPEC_JURIS_CD,SUSP_MINOR_INJ_COUNT,SUSP_SERIOUS_INJ_COUNT,SUV_COUNT,TCD_FUNC_CD,TCD_TYPE,TFC_DETOUR_IND,TIME_OF_DAY,TOT_INJ_COUNT,TOTAL_UNITS,UNB_DEATH_COUNT,UNB_SUSP_SERIOUS_INJ_COUNT,UNBELTED_OCC_COUNT,UNK_INJ_DEG_COUNT,UNK_INJ_PER_COUNT,URBAN_AREA,URBAN_RURAL,VAN_COUNT,VEHICLE_COUNT,WEATHER1,WEATHER2,WORK_ZONE_IND,WORK_ZONE_LOC,WORK_ZONE_TYPE,WORKERS_PRES,WZ_CLOSE_DETOUR,WZ_FLAGGER,WZ_LAW_OFFCR_IND,WZ_LN_CLOSURE,WZ_MOVING,WZ_OTHER,WZ_SHLDER_MDN,WZ_WORKERS_INJ_KILLED
2008088251,1758,1,0,0,0,0,0,0,0,0,1,0,,67,5,2008,6,39.9025,-75.2248,1751.0,6,0,0,0,0,0,1,1,0,,0,0,0,15,1,2,0,,0,39 54:13.067,,0,75 13:27.972,3,0,0,0,67301,0,0,0,,0,0,0,4,67301,0,,1,1,,N,N,,1,,2,0,0,3.0,2,,1551,2,2,0,0,0,0,0,3,4,0,2,3,,N,,,,,,,,,,,
2008088699,0,1,0,0,0,0,0,0,0,0,1,0,,67,4,2008,1,39.9577,-75.1624,0.0,6,0,0,0,0,0,0,1,0,,0,0,0,2,8,2,1,,0,39 57:27.542,,0,75 09:44.544,4,0,0,0,67301,0,0,0,,0,0,0,3,00000,2,,1,1,,,,,0,,0,0,1,3.0,2,,200,2,2,0,0,0,0,1,3,4,0,2,3,,N,,,,,,,,,,,
2008080279,1711,0,0,0,0,0,0,0,0,0,4,0,,67,5,2008,3,40.0958,-75.0165,1709.0,6,0,0,0,0,0,0,0,0,9.0,0,0,0,17,1,1,0,,2,40 05:44.709,3.0,0,75 00:59.470,2,0,1,1,67301,0,0,0,N,0,0,0,2,67301,0,,1,1,,N,N,,0,,0,1,1,0.0,0,Y,1709,1,2,0,0,0,0,0,3,4,0,2,3,,N,,,,,,,,,,,
2008097582,9999,0,0,0,0,0,0,0,0,0,4,0,,67,7,2008,1,40.0278,-75.0852,9999.0,6,0,0,0,0,1,0,0,0,,0,0,0,99,3,1,1,,0,40 01:40.026,,0,75 05:06.849,8,0,0,0,67301,0,0,0,N,0,0,0,2,67301,0,,1,1,,N,N,,0,,0,0,2,3.0,2,,9999,1,2,0,0,0,1,1,3,4,0,2,3,,N,,,,,,,,,,,
2008088071,610,1,0,0,0,0,0,0,0,0,4,0,,67,6,2008,1,40.012,-75.07,608.0,6,0,0,0,0,0,0,0,0,,0,0,0,6,1,1,2,,0,40 00:43.200,,0,75 04:12.000,8,0,0,0,67301,0,0,0,N,0,0,0,2,67301,0,,1,1,,N,N,,1,,0,0,0,3.0,3,,608,1,2,0,0,2,1,0,3,4,0,2,3,,N,,,,,,,,,,,
2008087902,1120,2,0,0,0,0,0,0,0,0,4,0,,67,6,2008,2,40.0241,-75.0351,1115.0,6,0,0,0,0,0,0,0,0,,0,0,0,11,1,1,2,,0,40 01:32.361,,0,75 02:12.083,8,0,0,0,67301,0,0,0,N,0,0,0,3,67301,0,,1,1,,N,N,,0,,0,0,0,0.0,0,,1105,1,2,0,0,0,1,2,3,4,0,2,3,,N,,,,,,,,,,,
2008100569,1134,1,0,0,0,0,0,0,0,0,7,0,,67,7,2008,2,39.9823,-75.1043,1133.0,6,0,0,0,0,0,1,0,0,2.0,0,0,0,11,1,1,0,,2,39 58:56.334,1.0,0,75 06:15.580,4,0,0,0,67301,0,0,0,,0,0,0,1,67301,1,,2,1,,N,N,,0,,0,0,0,0.0,0,Y,1133,1,1,0,0,0,0,0,3,4,0,1,3,,N,,,,,,,,,,,
2008098258,1200,1,0,0,0,0,0,0,0,0,1,0,,67,8,2008,3,40.0202,-75.1141,1155.0,6,0,0,0,0,0,1,0,0,,0,0,0,11,1,0,2,,0,40 01:12.877,,0,75 06:50.707,0,0,0,0,67301,0,0,0,N,0,0,0,2,67301,0,,1,1,,N,N,,0,,0,0,1,0.0,0,,1145,0,2,0,0,0,0,0,3,4,0,2,3,,N,,,,,,,,,,,
2008098297,1954,2,0,0,0,0,0,0,0,0,4,0,,67,6,2008,5,40.0512,-75.0661,1953.0,6,0,0,0,0,0,0,0,0,,0,0,0,19,4,1,1,,0,40 03:04.296,,0,75 03:58.097,8,0,0,0,67301,0,0,0,N,0,0,0,2,67301,0,,1,1,,N,N,,0,,0,0,0,3.0,2,,1950,1,2,0,0,0,1,0,3,4,0,2,3,,N,,,,,,,,,,,
2008089213,0,1,0,0,0,0,0,0,0,0,5,1,,67,5,2008,6,39.9265,-75.1467,0.0,6,0,0,0,0,0,0,0,0,,0,1,0,8,1,0,0,,0,39 55:38.413,,0,75 08:47.397,0,0,0,0,67301,0,0,0,N,0,0,0,2,00000,0,,1,9,,N,N,,0,,0,0,0,0.0,0,,830,0,2,0,0,0,0,0,3,4,0,2,7,,N,,,,,,,,,,,
2008108317,1410,1,0,0,0,0,0,0,0,0,5,0,,67,9,2008,4,39.964,-75.2024,1409.0,6,0,0,0,0,0,0,0,0,,0,0,0,14,1,1,0,,0,39 57:50.483,,0,75 12:08.802,4,0,0,0,67301,0,0,0,,0,0,0,2,67301,1,,1,1,,N,N,,0,,0,0,0,0.0,0,,1400,1,2,0,0,0,0,0,3,4,1,2,3,,N,,,,,,,,,,,
2008089135,0,1,0,0,0,0,0,0,0,0,8,0,,67,4,2008,2,39.9476,-75.1815,0.0,6,0,0,0,0,0,0,0,0,,0,0,0,6,5,1,1,,0,39 56:51.334,,0,75 10:53.223,4,0,0,0,67301,1,0,0,,1,0,0,2,00000,1,,1,1,,,,,0,,0,0,0,9.0,9,,630,1,2,0,0,0,0,0,3,4,0,1,3,,N,,,,,,,,,,,
2008103340,1528,1,0,0,0,0,0,0,0,0,4,0,,67,6,2008,1,39.9552,-75.1983,1528.0,6,0,0,0,0,0,0,0,0,,0,0,0,15,1,1,1,,0,39 57:18.540,,0,75 11:53.890,4,0,0,0,67301,0,0,0,N,0,0,0,2,67301,1,,1,1,,N,N,,0,,0,0,1,3.0,2,,1526,1,2,0,0,0,0,0,3,4,0,2,3,,N,,,,,,,,,,,
2008098442,2146,2,0,0,0,0,0,0,0,0,4,0,,67,7,2008,4,40.0351,-75.0709,2142.0,6,0,0,0,0,0,0,0,0,1.0,0,0,0,21,3,1,1,,1,40 02:06.421,2.0,0,75 04:15.407,4,0,0,0,67301,0,0,0,N,0,0,0,8,67301,1,,1,1,,N,N,,0,,0,0,1,3.0,2,N,2140,1,3,0,0,0,0,0,3,4,0,3,3,,N,,,,,,,,,,,
2008100990,1730,1,0,0,0,0,0,1,0,0,4,1,,67,7,2008,5,39.9804,-75.2394,1724.0,6,0,0,0,0,0,0,0,0,,0,0,0,16,1,1,1,,0,39 58:49.602,,0,75 14:21.875,8,0,0,0,67301,0,0,0,N,0,0,0,2,67301,0,,1,1,,N,N,,0,,0,0,0,3.0,2,,1632,1,2,0,0,0,1,0,3,4,0,2,3,,N,,,,,,,,,,,
2008078886,1339,0,0,0,0,0,0,0,0,0,8,0,,67,5,2008,2,39.9396,-75.1982,1326.0,6,0,0,0,0,0,0,0,0,,0,0,0,13,1,1,1,,0,39 56:22.560,,0,75 11:53.520,3,0,0,0,67301,1,0,0,N,1,0,0,2,67301,0,,2,1,,N,N,,0,,1,0,0,9.0,9,,1323,1,2,0,0,0,0,0,3,4,0,1,3,,N,,,,,,,,,,,
2008134387,1015,1,0,0,0,0,0,0,0,0,7,0,,67,12,2008,3,40.0067,-75.0736,1015.0,6,0,0,0,0,0,0,0,0,1.0,0,0,0,10,1,2,0,,2,40 00:24.480,1.0,0,75 04:24.600,3,0,0,0,67301,0,0,0,Y,0,0,0,2,68K01,1,,2,1,,N,N,,0,,1,0,0,0.0,0,N,1015,2,1,0,0,0,0,0,3,4,0,1,3,,N,,,,,,,,,,,
2008134010,2040,2,0,0,0,0,0,0,0,0,2,0,,67,10,2008,6,40.0381,-75.2228,2032.0,6,0,0,1,1,0,0,0,0,,0,0,0,20,3,0,1,,0,40 02:16.961,,0,75 13:21.543,0,0,0,0,67301,0,0,0,,0,0,0,2,67301,0,,1,1,,,,,0,,0,0,0,0.0,0,,2030,0,2,0,0,2,0,0,3,4,0,2,3,,N,,,,,,,,,,,
2008119199,1437,2,0,0,0,0,0,0,0,0,4,0,,67,9,2008,2,40.0073,-75.1359,1400.0,6,0,0,0,0,0,0,0,0,,0,0,0,14,1,1,2,,0,40 00:26.229,,0,75 08:09.211,4,0,0,0,67301,0,0,0,N,0,0,0,2,67301,1,,1,1,,N,N,,0,,0,0,0,0.0,0,,1400,1,2,0,0,0,0,1,3,4,0,2,3,,N,,,,,,,,,,,
2008119245,220,1,0,0,0,0,0,0,0,0,7,0,,67,9,2008,1,40.0234,-75.1349,218.0,6,0,0,0,0,0,0,0,0,1.0,0,0,0,2,2,2,0,,1,40 01:24.240,1.0,0,75 08:06.000,8,0,0,0,67301,0,0,0,N,0,0,0,2,67301,0,,5,1,,N,N,,0,,0,0,0,0.0,0,N,216,2,1,0,0,0,2,0,3,4,0,1,3,,N,,,,,,,,,,,
2008119315,1955,2,0,0,0,0,0,0,0,0,1,0,,67,9,2008,5,40.0445,-75.1931,1944.0,6,0,0,0,0,0,1,0,0,,0,0,0,18,3,1,1,,0,40 02:40.302,,0,75 11:35.236,4,0,0,0,67301,0,0,0,N,0,0,0,3,67301,1,,1,1,,N,N,,0,,0,0,0,3.0,2,,1859,1,2,0,0,0,0,0,3,4,0,2,3,,N,,,,,,,,,,,
2008133597,1635,1,0,0,0,0,0,0,0,0,4,0,,67,10,2008,1,40.0058,-75.1343,1630.0,6,0,0,0,0,1,0,0,0,,0,0,0,16,1,1,0,,0,40 00:20.898,,0,75 08:03.476,8,0,0,0,67301,0,0,0,,0,0,0,3,67301,0,,1,1,,N,,,0,,0,0,1,0.0,0,,1615,1,2,0,0,0,1,0,3,4,0,2,3,,N,,,,,,,,,,,
2008133633,110,3,0,0,0,0,0,0,0,0,5,0,,67,11,2008,1,39.9427,-75.1554,108.0,6,0,0,0,0,0,0,0,0,,0,0,0,1,3,1,0,,0,39 56:33.806,,0,75 09:19.544,8,0,0,0,67301,0,0,0,N,0,0,0,2,67301,0,,1,9,,N,N,,1,,0,0,1,0.0,0,,105,1,5,0,0,0,1,0,3,4,0,5,7,,N,,,,,,,,,,,
2008097851,635,2,0,0,0,0,0,0,0,0,1,0,,67,7,2008,5,40.0382,-75.0433,625.0,6,0,0,0,0,0,0,0,0,,0,0,0,6,5,0,0,,0,40 02:17.423,,0,75 02:35.715,0,0,0,0,67301,0,0,0,N,0,0,0,1,67301,0,,6,1,,N,N,,0,,0,0,2,0.0,0,,620,0,5,0,0,0,0,0,3,4,1,5,3,,N,,,,,,,,,,,
2008095394,2019,1,0,0,0,0,0,0,0,0,1,0,,67,7,2008,7,40.0176,-75.0593,2019.0,6,0,0,0,0,0,2,0,0,,0,0,0,99,1,1,1,,0,40 01:03.383,,0,75 03:33.697,4,0,0,0,67301,0,0,0,,0,0,0,2,67301,1,,1,1,,,,,0,,0,0,1,2.0,2,,9999,1,2,0,0,0,0,0,3,4,0,2,3,,N,,,,,,,,,,,
2008088439,1320,2,0,0,0,0,0,0,0,0,8,0,,67,6,2008,6,40.0302,-75.1444,1315.0,6,0,0,0,0,1,0,0,0,,0,0,0,13,1,1,1,,0,40 01:48.583,,0,75 08:39.947,4,0,0,0,67301,1,0,0,N,1,0,0,3,67301,1,,1,1,,N,N,,0,,0,0,0,3.0,3,,1300,1,3,0,0,0,0,0,3,4,0,2,3,,N,,,,,,,,,,,
2008080309,2310,0,0,0,0,0,0,0,0,0,4,0,,67,5,2008,5,39.9119,-75.1728,2308.0,6,0,0,0,0,0,0,0,0,,0,0,0,23,3,0,1,,0,39 54:42.725,,0,75 10:21.917,9,0,0,0,67301,0,0,0,,0,0,0,3,67301,0,,1,9,,N,N,,1,,0,0,1,3.0,2,,2305,0,2,0,0,0,0,1,3,4,0,2,7,,N,,,,,,,,,,,
2008087973,1610,2,0,0,0,0,0,0,0,0,6,0,,67,6,2008,4,39.9626,-75.213,1008.0,6,0,0,0,0,1,0,0,0,,0,0,0,14,1,0,1,,0,39 57:45.380,,0,75 12:45.870,0,0,0,0,67301,0,0,0,N,0,0,0,3,67301,0,,1,1,,N,N,,0,,0,0,0,3.0,2,,1440,0,2,0,0,2,0,0,3,4,0,2,3,,N,,,,,,,,,,,
2008087986,1602,3,0,0,0,0,0,0,0,0,6,0,,67,6,2008,6,40.035,-75.1884,1558.0,6,0,0,0,0,0,1,0,0,1.0,0,0,0,15,1,1,0,,2,40 02:05.922,5.0,0,75 11:18.305,4,0,0,0,67301,0,0,0,,0,0,0,5,67301,1,,1,1,,N,,,0,,0,0,0,0.0,0,Y,1550,1,3,0,0,0,0,0,3,4,0,3,3,,N,,,,,,,,,,,
2008087890,252,2,0,0,0,0,0,0,0,0,6,0,,67,6,2008,1,40.0029,-75.1017,9999.0,6,0,0,0,0,0,0,0,0,,0,0,0,99,3,3,1,,0,40 00:10.274,,0,75 06:06.094,8,0,0,0,67301,0,0,0,N,0,0,0,5,67301,0,,1,1,,N,N,,0,,0,0,0,3.0,2,,9999,3,2,0,0,0,3,2,3,4,0,2,3,,N,,,,,,,,,,,
2008098021,1637,0,0,0,0,0,0,0,0,0,8,0,,67,7,2008,6,39.9751,-75.2337,1635.0,6,0,0,0,0,0,0,0,0,9.0,0,0,0,16,1,1,0,,1,39 58:30.257,4.0,0,75 14:01.308,3,0,0,0,67301,1,0,0,N,1,0,0,2,67301,0,,1,1,,N,N,,0,,1,0,1,0.0,0,N,1635,1,2,0,0,0,0,0,3,4,0,1,3,,N,,,,,,,,,,,
2008100575,1545,1,0,0,0,0,0,0,0,0,8,0,,67,8,2008,6,39.9468,-75.1636,1543.0,6,0,0,0,0,0,0,0,0,,0,0,0,15,1,1,1,,0,39 56:48.649,,0,75 09:49.111,4,0,0,0,67301,1,0,0,N,1,0,0,2,67301,1,,1,1,,N,N,,0,,0,0,0,3.0,3,,1535,1,2,0,0,0,0,0,3,4,0,1,3,,N,,,,,,,,,,,
2008098216,1430,2,0,0,0,0,0,0,0,0,4,0,,67,6,2008,7,40.0136,-75.0832,1424.0,6,0,0,0,0,0,0,0,0,,0,0,0,14,1,3,1,,0,40 00:48.862,,0,75 04:59.620,4,0,0,0,67301,0,0,0,N,0,0,0,5,67301,3,,1,1,,N,N,,0,,0,0,0,3.0,3,,1424,3,2,0,0,4,0,0,3,4,0,2,3,,N,,,,,,,,,,,
2008098349,838,2,0,0,0,0,0,0,0,0,4,0,,67,7,2008,2,40.0541,-75.1555,836.0,6,0,0,0,0,0,1,0,0,,0,0,0,7,1,0,1,,0,40 03:14.662,,0,75 09:19.915,0,0,0,0,67301,0,0,0,N,0,0,0,2,67301,0,,1,1,,N,N,,0,,0,0,0,3.0,2,,700,0,2,0,0,0,0,0,3,4,0,2,3,,N,,,,,,,,,,,
2008108045,2002,1,0,0,0,0,0,0,0,0,7,0,,67,8,2008,1,40.0071,-75.094,2000.0,6,0,0,0,0,0,0,0,0,,0,0,0,19,4,1,1,,0,40 00:25.549,,0,75 05:38.543,4,0,0,0,67301,0,0,0,N,0,0,0,1,67301,1,,3,1,,N,N,,0,,0,0,0,9.0,2,,1930,1,1,0,0,0,0,0,3,4,0,1,3,,N,,,,,,,,,,,
2008070698,354,3,0,0,0,0,0,0,0,0,5,0,,67,4,2008,1,39.944,-75.1688,349.0,6,0,0,0,0,0,0,0,0,,0,0,0,3,3,0,0,,0,39 56:38.457,,0,75 10:07.636,0,0,0,0,67301,0,0,0,,0,0,0,1,67301,0,,1,1,,,,,0,,0,0,0,0.0,0,,349,0,3,0,0,1,0,0,3,4,0,3,3,,N,,,,,,,,,,,
2008099900,2349,1,0,0,0,0,0,0,0,0,1,0,,67,8,2008,1,40.002,-75.195,2333.0,6,0,0,0,0,0,0,0,0,1.0,0,0,0,23,3,0,0,,1,40 00:05.390,3.0,0,75 11:41.856,9,0,0,0,67301,0,0,0,N,0,0,0,2,68K01,0,,1,1,,N,N,,0,,0,0,1,0.0,0,N,2328,0,2,0,0,0,0,1,3,4,0,2,3,,N,,,,,,,,,,,
2008107917,107,1,0,0,0,0,0,0,0,0,7,0,,67,8,2008,4,40.0656,-75.1911,103.0,6,0,0,0,0,0,0,0,0,,0,0,0,1,3,1,0,,0,40 03:56.160,,0,75 11:27.852,4,0,0,0,67301,0,0,0,N,0,0,0,2,67301,1,,4,9,,N,N,,0,,0,0,0,0.0,0,,100,1,1,0,0,0,0,0,3,4,0,1,7,,N,,,,,,,,,,,
2008107934,1345,1,0,0,1,0,0,0,0,0,1,0,,67,8,2008,4,39.9438,-75.209,1345.0,6,0,0,0,0,0,0,0,0,,0,0,0,13,1,1,2,,0,39 56:37.561,,0,75 12:32.345,4,0,0,0,67301,1,0,0,N,0,0,0,2,67301,1,,1,1,,N,N,,0,,0,0,0,0.0,0,,1335,1,2,0,0,1,0,0,3,4,0,1,3,,N,,,,,,,,,,,
2008101970,49,1,0,0,0,0,0,0,0,0,7,0,,67,8,2008,5,39.9974,-75.082,37.0,6,0,0,0,0,0,0,0,0,,0,0,0,0,3,0,6,,0,39 59:42.980,,2,75 05:00.950,9,0,0,0,67301,0,0,0,N,0,0,0,1,68K01,0,,2,1,,N,N,,0,,0,0,0,0.0,0,,31,0,1,0,0,0,0,1,3,4,0,1,3,,N,,,,,,,,,,,
2008073514,1915,1,0,0,0,0,0,0,0,0,4,0,,67,4,2008,6,39.9721,-75.125,1902.0,6,0,0,0,0,0,1,0,0,,0,0,0,19,1,0,0,,0,39 58:19.875,,0,75 07:29.493,9,0,0,0,67301,0,0,0,N,0,0,0,2,67301,0,,1,1,,N,N,,1,,0,0,0,0.0,0,,1902,0,2,0,0,0,0,1,3,4,0,2,3,,N,,,,,,,,,,,
2009002832,1615,1,0,0,0,0,0,0,0,0,8,0,,67,11,2008,6,39.9918,-75.2311,1604.0,6,0,0,0,0,0,0,0,0,1.0,0,0,0,16,3,1,1,,1,39 59:30.390,3.0,0,75 13:51.801,2,0,0,0,67301,1,0,1,N,1,0,1,3,67301,0,,1,9,,N,Y,,0,,0,1,0,0.0,0,N,1600,1,2,0,0,0,0,0,3,4,0,1,7,,N,,,,,,,,,,,
2009024730,1850,1,0,0,0,0,0,0,0,0,1,0,,67,12,2008,6,40.017,-75.1495,1850.0,6,0,0,0,0,0,0,0,0,,0,0,0,18,3,2,0,,0,40 01:00.965,,0,75 08:58.058,8,0,0,0,67301,0,0,0,N,0,0,0,4,67301,0,,1,9,,N,N,,0,,0,0,1,0.0,0,,1850,2,2,0,0,0,2,0,3,4,0,2,7,,N,,,,,,,,,,,
2009024756,1635,2,0,0,0,0,0,0,0,0,2,0,,67,12,2008,7,40.0361,-75.0748,1634.0,6,0,0,0,0,0,1,0,0,2.0,0,0,0,16,1,1,0,,1,40 02:09.837,1.0,0,75 04:29.110,4,0,0,0,67301,0,0,0,N,0,0,0,7,67301,1,,1,9,,N,N,,0,,0,0,0,0.0,0,N,1632,1,2,0,0,0,0,0,3,4,0,2,98,,N,,,,,,,,,,,
2009024791,1319,1,0,0,0,0,0,0,0,0,8,0,,67,12,2008,6,40.0164,-75.2106,1314.0,6,0,0,0,0,0,0,0,0,,0,0,0,13,1,1,0,,0,40 00:59.030,,0,75 12:37.810,4,0,0,0,67301,1,0,0,N,1,0,0,2,67301,1,,1,1,,N,N,,0,,0,0,0,0.0,0,,1313,1,2,0,0,0,0,0,3,4,0,1,3,,N,,,,,,,,,,,
2009024798,2040,1,0,0,1,0,0,0,0,0,8,0,,67,12,2008,2,40.067,-75.1563,2034.0,6,0,0,0,0,0,1,0,0,1.0,0,0,0,20,3,1,1,,1,40 04:01.164,1.0,0,75 09:22.593,8,0,0,0,67301,1,0,0,N,0,0,0,2,67301,0,,1,9,,N,N,,0,,0,0,0,3.0,2,N,2033,1,2,0,0,0,1,0,3,4,0,1,7,,N,,,,,,,,,,,
2009002635,1640,4,0,0,0,0,0,0,0,0,4,0,,67,11,2008,7,40.0314,-75.1282,1636.0,6,0,0,0,0,0,1,0,0,,0,0,0,16,3,1,0,,0,40 01:53.196,,0,75 07:41.506,4,0,0,0,67301,0,0,0,,0,0,0,1,67301,1,,6,9,,,,,0,,0,0,0,0.0,0,,1630,1,4,0,0,0,0,0,3,4,0,4,7,,N,,,,,,,,,,,
2009002013,9999,1,0,0,0,0,0,0,0,0,0,0,,67,11,2008,5,40.0146,-75.1782,9999.0,6,0,0,0,0,0,0,0,0,1.0,0,0,0,12,1,2,0,,2,40 00:52.609,2.0,0,75 10:41.459,4,0,0,0,67301,0,0,0,,0,0,0,2,67301,2,,2,9,,N,N,,0,,0,0,0,0.0,0,N,1250,2,1,0,0,0,0,0,3,4,0,1,7,,N,,,,,,,,,,,
2009002018,655,1,0,0,0,0,0,0,0,0,8,0,,67,10,2008,6,40.0416,-75.0492,650.0,6,0,0,0,0,0,1,0,0,1.0,0,0,0,6,1,1,0,,1,40 02:29.600,4.0,0,75 02:57.120,4,0,0,0,67301,1,0,0,N,1,0,0,2,67301,1,,1,1,,N,Y,,0,,0,0,0,3.0,8,Y,630,1,2,0,0,0,0,0,3,4,0,1,3,,N,,,,,,,,,,,
2009002133,927,2,0,0,0,0,0,0,0,0,6,0,,67,11,2008,7,40.0178,-75.2114,924.0,6,0,0,0,0,0,0,0,0,2.0,0,0,0,9,1,2,0,,1,40 01:03.930,5.0,0,75 12:40.942,4,0,0,0,67301,0,0,0,N,0,0,0,3,67301,2,,1,9,,N,N,,0,,0,0,0,0.0,0,Y,920,2,2,0,0,0,0,0,3,4,0,2,7,,N,,,,,,,,,,,
2009002214,1215,0,0,0,0,0,0,0,0,0,2,0,,67,11,2008,4,39.94,-75.1662,1210.0,6,0,0,0,0,0,0,0,0,,0,0,0,11,1,1,1,,0,39 56:24.071,,0,75 09:58.833,8,0,0,0,67301,0,0,0,,0,0,0,3,67301,0,,1,1,,N,N,,1,,0,0,1,3.0,2,,1130,1,2,0,0,0,1,0,3,4,0,2,3,,N,,,,,,,,,,,
2009002218,1238,1,0,0,1,0,0,0,0,0,1,0,,67,11,2008,3,39.9428,-75.1657,1231.0,6,0,0,0,0,0,0,0,0,,0,0,0,12,1,1,1,,0,39 56:33.953,,0,75 09:56.689,8,0,0,0,67301,1,0,0,,0,0,0,2,67301,0,,2,9,,N,N,,0,,0,0,0,0.0,0,,1225,1,2,0,0,1,1,0,3,4,0,1,3,,N,,,,,,,,,,,
2009004190,2237,0,0,0,0,0,0,0,0,0,0,1,,67,12,2008,4,39.9112,-75.1525,2226.0,6,0,0,0,0,0,1,0,0,4.0,0,1,0,22,3,1,0,,2,39 54:40.540,4.0,2,75 08:58.480,4,0,0,0,67301,0,0,0,Y,0,0,0,1,68K01,1,,1,9,,N,N,,0,,0,0,0,0.0,0,Y,2216,1,1,0,0,0,0,0,3,4,0,1,3,,N,,,,,,,,,,,
2008069518,1312,2,0,0,0,0,0,1,0,0,4,1,,67,4,2008,5,40.0387,-75.1235,1304.0,6,0,0,0,0,0,0,1,0,,0,0,0,13,1,1,1,,0,40 02:19.456,,0,75 07:24.668,8,0,0,0,67301,0,0,0,N,0,0,0,7,67301,0,,1,1,,N,N,,0,,0,0,0,3.0,3,,1302,1,3,0,0,0,1,0,3,4,0,3,3,,N,,,,,,,,,,,
2008069527,1910,0,0,0,0,0,0,0,0,0,0,0,,67,4,2008,6,40.0744,-75.002,1900.0,6,0,0,0,0,0,1,0,0,,0,0,0,18,1,1,2,,0,40 04:27.840,,0,75 00:07.200,8,0,0,1,67301,0,0,0,N,0,0,0,1,67301,0,,1,1,,N,N,,0,,0,0,0,0.0,0,,1850,1,1,0,0,0,1,0,3,4,0,1,3,,N,,,,,,,,,,,
2008120892,943,1,0,0,0,0,0,1,0,0,4,1,,67,9,2008,3,39.9692,-75.2148,940.0,6,0,0,0,0,0,0,0,0,,0,0,0,9,1,6,1,,0,39 58:09.152,,0,75 12:53.323,4,0,0,0,67301,0,0,0,N,0,0,0,9,67301,6,,1,1,,,,,0,,0,0,0,3.0,3,,940,6,2,0,0,0,0,0,3,4,0,2,3,,N,,,,,,,,,,,
2008104460,9999,0,0,0,0,0,0,0,0,0,8,0,,67,7,2008,2,39.9888,-75.1273,9999.0,6,0,0,0,0,0,0,0,0,,0,0,0,99,1,1,0,,0,39 59:19.780,,0,75 07:38.319,4,0,0,0,67301,1,0,0,,1,0,0,2,67301,1,,1,1,,,,,1,,0,0,0,0.0,0,,9999,1,2,0,0,0,0,0,3,4,0,1,3,,N,,,,,,,,,,,
2008079055,1540,2,0,0,0,0,0,0,0,0,4,0,,67,5,2008,2,40.125,-75.0177,1528.0,6,0,0,0,1,0,0,1,0,,0,0,0,15,1,1,1,,0,40 07:30.036,,0,75 01:03.799,4,0,0,0,67301,0,0,0,N,0,0,0,2,67301,1,,1,1,,N,N,,0,,0,0,0,3.0,3,,1525,1,2,0,0,0,0,0,3,4,0,2,3,,N,,,,,,,,,,,
2008081540,1150,1,0,0,0,0,0,1,0,0,4,1,,67,5,2008,6,39.9579,-75.2142,1140.0,6,0,0,0,0,0,2,0,0,,0,0,0,11,1,4,1,,0,39 57:28.299,,0,75 12:51.119,4,0,0,0,67301,0,0,0,N,0,0,0,5,67301,4,,1,9,,N,N,,0,,0,0,0,3.0,3,,1130,4,2,0,0,0,0,0,3,4,0,2,7,,N,,,,,,,,,,,
2008079094,1837,0,0,0,0,0,0,0,0,0,0,0,,67,5,2008,5,40.0507,-75.1732,1837.0,6,0,0,0,0,0,1,0,0,,0,0,0,18,1,1,0,,0,40 03:02.680,,0,75 10:23.492,3,0,0,1,67301,0,0,0,,0,0,0,1,67301,0,,1,1,,N,N,,0,,1,0,0,0.0,0,,1835,1,1,0,0,0,0,0,3,4,0,1,3,,N,,,,,,,,,,,