CRN,ARRIVAL_TM,AUTOMOBILE_COUNT,BELTED_DEATH_COUNT,BELTED_SUSP_SERIOUS_INJ_COUNT,BICYCLE_COUNT,BICYCLE_DEATH_COUNT,BICYCLE_SUSP_SERIOUS_INJ_COUNT,BUS_COUNT,CHLDPAS_DEATH_COUNT,CHLDPAS_SUSP_SERIOUS_INJ_COUNT,COLLISION_TYPE,COMM_VEH_COUNT,CONS_ZONE_SPD_LIM,COUNTY,CRASH_MONTH,CRASH_YEAR,DAY_OF_WEEK,DEC_LAT,DEC_LONG,DISPATCH_TM,DISTRICT,DRIVER_COUNT_16YR,DRIVER_COUNT_17YR,DRIVER_COUNT_18YR,DRIVER_COUNT_19YR,DRIVER_COUNT_20YR,DRIVER_COUNT_50_64YR,DRIVER_COUNT_65_74YR,DRIVER_COUNT_75PLUS,EST_HRS_CLOSED,FATAL_COUNT,HEAVY_TRUCK_COUNT,HORSE_BUGGY_COUNT,HOUR_OF_DAY,ILLUMINATION,INJURY_COUNT,INTERSECT_TYPE,INTERSECTION_RELATED,LANE_CLOSED,LATITUDE,LN_CLOSE_DIR,LOCATION_TYPE,LONGITUDE,MAX_SEVERITY_LEVEL,MCYCLE_DEATH_COUNT,MCYCLE_SUSP_SERIOUS_INJ_COUNT,MOTORCYCLE_COUNT,MUNICIPALITY,NONMOTR_COUNT,NONMOTR_DEATH_COUNT,NONMOTR_SUSP_SERIOUS_INJ_COUNT,NTFY_HIWY_MAINT,PED_COUNT,PED_DEATH_COUNT,PED_SUSP_SERIOUS_INJ_COUNT,PERSON_COUNT,POLICE_AGCY,POSSIBLE_INJ_COUNT,RDWY_SURF_TYPE_CD,RELATION_TO_ROAD,ROAD_CONDITION,ROADWAY_CLEARED,SCH_BUS_IND,SCH_ZONE_IND,SECONDARY_CRASH,SMALL_TRUCK_COUNT,SPEC_JURIS_CD,SUSP_MINOR_INJ_COUNT,SUSP_SERIOUS_INJ_COUNT,SUV_COUNT,TCD_FUNC_CD,TCD_TYPE,TFC_DETOUR_IND,TIME_OF_DAY,TOT_INJ_COUNT,TOTAL_UNITS,UNB_DEATH_COUNT,UNB_SUSP_SERIOUS_INJ_COUNT,UNBELTED_OCC_COUNT,UNK_INJ_DEG_COUNT,UNK_INJ_PER_COUNT,URBAN_AREA,URBAN_RURAL,VAN_COUNT,VEHICLE_COUNT,WEATHER1,WEATHER2,WORK_ZONE_IND,WORK_ZONE_LOC,WORK_ZONE_TYPE,WORKERS_PRES,WZ_CLOSE_DETOUR,WZ_FLAGGER,WZ_LAW_OFFCR_IND,WZ_LN_CLOSURE,WZ_MOVING,WZ_OTHER,WZ_SHLDER_MDN,WZ_WORKERS_INJ_KILLED
2008079099,2030,1,0,0,0,0,0,0,0,0,8,0,,67,5,2008,3,39.9584,-75.2243,1930.0,6,0,0,0,0,0,0,0,0,,0,0,0,19,6,1,0,,0,39 57:30.152,,0,75 13:27.415,4,0,0,0,67301,1,0,0,N,1,0,0,2,67301,1,,1,1,,N,N,,0,,0,0,0,0.0,0,,1930,1,2,0,0,0,0,1,3,4,0,1,3,,N,,,,,,,,,,,
2008073723,1134,3,0,0,0,0,0,0,0,0,4,0,,67,4,2008,4,40.0461,-75.1779,1131.0,6,0,0,0,0,0,0,0,0,,0,0,0,99,1,1,0,,0,40 02:46.100,,0,75 10:40.430,8,0,0,0,67301,0,0,0,N,0,0,0,3,67301,0,,1,1,,N,N,,0,,0,0,0,0.0,0,,9999,1,3,0,0,0,1,0,3,4,0,3,3,,N,,,,,,,,,,,
2008089377,802,2,0,0,0,0,0,0,0,0,1,0,,67,6,2008,4,40.0632,-75.1718,756.0,6,0,0,0,0,0,3,0,0,1.0,0,0,0,7,1,3,0,,1,40 03:47.350,2.0,0,75 10:18.360,4,0,0,0,67301,0,0,0,N,0,0,0,5,67301,3,,1,1,,N,N,,0,,0,0,1,9.0,9,Y,752,3,4,0,0,0,0,1,3,4,1,4,3,,N,,,,,,,,,,,
2008081550,1225,1,0,0,0,0,0,0,0,0,4,0,,67,5,2008,7,39.9589,-75.1567,1225.0,6,0,0,0,0,1,0,0,0,2.0,0,0,0,12,1,2,1,,2,39 57:32.119,1.0,0,75 09:24.206,4,0,0,0,67301,0,0,0,N,0,0,0,3,67301,2,,1,9,,N,N,,0,,0,0,1,3.0,2,Y,1220,2,2,0,0,0,0,0,3,4,0,2,7,,N,,,,,,,,,,,
2008094860,1220,1,0,0,1,0,0,0,0,0,4,0,,67,6,2008,1,40.0432,-75.2275,1218.0,6,0,0,0,0,0,0,0,0,,0,0,0,12,1,1,2,,0,40 02:35.031,,0,75 13:38.065,4,0,0,0,67301,1,0,0,,0,0,0,2,67301,1,,1,1,,,,,0,,0,0,0,0.0,0,,1217,1,2,0,0,0,0,0,3,4,0,1,3,,N,,,,,,,,,,,
2008094920,1720,3,0,0,0,0,0,0,0,0,1,0,,67,6,2008,2,40.0806,-75.0285,1714.0,6,0,0,0,0,0,1,0,0,1.0,0,0,0,17,1,2,0,,1,40 04:50.037,1.0,0,75 01:42.887,4,0,0,0,67301,0,0,0,N,0,0,0,3,67301,2,,1,1,,N,N,,0,,0,0,0,0.0,0,N,1705,2,3,0,0,0,0,0,3,4,0,3,3,,N,,,,,,,,,,,
2008079173,1149,0,0,0,1,0,0,0,0,0,5,0,,67,4,2008,1,40.0357,-75.057,1147.0,6,0,0,0,0,0,0,0,0,2.0,0,0,0,11,1,1,1,,2,40 02:08.365,7.0,0,75 03:25.131,8,0,0,0,67301,1,0,0,N,0,0,0,2,67301,0,,1,1,,N,N,,0,,0,0,1,3.0,3,N,1146,1,2,0,0,0,1,1,3,4,0,1,3,,N,,,,,,,,,,,
2008073933,931,1,0,0,0,0,0,0,0,0,1,1,,67,6,2008,5,40.0019,-75.0787,929.0,6,0,0,0,0,0,0,0,0,,0,1,0,9,1,0,0,,0,40 00:06.500,,0,75 04:43.413,0,0,0,0,67301,0,0,0,N,0,0,0,2,68K01,0,,1,1,,N,N,,0,,0,0,0,0.0,0,,920,0,2,0,0,0,0,0,3,4,0,2,3,,N,,,,,,,,,,,
2008081122,1047,2,0,0,0,0,0,0,0,0,4,0,,67,5,2008,1,39.9491,-75.1557,1046.0,6,0,0,0,0,0,0,0,1,1.0,0,0,0,10,1,0,1,,2,39 56:56.623,1.0,0,75 09:20.444,0,0,0,0,67301,0,0,0,N,0,0,0,2,67301,0,,1,1,,N,N,,0,,0,0,0,3.0,3,Y,1040,0,2,0,0,0,0,0,3,4,0,2,3,,N,,,,,,,,,,,
2008086705,451,0,0,0,0,0,0,0,0,0,7,0,,67,7,2008,5,40.0197,-75.0452,412.0,6,0,0,0,0,0,0,0,0,2.0,0,0,0,4,3,0,0,,1,40 01:10.560,2.0,0,75 02:43.080,9,0,0,0,67301,0,0,0,N,0,0,0,2,68K01,0,,2,9,,N,N,,0,,0,0,1,0.0,0,N,407,0,2,0,0,0,0,1,3,4,0,2,7,,N,,,,,,,,,,,
2008100989,735,2,0,0,0,0,0,0,0,0,1,0,,67,7,2008,7,40.0295,-75.0562,730.0,6,0,0,0,0,0,1,0,0,,0,0,0,7,1,3,1,,0,40 01:46.027,,0,75 03:22.177,4,0,0,0,67301,0,0,0,N,0,0,0,4,67301,3,,1,1,,N,N,,0,,0,0,0,3.0,2,,730,3,3,0,0,0,0,0,3,4,1,3,3,,N,,,,,,,,,,,
2008096071,0,3,0,0,0,0,0,0,0,0,1,0,,67,6,2008,6,39.9594,-75.2454,2352.0,6,0,0,0,1,0,0,0,1,,0,0,0,22,3,2,0,,0,39 57:33.931,,0,75 14:43.486,8,0,0,0,67301,0,0,0,N,0,0,0,5,67301,0,,1,1,,N,N,,0,,0,0,0,0.0,0,,2230,2,3,0,0,0,2,0,3,4,0,3,3,,N,,,,,,,,,,,
2008133977,1503,0,0,0,1,0,0,0,0,0,5,0,,67,10,2008,6,39.9475,-75.228,1503.0,6,0,0,0,0,0,0,0,0,,0,0,0,14,1,1,0,,0,39 56:50.992,,0,75 13:40.843,4,0,0,0,67301,1,0,0,N,0,0,0,2,67301,1,,1,1,,N,N,,0,,0,0,0,0.0,0,,1430,1,2,0,0,0,0,0,3,4,1,1,3,,N,,,,,,,,,,,
2008126593,849,2,0,0,0,0,0,0,0,0,1,0,,67,9,2008,6,39.9535,-75.1377,846.0,6,0,0,0,0,1,0,0,0,1.0,0,0,0,8,1,1,0,,1,39 57:12.701,4.0,3,75 08:15.777,4,0,0,0,67301,0,0,0,N,0,0,0,5,67501,1,,1,1,,N,N,,0,,0,0,2,3.0,2,N,846,1,4,0,0,0,0,0,3,4,0,4,3,,N,,,,,,,,,,,
2008134008,1629,1,0,0,0,0,0,0,0,0,2,0,,67,10,2008,7,39.9334,-75.2391,1627.0,6,0,0,0,0,0,0,0,0,9.0,0,0,0,16,1,2,0,,2,39 56:00.240,3.0,0,75 14:20.760,2,0,1,1,67301,0,0,0,,0,0,0,2,67301,1,,1,1,,,,,0,,0,1,0,0.0,0,Y,1622,2,2,0,0,0,0,0,3,4,0,2,3,,N,,,,,,,,,,,
2008119250,1707,1,0,0,0,0,0,0,0,0,8,0,,67,9,2008,7,39.989,-75.1644,1705.0,6,0,0,0,0,0,0,0,0,,0,0,0,17,1,1,0,,0,39 59:20.310,,0,75 09:51.945,4,0,0,0,67301,1,0,0,,1,0,0,2,67301,1,,1,1,,,,,0,,0,0,0,0.0,0,,1705,1,2,0,0,1,0,0,3,4,0,1,3,,N,,,,,,,,,,,
2008119260,120,1,0,0,0,0,0,0,0,0,4,0,,67,9,2008,2,40.0223,-75.162,109.0,6,0,0,0,0,0,0,0,0,,0,0,0,1,3,1,1,,0,40 01:20.289,,0,75 09:43.291,4,0,0,0,67301,0,0,0,N,0,0,0,2,67301,1,,1,1,,N,N,,0,,0,0,1,3.0,2,,100,1,2,0,0,0,0,0,3,4,0,2,3,,N,,,,,,,,,,,
2008133563,1332,2,0,0,0,0,0,0,0,0,4,0,,67,10,2008,3,39.9705,-75.2451,1327.0,6,0,0,0,0,0,0,1,0,,0,0,0,13,1,1,0,,0,39 58:13.761,,0,75 14:42.314,8,0,0,0,67301,0,0,0,N,0,0,0,3,67301,0,,1,9,,N,N,,0,,0,0,0,0.0,0,,1315,1,2,0,0,0,1,0,3,4,0,2,7,,N,,,,,,,,,,,
2008119294,1935,2,0,0,0,0,0,0,0,0,4,0,,67,9,2008,7,40.0808,-75.0286,1930.0,6,0,1,0,0,0,0,1,0,1.0,0,0,0,19,3,0,1,,2,40 04:50.725,6.0,0,75 01:42.964,0,0,0,0,67301,0,0,0,N,0,0,0,2,67301,0,,1,1,,N,N,,0,,0,0,0,9.0,2,N,1928,0,2,0,0,0,0,0,3,4,0,2,3,,N,,,,,,,,,,,
2008133590,2107,2,0,0,0,0,0,0,0,0,1,0,,67,10,2008,3,40.0287,-75.1736,2107.0,6,0,0,0,0,0,0,0,0,,0,0,0,21,3,2,1,,0,40 01:43.230,,0,75 10:25.010,8,0,0,0,67301,0,0,0,N,0,0,0,3,67301,0,,1,1,,N,N,,0,,0,0,0,0.0,0,,2107,2,2,0,0,3,2,0,3,4,0,2,3,,N,,,,,,,,,,,
2008133594,2308,0,0,0,0,0,0,0,0,0,8,0,,67,10,2008,6,39.9619,-75.1413,2300.0,6,0,0,0,0,0,0,0,0,,0,0,0,22,3,1,0,,0,39 57:42.886,,0,75 08:28.575,8,0,0,0,67301,1,0,0,N,1,0,0,2,67301,0,,1,1,,N,N,,1,,0,0,0,0.0,0,,2250,1,2,0,0,0,1,0,3,4,0,1,3,,N,,,,,,,,,,,
2008118991,1418,2,0,0,0,0,0,0,0,0,4,0,,67,10,2008,7,39.9434,-75.1553,1417.0,6,0,0,0,0,0,1,0,0,,0,0,0,14,1,1,2,,0,39 56:36.308,,0,75 09:18.932,8,0,0,0,67301,0,0,0,N,0,0,0,2,67301,0,,1,1,,N,N,,0,,0,0,0,3.0,2,,1417,1,2,0,0,0,1,0,3,4,0,2,3,,N,,,,,,,,,,,
2008118995,1421,1,0,0,1,0,0,0,0,0,4,0,,67,9,2008,4,39.9442,-75.1616,1419.0,6,0,0,0,0,0,0,0,0,,0,0,0,14,1,1,1,,0,39 56:39.123,,0,75 09:41.612,4,0,0,0,67301,1,0,0,N,0,0,0,2,67301,1,,1,1,,N,N,,0,,0,0,0,3.0,2,,1417,1,2,0,0,0,0,0,3,4,0,1,3,,N,,,,,,,,,,,
2008097850,2255,4,0,0,0,0,0,0,0,0,8,0,,67,8,2008,6,40.0992,-75.0195,2250.0,6,0,0,0,0,0,0,1,0,,0,0,0,22,3,1,0,,0,40 05:57.166,,0,75 01:10.066,3,0,0,0,67301,1,0,0,,1,0,0,2,67301,0,,4,1,,,,,0,,1,0,1,0.0,0,,2250,1,6,0,0,0,0,0,3,4,0,5,3,,N,,,,,,,,,,,
2008085199,905,0,0,0,0,0,0,0,0,0,8,0,,67,4,2008,3,39.9559,-75.1574,855.0,6,0,0,0,0,0,0,0,0,,0,0,0,8,1,1,0,,0,39 57:21.375,,0,75 09:26.655,8,0,0,0,67301,1,0,0,N,1,0,0,2,67301,0,,6,1,,N,N,,0,,0,0,0,0.0,0,,845,1,2,0,0,0,1,0,3,4,1,1,3,,N,,,,,,,,,,,
2008097894,1823,1,0,0,0,0,0,0,0,0,7,0,,67,6,2008,3,39.9676,-75.2009,1817.0,6,0,0,0,0,0,0,0,0,,0,0,0,18,1,1,0,,0,39 58:03.446,,0,75 12:03.085,3,0,0,0,67301,0,0,0,N,0,0,0,1,67301,0,,5,1,,N,N,,0,,1,0,0,0.0,0,,1817,1,1,0,0,0,0,0,3,4,0,1,3,,N,,,,,,,,,,,
2008083326,1040,0,0,0,0,0,0,0,0,0,8,0,,67,5,2008,6,40.0643,-75.1536,1030.0,6,0,0,0,0,0,0,0,0,,0,0,0,8,3,1,5,,0,40 03:51.426,,0,75 09:12.794,3,0,0,0,67301,1,0,0,,1,0,0,2,67301,0,,1,9,,N,N,,0,,1,0,0,1.0,2,,830,1,2,0,0,0,0,0,3,4,0,1,98,,N,,,,,,,,,,,
2008078401,2302,1,0,0,0,0,0,0,0,0,4,0,,67,7,2008,6,39.9883,-75.254,2258.0,6,0,0,0,0,1,0,1,0,2.0,0,0,0,22,3,0,1,,1,39 59:17.883,2.0,0,75 15:14.304,0,0,0,0,67301,0,0,0,N,0,0,0,4,46104,0,,1,9,,N,N,,1,,0,0,1,3.0,2,N,2258,0,3,0,0,0,0,0,3,4,0,3,3,,N,,,,,,,,,,,
2008082875,1022,3,0,0,0,0,0,0,0,0,2,0,,67,5,2008,5,39.9175,-75.1761,1021.0,6,0,0,0,0,0,1,0,0,,0,0,0,10,1,1,1,,0,39 55:03.039,,0,75 10:34.125,8,0,0,0,67301,0,0,0,N,0,0,0,2,67301,0,,1,1,,N,N,,1,,0,0,1,3.0,2,,1020,1,5,0,0,0,1,0,3,4,0,5,3,,N,,,,,,,,,,,
2008080962,2235,2,0,0,0,0,0,0,0,0,1,0,,67,7,2008,7,39.9166,-75.1477,2224.0,6,0,0,0,1,0,0,0,0,1.0,0,0,0,22,3,0,0,,2,39 54:55.690,2.0,0,75 08:52.413,0,0,0,0,67301,0,0,0,N,0,0,0,7,68K01,0,,1,9,,N,N,,0,,0,0,0,0.0,0,N,2220,0,2,0,0,5,0,0,3,4,0,2,7,,N,,,,,,,,,,,
2008088400,1945,0,0,0,0,0,0,0,0,0,7,0,,67,6,2008,5,40.0015,-75.1042,1939.0,6,0,0,0,0,0,0,1,0,,0,0,0,19,1,1,1,,0,40 00:05.418,,0,75 06:14.947,4,0,0,0,67301,0,0,0,N,0,0,0,1,67301,1,,5,1,,N,N,,0,,0,0,1,3.0,2,,1936,1,1,0,0,0,0,0,3,4,0,1,3,,N,,,,,,,,,,,
2008088445,1235,2,0,0,0,0,0,0,0,0,4,0,,67,6,2008,1,39.9289,-75.1821,1230.0,6,0,0,1,0,0,0,0,0,,0,0,0,12,1,1,1,,0,39 55:44.140,,0,75 10:55.581,4,0,0,0,67301,0,0,0,N,0,0,0,2,67301,1,,1,1,,N,N,,0,,0,0,0,3.0,3,,1228,1,2,0,0,0,0,0,3,4,0,2,3,,N,,,,,,,,,,,
2008095232,958,1,0,0,0,0,0,0,0,0,5,0,,67,6,2008,6,39.9487,-75.1589,957.0,6,0,0,0,0,0,1,0,0,,0,0,0,9,1,1,1,,0,39 56:55.252,,0,75 09:32.048,3,0,0,1,67301,0,0,0,N,0,0,0,3,67301,0,,1,1,,N,N,,0,,1,0,0,3.0,2,,957,1,2,0,0,0,0,0,3,4,0,2,3,,N,,,,,,,,,,,
2008088178,1805,1,0,0,0,0,0,0,0,0,8,0,,67,5,2008,1,39.989,-75.1644,1800.0,6,0,0,0,0,0,0,0,0,,0,0,0,99,1,1,0,,0,39 59:20.310,,0,75 09:51.946,8,0,0,0,67301,1,0,0,N,1,0,0,2,67301,0,,1,1,,N,N,,0,,0,0,0,0.0,0,,9999,1,2,0,0,0,1,1,3,4,0,1,99,,N,,,,,,,,,,,
2008088294,1740,1,0,0,0,0,0,0,0,0,8,0,,67,6,2008,2,40.0236,-75.1488,1735.0,6,0,0,1,0,0,0,0,0,,0,0,0,17,1,1,0,,0,40 01:25.125,,0,75 08:55.708,8,0,0,0,67301,1,0,0,N,1,0,0,2,67301,0,,1,1,,N,N,,0,,0,0,0,0.0,0,,1730,1,2,0,0,0,1,0,3,4,0,1,3,,N,,,,,,,,,,,
2008087993,900,3,0,0,0,0,0,0,0,0,3,0,,67,6,2008,3,40.0412,-75.1513,849.0,6,0,1,0,0,0,0,0,0,1.0,0,0,0,7,1,2,3,,1,40 02:28.161,2.0,0,75 09:04.622,4,0,0,0,67301,0,0,0,N,0,0,0,6,67301,2,,1,1,,N,N,,0,,0,0,2,1.0,2,Y,740,2,5,0,0,0,0,0,3,4,0,5,3,,N,,,,,,,,,,,
2008082224,2134,1,0,0,0,0,0,0,0,0,8,0,,67,5,2008,5,39.9509,-75.2431,2130.0,6,0,0,0,0,0,0,0,0,,0,0,0,21,3,1,1,,0,39 57:03.394,,0,75 14:35.134,4,0,0,0,67301,1,0,0,N,1,0,0,2,67301,1,,4,1,,N,N,,0,,0,0,0,3.0,2,,2127,1,2,0,0,0,0,0,3,4,0,1,3,,N,,,,,,,,,,,
2008097422,221,0,0,0,0,0,0,0,0,0,4,0,,67,7,2008,1,39.992,-75.1402,218.0,6,0,0,0,0,0,0,0,0,9.0,0,0,0,2,3,1,1,,1,39 59:31.321,3.0,0,75 08:24.666,4,0,0,1,67301,0,0,0,N,0,0,0,2,67301,1,,1,1,,N,N,,0,,0,0,0,3.0,2,N,209,1,2,0,0,0,0,1,3,4,0,2,3,,N,,,,,,,,,,,
2008088842,150,4,0,1,0,0,0,0,0,0,6,0,,67,6,2008,7,40.0316,-75.0633,150.0,6,0,0,0,0,0,0,0,0,,0,0,0,1,3,1,1,,0,40 01:53.711,,0,75 03:48.013,2,0,0,0,67301,0,0,0,N,0,0,0,8,67301,0,,1,1,,N,N,,0,,0,1,1,3.0,2,,150,1,5,0,0,0,0,0,3,4,0,5,3,,N,,,,,,,,,,,
2008091359,1530,1,0,0,0,0,0,0,0,0,0,0,,67,3,2008,3,39.9501,-75.1641,1523.0,6,0,0,0,0,0,0,0,0,,0,1,0,14,1,1,0,,0,39 57:00.398,,0,75 09:50.914,4,0,0,0,67301,1,0,0,,1,0,0,2,67301,1,,5,1,,,,,0,,0,0,0,0.0,0,,1415,1,3,0,0,0,0,0,3,4,0,2,3,,N,,,,,,,,,,,
2008071390,2325,2,0,0,0,0,0,0,0,0,1,0,,67,6,2008,7,39.9415,-75.1945,2315.0,6,0,0,0,0,1,0,0,0,,0,0,0,22,3,0,0,,0,39 56:36.499,,0,75 11:33.088,0,0,0,0,67301,0,0,0,N,0,0,0,4,68K01,0,,1,1,,N,N,,0,,0,0,0,0.0,0,,2250,0,2,0,0,0,0,0,3,4,0,2,3,,N,,,,,,,,,,,
2008081529,2110,2,0,0,0,0,0,0,0,0,1,0,,67,4,2008,6,39.9807,-75.2214,2100.0,6,0,0,0,0,0,0,0,0,,0,0,0,21,3,1,2,,0,39 58:50.471,,0,75 13:16.980,4,0,0,1,67301,0,0,0,,0,0,0,2,67301,1,,1,1,,,,,0,,0,0,0,0.0,0,,2100,1,3,0,0,0,0,1,3,4,0,3,3,,N,,,,,,,,,,,
2008094817,1102,1,0,0,0,0,0,0,0,0,8,0,,67,6,2008,4,40.1025,-75.0287,1056.0,6,0,0,0,0,0,0,1,0,,0,0,0,10,1,1,1,,0,40 06:08.954,,0,75 01:43.448,4,0,0,0,67301,1,0,0,,1,0,0,2,67301,1,,1,1,,,,,0,,0,0,0,3.0,2,,1055,1,2,0,0,0,0,0,3,4,0,1,3,,N,,,,,,,,,,,
2008094840,752,1,0,0,1,0,0,0,0,0,4,0,,67,6,2008,5,39.9626,-75.163,751.0,6,0,0,0,0,0,1,0,0,,0,0,0,7,1,1,1,,0,39 57:45.353,,0,75 09:46.941,4,0,0,0,67301,1,0,0,N,0,0,0,2,67301,1,,1,1,,N,N,,0,,0,0,0,3.0,2,,747,1,2,0,0,0,0,0,3,4,0,1,3,,N,,,,,,,,,,,
2008081127,2130,1,0,0,0,0,0,0,0,0,8,0,,67,5,2008,2,40.0075,-75.1501,2130.0,6,0,0,0,0,0,0,0,0,,0,0,0,17,1,1,1,,0,40 00:26.838,,0,75 09:00.525,8,0,0,0,67301,1,0,0,N,1,0,0,2,67301,0,,1,9,,N,N,,0,,0,0,0,9.0,9,,1730,1,2,0,0,0,1,1,3,4,0,1,7,,N,,,,,,,,,,,
2008100896,157,1,0,0,0,0,0,1,0,0,4,1,,67,7,2008,7,40.0106,-75.1674,156.0,6,0,0,0,0,0,0,0,0,,0,0,0,1,3,1,2,,0,40 00:38.155,,7,75 10:02.524,8,0,0,0,67301,0,0,0,N,0,0,0,2,67301,0,,1,9,,N,N,,0,,0,0,0,0.0,0,,154,1,2,0,0,0,1,0,3,4,0,2,7,,N,,,,,,,,,,,
2008100959,151,1,0,0,0,0,0,1,0,0,7,1,,67,7,2008,7,39.9715,-75.1595,128.0,6,0,0,0,0,0,0,0,0,2.0,0,0,0,1,3,5,0,,1,39 58:17.431,2.0,0,75 09:34.201,8,0,0,0,67301,0,0,0,,0,0,0,7,67301,0,,2,9,,N,N,,0,,0,0,0,3.0,2,N,128,5,2,0,0,0,5,0,3,4,0,2,7,,N,,,,,,,,,,,
2008098450,1420,1,0,0,0,0,0,0,0,0,7,0,,67,6,2008,4,40.0569,-75.1397,1415.0,6,0,0,1,0,0,0,0,0,,0,0,0,14,1,0,0,,0,40 03:24.811,,7,75 08:23.093,0,0,0,0,67301,0,0,0,N,0,0,0,1,67301,0,,5,1,,N,N,,0,,0,0,0,3.0,3,,1409,0,1,0,0,0,0,0,3,4,0,1,3,,N,,,,,,,,,,,
2008098454,2211,1,0,0,0,0,0,0,0,0,8,0,,67,6,2008,7,40.0205,-75.1366,2203.0,6,0,0,0,0,0,0,0,1,,0,0,0,21,3,1,2,,0,40 01:13.620,,0,75 08:11.851,4,0,0,0,67301,1,0,0,,1,0,0,2,67301,1,,1,1,,,,,0,,0,0,0,0.0,0,,2159,1,2,0,0,0,0,0,3,4,0,1,3,,N,,,,,,,,,,,
2008081288,2113,0,0,0,0,0,0,0,0,0,1,0,,67,7,2008,5,39.8803,-75.2476,2113.0,6,0,0,0,0,0,1,0,0,1.0,0,0,0,21,3,1,0,,1,39 52:48.789,2.0,0,75 14:51.688,8,0,0,0,67301,0,0,0,N,0,0,0,2,68K01,0,,1,1,,N,N,,1,,0,0,1,4.0,8,N,2113,1,2,0,0,0,1,0,3,4,0,2,3,,N,,,,,,,,,,,
2008133990,1553,1,0,0,0,0,0,0,0,0,8,0,,67,10,2008,3,40.0293,-75.1065,1541.0,6,0,0,0,0,0,0,0,0,3.0,0,0,0,15,1,1,2,,1,40 01:45.719,2.0,0,75 06:22.864,3,0,0,0,67301,1,0,0,N,1,0,0,2,67301,0,,1,1,,N,N,,0,,1,0,0,3.0,2,N,1530,1,2,0,0,0,0,0,3,4,0,1,3,,N,,,,,,,,,,,
2008136720,1207,0,0,0,0,0,0,0,0,0,0,0,,67,11,2008,1,39.9584,-75.166,1207.0,6,0,0,0,0,0,1,0,0,1.0,0,0,0,12,1,1,0,,1,39 57:30.454,4.0,0,75 09:59.179,4,0,0,1,67301,0,0,0,N,0,0,0,1,68K01,1,,1,1,,N,N,,0,,0,0,0,0.0,0,N,1205,1,1,0,0,0,0,0,3,4,0,1,3,,N,,,,,,,,,,,
2008134091,1028,1,0,0,0,0,0,0,0,0,7,0,,67,11,2008,4,39.9999,-75.1905,1021.0,6,0,0,0,0,0,0,0,0,,0,0,0,10,1,0,0,,0,39 59:59.718,,0,75 11:25.824,0,0,0,0,67301,0,0,0,,0,0,0,3,67301,0,,2,9,,N,N,,0,,0,0,0,0.0,0,,1015,0,1,0,0,0,0,0,3,4,0,1,7,,N,,,,,,,,,,,
2008119217,840,2,0,0,0,0,0,0,0,0,4,0,,67,9,2008,2,40.0482,-75.1441,830.0,6,0,0,0,0,0,0,0,0,,0,0,0,8,1,0,2,,0,40 02:53.445,,0,75 08:38.668,0,0,0,0,67301,0,0,0,N,0,0,0,2,67301,0,,1,1,,N,N,,0,,0,0,0,3.0,3,,815,0,2,0,0,0,0,0,3,4,0,2,3,,N,,,,,,,,,,,
2008133575,257,2,0,0,0,0,0,0,0,0,4,0,,67,11,2008,1,40.0441,-75.1288,245.0,6,0,0,1,0,0,0,0,0,,0,0,0,2,3,1,1,,0,40 02:38.691,,0,75 07:43.766,2,0,0,0,67301,0,0,0,N,0,0,0,3,67301,0,,1,1,,N,N,,0,,0,1,0,2.0,2,,230,1,2,0,0,1,0,0,3,4,0,2,3,,N,,,,,,,,,,,
2008119357,0,2,0,0,0,0,0,0,0,0,4,0,,67,7,2008,3,39.9275,-75.1841,0.0,6,0,0,0,0,0,1,0,0,,0,0,0,15,1,1,1,,0,39 55:38.960,,0,75 11:02.756,8,0,0,0,67301,0,0,0,N,0,0,0,2,00000,0,,1,1,,N,N,,0,,0,0,0,0.0,0,,1500,1,2,0,0,0,1,0,3,4,0,2,3,,N,,,,,,,,,,,
2008118996,1807,1,0,0,0,0,0,0,0,0,8,0,,67,9,2008,6,39.9175,-75.1658,1804.0,6,0,0,0,0,0,0,0,0,,0,0,0,17,1,1,1,,0,39 55:03.072,,0,75 09:56.897,4,0,0,0,67301,1,0,0,N,1,0,0,2,67301,1,,4,9,,N,N,,0,,0,0,0,0.0,0,,1730,1,2,0,0,0,0,0,3,4,0,1,7,,N,,,,,,,,,,,
2008095693,1533,0,0,0,0,0,0,0,0,0,7,0,99.0,67,8,2008,5,40.0984,-75.0471,1527.0,6,0,0,0,0,0,0,0,0,9.0,0,1,0,15,1,1,1,,1,40 05:54.088,6.0,0,75 02:49.438,4,0,0,0,67301,1,0,0,N,1,0,0,2,67301,1,,4,1,,N,N,,0,,0,0,0,0.0,0,N,1520,1,2,0,0,0,0,0,3,4,0,1,3,,Y,4.0,3.0,U,U,U,N,U,U,U,Y,
2008095392,1924,1,0,0,0,0,0,0,0,0,2,0,,67,8,2008,1,39.9437,-75.1504,1945.0,6,0,0,0,0,0,0,0,0,,0,0,0,19,4,0,1,,0,39 56:37.392,,0,75 09:01.267,0,0,0,0,67301,0,0,0,N,0,0,0,4,67301,0,,1,9,,N,N,,0,,0,0,1,3.0,2,,1924,0,2,0,0,0,0,0,3,4,0,2,7,,N,,,,,,,,,,,