CRN,ARRIVAL_TM,AUTOMOBILE_COUNT,BELTED_DEATH_COUNT,BELTED_SUSP_SERIOUS_INJ_COUNT,BICYCLE_COUNT,BICYCLE_DEATH_COUNT,BICYCLE_SUSP_SERIOUS_INJ_COUNT,BUS_COUNT,CHLDPAS_DEATH_COUNT,CHLDPAS_SUSP_SERIOUS_INJ_COUNT,COLLISION_TYPE,COMM_VEH_COUNT,CONS_ZONE_SPD_LIM,COUNTY,CRASH_MONTH,CRASH_YEAR,DAY_OF_WEEK,DEC_LAT,DEC_LONG,DISPATCH_TM,DISTRICT,DRIVER_COUNT_16YR,DRIVER_COUNT_17YR,DRIVER_COUNT_18YR,DRIVER_COUNT_19YR,DRIVER_COUNT_20YR,DRIVER_COUNT_50_64YR,DRIVER_COUNT_65_74YR,DRIVER_COUNT_75PLUS,EST_HRS_CLOSED,FATAL_COUNT,HEAVY_TRUCK_COUNT,HORSE_BUGGY_COUNT,HOUR_OF_DAY,ILLUMINATION,INJURY_COUNT,INTERSECT_TYPE,INTERSECTION_RELATED,LANE_CLOSED,LATITUDE,LN_CLOSE_DIR,LOCATION_TYPE,LONGITUDE,MAX_SEVERITY_LEVEL,MCYCLE_DEATH_COUNT,MCYCLE_SUSP_SERIOUS_INJ_COUNT,MOTORCYCLE_COUNT,MUNICIPALITY,NONMOTR_COUNT,NONMOTR_DEATH_COUNT,NONMOTR_SUSP_SERIOUS_INJ_COUNT,NTFY_HIWY_MAINT,PED_COUNT,PED_DEATH_COUNT,PED_SUSP_SERIOUS_INJ_COUNT,PERSON_COUNT,POLICE_AGCY,POSSIBLE_INJ_COUNT,RDWY_SURF_TYPE_CD,RELATION_TO_ROAD,ROAD_CONDITION,ROADWAY_CLEARED,SCH_BUS_IND,SCH_ZONE_IND,SECONDARY_CRASH,SMALL_TRUCK_COUNT,SPEC_JURIS_CD,SUSP_MINOR_INJ_COUNT,SUSP_SERIOUS_INJ_COUNT,SUV_COUNT,TCD_FUNC_CD,TCD_TYPE,TFC_DETOUR_IND,TIME_OF_DAY,TOT_INJ_COUNT,TOTAL_UNITS,UNB_DEATH_COUNT,UNB_SUSP_SERIOUS_INJ_COUNT,UNBELTED_OCC_COUNT,UNK_INJ_DEG_COUNT,UNK_INJ_PER_COUNT,URBAN_AREA,URBAN_RURAL,VAN_COUNT,VEHICLE_COUNT,WEATHER1,WEATHER2,WORK_ZONE_IND,WORK_ZONE_LOC,WORK_ZONE_TYPE,WORKERS_PRES,WZ_CLOSE_DETOUR,WZ_FLAGGER,WZ_LAW_OFFCR_IND,WZ_LN_CLOSURE,WZ_MOVING,WZ_OTHER,WZ_SHLDER_MDN,WZ_WORKERS_INJ_KILLED
2008095393,1115,1,0,0,0,0,0,0,0,0,4,0,,67,6,2008,7,39.9073,-75.188,1109.0,6,0,0,0,0,0,0,0,0,,0,0,0,99,1,0,3,,0,39 54:26.239,,0,75 11:16.633,0,0,0,0,67301,0,0,0,N,0,0,0,2,67301,0,,1,1,,N,N,,0,,0,0,1,3.0,3,,9999,0,2,0,0,0,0,0,3,4,0,2,3,,N,,,,,,,,,,,
2008083355,804,3,0,0,0,0,0,0,0,0,4,0,,67,5,2008,3,40.0111,-75.1641,803.0,6,0,0,0,0,0,0,1,0,1.0,0,0,0,99,1,1,1,,2,40 00:39.960,3.0,0,75 09:50.760,8,0,0,0,67301,0,0,0,,0,0,0,2,67301,0,,2,1,,N,N,,0,,0,0,0,3.0,2,N,9999,1,3,0,0,0,1,1,3,4,0,3,3,,N,,,,,,,,,,,
2008095466,1804,0,0,0,0,0,0,0,0,0,7,0,,67,4,2008,2,39.9966,-75.159,1601.0,6,0,0,0,0,0,0,0,0,1.0,0,0,0,17,1,2,0,,1,39 59:47.767,6.0,0,75 09:32.320,8,0,0,0,67301,0,0,0,,0,0,0,2,67301,0,,5,1,,,,,0,,0,0,1,0.0,0,Y,1756,2,1,0,0,1,2,0,3,4,0,1,3,,N,,,,,,,,,,,
2008097623,1415,3,0,0,0,0,0,0,0,0,4,0,,67,7,2008,2,39.9913,-75.1552,1410.0,6,0,0,0,0,0,1,0,0,,0,0,0,14,1,1,0,,0,39 59:28.590,,0,75 09:18.619,8,0,0,0,67301,0,0,0,N,0,0,0,4,67301,0,,7,1,,N,N,,0,,0,0,1,0.0,0,,1408,1,4,0,0,0,1,0,3,4,0,4,3,5.0,N,,,,,,,,,,,
2008088438,845,0,0,0,0,0,0,0,0,0,6,0,,67,6,2008,4,39.9976,-75.1467,839.0,6,0,0,0,0,0,0,0,0,,0,0,0,8,1,1,1,,0,39 59:51.514,,0,75 08:48.199,4,0,0,0,67301,0,0,0,,0,0,0,2,67301,1,,1,9,,N,N,,0,,0,0,1,3.0,3,,836,1,2,0,0,0,0,0,3,4,1,2,7,,N,,,,,,,,,,,
2008080397,1805,2,0,0,0,0,0,0,0,0,5,0,,67,7,2008,1,39.9594,-75.1742,1805.0,6,0,0,0,0,0,0,0,0,2.0,0,0,0,18,1,1,0,,2,39 57:34.200,4.0,0,75 10:28.920,8,0,0,0,67301,0,0,0,N,0,0,0,4,68K01,0,,1,9,,N,N,,0,,0,0,0,0.0,0,N,1805,1,2,0,0,0,1,0,3,4,0,2,7,,N,,,,,,,,,,,
2008090671,924,0,0,0,0,0,0,0,0,0,8,0,,67,6,2008,6,39.991,-75.1121,919.0,6,0,0,0,0,0,1,0,0,,1,0,0,9,1,0,1,,0,39 59:27.448,,0,75 06:43.531,1,0,0,0,67301,1,1,0,,1,1,0,2,67301,0,2.0,1,1,,,,,0,0.0,0,0,0,0.0,0,,917,0,2,0,0,0,0,0,3,4,1,1,3,,N,,,,,,,,,,,
2008088247,1405,0,0,0,0,0,0,0,0,0,4,0,,67,6,2008,6,39.904,-75.2401,1402.0,6,0,0,0,0,0,1,0,0,,0,0,0,13,1,3,1,,0,39 54:14.564,,0,75 14:24.410,3,0,0,0,67301,0,0,0,N,0,0,0,17,67301,1,,1,1,,N,N,,0,,2,0,1,3.0,2,,1301,3,2,0,0,0,0,0,3,4,0,2,3,,N,,,,,,,,,,,
2008087992,830,3,0,0,0,0,0,0,0,0,2,0,,67,6,2008,4,40.039,-75.2408,828.0,6,0,0,0,0,0,0,0,1,,0,0,0,8,1,1,0,,0,40 02:20.335,,0,75 14:26.880,8,0,0,0,67301,0,0,0,N,0,0,0,2,67301,0,,1,9,,N,N,,0,,0,0,0,0.0,0,,825,1,3,0,0,0,1,0,3,4,0,3,3,,N,,,,,,,,,,,
2008088070,1445,2,0,0,0,0,0,0,0,0,4,0,,67,6,2008,6,39.9752,-75.1532,1442.0,6,0,0,0,0,0,0,1,0,,0,0,0,14,1,0,10,,0,39 58:30.604,,0,75 09:11.469,0,0,0,0,67301,0,0,0,N,0,0,0,2,67301,0,,4,1,,N,N,,0,,0,0,0,3.0,3,,1430,0,2,0,0,0,0,0,3,4,0,2,3,,N,,,,,,,,,,,
2008083215,9999,2,0,0,0,0,0,0,0,0,6,0,,67,5,2008,6,40.0824,-74.9818,833.0,6,0,0,0,0,0,0,0,0,,0,0,0,99,1,1,1,,0,40 04:56.478,,0,74 58:54.519,4,0,0,0,67301,0,0,0,N,0,0,0,3,67301,1,,1,9,,N,N,,0,,0,0,0,3.0,3,,9999,1,2,0,0,0,0,1,3,4,0,2,7,,N,,,,,,,,,,,
2008083221,1510,1,0,0,0,0,0,0,0,0,8,0,,67,5,2008,2,39.9928,-75.098,1508.0,6,0,0,0,0,0,0,0,0,,0,0,0,15,1,1,0,,0,39 59:34.121,,0,75 05:52.832,4,0,0,0,67301,1,0,0,N,1,0,0,2,67301,1,,1,1,,N,N,,0,,0,0,0,0.0,0,,1500,1,2,0,0,0,0,0,3,4,0,1,3,,N,,,,,,,,,,,
2008087778,1931,1,0,0,0,0,0,0,0,0,7,0,,67,8,2008,6,39.9834,-75.0982,1927.0,6,0,0,0,0,0,0,0,0,2.0,0,0,0,19,4,1,0,,2,39 59:00.168,1.0,0,75 05:53.688,4,0,0,0,67301,0,0,0,N,0,0,0,1,68K01,1,,3,1,,N,N,,0,,0,0,0,0.0,0,Y,1924,1,1,0,0,0,0,0,3,4,0,1,3,,N,,,,,,,,,,,
2008083268,2130,1,0,0,0,0,0,0,0,0,7,0,,67,6,2008,4,40.0136,-75.1497,9999.0,6,0,0,1,0,0,0,0,0,,0,0,0,21,3,0,0,,0,40 00:49.085,,7,75 08:58.831,0,0,0,0,67301,0,0,0,,0,0,0,1,67301,0,,5,9,,N,N,,0,,0,0,0,0.0,0,,2125,0,1,0,0,0,0,0,3,4,0,1,7,,N,,,,,,,,,,,
2008083291,1217,0,0,0,0,0,0,0,0,0,4,0,,67,5,2008,4,40.0312,-75.1458,1210.0,6,0,0,0,0,0,1,0,0,,0,0,0,12,1,5,1,,0,40 01:52.420,,0,75 08:44.761,4,0,0,0,67301,0,0,0,N,0,0,0,5,67301,5,,1,1,,N,N,,0,,0,0,1,3.0,2,,1207,5,2,0,0,1,0,0,3,4,1,2,3,,N,,,,,,,,,,,
2008098185,1416,2,0,0,0,0,0,0,0,0,1,0,,67,7,2008,1,39.9605,-75.137,1415.0,6,0,0,0,0,0,0,0,1,,0,0,0,14,1,2,2,,0,39 57:36.625,,0,75 08:13.909,8,0,0,0,67301,0,0,0,N,0,0,0,6,67301,0,,1,9,,N,,,0,,0,0,0,3.0,2,,1415,2,2,0,0,0,2,4,3,4,0,2,7,,N,,,,,,,,,,,
2008098232,2312,1,0,0,0,0,0,0,0,0,8,0,,67,8,2008,4,39.9401,-75.2195,2302.0,6,0,0,0,0,0,0,0,0,,0,0,0,22,3,2,0,,0,39 56:24.306,,0,75 13:10.356,3,0,0,0,67301,1,0,0,N,1,0,0,2,67301,0,,1,1,,N,N,,0,,1,0,0,0.0,0,,2245,2,2,0,0,0,1,0,3,4,0,1,3,,N,,,,,,,,,,,
2008078907,732,1,0,0,0,0,0,0,0,0,4,0,,67,5,2008,6,40.0,-75.1531,722.0,6,0,0,0,0,0,0,0,0,,0,0,0,99,8,1,1,,0,39 59:59.964,,0,75 09:11.322,4,0,0,0,67301,0,0,0,N,0,0,0,2,67301,1,,1,9,,N,N,,0,,0,0,0,3.0,3,,9999,1,2,0,0,0,0,0,3,4,1,2,7,,N,,,,,,,,,,,
2008102180,1515,2,0,0,0,0,0,0,0,0,1,0,,67,8,2008,5,39.9677,-75.1897,1441.0,6,0,0,0,0,0,1,0,0,,0,0,0,14,1,0,0,,0,39 58:03.993,,0,75 11:23.898,0,0,0,0,67301,0,0,0,N,0,0,0,2,68K01,0,,1,1,,N,N,,0,,0,0,0,0.0,0,,1435,0,2,0,0,0,0,0,3,4,0,2,3,,N,,,,,,,,,,,
2008070825,2036,1,0,0,0,0,0,0,0,0,8,0,,67,4,2008,5,40.0004,-75.1177,2032.0,6,0,0,0,0,0,0,0,0,,0,0,0,19,4,1,0,,0,40 00:01.393,,0,75 07:03.810,4,0,0,0,67301,1,0,0,,1,0,0,2,67301,1,,1,1,,,,,0,,0,0,0,0.0,0,,1929,1,2,0,0,0,0,0,3,4,0,1,3,,N,,,,,,,,,,,
2008082238,1540,1,0,0,0,0,0,0,0,0,8,0,,67,4,2008,3,40.0657,-75.0284,1538.0,6,0,0,0,0,0,1,0,0,2.0,0,0,0,15,1,1,0,,2,40 03:56.514,6.0,0,75 01:42.409,8,0,0,0,67301,1,0,0,N,1,0,0,3,67301,0,,1,1,,N,N,,0,,0,0,0,0.0,0,Y,1535,1,2,0,0,0,1,0,3,4,0,1,3,,N,,,,,,,,,,,
2008082240,1541,1,0,0,0,0,0,0,0,0,7,0,,67,5,2008,2,40.0587,-74.9957,1534.0,6,0,1,0,0,0,0,0,0,,0,0,0,15,1,3,1,,0,40 03:31.491,,0,74 59:44.415,4,0,0,0,67301,0,0,0,N,0,0,0,3,67301,3,,4,1,,N,N,,0,,0,0,0,0.0,0,,1525,3,1,0,0,0,0,0,3,4,0,1,3,,N,,,,,,,,,,,
2008079757,1256,0,0,0,1,0,0,0,0,0,4,0,,67,5,2008,2,39.956,-75.1606,1254.0,6,0,0,0,0,0,0,0,0,,0,0,0,12,1,1,2,,0,39 57:21.499,,0,75 09:38.239,4,0,0,0,67301,1,0,0,N,0,0,0,2,67301,1,,1,1,,N,N,,1,,0,0,0,3.0,2,,1250,1,2,0,0,0,0,0,3,4,0,1,3,,N,,,,,,,,,,,
2008106700,104,1,0,0,0,0,0,0,0,0,8,0,,67,8,2008,1,40.0668,-75.1499,101.0,6,0,0,0,0,0,0,0,0,,0,0,0,0,3,1,0,,0,40 04:00.310,,0,75 08:59.784,3,0,0,0,67301,1,0,0,N,1,0,0,1,67301,0,,1,1,,N,N,,0,,1,0,0,0.0,0,,55,1,2,0,0,0,0,0,3,4,0,1,3,,N,,,,,,,,,,,
2008081534,1425,2,0,0,0,0,0,0,0,0,4,0,,67,5,2008,5,39.995,-75.2276,1415.0,6,0,0,0,0,0,2,0,0,,0,0,0,13,1,0,1,,0,39 59:42.111,,0,75 13:39.536,0,0,0,0,67301,0,0,0,N,0,0,0,2,67301,0,,1,9,,N,N,,0,,0,0,0,9.0,3,,1320,0,2,0,0,0,0,0,3,4,0,2,3,,N,,,,,,,,,,,
2008097466,1300,0,0,0,0,0,0,0,0,0,8,0,,67,7,2008,4,39.9141,-75.2337,1300.0,6,0,0,0,0,0,1,0,0,,0,0,0,13,1,1,2,,0,39 54:50.720,,0,75 14:01.337,4,0,0,0,67301,1,0,0,N,1,0,0,2,67301,1,,1,1,,N,N,,0,,0,0,1,3.0,4,,1300,1,2,0,0,0,0,0,3,4,0,1,3,,N,,,,,,,,,,,
2008086471,1451,1,0,0,0,0,0,0,0,0,1,0,,67,7,2008,6,39.9329,-75.2001,1449.0,6,0,0,0,0,0,2,0,0,,0,0,0,14,1,0,0,,0,39 55:56.700,,0,75 12:00.566,0,0,0,0,67301,0,0,0,N,0,0,0,3,68K01,0,,1,1,,N,N,,1,,0,0,1,0.0,0,,1440,0,3,0,0,0,0,0,3,4,0,3,3,,N,,,,,,,,,,,
2008076163,337,2,0,0,0,0,0,0,0,0,4,0,,67,6,2008,1,39.8863,-75.2142,325.0,6,0,0,0,0,0,0,0,0,2.0,0,0,0,3,3,0,0,,1,39 53:10.167,1.0,3,75 12:24.028,0,0,0,0,67301,0,0,0,N,0,0,0,2,68K01,0,,1,1,,N,N,,0,,0,0,0,0.0,0,N,321,0,2,0,0,0,0,0,3,4,0,2,3,,N,,,,,,,,,,,
2008108332,944,1,0,0,0,0,0,0,0,0,4,1,,67,8,2008,6,39.9879,-75.1235,940.0,6,0,0,0,0,0,2,0,0,9.0,0,1,0,8,1,1,1,,1,39 59:16.394,3.0,0,75 07:24.428,4,0,0,0,67301,0,0,0,N,0,0,0,2,67301,1,,1,1,,N,N,,0,,0,0,0,3.0,2,N,810,1,2,0,0,0,0,0,3,4,0,2,3,,N,,,,,,,,,,,
2008081565,1803,1,0,0,0,0,0,1,0,0,4,1,,67,5,2008,7,40.0088,-75.1476,1800.0,6,0,0,0,0,0,1,0,0,,0,0,0,17,1,5,1,,0,40 00:31.680,,0,75 08:51.360,3,0,0,0,67301,0,0,0,,0,0,0,8,67301,4,,1,1,,,,,0,,1,0,0,3.0,2,,1755,5,2,0,0,1,0,0,3,4,0,2,3,,N,,,,,,,,,,,
2008094830,1430,1,0,0,0,0,0,0,0,0,8,0,,67,6,2008,4,39.9579,-75.1624,1430.0,6,0,0,0,0,0,0,0,0,,0,0,0,14,1,1,1,,0,39 57:28.611,,0,75 09:44.725,8,0,0,0,67301,1,0,0,N,1,0,0,2,67301,0,,1,1,,N,N,,0,,0,0,0,3.0,2,,1400,1,2,0,0,0,1,1,3,4,0,1,3,,N,,,,,,,,,,,
2008088983,1627,2,0,0,0,0,0,0,0,0,1,0,,67,5,2008,3,,,1617.0,6,0,0,0,0,0,2,1,0,1.0,0,0,0,16,1,0,0,,1,,1.0,0,,0,0,0,0,67301,0,0,0,,0,0,0,4,67301,0,,1,1,,,,,1,,0,0,0,0.0,0,N,1613,0,3,0,0,0,0,0,3,3,0,3,3,,N,,,,,,,,,,,
2008079236,155,1,0,0,0,0,0,0,0,0,7,0,,67,5,2008,4,39.9776,-75.1828,150.0,6,0,0,0,0,0,0,0,0,,0,0,0,1,3,1,1,,0,39 58:39.266,,0,75 10:58.126,4,0,0,0,67301,0,0,0,N,0,0,0,1,67301,1,,5,9,,N,N,,0,,0,0,0,0.0,0,,140,1,1,0,0,1,0,0,3,4,0,1,3,,N,,,,,,,,,,,
2008081133,1910,0,0,0,0,0,0,0,0,0,8,0,,67,5,2008,7,39.9191,-75.2287,1905.0,6,0,0,0,0,0,0,0,0,,0,0,0,19,1,1,0,,0,39 55:08.588,,0,75 13:43.468,8,0,0,0,67301,1,0,0,,1,0,0,2,67301,0,,1,1,,,,,1,,0,0,0,0.0,0,,1905,1,2,0,0,0,1,0,3,4,0,1,3,,N,,,,,,,,,,,
2008098363,1650,1,0,0,0,0,0,0,0,0,1,0,,67,7,2008,7,40.0247,-75.0309,1626.0,6,0,0,0,0,0,0,0,0,,0,0,0,99,1,2,0,,0,40 01:29.290,,0,75 01:51.474,8,0,0,0,67301,0,0,0,N,0,0,0,4,67301,0,,1,1,,N,N,,0,,0,0,1,0.0,0,,9999,2,2,0,0,0,2,2,3,4,0,2,3,,N,,,,,,,,,,,
2008100890,521,2,0,0,0,0,0,0,0,0,4,0,,67,6,2008,4,39.9382,-75.1985,517.0,6,0,0,0,0,0,0,0,0,,0,0,0,99,1,1,1,,0,39 56:17.500,,0,75 11:54.700,8,0,0,0,67301,0,0,0,N,0,0,0,2,67301,0,,1,1,,N,N,,0,,0,0,0,3.0,2,,9999,1,2,0,0,0,1,0,3,4,0,2,3,,N,,,,,,,,,,,
2008100941,2309,2,0,0,0,0,0,1,0,0,1,1,,67,7,2008,6,39.9959,-75.1563,2304.0,6,0,0,0,0,0,1,0,0,,0,0,0,23,3,1,1,,0,39 59:45.258,,0,75 09:22.845,8,0,0,0,67301,0,0,0,N,0,0,0,2,67301,0,,1,9,,N,N,,0,,0,0,0,3.0,2,,2304,1,3,0,0,0,1,0,3,4,0,3,7,,N,,,,,,,,,,,
2008098401,1637,0,0,0,0,0,0,0,0,0,0,0,,67,8,2008,7,40.0075,-75.202,1627.0,6,0,0,0,0,0,0,0,0,,0,0,0,16,1,1,2,,0,40 00:26.928,,0,75 12:07.199,4,0,0,1,67301,0,0,0,N,0,0,0,1,67301,1,,1,1,,N,N,,0,,0,0,0,3.0,3,,1625,1,1,0,0,0,0,0,3,4,0,1,3,,N,,,,,,,,,,,
2008098413,1450,1,0,0,0,0,0,0,0,0,4,1,,67,7,2008,6,40.0215,-75.0518,9999.0,6,0,0,0,0,0,0,0,0,,0,1,0,14,1,1,1,,0,40 01:17.362,,0,75 03:06.658,4,0,0,0,67301,0,0,0,N,0,0,0,3,67301,1,,1,1,,N,N,,0,,0,0,0,3.0,2,,1440,1,2,0,0,0,0,0,3,4,0,2,3,,N,,,,,,,,,,,
2008098427,758,1,0,0,0,0,0,0,0,0,8,0,,67,8,2008,3,40.0011,-75.1247,754.0,6,0,0,0,0,0,0,0,0,,0,0,0,7,1,1,1,,0,40 00:03.986,,0,75 07:29.066,4,0,0,0,67301,1,0,0,N,1,0,0,2,67301,1,,1,1,,N,N,,0,,0,0,0,3.0,2,,720,1,2,0,0,0,0,0,3,4,0,1,3,,N,,,,,,,,,,,
2008124069,1235,0,0,0,0,0,0,0,0,0,1,0,,67,10,2008,5,39.9883,-75.254,1233.0,6,0,0,0,0,0,0,0,0,,0,0,0,12,1,0,1,,0,39 59:17.883,,0,75 15:14.304,0,0,0,0,67301,0,0,0,N,0,0,0,2,46104,0,,1,1,,Y,N,,1,,0,0,1,0.0,0,,1230,0,2,0,0,0,0,0,3,4,0,2,3,,N,,,,,,,,,,,
2008119179,1425,2,0,0,0,0,0,0,0,0,4,0,,67,10,2008,4,40.0612,-74.9919,1420.0,6,0,0,0,0,0,0,0,1,2.0,0,0,0,14,1,1,0,,1,40 03:40.161,3.0,0,74 59:30.844,8,0,0,0,67301,0,0,0,N,0,0,0,3,67301,0,,1,1,,N,Y,,0,,0,0,0,3.0,3,N,1415,1,2,0,0,0,1,0,3,4,0,2,3,,N,,,,,,,,,,,
2008133596,2018,2,0,0,0,0,0,0,0,0,4,0,,67,9,2008,6,40.009,-75.1365,2014.0,6,0,0,0,1,0,0,0,0,1.0,0,0,0,20,3,1,2,,1,40 00:32.335,1.0,0,75 08:11.486,4,0,0,0,67301,0,0,0,,0,0,0,2,67301,1,,1,9,,,,,0,,0,0,0,9.0,3,Y,2005,1,2,0,0,0,0,0,3,4,0,2,7,,N,,,,,,,,,,,
2008119015,1409,2,0,0,0,0,0,0,0,0,2,0,,67,9,2008,7,40.0975,-75.0304,1400.0,6,0,1,0,0,0,0,0,0,,0,0,0,13,1,2,0,,0,40 05:50.234,,0,75 01:49.544,4,0,0,0,67301,0,0,0,N,0,0,0,2,67301,2,,1,9,,N,N,,0,,0,0,0,1.0,2,,1350,2,2,0,0,0,0,0,3,4,0,2,7,,N,,,,,,,,,,,
2008097834,1415,2,0,0,0,0,0,0,0,0,4,0,,67,7,2008,7,40.1076,-75.0537,1405.0,6,0,0,0,0,0,0,2,0,,0,0,0,14,1,2,2,,0,40 06:27.307,,0,75 03:13.454,4,0,0,0,67301,0,0,0,N,0,0,0,2,67301,2,,1,1,,N,N,,0,,0,0,0,3.0,2,,1403,2,2,0,0,0,0,0,3,4,0,2,3,,N,,,,,,,,,,,
2008095701,1726,1,0,0,0,0,0,0,0,0,8,0,,67,5,2008,2,40.0224,-75.1311,1721.0,6,0,0,0,0,0,0,0,0,9.0,0,0,0,17,1,1,0,,2,40 01:20.636,6.0,0,75 07:51.866,3,0,0,0,67301,1,0,0,,1,0,0,2,67301,0,,1,1,,N,N,,0,,1,0,0,0.0,0,Y,1720,1,2,0,0,0,0,0,3,4,0,1,3,,N,,,,,,,,,,,
2008097985,158,2,0,0,0,0,0,0,0,0,4,0,,67,7,2008,7,39.9542,-75.1398,158.0,6,0,0,0,0,0,0,0,0,,0,0,0,1,3,0,0,,0,39 57:15.139,,0,75 08:23.156,0,0,0,0,67301,0,0,0,,0,0,0,3,67301,0,,1,1,,,,,0,,0,0,0,0.0,0,,158,0,2,0,0,0,0,0,3,4,0,2,3,,N,,,,,,,,,,,
2008095240,2000,0,0,0,0,0,0,0,0,0,0,0,,67,7,2008,2,40.0585,-75.1507,1958.0,6,0,0,0,0,0,0,0,0,,0,0,0,19,1,1,1,,0,40 03:30.646,,0,75 09:02.627,3,0,0,1,67301,0,0,0,N,0,0,0,1,67301,0,,5,1,,N,N,,0,,1,0,0,3.0,3,,1950,1,1,0,0,0,0,0,3,4,0,1,3,,N,,,,,,,,,,,
2008088221,1737,3,0,0,0,0,0,0,0,0,5,0,,67,6,2008,2,40.0242,-75.1328,1730.0,6,0,0,0,0,0,0,0,0,,0,0,0,17,1,0,1,,0,40 01:26.988,,0,75 07:59.257,9,0,0,0,67301,0,0,0,N,0,0,0,2,67301,0,,1,1,,N,N,,0,,0,0,0,0.0,0,,1730,0,3,0,0,0,0,1,3,4,0,3,3,,N,,,,,,,,,,,
2008088262,1747,1,0,0,0,0,0,0,0,0,1,0,,67,5,2008,3,40.0252,-75.1174,1745.0,6,0,0,0,0,0,1,0,0,,0,0,0,17,1,1,0,,0,40 01:30.691,,0,75 07:02.560,4,0,0,0,67301,0,0,0,,0,0,0,3,67301,1,,1,1,,,,,0,,0,0,1,0.0,0,,1740,1,2,0,0,0,0,2,3,4,0,2,3,,N,,,,,,,,,,,
2008088649,0,2,0,0,0,0,0,0,0,0,1,0,,67,1,2008,1,39.9486,-75.1859,0.0,6,0,0,0,0,0,1,0,0,,0,0,0,15,1,0,2,,0,39 56:54.960,,2,75 11:09.240,9,0,0,0,67301,0,0,0,N,0,0,0,3,00000,0,,1,1,,N,N,,0,,0,0,0,2.0,3,,1510,0,2,0,0,0,0,2,3,4,0,2,3,,N,,,,,,,,,,,
2008088723,9999,1,0,0,0,0,0,0,0,0,5,0,,67,2,2008,5,39.9278,-75.1571,9999.0,6,0,0,0,0,0,0,0,0,,0,0,0,7,1,0,1,,0,39 55:39.925,,0,75 09:25.621,9,0,0,0,67301,0,0,0,N,0,0,0,1,00000,0,,1,9,,N,N,,0,,0,0,0,0.0,0,,730,0,2,0,0,0,0,1,3,4,0,2,98,,N,,,,,,,,,,,
2008080282,9999,0,0,0,0,0,0,0,0,0,7,0,,67,5,2008,1,39.9977,-75.0887,9999.0,6,0,0,0,0,0,0,0,0,,0,0,0,99,1,0,0,,0,39 59:51.634,,0,75 05:19.317,0,0,0,0,67301,0,0,0,N,0,0,0,3,67301,0,,3,1,,N,N,,0,,0,0,0,0.0,0,,9999,0,1,0,0,2,0,0,3,4,1,1,3,,N,,,,,,,,,,,
2008097565,1251,2,0,0,0,0,0,0,0,0,6,0,,67,7,2008,7,39.9524,-75.2428,1246.0,6,0,0,0,0,0,0,0,0,,0,0,0,12,1,1,1,,0,39 57:08.787,,0,75 14:34.029,8,0,0,0,67301,0,0,0,N,0,0,0,4,67301,0,,1,1,,N,N,,0,,0,0,0,3.0,2,,1242,1,2,0,0,0,1,0,3,4,0,2,3,,N,,,,,,,,,,,
2008087974,1620,2,0,0,0,0,0,0,0,0,5,0,,67,6,2008,7,39.9629,-75.1913,1615.0,6,0,0,0,0,0,0,0,0,,0,0,0,16,1,1,1,,0,39 57:46.554,,0,75 11:28.840,8,0,0,0,67301,0,0,0,N,0,0,0,6,67301,0,,1,1,,N,N,,0,,0,0,0,3.0,2,,1605,1,2,0,0,0,1,0,3,4,0,2,3,,N,,,,,,,,,,,
2008088035,45,2,0,0,0,0,0,0,0,0,4,0,,67,6,2008,7,39.9523,-75.2166,37.0,6,0,0,0,0,1,0,0,0,,0,0,0,0,3,0,0,,0,39 57:08.326,,0,75 12:59.623,0,0,0,0,67301,0,0,0,N,0,0,0,1,67301,0,,6,1,,N,N,,0,,0,0,0,0.0,0,,37,0,3,0,0,1,0,0,3,4,1,3,3,,N,,,,,,,,,,,
2008098015,1049,0,0,0,0,0,0,0,0,0,8,0,,67,7,2008,4,39.9489,-75.1897,1037.0,6,0,0,0,0,0,0,0,0,,0,0,0,10,1,1,2,,0,39 56:56.017,,0,75 11:22.836,4,0,0,0,67301,1,0,0,N,1,0,0,2,67301,1,,1,1,,N,N,,0,,0,0,1,3.0,2,,1018,1,2,0,0,0,0,0,3,4,0,1,3,,N,,,,,,,,,,,
2008100574,130,1,0,0,1,0,0,0,0,0,4,0,,67,7,2008,3,39.952,-75.1614,130.0,6,0,0,0,0,0,0,0,0,,0,0,0,1,3,1,1,,0,39 57:07.351,,0,75 09:40.989,3,0,0,0,67301,1,0,0,,0,0,0,2,67301,0,,1,1,,N,N,,0,,1,0,0,3.0,2,,130,1,2,0,0,0,0,0,3,4,0,1,3,,N,,,,,,,,,,,
2008078930,2130,0,0,0,0,0,0,0,0,0,1,0,,67,5,2008,7,40.0564,-75.0246,2124.0,6,0,0,0,0,0,1,0,0,2.0,0,0,0,21,3,1,0,,1,40 03:23.040,3.0,0,75 01:28.920,8,0,0,0,67301,0,0,0,,0,0,0,7,67301,0,,1,1,,N,N,,0,,0,0,2,0.0,0,Y,2123,1,2,0,0,0,1,0,3,4,0,2,3,,N,,,,,,,,,,,
2008098348,323,2,0,0,0,0,0,0,0,0,1,0,,67,7,2008,1,40.0433,-75.1437,323.0,6,0,0,0,0,0,0,0,0,,0,0,0,3,3,1,0,,0,40 02:35.761,,0,75 08:37.327,4,0,0,0,67301,0,0,0,N,0,0,0,2,67301,1,,6,1,,N,N,,0,,0,0,0,0.0,0,,322,1,2,0,0,2,0,0,3,4,0,2,3,,N,,,,,,,,,,,