CRN,ARRIVAL_TM,AUTOMOBILE_COUNT,BELTED_DEATH_COUNT,BELTED_SUSP_SERIOUS_INJ_COUNT,BICYCLE_COUNT,BICYCLE_DEATH_COUNT,BICYCLE_SUSP_SERIOUS_INJ_COUNT,BUS_COUNT,CHLDPAS_DEATH_COUNT,CHLDPAS_SUSP_SERIOUS_INJ_COUNT,COLLISION_TYPE,COMM_VEH_COUNT,CONS_ZONE_SPD_LIM,COUNTY,CRASH_MONTH,CRASH_YEAR,DAY_OF_WEEK,DEC_LAT,DEC_LONG,DISPATCH_TM,DISTRICT,DRIVER_COUNT_16YR,DRIVER_COUNT_17YR,DRIVER_COUNT_18YR,DRIVER_COUNT_19YR,DRIVER_COUNT_20YR,DRIVER_COUNT_50_64YR,DRIVER_COUNT_65_74YR,DRIVER_COUNT_75PLUS,EST_HRS_CLOSED,FATAL_COUNT,HEAVY_TRUCK_COUNT,HORSE_BUGGY_COUNT,HOUR_OF_DAY,ILLUMINATION,INJURY_COUNT,INTERSECT_TYPE,INTERSECTION_RELATED,LANE_CLOSED,LATITUDE,LN_CLOSE_DIR,LOCATION_TYPE,LONGITUDE,MAX_SEVERITY_LEVEL,MCYCLE_DEATH_COUNT,MCYCLE_SUSP_SERIOUS_INJ_COUNT,MOTORCYCLE_COUNT,MUNICIPALITY,NONMOTR_COUNT,NONMOTR_DEATH_COUNT,NONMOTR_SUSP_SERIOUS_INJ_COUNT,NTFY_HIWY_MAINT,PED_COUNT,PED_DEATH_COUNT,PED_SUSP_SERIOUS_INJ_COUNT,PERSON_COUNT,POLICE_AGCY,POSSIBLE_INJ_COUNT,RDWY_SURF_TYPE_CD,RELATION_TO_ROAD,ROAD_CONDITION,ROADWAY_CLEARED,SCH_BUS_IND,SCH_ZONE_IND,SECONDARY_CRASH,SMALL_TRUCK_COUNT,SPEC_JURIS_CD,SUSP_MINOR_INJ_COUNT,SUSP_SERIOUS_INJ_COUNT,SUV_COUNT,TCD_FUNC_CD,TCD_TYPE,TFC_DETOUR_IND,TIME_OF_DAY,TOT_INJ_COUNT,TOTAL_UNITS,UNB_DEATH_COUNT,UNB_SUSP_SERIOUS_INJ_COUNT,UNBELTED_OCC_COUNT,UNK_INJ_DEG_COUNT,UNK_INJ_PER_COUNT,URBAN_AREA,URBAN_RURAL,VAN_COUNT,VEHICLE_COUNT,WEATHER1,WEATHER2,WORK_ZONE_IND,WORK_ZONE_LOC,WORK_ZONE_TYPE,WORKERS_PRES,WZ_CLOSE_DETOUR,WZ_FLAGGER,WZ_LAW_OFFCR_IND,WZ_LN_CLOSURE,WZ_MOVING,WZ_OTHER,WZ_SHLDER_MDN,WZ_WORKERS_INJ_KILLED
2008070748,935,2,0,0,0,0,0,0,0,0,1,0,,67,4,2008,2,39.8992,-75.2082,909.0,6,0,0,0,0,0,0,0,0,1.0,0,0,0,9,1,0,0,,1,39 53:57.293,3.0,3,75 12:29.592,0,0,0,0,67301,0,0,0,N,0,0,0,3,67301,0,,1,1,,N,N,,1,,0,0,0,0.0,0,N,904,0,3,0,0,0,0,0,3,4,0,3,3,,N,,,,,,,,,,,
2008104858,941,2,0,0,0,0,0,0,0,0,5,0,,67,8,2008,4,39.8834,-75.2445,936.0,6,0,0,0,0,0,0,0,0,,0,0,0,9,1,3,0,,0,39 52:56.070,,0,75 14:43.111,4,0,0,0,67301,0,0,0,N,0,0,0,4,68K01,3,,2,1,,N,N,,0,,0,0,0,0.0,0,,933,3,2,0,0,2,0,0,3,4,0,2,3,,N,,,,,,,,,,,
2008096934,1711,2,0,0,0,0,0,0,0,0,1,0,,67,6,2008,3,39.9581,-75.1505,1709.0,6,0,0,0,0,0,1,0,0,,0,0,0,99,1,1,2,,0,39 57:29.289,,0,75 09:01.655,4,0,0,0,67301,0,0,0,N,0,0,0,2,67301,1,,1,1,,N,N,,0,,0,0,0,3.0,2,,9999,1,2,0,0,0,0,0,3,4,0,2,3,,N,,,,,,,,,,,
2008118904,2140,1,0,0,0,0,0,0,0,0,8,0,,67,8,2008,4,40.0573,-75.0349,2135.0,6,0,0,0,0,0,1,0,0,3.0,0,0,0,21,2,1,0,,2,40 03:26.572,6.0,0,75 02:06.461,4,0,0,0,67301,1,0,0,,1,0,0,2,67301,1,,1,1,,,,,0,,0,0,0,0.0,0,Y,2133,1,2,0,0,0,0,0,3,4,0,1,3,,N,,,,,,,,,,,
2008101785,2009,1,0,0,0,0,0,0,0,0,7,0,,67,8,2008,1,39.9497,-75.1414,2001.0,6,0,0,0,0,0,0,0,0,2.0,0,0,0,19,3,1,0,,1,39 56:58.640,1.0,0,75 08:28.951,3,0,0,0,67301,0,0,0,N,0,0,0,2,68K01,0,,2,1,,N,N,,0,,1,0,0,0.0,0,N,1958,1,1,0,0,1,0,0,3,4,0,1,3,,N,,,,,,,,,,,
2008099255,1815,2,0,0,0,0,0,0,0,0,4,0,,67,6,2008,2,40.0083,-75.0885,1810.0,6,0,0,0,0,0,0,0,0,,0,0,0,18,1,1,0,,0,40 00:29.926,,0,75 05:18.495,4,0,0,0,67301,0,0,0,N,0,0,0,2,67301,1,,6,1,,N,N,,0,,0,0,0,0.0,0,,1800,1,2,0,0,0,0,1,3,4,0,2,3,,N,,,,,,,,,,,
2008108487,1915,2,0,0,0,0,0,0,0,0,1,0,,67,8,2008,7,40.0331,-75.1069,1908.0,6,0,0,0,0,0,0,0,0,,0,0,0,19,1,1,1,,0,40 01:57.962,,0,75 06:23.397,8,0,0,0,67301,0,0,0,,0,0,0,2,67301,0,,1,1,,N,N,,0,,0,0,0,0.0,0,,1908,1,2,0,0,0,1,0,3,4,0,2,3,,N,,,,,,,,,,,
2008108594,1905,1,0,0,0,0,0,0,0,0,4,0,,67,8,2008,6,40.1298,-75.01,1859.0,6,0,0,0,0,0,1,0,0,2.0,0,0,0,18,1,5,10,,2,40 07:47.388,6.0,0,75 00:36.176,4,0,0,0,67301,0,0,0,N,0,0,0,5,67301,5,,1,1,,N,N,,0,,0,0,1,0.0,0,Y,1855,5,2,0,0,1,0,0,3,4,0,2,3,,N,,,,,,,,,,,
2008103448,1717,1,0,0,0,0,0,0,0,0,4,0,,67,6,2008,4,40.0774,-75.1755,1713.0,6,0,0,0,0,0,0,0,0,2.0,0,0,0,17,1,0,1,,2,40 04:38.670,7.0,0,75 10:31.880,0,0,0,0,67301,0,0,0,N,0,0,0,2,67301,0,,1,1,,N,N,,0,,0,0,1,3.0,2,Y,1712,0,2,0,0,0,0,0,3,4,0,2,3,,N,,,,,,,,,,,
2008098661,2300,2,0,0,0,0,0,0,0,0,4,0,,67,7,2008,7,39.9438,-75.2379,2258.0,6,0,0,0,0,0,0,0,0,,0,0,0,22,3,2,1,,0,39 56:37.717,,0,75 14:16.351,4,0,0,0,67301,0,0,0,N,0,0,0,8,67301,2,,1,1,,N,N,,0,,0,0,0,3.0,2,,2255,2,2,0,0,0,0,0,3,4,0,2,3,,N,,,,,,,,,,,
2008098697,59,2,0,0,0,0,0,0,0,0,5,0,,67,8,2008,1,39.9903,-75.1867,55.0,6,0,0,2,0,0,0,0,0,,0,0,0,0,3,2,2,,0,39 59:25.071,,0,75 11:12.128,4,0,0,0,67301,0,0,0,N,0,0,0,2,67301,2,,1,1,,N,N,,0,,0,0,1,3.0,2,,30,2,3,0,0,0,0,0,3,4,0,3,3,,N,,,,,,,,,,,
2008069537,850,1,0,0,0,0,0,0,0,0,8,0,,67,4,2008,2,39.9794,-75.2253,850.0,6,0,0,1,0,0,0,0,0,,0,0,0,8,1,1,1,,0,39 58:45.897,,0,75 13:31.191,4,0,0,0,67301,1,0,0,N,1,0,0,2,67301,1,,1,1,,N,N,,0,,0,0,0,3.0,2,,850,1,2,0,0,1,0,0,3,4,0,1,3,,N,,,,,,,,,,,
2008120885,1210,1,0,0,0,0,0,0,0,0,8,0,,67,9,2008,3,40.0347,-75.1309,1200.0,6,0,0,0,0,0,0,0,0,,0,0,0,11,1,1,1,,0,40 02:04.999,,0,75 07:51.139,8,0,0,0,67301,1,0,0,N,1,0,0,2,67301,0,,1,1,,N,N,,0,,0,0,0,3.0,2,,1130,1,2,0,0,0,1,0,3,4,0,1,3,,N,,,,,,,,,,,
2008120915,1850,2,0,0,0,0,0,0,0,0,1,0,,67,9,2008,6,39.9783,-75.2461,1844.0,6,0,0,0,0,0,0,0,1,9.0,0,0,0,18,3,1,1,,1,39 58:41.799,1.0,0,75 14:46.070,4,0,0,0,67301,0,0,0,N,0,0,0,2,67301,1,,9,1,,N,N,,0,,0,0,0,3.0,2,N,1844,1,2,0,0,0,0,0,3,4,0,2,3,,N,,,,,,,,,,,
2008082265,1645,1,0,0,0,0,0,0,0,0,8,0,,67,5,2008,7,40.0942,-74.9831,1640.0,6,0,0,0,0,0,0,0,0,1.0,0,0,0,16,1,1,0,,1,40 05:39.191,2.0,0,74 58:59.039,4,0,0,0,67301,1,0,0,,1,0,0,2,67301,1,,1,1,,N,N,,0,,0,0,0,0.0,0,N,1638,1,2,0,0,0,0,0,3,4,0,1,3,,N,,,,,,,,,,,
2008097534,1605,4,0,0,0,0,0,0,0,0,2,0,,67,7,2008,5,39.9737,-75.2579,1600.0,6,0,0,0,0,0,1,0,0,,0,0,0,16,1,2,0,,0,39 58:25.205,,0,75 15:28.525,8,0,0,0,67301,0,0,0,,0,0,0,2,67301,0,,2,1,,,,,0,,0,0,0,0.0,0,,1600,2,4,0,0,0,2,0,3,4,0,4,3,,N,,,,,,,,,,,
2008071281,1637,3,0,0,0,0,0,0,0,0,1,0,,67,6,2008,2,40.0346,-75.0187,1629.0,6,0,0,0,0,1,0,1,0,,0,0,0,16,1,3,0,,0,40 02:05.507,,0,75 01:06.064,8,0,0,0,67301,0,0,0,N,0,0,0,5,68K01,0,,1,1,,N,N,,1,,0,0,0,0.0,0,,1622,3,4,0,0,0,3,0,3,4,0,4,3,,N,,,,,,,,,,,
2008071386,1534,2,0,0,0,0,0,0,0,0,1,0,,67,6,2008,6,39.8916,-75.1986,1534.0,6,0,0,0,0,0,0,0,0,,0,0,0,15,1,2,0,,0,39 53:54.203,,0,75 10:53.935,4,0,0,0,67301,0,0,0,N,0,0,0,8,68K01,2,,1,1,,N,N,,0,,0,0,0,0.0,0,,1533,2,3,0,0,0,0,0,3,4,1,3,3,,N,,,,,,,,,,,
2008108322,1220,2,0,0,0,0,0,0,0,0,4,0,,67,8,2008,7,40.0622,-75.0835,1215.0,6,0,0,0,0,1,0,0,0,1.0,0,0,0,12,1,1,0,,2,40 03:44.126,2.0,7,75 05:00.710,8,0,0,0,67301,0,0,0,N,0,0,0,3,67301,0,,1,1,,N,N,,0,,0,0,0,0.0,0,Y,1210,1,2,0,0,0,1,0,3,4,0,2,3,,N,,,,,,,,,,,
2008079239,1518,2,0,0,0,0,0,0,0,0,4,0,,67,5,2008,2,39.931,-75.2324,1515.0,6,0,0,0,0,0,0,0,0,,0,0,0,15,1,1,1,,0,39 55:51.721,,0,75 13:56.642,4,0,0,0,67301,0,0,0,,0,0,0,2,67301,1,,1,1,,N,N,,0,,0,0,0,3.0,2,,1510,1,2,0,0,1,0,1,3,4,0,2,3,,N,,,,,,,,,,,
2008094870,1945,1,0,0,0,0,0,0,0,0,5,0,,67,7,2008,5,39.9388,-75.1984,1942.0,6,0,0,0,0,0,1,0,0,,0,0,0,19,3,1,1,,0,39 56:22.661,,0,75 11:53.634,8,0,0,0,67301,0,0,0,N,0,0,0,2,67301,0,,1,1,,N,N,,0,,0,0,1,9.0,2,,1925,1,2,0,0,0,1,0,3,4,0,2,3,,N,,,,,,,,,,,
2008079167,1431,2,0,0,0,0,0,0,0,0,2,0,,67,5,2008,3,39.9518,-75.2185,1430.0,6,0,0,0,0,0,0,0,0,,0,0,0,14,1,2,1,,0,39 57:06.526,,0,75 13:06.668,8,0,0,0,67301,0,0,0,N,0,0,0,6,67301,0,,1,9,,N,N,,0,,0,0,1,9.0,3,,1425,2,4,0,0,0,2,0,3,4,1,4,7,,N,,,,,,,,,,,
2008079203,1302,1,0,0,0,0,0,0,0,0,8,0,,67,5,2008,2,39.9484,-75.1662,1300.0,6,0,0,0,0,0,0,1,0,,0,0,0,13,1,1,1,,0,39 56:54.247,,0,75 09:58.366,8,0,0,0,67301,1,0,0,N,1,0,0,2,67301,0,,1,9,,N,N,,0,,0,0,0,3.0,2,,1300,1,2,0,0,0,1,0,3,4,0,1,7,,N,,,,,,,,,,,
2008081129,720,2,0,0,0,0,0,0,0,0,2,0,,67,5,2008,5,39.9724,-75.1775,715.0,6,0,0,0,0,0,0,0,0,,0,0,0,7,1,1,1,,0,39 58:20.810,,0,75 10:39.131,4,0,0,0,67301,0,0,0,N,0,0,0,2,67301,1,,1,1,,N,N,,0,,0,0,0,9.0,3,,710,1,2,0,0,0,0,0,3,4,0,2,3,,N,,,,,,,,,,,
2008098500,1754,1,0,0,0,0,0,0,0,0,1,0,,67,8,2008,6,40.0281,-75.1725,1750.0,6,0,0,0,0,0,1,0,0,,0,0,0,17,4,1,0,,0,40 01:41.086,,0,75 10:21.292,4,0,0,0,67301,0,0,0,N,0,0,0,3,67301,1,,1,1,,N,N,,0,,0,0,1,3.0,2,,1740,1,2,0,0,0,0,0,3,4,0,2,3,,N,,,,,,,,,,,
2008133994,1116,0,0,0,0,0,0,0,0,0,1,1,,67,10,2008,6,39.9877,-75.1393,1115.0,6,0,0,0,0,0,1,0,0,,0,1,0,10,1,1,0,,0,39 59:15.565,,0,75 08:21.418,3,0,0,0,67301,0,0,0,,0,0,0,2,67301,0,,1,1,,,,,0,,1,0,0,0.0,0,,1055,1,2,0,0,0,0,0,3,4,1,2,3,,N,,,,,,,,,,,
2008134006,2236,2,0,0,0,0,0,0,0,0,1,0,,67,11,2008,7,39.9336,-75.1457,2235.0,6,0,0,0,0,0,0,0,0,1.0,0,0,0,22,3,2,1,,1,39 56:00.960,3.0,0,75 08:44.440,4,0,0,0,67301,0,0,0,N,0,0,0,3,67301,2,,4,9,,N,N,,0,,0,0,0,9.0,2,N,2235,2,2,0,0,0,0,0,3,4,0,2,7,,N,,,,,,,,,,,
2008134032,2131,1,0,0,0,0,0,0,0,0,5,0,,67,10,2008,6,39.9217,-75.19,2129.0,6,0,0,0,0,0,1,0,0,,0,0,0,21,3,2,1,,0,39 55:18.000,,0,75 11:24.560,4,0,0,0,67301,0,0,0,,0,0,0,5,67301,2,,1,1,,N,N,,1,,0,0,0,3.0,2,,2120,2,2,0,0,0,0,0,3,4,0,2,3,,N,,,,,,,,,,,
2008119200,2019,1,0,0,0,0,0,0,0,0,3,0,,67,9,2008,2,40.0067,-75.1193,2017.0,6,0,0,0,0,0,0,0,0,,0,0,0,20,3,1,1,,0,40 00:24.054,,0,75 07:09.477,8,0,0,0,67301,0,0,0,N,0,0,0,1,67301,0,,1,1,,N,N,,0,,0,0,0,0.0,0,,2015,1,1,0,0,0,1,0,3,4,0,1,3,,N,,,,,,,,,,,
2008119264,1817,0,0,0,0,0,0,0,0,0,8,0,,67,9,2008,6,39.9761,-75.2386,1807.0,6,0,0,0,0,0,0,0,0,,0,0,0,16,1,1,1,,0,39 58:33.978,,0,75 14:18.941,4,0,0,0,67301,1,0,0,N,1,0,0,2,67301,1,,9,9,,N,N,,0,,0,0,0,3.0,1,,1652,1,2,0,0,0,0,0,3,4,1,1,7,,N,,,,,,,,,,,
2008118948,9999,2,0,0,0,0,0,0,0,0,4,0,,67,9,2008,7,40.0359,-75.0424,9999.0,6,0,0,0,0,0,0,0,0,,0,0,0,23,3,1,1,,0,40 02:09.368,,0,75 02:32.560,8,0,0,0,67301,0,0,0,,0,0,0,4,67301,0,,1,1,,N,N,,0,,0,0,0,3.0,2,,2330,1,2,0,0,0,1,0,3,4,0,2,3,,N,,,,,,,,,,,
2008118951,825,1,0,0,0,0,0,0,0,0,8,0,,67,9,2008,6,40.0302,-75.1428,820.0,6,0,0,0,0,0,0,0,0,,0,0,0,8,1,1,0,,0,40 01:48.856,,0,75 08:34.119,4,0,0,0,67301,1,0,0,N,1,0,0,2,67301,1,,1,1,,N,N,,0,,0,0,0,0.0,0,,810,1,2,0,0,0,0,0,3,4,0,1,99,,N,,,,,,,,,,,
2008119318,235,2,0,0,0,0,0,0,0,0,4,0,,67,9,2008,7,40.064,-75.0596,235.0,6,0,0,0,1,0,0,0,0,,0,0,0,2,3,0,1,,0,40 03:50.306,,0,75 03:34.568,0,0,0,0,67301,0,0,0,N,0,0,0,4,67301,0,,1,1,,N,N,,0,,0,0,0,3.0,3,,227,0,2,0,0,0,0,0,3,4,0,2,3,,N,,,,,,,,,,,
2008119329,0,1,0,0,0,0,0,0,0,0,1,0,,67,7,2008,6,39.967,-75.1343,0.0,6,0,0,0,0,0,0,0,0,,0,0,0,11,1,5,0,,0,39 58:00.667,,0,75 08:04.908,3,0,0,0,67301,0,0,0,N,0,0,0,7,00000,0,,1,1,,N,N,,0,,5,0,0,0.0,0,,1100,5,2,0,0,0,0,2,3,4,0,2,3,,N,,,,,,,,,,,
2008133608,1345,0,0,0,0,0,0,0,0,0,4,0,,67,10,2008,3,39.9175,-75.1761,1340.0,6,0,0,0,0,0,0,0,0,,0,0,0,13,1,1,1,,0,39 55:03.039,,0,75 10:34.125,8,0,0,0,67301,0,0,0,,0,0,0,2,67301,0,,1,9,,,,,0,,0,0,1,3.0,2,,1340,1,2,0,0,0,1,0,3,4,1,2,7,,N,,,,,,,,,,,
2008133657,1303,3,0,0,0,0,0,0,0,0,4,0,,67,11,2008,6,40.0143,-75.1781,1303.0,6,0,0,0,0,0,1,0,0,2.0,0,0,0,13,1,1,1,,2,40 00:51.570,6.0,0,75 10:41.163,8,0,0,0,67301,0,0,0,,0,0,0,4,67301,0,,1,1,,N,N,,0,,0,0,1,3.0,2,Y,1300,1,4,0,0,0,1,1,3,4,0,4,3,,N,,,,,,,,,,,
2008119012,1815,1,0,0,1,0,0,0,0,0,4,0,,67,9,2008,5,39.9981,-75.1183,1812.0,6,0,0,0,0,0,0,0,0,,0,0,0,18,1,1,0,,0,39 59:53.260,,0,75 07:05.797,3,0,0,0,67301,1,0,0,N,0,0,0,4,67301,0,,1,1,,N,N,,0,,1,0,0,0.0,0,,1805,1,2,0,0,0,0,0,3,4,0,1,3,,N,,,,,,,,,,,
2008095697,2214,1,0,0,1,0,0,0,0,0,4,0,,67,6,2008,5,40.0598,-75.0662,2209.0,6,0,0,0,0,0,0,0,0,,0,0,0,22,3,1,1,,0,40 03:35.406,,0,75 03:58.499,8,0,0,0,67301,1,0,0,,0,0,0,2,67301,0,,1,1,,N,N,,0,,0,0,0,3.0,3,,2209,1,2,0,0,0,1,0,3,4,0,1,3,,N,,,,,,,,,,,
2008095703,2025,0,0,0,0,0,0,0,0,0,8,0,,67,6,2008,7,39.9939,-75.1477,2015.0,6,0,0,0,0,0,0,0,0,,0,0,0,20,3,1,0,,0,39 59:37.935,,0,75 08:51.579,4,0,0,0,67301,1,0,0,N,1,0,0,2,67301,1,,1,9,,N,N,,0,,0,0,0,0.0,0,,2015,1,2,0,0,0,0,0,3,4,0,1,7,,N,,,,,,,,,,,
2008095458,2210,1,0,0,0,0,0,0,0,0,7,0,,67,5,2008,7,40.0266,-75.1593,2156.0,6,0,0,0,0,0,0,0,0,,0,0,0,21,3,1,2,,0,40 01:35.680,,0,75 09:33.469,2,0,0,0,67301,0,0,0,,0,0,0,1,67301,0,,5,1,,,,,0,,0,1,0,3.0,3,,2149,1,1,0,0,0,0,0,3,4,0,1,3,,N,,,,,,,,,,,
2008088384,1200,0,0,0,0,0,0,0,0,0,8,0,,67,6,2008,2,39.9921,-75.1383,1155.0,6,0,0,0,0,0,0,0,0,,0,0,0,99,1,1,0,,0,39 59:31.387,,0,75 08:17.930,8,0,0,0,67301,1,0,0,N,1,0,0,2,67301,0,,1,1,,N,Y,,0,,0,0,1,0.0,0,,9999,1,2,0,0,0,1,0,3,4,0,1,3,,N,,,,,,,,,,,
2008085348,1249,2,0,0,0,0,0,0,0,0,4,0,,67,4,2008,3,40.0875,-74.9713,1245.0,6,0,0,0,0,0,1,0,0,,0,0,0,12,1,2,1,,0,40 05:15.000,,0,74 58:17.040,8,0,0,0,67301,0,0,0,,0,0,0,3,67301,0,,1,1,,N,N,,0,,0,0,0,3.0,2,,1244,2,2,0,0,0,2,0,3,4,0,2,3,,N,,,,,,,,,,,
2008088430,1415,1,0,0,0,0,0,0,0,0,7,0,,67,5,2008,5,40.0791,-75.2095,1405.0,6,0,1,0,0,0,0,0,0,,0,0,0,13,1,2,0,,0,40 04:44.641,,0,75 12:34.356,4,0,0,0,67301,0,0,0,,0,0,0,3,67301,2,,2,1,,,,,0,,0,0,0,0.0,0,,1350,2,1,0,0,0,0,0,3,4,0,1,3,,N,,,,,,,,,,,
2008095342,1150,2,0,0,0,0,0,0,0,0,1,0,,67,6,2008,6,40.0205,-75.1542,1148.0,6,0,0,0,0,0,0,0,0,1.0,0,0,0,11,1,0,6,,2,40 01:14.300,4.0,2,75 09:22.030,0,0,0,0,67301,0,0,0,,0,0,0,2,67301,0,,7,1,,,,,0,,0,0,0,3.0,4,N,1136,0,2,0,0,0,0,0,3,4,0,2,3,,N,,,,,,,,,,,
2008088285,1830,1,0,0,0,0,0,0,0,0,4,0,,67,6,2008,4,40.0441,-75.0619,1826.0,6,0,0,0,0,0,0,0,0,2.0,0,0,0,18,1,1,1,,1,40 02:38.731,5.0,0,75 03:42.723,4,0,0,0,67301,0,0,0,N,0,0,0,4,67301,1,,1,9,,N,N,,0,,0,0,1,3.0,2,N,1818,1,3,0,0,0,0,0,3,4,1,3,7,,N,,,,,,,,,,,
2008077814,2215,1,0,0,0,0,0,0,0,0,5,0,,67,5,2008,5,39.9534,-75.1371,2209.0,6,0,0,0,0,0,0,0,0,2.0,0,0,0,22,3,1,0,,1,39 57:12.330,4.0,0,75 08:13.615,3,0,0,0,67301,0,0,0,N,0,0,0,2,67501,0,,1,1,,N,N,,0,,1,0,1,0.0,0,Y,2209,1,2,0,0,0,0,0,3,4,0,2,3,,N,,,,,,,,,,,
2008082190,924,2,0,0,0,0,0,0,0,0,4,0,,67,5,2008,6,39.9878,-75.1806,923.0,6,0,0,0,0,0,0,0,0,,0,0,0,9,1,2,2,,0,39 59:16.194,,0,75 10:50.094,8,0,0,0,67301,0,0,0,N,0,0,0,2,67301,0,,1,9,,N,N,,0,,0,0,0,3.0,2,,905,2,2,0,0,0,2,0,3,4,0,2,7,,N,,,,,,,,,,,
2008081535,835,0,0,0,0,0,0,0,0,0,8,0,,67,4,2008,3,39.9795,-75.1374,830.0,6,0,0,0,0,0,0,0,0,,0,0,0,8,1,1,0,,0,39 58:46.128,,0,75 08:14.722,8,0,0,0,67301,1,0,0,N,1,0,0,2,67301,0,,1,9,,,N,,0,,0,0,0,0.0,0,,830,1,2,0,0,0,1,1,3,4,1,1,7,,N,,,,,,,,,,,
2008091058,837,0,0,0,0,0,0,0,0,0,7,0,,67,7,2008,7,,,836.0,6,0,0,0,0,0,0,0,0,,0,0,0,8,1,1,0,,0,,,3,,4,0,0,0,67301,0,0,0,N,0,0,0,2,67501,1,,3,1,,N,N,,0,,0,0,1,3.0,8,,833,1,2,0,0,0,0,0,3,3,0,1,3,,N,,,,,,,,,,,
2008097425,2008,1,0,0,0,0,0,0,0,0,8,0,,67,6,2008,5,39.9885,-75.1706,2004.0,6,0,0,0,0,0,0,0,0,,0,0,0,99,1,1,1,,0,39 59:18.693,,0,75 10:14.037,4,0,0,0,67301,1,0,0,N,1,0,0,2,67301,1,,1,9,,N,N,,0,,0,0,0,0.0,0,,9999,1,2,0,0,0,0,0,3,4,0,1,3,,N,,,,,,,,,,,
2008097444,910,0,0,0,1,0,0,0,0,0,4,0,,67,7,2008,2,39.9535,-75.2385,903.0,6,0,0,0,0,0,0,0,0,,0,0,0,8,1,1,1,,0,39 57:12.592,,0,75 14:18.596,4,0,0,0,67301,1,0,0,N,0,0,0,2,67301,1,,1,9,,N,N,,0,,0,0,0,3.0,3,,830,1,2,0,0,0,0,1,3,4,0,1,7,,N,,,,,,,,,,,
2008088960,1500,2,0,0,0,0,0,0,0,0,1,1,,67,5,2008,3,39.9909,-75.0912,1456.0,6,0,0,0,0,0,2,0,0,2.0,0,1,0,14,1,4,1,,2,39 59:27.155,6.0,0,75 05:28.376,3,0,0,0,67301,0,0,0,,0,0,0,7,67301,2,,1,1,,,,,0,,1,0,0,3.0,2,Y,1455,4,4,0,0,0,1,1,3,4,1,4,3,,N,,,,,,,,,,,
2008081528,1707,0,0,0,0,0,0,0,0,0,7,0,,67,5,2008,6,39.994,-75.2268,1702.0,6,0,0,0,0,0,0,0,0,,0,0,0,16,1,1,0,,0,39 59:38.529,,0,75 13:36.541,8,0,0,0,67301,0,0,0,N,0,0,0,2,67301,0,,5,9,,N,N,,0,,0,0,1,0.0,0,,1658,1,1,0,0,0,1,0,3,4,0,1,7,,N,,,,,,,,,,,
2008108313,1414,2,0,0,0,0,0,0,0,0,2,0,,67,8,2008,1,39.9775,-75.266,1412.0,6,0,0,0,0,0,0,0,1,,0,0,0,14,1,2,0,,0,39 58:39.116,,0,75 15:57.560,4,0,0,0,67301,0,0,0,N,0,0,0,2,67301,1,,1,1,,N,,,0,,0,0,0,0.0,0,,1412,2,2,0,0,0,1,0,3,4,0,2,3,,N,,,,,,,,,,,
2008079225,1510,1,0,0,0,0,0,0,0,0,4,0,,67,6,2008,3,39.9253,-75.1577,1503.0,6,0,0,0,0,0,1,0,0,,0,0,0,15,1,2,1,,0,39 55:31.162,,0,75 09:27.611,4,0,0,0,67301,0,0,0,N,0,0,0,3,67301,2,,1,1,,N,N,,1,,0,0,0,0.0,0,,1503,2,2,0,0,0,0,0,3,4,0,2,3,,N,,,,,,,,,,,
2008103087,1507,2,0,0,0,0,0,0,0,0,5,0,,67,7,2008,2,39.9945,-75.1918,1501.0,6,0,0,0,0,0,0,0,0,,0,0,0,14,1,1,2,,0,39 59:40.369,,0,75 11:30.468,4,0,0,0,67301,0,0,0,,0,0,0,2,67301,1,,1,9,,N,N,,0,,0,0,0,0.0,0,,1450,1,2,0,0,0,0,0,3,4,0,2,98,,N,,,,,,,,,,,
2008098406,9999,1,0,0,0,0,0,0,0,0,4,0,,67,7,2008,4,39.9405,-75.2189,9999.0,6,0,0,0,0,0,0,1,0,,0,0,0,99,1,3,1,,0,39 56:25.816,,0,75 13:08.209,4,0,0,0,67301,0,0,0,N,0,0,0,4,67301,1,,1,1,,N,N,,1,,0,0,0,3.0,2,,9999,3,4,0,0,0,2,1,3,4,0,4,3,,N,,,,,,,,,,,
2008098415,450,3,0,0,0,0,0,0,0,0,5,0,,67,7,2008,6,40.0525,-75.0837,447.0,6,0,0,0,0,0,0,0,0,,0,0,0,3,3,0,0,,0,40 03:08.834,,0,75 05:01.420,9,0,0,0,67301,0,0,0,N,0,0,0,4,67301,0,,6,1,,N,N,,0,,0,0,1,0.0,0,,354,0,4,0,0,0,0,1,3,4,0,4,3,,N,,,,,,,,,,,
2008078894,840,0,0,0,0,0,0,0,0,0,8,0,,67,5,2008,6,39.9468,-75.2358,835.0,6,0,0,0,0,0,0,0,0,,0,0,0,8,1,1,2,,0,39 56:48.480,,0,75 14:08.880,8,0,0,0,67301,1,0,0,N,1,0,0,2,67301,0,,1,1,,N,N,,0,,0,0,0,3.0,1,,830,1,2,0,0,0,1,0,3,4,0,1,3,,N,,,,,,,,,,,
2008119428,0,2,0,0,0,0,0,0,0,0,4,0,,67,7,2008,1,40.0161,-75.1308,0.0,6,0,0,0,0,0,0,0,0,,0,0,0,0,6,4,1,,0,40 00:57.967,,0,75 07:50.861,8,0,0,0,67301,0,0,0,N,0,0,0,5,00000,0,,1,1,,N,N,,0,,0,0,0,3.0,3,,30,4,2,0,0,1,4,0,3,4,0,2,3,,N,,,,,,,,,,,