CRN,ARRIVAL_TM,AUTOMOBILE_COUNT,BELTED_DEATH_COUNT,BELTED_SUSP_SERIOUS_INJ_COUNT,BICYCLE_COUNT,BICYCLE_DEATH_COUNT,BICYCLE_SUSP_SERIOUS_INJ_COUNT,BUS_COUNT,CHLDPAS_DEATH_COUNT,CHLDPAS_SUSP_SERIOUS_INJ_COUNT,COLLISION_TYPE,COMM_VEH_COUNT,CONS_ZONE_SPD_LIM,COUNTY,CRASH_MONTH,CRASH_YEAR,DAY_OF_WEEK,DEC_LAT,DEC_LONG,DISPATCH_TM,DISTRICT,DRIVER_COUNT_16YR,DRIVER_COUNT_17YR,DRIVER_COUNT_18YR,DRIVER_COUNT_19YR,DRIVER_COUNT_20YR,DRIVER_COUNT_50_64YR,DRIVER_COUNT_65_74YR,DRIVER_COUNT_75PLUS,EST_HRS_CLOSED,FATAL_COUNT,HEAVY_TRUCK_COUNT,HORSE_BUGGY_COUNT,HOUR_OF_DAY,ILLUMINATION,INJURY_COUNT,INTERSECT_TYPE,INTERSECTION_RELATED,LANE_CLOSED,LATITUDE,LN_CLOSE_DIR,LOCATION_TYPE,LONGITUDE,MAX_SEVERITY_LEVEL,MCYCLE_DEATH_COUNT,MCYCLE_SUSP_SERIOUS_INJ_COUNT,MOTORCYCLE_COUNT,MUNICIPALITY,NONMOTR_COUNT,NONMOTR_DEATH_COUNT,NONMOTR_SUSP_SERIOUS_INJ_COUNT,NTFY_HIWY_MAINT,PED_COUNT,PED_DEATH_COUNT,PED_SUSP_SERIOUS_INJ_COUNT,PERSON_COUNT,POLICE_AGCY,POSSIBLE_INJ_COUNT,RDWY_SURF_TYPE_CD,RELATION_TO_ROAD,ROAD_CONDITION,ROADWAY_CLEARED,SCH_BUS_IND,SCH_ZONE_IND,SECONDARY_CRASH,SMALL_TRUCK_COUNT,SPEC_JURIS_CD,SUSP_MINOR_INJ_COUNT,SUSP_SERIOUS_INJ_COUNT,SUV_COUNT,TCD_FUNC_CD,TCD_TYPE,TFC_DETOUR_IND,TIME_OF_DAY,TOT_INJ_COUNT,TOTAL_UNITS,UNB_DEATH_COUNT,UNB_SUSP_SERIOUS_INJ_COUNT,UNBELTED_OCC_COUNT,UNK_INJ_DEG_COUNT,UNK_INJ_PER_COUNT,URBAN_AREA,URBAN_RURAL,VAN_COUNT,VEHICLE_COUNT,WEATHER1,WEATHER2,WORK_ZONE_IND,WORK_ZONE_LOC,WORK_ZONE_TYPE,WORKERS_PRES,WZ_CLOSE_DETOUR,WZ_FLAGGER,WZ_LAW_OFFCR_IND,WZ_LN_CLOSURE,WZ_MOVING,WZ_OTHER,WZ_SHLDER_MDN,WZ_WORKERS_INJ_KILLED
2008134039,1745,2,0,0,0,0,0,0,0,0,4,0,,67,10,2008,5,39.958,-75.1488,1744.0,6,0,0,0,0,0,0,0,0,,0,0,0,17,1,1,1,,0,39 57:28.949,,0,75 08:55.729,4,0,0,0,67301,0,0,0,N,0,0,0,2,67301,1,,1,1,,N,N,,0,,0,0,0,3.0,2,,1735,1,2,0,0,0,0,0,3,4,0,2,3,,N,,,,,,,,,,,
2008119249,2130,1,0,0,0,0,0,0,0,0,8,0,,67,9,2008,6,39.9702,-75.1451,2130.0,6,0,0,0,0,0,0,0,0,,0,0,0,21,3,1,1,,0,39 58:12.569,,0,75 08:42.214,4,0,0,0,67301,1,0,0,N,1,0,0,2,67301,1,,1,1,,N,N,,0,,0,0,0,3.0,2,,2115,1,2,0,0,0,0,1,3,4,0,1,3,,N,,,,,,,,,,,
2008133624,2215,1,0,0,0,0,0,0,0,0,7,0,,67,11,2008,3,40.0358,-75.1498,2214.0,6,0,0,0,0,0,0,0,0,,0,0,0,22,2,0,3,,0,40 02:09.049,,8,75 08:59.276,0,0,0,0,67301,0,0,0,N,0,0,0,1,67301,0,,3,9,,N,N,,0,,0,0,0,3.0,3,,2212,0,1,0,0,0,0,0,3,4,0,1,7,,N,,,,,,,,,,,
2008133628,1815,2,0,0,0,0,0,0,0,0,3,0,,67,10,2008,6,40.0476,-75.1429,1815.0,6,0,0,0,0,0,1,0,0,,0,0,0,16,1,1,0,,0,40 02:51.375,,7,75 08:34.341,4,0,0,0,67301,0,0,0,N,0,0,0,3,67301,1,,5,1,,N,N,,0,,0,0,0,0.0,0,,1615,1,2,0,0,3,0,0,3,4,0,2,3,,N,,,,,,,,,,,
2008095682,1438,1,0,0,0,0,0,0,0,0,4,0,,67,8,2008,4,40.0287,-75.2055,1432.0,6,0,0,0,0,0,0,0,1,,0,0,0,14,1,0,1,,0,40 01:43.183,,0,75 12:19.910,0,0,0,0,67301,0,0,0,N,0,0,0,2,67301,0,,1,1,,N,N,,0,,0,0,1,3.0,2,,1430,0,2,0,0,0,0,0,3,4,0,2,3,,N,,,,,,,,,,,
2008095698,1705,2,0,0,0,0,0,0,0,0,3,0,,67,8,2008,7,40.0346,-75.08,1700.0,6,0,0,0,0,0,0,0,0,,0,0,0,17,1,1,0,,0,40 02:04.470,,0,75 04:48.032,8,0,0,0,67301,1,0,0,N,1,0,0,2,67301,0,,6,1,,N,N,,0,,0,0,0,0.0,0,,1700,1,3,0,0,0,1,0,3,4,0,2,3,,N,,,,,,,,,,,
2008095721,1916,1,0,0,1,0,0,0,0,0,4,0,,67,6,2008,3,40.0365,-75.0803,1915.0,6,0,0,0,0,0,0,0,0,,0,0,0,9,1,1,1,,0,40 02:11.330,,0,75 04:48.770,4,0,0,0,67301,1,0,0,N,0,0,0,2,67301,1,,5,1,,N,N,,0,,0,0,0,3.0,2,,900,1,2,0,0,0,0,0,3,4,0,1,3,,N,,,,,,,,,,,
2008080632,1737,2,0,0,0,0,0,0,0,0,5,0,,67,7,2008,1,39.9746,-75.1173,1733.0,6,0,0,0,0,0,0,0,0,1.0,0,0,0,17,1,0,0,,1,39 58:31.050,1.0,0,75 06:59.180,0,0,0,0,67301,0,0,0,N,0,0,0,4,68K01,0,,1,9,,N,N,,0,,0,0,0,0.0,0,Y,1723,0,2,0,0,0,0,0,3,4,0,2,7,,N,,,,,,,,,,,
2008097891,1005,2,0,0,0,0,0,0,0,0,4,0,,67,7,2008,3,40.0323,-75.0875,1002.0,6,0,0,0,0,0,0,0,0,,0,0,0,9,1,1,2,,0,40 01:56.380,,0,75 05:15.017,4,0,0,0,67301,0,0,0,N,0,0,0,3,67301,1,,1,1,,N,N,,0,,0,0,0,3.0,3,,959,1,2,0,0,0,0,1,3,4,0,2,3,,N,,,,,,,,,,,
2008097626,2244,1,0,0,0,0,0,0,0,0,4,0,,67,7,2008,4,40.0256,-75.1218,2240.0,6,0,0,0,0,0,1,0,0,,0,0,0,14,1,3,0,,0,40 01:32.036,,7,75 07:18.698,3,0,0,0,67301,0,0,0,N,0,0,0,4,67301,0,,1,1,,N,N,,1,,3,0,0,0.0,0,,1400,3,2,0,0,0,0,1,3,4,0,2,3,,N,,,,,,,,,,,
2008093086,631,1,0,0,0,0,0,0,0,0,7,0,,67,8,2008,4,39.993,-75.0854,619.0,6,0,0,0,0,0,0,0,0,1.0,0,0,0,6,5,0,0,,1,39 59:31.028,2.0,2,75 05:10.034,0,0,0,0,67301,0,0,0,N,0,0,0,1,68K01,0,,2,1,,N,N,,0,,0,0,0,0.0,0,N,616,0,1,0,0,0,0,0,3,4,0,1,3,,N,,,,,,,,,,,
2008095594,904,2,0,0,0,0,0,0,0,0,4,0,,67,7,2008,7,40.0563,-75.1696,905.0,6,0,0,0,0,0,0,1,0,2.0,0,0,0,9,1,1,1,,1,40 03:22.744,3.0,0,75 10:10.433,4,0,0,0,67301,0,0,0,N,0,0,0,2,67301,1,,1,1,,N,N,,0,,0,0,0,3.0,3,N,902,1,2,0,0,0,0,0,3,4,0,2,3,,N,,,,,,,,,,,
2008088412,9999,1,0,0,0,0,0,0,0,0,6,0,99.0,67,6,2008,4,40.0128,-75.1745,9999.0,6,0,0,0,0,1,0,0,0,,0,0,0,99,1,2,2,,0,40 00:46.062,,0,75 10:28.102,8,0,0,0,67301,0,0,0,,0,0,0,2,67301,0,,1,9,,N,N,,1,,0,0,0,0.0,0,,9999,2,2,0,0,1,2,0,3,4,0,2,7,,Y,8.0,8.0,U,U,U,U,U,U,U,U,
2008088175,2151,2,0,0,0,0,0,0,0,0,6,0,,67,6,2008,7,40.0855,-75.0375,2150.0,6,0,1,0,0,0,0,0,0,,0,0,0,21,3,1,0,,0,40 05:07.792,,0,75 02:15.085,8,0,0,0,67301,0,0,0,N,0,0,0,3,67301,0,,1,9,,N,N,,0,,0,0,0,0.0,0,,2150,1,2,0,0,0,1,0,3,4,0,2,7,,N,,,,,,,,,,,
2008095269,1810,1,0,0,0,0,0,0,0,0,8,0,,67,6,2008,6,39.9801,-75.1791,1809.0,6,0,0,0,0,1,0,0,0,,0,0,0,18,1,1,0,,0,39 58:48.457,,0,75 10:44.932,4,0,0,0,67301,1,0,0,N,1,0,0,2,67301,1,,1,1,,N,N,,0,,0,0,0,0.0,0,,1809,1,2,0,0,0,0,0,3,4,0,1,3,,N,,,,,,,,,,,
2008095338,652,3,0,0,0,0,0,0,0,0,4,0,,67,6,2008,3,39.9587,-75.2397,650.0,6,0,0,0,0,0,0,0,0,,0,0,0,6,1,0,0,,0,39 57:31.381,,0,75 14:22.854,0,0,0,0,67301,0,0,0,N,0,0,0,1,67301,0,,6,1,,N,N,,0,,0,0,0,0.0,0,,645,0,3,0,0,0,0,0,3,4,0,3,3,,N,,,,,,,,,,,
2008088230,950,1,0,0,0,0,0,0,0,0,8,0,,67,6,2008,6,39.969,-75.1372,947.0,6,0,0,0,0,0,0,0,0,,0,0,0,9,1,1,1,,0,39 58:08.532,,0,75 08:14.067,3,0,0,0,67301,1,0,0,,1,0,0,2,67301,0,,1,1,,N,N,,0,,1,0,0,0.0,0,,947,1,2,0,0,0,0,0,3,4,0,1,3,,N,,,,,,,,,,,
2008080300,1852,2,0,0,0,0,0,0,0,0,4,0,,67,5,2008,3,40.1193,-75.0245,1850.0,6,0,0,0,0,0,0,0,1,1.0,0,0,0,18,1,1,1,,1,40 07:09.523,3.0,0,75 01:28.228,4,0,0,0,67301,0,0,0,N,0,0,0,3,67301,1,,1,1,,N,N,,0,,0,0,0,3.0,3,N,1840,1,2,0,0,0,0,1,3,4,0,2,3,,N,,,,,,,,,,,
2008087966,1510,1,0,0,0,0,0,0,0,0,5,0,,67,6,2008,3,39.947,-75.1545,1506.0,6,0,0,0,0,0,0,0,0,,0,0,0,15,1,1,1,,0,39 56:49.048,,0,75 09:16.145,3,0,0,0,67301,0,0,0,N,0,0,0,6,67301,0,,1,1,,,N,,1,,1,0,0,3.0,2,,1500,1,2,0,0,0,0,0,3,4,0,2,3,,N,,,,,,,,,,,
2008086022,1724,0,0,0,0,0,0,0,0,0,1,0,,67,7,2008,5,39.9236,-75.1924,1718.0,6,0,0,0,0,0,1,0,0,1.0,0,0,0,17,1,1,0,,1,39 55:28.069,3.0,0,75 11:34.813,4,0,0,0,67301,0,0,0,N,0,0,0,3,68K01,1,,1,1,,N,N,,1,,0,0,0,0.0,0,Y,1714,1,2,0,0,0,0,0,3,4,1,2,3,,N,,,,,,,,,,,
2008097579,1725,2,0,0,0,0,0,0,0,0,4,0,,67,7,2008,1,40.0403,-75.0584,1725.0,6,0,0,0,0,0,0,0,0,1.0,0,0,0,17,1,1,1,,1,40 02:24.861,1.0,0,75 03:30.268,8,0,0,0,67301,0,0,0,N,0,0,0,4,67301,0,,1,1,,N,N,,0,,0,0,0,3.0,2,N,1725,1,2,0,0,0,1,1,3,4,0,2,3,,N,,,,,,,,,,,
2008083643,1842,2,0,0,0,0,0,0,0,0,1,0,,67,7,2008,3,39.9765,-75.1967,1841.0,6,0,0,1,0,0,0,0,0,,0,0,0,18,1,0,6,,0,39 58:33.340,,2,75 11:42.990,0,0,0,0,67301,0,0,0,N,0,0,0,3,68K01,0,,1,1,,N,N,,0,,0,0,0,0.0,0,,1839,0,2,0,0,1,0,0,3,4,0,2,3,,N,,,,,,,,,,,
2008088096,9999,0,0,0,0,0,0,0,0,0,8,0,,67,6,2008,2,39.986,-75.1144,9999.0,6,0,0,0,0,0,0,0,0,,0,0,0,8,1,1,1,,0,39 59:09.456,,0,75 06:51.850,4,0,0,0,67301,1,0,0,N,1,0,0,2,67301,1,,1,1,,N,N,,0,,0,0,1,3.0,3,,805,1,2,0,0,0,0,0,3,4,0,1,3,,N,,,,,,,,,,,
2008087841,1920,0,0,0,0,0,0,0,0,0,8,0,,67,6,2008,6,39.9917,-75.1489,1915.0,6,0,0,0,0,0,0,0,0,,0,0,0,19,1,1,0,,0,39 59:30.130,,0,75 08:55.996,4,0,0,0,67301,1,0,0,N,1,0,0,2,67301,1,,1,1,,N,N,,1,,0,0,0,0.0,0,,1910,1,2,0,0,0,0,0,3,4,0,1,3,,N,,,,,,,,,,,
2008087850,1342,2,0,0,0,0,0,0,0,0,4,0,,67,6,2008,4,39.9877,-75.2162,1339.0,6,0,0,0,0,0,0,1,0,,0,0,0,13,1,1,2,,0,39 59:15.857,,0,75 12:58.177,4,0,0,0,67301,0,0,0,N,0,0,0,3,67301,1,,1,1,,N,N,,0,,0,0,0,3.0,2,,1335,1,2,0,0,0,0,1,3,4,0,2,3,,N,,,,,,,,,,,
2008083265,745,1,0,0,0,0,0,0,0,0,8,0,,67,5,2008,3,40.0174,-75.1408,740.0,6,0,0,0,0,0,0,0,0,,0,0,0,6,1,1,2,,0,40 01:02.521,,0,75 08:26.782,4,0,0,0,67301,1,0,0,N,1,0,0,2,67301,1,,9,1,,,N,,0,,0,0,0,0.0,0,,615,1,2,0,0,0,0,0,3,4,0,1,3,,N,,,,,,,,,,,
2008081005,805,0,0,0,0,0,0,0,0,0,4,0,,67,5,2008,6,39.9681,-75.2395,800.0,6,0,0,0,1,0,0,0,0,,0,0,0,7,1,1,1,,0,39 58:05.188,,0,75 14:22.246,4,0,0,0,67301,0,0,0,,0,0,0,2,67301,1,,1,9,,N,N,,0,,0,0,1,3.0,3,,755,1,2,0,0,0,0,0,3,4,1,2,7,,N,,,,,,,,,,,
2008095561,1039,2,0,0,0,0,0,0,0,0,4,0,,67,6,2008,5,40.0408,-75.073,1018.0,6,0,0,0,0,0,1,0,1,,0,0,0,10,1,1,1,,0,40 02:26.901,,0,75 04:22.717,4,0,0,0,67301,0,0,0,N,0,0,0,2,67301,1,,1,1,,N,N,,0,,0,0,0,3.0,3,,1014,1,2,0,0,0,0,0,3,4,0,2,3,,N,,,,,,,,,,,
2008098195,1833,0,0,0,0,0,0,0,0,0,1,0,,67,6,2008,5,39.9873,-75.2518,1830.0,6,0,0,1,0,0,0,0,0,,0,0,0,18,1,4,1,,0,39 59:14.152,,0,75 15:06.662,8,0,0,0,67301,0,0,0,N,0,0,0,10,67301,0,,1,1,,N,N,,0,,0,0,1,3.0,2,,1825,4,2,0,0,0,4,0,3,4,1,2,3,,N,,,,,,,,,,,
2008097447,1625,0,0,0,1,0,0,0,0,0,4,0,,67,7,2008,5,39.9398,-75.1641,1622.0,6,0,0,0,0,0,1,0,0,,0,0,0,16,1,1,2,,0,39 56:23.157,,0,75 09:50.911,4,0,0,0,67301,0,0,0,N,0,0,0,2,67301,1,,1,1,,N,N,,0,,0,0,1,3.0,3,,1620,1,2,0,0,0,0,1,3,4,0,2,3,,N,,,,,,,,,,,
2008097450,1453,1,0,0,0,0,0,0,0,0,8,0,,67,6,2008,5,39.9941,-75.1476,1447.0,6,0,0,0,0,0,0,0,0,2.0,0,0,0,14,1,1,1,,2,39 59:38.652,5.0,0,75 08:51.442,3,0,0,0,67301,1,0,0,N,1,0,0,4,67301,0,,1,1,,N,N,,0,,1,0,0,0.0,0,Y,1447,1,2,0,0,3,0,0,3,4,0,1,3,,N,,,,,,,,,,,
2008097452,1425,1,0,0,0,0,0,0,0,0,7,0,,67,7,2008,2,40.0137,-75.0851,1419.0,6,0,0,0,0,0,0,1,0,,0,0,0,13,1,3,0,,0,40 00:49.158,,0,75 05:06.259,4,0,0,0,67301,0,0,0,N,0,0,0,3,67301,1,,5,1,,N,N,,0,,0,0,0,0.0,0,,1319,3,1,0,0,0,2,0,3,4,0,1,3,,N,,,,,,,,,,,
2008091893,1539,2,0,0,0,0,0,1,0,0,1,1,,67,8,2008,6,39.9137,-75.1481,1519.0,6,0,0,0,0,0,0,0,0,1.0,0,1,0,15,1,1,0,,2,39 54:54.330,1.0,0,75 08:51.893,8,0,0,0,67301,0,0,0,N,0,0,0,29,68K01,0,,1,1,,N,N,,0,,0,0,0,0.0,0,N,1516,1,4,0,0,0,1,0,3,4,0,4,3,,N,,,,,,,,,,,
2008081063,8,0,0,0,0,0,0,0,0,0,5,0,,67,5,2008,2,39.9759,-75.2267,5.0,6,0,0,0,0,0,1,0,0,,0,0,0,23,3,1,0,,0,39 58:33.288,,0,75 13:36.019,8,0,0,0,67301,0,0,0,,0,0,0,1,67301,0,,1,1,,,,,0,,0,0,1,0.0,0,,2350,1,2,0,0,0,1,0,3,4,1,2,3,,N,,,,,,,,,,,
2008094855,1200,1,0,0,0,0,0,0,0,0,8,0,,67,7,2008,5,40.0584,-75.1895,1155.0,6,0,0,0,0,0,0,0,0,,0,0,0,12,1,1,1,,0,40 03:30.318,,0,75 11:21.982,8,0,0,0,67301,1,0,0,,1,0,0,2,67301,0,,1,1,,N,N,,0,,0,0,0,3.0,2,,1200,1,2,0,0,0,1,0,3,4,0,1,3,,N,,,,,,,,,,,
2008094867,2305,1,0,0,0,0,0,0,0,0,1,0,,67,7,2008,5,40.0438,-75.1583,2301.0,6,0,0,0,0,0,0,0,0,1.0,0,0,0,22,3,1,2,,1,40 02:37.676,4.0,0,75 09:29.851,8,0,0,0,67301,0,0,0,N,0,0,0,2,67301,0,,1,1,,N,N,,0,,0,0,1,3.0,3,N,2242,1,2,0,0,0,1,0,3,4,0,2,3,,N,,,,,,,,,,,
2008079176,1637,1,0,0,0,0,0,0,0,0,2,0,,67,5,2008,4,40.1235,-75.0154,1637.0,6,0,0,0,0,0,0,0,0,,0,0,0,16,1,2,1,,0,40 07:24.775,,0,75 00:55.257,4,0,0,0,67301,0,0,0,N,0,0,0,3,67301,2,,1,1,,N,N,,1,,0,0,0,3.0,2,,1630,2,2,0,0,0,0,0,3,4,0,2,3,,N,,,,,,,,,,,
2008089160,9999,1,0,0,0,0,0,0,0,0,1,0,,67,1,2008,6,39.9461,-75.1715,9999.0,6,0,0,0,0,0,1,0,0,,0,0,0,8,1,1,0,,0,39 56:46.000,,0,75 10:17.500,2,0,0,0,67301,0,0,0,N,0,0,0,3,00000,0,,1,9,,N,N,,0,,0,1,0,0.0,0,,800,1,2,0,0,0,0,1,3,4,0,2,7,,N,,,,,,,,,,,
2008098438,1035,1,0,0,0,0,0,0,0,0,4,0,,67,7,2008,6,40.0131,-75.1569,1030.0,6,0,0,0,0,0,2,0,0,,0,0,0,10,1,1,1,,0,40 00:47.289,,0,75 09:24.926,8,0,0,0,67301,0,0,0,N,0,0,0,3,67301,0,,1,9,,N,N,,0,,0,0,1,3.0,3,,1025,1,2,0,0,0,1,0,3,4,0,2,3,,N,,,,,,,,,,,
2008081285,1021,1,0,0,0,0,0,0,0,0,7,0,,67,6,2008,7,39.9571,-75.1444,1011.0,6,0,0,0,0,0,0,0,0,1.0,0,0,0,10,1,1,0,,2,39 57:22.050,4.0,2,75 08:30.229,8,0,0,0,67301,0,0,0,N,0,0,0,1,68K01,0,,2,1,,N,N,,0,,0,0,0,0.0,0,Y,1004,1,1,0,0,0,1,0,3,4,0,1,3,,N,,,,,,,,,,,
2008098494,1140,1,0,0,0,0,0,0,0,0,5,0,,67,8,2008,5,40.0003,-75.1869,1136.0,6,0,0,0,0,0,1,1,0,,0,0,0,11,1,1,0,,0,40 00:00.874,,0,75 11:12.871,4,0,0,1,67301,0,0,0,N,0,0,0,2,67301,1,,1,1,,N,N,,0,,0,0,0,0.0,0,,1130,1,2,0,0,0,0,0,3,4,0,2,3,,N,,,,,,,,,,,
2008100991,1935,2,0,0,0,0,0,0,0,0,4,0,,67,6,2008,6,40.0224,-75.0844,9999.0,6,0,0,0,0,0,1,0,0,,0,0,0,99,1,1,5,,0,40 01:20.762,,0,75 05:03.951,8,0,0,0,67301,0,0,0,,0,0,0,2,67301,0,,1,1,,,,,1,,0,0,0,3.0,2,,9999,1,3,0,0,0,1,0,3,4,0,3,3,,N,,,,,,,,,,,
2008132044,2144,0,0,0,0,0,0,0,0,0,5,0,,67,10,2008,1,40.0294,-75.0222,2141.0,6,0,0,0,0,0,0,0,0,2.0,1,0,0,21,3,0,0,,1,40 01:36.627,1.0,0,75 01:32.679,1,1,0,2,67301,0,0,0,N,0,0,0,2,68K01,0,2.0,1,1,,N,N,,0,0.0,0,0,0,0.0,0,N,2139,0,3,0,0,0,0,0,3,4,0,2,3,,N,,,,,,,,,,,
2008133814,2030,0,0,0,0,0,0,1,0,0,8,1,,67,10,2008,2,39.9363,-75.223,1945.0,6,0,0,0,0,0,0,0,0,,0,0,0,16,1,1,0,,0,39 56:10.777,,0,75 13:22.702,4,0,0,0,67301,1,0,0,N,1,0,0,2,67301,1,,1,1,,Y,N,,0,,0,0,0,0.0,0,,1645,1,2,0,0,0,0,0,3,4,0,1,3,,N,,,,,,,,,,,
2008133824,1710,1,0,0,0,0,0,0,0,0,4,0,,67,10,2008,6,40.0085,-75.158,1705.0,6,0,0,0,0,0,0,0,0,,0,0,0,99,1,0,1,,0,40 00:30.463,,0,75 09:28.677,9,0,0,0,67301,0,0,0,N,0,0,0,7,67301,0,,1,1,,N,N,,0,,0,0,1,3.0,3,,9999,0,2,0,0,0,0,5,3,4,0,2,3,,N,,,,,,,,,,,
2008133941,1648,2,0,0,0,0,0,0,0,0,1,0,,67,12,2008,7,39.9939,-75.1991,1647.0,6,0,0,0,0,0,1,0,0,,0,0,0,16,3,0,0,,0,39 59:41.222,,0,75 11:53.304,0,0,0,0,67301,0,0,0,N,0,0,0,9,68K01,0,,1,1,,N,N,,0,,0,0,0,0.0,0,,1642,0,3,0,0,0,0,0,3,4,1,3,3,,N,,,,,,,,,,,
2008119219,250,1,0,0,0,0,0,0,0,0,7,0,,67,9,2008,7,39.9787,-75.1809,250.0,6,0,0,0,0,0,0,0,0,,0,0,0,2,3,1,1,,0,39 58:43.460,,0,75 10:51.211,4,0,0,0,67301,0,0,0,N,0,0,0,1,67301,1,,5,9,,N,N,,0,,0,0,0,0.0,0,,250,1,1,0,0,1,0,0,3,4,0,1,7,,N,,,,,,,,,,,
2008119243,1733,3,0,0,0,0,0,0,0,0,1,0,,67,10,2008,2,40.0177,-75.1722,1733.0,6,0,0,0,1,0,0,0,0,4.0,0,0,0,14,1,0,0,,2,40 01:03.581,1.0,0,75 10:19.920,0,0,0,0,67301,0,0,0,N,0,0,0,4,67301,0,,1,1,,N,N,,0,,0,0,1,0.0,0,Y,1445,0,4,0,0,0,0,0,3,4,0,4,98,,N,,,,,,,,,,,
2008119254,1345,1,0,0,0,0,0,0,0,0,2,0,,67,10,2008,4,39.918,-75.2179,1337.0,6,0,0,0,0,0,1,0,1,,0,0,0,12,1,0,0,,0,39 55:04.547,,0,75 13:04.752,0,0,0,0,67301,0,0,0,N,0,0,0,3,67301,0,,1,1,,N,N,,1,,0,0,0,0.0,0,,1240,0,2,0,0,0,0,0,3,4,0,2,3,,N,,,,,,,,,,,
2008119308,1426,1,0,0,0,0,0,0,0,0,5,0,,67,9,2008,6,40.0233,-75.179,1426.0,6,0,0,0,0,0,0,0,0,,0,0,0,99,1,1,1,,0,40 01:24.019,,0,75 10:44.495,4,0,0,0,67301,0,0,0,N,0,0,0,2,67301,1,,1,9,,N,N,,0,,0,0,0,3.0,2,,9999,1,2,0,0,0,0,0,3,4,1,2,99,,N,,,,,,,,,,,
2008133622,410,3,0,0,0,0,0,0,0,0,6,0,,67,10,2008,7,40.0399,-75.0645,409.0,6,0,0,0,0,0,0,0,0,,0,0,0,4,3,0,2,,0,40 02:23.492,,0,75 03:52.027,9,0,0,0,67301,0,0,0,N,0,0,0,2,67301,0,,1,9,,N,N,,0,,0,0,0,3.0,3,,402,0,4,0,0,0,0,1,3,4,1,4,7,,N,,,,,,,,,,,
2008071628,1735,1,0,0,0,0,0,0,0,0,4,0,,67,4,2008,2,40.0477,-75.0719,1727.0,6,0,0,0,0,0,0,0,1,1.0,0,0,0,17,1,1,1,,1,40 02:51.896,1.0,0,75 04:18.775,3,0,0,0,67301,0,0,0,N,0,0,0,5,67301,0,,1,1,,N,N,,0,,1,0,1,3.0,2,N,1725,1,2,0,0,0,0,0,3,4,0,2,3,,N,,,,,,,,,,,
2008095700,40,1,0,0,0,0,0,0,0,0,1,0,,67,7,2008,7,40.005,-75.1394,627.0,6,0,0,0,0,0,0,0,0,,0,0,0,3,6,2,0,,0,40 00:18.039,,0,75 08:21.764,8,0,0,0,67301,0,0,0,N,0,0,0,4,67301,0,,1,9,,N,N,,0,,0,0,1,3.0,2,,345,2,2,0,0,2,2,0,3,4,0,2,7,,N,,,,,,,,,,,
2008097944,1235,0,0,0,1,0,0,0,0,0,4,0,,67,6,2008,5,40.0437,-75.1559,1225.0,6,0,0,0,0,0,0,0,0,,0,0,0,12,1,1,1,,0,40 02:37.388,,0,75 09:21.128,8,0,0,0,67301,1,0,0,N,0,0,0,2,67301,0,,1,1,,N,N,,0,,0,0,0,3.0,3,,1225,1,2,0,0,0,1,0,3,4,1,1,3,,N,,,,,,,,,,,
2008088383,45,1,0,0,0,0,0,0,0,0,7,0,,67,6,2008,1,39.9951,-75.1481,43.0,6,0,0,0,0,0,0,0,1,,0,0,0,0,2,1,0,,0,39 59:42.511,,0,75 08:53.268,4,0,0,0,67301,0,0,0,N,0,0,0,2,67301,1,,5,1,,N,N,,0,,0,0,0,0.0,0,,20,1,1,0,0,1,0,1,3,4,0,1,3,,N,,,,,,,,,,,
2008095595,45,3,0,0,0,0,0,0,0,0,5,0,,67,8,2008,6,39.9881,-75.1284,45.0,6,0,0,0,0,0,1,0,0,,0,0,0,0,3,1,0,,0,39 59:17.016,,0,75 07:42.247,8,0,0,0,67301,0,0,0,,0,0,0,1,67301,0,,1,1,,,,,0,,0,0,0,0.0,0,,40,1,3,0,0,1,1,0,3,4,0,3,3,,N,,,,,,,,,,,
2008095597,855,2,0,0,0,0,0,0,0,0,1,0,,67,7,2008,5,40.0745,-75.0352,855.0,6,0,0,0,0,0,0,0,0,,0,0,0,8,1,0,0,,0,40 04:28.201,,0,75 02:06.649,0,0,0,0,67301,0,0,0,N,0,0,0,2,67301,0,,1,1,,N,N,,0,,0,0,0,0.0,0,,855,0,2,0,0,0,0,0,3,4,0,2,3,,N,,,,,,,,,,,
2008088409,1200,1,0,0,0,0,0,0,0,0,7,0,,67,5,2008,7,40.0184,-75.1486,1154.0,6,0,0,0,1,0,0,0,0,,0,0,0,11,1,4,1,,0,40 01:06.113,,0,75 08:54.944,4,0,0,0,67301,0,0,0,N,0,0,0,4,67301,4,,4,9,,N,N,,0,,0,0,0,0.0,0,,1152,4,1,0,0,0,0,0,3,4,0,1,7,,N,,,,,,,,,,,
2008088433,1855,2,0,0,0,0,0,0,0,0,1,0,,67,5,2008,5,40.0582,-75.1442,1855.0,6,0,0,0,0,0,0,0,0,,0,0,0,14,1,1,2,,0,40 03:29.509,,0,75 08:39.033,4,0,0,0,67301,0,0,0,N,0,0,0,3,67301,1,,1,1,,N,N,,0,,0,0,0,0.0,0,,1445,1,2,0,0,0,0,1,3,4,0,2,3,,N,,,,,,,,,,,