CRN,ARRIVAL_TM,AUTOMOBILE_COUNT,BELTED_DEATH_COUNT,BELTED_SUSP_SERIOUS_INJ_COUNT,BICYCLE_COUNT,BICYCLE_DEATH_COUNT,BICYCLE_SUSP_SERIOUS_INJ_COUNT,BUS_COUNT,CHLDPAS_DEATH_COUNT,CHLDPAS_SUSP_SERIOUS_INJ_COUNT,COLLISION_TYPE,COMM_VEH_COUNT,CONS_ZONE_SPD_LIM,COUNTY,CRASH_MONTH,CRASH_YEAR,DAY_OF_WEEK,DEC_LAT,DEC_LONG,DISPATCH_TM,DISTRICT,DRIVER_COUNT_16YR,DRIVER_COUNT_17YR,DRIVER_COUNT_18YR,DRIVER_COUNT_19YR,DRIVER_COUNT_20YR,DRIVER_COUNT_50_64YR,DRIVER_COUNT_65_74YR,DRIVER_COUNT_75PLUS,EST_HRS_CLOSED,FATAL_COUNT,HEAVY_TRUCK_COUNT,HORSE_BUGGY_COUNT,HOUR_OF_DAY,ILLUMINATION,INJURY_COUNT,INTERSECT_TYPE,INTERSECTION_RELATED,LANE_CLOSED,LATITUDE,LN_CLOSE_DIR,LOCATION_TYPE,LONGITUDE,MAX_SEVERITY_LEVEL,MCYCLE_DEATH_COUNT,MCYCLE_SUSP_SERIOUS_INJ_COUNT,MOTORCYCLE_COUNT,MUNICIPALITY,NONMOTR_COUNT,NONMOTR_DEATH_COUNT,NONMOTR_SUSP_SERIOUS_INJ_COUNT,NTFY_HIWY_MAINT,PED_COUNT,PED_DEATH_COUNT,PED_SUSP_SERIOUS_INJ_COUNT,PERSON_COUNT,POLICE_AGCY,POSSIBLE_INJ_COUNT,RDWY_SURF_TYPE_CD,RELATION_TO_ROAD,ROAD_CONDITION,ROADWAY_CLEARED,SCH_BUS_IND,SCH_ZONE_IND,SECONDARY_CRASH,SMALL_TRUCK_COUNT,SPEC_JURIS_CD,SUSP_MINOR_INJ_COUNT,SUSP_SERIOUS_INJ_COUNT,SUV_COUNT,TCD_FUNC_CD,TCD_TYPE,TFC_DETOUR_IND,TIME_OF_DAY,TOT_INJ_COUNT,TOTAL_UNITS,UNB_DEATH_COUNT,UNB_SUSP_SERIOUS_INJ_COUNT,UNBELTED_OCC_COUNT,UNK_INJ_DEG_COUNT,UNK_INJ_PER_COUNT,URBAN_AREA,URBAN_RURAL,VAN_COUNT,VEHICLE_COUNT,WEATHER1,WEATHER2,WORK_ZONE_IND,WORK_ZONE_LOC,WORK_ZONE_TYPE,WORKERS_PRES,WZ_CLOSE_DETOUR,WZ_FLAGGER,WZ_LAW_OFFCR_IND,WZ_LN_CLOSURE,WZ_MOVING,WZ_OTHER,WZ_SHLDER_MDN,WZ_WORKERS_INJ_KILLED
2008088213,1825,0,0,0,0,0,0,0,0,0,8,0,,67,6,2008,7,40.0244,-75.132,1820.0,6,0,0,0,0,0,0,0,0,,0,0,0,17,1,1,2,,0,40 01:27.480,,0,75 07:56.280,8,0,0,0,67301,1,0,0,N,1,0,0,2,67301,0,,1,1,,N,N,,0,,0,0,0,3.0,3,,1748,1,2,0,0,0,1,0,3,4,0,1,3,,N,,,,,,,,,,,
2008088244,1639,1,0,0,0,0,0,0,0,0,1,0,,67,6,2008,5,39.9301,-75.2192,1637.0,6,0,0,0,1,0,0,0,0,,0,0,0,15,1,1,1,,0,39 55:48.360,,0,75 13:09.120,4,0,0,0,67301,0,0,0,N,0,0,0,2,67301,1,,1,1,,N,N,,0,,0,0,1,3.0,2,,1551,1,2,0,0,0,0,0,3,4,0,2,3,,N,,,,,,,,,,,
2008088268,1145,3,0,0,0,0,0,0,0,0,4,0,,67,6,2008,2,40.0334,-75.0666,1143.0,6,0,1,0,0,0,0,1,0,,0,0,0,11,1,0,1,,0,40 02:00.166,,0,75 03:59.552,0,0,0,0,67301,0,0,0,N,0,0,0,5,67301,0,,1,1,,N,N,,0,,0,0,0,3.0,2,,1138,0,3,0,0,2,0,0,3,4,0,3,3,,N,,,,,,,,,,,
2008088016,1515,1,0,0,0,0,0,0,0,0,1,0,,67,6,2008,7,40.0275,-75.0331,1510.0,6,1,0,0,0,0,0,0,0,,0,0,0,15,1,1,0,,0,40 01:39.009,,0,75 01:59.143,8,0,0,0,67301,0,0,0,,0,0,0,2,67301,0,,1,1,,,,,0,,0,0,0,0.0,0,,1505,1,2,0,0,0,1,0,3,4,1,2,3,,N,,,,,,,,,,,
2008097999,1537,1,0,0,0,0,0,0,0,0,1,0,,67,6,2008,6,40.1207,-75.0104,1533.0,6,0,0,0,1,0,2,0,0,,0,0,0,15,1,1,2,,0,40 07:14.487,,0,75 00:37.526,4,0,0,0,67301,0,0,0,N,0,0,0,4,67301,1,,1,1,,N,N,,2,,0,0,1,3.0,2,,1530,1,4,0,0,0,0,0,3,4,0,4,3,,N,,,,,,,,,,,
2008098037,1735,1,0,0,0,0,0,0,0,0,8,0,,67,7,2008,7,39.9568,-75.2365,1730.0,6,0,0,0,0,0,0,0,0,,0,0,0,17,1,1,0,,0,39 57:24.404,,0,75 14:11.371,8,0,0,0,67301,1,0,0,N,1,0,0,2,67301,0,,1,1,,N,N,,0,,0,0,0,0.0,0,,1720,1,2,0,0,0,1,0,3,4,0,1,3,,N,,,,,,,,,,,
2008098179,256,1,0,0,0,0,0,0,0,0,5,0,,67,7,2008,1,39.94,-75.1641,253.0,6,0,0,0,0,1,0,0,0,1.0,0,0,0,2,3,0,0,,2,39 56:23.974,1.0,0,75 09:50.652,0,0,0,0,67301,0,0,0,,0,0,0,1,67301,0,,6,1,,,,,0,,0,0,0,0.0,0,Y,245,0,2,0,0,0,0,0,3,4,1,2,3,,N,,,,,,,,,,,
2008098186,1215,3,0,0,0,0,0,0,0,0,1,0,,67,6,2008,3,40.0322,-75.0843,1205.0,6,0,0,0,0,0,1,0,0,,0,0,0,11,1,5,2,,0,40 01:55.786,,0,75 05:03.553,8,0,0,0,67301,0,0,0,N,0,0,0,5,67301,0,,1,1,,N,N,,0,,0,0,0,3.0,2,,1155,5,3,0,0,0,5,0,3,4,0,3,3,,N,,,,,,,,,,,
2008081443,315,1,0,0,0,0,0,0,0,0,7,0,,67,5,2008,2,39.9218,-75.1905,312.0,6,0,0,0,0,0,0,0,0,1.0,0,0,0,99,3,0,0,,2,39 55:18.240,4.0,1,75 11:25.705,0,0,0,0,67301,0,0,0,N,0,0,0,1,67301,0,,2,1,,N,N,,0,,0,0,0,0.0,0,N,9999,0,1,0,0,0,0,0,3,4,0,1,3,,N,,,,,,,,,,,
2008102051,303,1,0,0,0,0,0,0,0,0,7,0,,67,9,2008,1,40.0263,-75.0274,251.0,6,0,0,0,0,0,0,0,0,,0,0,0,2,3,1,0,,0,40 01:33.800,,0,75 01:39.650,8,0,0,0,67301,0,0,0,N,0,0,0,1,68K01,0,,3,1,,N,N,,0,,0,0,0,0.0,0,,245,1,1,0,0,1,1,0,3,4,0,1,3,,N,,,,,,,,,,,
2008097315,811,1,0,0,0,0,0,0,0,0,1,0,,67,8,2008,5,40.0011,-75.2267,808.0,6,0,0,0,0,0,0,0,0,,0,0,0,8,1,1,0,,0,40 00:07.903,,0,75 13:28.156,4,0,0,0,67301,0,0,0,N,0,0,0,3,46104,1,,1,1,,N,N,,1,,0,0,0,0.0,0,,808,1,2,0,0,0,0,0,3,4,0,2,3,,N,,,,,,,,,,,
2008107759,2040,1,0,0,0,0,0,0,0,0,8,0,,67,8,2008,2,40.0933,-74.9621,2031.0,6,0,0,0,0,0,0,0,0,,0,0,0,18,1,1,1,,0,40 05:35.998,,0,74 57:43.477,4,0,0,0,67301,1,0,0,N,1,0,0,2,67301,1,,4,1,,N,N,,0,,0,0,0,9.0,2,,1830,1,2,0,0,0,0,1,3,4,0,1,3,,N,,,,,,,,,,,
2008104866,200,1,0,0,0,0,0,0,0,0,7,0,,67,8,2008,2,39.9733,-75.194,158.0,6,0,0,0,0,0,0,0,0,1.0,0,0,0,1,3,0,0,,1,39 58:27.859,3.0,0,75 11:39.445,0,0,0,0,67301,0,0,0,N,0,0,0,2,68K01,0,,2,1,,N,N,,0,,0,0,0,0.0,0,N,150,0,1,0,0,0,0,0,3,4,0,1,3,,N,,,,,,,,,,,
2008081825,53,3,0,0,0,0,0,0,0,0,1,0,,67,7,2008,6,39.9573,-75.1518,53.0,6,0,0,0,0,1,0,0,0,,0,0,0,23,3,2,0,,0,39 57:26.280,,0,75 09:06.120,4,0,0,0,67301,0,0,0,N,0,0,0,6,68K01,2,,1,9,,N,N,,0,,0,0,0,0.0,0,,2307,2,3,0,0,1,0,0,3,4,0,3,7,,N,,,,,,,,,,,
2008108553,921,0,0,0,0,0,0,0,0,0,1,0,,67,9,2008,5,40.0262,-75.1328,920.0,6,0,0,0,0,0,1,1,0,2.0,0,0,0,7,1,3,0,,1,40 01:34.334,2.0,0,75 07:57.907,4,0,0,0,67301,0,0,0,N,0,0,0,5,67301,3,,1,1,,N,N,,0,,0,0,0,0.0,0,N,745,3,2,0,0,0,0,0,3,4,2,2,3,,N,,,,,,,,,,,
2008101540,1957,1,0,0,0,0,0,0,0,0,1,0,,67,9,2008,4,39.9599,-75.1782,1952.0,6,0,0,0,0,0,0,0,0,1.0,0,0,0,19,4,0,0,,1,39 57:36.584,4.0,0,75 10:48.789,0,0,0,0,67301,0,0,0,N,0,0,0,4,68K01,0,,1,1,,N,N,,0,,0,0,1,0.0,0,N,1940,0,2,0,0,0,0,0,3,4,0,2,3,,N,,,,,,,,,,,
2008098608,1720,2,0,0,0,0,0,0,0,0,4,0,,67,7,2008,1,39.9852,-75.1723,1718.0,6,0,0,0,0,0,1,0,0,,0,0,0,99,1,1,1,,0,39 59:06.734,,0,75 10:20.395,4,0,0,0,67301,0,0,0,N,0,0,0,2,67301,1,,1,1,,N,N,,0,,0,0,0,3.0,3,,9999,1,2,0,0,0,0,0,3,4,0,2,3,,N,,,,,,,,,,,
2008069534,1953,1,0,0,0,0,0,0,0,0,8,0,,67,4,2008,2,39.9658,-75.2461,1953.0,6,0,0,0,0,0,0,0,0,,0,0,0,14,1,1,1,,0,39 57:56.915,,0,75 14:46.135,3,0,0,0,67301,1,0,0,N,1,0,0,2,67301,0,,1,1,,N,N,,0,,1,0,0,3.0,2,,1400,1,2,0,0,0,0,1,3,4,0,1,3,,N,,,,,,,,,,,
2008082185,1612,1,0,0,0,0,0,1,0,0,5,1,,67,5,2008,1,39.9917,-75.1766,1609.0,6,0,0,0,0,0,0,0,0,,0,0,0,15,1,2,0,,0,39 59:30.134,,0,75 10:35.695,4,0,0,0,67301,0,0,0,,0,0,0,3,67301,2,,6,1,,,,,0,,0,0,0,0.0,0,,1532,2,2,0,0,0,0,0,3,4,0,2,3,,N,,,,,,,,,,,
2008082264,1500,2,0,0,0,0,0,0,0,0,4,0,,67,5,2008,3,40.0515,-75.0091,1452.0,6,0,0,0,0,0,1,0,0,1.0,0,0,0,14,1,1,2,,1,40 03:05.232,3.0,0,75 00:32.643,8,0,0,0,67301,0,0,0,N,0,0,0,3,67301,0,,1,1,,N,N,,0,,0,0,0,3.0,2,N,1445,1,2,0,0,0,1,0,3,4,0,2,3,,N,,,,,,,,,,,
2008079054,2027,2,0,0,0,0,0,0,0,0,1,0,,67,5,2008,6,40.0957,-75.0306,2019.0,6,0,0,1,0,0,1,0,0,2.0,0,0,0,20,3,0,0,,1,40 05:43.617,1.0,0,75 01:50.181,0,0,0,0,67301,0,0,0,N,0,0,0,5,67301,0,,1,9,,N,N,,1,,0,0,0,3.0,2,N,2017,0,4,0,0,0,0,0,3,4,1,4,7,,N,,,,,,,,,,,
2008097448,1600,1,0,0,0,0,0,0,0,0,8,0,,67,7,2008,4,40.0368,-75.0407,1555.0,6,0,0,0,0,0,0,0,0,,0,0,0,15,1,1,1,,0,40 02:12.142,,0,75 02:27.053,4,0,0,0,67301,1,0,0,N,1,0,0,2,67301,1,,1,1,,N,N,,0,,0,0,0,3.0,2,,1555,1,2,0,0,0,0,0,3,4,0,1,3,,N,,,,,,,,,,,
2008076253,1707,0,0,0,0,0,0,0,0,0,7,0,,67,6,2008,1,39.986,-75.0928,1704.0,6,0,0,0,0,0,0,0,0,1.0,0,0,0,17,4,0,0,,1,39 59:09.610,2.0,0,75 05:34.420,0,0,0,0,67301,0,0,0,N,0,0,0,2,68K01,0,,2,1,,N,N,,0,,0,0,1,0.0,0,Y,1700,0,1,0,0,0,0,0,3,4,0,1,3,,N,,,,,,,,,,,
2008094806,2130,0,0,0,0,0,0,0,0,0,8,0,,67,6,2008,7,39.9509,-75.1523,2126.0,6,0,0,0,0,0,1,0,0,2.0,0,0,0,21,3,1,0,,2,39 57:03.405,6.0,0,75 09:08.433,2,0,0,0,67301,1,0,1,N,1,0,1,3,67301,0,,1,1,,N,N,,0,,0,1,1,0.0,0,Y,2125,1,2,0,0,0,0,0,3,4,0,1,3,,N,,,,,,,,,,,
2008089029,912,1,0,0,0,0,0,0,0,0,8,0,,67,6,2008,2,40.0129,-75.1836,910.0,6,0,0,0,0,0,0,0,0,,0,0,0,9,1,1,2,,0,40 00:46.490,,7,75 11:00.847,3,0,0,0,67301,1,0,0,N,1,0,0,2,67301,0,,1,1,,N,N,,0,,1,0,0,3.0,2,,907,1,2,0,0,0,0,0,3,4,0,1,3,,N,,,,,,,,,,,
2008081131,933,2,0,0,0,0,0,0,0,0,1,0,,67,5,2008,3,39.9595,-75.162,930.0,6,0,0,0,0,0,0,1,0,1.0,0,0,0,99,1,0,1,,2,39 57:34.200,4.0,0,75 09:43.200,0,0,0,0,67301,0,0,0,N,0,0,0,3,67301,0,,1,9,,N,N,,1,,0,0,0,3.0,2,Y,9999,0,3,0,0,0,0,0,3,4,0,3,7,,N,,,,,,,,,,,
2008103182,730,1,0,0,0,0,0,0,0,0,4,0,,67,7,2008,2,39.951,-75.1774,725.0,6,0,0,0,0,0,2,0,0,,0,0,0,7,1,1,1,,0,39 57:03.480,,0,75 10:38.220,8,0,0,0,67301,0,0,0,N,0,0,0,2,67301,0,,1,1,,N,N,,1,,0,0,0,3.0,2,,725,1,2,0,0,0,1,0,3,4,0,2,3,,N,,,,,,,,,,,
2008123904,950,0,0,0,0,0,0,0,0,0,0,0,,67,11,2008,1,39.9432,-75.1431,945.0,6,0,0,0,0,0,0,0,0,1.0,0,0,0,9,1,1,0,,2,39 56:36.660,2.0,0,75 08:34.887,3,0,0,1,67301,0,0,0,N,0,0,0,1,68K01,0,,1,1,,N,N,,0,,1,0,0,0.0,0,N,943,1,1,0,0,0,0,0,3,4,0,1,3,,N,,,,,,,,,,,
2008119371,1908,2,0,0,0,0,0,0,0,0,4,0,,67,9,2008,3,39.9947,-75.1475,1900.0,6,0,0,0,0,0,0,0,0,,0,0,0,99,1,1,1,,0,39 59:40.772,,0,75 08:50.830,4,0,0,0,67301,0,0,0,N,0,0,0,2,67301,1,,1,1,,N,N,,0,,0,0,0,9.0,9,,9999,1,2,0,0,0,0,0,3,4,0,2,3,,N,,,,,,,,,,,
2008119375,0,2,0,0,0,0,0,0,0,0,4,0,,67,7,2008,4,40.0263,-75.1217,0.0,6,0,0,0,0,0,0,0,0,,0,0,0,13,1,1,0,,0,40 01:34.790,,0,75 07:18.099,8,0,0,0,67301,1,0,0,N,0,0,0,2,00000,0,,4,1,,N,N,,0,,0,0,0,0.0,0,,1300,1,2,0,0,0,1,0,3,4,0,2,3,,N,,,,,,,,,,,
2008134038,2250,1,0,0,0,0,0,0,0,0,7,0,,67,10,2008,1,,,2231.0,6,0,0,0,0,1,0,0,0,9.0,0,0,0,22,3,0,0,,1,,4.0,0,,0,0,0,0,67301,0,0,0,,0,0,0,5,67301,0,,2,1,,N,N,,0,,0,0,0,0.0,0,N,2231,0,1,0,0,0,0,0,3,3,0,1,3,,N,,,,,,,,,,,
2008119175,1832,2,0,0,0,0,0,0,0,0,1,0,,67,9,2008,6,40.0353,-75.2199,1828.0,6,0,0,0,0,1,1,0,0,,0,0,0,18,1,2,1,,0,40 02:07.155,,0,75 13:11.564,4,0,0,0,67301,0,0,0,N,0,0,0,2,67301,2,,1,1,,N,N,,0,,0,0,0,0.0,0,,1815,2,2,0,0,0,0,0,3,4,0,2,3,,N,,,,,,,,,,,
2008119302,1335,1,0,0,0,0,0,0,0,0,5,0,,67,9,2008,1,39.9674,-75.1772,1330.0,6,0,0,0,0,0,0,1,0,,0,0,0,13,1,1,0,,0,39 58:02.632,,0,75 10:38.031,4,0,0,0,67301,0,0,0,N,0,0,0,3,67301,1,,1,1,,N,N,,0,,0,0,1,0.0,0,,1325,1,2,0,0,0,0,0,3,4,0,2,3,,N,,,,,,,,,,,
2008119303,1120,0,0,0,0,0,0,0,0,0,6,0,,67,9,2008,3,40.0285,-75.0611,1115.0,6,0,0,0,0,0,0,0,0,,0,0,0,11,1,2,1,,0,40 01:42.499,,0,75 03:40.120,4,0,0,0,67301,0,0,0,N,0,0,0,2,67301,2,,1,9,,N,N,,1,,0,0,1,3.0,2,,1113,2,2,0,0,0,0,0,3,4,0,2,7,,N,,,,,,,,,,,
2008119323,2052,1,0,0,0,0,0,0,0,0,4,0,,67,8,2008,5,39.9547,-75.1495,2048.0,6,0,0,0,0,1,0,0,0,2.0,0,0,0,20,3,1,1,,2,39 57:16.770,3.0,0,75 08:58.240,3,0,0,0,67301,0,0,0,,0,0,0,3,67301,0,,1,1,,N,N,,1,,1,0,0,3.0,2,Y,2048,1,2,0,0,0,0,0,3,4,0,2,3,,N,,,,,,,,,,,
2008133605,2050,1,0,0,0,0,0,0,0,0,1,1,,67,11,2008,3,40.0516,-75.1747,2043.0,6,0,1,0,0,0,0,0,0,,0,1,0,20,3,2,2,,0,40 03:05.588,,0,75 10:28.959,4,0,0,0,67301,0,0,0,N,0,0,0,3,67301,2,,1,9,,N,N,,0,,0,0,0,0.0,0,,2027,2,2,0,0,0,0,0,3,4,0,2,7,,N,,,,,,,,,,,
2008071634,412,1,0,0,0,0,0,0,0,0,2,0,,67,4,2008,7,,,404.0,6,0,0,0,0,0,0,0,0,,0,0,0,4,2,2,0,,0,,,0,,4,0,0,0,67301,0,0,0,,0,0,0,2,67301,2,,1,9,,N,N,,0,,0,0,1,0.0,0,,404,2,2,0,0,0,0,0,3,3,0,2,7,5.0,N,,,,,,,,,,,
2008095716,508,1,0,0,0,0,0,0,0,0,7,0,,67,7,2008,2,39.9243,-75.1923,505.0,6,0,0,0,0,0,0,0,0,,0,0,0,5,3,0,0,,0,39 55:27.308,,0,75 11:32.218,0,0,0,0,67301,0,0,0,N,0,0,0,1,67301,0,,2,1,,N,N,,0,,0,0,0,0.0,0,,500,0,1,0,0,0,0,0,3,4,0,1,3,,N,,,,,,,,,,,
2008080847,2016,1,0,0,0,0,0,0,0,0,0,0,,67,7,2008,6,40.0276,-75.0249,2015.0,6,0,0,0,0,0,0,0,0,1.0,0,0,0,20,3,1,0,,2,40 01:36.913,1.0,2,75 01:33.965,3,0,0,0,67301,0,0,0,N,0,0,0,1,68K01,0,,1,9,,N,N,,0,,1,0,0,0.0,0,N,2013,1,1,0,0,0,0,0,3,4,0,1,7,,N,,,,,,,,,,,
2008095465,825,0,0,0,0,0,0,0,0,0,5,0,,67,7,2008,3,39.9582,-75.1508,821.0,6,0,0,0,0,0,0,0,0,1.0,0,0,0,8,1,1,0,,2,39 57:29.444,4.0,0,75 09:02.903,4,0,0,0,67301,0,0,0,N,0,0,0,3,67301,1,,1,1,,N,N,,0,,0,0,2,0.0,0,Y,815,1,2,0,0,0,0,0,3,4,0,2,3,,N,,,,,,,,,,,
2008095545,1340,0,0,0,0,0,0,0,0,0,6,1,,67,5,2008,3,39.9983,-75.1081,1330.0,6,0,0,0,0,0,2,0,0,,0,1,0,13,1,1,0,,0,39 59:54.056,,0,75 06:29.264,4,0,0,0,67301,0,0,0,,0,0,0,3,67301,1,,1,9,,,,,0,,0,0,1,0.0,0,,1315,1,2,0,0,0,0,0,3,4,0,2,7,,N,,,,,,,,,,,
2008088428,1100,2,0,0,0,0,0,0,0,0,4,0,,67,6,2008,3,40.0504,-75.1531,1056.0,6,0,1,0,0,0,0,1,0,,0,0,0,10,1,1,1,,0,40 03:01.414,,0,75 09:11.224,8,0,0,0,67301,0,0,0,N,0,0,0,2,67301,0,,1,1,,N,N,,0,,0,0,0,3.0,3,,1024,1,2,0,0,0,1,0,3,4,0,2,3,,N,,,,,,,,,,,
2008088207,2148,3,0,0,0,0,0,0,0,0,5,0,,67,6,2008,6,40.0656,-75.1569,2148.0,6,0,0,0,0,0,0,0,0,,0,0,0,21,3,1,0,,0,40 03:56.221,,0,75 09:24.930,4,0,0,0,67301,3,0,0,,0,0,0,4,67301,1,,6,1,,,,,0,,0,0,0,0.0,0,,2130,1,3,0,0,0,0,0,3,4,0,3,3,,N,,,,,,,,,,,
2008088264,1710,0,0,0,0,0,0,0,0,0,8,0,,67,6,2008,6,39.9931,-75.1479,1700.0,6,0,0,0,0,0,0,1,0,,0,0,0,16,1,1,1,,0,39 59:35.083,,0,75 08:52.393,4,0,0,0,67301,1,0,0,,1,0,0,2,67301,1,,2,1,,,,,0,,0,0,1,2.0,2,,1650,1,2,0,0,0,0,0,3,4,0,1,3,,N,,,,,,,,,,,
2008088274,2118,1,0,0,1,0,0,0,0,0,4,0,,67,6,2008,6,39.9715,-75.1802,2115.0,6,0,0,0,0,0,0,0,0,,0,0,0,21,3,1,1,,0,39 58:17.457,,0,75 10:48.712,3,0,0,0,67301,1,0,0,N,0,0,0,2,67301,0,,1,1,,,N,,0,,1,0,0,3.0,3,,2115,1,2,0,0,0,0,0,3,4,0,1,3,,N,,,,,,,,,,,
2008088291,1745,1,0,0,0,0,0,0,0,0,7,0,,67,6,2008,4,40.0173,-75.0479,1740.0,6,0,0,0,0,0,1,0,0,1.0,0,0,0,17,1,1,3,,2,40 01:01.710,3.0,3,75 02:51.488,8,0,0,0,67301,0,0,0,,0,0,0,1,67301,0,,4,9,,,,,0,,0,0,0,0.0,0,Y,1730,1,1,0,0,0,1,0,3,4,0,1,7,,N,,,,,,,,,,,
2008083213,1731,1,0,0,0,0,0,0,0,0,8,0,,67,5,2008,3,39.9779,-75.1631,1719.0,6,0,0,0,0,0,0,0,0,,0,0,0,17,1,1,0,,0,39 58:40.494,,0,75 09:47.063,4,0,0,0,67301,1,0,0,,1,0,0,2,67301,1,,1,1,,N,N,,0,,0,0,0,0.0,0,,1718,1,2,0,0,0,0,0,3,4,0,1,3,,N,,,,,,,,,,,
2008083256,747,2,0,0,0,0,0,0,0,0,2,0,,67,5,2008,7,39.9629,-75.2467,746.0,6,0,0,0,1,0,0,0,0,,0,0,0,7,1,2,0,,0,39 57:46.247,,0,75 14:48.063,3,0,0,0,67301,0,0,0,,0,0,0,3,67301,1,,1,1,,N,N,,0,,1,0,0,0.0,0,,744,2,2,0,0,1,0,0,3,4,0,2,3,,N,,,,,,,,,,,
2008097991,1408,0,0,0,0,0,0,0,0,0,8,0,,67,7,2008,1,39.9934,-75.097,1405.0,6,0,0,0,0,0,0,0,0,3.0,0,0,0,13,1,1,1,,2,39 59:36.066,1.0,99,75 05:49.115,8,0,0,0,67301,1,0,0,N,1,0,0,2,67301,0,,1,1,,N,N,,0,,0,0,1,3.0,2,Y,1330,1,2,0,0,0,1,0,3,4,0,1,3,,N,,,,,,,,,,,
2008100573,9999,1,0,0,0,0,0,0,0,0,7,0,,67,7,2008,1,39.8919,-75.2419,9999.0,6,0,0,0,0,0,1,0,0,,0,0,0,15,1,0,3,,0,39 53:30.970,,0,75 04:31.360,0,0,0,0,67301,0,0,0,N,0,0,0,1,67301,0,,3,9,,N,N,,0,,0,0,0,3.0,2,,1555,0,1,0,0,0,0,0,3,4,0,1,7,,N,,,,,,,,,,,
2008096092,2050,0,0,0,0,0,0,0,0,0,7,0,,67,7,2008,5,40.002,-75.1401,2045.0,6,0,0,0,0,0,0,0,0,,0,0,0,20,1,1,1,,0,40 00:07.027,,0,75 08:24.226,8,0,0,1,67301,0,0,0,,0,0,0,1,67301,0,,5,9,,,,,0,,0,0,0,0.0,0,,2045,1,1,0,0,0,1,0,3,4,0,1,3,,N,,,,,,,,,,,
2008098300,705,1,0,0,0,0,0,0,0,0,8,0,,67,8,2008,2,40.0032,-75.1525,656.0,6,0,0,0,0,0,0,0,0,,0,0,0,6,1,1,1,,0,40 00:11.393,,0,75 09:08.838,8,0,0,0,67301,1,0,0,N,1,0,0,2,67301,0,,1,1,,N,N,,0,,0,0,0,3.0,2,,650,1,2,0,0,0,1,0,3,4,0,1,3,,N,,,,,,,,,,,
2008098353,9999,2,0,0,0,0,0,0,0,0,4,0,,67,6,2008,1,40.0424,-75.1439,9999.0,6,0,0,0,0,0,1,0,0,,0,0,0,99,1,1,0,,0,40 02:32.768,,7,75 08:37.980,8,0,0,0,67301,0,0,0,N,0,0,0,2,67301,0,,1,1,,N,N,,0,,0,0,0,0.0,0,,9999,1,2,0,0,1,1,0,3,4,0,2,3,,N,,,,,,,,,,,
2008098375,1905,1,0,0,0,0,0,0,0,0,4,0,,67,8,2008,6,39.9888,-75.1202,1900.0,6,0,0,0,1,0,0,0,0,,0,0,0,99,1,1,1,,0,39 59:19.554,,0,75 07:12.678,4,0,0,1,67301,0,0,0,N,0,0,0,2,67301,1,,1,1,,N,N,,0,,0,0,0,9.0,3,,9999,1,2,0,0,0,0,1,3,4,0,2,3,,N,,,,,,,,,,,
2008108046,645,1,0,0,0,0,0,0,0,0,7,0,,67,8,2008,1,39.9293,-75.1686,640.0,6,0,0,0,0,0,0,0,0,,0,0,0,99,1,1,1,,0,39 55:45.120,,0,75 10:06.960,3,0,0,0,67301,0,0,0,N,0,0,0,2,67301,0,,4,1,,N,N,,0,,1,0,0,3.0,2,,9999,1,1,0,0,0,0,0,3,4,0,1,3,,N,,,,,,,,,,,
2008070798,2237,2,0,0,0,0,0,0,0,0,4,0,,67,4,2008,3,39.9169,-75.216,2234.0,6,0,0,0,1,0,1,0,0,,0,0,0,21,3,0,3,,0,39 55:00.971,,0,75 12:57.138,0,0,0,0,67301,0,0,0,N,0,0,0,2,67301,0,,1,1,,N,N,,0,,0,0,0,3.0,2,,2100,0,2,0,0,0,0,0,3,4,0,2,3,,N,,,,,,,,,,,
2008101974,749,2,0,0,0,0,0,0,0,0,1,0,,67,9,2008,4,39.9454,-75.1904,737.0,6,0,0,0,0,0,1,0,0,,0,0,0,7,1,0,6,,0,39 56:43.370,,2,75 11:25.410,0,0,0,0,67301,0,0,0,N,0,0,0,2,68K01,0,,1,1,,N,N,,0,,0,0,0,0.0,0,,732,0,2,0,0,0,0,0,3,4,0,2,3,,N,,,,,,,,,,,
2008073724,755,1,0,0,0,0,0,0,0,0,4,0,,67,5,2008,1,40.0455,-75.1649,752.0,6,0,0,0,0,1,0,0,0,,0,0,0,7,1,1,1,,0,40 02:43.800,,0,75 09:53.515,4,0,0,0,67301,0,0,0,N,0,0,0,7,67301,1,,1,1,,N,N,,0,,0,0,1,3.0,2,,750,1,2,0,0,6,0,0,3,4,0,2,3,,N,,,,,,,,,,,
2008097480,9999,0,0,0,0,0,0,0,0,0,8,0,,67,7,2008,1,40.032,-75.0389,220.0,6,0,0,0,0,0,0,0,0,,0,0,0,2,3,1,1,,0,40 01:55.027,,0,75 02:20.133,3,0,0,0,67301,1,0,0,,1,0,0,2,67301,0,,1,1,,,,,0,,1,0,0,3.0,3,,230,1,2,0,0,0,0,0,3,4,0,1,3,,N,,,,,,,,,,,
2008097529,1219,2,0,0,0,0,0,0,0,0,2,0,,67,7,2008,3,39.9979,-75.1939,1216.0,6,0,0,0,0,0,0,0,0,2.0,0,0,0,12,1,0,0,,2,39 59:52.346,5.0,0,75 11:38.016,0,0,0,0,67301,0,0,0,,0,0,0,2,67301,0,,1,1,,,,,0,,0,0,0,0.0,0,Y,1215,0,2,0,0,0,0,0,3,4,0,2,3,,N,,,,,,,,,,,