CRN,ARRIVAL_TM,AUTOMOBILE_COUNT,BELTED_DEATH_COUNT,BELTED_SUSP_SERIOUS_INJ_COUNT,BICYCLE_COUNT,BICYCLE_DEATH_COUNT,BICYCLE_SUSP_SERIOUS_INJ_COUNT,BUS_COUNT,CHLDPAS_DEATH_COUNT,CHLDPAS_SUSP_SERIOUS_INJ_COUNT,COLLISION_TYPE,COMM_VEH_COUNT,CONS_ZONE_SPD_LIM,COUNTY,CRASH_MONTH,CRASH_YEAR,DAY_OF_WEEK,DEC_LAT,DEC_LONG,DISPATCH_TM,DISTRICT,DRIVER_COUNT_16YR,DRIVER_COUNT_17YR,DRIVER_COUNT_18YR,DRIVER_COUNT_19YR,DRIVER_COUNT_20YR,DRIVER_COUNT_50_64YR,DRIVER_COUNT_65_74YR,DRIVER_COUNT_75PLUS,EST_HRS_CLOSED,FATAL_COUNT,HEAVY_TRUCK_COUNT,HORSE_BUGGY_COUNT,HOUR_OF_DAY,ILLUMINATION,INJURY_COUNT,INTERSECT_TYPE,INTERSECTION_RELATED,LANE_CLOSED,LATITUDE,LN_CLOSE_DIR,LOCATION_TYPE,LONGITUDE,MAX_SEVERITY_LEVEL,MCYCLE_DEATH_COUNT,MCYCLE_SUSP_SERIOUS_INJ_COUNT,MOTORCYCLE_COUNT,MUNICIPALITY,NONMOTR_COUNT,NONMOTR_DEATH_COUNT,NONMOTR_SUSP_SERIOUS_INJ_COUNT,NTFY_HIWY_MAINT,PED_COUNT,PED_DEATH_COUNT,PED_SUSP_SERIOUS_INJ_COUNT,PERSON_COUNT,POLICE_AGCY,POSSIBLE_INJ_COUNT,RDWY_SURF_TYPE_CD,RELATION_TO_ROAD,ROAD_CONDITION,ROADWAY_CLEARED,SCH_BUS_IND,SCH_ZONE_IND,SECONDARY_CRASH,SMALL_TRUCK_COUNT,SPEC_JURIS_CD,SUSP_MINOR_INJ_COUNT,SUSP_SERIOUS_INJ_COUNT,SUV_COUNT,TCD_FUNC_CD,TCD_TYPE,TFC_DETOUR_IND,TIME_OF_DAY,TOT_INJ_COUNT,TOTAL_UNITS,UNB_DEATH_COUNT,UNB_SUSP_SERIOUS_INJ_COUNT,UNBELTED_OCC_COUNT,UNK_INJ_DEG_COUNT,UNK_INJ_PER_COUNT,URBAN_AREA,URBAN_RURAL,VAN_COUNT,VEHICLE_COUNT,WEATHER1,WEATHER2,WORK_ZONE_IND,WORK_ZONE_LOC,WORK_ZONE_TYPE,WORKERS_PRES,WZ_CLOSE_DETOUR,WZ_FLAGGER,WZ_LAW_OFFCR_IND,WZ_LN_CLOSURE,WZ_MOVING,WZ_OTHER,WZ_SHLDER_MDN,WZ_WORKERS_INJ_KILLED
2008094807,1040,1,0,0,0,0,0,0,0,0,8,0,,67,7,2008,5,40.0515,-75.0091,1034.0,6,0,0,0,0,0,1,0,0,1.0,0,0,0,10,1,1,1,,1,40 03:05.232,1.0,0,75 00:32.643,8,0,0,0,67301,1,0,0,N,1,0,0,2,67301,0,,1,1,,N,N,,0,,0,0,0,3.0,2,N,1034,1,2,0,0,0,1,0,3,4,0,1,3,,N,,,,,,,,,,,
2008094873,1253,2,0,0,0,0,0,0,0,0,5,0,,67,6,2008,3,40.0146,-75.1567,1248.0,6,0,0,0,0,0,0,0,0,,0,0,0,99,1,1,1,,0,40 00:52.752,,0,75 09:24.063,8,0,0,0,67301,0,0,0,N,0,0,0,2,67301,0,,1,1,,N,N,,0,,0,0,0,3.0,2,,9999,1,2,0,0,0,1,0,3,4,0,2,3,,N,,,,,,,,,,,
2008079207,1130,2,0,0,0,0,0,0,0,0,4,0,,67,5,2008,3,40.0247,-75.1237,1126.0,6,0,0,0,0,0,0,0,0,,0,0,0,11,1,1,1,,0,40 01:28.740,,0,75 07:25.247,4,0,0,0,67301,0,0,0,,0,0,0,2,67301,1,,1,9,,,,,0,,0,0,0,9.0,2,,1126,1,2,0,0,0,0,0,3,4,0,2,7,,N,,,,,,,,,,,
2008098469,1550,0,0,0,0,0,0,0,0,0,8,0,,67,6,2008,1,39.9976,-75.1706,1550.0,6,0,0,1,0,0,0,0,0,,0,0,0,15,1,1,0,,0,39 59:51.526,,0,75 10:14.084,4,0,0,0,67301,1,0,0,N,1,0,0,2,67301,1,,2,1,,N,N,,0,,0,0,1,0.0,0,,1550,1,2,0,0,0,0,0,3,4,0,1,3,,N,,,,,,,,,,,
2008081213,1615,0,0,0,0,0,0,0,0,0,8,0,,67,5,2008,5,40.0073,-75.1488,1613.0,6,0,0,0,0,0,1,0,0,,0,0,0,16,1,1,2,,0,40 00:26.154,,0,75 08:55.600,4,0,0,0,67301,1,0,0,,1,0,0,2,67301,1,,1,1,,N,N,,0,,0,0,1,0.0,0,,1609,1,2,0,0,0,0,0,3,4,0,1,3,,N,,,,,,,,,,,
2008098496,2255,2,0,0,0,0,0,0,0,0,1,0,,67,7,2008,3,40.0036,-75.1812,2251.0,6,0,0,0,0,0,0,0,0,,0,0,0,22,3,1,1,,0,40 00:13.290,,0,75 10:51.870,4,0,0,0,67301,0,0,0,,0,0,0,2,67301,1,,1,1,,,,,0,,0,0,0,3.0,2,,2249,1,2,0,0,0,0,1,3,4,0,2,3,,N,,,,,,,,,,,
2008098498,1815,2,0,0,0,0,0,0,0,0,4,0,,67,8,2008,1,39.9978,-75.172,1810.0,6,0,0,0,0,0,0,0,0,,0,0,0,18,4,1,1,,0,39 59:52.119,,0,75 10:19.081,4,0,0,0,67301,0,0,0,N,0,0,0,2,67301,1,,1,9,,N,N,,0,,0,0,0,3.0,3,,1800,1,2,0,0,0,0,0,3,4,0,2,7,,N,,,,,,,,,,,
2008098173,1325,1,0,0,0,0,0,0,0,0,4,0,,67,7,2008,1,40.0367,-75.0645,1317.0,6,0,0,0,0,0,0,0,0,1.0,0,0,0,13,1,1,1,,1,40 02:12.340,2.0,0,75 03:51.744,3,0,0,0,67301,0,0,0,N,0,0,0,5,67301,0,,1,1,,N,N,,0,,1,0,1,3.0,2,N,1315,1,2,0,0,0,0,0,3,4,0,2,3,,N,,,,,,,,,,,
2008119381,0,1,0,0,0,0,0,0,0,0,4,0,,67,6,2008,7,39.9997,-75.1385,0.0,6,0,0,0,0,0,0,0,0,,0,0,0,9,1,1,0,,0,39 59:58.915,,0,75 08:18.492,8,0,0,0,67301,0,0,0,N,0,0,0,3,00000,0,,1,98,,N,N,,0,,0,0,0,0.0,0,,945,1,2,0,0,0,1,0,3,4,0,2,99,,N,,,,,,,,,,,
2008118947,1255,1,0,0,1,0,0,0,0,0,4,0,,67,8,2008,5,39.9568,-75.2114,1250.0,6,0,0,0,0,1,0,0,0,,0,0,0,12,1,1,1,,0,39 57:24.380,,0,75 12:40.880,4,0,0,0,67301,1,0,0,N,0,0,0,2,67301,1,,1,1,,N,N,,0,,0,0,0,2.0,2,,1250,1,2,0,0,0,0,0,3,4,0,1,3,,N,,,,,,,,,,,
2008118958,1927,2,0,0,0,0,0,0,0,0,4,0,,67,10,2008,5,40.0345,-75.0531,1927.0,6,0,0,0,0,0,1,0,0,3.0,0,0,0,19,3,1,1,,2,40 02:04.088,1.0,0,75 03:11.192,4,0,0,0,67301,0,0,0,N,0,0,0,4,67301,1,,1,1,,N,N,,0,,0,0,0,3.0,3,N,1927,1,2,0,0,4,0,0,3,4,0,2,3,,N,,,,,,,,,,,
2008119291,1657,0,0,0,0,0,0,0,0,0,1,0,,67,9,2008,7,40.0345,-75.1149,1656.0,6,0,0,0,0,0,1,0,0,,0,0,0,16,8,1,0,,0,40 02:04.105,,0,75 06:53.554,4,0,0,0,67301,0,0,0,N,0,0,0,1,67301,1,,2,9,,N,N,,0,,0,0,2,0.0,0,,1651,1,2,0,0,0,0,0,3,4,0,2,7,,N,,,,,,,,,,,
2008097971,1847,1,0,0,0,0,0,0,0,0,6,0,,67,6,2008,1,39.9804,-75.1709,1847.0,6,0,0,0,0,1,0,0,0,,0,0,0,18,1,1,1,,0,39 58:49.322,,0,75 10:15.324,4,0,0,0,67301,0,0,0,N,0,0,0,3,67301,1,,1,1,,N,N,,0,,0,0,0,3.0,2,,1847,1,2,0,0,1,0,0,3,4,1,2,3,,N,,,,,,,,,,,
2008097977,1052,3,0,0,0,0,0,0,0,0,1,0,,67,6,2008,7,40.0889,-74.9694,1052.0,6,0,0,0,0,0,0,1,0,2.0,0,0,0,10,1,4,2,,2,40 05:19.683,1.0,0,74 58:10.236,8,0,0,0,67301,0,0,0,N,0,0,0,11,67301,0,,1,1,,N,N,,0,,0,0,1,3.0,2,N,1052,4,5,0,0,0,4,0,3,4,1,5,3,,N,,,,,,,,,,,
2008095549,9999,1,0,0,0,0,0,0,0,0,2,0,,67,8,2008,5,39.9011,-75.1694,1715.0,6,0,0,0,0,0,1,0,0,,0,0,0,17,1,0,0,,0,39 54:03.970,,7,75 10:09.674,0,0,0,0,67301,0,0,0,N,0,0,0,2,67301,0,,1,1,,N,N,,0,,0,0,1,0.0,0,,1700,0,2,0,0,0,0,0,3,4,0,2,3,,N,,,,,,,,,,,
2008097624,932,2,0,0,0,0,0,0,0,0,2,0,,67,7,2008,4,39.9958,-75.1875,831.0,6,0,1,0,0,0,0,0,0,,0,0,0,8,3,1,0,,0,39 59:44.880,,0,75 11:15.021,8,0,0,0,67301,0,0,0,N,0,0,0,2,67301,0,,1,9,,N,N,,0,,0,0,0,0.0,0,,831,1,2,0,0,0,1,1,3,4,0,2,7,,N,,,,,,,,,,,
2008095270,2048,1,0,0,0,0,0,0,0,0,8,0,,67,6,2008,7,39.9296,-75.1778,2047.0,6,0,0,0,0,0,0,0,0,,0,0,0,20,3,1,0,,0,39 55:46.722,,0,75 10:39.993,4,0,0,0,67301,1,0,0,,1,0,0,2,67301,1,,1,1,,,,,0,,0,0,0,0.0,0,,2045,1,2,0,0,0,0,0,3,4,0,1,3,,N,,,,,,,,,,,
2008088250,1510,2,0,0,0,0,0,0,0,0,4,0,,67,6,2008,2,40.0176,-75.0593,1505.0,6,0,0,1,0,0,0,0,0,,0,0,0,15,1,1,1,,0,40 01:03.383,,0,75 03:33.697,4,0,0,0,67301,0,0,0,N,0,0,0,2,67301,1,,1,1,,N,N,,0,,0,0,0,3.0,2,,1500,1,2,0,0,0,0,0,3,4,0,2,3,,N,,,,,,,,,,,
2008088272,2319,1,0,0,0,0,0,0,0,0,1,0,,67,5,2008,5,39.9612,-75.1748,2319.0,6,0,0,0,0,0,0,0,0,,0,0,0,23,3,1,1,,0,39 57:40.918,,0,75 10:30.473,4,0,0,0,67301,0,0,0,,0,0,0,2,67301,1,,1,1,,,,,0,,0,0,1,9.0,2,,2316,1,2,0,0,0,0,0,3,4,0,2,3,,N,,,,,,,,,,,
2008095048,852,1,0,0,1,0,0,0,0,0,4,0,,67,6,2008,5,39.9591,-75.1723,850.0,6,0,0,0,0,0,0,0,0,,0,0,0,8,1,1,1,,0,39 57:33.256,,0,75 10:20.901,3,0,0,0,67301,1,0,0,N,0,0,0,2,67301,0,,2,1,,N,N,,0,,1,0,0,3.0,2,,850,1,2,0,0,0,0,0,3,4,0,1,3,,N,,,,,,,,,,,
2008097588,1642,2,0,0,0,0,0,0,0,0,4,0,,67,8,2008,1,40.0971,-75.0182,1642.0,6,0,0,0,0,1,0,1,0,1.0,0,0,0,16,1,1,1,,1,40 05:49.711,2.0,0,75 01:05.375,3,0,0,0,67301,0,0,0,N,0,0,0,6,67301,0,,1,1,,N,N,,0,,1,0,0,3.0,2,N,1630,1,2,0,0,0,0,0,3,4,0,2,3,,N,,,,,,,,,,,
2008083210,1350,2,0,0,0,0,0,0,0,0,2,0,,67,5,2008,2,39.9563,-75.2135,1345.0,6,0,0,0,0,0,1,0,0,,0,0,0,13,1,2,1,,0,39 57:22.503,,0,75 12:48.657,4,0,0,0,67301,0,0,0,N,0,0,0,4,67301,2,,1,9,,N,N,,0,,0,0,0,3.0,3,,1340,2,2,0,0,2,0,0,3,4,0,2,7,,N,,,,,,,,,,,
2008083262,1727,1,0,0,0,0,0,0,0,0,8,0,,67,5,2008,2,40.0338,-75.1041,1714.0,6,0,0,0,0,0,0,0,0,,0,0,0,17,1,1,0,,0,40 02:01.759,,0,75 06:14.637,3,0,0,0,67301,1,0,0,,1,0,0,2,67301,0,,1,1,,,,,0,,1,0,0,0.0,0,,1700,1,2,0,0,0,0,0,3,4,0,1,3,,N,,,,,,,,,,,
2008097997,1053,0,0,0,0,0,0,0,0,0,8,0,,67,7,2008,4,39.9687,-75.2008,1050.0,6,0,0,0,0,0,0,0,0,,0,0,0,16,1,1,0,,0,39 58:07.334,,0,75 12:02.948,4,0,0,0,67301,1,0,0,N,1,0,0,2,67301,1,,9,1,,N,N,,0,,0,0,0,0.0,0,,1630,1,2,0,0,0,0,0,3,4,0,1,3,,N,,,,,,,,,,,
2008098027,740,2,0,0,0,0,0,0,0,0,4,0,,67,6,2008,2,40.0006,-75.2064,730.0,6,0,0,0,0,0,0,1,0,,0,0,0,7,1,1,0,,0,40 00:02.001,,7,75 12:22.899,4,0,0,0,67301,0,0,0,N,0,0,0,2,67301,1,,1,1,,N,N,,0,,0,0,0,0.0,0,,725,1,2,0,0,1,0,0,3,4,0,2,3,,N,,,,,,,,,,,
2008095576,1925,2,0,0,0,0,0,0,0,0,6,0,,67,7,2008,4,39.9928,-75.1451,1915.0,6,0,0,0,0,0,0,0,0,,0,0,0,18,3,5,1,,0,39 59:33.993,,0,75 08:42.460,3,0,0,0,67301,0,0,0,N,0,0,0,5,67301,4,,1,9,,N,N,,0,,1,0,0,3.0,2,,1845,5,2,0,0,0,0,0,3,4,0,2,7,,N,,,,,,,,,,,
2008089215,0,2,0,0,0,0,0,0,0,0,4,0,,67,3,2008,6,39.9902,-75.1043,0.0,6,0,0,0,0,0,0,0,0,,0,0,0,23,6,0,2,,0,39 59:24.889,,0,75 06:15.537,0,0,0,0,67301,0,0,0,N,0,0,0,2,00000,0,,1,9,,N,N,,0,,0,0,0,3.0,3,,2345,0,2,0,0,0,0,0,3,4,0,2,7,,N,,,,,,,,,,,
2008095912,1634,1,0,0,1,0,0,0,0,0,4,0,,67,6,2008,2,39.9642,-75.2147,1629.0,6,0,0,0,0,0,0,0,0,,0,0,0,16,1,1,2,,0,39 57:51.240,,0,75 12:52.930,4,0,0,0,67301,1,0,0,N,0,0,0,4,67301,1,,1,1,,N,N,,0,,0,0,0,3.0,3,,1626,1,2,0,0,0,0,0,3,4,0,1,3,,N,,,,,,,,,,,
2008081473,735,1,0,0,0,0,0,0,0,0,8,0,,67,4,2008,3,39.9859,-75.2319,730.0,6,0,0,0,0,0,0,0,0,,0,0,0,7,1,1,1,,0,39 59:09.189,,0,75 13:54.821,8,0,0,0,67301,1,0,0,,1,0,0,2,67301,0,,1,9,,N,Y,,0,,0,0,0,3.0,2,,715,1,2,0,0,0,1,0,3,4,0,1,7,,N,,,,,,,,,,,
2008102177,1128,0,0,0,0,0,0,0,0,0,1,0,,67,8,2008,4,39.9621,-75.183,1121.0,6,0,0,0,0,0,1,0,0,,0,0,0,11,1,0,0,,0,39 57:43.200,,0,75 10:58.440,0,0,0,0,67301,0,0,0,N,0,0,0,3,68K01,0,,1,1,,N,N,,1,,0,0,1,0.0,0,,1117,0,2,0,0,0,0,0,3,4,0,2,3,,N,,,,,,,,,,,
2008070800,1431,2,0,0,0,0,0,0,0,0,4,0,,67,4,2008,5,40.0524,-75.1936,1417.0,6,0,0,0,0,0,1,0,0,1.0,0,0,0,14,1,1,0,,2,40 03:08.810,5.0,0,75 11:36.901,3,0,0,0,67301,0,0,0,,0,0,0,3,67301,0,,1,1,,,,,0,,1,0,0,3.0,2,Y,1413,1,2,0,0,0,0,0,3,4,0,2,3,,N,,,,,,,,,,,
2008094538,919,1,0,0,0,0,0,0,0,0,1,1,,67,8,2008,2,39.9454,-75.1904,919.0,6,0,0,0,0,0,0,1,0,2.0,0,1,0,9,1,1,0,,2,39 56:43.459,4.0,0,75 11:25.279,8,0,0,0,67301,0,0,0,Y,0,0,0,5,68K01,0,,1,1,,N,N,,0,,0,0,1,0.0,0,N,917,1,3,0,0,0,1,0,3,4,0,3,3,,N,,,,,,,,,,,
2008110242,25,0,0,0,0,0,0,0,0,0,8,0,,67,8,2008,6,39.954,-75.2364,25.0,6,0,0,0,0,0,0,0,0,,0,0,0,0,3,1,0,,0,39 57:14.270,,0,75 14:10.903,8,0,0,0,67301,1,0,0,N,1,0,0,2,67301,0,,1,1,,N,N,,0,,0,0,0,0.0,0,,20,1,2,0,0,0,1,0,3,4,1,1,3,,N,,,,,,,,,,,
2008107928,1822,1,0,0,0,0,0,0,0,0,7,0,,67,9,2008,5,40.0251,-75.138,1821.0,6,0,0,0,0,0,0,0,0,,0,0,0,18,1,1,0,,0,40 01:30.255,,0,75 08:16.879,8,0,0,0,67301,0,0,0,N,0,0,0,1,67301,0,,5,1,,N,N,,0,,0,0,0,0.0,0,,1816,1,1,0,0,0,1,0,3,4,0,1,3,,N,,,,,,,,,,,
2008107939,1918,1,0,0,0,0,0,0,0,0,7,0,,67,8,2008,3,40.0324,-75.1824,1915.0,6,0,0,0,0,0,0,0,0,,0,0,0,19,1,1,0,,0,40 01:56.794,,0,75 10:56.762,8,0,0,0,67301,0,0,0,N,0,0,0,1,67301,0,,2,1,,N,N,,0,,0,0,0,0.0,0,,1915,1,1,0,0,0,1,0,3,4,0,1,3,,N,,,,,,,,,,,
2008096968,1558,1,0,0,0,0,0,0,0,0,8,0,,67,6,2008,6,39.923,-75.1522,1558.0,6,0,0,0,0,0,0,0,0,,0,0,0,11,1,1,0,,0,39 55:22.627,,0,75 09:07.948,4,0,0,0,67301,1,0,0,,1,0,0,2,67301,1,,1,1,,,,,0,,0,0,0,0.0,0,,1130,1,2,0,0,0,0,0,3,4,0,1,3,,N,,,,,,,,,,,
2008107371,1728,0,0,0,0,0,0,0,0,0,1,0,,67,8,2008,5,39.906,-75.1337,1728.0,6,0,0,0,0,0,0,0,0,,0,1,0,17,1,0,0,,0,39 54:21.449,,0,75 08:01.285,0,0,0,0,67301,0,0,0,N,0,0,0,4,67501,0,,1,1,,N,N,,0,,0,0,1,0.0,0,,1728,0,2,0,0,0,0,0,3,4,0,2,3,,N,,,,,,,,,,,
2008110440,1754,2,0,0,0,0,0,0,0,0,1,0,,67,10,2008,6,40.0145,-75.0555,1651.0,6,0,0,0,0,0,0,0,0,1.0,0,0,0,16,1,1,0,,1,40 00:52.243,2.0,0,75 03:19.693,4,0,0,0,67301,0,0,0,N,0,0,0,5,68K01,1,,1,1,,N,N,,0,,0,0,0,0.0,0,Y,1647,1,2,0,0,0,0,0,3,4,0,2,3,,N,,,,,,,,,,,
2008118528,1259,1,0,0,0,0,0,0,0,0,7,0,,67,8,2008,4,39.9763,-75.1506,1257.0,6,0,0,0,0,0,0,0,0,,0,0,0,12,1,0,0,,0,39 58:34.648,,0,75 09:02.079,0,0,0,0,67301,0,0,0,N,0,0,0,1,67301,0,,4,1,,,,,0,,0,0,0,0.0,0,,1223,0,1,0,0,0,0,0,3,4,0,1,3,,N,,,,,,,,,,,
2008112917,1922,2,0,0,0,0,0,0,0,0,1,0,,67,10,2008,4,39.9583,-75.1664,1908.0,6,0,0,0,2,0,0,0,0,1.0,0,0,0,19,3,1,0,,1,39 57:29.900,3.0,0,75 09:58.190,4,0,0,0,67301,0,0,0,N,0,0,0,7,68K01,1,,1,1,,N,N,,0,,0,0,0,0.0,0,N,1904,1,2,0,0,0,0,0,3,4,0,2,3,,N,,,,,,,,,,,
2008121124,2039,2,0,0,0,0,0,0,0,0,4,0,,67,10,2008,5,40.0743,-75.0348,2034.0,6,0,0,0,1,0,0,0,0,1.0,0,0,0,20,3,1,1,,1,40 04:27.540,1.0,0,75 02:05.368,8,0,0,0,67301,0,0,0,,0,0,0,3,67301,0,,1,1,,,,,0,,0,0,0,3.0,2,N,2033,1,2,0,0,0,1,0,3,4,0,2,3,,N,,,,,,,,,,,
2008103940,1515,3,0,0,0,0,0,1,0,0,4,1,,67,7,2008,3,40.0105,-75.1,1500.0,6,0,0,0,0,0,0,0,0,3.0,0,0,0,15,1,3,0,,2,40 00:37.674,6.0,0,75 05:59.884,8,0,0,0,67301,0,0,0,N,0,0,0,6,67301,0,,1,1,,N,N,,0,,0,0,1,3.0,2,Y,1500,3,5,0,0,0,3,3,3,4,0,5,3,,N,,,,,,,,,,,
2008103645,935,0,0,0,0,0,0,1,0,0,8,1,,67,5,2008,3,39.952,-75.1734,934.0,6,0,0,0,0,0,0,0,0,,0,0,0,9,1,1,1,,0,39 57:07.350,,0,75 10:24.142,8,0,0,0,67301,1,0,0,N,1,0,0,2,67301,0,,1,1,,N,N,,0,,0,0,0,3.0,2,,934,1,2,0,0,0,1,0,3,4,0,1,3,,N,,,,,,,,,,,
2008101784,38,0,0,0,0,0,0,0,0,0,7,0,,67,8,2008,1,39.9567,-75.1524,38.0,6,0,0,0,0,0,1,0,0,2.0,0,0,0,0,3,1,0,,2,39 57:24.282,7.0,2,75 09:09.100,2,0,1,1,67301,0,0,0,N,0,0,0,1,68K01,0,,2,1,,N,N,,0,,0,1,0,0.0,0,Y,37,1,1,0,0,0,0,0,3,4,0,1,3,,N,,,,,,,,,,,
2008108584,1640,2,0,0,0,0,0,0,0,0,1,0,,67,8,2008,3,39.9445,-75.1809,1637.0,6,0,0,0,0,0,1,0,0,1.0,0,0,0,16,1,2,1,,1,39 56:40.034,6.0,0,75 10:51.373,4,0,0,0,67301,0,0,0,N,0,0,0,3,67301,2,,1,1,,N,N,,0,,0,0,0,3.0,3,Y,1632,2,2,0,0,3,0,0,3,4,0,2,3,,N,,,,,,,,,,,
2008108612,920,0,0,0,0,0,0,0,0,0,8,1,,67,8,2008,5,39.9354,-75.2178,916.0,6,0,0,0,0,0,0,0,0,,0,1,0,9,1,1,1,,0,39 56:07.519,,0,75 13:04.141,4,0,0,0,67301,1,0,0,N,1,0,0,2,67301,1,,1,1,,N,N,,0,,0,0,0,3.0,3,,909,1,2,0,0,0,0,0,3,4,0,1,3,,N,,,,,,,,,,,
2008103441,9999,1,0,0,0,0,0,0,0,0,7,0,,67,6,2008,7,,,245.0,6,0,0,0,0,0,0,0,0,3.0,0,0,0,99,3,1,0,,2,,1.0,0,,8,0,0,0,67301,0,0,0,N,0,0,0,1,67301,0,,2,1,,N,N,,0,,0,0,0,3.0,8,Y,9999,1,1,0,0,0,1,0,3,3,0,1,3,,N,,,,,,,,,,,
2008098612,1827,2,0,0,0,0,0,0,0,0,1,0,,67,7,2008,4,39.934,-75.1959,1825.0,6,0,0,0,0,0,1,0,0,,0,0,0,18,1,2,1,,0,39 56:02.526,,0,75 11:45.412,4,0,0,0,67301,0,0,0,,0,0,0,2,67301,2,,1,1,,N,N,,0,,0,0,0,3.0,3,,1815,2,2,0,0,0,0,0,3,4,0,2,3,,N,,,,,,,,,,,
2008071858,214,2,0,0,0,0,0,0,0,0,4,0,,67,4,2008,1,39.9172,-75.2374,211.0,6,0,0,0,0,0,1,0,0,,0,0,0,2,3,1,1,,0,39 55:02.040,,0,75 14:14.593,3,0,0,0,67301,0,0,0,N,0,0,0,2,67301,0,,1,9,,N,N,,0,,1,0,0,3.0,2,,211,1,2,0,0,1,0,0,3,4,0,2,7,,N,,,,,,,,,,,
2008069543,317,1,0,0,0,0,0,0,0,0,2,0,,67,4,2008,1,39.9461,-75.2421,309.0,6,0,0,0,0,0,0,1,0,,0,0,0,3,3,3,1,,0,39 56:45.881,,0,75 14:31.460,8,0,0,0,67301,0,0,0,N,0,0,0,4,67301,0,,1,1,,N,N,,0,,0,0,0,0.0,0,,309,3,2,0,0,0,3,1,3,4,1,2,3,,N,,,,,,,,,,,
2008069548,2000,0,0,0,1,0,0,1,0,0,5,1,,67,4,2008,6,39.9317,-75.1779,2000.0,6,0,0,0,0,0,0,0,0,,0,0,0,18,1,1,2,,0,39 55:54.181,,0,75 10:40.468,4,0,0,0,67301,1,0,0,N,0,0,0,2,67301,1,,2,1,,N,N,,0,,0,0,0,0.0,0,,1815,1,2,0,0,0,0,1,3,4,0,1,3,,N,,,,,,,,,,,
2008069549,2110,1,0,0,0,0,0,0,0,0,4,0,,67,4,2008,1,40.0472,-75.1282,2108.0,6,0,0,0,0,0,0,0,0,,0,0,0,21,3,2,0,,0,40 02:49.956,,0,75 07:41.689,4,0,0,0,67301,0,0,0,N,0,0,0,2,67301,2,,1,1,,N,N,,0,,0,0,1,0.0,0,,2108,2,2,0,0,0,0,0,3,4,0,2,3,,N,,,,,,,,,,,
2008079051,2231,1,0,0,0,0,0,0,0,0,7,0,,67,5,2008,4,40.0351,-75.0709,2215.0,6,0,0,0,0,1,0,0,0,,0,0,0,99,3,0,2,,0,40 02:06.421,,0,75 04:15.407,0,0,0,0,67301,0,0,0,,0,0,0,1,67301,0,,2,1,,N,N,,0,,0,0,0,3.0,2,,9999,0,1,0,0,0,0,0,3,4,0,1,3,,N,,,,,,,,,,,
2008079066,1220,0,0,0,0,0,0,0,0,0,8,0,,67,5,2008,3,39.9576,-75.1891,1218.0,6,0,0,0,0,0,0,0,0,1.0,0,0,0,12,1,1,1,,1,39 57:27.327,4.0,0,75 11:20.752,4,0,0,0,67301,1,0,0,N,1,0,0,2,67301,1,,1,1,,N,N,,1,,0,0,0,2.0,3,N,1215,1,2,0,0,0,0,0,3,4,0,1,3,,N,,,,,,,,,,,
2008097441,2000,1,0,0,1,0,0,0,0,0,4,0,,67,7,2008,6,39.9895,-75.2305,1947.0,6,0,0,0,0,0,0,0,0,,0,0,0,19,1,1,1,,0,39 59:22.059,,0,75 13:49.623,4,0,0,0,67301,1,0,0,N,0,0,0,2,67301,1,,1,1,,N,N,,0,,0,0,0,3.0,3,,1947,1,2,0,0,0,0,0,3,4,0,1,3,,N,,,,,,,,,,,
2008088938,2205,1,0,0,0,0,0,0,0,0,4,0,,67,5,2008,5,39.9847,-75.1054,2159.0,6,0,0,0,0,0,0,0,0,,0,0,0,22,3,4,1,,0,39 59:04.876,,0,75 06:19.414,8,0,0,0,67301,0,0,0,N,0,0,0,4,67301,0,,1,1,,N,N,,0,,0,0,1,3.0,3,,2202,4,2,0,0,0,4,0,3,4,0,2,3,,N,,,,,,,,,,,
2008088833,9999,0,0,0,0,0,0,1,0,0,8,1,,67,5,2008,2,40.0208,-75.1436,9999.0,6,0,0,0,0,0,0,0,0,,0,0,0,19,1,1,0,,0,40 01:14.962,,0,75 08:36.823,8,0,0,0,67301,1,0,0,N,1,0,0,2,67301,0,,1,1,,Y,N,,0,,0,0,0,0.0,0,,1910,1,2,0,0,0,1,0,3,4,0,1,3,,N,,,,,,,,,,,
2008071382,444,1,0,0,0,0,0,0,0,0,7,0,,67,6,2008,2,39.8865,-75.2145,439.0,6,0,0,0,0,0,0,0,0,,0,0,0,4,3,0,0,,0,39 53:08.371,,0,75 12:31.140,0,0,0,0,67301,0,0,0,N,0,0,0,1,68K01,0,,2,1,,N,N,,0,,0,0,0,0.0,0,,435,0,1,0,0,0,0,0,3,4,0,1,3,,N,,,,,,,,,,,
2008108305,1750,1,0,0,0,0,0,0,0,0,4,0,,67,8,2008,4,40.0915,-75.0113,1745.0,6,0,0,0,0,0,1,0,0,,0,0,0,17,1,3,0,,0,40 05:29.401,,0,75 00:40.850,4,0,0,0,67301,0,0,0,,0,0,0,3,67301,2,,1,1,,,,,0,,0,0,1,0.0,0,,1743,3,2,0,0,0,1,0,3,4,0,2,3,,N,,,,,,,,,,,
2008098358,1543,2,0,0,0,0,0,0,0,0,1,0,,67,7,2008,2,40.006,-75.0919,1534.0,6,0,0,0,1,0,1,0,0,,0,0,0,15,1,1,3,,0,40 00:21.613,,0,75 05:30.664,8,0,0,0,67301,0,0,0,N,0,0,0,3,67301,0,,1,1,,N,N,,0,,0,0,0,3.0,2,,1532,1,2,0,0,0,1,0,3,4,0,2,3,,N,,,,,,,,,,,