CRN,ARRIVAL_TM,AUTOMOBILE_COUNT,BELTED_DEATH_COUNT,BELTED_SUSP_SERIOUS_INJ_COUNT,BICYCLE_COUNT,BICYCLE_DEATH_COUNT,BICYCLE_SUSP_SERIOUS_INJ_COUNT,BUS_COUNT,CHLDPAS_DEATH_COUNT,CHLDPAS_SUSP_SERIOUS_INJ_COUNT,COLLISION_TYPE,COMM_VEH_COUNT,CONS_ZONE_SPD_LIM,COUNTY,CRASH_MONTH,CRASH_YEAR,DAY_OF_WEEK,DEC_LAT,DEC_LONG,DISPATCH_TM,DISTRICT,DRIVER_COUNT_16YR,DRIVER_COUNT_17YR,DRIVER_COUNT_18YR,DRIVER_COUNT_19YR,DRIVER_COUNT_20YR,DRIVER_COUNT_50_64YR,DRIVER_COUNT_65_74YR,DRIVER_COUNT_75PLUS,EST_HRS_CLOSED,FATAL_COUNT,HEAVY_TRUCK_COUNT,HORSE_BUGGY_COUNT,HOUR_OF_DAY,ILLUMINATION,INJURY_COUNT,INTERSECT_TYPE,INTERSECTION_RELATED,LANE_CLOSED,LATITUDE,LN_CLOSE_DIR,LOCATION_TYPE,LONGITUDE,MAX_SEVERITY_LEVEL,MCYCLE_DEATH_COUNT,MCYCLE_SUSP_SERIOUS_INJ_COUNT,MOTORCYCLE_COUNT,MUNICIPALITY,NONMOTR_COUNT,NONMOTR_DEATH_COUNT,NONMOTR_SUSP_SERIOUS_INJ_COUNT,NTFY_HIWY_MAINT,PED_COUNT,PED_DEATH_COUNT,PED_SUSP_SERIOUS_INJ_COUNT,PERSON_COUNT,POLICE_AGCY,POSSIBLE_INJ_COUNT,RDWY_SURF_TYPE_CD,RELATION_TO_ROAD,ROAD_CONDITION,ROADWAY_CLEARED,SCH_BUS_IND,SCH_ZONE_IND,SECONDARY_CRASH,SMALL_TRUCK_COUNT,SPEC_JURIS_CD,SUSP_MINOR_INJ_COUNT,SUSP_SERIOUS_INJ_COUNT,SUV_COUNT,TCD_FUNC_CD,TCD_TYPE,TFC_DETOUR_IND,TIME_OF_DAY,TOT_INJ_COUNT,TOTAL_UNITS,UNB_DEATH_COUNT,UNB_SUSP_SERIOUS_INJ_COUNT,UNBELTED_OCC_COUNT,UNK_INJ_DEG_COUNT,UNK_INJ_PER_COUNT,URBAN_AREA,URBAN_RURAL,VAN_COUNT,VEHICLE_COUNT,WEATHER1,WEATHER2,WORK_ZONE_IND,WORK_ZONE_LOC,WORK_ZONE_TYPE,WORKERS_PRES,WZ_CLOSE_DETOUR,WZ_FLAGGER,WZ_LAW_OFFCR_IND,WZ_LN_CLOSURE,WZ_MOVING,WZ_OTHER,WZ_SHLDER_MDN,WZ_WORKERS_INJ_KILLED
2008083666,550,3,0,0,0,0,0,0,0,0,3,0,,67,5,2008,7,39.928,-75.2193,445.0,6,1,0,0,0,0,0,0,0,,0,0,0,5,1,1,1,,0,39 55:40.870,,0,75 13:09.478,3,0,0,0,67301,0,0,0,,0,0,0,2,67301,0,,1,1,,,,,0,,1,0,0,3.0,2,,550,1,3,0,0,0,0,0,3,4,0,3,3,,N,,,,,,,,,,,
2008081286,1125,0,0,0,0,0,0,0,0,0,1,0,,67,7,2008,3,39.9983,-75.0809,1111.0,6,0,0,0,0,0,1,0,0,1.0,0,0,0,11,1,2,0,,1,39 59:49.159,1.0,2,75 04:54.807,4,0,0,0,67301,0,0,0,N,0,0,0,2,68K01,2,,1,1,,N,N,,0,,0,0,1,0.0,0,Y,1104,2,2,0,0,0,0,0,3,4,1,2,3,,N,,,,,,,,,,,
2008098481,9999,1,0,0,0,0,0,0,0,0,8,0,,67,7,2008,6,39.9872,-75.1346,9999.0,6,0,0,0,0,0,0,0,0,,0,0,0,99,4,1,0,,0,39 59:13.920,,0,75 08:04.736,3,0,0,0,67301,1,0,0,N,1,0,0,2,67301,0,,1,9,,N,N,,0,,1,0,0,0.0,0,,9999,1,2,0,0,1,0,0,3,4,0,1,7,,N,,,,,,,,,,,
2008096028,1306,3,0,0,0,0,0,0,0,0,1,0,,67,8,2008,7,39.9794,-75.2041,1258.0,6,0,0,0,0,0,1,0,0,,0,0,0,12,1,2,0,,0,39 58:48.334,,0,75 12:18.775,4,0,0,0,67301,0,0,0,N,0,0,0,10,68K01,2,,1,1,,N,N,,0,,0,0,0,0.0,0,,1253,2,4,0,0,0,0,1,3,4,0,4,3,,N,,,,,,,,,,,
2008123899,1142,2,0,0,0,0,0,0,0,0,1,0,,67,10,2008,6,39.941,-75.1435,1130.0,6,0,0,0,1,0,0,1,0,,0,0,0,11,1,0,0,,0,39 56:27.510,,0,75 08:36.537,0,0,0,0,67301,0,0,0,N,0,0,0,6,68K01,0,,1,1,,N,N,,0,,0,0,0,0.0,0,,1127,0,2,0,0,0,0,0,3,4,0,2,3,,N,,,,,,,,,,,
2008119297,1220,1,0,0,0,0,0,0,0,0,4,0,,67,9,2008,1,40.0567,-75.1399,1215.0,6,0,0,0,0,0,2,0,0,,0,0,0,12,1,1,1,,0,40 03:24.154,,0,75 08:23.497,4,0,0,0,67301,0,0,0,N,0,0,0,2,67301,1,,1,1,,N,N,,0,,0,0,1,3.0,2,,1215,1,2,0,0,0,0,0,3,4,0,2,3,,N,,,,,,,,,,,
2008133614,1134,1,0,0,0,0,0,0,0,0,0,0,,67,10,2008,4,40.008,-75.1911,1132.0,6,0,0,0,0,0,0,0,0,1.0,0,0,0,11,1,1,0,,2,40 00:28.834,3.0,3,75 11:28.046,3,0,0,0,67301,0,0,0,N,0,0,0,2,67301,0,,1,1,,N,N,,0,,1,0,0,3.0,8,N,1128,1,1,0,0,0,0,0,3,4,0,1,3,,N,,,,,,,,,,,
2008133642,1020,2,0,0,0,0,0,0,0,0,4,0,,67,11,2008,1,39.9983,-75.1499,1016.0,6,0,0,0,0,0,1,0,0,,0,0,0,99,1,2,1,,0,39 59:53.948,,0,75 08:59.503,8,0,0,0,67301,0,0,0,,0,0,0,4,67301,0,,1,1,,N,N,,0,,0,0,0,2.0,2,,9999,2,2,0,0,0,2,0,3,4,0,2,3,,N,,,,,,,,,,,
2008118987,1900,0,0,0,0,0,0,0,0,0,7,0,,67,9,2008,6,39.9198,-75.1883,1854.0,6,0,0,0,0,0,1,0,0,,0,0,0,99,3,0,1,,0,39 55:11.208,,0,75 11:17.768,0,0,0,0,67301,0,0,0,N,0,0,0,1,67301,0,,3,9,,N,N,,0,,0,0,0,9.0,2,,9999,0,1,0,0,0,0,0,3,4,1,1,7,,N,,,,,,,,,,,
2008097853,1225,1,0,0,0,0,0,0,0,0,1,0,,67,7,2008,3,,,1225.0,6,0,0,0,0,0,1,0,0,2.0,0,0,0,99,1,1,0,,2,,4.0,0,,8,0,0,0,67301,0,0,0,N,0,0,0,3,67301,0,,1,1,,N,N,,0,,0,0,2,0.0,0,N,9999,1,3,0,0,0,1,0,3,3,0,3,3,,N,,,,,,,,,,,
2008097930,1610,1,0,0,1,0,0,0,0,0,4,0,,67,7,2008,4,40.0294,-75.2235,1608.0,6,0,0,0,0,0,0,0,0,,0,0,0,16,1,1,1,,0,40 01:45.984,,0,75 13:24.491,4,0,0,0,67301,1,0,0,N,0,0,0,2,67301,1,,1,1,,N,N,,0,,0,0,0,3.0,3,,1607,1,2,0,0,0,0,0,3,4,0,1,3,,N,,,,,,,,,,,
2008088388,823,1,0,0,0,0,0,0,0,0,8,0,,67,6,2008,4,40.0425,-75.1292,815.0,6,0,0,0,0,0,0,1,0,1.0,0,0,0,8,1,1,1,,1,40 02:33.169,1.0,0,75 07:44.993,4,0,0,0,67301,1,0,0,N,1,0,0,2,67301,1,,1,1,,N,Y,,0,,0,0,0,3.0,2,N,800,1,2,0,0,0,0,0,3,4,0,1,3,,N,,,,,,,,,,,
2008088429,1850,2,0,0,0,0,0,0,0,0,1,0,,67,6,2008,5,40.06,-75.1503,1847.0,6,0,0,0,0,0,0,0,0,,0,0,0,18,1,1,0,,0,40 03:35.912,,0,75 09:00.976,4,0,0,0,67301,0,0,0,N,0,0,0,2,67301,1,,1,1,,N,N,,0,,0,0,0,0.0,0,,1845,1,2,0,0,0,0,1,3,4,0,2,3,,N,,,,,,,,,,,
2008088171,1430,1,0,0,0,0,0,0,0,0,8,0,,67,6,2008,3,39.9449,-75.1549,1425.0,6,0,0,0,0,0,0,0,0,,0,0,0,14,1,1,2,,0,39 56:41.737,,0,75 09:17.704,8,0,0,0,67301,1,0,0,N,1,0,0,2,67301,0,,1,1,,N,N,,0,,0,0,0,0.0,0,,1410,1,2,0,0,0,1,1,3,4,0,1,98,,N,,,,,,,,,,,
2008088184,1500,0,0,0,0,0,0,0,0,0,8,0,,67,5,2008,6,39.9525,-75.177,1455.0,6,0,0,0,0,0,0,0,0,,0,0,0,8,1,1,1,,0,39 57:08.958,,0,75 10:37.001,2,0,0,0,67301,1,0,1,,1,0,1,2,67301,0,,1,1,,,,,0,,0,1,1,3.0,2,,845,1,2,0,0,0,0,0,3,4,0,1,3,,N,,,,,,,,,,,
2008095299,850,1,0,0,0,0,0,0,0,0,8,0,,67,7,2008,4,40.0341,-75.1765,848.0,6,0,0,0,0,0,0,0,0,,0,0,0,8,1,1,1,,0,40 02:02.652,,0,75 10:35.500,4,0,0,0,67301,1,0,0,N,1,0,0,2,67301,1,,1,1,,N,N,,0,,0,0,0,3.0,2,,830,1,2,0,0,1,0,1,3,4,0,1,3,,N,,,,,,,,,,,
2008088283,1326,2,0,0,0,0,0,0,0,0,4,0,,67,6,2008,4,40.0481,-75.0955,1323.0,6,0,0,0,0,0,0,0,0,,0,0,0,13,1,0,0,,0,40 02:53.008,,0,75 05:43.929,0,0,0,0,67301,2,0,0,N,0,0,0,5,67301,0,,2,1,,N,N,,0,,0,0,2,0.0,0,,1320,0,4,0,0,0,0,0,3,4,0,4,3,,N,,,,,,,,,,,
2008088287,2123,1,0,0,0,0,0,0,0,0,8,0,,67,6,2008,5,40.0276,-75.0962,2123.0,6,0,0,0,0,1,0,0,0,,0,0,0,21,3,1,1,,0,40 01:39.432,,0,75 05:46.337,4,0,0,0,67301,1,0,0,N,1,0,0,2,67301,1,,1,1,,N,N,,0,,0,0,0,2.0,3,,2114,1,2,0,0,0,0,0,3,4,0,1,3,,N,,,,,,,,,,,
2008088691,1248,0,0,0,0,0,0,0,0,0,7,0,,67,6,2008,3,40.0179,-75.1493,1244.0,6,0,0,0,0,0,0,0,0,,0,0,0,12,1,1,1,,0,40 01:04.440,,0,75 08:57.480,4,0,0,1,67301,0,0,0,N,0,0,0,1,67301,1,,4,1,,N,N,,0,,0,0,0,3.0,2,,1244,1,2,0,0,0,0,0,3,4,0,1,3,,N,,,,,,,,,,,
2008080260,1539,0,0,0,0,0,0,0,0,0,1,0,,67,7,2008,3,39.8962,-75.1918,1538.0,6,0,0,0,0,0,0,0,0,1.0,0,0,0,15,1,1,0,,1,39 53:49.326,1.0,3,75 11:21.698,4,0,0,1,67301,0,0,0,N,0,0,0,2,68K01,1,,1,1,,N,N,,0,,0,0,0,0.0,0,N,1531,1,2,0,0,0,0,0,3,4,1,2,3,,N,,,,,,,,,,,
2008088100,810,2,0,0,0,0,0,0,0,0,1,0,,67,6,2008,4,39.9459,-75.2166,802.0,6,0,0,0,0,0,0,0,0,,0,0,0,7,1,1,0,,0,39 56:45.330,,0,75 12:59.936,4,0,0,0,67301,0,0,0,N,0,0,0,2,67301,1,,4,9,,N,N,,0,,0,0,0,3.0,2,,735,1,2,0,0,1,0,0,3,4,0,2,7,,N,,,,,,,,,,,
2008083243,1751,1,0,0,0,0,0,0,0,0,7,0,,67,5,2008,3,39.9812,-75.2298,1745.0,6,0,0,0,0,0,1,0,0,,0,0,0,17,1,2,0,,0,39 58:52.142,,0,75 13:47.290,4,0,0,0,67301,0,0,0,N,0,0,0,2,67301,2,,5,9,,N,N,,0,,0,0,0,0.0,0,,1745,2,1,0,0,0,0,0,3,4,0,1,7,,N,,,,,,,,,,,
2008075764,655,1,0,0,0,0,0,0,0,0,4,1,,67,6,2008,3,39.9649,-75.1373,655.0,6,0,0,0,0,0,0,0,1,1.0,0,1,0,6,1,0,0,,1,39 57:52.151,1.0,0,75 08:15.799,0,0,0,0,67301,0,0,0,N,0,0,0,2,68K01,0,,1,1,,N,N,,0,,0,0,0,0.0,0,N,655,0,2,0,0,0,0,0,3,4,0,2,3,,N,,,,,,,,,,,
2008121123,720,2,0,0,0,0,0,0,0,0,5,0,,67,9,2008,7,40.024,-75.1312,711.0,6,0,0,0,0,0,0,0,0,2.0,0,0,0,7,1,0,0,,1,40 01:26.541,1.0,0,75 07:51.220,9,0,0,0,67301,2,0,0,N,0,0,0,5,67301,0,,1,9,,N,N,,0,,0,0,1,3.0,2,N,700,0,5,0,0,0,0,1,3,4,2,5,3,,N,,,,,,,,,,,
2008103941,2205,1,0,0,0,0,0,0,0,0,7,0,,67,7,2008,5,40.0317,-75.0844,2154.0,6,0,0,1,0,0,0,0,0,,0,0,0,21,3,1,0,,0,40 01:53.950,,1,75 05:04.780,4,0,0,0,67301,0,0,0,,0,0,0,2,67301,1,,3,1,,,,,0,,0,0,0,0.0,0,,2153,1,1,0,0,0,0,0,3,4,0,1,3,,N,,,,,,,,,,,
2008118877,1640,0,0,0,0,0,0,0,0,0,8,0,,67,10,2008,6,39.9307,-75.17,1638.0,6,0,0,0,0,0,1,0,0,,0,0,0,16,1,1,1,,0,39 55:50.520,,0,75 10:12.046,4,0,0,0,67301,1,0,0,,1,0,0,2,67301,1,,1,1,,,,,0,,0,0,1,0.0,0,,1635,1,2,0,0,0,0,0,3,4,0,1,3,,N,,,,,,,,,,,
2008118883,1340,1,0,0,0,0,0,0,0,0,8,0,,67,9,2008,6,39.9971,-75.112,1340.0,6,0,0,0,0,0,0,0,0,,0,0,0,9,1,1,0,,0,39 59:49.387,,0,75 06:43.376,4,0,0,0,67301,1,0,0,N,1,0,0,2,67301,1,,1,1,,N,N,,0,,0,0,0,0.0,0,,930,1,2,0,0,0,0,0,3,4,0,1,3,,N,,,,,,,,,,,
2008118905,2100,1,0,0,0,0,0,0,0,0,8,0,,67,9,2008,5,39.9196,-75.1621,2056.0,6,0,0,0,0,0,0,0,0,,0,0,0,99,3,1,1,,0,39 55:10.502,,0,75 09:43.653,4,0,0,0,67301,1,0,0,N,1,0,0,2,67301,1,,1,9,,N,N,,0,,0,0,0,3.0,3,,9999,1,2,0,0,0,0,0,3,4,0,1,7,,N,,,,,,,,,,,
2008118908,1810,1,0,0,0,0,0,0,0,0,9,0,,67,9,2008,2,39.9489,-75.1542,1810.0,6,0,0,0,0,0,0,0,0,9.0,0,0,0,18,1,1,0,,1,39 56:55.881,4.0,0,75 09:15.282,4,0,0,0,67301,0,0,0,N,0,0,0,1,67301,1,,6,1,,N,N,,0,,0,0,0,0.0,0,N,1810,1,1,0,0,0,0,0,3,4,0,1,3,,N,,,,,,,,,,,
2008118973,2328,2,0,0,0,0,0,0,0,0,4,0,,67,9,2008,6,40.0511,-75.0745,2323.0,6,0,0,0,0,0,0,1,0,,0,0,0,23,3,0,1,,0,40 03:04.104,,0,75 04:28.081,0,0,0,0,67301,0,0,0,N,0,0,0,4,67301,0,,1,1,,N,N,,0,,0,0,0,3.0,3,,2308,0,2,0,0,0,0,0,3,4,0,2,3,,N,,,,,,,,,,,
2008118717,1223,1,0,0,0,0,0,0,0,0,1,0,,67,10,2008,6,40.0743,-75.0348,1221.0,6,0,0,0,0,0,0,0,0,,0,0,0,12,1,1,1,,0,40 04:27.540,,0,75 02:05.368,4,0,0,0,67301,0,0,0,N,0,0,0,3,67301,1,,1,1,,N,N,,1,,0,0,0,3.0,2,,1220,1,2,0,0,0,0,0,3,4,0,2,3,,N,,,,,,,,,,,
2008098627,1435,2,0,0,0,0,0,0,0,0,4,0,,67,7,2008,4,39.9578,-75.1938,1429.0,6,0,0,1,0,0,1,0,0,,0,0,0,14,1,0,1,,0,39 57:28.137,,0,75 11:37.737,0,0,0,0,67301,0,0,0,N,0,0,0,3,67301,0,,1,1,,N,N,,0,,0,0,0,3.0,3,,1427,0,2,0,0,0,0,0,3,4,0,2,3,,N,,,,,,,,,,,
2008098660,1640,2,0,0,0,0,0,0,0,0,4,0,,67,7,2008,6,39.9358,-75.2311,1639.0,6,0,0,0,0,0,0,0,0,9.0,0,0,0,16,1,2,1,,1,39 56:09.042,1.0,0,75 13:52.046,4,0,0,0,67301,0,0,0,,0,0,0,3,67301,2,,1,1,,,,,0,,0,0,0,3.0,2,N,1631,2,2,0,0,1,0,0,3,4,0,2,3,,N,,,,,,,,,,,
2008098689,1145,1,0,0,0,0,0,0,0,0,5,0,,67,7,2008,5,40.0218,-75.0379,1140.0,6,0,0,0,0,0,1,0,0,,0,0,0,11,1,1,2,,0,40 01:18.761,,0,75 02:16.386,8,0,0,0,67301,0,0,0,N,0,0,0,2,67301,0,,1,1,,N,N,,1,,0,0,0,0.0,0,,1130,1,2,0,0,0,1,1,3,4,0,2,3,,N,,,,,,,,,,,
2008069519,130,1,0,0,0,0,0,0,0,0,4,0,,67,4,2008,2,40.0357,-75.1249,113.0,6,0,0,1,0,0,0,0,0,,0,0,0,1,3,0,1,,0,40 02:08.569,,0,75 07:29.699,9,0,0,0,67301,0,0,0,N,0,0,0,2,67301,0,,1,1,,N,N,,1,,0,0,0,3.0,3,,110,0,2,0,0,0,0,1,3,4,0,2,3,,N,,,,,,,,,,,
2008082141,2143,3,0,0,0,0,0,0,0,0,1,0,,67,5,2008,7,39.9616,-75.1529,2140.0,6,0,0,0,0,0,0,0,0,1.0,0,0,0,21,3,1,1,,2,39 57:41.836,4.0,0,75 09:10.538,4,0,0,0,67301,0,0,0,,0,0,0,3,67301,1,,1,1,,,,,0,,0,0,0,3.0,2,N,2110,1,3,0,0,0,0,0,3,4,0,3,3,,N,,,,,,,,,,,
2008109629,222,1,0,0,0,0,0,0,0,0,7,0,,67,9,2008,6,40.0104,-75.0633,211.0,6,0,0,0,0,0,1,0,0,,0,0,0,2,3,0,0,,0,40 00:37.440,,0,75 03:47.520,0,0,0,0,67301,0,0,0,N,0,0,0,1,68K01,0,,2,9,,N,N,,0,,0,0,0,0.0,0,,207,0,1,0,0,0,0,0,3,4,0,1,7,,N,,,,,,,,,,,
2008079023,932,1,0,0,0,0,0,0,0,0,4,0,,67,5,2008,1,39.9885,-75.1063,928.0,6,0,0,0,0,0,0,0,0,,0,0,0,9,1,2,1,,0,39 59:18.500,,0,75 06:22.881,4,0,0,0,67301,0,0,0,N,0,0,0,3,67301,2,,1,1,,N,N,,0,,0,0,1,3.0,2,,928,2,2,0,0,0,0,0,3,4,0,2,3,,N,,,,,,,,,,,
2008079053,821,1,0,0,0,0,0,0,0,0,8,0,,67,5,2008,6,40.0825,-75.0405,821.0,6,0,0,0,0,0,0,0,0,1.0,0,0,0,8,1,1,2,,1,40 04:51.814,1.0,0,75 02:29.599,8,0,0,0,67301,1,0,0,N,1,0,0,2,67301,0,,1,9,,N,N,,0,,0,0,0,9.0,2,N,820,1,2,0,0,0,1,0,3,4,0,1,7,,N,,,,,,,,,,,
2008091059,1726,2,0,0,0,0,0,0,0,0,1,0,,67,7,2008,1,,,1726.0,6,0,0,0,0,0,1,0,0,,0,0,0,17,1,0,0,,0,,,0,,0,0,0,0,67301,0,0,0,N,0,0,0,4,67501,0,,1,9,,N,N,,0,,0,0,0,0.0,0,,1726,0,2,0,0,0,0,0,3,3,0,2,7,,N,,,,,,,,,,,
2008079200,20,1,0,0,0,0,0,0,0,0,2,0,,67,5,2008,3,39.9866,-75.2347,11.0,6,0,0,0,0,0,1,0,0,,0,0,0,0,3,1,0,,0,39 59:11.584,,0,75 14:04.998,8,0,0,0,67301,0,0,0,,0,0,0,1,67301,0,,6,1,,,,,0,,0,0,0,0.0,0,,2,1,2,0,0,0,1,0,3,4,1,2,3,,N,,,,,,,,,,,
2008079223,1320,1,0,0,0,0,0,0,0,0,8,0,,67,5,2008,6,40.0413,-75.1581,1316.0,6,0,0,0,0,0,0,1,0,1.0,0,0,0,13,1,1,0,,1,40 02:28.794,6.0,0,75 09:29.124,4,0,0,0,67301,1,0,0,N,1,0,0,2,67301,1,,1,1,,N,Y,,0,,0,0,0,3.0,2,Y,1316,1,2,0,0,0,0,0,3,4,0,1,3,,N,,,,,,,,,,,
2008073930,1755,2,0,0,0,0,0,0,0,0,1,0,,67,6,2008,4,40.0082,-75.0707,1752.0,6,0,0,0,0,0,0,1,0,,0,0,0,17,1,1,0,,0,40 00:29.880,,0,75 04:13.440,4,0,0,0,67301,0,0,0,N,0,0,0,4,68K01,1,,1,1,,N,N,,0,,0,0,0,0.0,0,,1748,1,2,0,0,0,0,0,3,4,0,2,3,,N,,,,,,,,,,,
2008098470,1032,1,0,0,0,0,0,0,0,0,7,0,,67,7,2008,6,39.9996,-75.1905,1028.0,6,0,0,0,0,0,1,0,0,,0,0,0,10,1,1,2,,0,39 59:58.649,,0,75 11:26.101,8,0,0,0,67301,0,0,0,N,0,0,0,1,67301,0,,4,1,,N,N,,0,,0,0,0,3.0,2,,1020,1,1,0,0,0,1,0,3,4,0,1,3,,N,,,,,,,,,,,
2008098473,2340,1,0,0,0,0,0,0,0,0,7,0,,67,7,2008,4,40.0066,-75.1756,2330.0,6,0,0,0,0,0,0,0,0,1.0,0,0,0,23,3,1,0,,1,40 00:23.760,3.0,0,75 10:32.160,4,0,0,0,67301,0,0,0,N,0,0,0,1,67301,1,,4,1,,N,N,,0,,0,0,0,0.0,0,N,2330,1,1,0,0,0,0,0,3,4,0,1,3,,N,,,,,,,,,,,
2008098491,1445,1,0,0,0,0,0,0,0,0,8,0,,67,6,2008,2,40.0294,-75.1688,1445.0,6,0,0,0,0,0,0,0,0,,0,0,0,14,1,1,2,,0,40 01:45.937,,0,75 10:07.762,8,0,0,0,67301,1,0,0,N,1,0,0,2,67301,0,,1,1,,N,N,,0,,0,0,0,9.0,9,,1440,1,2,0,0,0,1,0,3,4,0,1,3,,N,,,,,,,,,,,
2008096022,1933,3,0,0,0,0,0,0,0,0,1,0,,67,8,2008,3,39.9805,-75.2057,1932.0,6,0,0,0,0,0,1,0,0,,0,0,0,19,4,0,0,,0,39 58:53.019,,0,75 12:24.631,0,0,0,0,67301,0,0,0,N,0,0,0,3,68K01,0,,1,1,,N,N,,0,,0,0,0,0.0,0,,1924,0,3,0,0,0,0,0,3,4,0,3,3,,N,,,,,,,,,,,
2008134423,15,1,0,0,0,0,0,0,0,0,4,0,,67,10,2008,6,40.0107,-75.1627,10.0,6,0,0,0,0,0,0,1,0,,0,0,0,0,3,1,1,,0,40 00:38.621,,0,75 09:45.580,4,0,0,0,67301,0,0,0,N,0,0,0,3,67301,1,,1,1,,N,N,,0,,0,0,1,0.0,0,,8,1,2,0,0,0,0,0,3,4,0,2,3,,N,,,,,,,,,,,
2008127234,654,1,0,0,0,0,0,0,0,0,7,0,,67,10,2008,7,40.0247,-75.0309,641.0,6,0,0,0,0,0,0,0,0,1.0,0,0,0,6,3,1,0,,2,40 01:26.970,1.0,2,75 01:50.950,4,0,0,0,67301,0,0,0,N,0,0,0,1,68K01,1,,2,9,,N,N,,0,,0,0,0,0.0,0,N,639,1,1,0,0,0,0,0,3,4,0,1,7,,N,,,,,,,,,,,
2008133797,1452,1,0,0,0,0,0,0,0,0,7,0,,67,10,2008,2,40.0574,-75.0462,1446.0,6,0,0,0,0,0,1,0,0,1.0,0,0,0,14,1,1,0,,1,40 03:26.580,2.0,0,75 02:46.356,4,0,0,0,67301,0,0,0,N,0,0,0,1,67301,1,,3,1,,N,N,,0,,0,0,0,0.0,0,N,1445,1,1,0,0,0,0,0,3,4,0,1,3,,N,,,,,,,,,,,
2008123750,836,2,0,0,0,0,0,0,0,0,5,0,,67,9,2008,1,39.9169,-75.216,832.0,6,0,0,0,0,0,0,0,0,,0,0,0,8,1,1,2,,0,39 55:00.971,,0,75 12:57.138,4,0,0,0,67301,0,0,0,N,0,0,0,3,67301,1,,1,9,,N,N,,0,,0,0,0,3.0,2,,810,1,2,0,0,0,0,0,3,4,0,2,7,,N,,,,,,,,,,,
2008118935,4,0,0,0,0,0,0,0,0,0,5,0,,67,10,2008,7,40.0219,-75.0691,0.0,6,0,0,0,0,0,0,0,0,2.0,0,0,0,0,3,0,0,,2,40 01:18.796,6.0,0,75 04:08.716,0,0,0,0,67301,0,0,0,N,0,0,0,1,67301,0,,4,1,,N,N,,1,,0,0,2,0.0,0,Y,0,0,3,0,0,0,0,0,3,4,0,3,3,,N,,,,,,,,,,,
2008119319,1550,2,0,0,0,0,0,0,0,0,1,0,,67,9,2008,6,40.1229,-75.0143,1539.0,6,0,0,0,0,0,0,0,0,,0,0,0,15,1,1,2,,0,40 07:22.609,,0,75 00:51.321,4,0,0,0,67301,0,0,0,N,0,0,0,2,67301,1,,1,9,,N,N,,0,,0,0,0,3.0,2,,1530,1,2,0,0,0,0,0,3,4,0,2,7,,N,,,,,,,,,,,
2008133623,418,1,0,0,0,0,0,0,0,0,5,0,,67,10,2008,1,40.0448,-75.0613,417.0,6,0,0,0,1,0,0,0,0,,0,0,0,4,3,0,0,,0,40 02:41.454,,0,75 03:40.441,0,0,0,0,67301,0,0,0,N,0,0,0,1,67301,0,,1,9,,N,N,,1,,0,0,1,0.0,0,,416,0,3,0,0,0,0,0,3,4,0,3,3,,N,,,,,,,,,,,
2008133637,43,1,0,0,0,0,0,0,0,0,4,0,,67,10,2008,5,39.9541,-75.1395,40.0,6,0,0,0,0,0,0,0,0,3.0,0,0,0,99,3,1,1,,2,39 57:15.517,4.0,2,75 08:23.025,4,0,0,0,67301,0,0,0,,0,0,0,3,67301,1,,1,1,,N,N,,1,,0,0,0,0.0,0,Y,9999,1,2,0,0,0,0,0,3,4,0,2,3,,N,,,,,,,,,,,
2008133641,2259,1,0,0,0,0,0,0,0,0,4,0,,67,11,2008,7,40.0125,-75.1401,2252.0,6,0,1,1,0,0,0,0,0,,0,0,0,22,3,1,1,,0,40 00:45.093,,0,75 08:24.381,8,0,0,0,67301,0,0,0,N,0,0,0,3,67301,0,,1,1,,N,N,,0,,0,0,2,9.0,3,,2250,1,3,0,0,0,1,0,3,4,0,3,3,,N,,,,,,,,,,,
2008097888,1420,1,0,0,0,0,0,0,0,0,8,0,,67,6,2008,7,40.1052,-75.0328,1411.0,6,0,0,0,0,0,0,0,0,1.0,0,0,0,14,1,1,1,,1,40 06:18.581,3.0,0,75 01:58.245,4,0,0,0,67301,1,0,0,,1,0,0,3,67301,1,,1,1,,N,N,,0,,0,0,0,3.0,2,N,1409,1,2,0,0,0,0,0,3,4,0,1,3,,N,,,,,,,,,,,
2008085216,927,0,0,0,0,0,0,0,0,0,4,0,,67,5,2008,1,39.9498,-75.1554,927.0,6,0,0,0,0,0,0,0,0,1.0,0,0,0,9,1,1,1,,1,39 56:59.291,1.0,0,75 09:19.551,2,0,1,1,67301,0,0,0,N,0,0,0,2,67301,0,,1,1,,N,N,,1,,0,1,0,3.0,2,N,925,1,2,0,0,0,0,0,3,4,0,2,3,,N,,,,,,,,,,,
2008095454,1350,1,0,0,0,0,0,0,0,0,8,0,,67,6,2008,1,39.9546,-75.2391,1330.0,6,0,0,0,0,0,0,0,0,,0,0,0,13,1,1,0,,0,39 57:16.394,,0,75 14:20.731,8,0,0,0,67301,1,0,0,,1,0,0,2,67301,0,,1,1,,N,N,,0,,0,0,0,0.0,0,,1336,1,2,0,0,0,1,0,3,4,0,1,3,,N,,,,,,,,,,,
2008088450,1421,1,0,0,0,0,0,0,0,0,8,0,,67,6,2008,4,39.9847,-75.1323,1421.0,6,0,0,0,0,0,1,0,0,,0,0,0,14,1,1,3,,0,39 59:05.168,,0,75 07:55.938,4,0,0,0,67301,1,0,0,N,1,0,0,2,67301,1,,1,1,,N,N,,0,,0,0,0,3.0,2,,1421,1,2,0,0,0,0,0,3,4,0,1,3,,N,,,,,,,,,,,