CRN,ARRIVAL_TM,AUTOMOBILE_COUNT,BELTED_DEATH_COUNT,BELTED_SUSP_SERIOUS_INJ_COUNT,BICYCLE_COUNT,BICYCLE_DEATH_COUNT,BICYCLE_SUSP_SERIOUS_INJ_COUNT,BUS_COUNT,CHLDPAS_DEATH_COUNT,CHLDPAS_SUSP_SERIOUS_INJ_COUNT,COLLISION_TYPE,COMM_VEH_COUNT,CONS_ZONE_SPD_LIM,COUNTY,CRASH_MONTH,CRASH_YEAR,DAY_OF_WEEK,DEC_LAT,DEC_LONG,DISPATCH_TM,DISTRICT,DRIVER_COUNT_16YR,DRIVER_COUNT_17YR,DRIVER_COUNT_18YR,DRIVER_COUNT_19YR,DRIVER_COUNT_20YR,DRIVER_COUNT_50_64YR,DRIVER_COUNT_65_74YR,DRIVER_COUNT_75PLUS,EST_HRS_CLOSED,FATAL_COUNT,HEAVY_TRUCK_COUNT,HORSE_BUGGY_COUNT,HOUR_OF_DAY,ILLUMINATION,INJURY_COUNT,INTERSECT_TYPE,INTERSECTION_RELATED,LANE_CLOSED,LATITUDE,LN_CLOSE_DIR,LOCATION_TYPE,LONGITUDE,MAX_SEVERITY_LEVEL,MCYCLE_DEATH_COUNT,MCYCLE_SUSP_SERIOUS_INJ_COUNT,MOTORCYCLE_COUNT,MUNICIPALITY,NONMOTR_COUNT,NONMOTR_DEATH_COUNT,NONMOTR_SUSP_SERIOUS_INJ_COUNT,NTFY_HIWY_MAINT,PED_COUNT,PED_DEATH_COUNT,PED_SUSP_SERIOUS_INJ_COUNT,PERSON_COUNT,POLICE_AGCY,POSSIBLE_INJ_COUNT,RDWY_SURF_TYPE_CD,RELATION_TO_ROAD,ROAD_CONDITION,ROADWAY_CLEARED,SCH_BUS_IND,SCH_ZONE_IND,SECONDARY_CRASH,SMALL_TRUCK_COUNT,SPEC_JURIS_CD,SUSP_MINOR_INJ_COUNT,SUSP_SERIOUS_INJ_COUNT,SUV_COUNT,TCD_FUNC_CD,TCD_TYPE,TFC_DETOUR_IND,TIME_OF_DAY,TOT_INJ_COUNT,TOTAL_UNITS,UNB_DEATH_COUNT,UNB_SUSP_SERIOUS_INJ_COUNT,UNBELTED_OCC_COUNT,UNK_INJ_DEG_COUNT,UNK_INJ_PER_COUNT,URBAN_AREA,URBAN_RURAL,VAN_COUNT,VEHICLE_COUNT,WEATHER1,WEATHER2,WORK_ZONE_IND,WORK_ZONE_LOC,WORK_ZONE_TYPE,WORKERS_PRES,WZ_CLOSE_DETOUR,WZ_FLAGGER,WZ_LAW_OFFCR_IND,WZ_LN_CLOSURE,WZ_MOVING,WZ_OTHER,WZ_SHLDER_MDN,WZ_WORKERS_INJ_KILLED
2008088205,1338,1,0,0,0,0,0,0,0,0,4,0,,67,5,2008,4,40.0201,-75.1488,1334.0,6,0,0,0,0,0,0,0,0,,0,0,0,12,1,2,1,,0,40 01:12.184,,0,75 08:55.616,4,0,0,0,67301,0,0,0,,0,0,0,3,67301,2,,1,1,,N,N,,1,,0,0,0,3.0,2,,1205,2,2,0,0,2,0,0,3,4,0,2,3,,N,,,,,,,,,,,
2008088261,2157,0,0,0,0,0,0,1,0,0,8,1,,67,5,2008,7,40.0225,-75.1318,2155.0,6,0,0,0,0,0,0,0,0,,0,0,0,21,3,1,0,,0,40 01:20.863,,0,75 07:54.375,4,0,0,0,67301,1,0,0,,1,0,0,2,67301,1,,1,1,,,,,0,,0,0,0,0.0,0,,2153,1,2,0,0,0,0,0,3,4,0,1,3,,N,,,,,,,,,,,
2008088302,1636,1,0,0,0,0,0,0,0,0,8,0,,67,6,2008,4,40.0789,-75.0834,1633.0,6,0,0,0,0,0,0,0,0,,0,0,0,14,1,1,2,,0,40 04:44.126,,0,75 05:00.394,4,0,0,0,67301,1,0,0,N,1,0,0,2,67301,1,,1,98,,N,N,,0,,0,0,0,3.0,3,,1430,1,2,0,0,0,0,0,3,4,0,1,99,,N,,,,,,,,,,,
2008088725,9999,3,0,0,0,0,0,0,0,0,1,0,,67,4,2008,5,,,9999.0,6,0,0,0,0,0,0,0,0,,0,0,0,9,1,1,0,,0,,,0,,8,0,0,0,67301,0,0,0,,0,0,0,4,00000,0,,1,1,,,,,0,,0,0,0,0.0,0,,900,1,4,0,0,0,1,1,3,3,1,4,3,,N,,,,,,,,,,,
2008085703,1449,3,0,0,0,0,0,0,0,0,1,0,,67,7,2008,5,39.9846,-75.2082,1444.0,6,0,1,0,0,1,1,0,0,1.0,0,0,0,14,1,0,0,,1,39 59:08.920,4.0,0,75 12:29.182,0,0,0,0,67301,0,0,0,N,0,0,0,3,68K01,0,,1,1,,N,N,,0,,0,0,0,0.0,0,N,1440,0,3,0,0,0,0,0,3,4,0,3,3,,N,,,,,,,,,,,
2008098043,1600,0,0,0,0,0,0,0,0,0,8,0,,67,7,2008,2,39.9566,-75.198,1545.0,6,0,0,0,0,0,1,0,0,,0,0,0,15,1,1,1,,0,39 57:24.145,,0,75 11:52.822,4,0,0,0,67301,1,0,0,N,1,0,0,2,67301,1,,1,1,,N,N,,1,,0,0,0,3.0,2,,1530,1,2,0,0,0,0,0,3,4,0,1,3,,N,,,,,,,,,,,
2008069472,903,1,0,0,0,0,0,0,0,0,1,0,,67,4,2008,5,39.9845,-75.2153,900.0,6,0,0,0,0,0,2,0,0,,0,0,0,9,1,2,0,,0,39 59:04.135,,0,75 12:54.884,8,0,0,0,67301,0,0,0,,0,0,0,2,67301,0,,1,1,,,,,0,,0,0,1,0.0,0,,900,2,2,0,0,0,2,0,3,4,0,2,3,,N,,,,,,,,,,,
2008069556,1717,3,0,0,0,0,0,0,0,0,4,0,,67,4,2008,4,40.0152,-75.0727,1716.0,6,0,0,0,0,0,0,0,0,,0,0,0,17,1,1,1,,0,40 00:54.597,,0,75 04:21.716,8,0,0,0,67301,0,0,0,N,0,0,0,2,67301,0,,4,1,,N,N,,0,,0,0,0,3.0,3,,1716,1,3,0,0,0,1,1,3,4,0,3,3,,N,,,,,,,,,,,
2008109622,527,1,0,0,0,0,0,0,0,0,1,0,,67,9,2008,7,39.899,-75.1734,521.0,6,0,0,0,0,0,0,0,0,1.0,0,0,0,5,3,0,0,,1,39 53:56.080,2.0,0,75 10:10.960,0,0,0,0,67301,0,0,0,N,0,0,0,3,68K01,0,,1,1,,N,N,,0,,0,0,1,0.0,0,N,515,0,3,0,0,0,0,0,3,4,1,3,3,,N,,,,,,,,,,,
2008082266,2115,2,0,0,0,0,0,0,0,0,4,0,,67,4,2008,3,40.0875,-74.9591,2107.0,6,0,0,0,0,0,0,0,0,,0,0,0,21,3,1,0,,0,40 05:15.054,,7,74 57:32.727,4,0,0,0,67301,0,0,0,N,0,0,0,3,67301,1,,1,1,,N,N,,0,,0,0,0,0.0,0,,2100,1,2,0,0,0,0,0,3,4,0,2,3,,N,,,,,,,,,,,
2008088837,9999,1,0,0,0,0,0,0,0,0,7,0,,67,6,2008,3,39.9701,-75.1304,9999.0,6,0,0,0,0,0,0,0,0,,0,0,0,99,3,1,1,,0,39 58:12.690,,0,75 07:48.887,4,0,0,0,67301,0,0,0,,0,0,0,1,67301,1,,3,1,,,,,0,,0,0,0,0.0,0,,9999,1,1,0,0,1,0,0,3,4,0,1,3,,N,,,,,,,,,,,
2008081507,1800,0,0,0,0,0,0,0,0,0,7,0,,67,5,2008,3,39.9282,-75.1546,1756.0,6,0,0,0,0,0,0,0,0,,0,0,0,17,1,1,0,,0,39 55:41.584,,0,75 09:16.412,4,0,0,0,67301,0,0,0,,0,0,0,1,67301,1,,5,1,,,,,0,,0,0,0,0.0,0,,1730,1,1,0,0,0,0,0,3,4,0,1,3,,N,,,,,,,,,,,
2008081548,345,1,0,0,0,0,0,0,0,0,7,0,,67,5,2008,7,39.9749,-75.1457,341.0,6,0,0,0,0,0,0,0,0,,0,0,0,3,2,2,0,,0,39 58:29.579,,0,75 08:44.503,3,0,0,0,67301,0,0,0,N,0,0,0,2,67301,0,,4,9,,N,N,,0,,2,0,0,0.0,0,,340,2,1,0,0,0,0,0,3,4,0,1,7,,N,,,,,,,,,,,
2008094924,2001,3,0,0,0,0,0,0,0,0,4,0,,67,6,2008,2,40.019,-75.1472,2000.0,6,0,0,0,0,0,0,0,1,,0,0,0,19,1,3,1,,0,40 01:08.421,,0,75 08:50.015,8,0,0,0,67301,0,0,0,,0,0,0,5,67301,0,,1,1,,N,N,,0,,0,0,0,9.0,2,,1942,3,3,0,0,0,3,0,3,4,0,3,3,,N,,,,,,,,,,,
2008079183,9999,1,0,0,0,0,0,0,0,0,2,0,,67,5,2008,6,40.0122,-75.152,9999.0,6,0,0,0,0,0,0,1,0,,0,0,0,99,1,2,0,,0,40 00:44.339,,0,75 09:07.313,4,0,0,0,67301,0,0,0,N,0,0,0,3,67301,2,,2,1,,N,N,,1,,0,0,1,0.0,0,,9999,2,3,0,0,0,0,0,3,4,0,3,3,,N,,,,,,,,,,,
2008079189,415,3,0,0,0,0,0,0,0,0,5,0,,67,5,2008,3,39.9821,-75.1605,411.0,6,0,0,0,0,0,0,0,0,,0,0,0,3,3,0,0,,0,39 58:55.660,,0,75 09:37.690,9,0,0,0,67301,0,0,0,N,0,0,0,1,67301,0,,6,1,,N,N,,0,,0,0,1,0.0,0,,353,0,4,0,0,0,0,1,3,4,0,4,3,,N,,,,,,,,,,,
2008098421,2335,1,0,0,0,0,0,0,0,0,8,0,,67,7,2008,5,40.027,-75.0755,2335.0,6,0,0,0,0,0,0,0,0,,0,0,0,22,6,1,1,,0,40 01:37.200,,0,75 04:31.800,8,0,0,0,67301,1,0,0,N,1,0,0,2,67301,0,,1,1,,N,N,,0,,0,0,0,3.0,2,,2240,1,2,0,0,0,1,0,3,4,0,1,3,,N,,,,,,,,,,,
2008134341,2116,1,0,0,0,0,0,0,0,0,0,1,,67,11,2008,1,39.9493,-75.1845,2109.0,6,0,0,0,1,0,0,0,0,2.0,0,1,0,21,3,1,0,,1,39 57:02.140,4.0,0,75 10:59.280,3,0,0,0,67301,0,0,0,N,0,0,0,2,68K01,0,,1,9,,N,N,,0,,1,0,0,0.0,0,N,2106,1,2,0,0,0,0,0,3,4,0,2,7,,N,,,,,,,,,,,
2008119186,1418,0,0,0,0,0,0,0,0,0,0,0,,67,9,2008,4,39.9917,-75.1271,1416.0,6,0,0,0,0,0,0,0,0,,0,0,0,14,1,1,0,,0,39 59:30.065,,0,75 07:37.552,3,0,0,1,67301,0,0,0,N,0,0,0,1,67301,0,,1,1,,N,N,,0,,1,0,0,0.0,0,,1400,1,1,0,0,0,0,0,3,4,0,1,3,,N,,,,,,,,,,,
2008118936,1625,0,0,0,0,0,0,0,0,0,8,0,,67,9,2008,2,39.9511,-75.166,1620.0,6,0,0,0,0,0,0,0,0,,0,0,0,16,1,1,0,,0,39 57:04.023,,0,75 09:57.564,4,0,0,0,67301,1,0,0,N,1,0,0,2,67301,1,,1,1,,N,N,,0,,0,0,1,0.0,0,,1605,1,2,0,0,0,0,1,3,4,0,1,3,,N,,,,,,,,,,,
2008119313,1249,0,0,0,0,0,0,0,0,0,1,1,,67,10,2008,7,40.0507,-75.1486,1249.0,6,0,0,0,0,0,0,0,0,,0,1,0,12,1,4,1,,0,40 03:02.657,,0,75 08:55.145,8,0,0,0,67301,0,0,0,,0,0,0,5,67301,0,,1,1,,,,,0,,0,0,0,2.0,2,,1220,4,2,0,0,0,4,0,3,4,1,2,3,,N,,,,,,,,,,,
2008119010,1440,1,0,0,0,0,0,0,0,0,8,0,,67,10,2008,2,40.0219,-75.0691,1433.0,6,0,0,0,0,0,0,0,0,,0,0,0,14,1,1,1,,0,40 01:18.818,,0,75 04:08.687,4,0,0,0,67301,1,0,0,,1,0,0,2,67301,1,,1,1,,,,,0,,0,0,0,3.0,3,,1420,1,2,0,0,0,0,0,3,4,0,1,3,,N,,,,,,,,,,,
2008119013,27,1,0,0,0,0,0,0,0,0,4,0,,67,9,2008,7,39.8946,-75.2367,25.0,6,0,0,0,0,0,1,0,0,,0,0,0,23,3,1,1,,0,39 53:40.604,,0,75 14:12.181,8,0,0,0,67301,0,0,0,N,0,0,0,2,67301,0,,1,1,,N,N,,0,,0,0,1,3.0,2,,2315,1,2,0,0,0,1,0,3,4,0,2,3,,N,,,,,,,,,,,
2008087590,2211,1,0,0,0,0,0,0,0,0,7,0,,67,5,2008,7,39.9384,-75.2239,2209.0,6,1,0,0,0,0,0,0,0,,0,0,0,22,3,1,0,,0,39 56:18.308,,0,75 13:26.126,8,0,0,0,67301,0,0,0,N,0,0,0,1,67301,0,,5,1,,N,N,,0,,0,0,0,0.0,0,,2200,1,1,0,0,0,1,0,3,4,0,1,3,,N,,,,,,,,,,,
2008097942,410,1,0,0,0,0,0,0,0,0,7,0,,67,7,2008,4,40.0185,-75.2017,407.0,6,0,0,0,0,0,1,0,0,,0,0,0,4,3,1,0,,0,40 01:06.711,,0,75 12:06.106,3,0,0,0,67301,0,0,0,,0,0,0,1,67301,0,,3,9,,,,,0,,1,0,0,0.0,0,,405,1,1,0,0,0,0,0,3,4,0,1,7,,N,,,,,,,,,,,
2008095455,1054,0,0,0,0,0,0,0,0,0,7,0,,67,6,2008,1,39.9532,-75.2426,1050.0,6,0,0,0,0,0,1,0,0,,0,0,0,10,1,1,1,,0,39 57:11.592,,0,75 14:33.424,8,0,0,0,67301,0,0,0,N,0,0,0,2,67301,0,,1,1,,N,N,,0,,0,0,1,3.0,3,,1050,1,1,0,0,0,1,0,3,4,0,1,3,,N,,,,,,,,,,,
2008095553,2110,1,0,0,0,0,0,0,0,0,1,0,,67,6,2008,6,39.9274,-75.145,2103.0,6,0,0,0,0,0,0,0,0,,0,0,0,21,3,1,1,,0,39 55:38.722,,0,75 08:41.992,4,0,0,0,67301,0,0,0,,0,0,0,4,67301,1,,1,1,,N,N,,1,,0,0,0,3.0,2,,2103,1,2,0,0,0,0,0,3,4,0,2,3,,N,,,,,,,,,,,
2008097621,1715,3,0,0,0,0,0,0,0,0,1,0,,67,7,2008,6,40.0475,-75.1428,1711.0,6,0,0,0,0,0,2,1,0,1.0,0,0,0,17,1,3,1,,1,40 02:50.961,3.0,0,75 08:34.014,4,0,0,0,67301,0,0,0,N,0,0,0,6,67301,1,,1,1,,N,N,,1,,0,0,0,3.0,2,Y,1710,3,4,0,0,0,2,1,3,4,0,4,3,,N,,,,,,,,,,,
2008088426,9999,1,0,0,0,0,0,0,0,0,4,0,,67,6,2008,1,40.0233,-75.179,716.0,6,0,0,0,0,0,0,0,0,9.0,0,0,0,7,1,1,1,,1,40 01:24.019,2.0,0,75 10:44.495,8,0,0,0,67301,0,0,0,N,0,0,0,2,67301,0,,1,1,,N,N,,0,,0,0,1,3.0,2,N,716,1,2,0,0,0,1,0,3,4,0,2,3,,N,,,,,,,,,,,
2008088186,9999,2,0,0,0,0,0,0,0,0,1,0,,67,5,2008,7,40.0179,-75.1493,9999.0,6,0,0,0,0,0,0,0,0,,0,0,0,16,1,1,1,,0,40 01:04.808,,0,75 08:57.222,8,0,0,0,67301,0,0,0,,0,0,0,2,67301,0,,1,1,,,,,0,,0,0,0,0.0,0,,1600,1,2,0,0,0,1,1,3,4,0,2,3,,N,,,,,,,,,,,
2008078218,1821,4,0,0,0,0,0,0,0,0,1,0,,67,7,2008,3,39.9729,-75.1207,1817.0,6,0,0,1,0,0,1,0,0,1.0,0,0,0,18,1,1,0,,2,39 58:25.573,1.0,0,75 07:09.740,8,0,0,0,67301,0,0,0,N,0,0,0,6,68K01,0,,1,1,,N,N,,0,,0,0,0,0.0,0,Y,1813,1,4,0,0,0,1,0,3,4,0,4,3,,N,,,,,,,,,,,
2008080304,1026,0,0,0,0,0,0,0,0,0,4,0,,67,5,2008,6,40.0103,-75.1592,1019.0,6,0,0,0,0,0,2,0,0,,0,0,0,10,1,1,1,,0,40 00:37.080,,0,75 09:32.760,8,0,0,0,67301,0,0,0,N,0,0,0,4,67301,0,,1,1,,N,N,,0,,0,0,1,3.0,2,,1018,1,2,0,0,0,1,0,3,4,1,2,3,,N,,,,,,,,,,,
2008080314,2018,1,0,0,0,0,0,0,0,0,1,0,,67,5,2008,1,39.9698,-75.1424,2015.0,6,0,0,0,0,0,0,0,0,,0,0,0,20,4,0,1,,0,39 58:11.363,,0,75 08:32.508,0,0,0,0,67301,0,0,0,N,0,0,0,2,67301,0,,1,1,,N,N,,1,,0,0,0,3.0,2,,2015,0,2,0,0,0,0,0,3,4,0,2,3,,N,,,,,,,,,,,
2008087998,34,4,0,0,0,0,0,0,0,0,6,0,,67,6,2008,5,39.9811,-75.2243,30.0,6,0,0,1,0,0,0,0,0,,0,0,0,0,3,1,0,,0,39 58:51.958,,0,75 13:27.378,8,0,0,0,67301,0,0,0,N,0,0,0,2,67301,0,,1,9,,,,,0,,0,0,0,0.0,0,,25,1,4,0,0,0,1,0,3,4,0,4,7,,N,,,,,,,,,,,
2008095565,1015,2,0,0,0,0,0,0,0,0,1,0,,67,6,2008,2,40.0133,-75.1801,1005.0,6,0,0,0,0,0,1,0,0,1.0,0,0,0,10,1,0,6,,2,40 00:47.420,2.0,2,75 10:48.960,0,0,0,0,67301,0,0,0,N,0,0,0,2,67301,0,,1,1,,N,N,,0,,0,0,0,3.0,4,Y,1005,0,2,0,0,0,0,0,3,4,0,2,3,,N,,,,,,,,,,,
2008095566,1331,2,0,0,0,0,0,0,0,0,4,0,,67,8,2008,5,40.0945,-75.015,1326.0,6,0,0,0,0,0,0,1,0,1.0,0,0,0,13,1,2,1,,2,40 05:40.395,1.0,0,75 00:54.109,4,0,0,0,67301,0,0,0,N,0,0,0,4,67301,2,,1,1,,N,N,,0,,0,0,0,3.0,2,Y,1326,2,2,0,0,0,0,0,3,4,0,2,3,,N,,,,,,,,,,,
2008098177,1641,2,0,0,0,0,0,0,0,0,4,0,,67,6,2008,1,39.9545,-75.2342,1641.0,6,0,0,0,0,0,0,0,0,3.0,0,0,0,16,1,2,1,,2,39 57:16.318,7.0,0,75 14:03.227,8,0,0,0,67301,0,0,0,N,0,0,0,3,67301,0,,1,1,,N,N,,0,,0,0,0,3.0,2,Y,1641,2,2,0,0,1,2,0,3,4,0,2,3,,N,,,,,,,,,,,
2008098183,1308,1,0,0,0,0,0,0,0,0,8,0,,67,7,2008,1,39.9507,-75.1504,1303.0,6,0,0,0,0,0,0,0,0,1.0,0,0,0,12,1,2,1,,1,39 57:02.546,3.0,0,75 09:01.348,4,0,0,0,67301,2,0,0,,2,0,0,4,67301,2,,1,1,,N,N,,0,,0,0,0,3.0,2,N,1255,2,3,0,0,0,0,0,3,4,0,1,3,,N,,,,,,,,,,,
2008089166,9999,0,0,0,0,0,0,0,0,0,6,0,,67,5,2008,5,,,9999.0,6,0,0,0,0,0,0,0,0,,0,1,0,15,1,1,2,,0,,,0,,4,0,0,0,67301,0,0,0,N,0,0,0,3,00000,1,,1,1,,N,N,,1,,0,0,0,9.0,9,,1500,1,2,0,0,0,0,0,3,3,0,2,3,,N,,,,,,,,,,,
2008081470,1423,1,0,0,0,0,0,0,0,0,4,0,,67,5,2008,6,40.0109,-75.1645,1422.0,6,0,0,0,0,0,0,0,0,,0,0,0,99,1,0,3,,0,40 00:39.361,,0,75 09:52.284,0,0,0,0,67301,0,0,0,N,0,0,0,2,67301,0,,7,1,,N,N,,1,,0,0,0,3.0,2,,9999,0,2,0,0,0,0,0,3,4,0,2,3,5.0,N,,,,,,,,,,,
2008097558,1745,3,0,0,0,0,0,0,0,0,2,0,,67,7,2008,2,40.0737,-75.0279,1740.0,6,0,0,0,0,0,1,1,0,,0,0,0,17,1,7,0,,0,40 04:25.366,,0,75 01:40.440,3,0,0,0,67301,0,0,0,N,0,0,0,7,67301,5,,1,1,,N,N,,0,,2,0,0,0.0,0,,1735,7,3,0,0,0,0,0,3,4,0,3,3,,N,,,,,,,,,,,
2008089600,2047,1,0,0,0,0,0,0,0,0,7,0,,67,8,2008,7,39.9317,-75.1996,2039.0,6,0,0,0,0,0,1,0,0,2.0,0,0,0,20,4,1,0,,2,39 55:55.951,4.0,0,75 11:59.815,2,0,0,0,67301,0,0,0,N,0,0,0,1,68K01,0,,3,1,,N,N,,0,,0,1,0,0.0,0,N,2038,1,1,0,1,1,0,0,3,4,0,1,3,,N,,,,,,,,,,,
2008104880,1052,1,0,0,0,0,0,0,0,0,1,0,,67,9,2008,7,39.9859,-75.2082,1051.0,6,0,0,0,0,0,1,0,0,,0,0,0,10,1,1,0,,0,39 59:13.080,,3,75 12:28.532,3,0,0,0,67301,0,0,0,N,0,0,0,4,68K01,0,,1,1,,N,N,,0,,1,0,1,0.0,0,,1043,1,2,0,0,0,0,0,3,4,0,2,3,,N,,,,,,,,,,,
2008107938,1651,1,0,0,0,0,0,0,0,0,7,0,,67,8,2008,7,39.9638,-75.228,1649.0,6,0,0,0,0,1,0,0,0,9.0,0,0,0,16,1,1,0,,1,39 57:49.749,2.0,0,75 13:40.653,8,0,0,0,67301,0,0,0,N,0,0,0,1,67301,0,,1,1,,N,N,,0,,0,0,0,0.0,0,N,1645,1,1,0,0,0,1,0,3,4,0,1,3,,N,,,,,,,,,,,
2008107366,802,1,0,0,0,0,0,0,0,0,1,0,,67,8,2008,5,39.9536,-75.1379,800.0,6,0,1,0,0,0,1,0,0,,0,0,0,8,1,0,0,,0,39 57:12.804,,0,75 08:16.378,0,0,0,0,67301,0,0,0,N,0,0,0,2,67501,0,,1,1,,N,N,,1,,0,0,0,3.0,8,,802,0,2,0,0,0,0,0,3,4,0,2,3,,N,,,,,,,,,,,
2008071036,1512,3,0,0,0,0,0,0,0,0,4,0,,67,6,2008,5,40.0764,-75.195,1509.0,6,0,0,0,1,0,1,1,0,2.0,0,0,0,15,1,0,1,,1,40 04:35.197,1.0,0,75 11:42.090,0,0,0,0,67301,0,0,0,N,0,0,0,5,46108,0,,1,1,,N,N,,0,,0,0,0,3.0,2,N,1509,0,3,0,0,0,0,0,3,4,0,3,3,,N,,,,,,,,,,,
2008110428,1404,0,0,0,0,0,0,0,0,0,1,0,,67,8,2008,3,39.9396,-75.1437,1359.0,6,0,0,0,0,0,1,0,0,2.0,0,0,0,13,1,3,0,,1,39 56:23.930,2.0,0,75 08:37.151,4,0,0,0,67301,0,0,0,N,0,0,0,4,68K01,3,,1,1,,N,N,,0,,0,0,1,0.0,0,N,1353,3,3,0,0,2,0,0,3,4,2,3,3,,N,,,,,,,,,,,
2008120783,1520,1,0,0,0,0,0,0,0,0,7,0,,67,9,2008,6,39.9967,-75.2008,1518.0,6,0,0,0,0,0,0,0,0,,0,0,0,15,1,1,0,,0,39 59:48.249,,0,75 12:02.952,8,0,0,0,67301,0,0,0,N,0,0,0,3,67301,0,,4,9,,N,N,,0,,0,0,0,0.0,0,,1518,1,1,0,0,0,1,0,3,4,0,1,7,,N,,,,,,,,,,,
2008137022,2222,1,0,0,0,0,0,0,0,0,7,0,,67,12,2008,5,40.0005,-75.1951,2211.0,6,0,0,0,0,0,0,0,0,,0,0,0,21,3,0,0,,0,40 00:02.260,,0,75 11:42.287,0,0,0,0,67301,0,0,0,N,0,0,0,1,68K01,0,,2,9,,N,N,,0,,0,0,0,0.0,0,,2155,0,1,0,0,0,0,0,3,4,0,1,7,,N,,,,,,,,,,,
2008108570,756,1,0,0,1,0,0,0,0,0,5,0,,67,8,2008,4,40.0355,-75.2355,751.0,6,0,0,0,0,0,0,0,0,,0,0,0,7,1,1,0,,0,40 02:07.972,,0,75 14:07.965,3,0,0,0,67301,1,0,0,,0,0,0,2,67301,0,,1,1,,N,N,,0,,1,0,0,0.0,0,,730,1,2,0,0,0,0,0,3,4,0,1,3,,N,,,,,,,,,,,
2008114110,1550,4,0,0,0,0,0,0,0,0,1,0,,67,10,2008,2,40.0079,-75.2023,1550.0,6,0,0,0,0,0,1,0,0,,0,0,0,15,1,0,0,,0,40 00:28.896,,0,75 12:09.312,9,0,0,0,67301,0,0,0,N,0,0,0,6,68K01,0,,1,1,,N,N,,0,,0,0,0,0.0,0,,1538,0,4,0,0,0,0,1,3,4,0,4,3,,N,,,,,,,,,,,
2008098645,1954,1,0,0,0,0,0,0,0,0,4,0,,67,6,2008,3,40.0299,-75.1533,1954.0,6,0,0,0,0,0,0,0,0,,0,0,0,17,1,2,2,,0,40 01:47.791,,0,75 09:11.771,4,0,0,0,67301,0,0,0,N,0,0,0,2,67301,2,,1,1,,N,Y,,0,,0,0,1,3.0,2,,1730,2,2,0,0,0,0,0,3,4,0,2,3,,N,,,,,,,,,,,
2008069466,158,3,0,0,0,0,0,0,0,0,2,0,,67,4,2008,3,40.0196,-75.1475,156.0,6,0,0,0,0,0,1,0,0,1.0,0,0,0,1,3,2,0,,2,40 01:10.645,1.0,0,75 08:51.173,8,0,0,0,67301,0,0,0,,0,0,0,3,67301,0,,1,1,,,,,0,,0,0,0,0.0,0,N,154,2,3,0,0,0,2,0,3,4,0,3,3,,N,,,,,,,,,,,
2008120902,1926,0,0,0,1,0,0,0,0,0,8,0,,67,2,2008,6,39.9556,-75.2146,1920.0,6,0,0,0,0,0,0,0,0,,0,0,0,19,4,1,1,,0,39 57:20.206,,0,75 12:52.513,4,0,0,0,67301,1,0,0,N,0,0,0,2,67301,1,,1,1,,N,N,,0,,0,0,0,3.0,2,,1916,1,2,0,0,0,0,0,3,4,1,1,3,,N,,,,,,,,,,,
2008082260,1354,1,0,0,0,0,0,0,0,0,4,0,,67,5,2008,5,40.0238,-75.2077,1349.0,6,0,1,0,0,0,0,0,0,2.0,0,0,0,13,1,1,5,,1,40 01:25.752,5.0,0,75 12:27.937,4,0,0,0,67301,0,0,0,N,0,0,0,2,67301,1,,1,1,,N,N,,1,,0,0,0,3.0,2,Y,1345,1,2,0,0,0,0,0,3,4,0,2,3,,N,,,,,,,,,,,
2008079048,1440,2,0,0,0,0,0,0,0,0,2,0,,67,5,2008,3,39.9977,-75.0727,1420.0,6,0,0,0,0,0,0,0,0,,0,0,0,14,1,1,1,,0,39 59:51.360,,0,75 04:22.080,4,0,0,0,67301,0,0,0,,0,0,0,3,67301,1,,1,1,,,,,0,,0,0,0,0.0,0,,1430,1,2,0,0,0,0,0,3,4,0,2,3,,N,,,,,,,,,,,
2008073717,1221,1,0,0,0,0,0,0,0,0,4,0,,67,5,2008,1,39.9249,-75.2265,1221.0,6,0,0,0,0,0,0,0,0,,0,0,0,12,1,1,1,,0,39 55:29.722,,0,75 13:35.237,3,0,0,0,67301,0,0,0,N,0,0,0,2,67301,0,,1,1,,N,N,,0,,1,0,0,3.0,2,,1220,1,2,0,0,0,0,0,3,4,1,2,3,,N,,,,,,,,,,,
2008108294,2006,1,0,0,0,0,0,0,0,0,5,0,,67,8,2008,5,40.0532,-75.1577,2003.0,6,0,0,1,0,0,1,0,0,,0,0,0,99,1,3,1,,0,40 03:11.660,,0,75 09:27.723,4,0,0,0,67301,0,0,0,,0,0,0,3,67301,3,,1,1,,,,,0,,0,0,1,0.0,0,,9999,3,2,0,0,0,0,0,3,4,0,2,3,,N,,,,,,,,,,,
2008094832,1151,1,0,0,0,0,0,0,0,0,8,0,,67,6,2008,3,39.9538,-75.1666,1136.0,6,0,0,0,0,0,0,0,0,,0,0,0,11,1,1,1,,0,39 57:13.704,,0,75 09:59.737,4,0,0,0,67301,1,0,0,N,1,0,0,3,67301,1,,1,1,,N,N,,0,,0,0,0,3.0,2,,1136,1,2,0,0,0,0,0,3,4,0,1,3,,N,,,,,,,,,,,