CRN,ARRIVAL_TM,AUTOMOBILE_COUNT,BELTED_DEATH_COUNT,BELTED_SUSP_SERIOUS_INJ_COUNT,BICYCLE_COUNT,BICYCLE_DEATH_COUNT,BICYCLE_SUSP_SERIOUS_INJ_COUNT,BUS_COUNT,CHLDPAS_DEATH_COUNT,CHLDPAS_SUSP_SERIOUS_INJ_COUNT,COLLISION_TYPE,COMM_VEH_COUNT,CONS_ZONE_SPD_LIM,COUNTY,CRASH_MONTH,CRASH_YEAR,DAY_OF_WEEK,DEC_LAT,DEC_LONG,DISPATCH_TM,DISTRICT,DRIVER_COUNT_16YR,DRIVER_COUNT_17YR,DRIVER_COUNT_18YR,DRIVER_COUNT_19YR,DRIVER_COUNT_20YR,DRIVER_COUNT_50_64YR,DRIVER_COUNT_65_74YR,DRIVER_COUNT_75PLUS,EST_HRS_CLOSED,FATAL_COUNT,HEAVY_TRUCK_COUNT,HORSE_BUGGY_COUNT,HOUR_OF_DAY,ILLUMINATION,INJURY_COUNT,INTERSECT_TYPE,INTERSECTION_RELATED,LANE_CLOSED,LATITUDE,LN_CLOSE_DIR,LOCATION_TYPE,LONGITUDE,MAX_SEVERITY_LEVEL,MCYCLE_DEATH_COUNT,MCYCLE_SUSP_SERIOUS_INJ_COUNT,MOTORCYCLE_COUNT,MUNICIPALITY,NONMOTR_COUNT,NONMOTR_DEATH_COUNT,NONMOTR_SUSP_SERIOUS_INJ_COUNT,NTFY_HIWY_MAINT,PED_COUNT,PED_DEATH_COUNT,PED_SUSP_SERIOUS_INJ_COUNT,PERSON_COUNT,POLICE_AGCY,POSSIBLE_INJ_COUNT,RDWY_SURF_TYPE_CD,RELATION_TO_ROAD,ROAD_CONDITION,ROADWAY_CLEARED,SCH_BUS_IND,SCH_ZONE_IND,SECONDARY_CRASH,SMALL_TRUCK_COUNT,SPEC_JURIS_CD,SUSP_MINOR_INJ_COUNT,SUSP_SERIOUS_INJ_COUNT,SUV_COUNT,TCD_FUNC_CD,TCD_TYPE,TFC_DETOUR_IND,TIME_OF_DAY,TOT_INJ_COUNT,TOTAL_UNITS,UNB_DEATH_COUNT,UNB_SUSP_SERIOUS_INJ_COUNT,UNBELTED_OCC_COUNT,UNK_INJ_DEG_COUNT,UNK_INJ_PER_COUNT,URBAN_AREA,URBAN_RURAL,VAN_COUNT,VEHICLE_COUNT,WEATHER1,WEATHER2,WORK_ZONE_IND,WORK_ZONE_LOC,WORK_ZONE_TYPE,WORKERS_PRES,WZ_CLOSE_DETOUR,WZ_FLAGGER,WZ_LAW_OFFCR_IND,WZ_LN_CLOSURE,WZ_MOVING,WZ_OTHER,WZ_SHLDER_MDN,WZ_WORKERS_INJ_KILLED
2008094845,223,1,0,0,0,0,0,0,0,0,7,0,,67,6,2008,6,39.9014,-75.2393,22.0,6,0,0,0,0,1,0,0,0,,0,0,0,23,3,3,2,,0,39 54:04.923,,0,75 14:21.456,4,0,0,0,67301,0,0,0,N,0,0,0,3,67301,3,,5,1,,N,N,,0,,0,0,0,0.0,0,,2346,3,1,0,0,0,0,0,3,4,0,1,3,,N,,,,,,,,,,,
2008094861,115,1,0,0,0,0,0,0,0,0,7,0,,67,7,2008,7,39.9216,-75.1905,9999.0,6,0,0,0,0,0,0,0,0,1.0,0,0,0,1,3,1,0,,1,39 55:17.780,4.0,1,75 11:25.706,8,0,0,0,67301,0,0,0,N,0,0,0,2,67301,0,,4,9,,N,N,,0,,0,0,0,0.0,0,N,112,1,1,0,0,0,1,0,3,4,0,1,7,,N,,,,,,,,,,,
2008108396,1626,1,0,0,0,0,0,0,0,0,5,0,,67,8,2008,3,39.9118,-75.1507,1619.0,6,0,0,0,0,0,0,0,0,,0,0,0,15,1,1,2,,0,39 54:41.444,,2,75 09:02.162,4,0,0,0,67301,0,0,0,N,0,0,0,2,67301,1,,1,1,,N,N,,0,,0,0,1,0.0,0,,1543,1,2,0,0,0,0,0,3,4,0,2,3,,N,,,,,,,,,,,
2008079209,9999,1,0,0,0,0,0,0,0,0,8,0,,67,5,2008,3,40.0187,-75.089,9999.0,6,0,0,0,0,0,0,0,0,,0,0,0,21,3,1,0,,0,40 01:07.312,,0,75 05:20.432,8,0,0,0,67301,1,0,0,N,1,0,0,2,67301,0,,1,1,,N,N,,0,,0,0,0,0.0,0,,2154,1,2,0,0,0,1,0,3,4,0,1,3,,N,,,,,,,,,,,
2008098409,1405,1,0,0,1,0,0,0,0,0,4,0,,67,7,2008,7,40.0542,-75.0714,1404.0,6,0,0,0,0,0,0,0,0,2.0,0,0,0,14,1,1,0,,2,40 03:15.179,3.0,0,75 04:17.111,3,0,0,0,67301,1,0,0,N,0,0,0,5,67301,0,,1,1,,N,N,,0,,1,0,0,0.0,0,Y,1403,1,2,0,0,0,0,0,3,4,0,1,3,,N,,,,,,,,,,,
2008098429,845,1,0,0,1,0,0,0,0,0,4,0,,67,6,2008,2,40.0128,-75.1423,840.0,6,0,0,0,0,0,0,0,0,,0,0,0,8,1,1,2,,0,40 00:46.008,,0,75 08:32.312,4,0,0,0,67301,1,0,0,N,0,0,0,2,67301,1,,1,1,,N,N,,0,,0,0,0,0.0,0,,835,1,2,0,0,0,0,1,3,4,0,1,3,,N,,,,,,,,,,,
2008098467,2300,1,0,0,0,0,0,0,0,0,4,0,,67,6,2008,5,40.0349,-75.1844,2300.0,6,0,0,0,0,1,0,0,0,,0,0,0,22,3,0,1,,0,40 02:05.655,,0,75 11:03.689,0,0,0,0,67301,0,0,0,N,0,0,0,2,67301,0,,1,1,,N,N,,0,,0,0,1,3.0,2,,2230,0,2,0,0,0,0,0,3,4,0,2,3,,N,,,,,,,,,,,
2008086704,1509,1,0,0,0,0,0,0,0,0,7,0,,67,7,2008,3,39.8987,-75.1806,1502.0,6,0,0,0,0,0,0,0,0,1.0,0,0,0,14,1,1,0,,1,39 53:57.405,2.0,0,75 10:36.994,4,0,0,0,67301,0,0,0,N,0,0,0,1,68K01,1,,2,1,,N,N,,0,,0,0,0,0.0,0,N,1457,1,1,0,0,0,0,0,3,4,0,1,3,,N,,,,,,,,,,,
2008078906,1700,1,0,0,0,0,0,0,0,0,8,0,,67,6,2008,1,40.0939,-74.9862,1653.0,6,0,0,0,1,0,0,0,0,,0,0,0,16,1,1,0,,0,40 05:38.014,,0,74 59:10.176,8,0,0,0,67301,1,0,0,,1,0,0,2,67301,0,,1,1,,,,,0,,0,0,0,0.0,0,,1650,1,2,0,0,0,1,0,3,4,0,1,3,,N,,,,,,,,,,,
2008116131,2030,1,0,0,0,0,0,0,0,0,1,0,,67,10,2008,4,39.9735,-75.1939,2020.0,6,0,0,0,0,0,0,0,0,,0,0,0,20,3,0,0,,0,39 58:29.251,,0,75 11:39.216,0,0,0,0,67301,0,0,0,N,0,0,0,5,68K01,0,,1,1,,N,N,,0,,0,0,1,0.0,0,,2020,0,2,0,0,0,0,0,3,4,0,2,3,,N,,,,,,,,,,,
2008134586,1959,1,0,0,0,0,0,0,0,0,7,0,,67,12,2008,3,39.9239,-75.1922,1952.0,6,0,0,0,0,0,0,0,0,,0,0,0,19,3,0,0,,0,39 55:25.157,,0,75 11:31.235,0,0,0,0,67301,0,0,0,N,0,0,0,1,68K01,0,,5,1,,N,N,,0,,0,0,0,0.0,0,,1947,0,1,0,0,0,0,0,3,4,0,1,3,,N,,,,,,,,,,,
2008133288,825,1,0,1,0,0,0,0,0,0,4,0,,67,10,2008,3,40.0152,-75.1498,817.0,6,0,0,0,0,0,0,0,0,9.0,0,0,0,8,1,4,1,,1,40 00:54.831,1.0,0,75 08:59.392,2,0,0,0,67301,0,0,0,,0,0,0,5,67301,0,,1,1,,,,,1,,3,1,0,3.0,2,Y,817,4,2,0,0,1,0,0,3,4,0,2,3,,N,,,,,,,,,,,
2008136721,1822,1,0,0,0,0,0,0,0,0,1,0,,67,12,2008,2,39.957,-75.1525,1809.0,6,0,0,0,1,0,0,0,0,,0,0,0,18,3,1,0,,0,39 57:25.249,,0,75 09:08.875,8,0,0,0,67301,0,0,0,N,0,0,0,4,68K01,0,,1,9,,N,N,,1,,0,0,0,0.0,0,,1808,1,2,0,0,1,1,0,3,4,0,2,7,,N,,,,,,,,,,,
2008124141,339,0,0,0,0,0,0,0,0,0,7,0,,67,11,2008,7,39.9657,-75.137,339.0,6,0,0,0,0,0,0,0,0,,0,0,0,3,3,0,0,,0,39 57:52.162,,0,75 08:17.664,0,0,0,0,67301,0,0,0,N,0,0,0,1,68K01,0,,2,1,,N,N,,1,,0,0,0,0.0,0,,329,0,1,0,0,0,0,0,3,4,0,1,3,,N,,,,,,,,,,,
2008119366,1620,2,0,0,0,0,0,0,0,0,4,0,,67,10,2008,2,40.0292,-75.1227,1610.0,6,0,0,0,0,0,0,0,1,,0,0,0,99,1,1,1,,0,40 01:45.094,,0,75 07:21.831,8,0,0,0,67301,0,0,0,,0,0,0,2,67301,0,,1,1,,,,,0,,0,0,0,3.0,2,,9999,1,2,0,0,0,1,0,3,4,0,2,3,,N,,,,,,,,,,,
2008119191,1003,3,0,0,0,0,0,0,0,0,2,0,,67,9,2008,6,39.9211,-75.2242,1000.0,6,0,0,0,0,0,0,1,0,,0,0,0,9,1,5,1,,0,39 55:15.796,,0,75 13:27.001,3,0,0,0,67301,0,0,0,N,0,0,0,6,67301,0,,1,1,,N,N,,0,,5,0,0,3.0,2,,953,5,3,0,0,0,0,1,3,4,0,3,3,,N,,,,,,,,,,,
2008119193,2220,1,0,0,1,0,0,0,0,0,4,0,,67,9,2008,6,39.9289,-75.1855,2213.0,6,0,0,0,0,0,0,0,0,,0,0,0,22,3,1,1,,0,39 55:44.151,,0,75 11:07.850,3,0,0,0,67301,2,0,0,N,0,0,0,3,67301,0,,1,9,,N,N,,0,,1,0,0,9.0,3,,2213,1,2,0,0,0,0,1,3,4,0,1,7,,N,,,,,,,,,,,
2008118952,1805,1,0,0,0,0,0,0,0,0,8,0,,67,10,2008,6,40.0283,-75.1461,1757.0,6,0,0,0,0,0,0,0,0,,0,0,0,99,1,1,0,,0,40 01:41.719,,0,75 08:46.041,8,0,0,0,67301,1,0,0,N,1,0,0,2,67301,0,,1,1,,N,N,,0,,0,0,0,0.0,0,,9999,1,2,0,0,0,1,1,3,4,0,1,3,,N,,,,,,,,,,,
2008133591,1613,1,0,0,0,0,0,0,0,0,4,0,,67,10,2008,6,39.9573,-75.1523,1610.0,6,0,0,0,0,0,0,0,0,,0,0,0,16,1,1,2,,0,39 57:26.407,,0,75 09:08.017,4,0,0,0,67301,0,0,0,N,0,0,0,2,67301,1,,1,1,,N,N,,0,,0,0,0,3.0,2,,1605,1,2,0,0,0,0,0,3,4,1,2,3,,N,,,,,,,,,,,
2008133655,310,0,0,0,0,0,0,0,0,0,6,0,,67,11,2008,4,39.9988,-75.159,216.0,6,0,0,0,0,0,0,0,0,,0,0,0,99,3,0,0,,0,39 59:55.660,,0,75 09:32.363,9,0,0,0,67301,0,0,0,,0,0,0,3,67301,0,,1,1,,,,,1,,0,0,1,0.0,0,,9999,0,2,0,0,0,0,1,3,4,0,2,3,,N,,,,,,,,,,,
2008133660,915,1,0,0,0,0,0,0,0,0,8,0,,67,10,2008,5,40.0107,-75.1508,912.0,6,0,0,0,0,0,0,0,0,,0,0,0,9,1,1,1,,0,40 00:38.545,,0,75 09:02.934,4,0,0,0,67301,1,0,0,N,1,0,0,2,67301,1,,1,1,,N,N,,0,,0,0,0,3.0,2,,900,1,2,0,0,0,0,0,3,4,0,1,3,,N,,,,,,,,,,,
2008071641,1343,1,0,0,0,0,0,0,0,0,5,0,,67,4,2008,4,40.0404,-75.1242,1314.0,6,0,0,0,0,0,1,0,0,,0,0,0,13,1,0,0,,0,40 02:25.328,,0,75 07:27.082,0,0,0,0,67301,0,0,0,N,0,0,0,1,67301,0,,4,1,,N,N,,0,,0,0,0,0.0,0,,1300,0,2,0,0,0,0,0,3,4,1,2,3,,N,,,,,,,,,,,
2008095675,1905,1,0,0,0,0,0,0,0,0,8,0,,67,7,2008,3,40.0493,-75.16,1853.0,6,0,0,0,0,0,1,0,0,,0,0,0,18,1,1,0,,0,40 02:57.526,,0,75 09:35.964,4,0,0,0,67301,1,0,0,N,1,0,0,2,67301,1,,1,1,,N,N,,0,,0,0,0,0.0,0,,1833,1,2,0,0,0,0,0,3,4,0,1,3,,N,,,,,,,,,,,
2008095706,732,0,0,0,0,0,0,0,0,0,1,0,,67,7,2008,7,40.0183,-75.169,722.0,6,0,0,0,0,0,0,1,0,,0,0,0,7,1,1,0,,0,40 01:05.931,,0,75 10:08.670,3,0,0,1,67301,0,0,0,N,0,0,0,3,67301,0,,1,1,,N,N,,1,,1,0,0,0.0,0,,720,1,2,0,0,2,0,0,3,4,0,2,3,,N,,,,,,,,,,,
2008085213,1352,1,0,0,0,0,0,0,0,0,2,0,,67,5,2008,1,40.0101,-75.1214,1350.0,6,0,1,0,0,0,1,0,0,,0,0,0,13,1,1,1,,0,40 00:36.435,,0,75 07:17.178,4,0,0,0,67301,0,0,0,,0,0,0,4,67301,1,,1,1,,N,N,,0,,0,0,1,3.0,2,,1345,1,2,0,0,0,0,0,3,4,0,2,3,,N,,,,,,,,,,,
2008082870,9999,0,0,0,0,0,0,0,0,0,8,0,,67,5,2008,4,40.0312,-75.1506,9999.0,6,0,0,0,0,0,0,0,0,,0,0,0,9,1,1,2,,0,40 01:52.143,,0,75 09:02.109,3,0,0,0,67301,1,0,0,N,1,0,0,2,67301,0,,1,1,,N,N,,0,,1,0,0,3.0,3,,920,1,2,0,0,0,0,1,3,4,0,1,3,,N,,,,,,,,,,,
2008090633,842,1,0,0,0,0,0,0,0,0,7,0,,67,8,2008,7,39.8932,-75.2264,832.0,6,0,0,0,0,0,0,0,0,1.0,0,0,0,8,1,1,0,,1,39 53:34.227,2.0,2,75 13:29.191,4,0,0,0,67301,0,0,0,N,0,0,0,1,68K01,1,,2,9,,N,N,,0,,0,0,0,0.0,0,N,830,1,1,0,0,0,0,0,3,4,0,1,7,,N,,,,,,,,,,,
2008088423,1608,2,0,0,0,0,0,0,0,0,4,0,,67,6,2008,7,40.0229,-75.1632,1607.0,6,0,0,0,0,0,0,0,0,1.0,0,0,0,16,1,0,1,,1,40 01:22.634,5.0,0,75 09:47.577,0,0,0,0,67301,0,0,0,N,0,0,0,6,67301,0,,1,1,,N,N,,0,,0,0,0,3.0,3,N,1607,0,2,0,0,0,0,0,3,4,0,2,3,,N,,,,,,,,,,,
2008088424,1835,1,0,0,0,0,0,0,0,0,8,0,,67,6,2008,2,39.9959,-75.1681,1830.0,6,0,0,0,0,0,0,0,0,,0,0,0,18,1,1,0,,0,39 59:45.085,,0,75 10:05.091,3,0,0,0,67301,1,0,0,N,1,0,0,2,67301,0,,1,1,,N,N,,0,,1,0,0,0.0,0,,1820,1,2,0,0,0,0,0,3,4,0,1,3,,N,,,,,,,,,,,
2008095231,10,1,0,0,0,0,0,0,0,0,2,0,,67,7,2008,6,40.0647,-74.9823,6.0,6,0,0,0,0,0,0,0,0,1.0,0,0,0,23,3,2,1,,2,40 03:52.920,1.0,0,74 58:56.280,4,0,0,0,67301,0,0,0,N,0,0,0,5,67301,1,,1,9,,N,N,,0,,0,0,1,3.0,2,Y,2350,2,2,0,0,1,1,0,3,4,0,2,3,,N,,,,,,,,,,,
2008088167,2125,2,0,0,0,0,0,0,0,0,4,0,,67,6,2008,6,39.9579,-75.2142,2125.0,6,0,0,0,0,1,0,0,0,,0,0,0,19,1,1,1,,0,39 57:28.299,,0,75 12:51.119,3,0,0,0,67301,0,0,0,N,0,0,0,2,67301,0,,1,1,,N,N,,0,,1,0,0,3.0,3,,1910,1,2,0,0,0,0,1,3,4,0,2,3,,N,,,,,,,,,,,
2008088246,1820,0,0,0,0,0,0,0,0,0,0,0,,67,6,2008,7,,,1820.0,6,0,0,0,0,0,0,0,0,,0,0,0,16,1,1,0,,0,,,0,,3,0,0,1,67301,0,0,0,N,0,0,0,1,67301,0,,1,1,,N,,,0,,1,0,0,0.0,0,,1645,1,2,0,0,0,0,0,3,3,0,1,3,,N,,,,,,,,,,,
2008088293,1738,2,0,0,0,0,0,0,0,0,5,0,,67,5,2008,2,40.037,-75.1452,1735.0,6,0,0,0,0,0,0,0,0,,0,0,0,17,1,0,0,,0,40 02:13.336,,0,75 08:42.639,9,0,0,0,67301,0,0,0,N,0,0,0,2,67301,0,,1,1,,N,N,,0,,0,0,0,0.0,0,,1720,0,2,0,0,0,0,2,3,4,0,2,3,,N,,,,,,,,,,,
2008043938,516,1,0,0,1,0,0,0,0,0,8,0,,67,1,2008,2,39.971,-75.1557,511.0,6,0,0,0,0,0,0,1,0,,0,0,0,5,3,1,1,,0,39 58:15.000,,0,75 09:20.341,3,0,0,0,67301,1,0,0,N,0,0,0,2,67301,0,,1,1,,N,N,,0,,1,0,0,3.0,2,,509,1,2,0,0,0,0,0,3,4,0,1,3,,N,,,,,,,,,,,
2008069268,1956,0,0,0,0,0,0,0,0,0,8,0,,67,4,2008,3,39.9566,-75.2276,1954.0,6,0,0,0,0,0,0,0,0,,0,0,0,17,1,1,1,,0,39 57:23.850,,0,75 13:39.467,4,0,0,0,67301,1,0,0,N,1,0,0,2,67301,1,,1,1,,N,N,,0,,0,0,0,0.0,0,,1700,1,2,0,0,0,0,0,3,4,0,1,3,,N,,,,,,,,,,,
2008121078,1907,1,0,0,0,0,0,0,0,0,4,0,,67,10,2008,5,40.0595,-75.052,1902.0,6,0,0,0,0,0,0,0,1,1.0,0,0,0,18,3,3,1,,1,40 03:34.391,3.0,0,75 03:07.430,8,0,0,0,67301,0,0,0,N,0,0,0,3,67301,0,,1,1,,N,N,,0,,0,0,1,3.0,2,Y,1842,3,2,0,0,0,3,0,3,4,0,2,3,,N,,,,,,,,,,,
2008069078,2321,2,0,0,0,0,0,0,0,0,1,0,,67,6,2008,4,40.0073,-75.1997,2316.0,6,0,0,1,0,0,0,0,0,,0,0,0,23,2,0,0,,0,40 00:24.118,,0,75 11:53.277,0,0,0,0,67301,0,0,0,N,0,0,0,8,68K01,0,,1,9,,N,N,,0,,0,0,1,0.0,0,,2305,0,3,0,0,0,0,0,3,4,0,3,7,,N,,,,,,,,,,,
2008099220,1934,1,0,0,0,0,0,0,0,0,4,0,,67,6,2008,3,39.9336,-75.1448,1931.0,6,0,0,0,0,0,0,0,0,,0,0,0,19,1,1,1,,0,39 56:00.848,,0,75 08:41.132,3,0,0,1,67301,0,0,0,N,0,0,0,2,67301,0,,1,9,,N,N,,0,,1,0,0,0.0,0,,1931,1,2,0,0,0,0,0,3,4,0,2,3,,N,,,,,,,,,,,
2008099236,1209,1,0,0,0,0,0,0,0,0,8,0,,67,7,2008,7,40.0437,-75.1498,1209.0,6,0,0,0,0,0,0,0,0,,0,0,0,12,1,1,1,,0,40 02:37.165,,0,75 08:59.326,3,0,0,0,67301,1,0,0,N,1,0,0,2,67301,0,,1,1,,N,N,,0,,1,0,0,3.0,2,,1208,1,2,0,0,0,0,0,3,4,0,1,3,,N,,,,,,,,,,,
2008108460,626,2,0,0,0,0,0,0,0,0,4,0,,67,8,2008,5,39.9041,-75.2403,522.0,6,0,0,0,0,0,0,0,0,,0,0,0,5,1,0,1,,0,39 54:14.620,,0,75 14:25.050,9,0,0,0,67301,0,0,0,N,0,0,0,2,67301,0,,1,1,,N,N,,0,,0,0,0,3.0,2,,540,0,2,0,0,0,0,1,3,4,0,2,3,,N,,,,,,,,,,,
2008108478,2150,1,0,0,0,0,0,0,0,0,4,0,,67,8,2008,5,39.9512,-75.1536,2145.0,6,0,0,0,0,0,0,0,0,,0,0,0,21,3,1,2,,0,39 57:04.181,,0,75 09:12.842,8,0,0,0,67301,0,0,0,N,0,0,0,3,67301,0,,1,9,,N,N,,0,,0,0,0,3.0,2,,2130,1,2,0,0,0,1,0,3,4,1,2,7,,N,,,,,,,,,,,
2008101284,622,2,0,0,0,0,0,0,0,0,1,0,,67,8,2008,1,39.9863,-75.0919,609.0,6,0,0,0,0,0,1,0,0,1.0,0,0,0,6,1,0,0,,1,39 59:11.091,1.0,0,75 05:30.231,0,0,0,0,67301,0,0,0,N,0,0,0,2,68K01,0,,1,1,,N,N,,0,,0,0,0,0.0,0,N,606,0,2,0,0,0,0,0,3,4,0,2,3,,N,,,,,,,,,,,
2008101807,1437,1,0,0,0,0,0,0,0,0,1,0,,67,9,2008,6,40.0434,-75.0031,1433.0,6,0,0,0,0,0,0,0,0,,0,0,0,14,1,0,0,,0,40 02:36.701,,0,75 00:11.025,0,0,0,0,67301,0,0,0,N,0,0,0,2,68K01,0,,1,9,,N,N,,0,,0,0,1,0.0,0,,1430,0,2,0,0,0,0,0,3,4,0,2,7,,N,,,,,,,,,,,
2008099058,2155,0,0,0,0,0,0,0,0,0,8,0,,67,6,2008,3,39.9205,-75.2267,2155.0,6,0,0,0,0,0,0,0,0,3.0,0,0,0,21,3,1,0,,2,39 55:13.630,4.0,0,75 13:36.159,4,0,0,0,67301,1,0,0,N,1,0,0,3,67301,1,,1,1,,N,,,0,,0,0,0,0.0,0,Y,2148,1,2,0,0,0,0,0,3,4,1,1,3,,N,,,,,,,,,,,
2008071926,1718,2,0,0,0,0,0,0,0,0,4,0,,67,4,2008,2,40.0915,-75.0324,1715.0,6,0,0,0,0,0,0,0,0,,0,0,0,17,1,1,0,,0,40 05:29.362,,0,75 01:56.576,4,0,0,0,67301,0,0,0,N,0,0,0,2,67301,1,,1,9,,N,N,,0,,0,0,0,0.0,0,,1711,1,2,0,0,1,0,0,3,4,0,2,7,,N,,,,,,,,,,,
2008071928,730,2,0,0,0,0,0,0,0,0,5,0,,67,5,2008,7,40.0083,-75.1564,725.0,6,0,0,0,0,0,0,0,0,,0,0,0,6,1,1,0,,0,40 00:29.934,,0,75 09:23.000,4,0,0,0,67301,0,0,0,N,0,0,0,1,67301,1,,4,1,,N,N,,0,,0,0,1,0.0,0,,645,1,3,0,0,0,0,0,3,4,0,3,3,5.0,N,,,,,,,,,,,
2008082306,2312,3,0,0,0,0,0,0,0,0,1,0,,67,5,2008,6,39.9787,-75.2141,2311.0,6,0,0,0,0,0,2,0,0,,0,0,0,23,3,1,0,,0,39 58:43.478,,1,75 12:50.589,8,0,0,0,67301,0,0,0,N,0,0,0,4,67301,0,,1,1,,N,N,,0,,0,0,0,3.0,2,,2311,1,3,0,0,0,1,0,3,4,0,3,3,,N,,,,,,,,,,,
2008081537,123,1,0,0,0,0,0,0,0,0,7,0,,67,5,2008,1,40.0425,-75.056,121.0,6,0,0,0,0,0,0,0,1,1.0,0,0,0,1,3,0,0,,1,40 02:32.983,1.0,0,75 03:21.639,0,0,0,0,67301,0,0,0,,0,0,0,1,67301,0,,2,1,,,,,0,,0,0,0,0.0,0,N,121,0,1,0,0,0,0,0,3,4,0,1,3,,N,,,,,,,,,,,
2008097433,1950,1,0,0,0,0,0,0,0,0,8,0,,67,7,2008,6,40.0332,-75.0257,1940.0,6,0,0,0,0,0,0,0,0,,0,0,0,19,3,1,2,,0,40 01:59.361,,0,75 01:32.563,4,0,0,0,67301,1,0,0,,1,0,0,2,67301,1,,1,1,,N,N,,0,,0,0,0,0.0,0,,1925,1,2,0,0,0,0,0,3,4,0,1,3,,N,,,,,,,,,,,
2008079199,900,2,0,0,0,0,0,0,0,0,4,0,,67,5,2008,2,39.9738,-75.2582,851.0,6,0,0,0,1,0,1,0,0,,0,0,0,8,1,2,1,,0,39 58:25.680,,0,75 15:29.520,8,0,0,0,67301,0,0,0,,0,0,0,3,67301,0,,1,1,,N,N,,0,,0,0,0,3.0,2,,851,2,2,0,0,0,2,0,3,4,0,2,3,,N,,,,,,,,,,,
2008103358,1500,1,0,0,0,0,0,0,0,0,4,0,,67,7,2008,2,40.0546,-75.125,1451.0,6,0,0,0,0,0,0,1,0,,0,0,0,14,1,1,1,,0,40 03:16.928,,0,75 07:29.497,8,0,0,0,67301,0,0,0,N,0,0,0,2,46102,0,,1,1,,N,N,,0,,0,0,0,3.0,2,,1451,1,2,0,0,0,1,1,3,4,0,2,3,,N,,,,,,,,,,,
2008098472,2110,1,0,0,0,0,0,0,0,0,4,0,,67,7,2008,7,40.0122,-75.1505,2058.0,6,0,0,0,0,0,1,0,0,,0,0,0,20,3,0,1,,0,40 00:44.010,,0,75 09:01.746,0,0,0,0,67301,0,0,0,N,0,0,0,2,67301,0,,1,9,,N,N,,0,,0,0,1,3.0,2,,2000,0,2,0,0,0,0,0,3,4,0,2,3,,N,,,,,,,,,,,
2008096057,1925,1,0,0,0,0,0,0,0,0,8,0,,67,7,2008,5,39.9475,-75.2234,1920.0,6,0,0,0,0,0,0,0,0,,0,0,0,99,4,1,0,,0,39 56:50.986,,0,75 13:24.155,4,0,0,0,67301,1,0,0,,1,0,0,2,67301,1,,1,1,,,,,0,,0,0,0,0.0,0,,9999,1,2,0,0,0,0,0,3,4,0,1,3,,N,,,,,,,,,,,
2008078888,1728,1,0,0,0,0,0,0,0,0,8,0,,67,5,2008,6,39.9616,-75.2245,1727.0,6,0,0,0,0,0,0,0,0,,0,0,0,17,1,1,1,,0,39 57:41.400,,0,75 13:28.200,4,0,0,0,67301,1,0,0,N,1,0,0,2,67301,1,,1,1,,N,N,,0,,0,0,0,3.0,2,,1725,1,2,0,0,0,0,1,3,4,0,1,3,,N,,,,,,,,,,,
2008133286,1315,2,0,0,0,0,0,0,0,0,1,0,,67,10,2008,7,40.079,-75.2261,1300.0,6,0,0,1,0,0,1,0,0,,0,0,0,12,1,1,1,,0,40 04:44.332,,0,75 13:34.097,8,0,0,0,67301,0,0,0,,0,0,0,3,67301,0,,1,9,,,,,0,,0,0,0,3.0,3,,1230,1,2,0,0,0,1,0,3,4,0,2,7,,N,,,,,,,,,,,
2008133289,31,1,0,0,0,0,0,0,0,0,7,0,,67,11,2008,2,39.9298,-75.154,31.0,6,0,0,1,0,0,0,0,0,,0,0,0,0,3,0,0,,0,39 55:47.395,,0,75 09:14.446,0,0,0,0,67301,0,0,0,,0,0,0,1,67301,0,,1,1,,,,,0,,0,0,1,0.0,0,,31,0,2,0,0,1,0,0,3,4,0,2,3,,N,,,,,,,,,,,
2008133305,2030,1,0,0,0,0,0,0,0,0,8,0,,67,10,2008,6,39.9549,-75.2087,2024.0,6,0,0,0,0,0,0,0,0,,0,0,0,12,1,1,1,,0,39 57:17.576,,0,75 12:31.268,4,0,0,0,67301,1,0,0,N,1,0,0,2,67301,1,,1,1,,N,N,,0,,0,0,0,3.0,2,,1230,1,2,0,0,0,0,1,3,4,0,1,3,,N,,,,,,,,,,,
2008129519,1928,1,0,0,0,0,0,0,0,0,7,0,,67,9,2008,1,40.0475,-75.1428,1924.0,6,0,0,0,0,0,0,0,0,3.0,0,0,0,17,1,2,1,,1,40 02:50.961,4.0,0,75 08:34.014,3,0,0,0,67301,0,0,0,N,0,0,0,2,67301,0,,3,1,,N,N,,0,,1,0,0,0.0,0,N,1720,2,1,0,0,0,1,0,3,4,0,1,3,,N,,,,,,,,,,,
2008133935,2240,0,0,0,0,0,0,0,0,0,7,0,,67,11,2008,7,39.9135,-75.1482,2224.0,6,0,0,0,0,0,0,0,0,,0,0,0,22,3,0,0,,0,39 54:49.320,,0,75 08:53.160,0,0,0,0,67301,0,0,0,Y,0,0,0,1,68K01,0,,2,9,,N,N,,0,,0,0,1,0.0,0,,2219,0,1,0,0,0,0,0,3,4,0,1,7,,N,,,,,,,,,,,
2008123716,1945,0,0,0,0,0,0,0,0,0,8,0,,67,9,2008,5,39.9971,-75.1012,1941.0,6,0,0,0,0,0,0,0,0,,0,0,0,99,3,1,0,,0,39 59:49.477,,0,75 06:04.381,4,0,0,0,67301,1,0,0,,1,0,0,2,67301,1,,1,1,,N,N,,0,,0,0,0,0.0,0,,9999,1,2,0,0,0,0,0,3,4,0,1,3,,N,,,,,,,,,,,