CRN,ARRIVAL_TM,AUTOMOBILE_COUNT,BELTED_DEATH_COUNT,BELTED_SUSP_SERIOUS_INJ_COUNT,BICYCLE_COUNT,BICYCLE_DEATH_COUNT,BICYCLE_SUSP_SERIOUS_INJ_COUNT,BUS_COUNT,CHLDPAS_DEATH_COUNT,CHLDPAS_SUSP_SERIOUS_INJ_COUNT,COLLISION_TYPE,COMM_VEH_COUNT,CONS_ZONE_SPD_LIM,COUNTY,CRASH_MONTH,CRASH_YEAR,DAY_OF_WEEK,DEC_LAT,DEC_LONG,DISPATCH_TM,DISTRICT,DRIVER_COUNT_16YR,DRIVER_COUNT_17YR,DRIVER_COUNT_18YR,DRIVER_COUNT_19YR,DRIVER_COUNT_20YR,DRIVER_COUNT_50_64YR,DRIVER_COUNT_65_74YR,DRIVER_COUNT_75PLUS,EST_HRS_CLOSED,FATAL_COUNT,HEAVY_TRUCK_COUNT,HORSE_BUGGY_COUNT,HOUR_OF_DAY,ILLUMINATION,INJURY_COUNT,INTERSECT_TYPE,INTERSECTION_RELATED,LANE_CLOSED,LATITUDE,LN_CLOSE_DIR,LOCATION_TYPE,LONGITUDE,MAX_SEVERITY_LEVEL,MCYCLE_DEATH_COUNT,MCYCLE_SUSP_SERIOUS_INJ_COUNT,MOTORCYCLE_COUNT,MUNICIPALITY,NONMOTR_COUNT,NONMOTR_DEATH_COUNT,NONMOTR_SUSP_SERIOUS_INJ_COUNT,NTFY_HIWY_MAINT,PED_COUNT,PED_DEATH_COUNT,PED_SUSP_SERIOUS_INJ_COUNT,PERSON_COUNT,POLICE_AGCY,POSSIBLE_INJ_COUNT,RDWY_SURF_TYPE_CD,RELATION_TO_ROAD,ROAD_CONDITION,ROADWAY_CLEARED,SCH_BUS_IND,SCH_ZONE_IND,SECONDARY_CRASH,SMALL_TRUCK_COUNT,SPEC_JURIS_CD,SUSP_MINOR_INJ_COUNT,SUSP_SERIOUS_INJ_COUNT,SUV_COUNT,TCD_FUNC_CD,TCD_TYPE,TFC_DETOUR_IND,TIME_OF_DAY,TOT_INJ_COUNT,TOTAL_UNITS,UNB_DEATH_COUNT,UNB_SUSP_SERIOUS_INJ_COUNT,UNBELTED_OCC_COUNT,UNK_INJ_DEG_COUNT,UNK_INJ_PER_COUNT,URBAN_AREA,URBAN_RURAL,VAN_COUNT,VEHICLE_COUNT,WEATHER1,WEATHER2,WORK_ZONE_IND,WORK_ZONE_LOC,WORK_ZONE_TYPE,WORKERS_PRES,WZ_CLOSE_DETOUR,WZ_FLAGGER,WZ_LAW_OFFCR_IND,WZ_LN_CLOSURE,WZ_MOVING,WZ_OTHER,WZ_SHLDER_MDN,WZ_WORKERS_INJ_KILLED
2008119221,1859,1,0,0,0,0,0,0,0,0,4,0,,67,9,2008,7,39.979,-75.1712,1855.0,6,0,0,0,0,0,0,0,0,2.0,0,0,0,18,1,3,2,,1,39 58:44.220,4.0,0,75 10:16.237,3,0,0,0,67301,0,0,0,,0,0,0,4,67301,2,,1,1,,,,,0,,1,0,1,3.0,2,N,1850,3,2,0,0,0,0,0,3,4,0,2,3,,N,,,,,,,,,,,
2008119228,1650,0,0,0,0,0,0,0,0,0,1,0,,67,9,2008,3,40.0764,-75.195,1640.0,6,0,0,0,0,0,2,0,0,,0,0,0,16,1,1,1,,0,40 04:35.197,,0,75 11:42.090,3,0,0,0,67301,0,0,0,N,0,0,0,3,67301,0,,1,1,,,N,,0,,1,0,2,3.0,3,,1625,1,2,0,0,0,0,0,3,4,0,2,3,,N,,,,,,,,,,,
2008071638,240,3,0,0,0,0,0,0,0,0,1,0,,67,4,2008,2,39.935,-75.1427,235.0,6,0,0,0,0,0,0,0,0,,0,0,0,2,3,4,5,,0,39 56:05.853,,0,75 08:33.775,8,0,0,0,67301,0,0,0,,0,0,0,5,67301,0,,2,9,,,,,0,,0,0,0,9.0,2,,230,4,3,0,0,1,4,0,3,4,0,3,7,,N,,,,,,,,,,,
2008071643,1955,1,0,0,0,0,0,0,0,0,8,0,,67,2,2008,6,39.963,-75.1584,1955.0,6,0,0,0,0,0,0,0,0,,0,0,0,19,3,1,1,,0,39 57:46.921,,0,75 09:30.342,4,0,0,0,67301,1,0,0,N,1,0,0,2,67301,1,,1,1,,N,N,,0,,0,0,0,3.0,2,,1950,1,2,0,0,1,0,0,3,4,0,1,3,,N,,,,,,,,,,,
2008097845,1845,1,0,0,0,0,0,0,0,0,1,0,,67,7,2008,3,40.0054,-75.109,1807.0,6,0,0,0,0,0,0,0,0,,0,0,0,17,1,1,0,,0,40 00:19.386,,0,75 06:32.415,4,0,0,0,67301,0,0,0,N,0,0,0,2,67301,1,,1,1,,N,N,,0,,0,0,1,0.0,0,,1710,1,2,0,0,0,0,0,3,4,0,2,3,,N,,,,,,,,,,,
2008095679,1705,2,0,0,0,0,0,0,0,0,1,0,,67,7,2008,1,40.086,-75.2304,1701.0,6,0,0,0,1,0,0,0,0,2.0,0,0,0,16,1,1,0,,1,40 05:09.503,2.0,0,75 13:49.342,8,0,0,0,67301,0,0,0,N,0,0,0,5,67301,0,,1,1,,N,N,,0,,0,0,0,0.0,0,N,1645,1,2,0,0,0,1,0,3,4,0,2,3,,N,,,,,,,,,,,
2008097941,458,1,0,0,0,0,0,0,0,0,7,0,,67,4,2008,7,40.0064,-75.2006,452.0,6,0,0,0,0,0,0,0,0,,0,0,0,4,3,0,0,,0,40 00:23.199,,0,75 12:02.277,9,0,0,0,67301,0,0,0,N,0,0,0,1,67301,0,,2,9,,N,N,,0,,0,0,0,0.0,0,,452,0,1,0,0,0,0,1,3,4,0,1,7,,N,,,,,,,,,,,
2008095457,320,1,0,0,0,0,0,0,0,0,8,0,,67,6,2008,5,39.9011,-75.1567,317.0,6,0,0,0,1,0,0,0,0,,0,0,0,3,2,1,0,,0,39 54:03.782,,0,75 09:24.232,3,0,0,0,67301,1,0,0,N,1,0,0,2,67301,0,,1,9,,N,N,,0,,1,0,0,0.0,0,,315,1,2,0,0,0,0,0,3,4,0,1,7,,N,,,,,,,,,,,
2008095467,1826,2,0,0,0,0,0,0,0,0,4,0,,67,7,2008,6,39.9966,-75.1589,1820.0,6,0,0,0,0,0,0,1,1,,0,0,0,18,1,1,2,,0,39 59:47.792,,0,75 09:32.111,4,0,0,0,67301,0,0,0,N,0,0,0,4,67301,1,,1,1,,N,N,,0,,0,0,0,0.0,0,,1810,1,2,0,0,0,0,0,3,4,0,2,3,,N,,,,,,,,,,,
2008088212,1820,2,0,0,0,0,0,0,0,0,5,0,,67,5,2008,7,39.9523,-75.1754,1813.0,6,0,0,0,0,0,0,0,0,,0,0,0,18,1,1,0,,0,39 57:08.279,,0,75 10:31.569,4,0,0,0,67301,0,0,0,N,0,0,0,4,67301,1,,1,1,,N,N,,0,,0,0,0,3.0,2,,1805,1,2,0,0,0,0,0,3,4,0,2,3,,N,,,,,,,,,,,
2008095334,1031,0,0,0,0,0,0,0,0,0,4,0,,67,6,2008,2,40.051,-75.0982,957.0,6,0,0,0,0,0,0,0,0,1.0,0,0,0,9,1,3,1,,2,40 03:03.758,6.0,0,75 05:53.505,4,0,0,0,67301,0,0,0,N,0,0,0,4,67301,3,,1,1,,N,N,,1,,0,0,0,0.0,0,Y,957,3,2,0,0,0,0,0,3,4,1,2,3,,N,,,,,,,,,,,
2008088692,1522,2,0,0,0,0,0,0,0,0,1,0,,67,5,2008,7,40.0272,-75.1512,1517.0,6,0,0,0,0,0,0,0,0,,0,0,0,15,1,1,1,,0,40 01:37.801,,0,75 09:04.478,8,0,0,0,67301,0,0,0,N,0,0,0,3,67301,0,,1,9,,N,N,,0,,0,0,0,3.0,2,,1512,1,2,0,0,0,1,2,3,4,0,2,7,,N,,,,,,,,,,,
2008097563,2002,1,0,0,0,0,0,0,0,0,4,0,,67,7,2008,1,39.9736,-75.2099,2000.0,6,0,0,0,0,0,1,0,0,,0,0,0,19,4,0,2,,0,39 58:24.815,,0,75 12:35.304,0,0,0,0,67301,0,0,0,N,0,0,0,4,67301,0,,1,1,,N,N,,0,,0,0,1,3.0,2,,1940,0,2,0,0,0,0,0,3,4,0,2,3,,N,,,,,,,,,,,
2008097574,736,4,0,0,0,0,0,0,0,0,5,0,,67,7,2008,7,39.9686,-75.2359,730.0,6,0,0,0,0,0,0,0,0,,0,0,0,7,1,1,0,,0,39 58:06.946,,0,75 14:09.186,4,0,0,0,67301,0,0,0,,0,0,0,1,67301,1,,2,1,,,,,0,,0,0,0,0.0,0,,730,1,4,0,0,0,0,0,3,4,0,4,3,,N,,,,,,,,,,,
2008087979,1230,2,0,0,0,0,0,0,0,0,6,0,,67,6,2008,7,39.9328,-75.1864,1224.0,6,0,0,0,0,0,0,0,0,,0,0,0,12,1,1,1,,0,39 55:58.105,,0,75 11:11.075,8,0,0,0,67301,0,0,0,N,0,0,0,2,67301,0,,1,1,,,,,0,,0,0,0,0.0,0,,1220,1,2,0,0,0,1,1,3,4,0,2,3,,N,,,,,,,,,,,
2008087994,1400,2,0,0,0,0,0,0,0,0,1,0,,67,6,2008,5,40.0504,-75.1531,425.0,6,0,0,0,0,0,0,0,0,,0,0,0,14,1,4,1,,0,40 03:01.414,,0,75 09:11.224,3,0,0,0,67301,0,0,0,N,0,0,0,6,67301,1,,1,1,,N,N,,1,,3,0,0,3.0,3,,1400,4,3,0,0,0,0,0,3,4,0,3,3,,N,,,,,,,,,,,
2008098605,9999,2,0,0,0,0,0,0,0,0,1,0,,67,6,2008,7,40.0085,-75.0915,9999.0,6,0,0,0,0,0,1,0,0,,0,0,0,99,1,2,1,,0,40 00:30.567,,0,75 05:29.407,8,0,0,0,67301,0,0,0,N,0,0,0,5,67301,0,,1,1,,N,N,,0,,0,0,1,3.0,2,,9999,2,3,0,0,0,2,0,3,4,0,3,3,,N,,,,,,,,,,,
2008098669,1209,2,0,0,0,0,0,0,0,0,4,0,,67,6,2008,7,40.0654,-75.0835,1208.0,6,0,0,0,0,0,0,0,0,1.0,0,0,0,12,1,1,5,,2,40 03:55.080,1.0,0,75 05:00.600,3,0,0,0,67301,0,0,0,N,0,0,0,4,67301,0,,1,1,,N,N,,0,,1,0,0,3.0,2,Y,1205,1,2,0,0,0,0,0,3,4,0,2,3,,N,,,,,,,,,,,
2008121246,715,3,0,0,0,0,0,0,0,0,4,0,,67,9,2008,4,40.0445,-75.1931,710.0,6,0,0,0,0,0,0,0,0,,0,0,0,7,1,2,1,,0,40 02:40.302,,0,75 11:35.236,4,0,0,0,67301,0,0,0,N,0,0,0,3,67301,1,,1,1,,N,N,,0,,0,0,0,2.0,2,,710,2,3,0,0,0,1,0,3,4,0,3,3,,N,,,,,,,,,,,
2008082138,740,3,0,0,0,0,0,0,0,0,1,0,,67,5,2008,6,,,732.0,6,0,0,0,0,0,1,0,0,,0,0,0,7,1,1,0,,0,,,0,,4,0,0,0,67301,0,0,0,,0,0,0,3,67301,1,,1,9,,,,,0,,0,0,0,0.0,0,,728,1,3,0,0,0,0,0,3,3,0,3,7,,N,,,,,,,,,,,
2008109627,2312,1,0,0,0,0,0,0,0,0,7,0,,67,9,2008,5,39.9818,-75.2073,2310.0,6,0,0,0,0,0,0,0,0,,0,0,0,23,3,1,0,,0,39 58:58.669,,0,75 12:28.493,4,0,0,0,67301,0,0,0,N,0,0,0,1,68K01,1,,4,9,,N,N,,0,,0,0,0,0.0,0,,2310,1,1,0,0,0,0,0,3,4,0,1,7,,N,,,,,,,,,,,
2008082217,840,2,0,0,0,0,0,0,0,0,4,0,,67,5,2008,3,39.9756,-75.2076,837.0,6,0,0,0,0,0,0,0,0,,0,0,0,8,1,2,0,,0,39 58:32.127,,0,75 12:27.186,3,0,0,0,67301,0,0,0,N,0,0,0,2,67301,0,,1,1,,N,N,,0,,2,0,0,0.0,0,,825,2,2,0,0,0,0,0,3,4,0,2,3,,N,,,,,,,,,,,
2008072859,1208,0,0,0,0,0,0,0,0,0,1,0,,67,4,2008,3,40.0687,-75.1641,1206.0,6,0,0,0,0,0,0,1,0,,0,0,0,12,1,1,1,,0,40 04:07.205,,0,75 09:50.797,4,0,0,0,67301,0,0,0,N,0,0,0,4,67301,1,,1,1,,N,N,,1,,0,0,1,3.0,2,,1202,1,2,0,0,0,0,0,3,4,0,2,3,,N,,,,,,,,,,,
2008079057,1441,0,0,0,0,0,0,0,0,0,1,0,,67,5,2008,6,39.9909,-75.1016,1439.0,6,0,0,0,0,0,2,0,0,,0,0,0,14,1,1,1,,0,39 59:27.240,,0,75 06:05.760,8,0,0,0,67301,0,0,0,N,0,0,0,2,67301,0,,1,1,,N,N,,2,,0,0,0,3.0,2,,1400,1,2,0,0,0,1,0,3,4,0,2,3,,N,,,,,,,,,,,
2008079090,1500,0,0,0,0,0,0,0,0,0,8,0,,67,5,2008,4,40.0086,-75.0835,1450.0,6,0,0,0,0,0,0,0,0,,0,0,0,14,1,1,1,,0,40 00:30.467,,0,75 05:01.943,4,0,0,0,67301,1,0,0,,1,0,0,2,67301,1,,1,1,,N,N,,0,,0,0,0,3.0,2,,1436,1,2,0,0,0,0,0,3,4,1,1,3,,N,,,,,,,,,,,
2008079095,1558,1,0,0,0,0,0,0,0,0,8,0,,67,5,2008,2,39.9986,-75.1058,1553.0,6,0,0,0,0,0,0,1,0,,0,0,0,14,1,1,0,,0,39 59:54.849,,0,75 06:20.792,3,0,0,0,67301,1,0,0,,1,0,0,2,67301,0,,1,1,,N,N,,0,,1,0,0,0.0,0,,1400,1,2,0,0,0,0,0,3,4,0,1,3,,N,,,,,,,,,,,
2008097410,1920,0,0,0,0,0,0,0,0,0,7,0,,67,5,2008,4,39.9612,-75.2067,1904.0,6,0,0,0,0,0,0,0,0,3.0,0,0,0,17,1,2,2,,1,39 57:40.384,2.0,0,75 12:24.080,4,0,0,0,67301,0,0,0,N,0,0,0,2,67301,2,,5,1,,N,N,,1,,0,0,0,3.0,3,Y,1704,2,1,0,0,2,0,0,3,4,0,1,3,,N,,,,,,,,,,,
2008097454,2100,1,0,0,1,0,0,0,0,0,4,0,,67,7,2008,1,39.9542,-75.1698,2058.0,6,0,0,0,0,0,1,0,0,,0,0,0,20,3,1,1,,0,39 57:15.094,,0,75 10:11.174,3,0,0,0,67301,1,0,0,N,0,0,0,2,67301,0,,1,1,,N,N,,0,,1,0,0,3.0,2,,2050,1,2,0,0,0,0,0,3,4,0,1,3,,N,,,,,,,,,,,
2008097464,1139,1,0,0,0,0,0,0,0,0,8,0,,67,7,2008,6,40.0063,-75.144,1136.0,6,0,0,0,0,0,0,0,0,,0,0,0,11,1,1,0,,0,40 00:22.618,,0,75 08:38.443,4,0,0,0,67301,1,0,0,N,1,0,0,2,67301,1,,1,1,,N,N,,0,,0,0,0,0.0,0,,1132,1,2,0,0,0,0,0,3,4,0,1,3,,N,,,,,,,,,,,
2008079123,721,2,0,0,0,0,0,0,0,0,1,0,,67,3,2008,4,40.0571,-75.129,721.0,6,0,0,0,0,0,0,0,0,1.0,0,0,0,99,1,1,1,,1,40 03:25.673,4.0,0,75 07:44.331,8,0,0,0,67301,0,0,0,N,0,0,0,2,46102,0,,1,9,,N,N,,0,,0,0,0,3.0,2,N,9999,1,2,0,0,0,1,0,3,4,0,2,7,,N,,,,,,,,,,,
2008108383,1647,0,0,0,0,0,0,0,0,0,1,0,,67,8,2008,3,40.0137,-75.1249,1645.0,6,0,0,0,0,0,0,0,0,,0,0,0,14,1,1,0,,0,40 00:49.359,,0,75 07:29.467,8,0,0,0,67301,0,0,0,N,0,0,0,3,67301,0,,1,1,,N,N,,0,,0,0,0,0.0,0,,1400,1,2,0,0,0,1,0,3,4,2,2,3,,N,,,,,,,,,,,
2008094808,1955,1,0,0,0,0,0,0,0,0,8,0,,67,5,2008,6,40.0358,-75.1747,1955.0,6,0,0,0,0,0,1,0,0,,0,0,0,19,1,1,1,,0,40 02:08.965,,0,75 10:29.001,4,0,0,0,67301,1,0,0,,1,0,0,2,67301,1,,1,1,,,,,0,,0,0,0,3.0,2,,1955,1,2,0,0,0,0,0,3,4,0,1,3,,N,,,,,,,,,,,
2008094397,306,1,0,0,0,0,0,0,0,0,1,1,90.0,67,5,2008,5,40.0465,-75.0014,306.0,6,0,0,0,0,0,1,0,0,1.0,0,1,0,3,3,0,0,,2,40 02:48.760,2.0,0,75 00:03.719,0,0,0,0,67301,0,0,0,N,0,0,0,2,68K01,0,,1,1,,N,N,,0,,0,0,0,0.0,0,N,304,0,2,0,0,0,0,0,3,4,0,2,3,,Y,4.0,1.0,Y,N,N,Y,Y,N,N,N,
2008079179,2143,1,0,0,0,0,0,0,0,0,1,0,,67,5,2008,7,40.0827,-75.0321,2140.0,6,0,0,0,0,0,1,0,0,2.0,0,0,0,21,3,0,1,,1,40 04:57.634,3.0,0,75 01:55.598,9,0,0,0,67301,0,0,0,,0,0,0,3,67301,0,,1,9,,N,N,,0,,0,0,1,3.0,2,N,2132,0,2,0,0,0,0,1,3,4,0,2,7,,N,,,,,,,,,,,
2008079218,1150,1,0,0,0,0,0,0,0,0,2,0,,67,4,2008,4,39.9486,-75.1778,1146.0,6,0,0,0,0,0,0,0,0,,0,0,0,11,1,3,2,,0,39 56:54.996,,0,75 10:40.173,2,0,0,0,67301,0,0,0,,0,0,0,3,67301,0,,1,1,,,,,1,,2,1,0,3.0,2,,1146,3,2,0,0,0,0,0,3,4,0,2,3,,N,,,,,,,,,,,
2008100887,1332,1,0,0,0,0,0,1,0,0,2,1,,67,6,2008,5,39.9177,-75.1777,1331.0,6,0,0,0,0,0,0,0,1,,0,0,0,13,1,5,1,,0,39 55:03.752,,0,75 10:39.799,4,0,0,0,67301,0,0,0,N,0,0,0,6,67301,5,,1,1,,N,N,,0,,0,0,0,3.0,2,,1328,5,2,0,0,0,0,0,3,4,0,2,3,,N,,,,,,,,,,,
2008098414,1200,0,0,0,0,0,0,0,0,0,1,0,,67,7,2008,5,40.037,-75.069,1156.0,6,0,0,0,0,0,0,0,0,1.0,0,0,0,11,1,2,0,,1,40 02:13.196,1.0,0,75 04:08.460,4,0,0,0,67301,0,0,0,N,0,0,0,2,67301,2,,6,1,,N,N,,0,,0,0,1,0.0,0,N,1150,2,2,0,0,0,0,0,3,4,1,2,3,,N,,,,,,,,,,,
2008116122,614,1,0,0,0,0,0,0,0,0,7,0,,67,10,2008,4,39.9567,-75.1423,608.0,6,0,0,0,0,0,1,0,0,1.0,0,0,0,6,3,1,0,,2,39 57:25.739,2.0,2,75 08:38.260,4,0,0,0,67301,0,0,0,N,0,0,0,1,68K01,1,,2,1,,N,N,,0,,0,0,0,0.0,0,N,603,1,1,0,0,1,0,0,3,4,0,1,3,,N,,,,,,,,,,,
2008136724,7,1,0,0,0,0,0,0,0,0,0,0,,67,12,2008,5,39.9348,-75.1999,2352.0,6,0,0,0,0,0,1,0,0,2.0,0,0,0,23,3,1,0,,1,39 56:01.680,3.0,0,75 12:00.000,4,0,0,0,67301,0,0,0,N,0,0,0,1,68K01,1,,1,9,,N,N,,0,,0,0,0,0.0,0,N,2351,1,1,0,0,0,0,0,3,4,0,1,7,,N,,,,,,,,,,,
2008119385,0,2,0,0,0,0,0,0,0,0,4,0,,67,7,2008,3,39.9918,-75.1482,0.0,6,0,0,0,0,0,0,0,0,,0,0,0,10,1,1,0,,0,39 59:30.379,,0,75 08:53.481,3,0,0,0,67301,0,0,0,N,0,0,0,2,00000,0,,1,1,,N,N,,0,,1,0,0,0.0,0,,1000,1,2,0,0,0,0,0,3,4,0,2,3,,N,,,,,,,,,,,
2008134005,1706,1,0,0,1,0,1,1,0,0,5,1,,67,10,2008,6,39.9422,-75.1659,1706.0,6,0,0,0,0,0,0,0,0,9.0,0,0,0,17,1,1,0,,1,39 56:31.999,1.0,0,75 09:57.113,2,0,0,0,67301,1,0,1,N,0,0,0,2,67301,0,,1,1,,N,N,,0,,0,1,0,0.0,0,N,1700,1,3,0,0,0,0,0,3,4,0,2,3,,N,,,,,,,,,,,
2008119247,1440,0,0,0,0,0,0,0,0,0,4,0,,67,9,2008,1,39.9702,-75.145,1432.0,6,0,0,0,0,0,1,0,0,,0,0,0,14,1,1,1,,0,39 58:12.817,,0,75 08:41.997,4,0,0,0,67301,0,0,0,N,0,0,0,3,67301,1,,1,1,,N,N,,0,,0,0,1,3.0,2,,1432,1,2,0,0,3,0,0,3,4,1,2,3,,N,,,,,,,,,,,
2008119261,1640,1,0,0,0,0,0,0,0,0,4,0,,67,10,2008,4,40.0171,-75.1513,1633.0,6,0,0,0,0,0,1,1,0,,0,0,0,16,1,2,1,,0,40 01:01.680,,0,75 09:04.533,4,0,0,0,67301,0,0,0,,0,0,0,3,67301,2,,1,1,,,,,0,,0,0,1,3.0,2,,1633,2,2,0,0,0,0,0,3,4,0,2,3,,N,,,,,,,,,,,
2008133574,30,1,0,0,0,0,0,0,0,0,8,0,,67,10,2008,7,40.0294,-75.143,30.0,6,0,0,0,0,0,1,0,0,,0,0,0,22,2,1,0,,0,40 01:45.688,,0,75 08:34.699,8,0,0,0,67301,1,0,0,,1,0,0,2,67301,0,,1,1,,N,N,,0,,0,0,0,0.0,0,,2200,1,2,0,0,1,1,0,3,4,0,1,3,,N,,,,,,,,,,,
2008133627,723,0,0,0,0,0,0,1,0,0,8,1,,67,11,2008,4,40.0353,-75.1214,720.0,6,0,0,0,0,0,1,0,0,,0,0,0,7,1,1,1,,0,40 02:06.975,,0,75 07:17.099,8,0,0,0,67301,1,0,0,N,1,0,0,2,67301,0,,1,1,,N,N,,0,,0,0,0,3.0,2,,713,1,2,0,0,0,1,0,3,4,0,1,3,,N,,,,,,,,,,,
2008087640,2127,1,0,0,0,0,0,0,0,0,3,0,,67,5,2008,6,40.054,-75.236,2124.0,6,0,0,0,0,0,1,0,0,,0,0,0,21,3,2,0,,0,40 03:13.239,,7,75 14:09.957,3,0,0,0,67301,0,0,0,N,0,0,0,2,67301,0,,9,1,,N,N,,0,,2,0,1,0.0,0,,2124,2,2,0,0,0,0,0,3,4,0,2,3,,N,,,,,,,,,,,
2008097976,817,0,0,0,0,0,0,0,0,0,2,0,,67,6,2008,5,40.0992,-74.9954,811.0,6,0,0,0,0,0,0,0,0,2.0,0,0,0,8,1,1,1,,1,40 05:57.235,2.0,0,74 59:43.576,8,0,0,0,67301,0,0,0,N,0,0,0,2,67301,0,,1,1,,N,N,,0,,0,0,1,3.0,2,N,811,1,2,0,0,0,1,0,3,4,1,2,3,,N,,,,,,,,,,,
2008097980,1414,4,0,0,0,0,0,0,0,0,1,0,,67,6,2008,7,40.0482,-75.1441,1412.0,6,0,0,0,1,0,1,0,0,2.0,0,0,0,14,1,3,0,,2,40 02:53.430,6.0,0,75 08:38.640,4,0,0,0,67301,0,0,0,N,0,0,0,4,67301,3,,1,1,,N,N,,0,,0,0,0,2.0,2,Y,1412,3,4,0,0,0,0,0,3,4,0,4,3,,N,,,,,,,,,,,
2008095552,2205,2,0,0,0,0,0,0,0,0,1,0,,67,7,2008,2,39.9027,-75.1522,2203.0,6,0,0,0,0,0,1,0,0,,0,0,0,21,3,2,2,,0,39 54:09.565,,0,75 09:08.096,4,0,0,0,67301,0,0,0,,0,0,0,3,67301,2,,1,1,,,,,0,,0,0,0,0.0,0,,2155,2,2,0,0,0,0,0,3,4,0,2,3,,N,,,,,,,,,,,
2008095596,9999,1,0,0,0,0,0,0,0,0,3,1,,67,6,2008,2,39.9508,-75.1638,9999.0,6,0,0,0,0,0,0,0,0,,0,1,0,13,1,1,0,,0,39 57:02.888,,0,75 09:49.825,4,0,0,0,67301,0,0,0,N,0,0,0,3,67301,1,,1,1,,N,N,,0,,0,0,0,0.0,0,,1300,1,2,0,0,0,0,0,3,4,0,2,3,,N,,,,,,,,,,,
2008088417,1748,2,0,0,0,0,0,0,0,0,4,0,,67,6,2008,1,40.0189,-75.1472,1745.0,6,0,0,0,0,0,0,0,0,,0,0,0,17,1,1,1,,0,40 01:08.217,,0,75 08:49.392,4,0,0,0,67301,0,0,0,N,0,0,0,2,67301,1,,1,1,,N,N,,0,,0,0,0,3.0,2,,1745,1,2,0,0,0,0,1,3,4,0,2,3,,N,,,,,,,,,,,
2008095271,2345,2,0,0,0,0,0,0,0,0,5,0,,67,6,2008,2,39.9578,-75.2193,2340.0,6,0,0,0,0,0,1,0,0,,0,0,0,16,1,1,1,,0,39 57:27.900,,0,75 13:09.320,4,0,0,0,67301,0,0,0,N,0,0,0,3,67301,1,,1,1,,N,N,,0,,0,0,0,0.0,0,,1630,1,2,0,0,0,0,0,3,4,0,2,3,,N,,,,,,,,,,,
2008088195,1943,0,0,0,0,0,0,0,0,0,8,0,,67,6,2008,6,39.9739,-75.2182,1939.0,6,0,0,0,0,0,0,0,0,,0,0,0,19,1,1,0,,0,39 58:26.158,,0,75 13:05.624,4,0,0,0,67301,1,0,0,,1,0,0,2,67301,1,,1,9,,N,N,,0,,0,0,0,0.0,0,,1917,1,2,0,0,0,0,0,3,4,1,1,3,,N,,,,,,,,,,,
2008095335,1515,1,0,0,0,0,0,0,0,0,4,0,,67,7,2008,4,40.085,-74.9733,1508.0,6,0,0,0,0,0,0,0,0,,0,0,0,15,1,0,0,,0,40 05:05.640,,0,74 58:23.880,0,0,0,0,67301,0,0,0,N,0,0,0,2,67301,0,,1,9,,N,N,,1,,0,0,0,0.0,0,,1500,0,2,0,0,0,0,0,3,4,0,2,7,,N,,,,,,,,,,,
2008087969,40,2,0,0,0,0,0,0,0,0,1,0,,67,6,2008,7,40.0076,-75.1515,37.0,6,0,0,0,0,0,1,0,0,,0,0,0,0,3,2,0,,0,40 00:27.272,,0,75 09:05.386,3,0,0,0,67301,0,0,0,,0,0,0,3,67301,0,,1,1,,,,,0,,2,0,0,3.0,2,,27,2,2,0,0,0,0,0,3,4,0,2,3,,N,,,,,,,,,,,
2008087987,1341,2,0,0,0,0,0,0,0,0,1,0,,67,5,2008,7,39.995,-75.1625,1330.0,6,0,0,0,0,0,0,0,0,,0,0,0,13,1,1,2,,0,39 59:41.859,,0,75 09:44.988,8,0,0,0,67301,0,0,0,,0,0,0,5,67301,0,,1,9,,,,,0,,0,0,0,3.0,3,,1330,1,2,0,0,0,1,4,3,4,0,2,7,,N,,,,,,,,,,,
2008088015,1230,1,0,0,0,0,0,0,0,0,1,0,,67,6,2008,6,40.0323,-75.0456,1225.0,6,0,0,0,0,0,0,0,0,,0,0,0,12,1,2,1,,0,40 01:56.128,,0,75 02:44.077,8,0,0,0,67301,0,0,0,,0,0,0,3,67301,0,,1,1,,,,,0,,0,0,1,3.0,2,,1225,2,2,0,0,0,2,0,3,4,0,2,3,,N,,,,,,,,,,,
2008088020,2259,2,0,0,0,0,0,0,0,0,4,0,,67,6,2008,3,39.9445,-75.1642,2257.0,6,0,0,0,0,0,0,0,0,1.0,0,0,0,22,3,3,1,,1,39 56:40.315,2.0,0,75 09:50.965,8,0,0,0,67301,0,0,0,,0,0,0,3,67301,0,,1,9,,N,N,,1,,0,0,1,3.0,3,Y,2256,3,4,0,0,0,3,0,3,4,0,4,7,,N,,,,,,,,,,,
2008088080,2010,0,0,0,0,0,0,0,0,0,8,0,,67,6,2008,7,39.9904,-75.1387,2008.0,6,0,0,0,0,0,0,0,0,,0,0,0,20,1,1,0,,0,39 59:25.580,,0,75 08:19.212,4,0,0,1,67301,1,0,0,,1,0,0,2,67301,1,,1,9,,,,,0,,0,0,0,0.0,0,,2008,1,2,0,0,0,0,0,3,4,0,1,3,,N,,,,,,,,,,,
2008108944,947,1,0,0,0,0,0,0,0,0,4,0,,67,8,2008,5,40.0256,-75.1223,943.0,6,0,0,0,0,0,0,0,0,,0,0,0,9,1,2,1,,0,40 01:32.332,,0,75 07:20.187,4,0,0,0,67301,0,0,0,,0,0,0,2,67301,2,,1,1,,,,,1,,0,0,0,0.0,0,,943,2,2,0,0,0,0,0,3,4,0,2,3,,N,,,,,,,,,,,