CRN,ARRIVAL_TM,AUTOMOBILE_COUNT,BELTED_DEATH_COUNT,BELTED_SUSP_SERIOUS_INJ_COUNT,BICYCLE_COUNT,BICYCLE_DEATH_COUNT,BICYCLE_SUSP_SERIOUS_INJ_COUNT,BUS_COUNT,CHLDPAS_DEATH_COUNT,CHLDPAS_SUSP_SERIOUS_INJ_COUNT,COLLISION_TYPE,COMM_VEH_COUNT,CONS_ZONE_SPD_LIM,COUNTY,CRASH_MONTH,CRASH_YEAR,DAY_OF_WEEK,DEC_LAT,DEC_LONG,DISPATCH_TM,DISTRICT,DRIVER_COUNT_16YR,DRIVER_COUNT_17YR,DRIVER_COUNT_18YR,DRIVER_COUNT_19YR,DRIVER_COUNT_20YR,DRIVER_COUNT_50_64YR,DRIVER_COUNT_65_74YR,DRIVER_COUNT_75PLUS,EST_HRS_CLOSED,FATAL_COUNT,HEAVY_TRUCK_COUNT,HORSE_BUGGY_COUNT,HOUR_OF_DAY,ILLUMINATION,INJURY_COUNT,INTERSECT_TYPE,INTERSECTION_RELATED,LANE_CLOSED,LATITUDE,LN_CLOSE_DIR,LOCATION_TYPE,LONGITUDE,MAX_SEVERITY_LEVEL,MCYCLE_DEATH_COUNT,MCYCLE_SUSP_SERIOUS_INJ_COUNT,MOTORCYCLE_COUNT,MUNICIPALITY,NONMOTR_COUNT,NONMOTR_DEATH_COUNT,NONMOTR_SUSP_SERIOUS_INJ_COUNT,NTFY_HIWY_MAINT,PED_COUNT,PED_DEATH_COUNT,PED_SUSP_SERIOUS_INJ_COUNT,PERSON_COUNT,POLICE_AGCY,POSSIBLE_INJ_COUNT,RDWY_SURF_TYPE_CD,RELATION_TO_ROAD,ROAD_CONDITION,ROADWAY_CLEARED,SCH_BUS_IND,SCH_ZONE_IND,SECONDARY_CRASH,SMALL_TRUCK_COUNT,SPEC_JURIS_CD,SUSP_MINOR_INJ_COUNT,SUSP_SERIOUS_INJ_COUNT,SUV_COUNT,TCD_FUNC_CD,TCD_TYPE,TFC_DETOUR_IND,TIME_OF_DAY,TOT_INJ_COUNT,TOTAL_UNITS,UNB_DEATH_COUNT,UNB_SUSP_SERIOUS_INJ_COUNT,UNBELTED_OCC_COUNT,UNK_INJ_DEG_COUNT,UNK_INJ_PER_COUNT,URBAN_AREA,URBAN_RURAL,VAN_COUNT,VEHICLE_COUNT,WEATHER1,WEATHER2,WORK_ZONE_IND,WORK_ZONE_LOC,WORK_ZONE_TYPE,WORKERS_PRES,WZ_CLOSE_DETOUR,WZ_FLAGGER,WZ_LAW_OFFCR_IND,WZ_LN_CLOSURE,WZ_MOVING,WZ_OTHER,WZ_SHLDER_MDN,WZ_WORKERS_INJ_KILLED
2008121049,2020,1,0,0,0,0,0,0,0,0,8,0,,67,9,2008,7,39.9531,-75.2311,2015.0,6,0,0,0,1,0,0,0,0,,0,0,0,20,3,1,0,,0,39 57:11.271,,0,75 13:52.122,4,0,0,0,67301,1,0,0,N,1,0,0,2,67301,1,,1,1,,N,N,,0,,0,0,0,0.0,0,,2010,1,2,0,0,0,0,0,3,4,0,1,3,,N,,,,,,,,,,,
2008121096,840,1,0,0,0,0,0,0,0,0,8,0,,67,9,2008,2,39.9478,-75.2254,836.0,6,0,0,0,0,0,0,0,0,1.0,0,0,0,8,1,1,1,,1,39 56:51.959,4.0,0,75 13:31.330,8,0,0,0,67301,1,0,0,N,1,0,0,2,67301,0,,2,1,,N,N,,0,,0,0,0,3.0,2,N,830,1,2,0,0,0,1,0,3,4,0,1,3,,N,,,,,,,,,,,
2008121107,1130,1,0,0,0,0,0,0,0,0,6,0,,67,9,2008,5,39.9705,-75.1481,1123.0,6,0,0,0,0,0,0,0,0,2.0,0,0,0,11,1,2,1,,1,39 58:13.816,4.0,0,75 08:53.199,4,0,0,0,67301,0,0,0,,0,0,0,4,67301,2,,1,1,,,,,1,,0,0,0,3.0,2,N,1115,2,2,0,0,0,0,0,3,4,0,2,3,,N,,,,,,,,,,,
2008071500,846,2,0,0,0,0,0,0,0,0,1,0,,67,5,2008,6,39.9943,-75.2412,845.0,6,0,0,0,0,0,1,0,0,1.0,0,0,0,8,1,1,0,,1,39 59:40.545,2.0,0,75 14:26.382,8,0,0,0,67301,0,0,0,N,0,0,0,2,46104,0,,1,1,,N,N,,0,,0,0,0,3.0,2,N,845,1,2,0,0,0,1,0,3,4,0,2,3,,N,,,,,,,,,,,
2008101644,2205,1,0,0,0,0,0,0,0,0,4,0,,67,9,2008,4,40.0086,-75.2108,2202.0,6,0,0,0,0,0,0,0,0,1.0,0,0,0,22,3,0,1,,1,40 00:30.523,2.0,0,75 12:40.024,0,0,0,0,67301,0,0,0,N,0,0,0,2,46104,0,,1,1,,N,N,,1,,0,0,0,3.0,2,N,2200,0,2,0,0,0,0,0,3,4,0,2,3,,N,,,,,,,,,,,
2008118892,9999,1,0,0,0,0,0,0,0,0,8,0,,67,9,2008,1,39.9364,-75.2321,1848.0,6,1,0,0,0,0,0,0,0,,0,0,0,18,1,1,0,,0,39 56:11.176,,0,75 13:55.657,8,0,0,0,67301,1,0,0,N,1,0,0,2,67301,0,,1,1,,N,N,,0,,0,0,0,0.0,0,,1844,1,2,0,0,0,1,0,3,4,0,1,3,,N,,,,,,,,,,,
2008099226,2158,0,0,0,0,0,0,0,0,0,0,0,,67,7,2008,5,40.0361,-75.194,2155.0,6,0,0,0,0,0,0,0,0,1.0,0,0,0,21,3,1,2,,2,40 02:09.919,2.0,0,75 11:38.294,3,0,0,1,67301,0,0,0,,0,0,0,1,67301,0,,1,1,,,,,0,,1,0,0,0.0,0,N,2155,1,1,0,0,0,0,0,3,4,0,1,3,,N,,,,,,,,,,,
2008099229,1327,2,0,0,0,0,0,0,0,0,4,0,,67,7,2008,2,39.9553,-75.2319,1325.0,6,0,1,0,0,0,0,0,0,,0,0,0,13,1,1,1,,0,39 57:19.191,,0,75 13:55.012,4,0,0,0,67301,0,0,0,N,0,0,0,3,67301,1,,1,1,,N,N,,0,,0,0,0,3.0,2,,1320,1,2,0,0,0,0,0,3,4,0,2,3,,N,,,,,,,,,,,
2008069249,1730,0,0,0,0,0,0,0,0,0,8,0,,67,4,2008,1,39.9864,-75.1815,1730.0,6,0,0,0,0,0,0,0,0,,0,0,0,13,1,1,2,,0,39 59:11.007,,0,75 10:53.450,8,0,0,0,67301,1,0,0,,1,0,0,2,67301,0,,1,1,,,,,0,,0,0,0,3.0,3,,1300,1,2,0,0,0,1,0,3,4,1,1,3,,N,,,,,,,,,,,
2008108564,1455,0,0,0,1,0,0,0,0,0,4,0,,67,8,2008,5,39.9498,-75.2148,1450.0,6,0,0,0,0,0,0,0,0,,0,0,0,14,1,1,2,,0,39 56:59.193,,0,75 12:53.445,4,0,0,0,67301,1,0,0,N,0,0,0,2,67301,1,,1,1,,N,N,,1,,0,0,0,3.0,3,,1445,1,2,0,0,0,0,0,3,4,0,1,3,,N,,,,,,,,,,,
2008108598,946,1,0,0,0,0,0,0,0,0,6,0,,67,9,2008,3,40.0643,-75.0537,944.0,6,0,0,0,0,0,0,0,0,1.0,0,0,0,9,1,1,1,,1,40 03:29.779,4.0,0,75 03:33.648,8,0,0,0,67301,0,0,0,N,0,0,0,4,67301,0,,1,1,,N,N,,0,,0,0,0,3.0,2,N,940,1,2,0,0,0,1,1,3,4,1,2,3,,N,,,,,,,,,,,
2008098650,2215,2,0,0,0,0,0,0,0,0,4,0,,67,7,2008,5,39.9331,-75.1591,2200.0,6,0,0,1,0,0,0,0,0,,0,0,0,21,3,0,1,,0,39 55:58.990,,0,75 09:32.882,0,0,0,0,67301,0,0,0,N,0,0,0,2,67301,0,,1,1,,N,N,,0,,0,0,0,3.0,3,,2155,0,2,0,0,0,0,0,3,4,0,2,3,,N,,,,,,,,,,,
2008098670,1630,2,0,0,0,0,0,0,0,0,4,0,,67,6,2008,1,40.0613,-75.1721,1626.0,6,0,0,0,0,0,1,0,0,,0,0,0,99,1,0,1,,0,40 03:40.629,,0,75 10:19.427,0,0,0,0,67301,0,0,0,N,0,0,0,2,67301,0,,1,1,,N,N,,0,,0,0,0,0.0,0,,9999,0,2,0,0,0,0,0,3,4,0,2,3,,N,,,,,,,,,,,
2008098690,730,2,0,0,0,0,0,0,0,0,4,0,,67,7,2008,5,39.9751,-75.1682,725.0,6,0,0,0,0,0,1,0,0,,0,0,0,7,1,1,2,,0,39 58:30.244,,0,75 10:05.352,4,0,0,0,67301,0,0,0,,0,0,0,3,67301,1,,1,1,,,,,0,,0,0,0,0.0,0,,705,1,2,0,0,0,0,0,3,4,0,2,3,,N,,,,,,,,,,,
2008120890,1100,2,0,0,0,0,0,0,0,0,6,0,,67,9,2008,5,39.9652,-75.1918,1054.0,6,0,0,0,0,0,1,0,0,,0,0,0,10,1,1,1,,0,39 57:54.806,,0,75 11:30.562,8,0,0,0,67301,0,0,0,N,0,0,0,3,67301,0,,1,1,,N,N,,0,,0,0,0,3.0,3,,1053,1,2,0,0,0,1,0,3,4,0,2,3,,N,,,,,,,,,,,
2008097463,209,1,0,0,1,0,0,0,0,0,4,0,,67,7,2008,3,40.0277,-75.11,211.0,6,0,0,0,0,0,0,0,0,,0,0,0,2,3,1,1,,0,40 01:39.720,,2,75 06:36.000,4,0,0,0,67301,1,0,0,N,0,0,0,2,67301,1,,1,1,,N,N,,0,,0,0,0,3.0,2,,209,1,2,0,0,0,0,0,3,4,0,1,3,,N,,,,,,,,,,,
2008088825,1652,3,0,0,0,0,0,0,0,0,1,0,,67,6,2008,1,40.029,-75.0895,1650.0,6,0,0,0,0,0,0,1,0,1.0,0,0,0,16,1,3,0,,1,40 01:43.839,1.0,0,75 05:22.979,8,0,0,0,67301,0,0,0,,0,0,0,4,67301,0,,1,9,,N,N,,0,,0,0,0,3.0,2,N,1649,3,3,0,0,0,3,0,3,4,0,3,3,,N,,,,,,,,,,,
2008081064,1552,2,0,0,0,0,0,0,0,0,1,0,,67,5,2008,5,39.9779,-75.2262,1552.0,6,0,0,0,0,0,1,0,0,,0,0,0,15,1,1,0,,0,39 58:40.576,,0,75 13:34.478,4,0,0,0,67301,0,0,0,N,0,0,0,2,67301,1,,1,1,,N,N,,0,,0,0,0,0.0,0,,1545,1,2,0,0,0,0,0,3,4,0,2,3,,N,,,,,,,,,,,
2008079188,820,1,0,0,0,0,0,0,0,0,8,0,,67,5,2008,3,40.0036,-75.1812,820.0,6,0,0,1,0,0,0,0,0,,0,0,0,8,1,1,1,,0,40 00:13.958,,0,75 10:50.611,3,0,0,0,67301,1,0,0,N,1,0,0,2,67301,0,,1,9,,N,N,,0,,1,0,0,3.0,2,,820,1,2,0,0,0,0,0,3,4,0,1,7,,N,,,,,,,,,,,
2008081125,555,0,0,0,1,0,0,0,0,0,4,0,,67,5,2008,4,39.9969,-75.1127,550.0,6,0,0,0,0,0,1,0,0,,0,0,0,5,1,1,2,,0,39 59:48.793,,0,75 06:45.889,4,0,0,0,67301,1,0,0,N,0,0,0,2,67301,1,,1,1,,N,N,,1,,0,0,0,3.0,3,,545,1,2,0,0,0,0,0,3,4,0,1,3,,N,,,,,,,,,,,
2008100894,334,1,0,0,0,0,0,0,0,0,4,0,,67,6,2008,5,40.0278,-75.1761,334.0,6,0,0,0,0,0,0,0,0,,0,0,0,3,3,1,1,,0,40 01:40.105,,0,75 10:33.790,8,0,0,0,67301,0,0,0,N,0,0,0,2,67301,0,,1,1,,N,N,,1,,0,0,0,3.0,3,,334,1,2,0,0,1,1,0,3,4,0,2,3,,N,,,,,,,,,,,
2008098395,1730,2,0,1,0,0,0,0,0,0,4,0,,67,7,2008,4,40.0209,-75.132,1720.0,6,0,0,0,0,0,0,0,0,,0,0,0,17,1,1,1,,0,40 01:15.153,,0,75 07:55.243,2,0,0,0,67301,0,0,0,,0,0,0,2,67301,0,,1,9,,,,,0,,0,1,0,0.0,0,,1700,1,2,0,0,0,0,0,3,4,0,2,7,,N,,,,,,,,,,,
2008098403,1519,1,0,0,0,0,0,0,0,0,1,0,,67,8,2008,4,40.0971,-75.0182,1515.0,6,0,0,0,0,0,0,0,1,,0,0,0,14,1,1,1,,0,40 05:49.711,,0,75 01:05.375,4,0,0,0,67301,0,0,0,N,0,0,0,3,67301,1,,1,1,,N,N,,0,,0,0,1,3.0,2,,1445,1,2,0,0,0,0,0,3,4,0,2,3,,N,,,,,,,,,,,
2008100993,104,1,0,0,0,0,0,1,0,0,2,1,,67,7,2008,7,39.9248,-75.2266,104.0,6,0,0,0,0,0,0,0,0,,0,0,0,1,3,1,0,,0,39 55:29.218,,0,75 13:35.953,8,0,0,0,67301,0,0,0,N,0,0,0,6,67301,0,,1,9,,N,N,,0,,0,0,0,0.0,0,,104,1,2,0,0,1,1,0,3,4,0,2,3,,N,,,,,,,,,,,
2008078880,1000,1,0,0,0,0,0,0,0,0,1,0,,67,5,2008,6,39.9384,-75.1708,953.0,6,0,0,0,0,0,1,0,1,,0,0,0,9,1,1,0,,0,39 56:18.131,,0,75 10:14.895,4,0,0,0,67301,0,0,0,N,0,0,0,3,67301,1,,1,1,,N,N,,0,,0,0,1,3.0,2,,950,1,2,0,0,0,0,1,3,4,0,2,3,,N,,,,,,,,,,,
2008116121,720,1,0,0,0,0,0,0,0,0,7,0,,67,10,2008,3,39.9011,-75.1531,706.0,6,0,0,0,0,0,0,0,0,,0,0,0,7,1,0,0,,0,39 54:06.120,,0,75 09:07.200,0,0,0,0,67301,0,0,0,N,0,0,0,1,68K01,0,,1,1,,N,N,,0,,0,0,0,0.0,0,,704,0,1,0,0,0,0,0,3,4,0,1,3,,N,,,,,,,,,,,
2008124415,1522,2,0,0,0,0,0,0,0,0,5,0,,67,11,2008,6,39.9962,-75.2373,1520.0,6,0,0,0,0,0,1,0,0,,0,0,0,15,1,1,0,,0,39 59:48.634,,0,75 14:09.142,4,0,0,0,67301,0,0,0,N,0,0,0,2,46104,1,,1,9,,N,N,,0,,0,0,0,0.0,0,,1520,1,2,0,0,0,0,0,3,4,0,2,7,,N,,,,,,,,,,,
2008126354,1224,1,0,0,0,0,0,0,0,0,4,1,,67,11,2008,3,39.883,-75.2451,1218.0,6,0,0,0,1,0,0,0,0,,0,1,0,12,1,0,0,,0,39 52:58.870,,0,75 14:42.431,9,0,0,0,67301,0,0,0,N,0,0,0,2,68K01,0,,1,1,,N,N,,0,,0,0,0,0.0,0,,1210,0,2,0,0,0,0,1,3,4,0,2,3,,N,,,,,,,,,,,
2008119369,1224,2,0,0,0,0,0,0,0,0,2,0,,67,9,2008,5,39.8993,-75.1748,1219.0,6,0,0,0,0,0,0,0,0,,0,0,0,99,1,3,1,,0,39 53:57.391,,0,75 10:29.308,8,0,0,0,67301,0,0,0,N,0,0,0,4,67301,0,,1,1,,N,N,,0,,0,0,0,3.0,2,,9999,3,2,0,0,0,3,1,3,4,0,2,3,,N,,,,,,,,,,,
2008119386,0,1,0,0,0,0,0,0,0,0,8,0,,67,7,2008,3,39.9722,-75.2329,0.0,6,0,0,0,0,0,0,1,0,,0,0,0,99,1,1,1,,0,39 58:20.038,,0,75 13:58.382,8,0,0,0,67301,1,0,0,N,1,0,0,2,00000,0,,2,1,,N,N,,0,,0,0,0,3.0,3,,9999,1,2,0,0,0,1,1,3,4,0,1,3,,N,,,,,,,,,,,
2008134343,637,0,0,0,0,0,0,0,0,0,5,0,,67,12,2008,3,39.9328,-75.2,634.0,6,0,0,0,0,0,1,0,0,,0,0,0,6,1,0,6,,0,39 56:03.120,,2,75 11:59.640,9,0,0,0,67301,0,0,0,N,0,0,0,2,68K01,0,,1,1,,N,N,,1,,0,0,0,0.0,0,,623,0,2,0,0,0,0,1,3,4,1,2,3,,N,,,,,,,,,,,
2008119170,639,1,0,0,0,0,0,0,0,0,1,0,,67,9,2008,5,40.0198,-75.1814,635.0,6,0,0,0,0,0,1,0,0,,0,0,0,6,1,0,0,,0,40 01:11.175,,0,75 10:52.896,9,0,0,0,67301,0,0,0,N,0,0,0,1,67301,0,,1,1,,N,N,,0,,0,0,2,3.0,2,,630,0,3,0,0,0,0,1,3,4,0,3,3,,N,,,,,,,,,,,
2008119183,1130,0,0,0,0,0,0,0,0,0,8,0,,67,9,2008,3,40.0084,-75.1443,1130.0,6,0,0,0,0,0,0,0,0,,0,0,0,11,1,1,1,,0,40 00:30.127,,0,75 08:39.382,4,0,0,0,67301,1,0,0,,1,0,0,2,67301,1,,1,1,,,,,0,,0,0,0,3.0,2,,1100,1,2,0,0,0,0,0,3,4,1,1,3,,N,,,,,,,,,,,
2008119298,830,1,0,0,0,0,0,0,0,0,4,0,,67,9,2008,2,39.9469,-75.2289,822.0,6,0,0,0,0,0,0,0,0,,0,0,0,7,1,0,2,,0,39 56:48.703,,0,75 13:44.101,9,0,0,0,67301,0,0,0,N,0,0,0,4,67301,0,,1,1,,N,N,,1,,0,0,0,3.0,3,,753,0,2,0,0,0,0,4,3,4,0,2,3,,N,,,,,,,,,,,
2008118981,805,1,0,0,0,0,0,0,0,0,1,0,,67,9,2008,4,40.0488,-75.1661,800.0,6,0,0,0,0,0,1,0,0,,0,0,0,8,1,2,1,,0,40 02:55.770,,0,75 09:57.837,4,0,0,0,67301,0,0,0,N,0,0,0,2,67301,1,,1,1,,N,N,,0,,0,0,1,2.0,3,,800,2,2,0,0,0,1,0,3,4,0,2,3,,N,,,,,,,,,,,
2008097908,1801,1,0,0,0,0,0,0,0,0,7,0,,67,8,2008,1,40.0162,-75.2052,1800.0,6,0,0,0,0,0,1,0,0,1.0,0,0,0,18,1,1,0,,2,40 00:58.204,5.0,0,75 12:18.295,8,0,0,0,67301,0,0,0,N,0,0,0,2,67301,0,,2,9,,N,N,,0,,0,0,0,0.0,0,N,1800,1,1,0,0,0,1,0,3,4,0,1,7,,N,,,,,,,,,,,
2008097910,1330,1,0,0,1,0,0,0,0,0,5,0,,67,6,2008,6,39.9592,-75.225,1330.0,6,0,0,0,0,0,0,0,0,,0,0,0,4,3,1,1,,0,39 57:33.111,,0,75 13:30.107,4,0,0,0,67301,1,0,0,N,0,0,0,2,67301,1,,1,1,,N,N,,0,,0,0,0,3.0,3,,430,1,2,0,0,0,0,0,3,4,0,1,3,,N,,,,,,,,,,,
2008090825,1728,1,0,0,0,0,0,0,0,0,8,0,,67,4,2008,6,39.954,-75.1767,1724.0,6,0,0,0,0,0,1,0,0,,0,0,0,17,1,1,2,,0,39 57:14.303,,0,75 10:36.250,8,0,0,0,67301,1,0,0,N,1,0,0,2,67301,0,,1,1,,N,N,,0,,0,0,0,3.0,2,,1724,1,2,0,0,1,1,0,3,4,0,1,3,,N,,,,,,,,,,,
2008095460,9999,1,0,0,0,0,0,0,0,0,4,0,,67,6,2008,7,40.0268,-75.1639,940.0,6,0,0,0,0,0,0,0,0,,0,0,0,9,1,0,1,,0,40 01:36.372,,0,75 09:49.953,0,0,0,0,67301,0,0,0,N,0,0,0,2,67301,0,,1,1,,N,N,,1,,0,0,0,3.0,2,,930,0,2,0,0,0,0,0,3,4,0,2,3,,N,,,,,,,,,,,
2008088393,1628,2,0,0,0,0,0,0,0,0,4,0,,67,6,2008,2,40.0539,-75.1552,1625.0,6,0,0,0,0,0,0,0,0,2.0,0,0,0,16,1,3,1,,1,40 03:14.040,6.0,0,75 09:18.720,3,0,0,0,67301,0,0,0,N,0,0,0,4,67301,0,,1,1,,N,N,,0,,3,0,0,3.0,2,N,1625,3,2,0,0,0,0,1,3,4,0,2,3,,N,,,,,,,,,,,
2008097713,900,2,0,0,0,0,0,0,0,0,1,0,,67,7,2008,5,39.9429,-75.2319,847.0,6,0,0,0,0,0,0,0,0,,0,0,0,8,1,1,0,,0,39 56:34.411,,0,75 13:54.778,8,0,0,0,67301,0,0,0,,0,0,0,2,67301,0,,1,1,,,,,0,,0,0,0,0.0,0,,847,1,2,0,0,0,1,0,3,4,0,2,3,,N,,,,,,,,,,,
2008088739,0,3,0,0,0,0,0,0,0,0,1,0,,67,1,2008,4,40.0431,-75.0738,0.0,6,0,0,0,0,0,1,0,0,,0,0,0,15,1,1,0,,0,40 02:13.766,,0,75 04:46.424,8,0,0,0,67301,0,0,0,N,0,0,0,3,00000,0,,1,1,,N,N,,0,,0,0,0,0.0,0,,1500,1,3,0,0,0,1,0,3,4,0,3,3,,N,,,,,,,,,,,
2008120896,1745,0,0,0,0,0,0,1,0,0,8,1,,67,9,2008,5,39.997,-75.2353,1740.0,6,0,0,0,0,0,0,0,0,,0,0,0,17,1,1,1,,0,39 59:52.151,,0,75 14:00.926,4,0,0,0,67301,1,0,0,N,1,0,0,2,67301,1,,1,1,,N,N,,0,,0,0,0,3.0,2,,1736,1,2,0,0,0,0,0,3,4,0,1,3,,N,,,,,,,,,,,
2008077685,1906,2,0,0,0,0,0,0,0,0,1,0,,67,6,2008,7,39.9583,-75.1659,1857.0,6,0,0,0,0,0,2,0,0,,0,0,0,18,1,0,0,,0,39 57:29.880,,0,75 09:57.240,0,0,0,0,67301,0,0,0,N,0,0,0,3,68K01,0,,1,1,,N,N,,0,,0,0,1,0.0,0,,1855,0,3,0,0,0,0,0,3,4,0,3,3,,N,,,,,,,,,,,
2008108309,633,3,0,0,0,0,0,0,0,0,4,0,,67,8,2008,4,39.9353,-75.1651,631.0,6,0,0,0,0,0,0,0,0,,0,0,0,6,5,2,1,,0,39 56:07.202,,0,75 09:54.385,8,0,0,0,67301,0,0,0,N,0,0,0,2,67301,0,,1,1,,N,N,,1,,0,0,0,3.0,3,,630,2,4,0,0,0,2,0,3,4,0,4,3,,N,,,,,,,,,,,
2008094833,855,1,0,0,0,0,0,0,0,0,8,0,,67,7,2008,2,40.0486,-75.1388,852.0,6,0,0,0,0,0,0,0,0,,0,0,0,8,1,1,1,,0,40 02:54.783,,0,75 08:19.561,4,0,0,0,67301,1,0,0,N,1,0,0,2,67301,1,,1,1,,N,N,,0,,0,0,0,9.0,3,,852,1,2,0,0,0,0,0,3,4,0,1,3,,N,,,,,,,,,,,
2008079193,1840,2,0,0,0,0,0,0,0,0,2,0,,67,5,2008,3,40.0294,-75.0627,1835.0,6,0,0,0,0,1,0,0,0,2.0,0,0,0,18,1,1,1,,1,40 01:45.686,7.0,0,75 03:45.831,4,0,0,0,67301,0,0,0,N,0,0,0,2,67301,1,,1,1,,N,N,,0,,0,0,0,3.0,2,N,1835,1,2,0,0,0,0,0,3,4,0,2,3,,N,,,,,,,,,,,
2008096065,1135,0,0,0,0,0,0,0,0,0,8,0,,67,6,2008,3,40.0092,-75.1511,1130.0,6,0,0,0,0,0,0,0,0,,0,0,0,11,1,1,0,,0,40 00:33.085,,0,75 09:04.121,4,0,0,0,67301,1,0,0,,1,0,0,2,67301,1,,6,1,,,,,0,,0,0,0,0.0,0,,1130,1,2,0,0,1,0,0,3,4,1,1,3,,N,,,,,,,,,,,
2008116123,1104,0,0,0,0,0,0,0,0,0,7,0,,67,10,2008,6,39.9974,-75.1962,1104.0,6,0,0,0,0,0,0,0,0,2.0,0,0,0,11,1,1,0,,2,39 59:55.899,4.0,0,75 11:43.488,3,0,0,0,67301,0,0,0,N,0,0,0,1,68K01,0,,2,1,,N,N,,0,,1,0,1,0.0,0,N,1101,1,1,0,0,1,0,0,3,4,0,1,3,,N,,,,,,,,,,,
2008133285,1750,0,0,0,0,0,0,0,0,0,8,0,,67,10,2008,2,40.0503,-75.1714,1745.0,6,0,0,0,0,0,0,0,0,,0,0,0,17,4,1,0,,0,40 03:00.968,,0,75 10:17.014,4,0,0,0,67301,1,0,0,N,1,0,0,2,67301,1,,1,1,,N,N,,0,,0,0,1,0.0,0,,1740,1,2,0,0,0,0,1,3,4,0,1,3,,N,,,,,,,,,,,
2008130863,1750,2,0,0,0,0,0,0,0,0,4,0,,67,11,2008,5,40.0039,-75.2207,1748.0,6,0,0,0,0,0,0,0,0,1.0,0,0,0,17,3,0,1,,2,40 00:14.092,4.0,0,75 13:14.544,0,0,0,0,67301,0,0,0,N,0,0,0,2,46104,0,,1,1,,N,N,,0,,0,0,0,3.0,2,N,1745,0,2,0,0,0,0,0,3,4,0,2,3,,N,,,,,,,,,,,
2008123892,1241,0,0,0,0,0,0,0,0,0,5,0,,67,9,2008,3,39.96,-75.1785,1231.0,6,0,0,0,0,0,0,0,0,,0,0,0,12,1,0,0,,0,39 57:36.050,,0,75 10:44.100,9,0,0,0,67301,0,0,0,N,0,0,0,2,68K01,0,,1,1,,N,N,,0,,0,0,1,0.0,0,,1220,0,2,0,0,0,0,1,3,4,0,2,3,,N,,,,,,,,,,,
2008119197,1047,3,0,0,0,0,0,0,0,0,2,0,,67,9,2008,2,39.9075,-75.19,1045.0,6,0,0,0,0,0,0,0,0,2.0,0,0,0,10,1,3,5,,1,39 54:27.172,3.0,0,75 11:24.083,8,0,0,0,67301,0,0,0,N,0,0,0,4,67301,0,,1,1,,N,N,,0,,0,0,0,0.0,0,Y,1045,3,3,0,0,0,3,0,3,4,0,3,3,,N,,,,,,,,,,,
2008118934,1815,0,0,0,0,0,0,0,0,0,4,0,,67,10,2008,2,39.9906,-75.1046,1759.0,6,0,0,0,0,0,0,0,0,,0,0,0,17,1,2,2,,0,39 59:26.113,,0,75 06:16.631,8,0,0,0,67301,0,0,0,N,0,0,0,3,67301,0,,1,1,,N,N,,0,,0,0,0,0.0,0,,1755,2,2,0,0,0,2,0,3,4,2,2,3,,N,,,,,,,,,,,
2008118997,320,2,0,0,0,0,0,0,0,0,6,0,,67,9,2008,1,39.9291,-75.152,304.0,6,0,0,0,0,0,0,0,0,,0,0,0,3,3,1,2,,0,39 55:44.821,,0,75 09:07.037,8,0,0,0,67301,0,0,0,N,0,0,0,2,67301,0,,1,1,,N,N,,0,,0,0,0,3.0,3,,304,1,2,0,0,0,1,0,3,4,0,2,3,,N,,,,,,,,,,,
2008095683,1335,0,0,0,0,0,0,0,0,0,8,0,,67,6,2008,5,40.0202,-75.1141,1330.0,6,0,0,0,0,0,0,0,0,,0,0,0,13,1,1,1,,0,40 01:12.877,,0,75 06:50.708,4,0,0,0,67301,1,0,0,N,1,0,0,2,67301,1,,1,1,,N,N,,0,,0,0,1,3.0,2,,1315,1,2,0,0,0,0,0,3,4,0,1,3,,N,,,,,,,,,,,
2008095715,1610,0,0,0,0,0,0,0,0,0,6,1,,67,8,2008,6,39.9934,-75.1508,1606.0,6,0,0,0,0,0,1,0,0,,0,1,0,14,1,1,1,,0,39 59:36.414,,0,75 09:02.806,4,0,0,0,67301,0,0,0,N,0,0,0,3,67301,1,,1,1,,N,N,,0,,0,0,1,3.0,2,,1456,1,2,0,0,0,0,0,3,4,0,2,3,,N,,,,,,,,,,,
2008097879,1755,0,0,0,0,0,0,0,0,0,8,0,,67,7,2008,6,39.9841,-75.1602,1750.0,6,0,0,1,0,0,0,0,0,,0,0,0,17,1,1,0,,0,39 59:02.803,,0,75 09:36.745,8,0,0,0,67301,1,0,0,N,1,0,0,2,67301,0,,9,1,,N,N,,0,,0,0,1,9.0,9,,1743,1,2,0,0,0,1,0,3,4,0,1,3,,N,,,,,,,,,,,
2008097887,1429,1,0,0,1,0,0,0,0,0,4,0,,67,6,2008,1,39.9326,-75.1847,1428.0,6,0,0,0,0,0,1,0,0,,0,0,0,14,1,1,1,,0,39 55:57.327,,0,75 11:04.959,8,0,0,0,67301,1,0,0,N,0,0,0,3,67301,0,,1,1,,N,N,,0,,0,0,0,3.0,3,,1422,1,2,0,0,0,1,0,3,4,0,1,3,,N,,,,,,,,,,,