CRN,ARRIVAL_TM,AUTOMOBILE_COUNT,BELTED_DEATH_COUNT,BELTED_SUSP_SERIOUS_INJ_COUNT,BICYCLE_COUNT,BICYCLE_DEATH_COUNT,BICYCLE_SUSP_SERIOUS_INJ_COUNT,BUS_COUNT,CHLDPAS_DEATH_COUNT,CHLDPAS_SUSP_SERIOUS_INJ_COUNT,COLLISION_TYPE,COMM_VEH_COUNT,CONS_ZONE_SPD_LIM,COUNTY,CRASH_MONTH,CRASH_YEAR,DAY_OF_WEEK,DEC_LAT,DEC_LONG,DISPATCH_TM,DISTRICT,DRIVER_COUNT_16YR,DRIVER_COUNT_17YR,DRIVER_COUNT_18YR,DRIVER_COUNT_19YR,DRIVER_COUNT_20YR,DRIVER_COUNT_50_64YR,DRIVER_COUNT_65_74YR,DRIVER_COUNT_75PLUS,EST_HRS_CLOSED,FATAL_COUNT,HEAVY_TRUCK_COUNT,HORSE_BUGGY_COUNT,HOUR_OF_DAY,ILLUMINATION,INJURY_COUNT,INTERSECT_TYPE,INTERSECTION_RELATED,LANE_CLOSED,LATITUDE,LN_CLOSE_DIR,LOCATION_TYPE,LONGITUDE,MAX_SEVERITY_LEVEL,MCYCLE_DEATH_COUNT,MCYCLE_SUSP_SERIOUS_INJ_COUNT,MOTORCYCLE_COUNT,MUNICIPALITY,NONMOTR_COUNT,NONMOTR_DEATH_COUNT,NONMOTR_SUSP_SERIOUS_INJ_COUNT,NTFY_HIWY_MAINT,PED_COUNT,PED_DEATH_COUNT,PED_SUSP_SERIOUS_INJ_COUNT,PERSON_COUNT,POLICE_AGCY,POSSIBLE_INJ_COUNT,RDWY_SURF_TYPE_CD,RELATION_TO_ROAD,ROAD_CONDITION,ROADWAY_CLEARED,SCH_BUS_IND,SCH_ZONE_IND,SECONDARY_CRASH,SMALL_TRUCK_COUNT,SPEC_JURIS_CD,SUSP_MINOR_INJ_COUNT,SUSP_SERIOUS_INJ_COUNT,SUV_COUNT,TCD_FUNC_CD,TCD_TYPE,TFC_DETOUR_IND,TIME_OF_DAY,TOT_INJ_COUNT,TOTAL_UNITS,UNB_DEATH_COUNT,UNB_SUSP_SERIOUS_INJ_COUNT,UNBELTED_OCC_COUNT,UNK_INJ_DEG_COUNT,UNK_INJ_PER_COUNT,URBAN_AREA,URBAN_RURAL,VAN_COUNT,VEHICLE_COUNT,WEATHER1,WEATHER2,WORK_ZONE_IND,WORK_ZONE_LOC,WORK_ZONE_TYPE,WORKERS_PRES,WZ_CLOSE_DETOUR,WZ_FLAGGER,WZ_LAW_OFFCR_IND,WZ_LN_CLOSURE,WZ_MOVING,WZ_OTHER,WZ_SHLDER_MDN,WZ_WORKERS_INJ_KILLED
2008097914,1910,1,0,0,0,0,0,0,0,0,8,0,,67,7,2008,6,39.9774,-75.1818,1907.0,6,0,0,0,0,0,0,0,0,,0,0,0,99,1,1,1,,0,39 58:38.805,,0,75 10:54.303,3,0,0,0,67301,1,0,0,N,1,0,0,2,67301,0,,1,1,,N,N,,0,,1,0,0,0.0,0,,9999,1,2,0,0,0,0,0,3,4,0,1,3,,N,,,,,,,,,,,
2008097929,1535,1,0,0,1,0,0,0,0,0,4,0,,67,6,2008,2,39.9679,-75.2375,1530.0,6,0,0,0,0,0,0,0,0,,0,0,0,15,1,1,2,,0,39 58:04.332,,0,75 14:15.071,4,0,0,0,67301,1,0,0,N,0,0,0,2,67301,1,,1,1,,N,N,,0,,0,0,0,3.0,3,,1530,1,2,0,0,1,0,0,3,4,0,1,3,,N,,,,,,,,,,,
2008095452,1313,2,0,0,0,0,0,0,0,0,1,0,,67,7,2008,5,40.1189,-75.018,1257.0,6,0,0,0,0,0,2,0,0,,0,0,0,12,1,1,1,,0,40 07:07.975,,0,75 01:04.685,4,0,0,0,67301,0,0,0,N,0,0,0,3,67301,1,,1,1,,N,N,,0,,0,0,0,3.0,2,,1240,1,2,0,0,0,0,0,3,4,0,2,3,,N,,,,,,,,,,,
2008095554,1157,0,0,0,0,0,0,0,0,0,0,0,,67,6,2008,5,39.9348,-75.162,1155.0,6,0,0,0,0,0,1,0,0,,0,0,0,11,1,1,1,,0,39 56:05.323,,0,75 09:43.228,8,0,0,1,67301,0,0,0,N,0,0,0,1,67301,0,,1,1,,N,N,,0,,0,0,0,3.0,2,,1150,1,1,0,0,0,1,0,3,4,0,1,3,,N,,,,,,,,,,,
2008088443,0,2,0,0,0,0,0,0,0,0,4,0,,67,4,2008,2,40.0181,-75.0471,0.0,6,0,0,0,0,0,0,0,0,,0,0,0,15,1,2,2,,0,40 01:05.049,,99,75 02:49.715,4,0,0,0,67301,0,0,0,N,0,0,0,2,00000,2,,1,1,,N,N,,0,,0,0,0,3.0,2,,1500,2,2,0,0,0,0,0,3,4,0,2,3,,N,,,,,,,,,,,
2008088183,323,0,0,0,0,0,0,0,0,0,8,0,,67,6,2008,1,39.9265,-75.2305,320.0,6,0,0,0,0,0,0,0,0,,0,0,0,3,3,1,0,,0,39 55:35.233,,0,75 13:49.890,4,0,0,0,67301,1,0,0,N,1,0,0,2,67301,1,,1,1,,N,N,,0,,0,0,1,0.0,0,,320,1,2,0,0,0,0,0,3,4,0,1,3,,N,,,,,,,,,,,
2008095272,2334,0,0,0,0,0,0,0,0,0,7,0,,67,8,2008,3,40.1109,-75.0035,2327.0,6,0,0,0,0,1,0,0,0,,0,0,0,23,3,2,2,,0,40 06:39.135,,0,75 00:12.689,4,0,0,0,67301,0,0,0,N,0,0,0,2,67301,1,,4,9,,N,N,,0,,0,0,1,3.0,2,,2315,2,1,0,0,0,1,0,3,4,0,1,7,,N,,,,,,,,,,,
2008090771,348,1,0,0,0,0,0,0,0,0,7,0,,67,7,2008,1,39.9556,-75.1407,332.0,6,0,0,0,0,0,0,0,0,1.0,0,0,0,3,3,0,0,,2,39 57:20.320,5.0,0,75 08:26.677,0,0,0,0,67301,0,0,0,N,0,0,0,1,68K01,0,,2,1,,N,N,,0,,0,0,0,0.0,0,N,329,0,1,0,0,0,0,0,3,4,0,1,3,,N,,,,,,,,,,,
2008088595,0,2,0,0,0,0,0,0,0,0,4,0,,67,6,2008,2,39.9452,-75.2395,0.0,6,0,0,0,0,0,0,0,0,,0,0,0,15,1,0,0,,0,39 56:42.780,,0,75 14:21.971,9,0,0,0,67301,0,0,0,,0,0,0,2,00000,0,,1,9,,,,,0,,0,0,0,0.0,0,,1545,0,2,0,0,0,0,2,3,4,0,2,7,,N,,,,,,,,,,,
2008098016,1452,0,0,0,0,0,0,0,0,0,8,0,,67,6,2008,5,39.9469,-75.2127,1452.0,6,0,0,0,0,0,0,0,0,,0,0,0,14,1,1,1,,0,39 56:48.748,,0,75 12:45.713,8,0,0,0,67301,1,0,0,N,1,0,0,2,67301,0,,1,1,,N,N,,1,,0,0,0,3.0,2,,1445,1,2,0,0,0,1,0,3,4,0,1,3,,N,,,,,,,,,,,
2008098039,55,3,0,0,0,0,0,0,0,0,4,0,,67,8,2008,6,39.9509,-75.2431,49.0,6,0,0,0,0,0,0,0,0,,0,0,0,0,3,0,1,,0,39 57:03.394,,0,75 14:35.134,0,0,0,0,67301,0,0,0,N,0,0,0,3,67301,0,,1,1,,N,N,,0,,0,0,1,3.0,2,,45,0,4,0,0,0,0,0,3,4,0,4,3,,N,,,,,,,,,,,
2008098190,437,2,0,0,0,0,0,0,0,0,4,0,,67,6,2008,2,40.0339,-75.0743,427.0,6,0,0,0,0,1,0,0,0,1.0,0,0,0,4,3,2,1,,1,40 02:02.040,1.0,0,75 04:27.120,8,0,0,0,67301,0,0,0,N,0,0,0,2,67301,0,,1,1,,N,N,,0,,0,0,0,3.0,2,Y,427,2,2,0,0,0,2,0,3,4,0,2,3,,N,,,,,,,,,,,
2008098296,1621,0,0,0,1,0,0,0,0,0,4,0,,67,6,2008,5,40.0722,-75.0766,1609.0,6,0,0,0,0,0,0,0,0,,0,0,0,16,1,1,1,,0,40 04:19.779,,0,75 04:35.882,8,0,0,0,67301,1,0,0,N,0,0,0,2,67301,0,,1,1,,N,N,,0,,0,0,0,0.0,0,,1605,1,2,0,0,0,1,0,3,4,0,1,3,,N,,,,,,,,,,,
2008098350,1953,2,0,0,0,0,0,0,0,0,4,0,,67,7,2008,2,40.0314,-75.1548,1949.0,6,0,0,0,0,0,1,0,0,,0,0,0,19,1,0,1,,0,40 01:53.151,,0,75 09:17.114,0,0,0,0,67301,0,0,0,N,0,0,0,2,67301,0,,1,1,,N,N,,0,,0,0,0,3.0,2,,1948,0,2,0,0,0,0,0,3,4,0,2,3,,N,,,,,,,,,,,
2008098380,9999,0,0,0,0,0,0,0,0,0,2,0,,67,6,2008,2,40.0207,-75.1486,9999.0,6,0,0,0,0,0,1,0,0,,0,0,0,99,1,1,2,,0,40 01:14.257,,0,75 08:55.162,8,0,0,1,67301,0,0,0,N,0,0,0,2,67301,0,,1,1,,N,N,,1,,0,0,0,0.0,0,,9999,1,2,0,0,0,1,1,3,4,0,2,3,,N,,,,,,,,,,,
2008086821,835,1,0,0,0,0,0,0,0,0,5,1,,67,7,2008,6,39.8807,-75.2467,829.0,6,0,0,0,0,0,1,0,0,1.0,0,1,0,8,1,1,0,,1,39 52:48.860,1.0,0,75 14:49.929,4,0,0,0,67301,0,0,0,Y,0,0,0,2,68K01,1,,1,1,,N,N,,0,,0,0,0,0.0,0,N,825,1,2,0,0,0,0,0,3,4,0,2,3,,N,,,,,,,,,,,
2008081481,2100,1,0,0,0,0,0,0,0,0,4,0,,67,5,2008,2,39.9987,-75.0946,2100.0,6,0,0,0,0,0,0,0,0,1.0,0,0,0,20,3,3,2,,2,39 59:55.424,6.0,0,75 05:40.664,3,0,0,0,67301,0,0,0,N,0,0,0,4,67301,2,,1,1,,N,N,,0,,1,0,0,3.0,3,N,2055,3,2,0,0,1,0,0,3,4,1,2,3,,N,,,,,,,,,,,
2008097557,1253,3,0,0,0,0,0,0,0,0,4,0,,67,7,2008,7,39.9917,-75.1856,1249.0,6,0,0,0,0,1,1,0,0,,0,0,0,12,1,2,1,,0,39 59:29.950,,0,75 11:08.100,3,0,0,0,67301,0,0,0,,0,0,0,4,67301,0,,1,1,,N,N,,0,,1,0,0,3.0,2,,1249,2,3,0,0,0,1,0,3,4,0,3,3,,N,,,,,,,,,,,
2008070739,304,3,0,0,0,0,0,0,0,0,1,0,,67,4,2008,1,39.9568,-75.2114,302.0,6,0,0,0,1,0,0,0,0,,0,0,0,3,3,0,0,,0,39 57:24.375,,0,75 12:41.003,9,0,0,0,67301,0,0,0,N,0,0,0,1,67301,0,,6,1,,N,N,,0,,0,0,0,0.0,0,,300,0,3,0,0,0,0,1,3,4,0,3,3,,N,,,,,,,,,,,
2008102150,2333,1,0,0,0,0,0,0,0,0,1,0,,67,8,2008,6,39.9923,-75.2455,2333.0,6,0,0,0,0,0,0,0,0,,0,0,0,23,3,1,0,,0,39 59:33.398,,0,75 14:41.613,4,0,0,0,67301,0,0,0,N,0,0,0,2,46104,1,,1,9,,N,N,,0,,0,0,1,0.0,0,,2332,1,2,0,0,0,0,0,3,4,0,2,3,,N,,,,,,,,,,,
2008096931,2012,0,0,0,0,0,0,0,0,0,7,0,,67,7,2008,5,39.9509,-75.1411,2011.0,6,0,0,0,0,0,0,0,0,3.0,0,0,0,20,1,1,6,,2,39 57:03.600,1.0,0,75 08:27.600,8,0,0,1,67301,0,0,0,N,0,0,0,1,67301,0,,3,1,,N,N,,0,,0,0,0,0.0,0,Y,2011,1,1,0,0,0,1,0,3,4,0,1,3,,N,,,,,,,,,,,
2008136560,1311,0,0,0,0,0,0,0,0,0,7,0,,67,12,2008,4,40.0458,-75.0,1254.0,6,0,0,0,0,0,0,0,0,,0,0,0,12,1,1,0,,0,40 02:44.820,,2,74 59:59.960,8,0,0,0,67301,0,0,0,Y,0,0,0,1,68K01,0,,4,1,,N,N,,0,,0,0,1,0.0,0,,1249,1,1,0,0,0,1,0,3,4,0,1,3,,N,,,,,,,,,,,
2009013689,841,1,0,0,0,0,0,0,0,0,6,1,,67,12,2008,5,40.006,-75.0867,838.0,6,0,0,0,0,0,0,0,0,2.0,0,1,0,8,1,1,2,,1,40 00:21.776,1.0,0,75 05:12.439,8,0,0,0,67301,0,0,0,,0,0,0,2,67301,0,,1,1,,,,,0,,0,0,0,9.0,4,N,830,1,2,0,0,0,1,0,3,4,0,2,3,,N,,,,,,,,,,,
2009013739,1916,2,0,0,0,0,0,0,0,0,2,0,,67,12,2008,3,40.0103,-75.1673,1853.0,6,0,0,0,0,0,0,0,0,,0,0,0,18,3,1,0,,0,40 00:37.080,,0,75 10:02.280,8,0,0,0,67301,0,0,0,N,0,0,0,4,67301,0,,1,1,,N,N,,0,,0,0,0,0.0,0,,1853,1,2,0,0,0,1,0,3,4,0,2,3,,N,,,,,,,,,,,
2009013847,2240,2,0,0,0,0,0,0,0,0,4,0,,67,11,2008,6,39.9579,-75.1641,2235.0,6,0,0,0,0,0,0,0,0,,0,0,0,99,3,0,5,,0,39 57:28.586,,0,75 09:50.893,0,0,0,0,67301,0,0,0,N,0,0,0,4,67301,0,,1,1,,N,N,,0,,0,0,0,3.0,2,,9999,0,4,0,0,0,0,0,3,4,2,4,3,,N,,,,,,,,,,,
2009000853,626,1,0,0,0,0,0,0,0,0,4,0,,67,11,2008,4,40.0086,-75.0688,624.0,6,0,0,0,0,0,1,0,0,2.0,0,0,0,6,1,3,1,,1,40 00:31.034,4.0,0,75 04:07.810,4,0,0,0,67301,0,0,0,,0,0,0,3,67301,1,,1,1,,,,,0,,0,0,1,3.0,2,N,620,3,2,0,0,0,2,0,3,4,0,2,3,,N,,,,,,,,,,,
2008082218,554,2,0,0,0,0,0,0,0,0,4,0,,67,5,2008,6,39.9739,-75.2064,551.0,6,0,0,0,0,0,1,0,0,,0,0,0,5,1,1,1,,0,39 58:26.145,,0,75 12:23.121,8,0,0,0,67301,0,0,0,N,0,0,0,2,67301,0,,1,9,,N,N,,0,,0,0,0,3.0,2,,548,1,2,0,0,0,1,0,3,4,0,2,7,,N,,,,,,,,,,,
2008079018,935,1,0,0,0,0,0,0,0,0,8,0,,67,3,2008,4,40.1011,-74.9744,930.0,6,0,0,0,0,0,0,0,0,,0,0,0,12,1,1,1,,0,40 06:03.898,,0,74 58:27.803,4,0,0,0,67301,1,0,0,N,1,0,0,2,67301,1,,1,1,,N,Y,,0,,0,0,0,9.0,2,,1200,1,2,0,0,0,0,1,3,4,0,1,3,,N,,,,,,,,,,,
2008079068,2351,0,0,0,0,0,0,0,0,0,8,0,,67,5,2008,3,40.0117,-75.1631,2350.0,6,0,0,0,0,0,1,0,0,1.0,0,0,0,23,3,1,1,,1,40 00:41.819,4.0,0,75 09:47.469,4,0,0,0,67301,1,0,0,,1,0,0,3,67301,1,,1,1,,N,N,,0,,0,0,0,3.0,3,Y,2348,1,2,0,0,2,0,0,3,4,1,1,3,,N,,,,,,,,,,,
2008079070,1452,1,0,0,1,0,0,0,0,0,4,0,,67,5,2008,1,39.8919,-75.2419,1450.0,6,0,0,0,0,0,0,0,0,,0,0,0,14,1,1,2,,0,39 53:30.991,,0,75 14:30.863,3,0,0,0,67301,1,0,0,N,0,0,0,2,67301,0,,1,1,,N,N,,0,,1,0,0,0.0,0,,1445,1,2,0,0,0,0,0,3,4,0,1,3,,N,,,,,,,,,,,
2008091341,1725,1,0,0,0,0,0,0,0,0,1,0,,67,6,2008,5,39.9534,-75.1371,1724.0,6,0,0,0,0,0,0,0,0,,0,0,0,17,1,2,0,,0,39 57:12.330,,0,75 08:13.615,4,0,0,0,67301,0,0,0,N,0,0,0,6,67501,1,,1,1,,N,N,,0,,0,0,1,3.0,2,,1725,2,2,0,0,0,1,0,3,4,0,2,3,,N,,,,,,,,,,,
2008088834,2036,0,0,0,0,0,0,0,0,0,8,0,,67,6,2008,7,40.023,-75.0549,2033.0,6,0,0,0,0,0,0,0,0,,0,0,0,20,2,1,0,,0,40 01:22.630,,0,75 03:17.730,4,0,0,0,67301,1,0,0,N,1,0,0,2,67301,1,,1,9,,N,N,,0,,0,0,1,0.0,0,,2025,1,2,0,0,0,0,1,3,4,0,1,7,,N,,,,,,,,,,,
2008081085,1245,2,0,0,0,0,0,0,0,0,4,0,,67,5,2008,7,39.9645,-75.2108,1236.0,6,0,0,0,0,0,0,1,0,,0,0,0,99,1,2,1,,0,39 57:52.304,,0,75 12:38.901,8,0,0,0,67301,0,0,0,N,0,0,0,3,67301,0,,1,1,,N,N,,0,,0,0,0,3.0,2,,9999,2,2,0,0,0,2,1,3,4,0,2,3,,N,,,,,,,,,,,
2008081521,2139,0,0,0,0,0,0,1,0,0,8,1,,67,5,2008,5,40.0275,-75.0624,2139.0,6,0,0,0,0,0,0,0,0,1.0,0,0,0,21,3,1,1,,1,40 01:39.134,2.0,0,75 03:44.544,4,0,0,0,67301,1,0,0,,1,0,0,2,67301,1,,1,1,,N,N,,0,,0,0,0,3.0,2,N,2133,1,2,0,0,0,0,0,3,4,0,1,3,,N,,,,,,,,,,,
2008081527,1548,1,0,0,0,0,0,0,0,0,8,0,,67,4,2008,7,39.9748,-75.2502,1546.0,6,0,0,0,0,0,0,0,0,,0,0,0,15,1,1,1,,0,39 58:29.377,,0,75 15:00.568,8,0,0,0,67301,1,0,0,N,1,0,0,2,67301,0,,1,1,,N,N,,0,,0,0,0,9.0,3,,1539,1,2,0,0,0,1,1,3,4,0,1,3,,N,,,,,,,,,,,
2008108386,816,2,0,0,0,0,0,0,0,0,1,0,,67,8,2008,4,40.0242,-75.1309,806.0,6,0,0,0,0,0,0,0,0,2.0,0,0,0,7,1,0,0,,1,40 01:27.031,1.0,0,75 07:51.200,0,0,0,0,67301,0,0,0,N,0,0,0,4,67301,0,,1,1,,N,N,,1,,0,0,0,0.0,0,N,758,0,3,0,0,0,0,0,3,4,0,3,3,,N,,,,,,,,,,,
2008079237,526,1,0,0,0,0,0,0,0,0,1,0,,67,5,2008,6,39.9784,-75.1216,518.0,6,0,0,0,0,0,0,0,0,,0,0,0,5,1,1,0,,0,39 58:42.259,,0,75 07:17.617,8,0,0,0,67301,0,0,0,N,0,0,0,1,67301,0,,6,1,,N,N,,1,,0,0,0,0.0,0,,515,1,2,0,0,0,1,0,3,4,0,2,3,,N,,,,,,,,,,,
2008100886,1157,1,0,0,0,0,0,1,0,0,4,1,,67,6,2008,5,39.99,-75.1484,1155.0,6,0,0,0,0,0,1,0,0,9.0,0,0,0,99,1,2,1,,2,39 59:23.942,2.0,0,75 08:54.063,3,0,0,0,67301,0,0,0,N,0,0,0,3,67301,1,,1,1,,N,N,,0,,1,0,0,3.0,2,Y,9999,2,2,0,0,1,0,0,3,4,0,2,3,,N,,,,,,,,,,,
2008098402,1537,2,0,0,0,0,0,0,0,0,4,0,,67,8,2008,1,40.0971,-75.0182,1531.0,6,0,0,0,1,0,0,0,0,1.0,0,0,0,15,1,1,1,,1,40 05:49.711,4.0,0,75 01:05.375,4,0,0,0,67301,0,0,0,N,0,0,0,4,67301,1,,1,1,,N,N,,0,,0,0,0,3.0,2,Y,1528,1,2,0,0,0,0,1,3,4,0,2,3,,N,,,,,,,,,,,
2008098404,1734,1,0,0,0,0,0,0,0,0,7,0,,67,7,2008,2,39.9181,-75.2301,1734.0,6,0,0,0,0,0,0,0,0,,0,0,0,17,1,0,1,,0,39 55:05.149,,0,75 13:48.442,0,0,0,0,67301,0,0,0,N,0,0,0,2,67301,0,,5,1,,N,N,,0,,0,0,0,3.0,2,,1725,0,1,0,0,0,0,0,3,4,0,1,3,,N,,,,,,,,,,,
2008098471,1642,2,0,0,0,0,0,0,0,0,1,0,,67,7,2008,6,40.0159,-75.1538,1635.0,6,0,0,0,0,0,0,0,0,,0,0,0,16,1,1,1,,0,40 00:57.144,,0,75 09:13.829,4,0,0,0,67301,0,0,0,N,0,0,0,4,67301,1,,1,1,,N,N,,0,,0,0,0,3.0,2,,1610,1,2,0,0,2,0,0,3,4,0,2,3,,N,,,,,,,,,,,
2008098482,1657,1,0,0,0,0,0,0,0,0,6,0,,67,8,2008,1,39.9721,-75.1248,1657.0,6,0,0,0,0,0,0,0,0,,0,0,0,16,1,1,5,,0,39 58:20.009,,0,75 07:27.822,8,0,0,0,67301,0,0,0,,0,0,0,2,67301,0,,1,1,,,,,1,,0,0,0,0.0,0,,1657,1,2,0,0,1,1,0,3,4,0,2,3,,N,,,,,,,,,,,
2008098487,9999,1,0,0,1,0,0,0,0,0,4,0,,67,6,2008,5,39.9889,-75.1284,1545.0,6,0,0,0,0,0,0,0,0,,0,0,0,15,1,1,2,,0,39 59:20.187,,0,75 07:42.369,4,0,0,0,67301,1,0,0,N,0,0,0,2,67301,1,,1,1,,N,N,,0,,0,0,0,0.0,0,,1545,1,2,0,0,0,0,0,3,4,0,1,3,,N,,,,,,,,,,,
2008133975,1840,1,0,0,0,0,0,0,0,0,7,0,,67,10,2008,2,40.0059,-75.1961,1830.0,6,1,0,0,0,0,0,0,0,1.0,0,0,0,18,1,0,0,,2,40 00:22.847,4.0,2,75 11:38.477,0,0,0,0,67301,0,0,0,N,0,0,0,1,67301,0,,3,1,,N,N,,0,,0,0,0,0.0,0,Y,1830,0,1,0,0,0,0,0,3,4,0,1,3,,N,,,,,,,,,,,
2008136723,1237,1,0,0,0,0,0,0,0,0,1,0,,67,12,2008,1,40.0099,-75.2063,1235.0,6,0,0,0,0,0,0,0,0,,0,0,0,12,1,0,0,,0,40 00:35.823,,0,75 12:22.818,0,0,0,0,67301,0,0,0,N,0,0,0,2,68K01,0,,1,1,,N,N,,0,,0,0,1,0.0,0,,1228,0,2,0,0,0,0,0,3,4,0,2,3,,N,,,,,,,,,,,
2008119373,1025,2,0,0,0,0,0,0,0,0,2,0,,67,9,2008,3,40.0157,-75.1401,1015.0,6,0,0,0,0,0,1,0,0,,0,0,0,10,1,2,1,,0,40 00:56.408,,0,75 08:24.331,8,0,0,0,67301,0,0,0,N,0,0,0,2,67301,0,,1,1,,N,N,,0,,0,0,0,0.0,0,,1000,2,2,0,0,1,2,0,3,4,0,2,3,,N,,,,,,,,,,,
2008133823,1546,0,0,0,0,0,0,0,0,0,8,0,,67,10,2008,4,40.0297,-75.054,1544.0,6,0,0,0,0,0,0,0,0,,0,0,0,15,1,1,2,,0,40 01:47.010,,0,75 03:14.371,4,0,0,0,67301,1,0,0,N,1,0,0,2,67301,1,,1,1,,N,N,,1,,0,0,0,3.0,3,,1544,1,2,0,0,0,0,0,3,4,0,1,3,,N,,,,,,,,,,,
2008134035,1820,1,0,0,0,0,0,1,0,0,1,1,,67,10,2008,3,39.9541,-75.161,1815.0,6,0,0,0,0,0,0,1,0,,0,0,0,14,1,1,1,,0,39 57:14.933,,0,75 09:39.712,4,0,0,0,67301,0,0,0,N,0,0,0,2,67301,1,,1,1,,N,N,,0,,0,0,0,9.0,2,,1400,1,2,0,0,0,0,0,3,4,0,2,3,,N,,,,,,,,,,,
2008136000,1655,0,0,0,0,0,0,0,0,0,1,0,,67,12,2008,7,39.9286,-75.1967,1653.0,6,0,0,0,0,0,1,0,0,,0,0,0,16,1,1,0,,0,39 55:39.970,,0,75 11:45.211,8,0,0,0,67301,0,0,0,N,0,0,0,6,68K01,0,,1,1,,N,N,,0,,0,0,1,0.0,0,,1648,1,2,0,0,0,1,0,3,4,1,2,3,,N,,,,,,,,,,,
2008119312,805,2,0,0,0,0,0,0,0,0,2,0,,67,9,2008,6,39.9787,-75.2679,800.0,6,0,0,0,0,0,0,1,0,,0,0,0,8,1,1,2,,0,39 58:43.332,,0,75 16:04.466,8,0,0,0,67301,0,0,0,N,0,0,0,2,67301,0,,1,1,,N,N,,0,,0,0,0,0.0,0,,800,1,2,0,0,0,1,1,3,4,0,2,3,,N,,,,,,,,,,,
2008133611,1145,1,0,0,0,0,0,0,0,0,4,0,,67,10,2008,7,40.0318,-75.0853,1138.0,6,0,0,0,0,0,0,0,0,1.0,0,0,0,11,1,1,1,,1,40 01:54.429,3.0,0,75 05:07.227,4,0,0,0,67301,0,0,0,N,0,0,0,3,67301,1,,1,9,,N,N,,0,,0,0,0,3.0,2,N,1138,1,2,0,0,0,0,0,3,4,1,2,7,,N,,,,,,,,,,,
2008085219,938,2,0,0,0,0,0,0,0,0,4,0,,67,5,2008,7,39.9449,-75.1598,938.0,6,0,0,0,0,0,1,0,0,1.0,0,0,0,9,1,1,1,,2,39 56:41.643,3.0,0,75 09:35.305,4,0,0,0,67301,0,0,0,N,0,0,0,2,67301,1,,1,1,,N,N,,0,,0,0,0,3.0,2,Y,937,1,2,0,0,0,0,0,3,4,0,2,3,,N,,,,,,,,,,,
2008082864,9999,0,0,0,1,0,0,0,0,0,9,0,,67,5,2008,5,,,9999.0,6,0,0,0,0,0,0,0,0,,0,0,0,17,1,1,1,,0,,,0,,3,0,0,0,67301,1,0,0,N,0,0,0,2,67301,0,,1,1,,N,N,,0,,1,0,0,0.0,0,,1700,1,2,0,0,0,0,0,3,3,0,1,3,,N,,,,,,,,,,,
2008095345,1613,1,0,0,0,0,0,0,0,0,1,0,,67,8,2008,1,40.0611,-75.2363,1608.0,6,0,0,0,0,0,1,0,0,,0,0,0,16,1,1,1,,0,40 03:40.050,,0,75 14:10.507,4,0,0,0,67301,0,0,0,,0,0,0,2,67301,1,,1,1,,,,,0,,0,0,1,3.0,2,,1606,1,2,0,0,0,0,0,3,4,0,2,3,,N,,,,,,,,,,,
2008087943,152,1,0,0,0,0,0,0,0,0,4,0,,67,6,2008,7,40.0199,-75.0897,117.0,6,0,0,0,0,0,0,0,0,,0,0,0,1,3,1,0,,0,40 01:11.755,,0,75 05:22.808,4,0,0,0,67301,0,0,0,,0,0,0,1,67301,1,,6,1,,,,,0,,0,0,1,0.0,0,,116,1,2,0,0,0,0,0,3,4,0,2,3,,N,,,,,,,,,,,
2008097576,1535,1,0,0,0,0,0,0,0,0,4,0,,67,7,2008,2,39.9671,-75.1621,1533.0,6,0,0,0,0,0,0,0,0,,0,0,0,15,1,3,1,,0,39 58:01.549,,0,75 09:43.675,3,0,0,0,67301,0,0,0,N,0,0,0,4,67301,1,,1,1,,N,N,,0,,2,0,1,3.0,2,,1530,3,2,0,0,0,0,0,3,4,0,2,3,,N,,,,,,,,,,,
2008088067,1750,2,0,0,0,0,0,0,0,0,1,0,,67,6,2008,4,40.0626,-75.1708,1745.0,6,0,0,0,0,0,1,0,0,,0,0,0,17,1,1,1,,0,40 03:45.319,,0,75 10:14.845,8,0,0,0,67301,0,0,0,N,0,0,0,2,67301,0,,1,1,,N,N,,0,,0,0,0,3.0,3,,1740,1,2,0,0,0,1,0,3,4,0,2,3,,N,,,,,,,,,,,
2008090243,1632,1,0,0,0,0,0,0,0,0,4,0,,67,6,2008,3,40.0067,-75.139,1626.0,6,0,0,0,0,0,0,0,0,3.0,1,0,0,16,1,0,0,,2,40 00:24.030,2.0,0,75 08:20.468,1,1,0,1,67301,0,0,0,N,0,0,0,1,67301,0,2.0,6,1,,N,N,,0,0.0,0,0,0,0.0,0,Y,1623,0,2,0,0,0,0,0,3,4,0,2,3,,N,,,,,,,,,,,
2008083218,45,0,0,0,0,0,0,0,0,0,7,0,,67,5,2008,3,40.0027,-75.2233,30.0,6,0,0,0,0,0,0,0,0,2.0,0,0,0,23,3,1,0,,2,40 00:10.800,1.0,0,75 13:21.000,2,0,1,1,67301,0,0,0,N,0,0,0,1,67301,0,,2,1,,N,N,,0,,0,1,0,3.0,2,Y,2330,1,1,0,0,0,0,0,3,4,0,1,3,,N,,,,,,,,,,,
2008097994,1630,3,0,0,0,0,0,0,0,0,1,0,,67,7,2008,3,39.9659,-75.2068,1630.0,6,0,0,0,0,0,1,0,0,,0,0,0,15,1,1,1,,0,39 57:57.398,,0,75 12:24.599,4,0,0,0,67301,0,0,0,N,0,0,0,6,67301,1,,1,1,,N,N,,0,,0,0,0,0.0,0,,1530,1,3,0,0,0,0,1,3,4,0,3,3,,N,,,,,,,,,,,