CRN,ARRIVAL_TM,AUTOMOBILE_COUNT,BELTED_DEATH_COUNT,BELTED_SUSP_SERIOUS_INJ_COUNT,BICYCLE_COUNT,BICYCLE_DEATH_COUNT,BICYCLE_SUSP_SERIOUS_INJ_COUNT,BUS_COUNT,CHLDPAS_DEATH_COUNT,CHLDPAS_SUSP_SERIOUS_INJ_COUNT,COLLISION_TYPE,COMM_VEH_COUNT,CONS_ZONE_SPD_LIM,COUNTY,CRASH_MONTH,CRASH_YEAR,DAY_OF_WEEK,DEC_LAT,DEC_LONG,DISPATCH_TM,DISTRICT,DRIVER_COUNT_16YR,DRIVER_COUNT_17YR,DRIVER_COUNT_18YR,DRIVER_COUNT_19YR,DRIVER_COUNT_20YR,DRIVER_COUNT_50_64YR,DRIVER_COUNT_65_74YR,DRIVER_COUNT_75PLUS,EST_HRS_CLOSED,FATAL_COUNT,HEAVY_TRUCK_COUNT,HORSE_BUGGY_COUNT,HOUR_OF_DAY,ILLUMINATION,INJURY_COUNT,INTERSECT_TYPE,INTERSECTION_RELATED,LANE_CLOSED,LATITUDE,LN_CLOSE_DIR,LOCATION_TYPE,LONGITUDE,MAX_SEVERITY_LEVEL,MCYCLE_DEATH_COUNT,MCYCLE_SUSP_SERIOUS_INJ_COUNT,MOTORCYCLE_COUNT,MUNICIPALITY,NONMOTR_COUNT,NONMOTR_DEATH_COUNT,NONMOTR_SUSP_SERIOUS_INJ_COUNT,NTFY_HIWY_MAINT,PED_COUNT,PED_DEATH_COUNT,PED_SUSP_SERIOUS_INJ_COUNT,PERSON_COUNT,POLICE_AGCY,POSSIBLE_INJ_COUNT,RDWY_SURF_TYPE_CD,RELATION_TO_ROAD,ROAD_CONDITION,ROADWAY_CLEARED,SCH_BUS_IND,SCH_ZONE_IND,SECONDARY_CRASH,SMALL_TRUCK_COUNT,SPEC_JURIS_CD,SUSP_MINOR_INJ_COUNT,SUSP_SERIOUS_INJ_COUNT,SUV_COUNT,TCD_FUNC_CD,TCD_TYPE,TFC_DETOUR_IND,TIME_OF_DAY,TOT_INJ_COUNT,TOTAL_UNITS,UNB_DEATH_COUNT,UNB_SUSP_SERIOUS_INJ_COUNT,UNBELTED_OCC_COUNT,UNK_INJ_DEG_COUNT,UNK_INJ_PER_COUNT,URBAN_AREA,URBAN_RURAL,VAN_COUNT,VEHICLE_COUNT,WEATHER1,WEATHER2,WORK_ZONE_IND,WORK_ZONE_LOC,WORK_ZONE_TYPE,WORKERS_PRES,WZ_CLOSE_DETOUR,WZ_FLAGGER,WZ_LAW_OFFCR_IND,WZ_LN_CLOSURE,WZ_MOVING,WZ_OTHER,WZ_SHLDER_MDN,WZ_WORKERS_INJ_KILLED
2008098006,911,1,0,0,0,0,0,0,0,0,2,1,,67,5,2008,1,40.0115,-75.0698,908.0,6,0,0,0,0,0,0,0,0,,0,1,0,9,1,1,1,,0,40 00:42.017,,0,75 04:11.475,8,0,0,0,67301,0,0,0,,0,0,0,3,67301,0,,1,1,,,,,0,,0,0,1,3.0,2,,905,1,3,0,0,0,1,0,3,4,0,3,3,,N,,,,,,,,,,,
2008100502,828,1,0,0,0,0,0,0,0,0,7,0,,67,7,2008,5,,,828.0,6,0,0,0,0,0,0,0,0,1.0,0,0,0,8,1,0,0,,2,,1.0,0,,0,0,0,0,67301,0,0,0,N,0,0,0,2,67301,0,,5,9,,N,N,,0,,0,0,0,0.0,0,Y,827,0,1,0,0,0,0,0,3,3,0,1,7,,N,,,,,,,,,,,
2008098257,1345,1,0,0,0,0,0,0,0,0,5,0,,67,8,2008,7,40.0038,-75.0943,1315.0,6,0,0,0,0,0,0,0,0,,0,0,0,12,1,1,0,,0,40 00:13.437,,0,75 05:39.729,4,0,0,0,67301,0,0,0,N,0,0,0,2,67301,1,,1,1,,N,N,,1,,0,0,0,0.0,0,,1230,1,2,0,0,0,0,0,3,4,0,2,3,,N,,,,,,,,,,,
2008098294,1905,2,0,0,0,0,0,0,0,0,1,0,,67,7,2008,4,40.0424,-75.0828,1900.0,6,0,0,0,0,1,0,0,0,,0,0,0,18,1,1,1,,0,40 02:32.501,,0,75 04:57.931,4,0,0,0,67301,0,0,0,N,0,0,0,3,67301,1,,1,1,,N,N,,0,,0,0,0,3.0,2,,1840,1,2,0,0,0,0,0,3,4,0,2,3,,N,,,,,,,,,,,
2008095836,5,2,0,0,0,0,0,0,0,0,7,0,,67,7,2008,3,39.9264,-75.1945,2356.0,6,0,0,0,0,0,0,0,0,2.0,0,0,0,23,3,0,0,,1,39 55:39.403,3.0,2,75 11:44.064,9,0,0,0,67301,0,0,0,N,0,0,0,2,68K01,0,,4,1,,N,N,,0,,0,0,0,0.0,0,N,2353,0,2,0,0,0,0,1,3,4,0,2,3,,N,,,,,,,,,,,
2008081464,1007,2,0,0,0,0,0,0,0,0,1,0,,67,5,2008,6,39.9773,-75.2277,958.0,6,0,0,0,0,0,0,0,0,,0,0,0,9,1,2,0,,0,39 58:38.233,,0,75 13:39.662,4,0,0,0,67301,0,0,0,N,0,0,0,2,67301,2,,1,1,,N,Y,,0,,0,0,0,0.0,0,,950,2,2,0,0,0,0,0,3,4,0,2,7,,N,,,,,,,,,,,
2008081475,1508,2,0,0,0,0,0,0,0,0,4,0,,67,5,2008,3,40.0698,-75.2383,1506.0,6,0,0,0,0,0,1,0,0,,0,0,0,15,1,0,2,,0,40 04:11.100,,0,75 14:17.714,0,0,0,0,67301,0,0,0,N,0,0,0,2,67301,0,,1,1,,,,,0,,0,0,0,1.0,3,,1504,0,2,0,0,2,0,0,3,4,0,2,3,,N,,,,,,,,,,,
2008081488,732,0,0,0,0,0,0,1,0,0,8,1,,67,4,2008,4,39.9752,-75.2665,728.0,6,0,0,0,0,0,0,0,0,,0,0,0,7,1,1,0,,0,39 58:30.637,,0,75 15:59.349,4,0,0,0,67301,1,0,0,N,1,0,0,2,67301,1,,1,1,,N,Y,,0,,0,0,0,0.0,0,,725,1,2,0,0,0,0,0,3,4,0,1,3,,N,,,,,,,,,,,
2008096929,1715,1,0,0,0,0,0,0,0,0,8,0,,67,7,2008,5,39.9538,-75.1666,1710.0,6,0,0,0,0,0,0,0,0,1.0,0,0,0,17,1,1,1,,1,39 57:13.704,4.0,0,75 09:59.737,4,0,0,0,67301,1,0,0,,1,0,0,2,67301,1,,1,1,,N,N,,0,,0,0,0,2.0,2,N,1705,1,2,0,0,0,0,0,3,4,0,1,3,,N,,,,,,,,,,,
2008098653,9999,2,0,0,0,0,0,0,0,0,5,0,,67,7,2008,2,39.9191,-75.1687,1632.0,6,0,0,1,0,0,1,0,0,,0,0,0,16,1,3,1,,0,39 55:08.922,,0,75 10:07.273,8,0,0,0,67301,0,0,0,N,0,0,0,5,67301,0,,1,9,,N,N,,0,,0,0,0,3.0,3,,1632,3,2,0,0,0,3,0,3,4,0,2,7,,N,,,,,,,,,,,
2008098664,235,2,0,0,0,0,0,0,0,0,2,0,,67,7,2008,2,39.9481,-75.1542,230.0,6,0,0,0,1,0,0,0,0,,0,0,0,2,3,0,1,,0,39 56:53.162,,0,75 09:15.144,9,0,0,0,67301,0,0,0,N,0,0,0,2,67301,0,,1,9,,N,N,,0,,0,0,0,3.0,2,,225,0,2,0,0,0,0,1,3,4,0,2,7,,N,,,,,,,,,,,
2008098667,1823,2,0,0,0,0,0,0,0,0,1,0,,67,7,2008,5,39.9695,-75.2254,1820.0,6,0,0,0,0,0,1,0,0,,0,0,0,18,1,2,1,,0,39 58:10.252,,0,75 13:31.337,4,0,0,0,67301,0,0,0,N,0,0,0,5,67301,2,,1,1,,N,N,,0,,0,0,0,3.0,2,,1818,2,2,0,0,0,0,0,3,4,0,2,3,,N,,,,,,,,,,,
2008082137,1435,2,0,0,0,0,0,0,0,0,1,1,,67,5,2008,2,40.026,-75.122,1412.0,6,0,0,0,0,0,0,0,0,,0,1,0,14,1,3,1,,0,40 01:33.600,,0,75 07:19.200,4,0,0,0,67301,0,0,0,N,0,0,0,4,67301,3,,1,1,,N,N,,0,,0,0,0,0.0,0,,1412,3,3,0,0,0,0,0,3,4,0,3,3,,N,,,,,,,,,,,
2008104459,1214,4,0,0,0,0,0,0,0,0,6,0,,67,8,2008,6,39.9954,-75.1055,1214.0,6,0,0,0,0,0,2,0,0,,0,0,0,12,1,2,1,,0,39 59:43.508,,0,75 06:19.956,4,0,0,0,67301,0,0,0,N,0,0,0,4,67301,2,,1,1,,N,N,,0,,0,0,0,3.0,2,,1210,2,4,0,0,0,0,0,3,4,0,4,3,,N,,,,,,,,,,,
2008097492,1816,2,0,0,0,0,0,0,0,0,1,0,,67,7,2008,4,40.0434,-75.1236,1811.0,6,0,0,0,0,0,0,0,0,,0,0,0,17,1,1,0,,0,40 02:36.409,,0,75 07:24.857,4,0,0,0,67301,0,0,0,,0,0,0,2,67301,1,,1,1,,N,N,,0,,0,0,0,0.0,0,,1745,1,2,0,0,0,0,1,3,4,0,2,3,,N,,,,,,,,,,,
2008097494,1900,1,0,0,0,0,0,0,0,0,8,0,,67,6,2008,1,40.0272,-75.1512,1850.0,6,0,0,0,0,0,0,0,0,,0,0,0,18,1,1,1,,0,40 01:37.801,,0,75 09:04.478,4,0,0,0,67301,1,0,0,N,1,0,0,2,67301,1,,1,1,,N,N,,0,,0,0,0,3.0,2,,1840,1,2,0,0,1,0,0,3,4,0,1,3,,N,,,,,,,,,,,
2008081547,1838,0,0,0,0,0,0,0,0,0,1,0,,67,5,2008,7,39.9842,-75.1399,1838.0,6,0,0,0,0,0,0,0,0,,0,0,0,99,1,1,0,,0,39 59:03.050,,0,75 08:23.765,4,0,0,0,67301,0,0,0,,0,0,0,1,67301,1,,2,1,,,,,0,,0,0,1,0.0,0,,9999,1,2,0,0,0,0,0,3,4,0,2,3,,N,,,,,,,,,,,
2008108303,1258,0,0,0,0,0,0,0,0,0,5,0,,67,8,2008,7,40.0338,-75.2083,1253.0,6,0,0,0,0,0,1,0,0,3.0,0,0,0,12,1,0,0,,1,40 02:01.842,2.0,0,75 12:30.001,0,0,0,0,67301,0,0,0,N,0,0,0,1,67301,0,,1,1,,N,N,,0,,0,0,2,0.0,0,N,1238,0,2,0,0,0,0,0,3,4,0,2,3,,N,,,,,,,,,,,
2008108364,1358,2,0,0,0,0,0,0,0,0,4,0,,67,9,2008,4,39.9629,-75.1913,200.0,6,0,0,0,0,0,0,0,1,,0,0,0,13,1,1,1,,0,39 57:46.554,,0,75 11:28.840,4,0,0,0,67301,0,0,0,,0,0,0,2,67301,1,,1,1,,,,,0,,0,0,0,3.0,2,,1357,1,2,0,0,0,0,1,3,4,0,2,3,,N,,,,,,,,,,,
2008108381,1455,2,0,0,0,0,0,0,0,0,1,0,,67,8,2008,6,39.9762,-75.2267,1445.0,6,0,0,0,0,0,1,0,0,,0,0,0,14,1,1,3,,0,39 58:34.180,,0,75 13:36.168,4,0,0,0,67301,0,0,0,N,0,0,0,3,67301,1,,1,1,,N,N,,0,,0,0,1,3.0,2,,1445,1,3,0,0,0,0,0,3,4,0,3,3,,N,,,,,,,,,,,
2008108384,1815,2,0,0,0,0,0,0,0,0,2,0,,67,8,2008,7,39.9513,-75.1991,1815.0,6,0,0,0,0,0,0,0,0,2.0,0,0,0,18,1,1,1,,1,39 57:04.584,5.0,0,75 11:56.879,4,0,0,0,67301,0,0,0,N,0,0,0,3,67301,1,,1,1,,N,N,,0,,0,0,0,3.0,2,Y,1815,1,2,0,0,0,0,0,3,4,0,2,3,,N,,,,,,,,,,,
2008094821,1922,1,0,0,0,0,0,0,0,0,8,0,,67,7,2008,6,40.031,-75.149,1917.0,6,0,0,0,1,0,0,0,0,,0,0,0,19,1,1,1,,0,40 01:51.420,,0,75 08:56.317,4,0,0,0,67301,1,0,0,N,1,0,0,2,67301,1,,1,1,,N,N,,0,,0,0,0,0.0,0,,1917,1,2,0,0,0,0,0,3,4,0,1,3,,N,,,,,,,,,,,
2008094893,1545,1,0,0,0,0,0,0,0,0,1,0,,67,6,2008,7,39.9901,-75.1035,1545.0,6,0,0,0,0,0,0,1,0,,0,0,0,15,1,0,0,,0,39 59:24.198,,0,75 06:12.633,0,0,0,0,67301,0,0,0,,0,0,0,3,67301,0,,1,1,,N,N,,0,,0,0,0,0.0,0,,1545,0,2,0,0,0,0,0,3,4,1,2,3,,N,,,,,,,,,,,
2008094902,1323,2,0,0,0,0,0,0,0,0,4,0,,67,6,2008,1,40.1231,-75.0146,1315.0,6,0,0,0,0,0,0,0,0,,0,0,0,13,1,1,0,,0,40 07:23.281,,7,75 00:52.420,4,0,0,0,67301,0,0,0,N,0,0,0,3,67301,1,,1,1,,N,N,,0,,0,0,0,0.0,0,,1314,1,2,0,0,1,0,0,3,4,0,2,3,,N,,,,,,,,,,,
2008108395,1557,2,0,0,0,0,0,0,0,0,1,0,,67,8,2008,2,39.9293,-75.1686,1549.0,6,0,0,0,0,0,2,0,0,,0,0,0,15,1,1,1,,0,39 55:45.086,,0,75 10:06.859,4,0,0,0,67301,0,0,0,N,0,0,0,2,67301,1,,1,1,,N,N,,0,,0,0,0,3.0,2,,1505,1,2,0,0,0,0,0,3,4,0,2,3,,N,,,,,,,,,,,
2008098451,1933,2,0,0,0,0,0,0,0,0,4,0,,67,7,2008,1,40.0338,-75.1281,1930.0,6,0,0,0,0,0,0,0,0,,0,0,0,18,1,0,1,,0,40 02:01.849,,0,75 07:41.314,0,0,0,0,67301,0,0,0,N,0,0,0,2,67301,0,,1,1,,N,N,,0,,0,0,0,3.0,2,,1830,0,2,0,0,0,0,0,3,4,0,2,3,,N,,,,,,,,,,,
2008098479,1712,2,0,0,0,0,0,0,0,0,4,0,,67,7,2008,5,39.9416,-75.1421,1710.0,6,0,0,0,0,0,0,0,0,,0,0,0,15,1,1,2,,0,39 56:29.656,,2,75 08:32.557,4,0,0,0,67301,0,0,0,,0,0,0,2,67301,1,,1,1,,,,,0,,0,0,0,0.0,0,,1547,1,2,0,0,0,0,0,3,4,0,2,3,,N,,,,,,,,,,,
2008096072,936,1,0,0,0,0,0,0,0,0,5,0,,67,6,2008,2,39.9478,-75.2314,929.0,6,0,0,0,0,0,0,1,0,,0,0,0,9,1,1,0,,0,39 56:52.008,,0,75 13:53.295,8,0,0,0,67301,0,0,0,,0,0,0,3,67301,0,,1,1,,,,,0,,0,0,1,0.0,0,,925,1,2,0,0,0,1,0,3,4,0,2,3,,N,,,,,,,,,,,
2008119240,1847,2,0,0,0,0,0,0,0,0,6,0,,67,9,2008,6,40.03,-75.1533,1847.0,6,0,0,0,0,0,0,0,0,,0,0,0,18,1,0,0,,0,40 01:47.989,,0,75 09:12.038,0,0,0,0,67301,0,0,0,,0,0,0,2,67301,0,,1,9,,,,,0,,0,0,0,0.0,0,,1845,0,2,0,0,0,0,0,3,4,0,2,7,,N,,,,,,,,,,,
2008119262,2215,4,0,0,0,0,0,0,0,0,1,0,,67,10,2008,6,39.9945,-75.1593,2208.0,6,0,0,0,0,0,0,0,0,,0,0,0,21,3,1,1,,0,39 59:40.362,,0,75 09:33.547,4,0,0,0,67301,0,0,0,N,0,0,0,5,67301,1,,1,1,,N,N,,0,,0,0,0,0.0,0,,2128,1,4,0,0,4,0,1,3,4,0,4,3,,N,,,,,,,,,,,
2008133556,1542,1,0,0,0,0,0,0,0,0,4,0,,67,10,2008,3,40.0578,-75.0087,1532.0,6,0,1,0,0,0,1,0,0,2.0,0,0,0,14,1,3,1,,1,40 03:28.059,3.0,0,75 00:31.473,8,0,0,0,67301,0,0,0,N,0,0,0,3,67301,0,,1,1,,N,N,,0,,0,0,2,3.0,2,N,1434,3,3,0,0,0,3,0,3,4,0,3,3,,N,,,,,,,,,,,
2008133584,2005,2,0,0,0,0,0,0,0,0,4,0,,67,11,2008,5,40.035,-75.1737,2003.0,6,0,0,0,0,0,0,0,0,,0,0,0,20,3,0,1,,0,40 02:06.009,,0,75 10:25.403,0,0,0,0,67301,0,0,0,,0,0,0,2,67301,0,,1,9,,,,,0,,0,0,0,9.0,2,,2000,0,2,0,0,0,0,0,3,4,0,2,7,,N,,,,,,,,,,,
2008133651,732,1,0,0,0,0,0,0,0,0,8,0,,67,11,2008,5,40.0032,-75.1525,730.0,6,0,0,0,0,0,0,0,0,,0,0,0,7,1,1,1,,0,40 00:11.393,,0,75 09:08.838,4,0,0,0,67301,1,0,0,,1,0,0,2,67301,1,,1,9,,,,,0,,0,0,0,3.0,2,,730,1,2,0,0,0,0,0,3,4,0,1,7,,N,,,,,,,,,,,
2008095687,1210,1,0,0,0,0,0,0,0,0,8,0,,67,7,2008,5,39.9997,-75.1385,1205.0,6,0,0,0,1,0,0,0,0,,0,0,0,12,1,1,2,,0,39 59:58.947,,0,75 08:18.742,4,0,0,0,67301,1,0,0,N,1,0,0,2,67301,1,,1,1,,N,N,,0,,0,0,0,2.0,2,,1205,1,2,0,0,1,0,0,3,4,0,1,3,,N,,,,,,,,,,,
2008095714,1313,0,0,0,0,0,0,0,0,0,8,0,,67,8,2008,6,39.9994,-75.1291,1304.0,6,0,0,1,0,0,0,0,0,,0,0,0,12,1,1,0,,0,39 59:57.764,,0,75 07:44.774,4,0,0,0,67301,1,0,0,N,1,0,0,3,67301,1,,1,1,,N,N,,0,,0,0,1,0.0,0,,1259,1,2,0,0,0,0,0,3,4,0,1,3,,N,,,,,,,,,,,
2008080638,1415,1,0,0,0,0,0,0,0,0,7,0,,67,7,2008,4,40.0081,-75.2019,1406.0,6,0,0,0,0,0,0,0,0,1.0,0,0,0,14,1,1,0,,2,40 00:28.362,4.0,0,75 12:05.039,4,0,0,0,67301,0,0,0,N,0,0,0,1,68K01,1,,4,1,,N,N,,0,,0,0,0,0.0,0,N,1403,1,1,0,0,0,0,0,3,4,0,1,3,,N,,,,,,,,,,,
2008097878,1412,0,0,0,1,0,0,0,0,0,4,1,,67,6,2008,2,39.9946,-75.1643,1406.0,6,0,0,0,0,0,0,0,0,,0,0,0,13,1,1,1,,0,39 59:40.599,,0,75 09:51.451,3,0,0,0,67301,1,0,0,N,0,0,0,2,67301,0,,1,1,,N,N,,0,,1,0,0,3.0,3,,1350,1,2,0,0,0,0,0,3,4,1,1,3,,N,,,,,,,,,,,
2008097614,1715,1,0,0,0,0,0,0,0,0,1,0,,67,7,2008,4,40.067,-75.1563,1703.0,6,0,0,0,0,0,1,0,0,,0,0,0,16,1,1,1,,0,40 04:01.164,,0,75 09:22.593,8,0,0,0,67301,0,0,0,N,0,0,0,3,67301,0,,1,1,,N,N,,0,,0,0,2,3.0,2,,1645,1,3,0,0,0,1,1,3,4,0,3,3,,N,,,,,,,,,,,
2008097617,9999,4,0,0,0,0,0,0,0,0,4,0,,67,7,2008,3,40.0155,-75.1388,555.0,6,0,0,0,0,0,0,0,0,,0,0,0,5,1,1,1,,0,40 00:55.846,,0,75 08:19.712,8,0,0,0,67301,0,0,0,N,0,0,0,2,67301,0,,1,1,,N,N,,0,,0,0,0,3.0,2,,555,1,4,0,0,0,1,1,3,4,0,4,3,,N,,,,,,,,,,,
2008097625,9999,2,0,0,0,0,0,0,0,0,4,0,,67,7,2008,2,39.987,-75.1744,1629.0,6,0,0,0,0,0,1,0,0,3.0,0,0,0,99,1,2,1,,1,39 59:13.322,5.0,0,75 10:27.753,2,0,0,0,67301,0,0,0,N,0,0,0,4,67301,1,,1,1,,N,N,,0,,0,1,1,3.0,2,Y,9999,2,4,0,0,0,0,0,3,4,1,4,3,,N,,,,,,,,,,,
2008088191,2343,2,0,0,0,0,0,0,0,0,4,0,,67,6,2008,3,40.047,-75.0877,2341.0,6,0,0,0,0,0,0,0,0,,0,0,0,23,6,0,0,,0,40 02:49.203,,0,75 05:15.565,0,0,0,0,67301,0,0,0,N,0,0,0,1,67301,0,,4,1,,N,N,,0,,0,0,0,0.0,0,,2339,0,2,0,0,1,0,0,3,4,0,2,3,,N,,,,,,,,,,,
2008088258,9999,0,0,0,0,0,0,0,0,0,4,0,,67,5,2008,4,39.9936,-75.1073,9999.0,6,0,0,0,0,0,0,0,0,,0,0,0,10,1,0,2,,0,39 59:37.010,,0,75 06:26.272,0,0,0,0,67301,0,0,0,,0,0,0,2,67301,0,,1,1,,,,,2,,0,0,0,3.0,3,,1015,0,2,0,0,0,0,0,3,4,0,2,3,,N,,,,,,,,,,,
2008087981,1715,1,0,0,0,0,0,0,0,0,2,0,,67,6,2008,5,40.046,-75.0823,1712.0,6,0,0,0,0,0,0,0,0,9.0,0,0,0,16,1,1,1,,1,40 02:45.600,6.0,0,75 04:56.341,4,0,0,0,67301,0,0,0,,0,0,0,2,67301,1,,1,1,,,,,1,,0,0,0,0.0,0,Y,1656,1,2,0,0,0,0,0,3,4,0,2,3,,N,,,,,,,,,,,
2008088076,1911,2,0,0,0,0,0,0,0,0,1,0,,67,6,2008,4,39.9353,-75.1546,1906.0,6,0,0,0,0,0,0,0,0,,0,0,0,18,1,1,0,,0,39 56:07.230,,0,75 09:16.650,8,0,0,0,67301,0,0,0,,0,0,0,2,67301,0,,1,9,,,,,0,,0,0,0,0.0,0,,1855,1,2,0,0,0,1,0,3,4,0,2,7,,N,,,,,,,,,,,
2008087851,1724,2,0,0,0,0,0,0,0,0,1,0,,67,6,2008,7,40.0353,-75.0252,718.0,6,0,0,0,0,0,1,0,0,,0,0,0,17,1,2,1,,0,40 02:07.013,,0,75 01:30.653,4,0,0,0,67301,0,0,0,N,0,0,0,3,67301,2,,1,1,,N,N,,0,,0,0,0,3.0,2,,1715,2,2,0,0,0,0,1,3,4,0,2,3,,N,,,,,,,,,,,
2008098035,2145,1,0,0,1,0,0,0,0,0,6,0,,67,8,2008,6,39.9811,-75.1762,1840.0,6,0,0,0,0,0,0,1,0,,0,0,0,18,1,1,2,,0,39 58:51.924,,0,75 10:34.193,4,0,0,0,67301,1,0,0,,0,0,0,2,67301,1,,1,1,,,,,0,,0,0,0,3.0,3,,1840,1,2,0,0,0,0,0,3,4,0,1,3,,N,,,,,,,,,,,
2008098285,1726,2,0,0,0,0,0,0,0,0,1,0,,67,7,2008,4,39.998,-75.1253,1724.0,6,0,0,0,0,0,0,0,0,,0,0,0,17,1,1,0,,0,39 59:52.758,,0,75 07:31.229,8,0,0,0,67301,0,0,0,N,0,0,0,4,67301,0,,1,1,,N,N,,0,,0,0,0,0.0,0,,1720,1,2,0,0,0,1,0,3,4,0,2,3,,N,,,,,,,,,,,
2008083794,335,1,0,0,0,0,0,0,0,0,7,0,,67,7,2008,4,39.9135,-75.1482,335.0,6,0,0,0,0,0,0,0,0,1.0,0,0,0,3,3,0,0,,1,39 54:53.691,1.0,0,75 08:52.075,0,0,0,0,67301,0,0,0,N,0,0,0,2,68K01,0,,2,1,,N,N,,0,,0,0,0,0.0,0,N,317,0,1,0,0,0,0,0,3,4,0,1,3,,N,,,,,,,,,,,
2008098385,930,0,0,0,0,0,0,0,0,0,1,0,,67,7,2008,3,40.0295,-75.1467,900.0,6,0,0,0,0,0,0,0,0,,0,0,0,9,1,2,1,,0,40 01:46.123,,0,75 08:48.184,3,0,0,0,67301,0,0,0,N,0,0,0,3,67301,1,,1,1,,N,N,,0,,1,0,1,3.0,2,,900,2,2,0,0,0,0,1,3,4,1,2,3,,N,,,,,,,,,,,
2008078920,655,2,0,0,0,0,0,0,0,0,1,0,,67,5,2008,6,39.9318,-75.1578,48.0,6,0,0,0,0,0,0,0,0,,0,0,0,99,1,1,0,,0,39 55:54.552,,0,75 09:28.004,4,0,0,0,67301,0,0,0,,0,0,0,3,67301,1,,1,1,,,,,0,,0,0,0,0.0,0,,9999,1,2,0,0,0,0,0,3,4,0,2,3,,N,,,,,,,,,,,
2008108014,1250,0,0,0,0,0,0,0,0,0,8,0,,67,8,2008,5,40.0286,-75.2103,1245.0,6,0,0,0,0,0,0,0,0,,0,0,0,12,1,1,0,,0,40 01:42.829,,0,75 12:37.082,4,0,0,0,67301,1,0,0,N,1,0,0,2,67301,1,,1,1,,N,N,,0,,0,0,1,0.0,0,,1240,1,2,0,0,0,0,0,3,4,0,1,3,,N,,,,,,,,,,,
2008070683,1646,2,0,0,0,0,0,0,0,0,4,0,,67,4,2008,1,39.9685,-75.2428,1646.0,6,0,0,0,0,0,0,0,0,,0,0,0,16,1,0,1,,0,39 58:06.636,,0,75 14:34.040,0,0,0,0,67301,0,0,0,N,0,0,0,2,67301,0,,1,2,,N,N,,0,,0,0,0,3.0,3,,1640,0,2,0,0,0,0,0,3,4,0,2,3,,N,,,,,,,,,,,
2008100986,1727,2,0,0,0,0,0,0,0,0,5,0,,67,6,2008,6,39.9905,-75.1641,1719.0,6,0,0,0,0,0,0,0,0,2.0,0,0,0,17,1,3,2,,1,39 59:25.814,2.0,0,75 09:50.684,3,0,0,0,67301,0,0,0,,0,0,0,3,67301,0,,1,1,,,,,0,,1,0,0,3.0,3,N,1719,3,2,0,0,0,2,0,3,4,0,2,3,,N,,,,,,,,,,,
2008099063,949,1,0,0,1,0,0,0,0,0,4,0,,67,7,2008,2,39.9557,-75.2156,943.0,6,0,0,0,0,0,0,0,0,,0,0,0,9,1,1,1,,0,39 57:20.650,,0,75 12:56.102,4,0,0,0,67301,1,0,0,N,0,0,0,2,67301,1,,1,9,,N,N,,0,,0,0,0,3.0,2,,935,1,2,0,0,0,0,0,3,4,0,1,7,,N,,,,,,,,,,,
2008098634,2035,3,0,0,0,0,0,0,0,0,1,0,,67,7,2008,6,39.9548,-75.208,2031.0,6,0,1,0,0,0,0,0,0,,0,0,0,20,1,1,0,,0,39 57:17.252,,0,75 12:28.733,4,0,0,0,67301,0,0,0,N,0,0,0,4,67301,1,,6,1,,N,N,,0,,0,0,0,0.0,0,,2029,1,3,0,0,0,0,0,3,4,0,3,3,,N,,,,,,,,,,,
2008071908,2010,1,0,0,0,0,0,0,0,0,1,0,,67,4,2008,7,40.0267,-75.1172,2005.0,6,0,0,0,0,0,0,0,0,,0,0,0,20,1,3,0,,0,40 01:36.212,,0,75 07:01.891,4,0,0,0,67301,0,0,0,N,0,0,0,6,67301,3,,1,1,,N,N,,1,,0,0,0,3.0,2,,2008,3,2,0,0,4,0,1,3,4,0,2,3,,N,,,,,,,,,,,
2008069470,2026,1,0,0,0,0,0,0,0,0,8,0,,67,4,2008,3,39.965,-75.1707,2023.0,6,0,0,0,0,0,0,0,0,,0,0,0,20,3,1,1,,0,39 57:53.989,,0,75 10:14.401,8,0,0,0,67301,1,0,0,N,1,0,0,2,67301,0,,1,1,,N,N,,0,,0,0,0,9.0,3,,2023,1,2,0,0,0,1,0,3,4,0,1,3,,N,,,,,,,,,,,
2008094094,2230,2,0,0,0,0,0,0,0,0,1,0,,67,8,2008,6,39.9738,-75.1941,2230.0,6,0,0,0,0,0,0,0,0,,0,0,0,22,3,0,0,,0,39 58:29.440,,0,75 11:39.952,0,0,0,0,67301,0,0,0,N,0,0,0,3,68K01,0,,1,1,,N,N,,0,,0,0,0,0.0,0,,2227,0,2,0,0,0,0,0,3,4,0,2,3,,N,,,,,,,,,,,
2008082140,1818,0,0,0,0,0,0,0,0,0,0,0,,67,4,2008,5,39.973,-75.2261,1817.0,6,0,0,0,0,0,0,0,0,3.0,0,0,0,18,1,1,0,,2,39 58:22.562,5.0,0,75 13:34.010,3,0,0,1,67301,0,0,0,N,0,0,0,1,67301,0,,1,1,,N,N,,0,,1,0,0,3.0,2,Y,1815,1,1,0,0,0,0,0,3,4,0,1,3,,N,,,,,,,,,,,
2008077689,2351,1,0,0,0,0,0,0,0,0,7,0,,67,6,2008,2,39.9078,-75.1524,2347.0,6,0,0,0,0,1,0,0,0,,0,0,0,23,3,0,0,,0,39 54:24.580,,2,75 08:57.780,0,0,0,0,67301,0,0,0,N,0,0,0,1,68K01,0,,2,1,,N,N,,0,,0,0,0,0.0,0,,2344,0,1,0,0,0,0,0,3,4,0,1,3,,N,,,,,,,,,,,