CRN,ARRIVAL_TM,AUTOMOBILE_COUNT,BELTED_DEATH_COUNT,BELTED_SUSP_SERIOUS_INJ_COUNT,BICYCLE_COUNT,BICYCLE_DEATH_COUNT,BICYCLE_SUSP_SERIOUS_INJ_COUNT,BUS_COUNT,CHLDPAS_DEATH_COUNT,CHLDPAS_SUSP_SERIOUS_INJ_COUNT,COLLISION_TYPE,COMM_VEH_COUNT,CONS_ZONE_SPD_LIM,COUNTY,CRASH_MONTH,CRASH_YEAR,DAY_OF_WEEK,DEC_LAT,DEC_LONG,DISPATCH_TM,DISTRICT,DRIVER_COUNT_16YR,DRIVER_COUNT_17YR,DRIVER_COUNT_18YR,DRIVER_COUNT_19YR,DRIVER_COUNT_20YR,DRIVER_COUNT_50_64YR,DRIVER_COUNT_65_74YR,DRIVER_COUNT_75PLUS,EST_HRS_CLOSED,FATAL_COUNT,HEAVY_TRUCK_COUNT,HORSE_BUGGY_COUNT,HOUR_OF_DAY,ILLUMINATION,INJURY_COUNT,INTERSECT_TYPE,INTERSECTION_RELATED,LANE_CLOSED,LATITUDE,LN_CLOSE_DIR,LOCATION_TYPE,LONGITUDE,MAX_SEVERITY_LEVEL,MCYCLE_DEATH_COUNT,MCYCLE_SUSP_SERIOUS_INJ_COUNT,MOTORCYCLE_COUNT,MUNICIPALITY,NONMOTR_COUNT,NONMOTR_DEATH_COUNT,NONMOTR_SUSP_SERIOUS_INJ_COUNT,NTFY_HIWY_MAINT,PED_COUNT,PED_DEATH_COUNT,PED_SUSP_SERIOUS_INJ_COUNT,PERSON_COUNT,POLICE_AGCY,POSSIBLE_INJ_COUNT,RDWY_SURF_TYPE_CD,RELATION_TO_ROAD,ROAD_CONDITION,ROADWAY_CLEARED,SCH_BUS_IND,SCH_ZONE_IND,SECONDARY_CRASH,SMALL_TRUCK_COUNT,SPEC_JURIS_CD,SUSP_MINOR_INJ_COUNT,SUSP_SERIOUS_INJ_COUNT,SUV_COUNT,TCD_FUNC_CD,TCD_TYPE,TFC_DETOUR_IND,TIME_OF_DAY,TOT_INJ_COUNT,TOTAL_UNITS,UNB_DEATH_COUNT,UNB_SUSP_SERIOUS_INJ_COUNT,UNBELTED_OCC_COUNT,UNK_INJ_DEG_COUNT,UNK_INJ_PER_COUNT,URBAN_AREA,URBAN_RURAL,VAN_COUNT,VEHICLE_COUNT,WEATHER1,WEATHER2,WORK_ZONE_IND,WORK_ZONE_LOC,WORK_ZONE_TYPE,WORKERS_PRES,WZ_CLOSE_DETOUR,WZ_FLAGGER,WZ_LAW_OFFCR_IND,WZ_LN_CLOSURE,WZ_MOVING,WZ_OTHER,WZ_SHLDER_MDN,WZ_WORKERS_INJ_KILLED
2008079759,1222,2,0,0,0,0,0,0,0,0,4,0,,67,5,2008,2,39.9172,-75.2374,1217.0,6,0,0,0,0,0,0,1,0,,0,0,0,12,1,1,1,,0,39 55:02.040,,0,75 14:14.593,3,0,0,0,67301,0,0,0,,0,0,0,2,67301,0,,1,9,,N,N,,0,,1,0,0,3.0,2,,1216,1,2,0,0,2,0,0,3,4,0,2,7,,N,,,,,,,,,,,
2008079074,1605,2,0,0,0,0,0,0,0,0,1,0,,67,5,2008,3,39.9945,-75.1578,1600.0,6,0,0,0,0,0,0,1,0,2.0,0,0,0,15,1,1,0,,2,39 59:40.218,1.0,0,75 09:27.998,4,0,0,0,67301,0,0,0,,0,0,0,3,67301,1,,1,1,,,,,0,,0,0,0,3.0,2,Y,1555,1,2,0,0,0,0,1,3,4,0,2,3,,N,,,,,,,,,,,
2008079082,1903,2,0,0,0,0,0,0,0,0,6,0,,67,5,2008,7,39.938,-75.1886,1900.0,6,0,1,0,0,0,0,0,0,,0,0,0,99,1,2,1,,0,39 56:16.818,,0,75 11:19.125,4,0,0,0,67301,0,0,0,N,0,0,0,3,67301,2,,1,1,,N,N,,0,,0,0,0,9.0,3,,9999,2,2,0,0,0,0,0,3,4,0,2,3,,N,,,,,,,,,,,
2008079091,1310,2,0,0,0,0,0,0,0,0,1,0,,67,5,2008,5,40.0169,-75.0606,1305.0,6,0,0,0,0,0,2,0,0,,0,0,0,99,1,2,1,,0,40 01:00.846,,0,75 03:38.599,4,0,0,0,67301,0,0,0,,0,0,0,3,67301,2,,1,9,,,,,1,,0,0,0,3.0,2,,9999,2,3,0,0,0,0,0,3,4,0,3,7,,N,,,,,,,,,,,
2008097462,9999,1,0,0,0,0,0,0,0,0,7,0,,67,7,2008,6,40.0471,-75.0513,506.0,6,0,0,0,0,0,0,0,0,1.0,0,0,0,99,5,1,0,,1,40 02:49.510,1.0,0,75 03:04.810,4,0,0,0,67301,0,0,0,,0,0,0,3,67301,1,,5,1,,,,,0,,0,0,0,0.0,0,N,9999,1,1,0,0,0,0,0,3,4,0,1,3,,N,,,,,,,,,,,
2008108342,1354,2,0,0,0,0,0,0,0,0,1,0,,67,8,2008,1,39.9716,-75.2426,1349.0,6,0,0,0,0,0,0,0,0,,0,0,0,13,1,0,0,,0,39 58:17.627,,0,75 14:33.271,0,0,0,0,67301,0,0,0,N,0,0,0,2,67301,0,,1,1,,N,N,,0,,0,0,0,0.0,0,,1348,0,2,0,0,0,0,0,3,4,0,2,3,,N,,,,,,,,,,,
2008108382,1540,1,0,0,0,0,0,0,0,0,1,0,,67,8,2008,4,39.9134,-75.2272,1536.0,6,0,1,0,0,0,1,0,0,,0,0,0,15,1,0,2,,0,39 54:48.261,,0,75 13:37.916,0,0,0,0,67301,0,0,0,,0,0,0,2,67301,0,,1,1,,,,,1,,0,0,0,3.0,2,,1540,0,2,0,0,0,0,0,3,4,0,2,3,,N,,,,,,,,,,,
2008094886,1814,3,0,0,0,0,0,0,0,0,1,0,,67,6,2008,6,40.0546,-75.005,1812.0,6,0,1,0,0,0,0,0,1,,0,0,0,18,1,2,0,,0,40 03:16.547,,0,75 00:17.988,4,0,0,0,67301,0,0,0,N,0,0,0,5,67301,2,,1,1,,N,N,,0,,0,0,0,0.0,0,,1810,2,3,0,0,0,0,0,3,4,0,3,3,,N,,,,,,,,,,,
2008094921,2015,2,0,0,0,0,0,0,0,0,6,0,,67,6,2008,4,39.9473,-75.1479,2001.0,6,0,0,0,0,0,0,0,0,,0,0,0,20,1,2,1,,0,39 56:50.294,,0,75 08:52.553,4,0,0,0,67301,0,0,0,N,0,0,0,6,67301,2,,1,1,,N,N,,0,,0,0,0,3.0,2,,2001,2,2,0,0,6,0,0,3,4,0,2,3,,N,,,,,,,,,,,
2008094922,2320,2,0,0,0,0,0,0,0,0,4,0,,67,6,2008,2,39.9547,-75.1495,2315.0,6,0,0,0,0,0,0,1,0,1.0,0,0,0,22,3,1,1,,1,39 57:16.782,3.0,0,75 08:58.276,4,0,0,0,67301,0,0,0,N,0,0,0,2,67301,1,,1,1,,N,N,,0,,0,0,0,9.0,2,N,2250,1,2,0,0,0,0,0,3,4,0,2,3,,N,,,,,,,,,,,
2008079182,1149,1,0,0,0,0,0,0,0,0,1,1,,67,5,2008,5,39.932,-75.1611,1149.0,6,0,0,0,0,0,2,0,0,1.0,0,1,0,11,1,1,0,,1,39 55:55.293,3.0,0,75 09:39.837,8,0,0,0,67301,0,0,0,,0,0,0,5,67301,0,,1,1,,,,,0,,0,0,0,0.0,0,N,1126,1,2,0,0,0,1,0,3,4,0,2,3,,N,,,,,,,,,,,
2008083664,1713,1,0,0,1,0,0,0,0,0,4,0,,67,4,2008,4,39.963,-75.1789,1708.0,6,0,0,0,0,0,0,0,0,,0,0,0,17,1,1,0,,0,39 57:46.712,,0,75 10:43.639,4,0,0,0,67301,1,0,0,,0,0,0,2,67301,1,,1,1,,,,,0,,0,0,0,0.0,0,,1706,1,2,0,0,1,0,0,3,4,0,1,3,,N,,,,,,,,,,,
2008098436,9999,2,0,0,0,0,0,0,0,0,4,0,,67,7,2008,1,40.0343,-75.1833,1755.0,6,0,0,0,0,0,0,0,0,,0,0,0,99,1,0,0,,0,40 02:03.476,,0,75 10:59.926,0,0,0,0,67301,0,0,0,N,0,0,0,1,67301,0,,2,1,,N,N,,0,,0,0,0,0.0,0,,9999,0,2,0,0,0,0,0,3,4,0,2,3,,N,,,,,,,,,,,
2008081212,820,1,0,0,0,0,0,0,0,0,8,0,,67,5,2008,3,40.0121,-75.143,815.0,6,0,0,0,0,0,1,0,0,,0,0,0,99,1,1,0,,0,40 00:43.646,,0,75 08:34.684,8,0,0,0,67301,1,0,0,,1,0,0,2,67301,0,,1,1,,N,N,,0,,0,0,0,0.0,0,,9999,1,2,0,0,0,1,0,3,4,0,1,3,,N,,,,,,,,,,,
2008078882,2035,2,0,0,0,0,0,0,0,0,1,0,,67,5,2008,4,39.9184,-75.2084,2030.0,6,0,0,1,0,0,0,0,0,,0,0,0,20,3,0,0,,0,39 55:07.548,,0,75 12:27.009,9,0,0,0,67301,0,0,0,,0,0,0,2,67301,0,,1,1,,,,,0,,0,0,0,3.0,2,,2030,0,2,0,0,1,0,1,3,4,0,2,3,,N,,,,,,,,,,,
2008133296,900,1,0,0,0,0,0,0,0,0,8,0,,67,10,2008,2,40.0346,-75.0449,849.0,6,0,0,0,0,0,0,1,0,,0,0,0,7,1,2,1,,0,40 02:04.529,,0,75 02:41.665,4,0,0,0,67301,2,0,0,N,2,0,0,3,67301,1,,3,1,,N,N,,0,,0,0,0,3.0,2,,715,2,3,0,0,0,1,0,3,4,0,1,3,,N,,,,,,,,,,,
2008134041,830,1,0,0,0,0,0,0,0,0,1,0,,67,11,2008,7,40.0233,-75.1258,822.0,6,0,0,0,0,0,1,0,0,,0,0,0,99,1,1,1,,0,40 01:23.930,,0,75 07:32.757,8,0,0,0,67301,0,0,0,N,0,0,0,3,67301,0,,1,1,,N,N,,1,,0,0,0,3.0,3,,9999,1,2,0,0,0,1,0,3,4,0,2,3,5.0,N,,,,,,,,,,,
2008119258,2040,1,0,0,0,0,0,0,0,0,5,0,,67,9,2008,2,40.0116,-75.1631,2036.0,6,0,0,0,0,0,0,0,0,,0,0,0,20,1,1,0,,0,40 00:41.652,,0,75 09:47.334,8,0,0,0,67301,2,0,0,N,0,0,0,3,67301,0,,1,1,,N,N,,0,,0,0,2,0.0,0,,2035,1,3,0,0,0,1,0,3,4,0,3,3,,N,,,,,,,,,,,
2008133555,1159,2,0,0,0,0,0,0,0,0,4,0,,67,10,2008,3,40.0506,-75.1579,1150.0,6,0,0,0,0,0,0,0,0,,0,0,0,9,1,1,2,,0,40 03:02.145,,0,75 09:28.321,4,0,0,0,67301,0,0,0,N,0,0,0,2,67301,1,,1,9,,N,N,,0,,0,0,0,3.0,3,,945,1,2,0,0,0,0,1,3,4,0,2,7,,N,,,,,,,,,,,
2008118974,1834,2,0,0,0,0,0,0,0,0,4,0,,67,9,2008,3,40.0588,-75.1386,1737.0,6,0,0,0,0,0,0,1,0,,0,0,0,99,1,2,2,,0,40 03:31.824,,0,75 08:18.791,4,0,0,0,67301,0,0,0,N,0,0,0,2,67301,1,,1,1,,N,N,,0,,0,0,0,3.0,3,,9999,2,2,0,0,0,1,0,3,4,0,2,3,,N,,,,,,,,,,,
2008118977,2100,1,0,0,0,0,0,0,0,0,8,0,,67,8,2008,2,39.9582,-75.2355,2059.0,6,0,0,0,0,0,0,0,0,,0,0,0,20,3,1,1,,0,39 57:29.526,,0,75 14:07.850,8,0,0,0,67301,1,0,0,N,1,0,0,3,67301,0,,1,1,,N,N,,0,,0,0,0,0.0,0,,2059,1,2,0,0,0,1,0,3,4,0,1,3,,N,,,,,,,,,,,
2008095704,2300,1,0,0,1,0,0,0,0,0,4,0,,67,6,2008,3,40.006,-75.1766,2255.0,6,0,0,0,0,0,0,0,0,3.0,0,0,0,99,3,1,1,,1,40 00:21.755,5.0,0,75 10:35.816,8,0,0,0,67301,1,0,0,,0,0,0,3,67301,0,,1,1,,,,,0,,0,0,0,2.0,2,Y,9999,1,3,0,0,0,1,0,3,4,0,2,3,,N,,,,,,,,,,,
2008087591,947,1,0,0,0,0,0,0,0,0,4,0,,67,5,2008,1,40.0343,-75.0386,930.0,6,0,0,0,0,0,0,0,2,2.0,0,0,0,9,1,1,1,,1,40 02:03.472,6.0,0,75 02:19.007,4,0,0,0,67301,0,0,0,N,0,0,0,3,67301,1,,1,1,,N,N,,0,,0,0,1,3.0,2,N,930,1,2,0,0,0,0,0,3,4,0,2,3,,N,,,,,,,,,,,
2008095396,2026,3,0,0,0,0,0,0,0,0,4,0,,67,6,2008,3,39.9183,-75.1618,2021.0,6,0,0,1,0,0,0,0,1,,0,0,0,20,1,2,1,,0,39 55:05.757,,0,75 09:42.652,4,0,0,0,67301,0,0,0,N,0,0,0,4,67301,2,,1,1,,N,N,,0,,0,0,0,3.0,3,,2021,2,3,0,0,0,0,0,3,4,0,3,3,,N,,,,,,,,,,,
2008097969,712,2,0,0,0,0,0,0,0,0,4,0,,67,7,2008,3,40.0604,-75.0247,709.0,6,0,0,0,0,0,1,0,0,,0,0,0,7,1,5,0,,0,40 03:37.573,,7,75 01:28.988,3,0,0,0,67301,0,0,0,,0,0,0,5,67301,3,,1,1,,N,N,,0,,2,0,0,0.0,0,,707,5,2,0,0,0,0,0,3,4,0,2,3,,N,,,,,,,,,,,
2008088402,1925,1,0,0,0,0,0,0,0,0,8,0,,67,6,2008,1,40.0079,-75.1041,1920.0,6,0,0,0,0,0,0,0,0,,0,0,0,19,1,1,1,,0,40 00:28.400,,0,75 06:14.889,4,0,0,0,67301,1,0,0,,1,0,0,2,67301,1,,1,1,,N,N,,0,,0,0,0,3.0,3,,1915,1,2,0,0,0,0,0,3,4,0,1,3,,N,,,,,,,,,,,
2008088435,907,2,0,0,0,0,0,0,0,0,4,0,,67,6,2008,6,40.0296,-75.2063,904.0,6,0,0,0,0,0,1,1,0,9.0,0,0,0,8,1,2,1,,1,40 01:46.666,2.0,0,75 12:22.539,8,0,0,0,67301,0,0,0,,0,0,0,2,67301,0,,1,1,,N,N,,0,,0,0,0,0.0,0,N,830,2,2,0,0,1,2,0,3,4,0,2,3,,N,,,,,,,,,,,
2008080399,2318,2,0,0,0,0,0,0,0,0,1,0,,67,7,2008,1,39.9485,-75.1856,2313.0,6,0,0,0,0,0,0,0,0,,0,0,0,22,3,1,0,,0,39 56:55.071,,2,75 11:08.231,4,0,0,0,67301,0,0,0,N,0,0,0,3,68K01,1,,1,1,,N,N,,0,,0,0,0,0.0,0,,2257,1,2,0,0,0,0,0,3,4,0,2,3,,N,,,,,,,,,,,
2008088173,1307,1,0,0,0,0,0,0,0,0,2,0,,67,6,2008,4,40.1018,-75.0275,1306.0,6,0,0,0,0,0,0,2,0,,0,0,0,13,1,1,1,,0,40 06:06.588,,0,75 01:38.906,4,0,0,0,67301,0,0,0,N,0,0,0,5,67301,1,,1,1,,N,N,,1,,0,0,1,3.0,2,,1306,1,3,0,0,0,0,0,3,4,0,3,3,,N,,,,,,,,,,,
2008088201,820,2,0,0,0,0,0,0,0,0,1,0,,67,6,2008,4,39.9827,-75.2413,810.0,6,0,0,0,0,0,1,0,0,,0,0,0,8,1,1,0,,0,39 58:57.897,,0,75 14:28.932,4,0,0,0,67301,0,0,0,N,0,0,0,4,67301,1,,1,1,,N,N,,1,,0,0,0,3.0,2,,809,1,3,0,0,0,0,0,3,4,0,3,3,,N,,,,,,,,,,,
2008088238,200,1,0,0,0,0,0,0,0,0,4,0,,67,6,2008,2,40.0645,-75.0681,150.0,6,0,0,0,0,0,0,0,0,,0,0,0,1,3,0,0,,0,40 03:52.246,,0,75 04:05.012,0,0,0,0,67301,0,0,0,N,0,0,0,1,67301,0,,6,1,,N,N,,0,,0,0,1,0.0,0,,148,0,3,0,0,0,0,0,3,4,1,3,3,,N,,,,,,,,,,,
2008080303,1030,1,0,0,0,0,0,0,0,0,1,0,,67,5,2008,7,40.0631,-75.0305,1020.0,6,0,0,0,0,0,0,0,0,,0,0,0,9,1,0,0,,0,40 03:46.980,,0,75 01:49.652,9,0,0,0,67301,0,0,0,N,0,0,0,1,67301,0,,6,1,,N,N,,0,,0,0,0,0.0,0,,950,0,2,0,0,0,0,1,3,4,0,2,3,,N,,,,,,,,,,,
2008077813,1539,0,0,0,0,0,0,0,0,0,1,0,,67,6,2008,1,39.9059,-75.1331,1539.0,6,0,0,0,0,0,0,0,0,1.0,0,0,0,15,1,1,0,,1,39 54:21.104,3.0,3,75 07:59.269,4,0,0,0,67301,0,0,0,N,0,0,0,5,67501,1,,1,1,,N,N,,0,,0,0,2,3.0,8,N,1535,1,2,0,0,0,0,0,3,4,0,2,3,,N,,,,,,,,,,,
2008088088,1604,1,0,0,1,0,0,0,0,0,4,0,,67,6,2008,2,40.0322,-75.1341,1601.0,6,0,0,0,0,0,1,0,0,,0,0,0,16,1,1,2,,0,40 01:55.923,,0,75 08:02.889,4,0,0,0,67301,1,0,0,N,0,0,0,2,67301,1,,1,1,,N,N,,0,,0,0,0,0.0,0,,1601,1,2,0,0,0,0,0,3,4,0,1,3,,N,,,,,,,,,,,
2008083271,303,0,0,0,0,0,0,0,0,0,7,0,,67,5,2008,5,39.9443,-75.1433,302.0,6,0,0,0,0,0,0,0,0,,0,0,0,3,3,1,2,,0,39 56:39.483,,0,75 08:36.016,4,0,0,0,67301,0,0,0,N,0,0,0,2,67301,1,,4,1,,N,N,,0,,0,0,1,9.0,3,,300,1,1,0,0,0,0,0,3,4,0,1,3,,N,,,,,,,,,,,
2008081132,210,1,0,0,0,0,0,0,0,0,1,0,,67,5,2008,1,40.0503,-75.0695,159.0,6,0,0,0,0,0,0,0,0,,0,0,0,1,2,0,0,,0,40 03:00.979,,0,75 04:10.263,0,0,0,0,67301,0,0,0,,0,0,0,1,67301,0,,1,9,,N,N,,0,,0,0,1,0.0,0,,155,0,2,0,0,0,0,0,3,4,0,2,7,,N,,,,,,,,,,,
2008103339,1958,1,0,0,0,0,0,0,0,0,2,0,,67,6,2008,2,39.9546,-75.2064,1958.0,6,0,0,0,0,0,0,0,0,,0,0,0,19,1,1,1,,0,39 57:16.506,,0,75 12:22.874,4,0,0,0,67301,0,0,0,,0,0,0,2,67301,1,,1,1,,N,N,,0,,0,0,0,3.0,2,,1958,1,2,0,0,0,0,0,3,4,1,2,3,,N,,,,,,,,,,,
2008101002,1950,4,0,0,0,0,0,0,0,0,9,0,,67,7,2008,3,40.039,-75.1446,1945.0,6,0,0,0,0,0,1,0,0,,0,0,0,18,1,3,1,,0,40 02:20.571,,0,75 08:40.639,4,0,0,0,67301,0,0,0,N,0,0,0,5,67301,1,,1,1,,N,N,,0,,0,0,0,3.0,2,,1830,3,4,0,0,0,2,0,3,4,0,4,3,,N,,,,,,,,,,,
2008096070,2052,1,0,0,0,0,0,0,0,0,8,0,,67,7,2008,6,40.0273,-75.1147,2047.0,6,0,0,0,0,0,0,0,0,,0,0,0,20,3,1,0,,0,40 01:38.367,,0,75 06:52.868,4,0,0,0,67301,1,0,0,N,1,0,0,2,67301,1,,1,1,,N,N,,0,,0,0,0,0.0,0,,2036,1,2,0,0,0,0,0,3,4,0,1,3,,N,,,,,,,,,,,
2008074002,1720,4,0,0,0,0,0,0,0,0,5,0,,67,3,2008,1,40.0312,-75.2204,1715.0,6,0,0,0,0,0,0,0,0,,0,0,0,17,1,0,1,,0,40 01:52.345,,0,75 13:13.619,0,0,0,0,67301,0,0,0,N,0,0,0,1,67301,0,,1,1,,N,N,,0,,0,0,0,0.0,0,,1720,0,4,0,0,0,0,0,3,4,0,4,3,,N,,,,,,,,,,,
2008134428,1513,3,0,0,0,0,0,0,0,0,4,0,,67,10,2008,7,39.946,-75.1683,1510.0,6,0,0,0,0,0,1,0,0,,0,0,0,14,1,3,2,,0,39 56:45.448,,0,75 10:06.005,3,0,0,0,67301,0,0,0,N,0,0,0,6,67301,1,,1,9,,N,N,,0,,2,0,1,3.0,2,,1430,3,4,0,0,0,0,0,3,4,0,4,7,,N,,,,,,,,,,,
2008118945,322,2,0,0,0,0,0,0,0,0,1,0,,67,9,2008,5,39.9463,-75.244,316.0,6,0,0,0,0,0,0,0,0,,0,0,0,2,3,1,0,,0,39 56:46.735,,0,75 14:38.405,4,0,0,0,67301,0,0,0,N,0,0,0,2,67301,1,,1,1,,N,N,,1,,0,0,0,0.0,0,,218,1,3,0,0,0,0,0,3,4,0,3,3,,N,,,,,,,,,,,
2008119305,1752,1,0,0,0,0,0,0,0,0,1,0,,67,7,2008,5,39.9572,-75.1576,1729.0,6,0,0,0,0,0,1,0,0,1.0,0,0,0,17,1,2,0,,1,39 57:25.961,3.0,0,75 09:27.280,4,0,0,0,67301,0,0,0,N,0,0,0,5,67301,2,,1,1,,N,N,,0,,0,0,1,0.0,0,N,1700,2,2,0,0,0,0,0,3,4,0,2,3,,N,,,,,,,,,,,
2008119306,1102,0,0,0,0,0,0,0,0,0,1,0,,67,9,2008,1,39.9168,-75.1713,1051.0,6,0,0,0,0,0,1,0,0,,0,0,0,10,1,1,1,,0,39 55:00.480,,0,75 10:16.680,4,0,0,0,67301,0,0,0,N,0,0,0,3,67301,1,,1,1,,N,N,,1,,0,0,1,0.0,0,,1027,1,2,0,0,1,0,0,3,4,0,2,3,,N,,,,,,,,,,,
2008133618,913,2,0,0,0,0,0,0,0,0,2,0,,67,10,2008,1,40.0475,-75.0919,910.0,6,0,0,0,0,0,1,0,0,1.0,0,0,0,9,1,1,1,,2,40 02:50.956,3.0,0,75 05:30.725,8,0,0,0,67301,0,0,0,,0,0,0,3,67301,0,,1,1,,,,,0,,0,0,0,9.0,2,Y,900,1,2,0,0,0,1,0,3,4,0,2,3,,N,,,,,,,,,,,
2008119008,1851,1,0,0,0,0,0,0,0,0,8,0,,67,10,2008,2,39.9939,-75.0802,1853.0,6,0,0,0,0,0,1,0,0,,0,0,0,18,4,1,0,,0,39 59:41.851,,0,75 04:41.081,4,0,0,0,67301,1,0,0,N,1,0,0,3,67301,1,,1,1,,N,N,,0,,0,0,0,0.0,0,,1850,1,2,0,0,0,0,0,3,4,0,1,3,,N,,,,,,,,,,,
2008097979,1837,0,0,0,0,0,0,0,0,0,0,0,,67,7,2008,7,39.9638,-75.2198,1834.0,6,0,0,0,0,0,0,0,0,2.0,0,0,0,18,1,1,2,,2,39 57:49.120,6.0,0,75 13:09.979,8,0,0,1,67301,0,0,0,,0,0,0,1,67301,0,,1,1,,,,,0,,0,0,0,0.0,0,Y,1834,1,2,0,0,0,1,0,3,4,1,2,3,,N,,,,,,,,,,,
2008088421,9999,0,0,0,0,0,0,0,0,0,4,0,,67,5,2008,7,40.0082,-75.1556,9999.0,6,0,0,0,0,0,0,0,0,,0,0,0,21,3,1,1,,0,40 00:29.401,,0,75 09:20.113,2,0,1,1,67301,0,0,0,,0,0,0,2,67301,0,,1,1,,,,,0,,0,1,0,9.0,3,,2100,1,2,0,0,0,0,1,3,4,1,2,3,,N,,,,,,,,,,,
2008088211,1603,1,0,0,0,0,0,0,0,0,4,0,,67,6,2008,6,40.0565,-75.0534,1603.0,6,0,0,0,0,1,0,0,0,,0,0,0,16,1,1,1,,0,40 03:23.473,,0,75 03:12.177,4,0,0,0,67301,0,0,0,N,0,0,0,2,67301,1,,1,1,,N,N,,0,,0,0,1,3.0,2,,1603,1,2,0,0,0,0,0,3,4,0,2,3,,N,,,,,,,,,,,
2008088288,1633,3,0,0,0,0,0,0,0,0,1,0,,67,6,2008,4,40.0582,-75.0908,1630.0,6,0,0,0,0,0,2,0,0,1.0,0,0,0,16,1,2,0,,1,40 03:29.581,3.0,0,75 05:26.764,4,0,0,0,67301,0,0,0,N,0,0,0,3,67301,2,,1,1,,N,N,,0,,0,0,0,0.0,0,Y,1628,2,3,0,0,0,0,0,3,4,0,3,3,,N,,,,,,,,,,,
2008088289,1900,2,0,0,0,0,0,0,0,0,2,0,,67,6,2008,6,40.0283,-75.0744,1856.0,6,0,0,0,0,0,0,0,0,1.0,0,0,0,18,1,1,1,,1,40 01:41.740,1.0,0,75 04:27.919,4,0,0,0,67301,0,0,0,N,0,0,0,2,67301,1,,1,1,,N,N,,0,,0,0,0,0.0,0,Y,1856,1,2,0,0,0,0,0,3,4,0,2,3,,N,,,,,,,,,,,
2008077811,2148,2,0,0,0,0,0,0,0,0,1,0,,67,5,2008,3,39.9536,-75.1384,2148.0,6,0,0,0,0,0,0,0,0,2.0,0,0,0,21,3,4,0,,2,39 57:13.098,4.0,3,75 08:18.094,8,0,0,0,67301,0,0,0,N,0,0,0,5,67501,0,,1,1,,N,N,,0,,0,0,0,3.0,8,N,2145,4,2,0,0,0,4,0,3,4,0,2,3,,N,,,,,,,,,,,
2008088098,2300,1,0,0,0,0,0,0,0,0,7,0,,67,6,2008,6,40.0935,-74.9606,2250.0,6,0,1,0,0,0,0,0,0,,0,0,0,22,3,3,0,,0,40 05:36.434,,0,74 57:38.257,3,0,0,0,67301,0,0,0,N,0,0,0,3,67301,1,,5,1,,N,N,,0,,2,0,0,0.0,0,,2250,3,1,0,0,0,0,0,3,4,0,1,3,,N,,,,,,,,,,,
2008075763,651,1,0,0,0,0,0,0,0,0,5,0,,67,6,2008,3,39.9493,-75.1845,646.0,6,0,0,0,1,0,0,0,0,,0,0,0,6,1,1,0,,0,39 57:02.059,,0,75 10:59.337,4,0,0,0,67301,0,0,0,N,0,0,0,2,68K01,1,,1,1,,N,N,,0,,0,0,0,0.0,0,,640,1,2,0,0,0,0,1,3,4,0,2,3,,N,,,,,,,,,,,
2008087779,2129,3,0,0,0,0,0,0,0,0,1,0,,67,8,2008,6,39.9653,-75.1857,2129.0,6,0,0,0,0,0,1,0,0,1.0,0,0,0,21,1,0,6,,1,39 58:01.200,4.0,2,75 11:16.440,0,0,0,0,67301,0,0,0,N,0,0,0,3,68K01,0,,1,1,,N,N,,0,,0,0,0,0.0,0,N,2128,0,3,0,0,0,0,0,3,4,0,3,3,,N,,,,,,,,,,,
2008087852,1941,0,0,0,0,0,0,0,0,0,0,0,,67,6,2008,5,39.9655,-75.1608,1938.0,6,0,0,0,0,0,0,0,0,,0,0,0,19,1,1,0,,0,39 57:55.650,,0,75 09:38.900,3,0,0,1,67301,0,0,0,,0,0,0,1,67301,0,,1,1,,,,,0,,1,0,0,0.0,0,,1925,1,1,0,0,0,0,0,3,4,0,1,3,,N,,,,,,,,,,,
2008087866,2335,1,0,0,0,0,0,0,0,0,7,0,,67,6,2008,2,39.9996,-75.1906,2335.0,6,0,0,0,0,0,0,0,0,,0,0,0,23,3,0,2,,0,39 59:58.649,,0,75 11:26.101,0,0,0,0,67301,0,0,0,N,0,0,0,1,67301,0,,5,1,,N,N,,0,,0,0,0,3.0,2,,2332,0,1,0,0,0,0,0,3,4,0,1,3,,N,,,,,,,,,,,
2008087877,1901,0,0,0,1,0,0,0,0,0,6,0,,67,6,2008,3,39.9724,-75.2174,1855.0,6,0,0,0,0,0,0,1,0,,0,0,0,18,1,1,1,,0,39 58:20.640,,0,75 13:02.640,4,0,0,0,67301,1,0,0,N,0,0,0,2,67301,1,,1,1,,N,N,,1,,0,0,0,3.0,2,,1850,1,2,0,0,0,0,0,3,4,0,1,3,,N,,,,,,,,,,,
2008100572,1800,1,0,0,0,0,0,0,0,0,8,0,,67,7,2008,6,39.9506,-75.1617,1800.0,6,0,0,0,0,0,0,0,0,,0,0,0,16,1,1,1,,0,39 57:02.085,,0,75 09:42.069,4,0,0,0,67301,1,0,0,N,1,0,0,2,67301,1,,1,1,,N,N,,0,,0,0,0,9.0,2,,1600,1,2,0,0,1,0,0,3,4,0,1,3,,N,,,,,,,,,,,