CRN,ARRIVAL_TM,AUTOMOBILE_COUNT,BELTED_DEATH_COUNT,BELTED_SUSP_SERIOUS_INJ_COUNT,BICYCLE_COUNT,BICYCLE_DEATH_COUNT,BICYCLE_SUSP_SERIOUS_INJ_COUNT,BUS_COUNT,CHLDPAS_DEATH_COUNT,CHLDPAS_SUSP_SERIOUS_INJ_COUNT,COLLISION_TYPE,COMM_VEH_COUNT,CONS_ZONE_SPD_LIM,COUNTY,CRASH_MONTH,CRASH_YEAR,DAY_OF_WEEK,DEC_LAT,DEC_LONG,DISPATCH_TM,DISTRICT,DRIVER_COUNT_16YR,DRIVER_COUNT_17YR,DRIVER_COUNT_18YR,DRIVER_COUNT_19YR,DRIVER_COUNT_20YR,DRIVER_COUNT_50_64YR,DRIVER_COUNT_65_74YR,DRIVER_COUNT_75PLUS,EST_HRS_CLOSED,FATAL_COUNT,HEAVY_TRUCK_COUNT,HORSE_BUGGY_COUNT,HOUR_OF_DAY,ILLUMINATION,INJURY_COUNT,INTERSECT_TYPE,INTERSECTION_RELATED,LANE_CLOSED,LATITUDE,LN_CLOSE_DIR,LOCATION_TYPE,LONGITUDE,MAX_SEVERITY_LEVEL,MCYCLE_DEATH_COUNT,MCYCLE_SUSP_SERIOUS_INJ_COUNT,MOTORCYCLE_COUNT,MUNICIPALITY,NONMOTR_COUNT,NONMOTR_DEATH_COUNT,NONMOTR_SUSP_SERIOUS_INJ_COUNT,NTFY_HIWY_MAINT,PED_COUNT,PED_DEATH_COUNT,PED_SUSP_SERIOUS_INJ_COUNT,PERSON_COUNT,POLICE_AGCY,POSSIBLE_INJ_COUNT,RDWY_SURF_TYPE_CD,RELATION_TO_ROAD,ROAD_CONDITION,ROADWAY_CLEARED,SCH_BUS_IND,SCH_ZONE_IND,SECONDARY_CRASH,SMALL_TRUCK_COUNT,SPEC_JURIS_CD,SUSP_MINOR_INJ_COUNT,SUSP_SERIOUS_INJ_COUNT,SUV_COUNT,TCD_FUNC_CD,TCD_TYPE,TFC_DETOUR_IND,TIME_OF_DAY,TOT_INJ_COUNT,TOTAL_UNITS,UNB_DEATH_COUNT,UNB_SUSP_SERIOUS_INJ_COUNT,UNBELTED_OCC_COUNT,UNK_INJ_DEG_COUNT,UNK_INJ_PER_COUNT,URBAN_AREA,URBAN_RURAL,VAN_COUNT,VEHICLE_COUNT,WEATHER1,WEATHER2,WORK_ZONE_IND,WORK_ZONE_LOC,WORK_ZONE_TYPE,WORKERS_PRES,WZ_CLOSE_DETOUR,WZ_FLAGGER,WZ_LAW_OFFCR_IND,WZ_LN_CLOSURE,WZ_MOVING,WZ_OTHER,WZ_SHLDER_MDN,WZ_WORKERS_INJ_KILLED
2008098218,1135,2,0,0,0,0,0,0,0,0,4,0,,67,7,2008,3,39.9635,-75.1645,1130.0,6,0,0,0,0,0,0,0,0,,0,0,0,99,1,1,1,,0,39 57:48.740,,0,75 09:52.246,4,0,0,0,67301,0,0,0,N,0,0,0,2,67301,1,,1,1,,N,N,,0,,0,0,0,3.0,3,,9999,1,2,0,0,2,0,0,3,4,0,2,3,,N,,,,,,,,,,,
2008098219,1507,1,0,0,0,0,0,0,0,0,1,0,,67,7,2008,6,39.9691,-75.1632,1505.0,6,0,0,0,0,0,1,0,0,,0,0,0,15,1,1,0,,0,39 58:08.800,,0,75 09:47.562,8,0,0,1,67301,0,0,0,N,0,0,0,2,67301,0,,1,1,,N,N,,0,,0,0,0,0.0,0,,1500,1,2,0,0,0,1,0,3,4,0,2,3,,N,,,,,,,,,,,
2008070737,1501,1,0,0,0,0,0,0,0,0,8,0,,67,4,2008,2,40.0385,-75.1447,1500.0,6,0,0,0,0,0,0,0,0,1.0,0,0,0,15,1,1,0,,1,40 02:18.618,1.0,0,75 08:41.067,4,0,0,0,67301,1,0,0,N,1,0,0,2,67301,1,,1,1,,N,Y,,0,,0,0,0,3.0,2,N,1500,1,2,0,0,0,0,0,3,4,0,1,3,,N,,,,,,,,,,,
2008070950,1508,0,0,0,0,0,0,0,0,0,1,0,,67,6,2008,6,39.9455,-75.1903,1500.0,6,0,0,0,0,0,0,0,0,,0,0,0,14,1,0,0,,0,39 56:43.671,,0,75 11:24.971,0,0,0,0,67301,0,0,0,N,0,0,0,3,68K01,0,,1,1,,N,N,,0,,0,0,1,0.0,0,,1456,0,2,0,0,0,0,0,3,4,1,2,3,,N,,,,,,,,,,,
2008107367,2253,1,0,0,0,0,0,0,0,0,7,0,,67,8,2008,6,39.9109,-75.1582,2253.0,6,0,0,0,0,0,0,0,0,,0,0,0,22,3,0,0,,0,39 54:39.070,,0,75 09:29.481,0,0,0,0,67301,0,0,0,N,0,0,0,1,67501,0,,4,1,,N,N,,0,,0,0,0,0.0,0,,2253,0,1,0,0,0,0,0,3,4,0,1,3,,N,,,,,,,,,,,
2008073503,1713,0,0,0,0,0,0,0,0,0,8,0,,67,4,2008,5,39.9506,-75.2315,1708.0,6,0,0,0,0,0,0,0,0,,0,0,0,17,1,1,0,,0,39 57:02.066,,0,75 13:53.263,8,0,0,0,67301,1,0,0,N,1,0,0,2,67301,0,,1,1,,N,N,,0,,0,0,1,0.0,0,,1704,1,2,0,0,0,1,0,3,4,0,1,3,,N,,,,,,,,,,,
2008119477,1334,0,0,0,0,0,0,0,0,0,2,0,,67,10,2008,6,40.0016,-75.1528,1330.0,6,0,0,0,0,0,0,1,0,,0,0,0,13,1,1,1,,0,40 00:05.705,,0,75 09:10.074,4,0,0,0,67301,0,0,0,,0,0,0,4,67301,1,,1,1,,,,,0,,0,0,2,3.0,2,,1300,1,2,0,0,0,0,0,3,4,0,2,3,,N,,,,,,,,,,,
2008119549,1556,1,0,0,0,0,0,0,0,0,8,0,,67,9,2008,1,39.9806,-75.1724,1553.0,6,0,0,0,0,0,0,0,1,,0,0,0,15,1,1,5,,0,39 58:50.031,,0,75 10:20.683,4,0,0,0,67301,1,0,0,N,1,0,0,2,67301,1,,1,1,,N,N,,0,,0,0,0,3.0,2,,1550,1,2,0,0,0,0,0,3,4,0,1,3,,N,,,,,,,,,,,
2008138960,1820,3,0,0,0,0,0,0,0,0,1,0,,67,12,2008,4,39.9925,-75.2451,1819.0,6,0,0,1,0,0,0,0,0,2.0,0,0,0,18,3,2,0,,1,39 59:33.970,2.0,0,75 14:40.394,4,0,0,0,67301,0,0,0,N,0,0,0,4,46104,2,,1,1,,N,N,,0,,0,0,1,0.0,0,N,1819,2,4,0,0,0,0,0,3,4,0,4,3,,N,,,,,,,,,,,
2009001932,1857,4,0,0,0,0,0,0,0,0,1,0,,67,12,2008,6,40.0102,-75.2069,1849.0,6,0,0,0,0,0,0,0,0,2.0,0,0,0,18,3,2,0,,1,40 00:37.800,4.0,0,75 12:26.280,3,0,0,0,67301,0,0,0,N,0,0,0,11,68K01,1,,1,1,,N,N,,0,,1,0,1,0.0,0,N,1845,2,5,0,0,0,0,0,3,4,0,5,3,,N,,,,,,,,,,,
2009001938,1600,2,0,0,0,0,0,0,0,0,1,0,,67,12,2008,3,40.0087,-75.2036,1559.0,6,0,0,0,0,0,1,0,0,,0,0,0,15,1,0,0,,0,40 00:29.568,,0,75 12:08.292,0,0,0,0,67301,0,0,0,N,0,0,0,4,68K01,0,,1,1,,N,N,,0,,0,0,0,0.0,0,,1558,0,2,0,0,1,0,0,3,4,0,2,3,,N,,,,,,,,,,,
2009024795,1215,2,0,0,0,0,0,0,0,0,1,0,,67,12,2008,6,39.983,-75.1014,1200.0,6,0,0,0,0,0,0,0,0,,0,0,0,12,1,1,1,,0,39 58:58.610,,0,75 06:05.381,8,0,0,0,67301,0,0,0,N,0,0,0,3,67301,0,,1,98,,N,N,,0,,0,0,0,3.0,2,,1200,1,3,0,0,0,1,0,3,4,0,3,99,,N,,,,,,,,,,,
2009005097,2253,1,0,0,0,0,0,0,0,0,7,0,,67,12,2008,3,40.0191,-75.0464,2239.0,6,0,0,0,0,0,0,0,0,,0,0,0,22,3,0,0,,0,40 01:08.364,,0,75 02:47.240,0,0,0,0,67301,0,0,0,Y,0,0,0,1,68K01,0,,5,9,,N,N,,0,,0,0,0,0.0,0,,2225,0,1,0,0,0,0,0,3,4,0,1,7,,N,,,,,,,,,,,
2009051271,1138,0,0,0,0,0,0,0,0,0,5,0,,67,12,2008,3,39.9631,-75.2023,1133.0,6,0,0,0,0,0,1,0,0,,0,0,0,10,1,32,1,,0,39 57:47.219,,0,75 12:08.155,8,0,0,0,67301,0,0,0,N,0,0,0,34,67301,0,,1,1,,N,N,,0,,0,0,0,3.0,2,,1032,32,2,0,0,0,32,0,3,4,0,2,3,,N,,,,,,,,,,,
2009031163,627,0,0,0,0,0,0,0,0,0,7,0,,67,12,2008,5,39.8931,-75.2222,620.0,6,0,0,0,0,0,0,0,0,,0,0,0,6,3,1,7,,0,39 53:35.159,,2,75 13:19.839,4,0,0,0,67301,0,0,0,N,0,0,0,1,67301,1,,7,1,,N,N,,0,,0,0,1,0.0,0,,615,1,1,0,0,0,0,0,3,4,0,1,3,,N,,,,,,,,,,,
2009000734,2011,1,0,0,0,0,0,0,0,0,4,0,,67,11,2008,6,39.9139,-75.2437,2001.0,6,0,0,0,0,0,0,0,0,,0,0,0,17,3,0,0,,0,39 54:49.850,,7,75 14:37.239,0,0,0,0,67301,0,0,0,N,0,0,0,6,67301,0,,1,9,,N,N,,0,,0,0,1,3.0,2,,1705,0,2,0,0,0,0,0,3,4,0,2,7,,N,,,,,,,,,,,
2009000782,105,2,0,0,0,0,0,0,0,0,4,0,,67,11,2008,5,39.9181,-75.2098,9999.0,6,0,0,0,0,0,0,0,0,2.0,0,0,0,1,3,1,1,,1,39 55:05.901,3.0,0,75 12:31.948,4,0,0,0,67301,0,0,0,N,0,0,0,2,67301,1,,1,9,,N,N,,0,,0,0,0,3.0,2,N,104,1,2,0,0,0,0,0,3,4,0,2,7,,N,,,,,,,,,,,
2009000873,1700,1,0,0,0,0,0,0,0,0,7,0,,67,11,2008,5,40.0566,-75.0139,1652.0,6,0,0,0,0,0,0,0,0,,0,0,0,16,4,1,0,,0,40 03:23.803,,0,75 00:50.010,8,0,0,0,67301,0,0,0,N,0,0,0,1,67301,0,,3,9,,N,N,,0,,0,0,0,0.0,0,,1645,1,1,0,0,0,1,0,3,4,0,1,3,,N,,,,,,,,,,,
2009015077,1428,2,0,0,0,0,0,0,0,0,1,0,,67,11,2008,5,40.0442,-75.0542,1414.0,6,0,0,0,0,0,1,0,0,2.0,0,0,0,14,1,1,0,,1,40 02:39.223,1.0,0,75 03:15.008,3,0,0,1,67301,0,0,0,N,0,0,0,5,67301,0,,1,1,,N,N,,0,,1,0,0,3.0,2,N,1409,1,3,0,0,0,0,0,3,4,0,3,3,,N,,,,,,,,,,,
2008098635,1555,2,0,0,0,0,0,0,0,0,4,0,,67,6,2008,3,39.9856,-75.2083,1550.0,6,0,0,0,0,0,0,0,0,,0,0,0,15,1,1,1,,0,39 59:12.115,,0,75 12:28.882,8,0,0,0,67301,0,0,0,N,0,0,0,2,67301,0,,1,1,,N,N,,0,,0,0,0,0.0,0,,1550,1,2,0,0,0,1,1,3,4,0,2,3,,N,,,,,,,,,,,
2008098658,805,1,0,0,0,0,0,0,0,0,4,0,,67,6,2008,7,40.0133,-75.0974,800.0,6,0,0,0,0,0,0,0,0,,0,0,0,7,1,1,1,,0,40 00:48.269,,0,75 05:50.696,4,0,0,0,67301,0,0,0,N,0,0,0,2,67301,1,,1,1,,N,N,,1,,0,0,0,3.0,3,,708,1,2,0,0,0,0,0,3,4,0,2,3,,N,,,,,,,,,,,
2008071921,2020,2,0,0,0,0,0,0,0,0,2,0,,67,5,2008,1,39.9231,-75.2291,2013.0,6,0,0,0,0,0,0,0,0,,0,0,0,99,3,1,1,,0,39 55:23.084,,0,75 13:44.684,4,0,0,0,67301,0,0,0,N,0,0,0,3,67301,1,,1,1,,N,N,,0,,0,0,0,9.0,2,,9999,1,2,0,0,0,0,2,3,4,0,2,3,,N,,,,,,,,,,,
2008069517,1207,1,0,0,0,0,0,0,0,0,4,0,,67,4,2008,7,40.0258,-75.1328,1205.0,6,0,0,0,0,0,0,0,0,,0,0,0,12,1,0,1,,0,40 01:32.829,,0,75 07:58.227,9,0,0,0,67301,0,0,0,N,0,0,0,8,67301,0,,3,1,,N,N,,1,,0,0,0,3.0,2,,1200,0,2,0,0,0,0,1,3,4,0,2,3,,N,,,,,,,,,,,
2008069531,1750,1,0,0,1,0,0,0,0,0,4,0,,67,4,2008,2,40.0576,-75.1415,1750.0,6,0,0,0,0,0,1,0,0,,0,0,0,17,1,1,2,,0,40 03:27.529,,0,75 08:29.461,4,0,0,0,67301,1,0,0,N,0,0,0,2,67301,1,,1,1,,N,N,,0,,0,0,0,0.0,0,,1740,1,2,0,0,0,0,0,3,4,0,1,3,,N,,,,,,,,,,,
2008082183,1546,1,0,0,0,0,0,0,0,0,8,0,,67,5,2008,4,40.0621,-75.0847,1532.0,6,0,0,0,0,0,1,0,0,,0,0,0,15,1,1,2,,0,40 03:43.406,,0,75 05:05.103,4,0,0,0,67301,1,0,0,,1,0,0,2,67301,1,,1,1,,N,N,,0,,0,0,0,3.0,2,,1515,1,2,0,0,0,0,0,3,4,0,1,3,,N,,,,,,,,,,,
2008082248,2124,0,0,0,0,0,0,0,0,0,7,0,,67,5,2008,6,39.9714,-75.1594,2121.0,6,0,0,0,0,0,0,0,0,,0,0,0,21,3,0,1,,0,39 58:17.206,,0,75 09:33.737,0,0,0,0,67301,0,0,0,,0,0,0,2,67301,0,,3,1,,,,,0,,0,0,1,3.0,2,,2119,0,1,0,0,0,0,0,3,4,0,1,3,,N,,,,,,,,,,,
2008082308,9999,1,0,0,0,0,0,0,0,0,8,0,,67,5,2008,2,39.9898,-75.104,9999.0,6,0,0,0,0,0,0,0,0,,0,0,0,99,1,1,1,,0,39 59:23.348,,0,75 06:14.229,3,0,0,0,67301,1,0,0,,1,0,0,2,67301,0,,1,1,,,,,0,,1,0,0,3.0,2,,9999,1,2,0,0,1,0,0,3,4,0,1,3,,N,,,,,,,,,,,
2008081508,740,1,0,0,1,0,0,0,0,0,4,0,,67,5,2008,3,39.9204,-75.1603,736.0,6,0,0,0,0,0,0,0,0,,0,0,0,7,1,1,1,,0,39 55:13.389,,0,75 09:37.133,4,0,0,0,67301,1,0,0,N,0,0,0,2,67301,1,,1,1,,N,N,,0,,0,0,0,9.0,3,,730,1,2,0,0,0,0,0,3,4,0,1,3,,N,,,,,,,,,,,
2008081522,128,0,0,0,0,0,0,0,0,0,7,0,,67,5,2008,1,39.8897,-75.2338,125.0,6,0,0,0,0,0,0,0,0,1.0,0,0,0,1,3,0,0,,2,39 53:23.280,3.0,3,75 14:01.680,0,0,0,0,67301,0,0,0,N,0,0,0,1,67301,0,,2,9,,N,N,,0,,0,0,1,0.0,0,N,121,0,1,0,0,0,0,0,3,4,0,1,7,,N,,,,,,,,,,,
2008108310,1025,2,0,0,0,0,0,0,0,0,2,0,,67,8,2008,3,39.9368,-75.16,1023.0,6,0,0,0,0,1,1,0,0,,0,0,0,10,1,0,0,,0,39 56:12.462,,7,75 09:35.881,0,0,0,0,67301,0,0,0,N,0,0,0,2,67301,0,,1,1,,N,N,,0,,0,0,0,3.0,2,,1015,0,2,0,0,0,0,0,3,4,0,2,3,,N,,,,,,,,,,,
2008094820,1158,1,0,0,1,0,0,0,0,0,4,0,,67,8,2008,5,39.936,-75.1689,1151.0,6,0,0,0,0,0,0,0,1,,0,0,0,11,1,1,1,,0,39 56:09.488,,0,75 10:08.043,8,0,0,0,67301,1,0,0,,0,0,0,2,67301,0,,1,1,,,,,0,,0,0,0,0.0,0,,1150,1,2,0,0,0,1,0,3,4,0,1,3,,N,,,,,,,,,,,
2008094881,2353,1,0,0,0,0,0,0,0,0,1,0,,67,6,2008,1,40.1002,-75.0432,2350.0,6,0,0,0,0,0,0,0,0,,0,0,0,23,3,1,0,,0,40 06:00.754,,0,75 02:35.618,4,0,0,0,67301,0,0,0,,0,0,0,1,67301,1,,6,9,,N,N,,0,,0,0,1,0.0,0,,2340,1,2,0,0,0,0,0,3,4,0,2,3,,N,,,,,,,,,,,
2008098411,735,3,0,0,0,0,0,0,0,0,5,0,,67,8,2008,7,40.0404,-75.1018,732.0,6,0,0,0,0,0,0,0,0,3.0,0,0,0,7,1,0,0,,2,40 02:25.292,5.0,0,75 06:06.589,9,0,0,0,67301,0,0,0,N,0,0,0,2,67301,0,,6,1,,N,N,,0,,0,0,1,0.0,0,Y,731,0,4,0,0,0,0,2,3,4,0,4,3,,N,,,,,,,,,,,
2008134376,800,2,0,0,0,0,0,0,0,0,4,0,,67,10,2008,7,40.0543,-75.0716,751.0,6,0,0,0,0,0,0,0,0,,0,0,0,7,1,0,1,,0,40 03:15.451,,0,75 04:17.588,0,0,0,0,67301,0,0,0,N,0,0,0,2,67301,0,,1,9,,N,N,,1,,0,0,0,3.0,2,,727,0,3,0,0,0,0,0,3,4,0,3,7,,N,,,,,,,,,,,
2008097965,102,1,0,0,0,0,0,0,0,0,8,0,,67,7,2008,7,40.0302,-75.1459,102.0,6,0,0,0,0,0,1,0,0,,0,0,0,1,3,1,1,,0,40 01:48.874,,0,75 08:45.412,8,0,0,0,67301,1,0,0,N,1,0,0,2,67301,0,,1,9,,N,N,,0,,0,0,0,3.0,2,,100,1,2,0,0,0,1,0,3,4,0,1,7,,N,,,,,,,,,,,
2008097620,1050,2,0,0,0,0,0,0,0,0,1,0,,67,7,2008,6,40.0291,-75.1053,1045.0,6,0,0,0,0,0,0,0,0,1.0,0,0,0,10,1,1,1,,1,40 01:44.749,1.0,0,75 06:18.987,4,0,0,0,67301,0,0,0,N,0,0,0,2,67301,1,,1,1,,N,N,,0,,0,0,0,3.0,2,N,1040,1,2,0,0,0,0,0,3,4,0,2,3,,N,,,,,,,,,,,
2008095325,1626,1,0,0,0,0,0,0,0,0,8,0,,67,7,2008,1,40.0456,-75.1285,1625.0,6,0,0,0,1,0,0,0,0,,0,0,0,16,1,1,1,,0,40 02:44.255,,0,75 07:42.460,4,0,0,0,67301,1,0,0,N,1,0,0,2,67301,1,,1,1,,N,N,,0,,0,0,0,3.0,2,,1624,1,2,0,0,0,0,0,3,4,0,1,3,,N,,,,,,,,,,,
2008097570,1846,1,0,0,0,0,0,0,0,0,4,0,,67,7,2008,6,40.0283,-75.0745,1841.0,6,0,0,1,0,0,0,0,0,,0,0,0,18,1,2,1,,0,40 01:41.930,,0,75 04:28.240,4,0,0,0,67301,0,0,0,N,0,0,0,3,67301,2,,1,1,,N,N,,1,,0,0,0,3.0,3,,1840,2,2,0,0,0,0,0,3,4,0,2,3,,N,,,,,,,,,,,
2008088075,1825,2,0,0,0,0,0,0,0,0,4,0,,67,6,2008,4,40.0825,-75.173,1820.0,6,0,0,0,0,0,0,0,0,,0,0,0,18,1,2,2,,0,40 04:57.122,,0,75 10:22.744,4,0,0,0,67301,0,0,0,N,0,0,0,2,67301,2,,1,1,,N,N,,0,,0,0,0,0.0,0,,1800,2,2,0,0,0,0,0,3,4,0,2,3,,N,,,,,,,,,,,
2008075767,251,1,0,0,0,0,0,0,0,0,7,0,,67,6,2008,4,39.9678,-75.1306,243.0,6,0,0,0,0,0,0,0,0,,0,0,0,2,3,1,0,,0,39 58:05.588,,0,75 07:46.254,4,0,0,0,67301,0,0,0,N,0,0,0,4,68K01,1,,2,1,,N,N,,0,,0,0,0,0.0,0,,233,1,1,0,0,0,0,0,3,4,0,1,3,,N,,,,,,,,,,,
2008087823,952,2,0,0,0,0,0,0,0,0,4,0,,67,6,2008,4,39.959,-75.229,952.0,6,0,0,0,0,0,0,0,0,,0,0,0,9,1,1,1,,0,39 57:32.221,,0,75 13:44.178,4,0,0,0,67301,0,0,0,,0,0,0,2,67301,1,,1,9,,N,N,,0,,0,0,0,3.0,2,,950,1,2,0,0,0,0,0,3,4,0,2,7,,N,,,,,,,,,,,
2008100501,825,0,0,0,0,0,0,1,0,0,8,1,,67,5,2008,6,39.9841,-75.2313,815.0,6,0,0,0,0,0,1,0,0,,0,0,0,8,1,1,1,,0,39 59:02.781,,0,75 13:52.589,4,0,0,0,67301,1,0,0,N,1,0,0,2,67301,1,,1,1,,Y,N,,0,,0,0,0,3.0,2,,805,1,2,0,0,0,0,0,3,4,0,1,3,,N,,,,,,,,,,,
2008097989,1501,1,0,0,0,0,0,0,0,0,8,0,,67,6,2008,5,40.0745,-75.035,1445.0,6,0,0,0,0,0,0,0,0,,0,0,0,14,1,1,1,,0,40 04:28.072,,0,75 02:05.822,3,0,0,0,67301,1,0,0,N,1,0,0,2,67301,0,,1,1,,N,N,,0,,1,0,0,3.0,2,,1440,1,2,0,0,0,0,0,3,4,0,1,3,,N,,,,,,,,,,,
2008098279,140,2,0,0,0,0,0,0,0,0,1,0,,67,6,2008,1,40.0235,-75.1335,136.0,6,0,0,0,0,1,0,0,0,,0,0,0,1,3,0,1,,0,40 01:24.960,,0,75 07:59.520,0,0,0,0,67301,0,0,0,N,0,0,0,3,67301,0,,1,1,,N,N,,0,,0,0,0,3.0,2,,130,0,2,0,0,0,0,0,3,4,0,2,3,,N,,,,,,,,,,,
2008098372,1443,2,0,0,0,0,0,0,0,0,4,0,,67,7,2008,5,,,1440.0,6,0,0,0,0,0,0,0,0,,0,0,0,14,1,1,0,,0,,,0,,4,0,0,0,67301,0,0,0,N,0,0,0,2,67301,1,,1,1,,N,N,,0,,0,0,0,0.0,0,,1435,1,2,0,0,0,0,0,3,3,0,2,3,,N,,,,,,,,,,,
2008104875,1730,1,0,0,0,0,0,0,0,0,7,0,,67,9,2008,3,39.8856,-75.211,1728.0,6,0,0,0,0,0,1,0,0,,0,0,0,17,1,0,0,,0,39 53:24.360,,0,75 12:02.520,0,0,0,0,67301,0,0,0,N,0,0,0,1,68K01,0,,2,1,,N,N,,0,,0,0,0,0.0,0,,1726,0,1,0,0,0,0,0,3,4,0,1,3,,N,,,,,,,,,,,
2008102300,1325,0,0,0,0,0,0,0,0,0,0,0,,67,8,2008,3,39.8991,-75.1682,1303.0,6,0,0,0,0,0,0,0,0,,0,0,0,12,1,0,0,,0,39 53:57.817,,0,75 09:56.169,0,0,0,0,67301,0,0,0,N,0,0,0,2,68K01,0,,1,1,,N,N,,1,,0,0,1,0.0,0,,1253,0,2,0,0,0,0,0,3,4,0,2,3,,N,,,,,,,,,,,
2008107990,1655,1,0,0,0,0,0,0,0,0,8,0,,67,8,2008,1,39.9721,-75.2345,1650.0,6,0,0,0,0,0,1,0,0,,0,0,0,16,1,1,1,,0,39 58:19.405,,0,75 14:04.243,4,0,0,0,67301,1,0,0,N,1,0,0,4,67301,1,,1,1,,N,N,,0,,0,0,0,0.0,0,,1630,1,2,0,0,0,0,0,3,4,0,1,3,,N,,,,,,,,,,,
2008070984,305,0,0,0,0,0,0,0,0,0,7,0,,67,4,2008,7,40.0175,-75.2022,300.0,6,0,0,0,0,0,0,0,0,,0,0,0,2,3,0,0,,0,40 01:02.870,,0,75 12:07.760,0,0,0,0,67301,0,0,0,,0,0,0,1,67301,0,,3,9,,,,,1,,0,0,0,0.0,0,,255,0,1,0,0,0,0,0,3,4,0,1,7,,N,,,,,,,,,,,
2008070986,2251,2,0,0,0,0,0,0,0,0,4,0,,67,4,2008,7,40.0205,-75.1542,2236.0,6,0,0,0,0,0,0,0,0,,0,0,0,22,3,3,6,,0,40 01:13.800,,2,75 09:15.480,4,0,0,0,67301,0,0,0,N,0,0,0,4,67301,1,,1,1,,N,N,,0,,0,0,0,3.0,4,,2225,3,2,0,0,0,2,0,3,4,0,2,3,,N,,,,,,,,,,,
2008073509,853,2,0,0,0,0,0,0,0,0,4,0,,67,4,2008,1,39.9574,-75.1571,851.0,6,0,0,0,0,0,2,0,0,,0,0,0,8,1,3,2,,0,39 57:26.639,,0,75 09:25.500,8,0,0,0,67301,0,0,0,N,0,0,0,4,67301,0,,1,1,,N,N,,0,,0,0,0,3.0,2,,849,3,2,0,0,0,3,0,3,4,0,2,3,,N,,,,,,,,,,,
2008120827,1828,2,0,0,0,0,0,0,0,0,2,0,,67,9,2008,1,39.9466,-75.2261,1828.0,6,0,0,0,0,0,0,0,0,1.0,0,0,0,18,1,1,2,,1,39 56:47.896,1.0,0,75 13:33.988,3,0,0,0,67301,0,0,0,N,0,0,0,2,67301,0,,1,9,,N,N,,0,,1,0,0,2.0,3,N,1810,1,2,0,0,0,0,0,3,4,0,2,7,,N,,,,,,,,,,,
2008119483,1140,3,0,0,0,0,0,0,0,0,1,0,,67,9,2008,6,40.0007,-75.1581,1100.0,6,0,0,0,0,0,0,0,0,,0,0,0,10,1,1,0,,0,40 00:02.577,,0,75 09:28.994,8,0,0,0,67301,0,0,0,N,0,0,0,1,67301,0,,1,1,,N,N,,0,,0,0,0,0.0,0,,1058,1,3,0,0,0,1,0,3,4,0,3,3,,N,,,,,,,,,,,
2008115864,1344,1,0,0,0,0,0,0,0,0,2,0,,67,10,2008,2,40.0741,-75.1909,1341.0,6,0,0,0,0,0,1,0,1,,0,0,0,13,1,0,1,,0,40 04:26.624,,0,75 11:27.147,0,0,0,0,67301,0,0,0,N,0,0,0,2,46108,0,,1,1,,N,N,,1,,0,0,0,3.0,2,,1341,0,2,0,0,0,0,0,3,4,0,2,3,,N,,,,,,,,,,,
2009013698,2216,3,0,0,0,0,0,0,0,0,4,0,,67,12,2008,4,40.039,-75.0347,2216.0,6,0,0,0,0,1,0,0,0,,0,0,0,22,3,1,0,,0,40 02:20.400,,0,75 02:04.920,4,0,0,0,67301,0,0,0,N,0,0,0,1,67301,1,,6,1,,N,N,,0,,0,0,0,0.0,0,,2210,1,3,0,0,0,0,0,3,4,0,3,3,,N,,,,,,,,,,,
2009013737,831,0,0,0,0,0,0,0,0,0,8,0,,67,11,2008,2,40.0098,-75.1556,829.0,6,0,0,0,0,0,0,0,0,,0,0,0,8,1,1,0,,0,40 00:35.329,,0,75 09:20.161,4,0,0,0,67301,1,0,0,N,1,0,0,2,67301,1,,1,1,,N,N,,0,,0,0,0,3.0,2,,828,1,2,0,0,0,0,0,3,4,1,1,3,,N,,,,,,,,,,,
2009006469,1026,3,0,0,0,0,0,0,0,0,1,0,,67,12,2008,5,39.9764,-75.1961,1013.0,6,0,0,0,0,0,2,0,0,,0,0,0,10,1,1,0,,0,39 58:36.168,,0,75 11:50.681,4,0,0,0,67301,0,0,0,N,0,0,0,4,68K01,1,,1,1,,N,N,,0,,0,0,0,0.0,0,,1009,1,3,0,0,0,0,0,3,4,0,3,3,,N,,,,,,,,,,,
2009001024,1015,1,0,0,0,0,0,0,0,0,4,0,,67,11,2008,6,39.9455,-75.2273,1006.0,6,0,0,0,0,0,1,0,0,,0,0,0,99,1,0,2,,0,39 56:43.936,,0,75 13:38.369,0,0,0,0,67301,0,0,0,N,0,0,0,2,67301,0,,1,9,,N,N,,1,,0,0,0,3.0,3,,9999,0,2,0,0,0,0,0,3,4,0,2,7,,N,,,,,,,,,,,
2009024718,2115,2,0,0,0,0,0,0,0,0,2,0,,67,12,2008,6,40.0153,-75.0743,2110.0,6,0,0,0,0,0,2,0,0,,0,0,0,21,3,1,5,,0,40 00:55.112,,0,75 04:27.555,8,0,0,0,67301,0,0,0,N,0,0,0,3,67301,0,,1,1,,N,N,,1,,0,0,0,3.0,3,,2108,1,3,0,0,0,1,0,3,4,0,3,3,,N,,,,,,,,,,,
2009024820,720,1,0,0,0,0,0,0,0,0,8,0,,67,12,2008,3,40.0044,-75.1498,545.0,6,0,0,0,0,0,0,0,0,,0,0,0,99,3,1,0,,0,40 00:15.717,,0,75 08:59.370,4,0,0,0,67301,1,0,0,N,1,0,0,2,67301,1,,1,9,,N,N,,0,,0,0,0,0.0,0,,9999,1,2,0,0,0,0,0,3,4,0,1,7,,N,,,,,,,,,,,