CRN,ARRIVAL_TM,AUTOMOBILE_COUNT,BELTED_DEATH_COUNT,BELTED_SUSP_SERIOUS_INJ_COUNT,BICYCLE_COUNT,BICYCLE_DEATH_COUNT,BICYCLE_SUSP_SERIOUS_INJ_COUNT,BUS_COUNT,CHLDPAS_DEATH_COUNT,CHLDPAS_SUSP_SERIOUS_INJ_COUNT,COLLISION_TYPE,COMM_VEH_COUNT,CONS_ZONE_SPD_LIM,COUNTY,CRASH_MONTH,CRASH_YEAR,DAY_OF_WEEK,DEC_LAT,DEC_LONG,DISPATCH_TM,DISTRICT,DRIVER_COUNT_16YR,DRIVER_COUNT_17YR,DRIVER_COUNT_18YR,DRIVER_COUNT_19YR,DRIVER_COUNT_20YR,DRIVER_COUNT_50_64YR,DRIVER_COUNT_65_74YR,DRIVER_COUNT_75PLUS,EST_HRS_CLOSED,FATAL_COUNT,HEAVY_TRUCK_COUNT,HORSE_BUGGY_COUNT,HOUR_OF_DAY,ILLUMINATION,INJURY_COUNT,INTERSECT_TYPE,INTERSECTION_RELATED,LANE_CLOSED,LATITUDE,LN_CLOSE_DIR,LOCATION_TYPE,LONGITUDE,MAX_SEVERITY_LEVEL,MCYCLE_DEATH_COUNT,MCYCLE_SUSP_SERIOUS_INJ_COUNT,MOTORCYCLE_COUNT,MUNICIPALITY,NONMOTR_COUNT,NONMOTR_DEATH_COUNT,NONMOTR_SUSP_SERIOUS_INJ_COUNT,NTFY_HIWY_MAINT,PED_COUNT,PED_DEATH_COUNT,PED_SUSP_SERIOUS_INJ_COUNT,PERSON_COUNT,POLICE_AGCY,POSSIBLE_INJ_COUNT,RDWY_SURF_TYPE_CD,RELATION_TO_ROAD,ROAD_CONDITION,ROADWAY_CLEARED,SCH_BUS_IND,SCH_ZONE_IND,SECONDARY_CRASH,SMALL_TRUCK_COUNT,SPEC_JURIS_CD,SUSP_MINOR_INJ_COUNT,SUSP_SERIOUS_INJ_COUNT,SUV_COUNT,TCD_FUNC_CD,TCD_TYPE,TFC_DETOUR_IND,TIME_OF_DAY,TOT_INJ_COUNT,TOTAL_UNITS,UNB_DEATH_COUNT,UNB_SUSP_SERIOUS_INJ_COUNT,UNBELTED_OCC_COUNT,UNK_INJ_DEG_COUNT,UNK_INJ_PER_COUNT,URBAN_AREA,URBAN_RURAL,VAN_COUNT,VEHICLE_COUNT,WEATHER1,WEATHER2,WORK_ZONE_IND,WORK_ZONE_LOC,WORK_ZONE_TYPE,WORKERS_PRES,WZ_CLOSE_DETOUR,WZ_FLAGGER,WZ_LAW_OFFCR_IND,WZ_LN_CLOSURE,WZ_MOVING,WZ_OTHER,WZ_SHLDER_MDN,WZ_WORKERS_INJ_KILLED
2009002111,1313,2,0,0,0,0,0,0,0,0,4,0,,67,11,2008,5,40.0389,-75.0833,1310.0,6,0,0,0,0,0,0,0,0,,0,0,0,12,1,1,1,,0,40 02:20.090,,0,75 04:59.750,4,0,0,0,67301,0,0,0,,0,0,0,2,67301,1,,1,9,,N,N,,0,,0,0,0,9.0,2,,1209,1,2,0,0,0,0,0,3,4,0,2,7,,N,,,,,,,,,,,
2009002189,1900,1,0,0,0,0,0,0,0,0,7,0,,67,11,2008,1,39.9621,-75.1544,1843.0,6,0,0,0,0,0,0,0,0,2.0,0,0,0,99,3,0,2,,2,39 57:43.696,2.0,0,75 09:15.893,0,0,0,0,67301,0,0,0,N,0,0,0,1,67301,0,,2,1,,N,N,,0,,0,0,0,0.0,0,Y,9999,0,1,0,0,0,0,0,3,4,0,1,3,,N,,,,,,,,,,,
2008108451,1240,2,0,0,0,0,0,0,0,0,1,0,,67,8,2008,6,40.0445,-75.113,1239.0,6,0,0,0,0,0,2,0,0,,0,0,0,12,1,1,0,,0,40 02:40.263,,0,75 06:46.662,8,0,0,0,67301,0,0,0,N,0,0,0,3,67301,0,,1,1,,N,N,,0,,0,0,1,0.0,0,,1225,1,3,0,0,0,1,1,3,4,0,3,3,,N,,,,,,,,,,,
2008099238,800,2,0,0,0,0,0,0,0,0,4,0,,67,7,2008,3,40.0595,-75.1381,750.0,6,0,0,0,1,0,0,0,0,1.0,0,0,0,7,1,2,2,,2,40 03:34.479,5.0,0,75 08:17.162,4,0,0,0,67301,0,0,0,N,0,0,0,3,67301,2,,1,1,,N,N,,0,,0,0,0,3.0,3,Y,730,2,2,0,0,0,0,0,3,4,0,2,3,,N,,,,,,,,,,,
2008101806,825,0,0,0,0,0,0,0,0,0,0,0,,67,9,2008,6,39.9741,-75.1184,818.0,6,0,0,0,0,0,0,0,0,1.0,0,0,0,8,1,1,0,,1,39 58:29.428,1.0,0,75 07:02.329,3,0,0,1,67301,0,0,0,N,0,0,0,1,68K01,0,,2,2,,N,N,,0,,1,0,0,0.0,0,N,813,1,1,0,0,0,0,0,3,4,0,1,3,,N,,,,,,,,,,,
2008108573,1508,1,0,0,0,0,0,0,0,0,1,0,,67,8,2008,7,40.0026,-75.1244,1505.0,6,0,0,0,0,0,1,0,0,,0,0,0,14,1,2,1,,0,40 00:09.456,,0,75 07:27.887,8,0,0,0,67301,0,0,0,N,0,0,0,3,67301,0,,1,1,,N,N,,0,,0,0,1,3.0,2,,1454,2,2,0,0,0,2,0,3,4,0,2,3,,N,,,,,,,,,,,
2008098600,56,0,0,0,0,0,0,0,0,0,4,1,,67,6,2008,7,40.0019,-75.1529,52.0,6,0,0,0,0,0,0,0,0,,0,1,0,0,3,2,0,,0,40 00:06.981,,0,75 09:10.261,4,0,0,0,67301,0,0,0,N,0,0,0,3,67301,2,,3,1,,N,N,,0,,0,0,1,3.0,2,,51,2,2,0,0,1,0,0,3,4,0,2,3,,N,,,,,,,,,,,
2008098610,749,3,0,0,0,0,0,0,0,0,1,0,,67,7,2008,3,39.9927,-75.1681,735.0,6,0,0,0,0,0,0,0,0,,0,0,0,7,1,2,0,,0,39 59:33.689,,0,75 10:05.100,8,0,0,0,67301,0,0,0,N,0,0,0,2,67301,0,,6,1,,N,N,,0,,0,0,0,0.0,0,,710,2,3,0,0,0,2,0,3,4,0,3,3,,N,,,,,,,,,,,
2008098636,1900,0,0,0,0,0,0,0,0,0,2,0,,67,6,2008,1,40.0441,-75.1288,1858.0,6,0,0,0,0,0,0,0,0,,0,0,0,18,4,3,1,,0,40 02:38.691,,0,75 07:43.766,3,0,0,0,67301,0,0,0,N,0,0,0,4,67301,1,,1,1,,N,N,,0,,1,0,2,3.0,2,,1808,3,2,0,0,0,1,0,3,4,0,2,3,,N,,,,,,,,,,,
2008120909,1340,1,0,0,0,0,0,0,0,0,4,0,,67,9,2008,7,39.9605,-75.137,1332.0,6,0,0,0,0,0,0,0,0,,0,0,0,99,8,2,2,,0,39 57:36.625,,0,75 08:13.909,8,0,0,0,67301,0,0,0,N,0,0,0,4,67301,0,,1,9,,N,N,,0,,0,0,0,3.0,2,,9999,2,2,0,0,0,2,0,3,4,1,2,7,,N,,,,,,,,,,,
2008082250,1605,1,0,0,0,0,0,0,0,0,1,0,,67,5,2008,6,39.9493,-75.1572,1551.0,6,0,0,0,0,0,1,0,0,,0,0,0,15,1,1,2,,0,39 56:57.318,,0,75 09:25.995,4,0,0,0,67301,0,0,0,N,0,0,0,3,67301,1,,1,9,,N,N,,0,,0,0,1,3.0,2,,1530,1,2,0,0,0,0,0,3,4,0,2,3,,N,,,,,,,,,,,
2008097449,1707,1,0,0,0,0,0,0,0,0,8,0,,67,7,2008,1,40.0158,-75.0818,1705.0,6,0,0,0,0,0,0,0,0,,0,0,0,17,1,1,0,,0,40 00:56.810,,0,75 04:54.600,8,0,0,0,67301,1,0,0,,1,0,0,2,67301,0,,1,1,,N,,,0,,0,0,0,0.0,0,,1705,1,2,0,0,0,1,0,3,4,0,1,3,,N,,,,,,,,,,,
2008108377,1405,4,0,0,0,0,0,0,0,0,1,0,,67,8,2008,5,39.9284,-75.1524,1400.0,6,0,0,0,0,0,0,0,0,,0,0,0,14,1,1,0,,0,39 55:42.164,,0,75 09:08.755,4,0,0,0,67301,0,0,0,,0,0,0,1,67301,1,,6,1,,,,,0,,0,0,0,0.0,0,,1400,1,4,0,0,0,0,0,3,4,0,4,3,,N,,,,,,,,,,,
2008094814,1454,1,0,0,1,0,0,0,0,0,4,0,,67,7,2008,3,39.9432,-75.1537,1450.0,6,0,0,0,0,0,0,0,0,,0,0,0,14,1,1,2,,0,39 56:35.610,,0,75 09:13.269,4,0,0,0,67301,1,0,0,,0,0,0,2,67301,1,,1,1,,,,,0,,0,0,0,9.0,2,,1448,1,2,0,0,0,0,0,3,4,0,1,3,,N,,,,,,,,,,,
2008103357,1730,1,0,0,0,0,0,0,0,0,4,0,,67,6,2008,2,40.0513,-75.1189,1715.0,6,0,0,0,0,0,0,0,0,,0,0,0,17,1,3,0,,0,40 03:04.844,,0,75 07:07.982,8,0,0,0,67301,0,0,0,N,0,0,0,3,46102,0,,1,1,,N,N,,1,,0,0,0,0.0,0,,1715,3,2,0,0,0,3,0,3,4,0,2,3,,N,,,,,,,,,,,
2008089158,9999,0,0,0,0,0,0,0,0,0,1,0,,67,4,2008,7,40.0105,-75.1423,9999.0,6,0,0,0,0,0,0,0,0,,0,0,0,11,1,1,0,,0,40 00:37.700,,0,75 08:32.200,8,0,0,0,67301,0,0,0,N,0,0,0,2,00000,0,,1,1,,N,N,,0,,0,0,0,0.0,0,,1148,1,2,0,0,0,1,1,3,4,1,2,3,,N,,,,,,,,,,,
2008098433,1132,1,0,0,0,0,0,0,0,0,7,0,,67,6,2008,1,40.0132,-75.1213,1130.0,6,0,0,0,0,0,1,0,0,,0,0,0,99,1,1,0,,0,40 00:47.628,,0,75 07:16.726,8,0,0,0,67301,0,0,0,N,0,0,0,1,67301,0,,4,1,,N,N,,0,,0,0,0,0.0,0,,9999,1,1,0,0,1,1,0,3,4,0,1,3,,N,,,,,,,,,,,
2008098440,1341,1,0,0,0,0,0,0,0,0,8,0,,67,7,2008,6,40.016,-75.1498,1339.0,6,0,0,0,0,0,0,0,0,,0,0,0,13,1,1,0,,0,40 00:58.050,,0,75 08:59.079,4,0,0,0,67301,1,0,0,N,1,0,0,3,67301,1,,1,1,,N,N,,0,,0,0,0,0.0,0,,1339,1,2,0,0,1,0,0,3,4,0,1,3,,N,,,,,,,,,,,
2008100994,2210,2,0,0,0,0,0,0,0,0,6,0,,67,7,2008,4,39.9753,-75.2455,2204.0,6,0,0,0,0,0,1,0,0,,0,0,0,22,2,1,1,,0,39 58:31.258,,0,75 14:43.800,4,0,0,0,67301,0,0,0,,0,0,0,2,67301,1,,1,9,,,,,0,,0,0,0,2.0,1,,2204,1,2,0,0,0,0,0,3,4,0,2,7,,N,,,,,,,,,,,
2008101004,1040,1,0,0,0,0,0,1,0,0,6,1,,67,7,2008,7,40.0075,-75.1252,1035.0,6,0,0,0,0,0,0,0,0,,0,0,0,9,1,5,0,,0,40 00:26.822,,0,75 07:30.867,4,0,0,0,67301,0,0,0,,0,0,0,6,67301,5,,1,1,,,,,0,,0,0,0,0.0,0,,955,5,2,0,0,0,0,0,3,4,0,2,3,,N,,,,,,,,,,,
2008119184,805,2,0,0,0,0,0,0,0,0,4,0,,67,10,2008,4,40.0107,-75.1022,805.0,6,0,0,0,0,0,0,0,0,,0,0,0,8,1,1,0,,0,40 00:38.685,,0,75 06:07.761,4,0,0,0,67301,0,0,0,N,0,0,0,3,67301,1,,1,1,,N,N,,0,,0,0,0,3.0,2,,805,1,2,0,0,0,0,0,3,4,0,2,3,,N,,,,,,,,,,,
2008119252,2135,0,0,0,0,0,0,0,0,0,8,0,,67,10,2008,6,40.0296,-75.0868,2130.0,6,0,0,0,0,0,0,0,0,,0,0,0,21,3,1,1,,0,40 01:46.571,,0,75 05:12.580,4,0,0,0,67301,1,0,0,,1,0,0,2,67301,1,,1,1,,,,,0,,0,0,0,3.0,2,,2125,1,2,0,0,0,0,0,3,4,0,1,3,,N,,,,,,,,,,,
2008119286,121,2,0,0,0,0,0,0,0,0,5,0,,67,9,2008,4,39.9409,-75.1574,119.0,6,0,0,0,0,0,0,0,0,,0,0,0,1,3,0,0,,0,39 56:27.254,,0,75 09:26.676,0,0,0,0,67301,0,0,0,N,0,0,0,1,67301,0,,6,1,,N,N,,0,,0,0,1,0.0,0,,115,0,3,0,0,0,0,0,3,4,0,3,3,,N,,,,,,,,,,,
2008118956,2130,2,0,0,0,0,0,0,0,0,4,0,,67,9,2008,4,39.9291,-75.1483,2120.0,6,0,0,0,0,0,0,0,0,,0,0,0,18,1,1,5,,0,39 55:44.734,,0,75 08:53.811,8,0,0,0,67301,0,0,0,N,0,0,0,2,67301,0,,1,1,,N,N,,0,,0,0,0,3.0,3,,1800,1,2,0,0,0,1,1,3,4,0,2,3,,N,,,,,,,,,,,
2008133639,1319,0,0,0,0,0,0,1,0,0,4,1,,67,10,2008,6,39.9919,-75.1384,1316.0,6,0,0,0,0,0,2,0,0,,0,0,0,13,1,1,0,,0,39 59:30.869,,0,75 08:18.355,3,0,0,0,67301,0,0,0,,0,0,0,2,67301,0,,1,2,,,,,0,,1,0,0,0.0,0,,1310,1,2,0,0,0,0,0,3,4,1,2,3,,N,,,,,,,,,,,
2008133647,411,1,0,0,0,0,0,0,0,0,1,0,,67,10,2008,7,39.8919,-75.2419,406.0,6,0,0,0,0,0,0,0,0,,0,0,0,4,3,4,1,,0,39 53:30.991,,0,75 14:30.863,4,0,0,0,67301,0,0,0,N,0,0,0,6,67301,4,,1,9,,N,N,,0,,0,0,1,3.0,2,,400,4,2,0,0,0,0,0,3,4,0,2,7,,N,,,,,,,,,,,
2008118980,1734,1,0,0,0,0,0,0,0,0,4,0,,67,9,2008,7,39.952,-75.1734,1730.0,6,0,0,0,0,0,0,0,0,,0,0,0,17,3,1,1,,0,39 57:07.350,,0,75 10:24.142,8,0,0,0,67301,0,0,0,N,0,0,0,3,67301,0,,1,9,,N,N,,1,,0,0,0,3.0,2,,1729,1,2,0,0,0,1,1,3,4,0,2,7,,N,,,,,,,,,,,
2008118990,1410,2,0,0,0,0,0,0,0,0,4,0,,67,9,2008,5,39.9103,-75.1509,1405.0,6,0,0,0,0,0,0,0,0,,0,0,0,14,1,0,1,,0,39 54:37.276,,2,75 09:03.431,9,0,0,0,67301,0,0,0,N,0,0,0,5,67301,0,,1,1,,N,N,,0,,0,0,0,3.0,2,,1400,0,2,0,0,0,0,2,3,4,0,2,3,,N,,,,,,,,,,,
2008095674,9999,0,0,0,0,0,0,0,0,0,4,0,,67,7,2008,5,,,1517.0,6,0,0,0,0,0,2,0,0,,0,0,0,15,1,1,0,,0,,,0,,8,0,0,0,67301,0,0,0,,0,0,0,3,67301,0,,1,1,,N,N,,1,,0,0,1,0.0,0,,1515,1,2,0,0,0,1,2,3,3,0,2,99,,N,,,,,,,,,,,
2008097903,2105,1,0,0,0,0,0,0,0,0,8,0,,67,5,2008,5,39.9976,-75.1467,2100.0,6,0,0,0,0,1,0,0,0,,0,0,0,20,3,2,1,,0,39 59:51.514,,0,75 08:48.199,3,0,0,0,67301,2,0,0,N,2,0,0,3,67301,1,,5,1,,N,N,,0,,1,0,0,9.0,8,,2055,2,3,0,0,0,0,1,3,4,0,1,3,,N,,,,,,,,,,,
2008097918,1647,0,0,0,0,0,0,0,0,0,8,0,,67,6,2008,3,39.9191,-75.2396,1641.0,6,0,0,0,0,0,0,0,0,,0,0,0,16,1,1,0,,0,39 55:08.742,,0,75 14:22.639,4,0,0,0,67301,1,0,0,N,1,0,0,2,67301,1,,1,1,,N,N,,0,,0,0,1,0.0,0,,1630,1,2,0,0,0,0,0,3,4,0,1,3,,N,,,,,,,,,,,
2008097928,1032,0,0,0,0,0,0,0,0,0,7,0,,67,6,2008,2,39.9815,-75.2241,9999.0,6,0,0,0,0,0,0,0,0,1.0,0,0,0,10,1,1,1,,1,39 58:53.400,4.0,0,75 13:26.400,3,0,0,0,67301,0,0,0,N,0,0,0,3,67301,0,,4,9,,N,N,,0,,1,0,1,2.0,2,N,1010,1,1,0,0,0,0,0,3,4,0,1,7,,N,,,,,,,,,,,
2008088407,1940,2,0,0,0,0,0,0,0,0,4,0,,67,5,2008,4,39.998,-75.1254,1920.0,6,0,0,0,0,1,1,0,0,,0,0,0,19,3,2,1,,0,39 59:52.800,,0,75 07:31.440,8,0,0,0,67301,0,0,0,N,0,0,0,2,67301,0,,1,1,,N,Y,,0,,0,0,0,3.0,2,,1915,2,2,0,0,0,2,0,3,4,0,2,3,,N,,,,,,,,,,,
2008080398,2144,3,0,0,0,0,0,0,0,0,1,0,,67,7,2008,1,39.9286,-75.1966,2138.0,6,0,0,0,0,0,0,0,0,2.0,0,0,0,21,3,4,0,,2,39 55:44.590,4.0,0,75 11:49.161,4,0,0,0,67301,0,0,0,N,0,0,0,13,68K01,3,,1,1,,N,N,,0,,0,0,0,0.0,0,N,2132,4,3,0,0,1,1,0,3,4,0,3,3,,N,,,,,,,,,,,
2008088181,943,1,0,0,0,0,0,0,0,0,5,0,,67,6,2008,3,39.9198,-75.1445,941.0,6,0,0,0,0,0,1,0,0,,0,0,0,9,1,1,0,,0,39 55:11.175,,0,75 08:40.286,8,0,0,0,67301,0,0,0,,0,0,0,3,67301,0,,1,1,,,,,1,,0,0,0,0.0,0,,938,1,2,0,0,0,1,0,3,4,0,2,3,,N,,,,,,,,,,,
2008095295,1946,1,0,0,0,0,0,0,0,0,8,0,,67,6,2008,5,39.9934,-75.097,1942.0,6,0,0,0,0,0,1,0,0,,0,0,0,19,1,1,1,,0,39 59:36.240,,0,75 05:49.200,3,0,0,0,67301,1,0,0,N,1,0,0,2,67301,0,,1,1,,N,N,,0,,1,0,0,3.0,2,,1940,1,2,0,0,0,0,0,3,4,0,1,3,,N,,,,,,,,,,,
2008088194,237,1,0,0,0,0,0,0,0,0,1,0,,67,6,2008,7,40.0145,-75.0597,237.0,6,0,0,0,0,0,0,0,0,1.0,0,0,0,2,3,1,0,,2,40 00:52.318,1.0,0,75 03:34.822,4,0,0,0,67301,0,0,0,N,0,0,0,1,67301,1,,1,1,,N,N,,0,,0,0,1,3.0,3,N,220,1,2,0,0,0,0,0,3,4,0,2,3,,N,,,,,,,,,,,
2008088259,755,1,0,0,0,0,0,0,0,0,7,0,,67,6,2008,1,39.9877,-75.0922,745.0,6,0,0,0,0,0,0,0,0,,0,0,0,7,1,1,0,,0,39 59:15.720,,0,75 05:31.920,8,0,0,0,67301,0,0,0,N,0,0,0,1,67301,0,,5,1,,N,N,,0,,0,0,0,0.0,0,,740,1,1,0,0,1,1,0,3,4,0,1,3,,N,,,,,,,,,,,
2008088303,1705,1,0,0,0,0,0,0,0,0,8,0,,67,6,2008,6,40.0546,-75.0907,1705.0,6,0,0,0,0,0,1,0,0,,0,0,0,17,1,1,0,,0,40 03:16.688,,0,75 05:26.410,4,0,0,0,67301,1,0,0,N,1,0,0,2,67301,1,,1,1,,N,N,,0,,0,0,0,0.0,0,,1700,1,2,0,0,0,0,0,3,4,0,1,3,,N,,,,,,,,,,,
2008098007,1953,1,0,0,1,0,0,0,0,0,4,0,,67,6,2008,5,40.014,-75.0901,1943.0,6,0,0,0,0,0,0,0,0,,0,0,0,19,1,1,1,,0,40 00:50.526,,0,75 05:24.385,4,0,0,0,67301,1,0,0,N,0,0,0,3,67301,1,,1,1,,N,N,,0,,0,0,0,3.0,3,,1943,1,2,0,0,0,0,0,3,4,0,1,3,,N,,,,,,,,,,,
2008100508,15,1,0,0,0,0,0,0,0,0,8,0,,67,6,2008,7,39.9516,-75.1702,11.0,6,0,0,0,0,0,0,0,0,,0,0,0,0,3,1,1,,0,39 57:05.913,,0,75 10:12.656,4,0,0,0,67301,1,0,0,,1,0,0,2,67301,1,,1,1,,,,,0,,0,0,0,9.0,2,,8,1,2,0,0,0,0,0,3,4,0,1,3,,N,,,,,,,,,,,
2008098225,1909,1,0,0,1,0,0,0,0,0,8,0,,67,6,2008,6,40.01,-75.1435,1906.0,6,0,0,0,0,0,1,0,0,,0,0,0,19,1,1,0,,0,40 00:36.104,,0,75 08:36.420,4,0,0,0,67301,1,0,0,N,0,0,0,2,67301,1,,1,1,,N,N,,0,,0,0,0,0.0,0,,1905,1,2,0,0,0,0,0,3,4,0,1,3,,N,,,,,,,,,,,
2008098231,2050,2,0,0,0,0,0,0,0,0,6,0,,67,6,2008,6,39.935,-75.2352,2044.0,6,0,0,0,0,0,0,0,0,,0,0,0,20,3,2,2,,0,39 56:06.460,,0,75 14:06.511,8,0,0,0,67301,0,0,0,N,0,0,0,2,67301,0,,1,9,,N,N,,0,,0,0,0,0.0,0,,2040,2,2,0,0,0,2,0,3,4,0,2,7,,N,,,,,,,,,,,
2008098288,806,0,0,0,0,0,0,0,0,0,4,0,,67,6,2008,2,40.034,-75.0407,802.0,6,0,0,0,0,0,1,0,0,,0,0,0,7,1,1,1,,0,40 02:02.292,,0,75 02:26.545,8,0,0,0,67301,0,0,0,,0,0,0,2,67301,0,,1,1,,,,,0,,0,0,1,3.0,3,,737,1,2,0,0,0,1,0,3,4,1,2,3,,N,,,,,,,,,,,
2008086825,1519,2,0,0,0,0,0,0,0,0,1,0,,67,7,2008,1,40.0093,-75.2049,1514.0,6,0,0,0,0,1,0,0,0,,0,0,0,15,1,0,0,,0,40 00:32.558,,0,75 12:15.731,0,0,0,0,67301,0,0,0,N,0,0,0,2,68K01,0,,1,9,,N,N,,0,,0,0,0,0.0,0,,1508,0,2,0,0,0,0,0,3,4,0,2,7,,N,,,,,,,,,,,
2008100904,220,1,0,0,0,0,0,1,0,0,4,1,,67,7,2008,1,39.9727,-75.169,215.0,6,0,0,0,0,0,0,0,0,,0,0,0,2,3,3,1,,0,39 58:21.689,,0,75 10:08.305,8,0,0,0,67301,0,0,0,N,0,0,0,3,67301,0,,1,1,,N,N,,0,,0,0,0,3.0,2,,215,3,2,0,0,0,3,0,3,4,0,2,3,,N,,,,,,,,,,,
2008098435,1359,0,0,0,0,0,0,0,0,0,8,0,,67,6,2008,6,40.0176,-75.1548,1357.0,6,0,0,0,0,0,0,0,0,,0,0,0,13,1,1,1,,0,40 01:03.408,,0,75 09:17.179,4,0,0,0,67301,1,0,0,N,1,0,0,2,67301,1,,1,1,,N,N,,0,,0,0,0,0.0,0,,1345,1,2,0,0,0,0,0,3,4,1,1,3,,N,,,,,,,,,,,
2008098466,1834,2,0,0,0,0,0,0,0,0,4,0,,67,6,2008,7,40.0505,-75.1546,1802.0,6,0,0,0,1,1,0,0,0,,0,0,0,18,1,1,1,,0,40 03:01.648,,0,75 09:16.588,8,0,0,0,67301,0,0,0,N,0,0,0,2,67301,0,,1,1,,N,N,,0,,0,0,0,3.0,3,,1802,1,2,0,0,0,1,0,3,4,0,2,3,,N,,,,,,,,,,,
2008116130,1800,0,0,0,0,0,0,0,0,0,1,0,,67,10,2008,4,39.9806,-75.1037,1755.0,6,0,0,0,0,0,0,0,0,,0,0,0,17,1,0,0,,0,39 58:50.503,,0,75 06:13.382,0,0,0,0,67301,0,0,0,N,0,0,0,2,68K01,0,,1,1,,N,N,,2,,0,0,0,0.0,0,,1751,0,2,0,0,0,0,0,3,4,0,2,3,,N,,,,,,,,,,,
2008133291,1535,2,0,0,0,0,0,0,0,0,4,0,,67,10,2008,5,39.9567,-75.2175,1532.0,6,0,0,0,0,0,0,0,0,,0,0,0,15,1,4,1,,0,39 57:24.296,,0,75 13:02.938,8,0,0,0,67301,0,0,0,N,0,0,0,6,67301,0,,1,1,,N,N,,0,,0,0,0,0.0,0,,1525,4,2,0,0,0,4,0,3,4,0,2,3,,N,,,,,,,,,,,
2008124148,1745,2,0,0,0,0,0,0,0,0,1,0,,67,11,2008,4,39.9834,-75.0982,1745.0,6,0,0,0,0,0,0,0,0,1.0,0,0,0,17,3,1,0,,2,39 59:00.158,2.0,0,75 05:53.709,4,0,0,0,67301,0,0,0,N,0,0,0,2,68K01,1,,1,9,,N,N,,0,,0,0,0,0.0,0,N,1742,1,2,0,0,0,0,1,3,4,0,2,7,,N,,,,,,,,,,,
2008129518,1233,1,0,0,0,0,0,0,0,0,8,0,,67,10,2008,7,40.0398,-75.1446,1231.0,6,0,0,0,0,0,0,0,0,,0,0,0,12,1,1,1,,0,40 02:23.454,,0,75 08:40.430,8,0,0,0,67301,1,0,0,,1,0,0,2,67301,0,,1,1,,N,N,,0,,0,0,0,2.0,2,,1227,1,2,0,0,0,1,0,3,4,0,1,3,,N,,,,,,,,,,,
2008119257,2125,1,0,0,0,0,0,0,0,0,4,0,,67,9,2008,6,40.02,-75.1522,2055.0,6,0,0,0,0,0,1,0,0,,0,0,0,20,3,0,1,,0,40 01:12.005,,0,75 09:07.946,0,0,0,0,67301,0,0,0,N,0,0,0,2,67301,0,,1,9,,N,N,,0,,0,0,0,3.0,3,,2045,0,2,0,0,0,0,0,3,4,1,2,7,,N,,,,,,,,,,,
2008133564,129,0,0,0,0,0,0,0,0,0,7,0,,67,11,2008,4,39.9217,-75.1905,122.0,6,0,0,0,0,0,0,0,0,,0,0,0,99,3,0,0,,0,39 55:18.060,,0,75 11:25.685,0,0,0,0,67301,0,0,0,N,0,0,0,1,67301,0,,3,9,,N,N,,0,,0,0,1,0.0,0,,9999,0,1,0,0,0,0,0,3,4,0,1,7,,N,,,,,,,,,,,
2008133566,1703,1,0,0,0,0,0,0,0,0,8,0,,67,10,2008,6,39.9459,-75.2403,1700.0,6,0,0,0,0,0,0,0,0,,0,0,0,16,1,1,1,,0,39 56:45.089,,0,75 14:25.019,4,0,0,0,67301,1,0,0,N,1,0,0,2,67301,1,,2,1,,N,N,,0,,0,0,0,9.0,4,,1655,1,2,0,0,0,0,0,3,4,0,1,3,,N,,,,,,,,,,,
2008133568,2135,2,0,0,0,0,0,0,0,0,1,0,,67,10,2008,6,39.962,-75.2469,2130.0,6,0,0,0,0,0,0,0,0,,0,0,0,20,3,1,2,,0,39 57:43.048,,0,75 14:48.701,8,0,0,0,67301,0,0,0,N,0,0,0,2,67301,0,,1,1,,N,N,,0,,0,0,0,0.0,0,,2045,1,2,0,0,0,1,0,3,4,0,2,3,,N,,,,,,,,,,,
2008133640,1555,2,0,0,0,0,0,0,0,0,4,0,,67,11,2008,1,40.0192,-75.1307,1540.0,6,0,0,0,0,0,0,0,0,,0,0,0,15,1,1,1,,0,40 01:09.019,,0,75 07:50.671,3,0,0,0,67301,0,0,0,,0,0,0,2,67301,0,,1,1,,,,,0,,1,0,0,0.0,0,,1530,1,2,0,0,0,0,0,3,4,0,2,3,,N,,,,,,,,,,,
2008095689,2342,2,0,0,0,0,0,0,0,1,1,0,,67,7,2008,6,40.0011,-75.1317,2340.0,6,0,0,0,0,2,0,0,0,,0,0,0,23,3,1,0,,0,40 00:04.035,,0,75 07:54.004,2,0,0,0,67301,0,0,0,,0,0,0,5,67301,0,,1,9,,N,N,,0,,0,1,0,0.0,0,,2335,1,2,0,1,1,0,0,3,4,0,2,3,,N,,,,,,,,,,,
2008097904,2120,0,0,0,0,0,0,0,0,0,8,0,,67,7,2008,6,39.9558,-75.2217,2120.0,6,0,0,0,0,0,0,1,0,1.0,0,0,0,21,3,1,1,,1,39 57:21.049,1.0,0,75 13:18.170,8,0,0,0,67301,1,0,0,N,1,0,0,2,67301,0,,1,9,,N,N,,1,,0,0,0,0.0,0,N,2110,1,2,0,0,0,1,0,3,4,0,1,7,,N,,,,,,,,,,,
2008097670,741,2,0,0,0,0,0,0,0,0,1,0,,67,8,2008,6,39.8923,-75.2355,722.0,6,0,0,0,0,0,0,0,1,1.0,0,0,0,7,1,0,0,,1,39 53:31.516,1.0,0,75 14:09.413,0,0,0,0,67301,0,0,0,N,0,0,0,2,68K01,0,,1,1,,N,N,,0,,0,0,0,0.0,0,N,719,0,2,0,0,0,0,0,3,4,0,2,3,,N,,,,,,,,,,,