CRN,ARRIVAL_TM,AUTOMOBILE_COUNT,BELTED_DEATH_COUNT,BELTED_SUSP_SERIOUS_INJ_COUNT,BICYCLE_COUNT,BICYCLE_DEATH_COUNT,BICYCLE_SUSP_SERIOUS_INJ_COUNT,BUS_COUNT,CHLDPAS_DEATH_COUNT,CHLDPAS_SUSP_SERIOUS_INJ_COUNT,COLLISION_TYPE,COMM_VEH_COUNT,CONS_ZONE_SPD_LIM,COUNTY,CRASH_MONTH,CRASH_YEAR,DAY_OF_WEEK,DEC_LAT,DEC_LONG,DISPATCH_TM,DISTRICT,DRIVER_COUNT_16YR,DRIVER_COUNT_17YR,DRIVER_COUNT_18YR,DRIVER_COUNT_19YR,DRIVER_COUNT_20YR,DRIVER_COUNT_50_64YR,DRIVER_COUNT_65_74YR,DRIVER_COUNT_75PLUS,EST_HRS_CLOSED,FATAL_COUNT,HEAVY_TRUCK_COUNT,HORSE_BUGGY_COUNT,HOUR_OF_DAY,ILLUMINATION,INJURY_COUNT,INTERSECT_TYPE,INTERSECTION_RELATED,LANE_CLOSED,LATITUDE,LN_CLOSE_DIR,LOCATION_TYPE,LONGITUDE,MAX_SEVERITY_LEVEL,MCYCLE_DEATH_COUNT,MCYCLE_SUSP_SERIOUS_INJ_COUNT,MOTORCYCLE_COUNT,MUNICIPALITY,NONMOTR_COUNT,NONMOTR_DEATH_COUNT,NONMOTR_SUSP_SERIOUS_INJ_COUNT,NTFY_HIWY_MAINT,PED_COUNT,PED_DEATH_COUNT,PED_SUSP_SERIOUS_INJ_COUNT,PERSON_COUNT,POLICE_AGCY,POSSIBLE_INJ_COUNT,RDWY_SURF_TYPE_CD,RELATION_TO_ROAD,ROAD_CONDITION,ROADWAY_CLEARED,SCH_BUS_IND,SCH_ZONE_IND,SECONDARY_CRASH,SMALL_TRUCK_COUNT,SPEC_JURIS_CD,SUSP_MINOR_INJ_COUNT,SUSP_SERIOUS_INJ_COUNT,SUV_COUNT,TCD_FUNC_CD,TCD_TYPE,TFC_DETOUR_IND,TIME_OF_DAY,TOT_INJ_COUNT,TOTAL_UNITS,UNB_DEATH_COUNT,UNB_SUSP_SERIOUS_INJ_COUNT,UNBELTED_OCC_COUNT,UNK_INJ_DEG_COUNT,UNK_INJ_PER_COUNT,URBAN_AREA,URBAN_RURAL,VAN_COUNT,VEHICLE_COUNT,WEATHER1,WEATHER2,WORK_ZONE_IND,WORK_ZONE_LOC,WORK_ZONE_TYPE,WORKERS_PRES,WZ_CLOSE_DETOUR,WZ_FLAGGER,WZ_LAW_OFFCR_IND,WZ_LN_CLOSURE,WZ_MOVING,WZ_OTHER,WZ_SHLDER_MDN,WZ_WORKERS_INJ_KILLED
2008088166,1403,1,0,0,0,0,0,0,0,0,8,0,,67,6,2008,5,39.9609,-75.2329,1400.0,6,0,0,0,0,0,0,0,0,,0,0,0,10,1,1,1,,0,39 57:39.325,,0,75 13:58.437,4,0,0,0,67301,1,0,0,N,1,0,0,2,67301,1,,2,1,,N,N,,0,,0,0,0,9.0,2,,1035,1,2,0,0,0,0,1,3,4,0,1,3,,N,,,,,,,,,,,
2008095347,2050,1,0,0,1,0,0,0,0,0,4,0,,67,6,2008,2,39.9969,-75.1291,2050.0,6,0,0,0,0,0,0,0,0,,0,0,0,20,6,1,2,,0,39 59:48.811,,0,75 07:44.691,4,0,0,0,67301,1,0,0,,0,0,0,2,67301,1,,1,1,,N,N,,1,,0,0,0,3.0,3,,2040,1,3,0,0,0,0,0,3,4,0,2,3,,N,,,,,,,,,,,
2008097569,2116,1,0,0,0,0,0,0,0,0,1,0,,67,7,2008,1,40.0281,-75.0274,2111.0,6,0,0,0,1,0,1,0,0,3.0,0,0,0,21,3,3,0,,2,40 01:41.168,2.0,0,75 01:38.560,3,0,0,0,67301,0,0,0,N,0,0,0,6,67301,0,,1,1,,N,N,,0,,3,0,1,0.0,0,N,2110,3,2,0,0,0,0,0,3,4,0,2,3,,N,,,,,,,,,,,
2008090242,133,0,0,0,0,0,0,0,0,0,4,0,,67,6,2008,2,40.0505,-75.0972,131.0,6,0,0,0,0,0,0,0,0,3.0,1,0,0,1,3,1,1,,2,40 03:01.771,7.0,0,75 05:49.941,1,1,0,1,67301,0,0,0,,0,0,0,2,67301,0,1.0,1,1,,,,,0,0.0,1,0,0,3.0,2,Y,130,1,2,0,0,0,0,0,3,4,1,2,3,,N,,,,,,,,,,,
2008083234,1950,0,0,0,0,0,0,0,0,0,8,0,,67,5,2008,7,39.953,-75.1598,1946.0,6,0,0,0,0,0,0,0,0,,0,0,0,19,4,1,0,,0,39 57:10.630,,0,75 09:35.427,4,0,0,0,67301,1,0,0,N,1,0,0,2,67301,1,,1,1,,N,N,,0,,0,0,0,0.0,0,,1940,1,2,0,0,0,0,0,3,4,1,1,3,,N,,,,,,,,,,,
2008098012,1227,1,0,0,0,0,0,0,0,0,4,0,,67,7,2008,5,40.0499,-75.1472,1223.0,6,0,0,0,0,1,0,0,0,1.0,0,0,0,12,1,0,2,,1,40 02:59.763,3.0,0,75 08:49.994,0,0,0,0,67301,0,0,0,N,0,0,0,2,67301,0,,1,1,,N,N,,1,,0,0,0,3.0,3,N,1215,0,2,0,0,0,0,0,3,4,0,2,3,,N,,,,,,,,,,,
2008098023,836,1,0,0,0,0,0,0,0,0,8,0,,67,5,2008,4,39.9907,-75.2378,833.0,6,0,0,0,0,0,0,0,0,,0,0,0,8,1,1,1,,0,39 59:26.444,,0,75 14:16.029,8,0,0,0,67301,1,0,0,N,1,0,0,2,67301,0,,4,1,,N,,,0,,0,0,0,3.0,2,,824,1,2,0,0,0,1,1,3,4,0,1,3,,N,,,,,,,,,,,
2008100550,1708,0,0,0,0,0,0,0,0,0,7,0,,67,7,2008,7,40.014,-75.0598,1702.0,6,0,0,0,0,0,0,0,0,,0,0,0,16,1,2,0,,0,40 00:50.230,,0,75 03:35.174,3,0,0,0,67301,0,0,0,N,0,0,0,2,67301,1,,5,1,,N,N,,1,,1,0,0,0.0,0,,1655,2,1,0,0,0,0,0,3,4,0,1,3,,N,,,,,,,,,,,
2008098220,2030,1,0,0,0,0,0,0,0,0,8,0,,67,7,2008,6,40.0181,-75.1165,2026.0,6,0,0,0,0,0,0,0,0,,0,0,0,20,4,1,0,,0,40 01:05.110,,0,75 06:59.350,8,0,0,0,67301,1,0,0,N,1,0,0,2,67301,0,,1,1,,N,N,,0,,0,0,0,0.0,0,,2020,1,2,0,0,1,1,0,3,4,0,1,3,,N,,,,,,,,,,,
2008098273,825,1,0,0,0,0,0,0,0,0,1,0,,67,7,2008,6,39.9496,-75.1474,822.0,6,0,0,0,0,0,0,0,0,,0,0,0,8,1,1,0,,0,39 56:58.390,,0,75 08:50.722,4,0,0,0,67301,0,0,0,N,0,0,0,3,67301,1,,1,1,,N,N,,1,,0,0,0,0.0,0,,820,1,2,0,0,0,0,0,3,4,0,2,3,,N,,,,,,,,,,,
2008098384,1900,1,0,0,0,0,0,0,0,0,6,0,,67,7,2008,5,39.9997,-75.1385,1857.0,6,0,0,0,0,0,0,0,0,1.0,0,0,0,18,1,1,1,,1,39 59:58.947,1.0,0,75 08:18.742,3,0,0,1,67301,0,0,0,N,0,0,0,2,67301,0,,1,1,,N,N,,0,,1,0,0,3.0,2,Y,1857,1,2,0,0,0,0,0,3,4,0,2,3,,N,,,,,,,,,,,
2008098394,1930,1,0,0,0,0,0,0,0,0,8,0,,67,7,2008,4,39.9951,-75.1505,1927.0,6,0,0,0,0,0,0,0,0,,0,0,0,19,1,1,1,,0,39 59:42.230,,0,75 09:01.789,8,0,0,0,67301,1,0,0,N,1,0,0,2,67301,0,,1,1,,N,N,,0,,0,0,0,0.0,0,,1927,1,2,0,0,1,1,0,3,4,0,1,3,,N,,,,,,,,,,,
2008078910,1622,0,0,0,0,0,0,0,0,0,8,0,,67,5,2008,3,39.9558,-75.236,1619.0,6,0,0,0,0,0,0,1,0,,0,0,0,16,1,1,1,,0,39 57:20.998,,0,75 14:09.675,8,0,0,0,67301,1,0,0,N,1,0,0,2,67301,0,,1,1,,N,Y,,0,,0,0,1,3.0,2,,1619,1,2,0,0,0,1,0,3,4,0,1,3,,N,,,,,,,,,,,
2008089349,515,2,0,0,0,0,0,0,0,0,2,0,,67,6,2008,5,40.0356,-75.1702,511.0,6,0,0,0,0,0,0,0,0,,0,0,0,5,1,0,1,,0,40 02:08.311,,0,75 10:12.701,0,0,0,0,67301,0,0,0,,0,0,0,4,67301,0,,1,1,,N,N,,0,,0,0,0,3.0,3,,511,0,2,0,0,0,0,0,3,4,0,2,3,,N,,,,,,,,,,,
2008081454,1235,1,0,0,0,0,0,0,0,0,4,0,,67,5,2008,7,39.9751,-75.1952,1231.0,6,0,0,0,0,0,0,0,0,,0,0,0,12,1,0,0,,0,39 58:30.211,,0,75 11:42.840,0,0,0,0,67301,0,0,0,N,0,0,0,3,67301,0,,1,1,,N,N,,0,,0,0,0,3.0,2,,1229,0,2,0,0,0,0,0,3,4,0,2,3,,N,,,,,,,,,,,
2008081477,1724,1,0,0,1,0,0,0,0,0,4,0,,67,5,2008,6,39.9804,-75.2247,1700.0,6,0,0,0,0,0,0,0,0,,0,0,0,99,1,1,1,,0,39 58:49.632,,0,75 13:28.842,4,0,0,0,67301,1,0,0,,0,0,0,2,67301,1,,1,1,,,,,0,,0,0,0,3.0,2,,9999,1,2,0,0,0,0,0,3,4,0,1,3,,N,,,,,,,,,,,
2008108004,1500,2,0,0,0,0,0,0,0,0,5,0,,67,4,2008,4,39.9689,-75.1344,1500.0,6,0,0,0,0,0,0,0,0,,0,0,0,15,1,1,1,,0,39 58:07.420,,0,75 08:03.925,4,0,0,0,67301,0,0,0,,0,0,0,2,67301,1,,1,1,,,,,0,,0,0,0,3.0,2,,1500,1,2,0,0,0,0,0,3,4,0,2,3,,N,,,,,,,,,,,
2008107976,2233,0,0,0,0,0,0,0,0,0,8,0,,67,8,2008,2,40.0277,-75.1361,2230.0,6,0,0,0,0,0,0,0,0,,0,0,0,22,3,1,2,,0,40 01:39.813,,0,75 08:10.082,8,0,0,0,67301,1,0,0,N,1,0,0,2,67301,0,,1,1,,N,N,,0,,0,0,0,3.0,3,,2220,1,2,0,0,0,1,1,3,4,1,1,3,,N,,,,,,,,,,,
2008120784,820,1,0,0,1,0,0,0,0,0,4,0,,67,9,2008,5,39.9473,-75.2269,735.0,6,0,1,0,0,0,0,0,0,,0,0,0,7,1,1,1,,0,39 56:50.225,,0,75 13:36.792,3,0,0,0,67301,1,0,0,N,0,0,0,2,67301,0,,1,1,,N,N,,0,,1,0,0,3.0,2,,734,1,2,0,0,0,0,0,3,4,0,1,3,,N,,,,,,,,,,,
2008137021,2142,1,0,0,0,0,0,0,0,0,7,0,,67,12,2008,4,39.88,-75.248,2132.0,6,0,0,0,0,0,0,0,0,2.0,0,0,0,21,3,2,0,,2,39 52:47.811,2.0,0,75 14:53.022,3,0,0,0,67301,0,0,0,Y,0,0,0,2,68K01,1,,4,9,,N,N,,0,,1,0,0,0.0,0,N,2129,2,2,0,0,0,0,0,3,4,1,2,7,,N,,,,,,,,,,,
2008120818,1728,3,0,0,0,0,0,0,0,0,4,0,,67,10,2008,6,40.0353,-75.0781,1723.0,6,0,0,0,0,0,0,1,0,,0,0,0,17,1,2,1,,0,40 02:07.252,,0,75 04:41.296,8,0,0,0,67301,0,0,0,N,0,0,0,8,67301,0,,1,1,,N,N,,0,,0,0,0,0.0,0,,1709,2,3,0,0,0,2,0,3,4,0,3,3,,N,,,,,,,,,,,
2008132405,1853,0,0,0,0,0,0,0,0,0,1,0,,67,11,2008,3,39.979,-75.1096,1851.0,6,0,0,0,0,0,2,0,0,1.0,0,0,0,18,2,3,0,,1,39 58:47.453,2.0,0,75 06:24.143,4,0,0,0,67301,0,0,0,N,0,0,0,6,68K01,3,,1,1,,N,N,,2,,0,0,1,0.0,0,N,1846,3,3,0,0,0,0,0,3,4,0,3,3,,N,,,,,,,,,,,
2008132411,1142,1,0,0,0,0,0,0,0,0,4,0,,67,11,2008,4,39.9571,-75.1444,1142.0,6,0,0,0,0,0,0,0,0,,0,0,0,9,1,0,0,,0,39 57:25.773,,8,75 08:41.100,9,0,0,0,67301,0,0,0,N,0,0,0,2,68K01,0,,1,1,,N,N,,1,,0,0,0,3.0,4,,945,0,2,0,0,0,0,1,3,4,0,2,3,,N,,,,,,,,,,,
2008123007,920,1,0,0,0,0,0,0,0,0,7,0,,67,9,2008,7,,,920.0,6,0,0,0,0,0,0,0,0,1.0,0,0,0,9,1,0,0,,1,,3.0,0,,0,0,0,0,67301,0,0,0,N,0,0,0,3,67301,0,,3,1,,N,N,,0,,0,0,0,3.0,8,N,920,0,1,0,0,0,0,0,3,3,0,1,3,,N,,,,,,,,,,,
2008119484,1806,0,0,0,0,0,0,0,0,0,2,0,,67,9,2008,7,39.9249,-75.174,1753.0,6,0,0,0,0,0,0,0,0,,0,0,0,17,1,1,2,,0,39 55:28.255,,0,75 10:14.649,4,0,0,1,67301,0,0,0,,0,0,0,3,67301,1,,1,1,,,,,0,,0,0,1,0.0,0,,1749,1,2,0,0,0,0,0,3,4,0,2,3,,N,,,,,,,,,,,
2009013704,1007,1,0,0,1,0,0,0,0,0,5,0,,67,12,2008,2,39.9491,-75.1621,1003.0,6,0,0,0,0,0,0,0,0,,0,0,0,10,1,1,0,,0,39 56:56.676,,0,75 09:43.560,4,0,0,0,67301,1,0,0,,0,0,0,2,67301,1,,1,1,,,,,0,,0,0,0,0.0,0,,1000,1,2,0,0,0,0,0,3,4,0,1,3,,N,,,,,,,,,,,
2009013846,15,2,0,0,0,0,0,0,0,0,1,0,,67,11,2008,2,39.9805,-75.1741,3.0,6,0,0,0,0,0,0,0,0,,0,0,0,0,3,0,0,,0,39 58:49.883,,0,75 10:26.715,0,0,0,0,67301,0,0,0,N,0,0,0,1,67301,0,,1,1,,N,N,,0,,0,0,1,0.0,0,,3,0,4,0,0,1,0,0,3,4,1,4,3,,N,,,,,,,,,,,
2009001005,1856,1,0,0,0,0,0,0,0,0,8,0,,67,11,2008,1,39.9413,-75.2084,1855.0,6,0,0,0,0,0,0,0,0,,0,0,0,18,3,1,1,,0,39 56:28.680,,0,75 12:38.160,4,0,0,0,67301,1,0,0,N,1,0,0,2,67301,1,,1,1,,N,N,,0,,0,0,0,3.0,2,,1853,1,2,0,0,0,0,1,3,4,0,1,3,,N,,,,,,,,,,,
2008099339,1637,2,0,0,0,0,0,0,0,0,5,0,,67,7,2008,4,39.9595,-75.1373,1633.0,6,0,0,1,0,0,0,0,0,,0,0,0,16,1,1,0,,0,39 57:34.130,,7,75 08:14.400,3,0,0,0,67301,0,0,0,,0,0,0,1,67301,0,,2,1,,,,,0,,1,0,0,0.0,0,,1628,1,3,0,0,0,0,0,3,4,0,2,3,,N,,,,,,,,,,,
2008108595,1240,2,0,0,0,0,0,0,0,0,1,0,,67,8,2008,7,40.125,-75.0148,1228.0,6,0,0,0,1,0,0,0,0,,0,0,0,12,1,1,1,,0,40 07:30.043,,0,75 00:53.360,4,0,0,0,67301,0,0,0,,0,0,0,4,67301,1,,1,1,,,,,0,,0,0,0,3.0,2,,1225,1,2,0,0,0,0,0,3,4,0,2,3,,N,,,,,,,,,,,
2008108611,858,2,0,0,0,0,0,0,0,0,4,0,,67,8,2008,6,39.9375,-75.2203,855.0,6,0,0,0,0,0,0,0,0,,0,0,0,8,1,0,1,,0,39 56:14.827,,0,75 13:12.964,0,0,0,0,67301,0,0,0,,0,0,0,2,67301,0,,1,1,,N,N,,0,,0,0,0,3.0,3,,840,0,2,0,0,0,0,0,3,4,0,2,3,,N,,,,,,,,,,,
2008101533,2011,0,0,0,0,0,0,0,0,0,1,0,,67,9,2008,2,39.9665,-75.1871,2005.0,6,0,0,0,0,0,0,0,0,,0,0,0,20,2,0,6,,0,39 57:58.260,,2,75 11:10.510,0,0,0,0,67301,0,0,0,N,0,0,0,2,68K01,0,,1,1,,N,N,,0,,0,0,2,0.0,0,,2000,0,2,0,0,0,0,0,3,4,0,2,3,,N,,,,,,,,,,,
2008098666,811,1,0,0,0,0,0,0,0,0,4,0,,67,6,2008,1,39.9459,-75.2406,810.0,6,0,0,0,0,0,1,0,0,,0,0,0,7,1,0,0,,0,39 56:45.284,,0,75 14:26.604,0,0,0,0,67301,0,0,0,N,0,0,0,1,67301,0,,6,1,,N,N,,0,,0,0,2,0.0,0,,750,0,3,0,0,0,0,0,3,4,0,3,3,,N,,,,,,,,,,,
2008098674,1910,1,0,0,0,0,0,0,0,0,4,0,,67,6,2008,2,39.9794,-75.2254,1900.0,6,0,0,0,0,0,0,0,0,,0,1,0,18,1,2,1,,0,39 58:46.026,,0,75 13:31.408,3,0,0,0,67301,0,0,0,,0,0,0,3,67301,0,,1,1,,,,,0,,2,0,0,3.0,2,,1800,2,2,0,0,1,0,0,3,4,0,2,3,5.0,N,,,,,,,,,,,
2008121130,250,1,0,0,1,0,1,0,0,0,4,0,,67,10,2008,7,39.9314,-75.1563,245.0,6,0,0,0,0,0,0,0,0,,0,0,0,2,3,1,1,,0,39 55:53.086,,0,75 09:22.669,2,0,0,0,67301,1,0,1,N,0,0,0,2,67301,0,,1,1,,N,N,,0,,0,1,0,3.0,3,,240,1,2,0,0,0,0,0,3,4,0,1,3,,N,,,,,,,,,,,
2008069538,806,2,0,0,0,0,0,0,0,0,6,0,,67,4,2008,3,40.0241,-75.1799,803.0,6,0,0,0,0,0,0,0,0,,0,0,0,8,1,2,0,,0,40 01:26.760,,7,75 10:47.640,4,0,0,0,67301,0,0,0,N,0,0,0,2,67301,1,,1,1,,N,N,,0,,0,0,0,0.0,0,,800,2,2,0,0,0,1,0,3,4,0,2,3,,N,,,,,,,,,,,
2008120910,1341,1,0,0,0,0,0,0,0,0,5,0,,67,9,2008,7,39.9061,-75.1934,1340.0,6,0,0,0,0,0,0,1,0,1.0,0,0,0,13,1,2,0,,2,39 54:21.892,2.0,0,75 11:36.062,4,0,0,0,67301,0,0,0,,0,0,0,3,67301,2,,1,9,,N,N,,1,,0,0,0,0.0,0,Y,1340,2,2,0,0,0,0,0,3,4,0,2,7,,N,,,,,,,,,,,
2008120919,2128,1,0,0,0,0,0,0,0,0,8,0,,67,9,2008,5,39.9337,-75.2316,2124.0,6,0,0,0,0,0,0,0,0,,0,0,0,21,3,1,1,,0,39 56:01.248,,0,75 13:53.583,4,0,0,0,67301,1,0,0,N,1,0,0,2,67301,1,,1,9,,N,N,,0,,0,0,0,3.0,2,,2123,1,2,0,0,0,0,0,3,4,0,1,7,,N,,,,,,,,,,,
2008107047,805,1,0,0,0,0,0,0,0,0,4,0,,67,8,2008,3,39.9537,-75.1384,805.0,6,0,0,0,0,0,0,0,0,,0,0,0,8,1,0,0,,0,39 57:13.150,,3,75 08:18.395,9,0,0,0,67301,0,0,0,,0,0,0,2,67501,0,,1,1,,N,N,,0,,0,0,0,3.0,8,,805,0,2,0,0,0,0,1,3,4,0,2,3,,N,,,,,,,,,,,
2008079019,850,2,0,0,0,0,0,0,0,0,2,0,,67,5,2008,3,40.0351,-75.1446,830.0,6,0,0,0,0,0,0,0,0,,0,0,0,8,1,2,0,,0,40 02:06.487,,0,75 08:40.627,3,0,0,0,67301,0,0,0,N,0,0,0,2,67301,0,,1,1,,N,N,,0,,2,0,0,0.0,0,,830,2,2,0,0,0,0,0,3,4,0,2,3,,N,,,,,,,,,,,
2008079100,1720,1,0,0,1,0,0,0,0,0,1,0,,67,5,2008,4,39.9455,-75.1804,1714.0,6,0,0,0,0,0,0,0,0,,0,0,0,14,1,1,0,,0,39 56:43.779,,0,75 10:49.544,4,0,0,0,67301,1,0,0,N,0,0,0,2,67301,1,,1,1,,N,N,,0,,0,0,0,0.0,0,,1430,1,2,0,0,0,0,0,3,4,0,1,3,,N,,,,,,,,,,,
2008097414,203,1,0,0,0,0,0,0,0,0,8,0,,67,7,2008,4,40.0975,-74.9843,202.0,6,0,0,0,0,0,0,0,0,,0,0,0,2,3,1,0,,0,40 05:51.079,,0,74 59:03.595,3,0,0,0,67301,1,0,0,N,1,0,0,2,67301,0,,1,1,,N,N,,0,,1,0,0,0.0,0,,200,1,2,0,0,0,0,0,3,4,0,1,3,,N,,,,,,,,,,,
2008097523,1625,3,0,0,0,0,0,0,0,0,5,0,,67,7,2008,6,39.981,-75.1624,1623.0,6,0,0,0,0,0,0,0,0,,0,0,0,16,1,0,0,,0,39 58:51.621,,0,75 09:44.542,0,0,0,0,67301,0,0,0,N,0,0,0,1,67301,0,,6,1,,N,N,,0,,0,0,0,0.0,0,,1619,0,3,0,0,0,0,0,3,4,0,3,3,,N,,,,,,,,,,,
2008097524,1830,1,0,0,0,0,0,0,0,0,5,0,,67,7,2008,6,39.9906,-75.1645,1830.0,6,0,0,1,0,0,1,0,0,,0,0,0,18,1,1,1,,0,39 59:25.998,,0,75 09:52.225,3,0,0,1,67301,0,0,0,,0,0,0,2,67301,0,,1,1,,,,,0,,1,0,0,0.0,0,,1800,1,2,0,0,0,0,0,3,4,0,2,3,,N,,,,,,,,,,,
2008088961,2353,2,0,0,0,0,0,0,0,0,4,0,,67,6,2008,3,40.0318,-75.0841,2353.0,6,0,0,0,0,0,0,0,0,1.0,0,0,0,23,3,0,1,,1,40 01:54.480,1.0,0,75 05:03.120,0,0,0,0,67301,0,0,0,N,0,0,0,4,67301,0,,1,9,,N,N,,0,,0,0,0,2.0,2,N,2353,0,2,0,0,0,0,0,3,4,0,2,7,5.0,N,,,,,,,,,,,
2008088903,1515,0,0,0,0,0,0,0,0,0,9,0,,67,6,2008,7,40.0475,-75.2065,1437.0,6,0,0,0,0,0,0,0,0,,0,0,0,14,1,0,1,,0,40 02:51.000,,0,75 12:23.400,0,0,0,0,67301,0,0,0,N,0,0,0,1,67301,0,,1,1,,N,N,,0,,0,0,1,0.0,0,,1439,0,1,0,0,0,0,0,3,4,0,1,3,,N,,,,,,,,,,,
2008071387,1626,1,0,0,0,0,0,0,0,0,1,0,,67,6,2008,6,39.8916,-75.1986,1626.0,6,0,0,0,0,0,0,0,0,1.0,0,0,0,16,1,1,0,,2,39 53:54.181,1.0,0,75 10:54.057,3,0,0,0,67301,0,0,0,N,0,0,0,2,68K01,0,,1,1,,N,N,,0,,1,0,1,0.0,0,N,1626,1,2,0,0,0,0,0,3,4,0,2,3,,N,,,,,,,,,,,
2008091363,36,0,0,0,0,0,0,0,0,0,7,0,,67,7,2008,6,,,35.0,6,0,0,0,0,1,0,0,0,,0,0,0,0,3,0,0,,0,,,5,,0,0,0,0,67301,0,0,0,N,0,0,0,1,67501,0,,3,1,,N,N,,0,,0,0,1,0.0,0,,30,0,1,0,0,0,0,0,3,3,0,1,3,,N,,,,,,,,,,,
2008108306,1620,0,0,0,0,0,0,0,0,0,1,0,,67,8,2008,7,40.0483,-75.013,1610.0,6,0,0,0,0,0,1,0,1,,0,0,0,16,1,1,0,,0,40 02:53.870,,0,75 00:46.748,8,0,0,0,67301,0,0,0,N,0,0,0,2,67301,0,,1,1,,N,N,,0,,0,0,1,3.0,2,,1605,1,2,0,0,0,1,0,3,4,1,2,3,,N,,,,,,,,,,,
2008108361,2230,2,0,0,0,0,0,0,0,0,4,0,,67,8,2008,7,39.9548,-75.2321,2230.0,6,0,0,0,0,0,0,0,0,9.0,0,0,0,22,6,2,1,,1,39 57:17.208,1.0,0,75 13:55.430,4,0,0,0,67301,0,0,0,,0,0,0,3,67301,2,,1,1,,N,N,,0,,0,0,0,0.0,0,N,2230,2,2,0,0,3,0,0,3,4,0,2,3,,N,,,,,,,,,,,
2008094872,936,1,0,0,0,0,0,0,0,0,6,0,,67,8,2008,4,39.9368,-75.1671,930.0,6,0,0,0,0,0,0,1,0,,0,0,0,9,1,2,1,,0,39 56:12.191,,0,75 10:01.410,3,0,0,0,67301,0,0,0,N,0,0,0,3,67301,0,,1,1,,N,N,,1,,1,0,0,3.0,2,,908,2,2,0,0,0,1,0,3,4,0,2,3,,N,,,,,,,,,,,
2008079216,115,4,0,0,0,0,0,0,0,0,5,0,,67,5,2008,4,39.9295,-75.1519,108.0,6,0,0,0,0,0,0,0,0,,0,0,0,1,3,1,0,,0,39 55:46.281,,0,75 09:06.710,4,0,0,0,67301,0,0,0,N,0,0,0,1,67301,1,,6,1,,N,N,,0,,0,0,0,3.0,3,,100,1,4,0,0,0,0,0,3,4,0,4,3,,N,,,,,,,,,,,
2008089159,0,1,0,0,0,0,0,0,0,0,8,0,,67,2,2008,1,39.9537,-75.1579,0.0,6,0,0,0,0,0,0,0,0,,0,0,0,3,6,1,1,,0,39 57:13.496,,0,75 09:28.376,3,0,0,0,67301,1,0,0,N,1,0,0,2,00000,0,,1,1,,N,N,,0,,1,0,0,3.0,2,,300,1,2,0,0,0,0,1,3,4,0,1,3,,N,,,,,,,,,,,
2008096052,1658,1,0,0,1,0,1,0,0,0,3,0,,67,8,2008,5,39.9373,-75.1622,1647.0,6,0,0,0,0,0,0,0,0,,0,0,0,18,1,1,0,,0,39 56:14.289,,0,75 09:43.780,2,0,0,0,67301,1,0,1,N,0,0,0,2,67301,0,,2,1,,N,N,,0,,0,1,0,0.0,0,,1815,1,2,0,0,0,0,0,3,4,0,1,3,,N,,,,,,,,,,,
2008119374,2113,1,0,0,1,0,0,0,0,0,8,0,,67,9,2008,5,39.9396,-75.1886,2109.0,6,0,0,0,0,0,0,0,0,,0,0,0,21,2,1,0,,0,39 56:22.434,,0,75 11:18.927,3,0,0,0,67301,1,0,0,N,0,0,0,2,67301,0,,1,1,,N,N,,0,,1,0,0,0.0,0,,2107,1,2,0,0,0,0,0,3,4,0,1,3,,N,,,,,,,,,,,
2008134023,2331,1,0,0,0,0,0,0,0,0,4,0,,67,10,2008,6,40.0158,-75.1174,2329.0,6,0,0,0,0,0,0,0,0,9.0,1,0,0,23,3,0,1,,2,40 00:56.886,5.0,0,75 07:02.487,1,1,0,1,67301,0,0,0,N,0,0,0,3,67301,0,2.0,1,1,,N,N,,0,0.0,0,0,0,0.0,0,Y,2329,0,2,0,0,0,0,0,3,4,0,2,3,,N,,,,,,,,,,,
2008123754,2345,2,0,0,0,0,0,0,0,0,1,0,,67,9,2008,5,40.0516,-75.1764,2340.0,6,0,0,0,0,0,2,0,0,,0,0,0,21,3,0,0,,0,40 03:05.864,,0,75 10:34.950,0,0,0,0,67301,0,0,0,N,0,0,0,2,67301,0,,1,9,,N,N,,0,,0,0,0,3.0,2,,2105,0,3,0,0,0,0,0,3,4,0,3,7,,N,,,,,,,,,,,
2008119176,1625,3,0,0,0,0,0,0,0,0,1,0,,67,9,2008,4,39.9249,-75.174,1612.0,6,0,0,0,0,0,3,0,0,,0,0,0,15,1,1,0,,0,39 55:28.097,,0,75 10:13.435,4,0,0,0,67301,0,0,0,N,0,0,0,4,67301,1,,1,1,,N,N,,1,,0,0,0,0.0,0,,1530,1,4,0,0,0,0,1,3,4,0,4,3,,N,,,,,,,,,,,
2008119205,930,2,0,0,0,0,0,0,0,0,4,0,,67,9,2008,7,39.9833,-75.1258,928.0,6,0,0,0,0,0,0,0,0,,0,0,0,99,1,1,1,,0,39 58:59.767,,0,75 07:32.979,4,0,0,0,67301,0,0,0,,0,0,0,4,67301,1,,1,1,,N,N,,0,,0,0,0,3.0,2,,9999,1,2,0,0,0,0,0,3,4,0,2,3,,N,,,,,,,,,,,
2008118964,1225,1,0,0,0,0,0,0,0,0,8,0,,67,9,2008,2,40.0856,-75.0394,1220.0,6,0,0,0,0,0,0,1,0,,0,0,0,12,1,1,0,,0,40 05:08.160,,0,75 02:21.840,3,0,0,0,67301,1,0,0,N,1,0,0,3,67301,0,,1,1,,N,N,,0,,1,0,0,0.0,0,,1215,1,2,0,0,0,0,0,3,4,0,1,3,,N,,,,,,,,,,,