CRN,ARRIVAL_TM,AUTOMOBILE_COUNT,BELTED_DEATH_COUNT,BELTED_SUSP_SERIOUS_INJ_COUNT,BICYCLE_COUNT,BICYCLE_DEATH_COUNT,BICYCLE_SUSP_SERIOUS_INJ_COUNT,BUS_COUNT,CHLDPAS_DEATH_COUNT,CHLDPAS_SUSP_SERIOUS_INJ_COUNT,COLLISION_TYPE,COMM_VEH_COUNT,CONS_ZONE_SPD_LIM,COUNTY,CRASH_MONTH,CRASH_YEAR,DAY_OF_WEEK,DEC_LAT,DEC_LONG,DISPATCH_TM,DISTRICT,DRIVER_COUNT_16YR,DRIVER_COUNT_17YR,DRIVER_COUNT_18YR,DRIVER_COUNT_19YR,DRIVER_COUNT_20YR,DRIVER_COUNT_50_64YR,DRIVER_COUNT_65_74YR,DRIVER_COUNT_75PLUS,EST_HRS_CLOSED,FATAL_COUNT,HEAVY_TRUCK_COUNT,HORSE_BUGGY_COUNT,HOUR_OF_DAY,ILLUMINATION,INJURY_COUNT,INTERSECT_TYPE,INTERSECTION_RELATED,LANE_CLOSED,LATITUDE,LN_CLOSE_DIR,LOCATION_TYPE,LONGITUDE,MAX_SEVERITY_LEVEL,MCYCLE_DEATH_COUNT,MCYCLE_SUSP_SERIOUS_INJ_COUNT,MOTORCYCLE_COUNT,MUNICIPALITY,NONMOTR_COUNT,NONMOTR_DEATH_COUNT,NONMOTR_SUSP_SERIOUS_INJ_COUNT,NTFY_HIWY_MAINT,PED_COUNT,PED_DEATH_COUNT,PED_SUSP_SERIOUS_INJ_COUNT,PERSON_COUNT,POLICE_AGCY,POSSIBLE_INJ_COUNT,RDWY_SURF_TYPE_CD,RELATION_TO_ROAD,ROAD_CONDITION,ROADWAY_CLEARED,SCH_BUS_IND,SCH_ZONE_IND,SECONDARY_CRASH,SMALL_TRUCK_COUNT,SPEC_JURIS_CD,SUSP_MINOR_INJ_COUNT,SUSP_SERIOUS_INJ_COUNT,SUV_COUNT,TCD_FUNC_CD,TCD_TYPE,TFC_DETOUR_IND,TIME_OF_DAY,TOT_INJ_COUNT,TOTAL_UNITS,UNB_DEATH_COUNT,UNB_SUSP_SERIOUS_INJ_COUNT,UNBELTED_OCC_COUNT,UNK_INJ_DEG_COUNT,UNK_INJ_PER_COUNT,URBAN_AREA,URBAN_RURAL,VAN_COUNT,VEHICLE_COUNT,WEATHER1,WEATHER2,WORK_ZONE_IND,WORK_ZONE_LOC,WORK_ZONE_TYPE,WORKERS_PRES,WZ_CLOSE_DETOUR,WZ_FLAGGER,WZ_LAW_OFFCR_IND,WZ_LN_CLOSURE,WZ_MOVING,WZ_OTHER,WZ_SHLDER_MDN,WZ_WORKERS_INJ_KILLED
2008133631,502,1,0,0,0,0,0,0,0,0,8,0,,67,10,2008,6,40.0322,-75.1231,500.0,6,0,0,0,0,0,0,0,0,,0,0,0,5,1,1,1,,0,40 01:55.812,,0,75 07:23.084,4,0,0,0,67301,1,0,0,,1,0,0,2,67301,1,,1,1,,,,,0,,0,0,0,0.0,0,,500,1,2,0,0,0,0,0,3,4,0,1,3,,N,,,,,,,,,,,
2008133648,935,1,0,0,0,0,0,1,0,0,5,1,,67,11,2008,1,40.0018,-75.1528,930.0,6,0,0,0,0,0,0,0,0,1.0,0,0,0,9,1,1,0,,1,40 00:06.442,2.0,0,75 09:09.914,8,0,0,0,67301,0,0,0,,0,0,0,6,67301,0,,1,1,,N,N,,0,,0,0,0,0.0,0,N,913,1,2,0,0,0,1,1,3,4,0,2,3,,N,,,,,,,,,,,
2008118975,1026,2,0,0,0,0,0,0,0,0,6,0,,67,9,2008,3,39.9147,-75.155,1023.0,6,0,0,0,0,0,1,0,0,,0,0,0,10,1,3,2,,0,39 54:52.810,,0,75 09:17.831,4,0,0,0,67301,0,0,0,N,0,0,0,7,67301,1,,1,1,,N,N,,0,,0,0,0,3.0,2,,1023,3,2,0,0,0,2,0,3,4,0,2,3,,N,,,,,,,,,,,
2008071636,1306,2,0,0,0,0,0,0,0,0,4,0,,67,4,2008,7,40.0246,-75.2082,1302.0,6,0,0,0,0,0,0,0,0,,0,0,0,13,1,1,2,,0,40 01:28.875,,0,75 12:29.566,8,0,0,0,67301,0,0,0,N,0,0,0,4,67301,0,,1,1,,N,N,,0,,0,0,0,3.0,3,,1300,1,2,0,0,1,1,0,3,4,0,2,3,,N,,,,,,,,,,,
2008095690,144,1,0,0,0,0,0,0,0,0,5,0,,67,7,2008,7,40.0108,-75.1266,143.0,6,0,0,0,1,0,0,0,0,,0,0,0,1,3,1,1,,0,40 00:38.808,,0,75 07:35.921,8,0,0,0,67301,0,0,0,N,0,0,0,1,67301,0,,1,9,,N,N,,0,,0,0,2,0.0,0,,140,1,3,0,0,0,1,0,3,4,0,3,3,,N,,,,,,,,,,,
2008087592,249,3,0,0,0,0,0,0,0,0,4,0,,67,5,2008,7,40.0827,-75.031,245.0,6,0,0,0,0,0,0,0,0,,0,0,0,2,3,3,0,,0,40 04:57.543,,0,75 01:51.448,4,0,0,0,67301,0,0,0,,0,0,0,3,67301,3,,1,1,,,,,0,,0,0,0,0.0,0,,240,3,3,0,0,0,0,0,3,4,0,3,3,,N,,,,,,,,,,,
2008085214,1819,1,0,0,0,0,0,0,0,0,6,0,,67,5,2008,7,39.9977,-75.1075,1819.0,6,1,0,0,0,0,0,0,0,,0,0,0,18,1,1,2,,0,39 59:51.540,,0,75 06:26.938,8,0,0,1,67301,0,0,0,N,0,0,0,2,67301,0,,1,1,,N,N,,0,,0,0,0,3.0,3,,1818,1,2,0,0,0,1,0,3,4,0,2,3,,N,,,,,,,,,,,
2008085218,13,3,0,0,0,0,0,0,0,0,1,0,,67,5,2008,5,40.0595,-75.052,10.0,6,0,0,0,0,0,0,0,0,2.0,0,0,0,0,3,3,1,,2,40 03:34.247,3.0,0,75 03:07.166,8,0,0,0,67301,0,0,0,N,0,0,0,5,67301,0,,1,1,,N,N,,0,,0,0,0,3.0,2,Y,8,3,3,0,0,0,3,2,3,4,0,3,3,,N,,,,,,,,,,,
2008097962,1748,1,0,0,0,0,0,0,0,0,4,0,,67,8,2008,6,39.992,-75.1402,1732.0,6,0,0,0,0,0,0,0,0,,0,0,0,17,1,0,1,,0,39 59:31.321,,0,75 08:24.666,0,0,0,0,67301,0,0,0,N,0,0,0,3,67301,0,,1,1,,N,N,,0,,0,0,1,3.0,2,,1731,0,2,0,0,1,0,0,3,4,0,2,3,,N,,,,,,,,,,,
2008085329,336,1,0,0,0,0,0,0,0,0,7,0,50.0,67,7,2008,6,39.9623,-75.1832,336.0,6,0,0,0,0,0,0,0,0,,0,0,0,3,3,1,0,,0,39 57:43.341,,0,75 10:58.629,4,0,0,0,67301,0,0,0,N,0,0,0,1,68K01,1,,2,1,,N,N,,0,,0,0,0,0.0,0,,336,1,1,0,0,0,0,0,3,4,0,1,3,,Y,4.0,1.0,Y,N,N,Y,Y,N,N,Y,
2008083356,1224,1,0,0,0,0,0,0,0,0,4,0,,67,5,2008,3,40.0035,-75.1675,1220.0,6,0,0,0,0,0,1,0,0,,0,0,0,12,1,0,2,,0,40 00:12.514,,0,75 10:02.925,0,0,0,0,67301,0,0,0,,0,0,0,2,67301,0,,1,9,,,,,0,,0,0,0,3.0,3,,1215,0,2,0,0,0,0,0,3,4,1,2,7,,N,,,,,,,,,,,
2008108555,1640,2,0,0,0,0,0,0,0,0,4,0,,67,8,2008,6,39.9969,-75.1412,1640.0,6,0,0,0,0,0,1,0,0,1.0,0,0,0,16,1,1,1,,2,39 59:48.940,2.0,0,75 08:28.229,4,0,0,0,67301,0,0,0,,0,0,0,2,67301,1,,1,1,,,,,0,,0,0,0,3.0,2,Y,1620,1,2,0,0,0,0,0,3,4,0,2,3,,N,,,,,,,,,,,
2008099073,9999,1,0,0,0,0,0,0,0,0,5,0,,67,5,2008,6,39.9557,-75.1896,2019.0,6,0,0,0,0,0,0,0,0,,0,0,0,99,3,0,0,,0,39 57:20.387,,0,75 11:22.355,0,0,0,0,67301,2,0,0,,0,0,0,3,67301,0,,1,1,,N,N,,0,,0,0,0,3.0,2,,9999,0,2,0,0,1,0,0,3,4,1,2,3,,N,,,,,,,,,,,
2008098602,258,1,0,0,0,0,0,0,0,0,1,0,,67,7,2008,7,40.0016,-75.1528,254.0,6,0,0,1,0,0,0,0,0,,0,0,0,2,3,4,1,,0,40 00:05.705,,0,75 09:10.074,4,0,0,0,67301,0,0,0,,0,0,0,5,67301,4,,1,1,,N,N,,0,,0,0,1,3.0,2,,252,4,2,0,0,0,0,0,3,4,0,2,3,,N,,,,,,,,,,,
2008098630,1808,1,0,0,0,0,0,0,0,0,1,0,,67,7,2008,5,39.9704,-75.2172,1742.0,6,0,0,0,0,0,1,0,0,,0,0,0,17,1,2,1,,0,39 58:13.317,,0,75 13:01.912,8,0,0,0,67301,0,0,0,N,0,0,0,4,67301,0,,1,1,,N,N,,0,,0,0,0,9.0,2,,1730,2,2,0,0,0,2,2,3,4,1,2,3,,N,,,,,,,,,,,
2008071922,654,2,0,0,0,0,0,0,0,0,4,0,,67,4,2008,4,40.0417,-75.1221,653.0,6,0,0,0,0,0,1,0,0,,0,0,0,6,1,0,1,,0,40 02:30.069,,0,75 07:19.534,0,0,0,0,67301,0,0,0,N,0,0,0,2,67301,0,,1,2,,N,N,,0,,0,0,0,2.0,2,,651,0,2,0,0,0,0,0,3,4,0,2,3,,N,,,,,,,,,,,
2008071930,1520,1,0,0,0,0,0,0,0,0,8,0,,67,3,2008,5,39.9231,-75.1596,9999.0,6,0,1,0,0,0,0,0,0,,0,0,0,15,1,1,1,,0,39 55:23.103,,0,75 09:34.741,8,0,0,0,67301,1,0,0,N,1,0,0,3,67301,0,,1,1,,N,Y,,0,,0,0,0,3.0,2,,1519,1,2,0,0,0,1,0,3,4,0,1,3,,N,,,,,,,,,,,
2008069533,1552,0,0,0,0,0,0,1,0,0,5,1,,67,4,2008,4,39.9244,-75.1696,1550.0,6,0,0,0,0,0,2,0,0,,0,0,0,15,1,3,1,,0,39 55:27.786,,0,75 10:11.056,4,0,0,0,67301,0,0,0,,0,0,0,9,67301,3,,1,1,,Y,,,0,,0,0,0,2.0,2,,1540,3,2,0,0,0,0,4,3,4,1,2,3,,N,,,,,,,,,,,
2008082206,1808,1,0,0,0,0,0,0,0,0,5,0,,67,5,2008,4,40.0419,-75.075,1802.0,6,0,1,0,0,0,0,0,0,,0,0,0,18,1,1,0,,0,40 02:09.088,,0,75 04:50.929,8,0,0,0,67301,0,0,0,,0,0,0,3,67301,0,,1,9,,,,,0,,0,0,1,0.0,0,,1802,1,2,0,0,0,1,0,3,4,0,2,7,,N,,,,,,,,,,,
2008079758,1743,1,0,0,0,0,0,0,0,0,8,0,,67,4,2008,4,40.0401,-75.0317,1738.0,6,0,0,0,0,0,0,0,0,2.0,0,0,0,17,1,1,2,,2,40 02:24.308,7.0,0,75 01:53.971,8,0,0,0,67301,1,0,0,N,1,0,0,3,67301,0,,1,1,,N,N,,0,,0,0,0,3.0,2,N,1730,1,2,0,0,1,1,0,3,4,0,1,3,,N,,,,,,,,,,,
2008079075,750,2,0,0,0,0,0,0,0,0,1,0,,67,5,2008,5,40.0372,-75.0399,740.0,6,0,0,0,0,0,0,0,0,,0,0,0,7,1,1,0,,0,40 02:11.009,,0,75 02:30.018,8,0,0,0,67301,0,0,0,N,0,0,0,2,67301,0,,1,9,,,,,0,,0,0,0,3.0,2,,730,1,2,0,0,0,1,1,3,4,0,2,7,,N,,,,,,,,,,,
2008079081,409,1,0,0,0,0,0,0,0,0,8,0,,67,5,2008,6,40.0647,-75.1709,704.0,6,0,0,0,0,0,0,1,0,,0,0,0,3,8,1,2,,0,40 03:52.833,,0,75 10:15.315,2,0,0,0,67301,1,0,1,N,1,0,1,2,67301,0,,1,9,,N,N,,0,,0,1,0,2.0,3,,345,1,2,0,0,0,0,0,3,4,0,1,7,,N,,,,,,,,,,,
2008097486,1104,1,0,0,0,0,0,0,0,0,8,0,,67,7,2008,2,40.1033,-75.0299,1102.0,6,0,0,0,0,0,0,0,0,,0,0,0,11,1,1,0,,0,40 06:11.926,,0,75 01:47.564,3,0,0,0,67301,1,0,0,N,1,0,0,3,67301,0,,1,1,,N,N,,0,,1,0,0,0.0,0,,1102,1,2,0,0,0,0,0,3,4,0,1,3,,N,,,,,,,,,,,
2008088840,1012,1,0,0,0,0,0,0,0,0,1,0,,67,6,2008,6,39.9794,-75.1176,1010.0,6,0,0,0,0,0,1,0,0,,0,0,0,10,1,1,0,,0,39 58:45.667,,0,75 07:03.219,4,0,0,0,67301,0,0,0,,0,0,0,1,67301,1,,1,1,,,,,1,,0,0,1,0.0,0,,1008,1,3,0,0,0,0,0,3,4,0,3,3,,N,,,,,,,,,,,
2008081509,1352,1,0,0,0,0,0,0,0,0,5,1,,67,4,2008,2,39.9081,-75.1551,1350.0,6,0,0,0,0,0,0,0,0,,0,1,0,99,1,6,2,,0,39 54:29.022,,0,75 09:18.493,3,0,0,0,67301,0,0,0,N,0,0,0,7,67301,5,,1,9,,N,N,,0,,1,0,0,0.0,0,,9999,6,2,0,0,4,0,0,3,4,0,2,7,,N,,,,,,,,,,,
2008081566,1420,2,0,0,0,0,0,0,0,0,1,0,,67,5,2008,3,40.0595,-75.1381,1410.0,6,0,0,0,0,0,0,0,0,,0,0,0,99,1,1,2,,0,40 03:34.479,,0,75 08:17.162,8,0,0,0,67301,0,0,0,N,0,0,0,4,67301,0,,1,1,,N,N,,0,,0,0,0,0.0,0,,9999,1,2,0,0,0,1,0,3,4,0,2,3,,N,,,,,,,,,,,
2008108393,1112,2,0,0,0,0,0,0,0,0,5,0,,67,9,2008,3,40.0316,-75.1289,1108.0,6,0,0,0,0,0,0,0,0,1.0,0,0,0,11,1,1,0,,1,40 01:53.594,4.0,0,75 07:43.953,8,0,0,0,67301,0,0,0,N,0,0,0,3,67301,0,,1,1,,N,N,,0,,0,0,0,0.0,0,Y,1100,1,2,0,0,0,1,0,3,4,0,2,3,,N,,,,,,,,,,,
2008088965,1555,2,0,0,0,0,0,0,0,0,2,0,,67,6,2008,1,39.9968,-75.164,1542.0,6,0,0,0,0,0,0,0,0,,0,0,0,13,1,1,0,,0,39 59:48.426,,0,75 09:50.295,4,0,0,0,67301,0,0,0,N,0,0,0,5,67301,1,,1,1,,N,N,,0,,0,0,0,0.0,0,,1330,1,2,0,0,0,0,0,3,4,0,2,3,,N,,,,,,,,,,,
2008079175,2218,2,0,0,0,0,0,0,0,0,4,0,,67,5,2008,5,40.0292,-75.0398,2216.0,6,0,0,0,0,0,1,0,0,,0,0,0,22,3,1,1,,0,40 01:45.120,,0,75 02:23.280,8,0,0,0,67301,0,0,0,,0,0,0,3,67301,0,,1,1,,,,,0,,0,0,0,2.0,3,,2216,1,2,0,0,0,1,0,3,4,0,2,3,,N,,,,,,,,,,,
2008081123,1915,1,0,0,1,0,0,0,0,0,4,0,,67,5,2008,4,39.9577,-75.1624,1910.0,6,0,0,0,0,0,0,0,0,,0,0,0,19,1,1,1,,0,39 57:27.720,,0,75 09:44.640,3,0,0,0,67301,1,0,0,N,0,0,0,2,67301,0,,1,1,,N,,,0,,1,0,0,3.0,2,,1900,1,2,0,0,0,0,0,3,4,0,1,3,,N,,,,,,,,,,,
2008089161,0,1,0,0,0,0,0,0,0,0,5,0,,67,3,2008,4,40.0265,-75.1215,0.0,6,0,0,0,0,0,1,0,0,,0,0,0,99,8,1,0,,0,40 01:35.601,,0,75 07:17.421,4,0,0,0,67301,0,0,0,N,0,0,0,3,00000,1,,1,98,,N,N,,1,,0,0,0,0.0,0,,9999,1,2,0,0,0,0,2,3,4,0,2,99,,N,,,,,,,,,,,
2008103101,1604,0,0,0,1,0,0,1,0,0,5,1,,67,6,2008,7,39.9866,-75.1679,1603.0,6,0,0,0,0,0,0,0,0,,0,0,0,15,1,1,0,,0,39 59:11.744,,0,75 10:04.382,8,0,0,0,67301,1,0,0,N,0,0,0,2,67301,0,,1,1,,N,N,,0,,0,0,0,0.0,0,,1500,1,2,0,0,0,1,0,3,4,0,1,3,,N,,,,,,,,,,,
2008098477,1805,3,0,0,0,0,0,0,0,0,5,0,,67,7,2008,4,39.9056,-75.1942,1803.0,6,0,0,0,0,1,1,0,0,1.0,0,0,0,18,1,1,0,,2,39 54:20.033,3.0,3,75 11:38.948,8,0,0,0,67301,0,0,0,N,0,0,0,4,67301,0,,1,9,,N,N,,0,,0,0,0,3.0,2,N,1800,1,3,0,0,0,1,0,3,4,0,3,7,,N,,,,,,,,,,,
2008098492,1556,1,0,0,0,0,0,0,0,0,4,0,,67,7,2008,3,40.0173,-75.172,1555.0,6,0,0,0,0,0,0,0,0,1.0,0,0,0,15,1,0,0,,1,40 01:01.846,2.0,0,75 10:18.650,0,0,0,0,67301,0,0,0,N,0,0,0,3,67301,0,,1,1,,N,N,,0,,0,0,0,0.0,0,N,1545,0,2,0,0,0,0,0,3,4,1,2,3,,N,,,,,,,,,,,
2008126455,959,0,0,1,0,0,0,1,0,0,1,1,,67,10,2008,6,39.9059,-75.1339,959.0,6,0,0,0,0,0,1,0,0,,0,0,0,9,1,6,0,,0,39 54:21.298,,3,75 08:02.118,2,0,0,0,67301,0,0,0,N,0,0,0,62,67501,3,,1,1,,N,N,,0,,1,1,2,3.0,8,,948,6,3,0,0,0,1,0,3,4,0,3,3,,N,,,,,,,,,,,
2008133934,1735,2,0,0,0,0,0,0,0,0,1,0,,67,11,2008,6,39.9581,-75.1637,1724.0,6,0,0,0,0,0,0,0,0,1.0,0,0,0,17,3,0,0,,2,39 57:29.212,4.0,0,75 09:49.480,0,0,0,0,67301,0,0,0,N,0,0,0,2,68K01,0,,1,9,,N,N,,0,,0,0,0,0.0,0,N,1719,0,2,0,0,0,0,0,3,4,0,2,3,,N,,,,,,,,,,,
2008123719,106,1,0,0,0,0,0,0,0,0,8,0,,67,9,2008,5,40.0268,-75.1171,105.0,6,0,0,0,0,0,0,0,0,2.0,0,0,0,1,3,1,1,,2,40 01:36.522,2.0,0,75 07:02.105,8,0,0,0,67301,1,0,0,,1,0,0,5,67301,0,,1,1,,,,,0,,0,0,0,3.0,2,Y,100,1,2,0,0,0,1,0,3,4,0,1,3,,N,,,,,,,,,,,
2008119167,1530,1,0,0,0,0,0,0,0,0,2,0,,67,9,2008,7,40.0457,-75.0563,1525.0,6,0,0,0,0,0,1,0,0,,0,0,0,14,1,1,1,,0,40 02:44.369,,0,75 03:22.731,8,0,0,0,67301,0,0,0,N,0,0,0,2,67301,0,,1,9,,N,N,,0,,0,0,1,3.0,2,,1439,1,2,0,0,0,1,0,3,4,0,2,7,,N,,,,,,,,,,,
2008119216,1220,0,0,0,0,0,0,0,0,0,8,0,,67,9,2008,7,40.0302,-75.1444,1213.0,6,0,0,0,0,0,0,1,0,,0,0,0,12,1,1,1,,0,40 01:48.583,,0,75 08:39.947,4,0,0,0,67301,1,0,0,,1,0,0,4,67301,1,,1,1,,,,,1,,0,0,0,9.0,3,,1210,1,2,0,0,0,0,0,3,4,0,1,3,,N,,,,,,,,,,,
2008119227,1216,2,0,0,0,0,0,0,0,0,4,0,,67,9,2008,3,40.0674,-75.1505,1211.0,6,0,0,0,0,0,0,1,0,,0,0,0,12,1,0,1,,0,40 04:02.474,,0,75 09:01.821,0,0,0,0,67301,0,0,0,N,0,0,0,2,67301,0,,1,1,,N,N,,0,,0,0,0,3.0,3,,1210,0,2,0,0,2,0,0,3,4,0,2,3,,N,,,,,,,,,,,
2008119239,1920,2,0,0,0,0,0,0,0,0,1,0,,67,9,2008,7,40.0362,-75.1287,1915.0,6,0,0,0,0,0,1,0,0,,0,0,0,19,1,0,1,,0,40 02:10.332,,0,75 07:43.436,9,0,0,0,67301,0,0,0,N,0,0,0,4,67301,0,,1,9,,N,N,,0,,0,0,0,3.0,2,,1900,0,2,0,0,0,0,3,3,4,0,2,7,,N,,,,,,,,,,,
2008133559,2110,2,0,0,0,0,0,0,0,0,2,0,,67,10,2008,7,39.9533,-75.1838,2110.0,6,0,0,0,0,0,0,0,0,,0,0,0,21,3,1,1,,0,39 57:12.004,,0,75 11:01.526,4,0,0,0,67301,0,0,0,N,0,0,0,5,67301,1,,1,9,,N,N,,0,,0,0,0,4.0,2,,2110,1,2,0,0,0,0,0,3,4,0,2,7,,N,,,,,,,,,,,
2008133602,1220,1,0,0,0,0,0,0,0,0,8,0,,67,10,2008,6,40.035,-75.1737,1215.0,6,0,0,0,0,0,0,0,0,,0,0,0,12,1,1,0,,0,40 02:06.015,,0,75 10:25.290,8,0,0,0,67301,1,0,0,N,1,0,0,2,67301,0,,2,1,,N,N,,0,,0,0,0,0.0,0,,1200,1,2,0,0,0,1,0,3,4,0,1,3,,N,,,,,,,,,,,
2008133649,1217,2,0,0,0,0,0,0,0,0,4,0,,67,11,2008,5,40.0079,-75.1723,1215.0,6,0,0,0,0,0,0,0,0,,0,0,0,12,1,0,1,,0,40 00:28.592,,0,75 10:20.286,0,0,0,0,67301,0,0,0,N,0,0,0,3,67301,0,,1,9,,N,N,,0,,0,0,0,3.0,2,,1210,0,2,0,0,0,0,0,3,4,0,2,7,,N,,,,,,,,,,,
2008118993,1753,1,0,0,0,0,0,0,0,0,1,1,,67,9,2008,2,39.9128,-75.1407,1750.0,6,0,0,0,0,0,1,0,0,,0,1,0,17,1,2,2,,0,39 54:46.109,,0,75 08:26.447,8,0,0,0,67301,0,0,0,N,0,0,0,3,67301,0,,1,1,,N,N,,0,,0,0,0,0.0,0,,1748,2,2,0,0,0,2,0,3,4,0,2,3,,N,,,,,,,,,,,
2008118994,830,2,0,0,0,0,0,0,0,0,4,0,,67,9,2008,1,39.9231,-75.1565,830.0,6,0,0,0,0,0,1,0,0,,0,0,0,8,1,0,1,,0,39 55:23.311,,0,75 09:23.547,0,0,0,0,67301,0,0,0,N,0,0,0,2,67301,0,,1,1,,N,N,,0,,0,0,0,3.0,3,,828,0,2,0,0,2,0,0,3,4,0,2,3,,N,,,,,,,,,,,
2008119005,1605,0,0,0,1,0,0,0,0,0,5,0,,67,8,2008,7,39.9589,-75.1655,1600.0,6,0,0,0,0,0,1,0,0,,0,0,0,15,1,1,0,,0,39 57:31.965,,99,75 09:55.870,8,0,0,0,67301,1,0,0,,0,0,0,2,67301,0,,2,1,,N,N,,0,,0,0,1,0.0,0,,1540,1,2,0,0,0,1,0,3,4,0,1,3,,N,,,,,,,,,,,
2008097874,2229,1,0,0,1,0,0,0,0,0,4,0,,67,6,2008,5,40.0385,-75.1097,2223.0,6,0,0,0,0,1,0,0,0,,0,0,0,22,6,1,2,,0,40 02:18.791,,0,75 06:34.650,4,0,0,0,67301,1,0,0,N,0,0,0,2,67301,1,,1,1,,N,N,,0,,0,0,0,0.0,0,,2217,1,2,0,0,0,0,0,3,4,0,1,3,,N,,,,,,,,,,,
2008095548,1655,2,0,0,0,0,0,0,0,0,2,0,,67,6,2008,1,39.9781,-75.1541,1649.0,6,0,0,0,0,0,0,0,0,,0,0,0,16,1,1,1,,0,39 58:41.271,,0,75 09:14.869,4,0,0,0,67301,0,0,0,N,0,0,0,3,67301,1,,1,1,,N,N,,0,,0,0,0,3.0,3,,1647,1,2,0,0,1,0,0,3,4,0,2,3,,N,,,,,,,,,,,
2008095556,1335,1,0,0,0,0,0,0,0,0,8,0,,67,7,2008,5,39.9953,-75.1218,1330.0,6,0,0,0,0,0,1,0,0,,0,0,0,13,1,1,0,,0,39 59:43.159,,0,75 07:18.408,8,0,0,0,67301,1,0,0,N,1,0,0,2,67301,0,,1,1,,N,N,,0,,0,0,0,0.0,0,,1325,1,2,0,0,0,1,0,3,4,0,1,3,,N,,,,,,,,,,,
2008095559,50,2,0,0,0,0,0,0,0,0,5,0,,67,7,2008,6,40.004,-75.1347,45.0,6,0,0,0,0,0,0,0,0,,0,0,0,0,3,1,3,,0,40 00:14.292,,0,75 08:04.876,3,0,0,0,67301,0,0,0,N,0,0,0,1,67301,0,,1,1,,N,N,,0,,1,0,0,0.0,0,,45,1,2,0,0,0,0,0,3,4,0,2,3,,N,,,,,,,,,,,
2008088386,1610,1,0,0,0,0,0,0,0,0,8,0,,67,6,2008,1,40.0013,-75.126,1608.0,6,0,0,0,0,0,1,0,0,,0,0,0,15,1,1,2,,0,40 00:04.528,,0,75 07:33.484,4,0,0,0,67301,1,0,0,N,1,0,0,2,67301,1,,1,1,,N,N,,0,,0,0,0,0.0,0,,1550,1,2,0,0,0,0,0,3,4,0,1,3,,N,,,,,,,,,,,
2008088387,100,0,0,0,1,0,0,0,0,0,4,0,,67,6,2008,6,40.067,-75.1583,1239.0,6,0,0,0,0,0,0,0,0,,0,0,0,0,3,1,1,,0,40 04:01.087,,0,75 09:29.811,4,0,0,0,67301,1,0,0,N,0,0,0,2,67301,1,,1,1,,N,N,,0,,0,0,0,3.0,2,,15,1,2,0,0,0,0,1,3,4,1,1,3,,N,,,,,,,,,,,
2008088389,1110,0,0,0,0,0,0,0,0,0,1,0,,67,6,2008,4,40.0296,-75.1467,1110.0,6,0,0,0,0,0,1,0,0,,0,0,0,11,1,1,0,,0,40 01:46.380,,0,75 08:48.128,4,0,0,0,67301,0,0,0,N,0,0,0,5,67301,1,,1,1,,N,N,,2,,0,0,0,3.0,2,,1100,1,2,0,0,0,0,0,3,4,0,2,3,,N,,,,,,,,,,,
2008069535,910,2,0,0,0,0,0,0,0,0,1,0,,67,4,2008,3,39.9738,-75.2124,859.0,6,0,0,0,0,0,1,0,0,,0,0,0,8,1,1,0,,0,39 58:25.616,,0,75 12:44.254,3,0,0,0,67301,0,0,0,N,0,0,0,3,67301,0,,1,1,,N,N,,0,,1,0,1,0.0,0,,857,1,3,0,0,0,0,0,3,4,0,3,3,,N,,,,,,,,,,,
2008120898,905,1,0,0,0,0,0,0,0,0,2,0,,67,9,2008,5,40.029,-75.1061,858.0,6,0,0,0,1,0,0,0,0,1.0,0,0,0,8,1,0,1,,1,40 01:44.342,4.0,0,75 06:21.815,0,0,0,0,67301,0,0,0,N,0,0,0,2,67301,0,,1,1,,N,N,,0,,0,0,0,3.0,2,N,858,0,2,0,0,0,0,0,3,4,1,2,3,,N,,,,,,,,,,,
2008120921,909,2,0,0,0,0,0,0,0,0,4,0,,67,9,2008,6,39.9443,-75.219,910.0,6,0,0,0,0,0,0,1,0,,0,0,0,99,1,0,2,,0,39 56:39.624,,0,75 13:08.504,0,0,0,0,67301,0,0,0,N,0,0,0,2,67301,0,,1,1,,N,N,,0,,0,0,0,0.0,0,,9999,0,2,0,0,0,0,0,3,4,0,2,99,,N,,,,,,,,,,,
2008079052,732,3,0,0,0,0,0,0,0,0,4,0,,67,5,2008,4,40.0137,-75.1795,722.0,6,0,0,0,0,0,0,0,0,,0,0,0,7,1,0,6,,0,40 00:49.320,,2,75 10:46.560,9,0,0,0,67301,0,0,0,,0,0,0,3,67301,0,,7,1,,,,,0,,0,0,0,3.0,4,,721,0,3,0,0,0,0,2,3,4,0,3,3,,N,,,,,,,,,,,
2008079076,1414,0,0,0,0,0,0,0,0,0,4,0,,67,5,2008,6,40.0097,-75.0641,1413.0,6,0,0,0,0,0,1,1,0,,0,0,0,14,1,3,1,,0,40 00:34.755,,0,75 03:50.888,4,0,0,0,67301,0,0,0,N,0,0,0,3,67301,3,,1,9,,N,N,,2,,0,0,0,3.0,2,,1400,3,2,0,0,0,0,0,3,4,0,2,7,,N,,,,,,,,,,,
2008088843,715,2,0,0,0,0,0,0,0,0,4,0,,67,6,2008,6,39.9558,-75.159,710.0,6,0,0,0,0,0,1,0,1,,0,0,0,7,1,1,2,,0,39 57:20.808,,0,75 09:32.558,4,0,0,0,67301,0,0,0,N,0,0,0,2,67301,1,,1,1,,N,N,,0,,0,0,0,3.0,2,,700,1,2,0,0,0,0,0,3,4,0,2,3,,N,,,,,,,,,,,