CRN,ARRIVAL_TM,AUTOMOBILE_COUNT,BELTED_DEATH_COUNT,BELTED_SUSP_SERIOUS_INJ_COUNT,BICYCLE_COUNT,BICYCLE_DEATH_COUNT,BICYCLE_SUSP_SERIOUS_INJ_COUNT,BUS_COUNT,CHLDPAS_DEATH_COUNT,CHLDPAS_SUSP_SERIOUS_INJ_COUNT,COLLISION_TYPE,COMM_VEH_COUNT,CONS_ZONE_SPD_LIM,COUNTY,CRASH_MONTH,CRASH_YEAR,DAY_OF_WEEK,DEC_LAT,DEC_LONG,DISPATCH_TM,DISTRICT,DRIVER_COUNT_16YR,DRIVER_COUNT_17YR,DRIVER_COUNT_18YR,DRIVER_COUNT_19YR,DRIVER_COUNT_20YR,DRIVER_COUNT_50_64YR,DRIVER_COUNT_65_74YR,DRIVER_COUNT_75PLUS,EST_HRS_CLOSED,FATAL_COUNT,HEAVY_TRUCK_COUNT,HORSE_BUGGY_COUNT,HOUR_OF_DAY,ILLUMINATION,INJURY_COUNT,INTERSECT_TYPE,INTERSECTION_RELATED,LANE_CLOSED,LATITUDE,LN_CLOSE_DIR,LOCATION_TYPE,LONGITUDE,MAX_SEVERITY_LEVEL,MCYCLE_DEATH_COUNT,MCYCLE_SUSP_SERIOUS_INJ_COUNT,MOTORCYCLE_COUNT,MUNICIPALITY,NONMOTR_COUNT,NONMOTR_DEATH_COUNT,NONMOTR_SUSP_SERIOUS_INJ_COUNT,NTFY_HIWY_MAINT,PED_COUNT,PED_DEATH_COUNT,PED_SUSP_SERIOUS_INJ_COUNT,PERSON_COUNT,POLICE_AGCY,POSSIBLE_INJ_COUNT,RDWY_SURF_TYPE_CD,RELATION_TO_ROAD,ROAD_CONDITION,ROADWAY_CLEARED,SCH_BUS_IND,SCH_ZONE_IND,SECONDARY_CRASH,SMALL_TRUCK_COUNT,SPEC_JURIS_CD,SUSP_MINOR_INJ_COUNT,SUSP_SERIOUS_INJ_COUNT,SUV_COUNT,TCD_FUNC_CD,TCD_TYPE,TFC_DETOUR_IND,TIME_OF_DAY,TOT_INJ_COUNT,TOTAL_UNITS,UNB_DEATH_COUNT,UNB_SUSP_SERIOUS_INJ_COUNT,UNBELTED_OCC_COUNT,UNK_INJ_DEG_COUNT,UNK_INJ_PER_COUNT,URBAN_AREA,URBAN_RURAL,VAN_COUNT,VEHICLE_COUNT,WEATHER1,WEATHER2,WORK_ZONE_IND,WORK_ZONE_LOC,WORK_ZONE_TYPE,WORKERS_PRES,WZ_CLOSE_DETOUR,WZ_FLAGGER,WZ_LAW_OFFCR_IND,WZ_LN_CLOSURE,WZ_MOVING,WZ_OTHER,WZ_SHLDER_MDN,WZ_WORKERS_INJ_KILLED
2008094891,1800,1,0,0,0,0,0,0,0,0,4,0,,67,6,2008,5,40.0321,-75.2078,1753.0,6,0,0,0,0,0,1,0,0,2.0,0,0,0,17,1,2,2,,1,40 01:55.629,2.0,0,75 12:27.966,3,0,0,0,67301,0,0,0,N,0,0,0,2,67301,1,,1,1,,N,N,,0,,1,0,1,0.0,0,N,1743,2,2,0,0,0,0,0,3,4,0,2,3,,N,,,,,,,,,,,
2008089028,920,2,0,0,0,0,0,0,0,0,2,0,,67,6,2008,7,40.0203,-75.1628,911.0,6,0,0,0,0,0,0,1,0,,0,0,0,9,1,0,2,,0,40 01:13.080,,0,75 09:46.080,0,0,0,0,67301,0,0,0,N,0,0,0,2,67301,0,,1,1,,N,N,,0,,0,0,0,0.0,0,,905,0,2,0,0,0,0,0,3,4,0,2,3,,N,,,,,,,,,,,
2008079213,1945,2,0,0,0,0,0,0,0,0,4,0,,67,5,2008,4,40.0445,-75.1931,1941.0,6,0,0,0,0,0,0,0,0,,0,0,0,19,1,5,1,,0,40 02:40.302,,0,75 11:35.236,8,0,0,0,67301,0,0,0,,0,0,0,5,67301,0,,1,1,,,,,0,,0,0,0,3.0,2,,1937,5,2,0,0,0,5,0,3,4,0,2,3,,N,,,,,,,,,,,
2008103099,1845,1,0,0,1,0,0,0,0,0,4,0,,67,7,2008,4,39.9672,-75.2448,1840.0,6,0,0,0,0,0,0,0,0,,0,0,0,18,1,1,1,,0,39 58:01.905,,0,75 14:41.117,3,0,0,0,67301,1,0,0,N,0,0,0,2,67301,0,,1,98,,N,N,,0,,1,0,0,0.0,0,,1831,1,2,0,0,0,0,0,3,4,0,1,99,,N,,,,,,,,,,,
2008100940,721,2,0,0,0,0,0,0,0,0,4,0,,67,7,2008,1,40.0313,-75.0849,714.0,6,0,0,0,0,0,0,0,0,1.0,0,0,0,7,1,0,5,,2,40 01:53.078,1.0,0,75 05:05.038,9,0,0,0,67301,0,0,0,Y,0,0,0,2,67301,0,,1,1,,N,N,,0,,0,0,0,1.0,2,N,711,0,2,0,0,0,0,1,3,4,0,2,3,,N,,,,,,,,,,,
2008098460,1014,3,0,0,0,0,0,0,0,0,5,0,,67,8,2008,5,39.9208,-75.1717,1011.0,6,0,0,0,0,0,0,0,0,,0,0,0,9,1,0,1,,0,39 55:14.955,,0,75 10:18.051,0,0,0,0,67301,0,0,0,N,0,0,0,1,67301,0,,1,1,,N,N,,0,,0,0,0,3.0,3,,943,0,3,0,0,0,0,0,3,4,0,3,3,,N,,,,,,,,,,,
2008098501,216,3,0,0,0,0,0,0,0,0,1,0,,67,7,2008,3,39.9548,-75.2366,216.0,6,0,0,0,0,0,0,0,0,,0,0,0,2,3,1,0,,0,39 57:17.362,,0,75 14:11.889,4,0,0,0,67301,0,0,0,N,0,0,0,1,67301,1,,1,1,,N,N,,0,,0,0,0,0.0,0,,213,1,4,0,0,0,0,0,3,4,1,4,3,,N,,,,,,,,,,,
2008078874,1705,1,0,0,0,0,0,0,0,0,6,0,,67,5,2008,2,40.0086,-75.0688,1655.0,6,0,0,0,0,0,1,1,0,,0,0,0,99,8,1,1,,0,40 00:31.034,,0,75 04:07.810,8,0,0,0,67301,0,0,0,,0,0,0,3,67301,0,,1,9,,,,,0,,0,0,1,3.0,2,,9999,1,2,0,0,0,1,0,3,4,0,2,7,,N,,,,,,,,,,,
2008116127,959,1,0,0,0,0,0,0,0,0,1,0,,67,10,2008,3,39.9994,-75.1954,959.0,6,0,0,0,0,0,1,0,0,,0,0,0,6,1,1,0,,0,39 59:58.460,,0,75 11:43.311,4,0,0,0,67301,0,0,0,N,0,0,0,3,68K01,1,,1,1,,N,N,,1,,0,0,0,0.0,0,,657,1,2,0,0,0,0,0,3,4,0,2,3,,N,,,,,,,,,,,
2008123894,1320,0,0,0,0,0,0,0,0,0,1,0,,67,10,2008,6,39.9451,-75.1908,1314.0,6,0,0,0,0,0,0,0,0,,0,0,0,13,1,1,6,,0,39 56:42.200,,2,75 11:27.000,8,0,0,0,67301,0,0,0,N,0,0,0,2,68K01,0,,1,1,,N,N,,1,,0,0,1,0.0,0,,1311,1,2,0,0,1,1,0,3,4,0,2,3,,N,,,,,,,,,,,
2008123903,927,1,0,0,0,0,0,0,0,0,7,0,,67,11,2008,7,39.9974,-75.082,921.0,6,0,0,0,0,1,0,0,0,2.0,0,0,0,9,1,0,7,,1,39 59:50.584,2.0,2,75 04:55.205,0,0,0,0,67301,0,0,0,N,0,0,0,1,68K01,0,,2,1,,N,N,,0,,0,0,0,0.0,0,N,919,0,1,0,0,0,0,0,3,4,0,1,3,,N,,,,,,,,,,,
2008133932,903,2,0,0,0,0,0,0,0,0,7,0,,67,11,2008,5,40.0243,-75.0299,847.0,6,0,0,0,0,0,0,0,0,,0,0,0,8,1,0,0,,0,40 01:26.159,,2,75 01:49.919,0,0,0,0,67301,0,0,0,Y,0,0,0,2,68K01,0,,2,9,,N,N,,0,,0,0,0,0.0,0,,834,0,2,0,0,0,0,0,3,4,0,2,7,,N,,,,,,,,,,,
2008121587,1157,1,0,0,0,0,0,0,0,0,4,0,,67,11,2008,2,39.9977,-75.234,1157.0,6,0,0,0,0,0,1,0,0,1.0,0,0,0,11,1,2,0,,1,39 59:54.334,2.0,0,75 13:57.026,8,0,0,0,67301,0,0,0,N,0,0,0,3,46104,0,,1,1,,N,N,,1,,0,0,0,0.0,0,N,1157,2,2,0,0,0,2,0,3,4,0,2,3,,N,,,,,,,,,,,
2008119211,156,3,0,0,0,0,0,0,0,0,6,0,,67,8,2008,3,39.9522,-75.1452,149.0,6,0,0,0,0,0,0,0,0,3.0,0,0,0,1,3,0,1,,2,39 57:07.820,1.0,0,75 08:42.780,9,0,0,0,67301,0,0,0,N,0,0,0,2,67301,0,,1,1,,N,N,,0,,0,0,0,9.0,2,Y,140,0,3,0,0,0,0,1,3,4,0,3,3,,N,,,,,,,,,,,
2008119224,1815,2,0,0,0,0,0,0,0,0,4,0,,67,9,2008,4,40.0551,-75.1804,1812.0,6,0,0,0,0,1,0,0,0,,0,0,0,18,1,0,1,,0,40 03:18.241,,0,75 10:49.529,0,0,0,0,67301,0,0,0,,0,0,0,4,67301,0,,1,1,,,,,0,,0,0,0,3.0,2,,1809,0,2,0,0,0,0,0,3,4,0,2,3,,N,,,,,,,,,,,
2008133558,1452,2,0,0,0,0,0,0,0,0,1,0,,67,10,2008,7,40.114,-74.9876,1452.0,6,0,0,0,0,0,0,0,0,1.0,0,0,0,14,1,1,0,,1,40 06:50.461,4.0,0,74 59:15.506,4,0,0,0,67301,0,0,0,,0,0,0,2,67301,1,,1,9,,,,,0,,0,0,0,0.0,0,N,1445,1,2,0,0,0,0,0,3,4,0,2,7,,N,,,,,,,,,,,
2008133572,1748,1,0,0,0,0,0,0,0,0,7,0,,67,10,2008,3,39.9623,-75.1614,1745.0,6,0,0,0,0,0,1,0,0,,0,0,0,17,2,0,0,,0,39 57:44.168,,0,75 09:40.900,0,0,0,0,67301,0,0,0,,0,0,0,1,67301,0,,2,9,,N,N,,0,,0,0,0,0.0,0,,1735,0,1,0,0,1,0,0,3,4,0,1,3,,N,,,,,,,,,,,
2008133582,750,1,0,0,0,0,0,0,0,0,1,0,,67,10,2008,4,39.9935,-75.1757,746.0,6,0,0,0,0,0,0,0,0,,0,0,0,6,1,1,0,,0,39 59:36.726,,0,75 10:32.620,4,0,0,0,67301,0,0,0,N,0,0,0,1,67301,1,,2,1,,N,N,,1,,0,0,0,0.0,0,,630,1,2,0,0,1,0,0,3,4,0,2,3,,N,,,,,,,,,,,
2008133588,1445,2,0,0,0,0,0,0,0,0,4,0,,67,10,2008,1,40.0431,-75.1672,1441.0,6,0,0,0,0,0,1,0,0,,0,0,0,14,1,1,1,,0,40 02:35.289,,0,75 10:02.002,8,0,0,0,67301,0,0,0,N,0,0,0,3,67301,0,,1,1,,,,,0,,0,0,0,3.0,2,,1406,1,2,0,0,0,1,0,3,4,0,2,3,,N,,,,,,,,,,,
2008133600,1430,1,0,0,0,0,0,1,0,0,6,1,,67,10,2008,6,39.9241,-75.1697,1430.0,6,0,0,0,0,0,2,0,0,,0,0,0,14,1,1,0,,0,39 55:26.768,,0,75 10:10.811,8,0,0,0,67301,0,0,0,,0,0,0,2,67301,0,,6,1,,,,,0,,0,0,0,0.0,0,,1400,1,2,0,0,1,1,0,3,4,0,2,3,,N,,,,,,,,,,,
2008133632,245,1,0,0,0,0,0,0,0,0,5,0,,67,11,2008,7,39.9394,-75.1714,241.0,6,0,0,0,0,0,0,0,0,,0,0,0,2,3,0,0,,0,39 56:21.663,,0,75 10:17.094,0,0,0,0,67301,0,0,0,N,0,0,0,1,67301,0,,1,1,,N,N,,1,,0,0,0,0.0,0,,235,0,2,0,0,1,0,0,3,4,0,2,3,,N,,,,,,,,,,,
2008071644,1142,2,0,0,0,0,0,0,0,0,1,0,,67,4,2008,5,40.0949,-75.0155,1140.0,6,0,0,0,0,0,0,0,0,1.0,0,0,0,11,1,2,0,,1,40 05:41.724,3.0,0,75 00:55.923,4,0,0,0,67301,0,0,0,N,0,0,0,2,67301,2,,1,1,,N,N,,0,,0,0,0,0.0,0,N,1132,2,2,0,0,1,0,0,3,4,0,2,3,,N,,,,,,,,,,,
2008095670,1240,1,0,0,1,0,0,0,0,0,5,0,,67,7,2008,7,39.937,-75.167,1235.0,6,0,0,0,0,0,0,0,0,,0,0,0,12,1,1,0,,0,39 56:13.053,,0,75 10:01.223,4,0,0,0,67301,1,0,0,N,0,0,0,3,67301,1,,1,1,,,N,,0,,0,0,0,0.0,0,,1230,1,2,0,0,2,0,0,3,4,0,1,3,,N,,,,,,,,,,,
2008085254,827,1,0,0,0,0,0,0,0,0,8,0,,67,5,2008,6,40.077,-75.0852,823.0,6,0,0,0,0,0,0,0,0,,0,0,0,7,1,1,0,,0,40 04:37.313,,0,75 05:06.751,4,0,0,0,67301,1,0,0,,1,0,0,2,67301,1,,1,9,,N,N,,0,,0,0,0,0.0,0,,730,1,2,0,0,0,0,0,3,4,0,1,7,,N,,,,,,,,,,,
2008097975,207,0,0,0,0,0,0,0,0,0,1,0,,67,6,2008,7,40.046,-75.009,202.0,6,0,0,0,0,0,0,0,0,,0,0,0,1,3,1,0,,0,40 02:45.636,,0,75 00:32.374,4,0,0,0,67301,0,0,0,N,0,0,0,1,67301,1,,6,1,,N,N,,2,,0,0,0,0.0,0,,151,1,2,0,0,0,0,0,3,4,0,2,3,,N,,,,,,,,,,,
2008095453,1224,1,0,0,0,0,0,0,0,0,4,0,,67,6,2008,6,40.0305,-75.1182,1224.0,6,0,0,0,0,0,0,0,0,,0,0,0,11,1,0,1,,0,40 01:49.920,,0,75 07:05.462,9,0,0,0,67301,0,0,0,N,0,0,0,3,67301,0,,1,1,,N,N,,1,,0,0,0,3.0,2,,1115,0,2,0,0,0,0,2,3,4,0,2,3,,N,,,,,,,,,,,
2008095471,1437,2,0,0,0,0,0,0,0,0,4,0,,67,6,2008,2,39.9946,-75.0945,1435.0,6,0,0,0,0,0,0,0,0,9.0,0,0,0,14,1,2,1,,1,39 59:40.673,1.0,0,75 05:40.312,4,0,0,0,67301,0,0,0,N,0,0,0,2,67301,1,,1,1,,N,N,,0,,0,0,0,3.0,2,Y,1435,2,2,0,0,0,1,0,3,4,0,2,3,,N,,,,,,,,,,,
2008090922,726,1,0,0,0,0,0,0,0,0,0,1,,67,7,2008,3,39.9064,-75.1363,724.0,6,0,0,0,0,0,1,0,0,,0,0,0,7,1,0,0,,0,39 54:23.068,,0,75 08:10.742,9,0,0,0,67301,0,0,0,N,0,0,0,4,67501,0,,1,1,,N,N,,1,,0,0,1,3.0,8,,723,0,4,0,0,0,0,1,3,4,1,4,3,,N,,,,,,,,,,,
2008088408,1350,1,0,0,0,0,0,0,0,0,4,0,,67,5,2008,6,40.0015,-75.1279,1345.0,6,0,0,0,0,0,0,1,0,1.0,0,0,0,13,1,1,1,,2,40 00:05.443,7.0,0,75 07:40.576,3,0,0,0,67301,0,0,0,N,0,0,0,2,67301,0,,1,1,,N,N,,0,,1,0,0,2.0,3,N,1330,1,2,0,0,0,0,0,3,4,1,2,3,,N,,,,,,,,,,,
2008088447,1205,2,0,0,0,0,0,0,0,0,4,0,,67,6,2008,6,40.0426,-75.1134,1158.0,6,0,0,0,0,0,0,1,0,,0,0,0,11,1,2,0,,0,40 02:33.419,,0,75 06:48.342,8,0,0,0,67301,0,0,0,N,0,0,0,4,67301,0,,1,1,,N,N,,0,,0,0,0,3.0,2,,1130,2,3,0,0,0,2,2,3,4,1,3,3,,N,,,,,,,,,,,
2008088297,857,0,0,0,0,0,0,0,0,0,8,0,,67,6,2008,2,39.998,-75.1254,850.0,6,0,0,0,0,0,0,0,0,,0,0,0,8,1,1,1,,0,39 59:52.790,,0,75 07:31.478,4,0,0,0,67301,1,0,0,N,1,0,0,2,67301,1,,1,1,,N,N,,0,,0,0,1,2.0,2,,845,1,2,0,0,0,0,0,3,4,0,1,3,,N,,,,,,,,,,,
2008088645,0,1,0,0,0,0,0,0,0,0,1,0,,67,6,2008,1,40.0323,-75.0813,0.0,6,0,0,0,0,0,1,0,0,,0,0,0,1,3,1,0,,0,40 01:56.368,,0,75 04:51.739,8,0,0,0,67301,0,0,0,,0,0,0,2,00000,0,,1,1,,,,,0,,0,0,0,3.0,2,,130,1,2,0,0,0,1,1,3,4,0,2,3,,N,,,,,,,,,,,
2008088092,1059,1,0,0,0,0,0,0,0,0,4,0,,67,6,2008,6,40.0179,-75.1493,1059.0,6,0,0,1,0,0,0,0,0,1.0,0,0,0,10,1,2,1,,1,40 01:04.608,2.0,0,75 08:57.650,4,0,0,0,67301,0,0,0,,0,0,0,3,67301,2,,1,1,,N,N,,1,,0,0,0,1.0,2,Y,1059,2,3,0,0,1,0,0,3,4,1,3,3,,N,,,,,,,,,,,
2008083244,1640,1,0,0,0,0,0,0,0,0,4,0,,67,5,2008,2,39.9652,-75.1501,1633.0,6,0,0,0,0,0,1,0,0,,0,0,0,16,1,1,1,,0,39 57:54.896,,0,75 09:00.374,4,0,0,0,67301,0,0,0,,0,0,0,2,67301,1,,1,9,,,,,0,,0,0,0,3.0,3,,1630,1,2,0,0,0,0,1,3,4,1,2,7,,N,,,,,,,,,,,
2008087870,40,0,0,0,0,0,0,0,0,0,0,0,,67,6,2008,7,39.965,-75.1608,35.0,6,0,0,0,0,0,0,0,0,,0,0,0,0,3,1,0,,0,39 57:53.835,,0,75 09:38.804,4,0,0,1,67301,0,0,0,N,0,0,0,1,67301,1,,1,1,,N,N,,0,,0,0,0,3.0,2,,30,1,1,0,0,0,0,0,3,4,0,1,3,,N,,,,,,,,,,,
2008096093,1420,1,0,0,0,0,0,0,0,0,4,0,99.0,67,6,2008,6,40.0359,-75.1499,1414.0,6,0,0,0,0,0,0,0,0,9.0,0,0,0,14,1,2,0,,1,40 02:09.096,2.0,0,75 08:59.528,4,0,0,1,67301,0,0,0,N,0,0,0,2,67301,2,,1,1,,N,N,,0,,0,0,0,0.0,0,N,1400,2,2,0,0,0,0,0,3,4,0,2,3,,Y,8.0,8.0,U,,,U,,,,,
2008078923,2320,1,0,0,0,0,0,0,0,0,8,0,,67,5,2008,7,40.0321,-75.0812,2301.0,6,0,0,1,0,0,0,0,0,2.0,0,0,0,22,3,1,1,,2,40 01:55.477,2.0,0,75 04:52.420,4,0,0,0,67301,1,0,0,N,1,0,0,2,67301,1,,1,9,,N,N,,0,,0,0,0,0.0,0,N,2257,1,2,0,0,0,0,0,3,4,0,1,7,,N,,,,,,,,,,,
2008101283,2207,1,0,0,0,0,0,0,0,0,1,0,,67,8,2008,6,39.9231,-75.1474,2155.0,6,0,0,0,0,0,0,0,0,1.0,0,0,0,21,3,3,0,,1,39 55:20.121,1.0,0,75 08:51.379,3,0,0,0,67301,0,0,0,N,0,0,0,6,68K01,2,,1,1,,N,N,,0,,1,0,0,3.0,8,N,2150,3,2,0,0,0,0,0,3,4,1,2,3,,N,,,,,,,,,,,
2008108563,1800,1,0,0,0,0,0,0,0,0,5,0,,67,8,2008,6,39.9476,-75.2279,1800.0,6,0,0,0,0,0,0,0,0,,0,0,0,16,1,2,0,,0,39 56:51.358,,0,75 13:40.524,4,0,0,0,67301,2,0,0,N,0,0,0,3,67301,2,,1,1,,N,N,,1,,0,0,0,0.0,0,,1600,2,2,0,0,1,0,0,3,4,0,2,3,,N,,,,,,,,,,,
2008101335,1147,1,0,0,0,0,0,0,0,0,7,0,,67,7,2008,3,,,1140.0,6,0,0,0,0,0,1,0,0,,0,0,0,11,1,0,0,,0,,,0,,0,0,0,0,67301,0,0,0,N,0,0,0,1,67301,0,,4,1,,N,N,,0,,0,0,0,0.0,0,,1100,0,1,0,0,0,0,0,3,3,0,1,3,,N,,,,,,,,,,,
2008101528,1947,1,0,0,0,0,0,0,0,0,7,0,,67,9,2008,7,39.9338,-75.1999,1936.0,6,0,0,0,0,0,0,0,0,1.0,0,0,0,19,6,1,0,,1,39 56:06.720,4.0,0,75 11:59.220,4,0,0,0,67301,0,0,0,N,0,0,0,1,68K01,1,,5,9,,N,N,,0,,0,0,0,0.0,0,N,1920,1,1,0,0,0,0,0,3,4,0,1,7,,N,,,,,,,,,,,
2008101186,1315,0,0,0,0,0,0,0,0,0,4,0,,67,7,2008,7,40.0307,-75.118,1312.0,6,0,0,0,0,0,0,0,0,,1,0,0,13,1,0,0,,0,40 01:50.579,,7,75 07:04.909,1,1,0,1,67301,0,0,0,,0,0,0,2,67301,0,2.0,1,1,,,,,0,0.0,0,0,0,0.0,0,,1300,0,2,0,0,0,0,0,3,4,1,2,3,,N,,,,,,,,,,,
2008071852,225,1,0,0,0,0,0,0,0,0,8,0,,67,5,2008,2,39.9992,-75.1169,215.0,6,0,0,0,0,0,0,0,0,,0,0,0,17,4,1,1,,0,39 59:57.130,,0,75 07:00.973,4,0,0,0,67301,1,0,0,N,1,0,0,2,67301,1,,9,1,,N,N,,0,,0,0,0,9.0,9,,1730,1,2,0,0,0,0,1,3,4,0,1,3,,N,,,,,,,,,,,
2008121133,956,1,0,0,0,0,0,0,0,0,8,0,,67,10,2008,5,40.0005,-75.1565,955.0,6,0,0,0,0,0,1,0,0,,0,0,0,9,1,1,0,,0,40 00:01.818,,0,75 09:23.396,8,0,0,0,67301,1,0,0,N,1,0,0,2,67301,0,,1,1,,N,N,,0,,0,0,0,0.0,0,,947,1,2,0,0,0,1,0,3,4,0,1,3,,N,,,,,,,,,,,
2008120901,402,2,0,0,0,0,0,0,0,0,5,0,,67,9,2008,7,39.98,-75.1054,402.0,6,0,0,0,0,0,0,0,0,1.0,0,0,0,4,3,0,0,,2,39 58:48.148,1.0,0,75 06:19.537,0,0,0,0,67301,0,0,0,N,0,0,0,2,67301,0,,1,9,,N,N,,0,,0,0,0,0.0,0,N,402,0,2,0,0,0,0,0,3,4,0,2,7,,N,,,,,,,,,,,
2008082199,1510,1,0,0,0,0,0,0,0,0,8,0,,67,5,2008,6,39.9255,-75.1593,1505.0,6,0,1,0,0,0,0,0,0,,0,0,0,15,1,1,0,,0,39 55:31.868,,0,75 09:33.382,4,0,0,0,67301,1,0,0,,1,0,0,2,67301,1,,2,9,,N,,,0,,0,0,0,9.0,3,,1505,1,2,0,0,0,0,0,3,4,0,1,7,,N,,,,,,,,,,,
2008097489,9999,1,0,0,0,0,0,0,0,0,8,0,,67,6,2008,7,40.0083,-75.1438,9999.0,6,0,0,0,0,0,0,0,0,,0,0,0,99,1,1,0,,0,40 00:29.911,,0,75 08:37.695,8,0,0,0,67301,1,0,0,,1,0,0,2,67301,0,,1,1,,,,,0,,0,0,0,0.0,0,,9999,1,2,0,0,0,1,0,3,4,0,1,3,,N,,,,,,,,,,,
2008097528,1512,1,0,0,0,0,0,0,0,0,4,0,,67,6,2008,1,39.9629,-75.1913,1511.0,6,0,0,0,0,1,1,0,0,3.0,0,0,0,15,1,1,1,,2,39 57:46.554,7.0,0,75 11:28.840,8,0,0,1,67301,0,0,0,,0,0,0,6,67301,0,,1,1,,,,,0,,0,0,0,3.0,2,Y,1501,1,2,0,0,0,1,0,3,4,0,2,3,,N,,,,,,,,,,,
2008093797,2200,3,0,0,0,0,0,0,0,0,1,0,,67,5,2008,6,39.9364,-75.1995,2148.0,6,0,0,0,0,0,0,0,0,2.0,0,0,0,21,2,0,0,,1,39 56:16.700,3.0,0,75 11:53.441,0,0,0,0,67301,0,0,0,N,0,0,0,6,68K01,0,,1,1,,N,N,,0,,0,0,0,0.0,0,N,2144,0,3,0,0,0,0,0,3,4,0,3,3,,N,,,,,,,,,,,
2008088836,756,2,0,0,0,0,0,0,0,0,1,0,,67,6,2008,2,40.0179,-75.1717,752.0,6,0,0,0,0,0,0,1,0,2.0,0,0,0,7,1,1,6,,2,40 01:04.440,4.0,2,75 10:18.120,3,0,0,0,67301,0,0,0,N,0,0,0,3,67301,0,,7,1,,N,N,,0,,1,0,0,3.0,4,N,748,1,2,0,0,0,0,0,3,4,0,2,3,,N,,,,,,,,,,,
2008088905,2015,0,0,0,0,0,0,0,0,0,8,0,,67,5,2008,7,39.9988,-75.1123,2006.0,6,0,0,0,0,0,0,0,0,,0,0,0,20,1,1,0,,0,39 59:55.762,,0,75 06:44.247,8,0,0,0,67301,1,0,0,,1,0,0,2,67301,0,,1,1,,N,N,,0,,0,0,0,0.0,0,,2000,1,2,0,0,0,1,0,3,4,1,1,3,,N,,,,,,,,,,,
2008108297,2036,2,0,0,0,0,0,0,0,0,1,0,,67,8,2008,7,40.0848,-75.025,2031.0,6,0,0,1,0,0,1,0,0,1.0,0,0,0,20,3,3,0,,1,40 05:05.630,2.0,0,75 01:30.536,8,0,0,0,67301,0,0,0,N,0,0,0,9,67301,0,,1,1,,N,N,,1,,0,0,0,0.0,0,N,2029,3,3,0,0,0,3,0,3,4,0,3,3,,N,,,,,,,,,,,
2008108304,1940,2,0,0,0,0,0,0,0,0,2,0,,67,8,2008,5,39.9519,-75.2388,1936.0,6,0,0,1,0,0,0,0,1,,0,0,0,19,1,1,1,,0,39 57:07.016,,0,75 14:19.755,4,0,0,0,67301,0,0,0,N,0,0,0,3,67301,1,,1,1,,N,N,,0,,0,0,0,3.0,2,,1933,1,2,0,0,0,0,0,3,4,0,2,3,,N,,,,,,,,,,,
2008108397,1245,3,0,0,0,0,0,0,0,0,4,0,,67,8,2008,6,39.9301,-75.1464,1244.0,6,0,0,0,0,0,1,2,0,,0,0,0,12,1,0,2,,0,39 55:48.388,,0,75 08:47.140,0,0,0,0,67301,0,0,0,N,0,0,0,4,67301,0,,1,1,,N,N,,0,,0,0,0,3.0,3,,1244,0,3,0,0,0,0,0,3,4,0,3,3,,N,,,,,,,,,,,
2008079220,820,1,0,0,0,0,0,0,0,0,8,0,,67,5,2008,3,40.0536,-75.1418,813.0,6,0,0,0,0,0,0,0,0,2.0,0,0,0,7,1,1,2,,1,40 03:13.053,2.0,0,75 08:30.321,8,0,0,0,67301,1,0,0,N,1,0,0,3,67301,0,,1,9,,N,N,,0,,0,0,0,3.0,2,N,710,1,2,0,0,0,1,0,3,4,0,1,7,,N,,,,,,,,,,,
2008079235,1508,1,0,0,0,0,0,0,0,0,2,0,,67,5,2008,5,40.03,-75.1533,1500.0,6,0,0,0,0,0,0,0,0,,0,0,0,14,1,1,0,,0,40 01:48.003,,0,75 09:11.966,4,0,0,1,67301,0,0,0,N,0,0,0,2,67301,1,,1,1,,N,N,,0,,0,0,0,0.0,0,,1456,1,2,0,0,0,0,0,3,4,0,2,3,,N,,,,,,,,,,,
2008100961,1505,1,0,0,0,0,0,0,0,0,7,1,,67,6,2008,2,39.9995,-75.1361,1501.0,6,0,0,0,0,0,0,0,0,4.0,0,1,0,15,1,0,0,,2,39 59:58.043,6.0,1,75 08:09.885,0,0,0,0,67301,0,0,0,N,0,0,0,1,67301,0,,9,1,,N,Y,,0,,0,0,1,0.0,0,Y,1500,0,3,0,0,1,0,0,3,4,0,3,3,,N,,,,,,,,,,,
2008124136,1724,2,0,0,0,0,0,0,0,0,1,0,,67,10,2008,4,39.994,-75.0845,1715.0,6,0,1,0,0,0,1,0,0,1.0,0,0,0,17,1,0,0,,2,39 59:38.211,2.0,0,75 05:04.493,0,0,0,0,67301,0,0,0,N,0,0,0,8,68K01,0,,1,1,,N,N,,1,,0,0,0,0.0,0,N,1714,0,3,0,0,0,0,0,3,4,0,3,3,,N,,,,,,,,,,,
2008119408,9999,2,0,0,0,0,0,0,0,0,1,0,,67,7,2008,6,,,9999.0,6,0,0,0,0,0,0,0,0,,0,0,0,16,1,1,1,,0,,,0,,8,0,0,0,67301,0,0,0,N,0,0,0,6,00000,0,,1,1,,N,N,,0,,0,0,0,9.0,9,,1607,1,2,0,0,1,1,3,3,3,0,2,3,,N,,,,,,,,,,,