CRN,ARRIVAL_TM,AUTOMOBILE_COUNT,BELTED_DEATH_COUNT,BELTED_SUSP_SERIOUS_INJ_COUNT,BICYCLE_COUNT,BICYCLE_DEATH_COUNT,BICYCLE_SUSP_SERIOUS_INJ_COUNT,BUS_COUNT,CHLDPAS_DEATH_COUNT,CHLDPAS_SUSP_SERIOUS_INJ_COUNT,COLLISION_TYPE,COMM_VEH_COUNT,CONS_ZONE_SPD_LIM,COUNTY,CRASH_MONTH,CRASH_YEAR,DAY_OF_WEEK,DEC_LAT,DEC_LONG,DISPATCH_TM,DISTRICT,DRIVER_COUNT_16YR,DRIVER_COUNT_17YR,DRIVER_COUNT_18YR,DRIVER_COUNT_19YR,DRIVER_COUNT_20YR,DRIVER_COUNT_50_64YR,DRIVER_COUNT_65_74YR,DRIVER_COUNT_75PLUS,EST_HRS_CLOSED,FATAL_COUNT,HEAVY_TRUCK_COUNT,HORSE_BUGGY_COUNT,HOUR_OF_DAY,ILLUMINATION,INJURY_COUNT,INTERSECT_TYPE,INTERSECTION_RELATED,LANE_CLOSED,LATITUDE,LN_CLOSE_DIR,LOCATION_TYPE,LONGITUDE,MAX_SEVERITY_LEVEL,MCYCLE_DEATH_COUNT,MCYCLE_SUSP_SERIOUS_INJ_COUNT,MOTORCYCLE_COUNT,MUNICIPALITY,NONMOTR_COUNT,NONMOTR_DEATH_COUNT,NONMOTR_SUSP_SERIOUS_INJ_COUNT,NTFY_HIWY_MAINT,PED_COUNT,PED_DEATH_COUNT,PED_SUSP_SERIOUS_INJ_COUNT,PERSON_COUNT,POLICE_AGCY,POSSIBLE_INJ_COUNT,RDWY_SURF_TYPE_CD,RELATION_TO_ROAD,ROAD_CONDITION,ROADWAY_CLEARED,SCH_BUS_IND,SCH_ZONE_IND,SECONDARY_CRASH,SMALL_TRUCK_COUNT,SPEC_JURIS_CD,SUSP_MINOR_INJ_COUNT,SUSP_SERIOUS_INJ_COUNT,SUV_COUNT,TCD_FUNC_CD,TCD_TYPE,TFC_DETOUR_IND,TIME_OF_DAY,TOT_INJ_COUNT,TOTAL_UNITS,UNB_DEATH_COUNT,UNB_SUSP_SERIOUS_INJ_COUNT,UNBELTED_OCC_COUNT,UNK_INJ_DEG_COUNT,UNK_INJ_PER_COUNT,URBAN_AREA,URBAN_RURAL,VAN_COUNT,VEHICLE_COUNT,WEATHER1,WEATHER2,WORK_ZONE_IND,WORK_ZONE_LOC,WORK_ZONE_TYPE,WORKERS_PRES,WZ_CLOSE_DETOUR,WZ_FLAGGER,WZ_LAW_OFFCR_IND,WZ_LN_CLOSURE,WZ_MOVING,WZ_OTHER,WZ_SHLDER_MDN,WZ_WORKERS_INJ_KILLED
2008119231,1335,2,0,0,0,0,0,0,0,0,2,0,,67,9,2008,6,40.0436,-75.1845,1330.0,6,0,0,1,0,0,0,0,1,1.0,0,0,0,13,1,2,1,,1,40 02:37.075,6.0,0,75 11:04.361,8,0,0,0,67301,0,0,0,,0,0,0,3,67301,0,,1,1,,N,,,0,,0,0,0,9.0,2,N,1330,2,2,0,0,0,2,0,3,4,0,2,3,,N,,,,,,,,,,,
2008119256,913,1,0,0,0,0,0,0,0,0,4,0,,67,9,2008,7,40.0266,-75.174,911.0,6,0,0,0,0,0,2,0,0,,0,0,0,9,1,1,1,,0,40 01:35.662,,0,75 10:26.500,4,0,0,0,67301,0,0,0,N,0,0,0,2,67301,1,,1,1,,N,N,,0,,0,0,1,3.0,3,,910,1,2,0,0,0,0,0,3,4,0,2,3,,N,,,,,,,,,,,
2008119263,1429,0,0,0,0,0,0,0,0,0,4,0,,67,8,2008,3,40.0103,-75.1592,1429.0,6,0,0,0,0,0,0,0,0,3.0,0,0,0,14,1,3,1,,2,40 00:36.983,7.0,0,75 09:32.940,8,0,0,0,67301,0,0,0,N,0,0,0,6,67301,0,,1,1,,N,N,,1,,0,0,0,3.0,2,Y,1412,3,2,0,0,0,3,0,3,4,1,2,3,,N,,,,,,,,,,,
2008133583,224,2,0,0,0,0,0,0,0,0,4,0,,67,11,2008,7,39.9677,-75.1496,224.0,6,0,0,0,0,0,1,0,0,,0,0,0,2,3,2,1,,0,39 58:03.856,,0,75 08:58.426,3,0,0,0,67301,0,0,0,,0,0,0,5,67301,0,,1,1,,N,N,,0,,1,0,0,3.0,3,,224,2,2,0,0,0,1,0,3,4,0,2,3,,N,,,,,,,,,,,
2008119310,1242,1,0,0,0,0,0,0,0,0,5,0,,67,8,2008,7,40.0222,-75.2183,1237.0,6,0,0,0,0,0,0,0,0,,0,0,0,2,3,0,2,,0,40 01:19.837,,0,75 13:05.894,0,0,0,0,67301,0,0,0,N,0,0,0,2,67301,0,,1,9,,N,N,,0,,0,0,1,3.0,2,,232,0,2,0,0,2,0,0,3,4,0,2,7,,N,,,,,,,,,,,
2008133634,845,1,0,0,0,0,0,0,0,0,8,0,,67,10,2008,4,39.9368,-75.1599,9999.0,6,0,0,0,0,0,0,0,0,,0,0,0,8,1,1,1,,0,39 56:12.386,,0,75 09:35.812,8,0,0,0,67301,1,0,0,,1,0,0,2,67301,0,,1,1,,,,,0,,0,0,0,1.0,2,,820,1,2,0,0,0,1,0,3,4,0,1,3,,N,,,,,,,,,,,
2008071599,2040,0,0,0,0,0,0,0,0,0,8,0,,67,4,2008,7,39.9868,-75.1808,2034.0,6,0,0,0,0,0,0,0,0,,0,0,0,20,3,1,1,,0,39 59:12.447,,0,75 10:50.908,4,0,0,0,67301,1,0,0,N,1,0,0,2,67301,1,,9,1,,N,N,,0,,0,0,0,3.0,2,,2034,1,2,0,0,0,0,1,3,4,0,1,3,,N,,,,,,,,,,,
2008095672,1223,2,0,0,0,0,0,0,0,0,1,0,,67,6,2008,2,40.0242,-75.0955,1210.0,6,0,0,1,0,0,0,0,0,,0,0,0,12,1,3,1,,0,40 01:27.102,,0,75 05:43.897,4,0,0,0,67301,0,0,0,N,0,0,0,5,67301,3,,1,1,,N,N,,0,,0,0,0,3.0,2,,1208,3,2,0,0,0,0,0,3,4,0,2,3,,N,,,,,,,,,,,
2008080630,1251,2,0,0,0,0,0,0,0,0,1,0,,67,7,2008,7,39.9478,-75.1874,1247.0,6,0,0,0,0,0,0,0,0,3.0,0,0,0,12,1,1,0,,2,39 56:52.091,3.0,0,75 11:14.711,8,0,0,0,67301,0,0,0,N,0,0,0,2,68K01,0,,1,1,,N,N,,0,,0,0,0,0.0,0,Y,1245,1,2,0,0,0,1,1,3,4,0,2,3,,N,,,,,,,,,,,
2008085217,1320,2,0,0,0,0,0,0,0,0,6,0,,67,5,2008,6,39.9701,-75.1304,1310.0,6,0,0,0,0,0,1,1,0,1.0,0,0,0,13,1,1,1,,1,39 58:12.690,3.0,0,75 07:48.887,4,0,0,0,67301,0,0,0,N,0,0,0,2,67301,1,,1,9,,N,N,,0,,0,0,1,3.0,2,N,1305,1,3,0,0,0,0,0,3,4,0,3,7,,N,,,,,,,,,,,
2008085220,2340,2,0,0,0,0,0,0,0,0,5,0,,67,5,2008,7,40.0077,-75.1388,9999.0,6,0,0,0,0,0,0,0,0,,0,0,0,23,3,0,1,,0,40 00:27.586,,0,75 08:19.564,9,0,0,0,67301,0,0,0,N,0,0,0,3,67301,0,,1,1,,N,N,,0,,0,0,0,3.0,2,,2330,0,2,0,0,0,0,1,3,4,0,2,3,,N,,,,,,,,,,,
2008097967,805,1,0,0,0,0,0,0,0,0,7,0,,67,8,2008,6,40.0026,-75.1904,801.0,6,0,0,0,1,0,0,0,0,,0,0,0,7,1,0,0,,0,40 00:09.260,,0,75 11:25.250,0,0,0,0,67301,0,0,0,,0,0,0,1,67301,0,,2,1,,,,,0,,0,0,0,0.0,0,,750,0,1,0,0,0,0,0,3,4,0,1,3,,N,,,,,,,,,,,
2008097982,2245,0,0,0,0,0,0,0,0,0,6,0,,67,7,2008,5,40.0494,-75.0014,2245.0,6,0,0,0,0,0,0,0,0,,0,0,0,22,3,1,0,,0,40 02:49.792,,0,75 00:16.911,4,0,0,0,67301,0,0,0,,0,0,0,2,67301,1,,1,1,,,,,1,,0,0,0,0.0,0,,2240,1,2,0,0,1,0,0,3,4,0,2,3,,N,,,,,,,,,,,
2008097983,1615,1,0,0,0,0,0,0,0,0,1,0,,67,7,2008,4,39.9634,-75.1874,1602.0,6,0,0,0,0,0,0,0,0,,0,0,0,15,1,2,1,,0,39 57:47.880,,0,75 11:14.640,4,0,0,0,67301,0,0,0,N,0,0,0,3,67301,2,,1,1,,N,N,,1,,0,0,0,9.0,2,,1515,2,2,0,0,0,0,1,3,4,0,2,3,,N,,,,,,,,,,,
2008095464,917,0,0,0,0,0,0,0,0,0,8,0,,67,4,2008,4,40.0273,-75.161,907.0,6,0,0,0,0,0,0,0,0,2.0,0,0,0,9,1,1,0,,2,40 01:38.254,5.0,0,75 09:39.693,3,0,0,0,67301,1,0,0,N,1,0,0,2,67301,0,,1,1,,Y,N,,0,,1,0,0,0.0,0,Y,906,1,2,0,0,0,0,0,3,4,1,1,3,,N,,,,,,,,,,,
2008095560,1743,1,0,0,0,0,0,0,0,0,4,0,,67,5,2008,7,40.0007,-75.1335,1740.0,6,0,0,0,0,1,0,0,0,1.0,0,0,0,17,1,6,1,,2,40 00:02.530,7.0,0,75 08:00.466,3,0,0,1,67301,0,0,0,N,0,0,0,7,67301,0,,1,1,,N,N,,0,,3,0,0,9.0,3,N,1738,6,2,0,0,0,3,0,3,4,0,2,3,,N,,,,,,,,,,,
2008088406,1739,1,0,0,0,0,0,0,0,0,4,0,,67,6,2008,2,40.0247,-75.1237,1737.0,6,0,0,0,0,0,0,0,0,,0,0,0,17,1,0,1,,0,40 01:28.740,,0,75 07:25.247,0,0,0,0,67301,0,0,0,,0,0,0,2,67301,0,,1,1,,N,N,,0,,0,0,1,9.0,2,,1736,0,2,0,0,0,0,0,3,4,0,2,3,,N,,,,,,,,,,,
2008095239,1715,0,0,0,0,0,0,0,0,0,1,0,,67,7,2008,5,40.0228,-75.147,1710.0,6,0,0,0,0,0,1,0,0,2.0,0,0,0,17,1,1,1,,2,40 01:22.098,6.0,0,75 08:49.318,8,0,0,1,67301,0,0,0,N,0,0,0,3,67301,0,,1,1,,N,N,,0,,0,0,0,3.0,2,Y,1700,1,2,0,0,0,1,0,3,4,1,2,3,,N,,,,,,,,,,,
2008095282,302,1,0,0,0,0,0,0,0,0,7,0,,67,8,2008,7,40.0105,-75.1979,233.0,6,0,0,0,0,0,0,0,0,,0,0,0,2,3,0,0,,0,40 00:37.665,,0,75 11:52.663,0,0,0,0,67301,0,0,0,N,0,0,0,1,67301,0,,5,1,,N,N,,0,,0,0,0,0.0,0,,230,0,1,0,0,0,0,0,3,4,0,1,3,,N,,,,,,,,,,,
2008095307,1410,0,0,0,1,0,0,0,0,0,2,0,,67,7,2008,6,39.9211,-75.1537,1409.0,6,0,0,0,0,0,0,1,0,,0,0,0,4,5,1,1,,0,39 55:15.888,,0,75 09:13.381,4,0,0,0,67301,1,0,0,N,0,0,0,2,67301,1,,1,1,,N,N,,0,,0,0,0,3.0,3,,405,1,2,0,0,0,0,0,3,4,1,1,3,,N,,,,,,,,,,,
2008088301,2202,2,0,0,0,0,0,0,0,0,4,0,,67,6,2008,2,40.0247,-75.0545,2200.0,6,0,0,0,0,0,0,0,0,,0,0,0,21,3,1,1,,0,40 01:28.770,,0,75 03:16.227,4,0,0,0,67301,0,0,0,N,0,0,0,2,67301,1,,1,1,,N,N,,0,,0,0,0,3.0,2,,2107,1,2,0,0,2,0,0,3,4,0,2,3,,N,,,,,,,,,,,
2008082204,1515,2,0,0,0,0,0,0,0,0,5,0,,67,5,2008,7,39.9742,-75.2029,1507.0,6,0,0,0,0,0,0,0,0,,0,0,0,14,1,2,0,,0,39 58:27.205,,0,75 12:10.560,8,0,0,0,67301,0,0,0,N,0,0,0,3,67301,0,,1,1,,N,N,,0,,0,0,0,0.0,0,,1440,2,2,0,0,2,2,1,3,4,0,2,3,,N,,,,,,,,,,,
2008082213,1907,1,0,0,0,0,0,0,0,0,2,0,,67,5,2008,5,39.9772,-75.2118,1900.0,6,0,0,0,0,0,1,0,0,,0,0,0,18,1,2,0,,0,39 58:37.947,,0,75 12:42.479,4,0,0,0,67301,0,0,0,N,0,0,0,3,67301,1,,1,1,,N,N,,0,,0,0,1,0.0,0,,1810,2,2,0,0,0,1,0,3,4,0,2,3,,N,,,,,,,,,,,
2008082245,750,1,0,0,0,0,0,0,0,0,7,0,,67,5,2008,7,40.055,-75.1576,744.0,6,0,0,0,1,0,0,0,0,,0,0,0,99,1,1,1,,0,40 03:18.104,,0,75 09:27.203,4,0,0,0,67301,0,0,0,,0,0,0,2,67301,1,,5,1,,N,N,,0,,0,0,0,3.0,2,,9999,1,1,0,0,0,0,0,3,4,0,1,3,,N,,,,,,,,,,,
2008082314,1935,2,0,0,0,0,0,0,0,0,1,0,,67,5,2008,2,40.0539,-75.1267,1920.0,6,0,0,0,0,0,0,0,1,,0,0,0,99,1,1,0,,0,40 03:13.873,,0,75 07:36.009,3,0,0,0,67301,0,0,0,N,0,0,0,2,67301,0,,1,1,,N,N,,0,,1,0,0,0.0,0,,9999,1,2,0,0,0,0,0,3,4,0,2,3,,N,,,,,,,,,,,
2008082317,1304,1,0,0,0,0,0,1,0,0,4,1,,67,4,2008,6,39.9727,-75.1793,1257.0,6,0,0,0,0,0,0,0,1,,0,0,0,12,1,0,0,,0,39 58:21.627,,0,75 10:45.389,0,0,0,0,67301,0,0,0,N,0,0,0,2,67301,0,,1,1,,N,N,,0,,0,0,0,0.0,0,,1250,0,2,0,0,0,0,0,3,4,0,2,3,,N,,,,,,,,,,,
2008079032,2340,2,0,0,0,0,0,0,0,0,4,0,,67,3,2008,3,40.0571,-75.129,2340.0,6,0,0,0,0,0,2,0,0,,0,0,0,23,3,2,1,,0,40 03:25.673,,0,75 07:44.331,8,0,0,0,67301,0,0,0,N,0,0,0,3,46102,0,,1,9,,N,N,,0,,0,0,0,3.0,2,,2340,2,2,0,0,0,2,1,3,4,0,2,7,,N,,,,,,,,,,,
2008079077,220,2,0,0,0,0,0,0,0,0,4,0,,67,5,2008,5,40.0136,-75.0832,212.0,6,0,0,0,0,0,1,0,0,,0,0,0,2,3,1,1,,0,40 00:48.862,,0,75 04:59.620,8,0,0,0,67301,0,0,0,,0,0,0,3,67301,0,,1,1,,,,,0,,0,0,1,3.0,3,,210,1,3,0,0,0,1,1,3,4,0,3,3,,N,,,,,,,,,,,
2008097487,1804,1,0,0,0,0,0,0,0,0,7,0,,67,7,2008,5,40.1113,-75.0211,1800.0,6,0,0,0,0,0,0,0,0,3.0,0,0,0,17,1,1,2,,1,40 06:40.845,6.0,0,75 01:16.049,4,0,0,0,67301,0,0,0,,0,0,0,3,67301,1,,5,1,,,,,0,,0,0,0,3.0,3,N,1755,1,1,0,0,0,0,0,3,4,0,1,3,,N,,,,,,,,,,,
2008097525,1500,1,0,0,0,0,0,0,0,0,4,0,,67,7,2008,3,39.987,-75.1744,1458.0,6,0,0,0,0,0,0,0,0,2.0,0,0,0,14,1,2,1,,1,39 59:13.322,6.0,0,75 10:27.753,3,0,0,0,67301,0,0,0,N,0,0,0,6,67301,0,,1,1,,N,N,,0,,2,0,1,3.0,2,Y,1450,2,2,0,0,2,0,0,3,4,0,2,3,,N,,,,,,,,,,,
2008076162,1211,0,0,0,0,0,0,0,0,0,0,0,,67,6,2008,7,39.9976,-75.0816,1206.0,6,0,0,0,0,0,0,0,0,,0,0,0,12,1,1,7,,0,39 59:51.360,,2,75 04:53.760,3,0,0,1,67301,0,0,0,N,0,0,0,1,68K01,0,,1,1,,N,N,,0,,1,0,0,0.0,0,,1203,1,1,0,0,0,0,0,3,4,0,1,3,,N,,,,,,,,,,,
2008108344,9999,2,0,0,0,0,0,0,0,0,5,0,,67,8,2008,3,40.0378,-75.2129,1645.0,6,0,0,0,0,0,0,0,0,,0,0,0,16,1,1,0,,0,40 02:16.137,,0,75 12:46.281,4,0,0,0,67301,0,0,0,,0,0,0,1,67301,1,,6,1,,,,,0,,0,0,0,0.0,0,,1645,1,2,0,0,0,0,0,3,4,0,2,3,,N,,,,,,,,,,,
2008108365,1610,0,0,0,0,0,0,0,0,0,4,0,,67,9,2008,4,39.996,-75.0921,1604.0,6,0,0,0,0,0,1,0,0,,0,0,0,16,1,4,1,,0,39 59:45.571,,0,75 05:31.705,8,0,0,0,67301,0,0,0,N,0,0,0,5,67301,0,,1,1,,N,N,,0,,0,0,1,3.0,2,,1600,4,2,0,0,0,4,0,3,4,1,2,3,,N,,,,,,,,,,,
2008076259,1907,2,0,0,0,0,0,0,0,0,1,0,,67,6,2008,3,39.9584,-75.1658,1846.0,6,0,0,0,1,2,0,0,0,1.0,0,0,0,18,1,0,0,,2,39 57:30.347,4.0,0,75 09:58.328,0,0,0,0,67301,0,0,0,N,0,0,0,4,68K01,0,,1,1,,N,N,,0,,0,0,2,0.0,0,N,1844,0,4,0,0,0,0,0,3,4,0,4,3,,N,,,,,,,,,,,
2008094843,2345,1,0,0,0,0,0,0,0,0,8,0,,67,7,2008,7,39.9599,-75.2249,2330.0,6,0,0,0,0,0,1,0,0,,0,0,0,23,3,1,1,,0,39 57:35.788,,0,75 13:29.538,4,0,0,0,67301,1,0,0,N,1,0,0,2,67301,1,,1,9,,N,N,,0,,0,0,0,0.0,0,,2325,1,2,0,0,1,0,0,3,4,0,1,3,,N,,,,,,,,,,,
2008094903,1932,1,0,0,0,0,0,0,0,0,2,0,,67,6,2008,6,39.9433,-75.2387,1912.0,6,0,0,0,0,0,0,0,0,,0,0,0,19,1,2,0,,0,39 56:35.741,,0,75 14:19.258,4,0,0,0,67301,0,0,0,N,0,0,0,2,67301,2,,1,9,,N,N,,0,,0,0,0,0.0,0,,1900,2,2,0,0,0,0,0,3,4,1,2,7,,N,,,,,,,,,,,
2008079212,30,0,0,0,0,0,0,0,0,0,7,0,,67,2,2008,6,40.0562,-75.1918,30.0,6,0,0,0,0,0,0,0,0,,0,0,0,0,3,0,0,,0,40 03:22.370,,0,75 11:30.560,0,0,0,0,67301,0,0,0,N,0,0,0,1,67301,0,,5,1,,N,N,,0,,0,0,0,0.0,0,,30,0,1,0,0,0,0,0,3,4,1,1,3,,N,,,,,,,,,,,
2008098439,9999,2,0,0,0,0,0,0,0,0,1,0,,67,6,2008,6,39.9941,-75.1562,9999.0,6,0,0,0,0,0,1,0,0,,0,0,0,99,4,1,1,,0,39 59:38.923,,0,75 09:22.158,4,0,0,0,67301,0,0,0,N,0,0,0,3,67301,1,,1,9,,N,N,,0,,0,0,0,3.0,1,,9999,1,2,0,0,2,0,0,3,4,0,2,7,,N,,,,,,,,,,,
2008098453,1415,3,0,0,0,0,0,0,0,0,1,0,,67,7,2008,1,40.0277,-75.1613,1400.0,6,0,0,0,0,0,0,0,0,,0,0,0,14,1,0,0,,0,40 01:39.570,,0,75 09:40.802,0,0,0,0,67301,0,0,0,,0,0,0,1,67301,0,,6,1,,N,N,,0,,0,0,0,0.0,0,,1400,0,3,0,0,0,0,0,3,4,0,3,3,,N,,,,,,,,,,,
2008133304,355,1,0,0,0,0,0,1,0,0,5,1,,67,11,2008,2,,,350.0,6,0,0,0,0,0,1,0,0,,0,0,0,99,1,1,0,,0,,,0,,4,0,0,0,67301,0,0,0,N,0,0,0,8,67301,1,,1,1,,Y,N,,0,,0,0,0,3.0,2,,9999,1,2,0,0,0,0,0,3,3,0,2,3,,N,,,,,,,,,,,
2008119430,9999,0,0,0,0,0,0,0,0,0,1,0,,67,8,2008,5,,,9999.0,6,0,0,0,0,0,0,0,0,,0,0,0,18,1,1,0,,0,,,0,,8,0,0,0,67301,0,0,0,N,0,0,0,2,00000,0,,1,1,,N,N,,0,,0,0,1,0.0,0,,1800,1,2,0,0,0,1,1,3,3,0,2,3,,N,,,,,,,,,,,
2008134040,901,2,0,0,0,0,0,0,0,0,4,0,,67,10,2008,6,39.9499,-75.1437,827.0,6,0,0,0,0,0,1,0,0,1.0,0,0,0,99,1,0,1,,1,39 56:59.543,3.0,0,75 08:37.441,0,0,0,0,67301,0,0,0,N,0,0,0,2,67301,0,,1,1,,N,N,,0,,0,0,0,3.0,2,Y,9999,0,2,0,0,0,0,0,3,4,0,2,3,,N,,,,,,,,,,,
2008119177,1651,2,0,0,0,0,0,0,0,0,4,0,,67,9,2008,7,39.9117,-75.1724,1635.0,6,0,0,0,0,0,0,0,0,,0,0,0,16,1,1,1,,0,39 54:42.148,,0,75 10:20.534,4,0,0,0,67301,0,0,0,N,0,0,0,4,67301,1,,1,1,,N,N,,0,,0,0,0,3.0,2,,1605,1,2,0,0,0,0,0,3,4,0,2,3,,N,,,,,,,,,,,
2008119201,9999,3,0,0,0,0,0,0,0,0,4,0,,67,9,2008,1,40.0095,-75.1408,9999.0,6,0,0,0,0,0,0,1,0,,0,0,0,23,3,1,1,,0,40 00:34.246,,0,75 08:26.775,4,0,0,0,67301,0,0,0,N,0,0,0,2,67301,1,,1,1,,N,N,,0,,0,0,0,3.0,3,,2330,1,3,0,0,0,0,0,3,4,0,3,3,,N,,,,,,,,,,,
2008119203,825,2,0,0,0,0,0,0,0,0,4,0,,67,9,2008,1,40.0356,-75.1239,824.0,6,0,0,0,0,0,0,0,1,2.0,0,0,0,8,1,2,1,,1,40 02:08.080,4.0,0,75 07:25.890,8,0,0,0,67301,0,0,0,N,0,0,0,2,67301,0,,1,1,,N,N,,0,,0,0,0,3.0,2,Y,815,2,2,0,0,0,2,0,3,4,0,2,3,,N,,,,,,,,,,,
2008119234,1815,1,0,0,0,0,0,0,0,0,7,0,,67,9,2008,1,40.0474,-75.2066,1805.0,6,0,0,0,0,0,0,0,0,2.0,0,0,0,18,1,0,0,,2,40 02:50.667,6.0,0,75 12:23.865,0,0,0,0,67301,0,0,0,N,0,0,0,2,67301,0,,5,1,,N,N,,0,,0,0,0,0.0,0,Y,1805,0,1,0,0,0,0,0,3,4,0,1,3,,N,,,,,,,,,,,
2008119251,1131,1,0,0,0,0,0,0,0,0,1,0,,67,9,2008,6,39.9817,-75.1329,1131.0,6,0,0,0,0,0,0,1,0,,0,0,0,99,1,0,1,,0,39 58:53.943,,0,75 07:58.270,0,0,0,0,67301,0,0,0,N,0,0,0,3,67301,0,,1,1,,N,N,,0,,0,0,0,3.0,2,,9999,0,2,0,0,0,0,0,3,4,1,2,3,,N,,,,,,,,,,,
2008119296,740,2,0,0,0,0,0,0,0,0,4,0,,67,9,2008,5,40.0433,-75.1471,740.0,6,0,0,0,0,0,0,0,0,1.0,0,0,0,7,1,0,1,,2,40 02:35.934,1.0,0,75 08:49.534,9,0,0,0,67301,0,0,0,N,0,0,0,3,67301,0,,1,1,,N,N,,0,,0,0,0,0.0,0,N,735,0,2,0,0,0,0,2,3,4,0,2,3,,N,,,,,,,,,,,
2008119316,1357,2,0,0,0,0,0,0,0,0,4,0,,67,6,2008,6,40.0316,-75.2076,1353.0,6,0,0,0,0,0,0,1,0,3.0,0,0,0,13,1,3,1,,2,40 01:53.935,7.0,0,75 12:27.524,3,0,0,0,67301,0,0,0,N,0,0,0,3,67301,1,,1,1,,N,N,,0,,2,0,0,3.0,2,Y,1352,3,2,0,0,0,0,0,3,4,0,2,3,,N,,,,,,,,,,,
2008119317,850,4,0,0,0,0,0,0,0,0,2,0,,67,9,2008,4,40.0581,-75.043,847.0,6,0,0,0,0,0,0,0,1,,0,0,0,8,1,2,1,,0,40 03:29.804,,0,75 02:35.672,8,0,0,0,67301,0,0,0,N,0,0,0,2,67301,0,,1,1,,N,N,,0,,0,0,0,3.0,3,,840,2,4,0,0,0,2,0,3,4,0,4,3,,N,,,,,,,,,,,
2008119350,0,1,0,0,0,0,0,0,0,0,8,0,,67,5,2008,6,40.0005,-75.1078,0.0,6,0,0,0,0,0,0,0,0,,0,0,0,8,1,1,0,,0,40 00:01.923,,0,75 06:28.199,2,0,0,0,67301,1,0,1,N,1,0,1,2,00000,0,,1,1,,N,N,,0,,0,1,0,0.0,0,,800,1,2,0,0,0,0,0,3,4,0,1,3,,N,,,,,,,,,,,
2008133630,1400,0,0,0,1,0,0,0,0,0,2,0,,67,10,2008,1,40.0454,-75.1378,1357.0,6,0,0,0,0,0,0,0,0,,0,0,0,13,1,1,0,,0,40 02:43.447,,0,75 08:16.242,3,0,0,0,67301,1,0,0,N,0,0,0,3,67301,0,,1,1,,N,N,,0,,1,0,1,0.0,0,,1350,1,2,0,0,0,0,0,3,4,0,1,3,,N,,,,,,,,,,,
2008071635,1635,2,0,0,0,0,0,0,0,0,4,0,,67,4,2008,7,40.0429,-75.1583,1626.0,6,0,0,0,0,0,0,0,0,,0,0,0,16,1,2,2,,0,40 02:34.310,,0,75 09:29.995,4,0,0,0,67301,0,0,0,N,0,0,0,4,67301,2,,1,1,,N,N,,0,,0,0,0,3.0,3,,1600,2,2,0,0,0,0,0,3,4,0,2,3,,N,,,,,,,,,,,
2008097882,1506,0,0,0,0,0,0,0,0,0,8,0,,67,6,2008,2,39.9212,-75.1586,1450.0,6,0,0,0,0,0,0,0,0,,0,0,0,9,1,1,2,,0,39 55:16.453,,99,75 09:30.837,4,0,0,0,67301,1,0,0,N,1,0,0,2,67301,1,,9,1,,N,N,,0,,0,0,0,3.0,3,,900,1,2,0,0,0,0,1,3,4,0,1,3,,N,,,,,,,,,,,
2008097896,2030,1,0,0,1,0,0,0,0,0,8,0,,67,7,2008,7,39.9265,-75.1861,2029.0,6,0,0,0,0,0,0,0,0,,0,0,0,20,3,1,1,,0,39 55:20.292,,0,75 11:12.722,4,0,0,0,67301,1,0,0,N,0,0,0,2,67301,1,,1,1,,N,N,,0,,0,0,0,3.0,2,,2029,1,2,0,0,1,0,0,3,4,0,1,3,,N,,,,,,,,,,,
2008097913,1447,0,0,0,0,0,0,0,0,0,8,0,,67,6,2008,6,39.9753,-75.1603,1445.0,6,0,0,0,0,0,0,0,0,,0,0,0,14,1,1,0,,0,39 58:30.932,,0,75 09:37.191,4,0,0,0,67301,1,0,0,N,1,0,0,2,67301,1,,1,1,,N,N,,0,,0,0,1,0.0,0,,1440,1,2,0,0,0,0,0,3,4,0,1,3,,N,,,,,,,,,,,
2008097940,1720,0,0,0,0,0,0,0,0,0,8,0,,67,6,2008,1,40.0224,-75.05,1715.0,6,0,0,0,0,0,0,0,0,,0,0,0,17,1,1,1,,0,40 01:20.627,,0,75 03:00.350,8,0,0,0,67301,1,0,0,N,1,0,0,2,67301,0,,1,1,,N,N,,0,,0,0,1,3.0,2,,1705,1,2,0,0,0,1,1,3,4,0,1,3,,N,,,,,,,,,,,
2008083334,2338,1,0,0,0,0,0,0,0,0,4,0,,67,5,2008,6,40.029,-75.0892,2338.0,6,0,0,0,0,0,0,0,0,1.0,0,0,0,23,3,0,1,,1,40 01:44.349,1.0,0,75 05:21.035,0,0,0,0,67301,0,0,0,N,0,0,0,2,67301,0,,1,1,,N,N,,0,,0,0,1,3.0,2,N,2335,0,2,0,0,0,0,0,3,4,0,2,3,,N,,,,,,,,,,,
2008095543,110,3,0,0,0,0,0,0,0,0,4,0,,67,6,2008,6,39.9205,-75.1495,107.0,6,0,0,0,1,0,0,0,0,2.0,0,0,0,1,3,0,0,,2,39 55:13.920,4.0,0,75 08:58.041,0,0,0,0,67301,0,0,0,N,0,0,0,1,67301,0,,6,1,,N,N,,0,,0,0,1,0.0,0,Y,106,0,4,0,0,0,0,0,3,4,0,4,3,,N,,,,,,,,,,,
2008097627,1440,3,0,0,0,0,0,0,0,0,4,0,,67,6,2008,2,40.0451,-75.1246,1440.0,6,0,0,0,0,0,1,1,1,,0,0,0,14,1,1,0,,0,40 02:42.453,,0,75 07:28.448,4,0,0,0,67301,0,0,0,N,0,0,0,5,67301,1,,1,1,,N,N,,0,,0,0,0,0.0,0,,1400,1,3,0,0,0,0,0,3,4,0,3,3,,N,,,,,,,,,,,