CRN,ARRIVAL_TM,AUTOMOBILE_COUNT,BELTED_DEATH_COUNT,BELTED_SUSP_SERIOUS_INJ_COUNT,BICYCLE_COUNT,BICYCLE_DEATH_COUNT,BICYCLE_SUSP_SERIOUS_INJ_COUNT,BUS_COUNT,CHLDPAS_DEATH_COUNT,CHLDPAS_SUSP_SERIOUS_INJ_COUNT,COLLISION_TYPE,COMM_VEH_COUNT,CONS_ZONE_SPD_LIM,COUNTY,CRASH_MONTH,CRASH_YEAR,DAY_OF_WEEK,DEC_LAT,DEC_LONG,DISPATCH_TM,DISTRICT,DRIVER_COUNT_16YR,DRIVER_COUNT_17YR,DRIVER_COUNT_18YR,DRIVER_COUNT_19YR,DRIVER_COUNT_20YR,DRIVER_COUNT_50_64YR,DRIVER_COUNT_65_74YR,DRIVER_COUNT_75PLUS,EST_HRS_CLOSED,FATAL_COUNT,HEAVY_TRUCK_COUNT,HORSE_BUGGY_COUNT,HOUR_OF_DAY,ILLUMINATION,INJURY_COUNT,INTERSECT_TYPE,INTERSECTION_RELATED,LANE_CLOSED,LATITUDE,LN_CLOSE_DIR,LOCATION_TYPE,LONGITUDE,MAX_SEVERITY_LEVEL,MCYCLE_DEATH_COUNT,MCYCLE_SUSP_SERIOUS_INJ_COUNT,MOTORCYCLE_COUNT,MUNICIPALITY,NONMOTR_COUNT,NONMOTR_DEATH_COUNT,NONMOTR_SUSP_SERIOUS_INJ_COUNT,NTFY_HIWY_MAINT,PED_COUNT,PED_DEATH_COUNT,PED_SUSP_SERIOUS_INJ_COUNT,PERSON_COUNT,POLICE_AGCY,POSSIBLE_INJ_COUNT,RDWY_SURF_TYPE_CD,RELATION_TO_ROAD,ROAD_CONDITION,ROADWAY_CLEARED,SCH_BUS_IND,SCH_ZONE_IND,SECONDARY_CRASH,SMALL_TRUCK_COUNT,SPEC_JURIS_CD,SUSP_MINOR_INJ_COUNT,SUSP_SERIOUS_INJ_COUNT,SUV_COUNT,TCD_FUNC_CD,TCD_TYPE,TFC_DETOUR_IND,TIME_OF_DAY,TOT_INJ_COUNT,TOTAL_UNITS,UNB_DEATH_COUNT,UNB_SUSP_SERIOUS_INJ_COUNT,UNBELTED_OCC_COUNT,UNK_INJ_DEG_COUNT,UNK_INJ_PER_COUNT,URBAN_AREA,URBAN_RURAL,VAN_COUNT,VEHICLE_COUNT,WEATHER1,WEATHER2,WORK_ZONE_IND,WORK_ZONE_LOC,WORK_ZONE_TYPE,WORKERS_PRES,WZ_CLOSE_DETOUR,WZ_FLAGGER,WZ_LAW_OFFCR_IND,WZ_LN_CLOSURE,WZ_MOVING,WZ_OTHER,WZ_SHLDER_MDN,WZ_WORKERS_INJ_KILLED
2008088425,2043,2,0,0,0,0,0,0,0,0,1,0,,67,6,2008,7,40.0184,-75.1492,2037.0,6,0,0,0,0,0,0,0,0,,0,0,0,20,3,2,1,,0,40 01:06.519,,0,75 08:57.234,4,0,0,0,67301,0,0,0,N,0,0,0,4,67301,2,,1,9,,N,N,,0,,0,0,0,3.0,2,,2025,2,3,0,0,0,0,0,3,4,1,3,7,,N,,,,,,,,,,,
2008088182,2155,2,0,0,0,0,0,0,0,0,4,0,,67,6,2008,1,39.9317,-75.168,2153.0,6,0,0,0,0,0,0,0,0,,0,0,0,20,4,3,10,,0,39 55:53.939,,0,75 10:04.948,4,0,0,0,67301,0,0,0,,0,0,0,6,67301,3,,1,1,,N,N,,0,,0,0,0,3.0,2,,2056,3,2,0,0,0,0,0,3,4,0,2,3,,N,,,,,,,,,,,
2008088204,1402,0,0,0,0,0,0,0,0,0,2,0,,67,6,2008,5,40.0558,-75.1589,1357.0,6,0,0,0,0,1,0,0,0,,0,0,0,13,1,1,1,,0,40 03:20.765,,0,75 09:31.952,4,0,0,0,67301,0,0,0,N,0,0,0,3,67301,1,,1,1,,N,N,,0,,0,0,2,3.0,2,,1355,1,2,0,0,0,0,0,3,4,0,2,3,,N,,,,,,,,,,,
2008088235,1037,0,0,0,0,0,0,0,0,0,0,0,,67,6,2008,3,40.042,-75.2259,1036.0,6,0,0,0,0,0,0,0,0,,0,0,0,10,1,1,0,,0,40 02:30.480,,7,75 13:32.520,4,0,0,1,67301,0,0,0,N,0,0,0,1,67301,1,,6,1,,N,N,,0,,0,0,0,0.0,0,,1036,1,1,0,0,0,0,0,3,4,0,1,3,,N,,,,,,,,,,,
2008121104,1925,5,0,0,0,0,0,0,0,0,6,0,,67,9,2008,2,39.9941,-75.2416,0.0,6,0,0,0,0,0,0,0,1,,0,0,0,19,3,2,2,,0,39 59:40.200,,0,75 14:26.160,4,0,0,0,67301,0,0,0,N,0,0,0,4,67301,2,,1,1,,N,N,,0,,0,0,1,3.0,2,,1922,2,6,0,0,0,0,1,3,4,0,6,3,,N,,,,,,,,,,,
2008121254,808,2,0,0,0,0,0,0,0,0,7,0,,67,9,2008,7,40.0246,-75.195,804.0,6,0,0,0,0,0,1,0,0,3.0,0,0,0,8,1,3,0,,2,40 01:28.709,2.0,0,75 11:41.984,8,0,0,0,67301,0,0,0,,0,0,0,5,67301,0,,3,9,,,,,1,,0,0,1,0.0,0,Y,800,3,4,0,0,0,3,0,3,4,0,4,3,,N,,,,,,,,,,,
2008118926,740,1,0,0,0,0,0,0,0,0,1,0,,67,10,2008,1,40.0423,-75.1444,730.0,6,0,0,0,0,0,0,0,0,2.0,0,0,0,7,1,1,2,,1,40 02:32.348,2.0,0,75 08:39.940,8,0,0,0,67301,1,0,0,N,0,0,0,2,67301,0,,4,1,,N,N,,0,,0,0,1,3.0,2,Y,730,1,2,0,0,0,1,0,3,4,0,2,3,,N,,,,,,,,,,,
2008103653,30,1,0,0,0,0,0,1,0,0,2,1,,67,6,2008,6,40.0388,-75.1436,27.0,6,0,0,0,0,0,1,0,0,,0,0,0,0,3,5,1,,0,40 02:19.773,,0,75 08:37.098,4,0,0,0,67301,0,0,0,N,0,0,0,6,67301,5,,1,1,,N,N,,0,,0,0,0,3.0,2,,20,5,2,0,0,1,0,0,3,4,0,2,3,,N,,,,,,,,,,,
2008099261,936,1,0,0,0,0,0,0,0,0,7,0,,67,7,2008,5,40.0243,-75.1304,935.0,6,0,0,0,0,0,0,1,0,1.0,0,0,0,9,1,3,1,,1,40 01:27.398,1.0,0,75 07:49.414,4,0,0,0,67301,0,0,0,N,0,0,0,3,67301,3,,2,1,,N,N,,0,,0,0,0,3.0,2,Y,935,3,1,0,0,0,0,0,3,4,0,1,3,,N,,,,,,,,,,,
2008101520,332,1,0,0,0,0,0,0,0,0,7,0,,67,9,2008,4,39.9322,-75.2001,328.0,6,0,0,0,0,0,0,0,0,2.0,0,0,0,3,3,0,0,,1,39 55:54.122,3.0,0,75 11:59.375,9,0,0,0,67301,0,0,0,Y,0,0,0,1,68K01,0,,2,1,,N,N,,0,,0,0,0,0.0,0,N,322,0,1,0,0,0,0,1,3,4,0,1,3,,N,,,,,,,,,,,
2008098606,2008,2,0,0,0,0,0,0,0,0,1,0,,67,7,2008,4,39.9847,-75.1565,2005.0,6,0,0,0,0,0,0,0,0,,0,0,0,19,1,1,1,,0,39 59:04.851,,0,75 09:23.377,4,0,0,0,67301,0,0,0,N,0,0,0,2,67301,1,,1,1,,N,N,,0,,0,0,0,3.0,2,,1930,1,2,0,0,1,0,0,3,4,0,2,3,,N,,,,,,,,,,,
2008077684,846,1,0,0,0,0,0,0,0,0,7,0,,67,6,2008,6,39.9596,-75.1779,826.0,6,0,0,0,0,0,0,0,0,,0,0,0,8,1,0,0,,0,39 57:37.413,,2,75 10:42.689,0,0,0,0,67301,0,0,0,N,0,0,0,1,68K01,0,,4,1,,N,N,,0,,0,0,0,0.0,0,,823,0,1,0,0,0,0,0,3,4,0,1,3,,N,,,,,,,,,,,
2008109630,505,0,0,0,0,0,0,0,0,0,7,0,,67,9,2008,6,40.0247,-75.0309,458.0,6,0,0,0,0,0,0,0,0,1.0,0,0,0,4,3,2,0,,1,40 01:27.305,1.0,1,75 01:50.868,4,0,0,0,67301,0,0,0,N,0,0,0,2,68K01,2,,2,9,,N,N,,0,,0,0,1,0.0,0,N,456,2,1,0,0,0,0,0,3,4,0,1,7,,N,,,,,,,,,,,
2008082243,2130,1,0,0,0,0,0,0,0,0,4,0,,67,5,2008,6,40.0953,-74.965,2123.0,6,0,1,1,0,0,0,0,0,,0,0,0,21,2,0,2,,0,40 05:43.180,,0,74 57:53.837,0,0,0,0,67301,0,0,0,,0,0,0,3,67301,0,,1,9,,,,,0,,0,0,0,3.0,3,,2120,0,2,0,0,0,0,0,3,4,1,2,7,,N,,,,,,,,,,,
2008082318,1136,1,0,0,0,0,0,0,0,0,8,0,,67,5,2008,4,39.9642,-75.1644,1122.0,6,0,0,0,0,0,0,0,0,,0,0,0,11,1,1,1,,0,39 57:51.112,,0,75 09:51.739,3,0,0,0,67301,1,0,0,N,1,0,0,2,67301,0,,1,1,,N,N,,0,,1,0,0,3.0,3,,1110,1,2,0,0,0,0,0,3,4,0,1,3,,N,,,,,,,,,,,
2008079765,1120,2,0,0,0,0,0,0,0,0,1,0,,67,5,2008,1,40.0537,-75.1702,1115.0,6,0,0,0,0,0,0,0,0,,0,0,0,11,1,2,0,,0,40 03:13.166,,99,75 10:12.667,4,0,0,0,67301,0,0,0,N,0,0,0,3,67301,2,,1,1,,N,N,,0,,0,0,0,0.0,0,,1115,2,2,0,0,0,0,0,3,4,0,2,3,,N,,,,,,,,,,,
2008079089,711,0,0,0,0,0,0,0,0,0,4,0,,67,5,2008,7,39.9252,-75.1762,708.0,6,0,0,0,0,0,0,0,0,,0,0,0,7,1,0,1,,0,39 55:30.668,,0,75 10:33.359,0,0,0,0,67301,0,0,0,N,0,0,0,2,67301,0,,1,1,,N,N,,1,,0,0,1,2.0,2,,705,0,2,0,0,0,0,0,3,4,0,2,3,,N,,,,,,,,,,,
2008097432,1617,0,0,0,0,0,0,0,0,0,4,0,,67,6,2008,4,39.9869,-75.1116,1600.0,6,0,0,0,0,0,1,0,0,,0,0,0,15,1,1,0,,0,39 59:12.886,,0,75 06:41.803,8,0,0,0,67301,1,0,0,N,1,0,0,2,67301,0,,1,1,,N,N,,1,,0,0,0,0.0,0,,1500,1,2,0,0,0,1,0,3,4,0,1,3,,N,,,,,,,,,,,
2008097491,940,2,0,0,0,0,0,0,0,0,1,0,,67,6,2008,6,40.0369,-75.1342,940.0,6,0,0,0,0,1,0,0,0,,0,1,0,9,1,1,1,,0,40 02:12.885,,0,75 08:03.162,4,0,0,0,67301,0,0,0,N,0,0,0,4,67301,1,,1,1,,N,N,,0,,0,0,0,3.0,2,,930,1,3,0,0,0,0,0,3,4,0,3,3,,N,,,,,,,,,,,
2008097495,1651,0,0,0,0,0,0,0,0,0,4,0,,67,7,2008,6,39.9905,-75.1405,1647.0,6,0,0,0,0,0,0,0,0,,0,0,0,15,1,1,1,,0,39 59:25.814,,0,75 08:25.976,8,0,0,0,67301,0,0,0,N,0,0,0,3,67301,0,,1,1,,N,N,,0,,0,0,1,3.0,2,,1530,1,2,0,0,0,1,0,3,4,1,2,3,,N,,,,,,,,,,,
2008088819,805,4,0,0,0,0,0,0,0,0,1,0,,67,5,2008,4,39.9856,-75.0999,802.0,6,0,0,0,0,0,0,0,0,,0,0,0,7,1,1,0,,0,39 59:08.062,,0,75 05:59.478,4,0,0,0,67301,0,0,0,,0,0,0,3,67301,1,,1,1,,,,,0,,0,0,0,0.0,0,,720,1,4,0,0,0,0,1,3,4,0,4,3,,N,,,,,,,,,,,
2008094868,1111,4,0,0,0,0,0,0,0,0,1,0,,67,7,2008,7,40.0483,-75.1319,1110.0,6,0,0,0,0,0,0,0,0,2.0,0,0,0,99,1,0,0,,2,40 02:53.757,6.0,0,75 07:54.897,0,0,0,0,67301,0,0,0,N,0,0,0,6,67301,0,,1,1,,N,N,,0,,0,0,0,0.0,0,Y,9999,0,4,0,0,0,0,0,3,4,0,4,3,,N,,,,,,,,,,,
2008098359,807,1,0,0,0,0,0,0,0,0,8,0,,67,7,2008,2,40.044,-75.1095,805.0,6,0,0,0,0,0,0,0,0,,0,0,0,7,1,1,0,,0,40 02:38.364,,0,75 06:34.246,4,0,0,0,67301,1,0,0,,1,0,0,2,67301,1,,4,1,,N,N,,0,,0,0,0,0.0,0,,740,1,2,0,0,0,0,0,3,4,0,1,3,,N,,,,,,,,,,,
2008098368,2041,2,0,0,0,0,0,0,0,0,1,0,,67,7,2008,7,40.0529,-75.1619,2041.0,6,0,0,1,0,0,0,0,0,,0,0,0,20,1,1,2,,0,40 03:10.285,,0,75 09:42.677,4,0,0,0,67301,0,0,0,N,0,0,0,4,67301,1,,1,1,,N,N,,0,,0,0,0,3.0,3,,2030,1,3,0,0,0,0,1,3,4,1,3,3,,N,,,,,,,,,,,
2008116128,1201,1,0,0,0,0,0,0,0,0,7,0,,67,10,2008,3,39.9959,-75.1974,1201.0,6,0,0,0,0,0,0,0,0,1.0,0,0,0,12,1,1,0,,2,39 59:45.659,3.0,0,75 11:50.253,4,0,0,0,67301,0,0,0,N,0,0,0,1,68K01,1,,2,1,,N,N,,0,,0,0,0,0.0,0,N,1201,1,1,0,0,0,0,0,3,4,0,1,3,,N,,,,,,,,,,,
2008124411,1551,2,0,0,0,0,0,0,0,0,4,0,,67,11,2008,6,40.0001,-75.229,1549.0,6,0,0,0,0,0,1,0,0,,0,0,0,15,1,1,0,,0,40 00:02.775,,0,75 13:39.090,8,0,0,0,67301,0,0,0,N,0,0,0,4,46104,0,,3,1,,N,N,,0,,0,0,0,0.0,0,,1549,1,2,0,0,0,1,0,3,4,0,2,3,,N,,,,,,,,,,,
2008124142,1322,1,0,0,0,0,0,0,0,0,7,0,,67,11,2008,7,39.9316,-75.1998,1310.0,6,0,0,0,0,0,0,0,0,,0,0,0,13,1,0,0,,0,39 55:50.681,,0,75 11:56.185,0,0,0,0,67301,0,0,0,Y,0,0,0,1,68K01,0,,4,1,,N,N,,0,,0,0,0,0.0,0,,1305,0,1,0,0,0,0,0,3,4,0,1,3,,N,,,,,,,,,,,
2008124065,1629,1,0,0,0,0,0,0,0,0,4,0,,67,10,2008,5,39.9922,-75.2457,1628.0,6,0,0,0,0,0,0,1,1,,0,0,0,16,1,1,1,,0,39 59:33.007,,0,75 14:42.445,4,0,0,0,67301,0,0,0,N,0,0,0,5,46104,1,,1,1,,N,N,,0,,0,0,0,3.0,2,,1627,1,2,0,0,0,0,0,3,4,1,2,3,,N,,,,,,,,,,,
2008133578,1755,1,0,0,0,0,0,0,0,0,8,0,,67,11,2008,6,39.9758,-75.1219,1741.0,6,0,0,0,0,0,0,0,0,,0,0,0,17,3,1,1,,0,39 58:32.919,,0,75 07:18.839,4,0,0,0,67301,1,0,0,N,1,0,0,2,67301,1,,1,1,,N,N,,0,,0,0,0,9.0,3,,1730,1,2,0,0,0,0,0,3,4,0,1,3,,N,,,,,,,,,,,
2008118944,1825,2,0,0,0,0,0,0,0,0,4,0,,67,9,2008,4,40.0868,-74.9718,1821.0,6,0,0,0,0,0,1,0,0,,0,0,0,17,4,3,1,,0,40 05:12.260,,0,74 58:18.772,3,0,0,0,67301,0,0,0,N,0,0,0,3,67301,2,,1,1,,N,N,,0,,1,0,0,3.0,2,,1745,3,2,0,0,0,0,0,3,4,0,2,3,,N,,,,,,,,,,,
2008071637,123,2,0,0,0,0,0,0,0,0,4,0,,67,3,2008,4,39.9285,-75.1786,123.0,6,0,0,0,0,0,1,0,0,,0,0,0,1,3,3,1,,0,39 55:42.564,,0,75 10:42.988,8,0,0,0,67301,0,0,0,,0,0,0,3,67301,0,,1,9,,N,N,,0,,0,0,0,3.0,3,,123,3,2,0,0,0,3,0,3,4,0,2,7,,N,,,,,,,,,,,
2008097848,2118,0,0,0,0,0,0,0,0,0,8,0,,67,7,2008,5,40.0434,-75.1615,2115.0,6,0,0,0,0,0,1,0,0,1.0,0,0,0,21,3,1,0,,2,40 02:36.305,2.0,0,75 09:41.351,3,0,0,0,67301,1,0,0,N,1,0,0,2,67301,0,,1,98,,N,N,,0,,1,0,1,0.0,0,N,2113,1,2,0,0,0,0,0,3,4,0,1,99,,N,,,,,,,,,,,
2008095717,9999,0,0,0,0,0,0,0,0,0,8,0,,67,6,2008,5,40.029,-75.1462,100.0,6,0,0,0,0,0,0,0,0,,0,0,0,1,3,1,1,,0,40 01:44.500,,0,75 08:46.197,4,0,0,0,67301,1,0,0,N,1,0,0,2,67301,1,,1,1,,N,N,,1,,0,0,0,3.0,2,,130,1,2,0,0,0,0,0,3,4,0,1,3,,N,,,,,,,,,,,
2008080633,1758,1,0,0,0,0,0,0,0,0,1,0,,67,7,2008,2,39.9627,-75.1835,1754.0,6,0,0,0,0,0,0,0,0,,0,0,0,17,1,1,0,,0,39 57:44.679,,0,75 10:59.662,4,0,0,0,67301,0,0,0,N,0,0,0,2,68K01,1,,1,1,,N,N,,0,,0,0,1,0.0,0,,1753,1,2,0,0,0,0,0,3,4,0,2,3,,N,,,,,,,,,,,
2008097925,1237,1,0,0,1,0,0,0,0,0,5,0,,67,7,2008,3,39.9626,-75.2111,1232.0,6,0,0,0,0,0,0,1,0,,0,0,0,12,1,1,0,,0,39 57:45.254,,0,75 12:38.428,4,0,0,0,67301,1,0,0,N,0,0,0,2,67301,1,,1,1,,N,Y,,0,,0,0,0,3.0,2,,1230,1,2,0,0,0,0,0,3,4,0,1,3,,N,,,,,,,,,,,
2008097926,1327,1,0,0,1,0,0,0,0,0,5,0,,67,7,2008,3,39.928,-75.1688,1325.0,6,0,0,0,0,0,0,0,0,,0,0,0,13,1,1,0,,0,39 55:40.605,,0,75 10:07.826,3,0,0,0,67301,1,0,0,,0,0,0,3,67301,0,,1,1,,N,N,,0,,1,0,0,0.0,0,,1324,1,2,0,0,0,0,0,3,4,0,1,3,,N,,,,,,,,,,,
2008083325,1813,5,0,0,0,0,0,0,0,0,2,0,,67,5,2008,6,40.0021,-75.1566,1811.0,6,0,0,0,0,0,0,0,0,2.0,0,0,0,18,4,2,0,,2,40 00:07.452,6.0,0,75 09:23.757,3,0,0,0,67301,1,0,0,,1,0,0,2,67301,0,,6,1,,N,N,,0,,2,0,0,3.0,2,Y,1810,2,6,0,0,0,0,0,3,4,0,5,3,,N,,,,,,,,,,,
2008083336,740,5,0,0,0,0,0,0,0,0,5,0,,67,5,2008,1,,,737.0,6,0,0,0,0,0,1,0,0,,0,0,0,99,1,0,0,,0,,,0,,0,0,0,0,67301,0,0,0,N,0,0,0,1,67301,0,,1,1,,N,N,,1,,0,0,0,0.0,0,,9999,0,6,0,0,0,0,0,3,3,0,6,3,,N,,,,,,,,,,,
2008088179,1445,2,0,0,0,0,0,0,0,0,1,0,,67,6,2008,4,39.9194,-75.1707,1930.0,6,0,0,0,0,0,0,0,0,,0,0,0,14,1,0,1,,0,39 55:09.777,,0,75 10:14.533,9,0,0,0,67301,0,0,0,N,0,0,0,2,67301,0,,1,1,,N,N,,0,,0,0,0,0.0,0,,1445,0,2,0,0,0,0,2,3,4,0,2,3,,N,,,,,,,,,,,
2008088278,1042,2,0,0,0,0,0,0,0,0,1,0,,67,6,2008,4,39.9877,-75.2162,1040.0,6,0,0,0,0,0,1,0,0,,0,0,0,10,1,1,10,,0,39 59:15.691,,0,75 12:58.441,4,0,0,0,67301,0,0,0,N,0,0,0,2,67301,1,,1,9,,N,N,,0,,0,0,0,3.0,2,,1040,1,2,0,0,0,0,1,3,4,0,2,7,,N,,,,,,,,,,,
2008088286,1857,2,0,0,0,0,0,0,0,0,4,0,,67,6,2008,6,40.038,-75.1093,1857.0,6,0,0,1,0,0,0,0,0,1.0,0,0,0,18,1,2,0,,1,40 02:16.639,6.0,0,75 06:33.492,4,0,0,0,67301,0,0,0,N,0,0,0,5,67301,2,,1,1,,N,N,,0,,0,0,0,3.0,2,N,1854,2,2,0,0,0,0,0,3,4,0,2,3,,N,,,,,,,,,,,
2008087970,1555,2,0,0,0,0,0,0,0,0,1,0,,67,6,2008,5,39.9832,-75.157,1550.0,6,0,0,0,1,1,0,0,0,,0,0,0,15,1,1,0,,0,39 58:59.550,,0,75 09:24.970,4,0,0,0,67301,0,0,0,,0,0,0,5,67301,1,,1,1,,,,,0,,0,0,2,3.0,2,,1550,1,4,0,0,0,0,0,3,4,0,4,3,,N,,,,,,,,,,,
2008087988,246,3,0,0,0,0,0,0,0,0,5,0,,67,6,2008,7,39.938,-75.1487,246.0,6,0,0,0,1,0,0,0,0,,0,0,0,2,6,0,0,,0,39 56:16.663,,0,75 08:55.161,0,0,0,0,67301,0,0,0,,0,0,0,1,67301,0,,2,1,,,,,0,,0,0,0,0.0,0,,241,0,3,0,0,0,0,0,3,4,0,3,3,,N,,,,,,,,,,,
2008087865,1006,1,0,0,0,0,0,0,0,0,8,0,,67,6,2008,4,39.9854,-75.1581,1004.0,6,0,0,0,0,0,0,0,0,,0,0,0,10,1,1,0,,0,39 59:07.465,,0,75 09:29.260,8,0,0,0,67301,1,0,0,N,1,0,0,2,67301,0,,1,1,,N,N,,0,,0,0,0,0.0,0,,1000,1,2,0,0,0,1,1,3,4,0,1,3,,N,,,,,,,,,,,
2008087876,1543,1,0,0,1,0,0,0,0,0,4,0,,67,6,2008,4,40.0765,-74.9883,1538.0,6,0,0,0,0,0,1,0,0,,0,0,0,15,1,1,2,,0,40 04:35.223,,0,74 59:17.793,8,0,0,0,67301,1,0,0,N,0,0,0,2,67301,0,,1,1,,N,N,,0,,0,0,0,0.0,0,,1535,1,2,0,0,0,1,0,3,4,0,1,3,,N,,,,,,,,,,,
2008098013,1010,1,0,0,0,0,0,0,0,0,4,0,,67,7,2008,3,40.0495,-75.1465,1000.0,6,0,0,0,0,0,0,0,0,1.0,0,0,0,99,1,1,3,,2,40 02:58.279,6.0,0,75 08:47.343,4,0,0,0,67301,0,0,0,N,0,0,0,2,67301,1,,1,1,,N,N,,0,,0,0,1,0.0,0,Y,9999,1,2,0,0,0,0,0,3,4,0,2,3,,N,,,,,,,,,,,
2008098033,258,4,0,0,0,0,0,0,0,0,5,0,,67,7,2008,1,39.9758,-75.1584,256.0,6,0,0,1,1,0,0,0,0,1.0,0,0,0,2,3,0,1,,1,39 58:33.010,1.0,0,75 09:30.309,0,0,0,0,67301,0,0,0,N,0,0,0,5,67301,0,,1,1,,N,N,,0,,0,0,0,0.0,0,Y,255,0,4,0,0,0,0,0,3,4,0,4,3,,N,,,,,,,,,,,
2008045509,1318,2,0,0,0,0,0,0,0,0,4,0,,67,1,2008,4,40.0522,-75.0931,1311.0,6,0,0,1,0,0,0,0,0,,0,0,0,13,1,2,1,,0,40 03:07.000,,0,75 05:35.124,4,0,0,0,67301,0,0,0,N,0,0,0,3,67301,1,,1,1,,N,N,,0,,0,0,0,0.0,0,,1310,2,2,0,0,0,1,0,3,4,0,2,3,,N,,,,,,,,,,,
2008045445,2342,2,0,0,0,0,0,0,0,0,4,0,,67,1,2008,7,40.0155,-75.0699,2338.0,6,0,0,0,0,0,1,0,0,,0,0,0,23,3,2,0,,0,40 00:55.872,,0,75 04:11.740,4,0,0,0,67301,0,0,0,N,0,0,0,4,67301,2,,1,1,,N,N,,0,,0,0,0,9.0,3,,2318,2,2,0,0,0,0,0,3,4,0,2,3,,N,,,,,,,,,,,
2008023944,810,2,0,0,0,0,0,0,0,0,4,0,,67,1,2008,6,40.0216,-75.1651,800.0,6,0,0,0,0,0,1,0,0,,0,0,0,7,1,1,1,,0,40 01:17.857,,0,75 09:54.435,8,0,0,0,67301,0,0,0,N,0,0,0,3,67301,0,,1,1,,N,N,,0,,0,0,0,3.0,3,,759,1,2,0,0,0,1,0,3,4,0,2,3,,N,,,,,,,,,,,
2008050745,9999,1,0,0,0,0,0,0,0,0,8,0,,67,2,2008,7,39.9242,-75.2349,1716.0,6,0,0,0,0,1,0,0,0,,0,0,0,17,1,1,0,,0,39 55:27.041,,0,75 14:05.661,4,0,0,0,67301,1,0,0,N,1,0,0,2,67301,1,,1,1,,N,N,,0,,0,0,0,0.0,0,,1715,1,2,0,0,0,0,0,3,4,0,1,3,,N,,,,,,,,,,,
2008050821,2043,2,0,0,0,0,0,0,0,0,1,0,,67,3,2008,3,40.0176,-75.097,2041.0,6,0,0,0,0,0,0,0,0,,0,0,0,19,3,2,0,,0,40 01:01.681,,0,75 05:49.270,4,0,0,0,67301,0,0,0,N,0,0,0,3,67301,2,,1,9,,N,N,,0,,0,0,0,9.0,9,,1946,2,2,0,0,2,0,0,3,4,0,2,7,,N,,,,,,,,,,,
2008050824,9999,1,0,0,0,0,0,0,0,0,8,0,,67,2,2008,6,39.9526,-75.1653,9999.0,6,0,0,0,0,0,0,0,0,,0,0,0,99,3,1,1,,0,39 57:09.365,,0,75 09:55.348,3,0,0,0,67301,1,0,0,,1,0,0,2,67301,0,,1,9,,N,N,,0,,1,0,0,3.0,2,,9999,1,2,0,0,0,0,0,3,4,0,1,98,,N,,,,,,,,,,,
2008048602,1752,0,0,0,0,0,0,1,0,0,5,1,,67,1,2008,1,39.9032,-75.2277,1749.0,6,0,0,0,0,0,0,1,0,,0,0,0,14,1,1,1,,0,39 54:11.660,,0,75 13:39.590,4,0,0,0,67301,0,0,0,N,0,0,0,2,67301,1,,1,1,,N,N,,0,,0,0,0,0.0,0,,1440,1,2,0,0,0,0,0,3,4,1,2,3,,N,,,,,,,,,,,
2008043961,1825,1,0,0,0,0,0,1,0,0,5,1,,67,1,2008,4,39.9222,-75.2303,1808.0,6,0,0,0,0,0,0,0,0,,0,0,0,17,3,1,1,,0,39 55:19.000,,0,75 13:49.177,3,0,0,0,67301,0,0,0,N,0,0,0,3,67301,0,,1,1,,N,N,,0,,1,0,0,3.0,2,,1745,1,2,0,0,0,0,0,3,4,0,2,3,,N,,,,,,,,,,,
2008044018,255,2,0,0,0,0,0,0,0,0,1,0,,67,2,2008,7,40.0278,-75.1471,252.0,6,0,0,0,0,0,0,0,0,,0,0,0,2,3,2,0,,0,40 01:39.000,,0,75 08:49.542,2,0,0,0,67301,0,0,0,N,0,0,0,5,67301,0,,1,1,,N,N,,0,,0,1,0,0.0,0,,249,2,2,0,1,2,1,0,3,4,0,2,3,,N,,,,,,,,,,,
2008041284,1320,2,0,0,0,0,0,0,0,0,4,0,,67,2,2008,4,40.0443,-75.0541,1310.0,6,0,0,0,0,0,1,0,0,,0,0,0,13,1,2,1,,0,40 02:39.450,,0,75 03:14.767,3,0,0,0,67301,0,0,0,N,0,0,0,3,67301,1,,1,1,,N,N,,0,,1,0,0,3.0,2,,1301,2,2,0,0,0,0,0,3,4,0,2,3,,N,,,,,,,,,,,
2008069618,1646,1,0,0,0,0,0,0,0,0,7,0,,67,4,2008,7,39.9186,-75.2259,1645.0,6,0,0,0,0,0,0,0,0,2.0,0,0,0,16,1,2,0,,1,39 55:06.780,4.0,0,75 13:33.264,3,0,0,0,67301,0,0,0,N,0,0,0,2,67301,1,,2,1,,N,N,,0,,1,0,0,0.0,0,Y,1643,2,1,0,0,1,0,0,3,4,0,1,3,,N,,,,,,,,,,,
2008069624,1700,2,0,0,0,0,0,0,0,0,6,0,,67,4,2008,4,40.0151,-75.1359,1658.0,6,0,0,0,0,0,0,0,0,,0,0,0,16,1,7,2,,0,40 00:54.471,,0,75 08:09.164,8,0,0,0,67301,0,0,0,N,0,0,0,7,67301,0,,1,1,,N,N,,0,,0,0,0,3.0,3,,1655,7,2,0,0,0,7,0,3,4,0,2,3,,N,,,,,,,,,,,
2008108966,10,2,0,0,0,0,0,0,0,0,5,0,,67,8,2008,7,40.0488,-75.053,7.0,6,0,0,0,0,0,0,0,0,,0,0,0,0,3,0,1,,0,40 02:55.604,,0,75 03:10.803,9,0,0,0,67301,0,0,0,N,0,0,0,1,67301,0,,1,1,,N,N,,0,,0,0,0,3.0,3,,5,0,2,0,0,0,0,1,3,4,0,2,3,,N,,,,,,,,,,,