CRN,ARRIVAL_TM,AUTOMOBILE_COUNT,BELTED_DEATH_COUNT,BELTED_SUSP_SERIOUS_INJ_COUNT,BICYCLE_COUNT,BICYCLE_DEATH_COUNT,BICYCLE_SUSP_SERIOUS_INJ_COUNT,BUS_COUNT,CHLDPAS_DEATH_COUNT,CHLDPAS_SUSP_SERIOUS_INJ_COUNT,COLLISION_TYPE,COMM_VEH_COUNT,CONS_ZONE_SPD_LIM,COUNTY,CRASH_MONTH,CRASH_YEAR,DAY_OF_WEEK,DEC_LAT,DEC_LONG,DISPATCH_TM,DISTRICT,DRIVER_COUNT_16YR,DRIVER_COUNT_17YR,DRIVER_COUNT_18YR,DRIVER_COUNT_19YR,DRIVER_COUNT_20YR,DRIVER_COUNT_50_64YR,DRIVER_COUNT_65_74YR,DRIVER_COUNT_75PLUS,EST_HRS_CLOSED,FATAL_COUNT,HEAVY_TRUCK_COUNT,HORSE_BUGGY_COUNT,HOUR_OF_DAY,ILLUMINATION,INJURY_COUNT,INTERSECT_TYPE,INTERSECTION_RELATED,LANE_CLOSED,LATITUDE,LN_CLOSE_DIR,LOCATION_TYPE,LONGITUDE,MAX_SEVERITY_LEVEL,MCYCLE_DEATH_COUNT,MCYCLE_SUSP_SERIOUS_INJ_COUNT,MOTORCYCLE_COUNT,MUNICIPALITY,NONMOTR_COUNT,NONMOTR_DEATH_COUNT,NONMOTR_SUSP_SERIOUS_INJ_COUNT,NTFY_HIWY_MAINT,PED_COUNT,PED_DEATH_COUNT,PED_SUSP_SERIOUS_INJ_COUNT,PERSON_COUNT,POLICE_AGCY,POSSIBLE_INJ_COUNT,RDWY_SURF_TYPE_CD,RELATION_TO_ROAD,ROAD_CONDITION,ROADWAY_CLEARED,SCH_BUS_IND,SCH_ZONE_IND,SECONDARY_CRASH,SMALL_TRUCK_COUNT,SPEC_JURIS_CD,SUSP_MINOR_INJ_COUNT,SUSP_SERIOUS_INJ_COUNT,SUV_COUNT,TCD_FUNC_CD,TCD_TYPE,TFC_DETOUR_IND,TIME_OF_DAY,TOT_INJ_COUNT,TOTAL_UNITS,UNB_DEATH_COUNT,UNB_SUSP_SERIOUS_INJ_COUNT,UNBELTED_OCC_COUNT,UNK_INJ_DEG_COUNT,UNK_INJ_PER_COUNT,URBAN_AREA,URBAN_RURAL,VAN_COUNT,VEHICLE_COUNT,WEATHER1,WEATHER2,WORK_ZONE_IND,WORK_ZONE_LOC,WORK_ZONE_TYPE,WORKERS_PRES,WZ_CLOSE_DETOUR,WZ_FLAGGER,WZ_LAW_OFFCR_IND,WZ_LN_CLOSURE,WZ_MOVING,WZ_OTHER,WZ_SHLDER_MDN,WZ_WORKERS_INJ_KILLED
2008108977,1616,1,0,0,0,0,0,0,0,0,1,0,,67,9,2008,2,40.0456,-75.1285,1615.0,6,0,0,0,0,0,1,0,0,,0,0,0,16,1,1,1,,0,40 02:44.255,,0,75 07:42.460,3,0,0,1,67301,0,0,0,N,0,0,0,2,67301,0,,1,1,,N,N,,0,,1,0,0,3.0,2,,1615,1,2,0,0,1,0,0,3,4,0,2,3,,N,,,,,,,,,,,
2008093892,2114,2,0,0,0,0,0,0,0,0,1,0,,67,8,2008,5,39.9702,-75.1928,2111.0,6,0,0,0,0,0,0,1,0,,0,0,0,21,3,2,0,,0,39 58:16.339,,0,75 11:35.894,4,0,0,0,67301,0,0,0,N,0,0,0,4,68K01,2,,1,9,,N,N,,0,,0,0,0,0.0,0,,2109,2,2,0,0,0,0,0,3,4,0,2,7,,N,,,,,,,,,,,
2008108635,1907,0,0,0,0,0,0,0,0,0,4,0,,67,8,2008,1,39.9044,-75.2386,1902.0,6,0,0,0,0,0,1,0,0,1.0,0,0,0,18,1,0,0,,1,39 54:15.843,6.0,0,75 14:18.898,9,0,0,0,67301,0,0,0,,0,0,0,6,67301,0,,1,1,,,,,0,,0,0,1,0.0,0,N,1855,0,2,0,0,0,0,6,3,4,1,2,3,,N,,,,,,,,,,,
2008108651,2218,0,0,0,0,0,0,0,0,0,8,0,,67,8,2008,6,39.9507,-75.1627,2214.0,6,0,0,0,0,0,0,0,0,1.0,0,0,0,22,3,1,1,,2,39 57:02.541,3.0,0,75 09:45.727,4,0,0,0,67301,1,0,0,,1,0,0,2,67301,1,,1,1,,,,,0,,0,0,1,3.0,2,Y,2212,1,2,0,0,0,0,0,3,4,0,1,3,,N,,,,,,,,,,,
2008108659,1345,0,0,0,0,0,0,0,0,0,8,0,,67,8,2008,6,39.9577,-75.1624,1338.0,6,0,0,0,0,0,0,0,0,,0,0,0,13,1,1,1,,0,39 57:27.737,,0,75 09:44.915,4,0,0,0,67301,1,0,0,,1,0,0,2,67301,1,,1,1,,,,,0,,0,0,1,2.0,2,,1338,1,2,0,0,0,0,0,3,4,0,1,3,,N,,,,,,,,,,,
2008118619,1600,1,0,0,0,0,0,0,0,0,4,0,,67,9,2008,6,40.0152,-75.1699,1600.0,6,0,0,0,0,0,0,0,0,,0,0,0,13,1,1,1,,0,40 00:55.200,,0,75 10:11.510,3,0,0,0,67301,0,0,0,N,0,0,0,2,67301,0,,1,9,,N,N,,1,,1,0,0,9.0,2,,1300,1,2,0,0,0,0,1,3,4,0,2,7,,N,,,,,,,,,,,
2008118620,1928,1,0,0,0,0,0,0,0,0,6,0,,67,10,2008,7,39.9414,-75.2378,1904.0,6,0,0,0,0,0,1,0,0,,0,0,0,99,3,2,0,,0,39 56:28.968,,0,75 14:16.162,4,0,0,0,67301,0,0,0,N,0,0,0,2,67301,1,,1,1,,N,N,,0,,0,0,1,0.0,0,,9999,2,2,0,0,0,1,0,3,4,0,2,3,,N,,,,,,,,,,,
2008118633,1655,2,0,0,0,0,0,0,0,0,4,0,,67,9,2008,6,39.9484,-75.1762,1648.0,6,0,0,0,0,0,1,0,0,,0,0,0,99,1,0,2,,0,39 56:54.283,,0,75 10:34.471,0,0,0,0,67301,0,0,0,N,0,0,0,2,67301,0,,1,9,,N,N,,0,,0,0,0,3.0,2,,9999,0,2,0,0,2,0,0,3,4,0,2,7,,N,,,,,,,,,,,
2008121304,0,1,0,0,0,0,0,0,0,0,1,0,,67,8,2008,7,40.0543,-75.0716,0.0,6,0,0,0,0,0,0,0,0,,0,0,0,11,1,1,2,,0,40 03:15.451,,0,75 04:17.588,8,0,0,0,67301,0,0,0,N,0,0,0,2,00000,0,,1,1,,N,N,,0,,0,0,1,3.0,2,,1130,1,2,0,0,0,1,0,3,4,0,2,3,,N,,,,,,,,,,,
2008103939,1128,3,0,0,0,0,0,0,0,0,5,0,,67,7,2008,2,40.0104,-75.1512,1125.0,6,0,0,0,0,0,2,0,0,,0,0,0,11,1,1,0,,0,40 00:37.862,,0,75 09:04.522,8,0,0,0,67301,0,0,0,N,0,0,0,2,67301,0,,1,9,,N,N,,0,,0,0,1,0.0,0,,1120,1,4,0,0,0,1,0,3,4,0,4,7,,N,,,,,,,,,,,
2008103637,2105,2,0,0,0,0,0,0,0,0,4,0,,67,6,2008,6,39.9566,-75.2098,2103.0,6,0,0,0,0,0,1,0,0,1.0,0,0,0,21,3,1,2,,1,39 57:23.633,3.0,0,75 12:35.044,4,0,0,0,67301,0,0,0,N,0,0,0,3,67301,1,,1,9,,N,N,,0,,0,0,0,3.0,2,N,2100,1,2,0,0,0,0,0,3,4,0,2,7,,N,,,,,,,,,,,
2008099281,9999,3,0,0,0,0,0,0,0,0,1,0,,67,7,2008,5,40.0477,-75.0719,2101.0,6,0,0,0,0,0,0,0,1,,0,0,0,99,3,5,1,,0,40 02:51.896,,0,75 04:18.775,4,0,0,0,67301,0,0,0,,0,0,0,8,67301,5,,1,1,,,,,0,,0,0,0,3.0,2,,9999,5,3,0,0,0,0,0,3,4,0,3,3,,N,,,,,,,,,,,
2008108568,920,1,0,0,0,0,0,0,0,0,1,0,,67,8,2008,6,40.0169,-75.1516,915.0,6,0,0,0,0,0,1,0,0,,0,0,0,9,1,1,1,,0,40 01:00.926,,0,75 09:05.632,4,0,0,1,67301,0,0,0,N,0,0,0,2,67301,1,,1,1,,N,N,,0,,0,0,0,3.0,2,,915,1,2,0,0,0,0,0,3,4,0,2,3,,N,,,,,,,,,,,
2008101336,1809,0,0,0,0,0,0,1,0,0,8,1,,67,6,2008,6,40.0703,-75.1554,1807.0,6,0,0,0,0,0,0,0,0,3.0,0,0,0,99,1,1,2,,2,40 04:13.096,2.0,0,75 09:19.314,2,0,0,0,67301,1,0,1,,1,0,1,3,67301,0,,1,1,,N,N,,0,,0,1,0,3.0,3,Y,9999,1,2,0,0,0,0,0,3,4,0,1,3,,N,,,,,,,,,,,
2008101531,1617,2,0,0,0,0,0,0,0,0,1,0,,67,9,2008,2,40.0193,-75.046,1617.0,6,0,0,0,0,0,1,0,0,1.0,0,0,0,16,1,0,0,,1,40 01:09.120,2.0,0,75 02:45.600,0,0,0,0,67301,0,0,0,N,0,0,0,2,68K01,0,,1,1,,N,N,,0,,0,0,0,0.0,0,N,1616,0,2,0,0,0,0,0,3,4,0,2,3,,N,,,,,,,,,,,
2008098624,1951,1,0,0,0,0,0,0,0,0,4,0,,67,7,2008,5,40.0405,-75.0655,1950.0,6,0,0,0,0,1,0,0,0,,0,0,0,17,1,0,0,,0,40 02:25.898,,0,75 03:55.911,0,0,0,0,67301,0,0,0,N,0,0,0,2,67301,0,,1,1,,N,N,,0,,0,0,1,0.0,0,,1730,0,2,0,0,0,0,0,3,4,0,2,3,,N,,,,,,,,,,,
2008071905,248,1,0,0,0,0,0,0,0,0,4,0,,67,4,2008,1,40.0369,-75.1342,245.0,6,0,0,0,0,0,0,0,0,2.0,0,0,0,2,3,2,1,,1,40 02:12.885,4.0,0,75 08:03.162,3,0,0,0,67301,0,0,0,N,0,0,0,3,67301,1,,1,9,,N,N,,1,,1,0,0,3.0,2,N,242,2,2,0,0,0,0,0,3,4,0,2,7,,N,,,,,,,,,,,
2008071924,2051,2,0,0,0,0,0,0,0,0,2,0,,67,4,2008,6,40.0152,-75.17,2049.0,6,0,0,0,0,0,0,0,0,2.0,0,0,0,20,3,4,1,,1,40 00:54.720,2.0,0,75 10:12.000,4,0,0,0,67301,0,0,0,,0,0,0,4,67301,2,,1,1,,,,,0,,0,0,0,3.0,2,N,2046,4,2,0,0,2,2,0,3,4,0,2,3,,N,,,,,,,,,,,
2008069465,1002,0,0,0,1,0,0,0,0,0,4,0,,67,4,2008,4,39.9944,-75.1302,1000.0,6,0,0,0,0,0,0,0,0,,0,0,0,9,1,1,1,,0,39 59:39.789,,0,75 07:48.568,4,0,0,0,67301,1,0,0,,0,0,0,2,67301,1,,1,1,,N,N,,0,,0,0,1,0.0,0,,958,1,2,0,0,0,0,0,3,4,0,1,3,,N,,,,,,,,,,,
2008120888,1247,1,0,0,0,0,0,0,0,0,8,0,,67,10,2008,1,40.0642,-75.0539,1244.0,6,0,0,0,0,0,0,0,0,,0,0,0,12,1,1,1,,0,40 03:51.460,,0,75 03:13.702,8,0,0,0,67301,1,0,0,N,1,0,0,2,67301,0,,1,1,,N,N,,0,,0,0,0,3.0,2,,1243,1,2,0,0,0,1,0,3,4,0,1,3,,N,,,,,,,,,,,
2008082239,1601,2,0,0,0,0,0,0,0,0,4,0,,67,5,2008,7,40.0758,-74.9876,1532.0,6,0,0,0,0,0,0,0,2,,0,0,0,99,1,1,2,,0,40 04:32.944,,0,74 59:15.395,4,0,0,0,67301,0,0,0,N,0,0,0,3,67301,1,,1,1,,N,N,,0,,0,0,0,3.0,3,,9999,1,2,0,0,0,0,0,3,4,0,2,3,,N,,,,,,,,,,,
2008079022,1345,2,0,0,0,0,0,0,0,0,1,0,,67,5,2008,2,39.9786,-75.2136,1338.0,6,0,0,0,0,0,0,0,0,,0,0,0,13,1,1,1,,0,39 58:42.771,,0,75 12:49.015,8,0,0,0,67301,0,0,0,,0,0,0,3,67301,0,,1,1,,,,,1,,0,0,0,9.0,2,,1335,1,3,0,0,0,1,0,3,4,0,3,3,,N,,,,,,,,,,,
2008079067,1414,1,0,0,0,0,0,0,0,0,8,0,,67,5,2008,5,40.0218,-75.0753,1414.0,6,0,0,0,0,0,0,0,1,,0,0,0,14,1,1,2,,0,40 01:13.874,,0,75 04:26.807,4,0,0,0,67301,1,0,0,N,1,0,0,2,67301,1,,1,1,,N,N,,0,,0,0,0,0.0,0,,1400,1,2,0,0,0,0,0,3,4,0,1,3,,N,,,,,,,,,,,
2008097443,1720,0,0,0,0,0,0,0,0,0,8,0,,67,7,2008,6,39.9822,-75.1807,1714.0,6,0,0,0,0,0,0,0,0,,0,0,0,99,1,1,0,,0,39 58:55.815,,0,75 10:50.678,4,0,0,1,67301,1,0,0,N,1,0,0,2,67301,1,,1,1,,N,N,,0,,0,0,0,0.0,0,,9999,1,2,0,0,0,0,0,3,4,0,1,3,,N,,,,,,,,,,,
2008097537,1540,3,0,0,0,0,0,0,0,0,1,0,,67,7,2008,7,40.0873,-74.9716,1540.0,6,0,0,1,0,0,1,0,0,,0,0,0,15,1,1,0,,0,40 05:14.191,,0,74 58:17.712,3,0,0,0,67301,0,0,0,N,0,0,0,3,67301,0,,1,1,,N,N,,0,,1,0,0,3.0,2,,1516,1,3,0,0,0,0,0,3,4,0,3,3,,N,,,,,,,,,,,
2008088844,10,1,0,0,0,0,0,0,0,0,8,0,,67,6,2008,7,39.9615,-75.1498,8.0,6,0,0,0,0,0,0,0,0,2.0,0,0,0,0,3,1,1,,2,39 57:41.315,4.0,0,75 08:59.304,4,0,0,0,67301,1,0,0,N,1,0,0,4,67301,1,,1,1,,N,N,,0,,0,0,0,3.0,2,N,5,1,2,0,0,0,0,0,3,4,0,1,3,,N,,,,,,,,,,,
2008088893,15,1,0,0,0,0,0,0,0,0,9,0,,67,5,2008,2,39.9947,-75.1306,1.0,6,0,0,0,0,0,0,0,0,,0,0,0,99,3,3,1,,0,39 59:40.966,,0,75 07:50.217,3,0,0,0,67301,1,0,0,N,1,0,0,3,67301,0,,5,1,,N,N,,0,,2,0,0,3.0,3,,9999,3,2,0,0,0,1,0,3,4,0,1,3,,N,,,,,,,,,,,
2008081520,803,1,0,0,0,0,0,0,0,0,5,0,,67,5,2008,5,40.0568,-75.1285,803.0,6,0,0,0,0,0,0,0,0,,0,0,0,8,1,1,0,,0,40 03:24.630,,0,75 07:42.661,8,0,0,0,67301,0,0,0,N,0,0,0,7,46102,0,,1,1,,N,N,,0,,0,0,1,0.0,0,,803,1,2,0,0,0,1,0,3,4,0,2,3,,N,,,,,,,,,,,
2008094857,606,1,0,0,1,0,0,0,0,0,4,0,,67,8,2008,2,39.9447,-75.1809,603.0,6,0,0,0,0,0,0,0,0,2.0,0,0,0,6,1,1,1,,2,39 56:40.833,3.0,0,75 10:51.355,4,0,0,0,67301,1,0,0,N,0,0,0,2,67301,1,,1,1,,N,N,,0,,0,0,0,3.0,2,Y,601,1,2,0,0,0,0,0,3,4,0,1,3,,N,,,,,,,,,,,
2008094929,28,2,0,0,0,0,0,0,0,0,4,0,,67,7,2008,7,39.969,-75.1599,25.0,6,0,0,0,1,0,0,0,0,,0,0,0,0,3,0,0,,0,39 58:08.400,,7,75 09:35.640,0,0,0,0,67301,0,0,0,N,0,0,0,2,67301,0,,1,9,,N,N,,0,,0,0,0,0.0,0,,22,0,2,0,0,0,0,0,3,4,0,2,7,,N,,,,,,,,,,,
2008094232,2121,2,0,0,0,0,0,0,0,0,1,0,,67,8,2008,6,39.9803,-75.2055,2116.0,6,0,0,0,0,0,0,0,0,2.0,0,0,0,21,3,1,0,,2,39 58:51.592,3.0,0,75 12:23.657,4,0,0,0,67301,0,0,0,N,0,0,0,3,68K01,1,,1,1,,N,N,,0,,0,0,0,0.0,0,N,2113,1,2,0,0,0,0,0,3,4,0,2,3,,N,,,,,,,,,,,
2008088954,2000,1,0,0,0,0,0,0,0,0,6,0,,67,6,2008,4,39.9648,-75.2362,1955.0,6,0,0,0,0,0,0,0,0,3.0,0,0,0,19,1,4,0,,2,39 57:53.449,7.0,0,75 14:10.161,3,0,0,0,67301,0,0,0,,0,0,0,6,67301,3,,1,1,,,,,1,,1,0,0,3.0,2,Y,1954,4,2,0,0,0,0,0,3,4,0,2,3,,N,,,,,,,,,,,
2008094811,1315,0,0,0,0,0,0,0,0,0,8,0,,67,6,2008,2,39.9524,-75.1549,1310.0,6,0,0,0,0,0,0,0,0,,0,0,0,13,1,1,2,,0,39 57:08.535,,0,75 09:17.776,3,0,0,0,67301,1,0,0,N,1,0,0,2,67301,0,,1,1,,N,N,,0,,1,0,1,3.0,3,,1306,1,2,0,0,0,0,0,3,4,0,1,3,,N,,,,,,,,,,,
2008094846,9999,1,0,0,0,0,0,0,0,0,7,0,,67,2,2008,6,40.0796,-75.069,9999.0,6,0,0,0,0,0,0,0,0,,0,0,0,14,1,1,0,,0,40 04:46.629,,0,75 04:08.518,4,0,0,0,67301,0,0,0,,0,0,0,1,67301,1,,5,7,,,,,0,,0,0,0,0.0,0,,1430,1,1,0,0,0,0,0,3,4,0,1,10,,N,,,,,,,,,,,
2008094848,950,1,0,0,0,0,0,0,0,0,8,0,,67,6,2008,5,39.9506,-75.1617,933.0,6,0,0,0,0,0,0,0,0,,0,0,0,9,1,1,1,,0,39 57:02.160,,0,75 09:42.120,8,0,0,0,67301,1,0,0,N,1,0,0,2,67301,0,,1,1,,N,N,,0,,0,0,0,3.0,2,,920,1,2,0,0,0,1,0,3,4,0,1,3,,N,,,,,,,,,,,
2008079226,1342,1,0,0,0,0,0,0,0,0,1,0,,67,5,2008,7,,,1337.0,6,0,0,0,0,0,0,0,0,1.0,0,0,0,13,1,1,5,,1,,1.0,0,,4,0,0,0,67301,0,0,0,,0,0,0,4,67301,1,,1,1,,N,N,,0,,0,0,1,3.0,2,N,1337,1,2,0,0,0,0,1,3,3,0,2,3,,N,,,,,,,,,,,
2008081128,1135,0,0,0,0,0,0,0,0,0,8,0,,67,5,2008,2,39.9838,-75.1371,1130.0,6,0,0,0,0,0,0,1,0,,0,0,0,11,1,1,1,,0,39 59:01.741,,0,75 08:13.621,8,0,0,0,67301,1,0,0,,1,0,0,2,67301,0,,1,1,,,,,0,,0,0,1,3.0,3,,1127,1,2,0,0,0,1,0,3,4,0,1,3,,N,,,,,,,,,,,
2008103102,1648,0,0,0,0,0,0,1,0,0,8,1,,67,6,2008,6,40.0318,-75.0853,1643.0,6,0,0,0,0,0,0,0,0,1.0,0,0,0,16,1,1,5,,1,40 01:54.429,2.0,0,75 05:07.227,3,0,0,0,67301,1,0,0,N,1,0,0,2,67301,0,,1,1,,N,N,,0,,1,0,0,3.0,2,N,1640,1,2,0,0,0,0,0,3,4,0,1,3,,N,,,,,,,,,,,
2008098399,410,2,0,0,0,0,0,0,0,0,4,0,,67,7,2008,7,40.1043,-75.0518,401.0,6,0,0,0,0,0,0,0,0,,0,0,0,3,3,2,0,,0,40 06:15.684,,0,75 03:06.571,4,0,0,0,67301,0,0,0,,0,0,0,3,67301,2,,1,1,,N,N,,0,,0,0,0,0.0,0,,345,2,2,0,0,0,0,0,3,4,0,2,3,,N,,,,,,,,,,,
2008133297,929,2,0,0,0,0,0,0,0,0,1,0,,67,10,2008,5,39.9972,-75.1435,928.0,6,0,0,0,0,0,0,0,0,4.0,0,0,0,9,1,2,1,,2,39 59:50.067,2.0,0,75 08:36.589,2,0,0,0,67301,0,0,0,,0,0,0,3,67301,0,,1,1,,N,,,0,,0,2,0,9.0,3,Y,928,2,3,0,0,0,0,0,3,4,1,3,3,,N,,,,,,,,,,,
2008124133,947,1,0,0,0,0,0,0,0,0,4,0,,67,10,2008,4,40.0032,-75.1951,947.0,6,0,0,0,0,0,0,0,1,1.0,0,0,0,9,1,1,0,,1,40 00:09.324,1.0,0,75 11:42.074,8,0,0,0,67301,0,0,0,N,0,0,0,2,68K01,0,,1,1,,N,N,,0,,0,0,0,0.0,0,N,945,1,2,0,0,0,1,0,3,4,1,2,3,,N,,,,,,,,,,,
2008124139,1626,1,0,0,0,0,0,0,0,0,1,0,,67,10,2008,6,39.8879,-75.2038,1610.0,6,0,0,0,1,0,0,0,0,,0,0,0,16,1,0,0,,0,39 53:19.459,,0,75 12:09.448,0,0,0,0,67301,0,0,0,N,0,0,0,8,68K01,0,,1,1,,N,N,,0,,0,0,1,0.0,0,,1607,0,2,0,0,0,0,0,3,4,0,2,3,,N,,,,,,,,,,,
2008133798,255,4,0,0,0,0,0,0,0,0,2,0,,67,10,2008,4,39.9156,-75.2356,240.0,6,0,0,0,0,0,0,0,0,,0,0,0,2,3,2,0,,0,39 54:56.181,,0,75 14:07.994,4,0,0,0,67301,0,0,0,,0,0,0,2,67301,2,,1,1,,N,N,,0,,0,0,0,0.0,0,,240,2,4,0,0,0,0,0,3,4,0,4,3,,N,,,,,,,,,,,
2008119427,0,2,0,0,0,0,0,0,0,0,4,0,,67,8,2008,2,40.0136,-75.0685,0.0,6,0,0,0,0,0,1,0,0,,0,0,0,16,1,2,1,,0,40 00:48.844,,0,75 04:07.060,8,0,0,0,67301,0,0,0,N,0,0,0,3,00000,0,,1,1,,N,N,,0,,0,0,0,3.0,2,,1615,2,2,0,0,0,2,0,3,4,0,2,3,,N,,,,,,,,,,,
2008134028,927,2,0,0,0,0,0,0,0,0,1,0,,67,10,2008,2,39.9582,-75.2232,924.0,6,0,0,0,0,0,0,0,0,,0,0,0,9,1,1,1,,0,39 57:29.663,,0,75 13:23.485,4,0,0,0,67301,0,0,0,N,0,0,0,2,67301,1,,1,1,,N,N,,0,,0,0,0,3.0,2,,916,1,2,0,0,0,0,0,3,4,0,2,3,,N,,,,,,,,,,,
2008119168,1246,1,0,0,0,0,0,0,0,0,4,0,,67,9,2008,7,40.0456,-75.0714,1244.0,6,0,0,0,0,0,0,0,0,,0,0,0,12,1,1,1,,0,40 02:22.896,,0,75 04:37.630,3,0,0,0,67301,0,0,0,N,0,0,0,2,67301,0,,1,1,,N,N,,0,,1,0,0,3.0,2,,1232,1,2,0,0,1,0,0,3,4,1,2,3,,N,,,,,,,,,,,
2008119214,1220,1,0,0,1,0,0,0,0,0,4,0,,67,9,2008,5,39.9536,-75.165,1215.0,6,0,0,0,0,0,1,0,0,,0,0,0,12,1,1,1,,0,39 57:12.949,,0,75 09:54.175,4,0,0,0,67301,1,0,0,N,0,0,0,2,67301,1,,1,1,,N,N,,0,,0,0,0,0.0,0,,1215,1,2,0,0,0,0,0,3,4,0,1,3,,N,,,,,,,,,,,
2008133553,831,1,0,0,0,0,0,0,0,0,8,0,,67,10,2008,7,40.0321,-75.1335,829.0,6,0,0,0,0,0,0,0,0,,0,0,0,8,3,1,1,,0,40 01:55.624,,0,75 08:00.542,4,0,0,0,67301,1,0,0,,1,0,0,5,67301,1,,1,9,,,,,0,,0,0,0,3.0,2,,829,1,2,0,0,4,0,0,3,4,0,1,7,,N,,,,,,,,,,,
2008133561,900,2,0,0,0,0,0,0,0,0,4,0,,67,9,2008,4,39.9953,-75.2314,856.0,6,0,0,0,0,0,0,0,0,,0,0,0,8,1,1,1,,0,39 59:43.177,,0,75 13:52.960,4,0,0,0,67301,0,0,0,Y,0,0,0,3,67301,1,,1,1,,N,N,,0,,0,0,0,3.0,3,,816,1,2,0,0,2,0,0,3,4,0,2,3,,N,,,,,,,,,,,
2008118950,224,1,0,0,0,0,0,0,0,0,7,0,,67,9,2008,1,39.9409,-75.2126,224.0,6,0,0,0,0,0,0,0,0,,0,0,0,2,3,1,1,,0,39 56:27.034,,0,75 12:45.005,8,0,0,0,67301,0,0,0,N,0,0,0,1,67301,0,,4,1,,N,N,,0,,0,0,0,3.0,2,,220,1,1,0,0,0,1,0,3,4,0,1,3,,N,,,,,,,,,,,
2008133659,9999,2,0,0,0,0,0,0,0,0,4,0,,67,10,2008,5,39.9952,-75.1641,9999.0,6,0,0,0,0,0,0,0,0,,0,0,0,13,1,1,1,,0,39 59:42.592,,0,75 09:50.608,4,0,0,0,67301,0,0,0,N,0,0,0,2,67301,1,,1,1,,N,N,,0,,0,0,0,0.0,0,,1310,1,2,0,0,2,0,0,3,4,0,2,3,,N,,,,,,,,,,,
2008071619,2210,1,0,0,1,0,0,0,0,0,4,0,,67,4,2008,5,39.9778,-75.2134,2140.0,6,0,0,0,0,0,0,0,1,,0,0,0,21,3,1,1,,0,39 58:39.806,,0,75 12:48.173,8,0,0,0,67301,1,0,0,N,0,0,0,3,67301,0,,1,1,,N,N,,0,,0,0,0,3.0,2,,2158,1,2,0,0,0,1,0,3,4,0,1,3,,N,,,,,,,,,,,
2008071631,820,1,0,0,0,0,0,0,0,0,7,0,,67,4,2008,2,40.0181,-75.2019,820.0,6,0,0,0,0,0,1,0,0,1.0,0,0,0,8,1,0,0,,2,40 01:05.330,1.0,0,75 12:06.870,0,0,0,0,67301,0,0,0,,0,0,0,1,67301,0,,2,9,,,,,0,,0,0,0,0.0,0,Y,820,0,1,0,0,0,0,0,3,4,0,1,7,,N,,,,,,,,,,,
2008087593,1300,2,0,0,0,0,0,0,0,0,4,0,,67,5,2008,6,39.9491,-75.1557,1255.0,6,0,0,0,1,0,0,0,0,,0,0,0,12,1,1,1,,0,39 56:56.623,,0,75 09:20.444,4,0,0,0,67301,0,0,0,N,0,0,0,2,67301,1,,1,9,,N,N,,0,,0,0,0,3.0,3,,1245,1,2,0,0,0,0,0,3,4,0,2,7,5.0,N,,,,,,,,,,,
2008080635,1221,1,0,0,0,0,0,0,0,0,7,0,,67,7,2008,3,39.9559,-75.1417,1209.0,6,0,0,0,0,0,0,0,0,,0,0,0,12,1,0,0,,0,39 57:24.829,,2,75 08:41.188,0,0,0,0,67301,0,0,0,N,0,0,0,1,68K01,0,,2,1,,N,N,,0,,0,0,0,0.0,0,,1205,0,1,0,0,0,0,0,3,4,0,1,3,,N,,,,,,,,,,,
2008095449,2025,1,0,0,1,0,1,0,0,0,5,0,,67,6,2008,6,39.9737,-75.2123,2019.0,6,0,0,0,0,0,0,0,0,,0,0,0,8,1,1,0,,0,39 58:25.382,,0,75 12:44.190,2,0,0,0,67301,1,0,1,N,0,0,0,2,67301,0,,1,1,,N,N,,0,,0,1,0,0.0,0,,809,1,2,0,0,0,0,0,3,4,0,1,3,,N,,,,,,,,,,,
2008095473,1805,2,0,0,0,0,0,0,0,0,1,0,,67,7,2008,5,39.9484,-75.1623,1805.0,6,0,0,0,0,0,0,0,0,,0,0,0,17,1,1,0,,0,39 56:54.392,,0,75 09:44.136,8,0,0,0,67301,0,0,0,N,0,0,0,3,67301,0,,1,1,,N,N,,0,,0,0,0,0.0,0,,1740,1,2,0,0,0,1,0,3,4,0,2,3,,N,,,,,,,,,,,
2008095555,1620,0,0,0,0,0,0,0,0,0,1,0,,67,7,2008,2,39.9161,-75.239,1521.0,6,0,0,0,0,0,1,0,0,,0,0,0,15,1,2,1,,0,39 54:58.070,,0,75 14:20.244,4,0,0,0,67301,0,0,0,N,0,0,0,5,67301,2,,1,1,,N,N,,0,,0,0,2,3.0,2,,1517,2,2,0,0,1,0,0,3,4,0,2,3,,N,,,,,,,,,,,
2008080963,145,1,0,0,0,0,0,0,0,0,7,0,,67,7,2008,3,39.8899,-75.2394,141.0,6,0,0,0,0,0,0,0,0,,0,0,0,1,3,0,0,,0,39 53:23.764,,0,75 14:21.825,0,0,0,0,67301,0,0,0,Y,0,0,0,2,68K01,0,,7,1,,N,N,,0,,0,0,0,0.0,0,,137,0,1,0,0,0,0,0,3,4,0,1,3,,N,,,,,,,,,,,
2008095283,211,0,0,0,0,0,0,0,0,0,7,0,,67,6,2008,1,40.0926,-75.066,211.0,6,0,0,0,0,0,0,0,0,,0,0,0,2,3,0,1,,0,40 05:33.241,,0,75 03:57.765,9,0,0,0,67301,0,0,0,,0,0,0,1,67301,0,,5,9,,,N,,1,,0,0,0,9.0,2,,202,0,1,0,0,0,0,1,3,4,0,1,98,,N,,,,,,,,,,,