CRN,ARRIVAL_TM,AUTOMOBILE_COUNT,BELTED_DEATH_COUNT,BELTED_SUSP_SERIOUS_INJ_COUNT,BICYCLE_COUNT,BICYCLE_DEATH_COUNT,BICYCLE_SUSP_SERIOUS_INJ_COUNT,BUS_COUNT,CHLDPAS_DEATH_COUNT,CHLDPAS_SUSP_SERIOUS_INJ_COUNT,COLLISION_TYPE,COMM_VEH_COUNT,CONS_ZONE_SPD_LIM,COUNTY,CRASH_MONTH,CRASH_YEAR,DAY_OF_WEEK,DEC_LAT,DEC_LONG,DISPATCH_TM,DISTRICT,DRIVER_COUNT_16YR,DRIVER_COUNT_17YR,DRIVER_COUNT_18YR,DRIVER_COUNT_19YR,DRIVER_COUNT_20YR,DRIVER_COUNT_50_64YR,DRIVER_COUNT_65_74YR,DRIVER_COUNT_75PLUS,EST_HRS_CLOSED,FATAL_COUNT,HEAVY_TRUCK_COUNT,HORSE_BUGGY_COUNT,HOUR_OF_DAY,ILLUMINATION,INJURY_COUNT,INTERSECT_TYPE,INTERSECTION_RELATED,LANE_CLOSED,LATITUDE,LN_CLOSE_DIR,LOCATION_TYPE,LONGITUDE,MAX_SEVERITY_LEVEL,MCYCLE_DEATH_COUNT,MCYCLE_SUSP_SERIOUS_INJ_COUNT,MOTORCYCLE_COUNT,MUNICIPALITY,NONMOTR_COUNT,NONMOTR_DEATH_COUNT,NONMOTR_SUSP_SERIOUS_INJ_COUNT,NTFY_HIWY_MAINT,PED_COUNT,PED_DEATH_COUNT,PED_SUSP_SERIOUS_INJ_COUNT,PERSON_COUNT,POLICE_AGCY,POSSIBLE_INJ_COUNT,RDWY_SURF_TYPE_CD,RELATION_TO_ROAD,ROAD_CONDITION,ROADWAY_CLEARED,SCH_BUS_IND,SCH_ZONE_IND,SECONDARY_CRASH,SMALL_TRUCK_COUNT,SPEC_JURIS_CD,SUSP_MINOR_INJ_COUNT,SUSP_SERIOUS_INJ_COUNT,SUV_COUNT,TCD_FUNC_CD,TCD_TYPE,TFC_DETOUR_IND,TIME_OF_DAY,TOT_INJ_COUNT,TOTAL_UNITS,UNB_DEATH_COUNT,UNB_SUSP_SERIOUS_INJ_COUNT,UNBELTED_OCC_COUNT,UNK_INJ_DEG_COUNT,UNK_INJ_PER_COUNT,URBAN_AREA,URBAN_RURAL,VAN_COUNT,VEHICLE_COUNT,WEATHER1,WEATHER2,WORK_ZONE_IND,WORK_ZONE_LOC,WORK_ZONE_TYPE,WORKERS_PRES,WZ_CLOSE_DETOUR,WZ_FLAGGER,WZ_LAW_OFFCR_IND,WZ_LN_CLOSURE,WZ_MOVING,WZ_OTHER,WZ_SHLDER_MDN,WZ_WORKERS_INJ_KILLED
2008088225,1028,0,0,0,0,0,0,0,0,0,8,0,,67,6,2008,3,39.9505,-75.2269,1028.0,6,0,0,0,0,0,0,0,0,,0,0,0,10,1,1,1,,0,39 57:01.672,,0,75 13:36.676,4,0,0,0,67301,1,0,0,N,1,0,0,2,67301,1,,1,1,,N,N,,1,,0,0,0,0.0,0,,1025,1,2,0,0,0,0,0,3,4,0,1,3,,N,,,,,,,,,,,
2008088640,0,2,0,0,0,0,0,0,0,0,1,0,,67,1,2008,5,40.0055,-75.1053,0.0,6,0,0,0,0,0,1,0,0,,0,0,0,7,1,1,1,,0,40 00:19.800,,0,75 06:19.080,2,0,0,0,67301,0,0,0,N,0,0,0,2,00000,0,,1,1,,N,N,,0,,0,1,0,0.0,0,,745,1,2,0,0,0,0,1,3,4,0,2,3,,N,,,,,,,,,,,
2008097566,830,2,0,0,0,0,0,0,0,0,4,0,,67,7,2008,6,39.9705,-75.2342,825.0,6,0,0,0,0,0,0,0,0,,0,0,0,8,1,1,1,,0,39 58:13.810,,0,75 14:03.170,4,0,0,0,67301,0,0,0,,0,0,0,6,67301,1,,1,1,,N,N,,0,,0,0,0,3.0,2,,814,1,2,0,0,0,0,0,3,4,0,2,3,,N,,,,,,,,,,,
2008075772,1634,2,0,0,0,0,0,0,0,0,1,0,,67,6,2008,4,39.8991,-75.1681,1631.0,6,0,0,0,0,0,0,0,0,,0,0,0,16,1,1,0,,0,39 53:57.888,,0,75 09:55.600,4,0,0,0,67301,0,0,0,N,0,0,0,2,68K01,1,,1,1,,N,N,,0,,0,0,0,0.0,0,,1620,1,2,0,0,0,0,0,3,4,0,2,3,,N,,,,,,,,,,,
2008087832,1934,2,0,0,0,0,0,0,0,0,1,0,,67,5,2008,6,39.9763,-75.1783,1931.0,6,0,0,1,0,0,0,0,0,,0,0,0,19,1,0,0,,0,39 58:34.820,,0,75 10:42.052,0,0,0,0,67301,0,0,0,N,0,0,0,1,67301,0,,6,1,,N,N,,0,,0,0,0,0.0,0,,1931,0,2,0,0,0,0,0,3,4,0,2,3,,N,,,,,,,,,,,
2008087856,341,0,0,0,0,0,0,0,0,0,7,0,,67,6,2008,1,,,340.0,6,0,0,1,0,0,0,0,0,1.0,0,0,0,3,3,0,0,,1,,1.0,0,,0,0,0,0,67301,0,0,0,N,0,0,0,1,67301,0,,5,1,,N,N,,0,,0,0,1,0.0,0,Y,339,0,1,0,0,0,0,0,3,3,0,1,3,,N,,,,,,,,,,,
2008083255,1150,2,0,0,0,0,0,0,0,0,5,0,,67,5,2008,1,,,1147.0,6,0,0,0,0,0,0,0,0,3.0,0,0,0,99,1,1,0,,1,,3.0,0,,8,0,0,0,67301,0,0,0,,0,0,0,1,67301,0,,1,9,,,,,0,,0,0,0,0.0,0,Y,9999,1,2,0,0,0,1,0,3,3,0,2,7,,N,,,,,,,,,,,
2008083269,2347,0,0,0,0,0,0,0,0,0,8,0,,67,5,2008,1,39.9666,-75.1604,2346.0,6,0,0,0,0,0,0,0,0,,0,0,0,23,3,1,2,,0,39 57:59.739,,0,75 09:37.524,8,0,0,0,67301,1,0,0,N,1,0,0,2,67301,0,,1,1,,N,N,,0,,0,0,1,3.0,2,,2345,1,2,0,0,0,1,0,3,4,0,1,3,,N,,,,,,,,,,,
2008100549,411,0,0,0,0,0,0,1,0,0,7,1,,67,6,2008,4,39.9167,-75.1812,411.0,6,0,0,0,0,0,1,0,0,9.0,0,0,0,4,3,1,2,,2,39 55:00.228,5.0,0,75 10:52.435,2,0,0,0,67301,0,0,0,N,0,0,0,1,67301,0,,5,1,,N,N,,0,,0,1,0,3.0,2,Y,411,1,1,0,0,0,0,0,3,4,0,1,3,,N,,,,,,,,,,,
2008100582,817,1,0,0,0,0,0,0,0,0,8,0,,67,6,2008,2,40.0391,-75.1447,816.0,6,0,0,0,0,0,1,0,0,,0,0,0,8,1,1,1,,0,40 02:20.630,,0,75 08:41.050,4,0,0,0,67301,1,0,0,N,1,0,0,2,67301,1,,1,1,,N,N,,0,,0,0,0,3.0,2,,815,1,2,0,0,0,0,0,3,4,0,1,3,,N,,,,,,,,,,,
2008098206,1356,2,0,0,0,0,0,0,0,0,4,0,,67,7,2008,5,40.0242,-75.2149,1345.0,6,0,0,0,0,0,0,0,0,,0,0,0,13,1,1,0,,0,40 01:27.005,,0,75 12:53.553,8,0,0,0,67301,0,0,0,N,0,0,0,1,67301,0,,2,1,,N,N,,0,,0,0,1,0.0,0,,1345,1,3,0,0,0,1,0,3,4,0,3,3,,N,,,,,,,,,,,
2008098226,845,2,0,0,0,0,0,0,0,0,5,0,,67,7,2008,3,40.0299,-75.0851,835.0,6,0,1,0,0,0,0,0,0,,0,0,0,99,1,4,0,,0,40 01:47.504,,0,75 05:06.426,8,0,0,0,67301,0,0,0,N,0,0,0,7,67301,0,,1,1,,N,N,,0,,0,0,0,0.0,0,,9999,4,2,0,0,0,4,0,3,4,0,2,3,,N,,,,,,,,,,,
2008098299,2000,1,0,0,0,0,0,0,0,0,8,0,,67,7,2008,5,40.0418,-75.0751,1955.0,6,0,0,0,0,0,0,0,0,,0,0,0,19,1,1,0,,0,40 02:08.802,,0,75 04:51.204,4,0,0,0,67301,1,0,0,N,1,0,0,2,67301,1,,1,1,,N,N,,0,,0,0,0,0.0,0,,1900,1,2,0,0,0,0,0,3,4,0,1,3,,N,,,,,,,,,,,
2008091183,1557,0,0,0,0,0,0,0,0,0,5,1,,67,8,2008,6,39.958,-75.163,1550.0,6,0,0,0,0,0,0,0,0,1.0,0,1,0,15,1,1,0,,1,39 57:28.900,4.0,0,75 09:47.010,4,0,0,0,67301,0,0,0,N,0,0,0,2,68K01,1,,1,1,,N,N,,0,,0,0,1,0.0,0,N,1543,1,2,0,0,0,0,0,3,4,0,2,3,,N,,,,,,,,,,,
2008094853,1932,1,0,0,0,0,0,0,0,0,8,0,,67,7,2008,4,39.9958,-75.111,1930.0,6,0,0,0,0,0,0,0,0,,0,0,0,19,1,1,1,,0,39 59:44.962,,0,75 06:39.560,4,0,0,0,67301,1,0,0,N,1,0,0,2,67301,1,,1,1,,N,N,,0,,0,0,0,0.0,0,,1915,1,2,0,0,0,0,0,3,4,0,1,3,,N,,,,,,,,,,,
2008094890,1707,3,0,0,0,0,0,0,0,0,1,0,,67,6,2008,7,39.9221,-75.1812,1705.0,6,0,0,0,0,0,1,0,0,,0,0,0,16,1,1,1,,0,39 55:19.387,,0,75 10:52.226,3,0,0,0,67301,0,0,0,N,0,0,0,1,67301,0,,1,1,,N,N,,0,,1,0,1,9.0,3,,1645,1,4,0,0,1,0,0,3,4,0,4,3,,N,,,,,,,,,,,
2008094919,830,1,0,0,0,0,0,0,0,0,4,0,,67,6,2008,2,39.9503,-75.1658,830.0,6,0,0,0,0,0,0,0,0,,0,0,0,8,1,0,1,,0,39 57:01.144,,0,75 09:56.951,0,0,0,0,67301,0,0,0,N,0,0,0,2,67301,0,,1,1,,N,N,,0,,0,0,1,3.0,2,,828,0,2,0,0,0,0,0,3,4,0,2,3,,N,,,,,,,,,,,
2008079171,9999,2,0,0,0,0,0,0,0,0,4,0,,67,5,2008,1,40.0423,-75.0507,9999.0,6,0,0,1,0,0,1,0,0,,0,0,0,18,1,1,1,,0,40 02:32.323,,0,75 03:02.319,4,0,0,0,67301,0,0,0,N,0,0,0,3,67301,1,,1,1,,N,N,,0,,0,0,0,3.0,2,,1835,1,2,0,0,0,0,0,3,4,0,2,3,,N,,,,,,,,,,,
2008079231,905,1,0,0,1,0,0,0,0,0,8,0,,67,5,2008,3,39.956,-75.1606,855.0,6,0,0,0,0,0,0,0,0,,0,0,0,8,1,1,1,,0,39 57:21.499,,0,75 09:38.239,4,0,0,0,67301,1,0,0,N,0,0,0,2,67301,1,,1,9,,N,N,,0,,0,0,0,3.0,1,,848,1,2,0,0,0,0,0,3,4,0,1,3,,N,,,,,,,,,,,
2008098419,9999,1,0,0,0,0,0,0,0,0,1,0,,67,6,2008,6,40.0317,-75.0669,9999.0,6,0,0,0,0,0,0,0,0,9.0,0,0,0,23,2,0,1,,1,40 01:54.120,3.0,0,75 04:00.840,0,0,0,0,67301,0,0,0,N,0,0,0,1,67301,0,,2,1,,N,N,,1,,0,0,0,0.0,0,N,2340,0,2,0,0,0,0,0,3,4,0,2,99,,N,,,,,,,,,,,
2008098468,2006,1,0,0,0,0,0,0,0,0,1,0,,67,7,2008,3,40.035,-75.1455,2000.0,6,0,0,0,0,0,0,0,0,2.0,0,0,0,19,1,1,0,,1,40 02:05.771,1.0,0,75 08:43.881,4,0,0,0,67301,0,0,0,N,0,0,0,2,67301,1,,1,1,,N,N,,0,,0,0,1,0.0,0,N,1940,1,2,0,0,0,0,0,3,4,0,2,3,,N,,,,,,,,,,,
2008078855,1300,3,0,0,0,0,0,0,0,0,1,0,,67,6,2008,7,39.9485,-75.1856,1255.0,6,0,0,0,0,0,0,0,0,,0,0,0,12,1,1,6,,0,39 56:57.640,,2,75 11:03.870,4,0,0,0,67301,0,0,0,N,0,0,0,3,68K01,1,,1,1,,N,N,,0,,0,0,0,3.0,4,,1252,1,3,0,0,0,0,1,3,4,0,3,3,,N,,,,,,,,,,,
2008134427,1609,1,0,0,0,0,0,0,0,0,4,0,,67,10,2008,3,40.0341,-75.2084,1605.0,6,0,0,0,0,0,0,0,0,,0,0,0,15,1,1,2,,0,40 02:02.689,,0,75 12:30.292,8,0,0,0,67301,0,0,0,,0,0,0,3,67301,0,,1,9,,N,N,,1,,0,0,0,3.0,2,,1555,1,2,0,0,0,1,0,3,4,0,2,7,,N,,,,,,,,,,,
2008134482,330,1,0,0,0,0,0,0,0,0,7,0,,67,11,2008,7,39.9691,-75.1918,320.0,6,0,0,0,0,0,0,0,0,1.0,0,0,0,3,3,0,0,,2,39 58:12.931,4.0,0,75 11:33.836,0,0,0,0,67301,0,0,0,N,0,0,0,2,68K01,0,,3,1,,N,N,,0,,0,0,0,0.0,0,N,311,0,1,0,0,0,0,0,3,4,0,1,3,,N,,,,,,,,,,,
2008133825,1556,1,0,0,0,0,0,0,0,0,8,0,,67,10,2008,1,39.9972,-75.1802,1550.0,6,0,0,0,0,0,0,0,0,,0,0,0,15,1,2,2,,0,39 59:50.116,,0,75 10:48.664,4,0,0,0,67301,2,0,0,,2,0,0,3,67301,2,,1,1,,N,N,,0,,0,0,0,3.0,2,,1548,2,3,0,0,0,0,0,3,4,0,1,3,,N,,,,,,,,,,,
2008119307,1940,0,0,0,0,0,0,0,0,0,1,0,,67,9,2008,4,39.9687,-75.2326,1935.0,6,0,0,1,0,0,0,0,0,3.0,0,0,0,19,4,1,0,,2,39 58:07.492,7.0,0,75 13:57.392,3,0,0,1,67301,1,0,0,N,0,0,0,2,67301,0,,6,9,,N,N,,0,,1,0,0,0.0,0,N,1930,1,2,0,0,0,0,0,3,4,1,2,3,,N,,,,,,,,,,,
2008133610,1155,3,0,0,0,0,0,0,0,0,4,0,,67,11,2008,2,40.0945,-75.015,1155.0,6,0,0,0,0,0,1,0,0,2.0,0,0,0,11,1,5,1,,2,40 05:40.395,1.0,0,75 00:54.109,4,0,0,0,67301,0,0,0,N,0,0,0,5,67301,5,,1,1,,N,N,,0,,0,0,0,2.0,2,N,1155,5,3,0,0,0,0,0,3,4,0,3,3,,N,,,,,,,,,,,
2008133650,1228,1,0,0,0,0,0,0,0,0,4,0,,67,11,2008,5,40.0061,-75.1636,1225.0,6,0,0,0,0,0,0,0,0,,0,0,0,12,1,1,2,,0,40 00:22.078,,0,75 09:49.042,8,0,0,0,67301,0,0,0,N,0,0,0,3,67301,0,,1,9,,N,N,,1,,0,0,0,3.0,3,,1215,1,2,0,0,0,1,0,3,4,0,2,7,,N,,,,,,,,,,,
2008097968,1316,1,0,0,0,0,0,0,0,0,7,0,,67,7,2008,5,40.0932,-74.9624,1314.0,6,0,0,0,0,0,0,0,0,,0,0,0,13,1,0,0,,0,40 05:35.394,,0,74 57:44.481,9,0,0,0,67301,0,0,0,,0,0,0,1,67301,0,,4,9,,N,N,,0,,0,0,0,0.0,0,,1314,0,1,0,0,0,0,1,3,4,0,1,7,,N,,,,,,,,,,,
2008095448,2230,1,0,0,0,0,0,0,0,0,5,0,,67,6,2008,3,39.9579,-75.208,2228.0,6,0,0,0,0,0,0,0,0,2.0,0,0,0,22,3,1,0,,1,39 57:28.557,4.0,0,75 12:28.834,3,0,0,0,67301,0,0,0,N,0,0,0,2,67301,0,,1,1,,N,N,,0,,1,0,0,0.0,0,Y,2228,1,2,0,0,2,0,0,3,4,1,2,3,,N,,,,,,,,,,,
2008095551,1115,1,0,0,0,0,0,0,0,0,8,0,,67,8,2008,2,39.9947,-75.1355,1110.0,6,0,0,0,0,0,0,0,0,,0,0,0,10,1,1,0,,0,39 59:40.848,,0,75 08:07.792,3,0,0,0,67301,1,0,0,N,1,0,0,2,67301,0,,1,1,,N,N,,0,,1,0,0,0.0,0,,1030,1,2,0,0,0,0,0,3,4,0,1,3,,N,,,,,,,,,,,
2008090933,1844,1,0,0,0,0,0,0,0,0,5,0,,67,7,2008,6,39.9061,-75.1348,1844.0,6,0,0,0,1,0,1,0,0,,0,0,0,18,1,0,0,,0,39 54:22.081,,3,75 08:05.138,0,0,0,0,67301,0,0,0,N,0,0,0,3,67501,0,,1,1,,N,N,,0,,0,0,2,0.0,0,,1844,0,3,0,0,0,0,0,3,4,0,3,3,,N,,,,,,,,,,,
2008097619,1320,1,0,0,0,0,0,0,0,0,1,0,,67,7,2008,5,40.0316,-75.0633,1304.0,6,0,0,0,0,0,0,0,0,,0,0,0,13,1,1,1,,0,40 01:53.383,,0,75 03:47.426,8,0,0,0,67301,0,0,0,,0,0,0,2,67301,0,,1,1,,,,,1,,0,0,0,3.0,2,,1300,1,2,0,0,0,1,0,3,4,0,2,3,,N,,,,,,,,,,,
2008088413,1600,1,0,0,0,0,0,0,0,0,4,0,,67,6,2008,7,40.013,-75.1602,1552.0,6,0,0,0,0,0,1,0,0,1.0,0,0,0,15,1,3,0,,1,40 00:46.727,4.0,0,75 09:36.866,4,0,0,0,67301,0,0,0,,0,0,0,4,67301,3,,1,1,,,,,1,,0,0,0,0.0,0,N,1552,3,2,0,0,0,0,0,3,4,0,2,3,,N,,,,,,,,,,,
2008088176,1120,2,0,0,0,0,0,0,0,0,1,0,,67,6,2008,7,40.0316,-75.0633,1119.0,6,0,0,0,0,1,0,0,0,,0,0,0,11,1,1,5,,0,40 01:53.383,,0,75 03:47.426,4,0,0,0,67301,0,0,0,N,0,0,0,2,67301,1,,1,1,,N,N,,0,,0,0,0,3.0,2,,1117,1,2,0,0,0,0,0,3,4,0,2,3,,N,,,,,,,,,,,
2008088177,235,2,0,0,0,0,0,0,0,0,4,0,,67,6,2008,6,40.0289,-75.0859,231.0,6,0,0,0,0,0,0,0,0,,0,0,0,2,3,1,2,,0,40 01:43.906,,0,75 05:09.211,8,0,0,0,67301,0,0,0,,0,0,0,2,67301,0,,1,1,,,,,0,,0,0,0,3.0,3,,220,1,2,0,0,0,1,0,3,4,0,2,3,,N,,,,,,,,,,,
2008078082,814,1,0,0,0,0,0,0,0,0,1,0,,67,7,2008,3,40.0077,-75.0718,806.0,6,0,0,0,0,0,0,0,0,,0,0,0,8,1,0,0,,0,40 00:28.080,,0,75 04:17.760,0,0,0,0,67301,0,0,0,N,0,0,0,2,68K01,0,,1,1,,N,N,,0,,0,0,0,0.0,0,,802,0,2,0,0,0,0,0,3,4,1,2,3,,N,,,,,,,,,,,
2008088196,2025,1,0,0,0,0,0,0,0,0,1,0,,67,6,2008,4,39.9666,-75.2398,2025.0,6,0,0,0,0,0,0,0,0,1.0,0,0,0,20,4,2,1,,1,39 57:59.670,4.0,0,75 14:23.337,8,0,0,0,67301,0,0,0,N,0,0,0,3,67301,0,,1,9,,N,N,,0,,0,0,1,3.0,2,N,2020,2,2,0,0,0,2,0,3,4,0,2,7,,N,,,,,,,,,,,
2008085836,14,0,0,0,0,0,0,0,0,0,7,0,,67,7,2008,4,40.0163,-75.0515,2359.0,6,0,0,0,0,0,0,0,0,,0,0,0,23,3,0,0,,0,40 00:59.710,,0,75 03:03.050,0,0,0,0,67301,0,0,0,N,0,0,0,1,68K01,0,,2,9,,N,N,,0,,0,0,1,0.0,0,,2357,0,1,0,0,0,0,0,3,4,0,1,7,,N,,,,,,,,,,,
2008088069,1555,2,0,0,0,0,0,0,0,0,4,0,,67,6,2008,6,39.9849,-75.2368,1555.0,6,0,0,0,0,0,0,0,0,,0,0,0,15,1,0,5,,0,39 59:05.463,,0,75 14:12.638,0,0,0,0,67301,0,0,0,N,0,0,0,3,67301,0,,1,1,,N,N,,0,,0,0,0,3.0,2,,1540,0,2,0,0,3,0,0,3,4,0,2,3,,N,,,,,,,,,,,
2008088099,1404,1,0,0,0,0,0,0,0,0,2,0,,67,6,2008,2,40.0354,-75.0804,1402.0,6,0,0,0,0,0,0,0,1,,0,0,0,13,1,1,0,,0,40 02:07.411,,0,75 04:49.306,4,0,0,0,67301,0,0,0,,0,0,0,2,67301,1,,1,1,,,,,1,,0,0,0,0.0,0,,1350,1,2,0,0,0,0,0,3,4,0,2,3,,N,,,,,,,,,,,
2008098040,1416,1,0,0,0,0,0,0,0,0,1,0,,67,6,2008,2,39.9472,-75.2398,1413.0,6,0,0,0,0,0,0,0,0,,0,0,0,14,1,1,0,,0,39 56:49.822,,0,75 14:23.215,4,0,0,0,67301,0,0,0,N,0,0,0,2,67301,1,,1,1,,N,N,,0,,0,0,1,0.0,0,,1410,1,2,0,0,0,0,1,3,4,0,2,3,,N,,,,,,,,,,,
2008100503,1156,0,0,0,0,0,0,1,0,0,8,1,,67,6,2008,2,39.9536,-75.1732,1154.0,6,0,0,0,0,0,0,0,0,,1,0,0,11,1,0,1,,0,39 57:12.840,,0,75 10:23.682,1,0,0,0,67301,1,1,0,,1,1,0,2,67301,0,2.0,1,1,,N,N,,0,0.0,0,0,0,3.0,2,,1154,0,2,0,0,0,0,0,3,4,0,1,3,,N,,,,,,,,,,,
2008098202,1607,1,0,0,0,0,0,0,0,0,8,0,,67,7,2008,3,39.9847,-75.1323,1604.0,6,0,0,0,0,0,0,0,0,,0,0,0,15,1,1,5,,0,39 59:05.100,,0,75 07:55.950,3,0,0,0,67301,1,0,0,N,1,0,0,3,67301,0,,1,1,,N,N,,0,,1,0,0,3.0,2,,1556,1,2,0,0,0,0,0,3,4,0,1,3,,N,,,,,,,,,,,
2008096081,1607,2,0,0,1,0,0,0,0,0,5,0,,67,7,2008,5,39.9485,-75.1644,1602.0,6,0,0,0,0,0,0,0,0,,0,0,0,14,1,1,0,,0,39 56:54.461,,0,75 09:51.736,8,0,0,0,67301,1,0,0,,0,0,0,6,67301,0,,1,1,,N,N,,0,,0,0,0,0.0,0,,1445,1,3,0,0,1,1,0,3,4,0,2,3,,N,,,,,,,,,,,
2008078926,852,2,0,0,0,0,0,0,0,0,4,0,,67,5,2008,5,39.9728,-75.1799,850.0,6,0,0,0,0,0,1,0,0,1.0,0,0,0,8,1,1,1,,1,39 58:21.907,4.0,0,75 10:47.704,3,0,0,0,67301,0,0,0,,0,0,0,2,67301,0,,2,1,,N,N,,1,,1,0,0,3.0,3,N,830,1,3,0,0,0,0,0,3,4,0,3,3,,N,,,,,,,,,,,
2008098270,1928,1,0,0,0,0,0,0,0,0,4,0,,67,7,2008,4,40.0437,-75.0851,1928.0,6,0,0,1,0,0,1,0,0,9.0,0,0,0,19,1,0,1,,1,40 02:37.320,2.0,0,75 05:06.360,9,0,0,0,67301,0,0,0,N,0,0,0,3,67301,0,,1,1,,N,N,,0,,0,0,0,3.0,2,Y,1900,0,2,0,0,0,0,1,3,4,1,2,3,,N,,,,,,,,,,,
2008081416,2035,1,0,0,0,0,0,0,0,0,4,0,,67,4,2008,3,40.0535,-75.0616,2030.0,6,0,0,0,0,0,0,0,0,,0,0,0,20,3,0,0,,0,40 03:12.454,,0,75 03:41.934,0,0,0,0,67301,0,0,0,N,0,0,0,2,67301,0,,2,1,,N,Y,,0,,0,0,0,0.0,0,,2021,0,2,0,0,0,0,0,3,4,1,2,3,,N,,,,,,,,,,,
2008078956,1311,0,0,0,0,0,0,0,0,0,8,0,,67,5,2008,1,39.9699,-75.231,1303.0,6,0,0,0,0,0,1,0,0,,0,0,0,13,1,1,0,,0,39 58:11.672,,0,75 13:51.596,3,0,0,0,67301,1,0,0,N,1,0,0,2,67301,0,,1,1,,N,N,,1,,1,0,0,0.0,0,,1303,1,2,0,0,0,0,0,3,4,0,1,3,,N,,,,,,,,,,,
2008102043,2119,2,0,0,0,0,0,0,0,0,1,0,,67,8,2008,5,39.9682,-75.1302,2117.0,6,0,0,0,0,0,1,0,0,1.0,0,0,0,21,3,2,0,,2,39 58:03.470,2.0,0,75 07:55.535,4,0,0,0,67301,0,0,0,N,0,0,0,2,68K01,2,,1,1,,N,N,,0,,0,0,0,0.0,0,N,2114,2,2,0,0,0,0,0,3,4,0,2,3,,N,,,,,,,,,,,
2008096933,1530,2,0,0,0,0,0,0,0,0,1,0,,67,6,2008,7,40.0677,-75.1653,1522.0,6,0,0,0,0,0,0,0,0,,0,0,0,15,1,3,1,,0,40 04:03.742,,0,75 09:55.126,8,0,0,0,67301,0,0,0,N,0,0,0,3,67301,0,,1,1,,N,N,,0,,0,0,0,0.0,0,,1522,3,2,0,0,0,3,0,3,4,0,2,3,,N,,,,,,,,,,,
2008104860,1803,3,0,0,0,0,0,0,0,0,1,0,,67,8,2008,6,39.9787,-75.1102,1757.0,6,0,0,0,0,0,0,0,0,2.0,0,0,0,17,1,1,0,,2,39 58:46.429,2.0,0,75 06:27.840,4,0,0,0,67301,0,0,0,N,0,0,0,9,68K01,1,,1,1,,N,N,,0,,0,0,0,0.0,0,N,1755,1,3,0,0,1,0,0,3,4,0,3,3,,N,,,,,,,,,,,
2008092039,1412,0,1,0,0,0,0,0,0,0,0,1,,67,8,2008,5,39.9004,-75.1561,1401.0,6,0,0,0,0,0,1,0,0,3.0,1,1,0,13,1,1,0,,2,39 54:06.798,5.0,0,75 09:05.399,1,0,0,0,67301,0,0,0,N,0,0,0,4,68K01,1,1.0,1,1,,N,N,,0,0.0,0,0,1,0.0,0,N,1357,1,3,0,0,0,0,0,3,4,1,3,3,,N,,,,,,,,,,,
2008081829,1639,1,0,0,0,0,0,0,0,0,1,0,,67,7,2008,5,39.9004,-75.1567,1627.0,6,0,0,1,0,0,0,0,0,1.0,0,0,0,16,1,0,0,,1,39 54:13.320,1.0,0,75 09:00.978,0,0,0,0,67301,0,0,0,N,0,0,0,8,68K01,0,,1,1,,N,N,,0,,0,0,1,0.0,0,N,1621,0,2,0,0,0,0,0,3,4,0,2,3,,N,,,,,,,,,,,
2008073506,2312,1,0,0,1,0,0,0,0,0,5,0,,67,4,2008,6,39.9451,-75.1685,2309.0,6,0,0,0,0,0,0,0,0,,0,0,0,23,3,1,0,,0,39 56:42.218,,0,75 10:06.751,3,0,0,0,67301,1,0,0,,0,0,0,3,67301,0,,1,1,,,,,0,,1,0,0,0.0,0,,2305,1,2,0,0,0,0,0,3,4,0,1,3,,N,,,,,,,,,,,
2008127097,1445,1,0,0,0,0,0,0,0,0,6,0,,67,7,2008,4,39.9909,-75.1551,1435.0,6,0,0,0,0,0,0,0,0,,0,0,0,14,1,1,1,,0,39 59:27.061,,0,75 09:18.508,4,0,0,0,67301,0,0,0,N,0,0,0,2,67301,1,,1,1,,N,N,,1,,0,0,0,3.0,2,,1435,1,2,0,0,0,0,0,3,4,0,2,3,,N,,,,,,,,,,,
2008132437,1404,3,0,0,0,0,0,0,0,0,1,0,,67,11,2008,2,39.9667,-75.1877,1359.0,6,0,0,0,0,0,2,0,0,,0,0,0,13,1,1,0,,0,39 58:00.670,,0,75 11:16.540,4,0,0,0,67301,0,0,0,N,0,0,0,5,68K01,1,,1,1,,N,N,,1,,0,0,0,0.0,0,,1356,1,4,0,0,0,0,0,3,4,0,4,3,,N,,,,,,,,,,,
2008091364,1056,1,0,0,0,0,0,1,0,0,5,1,35.0,67,7,2008,4,39.9064,-75.1365,1055.0,6,0,0,0,0,0,0,1,0,,0,0,0,10,1,0,0,,0,39 54:23.172,,0,75 08:11.353,9,0,0,0,67301,0,0,0,N,0,0,0,2,67501,0,,1,1,,N,N,,0,,0,0,0,3.0,8,,1054,0,2,0,0,0,0,1,3,4,0,2,3,,Y,3.0,2.0,Y,U,U,N,Y,U,U,U,
2008081084,1500,2,0,0,0,0,0,0,0,0,1,0,,67,5,2008,3,40.0553,-75.0732,1451.0,6,0,0,0,0,0,0,0,0,,0,0,0,14,1,1,1,,0,40 03:19.172,,0,75 04:23.456,4,0,0,0,67301,0,0,0,,0,0,0,2,67301,1,,1,1,,N,Y,,0,,0,0,0,3.0,2,,1451,1,2,0,0,0,0,0,3,4,0,2,3,,N,,,,,,,,,,,