CRN,ARRIVAL_TM,AUTOMOBILE_COUNT,BELTED_DEATH_COUNT,BELTED_SUSP_SERIOUS_INJ_COUNT,BICYCLE_COUNT,BICYCLE_DEATH_COUNT,BICYCLE_SUSP_SERIOUS_INJ_COUNT,BUS_COUNT,CHLDPAS_DEATH_COUNT,CHLDPAS_SUSP_SERIOUS_INJ_COUNT,COLLISION_TYPE,COMM_VEH_COUNT,CONS_ZONE_SPD_LIM,COUNTY,CRASH_MONTH,CRASH_YEAR,DAY_OF_WEEK,DEC_LAT,DEC_LONG,DISPATCH_TM,DISTRICT,DRIVER_COUNT_16YR,DRIVER_COUNT_17YR,DRIVER_COUNT_18YR,DRIVER_COUNT_19YR,DRIVER_COUNT_20YR,DRIVER_COUNT_50_64YR,DRIVER_COUNT_65_74YR,DRIVER_COUNT_75PLUS,EST_HRS_CLOSED,FATAL_COUNT,HEAVY_TRUCK_COUNT,HORSE_BUGGY_COUNT,HOUR_OF_DAY,ILLUMINATION,INJURY_COUNT,INTERSECT_TYPE,INTERSECTION_RELATED,LANE_CLOSED,LATITUDE,LN_CLOSE_DIR,LOCATION_TYPE,LONGITUDE,MAX_SEVERITY_LEVEL,MCYCLE_DEATH_COUNT,MCYCLE_SUSP_SERIOUS_INJ_COUNT,MOTORCYCLE_COUNT,MUNICIPALITY,NONMOTR_COUNT,NONMOTR_DEATH_COUNT,NONMOTR_SUSP_SERIOUS_INJ_COUNT,NTFY_HIWY_MAINT,PED_COUNT,PED_DEATH_COUNT,PED_SUSP_SERIOUS_INJ_COUNT,PERSON_COUNT,POLICE_AGCY,POSSIBLE_INJ_COUNT,RDWY_SURF_TYPE_CD,RELATION_TO_ROAD,ROAD_CONDITION,ROADWAY_CLEARED,SCH_BUS_IND,SCH_ZONE_IND,SECONDARY_CRASH,SMALL_TRUCK_COUNT,SPEC_JURIS_CD,SUSP_MINOR_INJ_COUNT,SUSP_SERIOUS_INJ_COUNT,SUV_COUNT,TCD_FUNC_CD,TCD_TYPE,TFC_DETOUR_IND,TIME_OF_DAY,TOT_INJ_COUNT,TOTAL_UNITS,UNB_DEATH_COUNT,UNB_SUSP_SERIOUS_INJ_COUNT,UNBELTED_OCC_COUNT,UNK_INJ_DEG_COUNT,UNK_INJ_PER_COUNT,URBAN_AREA,URBAN_RURAL,VAN_COUNT,VEHICLE_COUNT,WEATHER1,WEATHER2,WORK_ZONE_IND,WORK_ZONE_LOC,WORK_ZONE_TYPE,WORKERS_PRES,WZ_CLOSE_DETOUR,WZ_FLAGGER,WZ_LAW_OFFCR_IND,WZ_LN_CLOSURE,WZ_MOVING,WZ_OTHER,WZ_SHLDER_MDN,WZ_WORKERS_INJ_KILLED
2008108345,649,1,0,0,0,0,0,0,0,0,5,0,,67,8,2008,1,40.0698,-75.2408,646.0,6,0,0,0,0,0,0,0,0,9.0,0,0,0,6,1,2,0,,1,40 04:12.570,1.0,7,75 14:27.230,3,0,0,0,67301,0,0,0,,0,0,0,2,67301,0,,1,1,,,,,1,,2,0,0,2.0,2,Y,630,2,2,0,0,0,0,0,3,4,0,2,3,,N,,,,,,,,,,,
2008094927,1335,1,0,0,0,0,0,0,0,0,4,0,,67,6,2008,6,39.9547,-75.1495,1325.0,6,0,0,0,0,0,0,0,0,,0,0,0,13,1,1,1,,0,39 57:16.782,,0,75 08:58.276,3,0,0,0,67301,0,0,0,,0,0,0,3,67301,0,,1,1,,,,,1,,1,0,0,9.0,2,,1320,1,2,0,0,0,0,0,3,4,0,2,3,,N,,,,,,,,,,,
2008079228,824,2,0,0,0,0,0,0,0,0,4,0,,67,5,2008,3,40.0403,-75.0585,822.0,6,0,0,0,0,1,0,0,0,1.0,0,0,0,8,1,2,5,,1,40 02:25.164,1.0,0,75 03:30.735,8,0,0,0,67301,0,0,0,N,0,0,0,3,67301,0,,1,1,,N,N,,0,,0,0,0,3.0,2,N,822,2,2,0,0,0,2,1,3,4,0,2,3,,N,,,,,,,,,,,
2008100905,1236,2,0,0,0,0,0,0,0,0,1,0,,67,7,2008,5,39.8931,-75.2359,1235.0,6,0,0,0,0,0,0,0,0,,0,0,0,12,1,3,2,,0,39 53:34.840,,2,75 14:08.155,4,0,0,0,67301,0,0,0,,0,0,0,4,67301,3,,1,1,,,,,0,,0,0,0,0.0,0,,1214,3,3,0,0,0,0,0,3,4,0,3,3,,N,,,,,,,,,,,
2008098407,1401,1,0,0,0,0,0,0,0,0,5,0,,67,7,2008,2,39.9151,-75.2446,341.0,6,0,0,0,0,0,0,0,0,,0,0,0,13,1,1,1,,0,39 54:54.403,,0,75 14:40.590,4,0,0,0,67301,0,0,0,,0,0,0,4,67301,1,,1,1,,N,N,,1,,0,0,0,0.0,0,,1341,1,2,0,0,0,0,0,3,4,0,2,3,,N,,,,,,,,,,,
2008098171,1810,2,0,0,0,0,0,0,0,0,5,0,,67,7,2008,5,40.0588,-75.0442,1757.0,6,0,0,0,0,0,0,0,0,1.0,0,0,0,17,1,1,5,,1,40 03:31.188,1.0,0,75 02:39.382,4,0,0,0,67301,0,0,0,N,0,0,0,2,67301,1,,1,1,,N,N,,0,,0,0,0,3.0,2,N,1755,1,2,0,0,0,0,0,3,4,0,2,3,,N,,,,,,,,,,,
2008134406,1350,1,0,0,0,0,0,0,0,0,8,0,,67,10,2008,2,39.9461,-75.2421,1258.0,6,0,0,0,0,0,0,0,0,,0,0,0,12,1,1,1,,0,39 56:45.881,,0,75 14:31.460,4,0,0,0,67301,1,0,0,N,1,0,0,2,67301,1,,1,1,,N,N,,0,,0,0,0,3.0,2,,1220,1,2,0,0,0,0,1,3,4,0,1,3,,N,,,,,,,,,,,
2008119285,353,0,0,0,0,0,0,0,0,0,4,0,,67,8,2008,7,39.9858,-75.1645,350.0,6,0,0,0,0,0,0,0,0,3.0,0,0,0,3,3,0,1,,2,39 59:08.822,1.0,0,75 09:52.289,0,0,0,0,67301,0,0,0,N,0,0,0,4,67301,0,,1,1,,N,N,,0,,0,0,1,3.0,2,N,350,0,2,0,0,0,0,0,3,4,1,2,3,,N,,,,,,,,,,,
2008118967,1347,2,0,0,0,0,0,0,0,0,1,0,,67,9,2008,2,,,1345.0,6,0,0,0,0,0,1,0,0,2.0,0,0,0,13,1,0,0,,1,,3.0,0,,0,0,0,0,67301,0,0,0,N,0,0,0,3,67301,0,,1,1,,N,N,,0,,0,0,0,0.0,0,N,1345,0,2,0,0,0,0,0,3,3,0,2,3,,N,,,,,,,,,,,
2008095669,1553,1,0,0,0,0,0,0,0,0,8,0,,67,7,2008,4,39.9512,-75.172,1551.0,6,0,0,0,0,0,0,0,0,,0,0,0,13,1,1,0,,0,39 57:04.447,,0,75 10:19.175,4,0,0,0,67301,1,0,0,N,1,0,0,2,67301,1,,6,1,,N,N,,0,,0,0,0,0.0,0,,1315,1,2,0,0,0,0,1,3,4,0,1,3,,N,,,,,,,,,,,
2008095688,1950,2,0,0,0,0,0,0,0,0,2,0,,67,7,2008,4,40.0141,-75.1404,1945.0,6,0,0,1,0,0,1,0,0,1.0,0,0,0,19,1,3,1,,1,40 00:50.713,4.0,0,75 08:25.529,4,0,0,0,67301,0,0,0,N,0,0,0,4,67301,3,,1,9,,N,N,,0,,0,0,0,3.0,3,N,1940,3,2,0,0,0,0,0,3,4,0,2,7,,N,,,,,,,,,,,
2008095536,22,1,0,0,0,0,0,0,0,0,5,0,,67,6,2008,1,39.9567,-75.1389,22.0,6,0,0,0,0,0,0,0,0,2.0,0,0,0,0,3,1,0,,1,39 57:24.146,2.0,0,75 08:19.974,2,0,1,1,67301,0,0,0,N,0,0,0,2,67301,0,,1,1,,N,N,,0,,0,1,0,0.0,0,N,20,1,2,0,0,0,0,0,3,4,0,2,3,,N,,,,,,,,,,,
2008095541,2155,3,0,0,0,0,0,0,0,0,1,0,,67,6,2008,4,40.117,-75.0113,2149.0,6,0,0,0,0,0,0,0,0,,0,0,0,21,3,0,0,,0,40 07:01.070,,0,75 00:40.748,0,0,0,0,67301,0,0,0,N,0,0,0,3,67301,0,,6,1,,N,N,,0,,0,0,0,0.0,0,,2140,0,3,0,0,0,0,0,3,4,0,3,3,,N,,,,,,,,,,,
2008088410,1950,0,0,0,0,0,0,0,0,0,8,0,,67,5,2008,2,40.002,-75.1561,1943.0,6,0,0,0,0,0,0,0,0,,0,0,0,19,1,1,1,,0,40 00:07.205,,0,75 09:21.826,8,0,0,0,67301,1,0,0,,1,0,0,2,67301,0,,1,1,,,,,0,,0,0,0,9.0,2,,1930,1,2,0,0,0,1,1,3,4,0,1,3,,N,,,,,,,,,,,
2008088415,2145,0,0,0,0,0,0,0,0,0,8,0,,67,6,2008,7,40.0187,-75.1509,2137.0,6,0,0,0,0,0,0,0,0,,0,0,0,21,3,1,1,,0,40 01:07.287,,0,75 09:03.103,8,0,0,0,67301,1,0,0,,1,0,0,2,67301,0,,1,1,,N,N,,0,,0,0,1,3.0,3,,2107,1,2,0,0,0,1,1,3,4,0,1,3,,N,,,,,,,,,,,
2008088422,9999,1,0,0,1,0,0,0,0,0,4,0,,67,6,2008,5,40.0003,-75.1556,9999.0,6,0,0,0,0,0,0,0,1,,0,0,0,99,1,1,2,,0,40 00:01.090,,0,75 09:20.336,4,0,0,0,67301,1,0,0,N,0,0,0,2,67301,1,,1,1,,N,N,,0,,0,0,0,0.0,0,,9999,1,2,0,0,1,0,0,3,4,0,1,3,,N,,,,,,,,,,,
2008095238,9999,1,0,0,0,0,0,0,0,0,4,0,,67,7,2008,7,39.8836,-75.2515,9999.0,6,0,0,0,0,0,0,0,0,,0,0,0,14,1,1,2,,0,39 53:01.172,,0,75 15:05.813,3,0,0,0,67301,0,0,0,,0,0,0,2,67301,0,,1,1,,N,N,,0,,1,0,0,3.0,2,,1400,1,2,0,0,0,0,0,3,4,1,2,3,,N,,,,,,,,,,,
2008095278,1047,1,0,0,1,0,0,0,0,0,5,0,,67,8,2008,1,40.0223,-75.2184,1042.0,6,0,0,0,0,0,0,0,0,1.0,0,0,0,10,1,1,0,,1,40 01:20.190,5.0,0,75 13:06.214,4,0,0,0,67301,1,0,0,N,0,0,0,2,67301,1,,6,1,,N,N,,0,,0,0,0,0.0,0,N,1038,1,2,0,0,0,0,0,3,4,0,1,3,,N,,,,,,,,,,,
2008088233,536,1,0,0,0,0,0,0,0,0,1,0,,67,6,2008,4,39.9803,-75.1284,531.0,6,0,0,0,0,0,0,0,0,,0,0,0,5,1,1,0,,0,39 58:49.121,,0,75 07:42.117,8,0,0,0,67301,0,0,0,N,0,0,0,1,67301,0,,6,1,,N,N,,1,,0,0,0,0.0,0,,529,1,2,0,0,0,1,0,3,4,0,2,3,,N,,,,,,,,,,,
2008085837,1802,1,0,0,0,0,0,0,0,0,7,0,,67,7,2008,7,39.994,-75.1992,1759.0,6,0,0,0,0,0,0,0,0,1.0,0,0,0,17,1,2,0,,1,39 59:41.540,3.0,0,75 11:53.860,8,0,0,0,67301,0,0,0,Y,0,0,0,3,68K01,0,,3,1,,N,N,,0,,0,0,1,0.0,0,N,1757,2,2,0,0,0,2,0,3,4,0,2,3,,N,,,,,,,,,,,
2008087977,1404,1,0,0,0,0,0,0,0,0,6,0,,67,6,2008,6,39.9403,-75.1728,1402.0,6,0,0,0,0,0,0,0,0,,0,0,0,13,1,2,1,,0,39 56:25.195,,0,75 10:21.993,4,0,0,0,67301,0,0,0,N,0,0,0,3,67301,2,,1,1,,N,N,,0,,0,0,1,3.0,3,,1344,2,2,0,0,0,0,0,3,4,0,2,3,,N,,,,,,,,,,,
2008088062,1850,2,0,0,0,0,0,0,0,0,7,0,,67,6,2008,2,40.0651,-75.0836,1844.0,6,0,0,0,0,0,0,0,0,,0,0,0,18,1,0,0,,0,40 03:54.445,,0,75 05:00.824,9,0,0,0,67301,0,0,0,,0,0,0,2,67301,0,,5,1,,,,,0,,0,0,0,0.0,0,,1828,0,2,0,0,0,0,2,3,4,0,2,3,,N,,,,,,,,,,,
2008088077,855,1,0,0,1,0,0,0,0,0,5,0,,67,6,2008,5,39.9394,-75.161,851.0,6,0,0,0,0,0,0,0,0,,0,0,0,8,1,1,1,,0,39 56:21.768,,0,75 09:39.679,4,0,0,0,67301,1,0,0,,0,0,0,2,67301,1,,1,1,,,,,0,,0,0,0,3.0,2,,850,1,2,0,0,0,0,0,3,4,0,1,3,,N,,,,,,,,,,,
2008087871,917,1,0,0,0,0,0,0,0,0,8,0,,67,5,2008,5,39.9821,-75.108,915.0,6,0,0,0,0,0,0,0,0,,0,0,0,9,1,1,2,,0,39 58:55.718,,0,75 06:28.677,4,0,0,0,67301,1,0,0,,1,0,0,3,67301,1,,1,1,,,,,0,,0,0,0,0.0,0,,909,1,2,0,0,0,0,0,3,4,0,1,3,,N,,,,,,,,,,,
2008085433,1231,0,0,0,0,0,0,0,0,0,8,0,,67,7,2008,6,39.9507,-75.1718,1152.0,6,0,0,0,0,0,0,0,0,,0,0,0,11,1,1,0,,0,39 57:02.430,,0,75 10:18.480,8,0,0,0,67301,1,0,0,N,1,0,0,4,68K01,0,,6,1,,N,N,,0,,0,0,1,0.0,0,,1148,1,2,0,0,0,1,0,3,4,0,1,3,,N,,,,,,,,,,,
2008081008,9999,1,0,0,1,0,0,0,0,0,4,0,,67,5,2008,4,40.066,-74.9849,9999.0,6,0,0,0,0,0,0,0,0,,0,0,0,99,1,1,2,,0,40 03:57.571,,0,74 59:05.474,4,0,0,0,67301,1,0,0,N,0,0,0,2,67301,1,,1,9,,N,N,,0,,0,0,0,3.0,3,,9999,1,2,0,0,0,0,0,3,4,0,1,3,,N,,,,,,,,,,,
2008098032,159,0,0,0,1,0,0,0,0,0,4,0,,67,7,2008,5,39.9715,-75.1594,159.0,6,0,0,0,0,0,0,1,0,1.0,0,0,0,1,3,1,0,,2,39 58:17.398,1.0,0,75 09:33.695,4,0,0,0,67301,1,0,0,N,0,0,0,2,67301,1,,1,1,,N,N,,1,,0,0,0,3.0,2,Y,159,1,2,0,0,0,0,0,3,4,0,1,3,,N,,,,,,,,,,,
2008098038,349,2,0,0,0,0,0,0,0,0,4,0,,67,7,2008,4,39.9557,-75.2156,349.0,6,0,0,0,0,1,0,0,0,,0,0,0,3,3,3,1,,0,39 57:20.650,,0,75 12:56.102,4,0,0,0,67301,0,0,0,N,0,0,0,4,67301,2,,1,9,,N,N,,0,,0,0,0,3.0,2,,335,3,2,0,0,0,1,1,3,4,0,2,3,,N,,,,,,,,,,,
2008095570,1350,2,0,0,0,0,0,0,0,0,4,0,,67,6,2008,1,39.9579,-75.2142,1345.0,6,0,0,0,0,0,0,0,0,,0,0,0,13,1,1,1,,0,39 57:28.299,,0,75 12:51.119,8,0,0,0,67301,0,0,0,N,0,0,0,3,67301,0,,1,1,,N,N,,0,,0,0,0,3.0,3,,1340,1,2,0,0,0,1,0,3,4,0,2,3,,N,,,,,,,,,,,
2008098237,841,0,0,0,0,0,0,0,0,0,1,0,,67,7,2008,6,40.0264,-75.2062,833.0,6,0,0,0,0,0,1,0,0,,0,0,0,8,1,1,2,,0,40 01:35.115,,0,75 12:22.485,4,0,0,1,67301,0,0,0,N,0,0,0,2,67301,1,,1,1,,N,N,,1,,0,0,0,3.0,3,,830,1,2,0,0,0,0,0,3,4,0,2,3,,N,,,,,,,,,,,
2008098266,18,1,0,0,0,0,0,0,0,0,4,0,,67,7,2008,6,40.0161,-75.0936,18.0,6,0,0,0,0,0,0,0,0,,0,0,0,99,3,2,2,,0,40 00:57.963,,0,75 05:37.067,8,0,0,0,67301,0,0,0,N,0,0,0,3,67301,0,,1,1,,N,N,,0,,0,0,1,3.0,3,,9999,2,2,0,0,2,2,1,3,4,0,2,3,,N,,,,,,,,,,,
2008091708,1133,1,0,0,0,0,0,0,0,0,0,1,,67,8,2008,2,39.9421,-75.1939,1133.0,6,0,0,0,0,0,0,0,0,,0,1,0,11,1,0,0,,0,39 56:38.660,,0,75 11:30.959,0,0,0,0,67301,0,0,0,N,0,0,0,2,68K01,0,,1,1,,N,N,,0,,0,0,0,0.0,0,,1120,0,2,0,0,0,0,0,3,4,0,2,3,,N,,,,,,,,,,,
2008095845,542,1,0,0,0,0,0,0,0,0,7,0,,67,8,2008,6,39.9631,-75.1396,542.0,6,0,0,0,0,0,0,0,0,,0,0,0,5,5,0,0,,0,39 57:53.279,,2,75 08:16.889,0,0,0,0,67301,0,0,0,N,0,0,0,1,68K01,0,,7,1,,N,N,,0,,0,0,0,0.0,0,,534,0,1,0,0,0,0,0,3,4,0,1,3,,N,,,,,,,,,,,
2008081417,1259,2,0,0,0,0,0,0,0,0,4,0,,67,5,2008,2,39.9835,-75.2471,1251.0,6,0,0,0,0,0,1,0,0,,0,0,0,12,1,2,1,,0,39 58:55.472,,0,75 14:48.639,4,0,0,0,67301,0,0,0,N,0,0,0,4,67301,2,,1,1,,N,N,,0,,0,0,0,3.0,2,,1250,2,2,0,0,0,0,0,3,4,0,2,3,,N,,,,,,,,,,,
2008070751,2350,2,0,0,0,0,0,0,0,0,5,0,,67,4,2008,4,40.0349,-75.0347,2338.0,6,0,0,0,0,0,0,0,0,,0,0,0,21,3,1,2,,0,40 02:05.719,,0,75 02:04.858,4,0,0,0,67301,0,0,0,N,0,0,0,1,67301,1,,2,1,,N,N,,1,,0,0,0,9.0,3,,2100,1,3,0,0,0,0,0,3,4,0,3,3,,N,,,,,,,,,,,
2008070755,1311,2,0,0,0,0,0,0,0,0,4,0,,67,4,2008,4,39.9568,-75.2337,1310.0,6,0,0,0,0,0,2,0,0,,0,0,0,13,1,0,1,,0,39 57:24.523,,0,75 14:01.481,0,0,0,0,67301,0,0,0,,0,0,0,2,67301,0,,1,1,,,,,0,,0,0,0,3.0,3,,1310,0,2,0,0,0,0,0,3,4,0,2,3,,N,,,,,,,,,,,
2008097248,1735,2,0,0,0,0,0,0,0,0,1,0,,67,7,2008,6,40.0329,-75.1777,1730.0,6,0,0,0,0,0,0,0,0,,0,0,0,17,1,1,2,,0,40 01:58.350,,0,75 10:39.881,8,0,0,0,67301,0,0,0,,0,0,0,3,67301,0,,1,1,,,,,0,,0,0,0,0.0,0,,1730,1,2,0,0,0,1,0,3,4,0,2,3,,N,,,,,,,,,,,
2008070799,1428,2,0,0,0,0,0,0,0,0,4,0,,67,4,2008,1,39.9504,-75.2453,1421.0,6,0,0,0,0,0,0,1,0,,0,0,0,14,1,1,1,,0,39 57:01.504,,0,75 14:42.907,4,0,0,0,67301,0,0,0,N,0,0,0,3,67301,1,,1,1,,N,N,,0,,0,0,0,1.0,3,,1421,1,2,0,0,0,0,0,3,4,0,2,3,,N,,,,,,,,,,,
2008094743,1829,2,0,0,0,0,0,0,0,0,1,0,,67,8,2008,4,39.9573,-75.1572,1826.0,6,0,0,0,0,0,0,0,0,1.0,0,0,0,18,1,1,0,,1,39 57:26.104,4.0,0,75 09:25.859,8,0,0,0,67301,0,0,0,N,0,0,0,2,68K01,0,,1,1,,N,N,,0,,0,0,0,0.0,0,N,1822,1,2,0,0,0,1,0,3,4,0,2,3,,N,,,,,,,,,,,
2008120706,825,1,0,0,0,0,0,0,0,0,8,0,,67,9,2008,2,40.0436,-75.1374,825.0,6,0,0,0,0,0,0,0,0,,0,0,0,19,1,1,1,,0,40 02:37.064,,0,75 08:14.625,4,0,0,0,67301,1,0,0,N,1,0,0,2,67301,1,,1,1,,N,N,,0,,0,0,0,3.0,2,,1930,1,2,0,0,0,0,1,3,4,0,1,3,,N,,,,,,,,,,,
2008120810,2041,2,0,0,0,0,0,0,0,0,4,0,,67,9,2008,6,39.9733,-75.2348,2038.0,6,0,0,0,0,0,0,0,0,,0,0,0,20,3,1,1,,0,39 58:24.024,,0,75 14:05.125,8,0,0,0,67301,0,0,0,N,0,0,0,5,67301,0,,1,9,,N,N,,1,,0,0,0,3.0,2,,2034,1,3,0,0,0,1,0,3,4,0,3,7,,N,,,,,,,,,,,
2008108671,1417,2,0,0,0,0,0,0,0,0,5,0,,67,8,2008,7,39.9246,-75.2331,9999.0,6,0,0,0,0,0,0,0,0,9.0,0,0,0,14,1,1,0,,1,39 55:28.390,1.0,0,75 13:59.206,4,0,0,0,67301,0,0,0,,0,0,0,2,67301,1,,1,1,,,,,0,,0,0,0,0.0,0,Y,1400,1,2,0,0,2,0,0,3,4,0,2,3,,N,,,,,,,,,,,
2008108687,1532,2,0,0,0,0,0,0,0,0,5,0,,67,8,2008,1,39.9987,-75.1669,1530.0,6,0,0,0,0,0,1,0,1,,0,0,0,15,1,0,1,,0,39 59:55.345,,0,75 10:00.947,0,0,0,0,67301,0,0,0,,0,0,0,2,67301,0,,1,1,,,,,0,,0,0,0,0.0,0,,1530,0,2,0,0,2,0,0,3,4,0,2,3,,N,,,,,,,,,,,
2008118640,9999,2,0,0,0,0,0,0,0,0,1,0,,67,9,2008,6,40.08,-74.9973,9999.0,6,0,0,0,0,0,0,0,0,,0,0,0,8,1,1,1,,0,40 04:48.000,,0,74 59:50.280,4,0,0,0,67301,0,0,0,N,0,0,0,2,67301,1,,1,1,,N,N,,0,,0,0,0,3.0,2,,820,1,2,0,0,0,0,0,3,4,0,2,3,,N,,,,,,,,,,,
2008121257,2334,2,0,0,0,0,0,0,0,0,1,0,,67,9,2008,5,40.0374,-75.1909,2326.0,6,0,0,0,0,0,0,0,0,,0,0,0,23,3,1,1,,0,40 02:14.460,,0,75 11:27.412,4,0,0,0,67301,0,0,0,N,0,0,0,2,67301,1,,1,9,,N,N,,0,,0,0,0,3.0,2,,2324,1,2,0,0,2,0,0,3,4,0,2,7,,N,,,,,,,,,,,
2008116401,933,2,0,0,0,0,0,0,0,0,4,0,,67,8,2008,7,40.0189,-75.0495,933.0,6,0,0,0,0,0,0,0,0,3.0,1,0,0,9,1,2,1,,2,40 01:08.120,4.0,0,75 02:58.217,1,0,0,0,67301,0,0,0,,0,0,0,5,67301,1,2.0,1,1,,,,,0,0.0,0,0,0,3.0,3,Y,915,2,2,0,0,0,1,0,3,4,0,2,3,,N,,,,,,,,,,,
2008099248,2148,2,0,0,0,0,0,0,0,0,6,0,,67,6,2008,6,40.0498,-75.1505,2145.0,6,0,0,0,0,0,0,0,0,,0,0,0,21,3,1,0,,0,40 02:59.230,,0,75 09:01.853,4,0,0,0,67301,0,0,0,N,0,0,0,3,67301,1,,6,1,,N,N,,0,,0,0,0,3.0,2,,2145,1,2,0,0,3,0,1,3,4,0,2,3,,N,,,,,,,,,,,
2008069248,1415,2,0,0,0,0,0,0,0,0,4,0,,67,4,2008,7,39.9919,-75.1797,1410.0,6,0,0,0,0,0,1,0,0,,0,0,0,99,1,1,0,,0,39 59:30.960,,7,75 10:46.876,4,0,0,0,67301,0,0,0,,0,0,0,3,67301,1,,1,1,,,,,0,,0,0,1,0.0,0,,9999,1,3,0,0,0,0,0,3,4,0,3,3,,N,,,,,,,,,,,
2008101282,1601,0,0,0,0,0,0,0,0,0,0,0,,67,8,2008,5,39.9264,-75.1469,1554.0,6,0,0,0,0,0,1,0,0,,0,0,0,15,1,0,0,,0,39 55:30.231,,0,75 08:50.016,0,0,0,0,67301,0,0,0,N,0,0,0,2,68K01,0,,1,1,,N,N,,1,,0,0,1,0.0,0,,1546,0,2,0,0,0,0,0,3,4,0,2,3,,N,,,,,,,,,,,
2008108614,1937,0,0,0,0,0,0,0,0,0,2,0,,67,8,2008,7,40.0496,-75.1013,1933.0,6,0,0,0,0,0,0,0,0,,0,0,0,19,3,1,1,,0,40 02:58.394,,0,75 06:04.777,3,0,0,1,67301,0,0,0,,0,0,0,2,67301,0,,1,1,,N,N,,1,,1,0,0,0.0,0,,1930,1,2,0,0,0,0,0,3,4,0,2,3,,N,,,,,,,,,,,
2008101527,1643,1,0,0,0,0,0,0,0,0,7,0,,67,9,2008,7,39.9318,-75.1998,1642.0,6,0,0,0,0,0,0,0,0,1.0,0,0,0,16,1,0,0,,1,39 55:56.740,4.0,0,75 12:00.040,0,0,0,0,67301,0,0,0,Y,0,0,0,5,68K01,0,,3,9,,N,N,,0,,0,0,0,0.0,0,N,1640,0,1,0,0,0,0,0,3,4,0,1,7,,N,,,,,,,,,,,
2008098699,730,2,0,0,0,0,0,0,0,0,5,0,,67,6,2008,2,39.9526,-75.19,725.0,6,0,0,0,0,0,0,0,0,,0,0,0,7,1,1,1,,0,39 57:09.205,,0,75 11:24.106,8,0,0,0,67301,0,0,0,N,0,0,0,3,67301,0,,1,1,,N,N,,0,,0,0,0,0.0,0,,721,1,2,0,0,0,1,0,3,4,0,2,3,,N,,,,,,,,,,,
2008071925,1816,0,0,0,0,0,0,0,0,0,4,0,,67,4,2008,6,40.0152,-75.1498,1814.0,6,0,0,0,0,0,1,0,0,2.0,0,0,0,18,1,1,1,,1,40 00:54.720,2.0,0,75 08:59.280,8,0,0,1,67301,0,0,0,N,0,0,0,2,67301,0,,1,1,,N,N,,1,,0,0,0,3.0,2,Y,1804,1,2,0,0,0,1,0,3,4,0,2,3,,N,,,,,,,,,,,
2008069468,1642,1,0,0,0,0,0,0,0,0,8,0,,67,4,2008,2,40.0992,-74.9954,1636.0,6,0,0,0,0,0,0,0,0,,0,0,0,16,1,1,1,,0,40 05:57.235,,0,74 59:43.576,8,0,0,0,67301,1,0,0,N,1,0,0,2,67301,0,,1,1,,N,N,,0,,0,0,0,3.0,2,,1636,1,2,0,0,0,1,0,3,4,0,1,3,,N,,,,,,,,,,,
2008069471,1235,2,0,0,0,0,0,0,0,0,5,0,,67,4,2008,4,40.0002,-75.0664,1230.0,6,0,0,0,0,0,0,0,0,,0,0,0,12,1,1,0,,0,40 00:00.788,,0,75 03:59.072,8,0,0,1,67301,0,0,0,N,0,0,0,2,67301,0,,2,1,,N,Y,,0,,0,0,0,0.0,0,,1205,1,3,0,0,0,1,0,3,4,0,3,3,,N,,,,,,,,,,,
2008069508,1852,2,0,0,0,0,0,0,0,0,4,0,,67,4,2008,1,40.032,-75.1285,1849.0,6,0,0,0,1,0,0,0,0,,0,0,0,18,1,0,1,,0,40 01:55.124,,0,75 07:42.725,0,0,0,0,67301,0,0,0,N,0,0,0,2,67301,0,,1,1,,N,N,,0,,0,0,1,3.0,3,,1840,0,3,0,0,0,0,0,3,4,0,3,3,,N,,,,,,,,,,,
2008120913,2330,1,0,0,0,0,0,0,0,0,7,0,,67,9,2008,6,40.108,-74.9967,2316.0,6,0,0,0,0,0,0,0,0,9.0,0,0,0,23,3,0,0,,1,40 06:28.800,1.0,0,74 59:48.120,0,0,0,0,67301,0,0,0,,0,0,0,1,67301,0,,3,9,,,,,0,,0,0,0,0.0,0,N,2315,0,1,0,0,0,0,0,3,4,0,1,7,,N,,,,,,,,,,,
2008079723,2248,2,0,0,0,0,0,0,0,0,1,0,,67,5,2008,6,40.0921,-74.9819,2248.0,6,0,0,0,0,0,0,0,0,1.0,0,0,0,22,3,0,2,,1,40 05:31.900,2.0,0,74 58:54.500,0,0,0,0,67301,0,0,0,N,0,0,0,4,67301,0,,1,1,,N,N,,0,,0,0,0,3.0,2,N,2248,0,2,0,0,0,0,0,3,4,0,2,3,,N,,,,,,,,,,,
2008079083,1130,2,0,0,0,0,0,0,0,0,4,0,,67,5,2008,4,39.9879,-75.144,1127.0,6,0,0,0,0,0,1,0,0,,0,0,0,11,1,1,1,,0,39 59:16.468,,0,75 08:38.288,4,0,0,0,67301,0,0,0,N,0,0,0,2,67301,1,,1,1,,N,N,,0,,0,0,0,3.0,3,,1126,1,2,0,0,1,0,1,3,4,0,2,3,,N,,,,,,,,,,,
2008097408,1758,1,0,0,1,0,0,0,0,0,4,0,,67,7,2008,3,39.9366,-75.1752,1753.0,6,0,0,0,0,0,0,0,0,,0,0,0,17,1,1,2,,0,39 56:11.698,,0,75 10:30.831,4,0,0,0,67301,1,0,0,N,0,0,0,2,67301,1,,1,1,,N,N,,0,,0,0,0,3.0,3,,1745,1,2,0,0,0,0,0,3,4,0,1,3,,N,,,,,,,,,,,