CRN,ARRIVAL_TM,AUTOMOBILE_COUNT,BELTED_DEATH_COUNT,BELTED_SUSP_SERIOUS_INJ_COUNT,BICYCLE_COUNT,BICYCLE_DEATH_COUNT,BICYCLE_SUSP_SERIOUS_INJ_COUNT,BUS_COUNT,CHLDPAS_DEATH_COUNT,CHLDPAS_SUSP_SERIOUS_INJ_COUNT,COLLISION_TYPE,COMM_VEH_COUNT,CONS_ZONE_SPD_LIM,COUNTY,CRASH_MONTH,CRASH_YEAR,DAY_OF_WEEK,DEC_LAT,DEC_LONG,DISPATCH_TM,DISTRICT,DRIVER_COUNT_16YR,DRIVER_COUNT_17YR,DRIVER_COUNT_18YR,DRIVER_COUNT_19YR,DRIVER_COUNT_20YR,DRIVER_COUNT_50_64YR,DRIVER_COUNT_65_74YR,DRIVER_COUNT_75PLUS,EST_HRS_CLOSED,FATAL_COUNT,HEAVY_TRUCK_COUNT,HORSE_BUGGY_COUNT,HOUR_OF_DAY,ILLUMINATION,INJURY_COUNT,INTERSECT_TYPE,INTERSECTION_RELATED,LANE_CLOSED,LATITUDE,LN_CLOSE_DIR,LOCATION_TYPE,LONGITUDE,MAX_SEVERITY_LEVEL,MCYCLE_DEATH_COUNT,MCYCLE_SUSP_SERIOUS_INJ_COUNT,MOTORCYCLE_COUNT,MUNICIPALITY,NONMOTR_COUNT,NONMOTR_DEATH_COUNT,NONMOTR_SUSP_SERIOUS_INJ_COUNT,NTFY_HIWY_MAINT,PED_COUNT,PED_DEATH_COUNT,PED_SUSP_SERIOUS_INJ_COUNT,PERSON_COUNT,POLICE_AGCY,POSSIBLE_INJ_COUNT,RDWY_SURF_TYPE_CD,RELATION_TO_ROAD,ROAD_CONDITION,ROADWAY_CLEARED,SCH_BUS_IND,SCH_ZONE_IND,SECONDARY_CRASH,SMALL_TRUCK_COUNT,SPEC_JURIS_CD,SUSP_MINOR_INJ_COUNT,SUSP_SERIOUS_INJ_COUNT,SUV_COUNT,TCD_FUNC_CD,TCD_TYPE,TFC_DETOUR_IND,TIME_OF_DAY,TOT_INJ_COUNT,TOTAL_UNITS,UNB_DEATH_COUNT,UNB_SUSP_SERIOUS_INJ_COUNT,UNBELTED_OCC_COUNT,UNK_INJ_DEG_COUNT,UNK_INJ_PER_COUNT,URBAN_AREA,URBAN_RURAL,VAN_COUNT,VEHICLE_COUNT,WEATHER1,WEATHER2,WORK_ZONE_IND,WORK_ZONE_LOC,WORK_ZONE_TYPE,WORKERS_PRES,WZ_CLOSE_DETOUR,WZ_FLAGGER,WZ_LAW_OFFCR_IND,WZ_LN_CLOSURE,WZ_MOVING,WZ_OTHER,WZ_SHLDER_MDN,WZ_WORKERS_INJ_KILLED
2008108298,1852,1,0,0,0,0,0,0,0,0,4,0,,67,8,2008,6,40.101,-74.9747,1843.0,6,0,0,0,0,0,0,0,0,,0,0,0,18,1,1,0,,0,40 06:03.445,,0,74 58:28.924,8,0,0,0,67301,0,0,0,N,0,0,0,2,67301,0,,1,1,,N,N,,0,,0,0,1,0.0,0,,1832,1,2,0,0,0,1,0,3,4,0,2,3,,N,,,,,,,,,,,
2008108321,9999,1,0,0,0,0,0,0,0,0,4,0,,67,8,2008,2,40.0604,-74.9904,9999.0,6,0,0,0,0,0,0,1,0,,0,0,0,99,1,2,1,,0,40 03:37.435,,0,74 59:25.566,3,0,0,0,67301,0,0,0,N,0,0,0,3,67301,1,,1,1,,N,N,,0,,1,0,1,3.0,2,,9999,2,2,0,0,0,0,0,3,4,0,2,3,,N,,,,,,,,,,,
2008076258,1412,1,0,0,0,0,0,0,0,0,7,0,,67,6,2008,3,39.9765,-75.1137,1411.0,6,0,0,0,0,0,0,0,0,1.0,0,0,0,14,1,0,0,,2,39 58:36.591,1.0,0,75 06:48.512,0,0,0,0,67301,0,0,0,N,0,0,0,2,68K01,0,,2,1,,N,N,,0,,0,0,0,0.0,0,N,1407,0,1,0,0,0,0,0,3,4,0,1,3,,N,,,,,,,,,,,
2008094879,647,2,0,0,0,0,0,0,0,0,1,0,,67,6,2008,7,40.1188,-74.9938,646.0,6,0,0,0,0,0,0,0,0,1.0,0,0,0,6,1,1,0,,1,40 07:07.734,6.0,0,74 59:37.518,4,0,0,0,67301,0,0,0,,0,0,0,2,67301,1,,1,1,,,,,0,,0,0,0,0.0,0,N,644,1,2,0,0,0,0,0,3,4,0,2,3,,N,,,,,,,,,,,
2008079148,1609,2,0,0,0,0,0,0,0,0,1,0,,67,4,2008,4,40.059,-75.132,1609.0,6,0,0,0,0,0,1,0,0,,0,0,0,16,1,3,0,,0,40 03:32.268,,0,75 07:54.954,8,0,0,0,67301,0,0,0,N,0,0,0,4,46102,0,,1,1,,N,N,,1,,0,0,0,0.0,0,,1609,3,3,0,0,0,3,0,3,4,0,3,3,,N,,,,,,,,,,,
2008079170,1018,1,0,0,0,0,0,0,0,0,4,0,,67,5,2008,3,40.0574,-75.1768,1013.0,6,0,0,0,0,0,0,0,0,,0,0,0,99,1,1,2,,0,40 03:26.496,,0,75 10:36.501,4,0,0,0,67301,0,0,0,N,0,0,0,1,67301,1,,2,1,,N,N,,0,,0,0,1,0.0,0,,9999,1,2,0,0,0,0,0,3,4,0,2,3,,N,,,,,,,,,,,
2008103107,1042,0,0,0,0,0,0,1,0,0,2,1,,67,6,2008,7,40.0482,-75.0261,1040.0,6,0,0,0,0,0,1,0,0,,0,0,0,10,1,0,1,,0,40 02:53.422,,0,75 01:33.866,9,0,0,0,67301,0,0,0,N,0,0,0,5,67301,0,,1,1,,N,N,,0,,0,0,0,3.0,2,,1030,0,2,0,0,0,0,1,3,4,1,2,3,,N,,,,,,,,,,,
2008098444,9999,2,0,0,0,0,0,0,0,0,1,0,,67,7,2008,6,40.0521,-75.1418,9999.0,6,0,0,0,0,0,1,0,0,2.0,0,0,0,99,1,2,0,,1,40 03:07.450,1.0,0,75 08:30.418,4,0,0,0,67301,0,0,0,N,0,0,0,7,67301,2,,1,1,,N,N,,0,,0,0,0,3.0,2,N,9999,2,2,0,0,2,0,0,3,4,0,2,3,,N,,,,,,,,,,,
2008101005,2341,3,0,0,0,0,0,0,0,0,9,0,,67,8,2008,5,40.0205,-75.1924,2341.0,6,0,0,1,0,0,1,0,0,,0,0,0,23,3,1,0,,0,40 01:13.935,,0,75 11:32.772,4,0,0,0,67301,0,0,0,N,0,0,0,3,67301,1,,1,1,,N,N,,0,,0,0,0,0.0,0,,2330,1,3,0,0,0,0,0,3,4,0,3,3,,N,,,,,,,,,,,
2008078873,2230,1,0,0,0,0,0,0,0,0,4,0,,67,5,2008,4,40.058,-75.0527,2230.0,6,0,0,0,0,0,0,0,1,,0,0,0,22,3,1,1,,0,40 03:23.212,,0,75 03:11.979,4,0,0,1,67301,0,0,0,N,0,0,0,2,67301,1,,1,1,,N,N,,0,,0,0,0,9.0,2,,2230,1,2,0,0,0,0,0,3,4,0,2,3,,N,,,,,,,,,,,
2008078877,1255,1,0,0,0,0,0,0,0,0,8,0,,67,5,2008,6,40.0558,-75.1589,1250.0,6,0,0,0,0,0,0,0,0,,0,0,0,12,1,1,1,,0,40 03:20.765,,0,75 09:31.952,3,0,0,0,67301,1,0,0,,1,0,0,2,67301,0,,1,1,,,Y,,0,,1,0,0,3.0,2,,1200,1,2,0,0,0,0,0,3,4,0,1,3,,N,,,,,,,,,,,
2008074003,1240,3,0,0,0,0,0,0,0,0,1,0,,67,2,2008,6,39.9182,-75.236,1237.0,6,0,0,0,0,0,1,0,0,,0,0,0,12,1,3,2,,0,39 55:05.520,,0,75 14:09.600,4,0,0,0,67301,0,0,0,N,0,0,0,3,67301,3,,1,1,,N,N,,0,,0,0,0,3.0,3,,1212,3,3,0,0,0,0,0,3,4,0,3,3,,N,,,,,,,,,,,
2008133976,1325,1,0,0,0,0,0,0,0,0,6,0,,67,10,2008,7,40.0012,-75.1991,1320.0,6,0,0,0,0,0,1,1,0,,0,0,0,13,1,1,2,,0,40 00:04.446,,0,75 11:56.770,8,0,0,0,67301,0,0,0,N,0,0,0,2,67301,0,,1,9,,N,N,,0,,0,0,0,0.0,0,,1315,1,2,0,0,0,1,0,3,4,1,2,7,,N,,,,,,,,,,,
2008133989,1815,2,0,0,0,0,0,0,0,0,6,0,,67,10,2008,6,40.0437,-75.1559,1811.0,6,0,0,0,0,0,1,0,0,9.0,0,0,0,16,1,1,1,,1,40 02:37.388,2.0,0,75 09:21.128,4,0,0,0,67301,0,0,0,,0,0,0,3,67301,1,,1,1,,N,N,,0,,0,0,0,9.0,3,N,1635,1,2,0,0,0,0,0,3,4,0,2,3,,N,,,,,,,,,,,
2008124143,1500,0,0,0,0,0,0,0,0,0,7,0,,67,11,2008,1,39.88,-75.248,1450.0,6,0,0,0,0,1,0,0,0,2.0,0,0,0,14,1,1,0,,1,39 52:48.000,2.0,0,75 14:52.800,4,0,0,0,67301,0,0,0,N,0,0,0,1,68K01,1,,2,1,,N,N,,0,,0,0,1,0.0,0,N,1449,1,1,0,0,1,0,0,3,4,0,1,3,,N,,,,,,,,,,,
2008134378,2055,2,0,0,0,0,0,0,0,0,5,0,,67,10,2008,1,39.9817,-75.1176,2050.0,6,0,0,0,0,0,0,0,0,,0,0,0,20,3,0,0,,0,39 58:54.041,,0,75 07:03.305,0,0,0,0,67301,2,0,0,,0,0,0,3,67301,0,,6,1,,,,,2,,0,0,0,9.0,2,,2050,0,4,0,0,0,0,0,3,4,0,4,3,,N,,,,,,,,,,,
2008134037,13,1,0,0,0,0,0,0,0,0,7,0,,67,10,2008,2,40.0205,-75.1542,12.0,6,0,0,0,0,1,0,0,0,2.0,0,0,0,0,3,1,6,,2,40 01:14.306,2.0,2,75 09:22.117,8,0,0,0,67301,0,0,0,Y,0,0,0,1,67301,0,,2,1,,N,N,,0,,0,0,0,0.0,0,N,10,1,1,0,0,0,1,0,3,4,0,1,3,,N,,,,,,,,,,,
2008134087,1900,0,0,0,0,0,0,0,0,0,8,0,,67,11,2008,7,40.0062,-75.1518,1855.0,6,0,0,0,0,0,0,0,0,,0,0,0,99,3,1,1,,0,40 00:22.204,,0,75 09:06.487,4,0,0,0,67301,1,0,0,N,1,0,0,2,67301,1,,1,1,,N,N,,0,,0,0,0,3.0,2,,9999,1,2,0,0,0,0,0,3,4,0,1,3,,N,,,,,,,,,,,
2008119171,1333,1,0,0,0,0,0,0,0,0,8,0,,67,9,2008,3,40.0184,-75.1491,1331.0,6,0,0,0,0,0,0,0,0,,0,0,0,13,1,1,1,,0,40 01:06.519,,0,75 08:57.234,8,0,0,0,67301,1,0,0,N,1,0,0,2,67301,0,,1,1,,N,N,,0,,0,0,0,3.0,2,,1329,1,2,0,0,0,1,0,3,4,0,1,3,,N,,,,,,,,,,,
2008119242,1615,2,0,0,0,0,0,0,0,0,1,0,,67,9,2008,4,40.0298,-75.1046,1615.0,6,0,0,1,0,0,0,0,2,1.0,0,0,0,16,1,1,2,,1,40 01:47.170,2.0,0,75 06:16.717,4,0,0,0,67301,0,0,0,N,0,0,0,4,67301,1,,1,1,,N,N,,0,,0,0,1,3.0,2,N,1615,1,3,0,0,0,0,0,3,4,0,3,3,,N,,,,,,,,,,,
2008133587,1925,2,0,0,0,0,0,0,0,0,5,0,,67,10,2008,1,40.0365,-75.1804,1821.0,6,0,0,0,0,0,1,0,0,1.0,0,0,0,19,3,2,1,,2,40 02:11.493,3.0,0,75 10:49.407,4,0,0,0,67301,0,0,0,N,0,0,0,3,67301,2,,1,1,,N,N,,0,,0,0,0,3.0,2,Y,1910,2,2,0,0,0,0,0,3,4,0,2,3,,N,,,,,,,,,,,
2008133592,1540,1,0,0,0,0,0,0,0,0,4,0,,67,10,2008,5,39.9603,-75.1389,1533.0,6,0,0,0,0,0,0,1,0,2.0,0,0,0,15,1,2,1,,1,39 57:37.035,3.0,0,75 08:19.561,4,0,0,0,67301,0,0,0,N,0,0,0,4,67301,2,,1,1,,N,N,,0,,0,0,0,0.0,0,N,1500,2,2,0,0,0,0,0,3,4,1,2,3,,N,,,,,,,,,,,
2008133619,1905,0,0,0,0,0,0,0,0,0,8,0,,67,10,2008,6,40.0501,-75.0964,1903.0,6,0,0,0,0,0,0,0,0,,0,0,0,19,3,2,1,,0,40 03:00.190,,0,75 05:47.108,8,0,0,0,67301,2,0,0,,2,0,0,3,67301,0,,1,1,,,,,0,,0,0,0,0.0,0,,1900,2,3,0,0,0,2,0,3,4,1,1,3,,N,,,,,,,,,,,
2008133645,1640,1,0,0,0,0,0,0,0,0,7,0,,67,11,2008,3,39.9327,-75.2161,1618.0,6,0,0,0,0,1,0,1,0,3.0,0,0,0,16,1,4,0,,2,39 55:57.850,3.0,0,75 12:58.055,4,0,0,0,67301,0,0,0,N,0,0,0,4,67301,2,,3,1,,N,N,,0,,0,0,1,0.0,0,Y,1618,4,2,0,0,3,2,0,3,4,0,2,3,,N,,,,,,,,,,,
2008118893,1758,1,0,0,0,0,0,0,0,0,8,0,,67,10,2008,6,40.0404,-75.1242,1755.0,6,0,0,0,0,0,0,1,0,,0,0,0,16,1,1,1,,0,40 02:25.414,,0,75 07:27.069,4,0,0,0,67301,1,0,0,N,1,0,0,2,67301,1,,1,1,,N,N,,0,,0,0,0,3.0,2,,1645,1,2,0,0,0,0,0,3,4,0,1,3,,N,,,,,,,,,,,
2008118909,1240,0,0,0,0,0,0,0,0,0,8,0,,67,9,2008,3,39.9494,-75.1523,1235.0,6,0,0,0,0,0,0,0,0,,0,0,0,11,1,1,1,,0,39 56:57.904,,0,75 09:08.322,4,0,0,0,67301,1,0,0,N,1,0,0,2,67301,1,,1,1,,N,N,,1,,0,0,0,3.0,2,,1138,1,2,0,0,1,0,0,3,4,0,1,3,,N,,,,,,,,,,,
2008118919,1841,2,0,0,0,0,0,0,0,0,4,0,,67,8,2008,2,39.9789,-75.1825,1840.0,6,0,0,0,0,0,0,0,0,1.0,0,0,0,18,1,1,1,,2,39 58:44.214,3.0,0,75 10:57.050,8,0,0,0,67301,0,0,0,,0,0,0,2,67301,0,,1,1,,N,N,,0,,0,0,0,3.0,2,Y,1840,1,2,0,0,1,1,1,3,4,0,2,3,,N,,,,,,,,,,,
2008069246,35,2,0,0,0,0,0,0,0,0,4,0,,67,4,2008,3,40.0205,-75.0537,22.0,6,0,0,0,0,0,1,0,0,,0,0,0,0,3,0,1,,0,40 01:13.862,,0,75 03:13.412,0,0,0,0,67301,0,0,0,N,0,0,0,2,67301,0,,1,1,,N,N,,0,,0,0,0,3.0,2,,15,0,2,0,0,0,0,0,3,4,0,2,3,,N,,,,,,,,,,,
2008118644,548,1,0,0,0,0,0,0,0,0,4,0,,67,7,2008,3,40.0687,-75.0673,543.0,6,0,0,0,0,0,1,0,0,2.0,0,0,0,5,5,1,2,,1,40 04:07.380,1.0,0,75 04:02.423,4,0,0,0,67301,0,0,0,N,0,0,0,2,67301,1,,1,1,,N,N,,1,,0,0,0,3.0,2,Y,540,1,2,0,0,0,0,0,3,4,0,2,3,,N,,,,,,,,,,,
2008118714,1815,2,0,0,0,0,0,0,0,0,1,0,,67,9,2008,6,40.0308,-75.1878,1810.0,6,0,0,0,0,0,0,0,0,2.0,0,0,0,18,1,2,1,,1,40 01:50.673,2.0,0,75 11:15.839,8,0,0,0,67301,0,0,0,N,0,0,0,4,67301,0,,1,9,,N,N,,0,,0,0,0,3.0,2,N,1810,2,2,0,0,0,2,0,3,4,0,2,7,,N,,,,,,,,,,,
2008098615,1045,1,0,0,0,0,0,0,0,0,4,0,,67,6,2008,2,39.9392,-75.1917,1044.0,6,0,0,0,0,0,1,0,1,3.0,0,0,0,10,1,3,2,,2,39 56:21.084,3.0,0,75 11:29.990,8,0,0,0,67301,0,0,0,N,0,0,0,3,67301,0,,1,1,,N,N,,0,,0,0,0,0.0,0,Y,1043,3,2,0,0,0,3,0,3,4,1,2,3,,N,,,,,,,,,,,
2008098643,2113,1,0,0,0,0,0,0,0,0,6,0,,67,7,2008,7,39.9409,-75.151,2110.0,6,0,0,0,0,0,0,0,0,,0,0,0,21,3,0,2,,0,39 56:27.402,,0,75 09:03.423,0,0,0,0,67301,0,0,0,N,0,0,0,4,67301,0,,4,1,,N,N,,1,,0,0,1,3.0,3,,2105,0,3,0,0,0,0,0,3,4,0,3,3,,N,,,,,,,,,,,
2008098694,2058,2,0,0,0,0,0,0,0,0,1,0,,67,6,2008,7,39.9827,-75.1753,2052.0,6,0,0,0,0,0,0,0,0,2.0,0,0,0,99,3,1,1,,2,39 58:57.720,7.0,0,75 10:31.080,4,0,0,0,67301,0,0,0,N,0,0,0,4,67301,1,,1,9,,N,N,,1,,0,0,1,3.0,2,Y,9999,1,4,0,0,0,0,0,3,4,0,4,7,,N,,,,,,,,,,,
2008069557,2055,1,0,0,1,0,0,0,0,0,8,0,,67,4,2008,4,39.9853,-75.1788,2050.0,6,0,0,0,0,0,0,0,0,,0,0,0,20,3,1,2,,0,39 59:06.954,,0,75 10:43.660,8,0,0,0,67301,1,0,0,N,0,0,0,2,67301,0,,1,1,,N,N,,0,,0,0,0,3.0,2,,2045,1,2,0,0,0,1,1,3,4,0,1,3,,N,,,,,,,,,,,
2008079726,1622,4,0,0,0,0,0,0,0,0,1,0,,67,5,2008,7,40.0205,-75.1542,1620.0,6,0,0,0,0,0,0,1,0,1.0,0,0,0,99,1,2,6,,2,40 01:13.800,2.0,2,75 09:15.480,4,0,0,0,67301,0,0,0,,0,0,0,6,67301,2,,1,1,,N,N,,0,,0,0,0,3.0,4,N,9999,2,4,0,0,0,0,0,3,4,0,4,3,,N,,,,,,,,,,,
2008082216,1338,1,0,0,0,0,0,0,0,0,8,0,,67,5,2008,1,39.9637,-75.2012,1331.0,6,0,0,0,0,0,0,0,0,,0,0,0,13,1,1,0,,0,39 57:49.228,,0,75 12:04.467,8,0,0,0,67301,1,0,0,N,1,0,0,4,67301,0,,1,9,,N,N,,0,,0,0,0,0.0,0,,1329,1,2,0,0,0,1,0,3,4,0,1,3,,N,,,,,,,,,,,
2008082242,2044,2,0,0,0,0,0,0,0,0,1,0,,67,5,2008,6,40.0645,-74.999,2043.0,6,0,0,0,0,1,0,0,0,,0,0,0,20,3,2,2,,0,40 03:51.958,,0,74 59:56.101,3,0,0,0,67301,0,0,0,N,0,0,0,5,67301,1,,1,9,,N,N,,0,,1,0,0,3.0,2,,2030,2,2,0,0,0,0,0,3,4,0,2,7,,N,,,,,,,,,,,
2008081543,1825,1,0,0,0,0,0,0,0,0,1,1,,67,5,2008,4,40.0007,-75.0977,1820.0,6,0,0,0,0,0,0,0,0,,0,1,0,18,1,1,1,,0,40 00:02.415,,0,75 05:51.843,3,0,0,0,67301,0,0,0,,0,0,0,2,67301,0,,1,1,,N,N,,0,,1,0,0,3.0,2,,1800,1,2,0,0,0,0,0,3,4,0,2,3,,N,,,,,,,,,,,
2008073713,141,3,0,0,0,0,0,0,0,0,1,0,,67,4,2008,7,40.0476,-75.0695,140.0,6,0,0,0,0,0,0,0,0,2.0,0,0,0,1,3,0,0,,2,40 02:30.053,1.0,0,75 04:30.735,0,0,0,0,67301,0,0,0,,0,0,0,5,67301,0,,1,9,,N,N,,0,,0,0,0,3.0,2,N,139,0,3,0,0,0,0,0,3,4,0,3,7,,N,,,,,,,,,,,
2008094235,1723,1,0,0,0,0,0,0,0,0,1,0,,67,8,2008,7,39.9856,-75.2083,1722.0,6,0,0,0,0,0,1,0,0,,0,0,0,17,1,1,0,,0,39 59:11.871,,0,75 12:28.964,8,0,0,0,67301,0,0,0,N,0,0,0,7,68K01,0,,1,1,,N,N,,0,,0,0,2,0.0,0,,1719,1,3,0,0,0,1,0,3,4,0,3,3,,N,,,,,,,,,,,
2008091343,1315,2,0,0,0,0,0,0,0,0,1,0,,67,6,2008,4,39.906,-75.1342,1315.0,6,0,0,0,0,0,2,0,0,,0,0,0,13,1,2,0,,0,39 54:21.732,,0,75 08:02.940,8,0,0,0,67301,0,0,0,N,0,0,0,2,67501,0,,1,1,,N,N,,0,,0,0,0,0.0,0,,1315,2,2,0,0,0,2,0,3,4,0,2,3,,N,,,,,,,,,,,
2008081523,25,1,0,0,0,0,0,0,0,0,7,0,,67,5,2008,6,39.8931,-75.2222,25.0,6,0,0,0,0,0,0,0,0,1.0,0,0,0,0,3,0,7,,1,39 53:35.160,4.0,2,75 13:19.920,0,0,0,0,67301,0,0,0,,0,0,0,1,67301,0,,2,1,,,,,0,,0,0,0,0.0,0,N,22,0,1,0,0,0,0,0,3,4,0,1,3,,N,,,,,,,,,,,
2008108295,1830,1,0,0,0,0,0,0,0,0,5,0,,67,8,2008,4,40.0518,-75.0513,1827.0,6,0,0,0,0,0,1,0,0,1.0,0,0,0,18,1,2,0,,1,40 03:06.390,2.0,0,75 03:04.832,4,0,0,0,67301,0,0,0,N,0,0,0,4,67301,1,,1,1,,N,N,,0,,0,0,1,0.0,0,N,1825,2,2,0,0,0,1,0,3,4,0,2,3,,N,,,,,,,,,,,
2008108320,1002,0,0,0,0,0,0,0,0,0,4,0,,67,8,2008,4,40.0312,-75.2074,1001.0,6,0,0,0,1,0,0,0,0,2.0,0,0,0,10,1,0,0,,2,40 01:52.442,5.0,0,75 12:26.604,0,0,0,0,67301,0,0,0,N,0,0,0,2,67301,0,,1,1,,N,N,,0,,0,0,2,0.0,0,Y,1000,0,2,0,0,1,0,0,3,4,0,2,3,,N,,,,,,,,,,,
2008076344,2019,2,0,0,0,0,0,0,0,0,4,0,,67,6,2008,1,40.0764,-75.195,2015.0,6,1,0,0,0,0,0,0,0,,0,0,0,20,4,0,1,,0,40 04:35.197,,0,75 11:42.090,0,0,0,0,67301,0,0,0,N,0,0,0,2,46108,0,,1,1,,N,N,,0,,0,0,0,3.0,2,,2015,0,2,0,0,0,0,0,3,4,0,2,3,,N,,,,,,,,,,,
2008079219,1810,1,0,0,1,0,0,0,0,0,5,0,,67,5,2008,3,39.957,-75.1626,1801.0,6,0,0,0,0,0,0,0,0,,0,0,0,99,1,1,0,,0,39 57:24.986,,0,75 09:45.514,4,0,0,0,67301,1,0,0,N,0,0,0,2,67301,1,,1,1,,N,N,,0,,0,0,0,0.0,0,,9999,1,2,0,0,0,0,0,3,4,0,1,3,,N,,,,,,,,,,,
2008073934,1444,3,0,0,0,0,0,0,0,0,1,0,,67,6,2008,5,40.0198,-75.0442,1431.0,6,0,0,0,0,0,1,0,0,,0,0,0,14,1,1,0,,0,40 01:13.405,,0,75 02:35.177,4,0,0,0,67301,0,0,0,N,0,0,0,6,68K01,1,,1,1,,N,N,,0,,0,0,0,0.0,0,,1428,1,3,0,0,0,0,0,3,4,0,3,3,,N,,,,,,,,,,,
2008098417,150,0,0,0,0,0,0,0,0,0,6,0,,67,6,2008,6,40.036,-75.0313,145.0,6,0,0,0,0,0,0,0,0,,0,0,0,1,3,1,0,,0,40 02:09.477,,0,75 01:52.590,4,0,0,0,67301,0,0,0,N,0,0,0,1,67301,1,,6,1,,N,N,,2,,0,0,1,0.0,0,,135,1,3,0,0,0,0,0,3,4,0,3,3,,N,,,,,,,,,,,
2008073987,131,2,0,0,0,0,0,0,0,0,4,0,,67,4,2008,1,39.9541,-75.1395,125.0,6,0,0,0,0,0,0,0,0,,0,0,0,1,3,1,2,,0,39 57:15.517,,0,75 08:23.025,8,0,0,0,67301,0,0,0,,0,0,0,3,67301,0,,1,1,,N,N,,0,,0,0,0,0.0,0,,125,1,2,0,0,0,1,0,3,4,0,2,3,,N,,,,,,,,,,,
2008133993,1720,2,0,0,0,0,0,0,0,0,4,0,,67,10,2008,1,39.9909,-75.1221,1720.0,6,0,0,0,0,0,0,0,0,,0,0,0,99,1,1,2,,0,39 59:27.189,,0,75 07:19.509,4,0,0,0,67301,0,0,0,N,0,0,0,3,67301,1,,1,1,,N,N,,0,,0,0,0,3.0,3,,9999,1,2,0,0,1,0,0,3,4,0,2,3,,N,,,,,,,,,,,
2008136722,1015,1,0,0,0,0,0,0,0,0,5,0,,67,12,2008,7,39.991,-75.086,939.0,6,0,0,0,0,0,0,0,0,,0,0,0,9,1,0,0,,0,39 59:11.238,,2,75 05:27.949,9,0,0,0,67301,0,0,0,N,0,0,0,4,68K01,0,,1,1,,N,N,,0,,0,0,0,0.0,0,,933,0,2,0,0,0,0,1,3,4,1,2,3,,N,,,,,,,,,,,
2008123893,2206,1,0,0,0,0,0,0,0,0,1,0,,67,9,2008,6,39.9286,-75.1464,2203.0,6,0,0,0,0,0,0,0,0,,0,0,0,21,2,2,0,,0,39 55:45.891,,0,75 08:46.535,4,0,0,0,67301,0,0,0,N,0,0,0,3,68K01,2,,1,1,,N,N,,1,,0,0,0,0.0,0,,2155,2,2,0,0,0,0,1,3,4,0,2,3,,N,,,,,,,,,,,
2008134340,24,1,0,0,0,0,0,0,0,0,7,0,,67,11,2008,5,39.8896,-75.2406,16.0,6,0,0,0,0,0,0,0,0,,0,0,0,0,3,1,0,,0,39 53:22.384,,0,75 14:26.367,2,0,0,0,67301,0,0,0,Y,0,0,0,1,68K01,0,,2,1,,N,N,,0,,0,1,0,0.0,0,,14,1,1,0,1,1,0,0,3,4,0,1,3,,N,,,,,,,,,,,
2008119169,1540,1,0,0,0,0,0,0,0,0,6,0,,67,10,2008,5,40.0079,-75.1478,1533.0,6,0,0,0,0,0,0,0,0,,0,0,0,15,1,1,0,,0,40 00:28.526,,0,75 08:51.939,8,0,0,0,67301,0,0,0,N,0,0,0,1,67301,0,,6,1,,N,N,,0,,0,0,1,0.0,0,,1510,1,2,0,0,0,1,0,3,4,0,2,3,,N,,,,,,,,,,,
2008119229,920,1,0,0,0,0,0,0,0,0,5,1,,67,9,2008,5,40.0365,-75.1804,920.0,6,0,0,0,0,0,1,0,0,,0,1,0,9,1,1,1,,0,40 02:11.493,,0,75 10:49.407,8,0,0,0,67301,0,0,0,N,0,0,0,2,67301,0,,4,1,,N,N,,0,,0,0,0,0.0,0,,920,1,2,0,0,0,1,0,3,4,0,2,3,,N,,,,,,,,,,,
2008134174,646,1,0,0,0,0,0,0,0,0,1,0,,67,11,2008,4,40.0071,-75.1999,645.0,6,0,0,0,0,0,0,0,0,,0,0,0,6,1,0,0,,0,40 00:25.631,,0,75 12:00.025,0,0,0,0,67301,0,0,0,N,0,0,0,5,68K01,0,,1,1,,N,N,,0,,0,0,1,0.0,0,,640,0,4,0,0,0,0,0,3,4,2,4,3,,N,,,,,,,,,,,
2008119267,1440,2,0,0,0,0,0,0,0,0,1,0,,67,10,2008,2,39.9419,-75.1507,1433.0,6,0,0,0,0,0,1,0,0,,0,0,0,13,1,1,0,,0,39 56:30.901,,0,75 09:02.602,8,0,0,0,67301,0,0,0,N,0,0,0,2,67301,0,,1,1,,N,N,,0,,0,0,0,3.0,2,,1320,1,2,0,0,0,1,0,3,4,0,2,3,,N,,,,,,,,,,,
2008119289,1430,1,0,0,0,0,0,0,0,0,5,0,,67,9,2008,6,40.1095,-75.0208,1425.0,6,0,0,0,0,0,0,0,0,1.0,0,0,0,14,1,1,0,,1,40 06:34.246,3.0,0,75 01:14.732,4,0,0,0,67301,0,0,0,N,0,0,0,1,67301,1,,5,9,,N,N,,0,,0,0,1,0.0,0,Y,1420,1,2,0,0,0,0,0,3,4,0,2,7,,N,,,,,,,,,,,
2008118982,1650,1,0,0,0,0,0,0,0,0,4,0,,67,9,2008,7,40.0618,-75.0561,1646.0,6,0,0,0,0,0,0,0,0,1.0,0,0,0,16,1,1,1,,1,40 03:20.880,1.0,0,75 03:42.120,8,0,0,0,67301,0,0,0,N,0,0,0,2,67301,0,,1,9,,N,N,,0,,0,0,0,3.0,2,N,1642,1,2,0,0,0,1,0,3,4,1,2,7,,N,,,,,,,,,,,