CRN,ARRIVAL_TM,AUTOMOBILE_COUNT,BELTED_DEATH_COUNT,BELTED_SUSP_SERIOUS_INJ_COUNT,BICYCLE_COUNT,BICYCLE_DEATH_COUNT,BICYCLE_SUSP_SERIOUS_INJ_COUNT,BUS_COUNT,CHLDPAS_DEATH_COUNT,CHLDPAS_SUSP_SERIOUS_INJ_COUNT,COLLISION_TYPE,COMM_VEH_COUNT,CONS_ZONE_SPD_LIM,COUNTY,CRASH_MONTH,CRASH_YEAR,DAY_OF_WEEK,DEC_LAT,DEC_LONG,DISPATCH_TM,DISTRICT,DRIVER_COUNT_16YR,DRIVER_COUNT_17YR,DRIVER_COUNT_18YR,DRIVER_COUNT_19YR,DRIVER_COUNT_20YR,DRIVER_COUNT_50_64YR,DRIVER_COUNT_65_74YR,DRIVER_COUNT_75PLUS,EST_HRS_CLOSED,FATAL_COUNT,HEAVY_TRUCK_COUNT,HORSE_BUGGY_COUNT,HOUR_OF_DAY,ILLUMINATION,INJURY_COUNT,INTERSECT_TYPE,INTERSECTION_RELATED,LANE_CLOSED,LATITUDE,LN_CLOSE_DIR,LOCATION_TYPE,LONGITUDE,MAX_SEVERITY_LEVEL,MCYCLE_DEATH_COUNT,MCYCLE_SUSP_SERIOUS_INJ_COUNT,MOTORCYCLE_COUNT,MUNICIPALITY,NONMOTR_COUNT,NONMOTR_DEATH_COUNT,NONMOTR_SUSP_SERIOUS_INJ_COUNT,NTFY_HIWY_MAINT,PED_COUNT,PED_DEATH_COUNT,PED_SUSP_SERIOUS_INJ_COUNT,PERSON_COUNT,POLICE_AGCY,POSSIBLE_INJ_COUNT,RDWY_SURF_TYPE_CD,RELATION_TO_ROAD,ROAD_CONDITION,ROADWAY_CLEARED,SCH_BUS_IND,SCH_ZONE_IND,SECONDARY_CRASH,SMALL_TRUCK_COUNT,SPEC_JURIS_CD,SUSP_MINOR_INJ_COUNT,SUSP_SERIOUS_INJ_COUNT,SUV_COUNT,TCD_FUNC_CD,TCD_TYPE,TFC_DETOUR_IND,TIME_OF_DAY,TOT_INJ_COUNT,TOTAL_UNITS,UNB_DEATH_COUNT,UNB_SUSP_SERIOUS_INJ_COUNT,UNBELTED_OCC_COUNT,UNK_INJ_DEG_COUNT,UNK_INJ_PER_COUNT,URBAN_AREA,URBAN_RURAL,VAN_COUNT,VEHICLE_COUNT,WEATHER1,WEATHER2,WORK_ZONE_IND,WORK_ZONE_LOC,WORK_ZONE_TYPE,WORKERS_PRES,WZ_CLOSE_DETOUR,WZ_FLAGGER,WZ_LAW_OFFCR_IND,WZ_LN_CLOSURE,WZ_MOVING,WZ_OTHER,WZ_SHLDER_MDN,WZ_WORKERS_INJ_KILLED
2008085205,1759,4,0,0,0,0,0,0,0,0,6,0,,67,5,2008,6,39.9646,-75.2165,1759.0,6,0,0,0,0,0,1,0,0,,0,0,0,17,1,0,2,,0,39 57:52.614,,0,75 12:59.259,0,0,0,0,67301,0,0,0,N,0,0,0,2,67301,0,,1,1,,N,N,,0,,0,0,0,0.0,0,,1756,0,4,0,0,0,0,0,3,4,0,4,3,,N,,,,,,,,,,,
2008097932,2135,0,0,0,0,0,0,0,0,0,8,0,,67,7,2008,4,40.0548,-75.0047,2128.0,6,0,0,0,0,0,0,0,0,,0,0,0,21,3,1,0,,0,40 03:17.247,,0,75 00:17.048,8,0,0,0,67301,1,0,0,,1,0,0,2,67301,0,,1,9,,N,N,,1,,0,0,0,0.0,0,,2125,1,2,0,0,0,1,0,3,4,0,1,7,,N,,,,,,,,,,,
2008095557,1640,2,0,0,0,0,0,0,0,0,1,0,,67,5,2008,3,39.9465,-75.1799,1635.0,6,0,0,0,0,0,1,0,0,,0,0,0,16,1,3,0,,0,39 56:47.325,,0,75 10:47.461,8,0,0,0,67301,0,0,0,N,0,0,0,3,67301,0,,1,1,,N,N,,0,,0,0,0,0.0,0,,1630,3,2,0,0,0,3,0,3,4,0,2,3,,N,,,,,,,,,,,
2008097612,1540,1,0,0,0,0,0,0,0,0,4,0,,67,7,2008,7,40.0354,-75.0337,1530.0,6,0,0,0,0,1,0,0,0,,0,0,0,15,1,1,1,,0,40 02:07.609,,0,75 02:01.186,4,0,0,0,67301,0,0,0,N,0,0,0,5,67301,1,,1,1,,N,N,,0,,0,0,0,3.0,3,,1530,1,2,0,0,0,0,0,3,4,0,2,3,,N,,,,,,,,,,,
2008095235,1338,1,0,0,1,0,0,0,0,0,4,0,,67,6,2008,2,39.9577,-75.1624,1330.0,6,0,0,1,0,0,0,0,0,,0,0,0,13,1,1,2,,0,39 57:27.542,,0,75 09:44.544,8,0,0,0,67301,1,0,0,N,0,0,0,2,67301,0,,1,1,,N,N,,0,,0,0,0,3.0,2,,1325,1,2,0,0,0,1,0,3,4,0,1,3,,N,,,,,,,,,,,
2008088174,1455,2,0,0,0,0,0,0,0,0,1,0,,67,6,2008,6,40.074,-75.0402,1451.0,6,0,0,0,0,0,1,0,0,,0,0,0,14,1,1,0,,0,40 04:26.277,,0,75 02:24.655,3,0,0,0,67301,2,0,0,,0,0,0,3,67301,0,,2,1,,,,,0,,1,0,0,0.0,0,,1450,1,2,0,0,0,0,0,3,4,0,2,3,,N,,,,,,,,,,,
2008088223,1835,1,0,0,0,0,0,0,0,0,2,0,,67,6,2008,4,40.034,-75.0744,1826.0,6,0,0,0,0,0,1,0,0,1.0,0,0,0,18,1,3,0,,1,40 02:02.330,1.0,0,75 04:28.000,3,0,0,0,67301,0,0,0,N,0,0,0,3,67301,2,,1,1,,N,N,,0,,1,0,1,3.0,2,N,1826,3,2,0,0,0,0,0,3,4,0,2,3,,N,,,,,,,,,,,
2008088229,908,1,0,0,0,0,0,0,0,0,8,0,,67,6,2008,5,39.9433,-75.1472,904.0,6,0,0,0,0,0,1,0,0,,0,0,0,8,1,1,1,,0,39 56:35.977,,0,75 08:49.865,3,0,0,0,67301,1,0,0,N,1,0,0,2,67301,0,,1,1,,N,N,,0,,1,0,0,3.0,2,,850,1,2,0,0,0,0,0,3,4,0,1,3,,N,,,,,,,,,,,
2008098646,305,2,0,0,0,0,0,0,0,0,2,0,,67,7,2008,5,39.9876,-75.1296,305.0,6,0,0,0,0,0,0,0,0,,0,0,0,3,3,2,1,,0,39 59:15.241,,99,75 07:46.639,8,0,0,0,67301,0,0,0,N,0,0,0,2,67301,0,,2,1,,N,N,,0,,0,0,0,2.0,2,,305,2,2,0,0,1,2,0,3,4,0,2,3,,N,,,,,,,,,,,
2008098692,248,1,0,0,0,0,0,0,0,0,1,0,,67,6,2008,3,39.9483,-75.1623,248.0,6,0,0,0,0,0,0,0,0,,0,0,0,2,3,1,0,,0,39 56:53.847,,0,75 09:44.319,8,0,0,0,67301,0,0,0,,0,0,0,2,67301,0,,1,1,,N,N,,0,,0,0,0,3.0,2,,247,1,2,0,0,0,1,0,3,4,1,2,3,,N,,,,,,,,,,,
2008098696,750,2,0,0,0,0,0,0,0,0,1,0,,67,7,2008,4,39.9756,-75.1801,740.0,6,0,0,0,0,0,1,0,0,,0,0,0,7,1,0,2,,0,39 58:32.322,,0,75 10:48.410,0,0,0,0,67301,0,0,0,N,0,0,0,1,67301,0,,4,1,,N,N,,2,,0,0,0,0.0,0,,738,0,4,0,0,0,0,0,3,4,0,4,3,,N,,,,,,,,,,,
2008071855,1515,1,0,0,0,0,0,0,0,0,8,0,,67,4,2008,2,39.9642,-75.2152,1513.0,6,0,0,0,0,0,0,0,0,,0,0,0,15,1,1,2,,0,39 57:51.109,,0,75 12:54.633,8,0,0,0,67301,1,0,0,N,1,0,0,2,67301,0,,1,9,,N,N,,0,,0,0,0,0.0,0,,1511,1,2,0,0,0,1,0,3,4,0,1,7,,N,,,,,,,,,,,
2008069522,2325,3,0,0,0,0,0,0,0,0,4,0,,67,4,2008,5,39.9608,-75.2436,2321.0,6,0,0,0,0,0,0,0,0,2.0,0,0,0,23,3,1,0,,2,39 57:38.708,6.0,0,75 14:36.897,4,0,0,0,67301,0,0,0,N,0,0,0,1,67301,1,,6,1,,N,N,,1,,0,0,0,0.0,0,Y,2313,1,4,0,0,0,0,0,3,4,0,4,3,,N,,,,,,,,,,,
2008121245,1620,1,0,0,0,0,0,1,0,0,1,0,,67,9,2008,4,40.03,-75.165,1618.0,6,0,0,0,0,0,1,0,0,,0,0,0,16,1,1,2,,0,40 01:47.843,,0,75 09:53.911,8,0,0,0,67301,0,0,0,N,0,0,0,2,67301,0,,1,1,,N,N,,0,,0,0,0,3.0,2,,1618,1,2,0,0,0,1,0,3,4,0,2,3,,N,,,,,,,,,,,
2008120903,1800,1,0,0,0,0,0,0,0,0,8,0,,67,9,2008,5,39.9487,-75.2256,1758.0,6,0,0,0,0,0,0,0,0,1.0,0,0,0,99,4,1,0,,2,39 56:55.474,6.0,0,75 13:32.178,8,0,0,0,67301,1,0,0,N,1,0,0,2,67301,0,,1,1,,N,N,,0,,0,0,0,0.0,0,N,9999,1,2,0,0,0,1,0,3,4,0,1,98,,N,,,,,,,,,,,
2008079013,9999,0,0,0,0,0,0,0,0,0,4,0,,67,5,2008,2,39.8946,-75.2367,821.0,6,0,0,0,0,0,0,0,0,,0,0,0,8,1,2,1,,0,39 53:40.560,,0,75 14:12.120,3,0,0,0,67301,0,0,0,N,0,0,0,5,67301,0,,1,1,,N,N,,0,,2,0,2,3.0,2,,816,2,2,0,0,0,0,0,3,4,0,2,3,,N,,,,,,,,,,,
2008081531,1615,1,0,0,0,0,0,0,0,0,4,0,,67,4,2008,7,39.982,-75.2391,1610.0,6,0,0,0,0,1,0,0,0,,0,0,0,14,1,1,1,,0,39 58:55.079,,0,75 14:20.664,4,0,0,0,67301,0,0,0,,0,0,0,2,67301,1,,1,1,,,,,0,,0,0,0,3.0,2,,1445,1,2,0,0,0,0,0,3,4,1,2,3,,N,,,,,,,,,,,
2008073708,816,0,0,0,0,0,0,0,0,0,7,0,,67,4,2008,1,40.0933,-75.0041,814.0,6,0,0,1,0,0,0,0,0,,0,0,0,8,1,1,0,,0,40 05:35.728,,0,75 00:14.817,2,0,0,0,67301,0,0,0,,0,0,0,1,67301,0,,2,9,,,,,1,,0,1,0,0.0,0,,812,1,1,0,0,0,0,0,3,4,0,1,7,,N,,,,,,,,,,,
2008073712,752,1,0,0,0,0,0,0,0,0,2,0,,67,4,2008,6,40.0809,-75.0288,743.0,6,0,0,0,0,0,1,0,0,1.0,0,0,0,7,1,2,1,,1,40 04:51.446,3.0,0,75 01:43.230,8,0,0,0,67301,0,0,0,N,0,0,0,4,67301,0,,1,1,,N,N,,0,,0,0,1,3.0,2,N,743,2,2,0,0,0,2,0,3,4,0,2,3,,N,,,,,,,,,,,
2008097538,1942,2,0,0,0,0,0,0,0,0,6,0,,67,7,2008,1,39.9724,-75.2533,1940.0,6,0,0,0,0,0,0,0,0,,0,0,0,19,1,2,1,,0,39 58:20.718,,0,75 15:11.792,4,0,0,0,67301,0,0,0,N,0,0,0,3,67301,2,,1,1,,N,N,,0,,0,0,0,3.0,2,,1940,2,2,0,0,1,0,0,3,4,0,2,3,,N,,,,,,,,,,,
2008078540,2351,1,0,0,0,0,0,0,0,0,7,0,,67,7,2008,5,39.9346,-75.1999,2348.0,6,0,0,0,0,0,0,0,0,2.0,0,0,0,23,3,0,0,,2,39 56:09.481,4.0,0,75 11:58.598,0,0,0,0,67301,0,0,0,Y,0,0,0,1,68K01,0,,2,1,,N,N,,0,,0,0,0,0.0,0,N,2342,0,1,0,0,0,0,0,3,4,0,1,3,,N,,,,,,,,,,,
2008108289,303,3,0,0,0,0,0,0,0,0,5,0,,67,8,2008,6,39.9873,-75.1594,303.0,6,0,0,0,0,0,0,0,0,,0,0,0,3,3,1,0,,0,39 59:14.330,,0,75 09:33.674,4,0,0,0,67301,0,0,0,N,0,0,0,1,67301,1,,6,1,,N,N,,1,,0,0,0,0.0,0,,300,1,4,0,0,1,0,0,3,4,0,4,3,,N,,,,,,,,,,,
2008079181,925,3,0,0,0,0,0,0,0,0,1,0,,67,5,2008,6,40.0045,-75.1321,922.0,6,0,0,0,1,0,0,0,0,,0,0,0,9,1,1,1,,0,40 00:16.318,,0,75 07:55.437,8,0,0,0,67301,0,0,0,N,0,0,0,3,67301,0,,1,9,,N,N,,0,,0,0,0,3.0,2,,920,1,3,0,0,0,1,2,3,4,0,3,7,,N,,,,,,,,,,,
2008079191,1902,0,0,0,0,0,0,0,0,0,8,0,,67,5,2008,7,39.9363,-75.1737,1857.0,6,0,0,0,0,0,0,0,0,,0,0,0,18,3,1,1,,0,39 56:10.582,,0,75 10:25.240,8,0,0,0,67301,1,0,0,N,1,0,0,2,67301,0,,9,1,,N,N,,0,,0,0,0,0.0,0,,1855,1,2,0,0,0,1,1,3,4,0,1,3,,N,,,,,,,,,,,
2008098503,850,2,0,0,0,0,0,0,0,0,1,0,,67,7,2008,2,39.9543,-75.1918,849.0,6,0,0,0,0,0,1,1,0,,0,0,0,8,1,1,1,,0,39 57:15.607,,0,75 11:30.315,4,0,0,0,67301,0,0,0,N,0,0,0,2,67301,1,,1,1,,N,N,,0,,0,0,0,3.0,2,,848,1,2,0,0,0,0,0,3,4,0,2,3,,N,,,,,,,,,,,
2008096021,354,1,0,0,0,0,0,0,0,0,7,0,,67,8,2008,1,40.021,-75.0414,354.0,6,0,0,0,0,0,0,0,0,2.0,0,0,0,3,3,0,0,,1,40 01:17.377,1.0,0,75 02:24.159,0,0,0,0,67301,0,0,0,N,0,0,0,2,68K01,0,,2,1,,N,N,,0,,0,0,0,0.0,0,N,310,0,1,0,0,0,0,0,3,4,0,1,3,,N,,,,,,,,,,,
2008073984,1101,1,0,0,1,0,0,0,0,0,8,0,,67,4,2008,4,39.9505,-75.1926,1100.0,6,0,0,0,0,0,0,0,0,,0,0,0,10,1,1,1,,0,39 57:01.634,,0,75 11:33.356,3,0,0,0,67301,1,0,0,N,0,0,0,2,67301,0,,1,1,,N,N,,0,,1,0,0,2.0,2,,1055,1,2,0,0,0,0,0,3,4,0,1,3,,N,,,,,,,,,,,
2008098172,1202,1,0,0,0,0,0,0,0,0,1,0,,67,7,2008,1,40.0596,-75.0444,1137.0,6,0,0,0,0,0,0,0,0,1.0,0,0,0,11,1,1,0,,1,40 03:33.888,2.0,0,75 02:40.100,4,0,0,0,67301,0,0,0,N,0,0,0,3,67301,1,,1,1,,N,N,,0,,0,0,1,0.0,0,N,1135,1,2,0,0,0,0,0,3,4,0,2,3,,N,,,,,,,,,,,
2008119185,2119,0,0,0,0,0,0,0,0,0,2,0,,67,9,2008,6,39.994,-75.0939,2118.0,6,0,0,0,0,0,0,0,0,,0,0,0,18,3,1,0,,0,39 59:38.227,,0,75 05:38.151,8,0,0,0,67301,0,0,0,N,0,0,0,1,67301,0,,2,9,,N,N,,1,,0,0,1,0.0,0,,1843,1,2,0,0,0,1,0,3,4,0,2,7,,N,,,,,,,,,,,
2008133562,1035,0,0,0,1,0,0,0,0,0,6,0,99.0,67,10,2008,5,39.96,-75.2249,1930.0,6,0,0,0,0,0,0,0,0,,0,0,0,10,1,1,1,,0,39 57:35.789,,0,75 13:29.539,4,0,0,0,67301,1,0,0,N,0,0,0,2,67301,1,,5,1,,N,N,,1,,0,0,0,3.0,2,,1030,1,2,0,0,0,0,0,3,4,0,1,3,,Y,8.0,8.0,U,U,U,U,U,U,U,U,
2008095680,1825,1,0,0,1,0,0,0,0,0,4,0,,67,7,2008,2,40.001,-75.1001,1823.0,6,0,0,0,0,0,1,0,0,,0,0,0,18,1,1,1,,0,40 00:03.600,,0,75 06:00.360,4,0,0,0,67301,1,0,0,N,0,0,0,3,67301,1,,1,1,,N,N,,0,,0,0,0,3.0,2,,1823,1,2,0,0,0,0,0,3,4,0,1,3,,N,,,,,,,,,,,
2008095694,1854,2,0,0,0,0,0,0,0,0,4,0,,67,8,2008,5,40.1166,-75.0139,1849.0,6,0,0,0,0,0,1,0,0,1.0,0,0,0,99,1,2,2,,1,40 06:59.839,7.0,0,75 00:50.169,4,0,0,0,67301,0,0,0,N,0,0,0,2,67301,2,,1,1,,N,N,,0,,0,0,0,3.0,3,N,9999,2,2,0,0,0,0,0,3,4,0,2,3,,N,,,,,,,,,,,
2008095709,1730,1,0,0,0,0,0,0,0,0,4,0,,67,6,2008,3,40.0328,-75.2079,1724.0,6,0,0,0,0,0,0,0,0,,0,0,0,17,1,0,2,,0,40 01:58.095,,0,75 12:28.565,0,0,0,0,67301,0,0,0,N,0,0,0,6,67301,0,,1,1,,N,N,,0,,0,0,1,3.0,3,,1720,0,2,0,0,0,0,0,3,4,0,2,3,,N,,,,,,,,,,,
2008088401,1333,1,0,0,0,0,0,0,0,0,8,0,,67,5,2008,7,39.9909,-75.1016,1331.0,6,0,0,0,0,1,0,0,0,,0,0,0,13,1,1,1,,0,39 59:27.381,,0,75 06:05.712,8,0,0,0,67301,1,0,0,,1,0,0,2,67301,0,,1,9,,,,,0,,0,0,0,9.0,2,,1330,1,2,0,0,0,1,0,3,4,0,1,7,,N,,,,,,,,,,,
2008088446,2320,1,0,0,0,0,0,0,0,0,7,0,,67,6,2008,3,39.92,-75.1909,2315.0,6,0,0,0,0,0,0,0,0,1.0,0,0,0,22,3,0,0,,2,39 55:12.182,4.0,1,75 11:27.258,0,0,0,0,67301,0,0,0,N,0,0,0,4,67301,0,,7,9,,N,N,,0,,0,0,0,0.0,0,N,2245,0,1,0,0,0,0,0,3,4,0,1,7,,N,,,,,,,,,,,
2008080396,748,2,0,0,0,0,0,0,0,0,1,0,,67,7,2008,7,39.9494,-75.1845,748.0,6,0,0,0,0,0,1,0,0,1.0,0,0,0,7,1,0,0,,1,39 57:01.691,3.0,0,75 11:00.192,0,0,0,0,67301,0,0,0,N,0,0,0,5,68K01,0,,1,9,,N,N,,0,,0,0,1,0.0,0,N,748,0,3,0,0,1,0,0,3,4,0,3,3,,N,,,,,,,,,,,
2008095304,2132,0,0,0,0,0,0,0,0,0,8,0,,67,6,2008,6,39.9964,-75.1135,2132.0,6,0,0,0,0,0,1,0,0,2.0,0,0,0,21,3,1,1,,2,39 59:47.157,5.0,0,75 06:48.512,2,0,0,0,67301,1,0,1,N,1,0,1,2,67301,0,,1,1,,N,N,,0,,0,1,0,3.0,2,Y,2128,1,2,0,0,0,0,0,3,4,1,1,3,,N,,,,,,,,,,,
2008088242,2355,1,0,0,0,0,0,0,0,0,7,0,,67,6,2008,3,39.9183,-75.209,2345.0,6,0,0,1,0,0,0,0,0,,0,0,0,23,3,1,0,,0,39 55:06.830,,0,75 12:28.985,8,0,0,0,67301,0,0,0,,0,0,0,1,67301,0,,3,9,,,,,0,,0,0,0,0.0,0,,2330,1,1,0,0,0,1,0,3,4,0,1,7,,N,,,,,,,,,,,
2008088253,2100,0,0,0,0,0,0,0,0,0,8,0,,67,6,2008,5,39.9933,-75.137,2030.0,6,0,0,0,0,0,0,0,0,,0,0,0,20,3,1,1,,0,39 59:35.898,,0,75 08:13.189,4,0,0,0,67301,1,0,0,N,1,0,0,2,67301,1,,1,1,,N,N,,0,,0,0,1,3.0,3,,2030,1,2,0,0,0,0,0,3,4,0,1,3,,N,,,,,,,,,,,
2008085871,1855,2,0,0,0,0,0,0,0,0,5,0,,67,6,2008,3,39.93,-75.1777,1848.0,6,0,0,0,0,0,1,0,0,,0,0,0,6,1,4,0,,0,39 55:47.906,,0,75 10:39.590,8,0,0,0,67301,0,0,0,N,0,0,0,5,67301,0,,1,1,,N,N,,0,,0,0,0,0.0,0,,630,4,2,0,0,0,4,0,3,4,0,2,3,,N,,,,,,,,,,,
2008088000,910,3,0,0,0,0,0,0,0,0,2,0,,67,6,2008,3,40.0663,-75.1446,910.0,6,0,0,0,0,0,0,0,0,1.0,0,0,0,8,1,1,2,,1,40 03:58.716,1.0,99,75 08:40.405,4,0,0,0,67301,0,0,0,N,0,0,0,3,67301,1,,1,1,,N,N,,0,,0,0,0,0.0,0,N,850,1,3,0,0,0,0,0,3,4,0,3,3,,N,,,,,,,,,,,
2008086023,1759,1,0,0,0,0,0,0,0,0,1,0,,67,7,2008,5,40.0245,-75.0308,1757.0,6,0,0,0,0,0,0,1,0,,0,0,0,17,1,1,0,,0,40 01:27.929,,0,75 01:50.949,4,0,0,0,67301,0,0,0,N,0,0,0,4,68K01,1,,1,1,,N,N,,0,,0,0,1,0.0,0,,1755,1,2,0,0,0,0,0,3,4,0,2,3,,N,,,,,,,,,,,
2008088066,1605,1,0,0,0,0,0,0,0,0,4,0,,67,6,2008,3,40.0677,-75.183,1559.0,6,0,0,0,0,0,0,1,0,,0,0,0,15,1,0,1,,0,40 04:03.883,,0,75 10:58.719,0,0,0,0,67301,0,0,0,N,0,0,0,3,67301,0,,1,1,,N,N,,0,,0,0,1,3.0,3,,1514,0,2,0,0,0,0,0,3,4,0,2,3,,N,,,,,,,,,,,
2008098003,1548,2,0,0,0,0,0,0,0,0,6,0,,67,6,2008,4,39.9668,-75.1788,1547.0,6,0,0,0,0,1,1,0,0,,0,0,0,15,1,1,1,,0,39 58:00.303,,0,75 10:43.676,4,0,0,0,67301,0,0,0,N,0,0,0,3,67301,1,,1,1,,N,N,,0,,0,0,0,3.0,2,,1543,1,2,0,0,0,0,0,3,4,0,2,3,,N,,,,,,,,,,,
2008098004,908,1,0,0,0,0,0,0,0,0,5,0,,67,6,2008,6,40.1045,-75.0021,859.0,6,0,0,0,0,0,0,0,1,,0,0,0,8,1,1,0,,0,40 06:16.236,,0,75 00:07.401,4,0,0,0,67301,0,0,0,N,0,0,0,6,67301,1,,1,1,,N,N,,1,,0,0,0,0.0,0,,859,1,2,0,0,0,0,0,3,4,0,2,3,,N,,,,,,,,,,,
2008087872,1526,1,0,0,0,0,0,0,0,0,7,0,,67,6,2008,4,40.0074,-75.2081,1516.0,6,0,0,0,0,0,0,0,0,,0,0,0,15,1,1,0,,0,40 00:26.628,,0,75 12:29.142,8,0,0,0,67301,0,0,0,N,0,0,0,1,67301,0,,4,1,,N,N,,0,,0,0,0,3.0,2,,1500,1,1,0,0,0,1,0,3,4,0,1,3,,N,,,,,,,,,,,
2008078925,1902,1,0,0,0,0,0,0,0,0,8,0,,67,5,2008,7,39.9747,-75.1605,1900.0,6,0,0,0,0,0,0,1,0,,0,0,0,18,1,1,1,,0,39 58:28.923,,0,75 09:37.724,8,0,0,0,67301,1,0,0,,1,0,0,2,67301,0,,1,1,,,,,0,,0,0,0,9.0,2,,1857,1,2,0,0,0,1,0,3,4,0,1,3,,N,,,,,,,,,,,
2008078921,1719,1,0,0,0,0,0,0,0,0,7,0,,67,5,2008,1,40.0495,-75.0508,1715.0,6,0,0,0,0,0,0,0,0,3.0,0,0,0,17,1,1,0,,2,40 02:58.010,1.0,0,75 03:02.954,2,0,0,0,67301,0,0,0,N,0,0,0,1,67301,0,,4,1,,N,N,,0,,0,1,0,0.0,0,Y,1712,1,1,0,0,0,0,0,3,4,0,1,3,,N,,,,,,,,,,,
2008081502,650,0,0,0,0,0,0,0,0,0,8,0,,67,5,2008,2,39.9697,-75.2115,640.0,6,0,0,0,0,0,1,0,0,,0,0,0,6,1,1,1,,0,39 58:10.747,,0,75 12:41.275,8,0,0,0,67301,1,0,0,N,1,0,0,2,67301,0,,1,1,,N,N,,0,,0,0,0,3.0,2,,630,1,2,0,0,0,1,0,3,4,1,1,3,,N,,,,,,,,,,,
2008070735,1720,1,0,0,0,0,0,0,0,0,8,0,,67,4,2008,5,39.9764,-75.1601,1714.0,6,0,1,0,0,0,0,0,0,,0,0,0,17,1,1,0,,0,39 58:35.069,,0,75 09:36.352,4,0,0,0,67301,1,0,0,,1,0,0,3,67301,1,,1,1,,,,,0,,0,0,0,0.0,0,,1710,1,2,0,0,2,0,0,3,4,0,1,3,,N,,,,,,,,,,,
2008070812,1417,2,0,0,0,0,0,0,0,0,2,0,,67,4,2008,2,40.1052,-75.0328,1415.0,6,0,0,0,0,1,0,0,0,,0,0,0,14,1,2,1,,0,40 06:18.818,,0,75 01:57.756,4,0,0,0,67301,0,0,0,,0,0,0,3,67301,2,,1,1,,,,,0,,0,0,0,3.0,2,,1408,2,2,0,0,0,0,0,3,4,0,2,3,,N,,,,,,,,,,,
2008098652,1002,1,0,0,0,0,0,0,0,0,4,0,,67,7,2008,1,39.9432,-75.1537,1001.0,6,0,0,0,0,0,0,0,0,2.0,0,0,0,10,1,1,2,,2,39 56:35.610,4.0,0,75 09:13.269,4,0,0,0,67301,0,0,0,N,0,0,0,3,67301,1,,1,1,,N,N,,0,,0,0,1,9.0,2,Y,1001,1,2,0,0,0,0,0,3,4,0,2,3,,N,,,,,,,,,,,
2008098656,1648,0,0,0,0,0,0,0,0,0,2,0,,67,6,2008,4,39.9815,-75.2241,1535.0,6,0,0,0,0,0,0,0,0,,0,0,0,21,3,1,1,,0,39 58:53.400,,0,75 13:26.400,3,0,0,2,67301,0,0,0,N,0,0,0,2,67301,0,,1,1,,N,N,,0,,1,0,0,0.0,0,,2130,1,2,0,0,0,0,1,3,4,0,2,3,,N,,,,,,,,,,,
2008098675,252,1,0,0,0,0,0,0,0,0,1,0,,67,7,2008,7,39.9676,-75.225,245.0,6,0,0,0,0,0,0,0,0,,0,0,0,2,3,2,2,,0,39 58:03.245,,0,75 13:30.138,3,0,0,1,67301,0,0,0,N,0,0,0,3,67301,1,,1,1,,N,N,,0,,1,0,0,0.0,0,,240,2,3,0,0,0,0,0,3,4,1,3,3,,N,,,,,,,,,,,
2008120906,1536,2,0,0,0,0,0,0,0,0,4,0,,67,10,2008,4,39.9549,-75.1511,1514.0,6,0,0,0,0,0,0,0,0,1.0,0,0,0,15,1,0,1,,2,39 57:17.480,1.0,0,75 09:04.008,0,0,0,0,67301,0,0,0,N,0,0,0,3,67301,0,,1,9,,N,N,,0,,0,0,0,9.0,2,N,1512,0,2,0,0,0,0,0,3,4,0,2,7,,N,,,,,,,,,,,
2008081568,1608,1,0,0,0,0,0,0,0,0,8,0,,67,5,2008,2,40.0278,-75.123,1600.0,6,0,0,0,0,0,0,0,0,,0,0,0,15,1,1,0,,0,40 01:40.231,,0,75 07:22.897,8,0,0,0,67301,1,0,0,N,1,0,0,2,67301,0,,1,1,,N,N,,0,,0,0,0,0.0,0,,1520,1,2,0,0,1,1,0,3,4,0,1,3,,N,,,,,,,,,,,
2008094847,1855,1,0,0,0,0,0,0,0,0,3,0,,67,8,2008,3,39.9957,-75.1202,1855.0,6,0,0,0,0,0,1,0,0,,0,0,0,18,1,1,2,,0,39 59:44.606,,0,75 07:12.662,4,0,0,1,67301,0,0,0,N,0,0,0,2,67301,1,,1,1,,N,N,,0,,0,0,0,9.0,3,,1850,1,2,0,0,0,0,0,3,4,0,2,3,,N,,,,,,,,,,,
2008094852,9999,1,0,0,0,0,0,0,0,0,8,0,,67,8,2008,5,39.9973,-75.1037,847.0,6,0,0,0,0,0,0,0,0,,0,0,0,21,1,1,0,,0,39 59:50.355,,0,75 06:13.258,3,0,0,0,67301,1,0,0,N,1,0,0,2,67301,0,,1,1,,N,N,,0,,1,0,0,0.0,0,,2130,1,2,0,0,0,0,0,3,4,0,1,3,,N,,,,,,,,,,,
2008094906,1319,1,0,0,0,0,0,0,0,0,4,0,,67,7,2008,4,39.9376,-75.1646,1317.0,6,0,0,0,0,0,0,0,0,,0,0,0,13,1,2,1,,0,39 56:15.342,,0,75 09:52.613,4,0,0,0,67301,0,0,0,N,0,0,0,2,67301,2,,1,1,,N,N,,1,,0,0,0,3.0,2,,1315,2,2,0,0,0,0,0,3,4,0,2,3,,N,,,,,,,,,,,
2008079180,1834,2,0,0,0,0,0,0,0,0,4,0,,67,5,2008,7,39.9055,-75.1741,1934.0,6,0,0,0,1,0,0,0,0,,0,0,0,18,1,0,2,,0,39 54:19.871,,0,75 10:26.844,0,0,0,0,67301,0,0,0,N,0,0,0,6,67301,0,,1,1,,N,N,,0,,0,0,0,0.0,0,,1834,0,2,0,0,0,0,0,3,4,0,2,3,,N,,,,,,,,,,,