CRN,ARRIVAL_TM,AUTOMOBILE_COUNT,BELTED_DEATH_COUNT,BELTED_SUSP_SERIOUS_INJ_COUNT,BICYCLE_COUNT,BICYCLE_DEATH_COUNT,BICYCLE_SUSP_SERIOUS_INJ_COUNT,BUS_COUNT,CHLDPAS_DEATH_COUNT,CHLDPAS_SUSP_SERIOUS_INJ_COUNT,COLLISION_TYPE,COMM_VEH_COUNT,CONS_ZONE_SPD_LIM,COUNTY,CRASH_MONTH,CRASH_YEAR,DAY_OF_WEEK,DEC_LAT,DEC_LONG,DISPATCH_TM,DISTRICT,DRIVER_COUNT_16YR,DRIVER_COUNT_17YR,DRIVER_COUNT_18YR,DRIVER_COUNT_19YR,DRIVER_COUNT_20YR,DRIVER_COUNT_50_64YR,DRIVER_COUNT_65_74YR,DRIVER_COUNT_75PLUS,EST_HRS_CLOSED,FATAL_COUNT,HEAVY_TRUCK_COUNT,HORSE_BUGGY_COUNT,HOUR_OF_DAY,ILLUMINATION,INJURY_COUNT,INTERSECT_TYPE,INTERSECTION_RELATED,LANE_CLOSED,LATITUDE,LN_CLOSE_DIR,LOCATION_TYPE,LONGITUDE,MAX_SEVERITY_LEVEL,MCYCLE_DEATH_COUNT,MCYCLE_SUSP_SERIOUS_INJ_COUNT,MOTORCYCLE_COUNT,MUNICIPALITY,NONMOTR_COUNT,NONMOTR_DEATH_COUNT,NONMOTR_SUSP_SERIOUS_INJ_COUNT,NTFY_HIWY_MAINT,PED_COUNT,PED_DEATH_COUNT,PED_SUSP_SERIOUS_INJ_COUNT,PERSON_COUNT,POLICE_AGCY,POSSIBLE_INJ_COUNT,RDWY_SURF_TYPE_CD,RELATION_TO_ROAD,ROAD_CONDITION,ROADWAY_CLEARED,SCH_BUS_IND,SCH_ZONE_IND,SECONDARY_CRASH,SMALL_TRUCK_COUNT,SPEC_JURIS_CD,SUSP_MINOR_INJ_COUNT,SUSP_SERIOUS_INJ_COUNT,SUV_COUNT,TCD_FUNC_CD,TCD_TYPE,TFC_DETOUR_IND,TIME_OF_DAY,TOT_INJ_COUNT,TOTAL_UNITS,UNB_DEATH_COUNT,UNB_SUSP_SERIOUS_INJ_COUNT,UNBELTED_OCC_COUNT,UNK_INJ_DEG_COUNT,UNK_INJ_PER_COUNT,URBAN_AREA,URBAN_RURAL,VAN_COUNT,VEHICLE_COUNT,WEATHER1,WEATHER2,WORK_ZONE_IND,WORK_ZONE_LOC,WORK_ZONE_TYPE,WORKERS_PRES,WZ_CLOSE_DETOUR,WZ_FLAGGER,WZ_LAW_OFFCR_IND,WZ_LN_CLOSURE,WZ_MOVING,WZ_OTHER,WZ_SHLDER_MDN,WZ_WORKERS_INJ_KILLED
2008079195,2026,1,0,0,0,0,0,0,0,0,7,0,,67,4,2008,6,40.0148,-75.0854,2021.0,6,0,0,0,0,0,1,0,0,3.0,0,0,0,20,3,1,0,,2,40 00:53.429,5.0,0,75 05:07.433,2,0,0,0,67301,0,0,0,N,0,0,0,1,67301,0,,5,1,,N,N,,0,,0,1,0,0.0,0,Y,2013,1,1,0,0,0,0,0,3,4,0,1,3,,N,,,,,,,,,,,
2008079201,2110,2,0,0,0,0,0,0,0,0,5,0,,67,5,2008,4,40.0167,-75.1479,2100.0,6,0,0,0,0,0,0,0,0,1.0,0,0,0,20,3,1,0,,1,40 01:00.111,3.0,0,75 08:52.283,4,0,0,0,67301,0,0,0,N,0,0,0,2,67301,1,,1,1,,N,N,,0,,0,0,0,0.0,0,N,2045,1,2,0,0,0,0,0,3,4,0,2,3,,N,,,,,,,,,,,
2008100893,1608,1,0,0,0,0,0,1,0,0,4,1,,67,6,2008,2,40.0335,-75.0853,1602.0,6,0,0,0,0,0,1,0,0,,0,0,0,16,1,1,1,,0,40 02:00.712,,0,75 05:07.192,4,0,0,0,67301,0,0,0,,0,0,0,2,67301,1,,1,1,,Y,,,0,,0,0,0,3.0,2,,1600,1,2,0,0,0,0,0,3,4,0,2,3,,N,,,,,,,,,,,
2008083665,959,0,0,0,0,0,0,0,0,0,8,1,,67,4,2008,3,40.0023,-75.1338,959.0,6,0,0,0,0,0,0,0,0,,0,1,0,9,1,1,1,,0,40 00:08.150,,0,75 08:01.561,8,0,0,0,67301,1,0,0,N,1,0,0,3,67301,0,,1,9,,N,N,,1,,0,0,0,3.0,3,,957,1,3,0,0,0,1,0,3,4,0,2,7,,N,,,,,,,,,,,
2008089155,9999,2,0,0,0,0,0,0,0,0,1,0,,67,1,2008,5,,,9999.0,6,0,0,0,0,0,1,0,0,,0,0,0,14,1,1,0,,0,,,0,,8,0,0,0,67301,0,0,0,N,0,0,0,3,00000,0,,1,1,,N,N,,0,,0,0,0,0.0,0,,1440,1,2,0,0,0,1,1,3,3,0,2,3,,N,,,,,,,,,,,
2008089156,0,1,0,0,0,0,0,0,0,0,3,1,,67,4,2008,7,40.0071,-75.2137,0.0,6,0,0,0,0,0,0,0,0,,0,1,0,0,6,1,1,,0,40 00:25.593,,0,75 12:49.352,8,0,0,0,67301,0,0,0,N,0,0,0,2,00000,0,,1,1,,N,N,,0,,0,0,0,3.0,2,,45,1,2,0,0,0,1,1,3,4,0,2,3,,N,,,,,,,,,,,
2008103103,54,0,0,0,0,0,0,0,0,0,7,0,,67,6,2008,5,40.0198,-75.149,49.0,6,0,0,0,0,0,0,0,0,1.0,0,0,0,0,3,4,0,,2,40 01:11.034,1.0,0,75 08:56.589,4,0,0,0,67301,0,0,0,N,0,0,0,5,67301,2,,3,1,,N,N,,0,,0,0,0,0.0,0,Y,48,4,1,0,0,0,2,0,3,4,1,1,3,,N,,,,,,,,,,,
2008098423,1500,1,0,0,0,0,0,0,0,0,8,0,,67,7,2008,6,40.013,-75.0911,1500.0,6,0,0,0,0,0,1,0,0,,0,0,0,14,1,1,2,,0,40 00:46.677,,0,75 05:28.075,8,0,0,0,67301,1,0,0,,1,0,0,2,67301,0,,1,1,,,,,0,,0,0,0,3.0,3,,1450,1,2,0,0,0,1,0,3,4,0,1,3,,N,,,,,,,,,,,
2008098459,2042,2,0,0,0,0,0,0,0,0,4,0,,67,7,2008,5,39.978,-75.1526,2040.0,6,0,0,0,0,0,0,0,0,,0,0,0,20,3,2,1,,0,39 58:40.548,,0,75 09:09.257,4,0,0,0,67301,0,0,0,N,0,0,0,3,67301,2,,1,1,,N,N,,0,,0,0,0,3.0,2,,2040,2,2,0,0,2,0,0,3,4,0,2,3,,N,,,,,,,,,,,
2008098476,1325,1,0,0,0,0,0,0,0,0,8,0,,67,6,2008,6,40.0248,-75.1495,1258.0,6,0,0,0,0,0,0,0,1,,0,0,0,99,1,1,1,,0,40 01:29.110,,0,75 08:58.358,8,0,0,0,67301,1,0,0,N,1,0,0,2,67301,0,,1,1,,N,N,,0,,0,0,0,0.0,0,,9999,1,2,0,0,1,1,0,3,4,0,1,3,,N,,,,,,,,,,,
2008098480,2323,0,0,0,0,0,0,0,0,0,4,0,,67,8,2008,7,40.0213,-75.1485,2323.0,6,0,0,0,0,0,1,0,0,1.0,0,0,0,23,3,1,0,,1,40 01:16.700,1.0,7,75 08:54.627,4,0,0,0,67301,0,0,0,N,0,0,0,3,67301,1,,1,1,,N,N,,0,,0,0,1,0.0,0,N,2320,1,2,0,0,0,0,0,3,4,1,2,3,,N,,,,,,,,,,,
2008121567,1529,3,0,0,0,0,0,0,0,0,1,0,,67,10,2008,7,40.0022,-75.2246,1526.0,6,0,0,0,0,0,0,0,0,2.0,0,0,0,14,1,2,0,,1,40 00:11.512,2.0,0,75 13:20.444,4,0,0,0,67301,0,0,0,N,0,0,0,8,46104,1,,1,9,,N,N,,1,,0,0,0,0.0,0,N,1445,2,4,0,0,3,1,0,3,4,0,4,7,,N,,,,,,,,,,,
2008134026,1955,0,0,0,0,0,0,0,0,0,7,0,,67,10,2008,7,40.0119,-75.2049,1945.0,6,0,0,0,0,0,0,0,0,,0,0,0,19,3,3,3,,0,40 00:46.292,,2,75 12:16.185,8,0,0,0,67301,0,0,0,N,0,0,0,6,67301,0,,2,9,,N,N,,0,,0,0,1,0.0,0,,1945,3,1,0,0,0,3,3,3,4,0,1,7,,N,,,,,,,,,,,
2008134173,1724,1,0,0,0,0,0,0,0,0,5,1,,67,11,2008,4,39.9327,-75.1453,1724.0,6,0,0,0,0,0,1,0,0,2.0,0,1,0,17,3,1,0,,2,39 56:03.160,1.0,0,75 08:41.786,3,0,0,0,67301,0,0,0,N,0,0,0,2,68K01,0,,1,1,,N,N,,0,,1,0,0,0.0,0,N,1724,1,2,0,0,0,0,0,3,4,0,2,3,,N,,,,,,,,,,,
2008134175,2336,0,0,0,0,0,0,0,0,0,7,1,,67,11,2008,1,39.9319,-75.1998,2330.0,6,0,0,0,0,0,0,0,0,4.0,0,1,0,23,3,0,0,,2,39 55:56.740,6.0,0,75 12:00.041,0,0,0,0,67301,0,0,0,Y,0,0,0,1,68K01,0,,2,9,,N,N,,0,,0,0,0,0.0,0,Y,2328,0,1,0,0,0,0,0,3,4,0,1,7,,N,,,,,,,,,,,
2008133565,1012,1,0,0,1,0,0,0,0,0,4,0,,67,10,2008,6,39.9491,-75.2121,1008.0,6,0,0,0,0,0,0,0,0,,0,0,0,15,1,1,1,,0,39 56:56.960,,0,75 12:43.479,3,0,0,0,67301,1,0,0,,0,0,0,2,67301,0,,1,1,,N,N,,0,,1,0,0,3.0,3,,1500,1,2,0,0,0,0,1,3,4,0,1,3,,N,,,,,,,,,,,
2008118932,9999,1,0,0,0,0,0,0,0,0,8,0,,67,9,2008,7,39.9629,-75.2243,1203.0,6,0,0,0,0,0,0,0,0,,0,0,0,11,1,1,0,,0,39 57:46.298,,0,75 13:27.375,4,0,0,0,67301,1,0,0,N,1,0,0,2,67301,1,,1,1,,N,N,,0,,0,0,0,0.0,0,,1150,1,2,0,0,0,0,0,3,4,0,1,3,,N,,,,,,,,,,,
2008118955,1305,1,0,0,1,0,0,0,0,0,4,0,,67,9,2008,4,39.9301,-75.1464,1300.0,6,0,0,0,0,0,0,1,0,,0,0,0,12,1,1,2,,0,39 55:48.388,,0,75 08:47.140,8,0,0,0,67301,1,0,0,N,0,0,0,2,67301,0,,1,1,,N,N,,0,,0,0,0,3.0,3,,1250,1,2,0,0,0,1,0,3,4,0,1,3,,N,,,,,,,,,,,
2008133595,2105,1,0,0,0,0,0,0,0,0,8,0,,67,11,2008,2,39.9517,-75.1582,2103.0,6,0,1,0,0,0,0,0,0,,0,0,0,21,3,1,1,,0,39 57:05.957,,0,75 09:29.697,2,0,0,0,67301,1,0,1,,1,0,1,5,67301,0,,1,1,,,,,0,,0,1,0,3.0,2,,2100,1,2,0,0,0,0,0,3,4,0,1,3,,N,,,,,,,,,,,
2008118992,1410,1,0,0,0,0,0,0,0,0,1,0,,67,9,2008,6,39.9219,-75.1889,1403.0,6,0,0,0,1,0,0,0,0,,0,0,0,13,1,1,2,,0,39 55:19.003,,0,75 11:19.795,8,0,0,0,67301,0,0,0,N,0,0,0,2,67301,0,,1,1,,N,N,,0,,0,0,0,3.0,2,,1350,1,2,0,0,1,1,0,3,4,1,2,3,,N,,,,,,,,,,,
2008097844,1221,2,0,0,0,0,0,0,0,0,6,0,,67,8,2008,6,40.081,-75.029,1220.0,6,0,0,1,0,0,0,0,0,1.0,0,0,0,12,1,1,1,,1,40 04:51.600,2.0,0,75 01:44.400,4,0,0,0,67301,0,0,0,N,0,0,0,3,67301,1,,1,1,,N,N,,0,,0,0,0,3.0,2,N,1220,1,2,0,0,1,0,0,3,4,0,2,3,,N,,,,,,,,,,,
2008095699,2000,0,0,0,0,0,0,0,0,0,8,0,,67,6,2008,7,39.9938,-75.1459,1955.0,6,0,0,0,0,0,0,0,0,5.0,0,0,0,19,1,1,0,,2,39 59:37.808,6.0,0,75 08:45.170,4,0,0,0,67301,1,0,0,N,1,0,0,2,67301,1,,1,1,,N,N,,0,,0,0,1,0.0,0,N,1945,1,2,0,0,0,0,0,3,4,0,1,3,,N,,,,,,,,,,,
2008095710,1544,1,0,0,1,0,0,0,0,0,8,0,,67,6,2008,3,40.0345,-75.2345,1542.0,6,0,0,0,0,0,0,0,0,,0,0,0,15,1,1,0,,0,40 02:04.078,,7,75 14:04.357,8,0,0,0,67301,1,0,0,N,0,0,0,2,67301,0,,1,1,,N,N,,0,,0,0,0,0.0,0,,1542,1,2,0,0,1,1,0,3,4,0,1,3,,N,,,,,,,,,,,
2008097915,606,1,0,0,0,0,0,0,0,0,8,0,,67,7,2008,4,39.9746,-75.1836,606.0,6,0,0,0,0,0,0,0,0,,0,0,0,5,1,1,0,,0,39 58:28.481,,0,75 11:01.066,8,0,0,0,67301,1,0,0,N,1,0,0,2,67301,0,,1,98,,N,N,,0,,0,0,0,0.0,0,,500,1,2,0,0,0,1,1,3,4,0,1,99,,N,,,,,,,,,,,
2008097931,2006,2,0,0,0,0,0,0,0,0,4,0,,67,7,2008,4,40.0474,-75.1565,2005.0,6,0,0,0,0,0,0,0,0,,0,0,0,20,1,1,1,,0,40 02:50.604,,0,75 09:23.324,8,0,0,0,67301,0,0,0,N,0,0,0,2,67301,0,,1,1,,N,N,,0,,0,0,0,0.0,0,,2003,1,2,0,0,0,1,0,3,4,0,2,3,,N,,,,,,,,,,,
2008085347,2049,1,0,0,0,0,0,1,0,0,5,1,,67,5,2008,5,39.9932,-75.1852,2047.0,6,0,0,0,0,0,1,0,0,,0,0,0,20,3,1,0,,0,39 59:35.509,,0,75 11:06.680,8,0,0,0,67301,0,0,0,N,0,0,0,2,67301,0,,1,1,,N,N,,0,,0,0,0,2.0,2,,2047,1,2,0,0,0,1,0,3,4,0,2,3,,N,,,,,,,,,,,
2008088414,1345,2,0,0,0,0,0,0,0,0,2,0,,67,5,2008,2,40.0137,-75.1588,1340.0,6,0,0,0,0,0,1,0,0,,0,0,0,13,1,1,1,,0,40 00:49.198,,0,75 09:31.528,4,0,0,0,67301,0,0,0,N,0,0,0,2,67301,1,,1,1,,N,N,,0,,0,0,0,3.0,2,,1334,1,2,0,0,0,0,0,3,4,0,2,3,,N,,,,,,,,,,,
2008088442,1757,2,0,0,0,0,0,0,0,0,4,0,,67,6,2008,6,40.0389,-75.1247,1753.0,6,0,0,0,0,0,0,1,0,,0,0,0,17,1,1,1,,0,40 02:20.097,,0,75 07:28.988,4,0,0,0,67301,0,0,0,N,0,0,0,2,67301,1,,1,1,,,,,0,,0,0,0,3.0,3,,1715,1,2,0,0,0,0,0,3,4,0,2,3,,N,,,,,,,,,,,
2008088218,1753,1,0,0,0,0,0,0,0,0,8,0,,67,5,2008,7,39.9948,-75.144,1750.0,6,0,0,0,0,0,0,0,0,,0,0,0,17,1,1,0,,0,39 59:41.442,,0,75 08:38.302,8,0,0,0,67301,1,0,0,,1,0,0,2,67301,0,,1,1,,,,,0,,0,0,0,0.0,0,,1750,1,2,0,0,0,1,0,3,4,0,1,98,,N,,,,,,,,,,,
2008088277,1230,1,0,0,0,0,0,0,0,0,8,0,,67,5,2008,5,40.0254,-75.2127,1225.0,6,0,0,0,0,0,1,0,0,,0,0,0,12,1,1,0,,0,40 01:31.407,,0,75 12:45.666,8,0,0,0,67301,1,0,0,N,1,0,0,2,67301,0,,1,9,,N,N,,0,,0,0,0,0.0,0,,1224,1,2,0,0,0,1,0,3,4,0,1,7,,N,,,,,,,,,,,
2008088281,50,1,0,0,0,0,0,0,0,0,7,0,,67,6,2008,7,40.0471,-75.2069,47.0,6,0,0,0,0,0,0,0,0,,0,0,0,0,3,2,2,,0,40 02:49.560,,0,75 12:24.840,4,0,0,0,67301,0,0,0,N,0,0,0,4,67301,1,,2,1,,N,N,,0,,0,0,0,9.0,9,,43,2,1,0,0,0,1,1,3,4,0,1,3,,N,,,,,,,,,,,
2008088300,1625,2,0,0,0,0,0,0,0,0,1,0,,67,6,2008,4,40.0258,-75.1099,1620.0,6,0,0,0,0,0,0,0,0,,0,0,0,16,1,1,0,,0,40 01:32.926,,0,75 06:35.481,8,0,0,0,67301,0,0,0,N,0,0,0,5,67301,0,,1,1,,N,N,,0,,0,0,0,3.0,2,,1616,1,2,0,0,0,1,0,3,4,0,2,3,,N,,,,,,,,,,,
2008088305,701,4,0,0,0,0,0,0,0,0,4,0,,67,6,2008,4,40.0139,-75.126,701.0,6,0,0,0,0,0,0,0,0,,0,0,0,6,1,2,1,,0,40 00:49.975,,0,75 07:33.617,3,0,0,0,67301,0,0,0,,0,0,0,4,67301,0,,1,9,,,,,0,,2,0,0,2.0,2,,658,2,4,0,0,0,0,0,3,4,0,4,7,,N,,,,,,,,,,,
2008088663,0,1,0,0,0,0,0,0,0,0,4,0,,67,1,2008,6,40.0546,-75.1497,0.0,6,0,0,0,0,0,0,0,0,,0,0,0,6,1,1,1,,0,40 03:16.700,,0,75 08:58.941,8,0,0,0,67301,0,0,0,N,0,0,0,2,00000,0,,1,1,,N,N,,0,,0,0,0,3.0,2,,620,1,2,0,0,0,1,1,3,4,0,2,3,,N,,,,,,,,,,,
2008103643,2006,1,0,0,0,0,0,0,0,0,7,0,,67,6,2008,7,39.9527,-75.1415,2006.0,6,0,0,0,0,0,0,0,0,,0,0,0,19,1,2,0,,0,39 56:59.890,,0,75 08:30.266,2,0,0,0,67301,0,0,0,N,0,0,0,2,67301,0,,3,1,,N,N,,0,,1,1,0,0.0,0,,1958,2,1,0,1,2,0,0,3,4,0,1,3,,N,,,,,,,,,,,
2008108464,1708,3,0,0,0,0,0,0,0,0,4,0,,67,8,2008,1,39.9671,-75.2438,1706.0,6,0,0,0,0,0,0,0,0,,0,0,0,17,1,1,1,,0,39 58:01.462,,0,75 14:37.589,4,0,0,0,67301,0,0,0,N,0,0,0,2,67301,1,,1,1,,,,,0,,0,0,0,0.0,0,,1700,1,3,0,0,0,0,1,3,4,0,3,3,,N,,,,,,,,,,,
2008099300,2200,2,0,0,0,0,0,0,0,0,4,0,,67,7,2008,4,40.0227,-75.1482,2154.0,6,0,0,0,0,0,0,0,0,1.0,0,0,0,21,3,1,1,,1,40 01:21.652,4.0,0,75 08:53.543,4,0,0,0,67301,0,0,0,N,0,0,0,5,67301,1,,1,9,,N,N,,0,,0,0,0,3.0,2,Y,2150,1,2,0,0,3,0,0,3,4,0,2,7,,N,,,,,,,,,,,
2008103442,1200,0,0,0,0,0,0,0,0,0,4,0,,67,6,2008,2,39.9569,-75.2062,1150.0,6,0,0,0,0,0,0,0,0,,0,1,0,10,1,1,1,,0,39 57:24.825,,0,75 12:22.359,4,0,0,0,67301,0,0,0,N,0,0,0,2,67301,1,,1,1,,N,N,,0,,0,0,1,0.0,0,,1045,1,2,0,0,0,0,0,3,4,0,2,3,,N,,,,,,,,,,,
2008071915,815,0,0,0,0,0,0,0,0,0,8,0,,67,3,2008,3,39.9273,-75.154,810.0,6,0,0,0,0,0,0,0,0,,0,0,0,8,1,1,1,,0,39 55:38.416,,0,75 09:14.331,8,0,0,0,67301,1,0,0,N,1,0,0,2,67301,0,,4,1,,N,N,,0,,0,0,0,0.0,0,,800,1,2,0,0,0,1,1,3,4,0,1,3,,N,,,,,,,,,,,
2008094093,1139,1,0,0,0,0,0,0,0,0,1,0,,67,8,2008,6,39.9643,-75.1848,1129.0,6,0,0,0,0,0,0,1,0,,0,0,0,11,1,0,0,,0,39 57:52.160,,0,75 11:06.030,0,0,0,0,67301,0,0,0,N,0,0,0,3,68K01,0,,1,1,,N,N,,0,,0,0,0,0.0,0,,1123,0,2,0,0,0,0,0,3,4,1,2,3,,N,,,,,,,,,,,
2008082187,1647,1,0,0,0,0,0,0,0,0,8,0,,67,5,2008,3,39.987,-75.1857,1643.0,6,0,0,0,0,0,0,1,0,,0,0,0,16,1,1,0,,0,39 59:13.106,,0,75 11:08.592,8,0,0,0,67301,1,0,0,,1,0,0,2,67301,0,,1,1,,,,,0,,0,0,0,9.0,3,,1643,1,2,0,0,0,1,0,3,4,0,1,3,,N,,,,,,,,,,,
2008094880,923,1,0,0,0,0,0,0,0,0,2,0,,67,6,2008,6,40.1221,-74.9984,913.0,6,1,0,0,0,0,0,0,0,,0,0,0,9,1,2,2,,0,40 07:19.488,,0,74 59:54.394,8,0,0,0,67301,0,0,0,N,0,0,0,5,67301,0,,1,1,,N,N,,0,,0,0,1,0.0,0,,900,2,2,0,0,0,2,3,3,4,0,2,3,,N,,,,,,,,,,,
2008094928,1230,1,0,0,0,0,0,0,0,0,4,0,,67,6,2008,3,39.9558,-75.159,1215.0,6,0,0,0,0,0,0,0,0,,0,0,0,12,1,2,1,,0,39 57:20.808,,0,75 09:32.558,4,0,0,0,67301,0,0,0,N,0,0,0,3,67301,2,,1,1,,,,,0,,0,0,0,3.0,2,,1200,2,2,0,0,2,0,0,3,4,1,2,3,,N,,,,,,,,,,,
2008088985,143,1,0,0,0,0,0,0,0,0,2,0,,67,6,2008,7,39.9154,-75.2341,136.0,6,0,0,0,0,0,0,0,0,,0,0,0,1,3,1,0,,0,39 54:55.288,,0,75 14:02.583,8,0,0,0,67301,0,0,0,N,0,0,0,3,67301,0,,1,1,,N,N,,0,,0,0,1,0.0,0,,105,1,2,0,0,0,1,1,3,4,0,2,3,,N,,,,,,,,,,,
2008079208,120,1,0,0,1,0,0,0,0,0,4,0,,67,5,2008,7,39.998,-75.1129,113.0,6,0,0,0,0,0,0,0,0,,0,0,0,1,3,1,0,,0,39 59:52.879,,0,75 06:46.411,4,0,0,0,67301,1,0,0,N,0,0,0,2,67301,1,,1,1,,N,N,,0,,0,0,0,0.0,0,,112,1,2,0,0,0,0,0,3,4,0,1,3,,N,,,,,,,,,,,
2008073926,620,1,0,0,0,0,0,0,0,0,1,0,,67,5,2008,7,39.9665,-75.1874,616.0,6,0,0,0,0,0,0,0,0,1.0,0,0,0,6,1,2,0,,2,39 57:59.040,3.0,0,75 11:14.280,3,0,0,0,67301,1,0,0,N,0,0,0,4,68K01,0,,1,1,,N,N,,1,,2,0,1,0.0,0,N,615,2,3,0,0,0,0,0,3,4,0,3,3,,N,,,,,,,,,,,
2008100895,840,2,0,0,0,0,0,0,0,0,1,0,,67,7,2008,4,40.0037,-75.169,836.0,6,0,0,0,0,0,1,0,0,1.0,0,0,0,8,1,0,0,,2,40 00:13.237,5.0,0,75 10:08.552,0,0,0,0,67301,0,0,0,,0,0,0,2,67301,0,,1,1,,N,,,0,,0,0,0,0.0,0,Y,834,0,2,0,0,1,0,0,3,4,0,2,3,,N,,,,,,,,,,,
2008098455,814,1,0,0,0,0,0,0,0,0,6,0,,67,7,2008,6,40.0108,-75.1266,810.0,6,0,0,0,0,0,0,0,0,,0,0,0,8,1,1,1,,0,40 00:38.808,,0,75 07:35.921,4,0,0,0,67301,0,0,0,N,0,0,0,2,67301,1,,1,1,,N,N,,0,,0,0,1,3.0,2,,806,1,2,0,0,0,0,0,3,4,0,2,3,,N,,,,,,,,,,,
2008096074,1849,0,0,0,0,0,0,0,0,0,8,0,,67,6,2008,5,40.0034,-75.1303,1845.0,6,0,0,0,0,0,0,0,0,2.0,0,0,0,18,1,1,1,,1,40 00:12.128,2.0,0,75 07:49.029,4,0,0,0,67301,1,0,0,N,1,0,0,4,67301,1,,1,1,,N,N,,1,,0,0,0,3.0,2,N,1842,1,2,0,0,0,0,0,3,4,0,1,3,,N,,,,,,,,,,,
2008078905,1430,1,0,0,0,0,0,0,0,0,8,0,,67,6,2008,4,40.0921,-74.9819,1430.0,6,0,0,0,0,0,0,0,0,,0,0,0,10,1,1,2,,0,40 05:31.900,,0,74 58:54.500,4,0,0,0,67301,1,0,0,N,1,0,0,2,67301,1,,4,1,,,,,0,,0,0,0,0.0,0,,1030,1,2,0,0,0,0,0,3,4,0,1,3,,N,,,,,,,,,,,
2008119370,1100,1,0,0,0,0,0,0,0,0,1,0,,67,9,2008,4,39.9772,-75.2268,1049.0,6,0,0,0,0,0,0,0,1,,0,0,0,10,1,1,1,,0,39 58:37.959,,0,75 13:36.309,8,0,0,0,67301,0,0,0,N,0,0,0,3,67301,0,,1,1,,N,N,,1,,0,0,0,9.0,2,,1049,1,2,0,0,0,1,2,3,4,0,2,3,,N,,,,,,,,,,,
2008119380,0,0,0,0,0,0,0,0,0,0,5,0,,67,7,2008,5,40.0428,-75.0631,0.0,6,0,0,0,0,0,0,0,0,,0,0,0,14,1,1,1,,0,40 02:34.113,,0,75 03:47.339,4,0,0,0,67301,0,0,0,N,0,0,0,4,00000,1,,1,9,,N,N,,0,,0,0,2,9.0,2,,1415,1,3,0,0,0,0,3,3,4,0,3,7,,N,,,,,,,,,,,
2008119390,0,2,0,0,0,0,0,0,0,0,3,0,,67,7,2008,2,39.9502,-75.1586,0.0,6,0,0,0,0,0,0,0,0,,0,0,0,19,1,1,1,,0,39 57:00.681,,0,75 09:30.817,3,0,0,0,67301,2,0,0,,0,0,0,3,00000,0,,1,1,,,,,0,,1,0,0,0.0,0,,1900,1,2,0,0,0,0,0,3,4,0,2,3,,N,,,,,,,,,,,
2008133813,1220,1,0,0,0,0,0,0,0,0,8,0,,67,10,2008,5,39.9651,-75.1608,1218.0,6,0,0,0,0,0,0,0,0,,0,0,0,99,1,0,1,,0,39 57:54.316,,0,75 09:38.700,0,0,0,0,67301,1,0,0,,1,0,0,2,67301,0,,1,1,,,,,0,,0,0,0,3.0,2,,9999,0,2,0,0,0,0,0,3,4,0,1,3,,N,,,,,,,,,,,
2008134342,524,1,0,0,0,0,0,0,0,0,7,0,,67,12,2008,2,39.9824,-75.2076,521.0,6,0,0,0,0,0,0,0,0,,0,0,0,5,3,1,0,,0,39 59:00.960,,0,75 12:29.160,4,0,0,0,67301,0,0,0,N,0,0,0,1,68K01,1,,2,9,,N,N,,0,,0,0,0,0.0,0,,518,1,1,0,0,0,0,0,3,4,0,1,7,,N,,,,,,,,,,,
2008119202,1930,1,0,0,0,0,0,0,0,0,8,0,,67,9,2008,3,40.0075,-75.1378,1910.0,6,0,0,0,0,0,0,0,0,,0,0,0,17,1,1,1,,0,40 00:27.130,,0,75 08:16.039,8,0,0,0,67301,1,0,0,N,1,0,0,2,67301,0,,1,1,,N,N,,0,,0,0,0,0.0,0,,1700,1,2,0,0,0,1,1,3,4,0,1,3,,N,,,,,,,,,,,
2008119208,145,3,0,0,0,0,0,0,0,0,1,0,,67,10,2008,7,39.9859,-75.1246,144.0,6,0,0,0,0,0,0,0,0,1.0,0,0,0,1,3,0,0,,2,39 59:09.398,2.0,0,75 07:28.423,0,0,0,0,67301,0,0,0,N,0,0,0,1,67301,0,,6,1,,N,N,,0,,0,0,1,0.0,0,N,140,0,5,0,0,0,0,0,3,4,1,5,3,,N,,,,,,,,,,,
2008134172,337,1,0,0,0,0,0,0,0,0,7,0,,67,11,2008,3,39.9568,-75.1542,336.0,6,0,0,0,0,0,0,0,0,2.0,0,0,0,3,3,1,0,,2,39 57:24.448,3.0,0,75 09:15.120,3,0,0,0,67301,0,0,0,Y,0,0,0,1,68K01,0,,1,1,,N,N,,0,,1,0,0,0.0,0,N,336,1,1,0,0,1,0,0,3,4,0,1,3,,N,,,,,,,,,,,
2008121470,1306,3,0,0,0,0,0,0,0,0,1,0,,67,11,2008,5,40.0824,-75.2052,1304.0,6,0,0,0,0,1,1,0,0,1.0,0,0,0,13,1,1,0,,1,40 04:56.640,1.0,7,75 12:18.720,8,0,0,0,67301,0,0,0,N,0,0,0,4,46108,0,,1,9,,N,N,,0,,0,0,0,0.0,0,N,1304,1,3,0,0,0,1,0,3,4,0,3,7,,N,,,,,,,,,,,