CRN,ARRIVAL_TM,AUTOMOBILE_COUNT,BELTED_DEATH_COUNT,BELTED_SUSP_SERIOUS_INJ_COUNT,BICYCLE_COUNT,BICYCLE_DEATH_COUNT,BICYCLE_SUSP_SERIOUS_INJ_COUNT,BUS_COUNT,CHLDPAS_DEATH_COUNT,CHLDPAS_SUSP_SERIOUS_INJ_COUNT,COLLISION_TYPE,COMM_VEH_COUNT,CONS_ZONE_SPD_LIM,COUNTY,CRASH_MONTH,CRASH_YEAR,DAY_OF_WEEK,DEC_LAT,DEC_LONG,DISPATCH_TM,DISTRICT,DRIVER_COUNT_16YR,DRIVER_COUNT_17YR,DRIVER_COUNT_18YR,DRIVER_COUNT_19YR,DRIVER_COUNT_20YR,DRIVER_COUNT_50_64YR,DRIVER_COUNT_65_74YR,DRIVER_COUNT_75PLUS,EST_HRS_CLOSED,FATAL_COUNT,HEAVY_TRUCK_COUNT,HORSE_BUGGY_COUNT,HOUR_OF_DAY,ILLUMINATION,INJURY_COUNT,INTERSECT_TYPE,INTERSECTION_RELATED,LANE_CLOSED,LATITUDE,LN_CLOSE_DIR,LOCATION_TYPE,LONGITUDE,MAX_SEVERITY_LEVEL,MCYCLE_DEATH_COUNT,MCYCLE_SUSP_SERIOUS_INJ_COUNT,MOTORCYCLE_COUNT,MUNICIPALITY,NONMOTR_COUNT,NONMOTR_DEATH_COUNT,NONMOTR_SUSP_SERIOUS_INJ_COUNT,NTFY_HIWY_MAINT,PED_COUNT,PED_DEATH_COUNT,PED_SUSP_SERIOUS_INJ_COUNT,PERSON_COUNT,POLICE_AGCY,POSSIBLE_INJ_COUNT,RDWY_SURF_TYPE_CD,RELATION_TO_ROAD,ROAD_CONDITION,ROADWAY_CLEARED,SCH_BUS_IND,SCH_ZONE_IND,SECONDARY_CRASH,SMALL_TRUCK_COUNT,SPEC_JURIS_CD,SUSP_MINOR_INJ_COUNT,SUSP_SERIOUS_INJ_COUNT,SUV_COUNT,TCD_FUNC_CD,TCD_TYPE,TFC_DETOUR_IND,TIME_OF_DAY,TOT_INJ_COUNT,TOTAL_UNITS,UNB_DEATH_COUNT,UNB_SUSP_SERIOUS_INJ_COUNT,UNBELTED_OCC_COUNT,UNK_INJ_DEG_COUNT,UNK_INJ_PER_COUNT,URBAN_AREA,URBAN_RURAL,VAN_COUNT,VEHICLE_COUNT,WEATHER1,WEATHER2,WORK_ZONE_IND,WORK_ZONE_LOC,WORK_ZONE_TYPE,WORKERS_PRES,WZ_CLOSE_DETOUR,WZ_FLAGGER,WZ_LAW_OFFCR_IND,WZ_LN_CLOSURE,WZ_MOVING,WZ_OTHER,WZ_SHLDER_MDN,WZ_WORKERS_INJ_KILLED
2008133658,840,1,0,0,0,0,0,0,0,0,2,0,,67,10,2008,3,40.0047,-75.1521,830.0,6,0,0,0,0,0,1,0,0,2.0,0,0,0,8,1,5,1,,2,40 00:16.847,6.0,0,75 09:07.652,4,0,0,0,67301,0,0,0,N,0,0,0,5,67301,4,,1,9,,N,N,,0,,0,0,0,3.0,2,Y,820,5,2,0,0,0,1,0,3,4,1,2,7,,N,,,,,,,,,,,
2008118978,1915,2,0,0,0,0,0,0,0,0,4,0,,67,8,2008,6,40.0499,-75.0513,1909.0,6,0,0,0,0,0,0,0,0,,0,0,0,19,1,4,0,,0,40 02:59.640,,0,75 03:04.680,4,0,0,0,67301,0,0,0,N,0,0,0,5,67301,4,,1,1,,N,N,,0,,0,0,0,0.0,0,,1905,4,2,0,0,0,0,0,3,4,0,2,3,,N,,,,,,,,,,,
2008119000,1941,1,0,0,0,0,0,0,0,0,2,0,,67,9,2008,7,40.0361,-75.194,1941.0,6,1,0,0,0,0,0,0,0,1.0,0,0,0,19,3,0,2,,1,40 02:09.919,2.0,0,75 11:38.294,0,0,0,0,67301,0,0,0,,0,0,0,4,67301,0,,1,1,,N,N,,0,,0,0,1,3.0,2,N,1941,0,2,0,0,3,0,0,3,4,0,2,3,,N,,,,,,,,,,,
2008097880,1255,1,0,0,1,0,0,0,0,0,5,0,,67,7,2008,3,39.9857,-75.164,1255.0,6,0,0,0,0,0,0,0,0,,0,0,0,12,1,1,0,,0,39 59:08.404,,0,75 09:50.227,4,0,0,0,67301,1,0,0,N,0,0,0,2,67301,1,,1,1,,N,N,,0,,0,0,0,0.0,0,,1250,1,2,0,0,0,0,1,3,4,0,1,3,,N,,,,,,,,,,,
2008085208,1145,0,0,0,0,0,0,0,0,0,1,0,,67,5,2008,5,39.9461,-75.1985,1140.0,6,0,0,0,0,0,0,1,0,,0,0,0,10,1,0,1,,0,39 56:45.926,,0,75 11:54.625,0,0,0,0,67301,0,0,0,N,0,0,0,2,67301,0,,1,1,,N,N,,0,,0,0,1,3.0,2,,1000,0,2,0,0,0,0,0,3,4,1,2,3,,N,,,,,,,,,,,
2008087736,1224,1,0,0,0,0,0,0,0,0,4,0,,67,7,2008,4,39.9995,-75.2302,1223.0,6,0,0,0,0,0,0,0,0,1.0,0,0,0,12,1,0,0,,1,40 00:00.740,2.0,0,75 13:43.414,0,0,0,0,67301,0,0,0,N,0,0,0,2,46104,0,,3,1,,N,N,,1,,0,0,0,0.0,0,N,1223,0,2,0,0,0,0,0,3,4,0,2,3,,N,,,,,,,,,,,
2008097970,2020,0,0,0,0,0,0,0,0,0,8,0,,67,8,2008,3,40.0845,-74.9737,2020.0,6,0,0,0,0,0,0,0,0,,0,0,0,99,3,1,1,,0,40 05:03.950,,0,74 58:25.287,4,0,0,0,67301,1,0,0,N,1,0,0,2,67301,1,,1,1,,N,N,,0,,0,0,0,0.0,0,,9999,1,2,0,0,0,0,0,3,4,1,1,3,,N,,,,,,,,,,,
2008095284,1733,1,0,0,1,0,0,0,0,0,4,0,,67,6,2008,7,39.9488,-75.215,1730.0,6,0,0,1,0,0,0,0,0,,0,0,0,17,1,1,3,,0,39 56:55.809,,0,75 12:54.124,8,0,0,0,67301,1,0,0,N,0,0,0,4,67301,0,,1,1,,N,N,,0,,0,0,0,3.0,2,,1728,1,2,0,0,0,1,0,3,4,0,1,3,,N,,,,,,,,,,,
2008088188,1653,1,0,0,0,0,0,0,0,0,8,0,,67,6,2008,6,39.9358,-75.1705,1645.0,6,0,0,0,0,0,1,0,0,,0,0,0,16,1,1,2,,0,39 56:08.815,,0,75 10:13.936,3,0,0,0,67301,1,0,0,N,1,0,0,2,67301,0,,1,1,,N,N,,0,,1,0,0,3.0,3,,1645,1,2,0,0,0,0,0,3,4,0,1,3,,N,,,,,,,,,,,
2008088217,1249,1,0,0,0,0,0,1,0,0,4,1,,67,6,2008,3,40.0689,-75.1818,1247.0,6,0,0,0,0,0,0,0,1,,0,0,0,12,1,2,1,,0,40 04:08.026,,0,75 10:54.330,8,0,0,0,67301,0,0,0,N,0,0,0,4,67301,0,,1,1,,N,N,,0,,0,0,0,3.0,2,,1246,2,2,0,0,0,2,0,3,4,0,2,3,,N,,,,,,,,,,,
2008088219,1825,1,0,0,1,0,0,0,0,0,4,0,,67,5,2008,7,39.9939,-75.1545,1820.0,6,0,0,0,0,0,0,0,0,,0,0,0,18,1,1,1,,0,39 59:38.150,,0,75 09:16.064,4,0,0,0,67301,1,0,0,N,0,0,0,2,67301,1,,1,1,,N,N,,0,,0,0,0,0.0,0,,1818,1,2,0,0,0,0,0,3,4,0,1,3,,N,,,,,,,,,,,
2008088631,0,2,0,0,0,0,0,0,0,0,1,0,,67,5,2008,6,39.9667,-75.2249,0.0,6,0,0,0,0,0,0,0,0,,0,0,0,18,1,4,1,,0,39 57:59.822,,0,75 13:29.530,3,0,0,0,67301,0,0,0,N,0,0,0,4,00000,0,,1,9,,N,N,,0,,4,0,0,3.0,2,,1850,4,2,0,0,0,0,0,3,4,0,2,7,,N,,,,,,,,,,,
2008088670,9999,2,0,0,0,0,0,0,0,0,5,0,,67,1,2008,3,39.9986,-75.1134,9999.0,6,0,0,0,0,0,0,0,0,,0,0,0,8,1,0,0,,0,39 59:54.900,,0,75 06:48.100,9,0,0,0,67301,0,0,0,N,0,0,0,3,00000,0,,1,1,,N,N,,0,,0,0,0,0.0,0,,830,0,2,0,0,0,0,3,3,4,0,2,3,,N,,,,,,,,,,,
2008080311,807,1,0,0,0,0,0,0,0,0,8,0,,67,4,2008,5,40.039,-75.0563,805.0,6,0,0,0,0,0,0,0,0,3.0,0,0,0,8,1,1,1,,2,40 02:20.475,1.0,0,75 03:22.611,4,0,0,0,67301,1,0,0,N,1,0,0,2,67301,1,,1,1,,N,N,,0,,0,0,0,3.0,2,Y,805,1,2,0,0,0,0,0,3,4,0,1,3,,N,,,,,,,,,,,
2008097564,1820,0,0,0,0,0,0,0,0,0,4,0,,67,7,2008,4,39.9637,-75.1948,1814.0,6,0,0,0,0,0,0,0,0,,0,0,0,17,1,0,0,,0,39 57:49.392,,0,75 11:41.269,0,0,0,0,67301,0,0,0,N,0,0,0,1,67301,0,,1,1,,N,N,,0,,0,0,0,0.0,0,,1727,0,2,0,0,0,0,0,3,4,2,2,3,,N,,,,,,,,,,,
2008088044,1740,1,0,0,0,0,0,0,0,0,4,0,,67,6,2008,7,40.0842,-74.9646,1737.0,6,0,0,0,0,0,1,0,0,,0,0,0,17,1,3,0,,0,40 05:03.112,,7,74 57:52.642,8,0,0,0,67301,0,0,0,N,0,0,0,3,67301,0,,1,1,,N,N,,0,,0,0,0,0.0,0,,1726,3,2,0,0,0,3,0,3,4,1,2,3,,N,,,,,,,,,,,
2008090219,1515,2,0,0,0,0,0,0,0,0,1,0,,67,8,2008,7,40.0052,-75.1965,1511.0,6,0,0,0,0,0,0,0,0,1.0,0,0,0,15,1,2,0,,2,40 00:17.179,3.0,0,75 11:45.543,4,0,0,0,67301,0,0,0,N,0,0,0,7,68K01,2,,1,1,,N,N,,0,,0,0,1,0.0,0,N,1509,2,3,0,0,0,0,0,3,4,0,3,3,,N,,,,,,,,,,,
2008088068,1720,1,0,0,0,0,0,0,0,0,5,0,,67,6,2008,1,39.9911,-75.1143,1700.0,6,0,0,0,0,0,0,0,0,,0,0,0,16,1,1,2,,0,39 59:28.000,,0,75 06:51.408,8,0,0,0,67301,0,0,0,N,0,0,0,2,67301,0,,1,1,,N,N,,0,,0,0,0,0.0,0,,1630,1,2,0,0,0,1,0,3,4,0,2,3,,N,,,,,,,,,,,
2008134042,50,1,0,0,0,0,0,0,0,0,4,0,,67,11,2008,7,40.0117,-75.1631,45.0,6,0,0,0,0,0,0,0,0,,0,0,0,99,3,0,1,,0,40 00:41.962,,0,75 09:47.161,0,0,0,0,67301,0,0,0,N,0,0,0,2,67301,0,,1,1,,N,N,,0,,0,0,1,0.0,0,,9999,0,2,0,0,2,0,0,3,4,0,2,3,,N,,,,,,,,,,,
2008119236,820,0,0,0,1,0,0,0,0,0,4,0,,67,9,2008,3,39.9297,-75.1719,815.0,6,0,0,0,0,0,1,0,0,,0,0,0,8,1,1,2,,0,39 55:46.848,,0,75 10:18.663,4,0,0,0,67301,1,0,0,,0,0,0,2,67301,1,,1,1,,,,,0,,0,0,1,9.0,3,,815,1,2,0,0,0,0,0,3,4,0,1,3,,N,,,,,,,,,,,
2008133577,9999,2,0,0,0,0,0,0,0,0,6,0,,67,11,2008,1,39.9849,-75.1333,9999.0,6,0,0,0,0,0,0,0,0,,0,0,0,23,3,1,1,,0,39 59:05.792,,0,75 07:59.591,8,0,0,0,67301,0,0,0,N,0,0,0,3,67301,0,,1,1,,N,N,,0,,0,0,0,3.0,3,,2330,1,2,0,0,0,1,1,3,4,0,2,3,,N,,,,,,,,,,,
2008119328,0,2,0,0,0,0,0,0,0,0,1,0,,67,7,2008,3,40.0025,-75.2236,0.0,6,0,0,0,0,0,1,0,0,,0,0,0,16,1,1,1,,0,40 00:10.475,,0,75 13:21.947,8,0,0,0,67301,0,0,0,,0,0,0,2,00000,0,,1,98,,,,,0,,0,0,0,3.0,2,,1645,1,2,0,0,0,1,0,3,4,0,2,99,,N,,,,,,,,,,,
2008133629,9999,1,0,0,0,0,0,1,0,0,4,1,,67,10,2008,3,40.0387,-75.1235,1859.0,6,0,0,0,1,0,0,0,0,,0,0,0,99,1,2,1,,0,40 02:19.456,,0,75 07:24.668,8,0,0,0,67301,0,0,0,N,0,0,0,3,67301,0,,1,9,,N,N,,0,,0,0,0,3.0,3,,9999,2,2,0,0,0,2,0,3,4,0,2,7,,N,,,,,,,,,,,
2008119001,907,1,0,0,0,0,0,0,0,0,8,0,,67,9,2008,3,39.9779,-75.1526,906.0,6,0,0,0,0,0,0,0,0,,0,0,0,9,1,1,1,,0,39 58:40.547,,0,75 09:09.257,3,0,0,0,67301,1,0,0,N,1,0,0,2,67301,0,,1,1,,N,N,,0,,1,0,0,3.0,2,,905,1,2,0,0,0,0,0,3,4,0,1,3,,N,,,,,,,,,,,
2008119007,120,0,0,0,0,0,0,0,0,0,5,0,,67,10,2008,2,40.0233,-75.095,120.0,6,0,0,0,0,0,0,0,0,,0,0,0,1,3,0,0,,0,40 01:23.824,,0,75 05:41.874,0,0,0,0,67301,0,0,0,N,0,0,0,1,67301,0,,6,1,,N,N,,0,,0,0,0,0.0,0,,112,0,2,0,0,0,0,0,3,4,2,2,3,,N,,,,,,,,,,,
2008097841,2213,2,0,0,0,0,0,0,0,0,4,0,,67,7,2008,1,39.9991,-75.2309,2212.0,6,0,0,0,0,0,0,0,0,,0,0,0,21,3,2,1,,0,39 59:56.700,,0,75 13:51.070,8,0,0,0,67301,0,0,0,,0,0,0,2,67301,0,,1,1,,,,,0,,0,0,0,3.0,2,,2112,2,2,0,0,0,2,0,3,4,0,2,7,,N,,,,,,,,,,,
2008087588,39,1,0,0,0,0,0,0,0,0,8,0,,67,5,2008,7,39.9206,-75.1502,32.0,6,0,0,0,0,0,0,0,0,,0,0,0,0,3,1,1,,0,39 55:14.253,,0,75 09:00.640,8,0,0,0,67301,1,0,0,N,1,0,0,2,67301,0,,1,9,,N,N,,0,,0,0,0,3.0,2,,30,1,2,0,0,0,1,0,3,4,0,1,3,,N,,,,,,,,,,,
2008085215,1535,3,0,0,0,0,0,0,0,0,1,0,,67,5,2008,3,40.0604,-75.044,1523.0,6,0,1,0,0,0,2,0,0,1.0,0,0,0,15,1,1,0,,1,40 03:36.829,2.0,0,75 02:38.690,4,0,0,0,67301,0,0,0,N,0,0,0,6,67301,1,,1,1,,N,N,,1,,0,0,0,0.0,0,N,1520,1,4,0,0,0,0,0,3,4,0,4,3,,N,,,,,,,,,,,
2008097978,1500,1,0,0,0,0,0,0,0,0,5,0,,67,7,2008,7,39.9628,-75.2018,1452.0,6,0,0,0,0,0,0,0,0,,0,0,0,14,1,1,0,,0,39 57:46.206,,0,75 12:06.390,4,0,0,0,67301,0,0,0,N,0,0,0,15,67301,1,,1,1,,N,N,,1,,0,0,0,0.0,0,,1445,1,2,0,0,1,0,0,3,4,0,2,3,,N,,,,,,,,,,,
2008095462,2333,3,0,0,0,0,0,0,0,0,2,0,,67,7,2008,2,39.8946,-75.2367,2323.0,6,0,0,0,0,0,1,0,0,1.0,0,0,0,23,3,1,1,,1,39 53:40.604,4.0,0,75 14:12.181,4,0,0,0,67301,0,0,0,N,0,0,0,3,67301,1,,1,1,,N,N,,0,,0,0,0,3.0,2,N,2305,1,3,0,0,0,0,0,3,4,0,3,3,,N,,,,,,,,,,,
2008088403,406,2,0,0,0,0,0,0,0,0,2,0,,67,6,2008,1,40.0396,-75.0777,403.0,6,0,0,1,0,0,0,0,0,,0,0,0,4,3,1,0,,0,40 02:22.507,,0,75 04:39.887,8,0,0,0,67301,0,0,0,N,0,0,0,1,67301,0,,6,1,,N,N,,0,,0,0,0,0.0,0,,400,1,2,0,0,0,1,0,3,4,0,2,3,,N,,,,,,,,,,,
2008088197,2017,1,0,0,0,0,0,0,0,0,8,0,,67,6,2008,7,39.9499,-75.2308,2013.0,6,0,0,0,0,0,0,0,0,,0,0,0,19,1,1,0,,0,39 56:59.661,,0,75 13:51.052,8,0,0,0,67301,1,0,0,N,1,0,0,2,67301,0,,1,1,,N,N,,0,,0,0,0,0.0,0,,1945,1,2,0,0,0,1,0,3,4,0,1,3,,N,,,,,,,,,,,
2008088237,1610,2,0,0,0,0,0,0,0,0,4,0,,67,6,2008,3,40.0481,-75.0595,1605.0,6,0,0,0,0,0,0,0,0,,0,0,0,16,1,1,0,,0,40 02:53.094,,0,75 03:34.165,4,0,0,0,67301,0,0,0,,0,0,0,4,67301,1,,1,1,,N,,,0,,0,0,0,3.0,2,,1605,1,2,0,0,0,0,0,3,4,0,2,3,,N,,,,,,,,,,,
2008078306,1135,1,0,0,0,0,0,0,0,0,1,0,,67,6,2008,4,39.9597,-75.1762,1125.0,6,0,0,0,0,0,0,0,0,,0,0,0,11,1,1,0,,0,39 57:35.756,,0,75 10:41.720,4,0,0,0,67301,0,0,0,N,0,0,0,3,68K01,1,,1,1,,N,N,,1,,0,0,0,0.0,0,,1121,1,2,0,0,1,0,0,3,4,0,2,3,,N,,,,,,,,,,,
2008097571,9999,2,0,0,0,0,0,0,0,0,4,0,,67,7,2008,7,39.9636,-75.2344,212.0,6,0,0,0,0,0,1,0,0,,0,0,0,2,3,2,1,,0,39 57:48.891,,0,75 14:03.850,4,0,0,0,67301,0,0,0,N,0,0,0,4,67301,2,,1,1,,N,N,,0,,0,0,0,0.0,0,,212,2,2,0,0,3,0,0,3,4,0,2,3,,N,,,,,,,,,,,
2008097591,1720,1,0,0,0,0,0,0,0,0,4,0,,67,7,2008,1,40.0235,-75.0644,1712.0,6,0,0,0,0,0,0,0,0,,0,0,0,17,1,1,1,,0,40 01:24.711,,0,75 03:51.987,3,0,0,0,67301,0,0,0,,0,0,0,2,67301,0,,1,1,,,,,0,,1,0,1,9.0,3,,1705,1,2,0,0,0,0,0,3,4,0,2,3,,N,,,,,,,,,,,
2008088086,1405,2,0,0,0,0,0,0,0,0,4,0,,67,6,2008,6,40.0306,-75.1039,1400.0,6,0,0,0,0,0,1,0,0,,0,0,0,13,1,1,0,,0,40 01:48.864,,0,75 06:12.471,4,0,0,0,67301,0,0,0,N,0,0,0,2,67301,1,,1,1,,N,N,,0,,0,0,0,0.0,0,,1355,1,2,0,0,0,0,0,3,4,0,2,3,,N,,,,,,,,,,,
2008087840,2035,0,0,0,0,0,0,0,0,0,8,0,,67,6,2008,2,39.931,-75.1861,2031.0,6,0,0,0,0,0,1,0,0,,0,0,0,20,4,1,0,,0,39 55:51.589,,0,75 11:09.927,3,0,0,0,67301,1,0,0,N,1,0,0,2,67301,0,,1,1,,N,N,,0,,1,0,1,0.0,0,,2008,1,2,0,0,0,0,0,3,4,0,1,3,,N,,,,,,,,,,,
2008096084,1052,1,0,0,0,0,0,0,0,0,4,0,,67,7,2008,3,39.9246,-75.2331,1047.0,6,0,0,0,0,1,1,0,0,,0,0,0,10,1,4,2,,0,39 55:28.412,,0,75 13:59.232,4,0,0,0,67301,0,0,0,N,0,0,0,4,67301,4,,1,1,,N,N,,1,,0,0,0,3.0,2,,1047,4,2,0,0,0,0,0,3,4,0,2,3,,N,,,,,,,,,,,
2008098580,2232,1,0,0,0,0,0,0,0,0,7,0,,67,8,2008,1,39.965,-75.1378,2218.0,6,0,0,0,0,0,0,0,0,,0,0,0,22,3,1,3,,0,39 57:37.876,,2,75 08:27.372,4,0,0,0,67301,0,0,0,Y,0,0,0,1,68K01,1,,2,1,,N,N,,0,,0,0,0,0.0,0,,2218,1,1,0,0,0,0,0,3,4,0,1,3,,N,,,,,,,,,,,
2008098212,1320,2,0,0,0,0,0,0,0,0,2,0,,67,7,2008,6,40.037,-75.0798,1315.0,6,0,0,1,0,0,0,0,0,,0,0,0,13,1,2,1,,0,40 02:13.179,,0,75 04:47.311,4,0,0,0,67301,0,0,0,N,0,0,0,2,67301,2,,1,1,,N,N,,0,,0,0,0,3.0,2,,1310,2,2,0,0,1,0,0,3,4,0,2,3,,N,,,,,,,,,,,
2008091184,1835,1,0,0,0,0,0,0,0,0,1,0,,67,8,2008,6,40.0128,-75.0587,1809.0,6,0,0,0,0,0,0,0,0,,0,0,0,18,1,0,0,,0,40 00:46.540,,0,75 03:30.870,0,0,0,0,67301,0,0,0,N,0,0,0,3,68K01,0,,1,1,,N,N,,0,,0,0,2,0.0,0,,1808,0,3,0,0,0,0,0,3,4,0,3,3,,N,,,,,,,,,,,
2008089325,1020,1,0,0,0,0,0,0,0,0,8,0,,67,6,2008,2,39.9438,-75.2379,1016.0,6,0,0,0,0,0,0,0,0,,0,0,0,8,1,1,1,,0,39 56:37.717,,0,75 14:16.351,3,0,0,0,67301,1,0,0,,1,0,0,2,67301,0,,1,1,,,,,0,,1,0,0,9.0,2,,844,1,2,0,0,0,0,1,3,4,0,1,3,,N,,,,,,,,,,,
2008081506,1001,2,0,0,0,0,0,0,0,0,4,0,,67,5,2008,7,40.0128,-75.1964,959.0,6,0,0,0,0,0,1,0,0,,0,0,0,9,1,0,2,,0,40 00:46.022,,0,75 11:46.928,9,0,0,0,67301,0,0,0,N,0,0,0,1,67301,0,,1,1,,N,N,,0,,0,0,1,3.0,3,,945,0,3,0,0,1,0,1,3,4,0,3,3,,N,,,,,,,,,,,
2008070790,1445,2,0,0,0,0,0,0,0,0,1,0,,67,4,2008,6,40.0682,-75.0403,1425.0,6,0,0,0,0,0,1,0,0,,0,0,0,14,1,1,0,,0,40 03:54.066,,0,75 02:30.363,4,0,0,0,67301,0,0,0,N,0,0,0,5,67301,1,,1,1,,N,N,,0,,0,0,0,0.0,0,,1425,1,2,0,0,0,0,0,3,4,0,2,3,,N,,,,,,,,,,,
2008099904,2255,2,0,0,0,0,0,0,0,0,1,0,,67,9,2008,3,39.9653,-75.1857,2250.0,6,0,0,0,0,0,1,0,0,1.0,0,0,0,22,3,0,6,,1,39 57:59.300,4.0,2,75 11:13.670,0,0,0,0,67301,0,0,0,N,0,0,0,2,68K01,0,,1,1,,N,N,,0,,0,0,0,0.0,0,N,2241,0,2,0,0,0,0,0,3,4,0,2,3,,N,,,,,,,,,,,
2008107936,1858,1,0,0,1,0,0,0,0,0,6,0,,67,8,2008,7,39.9979,-75.1208,1855.0,6,0,0,0,0,0,0,0,0,,0,0,0,15,1,1,0,,0,39 59:52.483,,0,75 07:14.984,4,0,0,0,67301,1,0,0,N,0,0,0,2,67301,1,,1,1,,N,N,,0,,0,0,0,0.0,0,,1505,1,2,0,0,0,0,0,3,4,0,1,3,,N,,,,,,,,,,,
2008110438,1450,1,0,0,0,0,0,0,0,0,1,0,,67,10,2008,6,39.9881,-75.0888,1445.0,6,0,0,0,0,0,1,0,0,,0,0,0,14,1,1,6,,0,39 59:17.520,,2,75 05:19.320,3,0,0,1,67301,0,0,0,N,0,0,0,2,68K01,0,,1,1,,N,N,,0,,1,0,0,0.0,0,,1443,1,2,0,0,0,0,0,3,4,0,2,3,,N,,,,,,,,,,,
2008116140,1514,2,0,0,0,0,0,0,0,0,1,0,,67,10,2008,7,39.9821,-75.2076,1514.0,6,0,0,0,0,0,0,0,0,1.0,0,0,0,15,1,0,0,,2,39 58:59.119,4.0,0,75 12:29.235,9,0,0,0,67301,0,0,0,N,0,0,0,8,68K01,0,,1,9,,N,N,,0,,0,0,1,0.0,0,N,1504,0,4,0,0,2,0,1,3,4,1,4,7,,N,,,,,,,,,,,
2008122864,1056,0,0,0,1,0,0,1,0,0,5,1,,67,9,2008,3,39.9799,-75.1609,1055.0,6,0,0,0,0,0,0,0,0,1.0,0,0,0,10,1,1,0,,2,39 58:47.584,1.0,0,75 09:39.417,4,0,0,0,67301,1,0,0,,0,0,0,2,67301,1,,1,9,,,,,0,,0,0,0,0.0,0,Y,1053,1,2,0,0,0,0,0,3,4,0,1,7,,N,,,,,,,,,,,
2008120656,1521,1,0,0,1,0,0,0,0,0,4,0,,67,9,2008,6,39.9593,-75.1999,521.0,6,0,0,0,0,0,0,0,0,,0,0,0,15,1,1,2,,0,39 57:33.649,,0,75 11:59.589,4,0,0,0,67301,1,0,0,N,0,0,0,2,67301,1,,1,1,,N,N,,0,,0,0,0,3.0,3,,1520,1,2,0,0,0,0,0,3,4,0,1,3,,N,,,,,,,,,,,
2008120661,9999,0,0,0,0,0,0,0,0,0,7,0,,67,9,2008,7,40.0053,-75.1787,1616.0,6,0,0,0,0,0,0,0,0,,0,0,0,99,1,1,0,,0,40 00:18.955,,0,75 10:43.237,8,0,0,0,67301,0,0,0,N,0,0,0,1,67301,0,,4,9,,N,N,,0,,0,0,1,0.0,0,,9999,1,1,0,0,0,1,0,3,4,0,1,7,,N,,,,,,,,,,,
2009013696,1818,1,0,0,0,0,0,0,0,0,8,0,,67,11,2008,2,40.0551,-75.051,1807.0,6,0,0,0,0,0,0,0,0,,0,0,0,18,3,1,1,,0,40 03:18.504,,0,75 03:03.549,4,0,0,0,67301,1,0,0,,1,0,0,2,67301,1,,1,1,,N,N,,0,,0,0,0,9.0,3,,1807,1,2,0,0,0,0,0,3,4,0,1,3,,N,,,,,,,,,,,
2009029781,1350,1,0,0,0,0,0,0,0,0,8,0,,67,12,2008,7,39.9255,-75.1593,1349.0,6,0,0,0,0,0,0,0,0,,0,0,0,99,1,1,0,,0,39 55:31.868,,0,75 09:33.382,8,0,0,0,67301,1,0,0,,1,0,0,2,67301,0,,1,1,,,,,0,,0,0,0,0.0,0,,9999,1,2,0,0,0,1,1,3,4,0,1,3,,N,,,,,,,,,,,
2009024746,1630,2,0,0,0,0,0,0,0,0,1,0,,67,12,2008,3,40.0945,-75.015,1535.0,6,0,0,1,0,0,0,0,0,,0,0,0,15,1,1,1,,0,40 05:40.395,,0,75 00:54.109,4,0,0,0,67301,0,0,0,N,0,0,0,2,67301,1,,1,9,,N,N,,0,,0,0,0,0.0,0,,1535,1,2,0,0,0,0,1,3,4,0,2,7,,N,,,,,,,,,,,
2009024807,908,1,0,0,0,0,0,0,0,0,1,0,,67,12,2008,3,40.02,-75.1751,906.0,6,0,0,0,0,0,0,0,0,,0,0,0,9,1,1,0,,0,40 01:12.048,,0,75 10:30.428,8,0,0,0,67301,0,0,0,,0,0,0,2,67301,0,,1,9,,,,,0,,0,0,1,3.0,2,,900,1,2,0,0,0,1,0,3,4,0,2,7,,N,,,,,,,,,,,
2009002099,930,0,0,0,0,0,0,0,0,0,8,0,,67,11,2008,6,39.9704,-75.2172,925.0,6,0,0,0,0,0,0,0,0,,0,0,0,8,1,2,1,,0,39 58:13.317,,0,75 13:01.912,4,0,0,0,67301,2,0,0,N,2,0,0,3,67301,2,,1,9,,N,N,,0,,0,0,1,3.0,2,,852,2,3,0,0,0,0,0,3,4,0,1,10,,N,,,,,,,,,,,
2009002230,1602,1,0,0,0,0,0,0,0,0,4,1,,67,11,2008,7,39.9519,-75.1598,1600.0,6,0,0,0,0,1,1,0,0,,0,1,0,15,1,0,1,,0,39 57:06.961,,0,75 09:35.509,0,0,0,0,67301,0,0,0,,0,0,0,2,67301,0,,1,1,,,,,0,,0,0,0,3.0,2,,1555,0,2,0,0,2,0,0,3,4,0,2,3,,N,,,,,,,,,,,
2009036390,1830,1,0,0,0,0,0,0,0,0,1,0,,67,12,2008,4,39.9853,-75.1125,1825.0,6,0,0,0,0,0,1,0,0,,0,0,0,18,3,2,0,,0,39 59:07.041,,0,75 06:44.821,3,0,0,0,67301,0,0,0,N,0,0,0,3,67301,1,,1,9,,N,N,,0,,1,0,2,0.0,0,,1825,2,3,0,0,0,0,0,3,4,0,3,7,,N,,,,,,,,,,,
2009004034,356,2,0,0,0,0,0,0,0,0,1,0,,67,12,2008,7,39.9933,-75.0848,345.0,6,0,0,0,0,0,0,0,0,,0,0,0,3,3,2,0,,0,39 59:36.029,,0,75 05:05.078,4,0,0,0,67301,0,0,0,N,0,0,0,2,68K01,1,,1,1,,N,N,,0,,0,0,0,0.0,0,,343,2,2,0,0,0,1,0,3,4,0,2,3,,N,,,,,,,,,,,