CRN,ARRIVAL_TM,AUTOMOBILE_COUNT,BELTED_DEATH_COUNT,BELTED_SUSP_SERIOUS_INJ_COUNT,BICYCLE_COUNT,BICYCLE_DEATH_COUNT,BICYCLE_SUSP_SERIOUS_INJ_COUNT,BUS_COUNT,CHLDPAS_DEATH_COUNT,CHLDPAS_SUSP_SERIOUS_INJ_COUNT,COLLISION_TYPE,COMM_VEH_COUNT,CONS_ZONE_SPD_LIM,COUNTY,CRASH_MONTH,CRASH_YEAR,DAY_OF_WEEK,DEC_LAT,DEC_LONG,DISPATCH_TM,DISTRICT,DRIVER_COUNT_16YR,DRIVER_COUNT_17YR,DRIVER_COUNT_18YR,DRIVER_COUNT_19YR,DRIVER_COUNT_20YR,DRIVER_COUNT_50_64YR,DRIVER_COUNT_65_74YR,DRIVER_COUNT_75PLUS,EST_HRS_CLOSED,FATAL_COUNT,HEAVY_TRUCK_COUNT,HORSE_BUGGY_COUNT,HOUR_OF_DAY,ILLUMINATION,INJURY_COUNT,INTERSECT_TYPE,INTERSECTION_RELATED,LANE_CLOSED,LATITUDE,LN_CLOSE_DIR,LOCATION_TYPE,LONGITUDE,MAX_SEVERITY_LEVEL,MCYCLE_DEATH_COUNT,MCYCLE_SUSP_SERIOUS_INJ_COUNT,MOTORCYCLE_COUNT,MUNICIPALITY,NONMOTR_COUNT,NONMOTR_DEATH_COUNT,NONMOTR_SUSP_SERIOUS_INJ_COUNT,NTFY_HIWY_MAINT,PED_COUNT,PED_DEATH_COUNT,PED_SUSP_SERIOUS_INJ_COUNT,PERSON_COUNT,POLICE_AGCY,POSSIBLE_INJ_COUNT,RDWY_SURF_TYPE_CD,RELATION_TO_ROAD,ROAD_CONDITION,ROADWAY_CLEARED,SCH_BUS_IND,SCH_ZONE_IND,SECONDARY_CRASH,SMALL_TRUCK_COUNT,SPEC_JURIS_CD,SUSP_MINOR_INJ_COUNT,SUSP_SERIOUS_INJ_COUNT,SUV_COUNT,TCD_FUNC_CD,TCD_TYPE,TFC_DETOUR_IND,TIME_OF_DAY,TOT_INJ_COUNT,TOTAL_UNITS,UNB_DEATH_COUNT,UNB_SUSP_SERIOUS_INJ_COUNT,UNBELTED_OCC_COUNT,UNK_INJ_DEG_COUNT,UNK_INJ_PER_COUNT,URBAN_AREA,URBAN_RURAL,VAN_COUNT,VEHICLE_COUNT,WEATHER1,WEATHER2,WORK_ZONE_IND,WORK_ZONE_LOC,WORK_ZONE_TYPE,WORKERS_PRES,WZ_CLOSE_DETOUR,WZ_FLAGGER,WZ_LAW_OFFCR_IND,WZ_LN_CLOSURE,WZ_MOVING,WZ_OTHER,WZ_SHLDER_MDN,WZ_WORKERS_INJ_KILLED
2009026064,1731,1,0,0,0,0,0,0,0,0,8,0,,67,12,2008,4,40.0136,-75.1375,1723.0,6,0,0,0,0,0,0,1,0,,0,0,0,17,3,1,0,,0,40 00:48.834,,0,75 08:15.079,4,0,0,0,67301,1,0,0,N,1,0,0,2,67301,1,,1,9,,N,N,,0,,0,0,0,0.0,0,,1721,1,2,0,0,0,0,0,3,4,0,1,7,,N,,,,,,,,,,,
2008088907,2155,1,0,0,0,0,0,0,0,0,8,0,,67,5,2008,7,39.9898,-75.1177,2145.0,6,0,0,0,0,0,0,0,0,,0,0,0,21,3,1,1,,0,39 59:23.112,,0,75 07:03.787,3,0,0,0,67301,1,0,0,N,1,0,0,2,67301,0,,1,1,,N,N,,0,,1,0,0,3.0,3,,2140,1,2,0,0,0,0,1,3,4,0,1,3,,N,,,,,,,,,,,
2008108375,1230,1,0,0,0,0,0,0,0,0,1,0,,67,8,2008,3,39.9463,-75.1971,1224.0,6,0,0,0,0,0,0,0,0,2.0,0,0,0,12,1,3,2,,1,39 56:46.554,6.0,0,75 11:49.610,4,0,0,0,67301,0,0,0,N,0,0,0,5,67301,3,,1,1,,N,N,,1,,0,0,0,3.0,2,N,1224,3,2,0,0,0,0,0,3,4,0,2,3,,N,,,,,,,,,,,
2008094841,900,1,0,0,0,0,0,0,0,0,8,0,,67,6,2008,5,39.9624,-75.1615,857.0,6,0,0,0,0,0,0,0,0,,0,0,0,8,1,1,1,,0,39 57:44.548,,0,75 09:41.290,4,0,0,0,67301,1,0,0,N,1,0,0,2,67301,1,,1,1,,N,N,,0,,0,0,0,3.0,2,,850,1,2,0,0,0,0,0,3,4,0,1,3,,N,,,,,,,,,,,
2008094877,1230,2,0,0,0,0,0,0,0,0,1,0,,67,7,2008,7,39.9171,-75.2317,1225.0,6,0,0,0,0,0,0,0,0,,0,0,0,99,1,2,0,,0,39 55:01.458,,0,75 13:54.053,8,0,0,0,67301,2,0,0,N,0,0,0,3,67301,0,,4,1,,N,N,,0,,0,0,0,0.0,0,,9999,2,2,0,0,0,2,0,3,4,0,2,3,,N,,,,,,,,,,,
2008079190,1735,1,0,0,0,0,0,0,0,0,8,0,,67,5,2008,7,40.045,-75.0708,1730.0,6,0,0,0,0,0,0,0,0,,0,0,0,13,1,1,0,,0,40 02:42.040,,0,75 04:15.040,8,0,0,0,67301,1,0,0,N,1,0,0,2,67301,0,,9,1,,N,N,,0,,0,0,0,0.0,0,,1300,1,2,0,0,0,1,1,3,4,0,1,3,,N,,,,,,,,,,,
2008079221,731,2,0,0,0,0,0,0,0,0,1,0,,67,5,2008,3,40.0836,-75.2223,731.0,6,0,0,0,0,0,1,0,0,,0,0,0,7,1,0,2,,0,40 05:00.920,,0,75 13:20.330,0,0,0,0,67301,0,0,0,N,0,0,0,2,67301,0,,1,9,,N,N,,0,,0,0,0,3.0,2,,731,0,2,0,0,0,0,0,3,4,0,2,7,,N,,,,,,,,,,,
2008079227,1812,0,0,0,0,0,0,0,0,0,4,0,,67,5,2008,5,40.033,-75.0802,1805.0,6,0,0,0,0,0,0,0,0,1.0,0,0,0,18,1,0,5,,1,40 01:58.707,2.0,0,75 04:48.881,0,0,0,0,67301,0,0,0,N,0,0,0,2,67301,0,,1,1,,N,N,,0,,0,0,2,3.0,2,N,1805,0,2,0,0,0,0,0,3,4,0,2,3,,N,,,,,,,,,,,
2008073924,721,0,0,0,0,0,0,0,0,0,1,0,,67,4,2008,5,39.9841,-75.0963,712.0,6,0,0,0,0,0,1,0,0,1.0,0,0,0,7,1,1,0,,1,39 59:02.926,2.0,0,75 05:46.166,8,0,0,1,67301,0,0,0,N,0,0,0,2,68K01,0,,1,1,,N,N,,1,,0,0,0,0.0,0,N,707,1,2,0,0,0,1,0,3,4,0,2,3,,N,,,,,,,,,,,
2008098398,1830,1,0,0,0,0,0,0,0,0,4,0,,67,7,2008,1,40.0122,-75.1505,1820.0,6,0,0,0,0,1,0,0,0,,0,0,0,18,1,6,1,,0,40 00:44.010,,0,75 09:01.746,8,0,0,0,67301,0,0,0,,0,0,0,7,67301,0,,1,1,,,,,0,,0,0,0,3.0,2,,1810,6,2,0,0,0,6,0,3,4,1,2,3,,N,,,,,,,,,,,
2008086706,848,1,0,0,0,0,0,0,0,0,7,0,,67,7,2008,7,39.9257,-75.1468,847.0,6,0,0,0,0,0,0,0,0,1.0,0,0,0,8,1,1,0,,1,39 55:32.880,1.0,0,75 08:48.480,3,0,0,0,67301,0,0,0,N,0,0,0,1,68K01,0,,2,1,,N,N,,0,,1,0,0,0.0,0,N,844,1,1,0,0,0,0,0,3,4,0,1,3,,N,,,,,,,,,,,
2008078885,1635,2,0,0,0,0,0,0,0,0,1,0,,67,5,2008,4,39.9382,-75.1801,1633.0,6,0,0,0,0,0,0,0,0,,0,0,0,16,1,1,0,,0,39 56:17.400,,0,75 10:48.403,8,0,0,0,67301,0,0,0,N,0,0,0,3,67301,0,,1,1,,N,N,,0,,0,0,0,0.0,0,,1630,1,2,0,0,0,1,0,3,4,0,2,3,,N,,,,,,,,,,,
2008078890,2240,0,0,0,0,0,0,0,0,0,2,0,,67,5,2008,6,39.9716,-75.2085,2237.0,6,0,0,0,0,0,0,0,0,,0,0,0,21,3,2,1,,0,39 58:17.616,,0,75 12:30.621,8,0,0,0,67301,0,0,0,,0,0,0,3,67301,0,,1,1,,N,N,,0,,0,0,1,3.0,3,,2132,2,2,0,0,2,2,0,3,4,1,2,3,,N,,,,,,,,,,,
2008119223,139,1,0,0,0,0,0,0,0,0,7,0,,67,9,2008,1,40.0464,-75.1777,138.0,6,0,0,0,0,0,0,0,0,,0,0,0,1,3,1,0,,0,40 02:46.925,,0,75 10:39.585,8,0,0,0,67301,0,0,0,N,0,0,0,1,67301,0,,5,1,,N,N,,0,,0,0,0,0.0,0,,138,1,1,0,0,1,1,0,3,4,0,1,3,,N,,,,,,,,,,,
2008119253,1332,1,0,0,0,0,0,0,0,0,4,0,,67,10,2008,3,40.0191,-75.0815,1332.0,6,0,0,0,0,0,0,0,0,,0,0,0,13,1,2,1,,0,40 01:08.804,,0,75 04:53.258,8,0,0,0,67301,0,0,0,N,0,0,0,5,67301,0,,1,1,,N,N,,0,,0,0,0,3.0,2,,1332,2,2,0,0,0,2,3,3,4,1,2,3,,N,,,,,,,,,,,
2008119348,0,1,0,0,0,0,0,0,0,0,8,0,,67,7,2008,5,40.0141,-75.078,0.0,6,0,0,0,0,0,0,0,0,,0,0,0,14,1,1,1,,0,40 00:50.922,,0,75 04:40.900,4,0,0,0,67301,1,0,0,N,1,0,0,2,00000,1,,1,1,,N,N,,0,,0,0,0,0.0,0,,1430,1,2,0,0,0,0,1,3,4,0,1,3,,N,,,,,,,,,,,
2008071627,9999,2,0,0,0,0,0,0,0,0,1,0,,67,4,2008,1,40.0111,-75.1508,9999.0,6,0,0,0,0,0,0,0,1,,0,0,0,99,1,1,0,,0,40 00:39.695,,0,75 09:03.074,4,0,0,0,67301,0,0,0,N,0,0,0,3,67301,1,,1,1,,N,N,,0,,0,0,0,3.0,2,,9999,1,2,0,0,0,0,0,3,4,0,2,3,,N,,,,,,,,,,,
2008097892,1115,1,0,0,0,0,0,0,0,0,8,0,,67,7,2008,5,39.95,-75.157,1050.0,6,0,0,0,0,0,0,0,0,,0,0,0,10,1,1,1,,0,39 56:59.987,,0,75 09:25.191,8,0,0,0,67301,1,0,0,N,1,0,0,2,67301,0,,1,1,,N,N,,0,,0,0,0,3.0,2,,1030,1,2,0,0,0,1,1,3,4,0,1,3,,N,,,,,,,,,,,
2008097973,847,2,0,0,0,0,0,0,0,0,4,0,,67,8,2008,6,40.057,-75.0343,845.0,6,0,0,0,0,0,0,1,0,,0,0,0,8,1,1,1,,0,40 03:25.672,,0,75 02:04.151,4,0,0,0,67301,0,0,0,,0,0,0,2,67301,1,,1,1,,,,,0,,0,0,0,0.0,0,,845,1,2,0,0,0,0,0,3,4,0,2,3,,N,,,,,,,,,,,
2008088431,755,2,0,0,0,0,0,0,0,0,4,0,,67,6,2008,4,40.0675,-75.1515,750.0,6,0,0,0,0,0,0,0,0,,0,0,0,7,1,1,1,,0,40 04:02.946,,0,75 09:05.565,4,0,0,0,67301,0,0,0,N,0,0,0,2,67301,1,,1,9,,N,N,,0,,0,0,0,3.0,3,,730,1,2,0,0,0,0,0,3,4,0,2,3,,N,,,,,,,,,,,
2008095368,1333,3,0,0,0,0,0,0,0,0,6,0,,67,7,2008,1,40.0422,-75.122,1331.0,6,0,0,0,0,0,2,0,0,,0,0,0,13,1,3,2,,0,40 02:32.002,,0,75 07:19.113,3,0,0,0,67301,0,0,0,N,0,0,0,6,67301,2,,1,1,,N,N,,0,,1,0,0,3.0,3,,1330,3,3,0,0,0,0,0,3,4,0,3,3,,N,,,,,,,,,,,
2008088299,2050,0,0,0,0,0,0,0,0,0,8,0,,67,6,2008,2,40.0416,-75.0754,2046.0,6,0,0,0,0,0,0,0,0,,0,0,0,20,1,1,0,,0,40 02:29.786,,0,75 04:31.319,8,0,0,0,67301,1,0,0,N,1,0,0,2,67301,0,,5,1,,N,N,,0,,0,0,0,0.0,0,,2042,1,2,0,0,0,1,0,3,4,1,1,3,,N,,,,,,,,,,,
2008090508,1606,2,0,0,0,0,0,0,0,0,1,0,,67,8,2008,6,39.9333,-75.2001,1544.0,6,0,0,0,0,0,0,0,0,,0,0,0,15,1,0,3,,0,39 55:56.855,,0,75 12:00.597,0,0,0,0,67301,0,0,0,N,0,0,0,2,68K01,0,,1,1,,N,N,,0,,0,0,0,3.0,4,,1541,0,2,0,0,0,0,0,3,4,0,2,3,,N,,,,,,,,,,,
2008087976,820,1,0,0,0,0,0,0,0,0,6,0,,67,6,2008,6,39.9317,-75.168,810.0,6,0,0,0,0,0,0,0,1,,0,0,0,8,1,2,1,,0,39 55:53.939,,0,75 10:04.948,4,0,0,0,67301,0,0,0,N,0,0,0,2,67301,2,,1,1,,N,N,,0,,0,0,1,3.0,2,,809,2,2,0,0,0,0,0,3,4,0,2,3,,N,,,,,,,,,,,
2008085704,2300,0,0,0,0,0,0,0,0,0,1,0,,67,7,2008,1,40.0079,-75.0715,2251.0,6,0,0,0,0,0,1,0,0,1.0,0,0,0,22,2,2,0,,1,40 00:27.669,1.0,0,75 04:18.839,4,0,0,0,67301,1,0,0,N,0,0,0,2,68K01,2,,2,1,,N,N,,0,,0,0,2,0.0,0,N,2247,2,2,0,0,0,0,0,3,4,0,2,3,,N,,,,,,,,,,,
2008100592,750,1,0,0,0,0,0,0,0,0,8,0,,67,6,2008,2,39.9428,-75.1739,745.0,6,0,0,0,0,0,0,0,0,,0,0,0,7,1,1,1,,0,39 56:34.069,,0,75 10:25.946,4,0,0,0,67301,1,0,0,,1,0,0,2,67301,1,,1,1,,,,,0,,0,0,0,0.0,0,,744,1,2,0,0,0,0,0,3,4,0,1,3,,N,,,,,,,,,,,
2008098208,1442,2,0,0,0,0,0,0,0,0,4,0,,67,7,2008,1,40.0448,-75.2333,1433.0,6,0,0,0,0,0,0,0,0,,0,0,0,14,1,2,0,,0,40 02:41.215,,0,75 13:59.887,4,0,0,0,67301,0,0,0,,0,0,0,2,67301,2,,1,1,,,,,0,,0,0,0,0.0,0,,1433,2,2,0,0,0,0,0,3,4,0,2,3,,N,,,,,,,,,,,
2008098277,2340,2,0,0,0,0,0,0,0,0,1,0,,67,7,2008,5,40.1125,-74.9908,2233.0,6,0,0,0,0,0,0,0,0,,0,0,0,23,3,0,0,,0,40 06:45.138,,0,74 59:26.718,0,0,0,0,67301,0,0,0,N,0,0,0,4,67301,0,,1,1,,N,N,,0,,0,0,0,0.0,0,,2333,0,2,0,0,0,0,0,3,4,0,2,3,,N,,,,,,,,,,,
2008078922,1814,2,0,0,0,0,0,0,0,0,4,0,,67,5,2008,7,40.0808,-75.0286,1810.0,6,0,0,0,0,0,1,0,0,1.0,0,0,0,18,1,2,1,,1,40 04:50.725,1.0,0,75 01:42.964,4,0,0,0,67301,0,0,0,N,0,0,0,6,67301,2,,1,1,,N,N,,0,,0,0,0,3.0,2,Y,1808,2,2,0,0,0,0,0,3,4,0,2,3,,N,,,,,,,,,,,
2008078957,1403,1,0,0,0,0,0,0,0,0,8,0,,67,5,2008,6,39.958,-75.2212,1401.0,6,0,0,0,0,0,0,0,0,,0,0,0,7,1,1,1,,0,39 57:28.778,,0,75 13:16.371,8,0,0,0,67301,1,0,0,N,1,0,0,2,67301,0,,1,1,,N,N,,0,,0,0,0,3.0,2,,735,1,2,0,0,0,1,1,3,4,0,1,3,,N,,,,,,,,,,,
2008078963,1807,1,0,0,0,0,0,0,0,0,8,0,,67,5,2008,3,40.0291,-75.1468,1802.0,6,0,0,0,0,0,0,0,1,,0,0,0,99,1,2,1,,0,40 01:44.597,,0,75 08:48.518,8,0,0,0,67301,2,0,0,N,2,0,0,3,67301,0,,1,1,,N,N,,0,,0,0,0,3.0,2,,9999,2,3,0,0,0,2,0,3,4,0,1,3,,N,,,,,,,,,,,
2008099653,913,1,0,0,0,0,0,0,0,0,7,0,,67,3,2008,2,40.0227,-75.0371,911.0,6,0,0,0,0,0,0,0,0,,0,0,0,9,1,2,0,,0,40 01:21.360,,0,75 02:13.920,3,0,0,0,67301,0,0,0,N,0,0,0,2,68K01,1,,3,1,,N,N,,0,,1,0,0,0.0,0,,903,2,1,0,0,2,0,0,3,4,0,1,3,,N,,,,,,,,,,,
2008104867,1232,1,0,0,0,0,0,0,0,0,4,1,,67,8,2008,2,39.9028,-75.1507,1223.0,6,0,0,0,0,0,2,0,0,1.0,0,1,0,12,1,0,0,,1,39 54:21.049,1.0,0,75 08:59.236,0,0,0,0,67301,0,0,0,Y,0,0,0,3,68K01,0,,1,1,,N,N,,0,,0,0,0,0.0,0,N,1220,0,2,0,0,0,0,0,3,4,0,2,3,,N,,,,,,,,,,,
2008070953,1309,2,0,0,0,0,0,0,0,0,1,0,,67,6,2008,7,39.9451,-75.1908,1244.0,6,0,0,0,0,0,0,0,0,,0,0,0,12,1,0,0,,0,39 56:42.191,,2,75 11:26.711,0,0,0,0,67301,0,0,0,N,0,0,0,2,68K01,0,,1,1,,N,N,,0,,0,0,0,0.0,0,,1240,0,2,0,0,0,0,0,3,4,0,2,3,,N,,,,,,,,,,,
2008099477,930,0,0,0,0,0,0,0,0,0,8,0,,67,6,2008,7,40.0805,-75.1726,928.0,6,0,0,0,0,0,0,0,1,,0,0,0,9,1,1,0,,0,40 04:49.645,,0,75 10:21.374,8,0,0,0,67301,1,0,0,,1,0,0,3,67301,0,,1,1,,N,N,,0,,0,0,0,0.0,0,,925,1,2,0,0,0,1,0,3,4,1,1,3,,N,,,,,,,,,,,
2008073512,1035,2,0,0,0,0,0,0,0,0,4,0,,67,4,2008,6,40.1018,-75.0275,1030.0,6,0,0,1,0,0,1,0,0,1.0,0,0,0,10,1,2,1,,1,40 06:06.588,1.0,0,75 01:38.906,4,0,0,0,67301,0,0,0,N,0,0,0,4,67301,2,,1,1,,N,N,,0,,0,0,2,3.0,2,Y,1020,2,4,0,0,0,0,0,3,4,0,4,3,,N,,,,,,,,,,,
2008073515,1910,1,0,0,0,0,0,0,0,0,8,0,,67,4,2008,1,40.0827,-75.0495,1905.0,6,0,0,0,0,0,0,0,0,,0,0,0,19,4,1,0,,0,40 04:57.864,,0,75 02:58.070,4,0,0,0,67301,1,0,0,N,1,0,0,3,67301,1,,4,1,,N,N,,0,,0,0,0,0.0,0,,1900,1,2,0,0,2,0,0,3,4,0,1,3,,N,,,,,,,,,,,
2008120805,1620,0,0,0,0,0,0,0,0,0,4,0,,67,9,2008,6,39.9704,-75.2172,1613.0,6,0,0,0,0,0,0,0,0,,0,0,0,16,1,1,1,,0,39 58:13.317,,0,75 13:01.912,8,0,0,1,67301,0,0,0,N,0,0,0,3,67301,0,,1,1,,N,N,,0,,0,0,1,3.0,2,,1613,1,2,0,0,0,1,2,3,4,0,2,3,,N,,,,,,,,,,,
2008120813,9999,4,0,0,0,0,0,0,0,0,4,0,,67,9,2008,6,39.9755,-75.1664,838.0,6,0,0,0,0,1,1,0,0,,0,0,0,8,1,2,0,,0,39 58:31.693,,1,75 09:59.171,4,0,0,0,67301,0,0,0,N,0,0,0,3,67301,2,,1,9,,N,N,,0,,0,0,0,0.0,0,,836,2,4,0,0,0,0,0,3,4,0,4,7,,N,,,,,,,,,,,
2008119505,934,1,0,0,0,0,0,0,0,0,8,0,,67,9,2008,4,39.9636,-75.171,934.0,6,0,0,0,0,0,0,0,0,,0,0,0,9,1,1,1,,0,39 57:48.927,,0,75 10:15.587,4,0,0,0,67301,1,0,0,N,1,0,0,2,67301,1,,5,1,,N,N,,0,,0,0,0,3.0,2,,932,1,2,0,0,0,0,0,3,4,0,1,3,,N,,,,,,,,,,,
2008110559,2035,1,0,0,0,0,0,0,0,0,7,0,,67,9,2008,2,40.002,-75.0784,2023.0,6,0,0,0,0,0,0,0,0,,0,0,0,20,3,0,0,,0,40 00:07.521,,0,75 04:41.823,0,0,0,0,67301,0,0,0,N,0,0,0,1,68K01,0,,5,1,,N,N,,0,,0,0,0,0.0,0,,2023,0,1,0,0,0,0,0,3,4,0,1,3,,N,,,,,,,,,,,
2009013674,2130,2,0,0,0,0,0,0,0,0,1,0,,67,11,2008,1,40.0612,-75.1564,1126.0,6,0,0,0,0,0,0,0,0,,0,0,0,21,3,0,1,,0,40 03:40.471,,0,75 09:23.122,9,0,0,0,67301,0,0,0,N,0,0,0,2,67301,0,,4,1,,N,N,,0,,0,0,1,9.0,3,,2125,0,3,0,0,2,0,1,3,4,0,3,3,,N,,,,,,,,,,,
2009001968,1910,2,0,0,0,0,0,0,0,0,6,0,,67,11,2008,6,40.0263,-75.0969,1900.0,6,0,0,0,0,0,0,0,0,1.0,0,0,0,19,3,1,2,,1,40 01:35.317,1.0,0,75 05:50.739,4,0,0,0,67301,0,0,0,,0,0,0,3,67301,1,,1,1,,N,N,,0,,0,0,0,3.0,2,Y,1900,1,2,0,0,1,0,1,3,4,0,2,3,,N,,,,,,,,,,,
2009024811,800,3,0,0,0,0,0,0,0,0,1,0,,67,12,2008,6,40.0152,-75.1552,757.0,6,0,0,0,0,0,1,0,0,,0,0,0,7,1,1,2,,0,40 00:55.037,,0,75 09:18.906,8,0,0,0,67301,0,0,0,N,0,0,0,3,67301,0,,1,9,,N,N,,0,,0,0,0,0.0,0,,757,1,3,0,0,0,1,0,3,4,0,3,7,,N,,,,,,,,,,,
2008095395,804,2,0,0,0,0,0,0,0,0,4,0,,67,7,2008,7,39.9858,-75.2156,802.0,6,0,0,0,0,0,0,0,0,1.0,0,0,0,8,1,6,1,,1,39 59:08.980,1.0,0,75 12:56.216,8,0,0,0,67301,0,0,0,,0,0,0,7,67301,0,,1,9,,N,N,,0,,0,0,1,3.0,2,N,802,6,3,0,0,0,6,0,3,4,0,3,3,,N,,,,,,,,,,,
2008097901,448,1,0,0,0,0,0,0,0,0,8,0,,67,7,2008,7,39.9709,-75.2307,446.0,6,0,0,0,0,0,0,0,0,,0,0,0,4,3,1,1,,0,39 58:15.236,,0,75 13:50.408,8,0,0,0,67301,1,0,0,N,1,0,0,2,67301,0,,1,9,,N,N,,0,,0,0,0,3.0,2,,443,1,2,0,0,0,1,1,3,4,0,1,3,,N,,,,,,,,,,,
2008097952,1944,2,0,0,0,0,0,0,0,0,4,0,,67,6,2008,7,39.9533,-75.1838,1944.0,6,0,0,0,0,0,0,0,0,,0,0,0,19,1,0,1,,0,39 57:12.004,,0,75 11:01.526,0,0,0,0,67301,0,0,0,N,0,0,0,6,67504,0,,1,1,,N,N,,0,,0,0,0,3.0,2,,1930,0,2,0,0,0,0,0,3,4,0,2,3,,N,,,,,,,,,,,
2008095446,955,2,0,0,0,0,0,0,0,0,1,0,,67,7,2008,2,40.0159,-75.1538,45.0,6,0,0,0,0,0,0,0,0,,0,0,0,0,3,1,1,,0,40 00:57.144,,0,75 09:13.829,4,0,0,0,67301,0,0,0,,0,0,0,2,67301,1,,1,1,,N,N,,0,,0,0,0,3.0,2,,30,1,2,0,0,0,0,1,3,4,0,2,3,,N,,,,,,,,,,,
2008082867,1914,1,0,0,0,0,0,0,0,0,7,0,,67,5,2008,1,40.0004,-75.1867,1913.0,6,0,0,0,0,0,1,0,0,9.0,0,0,0,19,1,0,0,,1,40 00:01.440,3.0,0,75 11:12.120,0,0,0,0,67301,0,0,0,N,0,0,0,1,67301,0,,2,9,,N,N,,0,,0,0,0,0.0,0,N,1900,0,1,0,0,0,0,0,3,4,0,1,3,,N,,,,,,,,,,,
2008097618,1716,2,0,0,0,0,0,0,0,0,1,0,,67,8,2008,6,40.1376,-75.0144,1712.0,6,0,0,0,0,0,1,0,0,3.0,0,0,0,17,1,0,2,,1,40 08:15.507,3.0,0,75 00:51.943,0,0,0,0,67301,0,0,0,N,0,0,0,3,67301,0,,1,1,,N,N,,0,,0,0,0,0.0,0,N,1712,0,2,0,0,0,0,0,3,4,0,2,3,,N,,,,,,,,,,,
2008088418,1155,2,0,0,0,0,0,0,0,0,4,0,,67,6,2008,2,40.014,-75.158,1138.0,6,0,0,0,0,0,0,0,0,,0,0,0,99,1,2,1,,0,40 00:50.400,,0,75 09:28.440,4,0,0,0,67301,0,0,0,,0,0,0,2,67301,2,,1,1,,N,N,,0,,0,0,0,3.0,3,,9999,2,2,0,0,2,0,0,3,4,0,2,3,,N,,,,,,,,,,,
2008088206,816,1,0,0,0,0,0,0,0,0,3,0,,67,6,2008,2,40.0424,-75.1728,815.0,6,0,0,0,0,0,0,1,0,,0,0,0,8,1,1,0,,0,40 02:32.737,,0,75 10:21.907,4,0,0,0,67301,2,0,0,N,0,0,0,3,67301,1,,6,1,,N,N,,0,,0,0,1,0.0,0,,815,1,2,0,0,0,0,0,3,4,0,2,99,,N,,,,,,,,,,,
2008088216,2019,2,0,0,0,0,0,0,0,0,4,0,,67,5,2008,7,40.0754,-75.1694,2019.0,6,0,0,0,0,0,0,0,0,1.0,0,0,0,19,4,1,1,,2,40 04:31.476,2.0,0,75 10:09.937,4,0,0,0,67301,0,0,0,N,0,0,0,2,67301,1,,2,1,,N,N,,0,,0,0,0,3.0,3,N,1953,1,3,0,0,0,0,0,3,4,1,3,3,,N,,,,,,,,,,,
2008095341,1715,0,0,0,0,0,0,0,0,0,1,0,,67,8,2008,4,40.078,-75.0237,1712.0,6,0,0,0,0,0,1,0,0,,0,0,0,17,1,1,2,,0,40 04:40.775,,0,75 01:25.271,8,0,0,0,67301,0,0,0,N,0,0,0,2,67301,0,,1,1,,N,N,,0,,0,0,1,3.0,2,,1711,1,2,0,0,0,1,0,3,4,1,2,3,,N,,,,,,,,,,,
2008088306,2342,1,0,0,0,0,0,0,0,0,1,0,,67,6,2008,4,40.0226,-75.1336,2337.0,6,0,0,1,0,0,1,0,0,,0,0,0,23,3,1,0,,0,40 01:21.231,,0,75 08:00.795,3,0,0,0,67301,0,0,0,N,0,0,0,3,67301,0,,1,9,,N,N,,1,,1,0,0,3.0,2,,2300,1,2,0,0,0,0,0,3,4,0,2,7,,N,,,,,,,,,,,
2008085839,1544,2,0,0,0,0,0,0,0,0,1,0,,67,7,2008,2,39.9679,-75.1304,1534.0,6,0,0,0,0,1,1,1,0,1.0,0,0,0,15,1,2,0,,1,39 58:05.819,1.0,0,75 07:45.489,8,0,0,0,67301,0,0,0,N,0,0,0,5,68K01,0,,1,1,,N,N,,1,,0,0,1,0.0,0,N,1527,2,4,0,0,1,2,0,3,4,0,4,3,,N,,,,,,,,,,,
2008080313,9999,0,0,0,0,0,0,0,0,0,8,0,,67,5,2008,3,39.999,-75.1127,9999.0,6,0,0,0,0,0,0,0,0,,0,0,0,13,1,1,2,,0,39 59:56.425,,0,75 06:45.896,8,0,0,0,67301,1,0,0,N,1,0,0,2,67301,0,,1,1,,N,,,0,,0,0,0,9.0,9,,1330,1,2,0,0,0,1,1,3,4,1,1,99,,N,,,,,,,,,,,
2008087967,1608,1,0,0,0,0,0,0,0,0,4,0,,67,6,2008,7,39.9751,-75.195,1604.0,6,0,0,0,0,0,0,0,0,,0,0,0,16,1,1,1,,0,39 58:30.316,,0,75 11:41.875,4,0,0,1,67301,0,0,0,N,0,0,0,2,67301,1,,1,1,,N,N,,0,,0,0,0,3.0,2,,1600,1,2,0,0,0,0,0,3,4,0,2,3,,N,,,,,,,,,,,
2008097992,1515,1,0,0,0,0,0,0,0,0,9,0,,67,6,2008,7,39.9982,-75.1876,9999.0,6,0,0,0,0,0,0,0,0,,0,0,0,99,1,1,2,,0,39 59:53.520,,0,75 11:15.360,4,0,0,1,67301,0,0,0,N,0,0,0,3,67301,1,,9,1,,N,N,,0,,0,0,0,3.0,2,,9999,1,2,0,0,0,0,0,3,4,0,2,3,,N,,,,,,,,,,,
2008097993,2248,0,0,0,0,0,0,0,0,0,8,0,,67,7,2008,6,39.9649,-75.1952,2244.0,6,0,0,0,0,0,0,0,0,,0,0,0,22,2,1,0,,0,39 57:53.521,,0,75 11:42.730,4,0,0,0,67301,1,0,0,N,1,0,0,2,67301,1,,1,9,,N,N,,0,,0,0,1,0.0,0,,2240,1,2,0,0,0,0,0,3,4,0,1,7,,N,,,,,,,,,,,