CRN,ARRIVAL_TM,AUTOMOBILE_COUNT,BELTED_DEATH_COUNT,BELTED_SUSP_SERIOUS_INJ_COUNT,BICYCLE_COUNT,BICYCLE_DEATH_COUNT,BICYCLE_SUSP_SERIOUS_INJ_COUNT,BUS_COUNT,CHLDPAS_DEATH_COUNT,CHLDPAS_SUSP_SERIOUS_INJ_COUNT,COLLISION_TYPE,COMM_VEH_COUNT,CONS_ZONE_SPD_LIM,COUNTY,CRASH_MONTH,CRASH_YEAR,DAY_OF_WEEK,DEC_LAT,DEC_LONG,DISPATCH_TM,DISTRICT,DRIVER_COUNT_16YR,DRIVER_COUNT_17YR,DRIVER_COUNT_18YR,DRIVER_COUNT_19YR,DRIVER_COUNT_20YR,DRIVER_COUNT_50_64YR,DRIVER_COUNT_65_74YR,DRIVER_COUNT_75PLUS,EST_HRS_CLOSED,FATAL_COUNT,HEAVY_TRUCK_COUNT,HORSE_BUGGY_COUNT,HOUR_OF_DAY,ILLUMINATION,INJURY_COUNT,INTERSECT_TYPE,INTERSECTION_RELATED,LANE_CLOSED,LATITUDE,LN_CLOSE_DIR,LOCATION_TYPE,LONGITUDE,MAX_SEVERITY_LEVEL,MCYCLE_DEATH_COUNT,MCYCLE_SUSP_SERIOUS_INJ_COUNT,MOTORCYCLE_COUNT,MUNICIPALITY,NONMOTR_COUNT,NONMOTR_DEATH_COUNT,NONMOTR_SUSP_SERIOUS_INJ_COUNT,NTFY_HIWY_MAINT,PED_COUNT,PED_DEATH_COUNT,PED_SUSP_SERIOUS_INJ_COUNT,PERSON_COUNT,POLICE_AGCY,POSSIBLE_INJ_COUNT,RDWY_SURF_TYPE_CD,RELATION_TO_ROAD,ROAD_CONDITION,ROADWAY_CLEARED,SCH_BUS_IND,SCH_ZONE_IND,SECONDARY_CRASH,SMALL_TRUCK_COUNT,SPEC_JURIS_CD,SUSP_MINOR_INJ_COUNT,SUSP_SERIOUS_INJ_COUNT,SUV_COUNT,TCD_FUNC_CD,TCD_TYPE,TFC_DETOUR_IND,TIME_OF_DAY,TOT_INJ_COUNT,TOTAL_UNITS,UNB_DEATH_COUNT,UNB_SUSP_SERIOUS_INJ_COUNT,UNBELTED_OCC_COUNT,UNK_INJ_DEG_COUNT,UNK_INJ_PER_COUNT,URBAN_AREA,URBAN_RURAL,VAN_COUNT,VEHICLE_COUNT,WEATHER1,WEATHER2,WORK_ZONE_IND,WORK_ZONE_LOC,WORK_ZONE_TYPE,WORKERS_PRES,WZ_CLOSE_DETOUR,WZ_FLAGGER,WZ_LAW_OFFCR_IND,WZ_LN_CLOSURE,WZ_MOVING,WZ_OTHER,WZ_SHLDER_MDN,WZ_WORKERS_INJ_KILLED
2008085436,1041,1,0,0,0,0,0,0,0,0,1,1,,67,7,2008,2,39.9606,-75.1814,1029.0,6,0,0,0,0,0,1,0,0,1.0,0,1,0,10,1,1,0,,1,39 57:41.549,4.0,0,75 10:55.682,4,0,0,0,67301,0,0,0,N,0,0,0,4,68K01,1,,1,1,,N,N,,0,,0,0,1,0.0,0,N,1018,1,3,0,0,0,0,0,3,4,0,3,3,,N,,,,,,,,,,,
2008100505,305,1,0,0,0,0,0,0,0,0,4,0,,67,7,2008,6,39.9455,-75.1532,301.0,6,0,0,0,0,0,0,0,0,,0,0,0,2,3,0,1,,0,39 56:43.886,,0,75 09:11.444,0,0,0,0,67301,0,0,0,N,0,0,0,2,67301,0,,1,1,,N,N,,1,,0,0,0,3.0,2,,255,0,2,0,0,0,0,0,3,4,0,2,3,,N,,,,,,,,,,,
2008100567,1607,1,0,0,0,0,0,0,0,0,7,0,,67,7,2008,1,,,1605.0,6,0,0,0,1,0,0,0,0,,0,0,0,16,1,0,0,,0,,,0,,0,0,0,0,67301,0,0,0,N,0,0,0,2,67301,0,,3,1,,N,N,,0,,0,0,0,0.0,0,,1600,0,1,0,0,0,0,0,3,3,0,1,3,,N,,,,,,,,,,,
2008095567,1857,1,0,0,0,0,0,0,0,0,2,0,,67,6,2008,2,40.0344,-75.0748,1856.0,6,0,0,0,0,0,0,0,0,1.0,0,0,0,18,1,0,5,,1,40 02:03.613,2.0,0,75 04:29.625,0,0,0,0,67301,0,0,0,N,0,0,0,2,67301,0,,1,1,,N,N,,0,,0,0,1,3.0,2,N,1856,0,2,0,0,0,0,0,3,4,0,2,3,,N,,,,,,,,,,,
2008098200,1650,1,0,0,0,0,0,0,0,0,8,0,,67,7,2008,1,39.9766,-75.1454,1645.0,6,0,0,0,0,0,0,0,0,,0,0,0,16,1,1,0,,0,39 58:35.659,,0,75 08:43.454,2,0,0,0,67301,1,0,1,N,1,0,1,2,67301,0,,1,9,,N,N,,0,,0,1,0,0.0,0,,1645,1,2,0,0,0,0,0,3,4,0,1,7,,N,,,,,,,,,,,
2008098247,1405,2,0,0,0,0,0,0,0,0,4,0,,67,7,2008,3,40.1051,-75.0331,1402.0,6,0,0,0,0,1,0,0,1,1.0,0,0,0,14,1,1,0,,1,40 06:18.529,3.0,0,75 01:59.102,3,0,0,0,67301,0,0,0,N,0,0,0,2,67301,0,,1,1,,N,N,,0,,1,0,0,0.0,0,N,1400,1,2,0,0,0,0,0,3,4,0,2,3,,N,,,,,,,,,,,
2008098255,1619,1,0,0,0,0,0,0,0,0,4,0,,67,7,2008,3,40.0723,-75.1992,1614.0,6,0,0,0,0,0,1,0,0,,0,0,0,14,1,1,1,,0,40 04:20.103,,0,75 11:57.256,4,0,0,0,67301,0,0,0,N,0,0,0,2,67301,1,,1,1,,N,N,,0,,0,0,0,3.0,3,,1412,1,2,0,0,0,0,0,3,4,1,2,3,,N,,,,,,,,,,,
2008098278,1209,1,0,0,0,0,0,0,0,0,0,0,,67,7,2008,3,40.0204,-75.1543,1208.0,6,0,0,0,0,0,0,0,0,2.0,0,0,0,12,1,0,0,,2,40 01:13.478,1.0,0,75 09:15.620,0,0,0,1,67301,0,0,0,N,0,0,0,3,67301,0,,1,1,,N,N,,1,,0,0,0,0.0,0,Y,1208,0,3,0,0,0,0,0,3,4,0,3,3,,N,,,,,,,,,,,
2008098343,2150,2,0,0,0,0,0,0,0,0,1,0,,67,8,2008,6,39.9878,-75.0921,2133.0,6,0,0,0,0,0,0,0,0,,0,0,0,21,3,1,1,,0,39 59:16.000,,0,75 05:31.380,4,0,0,0,67301,0,0,0,N,0,0,0,5,67301,1,,1,1,,N,N,,0,,0,0,0,3.0,2,,2117,1,2,0,0,0,0,1,3,4,0,2,3,,N,,,,,,,,,,,
2008083792,938,1,0,0,0,0,0,0,0,0,1,0,,67,6,2008,6,39.964,-75.1846,931.0,6,0,0,0,0,1,0,0,0,,0,0,0,11,1,1,0,,0,39 57:51.142,,0,75 11:05.116,4,0,0,0,67301,0,0,0,N,0,0,0,2,68K01,1,,1,1,,N,N,,0,,0,0,1,0.0,0,,1145,1,2,0,0,0,0,1,3,4,0,2,3,,N,,,,,,,,,,,
2008089356,826,1,0,0,0,0,0,0,0,0,4,0,,67,5,2008,5,40.0296,-75.2063,821.0,6,0,0,0,0,0,0,0,0,,0,0,0,8,1,0,2,,0,40 01:46.666,,0,75 12:22.539,0,0,0,0,67301,0,0,0,N,0,0,0,2,67301,0,,1,1,,N,N,,0,,0,0,1,0.0,0,,800,0,2,0,0,0,0,0,3,4,0,2,3,,N,,,,,,,,,,,
2008081471,1830,1,0,0,0,0,0,1,0,0,5,1,,67,5,2008,6,39.9459,-75.2403,1830.0,6,0,0,0,0,0,0,0,0,,0,0,0,9,1,1,1,,0,39 56:45.089,,0,75 14:25.019,4,0,0,0,67301,0,0,0,N,0,0,0,2,67301,1,,1,9,,N,N,,0,,0,0,0,3.0,2,,920,1,2,0,0,0,0,1,3,4,0,2,7,,N,,,,,,,,,,,
2008110162,1438,1,0,0,0,0,0,0,0,0,4,0,,67,8,2008,7,40.019,-75.1472,1405.0,6,0,0,0,0,0,1,0,0,2.0,0,0,0,13,1,3,1,,1,40 01:08.421,2.0,0,75 08:50.015,8,0,0,0,67301,0,0,0,N,0,0,0,5,67301,0,,1,1,,N,N,,0,,0,0,0,3.0,2,N,1330,3,2,0,0,0,3,0,3,4,1,2,3,,N,,,,,,,,,,,
2008070804,1550,0,0,0,0,0,0,0,0,0,7,0,,67,4,2008,4,39.9758,-75.2266,1550.0,6,0,0,1,0,0,0,0,0,,0,0,0,15,1,1,0,,0,39 58:32.748,,0,75 13:35.917,3,0,0,1,67301,0,0,0,N,0,0,0,1,67301,0,,5,1,,N,N,,0,,1,0,0,0.0,0,,1545,1,1,0,0,0,0,0,3,4,0,1,3,,N,,,,,,,,,,,
2008070806,1420,1,0,0,0,0,0,0,0,0,4,0,,67,4,2008,7,40.0808,-75.0284,1420.0,6,0,0,0,0,0,0,0,0,1.0,0,0,0,14,1,2,5,,2,40 04:50.820,3.0,0,75 01:42.117,3,0,0,0,67301,0,0,0,,0,0,0,3,67301,1,,1,1,,,,,0,,1,0,1,3.0,2,N,1420,2,2,0,0,0,0,0,3,4,0,2,3,,N,,,,,,,,,,,
2008070818,1205,1,0,0,0,0,0,0,0,0,7,0,,67,4,2008,2,40.0343,-75.1975,1200.0,6,0,0,1,0,0,0,0,0,,0,0,0,22,3,0,2,,0,40 02:03.437,,0,75 11:51.151,9,0,0,0,67301,0,0,0,N,0,0,0,2,67301,0,,2,1,,N,N,,0,,0,0,0,9.0,4,,2230,0,1,0,0,0,0,1,3,4,0,1,3,,N,,,,,,,,,,,
2008110241,1126,1,0,0,0,0,0,0,0,0,4,0,,67,8,2008,2,40.0119,-75.1506,1125.0,6,0,0,0,0,0,0,0,0,,0,0,0,11,1,1,0,,0,40 00:43.049,,0,75 09:01.955,4,0,0,0,67301,0,0,0,N,0,0,0,1,67301,1,,1,1,,N,N,,0,,0,0,1,0.0,0,,1123,1,2,0,0,0,0,0,3,4,0,2,3,,N,,,,,,,,,,,
2008120707,1941,2,0,0,0,0,0,0,0,0,4,0,,67,9,2008,6,39.9717,-75.1593,1940.0,6,0,0,0,0,0,0,1,0,,0,0,0,19,3,1,0,,0,39 58:18.167,,0,75 09:33.528,8,0,0,0,67301,0,0,0,N,0,0,0,5,67301,0,,1,9,,N,N,,0,,0,0,0,3.0,8,,1920,1,2,0,0,0,1,0,3,4,0,2,7,,N,,,,,,,,,,,
2008110571,1655,1,0,0,0,0,0,0,0,0,7,0,,67,10,2008,2,40.0439,-75.0026,1651.0,6,0,0,0,0,0,0,0,0,,0,0,0,16,1,0,0,,0,40 02:39.591,,0,75 00:08.502,0,0,0,0,67301,0,0,0,N,0,0,0,2,68K01,0,,2,1,,N,N,,0,,0,0,1,0.0,0,,1651,0,2,0,0,0,0,0,3,4,0,2,3,,N,,,,,,,,,,,
2009013815,1145,1,0,0,0,0,0,0,0,0,4,0,,67,12,2008,4,40.0072,-75.1234,1142.0,6,0,0,0,0,0,0,0,0,,0,0,0,11,1,3,1,,0,40 00:25.981,,0,75 07:24.379,4,0,0,0,67301,0,0,0,N,0,0,0,3,67301,3,,1,1,,N,N,,1,,0,0,0,3.0,2,,1140,3,2,0,0,0,0,0,3,4,0,2,3,,N,,,,,,,,,,,
2009013860,23,1,0,0,0,0,0,0,0,0,7,0,,67,11,2008,6,40.0005,-75.1869,20.0,6,0,1,0,0,0,0,0,0,2.0,0,0,0,0,3,2,2,,1,40 00:00.720,2.0,0,75 11:12.840,8,0,0,0,67301,0,0,0,N,0,0,0,2,67301,0,,4,9,,N,N,,0,,0,0,0,3.0,2,Y,0,2,1,0,0,0,2,0,3,4,0,1,7,,N,,,,,,,,,,,
2009013862,1747,1,0,0,0,0,0,0,0,0,8,0,,67,12,2008,4,40.0061,-75.1708,1745.0,6,0,0,0,0,0,1,0,0,,0,0,0,17,3,1,1,,0,40 00:22.129,,0,75 10:14.757,4,0,0,0,67301,1,0,0,N,1,0,0,2,67301,1,,1,1,,N,N,,0,,0,0,0,3.0,2,,1745,1,2,0,0,0,0,0,3,4,0,1,3,,N,,,,,,,,,,,
2009006470,1426,1,0,0,0,0,0,0,0,0,1,0,,67,12,2008,5,39.9669,-75.188,1421.0,6,0,0,0,0,0,0,0,0,,0,0,0,14,1,1,0,,0,39 58:01.219,,0,75 11:17.541,4,0,0,0,67301,0,0,0,N,0,0,0,3,68K01,1,,1,1,,N,N,,0,,0,0,1,0.0,0,,1419,1,2,0,0,0,0,0,3,4,0,2,3,,N,,,,,,,,,,,
2009001010,1807,1,0,0,0,0,0,0,0,0,4,0,,67,11,2008,3,39.9804,-75.1471,1800.0,6,0,0,0,0,0,0,0,0,,0,0,0,18,3,0,1,,0,39 58:49.450,,0,75 08:49.394,0,0,0,0,67301,0,0,0,N,0,0,0,4,67301,0,,1,1,,N,N,,0,,0,0,1,3.0,3,,1800,0,2,0,0,0,0,0,3,4,0,2,3,,N,,,,,,,,,,,
2009001046,1933,1,0,0,0,0,0,0,0,0,4,0,,67,11,2008,1,39.924,-75.2222,1926.0,6,0,0,0,0,0,1,0,0,3.0,0,0,0,19,3,1,1,,1,39 55:26.182,6.0,0,75 13:20.098,2,0,1,1,67301,0,0,0,N,0,0,0,2,67301,0,,1,1,,N,N,,0,,0,1,0,3.0,2,Y,1918,1,2,0,0,0,0,0,3,4,0,2,3,,N,,,,,,,,,,,
2009001051,1524,2,0,0,0,0,0,0,0,0,1,0,,67,11,2008,3,39.9169,-75.2461,1518.0,6,0,0,0,0,0,1,0,0,,0,0,0,14,1,2,0,,0,39 55:00.875,,0,75 14:46.111,4,0,0,0,67301,0,0,0,,0,0,0,3,67301,2,,1,1,,,,,0,,0,0,0,0.0,0,,1450,2,2,0,0,2,0,0,3,4,0,2,3,,N,,,,,,,,,,,
2009002014,657,0,0,0,1,0,0,0,0,0,4,0,,67,11,2008,6,39.9636,-75.171,603.0,6,0,0,0,0,0,1,0,0,1.0,0,0,0,6,5,1,1,,1,39 57:48.927,3.0,0,75 10:15.587,4,0,0,0,67301,1,0,0,N,0,0,0,2,67301,1,,1,9,,N,N,,1,,0,0,0,3.0,2,N,600,1,2,0,0,0,0,0,3,4,0,1,7,,N,,,,,,,,,,,
2008081119,1732,2,0,0,0,0,0,0,0,0,4,0,,67,5,2008,1,39.9589,-75.1567,1730.0,6,0,0,0,0,0,0,0,1,,0,0,0,17,1,2,1,,0,39 57:32.119,,0,75 09:24.206,4,0,0,0,67301,0,0,0,N,0,0,0,4,67301,2,,1,1,,N,N,,0,,0,0,0,3.0,2,,1730,2,2,0,0,1,0,0,3,4,0,2,3,,N,,,,,,,,,,,
2008081546,610,2,0,0,0,0,0,0,0,0,4,0,,67,5,2008,6,39.9676,-75.1408,600.0,6,0,0,0,0,0,0,0,0,,0,0,0,6,1,0,2,,0,39 58:03.302,,0,75 08:26.890,0,0,0,0,67301,0,0,0,,0,0,0,3,67301,0,,1,1,,N,N,,0,,0,0,0,3.0,3,,600,0,2,0,0,0,0,0,3,4,0,2,99,,N,,,,,,,,,,,
2008108311,35,1,0,0,0,0,0,0,0,0,1,1,,67,8,2008,4,40.0192,-75.1445,20.0,6,0,0,0,0,0,0,0,0,,0,1,0,0,3,0,0,,0,40 01:09.187,,2,75 08:40.060,0,0,0,0,67301,0,0,0,,0,0,0,3,67301,0,,1,1,,,,,0,,0,0,0,0.0,0,,16,0,2,0,0,0,0,0,3,4,0,2,3,,N,,,,,,,,,,,
2008108312,730,0,0,0,0,0,0,0,0,0,1,0,,67,8,2008,6,40.023,-75.1786,725.0,6,0,0,0,0,0,0,0,0,9.0,0,0,0,6,1,0,0,,1,40 01:22.642,2.0,0,75 10:42.917,0,0,0,0,67301,0,0,0,,0,0,0,3,67301,0,,1,1,,,,,2,,0,0,0,3.0,2,N,615,0,2,0,0,3,0,0,3,4,0,2,3,,N,,,,,,,,,,,
2008108314,1423,5,0,0,0,0,0,0,0,0,4,0,,67,8,2008,5,39.9691,-75.2475,1418.0,6,0,0,0,0,0,1,0,0,,0,0,0,14,1,2,1,,0,39 58:08.778,,0,75 14:51.154,4,0,0,0,67301,0,0,0,N,0,0,0,3,67301,1,,1,1,,N,N,,0,,0,0,0,3.0,3,,1410,2,6,0,0,0,1,0,3,4,1,6,3,,N,,,,,,,,,,,
2008094875,2220,2,0,0,0,0,0,0,0,0,2,0,,67,6,2008,6,39.9211,-75.1938,2215.0,6,0,0,0,0,0,1,0,0,,0,0,0,22,3,1,1,,0,39 55:16.113,,0,75 11:37.751,4,0,0,0,67301,0,0,0,,0,0,0,6,67301,1,,1,1,,N,N,,0,,0,0,0,3.0,2,,2213,1,2,0,0,0,0,0,3,4,0,2,3,,N,,,,,,,,,,,
2008079172,1700,1,0,0,0,0,0,0,0,0,4,0,,67,5,2008,7,40.0156,-75.0784,1651.0,6,0,0,0,0,1,0,0,0,,0,0,0,16,1,2,0,,0,40 00:56.086,,0,75 04:42.088,8,0,0,0,67301,0,0,0,N,0,0,0,2,67301,0,,6,1,,N,N,,1,,0,0,0,0.0,0,,1630,2,2,0,0,0,2,0,3,4,0,2,3,,N,,,,,,,,,,,
2008079232,618,1,0,0,0,0,0,0,0,0,0,0,,67,5,2008,3,39.891,-75.2266,612.0,6,0,0,0,0,0,0,0,0,,0,0,0,4,3,1,0,,0,39 53:27.559,,0,75 13:36.170,3,0,0,0,67301,0,0,0,N,0,0,0,1,67301,0,,2,9,,N,N,,0,,1,0,0,0.0,0,,450,1,1,0,0,0,0,0,3,4,0,1,98,,N,,,,,,,,,,,
2008098425,1935,2,0,0,0,0,0,0,0,0,4,0,,67,6,2008,3,,,1930.0,6,0,0,0,1,0,0,0,0,9.0,0,0,0,19,1,1,2,,1,,3.0,0,,4,0,0,0,67301,0,0,0,N,0,0,0,4,67301,1,,1,1,,N,N,,0,,0,0,0,3.0,3,N,1927,1,2,0,0,0,0,0,3,3,0,2,3,,N,,,,,,,,,,,
2008098428,821,1,0,0,0,0,0,0,0,0,4,1,,67,7,2008,7,39.9974,-75.0895,814.0,6,0,0,0,0,0,1,0,0,,0,1,0,8,1,1,1,,0,39 59:50.464,,0,75 05:22.304,8,0,0,0,67301,0,0,0,N,0,0,0,2,67301,0,,1,9,,N,N,,0,,0,0,0,3.0,2,,817,1,2,0,0,0,1,0,3,4,0,2,99,,N,,,,,,,,,,,
2008098445,1205,3,0,0,0,0,0,0,0,0,1,0,,67,7,2008,7,40.0369,-75.1211,1205.0,6,0,0,0,0,0,0,0,0,1.0,0,0,0,12,1,1,0,,1,40 02:12.711,3.0,0,75 07:16.127,4,0,0,0,67301,0,0,0,N,0,0,0,6,67301,1,,1,1,,N,N,,0,,0,0,0,0.0,0,N,1200,1,3,0,0,6,0,0,3,4,0,3,3,,N,,,,,,,,,,,
2008098474,1731,0,0,0,0,0,0,0,0,0,8,0,,67,7,2008,5,40.0049,-75.1787,1730.0,6,0,0,0,0,0,1,0,0,2.0,0,0,0,17,1,2,5,,1,40 00:17.640,1.0,0,75 10:43.320,3,0,0,0,67301,2,0,0,N,2,0,0,3,67301,1,,1,1,,N,N,,1,,1,0,0,3.0,2,Y,1728,2,3,0,0,0,0,0,3,4,0,1,3,,N,,,,,,,,,,,
2008078883,1003,1,0,0,0,0,0,0,0,0,4,0,,67,5,2008,4,39.9421,-75.1972,1000.0,6,0,0,0,0,0,0,0,0,,0,0,0,9,1,1,0,,0,39 56:27.411,,0,75 11:51.523,4,0,0,0,67301,0,0,0,N,0,0,0,2,67301,1,,1,1,,N,N,,0,,0,0,1,0.0,0,,950,1,2,0,0,0,0,0,3,4,0,2,3,,N,,,,,,,,,,,
2008133973,1000,2,0,0,0,0,0,0,0,0,1,0,,67,11,2008,1,39.9407,-75.2027,955.0,6,0,0,0,0,0,1,0,0,3.0,0,0,0,9,1,1,0,,1,39 56:28.305,2.0,3,75 12:19.029,8,0,0,0,67301,0,0,0,N,0,0,0,1,67301,0,,1,1,,N,N,,0,,0,0,0,0.0,0,N,950,1,2,0,0,0,1,0,3,4,0,2,3,,N,,,,,,,,,,,
2008133991,1348,1,0,0,0,0,0,0,0,0,1,0,,67,10,2008,1,40.0148,-75.2064,1345.0,6,0,0,0,0,0,0,0,0,,0,0,0,15,1,2,5,,0,40 00:53.378,,2,75 12:23.552,8,0,0,0,67301,0,0,0,N,0,0,0,4,67301,0,,1,98,,N,N,,0,,0,0,1,2.0,3,,1530,2,2,0,0,0,2,0,3,4,0,2,99,,N,,,,,,,,,,,
2008134345,221,1,0,0,0,0,0,0,0,0,7,0,,67,12,2008,1,39.9263,-75.1943,213.0,6,0,0,0,0,0,0,0,0,1.0,0,0,0,2,3,2,0,,1,39 55:38.880,4.0,0,75 11:43.580,4,0,0,0,67301,0,0,0,N,0,0,0,2,68K01,2,,2,1,,N,N,,0,,0,0,0,0.0,0,N,210,2,1,0,0,0,0,0,3,4,0,1,3,,N,,,,,,,,,,,
2008134024,1420,2,0,0,0,0,0,0,0,0,1,0,,67,11,2008,7,39.9942,-75.1114,1418.0,6,0,0,0,0,0,0,0,0,,0,0,0,14,1,1,1,,0,39 59:39.071,,0,75 06:41.033,4,0,0,0,67301,0,0,0,,0,0,0,3,67301,1,,1,9,,,,,0,,0,0,0,3.0,2,,1415,1,2,0,0,0,0,0,3,4,0,2,7,,N,,,,,,,,,,,
2008119287,2328,1,0,0,0,0,0,0,0,0,1,0,,67,9,2008,4,39.9243,-75.1691,2327.0,6,0,0,0,0,0,0,0,0,2.0,0,0,0,23,3,1,0,,2,39 55:26.210,7.0,0,75 09:58.828,8,0,0,1,67301,0,0,0,N,0,0,0,1,67301,0,,6,1,,N,N,,0,,0,0,0,0.0,0,Y,2326,1,2,0,0,0,1,0,3,4,0,2,3,,N,,,,,,,,,,,
2008133580,1820,1,0,0,1,0,0,0,0,0,4,0,,67,11,2008,3,39.9874,-75.1398,1816.0,6,0,0,0,0,0,0,0,0,1.0,0,0,0,18,3,1,2,,1,39 59:14.521,4.0,0,75 08:23.287,3,0,0,0,67301,1,0,0,N,0,0,0,2,67301,0,,1,1,,N,N,,0,,1,0,0,0.0,0,N,1810,1,2,0,0,0,0,0,3,4,0,1,3,,N,,,,,,,,,,,
2008119295,1725,2,0,0,0,0,0,0,0,0,4,0,,67,10,2008,5,40.0915,-74.9656,1723.0,6,0,0,0,0,0,0,0,0,,0,0,0,17,4,1,1,,0,40 05:29.579,,0,74 57:56.182,4,0,0,0,67301,0,0,0,N,0,0,0,4,67301,1,,1,1,,N,N,,0,,0,0,0,3.0,2,,1719,1,2,0,0,0,0,0,3,4,0,2,3,,N,,,,,,,,,,,
2008119301,1755,2,0,0,0,0,0,0,0,0,5,0,,67,9,2008,5,39.993,-75.1345,1751.0,6,0,0,0,0,0,0,0,0,,0,0,0,17,1,0,2,,0,39 59:34.792,,0,75 08:04.235,9,0,0,0,67301,0,0,0,N,0,0,0,2,67301,0,,1,1,,N,N,,0,,0,0,0,0.0,0,,1730,0,2,0,0,1,0,1,3,4,0,2,3,,N,,,,,,,,,,,
2008133604,1810,1,0,0,0,0,0,0,0,0,4,0,,67,10,2008,4,40.0613,-75.1721,1745.0,6,0,1,0,0,0,0,0,0,,0,0,0,17,3,0,1,,0,40 03:40.629,,0,75 10:19.427,0,0,0,0,67301,0,0,0,N,0,0,0,3,67301,0,,1,1,,N,N,,0,,0,0,0,3.0,3,,1740,0,2,0,0,0,0,0,3,4,1,2,3,,N,,,,,,,,,,,
2008133607,2351,1,0,0,0,0,0,0,0,0,6,0,,67,10,2008,4,39.9934,-75.1508,2351.0,6,0,0,0,1,0,0,1,0,,0,0,0,23,3,1,2,,0,39 59:36.414,,0,75 09:02.806,3,0,0,0,67301,0,0,0,N,0,0,0,3,67301,0,,1,1,,N,N,,0,,1,0,1,0.0,0,,2351,1,2,0,0,0,0,0,3,4,0,2,3,,N,,,,,,,,,,,
2008071602,1416,1,0,0,0,0,0,0,0,0,8,0,,67,4,2008,6,39.9816,-75.1803,1413.0,6,0,0,0,0,0,0,0,0,,0,0,0,14,1,1,2,,0,39 58:53.745,,0,75 10:49.090,4,0,0,0,67301,1,0,0,,1,0,0,2,67301,1,,1,1,,N,N,,0,,0,0,0,3.0,2,,1413,1,2,0,0,0,0,0,3,4,0,1,3,,N,,,,,,,,,,,
2008095696,1650,0,0,0,0,0,0,0,0,0,7,0,,67,6,2008,5,40.0462,-75.1057,1644.0,6,0,0,0,0,0,0,0,0,,0,0,0,99,1,0,0,,0,40 02:46.230,,0,75 06:20.516,9,0,0,0,67301,0,0,0,N,0,0,0,1,67301,0,,5,1,,N,N,,0,,0,0,1,3.0,3,,9999,0,1,0,0,0,0,1,3,4,0,1,3,,N,,,,,,,,,,,
2008097881,1440,1,0,0,0,0,0,0,0,0,8,0,,67,7,2008,4,39.9874,-75.1743,1437.0,6,0,0,0,0,0,0,0,0,,0,0,0,14,1,1,0,,0,39 59:14.528,,0,75 10:27.428,3,0,0,0,67301,1,0,0,N,1,0,0,2,67301,0,,1,1,,N,N,,0,,1,0,0,0.0,0,,1435,1,2,0,0,0,0,0,3,4,0,1,3,,N,,,,,,,,,,,
2008097919,831,1,0,0,0,0,0,0,0,0,9,0,,67,6,2008,3,40.0276,-75.1103,831.0,6,0,0,0,0,0,0,1,0,1.0,0,0,0,8,1,1,0,,1,40 01:39.459,1.0,0,75 06:37.044,4,0,0,0,67301,0,0,0,N,0,0,0,1,67301,1,,1,1,,N,N,,0,,0,0,0,0.0,0,N,825,1,1,0,0,0,0,0,3,4,0,1,3,,N,,,,,,,,,,,
2008097927,1030,1,0,0,0,0,0,0,0,0,8,0,,67,7,2008,7,39.9723,-75.2488,1028.0,6,0,0,0,0,0,0,0,0,,0,0,0,10,1,1,1,,0,39 58:20.370,,0,75 14:55.738,4,0,0,0,67301,1,0,0,N,1,0,0,1,67301,1,,1,1,,N,N,,0,,0,0,0,3.0,2,,1020,1,2,0,0,0,0,0,3,4,0,1,3,,N,,,,,,,,,,,
2008097981,1308,2,0,0,0,0,0,0,0,0,4,0,,67,7,2008,7,39.9126,-75.2219,1302.0,6,0,0,0,0,0,1,0,0,,0,0,0,12,1,2,0,,0,39 54:50.189,,0,75 13:17.331,4,0,0,0,67301,0,0,0,N,0,0,0,2,67301,2,,1,1,,N,N,,0,,0,0,0,0.0,0,,1250,2,2,0,0,0,0,0,3,4,0,2,3,,N,,,,,,,,,,,
2008082865,9999,2,0,0,0,0,0,0,0,0,4,0,,67,5,2008,2,40.0175,-75.1504,9999.0,6,0,0,0,0,0,1,0,0,,0,0,0,16,1,1,1,,0,40 01:03.164,,0,75 09:01.307,8,0,0,0,67301,0,0,0,N,0,0,0,2,67301,0,,1,1,,N,N,,0,,0,0,0,3.0,3,,1645,1,2,0,0,0,1,1,3,4,0,2,3,,N,,,,,,,,,,,
2008088436,1243,1,0,0,0,0,0,0,0,0,8,0,,67,5,2008,3,39.999,-75.1332,1242.0,6,0,0,0,0,0,0,0,0,,0,0,0,12,1,1,1,,0,39 59:56.498,,0,75 07:59.677,8,0,0,0,67301,1,0,0,,1,0,0,3,67301,0,,1,9,,N,N,,0,,0,0,0,3.0,2,,1241,1,2,0,0,0,1,0,3,4,0,1,7,,N,,,,,,,,,,,
2008095370,2334,1,0,0,0,0,0,0,0,0,1,0,,67,7,2008,6,39.9754,-75.19,2324.0,6,0,0,0,0,0,0,1,0,,0,0,0,22,3,1,5,,0,39 58:31.430,,0,75 11:23.830,4,0,0,0,67301,0,0,0,N,0,0,0,3,67301,1,,1,9,,N,N,,0,,0,0,1,3.0,2,,2235,1,2,0,0,0,0,0,3,4,0,2,7,,N,,,,,,,,,,,