CRN,ARRIVAL_TM,AUTOMOBILE_COUNT,BELTED_DEATH_COUNT,BELTED_SUSP_SERIOUS_INJ_COUNT,BICYCLE_COUNT,BICYCLE_DEATH_COUNT,BICYCLE_SUSP_SERIOUS_INJ_COUNT,BUS_COUNT,CHLDPAS_DEATH_COUNT,CHLDPAS_SUSP_SERIOUS_INJ_COUNT,COLLISION_TYPE,COMM_VEH_COUNT,CONS_ZONE_SPD_LIM,COUNTY,CRASH_MONTH,CRASH_YEAR,DAY_OF_WEEK,DEC_LAT,DEC_LONG,DISPATCH_TM,DISTRICT,DRIVER_COUNT_16YR,DRIVER_COUNT_17YR,DRIVER_COUNT_18YR,DRIVER_COUNT_19YR,DRIVER_COUNT_20YR,DRIVER_COUNT_50_64YR,DRIVER_COUNT_65_74YR,DRIVER_COUNT_75PLUS,EST_HRS_CLOSED,FATAL_COUNT,HEAVY_TRUCK_COUNT,HORSE_BUGGY_COUNT,HOUR_OF_DAY,ILLUMINATION,INJURY_COUNT,INTERSECT_TYPE,INTERSECTION_RELATED,LANE_CLOSED,LATITUDE,LN_CLOSE_DIR,LOCATION_TYPE,LONGITUDE,MAX_SEVERITY_LEVEL,MCYCLE_DEATH_COUNT,MCYCLE_SUSP_SERIOUS_INJ_COUNT,MOTORCYCLE_COUNT,MUNICIPALITY,NONMOTR_COUNT,NONMOTR_DEATH_COUNT,NONMOTR_SUSP_SERIOUS_INJ_COUNT,NTFY_HIWY_MAINT,PED_COUNT,PED_DEATH_COUNT,PED_SUSP_SERIOUS_INJ_COUNT,PERSON_COUNT,POLICE_AGCY,POSSIBLE_INJ_COUNT,RDWY_SURF_TYPE_CD,RELATION_TO_ROAD,ROAD_CONDITION,ROADWAY_CLEARED,SCH_BUS_IND,SCH_ZONE_IND,SECONDARY_CRASH,SMALL_TRUCK_COUNT,SPEC_JURIS_CD,SUSP_MINOR_INJ_COUNT,SUSP_SERIOUS_INJ_COUNT,SUV_COUNT,TCD_FUNC_CD,TCD_TYPE,TFC_DETOUR_IND,TIME_OF_DAY,TOT_INJ_COUNT,TOTAL_UNITS,UNB_DEATH_COUNT,UNB_SUSP_SERIOUS_INJ_COUNT,UNBELTED_OCC_COUNT,UNK_INJ_DEG_COUNT,UNK_INJ_PER_COUNT,URBAN_AREA,URBAN_RURAL,VAN_COUNT,VEHICLE_COUNT,WEATHER1,WEATHER2,WORK_ZONE_IND,WORK_ZONE_LOC,WORK_ZONE_TYPE,WORKERS_PRES,WZ_CLOSE_DETOUR,WZ_FLAGGER,WZ_LAW_OFFCR_IND,WZ_LN_CLOSURE,WZ_MOVING,WZ_OTHER,WZ_SHLDER_MDN,WZ_WORKERS_INJ_KILLED
2008088263,1215,2,0,0,1,0,0,0,0,0,8,0,,67,6,2008,1,39.998,-75.1409,1211.0,6,0,0,0,0,0,1,0,0,,0,0,0,12,1,1,2,,0,39 59:52.843,,0,75 08:27.412,8,0,0,0,67301,1,0,0,,0,0,0,2,67301,0,,1,1,,,,,0,,0,0,0,0.0,0,,1206,1,3,0,0,0,1,0,3,4,0,2,3,,N,,,,,,,,,,,
2008088280,930,0,0,0,0,0,0,0,0,0,8,0,,67,6,2008,7,39.9783,-75.13,921.0,6,0,0,0,0,0,0,0,0,,0,0,0,99,3,1,1,,0,39 58:41.894,,0,75 07:47.827,3,0,0,0,67301,1,0,0,N,1,0,0,2,67301,0,,9,1,,N,N,,1,,1,0,0,3.0,3,,9999,1,2,0,0,0,0,0,3,4,0,1,99,,N,,,,,,,,,,,
2008080297,850,2,0,0,0,0,0,0,0,0,2,0,,67,5,2008,5,40.028,-75.0574,845.0,6,0,0,0,0,0,1,0,0,,0,0,0,8,1,1,2,,0,40 01:40.800,,0,75 03:26.640,8,0,0,0,67301,0,0,0,,0,0,0,3,67301,0,,1,1,,,,,0,,0,0,1,3.0,2,,820,1,3,0,0,0,1,0,3,4,0,3,3,,N,,,,,,,,,,,
2008098014,1420,1,0,0,1,0,0,0,0,0,4,0,,67,6,2008,4,39.9541,-75.2025,1415.0,6,0,0,0,0,0,0,1,0,,0,0,0,14,1,1,2,,0,39 57:14.818,,0,75 12:08.994,8,0,0,0,67301,1,0,0,N,0,0,0,3,67301,0,,1,1,,N,N,,0,,0,0,0,3.0,8,,1410,1,2,0,0,0,1,0,3,4,0,1,3,,N,,,,,,,,,,,
2008095575,800,3,0,0,0,0,0,0,0,0,2,0,,67,8,2008,4,39.9908,-75.1309,800.0,6,0,0,0,0,0,1,0,0,9.0,0,0,0,8,1,3,1,,9,39 59:27.012,7.0,0,75 07:51.262,4,0,0,0,67301,0,0,0,N,0,0,0,3,67301,3,,1,1,,N,N,,0,,0,0,0,3.0,2,Y,800,3,3,0,0,0,0,0,3,4,0,3,98,,N,,,,,,,,,,,
2008098187,1938,2,0,0,0,0,0,0,0,0,1,0,,67,6,2008,4,40.0219,-75.1393,1931.0,6,0,0,0,1,0,0,0,0,,0,0,0,19,1,0,1,,0,40 01:18.382,,0,75 08:22.667,9,0,0,0,67301,0,0,0,N,0,0,0,2,67301,0,,1,9,,N,N,,0,,0,0,0,3.0,2,,1926,0,2,0,0,0,0,1,3,4,0,2,3,,N,,,,,,,,,,,
2008096087,1616,1,0,0,1,0,0,0,0,0,4,0,,67,8,2008,6,39.9841,-75.1395,1606.0,6,0,0,0,0,0,0,0,0,,0,0,0,16,1,1,1,,0,39 59:02.857,,0,75 08:22.325,3,0,0,0,67301,1,0,0,N,0,0,0,2,67301,0,,1,1,,N,N,,0,,1,0,0,9.0,9,,1600,1,2,0,0,0,0,0,3,4,0,1,3,,N,,,,,,,,,,,
2008098217,1943,0,0,0,0,0,0,0,0,0,7,0,,67,6,2008,1,40.0216,-75.094,1940.0,6,0,0,0,0,0,0,0,0,,0,0,0,18,1,1,2,,0,40 01:17.878,,0,75 05:38.538,4,0,0,0,67301,0,0,0,N,0,0,0,1,67301,1,,5,1,,N,N,,0,,0,0,1,3.0,2,,1850,1,1,0,0,0,0,0,3,4,0,1,3,,N,,,,,,,,,,,
2008098222,1327,1,0,0,0,0,0,0,0,0,8,0,,67,7,2008,6,39.9949,-75.11,1322.0,6,0,0,0,0,0,0,0,0,,0,0,0,13,1,1,0,,0,39 59:41.681,,0,75 06:36.135,3,0,0,0,67301,1,0,0,N,1,0,0,2,67301,0,,1,1,,N,N,,0,,1,0,0,0.0,0,,1310,1,2,0,0,0,0,0,3,4,0,1,3,,N,,,,,,,,,,,
2008098282,35,0,0,0,0,0,0,0,0,0,1,0,,67,1,2008,5,39.9967,-75.1155,30.0,6,0,0,0,0,0,1,0,0,,0,0,0,23,3,2,2,,0,39 59:48.194,,0,75 06:55.753,4,0,0,0,67301,0,0,0,,0,0,0,3,67301,2,,1,1,,,,,0,,0,0,2,3.0,2,,2300,2,2,0,0,0,0,0,3,4,0,2,3,,N,,,,,,,,,,,
2008102042,1127,3,0,0,0,0,0,0,0,0,5,0,,67,8,2008,4,39.9647,-75.185,1117.0,6,0,0,0,0,0,1,0,0,1.0,0,0,0,11,1,1,0,,1,39 57:58.272,4.0,0,75 11:12.397,4,0,0,0,67301,0,0,0,N,0,0,0,5,68K01,1,,1,1,,N,N,,1,,0,0,0,3.0,4,N,1115,1,5,0,0,0,0,1,3,4,0,5,3,,N,,,,,,,,,,,
2008097899,1715,2,0,0,0,0,0,0,0,0,4,0,,67,6,2008,5,39.9786,-75.2136,1711.0,6,0,0,0,0,0,1,0,0,,0,0,0,17,1,0,1,,0,39 58:42.839,,0,75 12:49.034,0,0,0,0,67301,0,0,0,N,0,0,0,6,67301,0,,1,1,,N,N,,0,,0,0,0,3.0,2,,1705,0,2,0,0,0,0,0,3,4,0,2,3,,N,,,,,,,,,,,
2008083323,1915,2,0,0,0,0,0,0,0,0,1,0,,67,5,2008,6,39.9585,-75.2171,1915.0,6,0,0,0,0,0,1,0,0,,0,0,0,19,4,0,0,,0,39 57:30.683,,0,75 13:01.590,0,0,0,0,67301,0,0,0,N,0,0,0,1,67301,0,,6,1,,N,N,,0,,0,0,0,0.0,0,,1915,0,2,0,0,0,0,0,3,4,0,2,3,,N,,,,,,,,,,,
2008090926,2040,1,0,0,0,0,0,0,0,0,1,0,,67,7,2008,5,39.9535,-75.1375,2039.0,6,0,0,0,1,0,0,0,0,1.0,0,0,0,20,4,0,0,,2,39 57:12.563,3.0,3,75 08:14.972,0,0,0,0,67301,0,0,0,N,0,0,0,2,67501,0,,1,1,,N,N,,0,,0,0,1,3.0,8,N,2037,0,2,0,0,0,0,0,3,4,0,2,3,,N,,,,,,,,,,,
2008095241,1005,1,0,0,0,0,0,0,0,0,1,0,,67,6,2008,4,40.0421,-75.144,950.0,6,0,0,0,0,0,1,0,0,,0,0,0,9,1,1,0,,0,40 02:31.527,,0,75 08:38.251,4,0,0,0,67301,0,0,0,N,0,0,0,2,67301,1,,1,1,,N,N,,1,,0,0,0,0.0,0,,935,1,2,0,0,0,0,0,3,4,0,2,3,,N,,,,,,,,,,,
2008095276,1700,2,0,0,0,0,0,0,0,0,4,0,,67,6,2008,1,39.9654,-75.1904,1655.0,6,0,0,0,0,0,0,1,0,1.0,0,0,0,16,1,4,1,,2,39 57:55.389,1.0,0,75 11:25.403,4,0,0,0,67301,0,0,0,,0,0,0,6,67301,1,,1,1,,N,N,,0,,0,0,0,3.0,3,Y,1650,4,2,0,0,4,3,2,3,4,0,2,7,5.0,N,,,,,,,,,,,
2008095302,1608,1,0,0,0,0,0,0,0,0,7,0,,67,6,2008,3,40.0286,-75.2057,1602.0,6,0,0,0,0,0,0,1,0,9.0,0,0,0,15,1,1,0,,1,40 01:42.905,2.0,0,75 12:20.819,8,0,0,0,67301,0,0,0,N,0,0,0,1,67301,0,,5,1,,N,N,,0,,0,0,0,0.0,0,N,1555,1,1,0,0,0,1,0,3,4,0,1,3,,N,,,,,,,,,,,
2008088202,540,2,0,0,0,0,0,0,0,0,2,0,,67,6,2008,1,40.0684,-75.181,538.0,6,0,0,1,0,0,0,0,0,,0,0,0,5,1,0,0,,0,40 04:06.396,,0,75 10:51.488,0,0,0,0,67301,0,0,0,,0,0,0,1,67301,0,,2,1,,,,,1,,0,0,0,0.0,0,,538,0,3,0,0,0,0,0,3,4,0,3,3,,N,,,,,,,,,,,
2008088668,9999,1,0,0,0,0,0,0,0,0,4,0,,67,6,2008,4,39.9175,-75.176,9999.0,6,0,0,0,0,0,0,1,0,,0,0,0,19,1,1,0,,0,39 55:02.960,,0,75 10:33.502,4,0,0,0,67301,0,0,0,,0,0,0,2,00000,1,,1,1,,,,,1,,0,0,0,0.0,0,,1900,1,2,0,0,0,0,1,3,4,0,2,3,,N,,,,,,,,,,,
2008088721,0,1,0,0,0,0,0,0,0,0,1,0,,67,5,2008,7,39.9944,-75.1173,0.0,6,0,0,0,0,0,0,0,0,,0,0,0,13,1,1,0,,0,39 59:39.775,,0,75 07:02.280,3,0,0,0,67301,0,0,0,N,0,0,0,2,00000,0,,1,1,,N,N,,0,,1,0,1,0.0,0,,1330,1,2,0,0,0,0,0,3,4,0,2,3,,N,,,,,,,,,,,
2008080299,229,2,0,0,0,0,0,0,0,0,4,0,,67,5,2008,7,40.0968,-75.0222,224.0,6,0,0,0,0,0,0,0,0,,0,0,0,2,3,0,2,,0,40 05:48.372,,0,75 01:19.937,0,0,0,0,67301,0,0,0,,0,0,0,4,67301,0,,1,9,,N,N,,0,,0,0,0,0.0,0,,220,0,2,0,0,0,0,0,3,4,0,2,7,,N,,,,,,,,,,,
2008097593,1425,0,0,0,0,0,0,0,0,0,5,0,,67,7,2008,1,40.0303,-75.0644,1420.0,6,0,0,0,0,0,1,0,0,1.0,0,0,0,14,1,3,1,,2,40 01:48.979,2.0,0,75 03:51.736,4,0,0,0,67301,0,0,0,N,0,0,0,5,67301,1,,1,9,,N,N,,0,,0,0,1,3.0,2,Y,1415,3,2,0,0,2,2,0,3,4,1,2,7,,N,,,,,,,,,,,
2008088063,1758,0,0,0,0,0,0,0,0,0,8,0,,67,6,2008,3,,,1753.0,6,0,0,0,0,0,0,0,0,,0,0,0,17,1,1,2,,0,,,0,,4,0,0,0,67301,1,0,0,N,1,0,0,2,67301,1,,9,1,,N,N,,0,,0,0,0,3.0,3,,1753,1,2,0,0,0,0,1,3,3,0,1,3,,N,,,,,,,,,,,
2008083449,2245,2,0,0,0,0,0,0,0,0,1,0,,67,7,2008,7,40.0278,-75.0247,2227.0,6,0,0,0,0,0,0,0,0,1.0,0,0,0,22,3,1,0,,2,40 01:37.289,2.0,0,75 01:33.279,4,0,0,0,67301,0,0,0,Y,0,0,0,2,68K01,1,,1,1,,N,N,,0,,0,0,0,0.0,0,Y,2221,1,2,0,0,0,0,1,3,4,0,2,3,,N,,,,,,,,,,,
2008081001,2115,1,0,0,0,0,0,0,0,0,4,0,,67,5,2008,7,39.9725,-75.1538,2114.0,6,1,0,0,0,0,0,0,0,,0,0,0,21,3,1,1,,0,39 58:21.090,,0,75 09:13.553,8,0,0,0,67301,0,0,0,N,0,0,0,2,67301,0,,1,1,,N,N,,0,,0,0,0,3.0,3,,2100,1,2,0,0,0,1,0,3,4,0,2,3,,N,,,,,,,,,,,
2008095574,1250,1,0,0,0,0,0,0,0,0,7,0,,67,6,2008,7,40.1013,-74.989,1233.0,6,0,0,0,0,0,0,0,0,,0,0,0,12,1,1,7,,0,40 06:09.810,,2,74 59:26.460,4,0,0,0,67301,0,0,0,N,0,0,0,3,67301,1,,4,1,,N,N,,0,,0,0,0,0.0,0,,1230,1,1,0,0,0,0,2,3,4,0,1,3,,N,,,,,,,,,,,
2008098240,1950,2,0,0,0,0,0,0,0,0,1,0,,67,6,2008,4,39.9928,-75.2176,1947.0,6,0,0,0,0,0,1,1,0,1.0,0,0,0,19,1,1,0,,1,39 59:34.352,2.0,0,75 13:03.554,4,0,0,0,67301,0,0,0,N,0,0,0,8,67301,1,,4,9,,N,N,,0,,0,0,2,3.0,2,N,1945,1,4,0,0,0,0,0,3,4,0,4,7,,N,,,,,,,,,,,
2008089320,1930,1,0,0,0,0,0,0,0,0,2,0,,67,6,2008,4,39.9595,-75.1671,1926.0,6,0,1,0,0,0,0,0,0,9.0,0,0,0,19,1,1,0,,2,39 57:34.084,7.0,0,75 10:01.549,2,0,1,1,67301,0,0,0,N,0,0,0,4,67301,0,,1,1,,N,N,,0,,0,1,0,0.0,0,Y,1926,1,2,0,0,0,0,0,3,4,0,2,3,,N,,,,,,,,,,,
2008098370,1100,1,0,0,0,0,0,0,0,0,4,0,,67,6,2008,6,40.0275,-75.0331,1040.0,6,0,0,0,0,0,0,0,0,2.0,0,1,0,10,1,2,2,,1,40 01:39.009,4.0,0,75 01:59.143,4,0,0,0,67301,0,0,0,,0,0,0,3,67301,2,,4,1,,N,N,,0,,0,0,0,0.0,0,N,1035,2,2,0,0,0,0,0,3,4,0,2,3,,N,,,,,,,,,,,
2008086822,1026,1,0,0,0,0,0,0,0,0,1,0,50.0,67,7,2008,6,39.9993,-75.1952,1021.0,6,0,0,0,0,0,0,0,0,1.0,0,0,0,10,1,3,0,,1,40 00:01.160,4.0,0,75 11:41.559,8,0,0,0,67301,0,0,0,N,0,0,0,6,68K01,0,,1,1,,N,Y,,0,,0,0,1,3.0,8,N,1016,3,2,0,0,0,3,1,3,4,0,2,3,,Y,2.0,2.0,Y,N,N,N,Y,N,Y,N,
2008081433,1231,2,0,0,0,0,0,0,0,0,4,0,,67,4,2008,4,40.087,-74.9804,1229.0,6,0,0,0,0,1,1,0,0,3.0,0,0,0,12,1,4,2,,2,40 05:13.329,5.0,0,74 58:49.342,3,0,0,0,67301,0,0,0,N,0,0,0,4,67301,2,,1,1,,N,N,,0,,1,0,0,0.0,0,Y,1223,4,2,0,0,0,1,0,3,4,0,2,3,,N,,,,,,,,,,,
2008071015,9999,2,0,0,0,0,0,0,0,0,4,0,,67,4,2008,3,39.9404,-75.2366,943.0,6,0,0,0,0,0,0,0,0,,0,0,0,9,1,0,1,,0,39 56:25.215,,0,75 14:11.952,0,0,0,0,67301,0,0,0,,0,0,0,2,67301,0,,1,1,,N,N,,0,,0,0,0,3.0,2,,943,0,2,0,0,0,0,0,3,4,0,2,3,,N,,,,,,,,,,,
2008107985,1755,0,0,0,0,0,0,0,0,0,8,0,,67,8,2008,3,40.0385,-75.1696,1755.0,6,0,0,0,0,0,0,0,0,1.0,0,0,0,17,1,1,2,,1,40 02:18.430,6.0,0,75 10:10.567,3,0,0,0,67301,1,0,0,,1,0,0,3,67301,0,,1,1,,,,,1,,1,0,0,3.0,3,N,1731,1,2,0,0,0,0,0,3,4,0,1,3,,N,,,,,,,,,,,
2008099480,9999,2,0,0,0,0,0,0,0,0,1,0,,67,6,2008,6,40.0446,-75.1496,239.0,6,0,0,1,0,0,0,0,0,,0,0,0,99,3,1,0,,0,40 02:40.646,,0,75 08:58.538,4,0,0,0,67301,0,0,0,N,0,0,0,1,67301,1,,6,1,,N,N,,0,,0,0,1,0.0,0,,9999,1,3,0,0,1,0,0,3,4,0,3,3,,N,,,,,,,,,,,
2008101972,2042,1,0,0,0,0,0,0,0,0,5,0,,67,9,2008,4,39.9696,-75.1267,2026.0,6,0,0,0,0,0,0,0,0,,0,0,0,20,3,0,0,,0,39 58:08.080,,0,75 07:40.690,9,0,0,0,67301,0,0,0,N,0,0,0,2,68K01,0,,1,1,,N,N,,0,,0,0,0,0.0,0,,2021,0,2,0,0,0,0,1,3,4,0,2,3,,N,,,,,,,,,,,
2008071113,451,1,0,0,0,0,0,0,0,0,7,0,,67,2,2008,7,39.8925,-75.2331,439.0,6,0,0,0,0,0,1,0,0,3.0,1,0,0,4,3,0,0,,2,39 53:30.601,1.0,2,75 14:09.110,1,0,0,0,67301,0,0,0,Y,0,0,0,1,68K01,0,2.0,2,1,,N,N,,0,0.0,0,0,0,0.0,0,Y,439,0,1,1,0,1,0,0,3,4,0,1,3,,N,,,,,,,,,,,
2008120826,1335,1,0,0,0,0,0,0,0,0,4,0,,67,10,2008,7,39.9142,-75.15,1329.0,6,0,0,0,0,0,0,1,0,,0,0,0,13,1,1,0,,0,39 54:51.209,,0,75 08:59.902,4,0,0,0,67301,0,0,0,N,0,0,0,3,67301,1,,1,1,,N,N,,0,,0,0,1,0.0,0,,1329,1,2,0,0,0,0,0,3,4,0,2,3,,N,,,,,,,,,,,
2009013711,2119,1,0,0,0,0,0,0,0,0,2,0,,67,12,2008,4,39.9913,-75.1349,9999.0,6,0,0,1,0,0,0,0,0,1.0,0,0,0,21,3,2,1,,2,39 59:29.209,3.0,0,75 08:05.493,4,0,0,0,67301,0,0,0,N,0,0,0,5,67301,2,,1,1,,N,N,,0,,0,0,1,3.0,2,Y,2118,2,2,0,0,0,0,0,3,4,0,2,3,,N,,,,,,,,,,,
2009013730,330,3,0,0,0,0,0,0,0,0,2,0,,67,12,2008,4,40.0443,-75.1435,326.0,6,0,0,0,0,0,0,0,0,3.0,0,0,0,3,3,1,0,,2,40 02:39.644,5.0,0,75 08:36.482,4,0,0,0,67301,0,0,0,N,0,0,0,3,67301,1,,6,9,,N,N,,0,,0,0,0,0.0,0,Y,324,1,3,0,0,3,0,0,3,4,0,3,7,,N,,,,,,,,,,,
2009013769,1552,2,0,0,0,0,0,0,0,0,4,0,,67,11,2008,1,40.0138,-75.1256,1551.0,6,0,0,0,1,0,0,0,0,1.0,0,0,0,15,1,3,0,,2,40 00:49.597,3.0,7,75 07:32.196,3,0,0,0,67301,0,0,0,N,0,0,0,3,67301,1,,5,1,,N,N,,0,,2,0,0,2.0,2,Y,1550,3,2,0,0,0,0,0,3,4,0,2,3,,N,,,,,,,,,,,
2009013822,1548,1,0,0,0,0,0,0,0,0,4,0,,67,11,2008,3,40.02,-75.1247,1537.0,6,0,0,0,0,0,0,0,0,,0,0,0,15,1,1,1,,0,40 01:11.910,,0,75 07:28.883,4,0,0,0,67301,0,0,0,N,0,0,0,1,67301,1,,1,1,,N,N,,0,,0,0,1,0.0,0,,1510,1,2,0,0,0,0,0,3,4,0,2,3,,N,,,,,,,,,,,
2009003374,1423,1,0,0,0,0,0,1,0,0,4,1,,67,11,2008,4,39.9491,-75.1622,1420.0,6,0,0,0,0,0,1,0,0,,0,0,0,14,1,1,0,,0,39 56:56.722,,0,75 09:43.938,8,0,0,0,67301,0,0,0,N,0,0,0,3,67301,0,,1,1,,N,N,,0,,0,0,0,0.0,0,,1410,1,2,0,0,0,1,0,3,4,0,2,3,,N,,,,,,,,,,,
2009001967,1026,2,0,0,0,0,0,0,0,0,1,0,,67,11,2008,2,39.9891,-75.2225,1023.0,6,0,0,0,0,0,0,0,0,1.0,0,0,0,8,1,0,2,,9,39 59:20.810,3.0,0,75 13:21.014,0,0,0,0,67301,0,0,0,N,0,0,0,3,67301,0,,1,1,,N,N,,0,,0,0,1,0.0,0,Y,830,0,3,0,0,0,0,0,3,4,0,3,3,,N,,,,,,,,,,,
2009024747,28,1,0,0,0,0,0,0,0,0,2,0,,67,12,2008,4,39.952,-75.1613,25.0,6,0,0,0,0,0,1,0,0,,0,1,0,0,3,0,0,,0,39 57:07.301,,0,75 09:40.573,0,0,0,0,67301,1,0,0,,0,0,0,2,67301,0,,2,1,,,,,0,,0,0,0,3.0,2,,25,0,2,0,0,0,0,0,3,4,0,2,3,,N,,,,,,,,,,,
2009024812,646,0,0,0,0,0,0,0,0,0,8,0,,67,12,2008,6,40.0336,-75.1459,643.0,6,0,0,0,0,0,0,0,0,1.0,0,0,0,6,3,1,0,,1,40 02:01.070,2.0,0,75 08:45.320,4,0,0,0,67301,1,0,0,N,1,0,0,2,67301,1,,1,1,,N,N,,0,,0,0,1,0.0,0,Y,641,1,2,0,0,1,0,0,3,4,0,1,3,,N,,,,,,,,,,,
2009002630,1750,0,0,0,1,0,0,0,0,0,2,0,,67,10,2008,2,40.0617,-75.0825,1746.0,6,0,0,0,0,0,0,0,0,1.0,0,0,0,17,1,2,0,,2,40 03:42.112,2.0,0,75 04:56.953,8,0,0,1,67301,1,0,0,,0,0,0,2,67301,0,,1,1,,N,N,,0,,0,0,0,0.0,0,Y,1745,2,2,0,0,0,2,0,3,4,0,1,3,,N,,,,,,,,,,,
2009007281,22,1,0,0,0,0,0,0,0,0,7,0,,67,12,2008,5,39.9623,-75.1394,6.0,6,0,0,0,0,0,0,0,0,2.0,0,0,0,0,3,0,0,,1,39 57:25.442,3.0,2,75 08:27.542,0,0,0,0,67301,0,0,0,N,0,0,0,1,68K01,0,,4,9,,N,N,,0,,0,0,0,0.0,0,N,2,0,1,0,0,0,0,0,3,4,0,1,7,,N,,,,,,,,,,,
2009000507,1810,2,0,0,0,0,0,0,0,0,4,0,,67,11,2008,5,40.0545,-75.0908,1806.0,6,0,0,0,0,0,1,0,0,,0,0,0,18,3,2,1,,0,40 03:16.302,,0,75 05:26.794,3,0,0,0,67301,0,0,0,,0,0,0,3,67301,0,,1,9,,,,,0,,2,0,0,3.0,3,,1800,2,3,0,0,0,0,0,3,4,1,3,98,,N,,,,,,,,,,,
2009004111,2045,1,0,0,0,0,0,0,0,0,5,0,,67,11,2008,7,39.9453,-75.1786,2042.0,6,0,0,0,0,0,0,0,0,,0,0,0,20,3,1,1,,0,39 56:42.990,,0,75 10:42.837,4,0,0,0,67301,0,0,0,N,0,0,0,2,67301,1,,1,9,,N,N,,0,,0,0,1,3.0,2,,2042,1,2,0,0,0,0,0,3,4,0,2,7,,N,,,,,,,,,,,
2009006871,1320,1,0,0,0,0,0,0,0,0,5,0,,67,12,2008,4,39.9915,-75.2033,1320.0,6,0,0,0,0,0,0,0,0,1.0,0,0,0,13,1,0,0,,2,39 59:31.571,3.0,0,75 12:07.431,0,0,0,0,67301,0,0,0,N,0,0,0,2,68K01,0,,1,1,,N,N,,0,,0,0,1,0.0,0,N,1317,0,2,0,0,0,0,0,3,4,0,2,3,,N,,,,,,,,,,,
2009013294,1933,1,0,0,0,0,0,0,0,0,8,0,,67,12,2008,2,39.9461,-75.2421,1936.0,6,0,0,0,0,0,1,0,0,1.0,0,0,0,19,3,1,1,,1,39 56:45.881,4.0,0,75 14:31.460,4,0,0,0,67301,1,0,0,N,1,0,0,2,67301,1,,1,9,,N,N,,0,,0,0,0,3.0,2,Y,1926,1,2,0,0,1,0,0,3,4,0,1,7,,N,,,,,,,,,,,
2009013961,2052,2,0,0,0,0,0,0,0,0,4,0,,67,11,2008,5,39.9738,-75.2064,2050.0,6,0,0,0,0,0,0,0,0,,0,0,0,20,3,0,1,,0,39 58:26.145,,0,75 12:23.121,0,0,0,0,67301,0,0,0,N,0,0,0,4,67301,0,,1,1,,N,N,,0,,0,0,0,3.0,2,,2050,0,2,0,0,0,0,0,3,4,0,2,3,,N,,,,,,,,,,,
2009013429,40,1,0,0,0,0,0,0,0,0,4,0,,67,12,2008,3,40.0102,-75.0981,23.0,6,0,0,0,0,0,0,0,0,1.0,0,0,0,99,3,2,1,,1,40 00:37.061,5.0,0,75 05:53.071,4,0,0,0,67301,0,0,0,,0,0,0,2,67301,2,,1,9,,N,,,0,,0,0,1,3.0,2,Y,9999,2,2,0,0,0,0,0,3,4,0,2,7,,N,,,,,,,,,,,
2009037344,229,1,0,0,0,0,0,0,0,0,8,0,,67,12,2008,1,40.0368,-75.0407,228.0,6,0,0,0,0,0,0,0,0,,0,0,0,2,3,1,1,,0,40 02:12.343,,0,75 02:27.405,2,0,0,0,67301,1,0,1,N,1,0,1,2,67301,0,,1,9,,N,N,,0,,0,1,0,3.0,2,,222,1,2,0,0,0,0,1,3,4,0,1,98,,N,,,,,,,,,,,
2008079755,225,2,0,0,0,0,0,0,0,0,4,0,,67,6,2008,1,40.0292,-75.0457,220.0,6,0,0,0,0,0,0,0,0,2.0,0,0,0,2,2,2,1,,2,40 01:45.181,7.0,0,75 02:44.595,4,0,0,0,67301,0,0,0,,0,0,0,3,67301,2,,1,1,,N,N,,0,,0,0,0,3.0,3,Y,214,2,2,0,0,0,0,0,3,4,0,2,3,,N,,,,,,,,,,,
2008079058,1617,1,0,0,0,0,0,0,0,0,8,0,,67,5,2008,2,40.0449,-75.1315,1614.0,6,0,0,0,0,0,0,0,0,1.0,0,0,0,16,1,1,0,,2,40 02:41.780,2.0,0,75 07:53.389,4,0,0,0,67301,1,0,0,N,1,0,0,2,67301,1,,1,1,,N,N,,0,,0,0,0,0.0,0,N,1610,1,2,0,0,1,0,0,3,4,0,1,3,,N,,,,,,,,,,,
2008097405,1726,1,0,0,1,0,0,0,0,0,4,0,,67,7,2008,5,39.9893,-75.1548,1725.0,6,0,0,0,0,0,1,0,0,,0,0,0,17,1,1,2,,0,39 59:21.436,,0,75 09:17.175,4,0,0,0,67301,1,0,0,N,0,0,0,3,67301,1,,1,1,,N,N,,0,,0,0,0,3.0,3,,1725,1,2,0,0,0,0,0,3,4,0,1,3,,N,,,,,,,,,,,
2008097484,1210,1,0,0,1,0,0,0,0,0,8,0,,67,7,2008,5,39.9997,-75.1385,1205.0,6,0,0,0,1,0,0,0,0,,0,0,0,12,1,1,2,,0,39 59:58.920,,0,75 08:18.600,4,0,0,0,67301,1,0,0,N,0,0,0,2,67301,1,,1,1,,N,N,,0,,0,0,0,2.0,2,,1205,1,2,0,0,1,0,0,3,4,0,1,3,,N,,,,,,,,,,,
2008097485,1820,1,0,0,0,0,0,0,0,0,8,0,,67,7,2008,6,39.9989,-75.1052,1810.0,6,0,0,0,0,0,0,0,0,,0,0,0,11,1,1,1,,0,39 59:55.935,,0,75 06:18.644,4,0,0,0,67301,1,0,0,N,1,0,0,2,67301,1,,1,1,,N,N,,0,,0,0,0,0.0,0,,1100,1,2,0,0,0,0,1,3,4,0,1,3,,N,,,,,,,,,,,
2008091362,1655,1,0,0,0,0,0,0,0,0,1,0,,67,7,2008,4,39.9067,-75.1378,1653.0,6,0,0,0,0,0,1,0,0,,0,0,0,16,4,1,0,,0,39 54:23.983,,3,75 08:16.092,8,0,0,0,67301,0,0,0,N,0,0,0,2,67501,0,,1,1,,N,N,,1,,0,0,0,0.0,0,,1650,1,2,0,0,0,1,0,3,4,0,2,3,,N,,,,,,,,,,,