CRN,ARRIVAL_TM,AUTOMOBILE_COUNT,BELTED_DEATH_COUNT,BELTED_SUSP_SERIOUS_INJ_COUNT,BICYCLE_COUNT,BICYCLE_DEATH_COUNT,BICYCLE_SUSP_SERIOUS_INJ_COUNT,BUS_COUNT,CHLDPAS_DEATH_COUNT,CHLDPAS_SUSP_SERIOUS_INJ_COUNT,COLLISION_TYPE,COMM_VEH_COUNT,CONS_ZONE_SPD_LIM,COUNTY,CRASH_MONTH,CRASH_YEAR,DAY_OF_WEEK,DEC_LAT,DEC_LONG,DISPATCH_TM,DISTRICT,DRIVER_COUNT_16YR,DRIVER_COUNT_17YR,DRIVER_COUNT_18YR,DRIVER_COUNT_19YR,DRIVER_COUNT_20YR,DRIVER_COUNT_50_64YR,DRIVER_COUNT_65_74YR,DRIVER_COUNT_75PLUS,EST_HRS_CLOSED,FATAL_COUNT,HEAVY_TRUCK_COUNT,HORSE_BUGGY_COUNT,HOUR_OF_DAY,ILLUMINATION,INJURY_COUNT,INTERSECT_TYPE,INTERSECTION_RELATED,LANE_CLOSED,LATITUDE,LN_CLOSE_DIR,LOCATION_TYPE,LONGITUDE,MAX_SEVERITY_LEVEL,MCYCLE_DEATH_COUNT,MCYCLE_SUSP_SERIOUS_INJ_COUNT,MOTORCYCLE_COUNT,MUNICIPALITY,NONMOTR_COUNT,NONMOTR_DEATH_COUNT,NONMOTR_SUSP_SERIOUS_INJ_COUNT,NTFY_HIWY_MAINT,PED_COUNT,PED_DEATH_COUNT,PED_SUSP_SERIOUS_INJ_COUNT,PERSON_COUNT,POLICE_AGCY,POSSIBLE_INJ_COUNT,RDWY_SURF_TYPE_CD,RELATION_TO_ROAD,ROAD_CONDITION,ROADWAY_CLEARED,SCH_BUS_IND,SCH_ZONE_IND,SECONDARY_CRASH,SMALL_TRUCK_COUNT,SPEC_JURIS_CD,SUSP_MINOR_INJ_COUNT,SUSP_SERIOUS_INJ_COUNT,SUV_COUNT,TCD_FUNC_CD,TCD_TYPE,TFC_DETOUR_IND,TIME_OF_DAY,TOT_INJ_COUNT,TOTAL_UNITS,UNB_DEATH_COUNT,UNB_SUSP_SERIOUS_INJ_COUNT,UNBELTED_OCC_COUNT,UNK_INJ_DEG_COUNT,UNK_INJ_PER_COUNT,URBAN_AREA,URBAN_RURAL,VAN_COUNT,VEHICLE_COUNT,WEATHER1,WEATHER2,WORK_ZONE_IND,WORK_ZONE_LOC,WORK_ZONE_TYPE,WORKERS_PRES,WZ_CLOSE_DETOUR,WZ_FLAGGER,WZ_LAW_OFFCR_IND,WZ_LN_CLOSURE,WZ_MOVING,WZ_OTHER,WZ_SHLDER_MDN,WZ_WORKERS_INJ_KILLED
2008081524,2233,2,0,0,0,0,0,0,0,0,5,0,,67,6,2008,2,39.9274,-75.145,2230.0,6,0,0,0,0,0,1,0,0,1.0,0,0,0,22,3,0,1,,1,39 55:38.722,2.0,0,75 08:41.992,0,0,0,0,67301,0,0,0,,0,0,0,5,67301,0,,1,1,,N,N,,0,,0,0,0,3.0,2,N,2228,0,2,0,0,0,0,0,3,4,0,2,3,,N,,,,,,,,,,,
2008079197,2236,3,0,0,0,0,0,0,0,0,4,0,,67,5,2008,7,,,2235.0,6,0,0,0,0,0,0,0,0,,0,0,0,22,3,1,1,,0,,,0,,4,0,0,0,67301,0,0,0,,0,0,0,5,67301,1,,1,9,,N,N,,0,,0,0,0,3.0,3,,2230,1,3,0,0,0,0,0,3,3,0,3,7,,N,,,,,,,,,,,
2008098424,812,3,0,0,0,0,0,0,0,0,4,0,,67,7,2008,4,40.0438,-75.139,810.0,6,0,0,0,0,0,0,0,1,,0,0,0,8,1,3,1,,0,40 02:37.809,,0,75 08:20.356,8,0,0,0,67301,0,0,0,N,0,0,0,4,67301,0,,1,1,,N,N,,0,,0,0,0,3.0,3,,809,3,4,0,0,1,3,0,3,4,1,4,3,,N,,,,,,,,,,,
2008098449,1235,1,0,0,0,0,0,0,0,0,4,0,,67,7,2008,3,40.0337,-75.1458,1230.0,6,0,0,0,0,1,1,0,0,,0,0,0,12,1,1,1,,0,40 02:01.215,,0,75 08:44.879,8,0,0,0,67301,0,0,0,N,0,0,0,2,67301,0,,1,1,,N,N,,0,,0,0,1,3.0,2,,1230,1,2,0,0,0,1,0,3,4,0,2,3,,N,,,,,,,,,,,
2008098458,1112,1,0,0,0,0,0,0,0,0,7,0,,67,7,2008,2,39.9279,-75.1875,1110.0,6,0,0,0,0,0,0,1,0,,0,0,0,11,1,1,1,,0,39 55:40.490,,0,75 11:14.888,8,0,0,0,67301,0,0,0,N,0,0,0,1,67301,0,,4,1,,N,N,,0,,0,0,0,3.0,2,,1105,1,1,0,0,0,1,0,3,4,0,1,3,,N,,,,,,,,,,,
2008098462,1130,1,0,0,0,0,0,0,0,0,7,0,,67,7,2008,4,40.0018,-75.1578,1124.0,6,0,0,0,0,0,0,0,0,,0,0,0,11,1,1,0,,0,40 00:06.483,,0,75 09:27.979,8,0,0,0,67301,0,0,0,N,0,0,0,2,67301,0,,4,1,,N,N,,0,,0,0,2,0.0,0,,1115,1,3,0,0,1,1,0,3,4,0,3,3,,N,,,,,,,,,,,
2008100996,608,0,0,0,0,0,0,1,0,0,2,1,,67,7,2008,5,39.8897,-75.2338,608.0,6,0,0,0,0,0,2,0,0,3.0,0,0,0,6,1,3,2,,1,39 53:23.280,4.0,0,75 14:01.680,8,0,0,0,67301,0,0,0,N,0,0,0,6,67301,0,,1,1,,N,N,,0,,0,0,0,3.0,2,N,607,3,2,0,0,0,3,3,3,4,1,2,3,,N,,,,,,,,,,,
2008133294,1455,5,0,0,0,0,0,0,0,0,1,0,,67,10,2008,7,40.0443,-75.1932,1453.0,6,0,0,0,0,0,4,0,0,,0,0,0,14,1,2,0,,0,40 02:39.329,,0,75 11:35.655,8,0,0,0,67301,0,0,0,,0,0,0,6,67301,0,,1,9,,N,N,,1,,0,0,0,0.0,0,,1451,2,6,0,0,1,2,2,3,4,0,6,7,,N,,,,,,,,,,,
2008119399,0,1,0,0,0,0,0,0,0,0,4,0,,67,7,2008,6,39.9992,-75.1474,0.0,6,0,0,0,0,0,1,0,0,,0,0,0,12,6,2,1,,0,39 59:57.271,,0,75 08:50.495,4,0,0,0,67301,0,0,0,N,0,0,0,4,00000,1,,1,98,,N,N,,0,,0,0,0,3.0,2,,1230,2,3,0,0,0,1,1,3,4,0,3,99,,N,,,,,,,,,,,
2008112009,1705,2,0,0,0,0,0,0,0,0,4,0,,67,10,2008,6,39.9929,-75.2005,1701.0,6,0,0,0,0,0,1,0,0,1.0,0,0,0,16,1,0,0,,1,39 59:37.090,4.0,0,75 11:57.890,0,0,0,0,67301,0,0,0,N,0,0,0,4,68K01,0,,1,1,,N,N,,1,,0,0,0,0.0,0,N,1655,0,4,0,0,0,0,0,3,4,1,4,3,,N,,,,,,,,,,,
2008134033,1610,1,0,0,0,0,0,0,0,0,8,0,,67,10,2008,2,39.9792,-75.1169,1603.0,6,0,0,0,0,0,0,0,0,,0,0,0,15,1,1,0,,0,39 58:45.087,,0,75 07:01.012,4,0,0,0,67301,1,0,0,N,1,0,0,2,67301,1,,1,1,,N,N,,0,,0,0,0,0.0,0,,1522,1,2,0,0,0,0,0,3,4,0,1,3,,N,,,,,,,,,,,
2008134093,2037,0,0,0,0,0,0,0,0,0,7,0,,67,9,2008,1,40.0355,-75.1888,2032.0,6,0,0,0,0,0,0,0,0,,0,0,0,20,2,0,0,,0,40 02:07.654,,0,75 11:19.540,0,0,0,0,67301,0,0,0,N,0,0,0,3,67301,0,,5,9,,N,N,,0,,0,0,1,0.0,0,,2025,0,1,0,0,0,0,0,3,4,0,1,7,,N,,,,,,,,,,,
2008119172,9999,2,0,0,0,0,0,0,0,0,4,0,,67,9,2008,7,39.9968,-75.1538,2200.0,6,0,0,0,0,0,0,1,0,1.0,0,0,0,22,3,2,1,,1,39 59:48.619,2.0,0,75 09:13.788,3,0,0,0,67301,0,0,0,N,0,0,0,2,67301,1,,1,9,,N,N,,0,,1,0,0,3.0,1,Y,2200,2,2,0,0,1,0,0,3,4,0,2,7,,N,,,,,,,,,,,
2008133571,1723,2,0,0,0,0,0,0,0,0,4,0,,67,10,2008,6,39.9868,-75.1084,1718.0,6,0,0,0,0,0,0,0,0,,0,0,0,17,1,1,1,,0,39 59:12.339,,0,75 06:30.121,4,0,0,0,67301,0,0,0,N,0,0,0,3,67301,1,,1,1,,N,N,,0,,0,0,0,3.0,3,,1710,1,2,0,0,0,0,0,3,4,0,2,3,,N,,,,,,,,,,,
2008133603,510,2,0,0,0,0,0,0,0,0,5,0,,67,10,2008,6,40.0637,-75.1463,455.0,6,0,0,0,0,0,0,0,0,,0,0,0,4,3,0,0,,0,40 03:49.312,,0,75 08:46.525,0,0,0,0,67301,0,0,0,N,0,0,0,1,67301,0,,6,9,,N,N,,0,,0,0,1,0.0,0,,450,0,3,0,0,1,0,0,3,4,0,3,7,,N,,,,,,,,,,,
2008133609,1940,3,0,0,0,0,0,0,0,0,4,0,,67,10,2008,3,39.9171,-75.173,1924.0,6,0,0,0,0,0,0,0,0,,0,0,0,99,3,0,1,,0,39 55:01.578,,0,75 10:22.695,0,0,0,0,67301,0,0,0,N,0,0,0,2,67301,0,,3,9,,N,N,,0,,0,0,0,3.0,1,,9999,0,3,0,0,0,0,0,3,4,0,3,7,,N,,,,,,,,,,,
2008119014,2009,2,0,0,0,0,0,0,0,0,1,0,,67,10,2008,5,40.0335,-75.1312,2009.0,6,0,0,0,0,0,2,0,0,,0,0,0,19,3,1,0,,0,40 02:00.697,,0,75 07:52.194,4,0,0,0,67301,0,0,0,N,0,0,0,3,67301,1,,1,1,,N,N,,0,,0,0,0,0.0,0,,1900,1,2,0,0,0,0,0,3,4,0,2,3,,N,,,,,,,,,,,
2008095707,940,0,0,0,0,0,0,0,0,0,8,1,,67,6,2008,4,40.03,-75.2113,936.0,6,0,0,0,0,0,0,0,0,,0,1,0,9,1,1,1,,0,40 01:47.816,,0,75 12:40.562,8,0,0,0,67301,1,0,0,,1,0,0,2,67301,0,,1,9,,N,N,,0,,0,0,0,2.0,2,,936,1,2,0,0,0,1,0,3,4,0,1,7,,N,,,,,,,,,,,
2008097875,1729,0,0,0,0,0,0,0,0,0,8,0,,67,7,2008,6,39.9915,-75.1838,1725.0,6,0,0,0,0,0,0,1,0,,0,0,0,17,1,1,0,,0,39 59:29.291,,0,75 11:01.756,4,0,0,0,67301,1,0,0,,1,0,0,2,67301,1,,1,1,,N,N,,0,,0,0,0,0.0,0,,1725,1,2,0,0,0,0,0,3,4,1,1,3,,N,,,,,,,,,,,
2008085330,1645,2,0,0,0,0,0,0,0,0,1,0,,67,7,2008,7,40.0095,-75.2054,1645.0,6,0,0,0,0,0,1,0,0,1.0,0,0,0,16,1,1,0,,1,40 00:34.560,4.0,0,75 12:20.160,3,0,0,0,67301,0,0,0,N,0,0,0,5,68K01,0,,1,1,,N,N,,0,,1,0,0,0.0,0,N,1642,1,2,0,0,0,0,0,3,4,0,2,3,,N,,,,,,,,,,,
2008083337,748,2,0,0,0,0,0,0,0,0,1,0,,67,5,2008,2,40.0145,-75.1783,741.0,6,0,0,0,0,0,1,0,0,1.0,0,0,0,7,1,2,0,,1,40 00:52.304,2.0,0,75 10:41.909,4,0,0,0,67301,0,0,0,,0,0,0,3,67301,2,,1,1,,N,N,,0,,0,0,0,0.0,0,N,741,2,2,0,0,0,0,0,3,4,0,2,3,,N,,,,,,,,,,,
2008090883,1835,3,0,0,0,0,0,0,0,0,1,0,,67,7,2008,1,,,1835.0,6,0,0,0,0,0,1,0,0,,0,0,0,18,1,2,0,,0,,,3,,8,0,0,0,67301,0,0,0,N,0,0,0,6,67501,0,,1,1,,N,N,,0,,0,0,1,3.0,8,,1832,2,4,0,0,0,2,0,3,3,0,4,3,,N,,,,,,,,,,,
2008097616,215,2,0,0,0,0,0,0,0,0,4,0,,67,7,2008,7,40.0195,-75.05,2231.0,6,0,0,0,0,0,0,0,0,,0,0,0,22,3,1,1,,0,40 01:10.233,,0,75 03:00.055,8,0,0,0,67301,0,0,0,,0,0,0,5,67301,0,,1,1,,,,,0,,0,0,0,3.0,3,,2205,1,2,0,0,0,1,0,3,4,0,2,3,,N,,,,,,,,,,,
2008088662,0,1,0,0,0,0,0,0,0,0,8,0,,67,4,2008,5,39.9872,-75.1874,0.0,6,0,0,0,0,0,0,0,0,,0,0,0,12,1,1,2,,0,39 59:14.099,,0,75 11:14.523,8,0,0,0,67301,1,0,0,N,1,0,0,2,00000,0,,5,1,,N,N,,0,,0,0,0,9.0,9,,1230,1,2,0,0,0,1,1,3,4,0,1,3,,N,,,,,,,,,,,
2008088733,0,0,0,0,0,0,0,0,0,0,5,0,,67,4,2008,1,40.0541,-75.0578,0.0,6,0,0,0,0,0,0,0,0,,0,0,0,99,6,0,0,,0,40 03:14.685,,0,75 03:27.903,0,0,0,0,67301,0,0,0,,0,0,0,1,00000,0,,1,1,,,,,0,,0,0,1,0.0,0,,9999,0,2,0,0,0,0,0,3,4,0,2,3,,N,,,,,,,,,,,
2008087984,9999,2,0,0,0,0,0,0,0,0,4,0,,67,6,2008,2,40.0894,-74.9639,1140.0,6,0,1,0,0,0,1,0,0,,0,0,0,11,1,0,0,,0,40 05:21.991,,0,74 57:50.068,0,0,0,0,67301,0,0,0,N,0,0,0,6,67301,0,,1,1,,N,N,,0,,0,0,0,0.0,0,,1135,0,2,0,0,0,0,0,3,4,0,2,3,,N,,,,,,,,,,,
2008086018,1306,2,0,0,0,0,0,0,0,0,1,0,,67,7,2008,1,39.8989,-75.1705,1301.0,6,0,0,0,0,0,1,0,0,1.0,0,0,0,12,1,1,0,,2,39 53:56.830,2.0,0,75 10:04.170,4,0,0,0,67301,0,0,0,N,0,0,0,5,68K01,1,,1,1,,N,N,,0,,0,0,0,3.0,8,N,1259,1,2,0,0,0,0,0,3,4,0,2,3,,N,,,,,,,,,,,
2008083223,209,1,0,0,0,0,0,0,0,0,7,0,,67,5,2008,2,40.0162,-75.2042,207.0,6,0,0,0,0,0,0,0,0,,0,0,0,2,3,1,0,,0,40 00:58.170,,0,75 12:14.975,4,0,0,0,67301,0,0,0,N,0,0,0,1,67301,1,,3,1,,N,N,,0,,0,0,0,0.0,0,,207,1,1,0,0,0,0,0,3,4,0,1,3,,N,,,,,,,,,,,
2008075766,1534,2,0,0,0,0,0,0,0,0,1,0,,67,6,2008,3,39.8991,-75.1741,1534.0,6,0,0,0,0,1,0,0,0,,0,0,0,15,1,0,0,,0,39 53:55.901,,0,75 10:13.590,0,0,0,0,67301,0,0,0,N,0,0,0,3,68K01,0,,1,1,,N,N,,0,,0,0,0,0.0,0,,1530,0,3,0,0,0,0,0,3,4,1,3,3,,N,,,,,,,,,,,
2008083259,1155,2,0,0,0,0,0,0,0,0,4,0,,67,5,2008,6,40.0596,-75.0607,1155.0,6,0,0,0,0,0,1,0,0,,0,0,0,11,1,1,1,,0,40 03:34.534,,0,75 03:38.469,8,0,0,0,67301,0,0,0,N,0,0,0,2,67301,0,,1,1,,N,N,,0,,0,0,0,3.0,3,,1155,1,2,0,0,0,1,0,3,4,0,2,3,,N,,,,,,,,,,,
2008083289,1813,2,0,0,0,0,0,0,0,0,4,0,,67,5,2008,5,40.0316,-75.2076,1812.0,6,0,0,0,0,0,0,0,1,,0,0,0,18,1,1,1,,0,40 01:53.935,,0,75 12:27.524,4,0,0,0,67301,0,0,0,N,0,0,0,2,67301,1,,1,1,,N,N,,0,,0,0,0,2.0,2,,1811,1,2,0,0,0,0,0,3,4,0,2,3,,N,,,,,,,,,,,
2008083310,1703,1,0,0,0,0,0,0,0,0,9,0,,67,5,2008,7,40.0294,-75.1688,1700.0,6,0,0,0,0,0,0,0,0,,0,0,0,15,1,2,2,,0,40 01:45.937,,0,75 10:07.762,4,0,0,0,67301,0,0,0,N,0,0,0,2,67301,2,,1,1,,N,N,,0,,0,0,0,9.0,9,,1515,2,1,0,0,0,0,0,3,4,0,1,3,,N,,,,,,,,,,,
2008087879,2350,1,0,0,1,0,0,0,0,0,4,0,,67,6,2008,5,40.0141,-75.078,2350.0,6,0,0,0,0,1,0,0,0,,0,0,0,23,3,1,1,,0,40 00:50.922,,0,75 04:40.900,3,0,0,0,67301,1,0,0,N,0,0,0,2,67301,0,,1,1,,N,N,,0,,1,0,0,3.0,3,,2350,1,2,0,0,0,0,0,3,4,0,1,3,,N,,,,,,,,,,,
2008085434,15,1,0,0,0,0,0,0,0,0,5,0,,67,7,2008,4,39.9674,-75.1318,15.0,6,0,0,0,0,0,0,0,0,,0,0,0,0,3,0,0,,0,39 58:03.618,,0,75 07:52.819,0,0,0,0,67301,2,0,0,N,0,0,0,3,68K01,0,,2,1,,N,N,,0,,0,0,1,0.0,0,,13,0,2,0,0,1,0,0,3,4,0,2,3,,N,,,,,,,,,,,
2008096082,2152,2,0,0,0,0,0,0,0,0,4,0,,67,6,2008,2,40.0329,-75.1071,2149.0,6,0,0,0,0,0,0,0,0,,0,0,0,21,3,1,0,,0,40 01:58.558,,0,75 06:25.560,4,0,0,0,67301,0,0,0,N,0,0,0,4,67301,1,,6,1,,N,N,,0,,0,0,0,0.0,0,,2127,1,2,0,0,0,0,0,3,4,0,2,3,,N,,,,,,,,,,,
2008098577,1439,2,0,0,0,0,0,0,0,0,1,0,,67,8,2008,7,39.958,-75.1635,1426.0,6,0,0,0,1,0,0,0,0,1.0,0,0,0,14,1,0,0,,2,39 57:28.748,3.0,0,75 09:48.530,0,0,0,0,67301,0,0,0,N,0,0,0,5,68K01,0,,1,1,,N,N,,0,,0,0,0,0.0,0,N,1420,0,2,0,0,0,0,0,3,4,0,2,3,,N,,,,,,,,,,,
2008098261,1423,2,0,0,0,0,0,0,0,0,4,0,,67,7,2008,7,40.0561,-75.064,1421.0,6,0,0,0,0,1,0,0,1,,0,0,0,14,1,1,1,,0,40 03:21.873,,0,75 03:50.497,4,0,0,0,67301,0,0,0,N,0,0,0,2,67301,1,,1,1,,N,N,,0,,0,0,0,3.0,2,,1419,1,2,0,0,0,0,0,3,4,0,2,3,,N,,,,,,,,,,,
2008121080,1355,2,0,0,0,0,0,0,0,0,3,0,,67,9,2008,5,40.0381,-75.1438,1355.0,6,0,0,0,0,0,0,0,0,,0,0,0,12,1,1,0,,0,40 02:16.998,,0,75 08:37.834,8,0,0,0,67301,1,0,0,Y,0,0,0,2,67301,0,,1,1,,N,N,,0,,0,0,0,0.0,0,,1200,1,2,0,0,0,1,1,3,4,0,2,3,,N,,,,,,,,,,,
2008069524,1845,1,0,0,0,0,0,0,0,0,8,0,,67,4,2008,3,39.9119,-75.24,1835.0,6,0,0,0,0,0,0,0,0,,0,0,0,18,4,1,2,,0,39 54:42.786,,0,75 14:24.039,4,0,0,0,67301,1,0,0,,1,0,0,2,67301,1,,9,1,,,,,0,,0,0,0,0.0,0,,1835,1,2,0,0,0,0,0,3,4,0,1,3,,N,,,,,,,,,,,
2008069540,1505,1,0,0,0,0,0,0,0,0,4,0,,67,4,2008,3,40.0096,-75.1536,1500.0,6,0,0,0,0,0,0,0,0,,0,0,0,14,1,1,1,,0,40 00:34.560,,0,75 09:12.600,8,0,0,0,67301,0,0,0,N,0,0,0,3,67301,0,,1,1,,N,N,,0,,0,0,1,3.0,3,,1445,1,2,0,0,0,1,0,3,4,0,2,3,,N,,,,,,,,,,,
2008079763,1208,1,0,0,0,0,0,0,0,0,8,0,,67,5,2008,7,40.0157,-75.1401,1205.0,6,0,0,0,0,0,1,0,0,,0,0,0,12,1,1,1,,0,40 00:56.408,,0,75 08:24.331,2,0,0,0,67301,1,0,1,N,1,0,1,2,67301,0,,6,1,,N,N,,0,,0,1,0,0.0,0,,1200,1,2,0,0,0,0,0,3,4,0,1,3,,N,,,,,,,,,,,
2008079056,1718,4,0,0,0,0,0,0,0,0,5,0,,67,5,2008,7,40.0236,-75.1531,1705.0,6,0,0,0,0,0,0,1,0,,0,0,0,17,1,1,2,,0,40 01:24.855,,0,75 09:11.008,4,0,0,0,67301,0,0,0,N,0,0,0,1,67301,1,,1,1,,N,N,,0,,0,0,0,3.0,3,,1701,1,4,0,0,0,0,0,3,4,0,4,3,,N,,,,,,,,,,,
2008097409,1916,1,0,0,1,0,0,0,0,0,4,0,,67,7,2008,1,39.9324,-75.1745,1914.0,6,0,0,0,0,0,0,0,0,,0,0,0,19,1,1,0,,0,39 55:56.668,,0,75 10:28.304,4,0,0,0,67301,1,0,0,N,0,0,0,2,67301,1,,1,1,,N,N,,0,,0,0,0,0.0,0,,1905,1,2,0,0,0,0,0,3,4,0,1,3,,N,,,,,,,,,,,
2008088818,1830,2,0,0,0,0,0,0,0,0,4,0,,67,6,2008,6,39.9741,-75.2424,1827.0,6,0,0,0,0,0,0,0,0,,0,0,0,18,1,1,1,,0,39 58:26.781,,0,75 14:32.708,4,0,0,0,67301,0,0,0,N,0,0,0,5,67301,1,,1,1,,N,N,,0,,0,0,0,3.0,3,,1818,1,2,0,0,0,0,0,3,4,0,2,3,,N,,,,,,,,,,,
2008088906,1455,2,0,0,0,0,0,0,0,0,1,0,,67,5,2008,5,39.9974,-75.0895,1450.0,6,0,0,0,0,0,0,0,0,,0,0,0,14,1,2,1,,0,39 59:50.464,,0,75 05:22.304,4,0,0,0,67301,0,0,0,N,0,0,0,3,67301,2,,1,1,,N,N,,0,,0,0,0,2.0,8,,1400,2,2,0,0,0,0,0,3,4,0,2,3,,N,,,,,,,,,,,
2008108299,1412,2,0,0,0,0,0,0,0,0,5,0,,67,6,2008,2,40.0802,-74.9655,1411.0,6,0,0,0,0,0,0,0,0,2.0,0,0,0,14,1,1,0,,2,40 04:48.673,3.0,7,74 57:55.927,4,0,0,0,67301,0,0,0,,0,0,0,2,67301,1,,1,1,,,,,0,,0,0,0,0.0,0,Y,1406,1,2,0,0,0,0,1,3,4,0,2,3,,N,,,,,,,,,,,
2008094819,1650,0,0,0,1,0,0,0,0,0,5,0,,67,8,2008,2,40.003,-75.1639,1640.0,6,0,0,0,0,0,0,0,0,,0,0,0,15,1,1,0,,0,40 00:10.860,,0,75 09:50.108,4,0,0,0,67301,1,0,0,N,0,0,0,2,67301,1,,1,1,,N,N,,1,,0,0,0,0.0,0,,1520,1,2,0,0,0,0,0,3,4,0,1,3,,N,,,,,,,,,,,
2008094836,1645,0,0,0,1,0,0,0,0,0,6,0,,67,6,2008,1,40.0218,-75.2075,1630.0,6,0,0,0,0,0,0,0,0,,0,0,0,16,1,1,1,,0,40 01:18.451,,0,75 12:26.992,8,0,0,0,67301,1,0,0,,0,0,0,2,67301,0,,1,1,,,,,1,,0,0,0,9.0,3,,1630,1,2,0,0,0,1,0,3,4,0,1,3,,N,,,,,,,,,,,
2008079224,1507,2,0,0,0,0,0,0,0,0,4,0,,67,5,2008,6,40.0317,-75.1425,1503.0,6,0,0,0,0,0,0,0,0,,0,0,0,15,1,1,2,,0,40 01:54.228,,0,75 08:32.996,4,0,0,0,67301,1,0,0,N,0,0,0,4,67301,1,,1,1,,N,N,,0,,0,0,1,9.0,3,,1505,1,3,0,0,0,0,0,3,4,0,3,3,,N,,,,,,,,,,,
2008079229,1900,1,0,0,0,0,0,0,0,0,1,0,,67,5,2008,6,39.9556,-75.2361,1900.0,6,0,1,0,0,0,0,0,0,,0,0,0,19,1,1,0,,0,39 57:20.039,,0,75 14:09.877,4,0,0,0,67301,0,0,0,,0,0,0,3,67301,1,,1,1,,N,N,,1,,0,0,0,0.0,0,,1900,1,2,0,0,0,0,0,3,4,0,2,3,,N,,,,,,,,,,,
2008098361,2050,1,0,0,0,0,0,0,0,0,8,0,,67,7,2008,7,40.0096,-75.0908,2040.0,6,0,0,0,0,0,0,0,0,,0,0,0,20,3,1,0,,0,40 00:34.430,,0,75 05:26.930,4,0,0,0,67301,1,0,0,N,1,0,0,2,67301,1,,1,9,,N,N,,0,,0,0,0,0.0,0,,2020,1,2,0,0,0,0,0,3,4,0,1,98,,N,,,,,,,,,,,
2008100943,829,2,0,0,0,0,0,0,0,0,4,0,,67,6,2008,2,40.018,-75.097,827.0,6,0,0,0,0,0,0,0,1,,0,0,0,8,1,2,12,,0,40 01:04.659,,0,75 05:49.459,8,0,0,0,67301,0,0,0,N,0,0,0,2,67301,0,,1,1,,N,N,,0,,0,0,0,9.0,4,,808,2,2,0,0,0,2,0,3,4,0,2,3,,N,,,,,,,,,,,
2008098396,1123,1,0,0,0,0,0,0,0,0,6,0,,67,7,2008,5,39.9924,-75.1422,1123.0,6,0,0,0,0,0,1,0,0,,0,0,0,11,1,4,2,,0,39 59:32.614,,0,75 08:31.878,4,0,0,0,67301,0,0,0,N,0,0,0,4,67301,4,,1,9,,N,N,,0,,0,0,0,3.0,2,,1120,4,2,0,0,0,0,0,3,4,1,2,3,,N,,,,,,,,,,,
2008098405,1706,1,0,0,0,0,0,0,0,0,4,0,,67,7,2008,3,39.9265,-75.2331,1706.0,6,0,0,0,0,0,1,0,0,,0,0,0,17,1,1,1,,0,39 55:35.378,,0,75 13:59.188,4,0,0,0,67301,0,0,0,N,0,0,0,2,67301,1,,1,1,,N,N,,0,,0,0,0,3.0,2,,1705,1,2,0,0,0,0,0,3,4,1,2,3,,N,,,,,,,,,,,
2008098441,1329,1,0,0,0,0,0,0,0,0,7,0,,67,7,2008,6,40.0256,-75.1817,1318.0,6,0,0,0,0,0,0,0,0,,0,0,0,13,1,1,1,,0,40 01:32.308,,0,75 10:53.974,4,0,0,0,67301,0,0,0,N,0,0,0,2,67301,1,,2,1,,N,N,,0,,0,0,0,3.0,2,,1300,1,1,0,0,0,0,0,3,4,0,1,3,,N,,,,,,,,,,,
2008078881,459,2,0,0,0,0,0,0,0,0,4,0,,67,5,2008,5,39.8919,-75.2419,455.0,6,0,0,0,1,0,0,0,0,,0,0,0,99,5,2,1,,0,39 53:30.991,,0,75 14:30.863,8,0,0,0,67301,0,0,0,,0,0,0,3,67301,0,,1,1,,,,,0,,0,0,0,3.0,2,,9999,2,2,0,0,0,2,0,3,4,0,2,3,,N,,,,,,,,,,,
2008078887,1251,1,0,0,0,0,0,0,0,0,8,0,,67,5,2008,6,39.9429,-75.1792,1249.0,6,0,0,0,0,0,0,0,0,,0,0,0,12,1,1,0,,0,39 56:34.555,,0,75 10:45.206,3,0,0,0,67301,1,0,0,N,1,0,0,2,67301,0,,1,1,,N,N,,0,,1,0,0,0.0,0,,1229,1,2,0,0,0,0,0,3,4,0,1,3,,N,,,,,,,,,,,
2008078893,841,1,0,0,0,0,0,0,0,0,8,0,,67,5,2008,2,39.9538,-75.2282,840.0,6,0,0,0,0,0,0,0,0,,0,0,0,8,1,1,1,,0,39 57:13.582,,0,75 13:41.663,3,0,0,0,67301,1,0,0,N,1,0,0,2,67301,0,,1,1,,N,Y,,0,,1,0,0,9.0,2,,840,1,2,0,0,0,0,1,3,4,0,1,3,,N,,,,,,,,,,,
2008134426,2200,2,0,0,0,0,0,0,0,0,4,0,,67,10,2008,7,40.0009,-75.1719,2155.0,6,0,1,0,0,0,0,0,0,,0,0,0,99,3,0,1,,0,40 00:03.156,,0,75 10:18.895,0,0,0,0,67301,0,0,0,N,0,0,0,2,67301,0,,1,1,,N,N,,0,,0,0,0,3.0,3,,9999,0,2,0,0,0,0,0,3,4,0,2,3,,N,,,,,,,,,,,