CRN,ARRIVAL_TM,AUTOMOBILE_COUNT,BELTED_DEATH_COUNT,BELTED_SUSP_SERIOUS_INJ_COUNT,BICYCLE_COUNT,BICYCLE_DEATH_COUNT,BICYCLE_SUSP_SERIOUS_INJ_COUNT,BUS_COUNT,CHLDPAS_DEATH_COUNT,CHLDPAS_SUSP_SERIOUS_INJ_COUNT,COLLISION_TYPE,COMM_VEH_COUNT,CONS_ZONE_SPD_LIM,COUNTY,CRASH_MONTH,CRASH_YEAR,DAY_OF_WEEK,DEC_LAT,DEC_LONG,DISPATCH_TM,DISTRICT,DRIVER_COUNT_16YR,DRIVER_COUNT_17YR,DRIVER_COUNT_18YR,DRIVER_COUNT_19YR,DRIVER_COUNT_20YR,DRIVER_COUNT_50_64YR,DRIVER_COUNT_65_74YR,DRIVER_COUNT_75PLUS,EST_HRS_CLOSED,FATAL_COUNT,HEAVY_TRUCK_COUNT,HORSE_BUGGY_COUNT,HOUR_OF_DAY,ILLUMINATION,INJURY_COUNT,INTERSECT_TYPE,INTERSECTION_RELATED,LANE_CLOSED,LATITUDE,LN_CLOSE_DIR,LOCATION_TYPE,LONGITUDE,MAX_SEVERITY_LEVEL,MCYCLE_DEATH_COUNT,MCYCLE_SUSP_SERIOUS_INJ_COUNT,MOTORCYCLE_COUNT,MUNICIPALITY,NONMOTR_COUNT,NONMOTR_DEATH_COUNT,NONMOTR_SUSP_SERIOUS_INJ_COUNT,NTFY_HIWY_MAINT,PED_COUNT,PED_DEATH_COUNT,PED_SUSP_SERIOUS_INJ_COUNT,PERSON_COUNT,POLICE_AGCY,POSSIBLE_INJ_COUNT,RDWY_SURF_TYPE_CD,RELATION_TO_ROAD,ROAD_CONDITION,ROADWAY_CLEARED,SCH_BUS_IND,SCH_ZONE_IND,SECONDARY_CRASH,SMALL_TRUCK_COUNT,SPEC_JURIS_CD,SUSP_MINOR_INJ_COUNT,SUSP_SERIOUS_INJ_COUNT,SUV_COUNT,TCD_FUNC_CD,TCD_TYPE,TFC_DETOUR_IND,TIME_OF_DAY,TOT_INJ_COUNT,TOTAL_UNITS,UNB_DEATH_COUNT,UNB_SUSP_SERIOUS_INJ_COUNT,UNBELTED_OCC_COUNT,UNK_INJ_DEG_COUNT,UNK_INJ_PER_COUNT,URBAN_AREA,URBAN_RURAL,VAN_COUNT,VEHICLE_COUNT,WEATHER1,WEATHER2,WORK_ZONE_IND,WORK_ZONE_LOC,WORK_ZONE_TYPE,WORKERS_PRES,WZ_CLOSE_DETOUR,WZ_FLAGGER,WZ_LAW_OFFCR_IND,WZ_LN_CLOSURE,WZ_MOVING,WZ_OTHER,WZ_SHLDER_MDN,WZ_WORKERS_INJ_KILLED
2008123895,2334,2,0,0,0,0,0,0,0,0,1,0,,67,10,2008,4,40.0062,-75.1969,2331.0,6,0,0,0,0,0,0,0,0,,0,0,0,23,3,0,3,,0,40 00:05.577,,0,75 11:40.536,0,0,0,0,67301,0,0,0,N,0,0,0,2,68K01,0,,1,1,,N,N,,0,,0,0,0,0.0,0,,2312,0,2,0,0,0,0,0,3,4,0,2,3,,N,,,,,,,,,,,
2008119415,0,1,0,0,0,0,0,0,0,0,1,0,,67,7,2008,5,40.0341,-75.1765,0.0,6,0,0,0,0,0,1,0,0,,0,0,0,2,6,1,1,,0,40 02:02.652,,0,75 10:35.500,8,0,0,0,67301,0,0,0,N,0,0,0,2,00000,0,,1,1,,N,N,,1,,0,0,0,3.0,2,,204,1,2,0,0,0,1,1,3,4,0,2,99,,N,,,,,,,,,,,
2008134025,1545,0,0,0,0,0,0,0,0,0,8,0,,67,10,2008,7,39.9333,-75.1803,1541.0,6,0,0,0,0,0,0,0,0,,0,0,0,15,1,0,0,,0,39 55:59.788,,0,75 10:48.921,9,0,0,0,67301,1,0,0,N,1,0,0,2,67301,0,,1,1,,N,N,,0,,0,0,0,0.0,0,,1535,0,2,0,0,0,0,1,3,4,0,1,3,,N,,,,,,,,,,,
2008134034,735,0,0,0,0,0,0,0,0,0,4,0,,67,10,2008,2,39.9705,-75.151,729.0,6,0,0,0,0,0,0,0,0,1.0,0,0,0,7,1,1,1,,1,39 58:13.645,4.0,0,75 09:03.417,3,0,0,1,67301,0,0,0,,0,0,0,2,67301,0,,1,1,,,,,0,,1,0,1,0.0,0,N,725,1,2,0,0,0,0,0,3,4,0,2,3,,N,,,,,,,,,,,
2008133570,1600,1,0,0,0,0,0,0,0,0,7,0,99.0,67,9,2008,4,39.9605,-75.1909,1600.0,6,0,0,0,0,0,0,1,0,,0,0,0,7,1,1,0,,0,39 57:37.707,,0,75 11:27.385,4,0,0,0,67301,0,0,0,N,0,0,0,1,67301,1,,1,1,,N,N,,0,,0,0,0,0.0,0,,710,1,1,0,0,0,0,0,3,4,0,1,3,,Y,3.0,1.0,Y,U,U,N,U,U,U,Y,
2008118954,1350,2,0,0,0,0,0,0,0,0,4,0,,67,9,2008,3,39.9351,-75.1636,1344.0,6,0,0,0,0,0,1,0,0,,0,0,0,13,1,1,2,,0,39 56:06.266,,0,75 09:48.783,8,0,0,0,67301,0,0,0,N,0,0,0,2,67301,0,,1,1,,N,N,,0,,0,0,0,3.0,3,,1343,1,2,0,0,0,1,0,3,4,0,2,3,,N,,,,,,,,,,,
2008119314,1705,1,0,0,0,0,0,0,0,0,4,0,,67,9,2008,6,40.0506,-75.1775,1702.0,6,0,0,0,1,0,0,0,0,,0,0,0,16,1,5,1,,0,40 03:02.196,,0,75 10:38.823,3,0,0,0,67301,0,0,0,N,0,0,0,6,67301,4,,1,1,,N,N,,0,,1,0,1,3.0,2,,1658,5,3,0,0,0,0,0,3,4,1,3,3,,N,,,,,,,,,,,
2008133589,1100,2,0,0,0,0,0,0,0,0,1,0,,67,10,2008,4,40.0764,-75.195,1045.0,6,0,0,0,0,0,1,0,0,,0,0,0,10,1,1,1,,0,40 04:35.197,,0,75 11:42.090,4,0,0,0,67301,0,0,0,N,0,0,0,2,67301,1,,1,1,,N,N,,0,,0,0,0,3.0,2,,1040,1,2,0,0,0,0,0,3,4,0,2,3,,N,,,,,,,,,,,
2008087589,1643,2,0,0,0,0,0,0,0,0,6,0,,67,5,2008,4,39.9948,-75.1434,1640.0,6,0,0,0,0,0,0,0,0,1.0,0,0,0,16,1,0,0,,1,39 59:41.103,1.0,0,75 08:36.150,0,0,0,0,67301,0,0,0,,0,0,0,1,67301,0,,6,1,,,,,0,,0,0,0,0.0,0,Y,1630,0,2,0,0,0,0,0,3,4,0,2,3,,N,,,,,,,,,,,
2008097905,1143,1,0,0,1,0,0,0,0,0,4,0,,67,7,2008,5,39.9491,-75.2121,1142.0,6,0,0,0,0,0,1,0,0,,0,0,0,11,1,1,2,,0,39 56:56.960,,0,75 12:43.479,4,0,0,0,67301,1,0,0,N,0,0,0,2,67301,1,,1,1,,N,N,,0,,0,0,0,3.0,3,,1130,1,2,0,0,0,0,0,3,4,0,1,3,,N,,,,,,,,,,,
2008088802,2120,2,0,0,0,0,0,0,0,0,1,0,,67,8,2008,7,39.938,-75.198,2120.0,6,0,0,0,0,0,0,0,0,2.0,0,0,0,20,2,1,0,,1,39 56:23.770,4.0,0,75 11:45.701,4,0,0,0,67301,0,0,0,N,0,0,0,2,68K01,1,,1,1,,N,N,,0,,0,0,0,0.0,0,N,2043,1,2,0,0,0,0,0,3,4,0,2,3,,N,,,,,,,,,,,
2008080258,1340,1,0,0,0,0,0,0,0,0,7,0,,67,7,2008,7,39.9566,-75.1408,1324.0,6,0,0,0,0,0,0,0,0,,0,0,0,13,1,1,0,,0,39 57:24.120,,0,75 08:26.880,8,0,0,0,67301,0,0,0,N,0,0,0,2,68K01,0,,2,1,,N,N,,0,,0,0,0,0.0,0,,1320,1,1,0,0,0,1,0,3,4,0,1,3,,N,,,,,,,,,,,
2008097575,1010,1,0,0,0,0,0,0,0,0,4,0,,67,7,2008,7,39.9819,-75.239,1007.0,6,0,0,0,0,0,0,0,0,1.0,0,0,0,10,1,7,1,,1,39 58:54.974,1.0,0,75 14:20.357,4,0,0,0,67301,0,0,0,N,0,0,0,7,67301,7,,1,1,,N,N,,0,,0,0,1,3.0,2,Y,1000,7,2,0,0,0,0,0,3,4,0,2,3,,N,,,,,,,,,,,
2008083235,1620,0,0,0,0,0,0,0,0,0,6,0,,67,5,2008,5,39.9157,-75.1629,1615.0,6,0,0,0,0,0,0,0,0,,0,0,0,16,1,1,1,,0,39 54:56.508,,0,75 09:46.445,4,0,0,0,67301,0,0,0,,0,0,0,2,67301,1,,1,1,,,Y,,1,,0,0,0,3.0,2,,1615,1,2,0,0,0,0,0,3,4,0,2,3,,N,,,,,,,,,,,
2008075760,1830,2,0,0,0,0,0,0,0,0,1,0,,67,6,2008,7,39.9809,-75.2064,1817.0,6,0,0,0,0,0,0,0,0,,0,0,0,18,1,0,0,,0,39 58:54.190,,0,75 12:26.401,9,0,0,0,67301,0,0,0,N,0,0,0,3,68K01,0,,1,1,,N,N,,0,,0,0,0,0.0,0,,1808,0,2,0,0,0,0,2,3,4,0,2,3,,N,,,,,,,,,,,
2008087863,930,2,0,0,0,0,0,0,0,0,4,0,,67,6,2008,1,40.0765,-75.1742,928.0,6,0,0,1,0,0,0,0,0,,0,0,0,9,1,0,1,,0,40 04:35.526,,0,75 10:27.019,9,0,0,0,67301,0,0,0,N,0,0,0,3,67301,0,,1,1,,N,N,,0,,0,0,0,3.0,3,,925,0,2,0,0,0,0,1,3,4,0,2,3,,N,,,,,,,,,,,
2008083260,2025,1,0,0,0,0,0,0,0,0,7,0,,67,5,2008,2,39.8942,-75.2378,2018.0,6,0,0,0,0,0,0,0,0,1.0,0,0,0,20,2,2,0,,1,39 53:39.120,3.0,0,75 14:15.720,4,0,0,0,67301,0,0,0,N,0,0,0,6,67301,2,,2,9,,N,N,,0,,0,0,0,0.0,0,N,2015,2,1,0,0,0,0,0,3,4,0,1,3,,N,,,,,,,,,,,
2008083293,1741,1,0,0,0,0,0,0,0,0,8,0,,67,5,2008,6,39.9896,-75.166,1739.0,6,0,0,0,0,0,1,0,0,,0,0,0,17,1,1,0,,0,39 59:22.560,,0,75 09:57.632,4,0,0,0,67301,1,0,0,N,1,0,0,2,67301,1,,1,1,,N,N,,0,,0,0,0,0.0,0,,1735,1,2,0,0,0,0,0,3,4,0,1,3,,N,,,,,,,,,,,
2008098251,1220,1,0,0,0,0,0,0,0,0,8,0,,67,7,2008,7,40.0825,-75.0496,1214.0,6,0,0,0,0,0,0,0,1,,0,0,0,12,1,1,2,,0,40 04:56.985,,0,75 02:58.725,4,0,0,0,67301,1,0,0,,1,0,0,3,67301,1,,1,1,,,,,0,,0,0,0,3.0,2,,1214,1,2,0,0,0,0,0,3,4,0,1,3,,N,,,,,,,,,,,
2008070758,1735,2,0,0,0,0,0,0,0,0,2,0,,67,4,2008,5,39.9456,-75.24,1729.0,6,0,0,0,0,0,0,0,0,,0,0,0,17,1,2,0,,0,39 56:44.112,,0,75 14:24.005,4,0,0,0,67301,0,0,0,,0,0,0,2,67301,2,,1,1,,N,,,0,,0,0,0,0.0,0,,1720,2,2,0,0,0,0,0,3,4,0,2,3,,N,,,,,,,,,,,
2008110161,2354,2,0,0,0,0,0,0,0,0,4,0,,67,8,2008,1,39.9993,-75.1533,2353.0,6,0,0,0,0,0,0,0,0,,0,0,0,23,3,4,0,,0,39 59:57.530,,0,75 09:11.852,3,0,0,0,67301,0,0,0,,0,0,0,6,67301,1,,1,1,,N,N,,0,,3,0,0,3.0,2,,2351,4,2,0,0,0,0,0,3,4,0,2,3,,N,,,,,,,,,,,
2008105743,942,0,0,0,0,0,0,0,0,0,1,1,,67,6,2008,2,39.9779,-75.1117,930.0,6,0,0,0,0,0,0,0,0,3.0,1,1,0,9,1,1,0,,1,39 58:42.945,2.0,0,75 06:37.684,1,0,0,0,67301,1,1,0,N,1,1,0,2,68K01,1,1.0,1,1,,N,N,,0,0.0,0,0,0,0.0,0,N,924,1,3,0,0,0,0,0,3,4,1,2,3,,N,,,,,,,,,,,
2008098452,1728,1,0,0,0,0,0,0,0,0,8,0,,67,6,2008,5,40.0441,-75.1814,1726.0,6,0,0,0,0,0,0,0,0,,0,0,0,17,1,1,0,,0,40 02:38.760,,0,75 10:53.040,8,0,0,0,67301,1,0,0,N,1,0,0,4,67301,0,,1,1,,N,N,,0,,0,0,0,3.0,2,,1720,1,2,0,0,3,1,0,3,4,0,1,3,,N,,,,,,,,,,,
2008098490,1554,1,0,0,0,0,0,0,0,0,4,0,,67,6,2008,7,40.0223,-75.162,1552.0,6,0,0,0,0,0,0,0,0,2.0,0,0,0,15,1,4,1,,1,40 01:20.289,1.0,0,75 09:43.291,4,0,0,0,67301,0,0,0,N,0,0,0,6,67301,4,,1,1,,N,N,,0,,0,0,1,3.0,2,N,1550,4,2,0,0,0,0,2,3,4,0,2,3,,N,,,,,,,,,,,
2008098504,1015,2,0,0,0,0,0,0,0,0,4,0,,67,7,2008,2,39.9489,-75.1897,1013.0,6,0,0,0,0,0,1,0,1,,0,0,0,10,1,1,2,,0,39 56:56.009,,0,75 11:22.799,4,0,0,0,67301,0,0,0,N,0,0,0,2,67301,1,,1,1,,N,N,,0,,0,0,0,3.0,2,,1013,1,2,0,0,0,0,0,3,4,0,2,3,,N,,,,,,,,,,,
2008116115,1646,2,0,0,0,0,0,0,0,0,1,0,,67,8,2008,5,40.0081,-75.2027,1645.0,6,0,0,0,0,0,0,0,0,,0,0,0,16,1,0,0,,0,40 00:29.420,,0,75 12:10.810,0,0,0,0,67301,0,0,0,N,0,0,0,3,68K01,0,,1,1,,N,N,,0,,0,0,0,3.0,8,,1637,0,2,0,0,0,0,0,3,4,0,2,3,,N,,,,,,,,,,,
2008133972,825,1,0,0,0,0,0,0,0,0,1,0,,67,10,2008,4,39.9428,-75.1657,823.0,6,0,0,0,0,0,0,0,0,,0,0,0,8,1,0,5,,0,39 56:33.953,,0,75 09:56.689,0,0,0,0,67301,0,0,0,N,0,0,0,3,67301,0,,1,1,,N,N,,0,,0,0,1,3.0,2,,815,0,2,0,0,1,0,0,3,4,0,2,3,,N,,,,,,,,,,,
2008126355,256,2,0,0,0,0,0,0,0,0,4,0,,67,11,2008,1,39.975,-75.1943,247.0,6,0,0,0,0,0,0,0,0,,0,0,0,2,3,0,0,,0,39 58:33.873,,0,75 11:42.395,9,0,0,0,67301,0,0,0,N,0,0,0,4,68K01,0,,1,1,,N,N,,0,,0,0,0,0.0,0,,240,0,2,0,0,0,0,1,3,4,0,2,3,,N,,,,,,,,,,,
2008133573,1229,1,0,0,0,0,0,0,0,0,8,0,,67,10,2008,6,39.9517,-75.1584,9999.0,6,0,0,0,0,0,0,0,0,1.0,0,0,0,12,1,1,0,,2,39 57:06.034,3.0,0,75 09:30.326,8,0,0,0,67301,1,0,0,N,1,0,0,2,67301,0,,1,1,,N,N,,0,,0,0,0,3.0,2,Y,1229,1,2,0,0,0,1,0,3,4,0,1,3,,N,,,,,,,,,,,
2008118962,505,1,0,0,0,0,0,0,0,0,7,0,,67,9,2008,7,39.9767,-75.205,0.0,6,0,0,0,0,0,0,0,0,,0,0,0,5,3,0,0,,0,39 58:36.030,,0,75 12:17.920,0,0,0,0,67301,0,0,0,,0,0,0,1,67301,0,,2,9,,N,N,,0,,0,0,0,0.0,0,,500,0,1,0,0,1,0,0,3,4,0,1,7,,N,,,,,,,,,,,
2008119292,805,2,0,0,0,0,0,0,0,0,4,0,,67,9,2008,7,39.9194,-75.1708,800.0,6,0,0,0,0,0,1,0,1,,0,0,0,7,1,2,1,,0,39 55:09.904,,0,75 10:14.985,4,0,0,0,67301,0,0,0,,0,0,0,3,67301,1,,1,9,,,,,0,,0,0,0,3.0,2,,750,2,2,0,0,0,1,0,3,4,0,2,7,,N,,,,,,,,,,,
2008119320,1031,1,0,0,0,0,0,0,0,0,7,0,,67,9,2008,6,40.1179,-75.0067,1030.0,6,0,0,0,0,0,1,0,0,2.0,0,0,0,10,1,1,2,,1,40 07:04.443,6.0,0,75 00:24.231,4,0,0,0,67301,0,0,0,N,0,0,0,3,67301,1,,2,9,,N,N,,0,,0,0,1,0.0,0,N,1029,1,2,0,0,0,0,0,3,4,0,2,3,,N,,,,,,,,,,,
2008133615,2245,2,0,0,0,0,0,0,0,0,1,0,,67,10,2008,2,40.1144,-74.9881,2234.0,6,0,1,0,0,0,1,0,0,,0,0,0,22,3,2,1,,0,40 06:51.789,,0,74 59:16.991,4,0,0,0,67301,0,0,0,N,0,0,0,3,67301,1,,1,1,,N,N,,0,,0,0,1,3.0,2,,2205,2,3,0,0,0,1,1,3,4,0,3,3,,N,,,,,,,,,,,
2008133654,1243,2,0,0,0,0,0,0,0,0,4,0,,67,10,2008,2,40.0194,-75.1604,1240.0,6,0,0,0,0,0,0,0,0,3.0,0,0,0,12,1,2,0,,2,40 01:09.840,5.0,0,75 09:37.440,4,0,0,0,67301,0,0,0,N,0,0,0,3,67301,2,,1,1,,N,N,,0,,0,0,0,0.0,0,Y,1235,2,2,0,0,0,0,0,3,4,0,2,3,,N,,,,,,,,,,,
2008097843,2330,3,0,0,0,0,0,0,0,0,4,0,,67,7,2008,3,40.0811,-75.0289,2321.0,6,0,0,1,0,0,0,0,0,1.0,0,0,0,23,3,0,1,,1,40 04:51.448,1.0,0,75 01:44.242,0,0,0,0,67301,0,0,0,,0,0,0,5,67301,0,,1,1,,N,N,,0,,0,0,0,3.0,2,N,2321,0,3,0,0,0,0,0,3,4,0,3,3,,N,,,,,,,,,,,
2008087594,1900,0,0,0,1,0,0,0,0,0,4,0,,67,5,2008,1,40.0452,-75.0801,1855.0,6,0,0,0,0,0,0,0,0,1.0,0,0,0,18,1,1,0,,1,40 02:42.655,2.0,7,75 04:48.318,4,0,0,0,67301,1,0,0,,0,0,0,2,67301,1,,1,9,,,,,0,,0,0,1,0.0,0,N,1845,1,2,0,0,0,0,0,3,4,0,1,7,,N,,,,,,,,,,,
2008095542,650,2,0,0,0,0,0,0,0,0,4,0,,67,8,2008,4,40.0871,-75.0408,645.0,6,0,0,0,0,0,0,0,0,,0,0,0,6,1,2,5,,0,40 05:13.685,,0,75 02:26.899,4,0,0,0,67301,0,0,0,N,0,0,0,2,67301,2,,1,9,,N,N,,0,,0,0,0,0.0,0,,640,2,2,0,0,0,0,0,3,4,0,2,7,,N,,,,,,,,,,,
2008095544,1129,0,0,0,0,0,0,0,0,0,1,0,,67,8,2008,2,39.9292,-75.1872,1100.0,6,0,0,0,0,0,0,0,0,,0,0,0,99,1,2,1,,0,39 55:44.943,,0,75 11:13.894,4,0,0,0,67301,0,0,0,N,0,0,0,2,67301,2,,1,1,,N,N,,1,,0,0,1,9.0,2,,9999,2,2,0,0,0,0,0,3,4,0,2,3,,N,,,,,,,,,,,
2008088200,801,1,0,0,0,0,0,0,0,0,8,0,,67,6,2008,4,39.9851,-75.2474,757.0,6,0,0,0,0,0,0,0,0,,0,0,0,7,1,0,1,,0,39 59:06.237,,0,75 14:50.529,0,0,0,0,67301,1,0,0,N,1,0,0,2,67301,0,,1,1,,N,Y,,0,,0,0,0,2.0,2,,750,0,2,0,0,0,0,0,3,4,0,1,3,,N,,,,,,,,,,,
2008088228,1534,1,0,0,0,0,0,1,0,0,1,1,,67,6,2008,4,39.9559,-75.1514,1534.0,6,0,0,0,0,0,0,0,0,,0,0,0,14,1,1,0,,0,39 57:21.108,,0,75 09:05.134,8,0,0,0,67301,0,0,0,N,0,0,0,3,67301,0,,1,1,,N,N,,0,,0,0,0,3.0,8,,1457,1,2,0,0,0,1,0,3,4,0,2,3,,N,,,,,,,,,,,
2008088296,1930,3,0,0,0,0,0,0,0,0,4,0,,67,6,2008,1,40.0251,-75.033,1923.0,6,0,0,0,0,1,0,0,0,,0,0,0,19,1,1,1,,0,40 01:37.884,,0,75 02:16.921,8,0,0,0,67301,0,0,0,N,0,0,0,2,67301,0,,1,1,,N,N,,0,,0,0,0,3.0,2,,1920,1,3,0,0,1,1,1,3,4,0,3,3,,N,,,,,,,,,,,
2008085833,1755,1,0,0,0,0,0,0,0,0,4,0,,67,7,2008,5,39.8986,-75.1803,1741.0,6,0,0,0,0,0,0,0,0,1.0,0,0,0,17,1,2,0,,1,39 53:55.680,1.0,0,75 10:09.840,3,0,0,0,67301,0,0,0,Y,0,0,0,3,68K01,0,,1,1,,N,N,,0,,2,0,1,0.0,0,N,1736,2,2,0,0,1,0,0,3,4,0,2,3,,N,,,,,,,,,,,
2008087972,2211,1,0,0,1,0,0,0,0,0,1,0,,67,6,2008,2,39.9739,-75.2064,2207.0,6,0,0,0,0,0,0,0,0,,0,0,0,22,3,1,1,,0,39 58:26.145,,0,75 12:23.121,3,0,0,0,67301,1,0,0,N,0,0,0,2,67301,0,,1,1,,N,N,,0,,1,0,0,9.0,2,,2200,1,2,0,0,0,0,0,3,4,0,1,3,,N,,,,,,,,,,,
2008087982,30,1,0,0,0,0,0,0,0,0,1,0,,67,6,2008,7,40.0497,-74.9881,30.0,6,0,0,0,0,0,0,0,0,,0,0,0,0,3,2,1,,0,40 02:58.810,,0,74 59:17.431,4,0,0,0,67301,0,0,0,N,0,0,0,2,67301,2,,1,1,,N,N,,0,,0,0,1,3.0,2,,24,2,2,0,0,0,0,0,3,4,0,2,3,,N,,,,,,,,,,,
2008083211,1548,0,0,0,0,0,0,0,0,0,4,0,,67,4,2008,5,39.9673,-75.2112,1547.0,6,0,0,0,0,0,1,0,0,,0,0,0,15,1,0,1,,0,39 58:02.348,,0,75 12:40.193,0,0,0,0,67301,0,0,0,N,0,0,0,2,67301,0,,1,1,,N,Y,,0,,0,0,2,3.0,2,,1547,0,2,0,0,0,0,0,3,4,0,2,3,,N,,,,,,,,,,,
2008087862,610,0,0,0,0,0,0,0,0,0,7,0,,67,6,2008,5,39.9863,-75.1318,605.0,6,0,0,0,0,0,0,0,0,,0,0,0,6,1,1,3,,0,39 59:10.777,,0,75 07:54.659,4,0,0,0,67301,0,0,0,N,0,0,0,1,67301,1,,4,1,,N,N,,1,,0,0,0,0.0,0,,605,1,1,0,0,0,0,0,3,4,0,1,3,,N,,,,,,,,,,,
2008087869,905,0,0,0,0,0,0,2,0,0,4,2,,67,6,2008,5,40.0545,-75.0908,901.0,6,0,0,0,0,0,1,0,0,,0,0,0,9,1,1,2,,0,40 03:16.302,,0,75 05:26.794,4,0,0,0,67301,0,0,0,,0,0,0,18,67301,1,,1,1,,Y,N,,0,,0,0,0,3.0,3,,900,1,2,0,0,0,0,17,3,4,0,2,3,,N,,,,,,,,,,,
2008095578,1605,1,0,0,0,0,0,0,0,0,5,0,,67,7,2008,3,40.039,-75.2303,1600.0,6,0,0,0,0,0,1,0,0,,0,0,0,15,1,1,0,,0,40 02:20.576,,0,75 13:48.979,4,0,0,0,67301,0,0,0,N,0,0,0,2,67301,1,,1,1,,N,N,,0,,0,0,1,0.0,0,,1555,1,2,0,0,0,0,0,3,4,0,2,3,,N,,,,,,,,,,,
2008098198,1205,1,0,0,0,0,0,0,0,0,7,0,,67,7,2008,4,39.9687,-75.1345,1200.0,6,0,0,0,0,0,0,0,0,,0,0,0,12,1,0,0,,0,39 58:07.381,,0,75 08:04.041,0,0,0,0,67301,0,0,0,N,0,0,0,1,67301,0,,3,9,,N,N,,0,,0,0,0,0.0,0,,1200,0,1,0,0,0,0,0,3,4,0,1,7,,N,,,,,,,,,,,
2008098241,9999,2,0,0,0,0,0,0,0,0,1,0,,67,6,2008,1,39.9612,-75.1826,2143.0,6,0,0,0,0,0,1,0,0,,0,0,0,21,3,1,6,,0,40 00:36.360,,2,75 12:27.000,8,0,0,0,67301,0,0,0,N,0,0,0,3,67301,0,,7,9,,N,N,,0,,0,0,0,3.0,4,,2143,1,2,0,0,0,1,0,3,4,0,2,3,,N,,,,,,,,,,,
2008098274,909,1,0,0,0,0,0,0,0,0,8,0,,67,7,2008,3,39.9375,-75.1517,900.0,6,0,0,0,0,0,0,0,0,,0,0,0,9,1,1,0,,0,39 56:15.140,,0,75 09:06.102,4,0,0,0,67301,1,0,0,N,1,0,0,2,67301,1,,1,1,,N,,,0,,0,0,0,0.0,0,,900,1,2,0,0,0,0,0,3,4,0,1,3,,N,,,,,,,,,,,
2008098356,1734,1,0,0,0,0,0,0,0,0,8,0,,67,7,2008,1,40.0143,-75.0906,1732.0,6,0,0,0,0,0,0,0,0,,0,0,0,99,1,1,0,,0,40 00:51.620,,0,75 05:26.163,8,0,0,0,67301,1,0,0,N,1,0,0,2,67301,0,,1,1,,N,N,,0,,0,0,0,0.0,0,,9999,1,2,0,0,1,1,0,3,4,0,1,3,,N,,,,,,,,,,,
2008089347,240,0,0,0,0,0,0,0,0,0,7,0,,67,6,2008,2,40.0421,-75.1128,9999.0,6,0,0,0,0,0,0,0,0,,0,0,0,2,3,0,0,,0,40 02:31.690,,3,75 06:46.050,9,0,0,0,67301,0,0,0,N,0,0,0,1,67301,0,,2,1,,N,N,,0,,0,0,1,0.0,0,,235,0,1,0,0,0,0,1,3,4,0,1,3,,N,,,,,,,,,,,
2008096927,805,1,0,0,0,0,0,0,0,0,4,0,,67,6,2008,5,40.0544,-75.194,805.0,6,0,0,0,0,0,0,0,0,,0,0,0,8,1,1,1,,0,40 03:15.840,,0,75 11:38.400,8,0,0,0,67301,0,0,0,N,0,0,0,2,67301,0,,1,1,,N,N,,0,,0,0,1,3.0,2,,800,1,2,0,0,0,1,0,3,4,0,2,3,,N,,,,,,,,,,,
2008107909,845,1,0,0,0,0,0,0,0,0,2,0,,67,5,2008,5,39.9469,-75.2126,840.0,6,0,0,0,0,0,0,0,0,,0,0,0,8,1,1,0,,0,39 56:48.857,,0,75 12:45.557,4,0,0,0,67301,0,0,0,N,0,0,0,6,67301,1,,1,1,,N,N,,0,,0,0,0,0.0,0,,836,1,2,0,0,0,0,0,3,4,0,2,3,,N,,,,,,,,,,,
2008107983,1459,0,0,0,0,0,0,0,0,0,8,0,,67,8,2008,5,39.9292,-75.1584,1455.0,6,0,0,0,0,0,0,0,0,,0,0,0,14,1,1,1,,0,39 55:45.040,,0,75 09:30.207,4,0,0,0,67301,1,0,0,N,1,0,0,2,67301,1,,1,1,,N,N,,0,,0,0,0,3.0,3,,1454,1,2,0,0,0,0,1,3,4,0,1,3,,N,,,,,,,,,,,
2008071004,44,1,0,0,0,0,0,0,0,0,1,0,,67,4,2008,5,40.0416,-75.2381,44.0,6,0,0,0,0,0,0,0,0,,0,0,0,0,3,2,0,,0,40 02:29.709,,0,75 14:17.106,4,0,0,0,67301,0,0,0,,0,0,0,2,67301,2,,6,1,,,,,0,,0,0,1,0.0,0,,42,2,2,0,0,2,0,0,3,4,0,2,3,,N,,,,,,,,,,,
2008073498,820,2,0,0,0,0,0,0,0,0,1,0,,67,4,2008,2,40.0556,-75.062,816.0,6,0,0,0,0,0,1,1,0,,0,0,0,8,1,0,1,,0,40 03:20.019,,0,75 03:43.347,0,0,0,0,67301,0,0,0,N,0,0,0,2,67301,0,,1,1,,N,N,,0,,0,0,0,0.0,0,,812,0,2,0,0,0,0,0,3,4,0,2,3,,N,,,,,,,,,,,
2008116132,439,1,0,0,0,0,0,0,0,0,5,0,45.0,67,10,2008,5,39.9685,-75.1291,438.0,6,0,0,0,0,0,0,0,0,2.0,0,0,0,4,3,1,0,,1,39 58:04.171,2.0,0,75 07:53.131,4,0,0,0,67301,0,0,0,N,0,0,0,2,68K01,1,,1,1,,N,N,,0,,0,0,1,4.0,7,N,430,1,2,0,0,0,0,0,3,4,0,2,3,,Y,2.0,2.0,Y,N,N,Y,Y,N,N,N,
2008122835,1542,1,0,0,0,0,0,0,0,0,1,0,,67,9,2008,1,39.9063,-75.1356,1540.0,6,0,0,0,0,0,1,0,0,1.0,0,0,0,15,1,0,0,,1,39 54:22.595,3.0,0,75 08:07.981,0,0,0,0,67301,0,0,0,N,0,0,0,9,67501,0,,1,1,,N,N,,0,,0,0,3,3.0,8,N,1540,0,4,0,0,0,0,0,3,4,0,4,3,,N,,,,,,,,,,,