CRN,ARRIVAL_TM,AUTOMOBILE_COUNT,BELTED_DEATH_COUNT,BELTED_SUSP_SERIOUS_INJ_COUNT,BICYCLE_COUNT,BICYCLE_DEATH_COUNT,BICYCLE_SUSP_SERIOUS_INJ_COUNT,BUS_COUNT,CHLDPAS_DEATH_COUNT,CHLDPAS_SUSP_SERIOUS_INJ_COUNT,COLLISION_TYPE,COMM_VEH_COUNT,CONS_ZONE_SPD_LIM,COUNTY,CRASH_MONTH,CRASH_YEAR,DAY_OF_WEEK,DEC_LAT,DEC_LONG,DISPATCH_TM,DISTRICT,DRIVER_COUNT_16YR,DRIVER_COUNT_17YR,DRIVER_COUNT_18YR,DRIVER_COUNT_19YR,DRIVER_COUNT_20YR,DRIVER_COUNT_50_64YR,DRIVER_COUNT_65_74YR,DRIVER_COUNT_75PLUS,EST_HRS_CLOSED,FATAL_COUNT,HEAVY_TRUCK_COUNT,HORSE_BUGGY_COUNT,HOUR_OF_DAY,ILLUMINATION,INJURY_COUNT,INTERSECT_TYPE,INTERSECTION_RELATED,LANE_CLOSED,LATITUDE,LN_CLOSE_DIR,LOCATION_TYPE,LONGITUDE,MAX_SEVERITY_LEVEL,MCYCLE_DEATH_COUNT,MCYCLE_SUSP_SERIOUS_INJ_COUNT,MOTORCYCLE_COUNT,MUNICIPALITY,NONMOTR_COUNT,NONMOTR_DEATH_COUNT,NONMOTR_SUSP_SERIOUS_INJ_COUNT,NTFY_HIWY_MAINT,PED_COUNT,PED_DEATH_COUNT,PED_SUSP_SERIOUS_INJ_COUNT,PERSON_COUNT,POLICE_AGCY,POSSIBLE_INJ_COUNT,RDWY_SURF_TYPE_CD,RELATION_TO_ROAD,ROAD_CONDITION,ROADWAY_CLEARED,SCH_BUS_IND,SCH_ZONE_IND,SECONDARY_CRASH,SMALL_TRUCK_COUNT,SPEC_JURIS_CD,SUSP_MINOR_INJ_COUNT,SUSP_SERIOUS_INJ_COUNT,SUV_COUNT,TCD_FUNC_CD,TCD_TYPE,TFC_DETOUR_IND,TIME_OF_DAY,TOT_INJ_COUNT,TOTAL_UNITS,UNB_DEATH_COUNT,UNB_SUSP_SERIOUS_INJ_COUNT,UNBELTED_OCC_COUNT,UNK_INJ_DEG_COUNT,UNK_INJ_PER_COUNT,URBAN_AREA,URBAN_RURAL,VAN_COUNT,VEHICLE_COUNT,WEATHER1,WEATHER2,WORK_ZONE_IND,WORK_ZONE_LOC,WORK_ZONE_TYPE,WORKERS_PRES,WZ_CLOSE_DETOUR,WZ_FLAGGER,WZ_LAW_OFFCR_IND,WZ_LN_CLOSURE,WZ_MOVING,WZ_OTHER,WZ_SHLDER_MDN,WZ_WORKERS_INJ_KILLED
2008120822,535,0,0,0,0,0,0,0,0,0,8,0,,67,10,2008,6,39.9231,-75.1596,532.0,6,0,0,0,0,0,0,0,0,,0,0,0,5,3,1,1,,0,39 55:23.140,,0,75 09:35.010,4,0,0,0,67301,1,0,0,N,1,0,0,2,67301,1,,1,1,,N,,,0,,0,0,0,3.0,2,,530,1,2,0,0,0,0,0,3,4,1,1,3,,N,,,,,,,,,,,
2008122860,1620,1,0,0,0,0,0,0,0,0,4,0,,67,9,2008,5,40.0382,-75.1411,1614.0,6,0,0,0,0,0,0,0,0,,0,0,0,99,1,1,1,,0,40 02:17.693,,0,75 08:27.871,4,0,0,0,67301,0,0,0,N,0,0,0,2,67301,1,,1,1,,N,N,,0,,0,0,0,3.0,3,,9999,1,2,0,0,0,0,0,3,4,1,2,3,,N,,,,,,,,,,,
2008119497,1329,1,0,0,0,0,0,0,0,0,4,0,,67,9,2008,6,39.9383,-75.1987,1325.0,6,0,0,0,0,0,0,1,0,,0,0,0,13,1,0,1,,0,39 56:17.010,,0,75 11:55.632,0,0,0,0,67301,0,0,0,N,0,0,0,2,67301,0,,1,1,,N,N,,0,,0,0,1,3.0,2,,1324,0,2,0,0,2,0,0,3,4,0,2,3,,N,,,,,,,,,,,
2009013726,1007,2,0,0,0,0,0,0,0,0,5,0,,67,11,2008,7,40.0278,-75.1142,1005.0,6,0,0,0,0,0,0,0,0,3.0,0,0,0,9,1,3,0,,2,40 01:39.972,5.0,0,75 06:51.192,8,0,0,0,67301,0,0,0,N,0,0,0,4,67301,0,,1,9,,N,N,,0,,0,0,0,0.0,0,Y,929,3,2,0,0,0,3,0,3,4,0,2,7,,N,,,,,,,,,,,
2008118961,131,2,0,0,0,0,0,0,0,0,2,0,,67,9,2008,7,39.9778,-75.2134,125.0,6,0,0,0,0,0,0,1,0,,0,0,0,1,3,1,2,,0,39 58:39.876,,0,75 12:48.193,4,0,0,0,67301,0,0,0,N,0,0,0,3,67301,1,,1,9,,N,N,,0,,0,0,0,3.0,3,,125,1,2,0,0,2,0,1,3,4,0,2,7,,N,,,,,,,,,,,
2008133613,1044,1,0,0,0,0,0,1,0,0,1,1,,67,10,2008,6,40.0355,-75.0675,1040.0,6,0,0,0,0,0,1,0,0,2.0,0,0,0,10,1,1,0,,1,40 02:07.597,1.0,0,75 04:02.968,3,0,0,0,67301,0,0,0,,0,0,0,2,67301,0,,1,1,,,,,0,,1,0,0,0.0,0,N,1038,1,2,0,0,0,0,0,3,4,0,2,3,,N,,,,,,,,,,,
2008133635,843,1,0,0,0,0,0,0,0,0,8,0,,67,10,2008,5,39.9319,-75.161,841.0,6,0,0,0,0,0,1,0,0,,0,0,0,8,1,1,1,,0,39 55:54.717,,0,75 09:39.707,8,0,0,0,67301,1,0,0,N,1,0,0,2,67301,0,,1,1,,N,N,,0,,0,0,0,3.0,2,,841,1,2,0,0,1,1,0,3,4,0,1,3,,N,,,,,,,,,,,
2008118986,2236,1,0,0,0,0,0,0,0,0,4,0,,67,9,2008,4,39.9416,-75.1421,2236.0,6,0,0,0,0,0,1,0,0,,0,0,0,22,3,1,2,,0,39 56:29.656,,2,75 08:32.557,4,0,0,0,67301,0,0,0,N,0,0,0,2,67301,1,,1,1,,N,N,,0,,0,0,0,3.0,2,,2236,1,2,0,0,0,0,0,3,4,1,2,3,,N,,,,,,,,,,,
2008071632,6,1,0,0,1,0,0,0,0,0,1,0,99.0,67,4,2008,6,39.9415,-75.1483,6.0,6,0,0,0,0,0,0,0,0,,0,0,0,0,3,1,0,,0,39 56:29.389,,0,75 08:53.728,8,0,0,0,67301,1,0,0,N,0,0,0,2,67301,0,,1,1,,N,N,,0,,0,0,0,0.0,0,,6,1,2,0,0,0,1,0,3,4,0,1,3,,Y,8.0,8.0,U,,,U,,,,,
2008095678,1842,1,0,0,0,0,0,0,0,0,8,0,,67,7,2008,2,40.0653,-75.151,1839.0,6,0,0,0,0,0,0,0,0,,0,0,0,18,1,1,2,,0,40 03:55.170,,0,75 09:03.423,8,0,0,0,67301,1,0,0,N,1,0,0,2,67301,0,,1,1,,N,N,,0,,0,0,0,3.0,3,,1830,1,2,0,0,0,1,0,3,4,0,1,3,,N,,,,,,,,,,,
2008097854,1257,1,0,0,0,0,0,0,0,0,5,0,,67,7,2008,6,39.9752,-75.1157,1252.0,6,0,0,0,0,0,0,0,0,,0,0,0,12,1,2,2,,0,39 58:31.920,,0,75 06:56.201,8,0,0,1,67301,0,0,0,,0,0,0,3,67301,0,,1,1,,,N,,0,,0,0,0,0.0,0,,1250,2,2,0,0,0,2,0,3,4,0,2,3,,N,,,,,,,,,,,
2008097877,1850,1,0,0,0,0,0,0,0,0,8,0,,67,5,2008,6,39.9879,-75.1812,1845.0,6,0,0,0,0,0,0,0,0,,0,0,0,18,1,1,0,,0,39 59:16.522,,0,75 10:52.474,8,0,0,0,67301,1,0,0,,1,0,0,2,67301,0,,1,1,,,,,0,,0,0,0,3.0,2,,1832,1,2,0,0,0,1,0,3,4,0,1,3,,N,,,,,,,,,,,
2008097890,1827,1,0,0,1,0,0,0,0,0,4,0,,67,6,2008,6,40.0438,-75.1444,1817.0,6,0,0,0,0,0,0,0,0,,0,0,0,99,1,1,2,,0,40 02:37.503,,0,75 08:39.976,3,0,0,0,67301,1,0,0,N,0,0,0,2,67301,0,,1,1,,N,N,,0,,1,0,0,3.0,3,,9999,1,2,0,0,0,0,0,3,4,0,1,3,,N,,,,,,,,,,,
2008097934,1402,1,0,0,0,0,0,0,0,0,8,0,,67,7,2008,5,39.9658,-75.2095,1400.0,6,0,0,0,0,0,0,0,0,,0,0,0,13,1,1,1,,0,39 57:56.728,,0,75 12:34.192,8,0,0,0,67301,1,0,0,N,1,0,0,2,67301,0,,1,1,,N,N,,0,,0,0,0,3.0,3,,1358,1,2,0,0,0,1,0,3,4,0,1,3,,N,,,,,,,,,,,
2008090815,2,0,0,0,0,0,0,0,0,0,7,0,,67,7,2008,6,,,1.0,6,0,0,0,0,0,0,0,0,,0,0,0,0,3,0,0,,0,,,3,,0,0,0,0,67301,0,0,0,N,0,0,0,1,67501,0,,2,1,,N,N,,0,,0,0,1,3.0,8,,1,0,1,0,0,0,0,0,3,3,0,1,3,,N,,,,,,,,,,,
2008083321,1846,2,0,0,0,0,0,0,0,0,4,0,,67,5,2008,1,39.9554,-75.2,1844.0,6,0,0,0,0,0,1,0,0,,0,0,0,18,1,1,1,,0,39 57:19.259,,0,75 11:59.763,4,0,0,0,67301,0,0,0,N,0,0,0,3,67301,1,,1,1,,N,N,,0,,0,0,0,3.0,2,,1844,1,2,0,0,0,0,0,3,4,0,2,3,,N,,,,,,,,,,,
2008095546,1749,1,0,0,0,0,0,0,0,0,7,0,,67,6,2008,5,39.9257,-75.1473,1745.0,6,0,0,0,0,1,0,0,0,2.0,0,0,0,17,1,0,0,,1,39 55:34.958,2.0,2,75 08:49.558,0,0,0,0,67301,0,0,0,N,0,0,0,1,67301,0,,2,1,,N,N,,0,,0,0,0,0.0,0,N,1740,0,1,0,0,0,0,0,3,4,0,1,3,,N,,,,,,,,,,,
2008095550,1650,1,0,0,1,0,0,0,0,0,4,0,,67,6,2008,1,39.9255,-75.156,1646.0,6,0,0,0,0,0,0,0,0,,0,0,0,16,1,1,1,,0,39 55:31.958,,0,75 09:21.628,3,0,0,0,67301,1,0,0,,0,0,0,2,67301,0,,1,1,,N,N,,0,,1,0,0,3.0,3,,1645,1,2,0,0,0,0,0,3,4,0,1,3,,N,,,,,,,,,,,
2008088190,830,1,0,0,0,0,0,0,0,0,4,0,,67,6,2008,7,40.0441,-75.2064,826.0,6,0,0,0,0,0,0,0,1,,0,0,0,8,1,0,0,,0,40 02:38.778,,7,75 12:23.011,0,0,0,0,67301,0,0,0,N,0,0,0,1,67301,0,,5,98,,N,N,,1,,0,0,0,0.0,0,,817,0,2,0,0,0,0,0,3,4,0,2,3,,N,,,,,,,,,,,
2008088214,11,2,0,0,0,0,0,0,0,0,6,0,,67,6,2008,2,40.0364,-75.1306,9.0,6,0,0,0,0,0,0,1,0,1.0,0,0,0,0,3,7,1,,1,40 02:11.187,2.0,0,75 07:50.102,8,0,0,0,67301,0,0,0,N,0,0,0,8,67301,0,,1,1,,N,N,,0,,0,0,0,3.0,9,N,9,7,2,0,0,1,7,0,3,4,0,2,3,,N,,,,,,,,,,,
2008088282,9999,1,0,0,0,0,0,0,0,0,8,0,,67,6,2008,3,40.0343,-75.0898,2322.0,6,0,0,0,0,0,0,0,0,,0,0,0,23,3,1,2,,0,40 02:03.375,,0,75 05:23.373,4,0,0,0,67301,1,0,0,,1,0,0,2,67301,1,,1,9,,,,,0,,0,0,0,0.0,0,,2322,1,2,0,0,1,0,0,3,4,0,1,7,,N,,,,,,,,,,,
2008080281,2330,1,0,0,0,0,0,0,0,0,7,0,,67,5,2008,1,39.9558,-75.1669,2315.0,6,0,0,0,0,0,0,0,0,,0,0,0,23,3,0,0,,0,39 57:20.963,,0,75 10:00.801,0,0,0,0,67301,0,0,0,N,0,0,0,1,67301,0,,2,1,,N,N,,0,,0,0,1,0.0,0,,2310,0,2,0,0,0,0,0,3,4,0,2,3,,N,,,,,,,,,,,
2008087975,1840,2,0,0,0,0,0,0,0,0,1,0,,67,6,2008,2,39.9411,-75.1833,1839.0,6,0,0,0,0,0,0,0,0,2.0,0,0,0,18,1,0,0,,2,39 56:28.100,3.0,0,75 10:59.926,0,0,0,0,67301,0,0,0,N,0,0,0,1,67301,0,,6,1,,N,N,,1,,0,0,0,0.0,0,Y,1838,0,4,0,0,0,0,0,3,4,1,4,3,,N,,,,,,,,,,,
2008088093,814,1,0,0,0,0,0,0,0,0,7,0,,67,5,2008,5,40.0104,-75.0981,813.0,6,0,0,0,0,0,0,0,0,,0,0,0,8,1,1,0,,0,40 00:37.539,,0,75 05:52.970,3,0,0,0,67301,0,0,0,N,0,0,0,2,67301,0,,5,1,,N,N,,0,,1,0,0,0.0,0,,808,1,1,0,0,1,0,0,3,4,0,1,3,,N,,,,,,,,,,,
2008075771,1323,0,0,0,0,0,0,0,0,0,1,1,,67,6,2008,4,40.0069,-75.1993,1318.0,6,0,0,0,0,1,2,0,0,1.0,0,1,0,13,1,0,0,,1,40 00:23.732,3.0,0,75 11:55.278,0,0,0,0,67301,0,0,0,N,0,0,0,5,68K01,0,,1,1,,N,N,,0,,0,0,2,0.0,0,N,1315,0,4,0,0,0,0,0,3,4,1,4,3,,N,,,,,,,,,,,
2008087860,1800,0,0,0,0,0,0,0,0,0,8,0,,67,6,2008,3,39.9546,-75.2321,1753.0,6,0,0,0,0,0,0,1,0,,0,0,0,17,1,1,0,,0,39 57:16.570,,0,75 13:55.624,4,0,0,0,67301,1,0,0,N,1,0,0,2,67301,1,,1,1,,N,N,,0,,0,0,1,0.0,0,,1750,1,2,0,0,0,0,0,3,4,0,1,3,,N,,,,,,,,,,,
2008087875,1825,1,0,0,0,0,0,0,0,0,5,0,,67,6,2008,5,40.1273,-75.0217,1816.0,6,0,0,0,0,0,0,0,0,,0,0,0,18,1,0,0,,0,40 07:38.334,,0,75 01:17.961,0,0,0,0,67301,0,0,0,,0,0,0,1,67301,0,,4,1,,N,N,,1,,0,0,0,0.0,0,,1814,0,2,0,0,1,0,0,3,4,0,2,3,,N,,,,,,,,,,,
2008085350,1640,2,0,0,0,0,0,0,0,0,1,0,,67,5,2008,6,39.9114,-75.1927,1632.0,6,0,0,0,0,0,1,0,0,,0,0,0,16,1,1,0,,0,39 54:40.930,,0,75 11:33.667,4,0,0,0,67301,0,0,0,N,0,0,0,4,67301,1,,1,1,,N,N,,0,,0,0,2,0.0,0,,1630,1,4,0,0,0,0,0,3,4,0,4,3,,N,,,,,,,,,,,
2008081004,255,2,0,0,0,0,0,0,0,0,4,0,,67,4,2008,1,39.9482,-75.1644,253.0,6,0,0,1,0,0,0,0,0,,0,0,0,2,3,1,1,,0,39 56:53.500,,0,75 09:51.952,4,0,0,0,67301,0,0,0,N,0,0,0,4,67301,1,,1,9,,N,N,,0,,0,0,0,3.0,2,,250,1,2,0,0,0,0,1,3,4,0,2,7,,N,,,,,,,,,,,
2008091709,1338,1,0,0,0,0,0,0,0,0,0,0,,67,8,2008,2,39.9834,-75.0977,1335.0,6,0,0,0,0,0,0,0,0,,0,0,0,13,1,0,0,,0,39 59:00.607,,0,75 05:51.218,0,0,0,0,67301,0,0,0,N,0,0,0,3,68K01,0,,1,1,,N,N,,0,,0,0,0,3.0,8,,1331,0,2,0,0,0,0,0,3,4,1,2,3,,N,,,,,,,,,,,
2008098382,830,1,0,0,0,0,0,0,0,0,4,0,,67,7,2008,4,40.0072,-75.1234,821.0,6,0,0,0,0,0,0,0,0,,0,0,0,8,1,2,2,,0,40 00:25.920,,0,75 07:24.240,4,0,0,0,67301,0,0,0,N,0,0,0,7,67301,2,,1,1,,N,N,,0,,0,0,1,0.0,0,,810,2,2,0,0,0,0,0,3,4,0,2,3,,N,,,,,,,,,,,
2008086823,2128,1,0,0,0,0,0,0,0,0,7,0,,67,7,2008,7,39.9317,-75.1998,2121.0,6,0,0,0,0,0,0,0,0,1.0,0,0,0,21,3,0,0,,1,39 55:50.880,4.0,0,75 11:56.400,0,0,0,0,67301,0,0,0,N,0,0,0,3,68K01,0,,4,1,,N,N,,0,,0,0,0,0.0,0,N,2117,0,2,0,0,0,0,0,3,4,1,2,3,,N,,,,,,,,,,,
2008081474,150,2,0,0,0,0,0,0,0,0,4,0,,67,5,2008,7,39.9859,-75.2319,150.0,6,0,1,0,0,0,0,0,0,,0,0,0,1,3,1,1,,0,39 59:09.189,,0,75 13:54.821,8,0,0,0,67301,0,0,0,,0,0,0,6,67301,0,,1,1,,N,N,,0,,0,0,0,3.0,2,,148,1,2,0,0,0,1,5,3,4,0,2,3,,N,,,,,,,,,,,
2008070697,2216,1,0,0,1,0,0,0,0,0,4,0,,67,4,2008,6,40.0312,-75.1617,2213.0,6,0,0,0,0,1,0,0,0,,0,0,0,22,3,2,2,,0,40 01:52.384,,0,75 09:42.242,3,0,0,0,67301,2,0,0,N,0,0,0,3,67301,1,,1,9,,N,N,,0,,1,0,0,0.0,0,,2210,2,2,0,0,0,0,0,3,4,0,1,7,,N,,,,,,,,,,,
2008073494,1223,0,0,0,0,0,0,1,0,0,5,1,,67,4,2008,7,40.0085,-75.1945,1220.0,6,0,0,0,0,0,0,0,0,,0,0,0,12,1,1,0,,0,40 00:30.771,,0,75 11:40.110,4,0,0,0,67301,0,0,0,N,0,0,0,2,67301,1,,4,1,,N,N,,0,,0,0,0,0.0,0,,1215,1,2,0,0,0,0,0,3,4,1,2,3,,N,,,,,,,,,,,
2008127357,549,1,0,0,0,0,0,0,0,0,7,0,,67,10,2008,7,39.9815,-75.2072,549.0,6,0,0,0,0,0,0,0,0,1.0,0,0,0,5,2,0,0,,2,39 58:56.990,3.0,0,75 12:28.301,0,0,0,0,67301,0,0,0,N,0,0,0,1,68K01,0,,5,9,,N,N,,0,,0,0,0,0.0,0,N,548,0,1,0,0,0,0,0,3,4,0,1,7,,N,,,,,,,,,,,
2008115609,2133,2,0,0,0,0,0,0,0,0,4,0,,67,10,2008,6,40.0086,-75.2108,2132.0,6,0,0,0,1,0,0,0,0,1.0,0,0,0,21,3,3,1,,1,40 00:30.523,2.0,0,75 12:40.024,4,0,0,0,67301,0,0,0,N,0,0,0,4,46104,1,,1,1,,N,N,,0,,0,0,0,3.0,8,Y,2130,3,2,0,0,0,2,0,3,4,0,2,3,,N,,,,,,,,,,,
2008113475,57,1,0,0,0,0,0,0,0,0,7,0,,67,10,2008,7,39.892,-75.2362,52.0,6,0,0,0,0,0,0,0,0,,0,0,0,0,3,1,0,,0,39 53:31.200,,0,75 14:09.960,3,0,0,0,67301,0,0,0,N,0,0,0,1,68K01,0,,2,1,,N,N,,0,,1,0,0,0.0,0,,50,1,1,0,0,0,0,0,3,4,0,1,3,,N,,,,,,,,,,,
2008123006,644,2,0,0,0,0,0,0,0,0,1,0,,67,10,2008,4,39.9061,-75.134,644.0,6,0,0,0,0,0,0,0,0,,0,0,0,6,5,1,0,,0,39 54:21.881,,3,75 08:02.543,8,0,0,0,67301,0,0,0,N,0,0,0,3,67301,0,,1,1,,N,N,,0,,0,0,0,3.0,8,,644,1,2,0,0,0,1,0,3,4,0,2,3,,N,,,,,,,,,,,
2008119476,1759,2,0,0,0,0,0,0,0,0,5,0,,67,9,2008,7,39.9254,-75.1701,1757.0,6,0,0,0,0,0,0,0,0,,0,0,0,17,1,0,0,,0,39 55:31.556,,0,75 10:12.259,0,0,0,0,67301,0,0,0,N,0,0,0,3,67301,0,,1,1,,N,N,,0,,0,0,0,0.0,0,,1755,0,2,0,0,0,0,0,3,4,0,2,3,,N,,,,,,,,,,,
2008119499,1700,1,0,0,0,0,0,0,0,0,1,0,,67,9,2008,6,40.071,-75.0383,1652.0,6,0,0,0,0,1,0,0,0,1.0,0,0,0,16,1,1,0,,1,40 04:15.502,2.0,0,75 02:17.913,3,0,0,1,67301,0,0,0,N,0,0,0,2,67301,0,,1,1,,N,N,,0,,1,0,0,0.0,0,N,1650,1,2,0,0,0,0,0,3,4,0,2,3,,N,,,,,,,,,,,
2008120618,1715,1,0,0,0,0,0,0,0,0,4,0,,67,9,2008,3,39.9867,-75.2076,1711.0,6,0,0,0,0,0,1,0,0,,0,0,0,17,1,1,1,,0,39 59:12.209,,0,75 12:27.247,4,0,0,0,67301,0,0,0,,0,0,0,4,67301,1,,1,1,,,,,0,,0,0,1,1.0,3,,1710,1,2,0,0,0,0,0,3,4,0,2,3,,N,,,,,,,,,,,
2008127232,110,1,0,0,0,0,0,0,0,0,7,0,,67,10,2008,6,39.9219,-75.1905,110.0,6,0,0,0,0,0,0,0,0,,0,0,0,1,3,1,1,,0,39 55:17.973,,0,75 11:24.680,4,0,0,0,67301,0,0,0,N,0,0,0,1,68K01,1,,3,1,,N,N,,0,,0,0,0,0.0,0,,110,1,1,0,0,0,0,0,3,4,0,1,3,,N,,,,,,,,,,,
2009013686,940,1,0,0,0,0,0,0,0,0,4,0,,67,2,2008,3,39.9704,-75.149,934.0,6,0,0,0,0,0,1,0,0,,0,0,0,9,1,0,1,,0,39 58:13.902,,0,75 08:56.137,9,0,0,0,67301,0,0,0,N,0,0,0,5,67301,0,,1,1,,N,N,,0,,0,0,0,0.0,0,,930,0,2,0,0,0,0,4,3,4,0,2,3,,N,,,,,,,,,,,
2009013732,553,3,0,0,0,0,0,0,0,0,1,0,,67,11,2008,1,40.0444,-75.1435,552.0,6,0,0,0,0,0,0,0,0,1.0,0,0,0,5,3,0,1,,1,40 02:39.900,1.0,0,75 08:36.426,0,0,0,0,67301,0,0,0,N,0,0,0,3,67301,0,,1,9,,N,N,,0,,0,0,0,3.0,2,N,536,0,3,0,0,0,0,0,3,4,0,3,7,,N,,,,,,,,,,,
2009052314,315,2,0,0,0,0,0,0,0,0,1,0,,67,12,2008,7,40.0139,-75.0593,312.0,6,0,0,0,0,0,0,0,0,,0,0,0,2,3,0,0,,0,40 00:49.885,,0,75 03:33.469,0,0,0,0,67301,0,0,0,N,0,0,0,1,67301,0,,1,1,,N,N,,1,,0,0,0,0.0,0,,215,0,3,0,0,0,0,0,3,4,0,3,3,,N,,,,,,,,,,,
2009005452,601,1,0,0,0,0,0,0,0,0,7,0,,67,12,2008,5,39.9987,-75.1957,556.0,6,0,0,0,0,0,1,0,0,1.0,0,0,0,5,3,0,0,,1,39 59:55.708,3.0,0,75 11:44.340,9,0,0,0,67301,0,0,0,N,0,0,0,1,68K01,0,,2,1,,N,N,,0,,0,0,0,0.0,0,N,554,0,1,0,0,0,0,1,3,4,0,1,3,,N,,,,,,,,,,,
2009005463,656,0,0,0,0,0,0,0,0,0,7,0,,67,12,2008,1,39.9576,-75.1483,649.0,6,0,0,0,0,0,1,0,0,,0,0,0,6,3,0,0,,0,39 57:27.184,,0,75 08:52.636,0,0,0,0,67301,0,0,0,N,0,0,0,1,68K01,0,,2,1,,N,N,,0,,0,0,0,0.0,0,,647,0,1,0,0,0,0,0,3,4,1,1,3,,N,,,,,,,,,,,
2008098017,1540,2,0,0,0,0,0,0,0,0,4,0,,67,7,2008,7,39.9038,-75.1612,1534.0,6,0,0,0,0,0,0,0,0,,0,0,0,15,1,1,0,,0,39 54:13.724,,0,75 09:40.381,4,0,0,0,67301,0,0,0,N,0,0,0,2,67301,1,,1,1,,N,N,,0,,0,0,0,0.0,0,,1520,1,2,0,0,1,0,0,3,4,0,2,3,,N,,,,,,,,,,,
2008098235,2103,1,0,0,0,0,0,0,0,0,2,0,,67,7,2008,2,39.9249,-75.2234,2059.0,6,0,0,0,0,0,0,0,0,,0,0,0,20,3,1,1,,0,39 55:29.812,,0,75 13:24.391,4,0,0,1,67301,0,0,0,N,0,0,0,2,67301,1,,1,1,,N,N,,0,,0,0,0,3.0,2,,2055,1,2,0,0,0,0,0,3,4,0,2,3,,N,,,,,,,,,,,
2008095918,1425,0,0,0,1,0,0,0,0,0,4,0,,67,6,2008,6,39.9176,-75.1766,1418.0,6,0,0,0,0,0,0,0,0,,0,0,0,14,1,1,0,,0,39 55:03.222,,0,75 10:35.849,8,0,0,0,67301,1,0,0,N,0,0,0,2,67301,0,,1,1,,N,N,,0,,0,0,0,0.0,0,,1418,1,2,0,0,0,1,0,3,4,1,1,3,,N,,,,,,,,,,,
2008081486,9999,2,0,0,0,0,0,0,0,0,4,0,,67,5,2008,1,40.0375,-75.2102,2239.0,6,0,0,0,0,0,1,0,0,3.0,0,0,0,22,3,2,0,,2,40 02:15.017,2.0,0,75 12:36.803,8,0,0,0,67301,0,0,0,N,0,0,0,3,67301,0,,1,1,,N,N,,0,,0,0,0,0.0,0,Y,2235,2,2,0,0,0,2,1,3,4,0,2,3,,N,,,,,,,,,,,
2008107619,1443,1,0,0,0,0,0,0,0,0,1,1,,67,9,2008,6,40.0062,-75.216,1440.0,6,0,0,0,0,0,0,0,0,,0,1,0,14,1,1,0,,0,40 00:22.200,,0,75 12:57.699,4,0,0,0,67301,0,0,0,N,0,0,0,4,46104,1,,1,1,,N,N,,1,,0,0,0,0.0,0,,1440,1,3,0,0,0,0,0,3,4,0,3,3,,N,,,,,,,,,,,
2008070795,631,0,0,0,0,0,0,0,0,0,7,0,,67,4,2008,1,40.0028,-75.1625,627.0,6,0,0,0,1,0,0,0,0,,0,0,0,6,1,1,0,,0,40 00:10.194,,0,75 09:44.967,3,0,0,0,67301,0,0,0,,0,0,0,1,67301,0,,5,1,,N,N,,0,,1,0,0,0.0,0,,620,1,1,0,0,0,0,0,3,4,1,1,3,,N,,,,,,,,,,,
2008102301,1110,1,0,0,0,0,0,0,0,0,1,0,,67,9,2008,4,39.9641,-75.1847,1102.0,6,0,0,0,0,0,0,0,0,2.0,0,0,0,11,1,0,0,,1,39 57:50.842,3.0,2,75 11:04.854,0,0,0,0,67301,0,0,0,N,0,0,0,4,68K01,0,,1,1,,N,N,,0,,0,0,1,3.0,2,N,1100,0,3,0,0,0,0,0,3,4,1,3,3,,N,,,,,,,,,,,
2008107984,1202,1,0,0,1,0,0,0,0,0,4,0,,67,7,2008,5,39.9498,-75.1776,1158.0,6,0,0,0,0,0,1,0,0,,0,0,0,99,1,1,1,,0,39 56:59.431,,0,75 10:39.226,4,0,0,0,67301,1,0,0,N,0,0,0,2,67301,1,,1,1,,N,N,,0,,0,0,0,3.0,2,,9999,1,2,0,0,0,0,0,3,4,0,1,3,,N,,,,,,,,,,,
2008073500,230,2,0,0,0,0,0,0,0,0,4,0,,67,4,2008,1,39.9535,-75.14,227.0,6,0,0,0,0,0,0,0,0,2.0,0,0,0,2,3,3,2,,2,39 57:12.636,3.0,0,75 08:24.027,4,0,0,0,67301,0,0,0,,0,0,0,8,67301,3,,1,9,,,,,0,,0,0,0,3.0,2,N,225,3,2,0,0,0,0,0,3,4,0,2,3,,N,,,,,,,,,,,
2008110431,420,0,0,0,0,0,0,0,0,0,8,0,,67,9,2008,7,39.9343,-75.2,411.0,6,0,0,0,0,0,0,0,0,2.0,0,0,0,4,2,1,0,,1,39 56:01.610,3.0,0,75 12:00.182,8,0,0,0,67301,1,0,0,N,1,0,0,2,68K01,0,,1,9,,N,N,,0,,0,0,1,0.0,0,N,410,1,2,0,0,0,1,0,3,4,0,1,7,,N,,,,,,,,,,,
2008127116,2020,1,0,0,0,0,0,0,0,0,4,0,,67,8,2008,5,39.9922,-75.2337,2007.0,6,0,0,0,1,0,0,0,0,,0,0,0,17,1,1,1,,0,39 59:31.862,,0,75 14:01.481,8,0,0,0,67301,0,0,0,N,0,0,0,3,67301,0,,1,1,,N,N,,0,,0,0,1,3.0,2,,1730,1,2,0,0,0,1,1,3,4,0,2,3,,N,,,,,,,,,,,
2008132404,1922,1,0,0,0,0,0,0,0,0,1,0,,67,11,2008,2,39.9615,-75.1818,1918.0,6,0,0,0,0,0,2,0,0,2.0,0,0,0,19,3,1,0,,1,39 57:41.147,3.0,2,75 10:57.593,4,0,0,0,67301,0,0,0,N,0,0,0,2,68K01,1,,1,1,,N,N,,0,,0,0,1,0.0,0,N,1915,1,2,0,0,1,0,0,3,4,0,2,3,,N,,,,,,,,,,,