CRN,ARRIVAL_TM,AUTOMOBILE_COUNT,BELTED_DEATH_COUNT,BELTED_SUSP_SERIOUS_INJ_COUNT,BICYCLE_COUNT,BICYCLE_DEATH_COUNT,BICYCLE_SUSP_SERIOUS_INJ_COUNT,BUS_COUNT,CHLDPAS_DEATH_COUNT,CHLDPAS_SUSP_SERIOUS_INJ_COUNT,COLLISION_TYPE,COMM_VEH_COUNT,CONS_ZONE_SPD_LIM,COUNTY,CRASH_MONTH,CRASH_YEAR,DAY_OF_WEEK,DEC_LAT,DEC_LONG,DISPATCH_TM,DISTRICT,DRIVER_COUNT_16YR,DRIVER_COUNT_17YR,DRIVER_COUNT_18YR,DRIVER_COUNT_19YR,DRIVER_COUNT_20YR,DRIVER_COUNT_50_64YR,DRIVER_COUNT_65_74YR,DRIVER_COUNT_75PLUS,EST_HRS_CLOSED,FATAL_COUNT,HEAVY_TRUCK_COUNT,HORSE_BUGGY_COUNT,HOUR_OF_DAY,ILLUMINATION,INJURY_COUNT,INTERSECT_TYPE,INTERSECTION_RELATED,LANE_CLOSED,LATITUDE,LN_CLOSE_DIR,LOCATION_TYPE,LONGITUDE,MAX_SEVERITY_LEVEL,MCYCLE_DEATH_COUNT,MCYCLE_SUSP_SERIOUS_INJ_COUNT,MOTORCYCLE_COUNT,MUNICIPALITY,NONMOTR_COUNT,NONMOTR_DEATH_COUNT,NONMOTR_SUSP_SERIOUS_INJ_COUNT,NTFY_HIWY_MAINT,PED_COUNT,PED_DEATH_COUNT,PED_SUSP_SERIOUS_INJ_COUNT,PERSON_COUNT,POLICE_AGCY,POSSIBLE_INJ_COUNT,RDWY_SURF_TYPE_CD,RELATION_TO_ROAD,ROAD_CONDITION,ROADWAY_CLEARED,SCH_BUS_IND,SCH_ZONE_IND,SECONDARY_CRASH,SMALL_TRUCK_COUNT,SPEC_JURIS_CD,SUSP_MINOR_INJ_COUNT,SUSP_SERIOUS_INJ_COUNT,SUV_COUNT,TCD_FUNC_CD,TCD_TYPE,TFC_DETOUR_IND,TIME_OF_DAY,TOT_INJ_COUNT,TOTAL_UNITS,UNB_DEATH_COUNT,UNB_SUSP_SERIOUS_INJ_COUNT,UNBELTED_OCC_COUNT,UNK_INJ_DEG_COUNT,UNK_INJ_PER_COUNT,URBAN_AREA,URBAN_RURAL,VAN_COUNT,VEHICLE_COUNT,WEATHER1,WEATHER2,WORK_ZONE_IND,WORK_ZONE_LOC,WORK_ZONE_TYPE,WORKERS_PRES,WZ_CLOSE_DETOUR,WZ_FLAGGER,WZ_LAW_OFFCR_IND,WZ_LN_CLOSURE,WZ_MOVING,WZ_OTHER,WZ_SHLDER_MDN,WZ_WORKERS_INJ_KILLED
2008132406,2028,1,0,0,0,0,0,0,0,0,1,0,45.0,67,11,2008,3,39.9676,-75.1313,2017.0,6,0,0,0,0,0,2,0,0,6.0,0,0,0,20,3,0,0,,1,39 58:04.409,1.0,0,75 07:50.169,0,0,0,0,67301,0,0,0,N,0,0,0,2,68K02,0,,1,1,,N,N,,0,,0,0,0,0.0,0,N,2012,0,2,0,0,0,0,0,3,4,1,2,3,,Y,2.0,1.0,N,N,N,Y,Y,N,N,N,
2008119494,2218,1,0,0,0,0,0,0,0,0,4,0,,67,7,2008,2,40.0163,-75.0618,2215.0,6,0,0,0,1,0,0,0,0,9.0,0,0,0,22,3,1,1,,2,40 00:58.661,7.0,0,75 03:42.821,3,0,0,1,67301,0,0,0,N,0,0,0,3,67301,0,,1,1,,N,N,,0,,1,0,0,3.0,2,Y,2213,1,2,0,0,0,0,0,3,4,0,2,3,,N,,,,,,,,,,,
2008119496,9999,1,0,0,1,0,0,0,0,0,4,0,,67,9,2008,7,39.9309,-75.1749,1915.0,6,0,0,1,0,0,0,0,0,,0,0,0,19,3,1,2,,0,39 55:51.164,,0,75 10:29.488,4,0,0,0,67301,1,0,0,N,0,0,0,2,67301,1,,1,1,,N,N,,0,,0,0,0,0.0,0,,1920,1,2,0,0,0,0,0,3,4,0,1,3,,N,,,,,,,,,,,
2008110573,854,2,0,0,0,0,0,0,0,0,1,0,,67,10,2008,3,39.9485,-75.1856,834.0,6,0,0,0,0,0,0,0,0,2.0,0,0,0,8,1,2,6,,1,39 56:57.650,4.0,2,75 11:03.880,4,0,0,0,67301,0,0,0,N,0,0,0,3,68K01,2,,1,1,,N,N,,1,,0,0,0,0.0,0,N,830,2,3,0,0,0,0,0,3,4,0,3,3,,N,,,,,,,,,,,
2009013727,1235,1,0,0,0,0,0,0,0,0,4,0,,67,12,2008,7,40.0497,-75.1473,1230.0,6,0,0,0,0,0,0,0,2,,0,0,0,12,1,3,2,,0,40 02:58.794,,0,75 08:50.344,4,0,0,0,67301,0,0,0,N,0,0,0,4,67301,2,,1,1,,N,N,,0,,0,0,0,0.0,0,,1225,3,2,0,0,0,1,0,3,4,1,2,3,,N,,,,,,,,,,,
2009013841,2050,0,0,0,0,0,0,0,0,0,8,1,,67,11,2008,1,40.0115,-75.0698,2025.0,6,0,0,0,0,0,0,0,0,9.0,0,1,0,20,3,1,1,,1,40 00:41.506,4.0,0,75 04:11.279,8,0,0,0,67301,1,0,0,,1,0,0,2,67301,0,,1,9,,,,,0,,0,0,0,9.0,2,N,2015,1,2,0,0,0,1,0,3,4,0,1,7,,N,,,,,,,,,,,
2009002187,1758,1,0,0,0,0,0,0,0,0,4,0,,67,11,2008,1,39.9916,-75.1358,1752.0,6,0,1,0,0,0,0,0,0,,0,0,0,17,3,1,0,,0,39 59:29.658,,6,75 08:08.969,4,0,0,0,67301,0,0,0,,0,0,0,5,67301,1,,1,1,,N,N,,1,,0,0,0,3.0,2,,1752,1,2,0,0,0,0,0,3,4,0,2,3,,N,,,,,,,,,,,
2009012213,1248,2,0,0,0,0,0,0,0,0,1,0,,67,12,2008,3,40.0567,-75.0608,1248.0,6,0,0,0,0,1,0,0,0,,0,0,0,12,1,1,1,,0,40 03:02.742,,0,75 03:59.241,8,0,0,0,67301,0,0,0,N,0,0,0,2,67301,0,,1,1,,N,N,,0,,0,0,0,3.0,2,,1245,1,2,0,0,0,1,1,3,4,0,2,3,,N,,,,,,,,,,,
2009019765,104,1,0,0,0,0,0,0,0,0,7,0,,67,11,2008,3,40.0155,-75.1296,100.0,6,0,0,0,0,0,0,0,0,,0,0,0,22,3,0,0,,0,40 00:55.935,,0,75 07:46.398,0,0,0,0,67301,0,0,0,,0,0,0,1,67301,0,,3,1,,,,,0,,0,0,0,0.0,0,,2230,0,1,0,0,0,0,0,3,4,0,1,3,,N,,,,,,,,,,,
2009038702,754,1,0,0,0,0,0,1,0,0,4,1,,67,2,2008,1,40.0351,-75.089,744.0,6,0,0,0,0,0,0,0,0,,0,0,0,7,1,1,1,,0,40 02:06.370,,0,75 05:20.295,3,0,0,0,67301,0,0,0,N,0,0,0,5,67301,0,,1,1,,Y,N,,0,,1,0,0,3.0,3,,740,1,2,0,0,0,0,0,3,4,0,2,98,,N,,,,,,,,,,,
2009036392,105,1,0,0,0,0,0,0,0,0,4,0,,67,10,2008,1,39.979,-75.1712,57.0,6,0,0,0,0,0,1,0,0,,0,0,0,0,3,0,1,,0,39 58:44.220,,0,75 10:16.237,0,0,0,0,67301,0,0,0,N,0,0,0,3,67301,0,,1,1,,N,N,,0,,0,0,1,3.0,2,,47,0,2,0,0,0,0,0,3,4,0,2,3,,N,,,,,,,,,,,
2009000534,1843,1,0,0,0,0,0,0,0,0,8,0,,67,10,2008,3,39.9459,-75.2403,1838.0,6,0,0,0,0,0,0,0,0,,0,0,0,18,4,1,2,,0,39 56:45.089,,0,75 14:25.019,4,0,0,0,67301,1,0,0,,1,0,0,2,67301,1,,1,9,,N,,,0,,0,0,0,2.0,2,,1830,1,2,0,0,0,0,0,3,4,0,1,7,,N,,,,,,,,,,,
2009000875,2135,1,0,0,0,0,0,0,0,0,1,0,,67,11,2008,6,40.0201,-75.0418,2130.0,6,0,0,0,0,0,0,0,0,,0,0,0,21,3,2,0,,0,40 01:12.335,,0,75 02:29.478,4,0,0,0,67301,0,0,0,N,0,0,0,3,67301,2,,1,9,,N,N,,0,,0,0,0,0.0,0,,2120,2,2,0,0,0,0,0,3,4,0,2,7,,N,,,,,,,,,,,
2009000971,2130,1,0,0,0,0,0,0,0,0,7,0,,67,11,2008,4,39.994,-75.1302,2128.0,6,0,0,0,0,0,0,0,0,,0,0,0,21,3,0,0,,0,39 59:38.500,,0,75 07:48.799,0,0,0,0,67301,0,0,0,N,0,0,0,1,67301,0,,5,1,,N,N,,0,,0,0,0,0.0,0,,2127,0,1,0,0,0,0,0,3,4,0,1,3,,N,,,,,,,,,,,
2009000983,1800,2,0,0,0,0,0,0,0,0,2,0,,67,11,2008,2,40.0675,-75.0563,1758.0,6,0,0,0,0,0,0,0,0,,0,0,0,17,3,1,1,,0,40 04:03.172,,0,75 03:22.532,4,0,0,0,67301,0,0,0,N,0,0,0,2,67301,1,,1,1,,N,N,,0,,0,0,0,3.0,3,,1758,1,2,0,0,0,0,0,3,4,0,2,3,,N,,,,,,,,,,,
2009000988,938,0,0,0,0,0,0,0,0,0,8,0,,67,10,2008,1,39.9505,-75.2269,935.0,6,0,0,0,0,0,1,0,0,3.0,0,0,0,9,1,1,1,,1,39 57:01.672,2.0,0,75 13:36.676,2,0,0,0,67301,1,0,1,N,1,0,1,2,67301,0,,1,1,,N,N,,0,,0,1,1,0.0,0,Y,932,1,2,0,0,0,0,0,3,4,0,1,3,,N,,,,,,,,,,,
2009015071,310,0,0,0,0,0,0,0,0,0,1,0,,67,11,2008,2,40.0354,-75.1788,305.0,6,0,0,0,0,0,0,0,0,,0,1,0,0,3,4,0,,0,40 02:07.591,,0,75 10:43.654,8,0,0,0,67301,0,0,0,,0,0,0,4,67301,0,,6,1,,N,N,,0,,0,0,1,0.0,0,,10,4,2,0,0,0,4,0,3,4,0,2,3,,N,,,,,,,,,,,
2009011727,2002,2,0,0,0,0,0,0,0,0,4,0,,67,12,2008,1,40.0202,-75.1141,1957.0,6,0,0,0,0,0,0,0,0,9.0,1,0,0,19,3,2,0,,2,40 01:12.720,7.0,0,75 06:50.760,1,0,0,0,67301,0,0,0,N,0,0,0,4,67301,0,2.0,1,1,,N,N,,0,0.0,0,0,2,0.0,0,Y,1957,2,6,0,0,0,2,0,3,4,2,6,3,,N,,,,,,,,,,,
2009013615,405,3,0,0,0,0,0,0,0,0,6,0,,67,11,2008,4,40.0213,-75.2108,400.0,6,0,0,0,0,0,0,0,0,,0,0,0,4,3,0,0,,0,40 01:16.600,,0,75 12:38.761,0,0,0,0,67301,0,0,0,,0,0,0,1,67301,0,,1,1,,,,,0,,0,0,0,0.0,0,,400,0,4,0,0,0,0,0,3,4,1,4,3,,N,,,,,,,,,,,
2009013620,1025,2,0,0,0,0,0,0,0,0,4,0,,67,11,2008,7,40.049,-75.1931,1017.0,6,0,0,0,1,0,0,0,0,,0,0,0,10,1,1,1,,0,40 02:56.510,,0,75 11:35.172,4,0,0,0,67301,0,0,0,N,0,0,0,3,67301,1,,1,1,,N,N,,0,,0,0,0,3.0,2,,1010,1,2,0,0,1,0,0,3,4,0,2,3,,N,,,,,,,,,,,
2009013967,1225,1,0,0,0,0,0,0,0,0,8,0,,67,12,2008,3,39.9647,-75.2048,1222.0,6,0,0,0,0,0,0,1,0,,0,0,0,12,1,1,0,,0,39 57:52.873,,0,75 12:17.294,4,0,0,0,67301,1,0,0,,1,0,0,2,67301,1,,6,1,,,,,0,,0,0,0,0.0,0,,1217,1,2,0,0,0,0,0,3,4,0,1,3,,N,,,,,,,,,,,
2009013394,2051,1,0,0,0,0,0,0,0,0,4,0,,67,12,2008,6,39.9563,-75.2135,2046.0,6,0,0,0,1,0,0,0,0,,0,0,0,19,3,1,1,,0,39 57:22.503,,0,75 12:48.657,4,0,0,0,67301,0,0,0,N,0,0,0,6,67301,1,,1,1,,N,N,,0,,0,0,1,3.0,3,,1957,1,2,0,0,0,0,0,3,4,0,2,3,,N,,,,,,,,,,,
2009013426,1850,2,0,0,0,0,0,0,0,0,4,0,,67,12,2008,4,39.9566,-75.198,1842.0,6,0,0,1,0,0,0,1,0,,0,0,0,18,3,2,1,,0,39 57:24.203,,0,75 11:53.286,3,0,0,0,67301,0,0,0,N,0,0,0,4,67301,1,,1,9,,N,N,,0,,1,0,0,3.0,2,,1842,2,2,0,0,0,0,2,3,4,0,2,7,,N,,,,,,,,,,,
2009013448,1950,2,0,0,0,0,0,0,0,0,2,0,,67,12,2008,6,40.0069,-75.0684,1940.0,6,0,0,0,0,1,1,0,0,,0,0,0,19,3,1,2,,0,40 00:23.760,,0,75 04:05.520,8,0,0,0,67301,0,0,0,N,0,0,0,3,67301,0,,1,1,,N,N,,0,,0,0,0,0.0,0,,1935,1,2,0,0,0,1,1,3,4,0,2,3,,N,,,,,,,,,,,
2009029555,9999,1,0,0,0,0,0,0,0,0,5,0,,67,10,2008,1,,,9999.0,6,0,0,0,0,0,0,0,0,,0,0,0,22,6,1,0,,0,,,0,,8,0,0,0,67301,0,0,0,N,0,0,0,2,00000,0,,1,1,,N,N,,0,,0,0,1,0.0,0,,2200,1,2,0,0,0,1,1,3,3,0,2,3,,N,,,,,,,,,,,
2009024656,2023,2,0,0,0,0,0,0,0,0,4,0,,67,12,2008,6,39.9909,-75.1016,2021.0,6,0,0,0,0,0,0,1,0,,0,0,0,20,3,2,1,,0,39 59:27.381,,0,75 06:05.712,3,0,0,0,67301,0,0,0,N,0,0,0,3,67301,1,,1,9,,,,,0,,1,0,0,3.0,2,,2018,2,2,0,0,0,0,1,3,4,0,2,7,,N,,,,,,,,,,,
2009024667,2030,3,0,0,0,0,0,0,0,0,1,0,,67,12,2008,1,40.0455,-75.1649,2023.0,6,0,0,0,0,0,0,0,0,,0,0,0,20,3,0,1,,0,40 02:43.800,,0,75 09:53.515,0,0,0,0,67301,0,0,0,,0,0,0,5,67301,0,,1,1,,N,N,,0,,0,0,0,3.0,2,,2020,0,3,0,0,0,0,0,3,4,0,3,3,,N,,,,,,,,,,,
2009026898,900,1,0,0,0,0,0,0,0,0,8,0,,67,12,2008,6,40.0376,-75.0502,859.0,6,0,0,0,0,0,0,0,0,,0,0,0,8,1,1,1,,0,40 02:15.298,,0,75 03:00.673,4,0,0,0,67301,1,0,0,N,1,0,0,2,67301,1,,1,9,,N,N,,0,,0,0,0,0.0,0,,825,1,2,0,0,0,0,1,3,4,0,1,9,,N,,,,,,,,,,,
2009024847,405,2,0,0,0,0,0,0,0,0,2,0,,67,12,2008,7,39.9893,-75.1666,403.0,6,0,0,0,1,0,0,0,0,,0,0,0,2,3,1,1,,0,39 59:21.331,,0,75 09:59.817,3,0,0,0,67301,0,0,0,N,0,0,0,2,67301,0,,1,9,,N,N,,0,,1,0,0,3.0,3,,235,1,2,0,0,1,0,0,3,4,0,2,7,,N,,,,,,,,,,,
2009024855,830,1,0,0,0,0,0,0,0,0,8,0,,67,12,2008,6,40.0548,-75.1375,830.0,6,0,0,0,0,0,0,0,0,9.0,0,0,0,8,1,1,0,,2,40 03:17.409,6.0,0,75 08:15.162,8,0,0,0,67301,1,0,0,N,1,0,0,4,67301,0,,1,1,,N,Y,,0,,0,0,0,3.0,1,Y,830,1,2,0,0,0,1,0,3,4,0,1,3,,N,,,,,,,,,,,
2009024865,2355,1,0,0,0,0,0,0,0,0,2,0,,67,12,2008,7,39.9754,-75.19,2346.0,6,0,0,0,0,0,0,0,0,,0,0,0,22,3,0,1,,0,39 58:31.433,,0,75 11:23.825,0,0,0,0,67301,0,0,0,N,0,0,0,2,67301,0,,1,9,,N,N,,0,,0,0,1,3.0,2,,2250,0,2,0,0,0,0,0,3,4,0,2,5,,N,,,,,,,,,,,
2009024887,1328,1,0,0,0,0,0,0,0,0,8,0,,67,12,2008,4,40.0702,-75.0704,1325.0,6,0,0,0,0,0,0,1,0,,0,0,0,13,1,1,1,,0,40 04:12.770,,0,75 04:13.467,8,0,0,0,67301,1,0,0,N,1,0,0,2,67301,0,,1,1,,N,N,,0,,0,0,0,3.0,2,,1315,1,2,0,0,0,1,0,3,4,0,1,3,,N,,,,,,,,,,,
2008119004,1825,1,0,0,0,0,0,0,0,0,8,0,,67,9,2008,2,39.9666,-75.1671,1827.0,6,0,0,0,0,0,0,0,0,,0,0,0,99,1,1,1,,0,39 57:59.655,,0,75 10:01.610,4,0,0,0,67301,1,0,0,N,1,0,0,2,67301,1,,1,1,,N,N,,0,,0,0,0,0.0,0,,9999,1,2,0,0,0,0,0,3,4,0,1,3,,N,,,,,,,,,,,
2008097884,2121,1,0,0,1,0,0,0,0,0,4,0,,67,7,2008,6,39.9458,-75.1748,2119.0,6,0,0,0,0,0,0,0,0,,0,0,0,21,3,1,1,,0,39 56:45.045,,0,75 10:29.351,8,0,0,0,67301,1,0,0,N,0,0,0,2,67301,0,,1,1,,N,N,,0,,0,0,0,3.0,2,,2115,1,2,0,0,0,1,0,3,4,0,1,3,,N,,,,,,,,,,,
2008097920,128,1,0,0,0,0,0,0,0,0,8,0,,67,6,2008,5,40.1244,-75.015,122.0,6,0,0,0,0,0,0,0,0,,0,0,0,13,1,1,2,,0,40 07:27.764,,0,75 00:53.921,4,0,0,0,67301,1,0,0,N,1,0,0,2,67301,1,,1,1,,N,N,,0,,0,0,0,3.0,3,,1300,1,2,0,0,0,0,0,3,4,0,1,3,,N,,,,,,,,,,,
2008097943,2035,0,0,0,0,0,0,0,0,0,8,0,,67,6,2008,7,40.0617,-75.0222,2030.0,6,0,0,0,0,0,1,0,0,,0,0,0,20,3,1,0,,0,40 03:42.062,,0,75 01:19.956,8,0,0,0,67301,1,0,0,N,1,0,0,2,67301,0,,1,9,,N,N,,0,,0,0,0,0.0,0,,2029,1,2,0,0,0,1,0,3,4,1,1,7,,N,,,,,,,,,,,
2008090820,2045,1,0,0,0,0,0,0,0,0,7,0,,67,6,2008,1,39.9064,-75.1362,2045.0,6,0,0,0,0,0,0,0,0,,0,0,0,20,1,1,0,,0,39 54:23.018,,0,75 08:10.452,3,0,0,0,67301,0,0,0,N,0,0,0,1,67501,0,,3,1,,N,N,,0,,1,0,0,0.0,0,,2045,1,1,0,0,1,0,0,3,4,0,1,3,,N,,,,,,,,,,,
2008095461,9999,2,0,0,0,0,0,0,0,0,4,0,,67,7,2008,6,39.914,-75.2216,9999.0,6,0,0,0,0,0,0,0,0,,0,0,0,5,1,1,0,,0,39 54:48.075,,0,75 13:18.397,8,0,0,0,67301,0,0,0,,0,0,0,2,67301,0,,1,1,,,,,0,,0,0,0,0.0,0,,538,1,2,0,0,1,1,0,3,4,0,2,3,,N,,,,,,,,,,,
2008088441,1700,3,0,0,0,0,0,0,0,0,4,0,,67,6,2008,6,40.0346,-75.1161,1554.0,6,0,0,0,0,0,0,0,0,,0,0,0,15,1,2,2,,0,40 02:04.587,,0,75 06:58.107,4,0,0,0,67301,0,0,0,N,0,0,0,3,67301,2,,1,1,,N,N,,0,,0,0,0,0.0,0,,1545,2,3,0,0,0,0,0,3,4,0,3,3,,N,,,,,,,,,,,
2008088172,1754,0,0,0,0,0,0,0,0,0,7,0,,67,6,2008,4,40.0374,-75.1909,1754.0,6,0,0,0,0,0,0,0,0,,0,0,0,17,2,0,1,,0,40 02:14.460,,0,75 11:27.412,0,0,0,0,67301,0,0,0,N,0,0,0,1,67301,0,,4,9,,N,N,,0,,0,0,1,3.0,2,,1753,0,1,0,0,0,0,0,3,4,0,1,7,,N,,,,,,,,,,,
2008088185,1635,1,0,0,0,0,0,0,0,0,1,0,,67,6,2008,5,39.9938,-75.1183,1631.0,6,0,0,0,0,0,0,0,0,,0,0,0,16,1,1,3,,0,39 59:37.726,,0,75 07:05.858,8,0,0,0,67301,0,0,0,N,0,0,0,2,67301,0,,1,1,,N,N,,1,,0,0,0,3.0,2,,1620,1,2,0,0,0,1,0,3,4,0,2,3,,N,,,,,,,,,,,
2008088193,2335,2,0,0,0,0,0,0,0,0,4,0,,67,6,2008,5,39.9786,-75.1795,2326.0,6,0,0,0,0,0,2,0,0,,0,0,0,23,3,5,1,,0,39 58:42.816,,0,75 10:46.124,8,0,0,0,67301,0,0,0,N,0,0,0,8,67301,0,,1,1,,N,N,,0,,0,0,0,3.0,3,,2303,5,2,0,0,0,5,0,3,4,0,2,3,,N,,,,,,,,,,,
2008088256,2000,2,0,0,0,0,0,0,0,0,4,0,,67,5,2008,5,40.0207,-75.1486,1954.0,6,0,0,0,0,0,0,0,0,,0,0,0,19,1,1,2,,0,40 01:14.160,,0,75 08:55.320,8,0,0,0,67301,0,0,0,N,0,0,0,2,67301,0,,1,1,,N,N,,0,,0,0,0,0.0,0,,1935,1,2,0,0,0,1,0,3,4,0,2,3,,N,,,,,,,,,,,
2008080315,1515,2,0,0,0,0,0,0,0,0,1,0,,67,5,2008,2,39.9869,-75.1094,1508.0,6,0,0,0,0,0,0,0,0,,0,0,0,99,1,1,0,,0,39 59:12.819,,0,75 06:33.759,4,0,0,0,67301,0,0,0,,0,0,0,4,67301,1,,6,1,,,,,0,,0,0,1,0.0,0,,9999,1,3,0,0,2,0,0,3,4,0,3,3,,N,,,,,,,,,,,
2008087965,1607,0,0,0,0,0,0,0,0,0,4,0,,67,6,2008,3,39.9731,-75.1484,1603.0,6,0,0,0,0,0,0,0,0,,0,0,0,15,1,1,2,,0,39 58:23.293,,0,75 08:54.175,8,0,0,0,67301,0,0,0,,0,0,0,2,67301,0,,1,1,,,,,0,,0,0,2,3.0,3,,1526,1,2,0,0,0,1,0,3,4,0,2,3,,N,,,,,,,,,,,
2008097589,1718,2,0,0,0,0,0,0,0,0,5,0,,67,7,2008,7,40.0728,-75.0757,1713.0,6,0,0,0,0,1,0,0,0,,0,0,0,17,1,1,0,,0,40 04:21.979,,0,75 04:32.397,8,0,0,1,67301,0,0,0,N,0,0,0,2,67301,0,,1,1,,N,N,,0,,0,0,0,3.0,9,,1700,1,3,0,0,0,1,0,3,4,0,3,3,,N,,,,,,,,,,,
2008097592,1430,1,0,0,0,0,0,0,0,0,1,0,,67,7,2008,7,40.0014,-75.0816,1420.0,6,0,0,0,0,0,1,0,0,,0,0,0,14,1,1,2,,0,40 00:05.039,,0,75 04:53.662,4,0,0,0,67301,0,0,0,N,0,0,0,2,67301,1,,1,1,,N,N,,1,,0,0,0,3.0,2,,1400,1,2,0,0,0,0,0,3,4,0,2,3,,N,,,,,,,,,,,
2008098030,22,1,0,0,0,0,0,0,0,0,8,0,,67,6,2008,1,40.0,-75.1533,19.0,6,0,0,0,0,0,0,0,0,,0,0,0,0,3,1,1,,0,40 00:00.103,,0,75 09:11.759,2,0,0,0,67301,1,0,1,N,1,0,1,2,67301,0,,1,1,,N,N,,0,,0,1,0,3.0,2,,15,1,2,0,0,0,0,0,3,4,0,1,3,,N,,,,,,,,,,,
2008098036,527,1,0,0,0,0,0,0,0,0,4,0,,67,7,2008,4,39.9549,-75.2087,523.0,6,0,0,0,0,0,1,0,0,,0,0,0,5,1,2,1,,0,39 57:17.640,,0,75 12:31.320,8,0,0,0,67301,0,0,0,N,0,0,0,2,67301,0,,1,1,,N,N,,1,,0,0,0,3.0,2,,520,2,2,0,0,0,2,0,3,4,0,2,3,,N,,,,,,,,,,,
2008098229,935,1,0,0,0,0,0,0,0,0,1,0,,67,7,2008,2,39.927,-75.2435,933.0,6,0,0,0,0,0,0,0,0,,0,0,0,8,1,1,1,,0,39 55:37.520,,0,75 14:36.525,8,0,0,0,67301,0,0,0,N,0,0,0,6,67301,0,,1,9,,N,N,,0,,0,0,0,3.0,2,,835,1,2,0,0,0,1,0,3,4,1,2,7,,N,,,,,,,,,,,
2008098230,2007,1,0,0,0,0,0,0,0,0,4,0,,67,7,2008,1,39.9195,-75.243,1956.0,6,0,0,0,0,0,1,0,0,,0,0,0,19,1,5,1,,0,39 55:10.311,,0,75 14:34.799,4,0,0,0,67301,0,0,0,N,0,0,0,9,67301,2,,1,9,,N,N,,0,,0,0,1,3.0,2,,1915,5,2,0,0,0,3,0,3,4,0,2,99,,N,,,,,,,,,,,
2008098298,1603,0,0,0,0,0,0,0,0,0,8,0,,67,6,2008,7,40.0468,-75.0703,1603.0,6,0,0,0,0,0,1,0,0,,0,0,0,15,1,1,1,,0,40 02:27.183,,0,75 04:33.499,4,0,0,0,67301,1,0,0,N,1,0,0,2,67301,1,,1,1,,N,N,,0,,0,0,1,3.0,2,,1557,1,2,0,0,0,0,0,3,4,0,1,3,,N,,,,,,,,,,,
2008075995,1033,0,0,0,0,0,0,0,0,0,1,0,,67,6,2008,5,40.0071,-75.1999,1027.0,6,0,0,0,0,0,0,0,0,2.0,0,0,0,10,1,1,0,,1,40 00:25.520,3.0,0,75 11:59.710,4,0,0,0,67301,0,0,0,N,0,0,0,3,68K01,1,,1,1,,N,N,,0,,0,0,1,0.0,0,N,1022,1,3,0,0,0,0,0,3,4,2,3,3,,N,,,,,,,,,,,
2008095945,1619,0,0,0,0,0,0,0,0,0,5,0,,67,7,2008,3,39.9751,-75.195,1619.0,6,0,0,0,0,0,1,0,0,9.0,0,0,0,16,1,0,3,,1,39 58:30.316,3.0,7,75 11:41.875,0,0,0,0,67301,0,0,0,,0,0,0,4,67301,0,,1,1,,,,,1,,0,0,0,0.0,0,N,1619,0,2,0,0,0,0,0,3,4,1,2,3,,N,,,,,,,,,,,
2008081482,2336,0,0,0,1,0,0,1,0,0,4,1,,67,5,2008,7,40.001,-75.148,2333.0,6,0,0,0,0,0,0,0,0,,0,0,0,23,3,1,1,,0,40 00:03.604,,0,75 08:53.867,8,0,0,0,67301,1,0,0,,0,0,0,2,67301,0,,1,1,,N,N,,0,,0,0,0,0.0,0,,2320,1,2,0,0,0,1,0,3,4,0,1,3,,N,,,,,,,,,,,
2008078960,1558,1,0,0,1,0,0,0,0,0,8,0,,67,4,2008,7,,,1558.0,6,0,0,0,0,0,0,0,0,,0,0,0,15,1,1,3,,0,,,0,,8,0,0,0,67301,1,0,0,N,0,0,0,2,67301,0,,1,1,,N,N,,0,,0,0,0,3.0,2,,1505,1,2,0,0,1,1,0,3,3,0,1,3,,N,,,,,,,,,,,
2008097559,114,2,0,0,0,0,0,0,0,0,4,0,,67,7,2008,2,39.9518,-75.2124,112.0,6,0,0,0,0,0,2,0,0,,0,0,0,1,3,1,1,,0,39 57:06.454,,0,75 12:44.668,8,0,0,0,67301,0,0,0,N,0,0,0,2,67301,0,,1,1,,N,N,,0,,0,0,0,3.0,3,,112,1,2,0,0,0,1,1,3,4,0,2,3,,N,,,,,,,,,,,
2008073507,1535,1,0,0,0,0,0,0,0,0,4,0,,67,4,2008,2,40.0401,-75.0317,1525.0,6,0,0,0,1,0,0,0,0,9.0,0,0,0,15,1,2,2,,1,40 02:21.447,5.0,0,75 02:02.580,8,0,0,0,67301,0,0,0,N,0,0,0,2,67301,0,,1,9,,N,N,,0,,0,0,0,0.0,0,N,1510,2,2,0,0,0,2,0,3,4,1,2,7,,N,,,,,,,,,,,
2008120780,2320,2,0,0,0,0,0,0,0,0,4,0,,67,8,2008,7,40.0566,-75.0132,2310.0,6,0,0,0,0,0,0,0,0,,0,0,0,99,3,2,1,,0,40 03:23.818,,0,75 00:47.354,3,0,0,0,67301,0,0,0,N,0,0,0,2,67301,0,,1,9,,N,N,,0,,2,0,0,3.0,2,,9999,2,2,0,0,0,0,0,3,4,0,2,7,,N,,,,,,,,,,,