CRN,ARRIVAL_TM,AUTOMOBILE_COUNT,BELTED_DEATH_COUNT,BELTED_SUSP_SERIOUS_INJ_COUNT,BICYCLE_COUNT,BICYCLE_DEATH_COUNT,BICYCLE_SUSP_SERIOUS_INJ_COUNT,BUS_COUNT,CHLDPAS_DEATH_COUNT,CHLDPAS_SUSP_SERIOUS_INJ_COUNT,COLLISION_TYPE,COMM_VEH_COUNT,CONS_ZONE_SPD_LIM,COUNTY,CRASH_MONTH,CRASH_YEAR,DAY_OF_WEEK,DEC_LAT,DEC_LONG,DISPATCH_TM,DISTRICT,DRIVER_COUNT_16YR,DRIVER_COUNT_17YR,DRIVER_COUNT_18YR,DRIVER_COUNT_19YR,DRIVER_COUNT_20YR,DRIVER_COUNT_50_64YR,DRIVER_COUNT_65_74YR,DRIVER_COUNT_75PLUS,EST_HRS_CLOSED,FATAL_COUNT,HEAVY_TRUCK_COUNT,HORSE_BUGGY_COUNT,HOUR_OF_DAY,ILLUMINATION,INJURY_COUNT,INTERSECT_TYPE,INTERSECTION_RELATED,LANE_CLOSED,LATITUDE,LN_CLOSE_DIR,LOCATION_TYPE,LONGITUDE,MAX_SEVERITY_LEVEL,MCYCLE_DEATH_COUNT,MCYCLE_SUSP_SERIOUS_INJ_COUNT,MOTORCYCLE_COUNT,MUNICIPALITY,NONMOTR_COUNT,NONMOTR_DEATH_COUNT,NONMOTR_SUSP_SERIOUS_INJ_COUNT,NTFY_HIWY_MAINT,PED_COUNT,PED_DEATH_COUNT,PED_SUSP_SERIOUS_INJ_COUNT,PERSON_COUNT,POLICE_AGCY,POSSIBLE_INJ_COUNT,RDWY_SURF_TYPE_CD,RELATION_TO_ROAD,ROAD_CONDITION,ROADWAY_CLEARED,SCH_BUS_IND,SCH_ZONE_IND,SECONDARY_CRASH,SMALL_TRUCK_COUNT,SPEC_JURIS_CD,SUSP_MINOR_INJ_COUNT,SUSP_SERIOUS_INJ_COUNT,SUV_COUNT,TCD_FUNC_CD,TCD_TYPE,TFC_DETOUR_IND,TIME_OF_DAY,TOT_INJ_COUNT,TOTAL_UNITS,UNB_DEATH_COUNT,UNB_SUSP_SERIOUS_INJ_COUNT,UNBELTED_OCC_COUNT,UNK_INJ_DEG_COUNT,UNK_INJ_PER_COUNT,URBAN_AREA,URBAN_RURAL,VAN_COUNT,VEHICLE_COUNT,WEATHER1,WEATHER2,WORK_ZONE_IND,WORK_ZONE_LOC,WORK_ZONE_TYPE,WORKERS_PRES,WZ_CLOSE_DETOUR,WZ_FLAGGER,WZ_LAW_OFFCR_IND,WZ_LN_CLOSURE,WZ_MOVING,WZ_OTHER,WZ_SHLDER_MDN,WZ_WORKERS_INJ_KILLED
2008120823,1759,1,0,0,0,0,0,0,0,0,5,0,,67,9,2008,5,39.928,-75.2193,1654.0,6,0,0,0,0,0,0,0,0,,0,0,0,11,1,1,1,,0,39 55:40.870,,0,75 13:09.478,4,0,0,0,67301,0,0,0,N,0,0,0,2,67301,1,,1,1,,N,N,,0,,0,0,1,3.0,2,,1105,1,2,0,0,0,0,0,3,4,0,2,3,,N,,,,,,,,,,,
2008132442,1007,1,0,0,0,0,0,0,0,0,7,0,,67,11,2008,3,39.9969,-75.0821,958.0,6,0,0,0,0,1,0,0,0,1.0,0,0,0,9,1,0,0,,1,39 59:49.281,1.0,0,75 04:55.293,0,0,0,0,67301,0,0,0,Y,0,0,0,1,68K01,0,,1,9,,N,N,,0,,0,0,0,0.0,0,N,956,0,1,0,0,0,0,0,3,4,0,1,7,,N,,,,,,,,,,,
2009013858,1220,4,0,0,0,0,0,0,0,0,4,0,,67,11,2008,3,40.0335,-75.1322,1212.0,6,0,0,1,0,0,0,0,0,,0,0,0,12,1,2,2,,0,40 02:00.675,,0,75 07:55.887,4,0,0,0,67301,0,0,0,N,0,0,0,3,67301,2,,1,9,,N,N,,0,,0,0,0,0.0,0,,1210,2,4,0,0,0,0,0,3,4,0,4,3,,N,,,,,,,,,,,
2009005460,615,1,0,0,0,0,0,0,0,0,1,1,,67,12,2008,4,39.9481,-75.1418,605.0,6,0,0,0,0,0,2,0,0,,0,1,0,5,3,1,0,,0,39 56:52.030,,0,75 08:30.641,4,0,0,0,67301,0,0,0,N,0,0,0,2,68K01,1,,1,9,,N,N,,0,,0,0,0,0.0,0,,519,1,2,0,0,0,0,0,3,4,0,2,7,,N,,,,,,,,,,,
2009024739,850,0,0,0,0,0,0,0,0,0,8,0,,67,12,2008,4,39.9678,-75.2369,846.0,6,0,0,0,0,0,0,0,0,,0,0,0,5,5,1,2,,0,39 58:04.062,,0,75 14:12.796,4,0,0,0,67301,1,0,0,,1,0,0,2,67301,1,,1,2,,,,,0,,0,0,0,3.0,3,,520,1,2,0,0,0,0,0,3,4,0,1,3,5.0,N,,,,,,,,,,,
2009024742,322,1,0,0,0,0,0,0,0,0,7,0,,67,12,2008,4,40.0506,-75.1775,317.0,6,0,0,0,0,0,0,0,0,,0,0,0,3,3,1,1,,0,40 03:02.196,,0,75 10:38.823,4,0,0,0,67301,0,0,0,,0,0,0,2,67301,1,,4,2,,,,,0,,0,0,0,3.0,2,,312,1,1,0,0,0,0,0,3,4,0,1,7,5.0,N,,,,,,,,,,,
2009024754,1400,1,0,0,0,0,0,0,0,0,4,1,,67,12,2008,2,39.9738,-75.14,1356.0,6,0,0,0,0,1,0,0,0,1.0,0,1,0,13,1,1,1,,1,39 58:25.784,1.0,0,75 08:23.827,4,0,0,0,67301,0,0,0,N,0,0,0,2,67301,1,,1,1,,N,N,,0,,0,0,0,3.0,3,N,1350,1,2,0,0,0,0,0,3,4,0,2,3,,N,,,,,,,,,,,
2009002619,1623,0,0,0,1,0,0,0,0,0,1,0,,67,10,2008,5,39.9786,-75.145,1622.0,6,0,0,0,0,0,0,0,0,,0,0,0,13,1,1,0,,0,39 58:43.122,,0,75 08:42.061,4,0,0,0,67301,1,0,0,,0,0,0,2,67301,1,,1,1,,N,N,,0,,0,0,1,0.0,0,,1300,1,2,0,0,0,0,0,3,4,0,1,3,,N,,,,,,,,,,,
2009002140,1259,0,0,0,0,0,0,0,0,0,1,0,,67,11,2008,7,40.0293,-75.09,1257.0,6,0,0,0,0,0,1,0,0,9.0,0,0,0,12,1,0,1,,1,40 01:45.311,2.0,0,75 05:23.879,0,0,0,0,67301,0,0,0,N,0,0,0,2,67301,0,,1,9,,N,N,,0,,0,0,2,9.0,2,N,1250,0,2,0,0,0,0,0,3,4,0,2,7,,N,,,,,,,,,,,
2009002183,402,3,0,0,0,0,0,0,0,0,4,0,99.0,67,10,2008,1,39.9619,-75.2407,342.0,6,0,0,0,0,0,0,0,0,,0,0,0,3,3,2,1,,0,39 57:42.808,,0,75 14:26.916,8,0,0,0,67301,0,0,0,N,0,0,0,3,67301,0,,1,1,,N,N,,0,,0,0,0,3.0,2,,337,2,3,0,0,0,2,0,3,4,0,3,3,,Y,8.0,8.0,U,U,U,U,U,U,U,U,
2009002196,2046,2,0,0,0,0,0,0,0,0,4,0,,67,11,2008,6,40.0269,-75.0972,2036.0,6,0,0,0,0,0,2,0,0,1.0,0,0,0,20,3,1,1,,1,40 01:36.832,3.0,0,75 05:50.066,4,0,0,0,67301,0,0,0,N,0,0,0,4,67301,1,,1,9,,N,N,,0,,0,0,0,3.0,2,N,2036,1,2,0,0,0,0,0,3,4,0,2,7,,N,,,,,,,,,,,
2009004033,1429,1,0,0,0,0,0,0,0,0,1,0,,67,12,2008,6,39.9457,-75.1899,1408.0,6,0,0,0,0,0,0,0,0,1.0,0,0,0,14,1,1,3,,1,39 56:44.470,4.0,2,75 11:23.690,8,0,0,0,67301,0,0,0,N,0,0,0,3,68K01,0,,1,1,,N,N,,0,,0,0,1,3.0,8,N,1406,1,2,0,0,0,1,0,3,4,0,2,3,,N,,,,,,,,,,,
2009000584,1104,1,0,0,0,0,0,0,0,0,7,0,,67,11,2008,2,40.0294,-75.189,1103.0,6,0,0,0,0,0,0,0,0,2.0,0,0,0,11,1,1,2,,2,40 01:45.922,1.0,0,75 11:20.353,3,0,0,0,67301,0,0,0,N,0,0,0,1,67301,0,,5,9,,N,N,,0,,1,0,0,0.0,0,Y,1102,1,1,0,0,0,0,0,3,4,0,1,3,,N,,,,,,,,,,,
2009001027,2056,2,0,0,0,0,0,0,0,0,1,0,,67,11,2008,5,40.0594,-75.0859,2056.0,6,0,0,0,1,1,0,0,0,,0,0,0,99,3,1,1,,0,40 03:33.972,,0,75 05:09.267,4,0,0,0,67301,0,0,0,,0,0,0,4,67301,1,,1,9,,,,,0,,0,0,0,3.0,2,,9999,1,2,0,0,4,0,0,3,4,0,2,7,,N,,,,,,,,,,,
2009015057,1818,2,0,0,0,0,0,0,0,0,5,0,,67,11,2008,7,39.904,-75.2401,1811.0,6,0,0,0,0,0,0,0,0,1.0,0,0,0,18,3,3,1,,1,39 54:14.564,5.0,0,75 14:24.410,8,0,0,0,67301,0,0,0,N,0,0,0,8,67301,0,,1,1,,N,N,,0,,0,0,0,0.0,0,N,1809,3,2,0,0,0,3,0,3,4,0,2,3,,N,,,,,,,,,,,
2009013569,1418,1,0,0,1,0,0,0,0,0,1,0,,67,12,2008,6,39.9093,-75.173,1414.0,6,0,0,1,0,0,0,0,0,,0,0,0,14,1,1,2,,0,39 54:33.378,,0,75 10:22.672,3,0,0,0,67301,1,0,0,N,0,0,0,2,67301,0,,1,1,,N,N,,0,,1,0,0,1.0,2,,1400,1,2,0,0,0,0,0,3,4,0,1,3,,N,,,,,,,,,,,
2009026093,20,1,0,0,0,0,0,0,0,0,4,0,,67,12,2008,7,40.0633,-75.0586,17.0,6,0,0,0,0,0,0,0,0,,0,0,0,0,3,2,0,,0,40 03:48.123,,0,75 03:31.092,4,0,0,0,67301,0,0,0,,0,0,0,2,67301,2,,4,1,,,,,1,,0,0,1,0.0,0,,10,2,3,0,0,1,0,0,3,4,0,3,3,,N,,,,,,,,,,,
2008089193,9999,1,0,1,0,0,0,0,0,0,1,0,,67,3,2008,4,40.0038,-75.1874,9999.0,6,0,1,0,0,0,0,0,0,,0,0,0,15,1,2,0,,0,40 00:14.090,,0,75 11:14.553,2,0,0,0,67301,0,0,0,N,0,0,0,3,00000,0,,1,9,,N,N,,0,,0,1,1,0.0,0,,1500,2,2,0,0,0,1,0,3,4,0,2,7,,N,,,,,,,,,,,
2008081501,2020,1,0,0,0,0,0,1,0,0,1,1,,67,5,2008,7,39.9523,-75.203,2014.0,6,0,0,0,0,0,0,0,0,,0,0,0,20,1,1,0,,0,39 57:08.269,,0,75 12:10.659,4,0,0,0,67301,0,0,0,N,0,0,0,6,67301,1,,1,1,,N,N,,0,,0,0,0,0.0,0,,2000,1,2,0,0,1,0,0,3,4,0,2,3,,N,,,,,,,,,,,
2008078959,1552,0,0,0,0,0,0,0,0,0,8,0,,67,5,2008,3,39.9496,-75.1539,1552.0,6,0,0,0,0,0,0,0,0,,0,0,0,15,1,1,1,,0,39 56:58.597,,0,75 09:13.936,4,0,0,1,67301,1,0,0,N,1,0,0,2,67301,1,,1,1,,N,N,,0,,0,0,0,3.0,2,,1540,1,2,0,0,0,0,1,3,4,0,1,3,,N,,,,,,,,,,,
2008070753,810,1,0,0,0,0,0,0,0,0,1,0,,67,4,2008,3,39.956,-75.2179,809.0,6,0,0,0,0,0,1,0,0,1.0,0,0,0,8,1,1,0,,2,39 57:21.706,4.0,0,75 13:04.629,4,0,0,0,67301,0,0,0,N,0,0,0,2,67301,1,,1,1,,N,N,,0,,0,0,0,0.0,0,N,808,1,2,0,0,0,0,0,3,4,1,2,3,,N,,,,,,,,,,,
2008102181,1703,2,0,0,0,0,0,0,0,0,1,0,,67,8,2008,5,39.9622,-75.1827,1653.0,6,0,0,0,0,0,0,0,0,,0,0,0,16,1,0,0,,0,39 57:46.929,,0,75 11:00.602,0,0,0,0,67301,0,0,0,N,0,0,0,2,68K01,0,,1,1,,N,N,,0,,0,0,0,0.0,0,,1640,0,2,0,0,0,0,0,3,4,0,2,3,,N,,,,,,,,,,,
2008097247,1150,4,0,0,0,0,0,0,0,0,2,0,,67,6,2008,2,40.0484,-75.0613,1150.0,6,0,0,0,0,0,1,0,0,,0,0,0,11,1,2,0,,0,40 02:54.270,,0,75 03:40.537,8,0,0,0,67301,0,0,0,N,0,0,0,4,67301,0,,1,1,,N,N,,0,,0,0,0,0.0,0,,1150,2,4,0,0,0,2,0,3,4,0,4,3,,N,,,,,,,,,,,
2008081827,226,1,0,0,0,0,0,0,0,0,7,0,,67,7,2008,5,39.9654,-75.1858,225.0,6,0,0,0,0,0,0,0,0,,0,0,0,2,3,2,0,,0,39 58:00.522,,0,75 11:15.428,8,0,0,0,67301,0,0,0,N,0,0,0,2,68K01,0,,2,1,,N,N,,0,,0,0,0,0.0,0,,222,2,1,0,0,2,2,0,3,4,0,1,3,,N,,,,,,,,,,,
2008107912,647,1,0,0,0,0,0,0,0,0,8,0,,67,8,2008,6,40.0331,-75.1069,637.0,6,0,0,0,1,0,0,0,0,1.0,0,0,0,6,1,1,1,,2,40 01:57.962,1.0,0,75 06:23.397,3,0,0,0,67301,1,0,0,,1,0,0,2,67301,0,,1,1,,N,N,,0,,1,0,0,3.0,2,Y,636,1,2,0,0,0,0,0,3,4,0,1,3,,N,,,,,,,,,,,
2008107945,909,1,0,0,0,0,0,0,0,0,8,0,,67,8,2008,5,39.9479,-75.2356,907.0,6,0,0,0,0,0,0,0,0,,0,0,0,9,1,1,2,,0,39 56:52.375,,0,75 14:08.181,3,0,0,0,67301,1,0,0,N,1,0,0,2,67301,0,,1,1,,N,N,,0,,1,0,0,0.0,0,,900,1,2,0,0,0,0,0,3,4,0,1,3,,N,,,,,,,,,,,
2008107977,1825,0,0,0,0,0,0,0,0,0,8,0,,67,8,2008,5,40.0235,-75.1459,1816.0,6,0,0,0,0,0,1,0,0,1.0,0,0,0,18,1,1,0,,1,40 01:24.463,2.0,0,75 08:45.258,3,0,0,0,67301,1,0,0,N,1,0,0,2,67301,0,,1,1,,N,N,,0,,1,0,0,0.0,0,N,1816,1,2,0,0,0,0,0,3,4,1,1,3,,N,,,,,,,,,,,
2008132396,545,1,0,0,0,0,0,0,0,0,7,0,,67,10,2008,1,39.9748,-75.1944,530.0,6,0,0,0,0,0,0,0,0,,0,0,0,4,3,0,0,,0,39 58:32.781,,0,75 11:42.378,0,0,0,0,67301,0,0,0,N,0,0,0,2,68K01,0,,2,1,,N,N,,0,,0,0,0,0.0,0,,400,0,1,0,0,0,0,0,3,4,0,1,3,,N,,,,,,,,,,,
2008132423,1206,1,0,0,0,0,0,0,0,0,7,0,,67,11,2008,6,39.9688,-75.1282,1200.0,6,0,0,0,0,0,0,0,0,1.0,0,0,0,11,1,0,0,,1,39 58:07.320,1.0,0,75 07:42.240,0,0,0,0,67301,0,0,0,N,0,0,0,2,68K01,0,,2,1,,N,N,,0,,0,0,0,0.0,0,N,1159,0,2,0,0,0,0,0,3,4,1,2,3,,N,,,,,,,,,,,
2008132433,821,1,0,0,0,0,0,0,0,0,1,0,,67,11,2008,1,39.882,-75.2459,814.0,6,0,0,0,0,0,0,0,0,3.0,0,0,0,8,1,1,0,,1,39 52:54.891,2.0,0,75 14:45.372,4,0,0,0,67301,0,0,0,N,0,0,0,2,68K01,1,,1,1,,N,N,,1,,0,0,0,0.0,0,N,812,1,2,0,0,0,0,0,3,4,0,2,3,,N,,,,,,,,,,,
2008119482,754,0,0,0,0,0,0,0,0,0,8,0,,67,10,2008,3,40.0195,-75.0944,751.0,6,0,0,0,0,0,0,0,0,,0,0,0,7,1,1,1,,0,40 01:10.290,,0,75 05:39.843,8,0,0,0,67301,1,0,0,N,1,0,0,2,67301,0,,1,1,,N,N,,1,,0,0,0,3.0,3,,751,1,2,0,0,0,1,0,3,4,0,1,3,,N,,,,,,,,,,,
2009021095,1222,2,0,0,0,0,0,0,0,0,4,0,,67,5,2008,7,40.0151,-75.1359,1221.0,6,0,0,0,0,0,0,0,0,,0,0,0,12,1,0,0,,0,40 00:54.500,,0,75 08:09.414,0,0,0,0,67301,0,0,0,N,0,0,0,3,67301,0,,1,9,,N,N,,0,,0,0,1,0.0,0,,1221,0,4,0,0,0,0,0,3,4,1,4,7,,N,,,,,,,,,,,
2009013764,1855,2,0,0,0,0,0,0,0,0,4,0,,67,11,2008,6,39.9159,-75.2363,1842.0,6,0,0,0,0,0,0,1,0,,0,0,0,18,3,1,0,,0,39 54:57.399,,0,75 14:10.513,3,0,0,0,67301,0,0,0,,0,0,0,2,67301,0,,1,1,,N,N,,0,,1,0,0,0.0,0,,1800,1,3,0,0,0,0,1,3,4,1,3,3,,N,,,,,,,,,,,
2009000851,1720,1,0,0,0,0,0,0,0,0,1,0,,67,11,2008,2,40.0722,-75.085,1710.0,6,0,0,0,0,0,0,0,0,,0,0,0,17,4,2,1,,0,40 04:19.941,,0,75 05:06.057,3,0,0,0,67301,0,0,0,N,0,0,0,2,67301,1,,1,1,,N,N,,1,,1,0,0,3.0,3,,1705,2,2,0,0,1,0,0,3,4,0,2,3,,N,,,,,,,,,,,
2009024720,304,2,0,0,0,0,0,0,0,0,4,0,,67,12,2008,7,40.0312,-75.054,302.0,6,0,0,0,0,0,0,0,0,,0,0,0,2,3,0,1,,0,40 01:52.376,,0,75 03:14.718,0,0,0,0,67301,0,0,0,N,0,0,0,2,67301,0,,1,9,,N,N,,0,,0,0,0,3.0,3,,257,0,2,0,0,0,0,0,3,4,0,2,3,,N,,,,,,,,,,,
2009024725,1926,2,0,0,0,0,0,0,0,0,1,0,,67,12,2008,1,39.9548,-75.2083,1926.0,6,0,0,0,0,0,1,0,0,,0,0,0,19,3,1,0,,0,39 57:17.280,,0,75 12:29.880,8,0,0,0,67301,0,0,0,N,0,0,0,5,67301,0,,1,1,,N,N,,0,,0,0,0,0.0,0,,1918,1,2,0,0,0,1,0,3,4,0,2,3,,N,,,,,,,,,,,
2009024760,2343,1,0,0,0,0,0,0,0,0,8,0,,67,12,2008,2,40.1031,-75.0038,2334.0,6,0,0,0,0,0,0,0,0,9.0,0,0,0,23,3,1,0,,2,40 06:11.036,1.0,0,75 00:13.721,8,0,0,0,67301,1,0,0,N,1,0,0,2,67301,0,,1,9,,N,N,,0,,0,0,0,0.0,0,Y,2331,1,2,0,0,0,1,0,3,4,0,1,3,,N,,,,,,,,,,,
2009024769,1140,1,0,0,0,0,0,0,0,0,6,1,,67,12,2008,7,39.9277,-75.1858,1135.0,6,0,0,0,0,0,0,0,0,,0,1,0,11,1,2,1,,0,39 55:39.756,,0,75 11:08.761,3,0,0,0,67301,0,0,0,N,0,0,0,2,67301,1,,3,1,,N,Y,,1,,1,0,0,3.0,3,,1125,2,3,0,0,0,0,0,3,4,0,3,3,,N,,,,,,,,,,,
2009024819,2041,1,0,0,0,0,0,0,0,0,8,0,,67,12,2008,4,39.9273,-75.1926,2039.0,6,0,0,0,0,0,0,0,0,,0,0,0,20,3,1,1,,0,39 55:38.338,,0,75 11:33.284,2,0,0,0,67301,1,0,1,N,1,0,1,2,67301,0,,1,1,,N,N,,0,,0,1,0,3.0,3,,2039,1,2,0,0,0,0,0,3,4,0,1,3,,N,,,,,,,,,,,
2009002213,1647,4,0,0,0,0,0,0,0,0,4,0,,67,11,2008,3,39.9348,-75.1825,1645.0,6,0,0,0,0,0,0,0,0,3.0,0,0,0,16,3,1,1,,1,39 56:05.366,4.0,0,75 10:57.179,4,0,0,0,67301,0,0,0,,0,0,0,4,67301,1,,1,9,,N,N,,0,,0,0,0,3.0,3,Y,1645,1,4,0,0,0,0,0,3,4,0,4,7,,N,,,,,,,,,,,
2009012201,2329,2,0,0,0,0,0,0,0,0,6,0,,67,12,2008,6,40.0577,-75.0625,2325.0,6,0,0,0,0,0,0,0,0,,0,0,0,23,3,3,1,,0,40 03:27.784,,0,75 03:44.866,4,0,0,0,67301,0,0,0,N,0,0,0,3,67301,3,,1,1,,N,N,,0,,0,0,0,0.0,0,,2321,3,2,0,0,0,0,0,3,4,0,2,3,,N,,,,,,,,,,,
2009026116,1810,0,0,0,0,0,0,0,0,0,3,0,,67,12,2008,6,39.9276,-75.2226,1807.0,6,0,0,0,0,0,1,0,0,,0,1,0,18,3,5,0,,0,39 55:39.530,,7,75 13:21.295,4,0,0,0,67301,0,0,0,,0,0,0,6,67301,4,,1,9,,,,,0,,0,0,0,0.0,0,,1801,5,2,0,0,0,1,0,3,4,0,2,3,,N,,,,,,,,,,,
2009004037,302,1,0,0,0,0,0,0,0,0,1,0,,67,12,2008,1,39.977,-75.1128,252.0,6,0,0,0,0,0,0,1,0,1.0,0,0,0,2,3,0,0,,2,39 58:38.033,1.0,3,75 06:45.726,9,0,0,0,67301,0,0,0,N,0,0,0,3,68K02,0,,1,9,,N,N,,0,,0,0,0,0.0,0,N,245,0,3,0,0,0,0,2,3,4,0,3,7,,N,,,,,,,,,,,
2009003103,528,0,0,0,0,0,0,1,0,0,4,1,,67,11,2008,3,39.9564,-75.1962,524.0,6,0,0,0,0,0,0,0,0,,0,0,0,5,3,2,0,,0,39 57:23.160,,0,75 11:47.120,8,0,0,0,67301,0,0,0,N,0,0,0,11,67301,0,,1,1,,N,N,,0,,0,0,1,0.0,0,,523,2,2,0,0,0,2,3,3,4,0,2,3,,N,,,,,,,,,,,
2009000786,1919,1,0,0,0,0,0,0,0,0,4,0,,67,10,2008,7,39.9556,-75.234,1918.0,6,0,0,0,0,1,0,0,0,2.0,0,0,0,19,8,1,1,,2,39 57:20.098,7.0,0,75 14:02.378,4,0,0,0,67301,0,0,0,N,0,0,0,3,67301,1,,1,9,,N,N,,0,,0,0,0,9.0,2,N,1907,1,2,0,0,0,0,0,3,4,1,2,7,,N,,,,,,,,,,,
2009000179,312,0,0,0,0,0,0,0,0,0,7,0,,67,11,2008,1,39.9949,-75.1017,300.0,6,0,0,0,0,0,0,0,0,4.0,1,0,0,2,3,3,0,,2,39 59:41.708,6.0,1,75 06:06.225,1,0,0,0,67301,0,0,0,,0,0,0,4,67301,0,2.0,4,1,,N,N,,0,0.0,3,0,1,0.0,0,Y,253,3,1,1,0,4,0,0,3,4,0,1,3,,N,,,,,,,,,,,
2009007088,659,0,0,0,0,0,0,0,0,0,0,0,,67,12,2008,4,39.9649,-75.1373,650.0,6,0,0,0,0,0,0,0,0,,0,0,0,6,1,0,0,,0,39 57:54.000,,0,75 08:13.920,0,0,0,0,67301,0,0,0,N,0,0,0,2,68K01,0,,1,1,,N,N,,0,,0,0,1,0.0,0,,645,0,1,0,0,0,0,0,3,4,0,1,3,,N,,,,,,,,,,,
2009013301,506,0,0,0,0,0,0,0,0,0,8,0,,67,12,2008,5,39.9885,-75.1063,503.0,6,0,0,0,0,0,1,0,0,1.0,0,0,0,99,3,1,1,,1,39 59:18.500,1.0,0,75 06:22.881,4,0,0,0,67301,1,0,0,N,1,0,0,3,67301,1,,1,9,,N,N,,1,,0,0,0,3.0,2,Y,9999,1,2,0,0,0,0,0,3,4,0,1,7,,N,,,,,,,,,,,
2009013304,1516,1,0,0,1,0,0,0,0,0,4,0,,67,11,2008,5,40.0412,-75.1156,1506.0,6,0,0,0,0,0,0,0,0,,0,0,0,14,1,1,3,,0,40 02:28.377,,0,75 06:56.005,8,0,0,0,67301,1,0,0,N,0,0,0,2,67301,0,,1,1,,N,N,,0,,0,0,0,3.0,2,,1450,1,2,0,0,0,1,0,3,4,0,1,3,,N,,,,,,,,,,,
2009014227,2255,2,0,0,0,0,0,0,0,0,1,0,,67,12,2008,6,40.1046,-75.0014,2240.0,6,0,0,0,0,1,1,0,0,,0,0,0,22,3,1,1,,0,40 06:16.560,,0,75 00:04.680,8,0,0,0,67301,0,0,0,Y,0,0,0,2,67301,0,,1,1,,N,N,,0,,0,0,0,3.0,2,,2235,1,2,0,0,0,1,0,3,4,0,2,3,,N,,,,,,,,,,,
2009013382,1917,2,0,0,0,0,0,0,0,0,2,0,,67,12,2008,2,40.0604,-74.9904,1917.0,6,0,0,0,0,0,1,0,0,,0,0,0,19,3,2,1,,0,40 03:37.435,,0,74 59:25.566,8,0,0,0,67301,0,0,0,N,0,0,0,3,67301,0,,1,1,,N,N,,0,,0,0,0,0.0,0,,1917,2,2,0,0,0,2,0,3,4,0,2,3,,N,,,,,,,,,,,
2009013494,310,4,0,0,0,0,0,0,0,0,4,0,,67,11,2008,1,40.0534,-75.0751,306.0,6,0,0,0,0,0,0,0,0,,0,0,0,2,3,0,0,,0,40 03:12.279,,0,75 04:30.313,0,0,0,0,67301,0,0,0,N,0,0,0,1,67301,0,,1,1,,N,N,,0,,0,0,1,0.0,0,,237,0,5,0,0,0,0,0,3,4,0,5,3,,N,,,,,,,,,,,
2009013579,1818,1,0,0,0,0,0,0,0,0,8,0,,67,11,2008,7,40.0028,-75.1257,1813.0,6,0,0,0,0,0,0,0,0,,0,0,0,18,3,1,1,,0,40 00:09.964,,0,75 07:32.368,4,0,0,0,67301,1,0,0,N,1,0,0,2,67301,1,,1,9,,N,N,,0,,0,0,0,0.0,0,,1810,1,2,0,0,0,0,0,3,4,0,1,7,,N,,,,,,,,,,,
2009011298,904,1,0,0,0,0,0,0,0,0,1,0,,67,11,2008,4,39.9498,-75.1776,858.0,6,0,0,0,0,0,0,0,0,,0,0,0,8,1,0,1,,0,39 56:59.431,,0,75 10:39.226,9,0,0,0,67301,0,0,0,N,0,0,0,3,67301,0,,1,1,,N,N,,0,,0,0,2,3.0,2,,850,0,3,0,0,0,0,2,3,4,0,3,3,,N,,,,,,,,,,,
2009013440,1752,1,0,0,0,0,0,0,0,0,4,0,,67,12,2008,3,40.0441,-75.1435,1748.0,6,0,0,0,0,0,0,0,0,2.0,0,0,0,17,3,3,0,,1,40 02:38.760,1.0,0,75 08:36.600,8,0,0,0,67301,0,0,0,N,0,0,0,3,67301,0,,1,1,,N,N,,0,,0,0,1,0.0,0,N,1739,3,2,0,0,1,3,0,3,4,0,2,3,,N,,,,,,,,,,,
2009024697,1910,1,0,0,0,0,0,0,0,0,8,0,,67,12,2008,7,40.0264,-75.1172,1902.0,6,0,0,0,0,0,1,0,0,2.0,0,0,0,19,3,1,1,,2,40 01:34.998,1.0,0,75 07:01.745,2,0,0,0,67301,1,0,1,N,1,0,1,3,67301,0,,1,1,,N,N,,0,,0,1,0,3.0,2,N,1901,1,2,0,0,0,0,0,3,4,0,1,3,,N,,,,,,,,,,,
2009026863,1530,0,0,0,0,0,0,1,0,0,1,1,,67,12,2008,1,40.0354,-75.068,1523.0,6,0,0,0,0,0,0,0,0,2.0,0,0,0,15,1,2,0,,1,40 02:07.168,1.0,0,75 04:04.834,4,0,0,0,67301,24,0,0,N,0,0,0,25,67301,2,,1,1,,N,N,,0,,0,0,0,3.0,3,N,1510,2,2,0,0,1,0,0,3,4,1,2,3,,N,,,,,,,,,,,
2009026958,1142,1,0,0,1,0,0,0,0,0,4,0,,67,6,2008,1,39.9143,-75.1624,1138.0,6,0,0,1,0,0,0,0,0,9.0,0,0,0,11,1,1,1,,2,39 54:51.537,2.0,0,75 09:44.809,3,0,0,0,67301,1,0,0,N,0,0,0,3,67301,0,,1,1,,N,N,,0,,1,0,0,3.0,3,Y,1135,1,2,0,0,0,0,0,3,4,0,1,3,,N,,,,,,,,,,,
2009024478,1405,1,0,0,0,0,0,0,0,0,4,0,,67,10,2008,7,40.0166,-75.1496,1405.0,6,0,0,0,0,0,0,0,1,,1,0,0,14,1,0,0,,0,40 01:00.100,,7,75 08:58.632,1,1,0,1,67301,0,0,0,N,0,0,0,2,67301,0,2.0,1,1,,N,N,,0,0.0,0,0,0,0.0,0,,1405,0,2,0,0,0,0,0,3,4,0,2,3,,N,,,,,,,,,,,