CRN,ARRIVAL_TM,AUTOMOBILE_COUNT,BELTED_DEATH_COUNT,BELTED_SUSP_SERIOUS_INJ_COUNT,BICYCLE_COUNT,BICYCLE_DEATH_COUNT,BICYCLE_SUSP_SERIOUS_INJ_COUNT,BUS_COUNT,CHLDPAS_DEATH_COUNT,CHLDPAS_SUSP_SERIOUS_INJ_COUNT,COLLISION_TYPE,COMM_VEH_COUNT,CONS_ZONE_SPD_LIM,COUNTY,CRASH_MONTH,CRASH_YEAR,DAY_OF_WEEK,DEC_LAT,DEC_LONG,DISPATCH_TM,DISTRICT,DRIVER_COUNT_16YR,DRIVER_COUNT_17YR,DRIVER_COUNT_18YR,DRIVER_COUNT_19YR,DRIVER_COUNT_20YR,DRIVER_COUNT_50_64YR,DRIVER_COUNT_65_74YR,DRIVER_COUNT_75PLUS,EST_HRS_CLOSED,FATAL_COUNT,HEAVY_TRUCK_COUNT,HORSE_BUGGY_COUNT,HOUR_OF_DAY,ILLUMINATION,INJURY_COUNT,INTERSECT_TYPE,INTERSECTION_RELATED,LANE_CLOSED,LATITUDE,LN_CLOSE_DIR,LOCATION_TYPE,LONGITUDE,MAX_SEVERITY_LEVEL,MCYCLE_DEATH_COUNT,MCYCLE_SUSP_SERIOUS_INJ_COUNT,MOTORCYCLE_COUNT,MUNICIPALITY,NONMOTR_COUNT,NONMOTR_DEATH_COUNT,NONMOTR_SUSP_SERIOUS_INJ_COUNT,NTFY_HIWY_MAINT,PED_COUNT,PED_DEATH_COUNT,PED_SUSP_SERIOUS_INJ_COUNT,PERSON_COUNT,POLICE_AGCY,POSSIBLE_INJ_COUNT,RDWY_SURF_TYPE_CD,RELATION_TO_ROAD,ROAD_CONDITION,ROADWAY_CLEARED,SCH_BUS_IND,SCH_ZONE_IND,SECONDARY_CRASH,SMALL_TRUCK_COUNT,SPEC_JURIS_CD,SUSP_MINOR_INJ_COUNT,SUSP_SERIOUS_INJ_COUNT,SUV_COUNT,TCD_FUNC_CD,TCD_TYPE,TFC_DETOUR_IND,TIME_OF_DAY,TOT_INJ_COUNT,TOTAL_UNITS,UNB_DEATH_COUNT,UNB_SUSP_SERIOUS_INJ_COUNT,UNBELTED_OCC_COUNT,UNK_INJ_DEG_COUNT,UNK_INJ_PER_COUNT,URBAN_AREA,URBAN_RURAL,VAN_COUNT,VEHICLE_COUNT,WEATHER1,WEATHER2,WORK_ZONE_IND,WORK_ZONE_LOC,WORK_ZONE_TYPE,WORKERS_PRES,WZ_CLOSE_DETOUR,WZ_FLAGGER,WZ_LAW_OFFCR_IND,WZ_LN_CLOSURE,WZ_MOVING,WZ_OTHER,WZ_SHLDER_MDN,WZ_WORKERS_INJ_KILLED
2009025194,100,0,0,0,0,0,0,0,0,0,7,0,,67,12,2008,4,39.9983,-75.0878,54.0,6,0,0,0,0,0,0,0,0,9.0,0,0,0,99,3,1,0,,1,39 59:53.801,2.0,0,75 05:15.912,4,0,0,0,67301,0,0,0,Y,0,0,0,1,67301,1,,5,2,,N,N,,1,,0,0,0,0.0,0,N,9999,1,1,0,0,0,0,0,3,4,0,1,7,,N,,,,,,,,,,,
2009030454,1533,2,0,0,0,0,0,0,0,0,2,0,,67,9,2008,4,39.9898,-75.1468,1525.0,6,0,0,0,0,1,0,0,0,,0,0,0,99,1,2,1,,0,39 59:23.218,,0,75 08:48.397,8,0,0,0,67301,0,0,0,N,0,0,0,4,67301,0,,1,1,,N,N,,0,,0,0,0,3.0,3,,9999,2,2,0,0,0,2,2,3,4,0,2,3,,N,,,,,,,,,,,
2008088060,2025,1,0,0,0,0,0,0,0,0,4,0,,67,6,2008,3,40.0522,-75.1308,2020.0,6,0,0,0,0,0,0,0,0,,0,0,0,20,2,2,1,,0,40 03:07.938,,0,75 07:50.771,4,0,0,0,67301,0,0,0,N,0,0,0,2,67301,2,,1,1,,N,N,,0,,0,0,1,3.0,2,,2015,2,2,0,0,0,0,0,3,4,0,2,3,,N,,,,,,,,,,,
2008087829,2253,1,0,0,0,0,0,0,0,0,4,0,,67,6,2008,7,39.9878,-75.1806,2253.0,6,0,0,0,0,0,0,0,0,,0,0,0,22,3,1,1,,0,39 59:16.194,,0,75 10:50.094,2,0,0,0,67301,0,0,0,N,0,0,0,3,67301,0,,1,1,,N,N,,0,,0,1,0,0.0,0,,2253,1,2,0,0,0,0,0,3,4,0,2,3,,N,,,,,,,,,,,
2008087837,1806,0,0,0,0,0,0,0,0,0,8,0,,67,6,2008,4,39.9166,-75.2458,1802.0,6,0,0,0,0,0,0,0,0,2.0,0,0,0,17,1,1,0,,1,39 54:59.746,1.0,0,75 14:44.897,4,0,0,0,67301,1,0,0,N,1,0,0,4,67301,1,,1,9,,N,N,,0,,0,0,1,3.0,3,Y,1755,1,2,0,0,3,0,0,3,4,0,1,7,,N,,,,,,,,,,,
2008098199,130,1,0,0,0,0,0,0,0,0,7,0,,67,7,2008,5,39.9849,-75.124,129.0,6,0,0,0,0,0,0,0,0,,0,0,0,1,3,1,2,,0,39 59:05.643,,0,75 07:26.234,4,0,0,0,67301,0,0,0,,0,0,0,1,67301,1,,5,9,,N,N,,0,,0,0,1,3.0,3,,129,1,2,0,0,0,0,0,3,4,0,2,7,,N,,,,,,,,,,,
2008078928,1726,1,0,0,0,0,0,0,0,0,8,0,,67,4,2008,6,39.9499,-75.1691,1725.0,6,0,0,0,0,0,0,0,0,,0,0,0,13,1,1,0,,0,39 56:59.640,,0,75 10:08.400,8,0,0,0,67301,1,0,0,N,1,0,0,2,67301,0,,2,98,,N,N,,0,,0,0,0,9.0,2,,1300,1,2,0,0,0,1,1,3,4,0,1,99,,N,,,,,,,,,,,
2008098268,2351,2,0,0,0,0,0,0,0,0,5,0,,67,6,2008,5,40.0243,-75.0629,2350.0,6,0,0,0,0,0,0,0,0,2.0,0,0,0,23,3,1,0,,2,40 01:27.469,2.0,0,75 03:46.592,4,0,0,0,67301,1,0,0,N,0,0,0,2,67301,1,,6,1,,N,N,,0,,0,0,0,0.0,0,Y,2345,1,2,0,0,0,0,0,3,4,0,2,3,,N,,,,,,,,,,,
2008095919,927,1,0,0,1,0,0,0,0,0,4,0,,67,6,2008,4,39.9265,-75.1574,923.0,6,0,0,0,0,0,0,0,0,,0,0,0,9,1,1,1,,0,39 55:35.547,,0,75 09:26.589,4,0,0,0,67301,1,0,0,N,0,0,0,2,67301,1,,1,1,,N,N,,0,,0,0,0,3.0,3,,900,1,2,0,0,0,0,1,3,4,0,1,3,,N,,,,,,,,,,,
2008098378,815,1,0,0,0,0,0,0,0,0,4,0,,67,7,2008,3,39.9919,-75.1382,810.0,6,0,0,0,0,0,0,0,0,,0,0,0,8,1,1,0,,0,39 59:30.756,,0,75 08:17.480,8,0,0,0,67301,0,0,0,N,0,0,0,4,67301,0,,1,1,,N,N,,0,,0,0,0,0.0,0,,805,1,2,0,0,0,1,0,3,4,1,2,3,,N,,,,,,,,,,,
2008099591,1940,1,0,0,0,0,0,0,0,0,7,0,,67,6,2008,1,40.0186,-75.183,1935.0,6,0,0,0,0,0,0,0,0,,0,0,0,19,1,0,0,,0,40 01:06.800,,0,75 10:58.936,0,0,0,0,67301,0,0,0,,0,0,0,1,67301,0,,2,1,,,,,0,,0,0,0,0.0,0,,1933,0,2,0,0,0,0,0,3,4,0,1,3,,N,,,,,,,,,,,
2008104872,1552,2,0,0,0,0,0,0,0,0,1,0,,67,9,2008,1,39.9493,-75.1844,1545.0,6,0,0,0,0,0,0,0,0,2.0,0,0,0,15,1,0,6,,1,39 56:57.650,4.0,2,75 11:03.880,0,0,0,0,67301,0,0,0,N,0,0,0,4,68K01,0,,1,1,,N,N,,0,,0,0,0,3.0,4,N,1541,0,2,0,0,0,0,0,3,4,0,2,3,,N,,,,,,,,,,,
2008102187,2219,1,0,0,0,0,0,0,0,0,1,0,,67,8,2008,6,39.9332,-75.2,2210.0,6,0,0,0,0,0,0,0,0,1.0,0,0,0,21,3,0,0,,1,39 56:04.460,4.0,0,75 11:59.470,0,0,0,0,67301,0,0,0,N,0,0,0,4,68K01,0,,1,1,,N,N,,0,,0,0,1,0.0,0,N,2150,0,2,0,0,0,0,0,3,4,0,2,3,,N,,,,,,,,,,,
2008107905,1724,1,0,0,1,0,0,0,0,0,4,0,,67,8,2008,5,39.9566,-75.198,1723.0,6,0,0,0,0,0,0,0,0,,0,0,0,17,1,1,1,,0,39 57:23.865,,0,75 11:52.879,4,0,0,0,67301,1,0,0,N,0,0,0,2,67301,1,,1,1,,N,N,,0,,0,0,0,3.0,2,,1723,1,2,0,0,0,0,0,3,4,0,1,3,,N,,,,,,,,,,,
2008073497,1716,2,0,0,0,0,0,0,0,0,1,0,,67,4,2008,4,39.9907,-75.1419,1715.0,6,0,0,0,0,0,0,0,0,,0,0,0,17,1,1,2,,0,39 59:26.466,,0,75 08:30.713,4,0,0,0,67301,1,0,0,,0,0,0,2,67301,1,,2,1,,N,N,,0,,0,0,0,0.0,0,,1710,1,2,0,0,0,0,1,3,4,0,2,3,,N,,,,,,,,,,,
2008116137,1025,2,0,0,0,0,0,0,0,0,1,0,,67,10,2008,7,39.9639,-75.1843,1013.0,6,0,0,0,0,0,1,0,0,,0,0,0,10,1,0,3,,0,39 57:53.289,,0,75 11:06.506,0,0,0,0,67301,0,0,0,N,0,0,0,2,68K01,0,,1,9,,N,N,,0,,0,0,0,0.0,0,,1005,0,2,0,0,0,0,0,3,4,0,2,7,,N,,,,,,,,,,,
2008122852,702,0,0,0,0,0,0,1,0,0,4,1,,67,9,2008,2,40.0546,-75.1497,659.0,6,0,0,0,0,0,0,0,0,,0,0,0,99,1,2,1,,0,40 03:16.700,,0,75 08:58.941,4,0,0,0,67301,0,0,0,N,0,0,0,13,67301,2,,1,1,,Y,N,,1,,0,0,0,3.0,2,,9999,2,2,0,0,0,0,0,3,4,0,2,3,,N,,,,,,,,,,,
2008119488,1635,0,0,0,0,0,0,0,0,0,8,0,,67,9,2008,1,40.0062,-75.1518,1630.0,6,0,0,0,0,0,0,0,0,,0,0,0,16,1,1,1,,0,40 00:22.203,,0,75 09:06.487,3,0,0,0,67301,1,0,0,,1,0,0,2,67301,0,,1,1,,N,N,,0,,1,0,0,3.0,3,,1630,1,2,0,0,0,0,0,3,4,0,1,3,,N,,,,,,,,,,,
2008120653,1757,1,0,0,1,0,0,0,0,0,4,0,,67,9,2008,1,39.9668,-75.2418,1756.0,6,0,0,0,0,0,0,0,0,,0,0,0,15,1,2,1,,0,39 58:00.577,,0,75 14:30.400,8,0,0,0,67301,2,0,0,,0,0,0,3,67301,0,,1,1,,N,N,,0,,0,0,0,3.0,3,,1500,2,2,0,0,0,2,1,3,4,0,1,3,,N,,,,,,,,,,,
2009013735,133,1,0,0,0,0,0,0,0,0,7,0,,67,11,2008,5,40.0408,-75.1333,130.0,6,0,0,0,0,0,0,0,0,,0,0,0,1,3,0,0,,0,40 02:27.009,,0,75 07:59.865,0,0,0,0,67301,0,0,0,N,0,0,0,1,67301,0,,6,1,,N,N,,0,,0,0,0,0.0,0,,127,0,1,0,0,0,0,0,3,4,0,1,3,,N,,,,,,,,,,,
2009001017,1557,2,0,0,0,0,0,0,0,0,1,0,,67,11,2008,3,39.9589,-75.1568,1551.0,6,0,1,0,0,0,0,0,0,,0,0,0,15,1,1,0,,0,39 57:32.065,,0,75 09:24.321,3,0,0,0,67301,0,0,0,,0,0,0,2,67301,0,,1,1,,,,,0,,1,0,0,0.0,0,,1551,1,2,0,0,2,0,0,3,4,0,2,3,,N,,,,,,,,,,,
2009002000,344,0,0,0,0,0,0,0,0,0,1,0,,67,11,2008,2,39.9564,-75.1954,335.0,6,0,0,0,0,0,1,0,0,,0,1,0,3,3,1,0,,0,39 57:22.976,,0,75 11:43.251,8,0,0,0,67301,0,0,0,,0,0,0,3,67301,0,,1,1,,N,N,,0,,0,0,0,3.0,2,,343,1,2,0,0,0,1,0,3,4,1,2,3,,N,,,,,,,,,,,
2009002100,2237,1,0,0,0,0,0,0,0,0,8,0,,67,10,2008,2,39.9305,-75.1497,2235.0,6,0,0,0,0,0,0,0,0,,0,0,0,22,3,1,5,,0,39 55:49.947,,0,75 08:59.099,2,0,0,0,67301,1,0,1,N,1,0,1,2,67301,0,,1,1,,N,N,,0,,0,1,0,3.0,2,,2235,1,2,0,0,0,0,0,3,4,0,1,3,,N,,,,,,,,,,,
2009002124,414,0,0,0,1,0,1,0,0,0,5,0,,67,11,2008,2,39.9717,-75.2119,409.0,6,0,0,0,0,0,0,0,0,,0,0,0,3,3,1,0,,0,39 58:17.979,,0,75 12:42.946,2,0,0,0,67301,1,0,1,N,0,0,0,2,67301,0,,2,1,,N,N,,0,,0,1,0,0.0,0,,350,1,2,0,0,0,0,0,3,4,1,1,3,,N,,,,,,,,,,,
2009007277,215,1,0,0,0,0,0,0,0,0,7,0,,67,12,2008,7,39.9822,-75.1004,209.0,6,0,0,1,0,0,0,0,0,,0,0,0,2,3,0,0,,0,39 58:56.072,,0,75 06:01.121,0,0,0,0,67301,0,0,0,Y,0,0,0,1,68K01,0,,2,1,,N,N,,0,,0,0,0,0.0,0,,202,0,1,0,0,0,0,0,3,4,0,1,3,,N,,,,,,,,,,,
2009006873,2030,1,0,0,0,0,0,0,0,0,7,0,,67,12,2008,4,40.004,-75.0767,2020.0,6,0,0,0,0,0,0,0,0,1.0,0,0,0,20,3,0,3,,2,40 00:14.760,1.0,2,75 04:35.760,0,0,0,0,67301,0,0,0,N,0,0,0,1,68K01,0,,7,1,,N,N,,0,,0,0,0,0.0,0,N,2016,0,1,0,0,0,0,0,3,4,0,1,3,,N,,,,,,,,,,,
2009001044,1159,1,0,0,0,0,0,0,0,0,1,0,,67,11,2008,2,39.9556,-75.234,1152.0,6,0,0,0,0,0,1,1,0,,0,0,0,11,1,1,1,,0,39 57:20.098,,0,75 14:02.378,4,0,0,0,67301,0,0,0,N,0,0,0,2,67301,1,,1,1,,N,N,,1,,0,0,0,3.0,2,,1154,1,2,0,0,0,0,0,3,4,0,2,3,,N,,,,,,,,,,,
2009013350,1253,1,0,0,0,0,0,0,0,0,4,0,,67,12,2008,5,39.9945,-75.1593,1250.0,6,0,0,0,0,0,1,0,0,,0,0,0,99,1,2,1,,0,39 59:40.362,,0,75 09:33.547,4,0,0,0,67301,0,0,0,,0,0,0,4,67301,2,,1,1,,N,N,,0,,0,0,0,3.0,2,,9999,2,2,0,0,0,0,0,3,4,1,2,3,,N,,,,,,,,,,,
2009013387,1845,2,0,0,0,0,0,0,0,0,4,0,,67,12,2008,2,40.0459,-74.9946,1824.0,6,0,0,0,0,0,1,1,0,1.0,0,0,0,18,3,1,1,,1,40 02:44.935,1.0,0,74 59:40.960,8,0,0,0,67301,0,0,0,N,0,0,0,2,67301,0,,1,1,,N,N,,0,,0,0,0,3.0,2,N,1823,1,2,0,0,0,1,0,3,4,0,2,3,,N,,,,,,,,,,,
2009013539,815,1,0,0,0,0,0,0,0,0,4,0,,67,12,2008,4,39.9036,-75.2244,810.0,6,0,0,0,0,0,1,0,0,,0,0,0,8,1,1,1,,0,39 54:12.970,,0,75 13:27.999,3,0,0,0,67301,0,0,0,N,0,0,0,2,67301,0,,1,1,,N,N,,1,,1,0,0,0.0,0,,800,1,2,0,0,0,0,0,3,4,0,2,3,,N,,,,,,,,,,,
2009013601,217,0,0,0,0,0,0,0,0,0,4,0,,67,11,2008,7,39.9241,-75.2455,215.0,6,0,0,0,0,0,0,0,0,,0,0,0,2,3,2,1,,0,39 55:26.683,,0,75 14:43.799,3,0,0,0,67301,0,0,0,N,0,0,0,2,67301,0,,1,1,,N,N,,0,,2,0,1,0.0,0,,210,2,2,0,0,0,0,0,3,4,0,2,3,,N,,,,,,,,,,,
2009013960,2255,3,0,0,0,0,0,0,0,0,1,0,,67,12,2008,3,39.992,-75.1749,2249.0,6,0,0,0,0,0,0,0,0,1.0,0,0,0,22,3,1,0,,2,39 59:31.023,5.0,0,75 10:29.704,8,0,0,0,67301,0,0,0,,0,0,0,2,67301,0,,1,1,,N,N,,0,,0,0,0,0.0,0,Y,2249,1,4,0,0,0,1,1,3,4,1,4,3,,N,,,,,,,,,,,
2009013413,1315,0,0,0,0,0,0,0,0,0,8,0,,67,11,2008,1,40.0867,-74.9594,1311.0,6,0,0,0,0,0,1,0,0,,0,0,0,13,1,1,0,,0,40 05:12.055,,7,74 57:33.692,8,0,0,0,67301,1,0,0,,1,0,0,2,67301,0,,1,9,,,,,0,,0,0,1,0.0,0,,1305,1,2,0,0,0,1,0,3,4,0,1,7,,N,,,,,,,,,,,
2009029244,0,0,0,0,0,0,0,0,0,0,8,0,,67,11,2008,4,,,0.0,6,0,0,0,0,0,0,0,0,,0,0,0,23,6,1,0,,0,,,0,,8,0,0,0,67301,1,0,0,N,1,0,0,2,00000,0,,1,1,,N,N,,0,,0,0,0,0.0,0,,2345,1,2,0,0,0,1,1,3,3,0,1,3,,N,,,,,,,,,,,
2009029286,0,1,0,0,0,0,0,0,0,0,1,0,,67,8,2008,6,40.0021,-75.1441,0.0,6,0,0,1,0,0,0,0,0,,0,0,0,23,6,2,1,,0,40 00:07.671,,0,75 08:38.742,8,0,0,0,67301,0,0,0,N,0,0,0,3,00000,0,,1,9,,N,N,,0,,0,0,0,9.0,2,,2330,2,2,0,0,0,2,1,3,4,1,2,7,,N,,,,,,,,,,,
2009024641,1155,1,0,0,0,0,0,0,0,0,8,0,,67,12,2008,2,39.9546,-75.1813,1148.0,6,0,0,0,0,0,1,0,0,,0,0,0,11,1,1,1,,0,39 57:16.200,,0,75 10:52.320,4,0,0,0,67301,1,0,0,N,1,0,0,2,67301,1,,1,1,,N,N,,0,,0,0,0,3.0,2,,1120,1,2,0,0,0,0,0,3,4,0,1,3,,N,,,,,,,,,,,
2009024692,1115,1,0,0,0,0,0,0,0,0,1,0,,67,12,2008,2,39.9843,-75.1199,1100.0,6,0,0,0,0,0,0,0,0,,0,0,0,11,1,0,0,,0,39 59:03.493,,0,75 07:11.680,0,0,0,0,67301,0,0,0,,0,0,0,1,67301,0,,6,1,,N,N,,1,,0,0,0,0.0,0,,1100,0,2,0,0,1,0,0,3,4,0,2,3,,N,,,,,,,,,,,
2009024606,221,0,0,0,0,0,0,0,0,0,8,0,,67,12,2008,1,40.0225,-75.2186,2214.0,6,0,0,0,0,0,0,0,0,3.0,0,0,0,2,8,1,0,,2,40 01:20.942,1.0,0,75 13:06.999,2,0,0,0,67301,1,0,1,N,1,0,1,2,67301,0,,1,1,,N,N,,0,,0,1,1,0.0,0,N,221,1,2,0,0,0,0,0,3,4,0,1,3,,N,,,,,,,,,,,
2009030782,1039,1,0,0,0,0,0,0,0,0,7,0,,67,12,2008,1,39.933,-75.2382,1034.0,6,0,0,0,0,0,0,0,0,1.0,0,0,0,10,1,0,0,,2,39 55:58.800,6.0,0,75 14:17.520,0,0,0,0,67301,0,0,0,N,0,0,0,2,67301,0,,4,2,,N,N,,0,,0,0,0,0.0,0,Y,1034,0,1,0,0,0,0,0,3,4,0,1,9,,N,,,,,,,,,,,
2009024825,704,1,0,0,0,0,0,0,0,0,7,0,,67,12,2008,3,39.9216,-75.1905,638.0,6,0,0,0,0,0,1,0,0,2.0,0,0,0,6,2,1,0,,2,39 55:17.670,4.0,1,75 11:25.725,4,0,0,0,67301,0,0,0,,0,0,0,1,67301,1,,2,9,,,,,0,,0,0,0,0.0,0,Y,638,1,1,0,0,0,0,0,3,4,0,1,7,,N,,,,,,,,,,,
2009024845,233,0,0,0,0,0,0,0,0,0,7,0,,67,12,2008,1,39.9968,-75.1589,232.0,6,0,0,0,0,0,0,0,0,,0,0,0,2,3,1,0,,0,39 59:48.616,,0,75 09:32.000,4,0,0,0,67301,0,0,0,,0,0,0,2,67301,1,,2,1,,,,,0,,0,0,0,3.0,3,,230,1,1,0,0,0,0,1,3,4,1,1,3,,N,,,,,,,,,,,
2009025381,2237,1,0,0,0,0,0,0,0,0,2,0,,67,12,2008,4,40.0459,-74.9946,2232.0,6,0,0,0,0,0,0,0,0,,0,0,0,22,3,1,1,,0,40 02:44.935,,0,74 59:40.960,4,0,0,0,67301,0,0,0,,0,0,0,3,67301,1,,1,9,,,,,0,,0,0,0,0.0,0,,2232,1,2,0,0,1,0,0,3,4,0,2,5,,N,,,,,,,,,,,
2009054709,1432,1,0,0,0,0,0,0,0,0,8,0,,67,7,2008,4,39.9961,-75.1344,1429.0,6,0,0,0,0,0,0,0,0,2.0,0,0,0,99,1,1,0,,2,39 59:45.984,1.0,0,75 08:03.941,2,0,0,0,67301,1,0,1,N,1,0,1,3,67301,0,,4,1,,N,N,,0,,0,1,0,0.0,0,Y,9999,1,2,0,0,2,0,0,3,4,0,1,3,,N,,,,,,,,,,,
2008095534,1343,0,0,0,0,0,0,0,0,0,2,0,,67,6,2008,5,39.9573,-75.2479,1340.0,6,0,0,0,0,0,0,0,0,,0,0,0,13,1,1,1,,0,39 57:26.577,,0,75 14:52.151,3,0,0,0,67301,0,0,0,N,0,0,0,2,67301,0,,1,1,,N,N,,0,,1,0,0,3.0,2,,1335,1,2,0,0,0,0,1,3,4,2,2,3,,N,,,,,,,,,,,
2008097933,806,1,0,0,0,0,0,0,0,0,7,0,,67,7,2008,5,40.078,-75.0237,804.0,6,0,0,0,0,0,0,0,0,1.0,0,0,0,8,1,1,1,,1,40 04:40.749,4.0,0,75 01:25.223,8,0,0,0,67301,0,0,0,,0,0,0,1,67301,0,,4,9,,,N,,0,,0,0,0,3.0,2,Y,801,1,1,0,0,0,1,0,3,4,0,1,7,,N,,,,,,,,,,,
2008095702,1316,1,0,0,0,0,0,0,0,0,8,0,,67,5,2008,2,40.0075,-75.1501,1316.0,6,0,0,0,0,0,0,0,0,,0,0,0,17,1,1,1,,0,40 00:26.838,,0,75 09:00.525,3,0,0,0,67301,1,0,0,N,1,0,0,2,67301,0,,1,1,,N,N,,0,,1,0,0,9.0,2,,1730,1,2,0,0,0,0,1,3,4,0,1,3,,N,,,,,,,,,,,
2008087963,1244,1,0,0,0,0,0,0,0,0,4,0,,67,6,2008,2,39.9073,-75.2281,1243.0,6,0,0,0,0,0,0,0,0,,0,0,0,12,1,1,2,,0,39 54:26.334,,0,75 13:41.041,4,0,0,0,67301,0,0,0,N,0,0,0,6,67301,1,,1,1,,N,N,,0,,0,0,0,3.0,3,,1242,1,2,0,0,0,0,1,3,4,1,2,3,,N,,,,,,,,,,,
2008086021,301,1,0,0,0,0,0,0,0,0,7,0,,67,7,2008,5,39.9666,-75.1876,255.0,6,0,0,0,0,0,0,0,0,1.0,0,0,0,2,3,0,0,,1,39 58:00.367,4.0,0,75 11:16.033,0,0,0,0,67301,0,0,0,N,0,0,0,1,68K01,0,,2,9,,N,N,,0,,0,0,0,0.0,0,N,254,0,1,0,0,0,0,0,3,4,0,1,7,,N,,,,,,,,,,,
2008088089,1004,1,0,0,0,0,0,0,0,0,1,0,,67,6,2008,4,39.9552,-75.1983,955.0,6,0,0,0,0,0,1,0,0,,0,0,0,9,1,0,1,,0,39 57:18.548,,0,75 11:53.953,0,0,0,0,67301,0,0,0,N,0,0,0,2,67301,0,,1,1,,N,N,,0,,0,0,1,3.0,2,,904,0,2,0,0,0,0,0,3,4,0,2,3,,N,,,,,,,,,,,
2008088090,1212,0,0,0,0,0,0,0,0,0,8,0,,67,6,2008,7,39.9518,-75.1426,1212.0,6,0,0,0,0,0,1,0,0,,0,0,0,12,1,1,2,,0,39 57:06.480,,0,75 08:33.360,4,0,0,0,67301,1,0,0,N,1,0,0,2,67301,1,,1,1,,N,N,,0,,0,0,1,0.0,0,,1212,1,2,0,0,0,0,0,3,4,0,1,3,,N,,,,,,,,,,,
2008088095,1020,0,0,0,0,0,0,0,0,0,4,0,,67,6,2008,6,40.0057,-75.1011,1014.0,6,0,0,0,0,0,0,0,0,,0,0,0,10,1,1,1,,0,40 00:20.426,,0,75 06:03.822,8,0,0,0,67301,0,0,0,,0,0,0,2,67301,0,,1,1,,,,,0,,0,0,0,3.0,2,,1010,1,2,0,0,0,1,0,3,4,2,2,3,,N,,,,,,,,,,,
2008087830,2358,1,0,0,0,0,0,0,0,0,4,0,,67,6,2008,7,39.9244,-75.1696,2350.0,6,0,0,0,1,0,0,0,0,,0,0,0,23,3,0,1,,0,39 55:27.729,,0,75 10:10.600,0,0,0,0,67301,0,0,0,N,0,0,0,2,67301,0,,1,1,,N,N,,1,,0,0,0,1.0,2,,2345,0,2,0,0,0,0,0,3,4,0,2,3,,N,,,,,,,,,,,
2008087843,1900,0,0,0,0,0,0,0,0,0,7,0,,67,6,2008,4,39.9968,-75.2005,1853.0,6,0,0,0,0,0,0,0,0,2.0,0,0,0,18,6,1,0,,2,39 59:48.656,3.0,0,75 12:01.917,4,0,0,0,67301,0,0,0,N,0,0,0,1,67301,1,,5,9,,N,N,,1,,0,0,0,0.0,0,Y,1850,1,1,0,0,0,0,0,3,4,0,1,7,,N,,,,,,,,,,,
2008087858,1540,0,0,0,0,0,0,0,0,0,8,0,,67,6,2008,3,39.9777,-75.1731,1536.0,6,0,0,0,0,0,0,0,0,,0,0,0,15,1,1,2,,0,39 58:39.896,,0,75 10:23.203,4,0,0,0,67301,1,0,0,N,1,0,0,2,67301,1,,9,1,,N,N,,0,,0,0,0,9.0,3,,1500,1,2,0,0,0,0,1,3,4,0,1,3,,N,,,,,,,,,,,
2008081006,1736,1,0,0,1,0,0,0,0,0,4,0,,67,5,2008,4,40.0792,-74.971,1730.0,6,0,0,0,0,0,0,1,0,,0,0,0,15,1,1,2,,0,40 04:45.120,,0,74 58:15.578,4,0,0,0,67301,1,0,0,,0,0,0,2,67301,1,,1,1,,N,,,0,,0,0,0,0.0,0,,1525,1,2,0,0,0,0,0,3,4,0,1,3,,N,,,,,,,,,,,
2008098029,1740,0,0,0,0,0,0,0,0,0,8,0,,67,7,2008,3,40.0049,-75.1539,1740.0,6,0,0,0,0,0,1,0,0,,0,0,0,17,1,1,1,,0,40 00:17.589,,0,75 09:14.000,4,0,0,0,67301,1,0,0,N,1,0,0,2,67301,1,,1,1,,N,Y,,0,,0,0,0,3.0,2,,1740,1,2,0,0,0,0,0,3,4,1,1,3,,N,,,,,,,,,,,
2008100584,1230,1,0,0,0,0,0,0,0,0,4,0,,67,7,2008,6,40.0609,-75.1679,1230.0,6,0,0,0,0,0,0,1,0,,0,0,0,17,1,1,2,,0,40 03:39.285,,0,75 10:04.294,3,0,0,0,67301,0,0,0,N,0,0,0,2,67301,0,,1,1,,N,N,,0,,1,0,0,0.0,0,,1715,1,2,0,0,1,0,0,3,4,0,2,3,,N,,,,,,,,,,,
2008095568,1603,1,0,0,0,0,0,0,0,0,1,0,,67,6,2008,5,39.9533,-75.2243,1603.0,6,0,0,0,0,0,1,0,0,,0,0,0,14,1,1,1,,0,39 57:11.822,,0,75 13:27.343,4,0,0,0,67301,0,0,0,N,0,0,0,3,67301,1,,1,1,,N,N,,0,,0,0,0,3.0,3,,1400,1,2,0,0,2,0,0,3,4,0,2,3,,N,,,,,,,,,,,
2008098194,1540,2,0,0,0,0,0,0,0,0,4,0,,67,7,2008,2,39.9705,-75.2462,1535.0,6,0,0,0,0,0,0,1,0,,0,0,0,15,1,1,1,,0,39 58:13.789,,0,75 14:46.492,4,0,0,0,67301,0,0,0,N,0,0,0,2,67301,1,,1,1,,N,N,,0,,0,0,0,9.0,3,,1530,1,2,0,0,0,0,0,3,4,0,2,99,,N,,,,,,,,,,,
2008098205,2020,2,0,0,0,0,0,0,0,0,4,0,,67,7,2008,5,40.0363,-75.0718,2020.0,6,0,0,1,0,0,0,0,0,2.0,0,0,0,19,1,0,1,,1,40 02:10.662,4.0,0,75 04:18.319,0,0,0,0,67301,0,0,0,N,0,0,0,3,67301,0,,1,1,,N,N,,0,,0,0,0,3.0,3,Y,1900,0,2,0,0,3,0,0,3,4,0,2,3,,N,,,,,,,,,,,