CRN,ARRIVAL_TM,AUTOMOBILE_COUNT,BELTED_DEATH_COUNT,BELTED_SUSP_SERIOUS_INJ_COUNT,BICYCLE_COUNT,BICYCLE_DEATH_COUNT,BICYCLE_SUSP_SERIOUS_INJ_COUNT,BUS_COUNT,CHLDPAS_DEATH_COUNT,CHLDPAS_SUSP_SERIOUS_INJ_COUNT,COLLISION_TYPE,COMM_VEH_COUNT,CONS_ZONE_SPD_LIM,COUNTY,CRASH_MONTH,CRASH_YEAR,DAY_OF_WEEK,DEC_LAT,DEC_LONG,DISPATCH_TM,DISTRICT,DRIVER_COUNT_16YR,DRIVER_COUNT_17YR,DRIVER_COUNT_18YR,DRIVER_COUNT_19YR,DRIVER_COUNT_20YR,DRIVER_COUNT_50_64YR,DRIVER_COUNT_65_74YR,DRIVER_COUNT_75PLUS,EST_HRS_CLOSED,FATAL_COUNT,HEAVY_TRUCK_COUNT,HORSE_BUGGY_COUNT,HOUR_OF_DAY,ILLUMINATION,INJURY_COUNT,INTERSECT_TYPE,INTERSECTION_RELATED,LANE_CLOSED,LATITUDE,LN_CLOSE_DIR,LOCATION_TYPE,LONGITUDE,MAX_SEVERITY_LEVEL,MCYCLE_DEATH_COUNT,MCYCLE_SUSP_SERIOUS_INJ_COUNT,MOTORCYCLE_COUNT,MUNICIPALITY,NONMOTR_COUNT,NONMOTR_DEATH_COUNT,NONMOTR_SUSP_SERIOUS_INJ_COUNT,NTFY_HIWY_MAINT,PED_COUNT,PED_DEATH_COUNT,PED_SUSP_SERIOUS_INJ_COUNT,PERSON_COUNT,POLICE_AGCY,POSSIBLE_INJ_COUNT,RDWY_SURF_TYPE_CD,RELATION_TO_ROAD,ROAD_CONDITION,ROADWAY_CLEARED,SCH_BUS_IND,SCH_ZONE_IND,SECONDARY_CRASH,SMALL_TRUCK_COUNT,SPEC_JURIS_CD,SUSP_MINOR_INJ_COUNT,SUSP_SERIOUS_INJ_COUNT,SUV_COUNT,TCD_FUNC_CD,TCD_TYPE,TFC_DETOUR_IND,TIME_OF_DAY,TOT_INJ_COUNT,TOTAL_UNITS,UNB_DEATH_COUNT,UNB_SUSP_SERIOUS_INJ_COUNT,UNBELTED_OCC_COUNT,UNK_INJ_DEG_COUNT,UNK_INJ_PER_COUNT,URBAN_AREA,URBAN_RURAL,VAN_COUNT,VEHICLE_COUNT,WEATHER1,WEATHER2,WORK_ZONE_IND,WORK_ZONE_LOC,WORK_ZONE_TYPE,WORKERS_PRES,WZ_CLOSE_DETOUR,WZ_FLAGGER,WZ_LAW_OFFCR_IND,WZ_LN_CLOSURE,WZ_MOVING,WZ_OTHER,WZ_SHLDER_MDN,WZ_WORKERS_INJ_KILLED
2008096080,1638,1,0,0,0,0,0,0,0,0,8,0,,67,6,2008,1,39.9215,-75.1638,1636.0,6,0,0,1,0,0,0,0,0,,0,0,0,16,1,1,0,,0,39 55:17.500,,0,75 09:49.741,3,0,0,0,67301,1,0,0,N,1,0,0,2,67301,0,,1,1,,N,N,,0,,1,0,0,0.0,0,,1630,1,2,0,0,0,0,0,3,4,0,1,3,,N,,,,,,,,,,,
2008096086,2255,2,0,0,0,0,0,0,0,0,1,0,,67,7,2008,6,39.9877,-75.2162,2250.0,6,0,0,0,0,0,0,0,0,,0,0,0,22,3,0,2,,0,39 59:15.691,,0,75 12:58.441,0,0,0,0,67301,0,0,0,N,0,0,0,4,67301,0,,1,9,,N,N,,0,,0,0,0,3.0,2,,2245,0,2,0,0,0,0,0,3,4,0,2,7,,N,,,,,,,,,,,
2008098250,2215,3,0,0,0,0,0,0,0,0,4,0,,67,7,2008,4,40.0971,-75.0182,2213.0,6,0,0,0,0,0,0,0,0,,0,0,0,22,3,3,1,,0,40 05:49.711,,0,75 01:05.375,3,0,0,0,67301,0,0,0,,0,0,0,4,67301,0,,1,9,,,,,0,,3,0,0,3.0,2,,2211,3,3,0,0,0,0,0,3,4,0,3,7,,N,,,,,,,,,,,
2008091182,1453,0,0,0,0,0,0,0,0,0,0,0,,67,8,2008,6,39.9777,-75.2012,1453.0,6,0,0,0,0,0,0,0,0,1.0,0,0,0,14,1,1,0,,1,39 58:41.880,3.0,0,75 12:08.640,4,0,0,0,67301,0,0,0,N,0,0,0,2,68K01,1,,1,1,,N,N,,1,,0,0,1,0.0,0,N,1446,1,2,0,0,0,0,0,3,4,0,2,3,,N,,,,,,,,,,,
2008098379,1225,2,0,0,0,0,0,0,0,0,4,0,,67,6,2008,6,39.9968,-75.1164,1220.0,6,0,0,0,0,0,0,0,0,,0,0,0,12,1,2,2,,0,39 59:48.641,,0,75 06:59.226,8,0,0,0,67301,0,0,0,N,0,0,0,3,67301,0,,1,1,,N,N,,0,,0,0,0,3.0,3,,1220,2,2,0,0,0,2,0,3,4,0,2,3,,N,,,,,,,,,,,
2008081427,2338,1,0,0,0,0,0,0,0,0,4,0,,67,3,2008,3,39.9603,-75.1618,2336.0,6,0,0,0,0,0,1,0,0,3.0,0,0,0,23,3,1,2,,2,39 57:37.208,2.0,0,75 09:42.429,8,0,0,0,67301,0,0,0,N,0,0,0,3,67301,0,,1,9,,N,N,,1,,0,0,0,0.0,0,Y,2335,1,2,0,0,0,1,0,3,4,0,2,7,,N,,,,,,,,,,,
2008078954,2050,1,0,0,0,0,0,0,0,0,8,0,,67,6,2008,3,40.0399,-75.0325,2045.0,6,0,0,0,0,1,0,0,0,,0,0,0,20,3,1,0,,0,40 02:20.442,,0,75 02:05.333,8,0,0,0,67301,1,0,0,,1,0,0,2,67301,0,,1,1,,,,,0,,0,0,0,0.0,0,,2045,1,2,0,0,0,1,1,3,4,0,1,3,,N,,,,,,,,,,,
2008099593,1856,1,0,0,0,0,0,0,0,0,5,0,,67,7,2008,2,40.0192,-75.1307,1853.0,6,0,0,0,0,0,0,0,0,,0,0,0,18,1,1,1,,0,40 01:09.019,,0,75 07:50.671,4,0,0,1,67301,0,0,0,N,0,0,0,2,67301,1,,1,1,,N,N,,0,,0,0,0,3.0,3,,1850,1,2,0,0,0,0,0,3,4,0,2,3,,N,,,,,,,,,,,
2008107762,1500,1,0,0,1,0,0,0,0,0,2,0,,67,8,2008,6,39.9503,-75.1917,1500.0,6,0,0,0,0,0,0,0,0,,0,0,0,9,1,1,1,,0,39 57:01.213,,0,75 11:30.103,4,0,0,0,67301,1,0,0,N,0,0,0,2,67301,1,,1,1,,N,N,,0,,0,0,0,9.0,2,,930,1,2,0,0,0,0,1,3,4,0,1,3,,N,,,,,,,,,,,
2008104763,1314,1,0,0,0,0,0,0,0,0,7,0,,67,9,2008,2,39.8762,-75.2574,1253.0,6,0,0,0,0,0,0,0,0,2.0,0,0,0,12,1,2,0,,1,39 52:34.499,1.0,0,75 15:26.610,3,0,0,0,67301,0,0,0,Y,0,0,0,2,68K01,1,,2,1,,N,N,,0,,1,0,0,0.0,0,N,1245,2,1,0,0,1,0,0,3,4,0,1,3,,N,,,,,,,,,,,
2008119564,404,2,0,0,0,0,0,0,0,0,5,0,,67,10,2008,7,39.9516,-75.1687,404.0,6,0,0,0,0,0,0,0,0,,0,0,0,4,3,0,0,,0,39 57:05.728,,0,75 10:07.451,0,0,0,0,67301,4,0,0,,0,0,0,6,67301,0,,4,1,,,,,0,,0,0,0,0.0,0,,400,0,2,0,0,2,0,0,3,4,0,2,3,,N,,,,,,,,,,,
2008122856,1505,2,0,0,0,0,0,0,0,0,4,0,,67,9,2008,7,40.0486,-75.1449,1500.0,6,0,0,0,0,0,2,0,0,,0,0,0,14,1,1,1,,0,40 02:55.097,,0,75 08:41.622,8,0,0,0,67301,0,0,0,,0,0,0,2,67301,0,,1,1,,N,N,,0,,0,0,0,3.0,2,,1455,1,2,0,0,0,1,1,3,4,0,2,3,,N,,,,,,,,,,,
2008119469,1345,1,0,0,0,0,0,0,0,0,4,0,,67,7,2008,3,39.9002,-75.1746,1344.0,6,0,0,0,0,0,0,0,0,,0,0,0,13,1,3,1,,0,39 54:00.574,,0,75 10:28.607,4,0,0,1,67301,0,0,0,N,0,0,0,3,67301,2,,1,1,,N,N,,0,,0,0,0,3.0,2,,1343,3,2,0,0,0,1,0,3,4,0,2,3,,N,,,,,,,,,,,
2008119554,2118,1,0,0,0,0,0,0,0,0,7,0,,67,9,2008,6,40.0782,-74.9781,2116.0,6,0,0,0,0,0,0,0,0,1.0,0,0,0,21,3,0,0,,1,40 04:41.430,2.0,0,74 58:41.411,0,0,0,0,67301,0,0,0,N,0,0,0,1,67301,0,,3,1,,N,N,,0,,0,0,0,0.0,0,N,2113,0,1,0,0,0,0,0,3,4,0,1,3,,N,,,,,,,,,,,
2009013861,2035,1,0,0,0,0,0,0,0,0,1,0,,67,12,2008,7,40.0233,-75.179,2025.0,6,0,0,0,0,0,0,0,0,,0,0,0,20,3,1,1,,0,40 01:24.019,,0,75 10:44.495,8,0,0,0,67301,0,0,0,N,0,0,0,2,67301,0,,1,9,,N,N,,0,,0,0,1,3.0,2,,2020,1,2,0,0,1,1,0,3,4,0,2,10,,N,,,,,,,,,,,
2009006465,1957,3,0,0,0,0,0,0,0,0,1,0,,67,12,2008,6,40.0054,-75.1967,1953.0,6,0,0,0,0,0,0,0,0,,0,0,0,19,3,0,0,,0,40 00:17.961,,0,75 11:46.328,0,0,0,0,67301,0,0,0,N,0,0,0,5,68K01,0,,1,1,,N,N,,0,,0,0,0,0.0,0,,1949,0,3,0,0,0,0,0,3,4,0,3,3,,N,,,,,,,,,,,
2009001023,1137,2,0,0,0,0,0,0,0,0,4,0,,67,8,2008,1,39.9725,-75.1601,1137.0,6,0,0,0,0,0,1,0,0,,0,0,0,99,1,2,1,,0,39 58:21.021,,0,75 09:36.266,2,0,0,0,67301,0,0,0,N,0,0,0,2,67301,0,,1,1,,N,N,,0,,0,2,1,3.0,3,,9999,2,3,0,0,0,0,0,3,4,0,3,3,,N,,,,,,,,,,,
2009001982,1430,2,0,0,0,0,0,0,0,0,5,0,,67,11,2008,6,40.0392,-75.0177,1425.0,6,0,0,0,0,0,1,0,0,,0,0,0,14,1,2,0,,0,40 02:14.095,,0,75 01:16.947,8,0,0,0,67301,0,0,0,,0,0,0,2,67301,0,,1,9,,,,,0,,0,0,0,0.0,0,,1425,2,2,0,0,0,2,0,3,4,0,2,7,,N,,,,,,,,,,,
2009001996,1612,1,0,0,0,0,0,0,0,0,7,0,,67,11,2008,1,39.9809,-75.2069,1609.0,6,0,0,0,0,0,0,0,0,5.0,0,0,0,16,3,1,0,,2,39 58:51.385,6.0,0,75 12:25.010,8,0,0,0,67301,0,0,0,,0,0,0,1,67301,0,,2,1,,N,N,,0,,0,0,0,0.0,0,Y,1609,1,1,0,0,1,1,0,3,4,0,1,3,,N,,,,,,,,,,,
2009001049,1452,3,0,0,0,0,0,0,0,0,1,0,,67,11,2008,1,39.9241,-75.2455,1446.0,6,0,0,0,0,0,1,0,1,,0,0,0,14,1,0,1,,0,39 55:26.683,,0,75 14:43.799,0,0,0,0,67301,0,0,0,,0,0,0,4,67301,0,,1,1,,,,,0,,0,0,0,0.0,0,,1408,0,3,0,0,0,0,0,3,4,0,3,3,,N,,,,,,,,,,,
2009024787,545,1,0,0,0,0,0,0,0,0,7,0,,67,12,2008,1,40.0016,-75.1528,540.0,6,0,0,0,0,0,0,0,0,,0,0,0,5,3,1,1,,0,40 00:05.705,,0,75 09:10.074,8,0,0,0,67301,0,0,0,,0,0,0,1,67301,0,,5,6,,,,,0,,0,0,0,3.0,2,,530,1,1,0,0,0,1,0,3,4,0,1,9,,N,,,,,,,,,,,
2009031195,1341,2,0,0,0,0,0,0,0,0,1,0,,67,10,2008,4,40.0072,-75.1234,1340.0,6,0,0,0,0,0,0,0,0,,0,0,0,13,1,1,1,,0,40 00:25.981,,0,75 07:24.379,8,0,0,0,67301,0,0,0,N,0,0,0,2,67301,0,,1,1,,N,N,,0,,0,0,0,2.0,2,,1340,1,2,0,0,2,1,0,3,4,0,2,3,,N,,,,,,,,,,,
2009002233,1720,1,0,0,0,0,0,0,0,0,6,0,,67,11,2008,5,40.0518,-75.1538,1713.0,6,0,0,0,0,0,1,0,0,,0,0,0,17,3,1,1,,0,40 03:06.386,,0,75 09:13.744,8,0,0,0,67301,0,0,0,N,0,0,0,3,67301,0,,1,9,,N,N,,0,,0,0,0,3.0,3,,1713,1,2,0,0,0,1,0,3,4,1,2,7,,N,,,,,,,,,,,
2009000876,1859,2,0,0,0,0,0,0,0,0,4,0,,67,10,2008,7,40.0324,-75.051,1857.0,6,0,0,0,0,0,1,0,0,3.0,0,0,0,18,4,2,1,,1,40 01:56.420,7.0,0,75 03:03.630,8,0,0,0,67301,0,0,0,N,0,0,0,3,67301,0,,1,9,,N,N,,0,,0,0,0,3.0,2,N,1857,2,2,0,0,0,2,0,3,4,0,2,7,,N,,,,,,,,,,,
2009001028,1828,1,0,0,0,0,0,0,0,0,8,0,,67,11,2008,5,40.0088,-75.0901,1824.0,6,0,0,0,0,0,0,0,0,,0,0,0,18,3,1,2,,0,40 00:31.566,,0,75 05:24.273,4,0,0,0,67301,1,0,0,,1,0,0,2,67301,1,,1,9,,,,,0,,0,0,0,0.0,0,,1820,1,2,0,0,0,0,1,3,4,0,1,7,,N,,,,,,,,,,,
2009007087,1606,0,0,0,0,0,0,0,0,0,1,0,,67,12,2008,2,39.9513,-75.1413,1546.0,6,0,0,0,0,0,1,0,0,,0,0,0,15,1,0,0,,0,39 57:20.500,,2,75 08:29.470,0,0,0,0,67301,0,0,0,N,0,0,0,3,68K01,0,,1,1,,N,N,,1,,0,0,1,0.0,0,,1541,0,2,0,0,0,0,0,3,4,0,2,3,,N,,,,,,,,,,,
2009015056,1830,2,0,0,0,0,0,0,0,0,6,0,,67,11,2008,7,39.9404,-75.2366,1828.0,6,0,0,0,0,0,0,0,0,,0,0,0,99,3,2,1,,0,39 56:25.328,,0,75 14:11.791,4,0,0,0,67301,0,0,0,,0,0,0,3,67301,2,,1,1,,,,,0,,0,0,1,2.0,2,,9999,2,3,0,0,0,0,0,3,4,0,3,3,,N,,,,,,,,,,,
2009015061,2222,0,0,0,0,0,0,0,0,0,7,0,,67,12,2008,3,40.0415,-75.0538,2222.0,6,0,0,0,0,0,0,0,0,,0,0,0,22,3,1,0,,0,40 02:29.302,,0,75 03:13.654,4,0,0,0,67301,0,0,0,,0,0,0,1,67301,1,,5,9,,N,N,,0,,0,0,0,0.0,0,,2205,1,1,0,0,0,0,0,3,4,1,1,7,,N,,,,,,,,,,,
2009012651,2250,1,0,0,0,0,0,0,0,0,8,0,,67,12,2008,5,39.9244,-75.1696,2245.0,6,0,0,0,0,0,0,0,0,,0,0,0,22,3,1,1,,0,39 55:27.729,,0,75 10:10.600,4,0,0,0,67301,1,0,0,,1,0,0,2,67301,1,,1,1,,,,,0,,0,0,0,3.0,2,,2215,1,2,0,0,0,0,1,3,4,0,1,3,,N,,,,,,,,,,,
2009012661,2005,1,0,0,0,0,0,0,0,0,7,0,,67,12,2008,2,39.9196,-75.2027,2000.0,6,0,0,0,0,0,0,0,0,3.0,0,0,0,20,3,5,0,,1,39 55:10.560,1.0,3,75 12:10.080,4,0,0,0,67301,0,0,0,N,0,0,0,5,67301,5,,3,9,,N,N,,0,,0,0,0,0.0,0,Y,2005,5,1,0,0,5,0,0,3,4,0,1,7,,N,,,,,,,,,,,
2008087889,805,1,0,0,0,0,0,0,0,0,8,0,,67,6,2008,2,39.9962,-75.114,800.0,6,0,0,0,0,0,0,0,0,,0,0,0,99,1,1,2,,0,39 59:46.244,,0,75 06:50.464,3,0,0,0,67301,1,0,0,N,1,0,0,2,67301,0,,1,1,,N,N,,0,,1,0,0,0.0,0,,9999,1,2,0,0,1,0,0,3,4,0,1,3,,N,,,,,,,,,,,
2008083446,1653,2,0,0,0,0,0,0,0,0,1,0,,67,7,2008,5,39.9776,-75.2011,1634.0,6,0,0,0,0,0,0,0,0,,0,0,0,16,1,1,0,,0,39 58:41.542,,0,75 12:08.300,8,0,0,0,67301,0,0,0,N,0,0,0,5,68K01,0,,1,1,,N,N,,0,,0,0,0,0.0,0,,1625,1,2,0,0,0,1,0,3,4,0,2,3,,N,,,,,,,,,,,
2008081003,2032,1,0,0,0,0,0,0,0,0,8,0,,67,5,2008,7,39.9456,-75.1651,2030.0,6,0,0,0,0,0,0,0,0,,0,0,0,20,1,1,1,,0,39 56:44.049,,0,75 09:54.498,3,0,0,0,67301,1,0,0,,1,0,0,2,67301,0,,1,1,,,,,0,,1,0,0,3.0,2,,2000,1,2,0,0,0,0,0,3,4,0,1,3,,N,,,,,,,,,,,
2008098020,1009,1,0,0,0,0,0,0,0,0,8,0,,67,6,2008,3,39.9674,-75.2457,1007.0,6,0,0,0,0,0,0,0,1,,0,0,0,10,1,2,1,,0,39 58:02.425,,0,75 14:44.667,4,0,0,0,67301,2,0,0,,2,0,0,3,67301,1,,1,1,,,,,0,,0,0,0,3.0,2,,1006,2,3,0,0,0,1,0,3,4,0,1,3,,N,,,,,,,,,,,
2008098031,46,1,0,0,0,0,0,0,0,0,4,0,,67,6,2008,1,39.9775,-75.158,44.0,6,0,0,0,0,0,0,0,0,,0,0,0,0,3,1,0,,0,39 58:39.086,,0,75 09:28.991,3,0,0,1,67301,0,0,0,N,0,0,0,3,67301,0,,1,1,,N,N,,0,,1,0,0,0.0,0,,44,1,2,0,0,0,0,0,3,4,0,2,3,,N,,,,,,,,,,,
2008100586,1655,0,0,0,0,0,0,0,0,0,7,0,,67,8,2008,7,39.9709,-75.1195,1650.0,6,0,0,0,0,0,0,0,0,,0,0,0,16,1,1,0,,0,39 58:15.146,,0,75 07:10.311,3,0,0,0,67301,0,0,0,N,0,0,0,1,67301,0,,2,2,,N,N,,0,,1,0,0,0.0,0,,1632,1,1,0,0,0,0,0,3,4,0,1,3,,N,,,,,,,,,,,
2008098253,2309,0,0,0,0,0,0,0,0,0,2,0,,67,6,2008,6,40.0667,-75.1453,2305.0,6,0,0,0,0,0,0,0,0,,0,0,0,23,3,2,2,,0,40 03:59.968,,0,75 08:42.878,8,0,0,0,67301,0,0,0,N,0,0,0,2,67301,0,,1,9,,N,N,,0,,0,0,2,0.0,0,,2305,2,2,0,0,0,2,0,3,4,0,2,7,,N,,,,,,,,,,,
2008075994,756,1,0,0,0,0,0,0,0,0,1,1,,67,6,2008,5,39.9597,-75.176,755.0,6,0,0,0,0,0,0,0,0,,0,1,0,7,1,1,0,,0,39 57:35.661,,0,75 10:40.984,4,0,0,0,67301,0,0,0,N,0,0,0,3,68K01,1,,1,1,,N,N,,0,,0,0,0,0.0,0,,745,1,2,0,0,0,0,0,3,4,0,2,3,,N,,,,,,,,,,,
2008089355,2000,1,0,0,0,0,0,0,0,0,4,0,,67,6,2008,1,40.0159,-75.1538,2000.0,6,0,1,0,0,0,0,0,0,3.0,0,0,0,19,1,1,1,,1,40 00:57.144,4.0,0,75 09:13.829,4,0,0,0,67301,0,0,0,,0,0,0,2,67301,1,,1,1,,N,N,,0,,0,0,1,0.0,0,N,1958,1,2,0,0,0,0,0,3,4,0,2,3,,N,,,,,,,,,,,
2008081487,1247,1,0,0,0,0,0,0,0,0,4,0,,67,5,2008,3,39.9512,-75.1544,1245.0,6,0,0,0,0,0,1,0,0,,0,0,0,99,1,1,0,,0,39 57:04.298,,0,75 09:15.793,4,0,0,0,67301,0,0,0,,0,0,0,2,67301,1,,1,9,,,,,1,,0,0,0,0.0,0,,9999,1,2,0,0,0,0,0,3,4,0,2,7,,N,,,,,,,,,,,
2008108013,1135,0,0,0,1,0,0,0,0,0,4,0,,67,8,2008,7,40.0742,-75.0848,1132.0,6,0,0,0,0,0,0,0,0,,0,0,0,11,1,1,0,,0,40 04:27.120,,7,75 05:05.280,8,0,0,0,67301,1,0,0,N,0,0,0,2,67301,0,,1,1,,N,N,,0,,0,0,1,0.0,0,,1125,1,2,0,0,0,1,0,3,4,0,1,3,,N,,,,,,,,,,,
2008108018,313,1,0,0,0,0,0,0,0,0,7,0,,67,9,2008,2,39.9119,-75.2221,310.0,6,0,0,0,0,0,0,0,0,,0,0,0,3,3,1,0,,0,39 54:47.841,,0,75 13:18.003,3,0,0,0,67301,0,0,0,Y,0,0,0,1,67301,0,,5,1,,N,N,,0,,1,0,0,0.0,0,,309,1,1,0,0,0,0,0,3,4,0,1,3,,N,,,,,,,,,,,
2008070816,2335,2,0,0,0,0,0,0,0,0,4,0,,67,4,2008,6,39.98,-75.1161,2327.0,6,0,0,1,0,0,0,0,0,2.0,0,0,0,23,3,4,1,,2,39 58:48.215,2.0,0,75 06:57.922,3,0,0,0,67301,0,0,0,N,0,0,0,5,67301,1,,1,9,,N,N,,0,,3,0,0,3.0,2,Y,2303,4,2,0,0,0,0,0,3,4,0,2,7,,N,,,,,,,,,,,
2008070819,1405,2,0,0,0,0,0,0,0,0,1,0,,67,4,2008,4,40.0554,-75.1497,1405.0,6,0,0,0,0,0,0,1,0,,0,0,0,15,1,2,0,,0,40 03:19.410,,0,75 08:58.850,8,0,0,0,67301,0,0,0,N,0,0,0,7,67301,0,,1,1,,N,N,,0,,0,0,0,0.0,0,,1530,2,2,0,0,0,2,3,3,4,0,2,3,,N,,,,,,,,,,,
2008107992,2020,2,0,0,0,0,0,0,0,0,1,0,,67,8,2008,5,39.9779,-75.2138,2010.0,6,0,0,0,0,0,0,0,0,,0,0,0,17,1,1,0,,0,39 58:40.201,,0,75 12:49.239,4,0,0,0,67301,0,0,0,N,0,0,0,2,67301,1,,1,1,,N,N,,0,,0,0,0,3.0,2,,1748,1,2,0,0,0,0,1,3,4,0,2,3,,N,,,,,,,,,,,
2008070991,925,3,0,0,0,0,0,0,0,0,1,0,,67,4,2008,3,40.0805,-75.0287,922.0,6,0,0,0,0,1,1,1,0,1.0,0,0,0,9,1,3,0,,1,40 04:49.617,1.0,0,75 01:43.293,4,0,0,0,67301,0,0,0,N,0,0,0,7,67301,3,,1,1,,N,N,,1,,0,0,0,0.0,0,N,921,3,4,0,0,0,0,0,3,4,0,4,3,,N,,,,,,,,,,,
2008094741,1122,1,0,0,0,0,0,0,0,0,1,0,,67,8,2008,4,40.0071,-75.1999,1122.0,6,0,0,0,0,0,1,0,0,,0,0,0,11,1,1,0,,0,40 00:25.533,,0,75 11:59.748,4,0,0,0,67301,0,0,0,N,0,0,0,4,68K01,1,,1,1,,N,N,,0,,0,0,1,0.0,0,,1113,1,2,0,0,0,0,0,3,4,0,2,3,,N,,,,,,,,,,,
2008113483,854,3,0,0,0,0,0,0,0,0,1,0,,67,10,2008,6,40.0077,-75.2009,851.0,6,0,0,0,0,0,1,0,0,1.0,0,0,0,8,1,0,0,,1,40 00:26.341,4.0,0,75 11:59.400,0,0,0,0,67301,0,0,0,N,0,0,0,4,68K01,0,,1,1,,N,N,,0,,0,0,1,0.0,0,N,849,0,4,0,0,0,0,0,3,4,0,4,3,,N,,,,,,,,,,,
2008120828,820,1,0,0,0,0,0,1,0,0,6,1,,67,9,2008,3,39.9877,-75.1545,810.0,6,0,0,0,0,0,2,0,0,,0,0,0,8,1,4,1,,0,39 59:15.720,,0,75 09:16.200,3,0,0,0,67301,0,0,0,,0,0,0,5,67301,2,,1,1,,,,,1,,2,0,0,3.0,3,,805,4,3,0,0,0,0,0,3,4,0,3,3,,N,,,,,,,,,,,
2008122861,9999,0,0,0,1,0,0,1,0,0,8,1,,67,9,2008,2,39.9456,-75.165,9999.0,6,0,0,0,0,0,0,0,0,,0,0,0,99,1,1,1,,0,39 56:43.954,,0,75 09:54.100,4,0,0,0,67301,1,0,0,N,0,0,0,2,67301,1,,1,1,,N,N,,0,,0,0,0,9.0,9,,9999,1,2,0,0,0,0,0,3,4,0,1,3,,N,,,,,,,,,,,
2009021285,9999,1,0,0,1,0,0,0,0,0,4,0,,67,6,2008,7,39.9225,-75.2284,9999.0,6,0,0,0,0,0,0,0,0,,0,0,0,99,1,2,1,,0,39 55:21.104,,0,75 13:42.304,4,0,0,0,67301,1,0,0,N,0,0,0,2,67301,2,,1,1,,N,N,,0,,0,0,0,9.0,3,,9999,2,2,0,0,0,0,0,3,4,0,1,3,,N,,,,,,,,,,,
2009013747,430,2,0,0,0,0,0,0,0,0,1,0,,67,12,2008,7,39.9188,-75.1862,430.0,6,0,0,0,0,0,0,0,0,,0,0,0,4,3,0,0,,0,39 55:07.697,,0,75 11:10.349,9,0,0,0,67301,0,0,0,N,0,0,0,6,67301,0,,1,1,,N,N,,0,,0,0,0,0.0,0,,429,0,2,0,0,0,0,1,3,4,0,2,3,,N,,,,,,,,,,,
2009013756,1340,2,0,0,0,0,0,0,0,0,2,0,,67,11,2008,7,39.9851,-75.2474,1329.0,6,0,0,0,0,0,1,1,0,,0,0,0,13,1,4,1,,0,39 59:06.237,,0,75 14:50.529,8,0,0,0,67301,0,0,0,N,0,0,0,4,67301,0,,1,1,,N,N,,0,,0,0,0,9.0,2,,1329,4,2,0,0,0,4,0,3,4,0,2,3,,N,,,,,,,,,,,
2009000858,1909,1,0,0,0,0,0,0,0,0,8,0,,67,11,2008,5,39.9466,-75.1619,1908.0,6,0,0,0,0,0,1,0,0,,0,0,0,19,3,1,0,,0,39 56:47.922,,0,75 09:42.933,4,0,0,0,67301,1,0,0,,1,0,0,3,67301,1,,1,9,,,,,0,,0,0,0,0.0,0,,1907,1,2,0,0,1,0,0,3,4,0,1,7,,N,,,,,,,,,,,
2009001018,200,1,0,0,0,0,0,0,0,0,7,0,,67,11,2008,4,39.9612,-75.1466,200.0,6,0,0,0,0,0,0,0,0,1.0,0,0,0,2,3,0,1,,1,39 57:40.433,4.0,0,75 08:47.742,0,0,0,0,67301,0,0,0,,0,0,0,1,67301,0,,3,1,,,,,0,,0,0,1,3.0,2,N,200,0,3,0,0,0,0,0,3,4,1,3,3,,N,,,,,,,,,,,
2009003527,1752,1,0,0,1,0,0,0,0,0,4,0,,67,11,2008,1,39.9687,-75.2362,1749.0,6,0,0,0,0,0,0,0,0,,0,0,0,17,3,1,2,,0,39 58:07.240,,0,75 14:10.260,8,0,0,0,67301,1,0,0,,0,0,0,2,67301,0,,1,1,,N,N,,0,,0,0,0,3.0,3,,1745,1,2,0,0,0,1,0,3,4,0,1,3,,N,,,,,,,,,,,
2009024715,1339,0,0,0,0,0,0,0,0,0,4,0,,67,12,2008,3,39.9103,-75.1509,1337.0,6,0,0,0,0,0,1,0,0,,0,0,0,13,1,1,1,,0,39 54:37.276,,2,75 09:03.431,4,0,0,0,67301,0,0,0,,0,0,0,2,67301,1,,1,9,,N,N,,0,,0,0,0,3.0,2,,1335,1,2,0,0,0,0,0,3,4,2,2,9,,N,,,,,,,,,,,
2009024738,1037,0,0,0,1,0,0,0,0,0,5,0,,67,12,2008,6,39.9343,-75.2248,1036.0,6,0,0,0,0,0,0,1,0,,0,0,0,10,1,1,0,,0,39 56:03.587,,0,75 13:29.123,3,0,0,0,67301,1,0,0,N,0,0,0,2,67301,0,,6,9,,N,N,,0,,1,0,0,3.0,2,,1036,1,2,0,0,0,0,0,3,4,1,1,7,,N,,,,,,,,,,,
2009002032,842,3,0,0,0,0,0,0,0,0,4,0,,67,11,2008,6,40.0266,-75.0967,840.0,6,0,0,0,1,0,0,0,0,1.0,0,0,0,8,2,4,1,,1,40 01:35.632,2.0,0,75 05:48.280,4,0,0,0,67301,0,0,0,,0,0,0,9,67301,4,,1,9,,,,,0,,0,0,0,3.0,2,N,840,4,3,0,0,0,0,0,3,4,0,3,7,,N,,,,,,,,,,,
2009002170,1617,3,0,0,0,0,0,0,0,0,1,0,,67,11,2008,4,40.1187,-75.0181,1606.0,6,0,0,0,0,0,2,1,0,,0,0,0,15,1,1,0,,0,40 07:07.288,,0,75 01:05.072,8,0,0,0,67301,0,0,0,N,0,0,0,3,67301,0,,1,1,,N,,,0,,0,0,0,3.0,2,,1559,1,3,0,0,0,1,0,3,4,0,3,3,,N,,,,,,,,,,,