CRN,ARRIVAL_TM,AUTOMOBILE_COUNT,BELTED_DEATH_COUNT,BELTED_SUSP_SERIOUS_INJ_COUNT,BICYCLE_COUNT,BICYCLE_DEATH_COUNT,BICYCLE_SUSP_SERIOUS_INJ_COUNT,BUS_COUNT,CHLDPAS_DEATH_COUNT,CHLDPAS_SUSP_SERIOUS_INJ_COUNT,COLLISION_TYPE,COMM_VEH_COUNT,CONS_ZONE_SPD_LIM,COUNTY,CRASH_MONTH,CRASH_YEAR,DAY_OF_WEEK,DEC_LAT,DEC_LONG,DISPATCH_TM,DISTRICT,DRIVER_COUNT_16YR,DRIVER_COUNT_17YR,DRIVER_COUNT_18YR,DRIVER_COUNT_19YR,DRIVER_COUNT_20YR,DRIVER_COUNT_50_64YR,DRIVER_COUNT_65_74YR,DRIVER_COUNT_75PLUS,EST_HRS_CLOSED,FATAL_COUNT,HEAVY_TRUCK_COUNT,HORSE_BUGGY_COUNT,HOUR_OF_DAY,ILLUMINATION,INJURY_COUNT,INTERSECT_TYPE,INTERSECTION_RELATED,LANE_CLOSED,LATITUDE,LN_CLOSE_DIR,LOCATION_TYPE,LONGITUDE,MAX_SEVERITY_LEVEL,MCYCLE_DEATH_COUNT,MCYCLE_SUSP_SERIOUS_INJ_COUNT,MOTORCYCLE_COUNT,MUNICIPALITY,NONMOTR_COUNT,NONMOTR_DEATH_COUNT,NONMOTR_SUSP_SERIOUS_INJ_COUNT,NTFY_HIWY_MAINT,PED_COUNT,PED_DEATH_COUNT,PED_SUSP_SERIOUS_INJ_COUNT,PERSON_COUNT,POLICE_AGCY,POSSIBLE_INJ_COUNT,RDWY_SURF_TYPE_CD,RELATION_TO_ROAD,ROAD_CONDITION,ROADWAY_CLEARED,SCH_BUS_IND,SCH_ZONE_IND,SECONDARY_CRASH,SMALL_TRUCK_COUNT,SPEC_JURIS_CD,SUSP_MINOR_INJ_COUNT,SUSP_SERIOUS_INJ_COUNT,SUV_COUNT,TCD_FUNC_CD,TCD_TYPE,TFC_DETOUR_IND,TIME_OF_DAY,TOT_INJ_COUNT,TOTAL_UNITS,UNB_DEATH_COUNT,UNB_SUSP_SERIOUS_INJ_COUNT,UNBELTED_OCC_COUNT,UNK_INJ_DEG_COUNT,UNK_INJ_PER_COUNT,URBAN_AREA,URBAN_RURAL,VAN_COUNT,VEHICLE_COUNT,WEATHER1,WEATHER2,WORK_ZONE_IND,WORK_ZONE_LOC,WORK_ZONE_TYPE,WORKERS_PRES,WZ_CLOSE_DETOUR,WZ_FLAGGER,WZ_LAW_OFFCR_IND,WZ_LN_CLOSURE,WZ_MOVING,WZ_OTHER,WZ_SHLDER_MDN,WZ_WORKERS_INJ_KILLED
2009012210,515,1,0,0,0,0,0,1,0,0,6,0,,67,12,2008,5,39.9283,-75.177,510.0,6,0,0,0,0,0,0,0,0,,0,0,0,5,3,1,1,,0,39 55:41.811,,0,75 10:37.192,4,0,0,0,67301,0,0,0,N,0,0,0,2,67301,1,,9,9,,N,N,,0,,0,0,0,3.0,3,,500,1,2,0,0,0,0,0,3,4,0,2,7,,N,,,,,,,,,,,
2009036401,1107,1,0,0,0,0,0,0,0,0,4,0,,67,2,2008,2,39.9854,-75.1494,1047.0,6,0,0,0,0,0,0,1,0,,0,0,0,10,1,1,1,,0,39 59:07.472,,0,75 08:57.663,8,0,0,0,67301,0,0,0,,0,0,0,4,67301,0,,1,1,,N,N,,0,,0,0,0,3.0,2,,1045,1,2,0,0,4,1,0,3,4,1,2,3,,N,,,,,,,,,,,
2009001752,1535,2,0,0,0,0,0,0,0,0,4,0,,67,11,2008,4,40.0187,-75.0499,1530.0,6,0,0,0,0,0,0,0,0,9.0,0,0,0,99,1,0,1,,1,40 01:08.070,1.0,0,75 02:58.170,0,0,0,0,67301,0,0,0,,0,0,0,3,67301,0,,1,1,,,,,0,,0,0,0,0.0,0,N,9999,0,2,0,0,0,0,0,3,4,0,2,3,,N,,,,,,,,,,,
2009000974,2025,1,0,0,0,0,0,0,0,0,7,0,,67,11,2008,7,40.0384,-75.1916,2025.0,6,0,0,0,0,0,0,0,0,,0,0,0,20,3,0,1,,0,40 02:18.250,,0,75 11:29.630,0,0,0,0,67301,0,0,0,N,0,0,0,2,67301,0,,5,9,,N,N,,0,,0,0,0,3.0,2,,2005,0,1,0,0,0,0,0,3,4,0,1,7,,N,,,,,,,,,,,
2009000992,1146,1,0,0,0,0,0,0,0,0,8,0,,67,11,2008,7,40.0374,-75.1818,1145.0,6,0,0,0,0,0,0,0,0,,0,0,0,11,1,1,1,,0,40 02:14.748,,0,75 10:54.526,8,0,0,0,67301,1,0,0,N,1,0,0,2,67301,0,,1,9,,N,N,,0,,0,0,0,3.0,2,,1143,1,2,0,0,0,1,1,3,4,0,1,7,,N,,,,,,,,,,,
2009003217,952,2,0,0,0,0,0,0,0,0,4,0,,67,11,2008,3,39.9472,-75.1561,948.0,6,0,0,0,0,0,1,0,0,,0,0,0,9,1,1,1,,0,39 56:49.768,,0,75 09:21.862,4,0,0,0,67301,0,0,0,N,0,0,0,3,67301,1,,1,9,,N,N,,0,,0,0,0,3.0,2,,939,1,2,0,0,0,0,1,3,4,0,2,7,,N,,,,,,,,,,,
2009013518,1615,4,0,0,0,0,0,0,0,0,1,0,,67,12,2008,5,40.0434,-75.0525,1605.0,6,0,0,0,0,0,1,0,0,,0,0,0,15,1,1,0,,0,40 02:36.115,,0,75 03:08.950,3,0,0,0,67301,0,0,0,N,0,0,0,4,67301,0,,1,9,,N,N,,0,,1,0,0,0.0,0,,1538,1,4,0,0,0,0,0,3,4,0,4,7,,N,,,,,,,,,,,
2009013864,1340,2,0,0,0,0,0,0,0,0,4,0,,67,11,2008,2,39.9073,-75.2281,1334.0,6,0,0,0,0,0,1,0,0,,0,0,0,13,1,2,2,,0,39 54:26.334,,0,75 13:41.041,4,0,0,0,67301,0,0,0,N,0,0,0,3,67301,1,,1,9,,N,N,,0,,0,0,0,0.0,0,,1331,2,2,0,0,0,1,0,3,4,0,2,3,,N,,,,,,,,,,,
2009029587,0,2,0,0,0,0,0,0,0,0,1,0,,67,10,2008,6,40.0336,-75.0468,0.0,6,0,0,0,0,0,0,0,0,,0,0,0,8,1,1,1,,0,40 02:01.053,,0,75 02:48.431,8,0,0,0,67301,0,0,0,N,0,0,0,2,00000,0,,1,1,,N,N,,0,,0,0,0,3.0,2,,800,1,2,0,0,0,1,1,3,4,0,2,3,,N,,,,,,,,,,,
2009024636,222,2,0,0,0,0,0,0,0,0,5,0,,67,12,2008,7,39.982,-75.1713,218.0,6,0,0,0,1,0,0,0,0,,0,0,0,2,3,0,0,,0,39 58:55.207,,0,75 10:16.759,9,0,0,0,67301,0,0,0,,0,0,0,6,67301,0,,6,1,,,,,0,,0,0,1,0.0,0,,215,0,3,0,0,0,0,1,3,4,0,3,3,,N,,,,,,,,,,,
2009024639,1828,3,0,0,0,0,0,0,0,0,1,0,,67,12,2008,3,40.0563,-75.0127,1822.0,6,0,0,0,0,0,2,0,0,,0,0,0,18,3,1,0,,0,40 03:22.390,,0,75 00:45.370,4,0,0,0,67301,0,0,0,N,0,0,0,3,67301,1,,1,1,,N,N,,0,,0,0,0,0.0,0,,1816,1,3,0,0,0,0,0,3,4,0,3,3,,N,,,,,,,,,,,
2009024702,2112,3,0,0,0,0,0,0,0,0,1,0,,67,5,2008,4,40.0094,-75.1884,2112.0,6,0,0,0,0,0,3,0,0,4.0,0,0,0,21,3,5,0,,2,40 00:36.515,6.0,0,75 11:09.587,3,0,0,0,67301,0,0,0,N,0,0,0,6,67301,3,,1,1,,N,N,,0,,2,0,1,3.0,8,Y,2110,5,4,0,0,1,0,0,3,4,0,4,3,,N,,,,,,,,,,,
2009030586,1430,1,0,0,0,0,0,0,0,0,8,0,,67,10,2008,6,39.9998,-75.1147,9999.0,6,0,0,0,0,0,0,0,0,,0,0,0,9,1,1,0,,0,39 59:59.409,,0,75 06:52.833,8,0,0,0,67301,1,0,0,N,1,0,0,2,67301,0,,9,1,,N,Y,,0,,0,0,0,0.0,0,,900,1,2,0,0,0,1,0,3,4,0,1,99,,N,,,,,,,,,,,
2009025206,857,1,0,0,0,0,0,0,0,0,8,0,,67,12,2008,2,40.0754,-75.0418,854.0,6,0,0,0,0,0,1,0,0,,0,0,0,8,1,1,3,,0,40 04:31.404,,0,75 02:30.580,3,0,0,0,67301,1,0,0,,1,0,0,2,67301,0,,1,1,,,,,0,,1,0,0,3.0,3,,853,1,2,0,0,0,0,0,3,4,0,1,3,,N,,,,,,,,,,,
2008088226,715,1,0,0,0,0,0,0,0,0,8,0,,67,6,2008,6,39.9469,-75.2404,715.0,6,0,0,0,0,0,1,0,0,,0,0,0,7,1,1,0,,0,39 56:48.865,,0,75 14:25.530,3,0,0,0,67301,1,0,0,N,1,0,0,2,67301,0,,1,1,,N,N,,0,,1,0,0,0.0,0,,711,1,2,0,0,1,0,0,3,4,0,1,3,,N,,,,,,,,,,,
2008088231,2110,2,0,0,0,0,0,0,0,0,4,0,,67,6,2008,6,39.9764,-75.1197,2107.0,6,0,0,0,0,0,0,0,0,2.0,0,0,0,21,3,2,0,,9,39 58:34.790,5.0,0,75 07:10.981,3,0,0,0,67301,0,0,0,N,0,0,0,8,67301,0,,1,1,,N,N,,1,,2,0,0,0.0,0,N,2107,2,3,0,0,0,0,0,3,4,0,3,3,,N,,,,,,,,,,,
2008088249,1701,2,0,0,0,0,0,0,0,0,1,0,,67,5,2008,6,39.9438,-75.2379,1700.0,6,0,0,0,0,0,0,0,0,,0,0,0,16,1,1,1,,0,39 56:38.040,,0,75 14:16.440,4,0,0,0,67301,0,0,0,N,0,0,0,3,67301,1,,1,1,,N,N,,0,,0,0,0,3.0,3,,1659,1,2,0,0,0,0,0,3,4,0,2,3,,N,,,,,,,,,,,
2008088679,0,1,0,0,0,0,0,0,0,0,4,0,,67,1,2008,4,40.0223,-75.162,0.0,6,0,0,0,0,0,0,0,0,,0,0,0,18,1,3,5,,0,40 01:20.289,,0,75 09:43.291,3,0,0,0,67301,0,0,0,N,0,0,0,4,00000,0,,1,1,,N,N,,0,,3,0,1,3.0,2,,1825,3,2,0,0,0,0,1,3,4,0,2,3,,N,,,,,,,,,,,
2008087838,1755,1,0,0,1,0,0,0,0,0,4,0,,67,6,2008,2,39.9403,-75.1728,1750.0,6,0,0,0,0,0,0,0,0,,0,0,0,17,1,1,1,,0,39 56:25.195,,0,75 10:21.993,4,0,0,0,67301,1,0,0,N,0,0,0,2,67301,1,,1,1,,N,N,,0,,0,0,0,9.0,3,,1745,1,2,0,0,0,0,0,3,4,0,1,3,,N,,,,,,,,,,,
2008083263,1755,1,0,0,0,0,0,0,0,0,7,0,,67,5,2008,6,40.0216,-75.139,1745.0,6,0,0,0,0,0,0,0,0,,0,0,0,17,4,1,0,,0,40 01:17.760,,0,75 08:20.400,4,0,0,0,67301,0,0,0,N,0,0,0,1,67301,1,,5,9,,N,N,,0,,0,0,0,0.0,0,,1720,1,1,0,0,0,0,0,3,4,0,1,7,,N,,,,,,,,,,,
2008083313,2236,2,0,0,0,0,0,0,0,0,4,0,,67,5,2008,1,39.9609,-75.245,2234.0,6,0,0,0,0,0,1,0,0,1.0,0,0,0,22,3,2,1,,2,39 57:39.332,3.0,0,75 14:41.973,8,0,0,0,67301,0,0,0,N,0,0,0,5,67301,0,,1,1,,N,N,,0,,0,0,0,2.0,2,Y,2227,2,2,0,0,0,2,0,3,4,0,2,3,,N,,,,,,,,,,,
2008095573,1845,2,0,0,0,0,0,0,0,0,5,0,,67,8,2008,4,39.9612,-75.1466,1945.0,6,0,0,0,1,0,0,0,0,,0,0,0,17,1,0,2,,0,39 57:40.433,,0,75 08:47.742,0,0,0,0,67301,0,0,0,N,0,0,0,2,67301,0,,1,1,,N,N,,0,,0,0,0,9.0,2,,1700,0,2,0,0,0,0,0,3,4,0,2,3,,N,,,,,,,,,,,
2008098176,2120,2,0,0,0,0,0,0,0,0,5,0,,67,6,2008,1,39.9544,-75.2383,2115.0,6,0,0,0,0,0,1,0,0,,0,0,0,20,4,0,0,,0,39 57:15.950,,0,75 14:17.884,0,0,0,0,67301,0,0,0,N,0,0,0,1,67301,0,,6,1,,N,N,,0,,0,0,1,0.0,0,,2043,0,4,0,0,0,0,0,3,4,1,4,3,,N,,,,,,,,,,,
2008098234,1450,2,0,0,0,0,0,0,0,0,4,0,,67,7,2008,5,39.8919,-75.2419,1445.0,6,0,0,0,0,0,1,0,0,,0,0,0,14,1,2,1,,0,39 53:30.991,,0,75 14:30.863,3,0,0,0,67301,0,0,0,,0,0,0,5,67301,0,,1,1,,,,,0,,1,0,0,9.0,2,,1445,2,2,0,0,0,1,1,3,4,0,2,3,,N,,,,,,,,,,,
2008098256,2139,3,0,0,0,0,0,0,0,0,6,0,,67,7,2008,5,40.0293,-75.1638,2135.0,6,0,0,0,0,1,0,0,0,2.0,0,0,0,21,3,0,1,,2,40 01:45.341,7.0,0,75 09:49.577,0,0,0,0,67301,0,0,0,N,0,0,0,3,67301,0,,1,1,,N,N,,0,,0,0,0,3.0,2,Y,2128,0,3,0,0,2,0,0,3,4,0,3,3,,N,,,,,,,,,,,
2008098351,1352,1,0,0,0,0,0,0,0,0,1,0,,67,7,2008,1,40.0498,-75.1423,1351.0,6,0,0,0,0,0,0,0,0,,0,0,0,13,1,1,0,,0,40 02:59.183,,0,75 08:32.221,4,0,0,0,67301,0,0,0,N,0,0,0,3,67301,1,,1,1,,N,N,,0,,0,0,1,0.0,0,,1346,1,2,0,0,1,0,0,3,4,0,2,3,,N,,,,,,,,,,,
2008095849,37,1,0,0,0,0,0,0,0,0,1,1,,67,8,2008,3,39.8857,-75.2085,27.0,6,0,0,0,0,0,0,0,0,1.0,0,1,0,0,3,1,0,,1,39 53:20.739,1.0,0,75 12:07.259,4,0,0,0,67301,0,0,0,N,0,0,0,2,68K01,1,,1,1,,N,N,,0,,0,0,0,0.0,0,N,26,1,2,0,0,1,0,0,3,4,0,2,3,,N,,,,,,,,,,,
2008089352,1950,1,0,0,0,0,0,0,0,0,4,0,,67,6,2008,3,40.049,-75.1749,1949.0,6,0,0,0,0,0,0,0,0,,0,0,0,19,4,2,1,,0,40 02:56.400,,0,75 10:29.640,8,0,0,0,67301,0,0,0,N,0,0,0,2,67301,0,,1,1,,N,N,,0,,0,0,1,3.0,2,,1944,2,2,0,0,0,2,0,3,4,0,2,3,,N,,,,,,,,,,,
2008081476,615,1,0,0,0,0,0,0,0,0,2,0,,67,5,2008,7,39.973,-75.249,605.0,6,0,0,0,0,0,0,0,1,,0,0,0,6,5,0,0,,0,39 58:22.792,,0,75 14:56.324,0,0,0,0,67301,0,0,0,,0,0,0,1,67301,0,,6,1,,,,,0,,0,0,1,0.0,0,,605,0,2,0,0,0,0,0,3,4,0,2,3,,N,,,,,,,,,,,
2008081479,910,0,0,0,0,0,0,0,0,0,7,0,,67,5,2008,3,39.9728,-75.2193,906.0,6,0,0,0,0,0,0,0,0,,0,0,0,9,1,1,0,,0,39 58:22.252,,0,75 13:09.345,8,0,0,0,67301,0,0,0,N,0,0,0,1,67301,0,,2,9,,N,N,,0,,0,0,0,0.0,0,,905,1,1,0,0,0,1,0,3,4,1,1,7,,N,,,,,,,,,,,
2008081494,2108,1,0,0,1,0,0,0,0,0,5,0,,67,5,2008,4,39.9538,-75.2002,2106.0,6,0,0,0,0,0,0,0,0,,0,0,0,21,3,1,2,,0,39 57:13.772,,0,75 12:00.555,4,0,0,0,67301,1,0,0,N,0,0,0,2,67301,1,,5,1,,N,N,,0,,0,0,0,2.0,2,,2104,1,2,0,0,0,0,0,3,4,0,1,3,,N,,,,,,,,,,,
2008070814,1437,1,0,0,0,0,0,0,0,0,7,0,,67,4,2008,4,39.9814,-75.1426,1435.0,6,0,0,0,0,0,0,0,0,,0,0,0,14,1,1,1,,0,39 58:52.935,,0,75 08:33.241,4,0,0,0,67301,0,0,0,,0,0,0,1,67301,1,,2,1,,,,,0,,0,0,0,3.0,2,,1435,1,1,0,0,0,0,0,3,4,0,1,3,,N,,,,,,,,,,,
2008096932,1306,1,0,0,0,0,0,0,0,0,8,0,,67,6,2008,3,40.0553,-75.0733,1305.0,6,0,0,0,0,0,0,0,0,,0,0,0,13,1,1,1,,0,40 03:19.147,,0,75 04:24.059,2,0,0,0,67301,1,0,1,N,1,0,1,2,67301,0,,1,1,,N,N,,0,,0,1,0,3.0,2,,1305,1,2,0,0,1,0,0,3,4,0,1,3,,N,,,,,,,,,,,
2008071016,1837,1,0,0,0,0,0,0,0,0,4,0,,67,4,2008,6,39.9867,-75.2084,1832.0,6,0,0,0,0,0,0,0,0,,0,0,0,18,1,0,6,,0,39 59:11.611,,0,75 12:32.327,0,0,0,0,67301,0,0,0,,0,0,0,2,67301,0,,1,1,,,,,0,,0,0,1,0.0,0,,1831,0,2,0,0,0,0,0,3,4,0,2,3,,N,,,,,,,,,,,
2008107982,1805,1,0,0,1,0,0,0,0,0,4,0,,67,8,2008,7,39.9187,-75.1655,1800.0,6,0,0,0,0,0,1,0,0,,0,0,0,17,1,1,1,,0,39 55:07.431,,0,75 09:55.897,8,0,0,0,67301,1,0,0,N,0,0,0,2,67301,0,,1,1,,N,N,,0,,0,0,0,3.0,3,,1755,1,2,0,0,0,1,0,3,4,0,1,3,,N,,,,,,,,,,,
2008107991,1615,0,0,0,0,0,0,0,0,0,8,0,,67,8,2008,4,39.9679,-75.2375,1605.0,6,0,0,0,0,0,0,0,0,,0,0,0,14,1,1,0,,0,39 58:04.329,,0,75 14:15.069,4,0,0,0,67301,1,0,0,,1,0,0,2,67301,1,,6,1,,,,,0,,0,0,1,0.0,0,,1400,1,2,0,0,0,0,0,3,4,0,1,3,,N,,,,,,,,,,,
2008119475,1801,1,0,0,1,0,1,0,0,0,1,0,,67,9,2008,2,40.006,-75.0919,1801.0,6,0,0,0,0,0,0,0,0,,0,0,0,99,1,1,5,,0,40 00:21.660,,0,75 05:29.926,2,0,0,0,67301,1,0,1,N,0,0,0,2,67301,0,,1,1,,N,N,,0,,0,1,0,3.0,2,,9999,1,2,0,0,0,0,0,3,4,0,1,3,,N,,,,,,,,,,,
2009042607,1229,1,0,0,0,0,0,0,0,0,1,0,,67,11,2008,6,40.0549,-75.1252,1224.0,6,0,0,0,0,0,0,0,0,,0,0,0,12,1,1,0,,0,40 03:17.514,,0,75 07:30.511,4,0,0,0,67301,0,0,0,N,0,0,0,3,46102,1,,1,9,,N,N,,0,,0,0,1,0.0,0,,1224,1,2,0,0,0,0,0,3,4,0,2,7,,N,,,,,,,,,,,
2009013666,1630,1,0,0,0,0,0,0,0,0,4,0,,67,12,2008,1,39.9598,-75.1637,1620.0,6,0,0,0,0,0,1,0,0,,0,0,0,16,1,1,1,,0,39 57:35.366,,0,75 09:49.409,4,0,0,0,67301,0,0,0,N,0,0,0,2,67301,1,,1,1,,N,N,,1,,0,0,0,3.0,3,,1619,1,2,0,0,0,0,0,3,4,0,2,3,,N,,,,,,,,,,,
2009018978,955,0,0,0,0,0,0,0,0,0,7,0,,67,10,2008,6,39.8907,-75.2254,951.0,6,0,0,0,0,0,0,0,0,,0,0,0,20,3,1,0,,0,39 53:26.460,,0,75 13:31.379,2,0,1,1,67301,0,0,0,,0,0,0,1,67301,0,,2,1,,,,,0,,0,1,0,3.0,2,,2000,1,1,0,0,0,0,0,3,4,0,1,3,,N,,,,,,,,,,,
2009001007,1210,2,0,0,0,0,0,0,0,0,6,0,,67,11,2008,6,39.9486,-75.2171,1204.0,6,0,0,0,0,0,0,0,0,,0,0,0,12,1,1,3,,0,39 56:55.004,,0,75 13:01.629,4,0,0,0,67301,0,0,0,N,0,0,0,2,67301,1,,1,9,,N,N,,0,,0,0,0,3.0,2,,1200,1,2,0,0,0,0,0,3,4,0,2,10,,N,,,,,,,,,,,
2009001123,1413,2,0,0,0,0,0,0,0,0,4,0,,67,11,2008,4,40.008,-75.1417,1410.0,6,0,0,0,0,0,1,0,0,,0,0,0,14,1,1,2,,0,40 00:28.952,,0,75 08:30.175,8,0,0,0,67301,0,0,0,,0,0,0,2,67301,0,,1,1,,,,,0,,0,0,0,9.0,3,,1410,1,2,0,0,0,1,0,3,4,0,2,3,,N,,,,,,,,,,,
2009024737,839,1,0,0,0,0,0,0,0,0,4,0,,67,12,2008,4,39.9812,-75.2466,823.0,6,0,0,0,0,0,0,0,0,,0,0,0,6,1,1,0,,0,39 58:52.215,,0,75 14:47.736,8,0,0,0,67301,0,0,0,N,0,0,0,2,67301,0,,1,2,,N,N,,1,,0,0,0,0.0,0,,647,1,2,0,0,0,1,0,3,4,0,2,7,,N,,,,,,,,,,,
2009002016,40,2,0,0,0,0,0,0,0,0,4,0,,67,11,2008,1,40.0744,-74.9847,38.0,6,0,0,0,0,0,0,0,0,,0,0,0,0,3,2,2,,0,40 04:27.663,,0,74 59:04.919,3,0,0,0,67301,0,0,0,N,0,0,0,2,67301,1,,1,9,,N,N,,0,,1,0,0,3.0,3,,37,2,2,0,0,0,0,0,3,4,0,2,7,,N,,,,,,,,,,,
2009002031,2343,1,0,0,0,0,0,0,0,0,3,0,,67,11,2008,6,39.9586,-75.1471,2339.0,6,0,0,0,0,1,0,0,0,,0,0,0,23,3,0,1,,0,39 57:31.093,,0,75 08:49.670,9,0,0,0,67301,0,0,0,N,0,0,0,4,67301,0,,1,1,,N,N,,0,,0,0,1,3.0,3,,2335,0,2,0,0,0,0,1,3,4,0,2,3,,N,,,,,,,,,,,
2009002128,2120,0,0,0,0,0,0,0,0,0,2,0,,67,11,2008,5,39.9922,-75.2337,2120.0,6,0,0,0,0,0,1,0,0,,0,0,0,21,3,1,1,,0,39 59:31.862,,0,75 14:01.481,8,0,0,0,67301,0,0,0,,0,0,0,2,67301,0,,1,1,,,,,0,,0,0,2,3.0,2,,2120,1,2,0,0,0,1,0,3,4,0,2,3,,N,,,,,,,,,,,
2009002203,2202,1,0,0,1,0,0,0,0,0,5,0,,67,11,2008,4,39.9541,-75.1767,2200.0,6,0,0,0,0,0,0,0,0,,0,0,0,21,3,1,0,,0,39 57:14.599,,0,75 10:36.021,3,0,0,0,67301,1,0,0,N,0,0,0,2,67301,0,,1,9,,N,N,,0,,1,0,0,0.0,0,,2159,1,2,0,0,0,0,1,3,4,0,1,3,,N,,,,,,,,,,,
2009003047,1725,0,0,0,0,0,0,1,0,0,8,1,,67,11,2008,2,39.9643,-75.222,1722.0,6,0,0,0,0,0,0,0,0,,0,0,0,17,2,1,0,,0,39 57:50.902,,0,75 13:17.255,8,0,0,0,67301,1,0,0,N,1,0,0,2,67301,0,,6,1,,N,N,,0,,0,0,0,3.0,2,,1722,1,2,0,0,0,1,0,3,4,0,1,3,,N,,,,,,,,,,,
2009000978,1137,2,0,0,0,0,0,0,0,0,4,0,,67,11,2008,6,40.0018,-75.1381,1135.0,6,0,0,0,0,0,0,0,0,1.0,0,0,0,11,1,1,0,,1,40 00:06.379,1.0,0,75 08:17.163,4,0,0,0,67301,0,0,0,N,0,0,0,1,67301,1,,1,9,,N,N,,0,,0,0,0,0.0,0,N,1135,1,2,0,0,0,0,0,3,4,0,2,10,,N,,,,,,,,,,,
2009006883,1845,1,0,0,0,0,0,0,0,0,7,0,,67,12,2008,1,40.0361,-75.0157,1841.0,6,0,0,0,0,1,0,0,0,,0,0,0,18,3,1,0,,0,40 02:10.597,,0,75 00:55.181,4,0,0,0,67301,0,0,0,N,0,0,0,1,68K01,1,,4,1,,N,N,,0,,0,0,0,0.0,0,,1837,1,2,0,0,0,0,0,3,4,0,1,3,,N,,,,,,,,,,,
2009000995,1832,2,0,0,0,0,0,0,0,0,4,0,,67,11,2008,7,40.0196,-75.0733,1827.0,6,0,0,1,0,0,0,0,0,,0,0,0,18,3,1,1,,0,40 01:10.527,,0,75 04:23.994,8,0,0,0,67301,0,0,0,,0,0,0,3,67301,0,,1,9,,,,,0,,0,0,0,3.0,2,,1800,1,2,0,0,0,1,0,3,4,0,2,7,,N,,,,,,,,,,,
2009015058,12,0,0,0,0,0,0,0,0,0,4,0,,67,11,2008,3,40.0301,-75.0352,10.0,6,0,0,0,0,0,0,0,0,3.0,0,0,0,0,3,3,1,,2,40 01:48.464,7.0,0,75 02:06.580,4,0,0,0,67301,0,0,0,N,0,0,0,4,67301,2,,1,1,,N,N,,1,,0,0,0,3.0,2,Y,2,3,2,0,0,0,1,0,3,4,1,2,3,,N,,,,,,,,,,,
2009013338,1951,1,0,0,0,0,0,0,0,0,8,0,,67,12,2008,2,40.0129,-75.1433,1949.0,6,0,0,0,0,0,0,0,0,,0,0,0,19,3,1,1,,0,40 00:46.504,,0,75 08:36.056,8,0,0,0,67301,1,0,0,N,1,0,0,2,67301,0,,1,1,,N,N,,0,,0,0,0,3.0,3,,1930,1,2,0,0,0,1,0,3,4,0,1,3,,N,,,,,,,,,,,
2009013504,1801,0,0,0,0,0,0,0,0,0,0,0,,67,12,2008,1,39.9208,-75.2302,1749.0,6,0,0,0,0,0,1,0,0,,0,0,0,15,1,1,0,,0,39 55:14.966,,0,75 13:48.720,8,0,0,0,67301,0,0,0,N,0,0,0,2,67301,0,,1,1,,N,N,,0,,0,0,0,0.0,0,,1523,1,1,0,0,1,1,1,3,4,1,1,3,,N,,,,,,,,,,,
2009026005,303,0,0,0,0,0,0,0,0,0,7,0,,67,12,2008,4,39.9928,-75.0823,303.0,6,0,0,0,0,0,0,0,0,,0,0,0,2,3,1,0,,0,39 59:34.413,,0,75 04:55.663,8,0,0,0,67301,0,0,0,N,0,0,0,2,67301,0,,4,2,,N,N,,1,,0,0,0,0.0,0,,250,1,1,0,0,1,1,1,3,4,0,1,7,,N,,,,,,,,,,,
2009013583,110,0,0,0,0,0,0,0,0,0,8,0,,67,11,2008,2,40.0325,-75.1242,100.0,6,0,0,0,0,0,0,0,0,,0,0,0,99,3,1,1,,0,40 01:57.154,,0,75 07:27.076,4,0,0,0,67301,1,0,0,N,1,0,0,2,67301,1,,1,9,,N,N,,0,,0,0,0,3.0,2,,9999,1,2,0,0,1,0,1,3,4,1,1,7,,N,,,,,,,,,,,
2009013606,1840,2,0,0,0,0,0,0,0,0,4,0,,67,11,2008,7,39.9945,-75.0948,1835.0,6,0,0,0,0,0,0,0,0,,0,0,0,18,3,2,0,,0,39 59:40.125,,0,75 05:41.360,4,0,0,0,67301,0,0,0,N,0,0,0,3,67301,1,,1,1,,N,N,,0,,0,0,0,0.0,0,,1830,2,2,0,0,0,1,0,3,4,0,2,3,,N,,,,,,,,,,,
2009013972,648,1,0,0,0,0,0,0,0,0,4,1,,67,12,2008,7,40.0667,-75.178,645.0,6,0,0,0,0,0,0,0,0,,0,1,0,99,1,1,1,,0,40 04:00.120,,0,75 10:40.800,8,0,0,0,67301,0,0,0,N,0,0,0,2,67301,0,,1,1,,N,N,,0,,0,0,0,9.0,3,,9999,1,2,0,0,0,1,1,3,4,0,2,3,,N,,,,,,,,,,,
2008083273,1145,1,0,0,0,0,0,0,0,0,2,0,,67,5,2008,7,39.9246,-75.224,1130.0,6,0,0,0,0,1,1,0,0,,0,0,0,99,1,3,1,,0,39 55:28.444,,0,75 13:26.255,4,0,0,0,67301,0,0,0,,0,0,0,3,67301,3,,1,1,,,,,0,,0,0,1,0.0,0,,9999,3,2,0,0,0,0,0,3,4,0,2,3,,N,,,,,,,,,,,