CRN,ARRIVAL_TM,AUTOMOBILE_COUNT,BELTED_DEATH_COUNT,BELTED_SUSP_SERIOUS_INJ_COUNT,BICYCLE_COUNT,BICYCLE_DEATH_COUNT,BICYCLE_SUSP_SERIOUS_INJ_COUNT,BUS_COUNT,CHLDPAS_DEATH_COUNT,CHLDPAS_SUSP_SERIOUS_INJ_COUNT,COLLISION_TYPE,COMM_VEH_COUNT,CONS_ZONE_SPD_LIM,COUNTY,CRASH_MONTH,CRASH_YEAR,DAY_OF_WEEK,DEC_LAT,DEC_LONG,DISPATCH_TM,DISTRICT,DRIVER_COUNT_16YR,DRIVER_COUNT_17YR,DRIVER_COUNT_18YR,DRIVER_COUNT_19YR,DRIVER_COUNT_20YR,DRIVER_COUNT_50_64YR,DRIVER_COUNT_65_74YR,DRIVER_COUNT_75PLUS,EST_HRS_CLOSED,FATAL_COUNT,HEAVY_TRUCK_COUNT,HORSE_BUGGY_COUNT,HOUR_OF_DAY,ILLUMINATION,INJURY_COUNT,INTERSECT_TYPE,INTERSECTION_RELATED,LANE_CLOSED,LATITUDE,LN_CLOSE_DIR,LOCATION_TYPE,LONGITUDE,MAX_SEVERITY_LEVEL,MCYCLE_DEATH_COUNT,MCYCLE_SUSP_SERIOUS_INJ_COUNT,MOTORCYCLE_COUNT,MUNICIPALITY,NONMOTR_COUNT,NONMOTR_DEATH_COUNT,NONMOTR_SUSP_SERIOUS_INJ_COUNT,NTFY_HIWY_MAINT,PED_COUNT,PED_DEATH_COUNT,PED_SUSP_SERIOUS_INJ_COUNT,PERSON_COUNT,POLICE_AGCY,POSSIBLE_INJ_COUNT,RDWY_SURF_TYPE_CD,RELATION_TO_ROAD,ROAD_CONDITION,ROADWAY_CLEARED,SCH_BUS_IND,SCH_ZONE_IND,SECONDARY_CRASH,SMALL_TRUCK_COUNT,SPEC_JURIS_CD,SUSP_MINOR_INJ_COUNT,SUSP_SERIOUS_INJ_COUNT,SUV_COUNT,TCD_FUNC_CD,TCD_TYPE,TFC_DETOUR_IND,TIME_OF_DAY,TOT_INJ_COUNT,TOTAL_UNITS,UNB_DEATH_COUNT,UNB_SUSP_SERIOUS_INJ_COUNT,UNBELTED_OCC_COUNT,UNK_INJ_DEG_COUNT,UNK_INJ_PER_COUNT,URBAN_AREA,URBAN_RURAL,VAN_COUNT,VEHICLE_COUNT,WEATHER1,WEATHER2,WORK_ZONE_IND,WORK_ZONE_LOC,WORK_ZONE_TYPE,WORKERS_PRES,WZ_CLOSE_DETOUR,WZ_FLAGGER,WZ_LAW_OFFCR_IND,WZ_LN_CLOSURE,WZ_MOVING,WZ_OTHER,WZ_SHLDER_MDN,WZ_WORKERS_INJ_KILLED
2008098047,519,1,0,0,0,0,0,0,0,0,7,0,,67,7,2008,2,40.0395,-75.1167,518.0,6,0,0,0,0,0,1,0,0,,0,0,0,5,5,1,10,,0,40 02:22.218,,0,75 07:00.040,8,0,0,0,67301,0,0,0,N,0,0,0,1,67301,0,,4,1,,N,N,,0,,0,0,0,2.0,3,,518,1,2,0,0,0,1,0,3,4,0,1,3,,N,,,,,,,,,,,
2008098184,2349,1,0,0,1,0,0,0,0,0,4,0,,67,7,2008,5,39.9522,-75.1452,2343.0,6,0,0,0,0,0,0,0,0,,0,0,0,23,3,1,1,,0,39 57:07.824,,0,75 08:42.817,8,0,0,0,67301,1,0,0,N,0,0,0,2,67301,0,,1,1,,N,N,,0,,0,0,0,3.0,2,,2340,1,2,0,0,0,1,0,3,4,0,1,3,,N,,,,,,,,,,,
2008098224,955,1,0,0,0,0,0,0,0,0,4,0,,67,7,2008,7,40.0997,-75.011,949.0,6,0,0,0,0,0,1,0,1,,0,0,0,9,1,2,0,,0,40 05:58.815,,7,75 00:39.582,8,0,0,0,67301,0,0,0,,0,0,0,4,67301,0,,1,1,,,,,0,,0,0,1,0.0,0,,945,2,2,0,0,0,2,0,3,4,0,2,3,,N,,,,,,,,,,,
2008098267,9999,1,0,0,0,0,0,0,0,0,8,0,,67,7,2008,7,40.0182,-75.0894,1519.0,6,0,0,0,0,0,0,0,0,1.0,0,0,0,99,1,1,0,,1,40 01:05.660,1.0,0,75 05:22.005,4,0,0,0,67301,1,0,0,N,1,0,0,2,67301,1,,1,9,,N,N,,0,,0,0,0,0.0,0,N,9999,1,2,0,0,0,0,0,3,4,0,1,3,,N,,,,,,,,,,,
2008091025,1425,2,0,0,0,0,0,0,0,0,4,0,,67,3,2008,2,39.9573,-75.1523,1418.0,6,0,0,0,0,0,0,0,0,,0,0,0,14,1,1,1,,0,39 57:26.407,,0,75 09:08.017,8,0,0,0,67301,0,0,0,,0,0,0,2,67301,0,,1,1,,,,,0,,0,0,0,0.0,0,,1417,1,2,0,0,0,1,0,3,4,0,2,3,,N,,,,,,,,,,,
2008081496,1827,1,0,0,0,0,0,1,0,0,5,1,,67,5,2008,2,39.9787,-75.1578,1818.0,6,0,0,0,0,0,0,0,0,,0,0,0,99,1,1,1,,0,39 58:43.288,,0,75 09:28.533,8,0,0,0,67301,0,0,0,,0,0,0,2,67301,0,,1,1,,,,,0,,0,0,0,9.0,2,,9999,1,2,0,0,0,1,1,3,4,0,2,3,,N,,,,,,,,,,,
2008099594,2120,1,0,0,0,0,0,0,0,0,5,0,,67,7,2008,3,39.9944,-75.1397,2055.0,6,0,0,0,0,0,0,0,0,,0,0,0,17,1,1,0,,0,39 59:39.838,,0,75 08:22.893,4,0,0,1,67301,0,0,0,N,0,0,0,2,67301,1,,1,1,,N,N,,0,,0,0,0,0.0,0,,1730,1,2,0,0,0,0,1,3,4,0,2,3,,N,,,,,,,,,,,
2008070823,4,0,0,0,0,0,0,0,0,0,1,0,,67,4,2008,1,40.0318,-75.0853,2211.0,6,0,0,0,1,0,0,0,0,,0,0,0,22,2,1,5,,0,40 01:54.428,,0,75 05:07.226,4,0,0,0,67301,0,0,0,,0,0,0,2,67301,1,,1,1,,,,,0,,0,0,1,3.0,2,,2205,1,2,0,0,0,0,0,3,4,0,2,3,,N,,,,,,,,,,,
2008096935,2232,1,0,0,0,0,0,0,0,0,6,0,,67,6,2008,7,40.0557,-75.0537,2230.0,6,0,0,0,0,0,0,0,0,2.0,0,0,0,22,3,0,0,,1,40 03:20.629,2.0,0,75 03:13.336,0,0,0,0,67301,2,0,0,N,0,0,0,3,67301,0,,6,1,,N,N,,1,,0,0,0,0.0,0,N,2228,0,2,0,0,0,0,0,3,4,0,2,3,,N,,,,,,,,,,,
2008089665,1638,3,0,0,0,0,0,0,0,0,1,0,,67,8,2008,1,39.9459,-75.1425,1632.0,6,0,0,0,0,0,1,0,0,1.0,0,0,0,16,1,2,0,,2,39 56:44.909,2.0,0,75 08:33.176,3,0,0,0,67301,0,0,0,N,0,0,0,5,68K01,0,,1,1,,N,N,,1,,2,0,1,0.0,0,N,1628,2,5,0,0,0,0,0,3,4,0,5,3,,N,,,,,,,,,,,
2008107933,1250,2,0,0,0,0,0,0,0,0,4,0,,67,9,2008,3,39.9883,-75.2498,1245.0,6,0,0,0,0,1,1,0,0,,0,0,0,11,1,2,0,,0,39 59:17.764,,7,75 14:59.236,8,0,0,0,67301,0,0,0,N,0,0,0,2,67301,0,,1,1,,N,N,,0,,0,0,0,0.0,0,,1130,2,2,0,0,0,2,0,3,4,0,2,3,,N,,,,,,,,,,,
2008107368,1920,2,0,0,0,0,0,0,0,0,1,0,,67,8,2008,5,,,1918.0,6,0,0,1,0,0,0,0,0,,0,0,0,19,1,1,0,,0,,,0,,4,0,0,0,67301,0,0,0,N,0,0,0,5,67501,1,,1,1,,N,N,,0,,0,0,0,3.0,8,,1915,1,4,0,0,0,0,1,3,3,1,4,3,,N,,,,,,,,,,,
2008120705,1603,0,0,0,0,0,0,0,0,0,8,0,,67,9,2008,2,40.06,-75.165,1559.0,6,0,0,0,0,0,0,0,0,,0,0,0,15,1,1,0,,0,40 03:35.925,,0,75 09:54.107,4,0,0,0,67301,1,0,0,N,1,0,0,4,67301,1,,1,1,,N,N,,0,,0,0,1,3.0,4,,1544,1,2,0,0,0,0,0,3,4,0,1,3,,N,,,,,,,,,,,
2008120768,2011,1,0,0,1,0,0,0,0,0,4,0,,67,9,2008,2,39.9525,-75.2093,2010.0,6,0,0,0,0,0,0,0,0,,0,0,0,20,3,1,1,,0,39 57:09.072,,0,75 12:33.310,3,0,0,0,67301,1,0,0,N,0,0,0,2,67301,0,,1,1,,N,N,,0,,1,0,0,3.0,2,,2010,1,2,0,0,0,0,0,3,4,0,1,3,,N,,,,,,,,,,,
2008120779,1330,1,0,0,0,0,0,0,0,0,8,0,,67,10,2008,3,40.0721,-75.033,1325.0,6,0,0,0,0,0,0,0,0,,0,0,0,13,1,1,2,,0,40 04:19.713,,0,75 01:58.661,4,0,0,0,67301,1,0,0,N,1,0,0,2,67301,1,,1,1,,N,N,,0,,0,0,0,3.0,2,,1320,1,2,0,0,0,0,0,3,4,0,1,3,,N,,,,,,,,,,,
2008122836,1145,2,0,0,0,0,0,0,0,0,1,0,,67,9,2008,1,39.906,-75.1342,1145.0,6,0,0,0,0,0,0,1,0,1.0,0,0,0,11,1,1,0,,2,39 54:21.732,4.0,0,75 08:02.940,3,0,0,0,67301,0,0,0,N,0,0,0,10,67501,0,,1,1,,N,N,,1,,1,0,1,3.0,8,N,1145,1,4,0,0,0,0,0,3,4,0,4,3,,N,,,,,,,,,,,
2009021094,9999,2,0,0,0,0,0,0,0,0,1,0,,67,5,2008,6,40.0173,-75.1472,9999.0,6,0,0,0,0,0,1,0,0,,0,0,0,99,1,2,0,,0,40 01:02.283,,0,75 08:49.866,8,0,0,0,67301,0,0,0,,0,0,0,3,67301,0,,1,1,,N,N,,0,,0,0,0,0.0,0,,9999,2,2,0,0,0,2,0,3,4,0,2,3,,N,,,,,,,,,,,
2009013680,1158,1,0,0,0,0,0,0,0,0,7,0,,67,11,2008,2,40.0284,-75.0905,1154.0,6,0,0,0,0,0,0,0,0,1.0,0,0,0,11,1,0,0,,2,40 01:41.229,3.0,0,75 05:27.719,0,0,0,0,67301,0,0,0,N,0,0,0,1,67301,0,,2,1,,N,N,,0,,0,0,0,3.0,8,N,1150,0,1,0,0,1,0,0,3,4,0,1,3,,N,,,,,,,,,,,
2009013688,1520,2,0,0,0,0,0,0,0,0,4,0,,67,11,2008,1,40.0414,-75.0809,1520.0,6,0,0,0,0,0,0,0,0,3.0,0,0,0,15,1,2,5,,1,40 02:29.157,2.0,0,75 04:51.210,8,0,0,0,67301,0,0,0,N,0,0,0,3,67301,0,,1,9,,N,N,,0,,0,0,1,3.0,2,N,1518,2,3,0,0,0,2,1,3,4,0,3,7,,N,,,,,,,,,,,
2009013713,839,0,0,0,0,0,0,0,0,0,7,0,,67,12,2008,1,40.0964,-74.983,830.0,6,0,0,0,0,0,0,0,0,1.0,0,0,0,8,5,1,0,,2,40 05:47.137,3.0,0,74 58:58.927,3,0,0,0,67301,0,0,0,Y,0,0,0,1,67301,0,,2,9,,N,N,,0,,1,0,0,0.0,0,N,830,1,1,0,0,0,0,0,3,4,1,1,98,,N,,,,,,,,,,,
2009013728,826,1,0,0,0,0,0,0,0,0,8,0,,67,12,2008,2,39.9413,-75.1458,824.0,6,0,0,0,0,0,0,0,0,,0,0,0,8,1,1,0,,0,39 56:28.579,,0,75 08:44.779,4,0,0,0,67301,1,0,0,N,1,0,0,2,67301,1,,1,1,,N,N,,0,,0,0,0,0.0,0,,801,1,2,0,0,0,0,0,3,4,0,1,3,,N,,,,,,,,,,,
2009013770,1900,2,0,0,0,0,0,0,0,0,4,0,,67,12,2008,4,40.0174,-75.1588,1850.0,6,0,0,0,1,0,0,0,0,,0,0,0,18,3,1,2,,0,40 01:02.670,,0,75 09:31.781,4,0,0,0,67301,0,0,0,N,0,0,0,2,67301,1,,1,9,,N,N,,0,,0,0,0,3.0,3,,1847,1,2,0,0,0,0,1,3,4,0,2,7,,N,,,,,,,,,,,
2009013840,912,1,0,0,0,0,0,0,0,0,4,1,,67,12,2008,7,39.937,-75.1687,910.0,6,0,0,0,0,0,0,0,0,,0,1,0,99,1,1,1,,0,39 56:13.268,,0,75 10:07.237,8,0,0,0,67301,0,0,0,N,0,0,0,2,67301,0,,1,1,,N,N,,0,,0,0,0,3.0,3,,9999,1,2,0,0,0,1,0,3,4,0,2,3,,N,,,,,,,,,,,
2009013857,323,2,0,0,0,0,0,0,0,0,6,0,,67,11,2008,7,40.0423,-75.113,319.0,6,0,0,0,0,0,0,0,0,,0,0,0,2,3,2,0,,0,40 02:32.311,,0,75 06:46.891,4,0,0,0,67301,0,0,0,N,0,0,0,3,67301,2,,1,1,,N,N,,0,,0,0,0,0.0,0,,240,2,2,0,0,0,0,0,3,4,0,2,3,,N,,,,,,,,,,,
2009002765,438,0,0,0,0,0,0,0,0,0,0,0,,67,12,2008,4,39.9923,-75.0851,438.0,6,0,0,0,0,0,0,0,0,,0,0,0,2,3,0,0,,0,39 59:13.348,,2,75 05:23.038,0,0,0,0,67301,0,0,0,N,0,0,0,2,68K01,0,,2,2,,N,N,,0,,0,0,0,0.0,0,,205,0,1,0,0,1,0,0,3,4,1,1,9,,N,,,,,,,,,,,
2009000850,803,1,0,0,0,0,0,0,0,0,1,0,,67,11,2008,1,39.9715,-75.2394,803.0,6,0,0,0,0,0,0,1,0,,0,0,0,8,1,0,1,,0,39 58:17.414,,0,75 14:21.944,0,0,0,0,67301,0,0,0,,0,0,0,1,67301,0,,1,1,,,,,2,,0,0,0,3.0,3,,803,0,3,0,0,1,0,0,3,4,0,3,3,,N,,,,,,,,,,,
2009001004,1213,1,0,0,0,0,0,0,0,0,4,0,,67,10,2008,5,39.9573,-75.2218,1045.0,6,0,0,0,0,1,0,0,0,,0,0,0,10,1,1,0,,0,39 57:26.193,,0,75 13:18.408,4,0,0,0,67301,0,0,0,N,0,0,0,2,67301,1,,1,1,,N,N,,1,,0,0,0,0.0,0,,1040,1,2,0,0,0,0,0,3,4,0,2,3,,N,,,,,,,,,,,
2009001934,630,1,0,0,0,0,0,0,0,0,7,0,,67,12,2008,1,39.8773,-75.2538,626.0,6,0,0,0,0,0,0,0,0,,0,0,0,6,5,1,0,,0,39 52:38.280,,0,75 15:13.680,4,0,0,0,67301,0,0,0,N,0,0,0,1,68K01,1,,3,9,,N,N,,0,,0,0,0,0.0,0,,626,1,1,0,0,0,0,0,3,4,0,1,98,,N,,,,,,,,,,,
2009001050,9999,1,0,0,0,0,0,0,0,0,5,0,,67,11,2008,1,39.9423,-75.2218,441.0,6,0,0,0,0,0,0,0,0,,0,0,0,99,3,0,0,,0,39 56:32.454,,0,75 13:18.443,0,0,0,0,67301,0,0,0,N,0,0,0,1,67301,0,,6,1,,N,N,,1,,0,0,0,0.0,0,,9999,0,2,0,0,0,0,0,3,4,0,2,3,,N,,,,,,,,,,,
2009024719,12,2,0,0,0,0,0,0,0,0,4,0,,67,12,2008,7,40.0313,-75.0662,2.0,6,0,0,0,0,0,0,0,0,,0,0,0,0,3,0,1,,0,40 01:52.665,,0,75 03:58.343,0,0,0,0,67301,0,0,0,N,0,0,0,2,67301,0,,1,9,,N,N,,0,,0,0,0,3.0,3,,0,0,2,0,0,0,0,0,3,4,0,2,7,,N,,,,,,,,,,,
2009024814,908,2,0,0,0,0,0,0,0,0,4,0,,67,12,2008,2,40.0531,-75.1378,903.0,6,0,0,0,0,0,2,0,0,,0,0,0,9,1,1,1,,0,40 03:11.142,,0,75 08:15.907,3,0,0,0,67301,0,0,0,N,0,0,0,2,67301,0,,1,8,,N,N,,0,,1,0,0,3.0,2,,900,1,2,0,0,0,0,0,3,4,0,2,3,,N,,,,,,,,,,,
2009001002,1330,2,0,0,0,0,0,0,0,0,1,0,,67,11,2008,5,39.9816,-75.2301,1323.0,6,0,0,0,0,0,1,0,0,,0,0,0,13,1,1,2,,0,39 58:53.626,,0,75 13:48.460,8,0,0,0,67301,0,0,0,,0,0,0,4,67301,0,,1,9,,N,N,,0,,0,0,0,9.0,2,,1320,1,2,0,0,0,1,3,3,4,0,2,7,,N,,,,,,,,,,,
2009013311,1630,2,0,0,0,0,0,0,0,0,5,0,,67,12,2008,4,40.0782,-75.0705,1618.0,6,0,0,0,0,0,0,1,0,,0,0,0,15,1,0,0,,0,40 04:41.520,,0,75 04:13.800,0,0,0,0,67301,0,0,0,N,0,0,0,1,67301,0,,2,1,,N,N,,0,,0,0,0,0.0,0,,1550,0,2,0,0,0,0,0,3,4,0,2,3,,N,,,,,,,,,,,
2009013354,720,2,0,0,0,0,0,0,0,0,4,0,,67,11,2008,1,39.9773,-75.1581,720.0,6,0,0,0,0,0,0,0,0,,0,0,0,7,1,0,1,,0,39 58:38.125,,0,75 09:29.200,0,0,0,0,67301,0,0,0,N,0,0,0,2,67301,0,,1,9,,N,N,,0,,0,0,0,3.0,2,,720,0,2,0,0,0,0,0,3,4,0,2,7,,N,,,,,,,,,,,
2009013537,511,1,0,0,0,0,0,0,0,0,5,0,,67,12,2008,7,40.0424,-75.0827,509.0,6,0,0,0,0,0,0,0,0,,0,0,0,5,3,0,0,,0,40 02:32.754,,0,75 04:57.650,0,0,0,0,67301,0,0,0,N,0,0,0,1,67301,0,,2,1,,N,N,,0,,0,0,1,0.0,0,,509,0,2,0,0,1,0,0,3,4,0,2,3,,N,,,,,,,,,,,
2009013554,1400,1,0,0,0,0,0,0,0,0,7,0,,67,12,2008,6,39.9059,-75.1332,1400.0,6,0,0,0,0,0,0,0,0,,0,0,0,14,1,0,0,,0,39 54:21.174,,3,75 07:59.676,0,0,0,0,67301,0,0,0,N,0,0,0,1,67501,0,,3,9,,N,N,,0,,0,0,0,3.0,8,,1400,0,1,0,0,0,0,0,3,4,0,1,7,,N,,,,,,,,,,,
2009013611,830,0,0,0,0,0,0,0,0,0,8,0,,67,12,2008,4,40.0235,-75.0486,826.0,6,0,0,0,0,0,0,0,0,,0,0,0,8,1,1,0,,0,40 01:24.669,,0,75 02:54.847,4,0,0,0,67301,1,0,0,N,1,0,0,2,67301,1,,1,1,,N,N,,0,,0,0,1,0.0,0,,820,1,2,0,0,0,0,0,3,4,0,1,3,,N,,,,,,,,,,,
2009013636,915,1,0,0,0,0,0,0,0,0,8,0,,67,12,2008,6,39.9873,-75.2392,911.0,6,0,0,0,0,0,1,0,0,,0,0,0,9,1,1,1,,0,39 59:14.287,,0,75 14:20.983,4,0,0,0,67301,1,0,0,N,1,0,0,2,67301,1,,4,9,,N,N,,0,,0,0,0,3.0,3,,911,1,2,0,0,0,0,0,3,4,0,1,3,,N,,,,,,,,,,,
2009013446,2017,2,0,0,0,0,0,0,0,0,4,0,,67,12,2008,2,40.0707,-75.162,2012.0,6,0,0,0,0,0,1,0,0,,0,0,0,20,3,1,1,,0,40 04:14.487,,0,75 09:43.335,8,0,0,0,67301,0,0,0,,0,0,0,3,67301,0,,1,9,,N,,,0,,0,0,0,3.0,3,,2010,1,2,0,0,0,1,0,3,4,0,2,7,,N,,,,,,,,,,,
2009024666,1335,2,0,0,0,0,0,0,0,0,4,0,,67,12,2008,1,40.0667,-75.178,1326.0,6,0,0,0,0,0,1,0,0,2.0,0,0,0,13,1,1,1,,2,40 04:00.294,5.0,0,75 10:40.851,8,0,0,0,67301,0,0,0,,0,0,0,4,67301,0,,1,1,,N,N,,0,,0,0,0,9.0,3,Y,1324,1,3,0,0,0,1,0,3,4,1,3,3,,N,,,,,,,,,,,
2009025116,6,2,0,0,0,0,0,0,0,0,5,0,,67,12,2008,1,39.9536,-75.165,3.0,6,0,0,0,0,0,1,0,0,,0,0,0,0,3,4,1,,0,39 57:12.949,,0,75 09:54.175,4,0,0,0,67301,0,0,0,N,0,0,0,5,67301,4,,1,9,,N,N,,0,,0,0,0,3.0,2,,0,4,2,0,0,0,0,1,3,4,0,2,3,,N,,,,,,,,,,,
2009025118,2203,2,0,0,0,0,0,0,0,0,4,0,,67,12,2008,3,40.0293,-75.1065,2214.0,6,0,0,0,1,0,0,0,0,,0,0,0,22,3,5,2,,0,40 01:45.719,,0,75 06:22.864,8,0,0,0,67301,0,0,0,,0,0,0,5,67301,0,,1,1,,N,N,,0,,0,0,0,3.0,2,,2203,5,2,0,0,0,5,0,3,4,0,2,3,,N,,,,,,,,,,,
2009030769,1335,1,0,0,0,0,0,1,0,0,5,1,,67,12,2008,3,40.0391,-75.1446,1330.0,6,0,0,0,0,0,0,0,0,2.0,0,0,0,99,1,2,0,,1,40 02:20.860,2.0,0,75 08:40.577,4,0,0,0,67301,0,0,0,N,0,0,0,3,67301,2,,1,1,,N,N,,0,,0,0,0,3.0,2,N,9999,2,2,0,0,0,0,0,3,4,0,2,3,,N,,,,,,,,,,,
2008081465,1516,0,0,0,0,0,0,0,0,0,8,0,,67,4,2008,4,39.9721,-75.2345,1515.0,6,0,0,0,0,0,1,0,0,,0,0,0,15,1,1,1,,0,39 58:19.405,,0,75 14:04.243,4,0,0,0,67301,1,0,0,N,1,0,0,3,67301,1,,1,1,,N,N,,0,,0,0,1,3.0,3,,1510,1,2,0,0,2,0,0,3,4,0,1,3,,N,,,,,,,,,,,
2008102036,1527,2,0,0,0,0,0,0,0,0,1,0,,67,8,2008,7,40.0,-75.1952,1524.0,6,0,0,0,0,0,0,0,0,,0,0,0,15,1,2,0,,0,40 00:00.481,,0,75 11:42.674,8,0,0,0,67301,0,0,0,N,0,0,0,3,68K01,0,,1,1,,N,N,,0,,0,0,0,0.0,0,,1518,2,2,0,0,0,2,0,3,4,0,2,3,,N,,,,,,,,,,,
2008107760,438,1,0,0,0,0,0,0,0,0,7,0,,67,8,2008,3,39.9479,-75.2496,430.0,6,0,0,0,0,0,0,0,0,1.0,0,0,0,4,3,1,2,,1,39 56:52.613,5.0,0,75 14:58.828,4,0,0,0,67301,0,0,0,N,0,0,0,1,67301,1,,2,9,,N,N,,0,,0,0,0,0.0,0,Y,430,1,1,0,0,0,0,0,3,4,0,1,7,,N,,,,,,,,,,,
2008109884,1128,0,0,0,0,0,0,0,0,0,0,0,,67,10,2008,2,39.9373,-75.1989,1120.0,6,0,0,0,0,0,0,0,0,2.0,0,0,0,11,1,2,0,,2,39 56:19.621,3.0,3,75 11:50.391,4,0,0,0,67301,0,0,0,Y,0,0,0,6,68K01,2,,1,1,,N,N,,0,,0,0,1,0.0,0,N,1115,2,1,0,0,0,0,0,3,4,0,1,3,,N,,,,,,,,,,,
2008073526,2242,3,0,0,0,0,0,0,0,0,1,0,,67,4,2008,2,40.0558,-75.1589,2237.0,6,0,0,0,0,0,0,0,0,,0,0,0,20,3,1,1,,0,40 03:20.765,,0,75 09:31.952,4,0,0,0,67301,0,0,0,N,0,0,0,3,67301,1,,1,1,,N,N,,0,,0,0,0,3.0,2,,2035,1,3,0,0,0,0,0,3,4,0,3,3,,N,,,,,,,,,,,
2008094740,458,1,0,0,0,0,0,0,0,0,5,1,,67,8,2008,3,40.0486,-74.9979,448.0,6,0,0,0,0,0,1,0,0,,0,1,0,4,3,0,0,,0,40 02:55.267,,0,74 59:51.838,0,0,0,0,67301,0,0,0,N,0,0,0,2,68K01,0,,1,1,,N,N,,0,,0,0,0,0.0,0,,444,0,2,0,0,0,0,0,3,4,0,2,3,,N,,,,,,,,,,,
2008110444,1131,1,0,0,0,0,0,0,0,0,1,0,,67,10,2008,7,40.0494,-74.995,1124.0,6,1,0,0,0,0,0,1,0,,0,0,0,11,1,1,0,,0,40 02:59.351,,2,74 59:34.730,8,0,0,0,67301,0,0,0,N,0,0,0,2,68K01,0,,1,1,,N,N,,1,,0,0,0,3.0,4,,1120,1,2,0,0,0,1,0,3,4,0,2,3,,N,,,,,,,,,,,
2008120696,2355,3,0,0,0,0,0,0,0,0,1,0,,67,9,2008,7,40.0117,-75.2048,2350.0,6,0,0,0,0,1,0,0,0,,0,0,0,23,3,2,6,,0,40 00:40.255,,2,75 12:12.762,8,0,0,0,67301,0,0,0,N,0,0,0,5,67301,0,,1,1,,N,N,,0,,0,0,0,3.0,4,,2348,2,3,0,0,0,2,1,3,4,0,3,3,,N,,,,,,,,,,,
2008113472,430,1,0,0,0,0,0,0,0,0,7,0,,67,9,2008,2,39.9378,-75.1984,426.0,6,0,0,0,0,0,0,0,0,1.0,0,0,0,4,3,0,0,,1,39 56:21.333,3.0,0,75 11:48.654,0,0,0,0,67301,0,0,0,N,0,0,0,1,68K01,0,,2,1,,N,N,,0,,0,0,0,0.0,0,N,415,0,1,0,0,0,0,0,3,4,0,1,3,,N,,,,,,,,,,,
2008120806,9999,3,0,0,0,0,0,0,0,0,1,0,,67,9,2008,7,40.0475,-75.1768,117.0,6,0,0,0,0,0,0,0,0,,0,0,0,0,3,0,0,,0,40 02:50.920,,0,75 10:36.379,0,0,0,0,67301,3,0,0,N,0,0,0,4,67301,0,,6,9,,N,N,,0,,0,0,0,0.0,0,,20,0,3,0,0,0,0,0,3,4,0,3,7,,N,,,,,,,,,,,
2008119500,1410,1,0,0,0,0,0,0,0,0,4,0,,67,10,2008,1,40.0251,-75.1398,1410.0,6,0,0,1,0,0,0,1,0,,0,0,0,14,1,2,1,,0,40 01:30.487,,0,75 08:23.409,4,0,0,0,67301,0,0,0,,0,0,0,2,67301,2,,1,1,,,,,0,,0,0,1,3.0,3,,1410,2,2,0,0,0,0,0,3,4,0,2,3,,N,,,,,,,,,,,
2009013850,855,1,0,0,1,0,0,0,0,0,4,0,,67,11,2008,4,39.9646,-75.1765,852.0,6,0,0,0,0,0,0,1,0,,0,0,0,8,1,1,0,,0,39 57:52.622,,7,75 10:35.369,4,0,0,0,67301,1,0,0,N,0,0,0,2,67301,1,,2,1,,N,N,,0,,0,0,0,0.0,0,,845,1,2,0,0,0,0,0,3,4,0,1,3,,N,,,,,,,,,,,
2009001015,929,1,0,0,0,0,0,0,0,0,8,0,,67,11,2008,4,39.9536,-75.1563,924.0,6,0,0,0,0,0,0,0,1,,0,0,0,9,1,1,1,,0,39 57:12.785,,0,75 09:22.669,4,0,0,0,67301,1,0,0,N,1,0,0,3,67301,1,,1,1,,N,N,,0,,0,0,0,3.0,2,,922,1,2,0,0,0,0,0,3,4,0,1,3,,N,,,,,,,,,,,
2009024783,635,2,0,0,0,0,0,0,0,0,1,0,,67,12,2008,6,39.9163,-75.2196,630.0,6,0,0,0,0,0,0,0,0,2.0,0,0,0,99,5,1,2,,1,39 55:01.001,4.0,0,75 12:57.547,4,0,0,0,67301,0,0,0,,0,0,0,1,67301,1,,1,9,,,,,0,,0,0,0,3.0,2,N,9999,1,2,0,0,0,0,0,3,4,0,2,7,,N,,,,,,,,,,,
2009024789,1655,1,0,0,0,0,0,0,0,0,4,0,,67,12,2008,6,40.0641,-75.2396,1642.0,6,0,0,0,0,0,1,0,0,,0,0,0,16,4,0,1,,0,40 03:52.977,,0,75 14:23.056,0,0,0,0,67301,0,0,0,N,0,0,0,2,67301,0,,1,9,,N,N,,0,,0,0,1,3.0,2,,1630,0,2,0,0,0,0,0,3,4,0,2,7,,N,,,,,,,,,,,
2009015243,1510,0,0,0,0,0,0,0,0,0,8,0,,67,11,2008,6,40.035,-75.1738,1459.0,6,0,0,0,0,0,0,0,0,,0,0,0,14,1,1,0,,0,40 02:06.199,,0,75 10:25.634,8,0,0,0,67301,1,0,0,N,1,0,0,2,67301,0,,1,1,,N,N,,1,,0,0,0,0.0,0,,1459,1,2,0,0,0,1,0,3,4,0,1,3,,N,,,,,,,,,,,
2009002030,1110,1,0,0,0,0,0,0,0,0,8,0,,67,11,2008,7,39.9175,-75.1658,1035.0,6,0,0,0,0,0,0,0,0,,0,0,0,10,1,1,1,,0,39 55:03.072,,0,75 09:56.897,8,0,0,0,67301,1,0,0,N,1,0,0,2,67301,0,,1,9,,N,N,,0,,0,0,0,3.0,3,,1030,1,2,0,0,0,1,0,3,4,0,1,7,,N,,,,,,,,,,,