CRN,ARRIVAL_TM,AUTOMOBILE_COUNT,BELTED_DEATH_COUNT,BELTED_SUSP_SERIOUS_INJ_COUNT,BICYCLE_COUNT,BICYCLE_DEATH_COUNT,BICYCLE_SUSP_SERIOUS_INJ_COUNT,BUS_COUNT,CHLDPAS_DEATH_COUNT,CHLDPAS_SUSP_SERIOUS_INJ_COUNT,COLLISION_TYPE,COMM_VEH_COUNT,CONS_ZONE_SPD_LIM,COUNTY,CRASH_MONTH,CRASH_YEAR,DAY_OF_WEEK,DEC_LAT,DEC_LONG,DISPATCH_TM,DISTRICT,DRIVER_COUNT_16YR,DRIVER_COUNT_17YR,DRIVER_COUNT_18YR,DRIVER_COUNT_19YR,DRIVER_COUNT_20YR,DRIVER_COUNT_50_64YR,DRIVER_COUNT_65_74YR,DRIVER_COUNT_75PLUS,EST_HRS_CLOSED,FATAL_COUNT,HEAVY_TRUCK_COUNT,HORSE_BUGGY_COUNT,HOUR_OF_DAY,ILLUMINATION,INJURY_COUNT,INTERSECT_TYPE,INTERSECTION_RELATED,LANE_CLOSED,LATITUDE,LN_CLOSE_DIR,LOCATION_TYPE,LONGITUDE,MAX_SEVERITY_LEVEL,MCYCLE_DEATH_COUNT,MCYCLE_SUSP_SERIOUS_INJ_COUNT,MOTORCYCLE_COUNT,MUNICIPALITY,NONMOTR_COUNT,NONMOTR_DEATH_COUNT,NONMOTR_SUSP_SERIOUS_INJ_COUNT,NTFY_HIWY_MAINT,PED_COUNT,PED_DEATH_COUNT,PED_SUSP_SERIOUS_INJ_COUNT,PERSON_COUNT,POLICE_AGCY,POSSIBLE_INJ_COUNT,RDWY_SURF_TYPE_CD,RELATION_TO_ROAD,ROAD_CONDITION,ROADWAY_CLEARED,SCH_BUS_IND,SCH_ZONE_IND,SECONDARY_CRASH,SMALL_TRUCK_COUNT,SPEC_JURIS_CD,SUSP_MINOR_INJ_COUNT,SUSP_SERIOUS_INJ_COUNT,SUV_COUNT,TCD_FUNC_CD,TCD_TYPE,TFC_DETOUR_IND,TIME_OF_DAY,TOT_INJ_COUNT,TOTAL_UNITS,UNB_DEATH_COUNT,UNB_SUSP_SERIOUS_INJ_COUNT,UNBELTED_OCC_COUNT,UNK_INJ_DEG_COUNT,UNK_INJ_PER_COUNT,URBAN_AREA,URBAN_RURAL,VAN_COUNT,VEHICLE_COUNT,WEATHER1,WEATHER2,WORK_ZONE_IND,WORK_ZONE_LOC,WORK_ZONE_TYPE,WORKERS_PRES,WZ_CLOSE_DETOUR,WZ_FLAGGER,WZ_LAW_OFFCR_IND,WZ_LN_CLOSURE,WZ_MOVING,WZ_OTHER,WZ_SHLDER_MDN,WZ_WORKERS_INJ_KILLED
2009002289,1645,1,0,0,0,0,0,0,0,0,4,0,,67,11,2008,7,40.0808,-75.0286,1640.0,6,0,0,0,0,0,1,0,0,,0,0,0,16,1,1,1,,0,40 04:51.102,,0,75 01:42.608,4,0,0,0,67301,0,0,0,N,0,0,0,2,67301,1,,1,9,,N,N,,0,,0,0,1,3.0,2,,1639,1,2,0,0,0,0,0,3,4,0,2,7,,N,,,,,,,,,,,
2009002293,9999,1,0,0,0,0,0,0,0,0,8,0,,67,11,2008,2,40.0132,-75.1192,210.0,6,0,0,0,0,0,0,0,0,,0,0,0,2,3,2,0,,0,40 00:47.572,,0,75 07:09.181,3,0,0,0,67301,1,0,0,N,1,0,0,3,67301,1,,7,1,,N,N,,0,,1,0,0,0.0,0,,210,2,2,0,0,2,0,0,3,4,0,1,3,,N,,,,,,,,,,,
2009031129,1721,2,0,0,0,0,0,0,0,0,5,0,,67,12,2008,3,39.9193,-75.211,1719.0,6,0,0,0,0,0,1,0,0,3.0,0,0,0,17,3,1,0,,1,39 55:09.325,1.0,0,75 12:39.736,3,0,0,0,67301,1,0,0,N,1,0,0,4,67301,0,,3,1,,N,N,,0,,1,0,0,0.0,0,Y,1719,1,3,0,0,1,0,0,3,4,0,2,3,,N,,,,,,,,,,,
2009031134,350,3,0,0,0,0,0,0,0,0,1,0,,67,12,2008,4,40.1068,-75.0371,350.0,6,0,0,0,0,0,0,0,1,3.0,0,0,0,3,3,0,0,,2,40 06:24.537,3.0,0,75 02:13.480,0,0,0,0,67301,0,0,0,,0,0,0,2,67301,0,,1,2,,,,,0,,0,0,0,0.0,0,N,350,0,3,0,0,0,0,0,3,4,0,3,98,,N,,,,,,,,,,,
2009000526,155,1,0,0,0,0,0,0,0,0,2,0,,67,11,2008,1,39.957,-75.2255,145.0,6,0,0,0,0,0,0,0,0,,0,0,0,1,3,2,1,,0,39 57:25.068,,0,75 13:31.807,4,0,0,0,67301,0,0,0,,0,0,0,3,67301,2,,1,1,,N,N,,0,,0,0,1,3.0,2,,140,2,2,0,0,0,0,0,3,4,0,2,3,,N,,,,,,,,,,,
2009003145,56,1,0,0,0,0,0,1,0,0,4,1,,67,11,2008,1,39.9525,-75.1766,50.0,6,0,0,0,0,0,0,0,0,,0,0,0,23,3,0,0,,0,39 57:08.802,,0,75 10:35.754,0,0,0,0,67301,0,0,0,,0,0,0,2,67301,0,,1,1,,,,,0,,0,0,0,0.0,0,,2330,0,2,0,0,0,0,0,3,4,0,2,3,,N,,,,,,,,,,,
2009001754,35,0,0,0,0,0,0,0,0,0,8,0,,67,11,2008,1,39.8905,-75.1697,30.0,6,0,0,0,0,0,0,0,0,,0,0,0,99,3,1,1,,0,39 53:25.803,,0,75 10:11.056,4,0,0,0,67301,1,0,0,,1,0,0,2,67301,1,,1,9,,N,N,,0,,0,0,1,9.0,3,,9999,1,2,0,0,0,0,1,3,4,0,1,7,,N,,,,,,,,,,,
2009000976,852,1,0,0,0,0,0,0,0,0,4,0,,67,12,2008,4,40.0045,-75.1395,850.0,6,0,0,0,0,0,0,0,0,,0,0,0,8,1,2,2,,0,40 00:16.358,,0,75 08:22.210,4,0,0,0,67301,0,0,0,,0,0,0,4,67301,2,,1,1,,,,,1,,0,0,0,3.0,2,,850,2,2,0,0,0,0,0,3,4,0,2,3,,N,,,,,,,,,,,
2009000990,9999,3,0,0,0,0,0,0,0,0,1,0,,67,9,2008,6,39.9547,-75.2269,1619.0,6,0,0,0,0,0,0,0,0,,0,0,0,99,4,2,0,,0,39 57:16.833,,0,75 13:36.696,8,0,0,0,67301,0,0,0,N,0,0,0,2,67301,0,,6,9,,N,N,,0,,0,0,0,0.0,0,,9999,2,3,0,0,0,2,0,3,4,0,3,7,,N,,,,,,,,,,,
2009001035,2220,2,0,0,0,0,0,0,0,0,2,0,,67,11,2008,5,40.0159,-75.1538,2219.0,6,0,0,0,0,0,1,0,0,,0,0,0,22,3,1,1,,0,40 00:57.144,,0,75 09:13.829,8,0,0,0,67301,0,0,0,,0,0,0,3,67301,0,,1,9,,,,,0,,0,0,0,3.0,2,,2217,1,2,0,0,0,1,0,3,4,0,2,7,,N,,,,,,,,,,,
2009015020,1747,1,0,0,0,0,0,0,0,0,8,0,,67,12,2008,2,39.9936,-75.1793,1245.0,6,0,0,0,0,0,0,1,0,,0,0,0,17,3,1,0,,0,39 59:36.883,,0,75 10:45.583,8,0,0,0,67301,1,0,0,,1,0,0,2,67301,0,,1,9,,,,,0,,0,0,0,0.0,0,,1745,1,2,0,0,1,1,0,3,4,0,1,7,,N,,,,,,,,,,,
2009013291,2020,2,0,0,0,0,0,0,0,0,1,0,,67,12,2008,3,40.0743,-75.0348,2015.0,6,0,0,0,0,0,1,0,0,,0,0,0,18,2,2,1,,0,40 04:27.540,,0,75 02:05.368,4,0,0,0,67301,0,0,0,,0,0,0,3,67301,2,,1,1,,,,,0,,0,0,0,3.0,2,,1800,2,2,0,0,0,0,0,3,4,0,2,3,,N,,,,,,,,,,,
2009013297,1634,2,0,0,0,0,0,0,0,0,6,0,,67,11,2008,6,40.0466,-75.0705,1634.0,6,0,0,0,1,0,0,0,0,,0,0,0,14,1,0,0,,0,40 02:26.395,,7,75 04:34.258,0,0,0,0,67301,0,0,0,N,0,0,0,2,67301,0,,1,1,,N,N,,0,,0,0,0,0.0,0,,1400,0,2,0,0,0,0,0,3,4,0,2,3,,N,,,,,,,,,,,
2009013358,2125,2,0,0,0,0,0,0,0,0,4,0,,67,12,2008,7,39.9761,-75.1602,2124.0,6,0,0,1,0,0,0,0,0,2.0,0,0,0,21,3,0,1,,2,39 58:33.855,3.0,0,75 09:36.622,0,0,0,0,67301,0,0,0,N,0,0,0,6,67301,0,,1,9,,N,N,,0,,0,0,0,3.0,2,Y,2120,0,3,0,0,0,0,0,3,4,0,3,7,,N,,,,,,,,,,,
2009013510,1704,1,0,0,0,0,0,0,0,0,8,0,,67,12,2008,4,40.0115,-75.0698,1704.0,6,0,0,0,0,0,0,0,0,1.0,0,0,0,17,3,1,1,,1,40 00:41.506,1.0,0,75 04:11.279,8,0,0,0,67301,1,0,0,N,1,0,0,2,67301,0,,1,9,,N,N,,0,,0,0,0,3.0,2,N,1704,1,2,0,0,0,1,0,3,4,0,1,7,,N,,,,,,,,,,,
2009013530,549,1,0,0,0,0,0,0,0,0,7,0,,67,12,2008,5,,,547.0,6,0,0,0,0,0,0,0,0,,0,0,0,5,3,0,0,,0,,,3,,0,0,0,0,67301,0,0,0,N,0,0,0,1,67301,0,,2,9,,N,N,,0,,0,0,0,0.0,0,,544,0,1,0,0,0,0,0,3,3,0,1,7,,N,,,,,,,,,,,
2009013608,1220,2,0,0,0,0,0,0,0,0,4,0,,67,11,2008,1,40.0529,-75.0743,1217.0,6,0,0,0,0,1,0,0,0,,0,0,0,12,1,3,0,,0,40 03:10.594,,0,75 04:27.465,4,0,0,0,67301,0,0,0,,0,0,0,3,67301,2,,6,9,,,,,0,,0,0,0,0.0,0,,1215,3,2,0,0,0,1,0,3,4,0,2,7,,N,,,,,,,,,,,
2009013614,1604,2,0,0,0,0,0,0,0,0,1,0,,67,11,2008,3,40.0707,-75.2412,1558.0,6,0,0,0,0,0,3,0,0,3.0,0,0,0,99,1,1,1,,1,40 04:15.277,2.0,0,75 14:28.628,8,0,0,0,67301,0,0,0,N,0,0,0,3,67301,0,,1,1,,N,N,,0,,0,0,1,3.0,2,N,9999,1,3,0,0,3,1,0,3,4,0,3,3,,N,,,,,,,,,,,
2009013962,1705,1,0,0,0,0,0,0,0,0,6,0,,67,12,2008,3,39.9634,-75.2027,1705.0,6,0,0,0,0,0,0,0,0,1.0,0,0,0,17,3,2,0,,2,39 57:48.106,4.0,0,75 12:09.599,8,0,0,0,67301,0,0,0,N,0,0,0,4,67301,0,,1,1,,N,N,,0,,0,0,0,0.0,0,Y,1700,2,2,0,0,0,2,0,3,4,0,2,3,,N,,,,,,,,,,,
2009029204,0,1,0,1,0,0,0,0,0,0,1,0,,67,11,2008,3,40.0288,-75.0337,0.0,6,0,0,0,0,0,0,0,0,,0,0,0,10,1,2,0,,0,40 01:43.518,,0,75 02:01.273,2,0,0,0,67301,0,0,0,N,0,0,0,3,00000,0,,1,1,,N,N,,0,,1,1,0,0.0,0,,1011,2,2,0,0,0,0,1,3,4,0,2,3,,N,,,,,,,,,,,
2009026826,1205,0,0,0,0,0,0,0,0,0,7,0,,67,12,2008,3,40.0617,-75.0156,1158.0,6,0,0,0,0,0,1,0,0,,0,0,0,11,1,1,0,,0,40 03:42.148,,0,75 00:56.001,8,0,0,1,67301,0,0,0,N,0,0,0,1,67301,0,,2,1,,N,N,,0,,0,0,0,0.0,0,,1151,1,2,0,0,0,1,0,3,4,0,1,3,,N,,,,,,,,,,,
2009034246,1214,0,0,0,0,0,0,1,0,0,1,1,,67,3,2008,1,39.9915,-75.2033,1214.0,6,0,0,0,0,0,0,0,0,,0,0,0,12,1,2,0,,0,39 59:31.535,,0,75 12:07.499,8,0,0,0,67301,0,0,0,N,0,0,0,3,68K01,0,,1,1,,N,N,,0,,0,0,1,0.0,0,,1210,2,2,0,0,0,2,0,3,4,0,2,3,,N,,,,,,,,,,,
2009024658,1943,2,0,0,0,0,0,0,0,0,4,0,,67,12,2008,1,39.987,-75.1744,1939.0,6,0,0,0,0,1,0,0,0,,0,0,0,18,3,0,1,,0,39 59:13.322,,0,75 10:27.753,0,0,0,0,67301,0,0,0,N,0,0,0,6,67301,0,,1,1,,N,N,,0,,0,0,0,3.0,2,,1857,0,2,0,0,0,0,0,3,4,0,2,3,,N,,,,,,,,,,,
2009024713,1336,0,0,0,0,0,0,0,0,0,4,0,,67,12,2008,6,39.992,-75.1402,1335.0,6,0,0,0,0,0,0,0,0,2.0,0,0,0,13,1,2,1,,2,39 59:31.321,4.0,0,75 08:24.666,4,0,0,0,67301,0,0,0,N,0,0,0,7,67301,2,,1,1,,N,N,,0,,0,0,1,3.0,2,Y,1334,2,3,0,0,0,0,0,3,4,1,3,3,,N,,,,,,,,,,,
2009097146,1521,1,0,0,0,0,0,0,0,0,4,0,,67,9,2008,7,40.0564,-75.0751,1516.0,6,0,0,1,0,0,0,0,0,2.0,0,0,0,15,1,1,1,,2,40 03:22.903,3.0,0,75 04:30.486,8,0,0,0,67301,0,0,0,N,0,0,0,6,67301,0,,1,1,,N,N,,0,,0,0,1,3.0,2,Y,1516,1,3,0,0,0,1,0,3,4,1,3,3,,N,,,,,,,,,,,
2009024827,853,2,0,0,0,0,0,0,0,0,4,0,,67,12,2008,6,39.9211,-75.2242,848.0,6,0,0,0,0,0,1,0,0,,0,0,0,8,1,1,1,,0,39 55:15.796,,0,75 13:27.001,8,0,0,0,67301,0,0,0,N,0,0,0,3,67301,0,,1,9,,N,N,,0,,0,0,0,9.0,2,,814,1,2,0,0,0,1,0,3,4,0,2,7,,N,,,,,,,,,,,
2009024867,105,2,0,0,0,0,0,0,0,0,1,0,,67,12,2008,1,40.0068,-75.1316,1256.0,6,0,0,0,0,0,0,0,0,,0,0,0,6,3,1,1,,0,40 00:24.353,,0,75 07:53.654,4,0,0,0,67301,0,0,0,N,0,0,0,3,67301,1,,1,1,,N,N,,0,,0,0,0,3.0,2,,645,1,3,0,0,0,0,0,3,4,0,3,98,,N,,,,,,,,,,,
2008095540,855,1,0,0,0,0,0,0,0,0,1,0,,67,6,2008,4,40.0464,-75.1664,850.0,6,0,0,0,0,0,0,0,0,,0,0,0,8,1,1,0,,0,40 02:47.076,,0,75 09:58.844,8,0,0,0,67301,0,0,0,N,0,0,0,2,67301,0,,1,1,,N,N,,0,,0,0,1,3.0,2,,835,1,2,0,0,0,1,0,3,4,0,2,3,,N,,,,,,,,,,,
2008095303,1430,1,0,0,1,0,0,0,0,0,7,0,,67,7,2008,3,39.9513,-75.1672,1425.0,6,0,0,0,0,0,0,1,0,,0,0,0,14,1,1,0,,0,39 57:04.570,,0,75 10:01.928,4,0,0,0,67301,1,0,0,N,0,0,0,2,67301,1,,2,1,,N,N,,0,,0,0,0,0.0,0,,1420,1,2,0,0,0,0,0,3,4,0,1,3,,N,,,,,,,,,,,
2008095323,352,2,0,0,0,0,0,0,0,0,1,0,,67,6,2008,1,39.9513,-75.1996,348.0,6,0,0,0,0,0,0,0,0,,0,0,0,3,3,0,0,,0,39 57:04.773,,0,75 11:58.603,0,0,0,0,67301,0,0,0,,0,0,0,1,67504,0,,6,1,,N,N,,0,,0,0,0,0.0,0,,347,0,2,0,0,0,0,0,3,4,0,2,3,,N,,,,,,,,,,,
2008095360,1335,2,0,0,0,0,0,0,0,0,4,0,,67,6,2008,1,40.001,-75.1001,1333.0,6,0,0,0,0,0,1,0,0,,0,0,0,13,1,2,1,,0,40 00:03.454,,0,75 06:00.195,4,0,0,0,67301,0,0,0,N,0,0,0,2,67301,2,,1,1,,N,N,,0,,0,0,0,3.0,2,,1333,2,2,0,0,0,0,0,3,4,0,2,3,,N,,,,,,,,,,,
2008088308,2047,2,0,0,0,0,0,0,0,0,2,0,,67,6,2008,6,39.9261,-75.228,2027.0,6,0,0,0,0,0,0,0,0,,0,0,0,20,4,3,1,,0,39 55:33.913,,1,75 13:40.681,3,0,0,0,67301,0,0,0,N,0,0,0,8,67301,1,,1,1,,N,N,,0,,2,0,0,0.0,0,,2027,3,2,0,0,5,0,4,3,4,0,2,3,,N,,,,,,,,,,,
2008088634,0,1,0,0,0,0,0,0,0,0,1,0,,67,1,2008,6,39.9232,-75.1921,0.0,6,0,0,0,0,0,0,0,0,,0,0,0,14,1,0,0,,0,39 55:28.920,,0,75 11:35.520,9,0,0,0,67301,0,0,0,N,0,0,0,2,00000,0,,1,1,,N,N,,0,,0,0,0,0.0,0,,1420,0,2,0,0,0,0,2,3,4,0,2,3,,N,,,,,,,,,,,
2008088732,0,0,0,0,0,0,0,0,0,0,1,0,,67,4,2008,5,40.0946,-75.0152,0.0,6,0,0,0,0,0,1,0,0,,0,0,0,10,1,1,1,,0,40 05:40.718,,0,75 00:54.707,4,0,0,0,67301,0,0,0,,0,0,0,2,00000,1,,1,98,,,,,2,,0,0,0,3.0,2,,1030,1,2,0,0,0,0,0,3,4,0,2,99,,N,,,,,,,,,,,
2008087964,1218,0,0,0,0,0,0,0,0,0,1,0,,67,6,2008,3,39.9363,-75.2275,1215.0,6,0,0,0,0,0,0,0,0,,0,0,0,12,1,1,0,,0,39 56:10.689,,0,75 13:39.145,8,0,0,0,67301,1,0,0,N,1,0,0,3,67301,0,,1,1,,N,N,,0,,0,0,0,0.0,0,,1218,1,2,0,0,0,1,0,3,4,1,1,3,,N,,,,,,,,,,,
2008087995,9999,0,0,0,0,0,0,0,0,0,4,0,,67,6,2008,4,39.9374,-75.163,1343.0,6,0,0,0,0,0,1,0,0,,0,0,0,99,1,3,1,,0,39 56:14.629,,0,75 09:46.969,4,0,0,0,67301,0,0,0,N,0,0,0,3,67301,3,,1,1,,N,N,,0,,0,0,2,3.0,2,,9999,3,2,0,0,0,0,0,3,4,0,2,3,,N,,,,,,,,,,,
2008088079,1100,1,0,0,0,0,0,0,0,0,8,0,,67,6,2008,3,39.9332,-75.1796,1057.0,6,0,0,0,0,0,0,0,1,,0,0,0,99,1,1,1,,0,39 55:59.462,,0,75 10:46.387,3,0,0,0,67301,1,0,0,,1,0,0,2,67301,0,,1,1,,,,,0,,1,0,0,3.0,3,,9999,1,2,0,0,0,0,0,3,4,0,1,3,,N,,,,,,,,,,,
2008098045,1405,2,0,0,0,0,0,0,0,0,1,0,,67,7,2008,2,39.9253,-75.2291,1405.0,6,0,0,0,0,0,0,0,0,9.0,0,0,0,99,1,2,1,,2,39 55:30.950,1.0,0,75 13:44.824,8,0,0,0,67301,0,0,0,N,0,0,0,3,67301,0,,1,1,,N,N,,0,,0,0,0,3.0,2,Y,9999,2,2,0,0,1,2,1,3,4,0,2,3,,N,,,,,,,,,,,
2008100570,1455,1,0,0,0,0,0,0,0,0,7,0,,67,7,2008,5,40.0073,-75.1926,1450.0,6,0,0,1,0,0,0,0,0,,0,0,0,14,1,1,0,,0,40 00:28.766,,3,75 11:30.226,4,0,0,0,67301,0,0,0,N,0,0,0,1,67301,1,,2,1,,N,N,,0,,0,0,0,0.0,0,,1445,1,1,0,0,0,0,0,3,4,0,1,3,,N,,,,,,,,,,,
2008095569,1215,2,0,0,0,0,0,0,0,0,1,0,,67,7,2008,4,39.9545,-75.1811,1205.0,6,0,0,0,0,0,0,0,0,,0,0,0,11,1,1,1,,0,39 57:16.583,,0,75 10:51.966,8,0,0,0,67301,0,0,0,N,0,0,0,2,67301,0,,1,1,,N,N,,0,,0,0,0,3.0,2,,1115,1,2,0,0,1,1,0,3,4,0,2,3,,N,,,,,,,,,,,
2008098383,1620,1,0,0,0,0,0,0,0,0,0,0,,67,7,2008,2,40.0047,-75.1522,1620.0,6,0,0,0,0,0,1,0,0,,0,0,0,16,1,1,1,,0,40 00:16.937,,0,75 09:08.069,8,0,0,0,67301,0,0,0,N,0,0,0,2,67301,0,,1,1,,N,N,,0,,0,0,1,3.0,2,,1619,1,2,0,0,0,1,0,3,4,0,2,3,,N,,,,,,,,,,,
2008081461,2349,2,0,0,0,0,0,0,0,0,4,0,,67,5,2008,6,39.9516,-75.2108,2240.0,6,0,0,0,0,0,0,0,0,,0,0,0,22,3,0,2,,0,39 57:05.763,,0,75 12:38.789,0,0,0,0,67301,0,0,0,N,0,0,0,4,67301,0,,1,1,,N,N,,0,,0,0,0,3.0,3,,2230,0,2,0,0,0,0,0,3,4,0,2,3,,N,,,,,,,,,,,
2008081467,907,1,0,0,0,0,0,1,0,0,5,1,,67,4,2008,3,39.9141,-75.1818,907.0,6,0,0,0,0,0,0,0,0,,0,0,0,9,1,1,0,,0,39 54:50.709,,0,75 10:54.396,3,0,0,0,67301,0,0,0,,0,0,0,2,67301,0,,1,1,,,,,0,,1,0,1,0.0,0,,905,1,4,0,0,0,0,0,3,4,1,4,3,,N,,,,,,,,,,,
2008096937,45,3,0,0,0,0,0,0,0,0,4,0,,67,6,2008,1,40.0586,-75.2373,40.0,6,0,0,0,0,0,0,0,0,,0,0,0,0,3,0,0,,0,40 03:29.828,,0,75 14:13.429,0,0,0,0,67301,0,0,0,N,0,0,0,1,67301,0,,4,1,,N,N,,0,,0,0,0,0.0,0,,39,0,3,0,0,0,0,0,3,4,0,3,3,,N,,,,,,,,,,,
2008099901,611,1,0,0,0,0,0,0,0,0,7,0,,67,9,2008,2,39.965,-75.1378,600.0,6,0,0,0,0,0,1,0,0,1.0,0,0,0,5,5,0,3,,1,39 57:37.876,2.0,2,75 08:27.372,0,0,0,0,67301,0,0,0,Y,0,0,0,1,68K01,0,,7,1,,N,N,,0,,0,0,0,0.0,0,N,558,0,1,0,0,0,0,0,3,4,0,1,3,,N,,,,,,,,,,,
2008107899,1805,2,0,0,0,0,0,0,0,0,4,0,,67,8,2008,7,40.068,-75.1574,1800.0,6,0,0,0,0,0,0,0,0,3.0,0,0,0,18,1,1,1,,2,40 04:04.705,6.0,0,75 09:26.502,4,0,0,0,67301,0,0,0,N,0,0,0,2,67301,1,,1,1,,N,N,,0,,0,0,0,3.0,3,Y,1800,1,2,0,0,0,0,0,3,4,0,2,3,,N,,,,,,,,,,,
2008089731,1419,2,0,0,0,0,0,0,0,0,1,0,,67,8,2008,3,40.046,-75.002,1419.0,6,0,0,1,0,0,0,0,0,1.0,0,0,0,14,1,0,0,,2,40 02:47.600,2.0,2,75 00:06.382,0,0,0,0,67301,0,0,0,N,0,0,0,2,68K01,0,,1,1,,N,N,,0,,0,0,0,0.0,0,N,1418,0,2,0,0,0,0,0,3,4,0,2,3,,N,,,,,,,,,,,
2008073513,1605,4,0,0,0,0,0,0,0,0,1,0,,67,4,2008,1,40.0808,-75.0284,1559.0,6,0,0,0,0,0,0,0,1,,0,0,0,15,1,0,1,,0,40 04:50.820,,0,75 01:42.117,0,0,0,0,67301,0,0,0,,0,0,0,9,67301,0,,1,1,,,,,0,,0,0,1,3.0,2,,1533,0,5,0,0,4,0,0,3,4,0,5,3,,N,,,,,,,,,,,
2008122853,2245,4,0,0,0,0,0,0,0,0,1,0,,67,9,2008,6,40.0261,-75.1475,2224.0,6,0,0,1,0,0,2,0,0,3.0,0,0,0,22,3,0,1,,1,40 01:33.790,1.0,0,75 08:50.885,0,0,0,0,67301,0,0,0,N,0,0,0,7,67301,0,,1,1,,N,N,,0,,0,0,0,3.0,2,N,2224,0,4,0,0,0,0,0,3,4,0,4,3,,N,,,,,,,,,,,
2009013682,1716,0,0,0,0,0,0,0,0,1,0,0,,67,11,2008,3,40.0253,-75.1278,1710.0,6,0,0,0,0,0,0,0,0,2.0,0,0,0,16,3,1,1,,2,40 01:30.776,2.0,0,75 07:41.097,2,0,0,0,67301,0,0,0,N,0,0,0,4,67301,0,,1,1,,N,N,,1,,0,1,0,0.0,0,N,1658,1,1,0,1,1,0,2,3,4,0,1,3,,N,,,,,,,,,,,
2009013690,2010,1,0,0,0,0,0,0,0,0,8,0,,67,12,2008,4,39.9987,-75.0709,2000.0,6,0,0,0,0,0,1,0,0,,0,0,0,19,3,1,1,,0,39 59:55.017,,0,75 04:15.335,4,0,0,0,67301,1,0,0,N,1,0,0,2,67301,1,,1,1,,N,N,,0,,0,0,0,3.0,2,,1915,1,2,0,0,1,0,0,3,4,0,1,3,,N,,,,,,,,,,,
2009021239,402,1,0,0,0,0,0,0,0,0,7,0,,67,12,2008,7,40.0205,-75.0429,340.0,6,0,0,0,0,0,0,0,0,3.0,1,0,0,3,3,1,0,,1,40 01:13.990,1.0,0,75 02:33.760,1,0,0,0,67301,0,0,0,Y,0,0,0,2,68K01,1,2.0,2,9,,N,N,,0,0.0,0,0,0,0.0,0,N,335,1,1,1,0,1,0,0,3,4,0,1,98,,N,,,,,,,,,,,
2009024728,825,1,0,0,0,0,0,0,0,0,1,0,,67,12,2008,5,40.0595,-75.0805,821.0,6,0,0,0,0,0,0,0,0,,0,0,0,8,1,0,1,,0,40 03:34.205,,0,75 04:49.965,0,0,0,0,67301,0,0,0,N,0,0,0,5,67301,0,,1,1,,N,N,,0,,0,0,0,3.0,2,,821,0,2,0,0,0,0,0,3,4,1,2,3,,N,,,,,,,,,,,
2009024772,1850,0,0,0,0,0,0,0,0,0,8,0,,67,12,2008,1,39.9901,-75.1688,1840.0,6,0,0,0,0,0,1,0,0,,0,0,0,18,2,1,0,,0,39 59:24.190,,0,75 10:07.708,3,0,0,0,67301,1,0,0,,1,0,0,2,67301,0,,6,1,,,,,0,,1,0,1,0.0,0,,1830,1,2,0,0,0,0,0,3,4,0,1,3,,N,,,,,,,,,,,
2009024792,1310,3,0,0,0,0,0,0,0,0,4,0,,67,12,2008,7,40.0446,-75.2204,1254.0,6,0,0,0,0,0,0,0,1,,0,0,0,12,1,0,0,,0,40 02:40.714,,0,75 13:13.267,0,0,0,0,67301,0,0,0,,0,0,0,1,67301,0,,6,1,,N,N,,0,,0,0,1,0.0,0,,1253,0,4,0,0,0,0,0,3,4,0,4,3,,N,,,,,,,,,,,
2009031198,1855,2,0,0,0,0,0,0,0,0,1,0,,67,12,2008,4,40.0456,-75.1285,1850.0,6,0,0,0,0,0,0,0,0,1.0,0,0,0,18,3,0,1,,1,40 02:44.255,7.0,0,75 07:42.460,0,0,0,0,67301,0,0,0,N,0,0,0,3,67301,0,,1,9,,N,N,,0,,0,0,0,3.0,2,Y,1840,0,2,0,0,0,0,0,3,4,0,2,7,,N,,,,,,,,,,,
2009002026,1900,1,0,0,0,0,0,0,0,0,4,0,,67,11,2008,4,40.0613,-75.2362,1855.0,6,0,0,0,0,0,0,0,0,1.0,0,0,0,18,3,0,1,,1,40 03:41.901,1.0,0,75 14:11.684,9,0,0,0,67301,0,0,0,,0,0,0,2,67301,0,,1,1,,,,,0,,0,0,1,3.0,2,N,1850,0,2,0,0,0,0,2,3,4,0,2,3,,N,,,,,,,,,,,
2009031148,751,1,0,0,0,0,0,1,0,0,4,1,,67,12,2008,4,39.969,-75.217,749.0,6,0,0,0,0,0,0,0,0,,0,0,0,7,1,2,1,,0,39 58:08.310,,0,75 13:01.329,2,0,0,0,67301,0,0,0,N,0,0,0,9,67301,0,,1,1,,N,N,,0,,1,1,0,3.0,2,,746,2,2,0,0,0,0,1,3,4,0,2,3,,N,,,,,,,,,,,
2009005653,914,1,0,0,0,0,0,0,0,0,7,0,,67,12,2008,1,40.0069,-75.1993,914.0,6,0,0,0,0,0,0,0,0,,0,0,0,9,1,0,0,,0,40 00:23.732,,0,75 11:55.278,0,0,0,0,67301,0,0,0,N,0,0,0,1,68K01,0,,2,2,,N,N,,0,,0,0,0,0.0,0,,914,0,1,0,0,0,0,0,3,4,0,1,3,,N,,,,,,,,,,,
2009001325,2111,2,0,0,0,0,0,0,0,0,4,0,99.0,67,11,2008,3,39.975,-75.195,2109.0,6,0,0,1,0,0,0,0,0,2.0,0,0,0,21,3,1,0,,1,39 58:30.020,2.0,0,75 11:41.944,8,0,0,0,67301,0,0,0,N,0,0,0,3,67301,0,,1,9,,N,N,,0,,0,0,0,0.0,0,N,2105,1,2,0,0,0,1,2,3,4,0,2,7,,Y,8.0,2.0,N,U,U,N,U,U,Y,U,