CRN,ARRIVAL_TM,AUTOMOBILE_COUNT,BELTED_DEATH_COUNT,BELTED_SUSP_SERIOUS_INJ_COUNT,BICYCLE_COUNT,BICYCLE_DEATH_COUNT,BICYCLE_SUSP_SERIOUS_INJ_COUNT,BUS_COUNT,CHLDPAS_DEATH_COUNT,CHLDPAS_SUSP_SERIOUS_INJ_COUNT,COLLISION_TYPE,COMM_VEH_COUNT,CONS_ZONE_SPD_LIM,COUNTY,CRASH_MONTH,CRASH_YEAR,DAY_OF_WEEK,DEC_LAT,DEC_LONG,DISPATCH_TM,DISTRICT,DRIVER_COUNT_16YR,DRIVER_COUNT_17YR,DRIVER_COUNT_18YR,DRIVER_COUNT_19YR,DRIVER_COUNT_20YR,DRIVER_COUNT_50_64YR,DRIVER_COUNT_65_74YR,DRIVER_COUNT_75PLUS,EST_HRS_CLOSED,FATAL_COUNT,HEAVY_TRUCK_COUNT,HORSE_BUGGY_COUNT,HOUR_OF_DAY,ILLUMINATION,INJURY_COUNT,INTERSECT_TYPE,INTERSECTION_RELATED,LANE_CLOSED,LATITUDE,LN_CLOSE_DIR,LOCATION_TYPE,LONGITUDE,MAX_SEVERITY_LEVEL,MCYCLE_DEATH_COUNT,MCYCLE_SUSP_SERIOUS_INJ_COUNT,MOTORCYCLE_COUNT,MUNICIPALITY,NONMOTR_COUNT,NONMOTR_DEATH_COUNT,NONMOTR_SUSP_SERIOUS_INJ_COUNT,NTFY_HIWY_MAINT,PED_COUNT,PED_DEATH_COUNT,PED_SUSP_SERIOUS_INJ_COUNT,PERSON_COUNT,POLICE_AGCY,POSSIBLE_INJ_COUNT,RDWY_SURF_TYPE_CD,RELATION_TO_ROAD,ROAD_CONDITION,ROADWAY_CLEARED,SCH_BUS_IND,SCH_ZONE_IND,SECONDARY_CRASH,SMALL_TRUCK_COUNT,SPEC_JURIS_CD,SUSP_MINOR_INJ_COUNT,SUSP_SERIOUS_INJ_COUNT,SUV_COUNT,TCD_FUNC_CD,TCD_TYPE,TFC_DETOUR_IND,TIME_OF_DAY,TOT_INJ_COUNT,TOTAL_UNITS,UNB_DEATH_COUNT,UNB_SUSP_SERIOUS_INJ_COUNT,UNBELTED_OCC_COUNT,UNK_INJ_DEG_COUNT,UNK_INJ_PER_COUNT,URBAN_AREA,URBAN_RURAL,VAN_COUNT,VEHICLE_COUNT,WEATHER1,WEATHER2,WORK_ZONE_IND,WORK_ZONE_LOC,WORK_ZONE_TYPE,WORKERS_PRES,WZ_CLOSE_DETOUR,WZ_FLAGGER,WZ_LAW_OFFCR_IND,WZ_LN_CLOSURE,WZ_MOVING,WZ_OTHER,WZ_SHLDER_MDN,WZ_WORKERS_INJ_KILLED
2009000993,1928,2,0,0,0,0,0,0,0,0,2,0,,67,11,2008,7,40.0642,-75.1736,1925.0,6,0,0,0,0,1,0,0,0,3.0,0,0,0,19,3,3,0,,2,40 03:51.247,5.0,0,75 10:25.103,3,0,0,0,67301,0,0,0,,0,0,0,3,67301,1,,3,1,,,,,0,,1,0,0,0.0,0,Y,1915,3,2,0,0,0,1,0,3,4,0,2,3,,N,,,,,,,,,,,
2009013308,315,0,0,0,0,0,0,0,0,0,7,0,,67,11,2008,7,40.0438,-75.2465,308.0,6,0,0,0,0,0,0,0,0,,0,0,0,3,3,0,2,,0,40 02:37.785,,0,75 14:47.489,9,0,0,0,67301,0,0,0,,0,0,0,1,67301,0,,5,1,,,,,1,,0,0,0,0.0,0,,307,0,1,0,0,0,0,1,3,4,0,1,3,,N,,,,,,,,,,,
2009013317,945,0,0,0,0,0,0,0,0,0,8,0,,67,12,2008,5,40.0845,-75.0384,944.0,6,0,0,0,0,0,0,0,0,,0,0,0,9,1,1,1,,0,40 05:04.030,,0,75 02:18.148,4,0,0,0,67301,1,0,0,N,1,0,0,2,67301,1,,1,9,,N,N,,0,,0,0,0,3.0,2,,940,1,2,0,0,0,0,0,3,4,1,1,7,,N,,,,,,,,,,,
2009013589,1525,2,0,0,0,0,0,0,0,0,2,0,,67,11,2008,3,40.0631,-75.0516,1518.0,6,0,0,0,0,0,0,2,0,,0,0,0,14,1,1,1,,0,40 03:47.298,,0,75 03:06.177,8,0,0,0,67301,0,0,0,N,0,0,0,2,67301,0,,1,1,,N,N,,0,,0,0,0,0.0,0,,1440,1,2,0,0,0,1,0,3,4,0,2,3,,N,,,,,,,,,,,
2009013433,842,0,0,0,0,0,0,0,0,0,1,0,,67,12,2008,2,39.9926,-75.1682,840.0,6,0,0,0,0,0,0,0,0,,0,0,0,8,1,2,1,,0,39 59:33.432,,0,75 10:05.681,4,0,0,0,67301,0,0,0,N,0,0,0,5,67301,2,,1,9,,N,N,,0,,0,0,0,9.0,2,,800,2,2,0,0,5,0,0,3,4,2,2,3,,N,,,,,,,,,,,
2009029241,0,2,0,0,0,0,0,0,0,0,4,0,,67,10,2008,5,40.0293,-75.1051,0.0,6,0,0,0,0,0,0,0,0,,0,0,0,8,1,1,2,,0,40 01:45.840,,0,75 06:17.640,8,0,0,0,67301,0,0,0,N,0,0,0,2,00000,0,,1,1,,N,N,,0,,0,0,0,9.0,9,,815,1,2,0,0,0,1,0,3,4,0,2,3,,N,,,,,,,,,,,
2009024625,615,1,0,0,0,0,0,0,0,0,4,0,,67,12,2008,4,39.9804,-75.2247,611.0,6,0,0,0,0,0,0,0,0,,0,0,0,6,3,2,1,,0,39 58:49.616,,0,75 13:28.852,8,0,0,0,67301,0,0,0,N,0,0,0,3,67301,0,,1,1,,N,N,,2,,0,0,0,3.0,2,,605,2,3,0,0,0,2,0,3,4,0,3,3,,N,,,,,,,,,,,
2009024655,1403,1,0,0,0,0,0,0,0,0,1,0,,67,12,2008,2,39.9551,-75.198,1400.0,6,0,0,0,0,0,0,0,0,,0,0,0,14,1,1,0,,0,39 57:18.385,,0,75 11:52.642,4,0,0,0,67301,0,0,0,N,0,0,0,3,67301,1,,1,1,,N,N,,1,,0,0,0,0.0,0,,1400,1,2,0,0,0,0,0,3,4,0,2,3,,N,,,,,,,,,,,
2009026889,1305,2,0,0,0,0,0,0,0,0,1,0,,67,12,2008,1,39.9441,-75.1969,1256.0,6,0,0,0,0,0,2,0,0,,0,0,0,12,1,1,6,,0,39 56:39.055,,2,75 11:49.549,8,0,0,0,67301,0,0,0,N,0,0,0,3,67301,0,,1,9,,N,N,,0,,0,0,0,0.0,0,,1250,1,2,0,0,0,1,0,3,4,0,2,3,,N,,,,,,,,,,,
2009025649,320,1,0,0,0,0,0,0,0,0,7,0,,67,12,2008,7,40.0579,-75.0407,316.0,6,0,0,0,1,0,0,0,0,,0,0,0,3,3,1,0,,0,40 03:28.278,,3,75 02:26.906,3,0,0,0,67301,0,0,0,N,0,0,0,1,67301,0,,4,2,,N,N,,0,,1,0,0,0.0,0,,315,1,1,0,0,0,0,0,3,4,0,1,7,,N,,,,,,,,,,,
2009025161,1942,2,0,0,0,0,0,0,0,0,1,0,,67,12,2008,7,39.9994,-75.2304,1932.0,6,0,0,1,0,0,0,0,0,,0,0,0,19,3,1,0,,0,40 00:00.333,,0,75 13:44.279,4,0,0,0,67301,0,0,0,,0,0,0,2,67301,1,,1,1,,,,,0,,0,0,0,0.0,0,,1932,1,2,0,0,1,0,0,3,4,0,2,3,,N,,,,,,,,,,,
2008082862,1332,1,0,0,0,0,0,0,0,0,1,0,,67,5,2008,6,40.0567,-75.0608,1328.0,6,0,0,0,0,0,1,0,0,,0,0,0,13,1,1,1,,0,40 03:02.880,,0,75 03:59.400,3,0,0,0,67301,0,0,0,,0,0,0,2,67301,0,,1,9,,N,N,,0,,1,0,1,3.0,2,,1320,1,2,0,0,0,0,0,3,4,0,2,7,,N,,,,,,,,,,,
2008097615,1631,1,0,0,0,0,0,0,0,0,4,0,,67,8,2008,7,40.0296,-75.0868,1630.0,6,0,0,0,0,1,0,0,0,,0,0,0,16,1,1,1,,0,40 01:46.557,,0,75 05:12.595,4,0,0,0,67301,0,0,0,N,0,0,0,2,67301,1,,1,1,,N,N,,0,,0,0,0,3.0,2,,1600,1,2,0,0,0,0,0,3,4,1,2,3,,N,,,,,,,,,,,
2008088449,850,2,0,0,0,0,0,0,0,0,6,0,,67,6,2008,4,39.9776,-75.1828,845.0,6,0,0,0,0,0,1,0,0,,0,0,0,6,1,2,1,,0,39 58:39.266,,0,75 10:58.126,4,0,0,0,67301,0,0,0,,0,0,0,4,67301,2,,1,1,,N,N,,0,,0,0,0,3.0,3,,620,2,2,0,0,0,0,0,3,4,0,2,3,,N,,,,,,,,,,,
2008095288,9999,0,0,0,0,0,0,0,0,0,8,0,,67,6,2008,6,39.9235,-75.1597,211.0,6,0,0,0,0,0,0,0,0,,0,0,0,99,3,1,0,,0,39 55:24.474,,0,75 09:34.754,4,0,0,0,67301,1,0,0,N,1,0,0,2,67301,1,,1,1,,N,N,,0,,0,0,1,0.0,0,,9999,1,2,0,0,0,0,0,3,4,0,1,3,,N,,,,,,,,,,,
2008088203,808,2,0,0,0,0,0,0,0,0,4,0,,67,6,2008,4,40.0375,-75.173,805.0,6,0,0,0,0,0,0,0,0,,0,0,0,7,1,2,0,,0,40 02:14.912,,0,75 10:22.836,8,0,0,0,67301,0,0,0,N,0,0,0,2,67301,0,,1,9,,N,N,,0,,0,0,0,0.0,0,,740,2,2,0,0,0,2,0,3,4,0,2,7,,N,,,,,,,,,,,
2008088266,1720,1,0,0,0,0,0,0,0,0,6,0,,67,5,2008,5,39.9947,-75.0947,1717.0,6,0,0,0,0,0,1,1,0,,0,0,0,17,1,2,0,,0,39 59:40.753,,0,75 05:40.892,8,0,0,0,67301,0,0,0,N,0,0,0,2,67301,0,,1,1,,N,N,,0,,0,0,1,0.0,0,,1715,2,2,0,0,0,2,0,3,4,0,2,3,,N,,,,,,,,,,,
2008088307,1223,3,0,0,0,0,0,0,0,0,4,0,,67,6,2008,1,39.9423,-75.2338,1219.0,6,0,0,0,0,0,0,0,0,,0,0,0,12,1,1,1,,0,39 56:32.327,,0,75 14:01.815,3,0,0,0,67301,0,0,0,N,0,0,0,3,67301,0,,1,1,,N,N,,0,,1,0,0,3.0,2,,1210,1,3,0,0,0,0,0,3,4,0,3,3,,N,,,,,,,,,,,
2008085914,110,1,0,0,0,0,0,0,0,0,7,0,,67,6,2008,7,40.0267,-75.1606,110.0,6,0,0,0,0,1,0,0,0,,0,0,0,1,3,2,3,,0,40 01:36.207,,0,75 09:38.082,8,0,0,0,67301,0,0,0,,0,0,0,2,67301,0,,5,1,,N,N,,0,,0,0,0,0.0,0,,100,2,1,0,0,0,2,0,3,4,0,1,3,,N,,,,,,,,,,,
2008097586,1658,2,0,0,0,0,0,0,0,0,4,0,,67,7,2008,4,39.9228,-75.2209,1646.0,6,0,0,0,0,0,0,0,0,,0,0,0,6,1,0,1,,0,39 55:21.964,,0,75 13:15.214,9,0,0,0,67301,0,0,0,,0,0,0,1,67301,0,,4,1,,N,N,,0,,0,0,0,3.0,2,,630,0,2,0,0,0,0,1,3,4,0,2,3,,N,,,,,,,,,,,
2008088078,1322,3,0,0,0,0,0,0,0,0,5,0,,67,6,2008,2,,,1321.0,6,0,0,0,0,0,0,0,0,,0,0,0,13,1,0,0,,0,,,0,,0,0,0,0,67301,0,0,0,,0,0,0,1,67301,0,,1,1,,N,N,,0,,0,0,0,0.0,0,,1320,0,3,0,0,0,0,0,3,3,0,3,3,,N,,,,,,,,,,,
2008087835,1630,1,0,0,0,0,0,0,0,0,5,0,,67,6,2008,6,39.9396,-75.1982,1628.0,6,0,0,0,0,0,0,1,0,1.0,0,0,0,16,1,1,1,,1,39 56:22.560,1.0,8,75 11:53.520,8,0,0,0,67301,0,0,0,N,0,0,0,2,67301,0,,1,1,,N,N,,0,,0,0,1,3.0,2,N,1627,1,2,0,0,0,1,1,3,4,0,2,3,,N,,,,,,,,,,,
2008098041,1822,2,0,0,0,0,0,0,0,0,1,0,,67,7,2008,2,39.9572,-75.2466,1817.0,6,0,0,0,0,0,0,1,0,,0,0,0,18,1,2,2,,0,39 57:25.740,,0,75 14:47.731,4,0,0,0,67301,0,0,0,N,0,0,0,4,67301,1,,1,1,,N,N,,0,,0,0,0,0.0,0,,1817,2,2,0,0,0,1,0,3,4,0,2,3,,N,,,,,,,,,,,
2008100548,2017,0,0,0,1,0,0,1,0,0,6,1,,67,6,2008,2,39.9323,-75.1778,2015.0,6,0,0,0,0,0,0,0,0,2.0,0,0,0,20,4,1,0,,2,39 55:56.103,1.0,0,75 10:40.056,4,0,0,0,67301,1,0,0,N,0,0,0,2,67301,1,,1,1,,N,N,,0,,0,0,0,0.0,0,Y,2014,1,2,0,0,0,0,0,3,4,0,1,3,,N,,,,,,,,,,,
2008096085,1615,1,0,0,0,0,0,0,0,0,4,0,,67,6,2008,2,39.9627,-75.1773,1608.0,6,0,0,0,0,0,1,0,0,1.0,0,0,0,16,1,1,3,,2,39 57:45.791,3.0,0,75 10:39.513,3,0,0,1,67301,0,0,0,N,0,0,0,2,67301,0,,1,1,,N,N,,0,,1,0,0,0.0,0,Y,1607,1,2,0,0,0,0,0,3,4,0,2,3,,N,,,,,,,,,,,
2008098238,1757,2,0,0,0,0,0,0,0,0,1,0,,67,8,2008,1,39.993,-75.2176,1753.0,6,0,0,0,0,0,0,0,0,,0,0,0,17,4,3,1,,0,39 59:34.794,,0,75 13:03.358,4,0,0,0,67301,0,0,0,N,0,0,0,3,67301,3,,1,9,,N,N,,0,,0,0,0,3.0,2,,1751,3,2,0,0,0,0,0,3,4,0,2,7,,N,,,,,,,,,,,
2008098263,1146,2,0,0,0,0,0,0,0,0,4,0,,67,7,2008,3,40.049,-75.0947,1142.0,6,0,0,0,0,0,0,0,1,,0,0,0,11,1,1,1,,0,40 02:56.558,,0,75 05:40.779,8,0,0,0,67301,0,0,0,N,0,0,0,3,67301,0,,1,1,,N,N,,0,,0,0,0,3.0,3,,1142,1,2,0,0,0,1,0,3,4,0,2,3,,N,,,,,,,,,,,
2008098355,1423,0,0,0,0,0,0,0,0,0,4,0,,67,7,2008,4,40.0609,-75.1641,1420.0,6,0,0,0,0,1,0,0,0,,0,0,0,14,1,4,1,,0,40 03:39.281,,0,75 09:50.865,4,0,0,0,67301,0,0,0,N,0,0,0,4,67301,4,,1,1,,N,N,,0,,0,0,1,3.0,2,,1423,4,2,0,0,0,0,0,3,4,1,2,3,,N,,,,,,,,,,,
2008078965,845,2,0,0,0,0,0,0,0,0,4,0,,67,5,2008,3,39.9804,-75.1709,837.0,6,0,0,0,0,0,0,0,0,2.0,0,0,0,8,1,0,1,,2,39 58:49.322,2.0,0,75 10:15.324,0,0,0,0,67301,0,0,0,N,0,0,0,2,67301,0,,1,1,,N,N,,0,,0,0,0,3.0,2,Y,830,0,2,0,0,0,0,0,3,4,0,2,3,,N,,,,,,,,,,,
2008102053,223,1,0,0,0,0,0,0,0,0,7,0,,67,9,2008,1,39.9571,-75.1444,220.0,6,0,0,0,0,0,0,0,0,1.0,0,0,0,2,3,1,0,,2,39 57:20.572,3.0,2,75 08:28.944,4,0,0,0,67301,0,0,0,N,0,0,0,1,68K01,1,,2,1,,N,N,,0,,0,0,0,0.0,0,Y,218,1,1,0,0,0,0,0,3,4,0,1,3,,N,,,,,,,,,,,
2008073493,1420,3,0,0,0,0,0,0,0,0,4,0,,67,2,2008,4,40.0444,-75.1436,1418.0,6,0,0,0,0,0,0,1,0,1.0,0,0,0,14,1,1,1,,2,40 02:39.873,6.0,0,75 08:36.850,8,0,0,0,67301,0,0,0,N,0,0,0,3,67301,0,,1,1,,N,N,,0,,0,0,0,3.0,2,Y,1417,1,3,0,0,1,1,0,3,4,0,3,3,,N,,,,,,,,,,,
2008127358,1019,1,0,0,0,0,0,0,0,0,7,0,,67,10,2008,3,40.0234,-75.0334,1019.0,6,0,0,0,0,0,0,0,0,,0,0,0,9,1,0,7,,0,40 01:24.491,,2,75 02:00.444,0,0,0,0,67301,0,0,0,N,0,0,0,1,68K01,0,,2,9,,N,N,,0,,0,0,0,0.0,0,,948,0,1,0,0,0,0,0,3,4,0,1,7,,N,,,,,,,,,,,
2008120778,1330,2,0,0,0,0,0,0,0,0,4,0,,67,9,2008,2,40.0599,-75.0184,1325.0,6,0,0,0,0,0,1,0,1,,0,0,0,13,1,1,1,,0,40 03:35.734,,0,75 01:06.209,8,0,0,0,67301,0,0,0,N,0,0,0,2,67301,0,,1,1,,N,N,,0,,0,0,0,3.0,2,,1320,1,2,0,0,0,1,0,3,4,0,2,3,,N,,,,,,,,,,,
2008132447,2217,1,0,0,0,0,0,0,0,0,7,0,,67,11,2008,4,39.9795,-75.2044,2215.0,6,0,0,1,0,0,0,0,0,2.0,0,0,0,22,3,0,0,,2,39 58:48.874,3.0,0,75 12:19.606,0,0,0,0,67301,0,0,0,N,0,0,0,2,68K01,0,,2,1,,N,N,,0,,0,0,0,0.0,0,N,2214,0,1,0,0,0,0,0,3,4,0,1,3,,N,,,,,,,,,,,
2008119493,953,1,0,0,0,0,0,0,0,0,4,0,,67,9,2008,4,39.9832,-75.1449,953.0,6,0,0,1,0,0,0,0,0,,0,0,0,99,1,1,1,,0,39 58:59.469,,0,75 08:41.816,4,0,0,0,67301,0,0,0,,0,0,0,2,67301,1,,1,1,,N,N,,1,,0,0,0,3.0,3,,9999,1,2,0,0,0,0,0,3,4,0,2,3,,N,,,,,,,,,,,
2008120630,1010,0,0,0,0,0,0,0,0,0,7,0,,67,9,2008,2,39.9596,-75.197,1010.0,6,0,0,0,0,0,1,0,0,,0,0,0,10,1,1,1,,0,39 57:34.560,,0,75 11:49.200,8,0,0,0,67301,0,0,0,Y,0,0,0,1,67301,0,,5,1,,N,N,,0,,0,0,0,3.0,2,,1005,1,1,0,0,1,1,0,3,4,1,1,3,,N,,,,,,,,,,,
2008115805,1747,2,0,0,0,0,0,0,0,0,1,0,,67,8,2008,6,39.9615,-75.1402,1742.0,6,0,0,0,0,0,0,0,0,,0,0,0,17,1,0,0,,0,39 57:39.220,,0,75 08:25.671,0,0,0,0,67301,0,0,0,N,0,0,0,2,68K01,0,,1,1,,N,N,,0,,0,0,0,0.0,0,,1738,0,2,0,0,0,0,0,3,4,0,2,3,,N,,,,,,,,,,,
2009013675,1412,1,0,0,0,0,0,0,0,0,2,0,,67,12,2008,4,40.0148,-75.0628,1410.0,6,0,0,0,0,0,0,0,0,,0,0,0,13,1,1,0,,0,40 00:53.438,,0,75 03:46.112,4,0,0,0,67301,0,0,0,N,0,0,0,1,67301,1,,6,9,,N,N,,0,,0,0,1,0.0,0,,1350,1,2,0,0,1,0,0,3,4,0,2,7,,N,,,,,,,,,,,
2009013757,910,3,0,0,0,0,0,0,0,0,4,0,,67,12,2008,4,39.9337,-75.1474,910.0,6,0,0,0,0,0,0,0,0,,0,0,0,9,1,1,0,,0,39 56:01.183,,0,75 08:50.686,8,0,0,0,67301,3,0,0,N,0,0,0,4,67301,0,,1,1,,N,N,,1,,0,0,0,3.0,2,,910,1,4,0,0,0,1,0,3,4,0,4,3,,N,,,,,,,,,,,
2009000854,1145,1,0,0,0,0,0,0,0,0,1,0,,67,10,2008,4,39.952,-75.1626,1140.0,6,0,0,0,1,0,0,0,0,,0,0,0,11,1,0,2,,0,39 57:07.268,,0,75 09:45.490,0,0,0,0,67301,0,0,0,,0,0,0,2,67301,0,,1,1,,N,N,,0,,0,0,1,3.0,2,,1130,0,2,0,0,1,0,0,3,4,0,2,3,,N,,,,,,,,,,,
2009001019,1320,1,0,0,0,0,0,0,0,0,7,0,,67,10,2008,2,39.9625,-75.1768,1315.0,6,0,0,0,0,0,0,0,0,,0,0,0,13,1,1,0,,0,39 57:45.359,,0,75 10:37.361,4,0,0,0,67301,0,0,0,,0,0,0,1,67301,1,,4,1,,N,N,,0,,0,0,0,0.0,0,,1300,1,1,0,0,0,0,0,3,4,0,1,3,,N,,,,,,,,,,,
2009001969,2115,0,0,0,0,0,0,0,0,0,8,0,,67,11,2008,5,39.9922,-75.2401,2100.0,6,0,0,0,0,1,0,0,0,,0,0,0,18,1,1,0,,0,39 59:31.765,,7,75 14:24.439,8,0,0,0,67301,1,0,0,N,1,0,0,2,67301,0,,1,1,,N,N,,0,,0,0,1,0.0,0,,1800,1,2,0,0,0,1,0,3,4,0,1,3,,N,,,,,,,,,,,
2009024793,1250,1,0,0,0,0,0,0,0,0,4,0,,67,12,2008,1,40.0078,-75.1035,1245.0,6,0,0,0,0,0,0,0,0,,0,0,0,12,1,0,1,,0,40 00:28.101,,0,75 06:12.751,0,0,0,0,67301,0,0,0,,0,0,0,4,67301,0,,1,9,,,,,0,,0,0,1,0.0,0,,1240,0,2,0,0,0,0,0,3,4,0,2,7,,N,,,,,,,,,,,
2009012497,1832,1,0,0,0,0,0,0,0,0,8,0,,67,11,2008,6,39.9436,-75.2301,1832.0,6,0,0,0,0,0,1,0,0,,0,0,0,17,3,1,1,,0,39 56:36.942,,0,75 13:48.197,8,0,0,0,67301,1,0,0,N,1,0,0,2,67301,0,,1,1,,N,N,,0,,0,0,0,3.0,3,,1745,1,2,0,0,0,1,0,3,4,0,1,3,,N,,,,,,,,,,,
2009002029,1035,2,0,0,0,0,0,0,0,0,6,0,,67,11,2008,4,39.958,-75.1488,1030.0,6,0,0,0,0,0,1,0,0,,0,0,0,10,1,1,1,,0,39 57:28.949,,0,75 08:55.729,4,0,0,0,67301,0,0,0,N,0,0,0,4,67301,1,,1,1,,N,N,,1,,0,0,0,9.0,2,,1000,1,3,0,0,0,0,0,3,4,0,3,3,,N,,,,,,,,,,,
2009002166,1414,1,0,0,0,0,0,0,0,0,4,0,,67,11,2008,3,39.9909,-75.1016,1413.0,6,0,0,0,0,0,0,0,0,,0,0,0,14,1,1,1,,0,39 59:27.381,,0,75 06:05.712,4,0,0,0,67301,1,0,0,,1,0,0,4,67301,1,,1,1,,N,N,,1,,0,0,0,3.0,2,,1413,1,3,0,0,0,0,0,3,4,0,2,3,,N,,,,,,,,,,,
2009002168,336,1,0,0,0,0,0,0,0,0,7,0,,67,11,2008,7,40.1185,-75.007,332.0,6,0,0,0,0,0,0,0,0,3.0,0,0,0,3,3,1,0,,2,40 07:06.690,6.0,0,75 00:25.257,8,0,0,0,67301,0,0,0,N,0,0,0,1,67301,0,,4,1,,N,N,,0,,0,0,0,0.0,0,Y,330,1,1,0,0,0,1,0,3,4,0,1,3,,N,,,,,,,,,,,
2009002226,2126,2,0,0,0,0,0,0,0,0,4,0,,67,10,2008,7,40.0465,-75.1363,2124.0,6,0,0,0,0,0,0,0,0,3.0,0,0,0,21,3,2,2,,2,40 02:47.419,7.0,0,75 08:10.793,3,0,0,0,67301,0,0,0,N,0,0,0,2,67301,0,,1,1,,N,N,,0,,2,0,0,3.0,3,Y,2123,2,2,0,0,0,0,0,3,4,0,2,3,,N,,,,,,,,,,,
2009002234,1030,1,0,0,0,0,0,0,0,0,1,0,,67,11,2008,1,40.0234,-75.1258,1026.0,6,0,0,0,0,0,0,0,0,,0,0,0,99,1,1,0,,0,40 01:24.358,,0,75 07:32.743,4,0,0,0,67301,0,0,0,N,0,0,0,3,67301,1,,1,1,,N,N,,1,,0,0,0,0.0,0,,9999,1,2,0,0,0,0,0,3,4,0,2,3,,N,,,,,,,,,,,
2009002272,217,2,0,0,0,0,0,0,0,0,7,0,,67,11,2008,6,39.9689,-75.1987,217.0,6,0,0,0,0,0,0,0,0,,0,0,0,99,3,2,0,,0,39 58:08.166,,0,75 11:55.467,2,0,0,0,67301,0,0,0,N,0,0,0,2,67301,0,,5,9,,N,N,,0,,0,1,1,3.0,3,,9999,2,3,0,0,0,1,0,3,4,0,3,3,,N,,,,,,,,,,,
2009000583,403,1,0,0,0,0,0,0,0,0,1,0,,67,11,2008,1,39.9862,-75.1216,356.0,6,0,0,0,0,0,0,0,0,,0,0,0,3,3,1,0,,0,39 59:10.500,,0,75 07:17.867,8,0,0,0,67301,0,0,0,N,0,0,0,2,67301,0,,1,1,,N,N,,0,,0,0,0,0.0,0,,332,1,2,0,0,0,1,0,3,4,0,2,3,,N,,,,,,,,,,,
2009004114,1315,1,0,0,0,0,0,0,0,0,1,0,,67,11,2008,2,39.9488,-75.1644,1315.0,6,0,0,0,0,0,0,0,0,,0,0,0,13,1,1,0,,0,39 56:55.680,,0,75 09:51.840,8,0,0,1,67301,0,0,0,N,0,0,0,2,67301,0,,5,1,,N,N,,0,,0,0,0,0.0,0,,1315,1,2,0,0,0,1,0,3,4,0,2,3,,N,,,,,,,,,,,
2009000736,412,1,0,1,0,0,0,0,0,0,7,0,,67,11,2008,5,39.9867,-75.2076,412.0,6,0,0,0,0,0,0,0,0,,0,0,0,4,3,1,1,,0,39 59:12.209,,0,75 12:27.247,2,0,0,0,67301,0,0,0,,0,0,0,2,67301,0,,2,9,,N,N,,0,,0,1,0,3.0,2,,410,1,1,0,0,0,0,0,3,4,0,1,7,,N,,,,,,,,,,,
2009000780,1205,1,0,0,0,0,0,0,0,0,8,0,,67,11,2008,5,39.9569,-75.1996,1200.0,6,0,0,0,0,0,0,0,0,,0,0,0,12,1,1,0,,0,39 57:24.825,,0,75 11:58.419,4,0,0,0,67301,1,0,0,N,1,0,0,4,67301,1,,1,9,,N,N,,0,,0,0,0,3.0,2,,1205,1,2,0,0,0,0,0,3,4,0,1,7,5.0,N,,,,,,,,,,,
2009013282,1847,2,0,0,0,0,0,0,0,0,4,0,,67,12,2008,2,40.0506,-75.0102,1846.0,6,0,0,0,0,0,0,0,0,,0,0,0,18,3,1,0,,0,40 03:02.207,,0,75 00:36.526,8,0,0,0,67301,0,0,0,N,0,0,0,2,67301,0,,1,1,,N,N,,0,,0,0,0,0.0,0,,1826,1,2,0,0,0,1,0,3,4,0,2,3,,N,,,,,,,,,,,
2008095045,9999,3,0,0,0,0,0,0,0,0,6,0,,67,7,2008,4,39.933,-75.2379,9999.0,6,0,0,0,0,0,1,0,0,1.0,0,0,0,99,1,1,0,,1,39 55:59.162,2.0,0,75 14:15.872,4,0,0,0,67301,0,0,0,,0,0,0,5,67301,1,,1,9,,,,,0,,0,0,0,0.0,0,Y,9999,1,3,0,0,0,0,0,3,4,0,3,3,,N,,,,,,,,,,,
2008087945,910,2,0,0,0,0,0,0,0,0,6,0,,67,6,2008,3,39.9205,-75.1596,905.0,6,0,0,0,0,0,0,0,0,,0,0,0,9,1,1,0,,0,39 55:13.912,,0,75 09:34.657,4,0,0,0,67301,0,0,0,,0,0,0,2,67301,1,,1,1,,,,,0,,0,0,0,3.0,3,,905,1,2,0,0,0,0,0,3,4,0,2,3,,N,,,,,,,,,,,
2008088058,1118,0,0,0,0,0,0,0,0,0,8,0,,67,5,2008,7,40.0391,-75.1448,1114.0,6,0,0,0,0,0,0,0,0,1.0,0,0,0,11,1,1,0,,1,40 02:20.701,6.0,0,75 08:41.408,4,0,0,0,67301,1,0,0,N,1,0,0,2,67301,1,,6,1,,N,N,,0,,0,0,0,0.0,0,Y,1110,1,2,0,0,0,0,0,3,4,1,1,3,,N,,,,,,,,,,,
2008088061,1908,1,0,0,0,0,0,0,0,0,8,0,,67,5,2008,6,40.0349,-75.1154,1908.0,6,0,0,0,0,0,0,0,0,,0,0,0,99,1,1,0,,0,40 02:05.755,,0,75 06:55.274,4,0,0,0,67301,1,0,0,N,1,0,0,2,67301,1,,1,1,,N,N,,0,,0,0,0,3.0,3,,9999,1,2,0,0,0,0,0,3,4,0,1,3,,N,,,,,,,,,,,