CRN,ARRIVAL_TM,AUTOMOBILE_COUNT,BELTED_DEATH_COUNT,BELTED_SUSP_SERIOUS_INJ_COUNT,BICYCLE_COUNT,BICYCLE_DEATH_COUNT,BICYCLE_SUSP_SERIOUS_INJ_COUNT,BUS_COUNT,CHLDPAS_DEATH_COUNT,CHLDPAS_SUSP_SERIOUS_INJ_COUNT,COLLISION_TYPE,COMM_VEH_COUNT,CONS_ZONE_SPD_LIM,COUNTY,CRASH_MONTH,CRASH_YEAR,DAY_OF_WEEK,DEC_LAT,DEC_LONG,DISPATCH_TM,DISTRICT,DRIVER_COUNT_16YR,DRIVER_COUNT_17YR,DRIVER_COUNT_18YR,DRIVER_COUNT_19YR,DRIVER_COUNT_20YR,DRIVER_COUNT_50_64YR,DRIVER_COUNT_65_74YR,DRIVER_COUNT_75PLUS,EST_HRS_CLOSED,FATAL_COUNT,HEAVY_TRUCK_COUNT,HORSE_BUGGY_COUNT,HOUR_OF_DAY,ILLUMINATION,INJURY_COUNT,INTERSECT_TYPE,INTERSECTION_RELATED,LANE_CLOSED,LATITUDE,LN_CLOSE_DIR,LOCATION_TYPE,LONGITUDE,MAX_SEVERITY_LEVEL,MCYCLE_DEATH_COUNT,MCYCLE_SUSP_SERIOUS_INJ_COUNT,MOTORCYCLE_COUNT,MUNICIPALITY,NONMOTR_COUNT,NONMOTR_DEATH_COUNT,NONMOTR_SUSP_SERIOUS_INJ_COUNT,NTFY_HIWY_MAINT,PED_COUNT,PED_DEATH_COUNT,PED_SUSP_SERIOUS_INJ_COUNT,PERSON_COUNT,POLICE_AGCY,POSSIBLE_INJ_COUNT,RDWY_SURF_TYPE_CD,RELATION_TO_ROAD,ROAD_CONDITION,ROADWAY_CLEARED,SCH_BUS_IND,SCH_ZONE_IND,SECONDARY_CRASH,SMALL_TRUCK_COUNT,SPEC_JURIS_CD,SUSP_MINOR_INJ_COUNT,SUSP_SERIOUS_INJ_COUNT,SUV_COUNT,TCD_FUNC_CD,TCD_TYPE,TFC_DETOUR_IND,TIME_OF_DAY,TOT_INJ_COUNT,TOTAL_UNITS,UNB_DEATH_COUNT,UNB_SUSP_SERIOUS_INJ_COUNT,UNBELTED_OCC_COUNT,UNK_INJ_DEG_COUNT,UNK_INJ_PER_COUNT,URBAN_AREA,URBAN_RURAL,VAN_COUNT,VEHICLE_COUNT,WEATHER1,WEATHER2,WORK_ZONE_IND,WORK_ZONE_LOC,WORK_ZONE_TYPE,WORKERS_PRES,WZ_CLOSE_DETOUR,WZ_FLAGGER,WZ_LAW_OFFCR_IND,WZ_LN_CLOSURE,WZ_MOVING,WZ_OTHER,WZ_SHLDER_MDN,WZ_WORKERS_INJ_KILLED
2008083266,1715,1,0,0,0,0,0,0,0,0,8,0,,67,5,2008,6,39.9527,-75.1578,1710.0,6,0,0,0,0,1,0,0,0,,0,0,0,17,1,1,1,,0,39 57:09.766,,0,75 09:27.917,4,0,0,0,67301,1,0,0,,1,0,0,2,67301,1,,1,1,,,,,0,,0,0,0,9.0,1,,1710,1,2,0,0,0,0,0,3,4,0,1,3,,N,,,,,,,,,,,
2008081007,1846,2,0,0,0,0,0,0,0,0,1,0,,67,5,2008,4,40.0487,-75.0125,1845.0,6,0,0,0,0,1,0,0,0,,0,0,0,18,1,1,0,,0,40 02:55.359,,0,75 00:44.901,8,0,0,0,67301,0,0,0,N,0,0,0,3,67301,0,,1,9,,N,N,,0,,0,0,0,0.0,0,,1810,1,2,0,0,0,1,0,3,4,0,2,7,,N,,,,,,,,,,,
2008098034,1409,1,0,0,0,0,0,0,0,0,6,0,,67,7,2008,7,39.9703,-75.1898,1405.0,6,0,0,0,0,0,0,0,0,,0,0,0,13,1,1,0,,0,39 58:12.819,,0,75 11:22.951,4,0,0,0,67301,0,0,0,N,0,0,0,2,67301,1,,1,1,,N,N,,0,,0,0,0,0.0,0,,1300,1,2,0,0,0,0,1,3,4,0,2,3,,N,,,,,,,,,,,
2008098204,9999,0,0,0,0,0,0,0,0,0,1,0,,67,7,2008,1,39.9215,-75.1489,9999.0,6,0,0,0,0,0,0,0,0,,0,0,0,99,3,0,0,,0,39 55:17.356,,0,75 08:56.212,0,0,0,0,67301,0,0,0,N,0,0,0,1,67301,0,,6,1,,N,N,,0,,0,0,3,0.0,0,,9999,0,3,0,0,0,0,0,3,4,0,3,3,,N,,,,,,,,,,,
2008098209,1155,1,0,0,0,0,0,0,0,0,1,0,,67,7,2008,2,40.0366,-75.2186,1152.0,6,0,0,0,0,0,0,0,0,,0,0,0,11,1,0,0,,0,40 02:11.790,,0,75 13:07.150,0,0,0,0,67301,0,0,0,N,0,0,0,1,67301,0,,6,1,,N,N,,0,,0,0,1,3.0,2,,1125,0,4,0,0,0,0,0,3,4,2,4,3,,N,,,,,,,,,,,
2008098342,1225,0,0,0,0,0,0,0,0,0,8,0,,67,7,2008,6,40.0003,-75.1064,1220.0,6,0,0,0,0,0,0,0,0,,0,0,0,12,1,1,3,,0,40 00:01.004,,0,75 06:23.097,3,0,0,0,67301,1,0,0,,1,0,0,2,67301,0,,1,1,,N,N,,1,,1,0,0,3.0,2,,1220,1,2,0,0,0,0,0,3,4,0,1,3,,N,,,,,,,,,,,
2008081452,1103,0,0,0,0,0,0,0,0,0,0,1,,67,5,2008,4,40.1061,-74.9948,1041.0,6,0,0,0,0,0,0,0,0,4.0,0,1,0,10,1,1,6,,2,40 06:22.680,2.0,2,74 59:42.000,4,0,0,0,67301,0,0,0,Y,0,0,0,1,67301,1,,1,1,,N,N,,0,,0,0,0,3.0,8,Y,1039,1,1,0,0,0,0,0,3,4,0,1,3,,N,,,,,,,,,,,
2008081459,1215,2,0,0,0,0,0,0,0,0,4,0,,67,5,2008,4,39.9732,-75.2122,1211.0,6,0,1,0,0,0,0,0,0,,0,0,0,12,1,3,1,,0,39 58:23.685,,0,75 12:43.721,4,0,0,0,67301,0,0,0,N,0,0,0,4,67301,3,,1,1,,N,N,,0,,0,0,0,3.0,2,,1207,3,2,0,0,0,0,0,3,4,0,2,3,,N,,,,,,,,,,,
2008102045,1611,1,0,0,0,0,0,0,0,0,7,0,,67,8,2008,1,39.9288,-75.1969,1611.0,6,0,0,0,0,0,0,0,0,1.0,0,0,0,16,1,1,0,,1,39 55:40.462,3.0,0,75 11:45.676,4,0,0,0,67301,0,0,0,N,0,0,0,2,68K01,1,,2,1,,N,N,,0,,0,0,0,0.0,0,N,1607,1,1,0,0,1,0,0,3,4,0,1,3,,N,,,,,,,,,,,
2008104869,2305,1,0,0,0,0,0,0,0,0,7,0,,67,9,2008,2,39.9275,-75.1955,2305.0,6,0,0,0,0,0,0,0,0,1.0,0,0,0,23,3,0,0,,2,39 55:40.479,4.0,0,75 11:45.062,0,0,0,0,67301,0,0,0,N,0,0,0,1,68K01,0,,2,1,,N,N,,0,,0,0,0,0.0,0,N,2305,0,1,0,0,0,0,0,3,4,0,1,3,,N,,,,,,,,,,,
2008110435,2329,2,0,0,0,0,0,0,0,0,4,0,,67,9,2008,3,40.0506,-74.9905,2329.0,6,0,0,0,0,0,0,0,0,,0,0,0,23,3,0,0,,0,40 03:02.538,,0,74 59:25.109,9,0,0,0,67301,0,0,0,N,0,0,0,3,68K01,0,,1,9,,N,N,,0,,0,0,1,0.0,0,,2329,0,3,0,0,0,0,1,3,4,0,3,7,,N,,,,,,,,,,,
2008122855,852,0,0,0,1,0,0,1,0,0,5,1,,67,9,2008,4,39.9561,-75.2058,849.0,6,0,0,0,0,0,1,0,0,1.0,0,0,0,8,1,1,0,,2,39 57:21.854,3.0,0,75 12:20.761,4,0,0,0,67301,1,0,0,N,0,0,0,2,67301,1,,1,1,,N,N,,0,,0,0,0,0.0,0,N,848,1,2,0,0,0,0,0,3,4,0,1,3,,N,,,,,,,,,,,
2008119536,1711,1,0,0,0,0,0,0,0,0,8,0,,67,9,2008,1,39.9946,-75.1643,1710.0,6,0,0,0,0,0,0,1,0,,0,0,0,17,1,1,1,,0,39 59:40.599,,0,75 09:51.451,4,0,0,0,67301,1,0,0,N,1,0,0,2,67301,1,,1,1,,N,N,,0,,0,0,0,3.0,3,,1700,1,2,0,0,0,0,1,3,4,0,1,3,,N,,,,,,,,,,,
2009021093,1233,2,0,0,0,0,0,0,0,0,4,0,,67,3,2008,5,39.9698,-75.1615,1232.0,6,0,0,0,0,0,2,0,0,,0,0,0,99,1,1,2,,0,39 58:11.308,,0,75 09:41.540,4,0,0,0,67301,0,0,0,,0,0,0,2,67301,1,,1,9,,,,,0,,0,0,0,9.0,3,,9999,1,2,0,0,0,0,0,3,4,0,2,7,,N,,,,,,,,,,,
2009005464,1634,1,0,0,0,0,0,0,0,0,1,0,,67,12,2008,1,39.994,-75.199,1634.0,6,0,0,0,0,0,1,0,0,1.0,0,0,0,16,1,2,0,,1,39 59:41.584,4.0,0,75 11:52.959,8,0,0,0,67301,0,0,0,N,0,0,0,2,68K01,0,,1,1,,N,N,,0,,0,0,1,0.0,0,N,1632,2,2,0,0,0,2,0,3,4,0,2,3,,N,,,,,,,,,,,
2009024759,640,1,0,0,0,0,0,0,0,0,4,0,,67,12,2008,2,40.034,-75.0744,629.0,6,0,0,0,0,0,1,0,0,,0,0,0,6,1,1,1,,0,40 02:03.404,,0,75 04:28.524,4,0,0,0,67301,0,0,0,N,0,0,0,2,67301,1,,1,1,,N,N,,0,,0,0,1,3.0,2,,615,1,2,0,0,0,0,0,3,4,0,2,3,,N,,,,,,,,,,,
2009012494,9999,1,0,0,1,0,0,0,0,0,4,0,,67,12,2008,2,39.9342,-75.1582,1710.0,6,0,0,0,0,0,0,0,0,,0,0,0,0,2,1,1,,0,39 56:03.076,,0,75 09:29.620,4,0,0,0,67301,1,0,0,N,0,0,0,2,67301,1,,1,9,,N,N,,0,,0,0,0,3.0,3,,17,1,2,0,0,0,0,0,3,4,0,1,7,,N,,,,,,,,,,,
2009012500,654,2,0,0,0,0,0,0,0,0,2,0,,67,12,2008,6,40.0541,-75.049,641.0,6,0,0,0,0,0,0,0,0,,0,0,0,6,3,2,5,,0,40 03:14.760,,0,75 02:56.400,3,0,0,0,67301,0,0,0,N,0,0,0,2,67301,0,,1,9,,N,N,,0,,2,0,0,3.0,2,,630,2,2,0,0,0,0,0,3,4,0,2,7,,N,,,,,,,,,,,
2009002271,1519,0,0,0,0,0,0,0,0,0,2,0,,67,11,2008,3,39.9905,-75.1687,1512.0,6,0,0,0,0,0,1,0,0,,0,0,0,15,1,2,1,,0,39 59:25.969,,0,75 10:07.229,8,0,0,0,67301,0,0,0,N,0,0,0,3,67301,0,,1,1,,N,N,,0,,0,0,1,3.0,2,,1509,2,2,0,0,0,2,0,3,4,1,2,3,,N,,,,,,,,,,,
2009007272,1359,0,0,1,0,0,0,0,0,0,7,0,,67,11,2008,7,39.8919,-75.2365,1347.0,6,0,0,0,0,0,1,0,0,3.0,0,0,0,13,1,3,0,,1,39 53:29.974,5.0,0,75 14:13.123,2,0,0,0,67301,0,0,0,N,0,0,0,3,68K01,2,,2,1,,N,N,,1,,0,1,0,0.0,0,Y,1346,3,1,0,0,0,0,0,3,4,0,1,3,,N,,,,,,,,,,,
2009031164,751,1,0,0,0,0,0,0,0,0,7,0,,67,12,2008,4,40.018,-75.097,745.0,6,0,0,0,0,0,0,0,0,,0,0,0,7,1,2,12,,0,40 01:05.123,,0,75 05:49.056,4,0,0,0,67301,0,0,0,,0,0,0,4,67301,2,,4,1,,,,,0,,0,0,0,9.0,4,,740,2,2,0,0,3,0,0,3,4,0,1,3,,N,,,,,,,,,,,
2009036395,110,1,0,0,0,0,0,0,0,0,4,0,,67,10,2008,1,40.0355,-75.114,105.0,6,0,0,0,0,0,0,0,0,3.0,0,0,0,1,3,4,2,,2,40 02:07.747,7.0,0,75 06:50.478,8,0,0,0,67301,0,0,0,N,0,0,0,4,67301,0,,1,9,,N,N,,0,,0,0,1,0.0,0,Y,100,4,2,0,0,3,4,0,3,4,0,2,3,,N,,,,,,,,,,,
2009002998,437,0,0,0,0,0,0,0,0,0,7,0,,67,12,2008,4,39.9997,-75.0809,437.0,6,0,0,0,0,0,0,0,0,,0,0,0,1,3,1,0,,0,40 00:03.319,,2,75 04:46.927,8,0,0,0,67301,0,0,0,N,0,0,0,3,68K01,0,,2,2,,N,N,,0,,0,0,1,0.0,0,,117,1,1,0,0,1,1,0,3,4,0,1,9,,N,,,,,,,,,,,
2009006867,1831,1,0,0,0,0,0,0,0,0,1,0,,67,12,2008,1,39.9718,-75.1935,1817.0,6,0,0,0,0,0,0,1,0,,0,0,0,18,2,1,0,,0,39 58:22.310,,0,75 11:37.749,4,0,0,0,67301,0,0,0,N,0,0,0,6,68K01,1,,1,1,,N,N,,0,,0,0,2,0.0,0,,1813,1,3,0,0,0,0,0,3,4,0,3,3,,N,,,,,,,,,,,
2009000997,33,2,0,0,0,0,0,0,0,0,4,0,,67,11,2008,3,39.9526,-75.19,32.0,6,0,0,0,0,0,0,0,0,9.0,0,0,0,0,3,0,1,,1,39 57:09.205,4.0,0,75 11:24.106,0,0,0,0,67301,0,0,0,N,0,0,0,5,67504,0,,1,1,,N,Y,,0,,0,0,0,3.0,2,N,32,0,2,0,0,0,0,0,3,4,0,2,3,,N,,,,,,,,,,,
2009001041,1953,2,0,0,0,0,0,0,0,0,4,0,,67,11,2008,4,39.9604,-75.2411,1949.0,6,0,0,0,0,0,0,0,0,,0,0,0,7,3,3,1,,0,39 57:37.584,,0,75 14:27.759,8,0,0,0,67301,0,0,0,N,0,0,0,3,67301,0,,1,1,,N,N,,0,,0,0,0,3.0,2,,747,3,2,0,0,0,3,0,3,4,0,2,3,,N,,,,,,,,,,,
2009003278,1950,1,0,0,0,0,0,0,0,0,8,0,,67,10,2008,1,39.9521,-75.1719,1920.0,6,0,0,0,0,0,0,0,0,,0,0,0,2,3,1,0,,0,39 57:07.615,,0,75 10:18.662,8,0,0,0,67301,1,0,0,,1,0,0,2,67301,0,,9,98,,N,N,,0,,0,0,0,9.0,2,,215,1,2,0,0,0,1,1,3,4,0,1,99,,N,,,,,,,,,,,
2009002312,805,1,0,0,0,0,0,0,0,0,4,0,,67,11,2008,6,39.9863,-75.1561,758.0,6,0,1,0,0,0,1,0,0,,0,0,0,99,1,1,1,,0,39 59:10.600,,0,75 09:22.120,3,0,0,0,67301,0,0,0,,0,0,0,2,67301,0,,1,1,,,,,1,,1,0,0,3.0,2,,9999,1,2,0,0,0,0,0,3,4,0,2,3,,N,,,,,,,,,,,
2009013280,2235,1,0,0,0,0,0,0,0,0,8,0,,67,11,2008,4,39.9293,-75.1686,2230.0,6,0,0,0,0,0,0,0,0,,0,0,0,22,3,1,1,,0,39 55:45.138,,0,75 10:07.277,8,0,0,0,67301,1,0,0,,1,0,0,4,67301,0,,1,1,,,,,0,,0,0,0,3.0,2,,2225,1,2,0,0,0,1,0,3,4,0,1,3,,N,,,,,,,,,,,
2009013309,1626,2,0,0,0,0,0,0,0,0,4,0,,67,12,2008,4,40.1092,-75.0492,1621.0,6,0,0,0,0,0,1,0,0,,0,0,0,16,4,1,0,,0,40 06:32.976,,0,75 02:57.220,4,0,0,0,67301,0,0,0,N,0,0,0,2,67301,1,,1,1,,N,N,,1,,0,0,0,0.0,0,,1615,1,3,0,0,0,0,0,3,4,0,3,3,,N,,,,,,,,,,,
2009013491,1223,1,0,0,0,0,0,0,0,0,4,0,,67,11,2008,3,40.0179,-75.0514,1221.0,6,0,0,0,0,0,1,0,0,,0,1,0,12,1,0,1,,0,40 01:04.440,,0,75 03:05.040,0,0,0,0,67301,0,0,0,,0,0,0,4,67301,0,,1,1,,,,,0,,0,0,0,9.0,3,,1221,0,2,0,0,0,0,0,3,4,0,2,98,,N,,,,,,,,,,,
2009013602,1231,1,0,0,0,0,0,1,0,0,1,1,,67,11,2008,3,39.9397,-75.2255,1231.0,6,0,0,0,1,0,0,0,0,,0,0,0,12,1,4,1,,0,39 56:23.042,,0,75 13:31.760,4,0,0,0,67301,0,0,0,,0,0,0,6,67301,4,,1,1,,,,,0,,0,0,0,0.0,0,,1225,4,2,0,0,0,0,1,3,4,0,2,3,,N,,,,,,,,,,,
2009013626,2358,1,0,0,0,0,0,0,0,0,7,0,,67,12,2008,3,39.9212,-75.1906,2353.0,6,0,0,0,0,0,0,0,0,1.0,0,0,0,23,3,0,0,,1,39 55:16.248,4.0,1,75 11:26.016,0,0,0,0,67301,0,0,0,N,0,0,0,1,67301,0,,4,1,,N,N,,0,,0,0,0,0.0,0,N,2353,0,1,0,0,0,0,0,3,4,0,1,3,,N,,,,,,,,,,,
2009013631,1030,1,0,0,0,0,0,0,0,0,8,0,,67,11,2008,2,40.0145,-75.0846,1026.0,6,0,0,0,0,0,0,0,0,,0,0,0,9,1,1,0,,0,40 00:52.056,,0,75 05:04.434,8,0,0,0,67301,1,0,0,,1,0,0,2,67301,0,,2,1,,N,N,,0,,0,0,0,0.0,0,,915,1,2,0,0,0,1,1,3,4,0,1,3,,N,,,,,,,,,,,
2009013641,1820,2,0,0,0,0,0,0,0,0,4,0,,67,11,2008,5,39.9498,-75.2015,1816.0,6,0,0,0,0,0,1,0,0,,0,0,0,18,3,1,1,,0,39 56:59.356,,0,75 12:05.331,4,0,0,0,67301,0,0,0,N,0,0,0,2,67301,1,,1,9,,N,N,,0,,0,0,0,3.0,2,,1815,1,2,0,0,0,0,0,3,4,0,2,3,,N,,,,,,,,,,,
2009013642,1104,1,0,0,0,0,0,0,0,0,1,0,,67,11,2008,1,39.9547,-75.1944,1056.0,6,0,0,0,0,0,0,0,0,,0,0,0,10,1,1,1,,0,39 57:16.799,,0,75 11:39.891,4,0,0,0,67301,0,0,0,N,0,0,0,4,67301,1,,1,9,,N,N,,0,,0,0,1,3.0,2,,1056,1,2,0,0,0,0,0,3,4,0,2,7,,N,,,,,,,,,,,
2009013447,1735,2,0,0,0,0,0,0,0,0,1,0,,67,12,2008,4,40.072,-75.013,1730.0,6,0,0,0,0,0,0,0,0,,0,0,0,17,3,3,1,,0,40 04:19.712,,0,75 00:46.650,4,0,0,0,67301,0,0,0,N,0,0,0,3,67301,3,,1,9,,N,N,,0,,0,0,0,3.0,2,,1715,3,2,0,0,0,0,0,3,4,0,2,7,,N,,,,,,,,,,,
2009029199,0,0,0,0,0,0,0,0,0,0,1,0,,67,11,2008,5,39.9972,-75.1004,0.0,6,0,0,0,0,0,0,0,0,,0,0,0,7,1,2,1,,0,39 59:49.974,,0,75 06:01.425,8,0,0,0,67301,0,0,0,N,0,0,0,2,00000,0,,1,1,,N,N,,0,,0,0,0,0.0,0,,730,2,2,0,0,0,2,0,3,4,0,2,3,,N,,,,,,,,,,,
2009029228,0,2,0,0,0,0,0,0,0,0,4,0,,67,11,2008,2,40.0229,-75.1359,0.0,6,0,0,0,0,0,0,0,0,,0,0,0,9,1,1,1,,0,40 01:22.765,,0,75 08:08.147,3,0,0,0,67301,0,0,0,N,0,0,0,2,00000,0,,1,1,,N,N,,0,,1,0,0,9.0,9,,900,1,2,0,0,0,0,1,3,4,0,2,3,,N,,,,,,,,,,,
2009029507,0,2,0,0,0,0,0,0,0,0,5,0,,67,12,2008,1,40.0218,-75.0774,0.0,6,0,0,0,0,0,0,0,0,,0,0,0,0,3,1,0,,0,40 01:18.499,,0,75 04:38.695,8,0,0,0,67301,1,0,0,N,1,0,0,2,00000,0,,2,9,,N,N,,0,,0,0,0,0.0,0,,20,1,3,0,0,0,1,0,3,4,0,2,7,,N,,,,,,,,,,,
2008098044,2302,1,0,0,0,0,0,0,0,0,8,0,,67,7,2008,7,39.9363,-75.2192,2256.0,6,0,0,0,0,0,1,0,0,2.0,0,0,0,22,3,1,0,,1,39 56:10.597,4.0,0,75 13:09.001,8,0,0,0,67301,1,0,0,N,1,0,0,2,67301,0,,1,1,,N,N,,0,,0,0,0,3.0,2,N,2256,1,2,0,0,0,1,0,3,4,0,1,3,,N,,,,,,,,,,,
2008098050,1755,2,0,0,0,0,0,0,0,0,4,0,,67,7,2008,3,40.0176,-75.065,1755.0,6,0,0,0,0,0,0,0,0,,0,0,0,17,1,2,1,,0,40 01:03.097,,0,75 03:54.438,4,0,0,0,67301,0,0,0,N,0,0,0,3,67301,1,,1,1,,N,N,,0,,0,0,0,2.0,2,,1731,2,2,0,0,0,1,1,3,4,0,2,3,,N,,,,,,,,,,,
2008098243,2158,0,0,0,0,0,0,0,0,0,7,0,,67,6,2008,6,39.9803,-75.1975,2156.0,6,0,0,0,0,0,0,0,0,,0,0,0,21,3,0,0,,0,39 58:49.061,,0,75 11:50.966,0,0,0,0,67301,0,0,0,N,0,0,0,1,67301,0,,2,9,,N,N,,0,,0,0,0,0.0,0,,2155,0,1,0,0,0,0,0,3,4,1,1,3,,N,,,,,,,,,,,
2008098244,1610,0,0,0,0,0,0,0,0,0,7,1,,67,7,2008,4,39.9674,-75.1371,1603.0,6,0,0,0,0,0,1,0,0,,0,1,0,15,1,1,1,,0,39 58:02.481,,0,75 08:13.736,8,0,0,0,67301,0,0,0,,0,0,0,1,67301,0,,5,1,,N,N,,0,,0,0,0,0.0,0,,1504,1,1,0,0,0,1,0,3,4,0,1,3,,N,,,,,,,,,,,
2008098275,2138,1,0,0,0,0,0,0,0,0,4,0,,67,7,2008,6,40.0766,-75.0329,2135.0,6,0,0,0,1,0,0,0,0,,0,0,0,21,3,2,1,,0,40 04:35.968,,0,75 01:58.202,3,0,0,0,67301,0,0,0,,0,0,0,2,67301,0,,1,9,,N,N,,0,,2,0,1,3.0,2,,2135,2,2,0,0,0,0,0,3,4,0,2,7,,N,,,,,,,,,,,
2008098344,1827,2,0,0,0,0,0,0,0,0,4,0,,67,7,2008,3,40.0036,-75.1812,1827.0,6,0,0,0,0,0,0,0,0,,0,0,0,18,1,3,1,,0,40 00:13.290,,0,75 10:51.870,4,0,0,0,67301,0,0,0,N,0,0,0,5,67301,3,,1,1,,N,N,,1,,0,0,0,3.0,2,,1827,3,3,0,0,0,0,0,3,4,0,3,3,,N,,,,,,,,,,,
2008098390,1648,1,0,0,0,0,0,0,0,0,4,0,,67,8,2008,4,39.9417,-75.1794,1642.0,6,0,0,0,0,0,1,0,0,,0,0,0,16,1,0,1,,0,39 56:29.972,,0,75 10:45.670,0,0,0,0,67301,0,0,0,N,0,0,0,2,67301,0,,1,1,,N,N,,1,,0,0,0,3.0,2,,1642,0,2,0,0,0,0,0,3,4,0,2,3,,N,,,,,,,,,,,
2008078913,2044,1,0,0,0,0,0,0,0,0,1,0,,67,5,2008,6,,,2034.0,6,0,0,0,1,0,1,0,0,,0,0,0,20,3,1,0,,0,,,0,,4,0,0,0,67301,0,0,0,,0,0,0,2,67301,1,,1,9,,N,N,,0,,0,0,1,3.0,2,,2030,1,2,0,0,0,0,0,3,3,0,2,7,,N,,,,,,,,,,,
2008078915,1815,1,0,0,0,0,0,0,0,0,8,0,,67,5,2008,5,40.0451,-75.1363,1802.0,6,0,0,0,0,0,1,0,0,,0,0,0,17,1,1,0,,0,40 02:42.381,,0,75 08:10.662,3,0,0,0,67301,1,0,0,N,1,0,0,2,67301,0,,1,1,,N,N,,0,,1,0,0,3.0,3,,1700,1,2,0,0,0,0,0,3,4,0,1,3,,N,,,,,,,,,,,
2008081500,1753,2,0,0,0,0,0,0,0,0,4,0,,67,5,2008,7,40.0831,-75.2064,1744.0,6,0,0,0,0,0,0,0,0,,0,0,0,17,1,4,2,,0,40 04:59.013,,0,75 12:22.899,3,0,0,0,67301,0,0,0,N,0,0,0,4,67301,2,,1,1,,N,N,,0,,2,0,0,3.0,3,,1739,4,2,0,0,0,0,0,3,4,0,2,3,,N,,,,,,,,,,,
2008081505,730,1,0,0,0,0,0,1,0,0,4,1,,67,5,2008,3,39.9347,-75.2147,725.0,6,0,0,0,0,0,2,0,0,,0,0,0,7,1,1,0,,0,39 56:05.027,,7,75 12:52.952,4,0,0,0,67301,0,0,0,,0,0,0,2,67301,1,,1,1,,Y,N,,0,,0,0,0,0.0,0,,725,1,2,0,0,1,0,0,3,4,0,2,3,,N,,,,,,,,,,,
2008070811,1820,1,0,0,0,0,0,0,0,0,4,0,,67,4,2008,5,40.1105,-75.0248,1813.0,6,0,0,0,0,0,1,0,0,,0,0,0,18,1,0,2,,0,40 06:38.099,,0,75 01:29.165,9,0,0,0,67301,0,0,0,,0,0,0,6,67301,0,,1,1,,N,N,,0,,0,0,0,0.0,0,,1810,0,2,0,0,0,0,2,3,4,1,2,3,,N,,,,,,,,,,,
2008094543,1928,2,0,0,0,0,0,0,0,0,5,0,,67,8,2008,2,39.9738,-75.1941,1926.0,6,0,0,0,1,0,0,0,0,,0,0,0,19,1,0,0,,0,39 58:29.371,,0,75 11:39.927,0,0,0,0,67301,0,0,0,N,0,0,0,3,68K01,0,,1,1,,N,N,,0,,0,0,0,0.0,0,,1923,0,2,0,0,1,0,0,3,4,0,2,3,,N,,,,,,,,,,,
2008092037,1640,0,0,0,0,0,0,0,0,0,0,0,,67,8,2008,2,39.9762,-75.1151,1639.0,6,0,0,0,0,0,0,0,0,1.0,0,0,0,16,1,1,0,,1,39 58:39.755,2.0,3,75 06:43.764,8,0,0,1,67301,0,0,0,N,0,0,0,1,68K01,0,,1,1,,N,N,,0,,0,0,0,0.0,0,N,1638,1,1,0,0,0,1,0,3,4,0,1,3,,N,,,,,,,,,,,
2008075906,1703,0,0,0,0,0,0,1,0,0,8,1,,67,4,2008,2,39.9384,-75.2189,1649.0,6,0,0,0,0,0,1,0,0,,0,0,0,16,1,1,1,,0,39 56:18.225,,0,75 13:07.971,4,0,0,0,67301,1,0,0,,1,0,0,4,67301,1,,1,9,,,,,0,,0,0,0,3.0,3,,1631,1,2,0,0,0,0,0,3,4,0,1,7,,N,,,,,,,,,,,
2008122837,428,0,0,0,0,0,0,0,0,0,0,0,,67,9,2008,5,,,427.0,6,0,0,0,0,0,0,0,0,,0,0,0,4,3,1,0,,0,,,5,,8,0,0,1,67301,0,0,0,N,0,0,0,1,67301,0,,1,1,,N,N,,0,,0,0,0,3.0,8,,427,1,1,0,0,0,1,0,3,3,0,1,3,,N,,,,,,,,,,,
2008122851,956,1,0,0,0,0,0,1,0,0,5,1,,67,9,2008,5,40.0157,-75.2091,952.0,6,0,0,0,0,0,0,0,0,,0,0,0,9,1,1,0,,0,40 00:56.490,,0,75 12:32.477,8,0,0,0,67301,0,0,0,N,0,0,0,2,67301,0,,1,1,,N,N,,0,,0,0,0,3.0,2,,940,1,2,0,0,0,1,1,3,4,0,2,3,,N,,,,,,,,,,,
2008132409,633,1,0,0,0,0,0,0,0,0,1,0,,67,11,2008,4,39.9753,-75.1947,628.0,6,0,0,0,0,0,1,1,0,1.0,0,0,0,6,1,0,6,,1,39 58:34.136,3.0,2,75 11:44.141,0,0,0,0,67301,0,0,0,N,0,0,0,2,68K01,0,,1,1,,N,N,,1,,0,0,0,3.0,8,N,623,0,2,0,0,0,0,0,3,4,0,2,3,,N,,,,,,,,,,,
2008132425,1249,2,0,0,0,0,0,0,0,0,4,0,,67,11,2008,6,39.9475,-75.1877,1249.0,6,0,0,0,0,0,0,0,0,,0,0,0,12,1,0,7,,0,39 56:51.000,,2,75 11:15.720,0,0,0,0,67301,0,0,0,N,0,0,0,2,68K01,0,,1,1,,N,N,,0,,0,0,0,3.0,2,,1241,0,2,0,0,0,0,0,3,4,0,2,3,,N,,,,,,,,,,,
2008120510,0,1,0,0,0,0,0,0,0,0,1,0,,67,6,2008,2,40.0361,-75.194,0.0,6,0,0,0,0,0,0,0,0,,0,0,0,17,1,2,3,,0,40 02:09.919,,0,75 11:38.294,8,0,0,0,67301,0,0,0,N,0,0,0,3,00000,0,,1,1,,N,N,,0,,0,0,0,0.0,0,,1730,2,2,0,0,0,2,1,3,4,0,2,3,,N,,,,,,,,,,,