CRN,ARRIVAL_TM,AUTOMOBILE_COUNT,BELTED_DEATH_COUNT,BELTED_SUSP_SERIOUS_INJ_COUNT,BICYCLE_COUNT,BICYCLE_DEATH_COUNT,BICYCLE_SUSP_SERIOUS_INJ_COUNT,BUS_COUNT,CHLDPAS_DEATH_COUNT,CHLDPAS_SUSP_SERIOUS_INJ_COUNT,COLLISION_TYPE,COMM_VEH_COUNT,CONS_ZONE_SPD_LIM,COUNTY,CRASH_MONTH,CRASH_YEAR,DAY_OF_WEEK,DEC_LAT,DEC_LONG,DISPATCH_TM,DISTRICT,DRIVER_COUNT_16YR,DRIVER_COUNT_17YR,DRIVER_COUNT_18YR,DRIVER_COUNT_19YR,DRIVER_COUNT_20YR,DRIVER_COUNT_50_64YR,DRIVER_COUNT_65_74YR,DRIVER_COUNT_75PLUS,EST_HRS_CLOSED,FATAL_COUNT,HEAVY_TRUCK_COUNT,HORSE_BUGGY_COUNT,HOUR_OF_DAY,ILLUMINATION,INJURY_COUNT,INTERSECT_TYPE,INTERSECTION_RELATED,LANE_CLOSED,LATITUDE,LN_CLOSE_DIR,LOCATION_TYPE,LONGITUDE,MAX_SEVERITY_LEVEL,MCYCLE_DEATH_COUNT,MCYCLE_SUSP_SERIOUS_INJ_COUNT,MOTORCYCLE_COUNT,MUNICIPALITY,NONMOTR_COUNT,NONMOTR_DEATH_COUNT,NONMOTR_SUSP_SERIOUS_INJ_COUNT,NTFY_HIWY_MAINT,PED_COUNT,PED_DEATH_COUNT,PED_SUSP_SERIOUS_INJ_COUNT,PERSON_COUNT,POLICE_AGCY,POSSIBLE_INJ_COUNT,RDWY_SURF_TYPE_CD,RELATION_TO_ROAD,ROAD_CONDITION,ROADWAY_CLEARED,SCH_BUS_IND,SCH_ZONE_IND,SECONDARY_CRASH,SMALL_TRUCK_COUNT,SPEC_JURIS_CD,SUSP_MINOR_INJ_COUNT,SUSP_SERIOUS_INJ_COUNT,SUV_COUNT,TCD_FUNC_CD,TCD_TYPE,TFC_DETOUR_IND,TIME_OF_DAY,TOT_INJ_COUNT,TOTAL_UNITS,UNB_DEATH_COUNT,UNB_SUSP_SERIOUS_INJ_COUNT,UNBELTED_OCC_COUNT,UNK_INJ_DEG_COUNT,UNK_INJ_PER_COUNT,URBAN_AREA,URBAN_RURAL,VAN_COUNT,VEHICLE_COUNT,WEATHER1,WEATHER2,WORK_ZONE_IND,WORK_ZONE_LOC,WORK_ZONE_TYPE,WORKERS_PRES,WZ_CLOSE_DETOUR,WZ_FLAGGER,WZ_LAW_OFFCR_IND,WZ_LN_CLOSURE,WZ_MOVING,WZ_OTHER,WZ_SHLDER_MDN,WZ_WORKERS_INJ_KILLED
2009013677,2350,2,0,0,0,0,0,0,0,0,2,0,,67,12,2008,6,39.997,-75.1786,2339.0,6,0,0,0,0,1,0,0,0,,0,0,0,23,3,1,1,,0,39 59:49.350,,0,75 10:42.862,4,0,0,0,67301,0,0,0,,0,0,0,6,67301,1,,1,1,,,,,0,,0,0,0,3.0,2,,2330,1,2,0,0,0,0,0,3,4,0,2,3,,N,,,,,,,,,,,
2009013755,855,3,0,0,0,0,0,0,0,0,4,0,,67,11,2008,2,39.9737,-75.2463,845.0,6,0,0,0,0,0,0,1,0,,0,0,0,8,1,2,1,,0,39 58:25.183,,0,75 14:46.708,8,0,0,0,67301,0,0,0,N,0,0,0,2,67301,0,,1,1,,N,N,,0,,0,0,0,0.0,0,,845,2,3,0,0,0,2,0,3,4,0,3,3,,N,,,,,,,,,,,
2009001055,610,0,0,0,0,0,0,0,0,0,7,0,,67,11,2008,2,40.0065,-75.1519,600.0,6,0,0,0,0,0,0,0,0,,0,0,0,5,1,0,0,,0,40 00:23.230,,0,75 09:06.683,0,0,0,0,67301,0,0,0,,0,0,0,3,67301,0,,1,1,,,,,0,,0,0,0,0.0,0,,550,0,1,0,0,0,0,0,3,4,1,1,3,,N,,,,,,,,,,,
2009002132,816,1,0,0,0,0,0,0,0,0,7,0,,67,11,2008,6,40.026,-75.1985,814.0,6,0,0,0,0,0,0,0,0,,0,0,0,8,1,1,0,,0,40 01:33.755,,0,75 11:54.561,4,0,0,0,67301,0,0,0,N,0,0,0,1,67301,1,,5,9,,N,N,,0,,0,0,0,0.0,0,,813,1,1,0,0,0,0,0,3,4,0,1,7,,N,,,,,,,,,,,
2009002164,1245,1,0,0,0,0,0,0,0,0,1,0,,67,11,2008,5,40.0492,-75.2198,1243.0,6,0,0,0,0,0,2,0,0,,0,0,0,12,1,1,2,,0,40 02:57.718,,0,75 13:12.416,4,0,0,0,67301,0,0,0,,0,0,0,2,67301,1,,1,9,,,,,0,,0,0,0,3.0,2,,1242,1,2,0,0,0,0,0,3,4,1,2,7,,N,,,,,,,,,,,
2009002173,1005,2,0,0,0,0,0,0,0,0,4,0,,67,11,2008,7,40.0621,-75.0669,959.0,6,0,0,0,0,0,1,0,0,,0,0,0,9,1,1,2,,0,40 03:43.585,,0,75 04:00.710,4,0,0,0,67301,0,0,0,N,0,0,0,2,67301,1,,1,9,,N,N,,0,,0,0,0,3.0,3,,958,1,2,0,0,0,0,0,3,4,0,2,7,,N,,,,,,,,,,,
2009002216,1832,1,0,0,0,0,0,0,0,0,1,0,,67,11,2008,1,39.9428,-75.1586,1831.0,6,0,0,0,0,0,0,0,0,,0,0,0,18,3,1,1,,0,39 56:34.062,,0,75 09:31.046,8,0,0,0,67301,0,0,0,,0,0,0,3,67301,0,,1,1,,,,,0,,0,0,1,0.0,0,,1831,1,2,0,0,0,1,0,3,4,0,2,3,,N,,,,,,,,,,,
2009036411,903,0,0,0,1,0,1,0,0,0,4,1,,67,12,2008,5,39.9396,-75.1982,903.0,6,0,0,0,0,0,0,0,0,9.0,0,1,0,9,1,1,1,,1,39 56:22.560,3.0,0,75 11:53.520,2,0,0,0,67301,1,0,1,N,0,0,0,2,67301,0,,1,9,,N,N,,0,,0,1,0,3.0,2,Y,903,1,2,0,0,0,0,0,3,4,0,1,7,,N,,,,,,,,,,,
2009000524,629,1,0,0,0,0,0,0,0,0,4,0,,67,11,2008,5,40.0403,-75.0789,628.0,6,0,0,0,0,0,0,0,0,1.0,0,0,0,6,5,1,0,,2,40 02:25.172,5.0,0,75 04:44.076,8,0,0,0,67301,0,0,0,,0,0,0,2,67301,0,,1,1,,N,N,,0,,0,0,1,0.0,0,Y,625,1,2,0,0,0,1,1,3,4,0,2,3,,N,,,,,,,,,,,
2009000796,915,2,0,2,0,0,0,0,0,0,4,0,,67,11,2008,1,,,912.0,6,0,0,0,0,0,2,0,0,,0,0,0,9,1,2,1,,0,,,0,,2,0,0,0,67301,0,0,0,N,0,0,0,4,67301,0,,1,1,,N,N,,0,,0,2,0,3.0,2,,910,2,2,0,0,0,0,1,3,3,0,2,3,,N,,,,,,,,,,,
2009006863,1135,1,0,0,0,0,0,0,0,0,5,0,,67,12,2008,3,39.9824,-75.2076,1133.0,6,0,0,0,0,0,0,0,0,,0,0,0,11,1,0,0,,0,39 59:00.824,,0,75 12:29.146,0,0,0,0,67301,0,0,0,N,0,0,0,2,68K01,0,,2,1,,N,N,,1,,0,0,0,0.0,0,,1130,0,2,0,0,0,0,0,3,4,0,2,3,,N,,,,,,,,,,,
2009013390,1105,2,0,0,0,0,0,0,0,0,4,0,,67,10,2008,5,40.0493,-75.0679,1102.0,6,0,0,1,0,0,1,0,0,,0,0,0,11,1,2,1,,0,40 02:57.664,,0,75 04:04.483,8,0,0,0,67301,0,0,0,N,0,0,0,2,67301,0,,1,1,,N,N,,0,,0,0,0,3.0,2,,1102,2,2,0,0,0,2,0,3,4,0,2,3,,N,,,,,,,,,,,
2009013582,1907,0,0,0,0,0,0,0,0,0,4,0,,67,10,2008,5,40.0364,-75.2368,1900.0,6,0,0,0,1,0,0,0,0,,0,0,0,19,3,1,0,,0,40 02:10.874,,7,75 14:12.330,2,0,0,0,67301,0,0,0,N,0,0,0,2,67301,0,,1,1,,N,N,,0,,0,1,1,0.0,0,,1900,1,2,0,0,1,0,0,3,4,0,2,3,,N,,,,,,,,,,,
2009013976,814,1,0,0,0,0,0,0,0,0,4,0,,67,12,2008,2,39.9622,-75.1913,812.0,6,0,0,0,0,0,1,0,0,,0,0,0,8,1,0,1,,0,39 57:43.815,,0,75 11:28.535,0,0,0,0,67301,0,0,0,N,0,0,0,2,67301,0,,1,1,,N,N,,0,,0,0,1,3.0,2,,810,0,2,0,0,0,0,0,3,4,0,2,3,,N,,,,,,,,,,,
2009013396,505,0,0,0,0,0,0,0,0,0,7,0,,67,12,2008,1,39.9473,-75.2269,502.0,6,0,0,0,0,0,0,0,0,,0,0,0,5,3,1,0,,0,39 56:50.409,,0,75 13:37.007,8,0,0,0,67301,0,0,0,N,0,0,0,1,67301,0,,5,1,,N,N,,0,,0,0,1,0.0,0,,500,1,1,0,0,0,1,0,3,4,0,1,3,,N,,,,,,,,,,,
2009013450,935,3,0,0,0,0,0,0,0,0,1,0,,67,11,2008,6,39.9978,-75.111,930.0,6,0,0,0,0,0,0,0,0,,0,0,0,9,1,1,1,,0,39 59:52.195,,0,75 06:39.459,4,0,0,0,67301,0,0,0,N,0,0,0,3,67301,1,,1,1,,N,N,,0,,0,0,0,3.0,2,,930,1,3,0,0,0,0,1,3,4,0,3,3,,N,,,,,,,,,,,
2009024653,2240,1,0,0,0,0,0,0,0,0,1,0,,67,12,2008,6,39.9566,-75.198,2235.0,6,0,0,0,0,0,1,0,0,,0,0,0,22,3,2,1,,0,39 57:24.145,,0,75 11:52.822,4,0,0,0,67301,0,0,0,N,0,0,0,3,67301,2,,2,9,,N,N,,0,,0,0,1,3.0,2,,2200,2,2,0,0,0,0,0,3,4,0,2,7,,N,,,,,,,,,,,
2009024619,403,0,0,0,0,0,0,0,0,0,7,0,,67,12,2008,4,40.1081,-75.0408,403.0,6,0,0,0,0,0,0,0,0,3.0,0,0,0,4,3,1,0,,2,40 06:29.289,3.0,0,75 02:26.980,4,0,0,0,67301,0,0,0,,0,0,0,1,67301,1,,2,2,,,,,1,,0,0,0,0.0,0,N,403,1,1,0,0,1,0,0,3,4,0,1,98,,N,,,,,,,,,,,
2009030598,2051,1,0,0,0,0,0,0,0,0,7,0,,67,12,2008,4,39.996,-75.1914,2050.0,6,0,0,0,0,0,0,0,0,,0,0,0,6,3,0,0,,0,39 59:45.412,,0,75 11:29.027,0,0,0,0,67301,0,0,0,N,0,0,0,1,67301,0,,2,2,,,,,0,,0,0,0,0.0,0,,630,0,1,0,0,0,0,0,3,4,0,1,98,,N,,,,,,,,,,,
2009025851,655,1,0,0,0,0,0,0,0,0,5,0,,67,12,2008,4,40.0239,-75.1332,630.0,6,0,0,0,0,0,0,0,0,3.0,0,0,0,5,2,1,0,,2,40 01:26.038,2.0,0,75 07:59.689,3,0,0,0,67301,0,0,0,,0,0,0,3,67301,0,,1,2,,,,,0,,1,0,1,0.0,0,Y,557,1,3,0,0,0,0,1,3,4,1,3,98,,N,,,,,,,,,,,
2009024882,1140,2,0,0,0,0,0,0,0,0,1,0,,67,12,2008,5,40.0729,-75.076,1129.0,6,0,0,0,0,0,1,0,0,,0,0,0,11,1,1,0,,0,40 04:22.440,,7,75 04:33.600,8,0,0,0,67301,0,0,0,N,0,0,0,2,67301,0,,1,1,,N,N,,0,,0,0,0,0.0,0,,1127,1,2,0,0,0,1,0,3,4,0,2,3,,N,,,,,,,,,,,
2009032562,1550,0,0,0,0,0,0,0,0,0,8,0,,67,10,2008,6,40.0076,-75.1386,1540.0,6,0,0,0,0,0,0,0,0,,0,0,0,15,1,1,0,,0,40 00:27.506,,0,75 08:18.940,4,0,0,0,67301,1,0,0,N,1,0,0,2,67301,1,,1,1,,N,Y,,0,,0,0,0,3.0,2,,1535,1,2,0,0,0,0,0,3,4,0,1,3,,N,,,,,,,,,,,
2009030412,1900,2,0,0,0,0,0,1,0,0,4,1,,67,12,2008,2,39.9528,-75.1672,1844.0,6,0,0,0,0,0,0,0,0,,0,0,0,18,3,0,0,,0,39 57:10.198,,0,75 10:02.035,9,0,0,0,67301,0,0,0,,0,0,0,2,67301,0,,1,1,,,,,0,,0,0,0,0.0,0,,1840,0,3,0,0,0,0,1,3,4,0,3,3,,N,,,,,,,,,,,
2009030417,1232,1,0,0,0,0,0,0,0,0,4,0,,67,9,2008,1,40.0086,-75.0688,1230.0,6,0,0,0,0,0,0,0,0,,0,0,0,12,1,1,1,,0,40 00:31.250,,0,75 04:07.878,8,0,0,0,67301,0,0,0,N,0,0,0,6,67301,0,,1,1,,N,N,,1,,0,0,1,3.0,2,,1220,1,3,0,0,0,1,0,3,4,0,3,3,,N,,,,,,,,,,,
2008079215,2140,2,0,0,0,0,0,0,0,0,6,0,,67,5,2008,7,40.0245,-75.1478,2128.0,6,0,0,0,0,0,0,0,0,,0,0,0,99,3,1,1,,0,40 01:28.097,,0,75 08:52.131,4,0,0,0,67301,0,0,0,N,0,0,0,2,67301,1,,1,1,,N,N,,0,,0,0,0,3.0,2,,9999,1,2,0,0,2,0,0,3,4,0,2,3,,N,,,,,,,,,,,
2008081130,1007,3,0,0,0,0,0,0,0,0,4,0,,67,5,2008,1,39.9524,-75.1468,1004.0,6,0,0,0,0,0,0,0,0,1.0,0,0,0,9,1,2,1,,1,39 57:08.533,4.0,0,75 08:48.480,4,0,0,0,67301,0,0,0,N,0,0,0,2,67301,2,,1,1,,N,N,,0,,0,0,0,3.0,2,Y,945,2,3,0,0,0,0,0,3,4,0,3,3,,N,,,,,,,,,,,
2008103352,55,2,0,0,0,0,0,0,0,0,4,0,,67,7,2008,4,39.9541,-75.1395,47.0,6,0,0,0,0,0,0,0,0,,0,0,0,0,3,3,5,,0,39 57:15.517,,2,75 08:23.025,3,0,0,0,67301,0,0,0,N,0,0,0,3,67301,2,,1,1,,N,N,,0,,1,0,0,0.0,0,,47,3,2,0,0,0,0,0,3,4,0,2,3,,N,,,,,,,,,,,
2008098461,2240,2,0,0,0,0,0,0,0,0,5,0,,67,8,2008,6,39.9161,-75.174,2237.0,6,0,0,0,0,0,0,0,0,,0,0,0,22,3,0,0,,0,39 54:58.121,,0,75 10:26.346,0,0,0,0,67301,0,0,0,N,0,0,0,1,67301,0,,6,1,,N,N,,0,,0,0,0,0.0,0,,2235,0,2,0,0,0,0,0,3,4,0,2,3,,N,,,,,,,,,,,
2008124129,1313,1,0,0,0,0,0,0,0,0,7,0,,67,10,2008,4,39.8895,-75.2191,1303.0,6,0,0,0,0,0,0,0,0,2.0,0,0,0,13,1,1,0,,1,39 53:21.357,2.0,0,75 13:07.113,4,0,0,0,67301,0,0,0,N,0,0,0,1,68K01,1,,2,1,,N,N,,0,,0,0,0,0.0,0,N,1300,1,2,0,0,0,0,0,3,4,0,1,3,,N,,,,,,,,,,,
2008119361,0,2,0,0,0,0,0,0,0,0,4,0,,67,7,2008,7,39.914,-75.1499,0.0,6,0,0,0,0,0,0,0,0,,0,0,0,21,1,1,1,,0,39 54:50.431,,0,75 08:59.775,8,0,0,0,67301,0,0,0,N,0,0,0,2,00000,0,,1,1,,N,N,,0,,0,0,0,3.0,2,,2100,1,2,0,0,0,1,1,3,4,0,2,3,,N,,,,,,,,,,,
2008133792,301,1,0,0,0,0,0,0,0,0,7,0,,67,10,2008,6,40.0034,-75.1454,301.0,6,0,0,0,0,0,0,0,0,,0,0,0,2,3,0,0,,0,40 00:12.272,,0,75 08:43.587,9,0,0,0,67301,0,0,0,,0,0,0,1,67301,0,,2,1,,,,,0,,0,0,0,9.0,3,,245,0,1,0,0,0,0,1,3,4,0,1,3,,N,,,,,,,,,,,
2008134031,1145,1,0,0,0,0,0,0,0,0,4,0,,67,11,2008,4,40.0033,-75.1659,1145.0,6,0,0,0,0,0,1,0,1,,0,0,0,11,1,1,1,,0,40 00:11.769,,0,75 09:57.120,4,0,0,0,67301,0,0,0,N,0,0,0,4,67301,1,,1,1,,N,N,,0,,0,0,0,3.0,2,,1145,1,2,0,0,0,0,0,3,4,1,2,3,,N,,,,,,,,,,,
2008119192,1726,1,0,0,0,0,0,0,0,0,6,0,,67,9,2008,4,39.9404,-75.2366,1724.0,6,0,0,0,0,0,1,0,0,,0,0,0,17,1,0,1,,0,39 56:25.328,,0,75 14:11.791,0,0,0,0,67301,0,0,0,N,0,0,0,3,67301,0,,1,1,,N,N,,0,,0,0,1,3.0,2,,1704,0,2,0,0,1,0,0,3,4,0,2,3,,N,,,,,,,,,,,
2008119230,1845,2,0,0,0,0,0,0,0,0,4,0,,67,9,2008,5,40.0327,-75.1744,1841.0,6,0,0,0,0,0,0,0,0,,0,0,0,18,1,1,1,,0,40 01:57.777,,0,75 10:27.832,8,0,0,0,67301,0,0,0,N,0,0,0,2,67301,0,,1,1,,N,N,,0,,0,0,0,3.0,2,,1835,1,2,0,0,0,1,0,3,4,0,2,3,,N,,,,,,,,,,,
2008071621,1230,3,0,0,0,0,0,0,0,0,1,0,,67,4,2008,3,40.0414,-75.0283,1230.0,6,0,0,1,0,0,1,0,0,2.0,0,0,0,12,1,3,1,,1,40 02:28.908,2.0,0,75 01:41.719,4,0,0,0,67301,0,0,0,N,0,0,0,5,67301,3,,1,1,,N,N,,0,,0,0,1,3.0,2,N,1230,3,4,0,0,0,0,2,3,4,0,4,3,,N,,,,,,,,,,,
2008095691,1219,0,0,0,0,0,0,0,0,0,8,0,,67,8,2008,3,39.95,-75.157,1218.0,6,0,0,0,0,0,1,0,0,,0,0,0,12,1,1,1,,0,39 56:59.986,,0,75 09:25.190,8,0,0,0,67301,1,0,0,N,1,0,0,2,67301,0,,1,1,,N,N,,0,,0,0,0,3.0,2,,1200,1,2,0,0,0,1,1,3,4,1,1,3,,N,,,,,,,,,,,
2008095447,1340,1,0,0,0,0,0,0,0,0,4,0,,67,6,2008,1,39.9744,-75.2017,1340.0,6,0,0,0,0,0,1,0,0,1.0,0,0,0,13,1,2,1,,1,39 58:27.674,4.0,0,75 12:06.242,4,0,0,0,67301,0,0,0,N,0,0,0,5,67301,1,,1,1,,N,N,,0,,0,0,0,3.0,2,Y,1338,2,2,0,0,0,1,2,3,4,1,2,3,,N,,,,,,,,,,,
2008083324,540,1,0,0,0,0,0,0,0,0,7,0,,67,5,2008,1,39.9751,-75.1951,531.0,6,0,0,0,0,0,0,0,0,,0,0,0,99,5,1,0,,0,39 58:30.250,,0,75 11:42.480,8,0,0,0,67301,0,0,0,N,0,0,0,1,67301,0,,3,1,,N,N,,0,,0,0,0,0.0,0,,9999,1,1,0,0,0,1,0,3,4,0,1,3,,N,,,,,,,,,,,
2008095558,1800,0,0,0,0,0,0,0,0,0,8,0,,67,6,2008,5,39.9385,-75.18,1755.0,6,0,0,0,0,0,0,0,1,,0,0,0,17,1,1,1,,0,39 56:18.567,,0,75 10:48.125,8,0,0,0,67301,1,0,0,N,1,0,0,2,67301,0,,1,1,,N,N,,0,,0,0,1,3.0,3,,1745,1,2,0,0,0,1,0,3,4,0,1,3,,N,,,,,,,,,,,
2008082869,2008,1,0,0,0,0,0,0,0,0,8,0,,67,5,2008,1,40.0467,-75.1565,1957.0,6,0,0,0,0,1,0,0,0,,0,0,0,19,1,1,0,,0,40 02:48.105,,0,75 09:23.558,3,0,0,0,67301,1,0,0,N,1,0,0,2,67301,0,,1,1,,N,N,,0,,1,0,0,0.0,0,,1951,1,2,0,0,0,0,0,3,4,0,1,3,,N,,,,,,,,,,,
2008088404,2159,0,0,0,0,0,0,0,0,0,4,0,,67,6,2008,3,40.0043,-75.1281,2157.0,6,0,0,0,0,0,0,0,0,1.0,0,0,0,21,3,1,2,,2,40 00:15.609,3.0,0,75 07:41.037,3,0,0,1,67301,0,0,0,N,0,0,0,2,67301,0,,1,9,,N,N,,0,,1,0,1,3.0,2,Y,2150,1,2,0,0,0,0,0,3,4,0,2,7,,N,,,,,,,,,,,
2008088416,2120,1,0,0,0,0,0,0,0,0,8,0,,67,6,2008,7,40.0093,-75.1512,2115.0,6,0,0,0,0,0,0,0,0,,0,0,0,21,3,1,0,,0,40 00:33.304,,0,75 09:04.290,8,0,0,0,67301,1,0,0,N,1,0,0,2,67301,0,,1,1,,N,N,,0,,0,0,0,0.0,0,,2110,1,2,0,0,1,1,0,3,4,0,1,3,,N,,,,,,,,,,,
2008088427,1925,1,0,0,0,0,0,0,0,0,8,0,,67,6,2008,2,,,1919.0,6,0,0,0,0,0,0,0,0,,0,0,0,19,1,1,0,,0,,,0,,4,0,0,0,67301,1,0,0,N,1,0,0,2,67301,1,,1,1,,N,N,,0,,0,0,0,0.0,0,,1911,1,2,0,0,1,0,0,3,3,0,1,3,,N,,,,,,,,,,,
2008088220,1941,1,0,0,1,0,0,0,0,0,5,0,,67,6,2008,6,40.0281,-75.1283,1936.0,6,0,0,0,0,0,0,0,0,,0,0,0,19,1,1,0,,0,40 01:41.280,,0,75 07:42.009,4,0,0,0,67301,1,0,0,N,0,0,0,2,67301,1,,1,1,,N,N,,0,,0,0,0,0.0,0,,1918,1,2,0,0,0,0,0,3,4,0,1,3,,N,,,,,,,,,,,
2008088267,1258,2,0,0,0,0,0,0,0,0,1,0,,67,5,2008,7,39.9953,-75.1123,1250.0,6,0,0,0,0,0,0,0,0,,0,0,0,11,1,1,0,,0,39 59:42.827,,0,75 06:44.351,4,0,0,0,67301,0,0,0,,0,0,0,3,67301,1,,1,1,,,,,0,,0,0,1,3.0,2,,1130,1,3,0,0,0,0,0,3,4,0,3,3,,N,,,,,,,,,,,
2008088698,0,1,0,0,0,0,0,0,0,0,8,0,,67,2,2008,2,40.0702,-75.0704,0.0,6,0,0,0,0,0,0,0,0,,0,0,0,7,1,1,1,,0,40 04:12.770,,0,75 04:13.467,4,0,0,0,67301,1,0,0,N,1,0,0,2,00000,1,,9,1,,N,N,,0,,0,0,0,0.0,0,,705,1,2,0,0,0,0,0,3,4,0,1,3,,N,,,,,,,,,,,
2008097577,2010,2,0,0,0,0,0,0,0,0,4,0,,67,7,2008,2,40.0398,-75.0417,2005.0,6,0,0,0,0,0,0,0,0,,0,0,0,20,1,2,1,,0,40 02:23.182,,0,75 02:30.267,8,0,0,0,67301,0,0,0,,0,0,0,3,67301,0,,1,1,,,,,0,,0,0,0,3.0,3,,2000,2,2,0,0,0,2,0,3,4,0,2,3,,N,,,,,,,,,,,
2008088043,1538,2,0,0,0,0,0,0,0,0,1,0,,67,6,2008,7,40.0837,-75.0207,1534.0,6,0,0,0,0,0,0,0,0,,0,0,0,15,1,1,0,,0,40 05:01.420,,0,75 01:14.545,8,0,0,0,67301,0,0,0,N,0,0,0,2,67301,0,,1,1,,N,N,,0,,0,0,0,0.0,0,,1534,1,2,0,0,0,1,0,3,4,0,2,3,,N,,,,,,,,,,,
2008083290,1520,2,0,0,0,0,0,0,0,0,1,0,,67,5,2008,7,40.0581,-75.1743,1515.0,6,0,0,0,0,0,1,1,0,,0,0,0,15,1,1,1,,0,40 03:29.310,,0,75 10:27.488,8,0,0,0,67301,0,0,0,N,0,0,0,2,67301,0,,1,1,,N,N,,0,,0,0,0,3.0,2,,1515,1,2,0,0,2,1,0,3,4,0,2,3,,N,,,,,,,,,,,
2008083311,1730,1,0,0,0,0,0,0,0,0,4,0,,67,5,2008,2,39.9763,-75.1831,1725.0,6,0,0,0,0,0,0,0,0,1.0,0,0,0,17,1,3,1,,2,39 58:34.699,5.0,0,75 10:59.119,4,0,0,0,67301,0,0,0,,0,0,0,3,67301,3,,1,1,,N,N,,0,,0,0,1,3.0,2,Y,1725,3,2,0,0,0,0,0,3,4,0,2,3,,N,,,,,,,,,,,
2008098009,800,0,0,0,0,0,0,0,0,0,7,0,,67,8,2008,4,40.0693,-75.0072,759.0,6,0,0,0,1,0,0,0,0,,0,0,0,7,5,0,0,,0,40 04:09.482,,0,75 00:26.043,0,0,0,0,67301,0,0,0,N,0,0,0,1,67301,0,,4,9,,N,N,,0,,0,0,1,0.0,0,,715,0,1,0,0,0,0,0,3,4,0,1,7,,N,,,,,,,,,,,
2008100581,519,0,0,0,0,0,0,0,0,0,7,0,,67,8,2008,6,40.0084,-75.0701,512.0,6,0,0,0,0,0,0,0,0,1.0,0,0,0,5,5,1,2,,1,40 00:30.305,1.0,1,75 04:12.532,4,0,0,0,67301,0,0,0,,0,0,0,1,67301,1,,2,1,,N,N,,0,,0,0,1,0.0,0,N,505,1,1,0,0,0,0,0,3,4,0,1,3,,N,,,,,,,,,,,
2008098189,2350,2,0,0,0,0,0,0,0,0,4,0,,67,7,2008,4,40.0363,-75.0643,2339.0,6,0,0,0,0,0,0,0,0,1.0,0,0,0,23,3,1,5,,1,40 02:10.680,3.0,0,75 03:51.480,8,0,0,0,67301,0,0,0,N,0,0,0,2,67301,0,,1,1,,N,N,,0,,0,0,0,3.0,2,N,2339,1,2,0,0,0,1,0,3,4,0,2,3,,N,,,,,,,,,,,
2008078932,1311,0,0,0,0,0,0,0,0,0,8,0,,67,5,2008,6,39.9573,-75.1912,9999.0,6,0,0,0,0,0,0,0,0,,0,0,0,13,1,1,2,,0,39 57:26.280,,0,75 11:28.320,4,0,0,0,67301,1,0,0,,1,0,0,2,67301,1,,1,1,,,,,1,,0,0,0,0.0,0,,1310,1,2,0,0,0,0,0,3,4,0,1,3,,N,,,,,,,,,,,
2008098210,953,1,0,0,0,0,0,0,0,0,8,0,,67,7,2008,6,40.0479,-75.0631,953.0,6,0,0,0,0,0,0,0,0,,0,0,0,9,1,1,0,,0,40 02:52.364,,0,75 03:47.322,4,0,0,0,67301,1,0,0,N,1,0,0,2,67301,1,,1,1,,N,N,,0,,0,0,0,0.0,0,,950,1,2,0,0,0,0,0,3,4,0,1,3,,N,,,,,,,,,,,
2008098264,2019,2,0,0,0,0,0,0,0,0,4,0,,67,6,2008,7,40.013,-75.0711,2015.0,6,0,0,0,0,0,0,0,0,,0,1,0,20,1,1,1,,0,40 00:46.832,,0,75 04:16.235,3,0,0,0,67301,0,0,0,N,0,0,0,2,67301,0,,1,1,,N,N,,0,,1,0,0,3.0,3,,2010,1,3,0,0,0,0,0,3,4,0,3,3,,N,,,,,,,,,,,
2008083790,1240,0,0,0,0,0,0,0,0,0,0,1,,67,6,2008,2,39.9952,-75.0834,1232.0,6,0,0,0,0,0,0,0,0,3.0,0,1,0,12,1,1,2,,2,39 59:51.360,4.0,2,75 04:53.760,4,0,0,0,67301,0,0,0,Y,0,0,0,1,68K01,1,,1,1,,N,N,,0,,0,0,0,0.0,0,Y,1225,1,1,0,0,1,0,0,3,4,0,1,3,,N,,,,,,,,,,,
2008102054,2334,2,0,0,0,0,0,0,0,0,1,0,,67,9,2008,1,39.9868,-75.208,2334.0,6,0,0,0,0,0,0,0,0,1.0,0,0,0,23,3,0,0,,1,39 59:16.239,3.0,0,75 12:27.008,0,0,0,0,67301,0,0,0,N,0,0,0,2,68K01,0,,1,1,,N,N,,0,,0,0,0,0.0,0,N,2310,0,2,0,0,0,0,0,3,4,0,2,3,,N,,,,,,,,,,,
2008070684,959,1,0,0,0,0,0,0,0,0,8,0,,67,4,2008,5,,,941.0,6,0,0,0,0,0,0,0,0,,0,0,0,9,1,1,0,,0,,,0,,3,0,0,0,67301,1,0,0,N,1,0,0,2,67301,0,,1,1,,N,N,,0,,1,0,0,0.0,0,,945,1,2,0,0,0,0,1,3,3,0,1,3,,N,,,,,,,,,,,
2008070821,1240,1,0,0,0,0,0,0,0,0,4,0,,67,4,2008,5,39.9618,-75.1448,1237.0,6,0,0,0,0,0,0,0,0,1.0,0,0,0,12,1,1,2,,2,39 57:42.364,2.0,0,75 08:41.348,3,0,0,1,67301,0,0,0,,0,0,0,2,67301,0,,1,1,,N,N,,0,,1,0,0,3.0,3,N,1235,1,2,0,0,0,0,0,3,4,0,2,3,,N,,,,,,,,,,,