CRN,ARRIVAL_TM,AUTOMOBILE_COUNT,BELTED_DEATH_COUNT,BELTED_SUSP_SERIOUS_INJ_COUNT,BICYCLE_COUNT,BICYCLE_DEATH_COUNT,BICYCLE_SUSP_SERIOUS_INJ_COUNT,BUS_COUNT,CHLDPAS_DEATH_COUNT,CHLDPAS_SUSP_SERIOUS_INJ_COUNT,COLLISION_TYPE,COMM_VEH_COUNT,CONS_ZONE_SPD_LIM,COUNTY,CRASH_MONTH,CRASH_YEAR,DAY_OF_WEEK,DEC_LAT,DEC_LONG,DISPATCH_TM,DISTRICT,DRIVER_COUNT_16YR,DRIVER_COUNT_17YR,DRIVER_COUNT_18YR,DRIVER_COUNT_19YR,DRIVER_COUNT_20YR,DRIVER_COUNT_50_64YR,DRIVER_COUNT_65_74YR,DRIVER_COUNT_75PLUS,EST_HRS_CLOSED,FATAL_COUNT,HEAVY_TRUCK_COUNT,HORSE_BUGGY_COUNT,HOUR_OF_DAY,ILLUMINATION,INJURY_COUNT,INTERSECT_TYPE,INTERSECTION_RELATED,LANE_CLOSED,LATITUDE,LN_CLOSE_DIR,LOCATION_TYPE,LONGITUDE,MAX_SEVERITY_LEVEL,MCYCLE_DEATH_COUNT,MCYCLE_SUSP_SERIOUS_INJ_COUNT,MOTORCYCLE_COUNT,MUNICIPALITY,NONMOTR_COUNT,NONMOTR_DEATH_COUNT,NONMOTR_SUSP_SERIOUS_INJ_COUNT,NTFY_HIWY_MAINT,PED_COUNT,PED_DEATH_COUNT,PED_SUSP_SERIOUS_INJ_COUNT,PERSON_COUNT,POLICE_AGCY,POSSIBLE_INJ_COUNT,RDWY_SURF_TYPE_CD,RELATION_TO_ROAD,ROAD_CONDITION,ROADWAY_CLEARED,SCH_BUS_IND,SCH_ZONE_IND,SECONDARY_CRASH,SMALL_TRUCK_COUNT,SPEC_JURIS_CD,SUSP_MINOR_INJ_COUNT,SUSP_SERIOUS_INJ_COUNT,SUV_COUNT,TCD_FUNC_CD,TCD_TYPE,TFC_DETOUR_IND,TIME_OF_DAY,TOT_INJ_COUNT,TOTAL_UNITS,UNB_DEATH_COUNT,UNB_SUSP_SERIOUS_INJ_COUNT,UNBELTED_OCC_COUNT,UNK_INJ_DEG_COUNT,UNK_INJ_PER_COUNT,URBAN_AREA,URBAN_RURAL,VAN_COUNT,VEHICLE_COUNT,WEATHER1,WEATHER2,WORK_ZONE_IND,WORK_ZONE_LOC,WORK_ZONE_TYPE,WORKERS_PRES,WZ_CLOSE_DETOUR,WZ_FLAGGER,WZ_LAW_OFFCR_IND,WZ_LN_CLOSURE,WZ_MOVING,WZ_OTHER,WZ_SHLDER_MDN,WZ_WORKERS_INJ_KILLED
2008073517,1755,2,0,0,0,0,0,0,0,0,1,0,,67,4,2008,1,39.9937,-75.1523,1746.0,6,0,0,0,0,0,0,0,1,,0,0,0,17,1,1,1,,0,39 59:37.148,,0,75 09:08.410,4,0,0,0,67301,0,0,0,N,0,0,0,2,67301,1,,1,1,,N,N,,0,,0,0,0,0.0,0,,1744,1,2,0,0,1,0,0,3,4,0,2,3,,N,,,,,,,,,,,
2008110436,704,1,0,0,0,0,0,0,0,0,1,0,,67,10,2008,5,40.0256,-75.0316,656.0,6,0,0,0,0,0,0,0,0,2.0,0,0,0,6,1,1,0,,1,40 01:32.099,4.0,0,75 01:53.662,4,0,0,0,67301,0,0,0,N,0,0,0,4,68K01,1,,1,1,,N,N,,0,,0,0,2,0.0,0,N,653,1,3,0,0,0,0,0,3,4,0,3,3,,N,,,,,,,,,,,
2008122858,9999,2,0,0,0,0,0,0,0,0,4,0,,67,9,2008,4,39.9469,-75.2243,1617.0,6,0,0,0,0,0,0,1,0,,0,0,0,16,1,1,0,,0,39 56:48.789,,0,75 13:27.365,4,0,0,0,67301,0,0,0,,0,0,0,1,67301,1,,1,1,,,,,0,,0,0,0,0.0,0,,1600,1,2,0,0,0,0,0,3,4,0,2,3,,N,,,,,,,,,,,
2008132429,913,1,0,0,0,0,0,0,0,0,7,0,,67,11,2008,7,40.0501,-74.992,912.0,6,0,0,0,0,0,0,0,0,2.0,0,0,0,9,1,1,0,,2,40 03:00.360,1.0,0,74 59:30.480,4,0,0,0,67301,0,0,0,N,0,0,0,1,68K01,1,,2,1,,N,N,,0,,0,0,0,0.0,0,Y,910,1,1,0,0,0,0,0,3,4,0,1,3,,N,,,,,,,,,,,
2008119441,9999,2,0,0,0,0,0,0,0,0,5,0,,67,8,2008,7,,,9999.0,6,0,0,0,0,0,0,0,0,,0,0,0,23,6,1,0,,0,,,0,,4,0,0,0,67301,0,0,0,N,0,0,0,2,00000,1,,1,1,,N,N,,0,,0,0,0,0.0,0,,2345,1,2,0,0,0,0,1,3,3,0,2,3,,N,,,,,,,,,,,
2008119502,815,1,0,0,0,0,0,0,0,0,1,0,,67,9,2008,5,39.8993,-75.1755,808.0,6,0,0,0,0,1,0,0,0,,0,0,0,7,1,1,3,,0,39 53:57.571,,0,75 10:31.756,4,0,0,0,67301,0,0,0,N,0,0,0,2,67301,1,,1,1,,N,N,,1,,0,0,0,3.0,2,,735,1,2,0,0,0,0,0,3,4,0,2,3,,N,,,,,,,,,,,
2008120620,1730,1,0,0,0,0,0,0,0,0,8,0,,67,9,2008,1,40.0641,-75.2396,1721.0,6,0,0,0,0,0,1,0,0,,0,0,0,16,1,1,2,,0,40 03:52.977,,0,75 14:23.056,3,0,0,0,67301,1,0,0,,1,0,0,2,67301,0,,1,9,,,,,0,,1,0,0,9.0,2,,1630,1,2,0,0,0,0,0,3,4,0,1,7,5.0,N,,,,,,,,,,,
2008120634,936,1,0,0,0,0,0,0,0,0,8,0,,67,10,2008,4,39.9528,-75.15,935.0,6,0,0,0,0,0,1,0,0,,0,0,0,9,1,1,0,,0,39 57:09.945,,0,75 08:59.899,4,0,0,0,67301,1,0,0,N,1,0,0,2,67301,1,,1,1,,N,N,,0,,0,0,0,3.0,2,,930,1,2,0,0,0,0,0,3,4,0,1,3,,N,,,,,,,,,,,
2008095686,2000,0,0,0,1,0,0,0,0,0,8,0,,67,7,2008,4,,,2000.0,6,0,0,0,1,0,0,0,0,,0,0,0,20,1,1,0,,0,,,0,,8,0,0,0,67301,1,0,0,N,0,0,0,2,67301,0,,1,1,,N,N,,0,,0,0,1,0.0,0,,2000,1,2,0,0,1,1,0,3,3,0,1,3,,N,,,,,,,,,,,
2008095708,637,0,0,0,0,0,0,0,0,0,7,0,,67,8,2008,1,40.0515,-75.2363,632.0,6,0,0,0,0,0,0,0,0,,0,0,0,6,1,1,0,,0,40 03:04.360,,0,75 14:10.702,4,0,0,0,67301,0,0,0,N,0,0,0,1,67301,1,,5,1,,N,N,,0,,0,0,1,0.0,0,,630,1,1,0,0,0,0,0,3,4,0,1,3,,N,,,,,,,,,,,
2008095723,918,0,0,0,0,0,0,0,0,0,7,0,,67,8,2008,7,39.9776,-75.1828,908.0,6,0,0,0,0,0,0,0,0,,0,0,0,9,1,1,1,,0,39 58:39.266,,0,75 10:58.126,8,0,0,0,67301,0,0,0,,0,0,0,1,67301,0,,3,1,,,,,1,,0,0,0,3.0,3,,900,1,1,0,0,1,1,0,3,4,0,1,3,,N,,,,,,,,,,,
2008097902,22,0,0,0,0,0,0,0,0,0,7,0,,67,7,2008,6,40.0583,-75.0269,19.0,6,0,0,0,0,0,0,0,0,,0,0,0,0,3,1,2,,0,40 03:29.761,,0,75 01:36.746,8,0,0,0,67301,0,0,0,,0,0,0,1,67301,0,,5,1,,N,N,,0,,0,0,1,0.0,0,,19,1,1,0,0,0,1,0,3,4,0,1,3,,N,,,,,,,,,,,
2008097911,2349,1,0,0,1,0,0,0,0,0,4,0,,67,6,2008,5,39.9531,-75.2142,2349.0,6,0,0,0,0,0,0,0,0,,0,0,0,99,6,1,1,,0,39 57:11.214,,0,75 12:50.993,8,0,0,0,67301,1,0,0,N,0,0,0,2,67301,0,,1,1,,N,N,,0,,0,0,0,3.0,2,,9999,1,2,0,0,0,1,0,3,4,0,1,7,,N,,,,,,,,,,,
2008095535,610,2,0,0,0,0,0,0,0,0,4,0,,67,6,2008,4,40.0211,-75.1399,602.0,6,0,0,0,0,0,1,0,0,,0,0,0,6,1,1,1,,0,40 01:15.937,,0,75 08:23.758,4,0,0,0,67301,0,0,0,N,0,0,0,3,67301,1,,1,1,,N,N,,0,,0,0,0,3.0,2,,600,1,2,0,0,0,0,0,3,4,0,2,3,,N,,,,,,,,,,,
2008088245,1200,2,0,0,0,0,0,0,0,0,4,0,,67,6,2008,6,39.915,-75.2376,1156.0,6,0,0,0,0,1,1,0,0,9.0,0,0,0,11,1,2,1,,1,39 54:53.920,7.0,0,75 14:15.385,4,0,0,0,67301,0,0,0,N,0,0,0,4,67301,2,,1,1,,N,N,,0,,0,0,0,9.0,2,Y,1150,2,2,0,0,0,0,0,3,4,0,2,3,,N,,,,,,,,,,,
2008085834,1253,0,0,0,0,0,0,0,0,0,7,1,,67,7,2008,4,40.0388,-75.0085,1245.0,6,0,0,0,0,0,0,0,0,,0,1,0,12,1,1,0,,0,40 02:20.162,,0,75 00:29.404,4,0,0,0,67301,0,0,0,N,0,0,0,2,68K01,1,,2,1,,N,N,,0,,0,0,0,0.0,0,,1240,1,1,0,0,0,0,0,3,4,0,1,3,,N,,,,,,,,,,,
2008080259,1628,1,0,0,0,0,0,0,0,0,1,0,,67,7,2008,1,39.9597,-75.1768,1625.0,6,0,0,0,0,1,0,0,0,2.0,0,0,0,16,1,0,0,,1,39 57:35.640,4.0,0,75 10:41.160,0,0,0,0,67301,0,0,0,N,0,0,0,2,68K01,0,,1,1,,N,N,,1,,0,0,0,0.0,0,N,1622,0,2,0,0,0,0,0,3,4,0,2,3,,N,,,,,,,,,,,
2008077815,156,2,0,0,0,0,0,0,0,0,1,0,,67,6,2008,1,,,156.0,6,0,0,0,0,0,0,0,0,,0,0,0,1,3,2,0,,0,,,5,,3,0,0,0,67301,0,0,0,,0,0,0,8,67501,1,,1,1,,N,N,,0,,1,0,1,3.0,8,,156,2,3,0,0,0,0,0,3,3,0,3,3,,N,,,,,,,,,,,
2008087991,1913,3,0,0,0,0,0,0,0,0,1,0,,67,5,2008,5,40.0219,-75.2092,1912.0,6,0,0,0,0,0,0,0,0,,0,0,0,19,1,0,2,,0,40 01:18.627,,0,75 12:33.266,9,0,0,0,67301,0,0,0,N,0,0,0,1,67301,0,,2,1,,N,N,,0,,0,0,0,0.0,0,,1905,0,3,0,0,0,0,1,3,4,0,3,3,,N,,,,,,,,,,,
2008087997,1724,2,0,0,0,0,0,0,0,0,4,0,,67,6,2008,4,39.9528,-75.2203,1721.0,6,0,0,0,0,0,1,0,0,,0,0,0,16,1,1,1,,0,39 57:10.080,,0,75 13:13.115,4,0,0,0,67301,0,0,0,N,0,0,0,2,67301,1,,1,9,,N,N,,0,,0,0,0,3.0,3,,1650,1,2,0,0,0,0,0,3,4,0,2,7,,N,,,,,,,,,,,
2008088021,905,1,0,0,0,0,0,0,0,0,1,0,,67,5,2008,4,40.0477,-75.06,905.0,6,0,0,0,0,0,0,0,0,,0,0,0,9,1,1,10,,0,40 02:51.581,,0,75 03:35.828,8,0,0,0,67301,0,0,0,N,0,0,0,2,67301,0,,1,1,,,,,1,,0,0,0,0.0,0,,905,1,2,0,0,0,1,1,3,4,0,2,3,,N,,,,,,,,,,,
2008088073,1725,1,0,0,0,0,0,0,0,0,1,0,,67,6,2008,3,39.978,-75.1698,1720.0,6,0,0,0,0,0,0,0,0,,0,0,0,17,1,1,3,,0,39 58:40.687,,0,75 10:11.240,4,0,0,0,67301,0,0,0,N,0,0,0,2,67301,1,,1,1,,N,N,,0,,0,0,1,0.0,0,,1719,1,2,0,0,0,0,0,3,4,0,2,3,,N,,,,,,,,,,,
2008092409,2310,1,0,0,0,0,0,0,0,0,7,0,,67,8,2008,3,39.9279,-75.1466,2306.0,6,0,0,0,0,0,0,0,0,,0,0,0,23,3,0,0,,0,39 55:42.429,,0,75 08:47.306,0,0,0,0,67301,0,0,0,N,0,0,0,3,68K01,0,,3,1,,N,N,,0,,0,0,0,0.0,0,,2303,0,2,0,0,0,0,0,3,4,0,1,3,,N,,,,,,,,,,,
2008098008,612,2,0,0,0,0,0,0,0,0,1,0,,67,7,2008,2,40.0564,-75.0221,608.0,6,0,0,1,0,0,1,0,0,,0,0,0,6,1,1,1,,0,40 03:23.091,,0,75 01:19.803,8,0,0,0,67301,0,0,0,N,0,0,0,2,67301,0,,1,1,,N,N,,0,,0,0,0,0.0,0,,605,1,2,0,0,0,1,0,3,4,0,2,3,,N,,,,,,,,,,,
2008098181,1730,2,0,0,0,0,0,0,0,0,1,0,,67,7,2008,5,39.952,-75.1626,1726.0,6,0,0,0,1,0,0,0,0,,0,0,0,17,1,1,2,,0,39 57:07.268,,0,75 09:45.490,8,0,0,0,67301,0,0,0,N,0,0,0,4,67301,0,,1,1,,N,N,,0,,0,0,0,0.0,0,,1725,1,2,0,0,4,1,0,3,4,0,2,3,,N,,,,,,,,,,,
2008098252,1709,1,0,0,0,0,0,0,0,0,4,0,,67,6,2008,6,40.0976,-75.0188,1706.0,6,0,0,0,0,1,0,0,0,,0,0,0,17,1,3,0,,0,40 05:51.219,,7,75 01:07.777,4,0,0,0,67301,0,0,0,N,0,0,0,4,67301,2,,1,1,,N,N,,1,,0,0,0,0.0,0,,1700,3,2,0,0,0,1,0,3,4,0,2,3,,N,,,,,,,,,,,
2008098357,813,1,0,0,0,0,0,0,0,0,4,0,,67,7,2008,2,40.0169,-75.0534,809.0,6,0,0,0,0,0,1,0,0,,0,0,0,7,1,1,2,,0,40 01:00.822,,0,75 03:12.329,4,0,0,0,67301,0,0,0,N,0,0,0,2,67301,1,,1,9,,N,N,,0,,0,0,1,3.0,3,,750,1,2,0,0,0,0,0,3,4,0,2,7,,N,,,,,,,,,,,
2008095847,2123,1,0,0,0,0,0,0,0,0,1,0,,67,8,2008,7,39.9325,-75.2,2115.0,6,0,0,0,0,0,0,0,0,1.0,0,0,0,21,3,0,6,,1,39 56:18.040,4.0,2,75 11:51.580,0,0,0,0,67301,0,0,0,N,0,0,0,5,68K01,0,,1,1,,N,N,,0,,0,0,1,3.0,4,N,2113,0,2,0,0,0,0,0,3,4,0,2,3,,N,,,,,,,,,,,
2008081451,1549,2,0,0,0,0,0,0,0,0,4,0,,67,5,2008,2,39.9909,-75.1551,1545.0,6,0,0,0,0,0,0,0,0,,0,0,0,15,1,1,1,,0,39 59:27.061,,0,75 09:18.508,4,0,0,0,67301,0,0,0,N,0,0,0,3,67301,1,,1,1,,N,N,,0,,0,0,0,3.0,2,,1515,1,2,0,0,1,0,0,3,4,0,2,3,,N,,,,,,,,,,,
2008081480,1242,0,0,0,0,0,0,1,0,0,4,1,,67,6,2008,3,39.9645,-75.2108,1239.0,6,0,0,0,0,0,1,0,0,,0,0,0,12,1,11,1,,0,39 57:52.304,,0,75 12:38.901,4,0,0,0,67301,0,0,0,N,0,0,0,13,67301,11,,1,1,,N,N,,0,,0,0,0,3.0,2,,1232,11,3,0,0,0,0,0,3,4,2,3,3,,N,,,,,,,,,,,
2008078961,1535,0,0,0,0,0,0,0,0,0,4,0,,67,5,2008,1,39.9516,-75.1761,1530.0,6,0,0,0,0,0,0,0,0,,0,0,0,15,1,0,0,,0,39 57:05.757,,0,75 10:33.953,0,0,0,0,67301,0,0,0,,0,0,0,2,67301,0,,1,9,,,,,0,,0,0,2,0.0,0,,1530,0,2,0,0,0,0,0,3,4,0,2,7,,N,,,,,,,,,,,
2008070686,1448,2,0,0,0,0,0,0,0,0,5,0,,67,4,2008,4,39.9197,-75.1706,1439.0,6,0,0,0,0,1,0,0,0,,0,0,0,14,1,0,0,,0,39 55:10.738,,0,75 10:14.322,0,0,0,0,67301,0,0,0,N,0,0,0,2,67301,0,,4,1,,N,N,,0,,0,0,0,0.0,0,,1434,0,2,0,0,0,0,0,3,4,0,2,3,,N,,,,,,,,,,,
2008070791,1230,1,0,0,0,0,0,0,0,0,6,0,,67,4,2008,7,39.9175,-75.2465,1228.0,6,0,0,0,0,1,0,0,0,,0,0,0,12,1,0,0,,0,39 55:02.826,,0,75 14:47.333,0,0,0,0,67301,0,0,0,,0,0,0,2,67301,0,,1,1,,,,,0,,0,0,0,0.0,0,,1216,0,2,0,0,0,0,0,3,4,1,2,3,,N,,,,,,,,,,,
2008104870,1145,1,0,0,0,0,0,0,0,0,5,0,,67,9,2008,7,39.9033,-75.1504,1145.0,6,0,0,0,0,0,0,0,0,2.0,0,0,0,11,1,1,0,,1,39 54:22.861,1.0,0,75 08:58.845,3,0,0,0,67301,0,0,0,Y,0,0,0,2,68K01,0,,1,1,,N,N,,0,,1,0,0,0.0,0,N,1144,1,2,0,0,1,0,1,3,4,0,2,3,,N,,,,,,,,,,,
2008073504,1918,1,0,0,0,0,0,0,0,0,4,0,,67,4,2008,4,40.0203,-75.1628,1915.0,6,0,0,0,0,0,0,1,0,1.0,0,0,0,19,1,0,2,,1,40 01:13.080,1.0,0,75 09:46.080,0,0,0,0,67301,0,0,0,N,0,0,0,2,67301,0,,1,1,,N,N,,0,,0,0,1,0.0,0,N,1915,0,2,0,0,0,0,0,3,4,0,2,3,,N,,,,,,,,,,,
2008116138,1456,2,0,0,0,0,0,0,0,0,1,0,,67,10,2008,7,39.9382,-75.144,1450.0,6,0,0,0,0,0,0,0,0,,0,0,0,14,1,1,0,,0,39 56:18.111,,0,75 08:38.415,4,0,0,0,67301,0,0,0,N,0,0,0,5,68K01,1,,1,9,,N,N,,0,,0,0,0,0.0,0,,1447,1,2,0,0,0,0,0,3,4,0,2,3,,N,,,,,,,,,,,
2008122832,505,1,0,0,0,0,0,0,0,0,0,0,,67,9,2008,2,39.9534,-75.1371,504.0,6,0,0,0,0,0,0,0,0,1.0,0,0,0,5,3,0,0,,2,39 57:12.330,4.0,3,75 08:13.615,0,0,0,0,67301,0,0,0,N,0,0,0,2,67501,0,,1,1,,N,N,,0,,0,0,0,3.0,8,N,504,0,1,0,0,0,0,0,3,4,0,1,3,,N,,,,,,,,,,,
2008132403,750,2,0,0,0,0,0,0,0,0,5,0,,67,11,2008,2,39.902,-75.1513,743.0,6,0,0,0,0,0,1,1,0,1.0,0,0,0,7,1,1,0,,2,39 54:17.690,1.0,0,75 08:59.960,8,0,0,0,67301,0,0,0,N,0,0,0,2,68K01,0,,1,1,,N,N,,0,,0,0,0,0.0,0,N,741,1,2,0,0,0,1,0,3,4,0,2,3,,N,,,,,,,,,,,
2008132428,133,2,0,0,0,0,0,0,0,0,1,0,,67,11,2008,7,39.9796,-75.2045,133.0,6,0,0,0,1,0,0,0,0,2.0,0,0,0,1,3,2,0,,1,39 58:49.240,3.0,0,75 12:20.170,4,0,0,0,67301,0,0,0,N,0,0,0,3,68K01,2,,1,1,,N,N,,0,,0,0,0,0.0,0,N,132,2,2,0,0,1,0,0,3,4,0,2,3,,N,,,,,,,,,,,
2009013669,912,1,0,0,0,0,0,0,0,0,7,0,,67,12,2008,4,39.9186,-75.1646,906.0,6,0,0,0,0,0,0,1,0,,0,0,0,9,1,2,0,,0,39 55:07.082,,0,75 09:52.650,4,0,0,0,67301,0,0,0,N,0,0,0,2,67301,2,,4,1,,N,N,,0,,0,0,0,0.0,0,,900,2,1,0,0,0,0,0,3,4,0,1,3,,N,,,,,,,,,,,
2009013685,2310,1,0,0,0,0,0,0,0,0,7,0,,67,12,2008,4,40.1013,-74.989,2305.0,6,0,0,0,0,0,0,0,0,1.0,0,0,0,23,3,0,7,,1,40 06:04.680,3.0,2,74 59:20.400,0,0,0,0,67301,0,0,0,Y,0,0,0,1,67301,0,,7,1,,N,N,,0,,0,0,0,0.0,0,N,2300,0,1,0,0,0,0,0,3,4,0,1,3,,N,,,,,,,,,,,
2009013717,1230,1,0,0,0,0,0,0,0,0,4,0,,67,12,2008,6,40.0808,-75.0284,1229.0,6,0,0,0,0,0,0,0,1,2.0,0,0,0,12,1,0,1,,1,40 04:50.449,4.0,0,75 01:42.489,0,0,0,0,67301,0,0,0,N,0,0,0,2,67301,0,,1,1,,N,N,,0,,0,0,0,3.0,2,N,1229,0,2,0,0,0,0,0,3,4,1,2,3,,N,,,,,,,,,,,
2009013731,2250,3,0,0,0,0,0,0,0,0,1,0,,67,11,2008,3,40.023,-75.1481,2247.0,6,0,0,0,0,0,2,0,0,,0,0,0,22,3,6,0,,0,40 01:22.737,,0,75 08:53.305,4,0,0,0,67301,0,0,0,N,0,0,0,6,67301,6,,1,1,,N,N,,0,,0,0,0,0.0,0,,2245,6,3,0,0,0,0,0,3,4,0,3,3,,N,,,,,,,,,,,
2009013751,830,2,0,0,0,0,0,0,0,0,4,0,,67,11,2008,7,39.9567,-75.248,826.0,6,0,0,0,0,0,0,0,0,,0,0,0,7,1,0,2,,0,39 57:24.288,,0,75 14:52.762,0,0,0,0,67301,0,0,0,N,0,0,0,1,67301,0,,1,1,,N,N,,1,,0,0,1,0.0,0,,746,0,4,0,0,1,0,0,3,4,0,4,3,,N,,,,,,,,,,,
2009013753,110,0,0,0,0,0,0,0,0,0,8,0,,67,11,2008,3,39.9639,-75.2035,103.0,6,0,0,0,0,0,0,0,0,,0,0,0,1,3,1,1,,0,39 57:50.037,,0,75 12:12.716,4,0,0,0,67301,1,0,0,N,1,0,0,2,67301,1,,9,1,,N,N,,0,,0,0,0,9.0,9,,145,1,2,0,0,0,0,0,3,4,0,1,99,,N,,,,,,,,,,,
2009001021,1013,0,0,0,1,0,0,0,0,0,3,0,,67,11,2008,6,39.9202,-75.1572,1008.0,6,0,0,0,0,0,0,0,0,,0,0,0,10,1,1,2,,0,39 55:12.846,,0,75 09:25.829,4,0,0,0,67301,1,0,0,N,0,0,0,2,67301,1,,1,1,,N,N,,1,,0,0,0,3.0,3,,1008,1,2,0,0,0,0,0,3,4,0,1,3,,N,,,,,,,,,,,
2009001117,1613,3,0,0,0,0,0,0,0,0,4,0,,67,11,2008,7,39.9667,-75.1605,1614.0,6,0,0,0,0,0,0,1,0,,0,0,0,16,4,1,0,,0,39 57:59.608,,0,75 09:38.043,4,0,0,0,67301,0,0,0,N,0,0,0,9,67301,1,,1,1,,N,N,,0,,0,0,0,3.0,2,,1612,1,3,0,0,1,0,0,3,4,0,3,3,,N,,,,,,,,,,,
2009019286,1955,1,0,0,0,0,0,0,0,0,7,0,,67,11,2008,6,39.9967,-75.2008,1952.0,6,0,0,0,0,0,0,0,0,,0,0,0,19,3,3,0,,0,39 59:48.249,,0,75 12:02.952,3,0,0,0,67301,0,0,0,,0,0,0,3,67301,0,,2,1,,N,N,,0,,3,0,0,0.0,0,,1950,3,1,0,0,0,0,0,3,4,0,1,3,,N,,,,,,,,,,,
2009024743,2306,1,0,0,0,0,0,0,0,0,2,0,,67,12,2008,5,40.0394,-75.1889,2252.0,6,0,0,0,0,0,0,0,0,4.0,0,0,0,22,3,4,0,,2,40 02:21.761,7.0,0,75 11:20.036,3,0,0,0,67301,0,0,0,N,0,0,0,10,67301,2,,1,2,,N,N,,0,,2,0,1,0.0,0,Y,2247,4,2,0,0,2,0,0,3,4,0,2,98,,N,,,,,,,,,,,
2009002175,1256,1,0,0,0,0,0,0,0,0,8,0,,67,11,2008,5,39.9929,-75.1102,1221.0,6,0,0,0,0,0,0,0,0,,0,0,0,12,1,1,0,,0,39 59:34.320,,0,75 06:36.838,4,0,0,0,67301,1,0,0,N,1,0,0,2,67301,1,,2,1,,N,N,,0,,0,0,0,3.0,2,,1220,1,2,0,0,0,0,0,3,4,0,1,3,,N,,,,,,,,,,,
2009002190,510,1,0,0,0,0,0,0,0,0,4,0,,67,11,2008,1,40.0015,-75.1194,503.0,6,0,0,0,0,0,0,0,0,,0,0,0,5,3,1,0,,0,40 00:05.284,,0,75 07:09.922,8,0,0,0,67301,0,0,0,N,0,0,0,1,67301,0,,1,1,,N,N,,0,,0,0,1,2.0,8,,503,1,3,0,0,0,1,0,3,4,1,3,3,,N,,,,,,,,,,,
2009012214,833,1,0,0,0,0,0,0,0,0,4,0,,67,12,2008,4,40.0577,-75.0625,830.0,6,0,0,0,0,0,2,0,0,,0,0,0,8,1,1,1,,0,40 03:27.784,,0,75 03:44.866,8,0,0,0,67301,0,0,0,N,0,0,0,2,67301,0,,1,9,,N,N,,0,,0,0,1,3.0,3,,805,1,2,0,0,0,1,0,3,4,0,2,7,,N,,,,,,,,,,,
2008088252,1158,0,0,0,0,0,0,0,0,0,4,0,,67,6,2008,7,39.9181,-75.2098,1158.0,6,0,0,0,0,0,0,0,0,,0,0,0,11,1,1,5,,0,39 55:05.901,,0,75 12:31.948,4,0,0,0,67301,0,0,0,N,0,0,0,4,67301,1,,1,1,,N,N,,1,,0,0,0,3.0,2,,1153,1,2,0,0,0,0,0,3,4,1,2,3,,N,,,,,,,,,,,
2008087990,1916,2,0,0,0,0,0,0,0,0,4,0,,67,6,2008,1,,,1911.0,6,0,0,0,0,0,1,0,0,,0,0,0,18,1,1,1,,0,,,0,,8,0,0,0,67301,0,0,0,N,0,0,0,2,67301,0,,1,1,,N,N,,0,,0,0,0,3.0,2,,1856,1,2,0,0,2,1,0,3,3,0,2,3,,N,,,,,,,,,,,
2008083240,9999,0,0,0,0,0,0,0,0,0,1,0,,67,4,2008,7,39.9585,-75.1675,9999.0,6,0,0,0,0,0,0,0,0,,0,0,0,17,1,1,0,,0,39 57:30.470,,0,75 10:02.964,8,0,0,1,67301,0,0,0,,0,0,0,2,67301,0,,1,1,,,,,0,,0,0,0,0.0,0,,1700,1,2,0,0,1,1,1,3,4,1,2,3,,N,,,,,,,,,,,
2008098005,1044,1,0,0,0,0,0,0,0,0,1,0,,67,8,2008,3,40.0823,-75.0274,1038.0,6,0,0,0,0,1,0,0,0,,0,0,0,10,1,1,0,,0,40 04:56.611,,0,75 01:38.240,8,0,0,0,67301,0,0,0,N,0,0,0,6,67301,0,,1,1,,N,N,,1,,0,0,0,0.0,0,,1038,1,2,0,0,0,1,0,3,4,0,2,3,,N,,,,,,,,,,,
2008098178,2210,1,0,0,1,0,0,0,0,0,4,0,,67,7,2008,5,39.9602,-75.2331,2200.0,6,0,0,0,0,0,0,0,0,,0,0,0,21,3,1,2,,0,39 57:36.781,,0,75 13:59.005,4,0,0,0,67301,1,0,0,N,0,0,0,2,67301,1,,1,1,,N,N,,0,,0,0,0,0.0,0,,2130,1,2,0,0,0,0,0,3,4,0,1,3,,N,,,,,,,,,,,
2008098246,1340,1,0,0,1,0,0,0,0,0,4,0,,67,6,2008,1,40.1065,-75.0336,1335.0,6,0,0,0,0,0,1,0,0,,0,0,0,99,1,1,0,,0,40 06:23.500,,0,75 02:00.927,4,0,0,0,67301,1,0,0,N,0,0,0,2,67301,1,,1,1,,N,N,,0,,0,0,0,0.0,0,,9999,1,2,0,0,0,0,0,3,4,0,1,3,,N,,,,,,,,,,,
2008098302,1736,1,0,0,0,0,0,0,0,0,8,0,,67,7,2008,2,40.0006,-75.1191,1735.0,6,0,0,0,0,0,0,0,0,,0,0,0,17,1,1,0,,0,40 00:02.026,,0,75 07:08.878,4,0,0,0,67301,1,0,0,,1,0,0,2,67301,1,,1,1,,,,,0,,0,0,0,0.0,0,,1735,1,2,0,0,0,0,0,3,4,0,1,3,,N,,,,,,,,,,,
2008098354,14,2,0,0,0,0,0,0,0,0,1,0,,67,6,2008,1,40.0303,-75.1318,13.0,6,0,0,0,0,0,0,0,0,1.0,0,0,0,23,3,1,10,,1,40 01:49.177,2.0,0,75 07:54.609,8,0,0,0,67301,0,0,0,N,0,0,0,4,67301,0,,9,1,,N,N,,1,,0,0,0,0.0,0,N,2359,1,3,0,0,0,1,0,3,4,0,3,3,,N,,,,,,,,,,,
2008081478,1145,1,0,0,0,0,0,0,0,0,4,0,,67,5,2008,2,39.9738,-75.2582,1130.0,6,0,0,0,0,0,1,0,0,,0,0,0,11,1,2,1,,0,39 58:25.604,,0,75 15:29.678,3,0,0,0,67301,0,0,0,N,0,0,0,3,67301,0,,1,9,,N,N,,0,,2,0,0,3.0,2,,1130,2,2,0,0,0,0,1,3,4,0,2,7,,N,,,,,,,,,,,