CRN,ARRIVAL_TM,AUTOMOBILE_COUNT,BELTED_DEATH_COUNT,BELTED_SUSP_SERIOUS_INJ_COUNT,BICYCLE_COUNT,BICYCLE_DEATH_COUNT,BICYCLE_SUSP_SERIOUS_INJ_COUNT,BUS_COUNT,CHLDPAS_DEATH_COUNT,CHLDPAS_SUSP_SERIOUS_INJ_COUNT,COLLISION_TYPE,COMM_VEH_COUNT,CONS_ZONE_SPD_LIM,COUNTY,CRASH_MONTH,CRASH_YEAR,DAY_OF_WEEK,DEC_LAT,DEC_LONG,DISPATCH_TM,DISTRICT,DRIVER_COUNT_16YR,DRIVER_COUNT_17YR,DRIVER_COUNT_18YR,DRIVER_COUNT_19YR,DRIVER_COUNT_20YR,DRIVER_COUNT_50_64YR,DRIVER_COUNT_65_74YR,DRIVER_COUNT_75PLUS,EST_HRS_CLOSED,FATAL_COUNT,HEAVY_TRUCK_COUNT,HORSE_BUGGY_COUNT,HOUR_OF_DAY,ILLUMINATION,INJURY_COUNT,INTERSECT_TYPE,INTERSECTION_RELATED,LANE_CLOSED,LATITUDE,LN_CLOSE_DIR,LOCATION_TYPE,LONGITUDE,MAX_SEVERITY_LEVEL,MCYCLE_DEATH_COUNT,MCYCLE_SUSP_SERIOUS_INJ_COUNT,MOTORCYCLE_COUNT,MUNICIPALITY,NONMOTR_COUNT,NONMOTR_DEATH_COUNT,NONMOTR_SUSP_SERIOUS_INJ_COUNT,NTFY_HIWY_MAINT,PED_COUNT,PED_DEATH_COUNT,PED_SUSP_SERIOUS_INJ_COUNT,PERSON_COUNT,POLICE_AGCY,POSSIBLE_INJ_COUNT,RDWY_SURF_TYPE_CD,RELATION_TO_ROAD,ROAD_CONDITION,ROADWAY_CLEARED,SCH_BUS_IND,SCH_ZONE_IND,SECONDARY_CRASH,SMALL_TRUCK_COUNT,SPEC_JURIS_CD,SUSP_MINOR_INJ_COUNT,SUSP_SERIOUS_INJ_COUNT,SUV_COUNT,TCD_FUNC_CD,TCD_TYPE,TFC_DETOUR_IND,TIME_OF_DAY,TOT_INJ_COUNT,TOTAL_UNITS,UNB_DEATH_COUNT,UNB_SUSP_SERIOUS_INJ_COUNT,UNBELTED_OCC_COUNT,UNK_INJ_DEG_COUNT,UNK_INJ_PER_COUNT,URBAN_AREA,URBAN_RURAL,VAN_COUNT,VEHICLE_COUNT,WEATHER1,WEATHER2,WORK_ZONE_IND,WORK_ZONE_LOC,WORK_ZONE_TYPE,WORKERS_PRES,WZ_CLOSE_DETOUR,WZ_FLAGGER,WZ_LAW_OFFCR_IND,WZ_LN_CLOSURE,WZ_MOVING,WZ_OTHER,WZ_SHLDER_MDN,WZ_WORKERS_INJ_KILLED
2008081484,1340,1,0,0,0,0,0,0,0,0,2,0,,67,5,2008,6,40.0584,-75.1492,1333.0,6,0,0,0,0,0,1,0,0,,0,0,0,13,1,5,1,,0,40 03:30.268,,0,75 08:57.263,8,0,0,0,67301,0,0,0,N,0,0,0,6,67301,0,,1,1,,N,N,,0,,0,0,1,3.0,2,,1331,5,2,0,0,0,5,1,3,4,0,2,3,,N,,,,,,,,,,,
2008120924,1603,2,0,0,0,0,0,0,0,0,4,0,,67,10,2008,6,40.0555,-75.0687,1602.0,6,0,0,0,0,0,1,1,0,1.0,0,0,0,15,1,1,2,,1,40 03:19.965,1.0,0,75 04:07.485,8,0,0,0,67301,0,0,0,,0,0,0,3,67301,0,,1,1,,N,N,,0,,0,0,0,0.0,0,N,1551,1,2,0,0,0,1,0,3,4,0,2,3,,N,,,,,,,,,,,
2008119481,1209,1,0,0,0,0,0,0,0,0,2,0,,67,9,2008,7,40.0729,-75.0759,1208.0,6,0,0,1,0,0,0,0,0,,0,0,0,12,1,0,1,,0,40 04:22.411,,0,75 04:33.193,0,0,0,0,67301,0,0,0,N,0,0,0,2,67301,0,,1,9,,N,N,,1,,0,0,0,3.0,2,,1202,0,2,0,0,0,0,0,3,4,0,2,7,,N,,,,,,,,,,,
2008112914,1105,1,0,0,0,0,0,0,0,0,0,0,,67,10,2008,6,39.9649,-75.1373,1105.0,6,0,0,0,0,0,1,0,0,,0,0,0,11,1,0,0,,0,39 57:52.119,,0,75 08:15.829,0,0,0,0,67301,0,0,0,N,0,0,0,3,68K01,0,,1,1,,N,N,,1,,0,0,0,0.0,0,,1105,0,2,0,0,0,0,0,3,4,0,2,3,,N,,,,,,,,,,,
2009013681,1852,1,0,0,0,0,0,0,0,0,1,0,,67,11,2008,1,40.0211,-75.1399,1848.0,6,0,0,0,0,0,1,0,0,9.0,0,0,0,18,3,1,1,,2,40 01:15.937,5.0,0,75 08:23.758,3,0,0,0,67301,0,0,0,N,0,0,0,2,67301,0,,1,1,,N,N,,0,,1,0,1,3.0,2,Y,1844,1,2,0,0,0,0,0,3,4,0,2,3,,N,,,,,,,,,,,
2009013763,1645,3,0,0,0,0,0,0,0,0,1,0,,67,11,2008,7,39.8999,-75.25,1630.0,6,0,0,0,0,0,0,2,0,,0,0,0,16,1,0,1,,0,39 53:59.665,,0,75 14:59.841,0,0,0,0,67301,0,0,0,N,0,0,0,3,67301,0,,1,1,,N,N,,0,,0,0,0,3.0,2,,1600,0,3,0,0,0,0,0,3,4,0,3,3,,N,,,,,,,,,,,
2009013814,1305,2,0,0,0,0,0,0,0,0,4,0,,67,11,2008,1,39.9996,-75.124,1300.0,6,0,0,0,0,0,1,0,0,,0,0,0,12,1,1,1,,0,39 59:58.409,,0,75 07:26.378,4,0,0,0,67301,0,0,0,N,0,0,0,3,67301,1,,1,9,,N,N,,0,,0,0,0,3.0,3,,1255,1,2,0,0,0,0,0,3,4,0,2,7,,N,,,,,,,,,,,
2009003472,2323,1,0,0,0,0,0,0,0,0,7,0,,67,12,2008,3,39.9826,-75.2078,2302.0,6,0,0,0,0,0,0,0,0,1.0,0,0,0,22,3,0,0,,1,39 59:01.610,4.0,0,75 12:29.291,0,0,0,0,67301,0,0,0,N,0,0,0,2,68K01,0,,3,9,,N,N,,0,,0,0,0,0.0,0,N,2259,0,1,0,0,0,0,0,3,4,0,1,7,,N,,,,,,,,,,,
2009001984,1345,1,0,0,0,0,0,0,0,0,8,0,,67,11,2008,5,39.9878,-75.1677,1335.0,6,0,0,0,0,0,0,0,0,,0,0,0,13,1,1,0,,0,39 59:15.979,,0,75 10:03.828,4,0,0,0,67301,1,0,0,N,1,0,0,2,67301,1,,1,9,,N,N,,0,,0,0,0,0.0,0,,1325,1,2,0,0,0,0,1,3,4,0,1,7,,N,,,,,,,,,,,
2009024717,1125,1,0,0,0,0,0,0,0,0,8,0,,67,12,2008,6,40.0161,-75.078,1121.0,6,0,0,0,0,0,0,0,0,,0,0,0,11,1,1,0,,0,40 00:57.826,,0,75 04:40.735,8,0,0,0,67301,1,0,0,,1,0,0,2,67301,0,,1,1,,,,,0,,0,0,0,0.0,0,,1120,1,2,0,0,0,1,0,3,4,0,1,3,,N,,,,,,,,,,,
2009024774,1218,1,0,0,0,0,0,0,0,0,8,0,,67,12,2008,5,39.9463,-75.1971,1218.0,6,0,0,0,0,0,0,0,1,,0,0,0,12,1,1,0,,0,39 56:51.499,,7,75 11:39.280,4,0,0,0,67301,1,0,0,N,1,0,0,2,67301,1,,1,9,,N,N,,0,,0,0,0,3.0,2,,1218,1,2,0,0,0,0,0,3,4,0,1,7,,N,,,,,,,,,,,
2009002180,4,1,0,0,0,0,0,0,0,0,8,0,,67,11,2008,2,39.9508,-75.1953,2.0,6,0,0,0,0,0,0,0,0,,0,0,0,0,3,2,2,,0,39 57:02.847,,0,75 11:43.137,4,0,0,0,67301,2,0,0,N,2,0,0,3,67301,2,,1,1,,N,N,,0,,0,0,0,3.0,2,,2,2,3,0,0,0,0,0,3,4,0,1,3,,N,,,,,,,,,,,
2009000508,1721,2,0,0,0,0,0,0,0,0,4,0,,67,11,2008,2,39.8836,-75.2515,1721.0,6,0,0,0,0,0,0,0,0,2.0,0,0,0,17,3,0,1,,1,39 53:01.172,1.0,2,75 15:05.813,0,0,0,0,67301,0,0,0,N,0,0,0,2,67301,0,,1,1,,N,N,,0,,0,0,0,3.0,2,N,1720,0,2,0,0,0,0,0,3,4,0,2,3,,N,,,,,,,,,,,
2009003048,1305,1,0,0,0,0,0,0,0,0,8,0,,67,11,2008,1,39.9483,-75.1695,1305.0,6,0,0,0,0,0,0,0,0,,0,0,0,2,6,1,1,,0,39 56:54.031,,0,75 10:10.034,8,0,0,0,67301,1,0,0,N,1,0,0,2,67301,0,,1,1,,N,N,,0,,0,0,0,3.0,3,,200,1,2,0,0,0,1,1,3,4,0,1,99,,N,,,,,,,,,,,
2009006878,756,1,0,0,0,0,0,0,0,0,7,0,,67,12,2008,1,39.9734,-75.194,756.0,6,0,0,0,0,0,0,0,0,,0,0,0,7,1,1,0,,0,39 58:27.979,,0,75 11:39.481,4,0,0,0,67301,0,0,0,N,0,0,0,1,68K01,1,,2,2,,N,N,,0,,0,0,0,0.0,0,,752,1,1,0,0,0,0,0,3,4,0,1,9,,N,,,,,,,,,,,
2009001042,1900,1,0,0,1,0,0,0,0,0,5,0,,67,11,2008,6,39.9526,-75.2184,1900.0,6,0,0,0,0,0,0,0,0,,0,0,0,6,1,1,0,,0,39 57:09.340,,0,75 13:06.135,3,0,0,0,67301,1,0,0,N,0,0,0,2,67301,0,,6,1,,N,N,,0,,1,0,0,0.0,0,,600,1,2,0,0,0,0,1,3,4,0,1,3,,N,,,,,,,,,,,
2009003218,9999,3,0,0,0,0,0,0,0,0,2,0,,67,11,2008,1,39.9578,-75.1472,239.0,6,0,0,0,0,1,0,0,0,,0,0,0,2,3,0,1,,0,39 57:28.162,,4,75 08:50.071,0,0,0,0,67301,0,0,0,N,0,0,0,5,67301,0,,1,1,,N,N,,0,,0,0,0,0.0,0,,238,0,3,0,0,0,0,0,3,4,0,3,3,,N,,,,,,,,,,,
2009003222,1138,1,0,0,0,0,0,1,0,0,1,1,,67,11,2008,2,39.952,-75.1901,1130.0,6,0,0,0,0,0,1,0,0,,0,0,0,11,1,1,0,,0,39 57:07.252,,0,75 11:24.496,4,0,0,0,67301,0,0,0,N,0,0,0,2,67301,1,,1,1,,N,N,,0,,0,0,0,0.0,0,,1128,1,2,0,0,0,0,0,3,4,0,2,3,,N,,,,,,,,,,,
2009012361,800,0,0,0,0,0,0,1,0,0,5,1,,67,12,2008,3,40.073,-75.0366,737.0,6,0,0,0,0,0,1,0,0,,0,0,0,7,1,1,2,,0,40 04:22.889,,0,75 02:11.768,4,0,0,0,67301,0,0,0,N,0,0,0,4,67301,1,,1,1,,N,N,,0,,0,0,1,0.0,0,,737,1,2,0,0,0,0,0,3,4,0,2,3,,N,,,,,,,,,,,
2009015067,1135,2,0,0,0,0,0,0,0,0,4,0,,67,12,2008,5,39.9893,-75.1188,1132.0,6,0,0,0,0,0,1,0,0,1.0,0,0,0,11,1,2,0,,1,39 59:21.604,1.0,0,75 07:07.712,4,0,0,0,67301,0,0,0,,0,0,0,2,67301,2,,1,9,,,,,0,,0,0,0,0.0,0,N,1120,2,2,0,0,0,0,0,3,4,0,2,7,,N,,,,,,,,,,,
2009014195,2110,0,0,0,0,0,0,0,0,0,8,0,,67,12,2008,5,40.0419,-75.075,2105.0,6,0,0,0,0,0,0,0,0,,0,0,0,20,3,1,1,,0,40 02:09.482,,0,75 04:50.550,4,0,0,0,67301,1,0,0,N,1,0,0,2,67301,1,,1,9,,N,N,,0,,0,0,0,3.0,2,,2015,1,2,0,0,0,0,0,3,4,1,1,7,,N,,,,,,,,,,,
2009013316,1848,3,0,0,0,0,0,0,0,0,2,0,,67,12,2008,1,40.1145,-75.015,1844.0,6,0,0,0,0,0,0,0,0,3.0,0,0,0,18,3,1,0,,2,40 06:52.257,1.0,0,75 00:54.093,4,0,0,0,67301,0,0,0,N,0,0,0,1,67301,1,,6,1,,N,N,,0,,0,0,0,0.0,0,N,1840,1,3,0,0,0,0,0,3,4,0,3,3,,N,,,,,,,,,,,
2009013344,915,2,0,0,0,0,0,0,0,0,4,0,,67,12,2008,6,39.9661,-75.2359,910.0,6,0,0,0,0,0,1,0,0,,0,0,0,9,1,1,1,,0,39 57:57.913,,0,75 14:09.124,8,0,0,0,67301,0,0,0,N,0,0,0,2,67301,0,,1,1,,N,N,,0,,0,0,0,3.0,3,,900,1,2,0,0,0,1,1,3,4,0,2,3,,N,,,,,,,,,,,
2009013346,1630,0,0,0,0,0,0,0,0,0,8,0,,67,12,2008,6,40.0687,-75.1568,1625.0,6,0,0,0,0,0,1,0,0,,0,0,0,14,1,1,1,,0,40 04:07.262,,0,75 09:24.365,2,0,0,0,67301,1,0,1,N,1,0,1,2,67301,0,,1,1,,N,N,,0,,0,1,0,2.0,2,,1425,1,2,0,0,0,0,0,3,4,1,1,3,,N,,,,,,,,,,,
2009014226,1910,0,0,0,0,0,0,0,0,0,1,0,,67,11,2008,1,39.9059,-75.1934,1901.0,6,0,0,0,0,0,1,0,0,1.0,0,0,0,18,3,1,0,,2,39 54:21.240,3.0,0,75 11:36.240,4,0,0,0,67301,0,0,0,N,0,0,0,2,67301,1,,1,1,,N,N,,0,,0,0,1,3.0,2,N,1855,1,2,0,0,0,0,0,3,4,1,2,3,,N,,,,,,,,,,,
2009013590,1322,2,0,0,0,0,0,0,0,0,2,0,,67,12,2008,4,40.0808,-75.0284,1321.0,6,0,0,0,0,0,0,0,0,1.0,0,0,0,13,1,1,1,,1,40 04:50.820,1.0,0,75 01:42.117,4,0,0,0,67301,0,0,0,N,0,0,0,2,67301,1,,1,1,,N,N,,0,,0,0,0,3.0,2,N,1319,1,2,0,0,0,0,0,3,4,0,2,3,,N,,,,,,,,,,,
2009029544,0,1,0,0,0,0,0,0,0,0,7,0,,67,10,2008,6,39.9645,-75.2045,0.0,6,0,0,0,0,0,0,0,0,,0,0,0,18,4,0,2,,0,39 57:52.260,,0,75 12:16.304,0,0,0,0,67301,0,0,0,N,0,0,0,1,00000,0,,1,98,,N,Y,,0,,0,0,0,0.0,0,,1800,0,1,0,0,0,0,0,3,4,0,1,99,,N,,,,,,,,,,,
2009029277,9999,0,0,0,1,0,0,0,0,0,4,0,,67,10,2008,6,39.9409,-75.2269,9999.0,6,0,0,0,0,0,0,0,0,,0,0,0,21,6,1,1,,0,39 56:27.254,,0,75 13:36.778,3,0,0,0,67301,1,0,0,N,0,0,0,2,00000,0,,1,1,,N,N,,0,,1,0,1,3.0,3,,2130,1,2,0,0,0,0,1,3,4,0,1,3,,N,,,,,,,,,,,
2009036636,2123,1,0,0,0,0,0,0,0,0,4,0,,67,11,2008,4,39.9536,-75.1563,2123.0,6,0,0,0,0,0,0,0,0,,0,0,0,21,3,1,1,,0,39 57:12.785,,0,75 09:22.669,8,0,0,0,67301,0,0,0,,0,0,0,4,67301,0,,1,1,,,,,0,,0,0,0,3.0,2,,2122,1,2,0,0,0,1,0,3,4,1,2,3,,N,,,,,,,,,,,
2009029756,116,1,0,0,0,0,0,0,0,0,0,0,,67,12,2008,2,39.9805,-75.1978,112.0,6,0,0,0,0,0,0,0,0,4.0,0,0,0,1,3,0,0,,1,39 58:49.727,1.0,0,75 11:51.944,0,0,0,0,67301,0,0,0,Y,0,0,0,1,67301,0,,1,1,,N,N,,0,,0,0,0,0.0,0,N,111,0,1,0,0,1,0,0,3,4,0,1,98,,N,,,,,,,,,,,
2009024637,1518,2,0,0,0,0,0,0,0,0,4,0,,67,12,2008,4,40.0915,-74.9656,1508.0,6,0,0,0,0,1,0,0,0,,0,0,0,15,1,1,1,,0,40 05:29.941,,0,74 57:56.517,8,0,0,0,67301,1,0,0,N,1,0,0,3,67301,0,,1,1,,N,N,,0,,0,0,0,3.0,2,,1503,1,3,0,0,0,1,0,3,4,0,2,3,,N,,,,,,,,,,,
2009024649,730,0,0,0,0,0,0,0,0,0,0,0,,67,12,2008,7,40.0405,-75.0591,720.0,6,0,0,0,0,0,0,0,0,3.0,0,0,0,7,1,1,1,,1,40 02:25.800,2.0,0,75 03:32.760,4,0,0,1,67301,0,0,0,N,0,0,0,1,67301,1,,1,1,,N,N,,0,,0,0,0,3.0,2,Y,720,1,1,0,0,0,0,0,3,4,0,1,3,,N,,,,,,,,,,,
2009024447,1923,0,0,0,0,0,0,0,0,0,8,0,,67,4,2008,6,39.9581,-75.2441,1919.0,6,0,0,0,0,0,0,0,0,,0,0,0,19,1,1,0,,0,39 57:29.083,,0,75 14:38.731,2,0,0,0,67301,1,0,1,N,1,0,1,8,67301,0,,1,1,,N,N,,0,,0,1,0,0.0,0,,1919,1,2,0,0,0,0,0,3,4,1,1,3,,N,,,,,,,,,,,
2009025638,325,1,0,0,0,0,0,0,0,0,7,0,,67,12,2008,4,40.1121,-74.9907,303.0,6,0,0,0,0,0,1,0,0,,0,0,0,2,3,0,0,,0,40 06:43.504,,0,74 59:26.665,0,0,0,0,67301,0,0,0,,0,0,0,1,67301,0,,3,2,,,,,0,,0,0,0,0.0,0,,255,0,1,0,0,0,0,0,3,4,0,1,7,,N,,,,,,,,,,,
2009025107,1126,2,0,0,0,0,0,0,0,0,4,0,,67,12,2008,5,40.0403,-75.0585,1115.0,6,0,0,0,0,0,0,1,0,,0,0,0,11,1,0,1,,0,40 02:25.164,,0,75 03:30.735,0,0,0,0,67301,0,0,0,,0,0,0,3,67301,0,,1,1,,N,N,,0,,0,0,0,3.0,2,,1115,0,2,0,0,0,0,0,3,4,0,2,3,,N,,,,,,,,,,,
2008088072,1900,0,0,0,0,0,0,0,0,0,8,0,,67,6,2008,2,40.0317,-75.1232,1855.0,6,0,0,0,0,0,0,0,0,,0,0,0,18,1,1,0,,0,40 01:54.066,,0,75 07:23.448,4,0,0,0,67301,1,0,0,N,1,0,0,2,67301,1,,1,1,,N,N,,0,,0,0,1,0.0,0,,1820,1,2,0,0,1,0,0,3,4,0,1,3,,N,,,,,,,,,,,
2008090241,1913,1,0,0,0,0,0,0,0,0,4,0,,67,6,2008,1,40.0203,-75.1628,1909.0,6,0,0,0,0,0,1,0,0,2.0,1,0,0,19,1,1,2,,2,40 01:13.040,7.0,0,75 09:46.119,1,1,1,1,67301,0,0,0,,0,0,0,3,67301,0,2.0,1,1,,,,,0,0.0,0,1,0,9.0,9,Y,1908,1,2,0,0,0,0,0,3,4,0,2,3,,N,,,,,,,,,,,
2008097996,1550,1,0,0,0,0,0,0,0,0,8,0,,67,7,2008,6,39.965,-75.194,1540.0,6,0,0,0,0,0,1,0,0,,0,0,0,15,1,1,0,,0,39 57:53.933,,0,75 11:38.468,4,0,0,0,67301,1,0,0,N,1,0,0,2,67301,1,,1,1,,N,N,,0,,0,0,0,0.0,0,,1530,1,2,0,0,0,0,0,3,4,0,1,3,,N,,,,,,,,,,,
2008096078,1648,0,0,0,0,0,0,0,0,0,2,0,,67,6,2008,2,40.0681,-75.0611,1647.0,6,0,0,0,0,0,0,1,0,1.0,0,0,0,16,1,2,1,,1,40 04:05.300,2.0,0,75 03:39.909,8,0,0,0,67301,0,0,0,,0,0,0,3,67301,0,,1,1,,,,,0,,0,0,1,3.0,2,N,1642,2,2,0,0,0,2,0,3,4,1,2,3,,N,,,,,,,,,,,
2008098213,1635,1,0,0,0,0,0,0,0,0,4,0,,67,7,2008,1,39.9289,-75.2355,1629.0,6,0,0,1,0,0,1,0,0,,0,0,0,16,1,1,1,,0,39 55:44.040,,0,75 14:07.800,8,0,0,0,67301,0,0,0,N,0,0,0,2,67301,0,,1,1,,N,N,,1,,0,0,0,3.0,2,,1629,1,2,0,0,0,1,0,3,4,0,2,3,,N,,,,,,,,,,,
2008098239,1308,3,0,0,0,0,0,0,0,0,2,0,,67,7,2008,3,39.9755,-75.1909,1303.0,6,0,0,0,0,0,0,0,0,,0,0,0,13,1,1,3,,0,39 58:31.800,,0,75 11:27.240,3,0,0,0,67301,0,0,0,N,0,0,0,3,67301,0,,1,1,,N,N,,0,,1,0,0,9.0,4,,1300,1,3,0,0,0,0,0,3,4,0,3,3,,N,,,,,,,,,,,
2008098301,1640,0,0,0,0,0,0,0,0,0,1,0,,67,7,2008,2,40.0198,-75.1098,1630.0,6,0,0,0,0,0,0,0,0,,0,0,0,16,1,1,2,,0,40 01:11.121,,0,75 06:35.135,4,0,0,1,67301,0,0,0,,0,0,0,2,67301,1,,1,1,,,,,1,,0,0,0,3.0,3,,1607,1,2,0,0,0,0,0,3,4,0,2,3,,N,,,,,,,,,,,
2008095921,1931,0,0,0,1,0,0,0,0,0,4,0,,67,7,2008,5,40.0455,-75.1649,1930.0,6,0,0,0,0,0,0,1,0,,0,0,0,19,1,1,1,,0,40 02:43.800,,0,75 09:53.515,8,0,0,0,67301,1,0,0,N,0,0,0,2,67301,0,,1,1,,N,N,,1,,0,0,0,3.0,2,,1926,1,2,0,0,0,1,0,3,4,0,1,3,,N,,,,,,,,,,,
2008098369,1826,0,0,0,0,0,0,0,0,0,5,0,,67,7,2008,7,39.9476,-75.2478,1826.0,6,0,0,0,0,0,0,0,0,,0,0,0,18,1,1,1,,0,39 56:51.432,,0,75 14:52.191,3,0,0,0,67301,0,0,0,N,0,0,0,1,67301,0,,1,1,,N,N,,1,,1,0,0,3.0,3,,1826,1,2,0,0,0,0,0,3,4,0,2,3,,N,,,,,,,,,,,
2008089351,2238,0,0,0,0,0,0,0,0,0,2,0,,67,6,2008,3,39.9787,-75.0977,2236.0,6,0,0,0,0,0,0,0,0,,0,0,0,22,3,1,1,,0,39 58:43.343,,0,75 05:51.614,4,0,0,0,67301,0,0,0,N,0,0,0,1,67301,1,,5,1,,N,N,,0,,0,0,1,0.0,0,,2234,1,2,0,0,1,0,0,3,4,1,2,3,,N,,,,,,,,,,,
2008081503,541,0,0,0,0,0,0,0,0,0,7,0,,67,5,2008,5,39.973,-75.238,540.0,6,0,0,0,0,0,0,0,0,,0,0,0,5,1,0,1,,0,39 58:22.710,,0,75 14:16.803,9,0,0,0,67301,0,0,0,N,0,0,0,1,67301,0,,5,1,,N,N,,0,,0,0,1,3.0,2,,539,0,1,0,0,0,0,1,3,4,0,1,3,,N,,,,,,,,,,,
2008078962,1200,1,0,0,0,0,0,0,0,0,8,0,,67,5,2008,2,40.0398,-75.1445,1200.0,6,0,0,0,0,0,0,0,0,,0,0,0,11,1,1,1,,0,40 02:23.373,,0,75 08:40.028,8,0,0,0,67301,1,0,0,N,1,0,0,2,67301,0,,1,9,,N,N,,0,,0,0,0,3.0,2,,1158,1,2,0,0,0,1,0,3,4,0,1,7,,N,,,,,,,,,,,
2008070736,1700,2,0,0,0,0,0,0,0,0,4,0,,67,4,2008,6,39.914,-75.2216,1644.0,6,0,0,0,1,0,0,0,0,,0,0,0,15,1,0,0,,0,39 54:51.438,,0,75 13:17.446,0,0,0,0,67301,0,0,0,,0,0,0,1,67301,0,,3,1,,N,N,,0,,0,0,0,0.0,0,,1554,0,2,0,0,0,0,0,3,4,0,2,3,,N,,,,,,,,,,,
2008070801,1823,1,0,0,0,0,0,0,0,0,8,0,,67,4,2008,5,39.9809,-75.2447,1820.0,6,0,0,0,1,0,0,0,0,,0,0,0,18,1,1,0,,0,39 58:51.063,,0,75 14:41.031,4,0,0,0,67301,1,0,0,,1,0,0,2,67301,1,,1,1,,N,N,,0,,0,0,0,0.0,0,,1820,1,2,0,0,0,0,0,3,4,0,1,3,,N,,,,,,,,,,,
2008104878,1636,3,0,0,0,0,0,0,0,0,5,0,,67,9,2008,6,39.9151,-75.148,1615.0,6,0,0,0,0,0,0,1,0,,0,0,0,16,1,0,0,,0,39 54:54.400,,0,75 08:52.730,0,0,0,0,67301,0,0,0,N,0,0,0,3,68K01,0,,1,1,,N,N,,0,,0,0,0,0.0,0,,1610,0,3,0,0,0,0,0,3,4,0,3,3,,N,,,,,,,,,,,
2008071014,9999,1,0,0,0,0,0,0,0,0,7,0,,67,4,2008,4,40.0486,-75.0241,350.0,6,0,0,0,0,0,0,0,0,,0,0,0,3,3,0,0,,0,40 02:54.790,,0,75 01:26.724,0,0,0,0,67301,0,0,0,,0,0,0,1,67301,0,,5,1,,,Y,,0,,0,0,0,0.0,0,,348,0,1,0,0,0,0,0,3,4,0,1,3,,N,,,,,,,,,,,
2008073496,1659,0,0,0,0,0,0,1,0,0,4,1,,67,4,2008,3,40.0486,-75.1449,1649.0,6,0,0,0,0,0,0,0,0,,0,0,0,16,1,2,1,,0,40 02:55.097,,0,75 08:41.622,4,0,0,0,67301,0,0,0,N,0,0,0,3,67301,2,,1,1,,Y,N,,1,,0,0,0,3.0,2,,1630,2,2,0,0,0,0,0,3,4,0,2,3,,N,,,,,,,,,,,
2008120785,720,1,0,0,0,0,0,0,0,0,2,0,,67,9,2008,3,39.9439,-75.2285,712.0,6,0,0,0,0,0,1,0,0,,0,0,0,7,3,1,0,,0,39 56:37.921,,0,75 13:42.664,4,0,0,1,67301,0,0,0,N,0,0,0,2,67301,1,,1,1,,N,N,,0,,0,0,0,0.0,0,,700,1,2,0,0,0,0,1,3,4,0,2,3,,N,,,,,,,,,,,
2008122863,955,0,0,0,0,0,0,1,0,0,5,1,,67,9,2008,2,39.9505,-75.1738,950.0,6,0,0,0,0,0,1,0,0,,0,1,0,9,1,3,2,,0,39 57:01.898,,0,75 10:25.516,4,0,0,0,67301,0,0,0,N,0,0,0,5,67301,3,,1,1,,N,N,,0,,0,0,0,3.0,2,,950,3,2,0,0,1,0,0,3,4,0,2,3,,N,,,,,,,,,,,
2008122865,714,1,0,0,0,0,0,1,0,0,4,1,,67,9,2008,3,40.0609,-75.1641,712.0,6,0,0,0,0,0,2,0,0,2.0,0,0,0,7,5,1,1,,1,40 03:39.281,6.0,0,75 09:50.865,8,0,0,0,67301,0,0,0,N,0,0,0,4,67301,0,,1,1,,Y,N,,1,,0,0,1,2.0,2,Y,700,1,4,0,0,0,1,0,3,4,0,4,3,,N,,,,,,,,,,,
2008132438,1641,3,0,0,0,0,0,0,0,0,7,0,,67,11,2008,2,40.0072,-75.1994,1635.0,6,0,0,0,0,0,0,0,0,1.0,0,0,0,16,3,0,0,,2,40 00:23.690,4.0,0,75 11:52.170,0,0,0,0,67301,0,0,0,N,0,0,0,3,68K01,0,,4,1,,N,N,,0,,0,0,0,0.0,0,N,1632,0,3,0,0,0,0,0,3,4,0,3,3,,N,,,,,,,,,,,
2008123010,1315,1,0,0,0,0,0,0,0,0,8,0,,67,9,2008,4,39.949,-75.1709,1300.0,6,0,0,0,0,0,0,0,0,,0,0,0,99,1,1,2,,0,39 56:56.392,,0,75 10:15.232,3,0,0,0,67301,1,0,0,N,1,0,0,3,67301,0,,1,1,,N,N,,0,,1,0,0,3.0,2,,9999,1,2,0,0,1,0,0,3,4,0,1,3,,N,,,,,,,,,,,
2008119489,1016,1,0,0,0,0,0,0,0,0,1,0,,67,9,2008,5,40.0442,-75.0542,1006.0,6,0,0,0,0,0,1,0,0,1.0,0,0,0,10,1,6,0,,1,40 02:39.324,1.0,0,75 03:14.901,4,0,0,0,67301,0,0,0,N,0,0,0,9,67301,6,,1,1,,N,N,,0,,0,0,0,3.0,2,N,1005,6,2,0,0,0,0,0,3,4,1,2,3,,N,,,,,,,,,,,
2008110562,138,2,0,0,0,0,0,0,0,0,1,0,,67,9,2008,1,39.9815,-75.2069,133.0,6,0,0,1,0,0,0,0,0,2.0,0,0,0,1,3,1,0,,1,39 58:57.170,4.0,0,75 12:27.831,4,0,0,0,67301,0,0,0,N,0,0,0,5,68K01,1,,1,1,,N,N,,0,,0,0,0,0.0,0,N,125,1,2,0,0,3,0,0,3,4,0,2,3,,N,,,,,,,,,,,