CRN,ARRIVAL_TM,AUTOMOBILE_COUNT,BELTED_DEATH_COUNT,BELTED_SUSP_SERIOUS_INJ_COUNT,BICYCLE_COUNT,BICYCLE_DEATH_COUNT,BICYCLE_SUSP_SERIOUS_INJ_COUNT,BUS_COUNT,CHLDPAS_DEATH_COUNT,CHLDPAS_SUSP_SERIOUS_INJ_COUNT,COLLISION_TYPE,COMM_VEH_COUNT,CONS_ZONE_SPD_LIM,COUNTY,CRASH_MONTH,CRASH_YEAR,DAY_OF_WEEK,DEC_LAT,DEC_LONG,DISPATCH_TM,DISTRICT,DRIVER_COUNT_16YR,DRIVER_COUNT_17YR,DRIVER_COUNT_18YR,DRIVER_COUNT_19YR,DRIVER_COUNT_20YR,DRIVER_COUNT_50_64YR,DRIVER_COUNT_65_74YR,DRIVER_COUNT_75PLUS,EST_HRS_CLOSED,FATAL_COUNT,HEAVY_TRUCK_COUNT,HORSE_BUGGY_COUNT,HOUR_OF_DAY,ILLUMINATION,INJURY_COUNT,INTERSECT_TYPE,INTERSECTION_RELATED,LANE_CLOSED,LATITUDE,LN_CLOSE_DIR,LOCATION_TYPE,LONGITUDE,MAX_SEVERITY_LEVEL,MCYCLE_DEATH_COUNT,MCYCLE_SUSP_SERIOUS_INJ_COUNT,MOTORCYCLE_COUNT,MUNICIPALITY,NONMOTR_COUNT,NONMOTR_DEATH_COUNT,NONMOTR_SUSP_SERIOUS_INJ_COUNT,NTFY_HIWY_MAINT,PED_COUNT,PED_DEATH_COUNT,PED_SUSP_SERIOUS_INJ_COUNT,PERSON_COUNT,POLICE_AGCY,POSSIBLE_INJ_COUNT,RDWY_SURF_TYPE_CD,RELATION_TO_ROAD,ROAD_CONDITION,ROADWAY_CLEARED,SCH_BUS_IND,SCH_ZONE_IND,SECONDARY_CRASH,SMALL_TRUCK_COUNT,SPEC_JURIS_CD,SUSP_MINOR_INJ_COUNT,SUSP_SERIOUS_INJ_COUNT,SUV_COUNT,TCD_FUNC_CD,TCD_TYPE,TFC_DETOUR_IND,TIME_OF_DAY,TOT_INJ_COUNT,TOTAL_UNITS,UNB_DEATH_COUNT,UNB_SUSP_SERIOUS_INJ_COUNT,UNBELTED_OCC_COUNT,UNK_INJ_DEG_COUNT,UNK_INJ_PER_COUNT,URBAN_AREA,URBAN_RURAL,VAN_COUNT,VEHICLE_COUNT,WEATHER1,WEATHER2,WORK_ZONE_IND,WORK_ZONE_LOC,WORK_ZONE_TYPE,WORKERS_PRES,WZ_CLOSE_DETOUR,WZ_FLAGGER,WZ_LAW_OFFCR_IND,WZ_LN_CLOSURE,WZ_MOVING,WZ_OTHER,WZ_SHLDER_MDN,WZ_WORKERS_INJ_KILLED
2008110565,652,1,0,0,0,0,0,0,0,0,1,0,,67,10,2008,4,39.9753,-75.1947,650.0,6,0,0,0,0,0,2,0,0,,0,0,0,6,1,0,6,,0,39 58:33.350,,2,75 11:42.960,0,0,0,0,67301,0,0,0,N,0,0,0,2,68K01,0,,1,1,,N,N,,0,,0,0,0,0.0,0,,645,0,2,0,0,0,0,0,3,4,1,2,3,,N,,,,,,,,,,,
2009042628,2115,2,0,0,0,0,0,0,0,0,2,0,,67,12,2008,3,40.0512,-75.1187,2112.0,6,0,0,1,0,0,0,0,0,,0,0,0,21,3,2,1,,0,40 03:04.264,,0,75 07:06.963,4,0,0,0,67301,0,0,0,N,0,0,0,2,46102,2,,1,1,,N,N,,0,,0,0,0,3.0,2,,2110,2,2,0,0,0,0,0,3,4,0,2,3,,N,,,,,,,,,,,
2009013736,1750,1,0,0,0,0,0,0,0,0,4,0,,67,12,2008,5,40.0201,-75.1488,1746.0,6,0,0,0,0,0,0,0,0,,0,0,0,17,3,0,1,,0,40 01:12.184,,0,75 08:55.616,0,0,0,0,67301,0,0,0,,0,0,0,2,67301,0,,1,9,,,,,0,,0,0,1,9.0,2,,1737,0,2,0,0,0,0,0,3,4,0,2,7,,N,,,,,,,,,,,
2009001022,1420,1,0,0,0,0,0,0,0,0,4,0,,67,11,2008,7,39.9706,-75.1525,1416.0,6,0,0,0,0,0,0,0,0,3.0,0,0,0,14,1,5,1,,2,39 58:14.283,7.0,0,75 09:09.061,4,0,0,0,67301,0,0,0,N,0,0,0,5,67301,2,,1,1,,N,N,,0,,0,0,1,3.0,2,Y,1415,5,2,0,0,0,3,0,3,4,0,2,3,,N,,,,,,,,,,,
2009024786,1345,1,0,0,0,0,0,0,0,0,8,0,,67,12,2008,5,39.9985,-75.1287,1340.0,6,0,0,0,0,0,0,0,0,,0,0,0,13,1,1,0,,0,39 59:54.624,,0,75 07:43.496,8,0,0,0,67301,1,0,0,N,1,0,0,2,67301,0,,1,1,,N,N,,0,,0,0,0,0.0,0,,1337,1,2,0,0,0,1,0,3,4,0,1,3,,N,,,,,,,,,,,
2009024800,1625,1,0,0,0,0,0,0,0,0,7,0,,67,12,2008,2,39.9448,-75.167,1617.0,6,0,0,0,0,0,1,0,0,,0,0,0,99,1,2,0,,0,39 56:41.316,,0,75 10:01.236,3,0,0,0,67301,0,0,0,,0,0,0,2,67301,0,,2,1,,N,N,,0,,2,0,0,0.0,0,,9999,2,1,0,0,0,0,0,3,4,0,1,3,,N,,,,,,,,,,,
2009012393,535,0,0,0,0,0,0,0,0,0,8,0,,67,10,2008,6,39.9231,-75.1596,532.0,6,0,0,0,0,0,0,0,0,,0,0,0,5,3,1,1,,0,39 55:23.103,,0,75 09:34.741,4,0,0,0,67301,1,0,0,N,1,0,0,2,67301,1,,1,1,,N,,,0,,0,0,0,3.0,2,,530,1,2,0,0,0,0,0,3,4,1,1,3,,N,,,,,,,,,,,
2009002107,1010,1,0,0,0,0,0,0,0,0,8,0,,67,11,2008,3,39.9378,-75.1533,1003.0,6,0,0,0,0,0,0,0,0,,0,0,0,10,1,1,1,,0,39 56:15.936,,0,75 09:11.872,4,0,0,0,67301,1,0,0,N,1,0,0,2,67301,1,,1,1,,N,N,,0,,0,0,0,3.0,3,,1003,1,2,0,0,0,0,0,3,4,0,1,3,,N,,,,,,,,,,,
2009002167,330,2,0,0,0,0,0,0,0,0,4,0,,67,11,2008,5,40.1111,-75.0243,322.0,6,0,0,0,0,0,0,0,0,,0,0,0,3,3,2,1,,0,40 06:40.143,,0,75 01:27.354,4,0,0,0,67301,0,0,0,,0,0,0,2,67301,2,,1,1,,,,,0,,0,0,0,3.0,2,,310,2,2,0,0,0,0,0,3,4,0,2,3,,N,,,,,,,,,,,
2009002206,2100,2,0,0,0,0,0,0,0,0,2,0,,67,11,2008,3,40.0369,-75.1451,2100.0,6,0,0,0,0,0,1,0,0,,0,0,0,20,3,2,2,,0,40 02:12.840,,0,75 08:42.360,8,0,0,0,67301,0,0,0,N,0,0,0,2,67301,0,,1,1,,N,N,,0,,0,0,0,3.0,2,,2050,2,2,0,0,0,2,0,3,4,0,2,3,,N,,,,,,,,,,,
2009002217,1600,3,0,0,0,0,0,0,0,0,1,0,,67,11,2008,3,40.0028,-75.1378,1600.0,6,0,0,0,0,0,0,0,0,,0,0,0,15,1,4,1,,0,40 00:09.954,,0,75 08:16.245,8,0,0,0,67301,0,0,0,,0,0,0,4,67301,0,,1,1,,N,,,0,,0,0,0,3.0,2,,1545,4,3,0,0,0,4,0,3,4,0,3,3,,N,,,,,,,,,,,
2009002288,1110,1,0,0,0,0,0,0,0,0,8,0,,67,11,2008,4,39.9726,-75.1593,1100.0,6,0,0,0,0,0,0,0,0,1.0,0,0,0,11,1,1,0,,1,39 58:21.353,5.0,0,75 09:33.341,4,0,0,0,67301,1,0,0,N,1,0,0,2,67301,1,,1,1,,N,N,,0,,0,0,0,0.0,0,N,1108,1,2,0,0,0,0,0,3,4,0,1,3,,N,,,,,,,,,,,
2009036397,106,1,0,0,0,0,0,0,0,0,7,0,,67,12,2008,5,40.0203,-75.1628,102.0,6,0,0,0,0,0,0,0,0,,0,0,0,1,3,1,0,,0,40 01:13.994,,0,75 09:45.821,2,0,0,0,67301,0,0,0,N,0,0,0,1,67301,0,,4,1,,N,N,,0,,0,1,0,0.0,0,,102,1,1,0,1,1,0,0,3,4,0,1,3,,N,,,,,,,,,,,
2009005655,910,1,0,0,0,0,0,0,0,0,7,0,,67,12,2008,2,40.0004,-75.0856,902.0,6,0,0,0,0,0,0,0,0,,0,0,0,9,1,1,0,,0,39 59:56.361,,2,75 05:02.619,4,0,0,0,67301,0,0,0,N,0,0,0,1,68K01,1,,3,2,,N,N,,0,,0,0,0,0.0,0,,901,1,1,0,0,0,0,0,3,4,0,1,3,,N,,,,,,,,,,,
2009000775,9999,0,0,0,0,0,0,0,0,0,6,0,,67,11,2008,6,39.9878,-75.092,9999.0,6,0,0,0,0,0,0,0,0,,0,0,0,9,1,2,1,,0,39 59:16.110,,0,75 05:31.480,4,0,0,0,67301,0,0,0,,0,0,0,4,67301,2,,1,9,,,,,1,,0,0,1,3.0,2,,940,2,4,0,0,2,0,0,3,4,2,4,7,5.0,N,,,,,,,,,,,
2009000784,359,3,0,0,0,0,0,0,0,0,4,0,,67,11,2008,7,39.9787,-75.1578,355.0,6,0,0,0,0,2,0,0,0,,0,0,0,3,3,1,1,,0,39 58:43.231,,0,75 09:28.092,4,0,0,0,67301,0,0,0,N,0,0,0,3,67301,1,,1,1,,N,N,,0,,0,0,0,3.0,2,,352,1,3,0,0,0,0,1,3,4,0,3,3,,N,,,,,,,,,,,
2009000791,840,1,0,0,0,0,0,0,0,0,4,1,,67,11,2008,6,40.0087,-75.0689,838.0,6,0,0,0,0,0,2,0,0,1.0,0,1,0,99,1,2,1,,2,40 00:31.250,1.0,0,75 04:07.880,8,0,0,0,67301,0,0,0,N,0,0,0,3,67301,0,,1,1,,N,N,,0,,0,0,0,3.0,2,Y,9999,2,2,0,0,0,2,0,3,4,0,2,3,,N,,,,,,,,,,,
2009000870,1010,1,0,0,0,0,0,0,0,0,8,0,,67,10,2008,2,39.9872,-75.1088,1004.0,6,0,0,0,0,0,0,0,0,,0,0,0,10,1,1,1,,0,39 59:13.933,,0,75 06:31.626,3,0,0,0,67301,1,0,0,,1,0,0,2,67301,0,,1,1,,N,N,,0,,1,0,0,3.0,2,,1004,1,2,0,0,1,0,0,3,4,0,1,3,,N,,,,,,,,,,,
2009000183,717,1,0,0,0,0,0,0,0,0,1,1,,67,10,2008,3,40.0057,-75.1118,717.0,6,0,0,0,0,0,0,0,0,,1,1,0,7,1,0,0,,0,40 00:20.535,,0,75 06:42.631,1,0,0,0,67301,0,0,0,,0,0,0,1,67301,0,2.0,2,9,,,,,0,0.0,0,0,0,0.0,0,,715,0,2,0,0,0,0,0,3,4,0,2,7,,N,,,,,,,,,,,
2009015092,1447,2,0,0,0,0,0,0,0,0,2,0,,67,11,2008,4,39.9526,-75.1654,1445.0,6,0,0,0,1,0,0,1,0,,0,0,0,14,1,1,2,,0,39 57:09.366,,0,75 09:55.351,4,0,0,0,67301,0,0,0,N,0,0,0,2,67301,1,,1,9,,N,N,,0,,0,0,0,3.0,2,,1445,1,2,0,0,2,0,0,3,4,0,2,7,,N,,,,,,,,,,,
2008087845,1321,0,0,0,0,0,0,0,0,0,8,0,,67,2,2008,4,39.9714,-75.1594,1319.0,6,0,0,0,0,0,0,0,0,,0,0,0,15,1,1,1,,0,39 58:17.206,,0,75 09:33.737,4,0,0,0,67301,1,0,0,,1,0,0,2,67301,1,,1,9,,,,,0,,0,0,0,3.0,2,,1530,1,2,0,0,0,0,0,3,4,0,1,7,,N,,,,,,,,,,,
2008087847,1936,1,0,0,1,0,0,0,0,0,8,0,,67,6,2008,1,39.9567,-75.2235,1929.0,6,0,0,0,0,0,1,0,0,,0,0,0,19,1,1,2,,0,39 57:24.185,,0,75 13:24.666,4,0,0,0,67301,1,0,0,N,0,0,0,4,67301,1,,1,1,,N,N,,0,,0,0,0,3.0,2,,1927,1,2,0,0,0,0,0,3,4,0,1,3,,N,,,,,,,,,,,
2008083264,1748,2,0,0,0,0,0,0,0,0,4,0,,67,5,2008,6,39.986,-75.2142,1747.0,6,0,0,0,0,0,1,0,0,,0,0,0,17,1,1,3,,0,39 59:09.693,,0,75 12:51.191,4,0,0,0,67301,0,0,0,N,0,0,0,2,67301,1,,1,1,,N,N,,0,,0,0,0,3.0,3,,1745,1,2,0,0,0,0,0,3,4,0,2,3,,N,,,,,,,,,,,
2008098341,1304,0,0,0,1,0,0,0,0,0,4,0,,67,7,2008,6,39.9844,-75.113,1259.0,6,0,0,0,0,0,0,0,0,,0,0,0,12,1,1,2,,0,39 59:03.710,,0,75 06:46.713,3,0,0,0,67301,1,0,0,,0,0,0,2,67301,0,,1,1,,,,,0,,1,0,1,2.0,3,,1258,1,2,0,0,0,0,0,3,4,0,1,3,,N,,,,,,,,,,,
2008095917,1022,1,0,0,0,0,0,0,0,0,8,0,,67,6,2008,2,39.9457,-75.1733,1020.0,6,0,0,0,0,0,0,0,0,,0,0,0,99,1,1,0,,0,39 56:44.433,,0,75 10:24.002,3,0,0,0,67301,1,0,0,,1,0,0,2,67301,0,,1,1,,N,N,,0,,1,0,0,0.0,0,,9999,1,2,0,0,0,0,0,3,4,0,1,3,,N,,,,,,,,,,,
2008078964,2128,2,0,0,0,0,0,0,0,0,2,0,,67,5,2008,7,39.987,-75.1744,2123.0,6,0,0,0,0,0,1,0,0,,0,0,0,21,3,2,1,,0,39 59:13.322,,0,75 10:27.753,8,0,0,0,67301,0,0,0,N,0,0,0,2,67301,0,,1,1,,N,N,,0,,0,0,0,3.0,2,,2120,2,2,0,0,2,2,0,3,4,0,2,3,,N,,,,,,,,,,,
2008070685,1844,2,0,0,0,0,0,1,0,0,4,1,,67,4,2008,3,39.9159,-75.2453,1840.0,6,0,0,0,0,0,0,0,0,,0,0,0,18,1,0,2,,0,39 54:57.347,,0,75 14:42.963,0,0,0,0,67301,0,0,0,N,0,0,0,4,67301,0,,1,1,,Y,Y,,0,,0,0,0,3.0,2,,1815,0,3,0,0,0,0,0,3,4,0,3,3,,N,,,,,,,,,,,
2008070696,1050,2,0,0,0,0,0,0,0,0,4,0,,67,4,2008,2,40.0853,-75.2104,1038.0,6,0,0,0,0,1,0,0,0,,0,0,0,10,1,2,1,,0,40 05:07.208,,0,75 12:37.474,3,0,0,0,67301,0,0,0,N,0,0,0,2,67301,1,,1,1,,N,N,,0,,1,0,0,1.0,2,,1030,2,2,0,0,0,0,0,3,4,0,2,3,,N,,,,,,,,,,,
2008099903,759,1,0,0,0,0,0,0,0,0,7,0,,67,9,2008,4,40.0252,-75.0288,751.0,6,0,0,0,0,0,1,0,0,2.0,0,0,0,7,1,0,0,,2,40 01:29.151,1.0,0,75 01:46.751,0,0,0,0,67301,0,0,0,N,0,0,0,1,68K01,0,,2,1,,N,N,,0,,0,0,0,0.0,0,N,747,0,1,0,0,0,0,0,3,4,0,1,3,,N,,,,,,,,,,,
2008073516,1317,1,0,0,0,0,0,0,0,0,5,0,,67,4,2008,3,40.0455,-75.083,1314.0,6,0,0,0,0,0,0,0,0,,0,0,0,13,1,1,0,,0,40 02:43.850,,0,75 04:58.627,8,0,0,0,67301,0,0,0,N,0,0,0,6,67301,0,,1,1,,N,N,,0,,0,0,1,0.0,0,,1311,1,2,0,0,0,1,0,3,4,0,2,3,,N,,,,,,,,,,,
2008120546,847,1,0,0,1,0,0,0,0,0,4,0,,67,9,2008,7,39.9971,-75.2047,847.0,6,0,0,0,0,0,0,1,0,,0,0,0,8,1,1,1,,0,39 59:49.588,,0,75 12:17.053,8,0,0,0,67301,1,0,0,,0,0,0,2,67301,0,,1,1,,N,N,,0,,0,0,0,0.0,0,,840,1,2,0,0,0,1,0,3,4,0,1,3,,N,,,,,,,,,,,
2009042627,2342,1,0,0,0,0,0,0,0,0,4,0,,67,11,2008,3,40.0546,-75.125,2340.0,6,0,0,0,0,0,0,0,0,2.0,0,0,0,23,3,1,1,,2,40 03:16.560,1.0,0,75 07:30.000,4,0,0,0,67301,0,0,0,N,0,0,0,3,46102,1,,1,1,,N,N,,0,,0,0,1,3.0,2,Y,2340,1,2,0,0,1,0,0,3,4,0,2,3,,N,,,,,,,,,,,
2009029878,1856,0,0,0,0,0,0,1,0,0,8,1,,67,12,2008,7,39.9609,-75.1954,1856.0,6,0,0,0,0,0,1,0,0,,0,0,0,18,3,1,1,,0,39 57:39.358,,0,75 11:43.612,8,0,0,0,67301,1,0,0,N,1,0,0,2,67301,0,,1,1,,N,N,,0,,0,0,0,3.0,3,,1856,1,2,0,0,0,1,1,3,4,0,1,3,,N,,,,,,,,,,,
2009001939,1958,1,0,0,0,0,0,0,0,0,1,0,,67,12,2008,3,39.9632,-75.1836,1946.0,6,0,0,0,0,0,2,0,0,,0,0,0,19,3,0,0,,0,39 57:50.760,,0,75 11:03.840,0,0,0,0,67301,0,0,0,N,0,0,0,3,68K01,0,,1,1,,N,N,,1,,0,0,1,0.0,0,,1945,0,3,0,0,0,0,0,3,4,0,3,3,,N,,,,,,,,,,,
2009001114,1550,1,0,0,0,0,0,0,0,0,8,0,,67,11,2008,4,39.9502,-75.1586,1545.0,6,0,0,1,0,0,0,0,0,,0,0,0,15,1,1,1,,0,39 57:00.682,,0,75 09:30.818,3,0,0,0,67301,1,0,0,N,1,0,0,2,67301,0,,1,1,,N,N,,0,,1,0,0,3.0,2,,1530,1,2,0,0,0,0,0,3,4,0,1,3,,N,,,,,,,,,,,
2009024714,1719,1,0,0,0,0,0,0,0,0,0,0,,67,12,2008,4,40.0118,-75.1343,1705.0,6,0,0,0,0,0,0,0,0,9.0,0,0,0,17,3,0,2,,1,40 00:42.487,6.0,1,75 08:03.551,0,0,0,0,67301,0,0,0,N,0,0,0,1,67301,0,,1,1,,N,N,,0,,0,0,0,3.0,3,Y,1705,0,1,0,0,0,0,0,3,4,0,1,3,,N,,,,,,,,,,,
2009024779,2146,2,0,0,0,0,0,0,0,0,4,0,,67,12,2008,2,40.0,-75.1283,2143.0,6,0,0,0,0,0,0,0,0,,0,0,0,21,3,1,2,,0,40 00:00.111,,0,75 07:41.714,4,0,0,0,67301,0,0,0,N,0,0,0,2,67301,1,,1,9,,N,N,,0,,0,0,0,3.0,3,,2143,1,2,0,0,1,0,0,3,4,0,2,7,,N,,,,,,,,,,,
2009002640,1735,1,0,0,0,0,0,0,0,0,8,0,,67,11,2008,4,39.9344,-75.1796,1729.0,6,0,0,0,0,0,0,0,0,,0,0,0,17,3,1,1,,0,39 56:03.994,,0,75 10:46.520,8,0,0,0,67301,1,0,0,,1,0,0,2,67301,0,,1,9,,,N,,0,,0,0,0,0.0,0,,1725,1,2,0,0,0,1,0,3,4,0,1,7,,N,,,,,,,,,,,
2009000498,1153,2,0,0,0,0,0,0,0,0,4,0,,67,11,2008,1,39.9393,-75.1782,1153.0,6,0,0,0,0,0,0,0,0,,0,0,0,11,1,3,1,,0,39 56:21.404,,0,75 10:41.645,4,0,0,0,67301,0,0,0,N,0,0,0,3,67301,3,,1,1,,N,N,,0,,0,0,0,3.0,2,,1153,3,2,0,0,0,0,0,3,4,0,2,3,,N,,,,,,,,,,,
2009000535,933,1,0,0,0,0,0,0,0,0,1,0,,67,10,2008,4,39.9764,-75.2641,933.0,6,0,0,0,0,0,0,0,0,,0,0,0,9,1,2,2,,0,39 58:34.963,,0,75 15:50.756,4,0,0,0,67301,0,0,0,N,0,0,0,3,67301,2,,1,1,,N,Y,,1,,0,0,0,3.0,2,,933,2,2,0,0,0,0,0,3,4,0,2,3,,N,,,,,,,,,,,
2009000605,1453,1,0,0,0,0,0,0,0,0,1,0,,67,10,2008,1,40.1025,-75.0287,1453.0,6,0,0,0,0,0,1,0,1,,0,0,0,14,1,2,1,,0,40 06:08.954,,0,75 01:43.448,3,0,0,0,67301,0,0,0,,0,0,0,5,67301,1,,1,1,,N,N,,0,,1,0,1,3.0,2,,1452,2,2,0,0,0,0,0,3,4,0,2,3,,N,,,,,,,,,,,
2009000871,2142,1,0,0,0,0,0,0,0,0,8,0,,67,11,2008,6,40.0412,-75.0468,2140.0,6,0,0,0,0,0,1,0,0,,0,0,0,21,2,1,1,,0,40 02:28.356,,0,75 02:48.328,4,0,0,0,67301,1,0,0,N,1,0,0,3,67301,1,,1,9,,N,N,,0,,0,0,0,0.0,0,,2130,1,2,0,0,0,0,0,3,4,0,1,7,,N,,,,,,,,,,,
2009000877,135,2,0,0,0,0,0,0,0,0,1,0,,67,11,2008,1,40.0189,-75.2141,135.0,6,0,0,0,0,0,0,0,0,,0,0,0,1,3,3,0,,0,40 01:07.896,,7,75 12:50.875,8,0,0,0,67301,0,0,0,N,0,0,0,5,67301,0,,1,9,,N,N,,0,,0,0,0,3.0,2,,130,3,2,0,0,0,3,0,3,4,0,2,3,,N,,,,,,,,,,,
2009015028,1520,1,0,0,0,0,0,0,0,0,4,0,,67,11,2008,5,39.9789,-75.2322,1511.0,6,0,0,0,0,0,1,0,0,,0,0,0,15,1,1,1,,0,39 58:44.180,,0,75 13:56.038,3,0,0,0,67301,0,0,0,N,0,0,0,5,67301,0,,1,1,,N,N,,0,,1,0,1,9.0,3,,1520,1,2,0,0,0,0,0,3,4,0,2,3,,N,,,,,,,,,,,
2009015060,2036,1,0,0,0,0,0,0,0,0,8,0,,67,11,2008,1,39.9775,-75.1484,2030.0,6,0,0,0,0,0,0,0,0,,0,0,0,20,3,1,1,,0,39 58:38.895,,0,75 08:54.409,4,0,0,0,67301,1,0,0,,1,0,0,2,67301,1,,1,9,,,,,0,,0,0,0,0.0,0,,2000,1,2,0,0,0,0,0,3,4,0,1,7,,N,,,,,,,,,,,
2009013318,1915,1,0,0,0,0,0,0,0,0,5,0,,67,11,2008,7,39.9117,-75.1724,1913.0,6,0,0,0,0,0,0,0,0,,0,0,0,17,3,1,3,,0,39 54:42.148,,2,75 10:20.534,4,0,0,0,67301,0,0,0,,0,0,0,5,67301,1,,1,9,,,,,0,,0,0,1,0.0,0,,1705,1,2,0,0,0,0,0,3,4,0,2,7,,N,,,,,,,,,,,
2009011728,2233,2,0,0,0,0,0,0,0,0,4,0,,67,11,2008,2,39.9885,-75.1063,2233.0,6,0,0,0,0,0,0,0,0,3.0,1,0,0,22,3,2,1,,2,39 59:18.670,7.0,0,75 06:23.030,1,0,0,0,67301,0,0,0,,0,0,0,3,67301,1,2.0,1,1,,N,N,,0,0.0,0,0,0,3.0,2,Y,2233,2,2,1,0,1,1,0,3,4,0,2,3,,N,,,,,,,,,,,
2009013498,345,1,0,0,0,0,0,0,0,0,7,0,,67,12,2008,2,39.9889,-75.1273,345.0,6,0,0,0,0,0,0,0,0,,0,0,0,3,3,0,0,,0,39 59:19.885,,0,75 07:38.132,0,0,0,0,67301,0,0,0,,0,0,0,1,67301,0,,2,9,,,,,0,,0,0,0,0.0,0,,345,0,1,0,0,1,0,0,3,4,0,1,7,,N,,,,,,,,,,,
2009013536,1428,1,0,0,0,0,0,0,0,0,8,0,,67,11,2008,2,40.0359,-75.0424,1422.0,6,0,0,0,1,0,0,0,0,,0,0,0,14,1,1,1,,0,40 02:09.478,,0,75 02:33.015,4,0,0,0,67301,1,0,0,N,1,0,0,2,67301,1,,1,1,,N,N,,0,,0,0,0,3.0,2,,1419,1,2,0,0,0,0,0,3,4,0,1,3,,N,,,,,,,,,,,
2009026044,1930,1,0,0,0,0,0,0,0,0,8,0,,67,12,2008,4,40.0213,-75.1486,1925.0,6,0,0,0,0,0,1,0,0,1.0,0,0,0,19,3,1,0,,1,40 01:16.709,2.0,0,75 08:55.012,4,0,0,0,67301,1,0,0,N,1,0,0,2,67301,1,,1,1,,N,,,0,,0,0,0,0.0,0,N,1924,1,2,0,0,0,0,0,3,4,0,1,3,,N,,,,,,,,,,,
2009013412,2040,1,0,0,0,0,0,0,0,0,5,1,,67,11,2008,7,39.8913,-75.2287,2030.0,6,0,0,0,0,0,2,0,0,3.0,0,1,0,20,3,1,0,,2,39 53:28.651,6.0,3,75 13:43.083,8,0,0,0,67301,0,0,0,N,0,0,0,2,67301,0,,1,9,,N,N,,0,,0,0,0,0.0,0,Y,2025,1,2,0,0,0,1,0,3,4,0,2,7,,N,,,,,,,,,,,
2009013418,2304,1,0,0,0,0,0,0,0,0,2,0,,67,12,2008,4,39.9231,-75.2444,2254.0,6,0,0,0,0,0,0,0,0,,0,0,0,22,3,0,0,,0,39 55:23.143,,0,75 14:39.688,0,0,0,0,67301,0,0,0,N,0,0,0,2,67301,0,,1,9,,N,N,,1,,0,0,0,0.0,0,,2200,0,2,0,0,2,0,0,3,4,0,2,7,,N,,,,,,,,,,,
2009029266,0,1,0,0,0,0,0,0,0,0,1,0,,67,11,2008,4,39.9473,-75.1881,0.0,6,0,0,0,0,0,0,0,0,,0,0,0,6,1,2,7,,0,39 56:50.280,,2,75 11:17.160,4,0,0,0,67301,0,0,0,N,0,0,0,2,00000,1,,1,1,,N,N,,0,,0,0,0,0.0,0,,620,2,2,0,0,0,1,0,3,4,0,2,3,,N,,,,,,,,,,,
2009026825,1841,2,0,0,0,0,0,0,0,0,4,0,,67,12,2008,3,40.0309,-75.2123,1840.0,6,0,0,1,0,0,1,0,0,,0,0,0,18,3,1,2,,0,40 01:51.062,,0,75 12:44.095,4,0,0,0,67301,0,0,0,,0,0,0,3,67301,1,,1,1,,,,,0,,0,0,0,3.0,3,,1837,1,2,0,0,0,0,0,3,4,0,2,3,,N,,,,,,,,,,,
2009029730,20,2,0,0,0,0,0,0,0,0,4,0,,67,12,2008,3,39.9695,-75.2254,16.0,6,0,0,1,0,0,0,0,0,,0,0,0,0,3,5,1,,0,39 58:10.252,,0,75 13:31.337,3,0,0,0,67301,0,0,0,Y,0,0,0,5,67301,3,,1,1,,N,N,,0,,1,0,0,1.0,2,,10,5,2,0,0,0,1,0,3,4,0,2,3,,N,,,,,,,,,,,
2009029763,10,2,0,0,0,0,0,0,0,0,4,0,,67,12,2008,6,40.0327,-75.1744,9.0,6,0,0,0,0,0,1,0,0,,0,0,0,0,3,1,1,,0,40 01:57.777,,0,75 10:27.832,4,0,0,0,67301,0,0,0,N,0,0,0,2,67301,1,,1,1,,N,N,,0,,0,0,0,3.0,2,,5,1,2,0,0,0,0,0,3,4,0,2,3,,N,,,,,,,,,,,
2009024683,1443,2,0,0,0,0,0,0,0,0,1,0,,67,12,2008,3,40.0486,-75.1449,1439.0,6,0,0,0,0,0,0,0,0,,0,0,0,14,1,1,1,,0,40 02:55.097,,0,75 08:41.622,8,0,0,0,67301,0,0,0,N,0,0,0,2,67301,0,,1,1,,N,N,,0,,0,0,0,3.0,2,,1414,1,2,0,0,0,1,0,3,4,0,2,3,,N,,,,,,,,,,,
2009025205,2234,2,0,0,0,0,0,0,0,0,1,0,,67,12,2008,3,40.0731,-75.056,2232.0,6,0,0,0,0,1,0,0,0,,0,0,0,22,3,1,3,,0,40 04:23.322,,0,75 03:21.463,4,0,0,0,67301,0,0,0,N,0,0,0,2,67301,1,,1,1,,N,N,,0,,0,0,0,3.0,2,,2232,1,2,0,0,0,0,0,3,4,0,2,3,,N,,,,,,,,,,,
2009025261,1630,1,0,0,0,0,0,0,0,0,4,0,,67,12,2008,4,40.0767,-75.1703,1630.0,6,0,0,0,0,1,0,0,0,,0,0,0,13,1,2,1,,0,40 04:36.267,,0,75 10:13.036,8,0,0,0,67301,0,0,0,N,0,0,0,3,67301,0,,1,1,,N,N,,1,,0,0,0,9.0,3,,1300,2,2,0,0,0,2,0,3,4,0,2,3,,N,,,,,,,,,,,