CRN,ARRIVAL_TM,AUTOMOBILE_COUNT,BELTED_DEATH_COUNT,BELTED_SUSP_SERIOUS_INJ_COUNT,BICYCLE_COUNT,BICYCLE_DEATH_COUNT,BICYCLE_SUSP_SERIOUS_INJ_COUNT,BUS_COUNT,CHLDPAS_DEATH_COUNT,CHLDPAS_SUSP_SERIOUS_INJ_COUNT,COLLISION_TYPE,COMM_VEH_COUNT,CONS_ZONE_SPD_LIM,COUNTY,CRASH_MONTH,CRASH_YEAR,DAY_OF_WEEK,DEC_LAT,DEC_LONG,DISPATCH_TM,DISTRICT,DRIVER_COUNT_16YR,DRIVER_COUNT_17YR,DRIVER_COUNT_18YR,DRIVER_COUNT_19YR,DRIVER_COUNT_20YR,DRIVER_COUNT_50_64YR,DRIVER_COUNT_65_74YR,DRIVER_COUNT_75PLUS,EST_HRS_CLOSED,FATAL_COUNT,HEAVY_TRUCK_COUNT,HORSE_BUGGY_COUNT,HOUR_OF_DAY,ILLUMINATION,INJURY_COUNT,INTERSECT_TYPE,INTERSECTION_RELATED,LANE_CLOSED,LATITUDE,LN_CLOSE_DIR,LOCATION_TYPE,LONGITUDE,MAX_SEVERITY_LEVEL,MCYCLE_DEATH_COUNT,MCYCLE_SUSP_SERIOUS_INJ_COUNT,MOTORCYCLE_COUNT,MUNICIPALITY,NONMOTR_COUNT,NONMOTR_DEATH_COUNT,NONMOTR_SUSP_SERIOUS_INJ_COUNT,NTFY_HIWY_MAINT,PED_COUNT,PED_DEATH_COUNT,PED_SUSP_SERIOUS_INJ_COUNT,PERSON_COUNT,POLICE_AGCY,POSSIBLE_INJ_COUNT,RDWY_SURF_TYPE_CD,RELATION_TO_ROAD,ROAD_CONDITION,ROADWAY_CLEARED,SCH_BUS_IND,SCH_ZONE_IND,SECONDARY_CRASH,SMALL_TRUCK_COUNT,SPEC_JURIS_CD,SUSP_MINOR_INJ_COUNT,SUSP_SERIOUS_INJ_COUNT,SUV_COUNT,TCD_FUNC_CD,TCD_TYPE,TFC_DETOUR_IND,TIME_OF_DAY,TOT_INJ_COUNT,TOTAL_UNITS,UNB_DEATH_COUNT,UNB_SUSP_SERIOUS_INJ_COUNT,UNBELTED_OCC_COUNT,UNK_INJ_DEG_COUNT,UNK_INJ_PER_COUNT,URBAN_AREA,URBAN_RURAL,VAN_COUNT,VEHICLE_COUNT,WEATHER1,WEATHER2,WORK_ZONE_IND,WORK_ZONE_LOC,WORK_ZONE_TYPE,WORKERS_PRES,WZ_CLOSE_DETOUR,WZ_FLAGGER,WZ_LAW_OFFCR_IND,WZ_LN_CLOSURE,WZ_MOVING,WZ_OTHER,WZ_SHLDER_MDN,WZ_WORKERS_INJ_KILLED
2009025373,820,0,0,0,0,0,0,0,0,0,4,1,,67,12,2008,4,40.0985,-75.0027,807.0,6,0,0,0,0,0,0,0,0,,0,1,0,7,1,1,0,,0,40 05:54.596,,0,75 00:09.680,4,0,0,0,67301,1,0,0,N,0,0,0,2,67301,1,,6,2,,N,N,,0,,0,0,1,0.0,0,,750,1,2,0,0,0,0,0,3,4,0,2,7,,N,,,,,,,,,,,
2009054062,1956,2,0,0,0,0,0,0,0,0,4,0,,67,12,2008,4,40.0588,-75.1317,1951.0,6,0,0,0,0,0,0,0,0,2.0,0,0,0,19,3,0,2,,1,40 03:31.772,4.0,0,75 07:53.933,0,0,0,0,67301,0,0,0,N,0,0,0,2,46102,0,,1,9,,N,N,,0,,0,0,0,0.0,0,N,1945,0,2,0,0,0,0,0,3,4,0,2,3,,N,,,,,,,,,,,
2008088395,1845,2,0,0,0,0,0,0,0,0,1,0,,67,6,2008,7,40.0371,-75.1396,1840.0,6,0,0,0,0,0,0,0,0,,0,0,0,18,1,2,1,,0,40 02:13.610,,0,75 08:22.736,8,0,0,0,67301,0,0,0,N,0,0,0,4,67301,0,,1,1,,N,N,,0,,0,0,0,3.0,2,,1838,2,2,0,0,1,2,2,3,4,0,2,3,,N,,,,,,,,,,,
2008051385,1810,1,0,0,0,0,0,0,0,0,8,0,,67,2,2008,2,39.9555,-75.1882,1803.0,6,0,0,0,0,0,0,0,0,,0,0,0,17,3,1,1,,0,39 57:19.788,,0,75 11:17.551,8,0,0,0,67301,1,0,0,N,1,0,0,2,67301,0,,1,9,,N,N,,0,,0,0,0,3.0,2,,1755,1,2,0,0,0,1,0,3,4,0,1,7,,N,,,,,,,,,,,
2008050896,1335,2,0,0,0,0,0,0,0,0,1,0,,67,3,2008,1,39.9631,-75.2242,1332.0,6,0,0,0,0,0,0,0,0,1.0,0,0,0,13,1,1,1,,2,39 57:47.035,2.0,0,75 13:27.223,8,0,0,0,67301,0,0,0,N,0,0,0,5,67301,0,,1,1,,N,N,,0,,0,0,0,3.0,2,Y,1331,1,2,0,0,0,1,0,3,4,0,2,3,,N,,,,,,,,,,,
2008078909,1315,2,0,0,0,0,0,0,0,0,4,0,,67,6,2008,1,40.0495,-75.0116,1310.0,6,0,0,0,0,0,1,1,0,,0,0,0,13,1,1,1,,0,40 02:58.041,,0,75 00:41.547,8,0,0,0,67301,0,0,0,,0,0,0,2,67301,0,,1,1,,,,,0,,0,0,0,3.0,2,,1305,1,2,0,0,0,1,0,3,4,0,2,3,,N,,,,,,,,,,,
2008081472,653,1,0,0,0,0,0,0,0,0,4,0,,67,5,2008,4,39.9819,-75.239,644.0,6,0,0,0,0,0,0,0,0,,0,0,0,6,1,0,1,,0,39 58:54.840,,0,75 14:20.400,0,0,0,0,67301,0,0,0,N,0,0,0,2,67301,0,,1,1,,N,,,0,,0,0,1,3.0,2,,630,0,2,0,0,1,0,0,3,4,0,2,3,,N,,,,,,,,,,,
2008081497,854,1,0,0,0,0,0,1,0,0,1,1,,67,6,2008,3,39.9715,-75.2258,851.0,6,0,0,0,0,0,0,0,0,,0,0,0,8,1,2,1,,0,39 58:17.040,,0,75 13:32.880,4,0,0,0,67301,0,0,0,N,0,0,0,3,67301,2,,1,1,,N,N,,0,,0,0,0,0.0,0,,831,2,2,0,0,0,0,0,3,4,0,2,3,,N,,,,,,,,,,,
2008108008,2120,1,0,0,1,0,0,0,0,0,4,0,,67,8,2008,4,40.0596,-75.0878,2118.0,6,0,0,0,0,1,0,0,0,,0,0,0,21,6,1,1,,0,40 03:34.430,,0,75 05:16.245,8,0,0,0,67301,1,0,0,N,0,0,0,2,67301,0,,1,1,,N,N,,0,,0,0,0,9.0,3,,2118,1,2,0,0,0,1,0,3,4,0,1,3,,N,,,,,,,,,,,
2008102182,1827,1,0,0,0,0,0,0,0,0,5,1,,67,8,2008,5,39.9715,-75.1238,1820.0,6,0,0,0,0,0,1,0,0,1.0,0,1,0,18,1,1,0,,2,39 58:14.219,2.0,0,75 07:30.139,3,0,0,0,67301,0,0,0,N,0,0,0,2,68K01,0,,1,1,,N,N,,0,,1,0,0,0.0,0,N,1812,1,2,0,0,1,0,0,3,4,0,2,3,,N,,,,,,,,,,,
2008070810,30,1,0,0,0,0,0,0,0,0,7,0,,67,4,2008,7,40.0567,-75.0464,30.0,6,0,0,1,0,0,0,0,0,1.0,0,0,0,0,3,0,0,,1,40 03:24.270,1.0,0,75 02:46.960,0,0,0,0,67301,0,0,0,,0,0,0,2,67301,0,,3,9,,N,N,,0,,0,0,0,0.0,0,N,30,0,1,0,0,0,0,0,3,4,0,1,7,,N,,,,,,,,,,,
2008107374,835,0,0,0,0,0,0,0,0,0,0,1,,67,8,2008,7,39.911,-75.1609,834.0,6,0,0,0,0,0,0,0,0,4.0,0,1,0,8,1,1,0,,2,39 54:39.456,3.0,3,75 09:39.399,3,0,0,0,67301,0,0,0,N,0,0,0,1,67501,0,,1,1,,N,N,,0,,1,0,0,3.0,8,Y,833,1,1,0,0,0,0,0,3,4,0,1,3,,N,,,,,,,,,,,
2008070989,2010,1,0,0,0,0,0,0,0,0,4,0,,67,4,2008,7,40.0781,-75.0236,2001.0,6,0,0,0,0,0,2,0,0,2.0,0,0,0,19,3,3,2,,2,40 04:41.205,3.0,0,75 01:25.043,3,0,0,0,67301,0,0,0,N,0,0,0,3,67301,2,,1,1,,N,N,,0,,1,0,1,3.0,2,N,1955,3,2,0,0,0,0,0,3,4,0,2,3,,N,,,,,,,,,,,
2008071115,510,1,0,0,0,0,0,0,0,0,7,0,,67,6,2008,5,39.9814,-75.2068,502.0,6,0,0,0,0,0,0,0,0,,0,0,0,4,3,0,0,,0,39 58:56.696,,0,75 12:27.562,0,0,0,0,67301,0,0,0,Y,0,0,0,2,68K01,0,,3,1,,N,N,,0,,0,0,1,0.0,0,,459,0,2,0,0,0,0,0,3,4,0,2,3,,N,,,,,,,,,,,
2008110433,1142,1,0,0,0,0,0,0,0,0,7,0,55.0,67,9,2008,3,39.9602,-75.1407,1141.0,6,0,0,0,0,0,0,0,0,2.0,0,0,0,11,1,1,0,,1,39 57:28.220,2.0,0,75 08:28.646,4,0,0,0,67301,0,0,0,N,0,0,0,1,68K01,1,,3,1,,N,N,,0,,0,0,0,0.0,0,N,1138,1,1,0,0,1,0,0,3,4,0,1,3,,Y,4.0,8.0,N,N,N,N,N,Y,N,Y,
2008110445,1357,1,0,0,0,0,0,0,0,0,7,0,,67,10,2008,7,39.9958,-75.1972,1356.0,6,0,0,0,0,0,0,0,0,1.0,0,0,0,13,1,1,0,,2,39 59:50.739,4.0,0,75 11:46.117,3,0,0,0,67301,0,0,0,N,0,0,0,1,68K01,0,,4,1,,N,N,,0,,1,0,0,0.0,0,N,1355,1,1,0,0,1,0,0,3,4,0,1,3,,N,,,,,,,,,,,
2008132410,812,0,0,0,0,0,0,0,0,0,4,1,,67,11,2008,4,39.9279,-75.1464,806.0,6,0,0,0,0,0,0,0,0,2.0,0,1,0,8,1,1,0,,1,39 55:45.540,1.0,0,75 08:45.811,4,0,0,0,67301,0,0,0,N,0,0,0,2,68K01,1,,1,1,,N,N,,0,,0,0,1,0.0,0,N,804,1,2,0,0,0,0,0,3,4,0,2,3,,N,,,,,,,,,,,
2008120547,1706,2,0,0,0,0,0,0,0,0,1,0,,67,9,2008,6,40.0348,-75.1175,1656.0,6,0,0,0,0,0,0,0,0,,0,0,0,99,1,6,2,,0,40 02:05.230,,0,75 07:03.180,8,0,0,0,67301,0,0,0,N,0,0,0,6,67301,0,,1,9,,N,N,,1,,0,0,0,0.0,0,,9999,6,3,0,0,0,6,0,3,4,0,3,7,,N,,,,,,,,,,,
2008119503,2205,1,0,0,1,0,0,0,0,0,4,0,,67,9,2008,3,40.0519,-75.153,2200.0,6,0,0,0,0,0,0,0,0,,0,0,0,99,3,1,0,,0,40 03:06.670,,0,75 09:10.807,8,0,0,0,67301,1,0,0,,0,0,0,2,67301,0,,1,1,,N,,,0,,0,0,0,0.0,0,,9999,1,2,0,0,0,1,0,3,4,0,1,3,,N,,,,,,,,,,,
2009013714,1715,2,0,0,0,0,0,0,0,0,1,0,,67,12,2008,6,39.9063,-75.1925,1713.0,6,0,0,1,0,0,0,0,0,1.0,0,0,0,17,3,0,0,,1,39 54:22.782,3.0,0,75 11:32.875,0,0,0,0,67301,0,0,0,,0,0,0,4,67301,0,,1,1,,N,N,,0,,0,0,0,3.0,2,N,1712,0,2,0,0,0,0,0,3,4,0,2,3,,N,,,,,,,,,,,
2009006482,1403,1,0,0,0,0,0,0,0,0,7,0,,67,12,2008,7,39.9977,-75.0815,1359.0,6,0,0,0,0,0,0,0,0,3.0,0,0,0,13,1,1,0,,2,39 59:52.252,1.0,0,75 04:53.132,8,0,0,0,67301,0,0,0,N,0,0,0,3,68K01,0,,2,1,,N,N,,0,,0,0,0,0.0,0,N,1357,1,2,0,0,0,1,0,3,4,1,2,3,,N,,,,,,,,,,,
2009001937,504,1,0,0,0,0,0,0,0,0,7,0,,67,12,2008,2,39.9516,-75.141,457.0,6,0,0,0,0,0,0,0,0,1.0,0,0,0,4,3,1,0,,2,39 57:06.800,1.0,0,75 08:27.600,3,0,0,0,67301,0,0,0,N,0,0,0,2,68K01,0,,2,1,,N,N,,0,,1,0,0,0.0,0,N,446,1,1,0,0,0,0,0,3,4,0,1,3,,N,,,,,,,,,,,
2009024733,1505,0,0,0,0,0,0,0,0,0,8,0,,67,12,2008,2,39.9753,-75.2455,1504.0,6,0,0,0,0,0,0,0,0,,0,0,0,14,1,1,1,,0,39 58:31.258,,0,75 14:43.800,4,0,0,0,67301,1,0,0,N,1,0,0,2,67301,1,,1,1,,N,N,,0,,0,0,0,3.0,2,,1443,1,2,0,0,0,0,0,3,4,1,1,3,,N,,,,,,,,,,,
2009024734,1836,1,0,0,0,0,0,0,0,0,8,0,,67,12,2008,3,39.9644,-75.2443,1833.0,6,0,0,0,0,0,0,0,0,,0,0,0,18,3,1,0,,0,39 57:51.717,,0,75 14:39.598,4,0,0,0,67301,1,0,0,,1,0,0,2,67301,1,,1,1,,N,,,0,,0,0,0,0.0,0,,1830,1,2,0,0,0,0,0,3,4,0,1,3,,N,,,,,,,,,,,
2009024741,1342,0,0,0,0,0,0,0,0,0,8,0,,67,12,2008,4,39.9502,-75.2432,1341.0,6,0,0,0,0,0,0,0,0,,0,0,0,13,1,1,1,,0,39 57:00.633,,0,75 14:35.663,2,0,0,0,67301,1,0,1,N,1,0,1,2,67301,0,,1,1,,N,N,,0,,0,1,1,3.0,3,,1335,1,2,0,0,0,0,0,3,4,0,1,3,,N,,,,,,,,,,,
2009024762,1611,2,0,0,0,0,0,0,0,0,4,0,,67,12,2008,5,40.0366,-75.0645,611.0,6,0,0,0,0,0,0,0,0,1.0,0,0,0,16,1,0,1,,1,40 02:11.790,2.0,0,75 03:52.061,0,0,0,0,67301,0,0,0,N,0,0,0,3,67301,0,,1,1,,N,,,0,,0,0,0,3.0,2,N,1609,0,2,0,0,0,0,0,3,4,0,2,3,,N,,,,,,,,,,,
2009024765,640,1,0,0,0,0,0,0,0,0,2,0,,67,12,2008,2,40.0314,-75.1524,637.0,6,0,0,0,0,0,1,0,0,2.0,0,1,0,6,1,2,1,,1,40 01:52.935,4.0,0,75 09:08.539,3,0,0,0,67301,0,0,0,N,0,0,0,3,67301,1,,1,1,,N,N,,0,,1,0,0,3.0,2,Y,635,2,2,0,0,0,0,0,3,4,0,2,3,,N,,,,,,,,,,,
2009005108,100,1,0,0,0,0,0,0,0,0,1,0,,67,12,2008,4,39.9265,-75.1469,100.0,6,0,0,0,0,1,0,0,0,1.0,0,0,0,1,3,0,0,,1,39 55:35.141,2.0,0,75 08:48.925,0,0,0,0,67301,0,0,0,N,0,0,0,5,68K01,0,,1,2,,N,N,,1,,0,0,0,0.0,0,N,100,0,2,0,0,0,0,0,3,4,0,2,9,,N,,,,,,,,,,,
2009002139,2005,1,0,0,0,0,0,0,0,0,4,0,,67,11,2008,7,40.0458,-75.1879,1953.0,6,0,0,0,0,0,0,0,0,,0,0,0,19,3,0,2,,0,40 02:44.977,,0,75 11:16.389,0,0,0,0,67301,0,0,0,N,0,0,0,1,67301,0,,1,9,,N,N,,1,,0,0,1,0.0,0,,1940,0,3,0,0,0,0,0,3,4,0,3,7,,N,,,,,,,,,,,
2009002162,755,2,0,0,0,0,0,0,0,0,4,0,,67,11,2008,4,40.0296,-75.2063,735.0,6,0,0,0,0,0,0,0,0,,0,0,0,7,1,1,2,,0,40 01:46.559,,0,75 12:22.847,8,0,0,0,67301,0,0,0,,0,0,0,2,67301,0,,1,9,,N,N,,0,,0,0,0,0.0,0,,735,1,2,0,0,0,1,0,3,4,0,2,7,,N,,,,,,,,,,,
2009007278,1945,2,0,0,0,0,0,0,0,0,4,0,,67,12,2008,7,39.903,-75.1505,1939.0,6,0,0,0,0,0,0,1,0,,0,0,0,19,3,1,7,,0,39 54:20.576,,2,75 08:59.338,4,0,0,0,67301,0,0,0,N,0,0,0,5,68K01,1,,1,9,,N,N,,0,,0,0,0,0.0,0,,1937,1,3,0,0,0,0,0,3,4,1,3,7,,N,,,,,,,,,,,
2009031177,15,0,0,1,0,0,0,0,0,0,1,1,,67,12,2008,4,39.9213,-75.1901,15.0,6,0,0,0,0,0,0,0,0,3.0,0,1,0,0,3,1,0,,2,39 55:16.549,3.0,0,75 11:24.368,2,0,0,0,67301,0,0,0,,0,0,0,2,67501,0,,1,2,,N,N,,0,,0,1,1,0.0,0,Y,15,1,2,0,0,0,0,0,3,4,0,2,98,,N,,,,,,,,,,,
2009000533,103,0,0,0,1,0,1,0,0,0,4,0,,67,11,2008,7,39.9931,-75.0817,50.0,6,0,0,0,0,0,0,0,0,,0,0,0,14,1,1,1,,0,39 59:35.489,,0,75 04:53.544,2,0,0,0,67301,1,0,1,,0,0,0,2,67301,0,,1,1,,,,,0,,0,1,0,9.0,9,,1442,1,2,0,0,0,0,0,3,4,0,1,3,,N,,,,,,,,,,,
2009000777,2228,2,0,0,0,0,0,0,0,0,1,0,,67,11,2008,7,40.0907,-74.9852,2224.0,6,0,0,0,0,1,0,0,0,,0,0,0,22,3,1,0,,0,40 05:26.484,,0,74 59:06.594,4,0,0,0,67301,0,0,0,N,0,0,0,1,67301,1,,1,1,,N,N,,1,,0,0,0,0.0,0,,2214,1,3,0,0,0,0,0,3,4,0,3,3,,N,,,,,,,,,,,
2009000975,1620,2,0,0,0,0,0,0,0,0,4,0,,67,11,2008,6,40.0895,-75.0335,1613.0,6,0,1,0,0,0,1,0,0,,0,0,0,99,5,1,2,,0,40 05:22.266,,0,75 02:00.677,8,0,0,0,67301,0,0,0,N,0,0,0,3,67301,0,,1,9,,N,N,,0,,0,0,0,3.0,3,,9999,1,2,0,0,0,1,0,3,4,0,2,7,,N,,,,,,,,,,,
2009001034,1449,2,0,0,0,0,0,0,0,0,4,0,,67,11,2008,6,,,1448.0,6,0,0,0,0,0,0,0,0,,0,0,0,14,1,4,0,,0,,,7,,4,0,0,0,67301,0,0,0,N,0,0,0,5,67301,4,,1,98,,N,N,,0,,0,0,0,0.0,0,,1447,4,2,0,0,0,0,0,3,3,0,2,99,,N,,,,,,,,,,,
2009007068,311,0,0,0,0,0,0,0,0,0,7,0,,67,12,2008,7,39.9788,-75.203,306.0,6,0,0,0,0,0,0,0,0,3.0,1,0,0,3,3,0,6,,2,39 58:43.680,4.0,2,75 12:10.440,1,0,0,0,67301,0,0,0,Y,0,0,0,1,68K01,0,2.0,3,1,,N,N,,0,0.0,0,0,1,0.0,0,Y,301,0,1,1,0,1,0,0,3,4,0,1,3,,N,,,,,,,,,,,
2009007082,1102,1,0,0,0,0,0,0,0,0,7,0,,67,12,2008,7,39.8999,-75.1603,1058.0,6,0,0,0,0,0,1,0,0,,0,0,0,10,1,0,0,,0,39 54:02.520,,0,75 09:15.480,0,0,0,0,67301,0,0,0,N,0,0,0,1,68K01,0,,2,1,,N,N,,0,,0,0,0,0.0,0,,1057,0,1,0,0,0,0,0,3,4,0,1,3,,N,,,,,,,,,,,
2009007446,643,1,0,0,0,0,0,0,0,0,7,0,,67,12,2008,1,39.9112,-75.153,639.0,6,0,0,0,0,1,0,0,0,1.0,0,0,0,6,5,0,0,,1,39 54:41.600,3.0,2,75 09:11.104,0,0,0,0,67301,0,0,0,N,0,0,0,2,68K01,0,,2,2,,N,N,,0,,0,0,0,0.0,0,N,606,0,1,0,0,0,0,0,3,4,0,1,9,,N,,,,,,,,,,,
2009012663,310,3,0,0,0,0,0,0,0,0,4,0,,67,11,2008,2,39.9443,-75.1687,306.0,6,0,0,0,0,0,0,0,0,,0,0,0,3,3,1,0,,0,39 56:39.616,,0,75 10:07.410,4,0,0,0,67301,0,0,0,N,0,0,0,2,67301,1,,1,1,,N,N,,0,,0,0,0,3.0,3,,300,1,3,0,0,0,0,1,3,4,0,3,3,,N,,,,,,,,,,,
2009013348,2129,1,0,0,0,0,0,0,0,0,8,0,,67,11,2008,5,40.0256,-75.1542,2126.0,6,0,0,0,0,0,0,0,0,,0,0,0,99,3,1,1,,0,40 01:32.257,,0,75 09:15.145,8,0,0,0,67301,1,0,0,N,1,0,0,2,67301,0,,1,1,,N,N,,0,,0,0,0,0.0,0,,9999,1,2,0,0,0,1,1,3,4,0,1,3,,N,,,,,,,,,,,
2009013492,2350,1,0,0,0,0,0,0,0,0,4,0,,67,11,2008,2,40.0444,-75.0726,2347.0,6,0,0,0,0,0,1,0,0,3.0,0,0,0,23,3,1,1,,1,40 02:18.389,1.0,0,75 04:41.971,8,0,0,0,67301,0,0,0,N,0,0,0,2,67301,0,,1,1,,N,N,,1,,0,0,0,3.0,2,N,2340,1,2,0,0,0,1,0,3,4,0,2,3,,N,,,,,,,,,,,
2009013502,1420,2,0,0,0,0,0,0,0,0,4,0,,67,12,2008,4,40.0269,-75.0297,1410.0,6,0,0,0,0,0,0,1,0,1.0,0,0,0,14,1,1,0,,1,40 01:36.727,5.0,0,75 01:46.818,4,0,0,0,67301,0,0,0,N,0,0,0,2,67301,1,,1,1,,N,N,,0,,0,0,0,0.0,0,N,1400,1,2,0,0,0,0,1,3,4,0,2,3,,N,,,,,,,,,,,
2009013509,820,0,0,0,0,0,0,0,0,0,4,0,,67,12,2008,2,40.0207,-75.0401,810.0,6,0,0,0,0,0,0,0,1,,0,0,0,8,1,1,0,,0,40 01:14.841,,0,75 02:23.339,4,0,0,0,67301,0,0,0,N,0,0,0,2,67301,1,,1,1,,N,N,,1,,0,0,0,0.0,0,,800,1,2,0,0,0,0,0,3,4,1,2,3,,N,,,,,,,,,,,
2009026039,2235,4,0,0,0,0,0,0,0,0,5,0,,67,12,2008,1,40.0407,-75.0362,2229.0,6,0,0,0,0,0,0,0,0,2.0,0,0,0,22,3,1,0,,2,40 02:26.454,1.0,0,75 02:10.234,4,0,0,0,67301,0,0,0,N,0,0,0,1,67301,1,,1,1,,N,N,,0,,0,0,0,0.0,0,N,2225,1,4,0,0,0,0,0,3,4,0,4,3,,N,,,,,,,,,,,
2009013603,2245,0,0,0,0,0,0,0,0,0,8,0,,67,12,2008,5,39.9364,-75.219,2245.0,6,0,0,0,0,0,0,0,0,,0,0,0,22,6,1,1,,0,39 56:11.083,,0,75 13:08.439,3,0,0,0,67301,1,0,0,N,1,0,0,2,67301,0,,1,98,,N,N,,0,,1,0,1,9.0,2,,2240,1,2,0,0,1,0,0,3,4,0,1,99,,N,,,,,,,,,,,
2009013622,1710,0,0,0,0,0,0,0,0,0,8,0,,67,11,2008,5,40.0394,-75.2238,1700.0,6,0,0,0,0,0,0,0,0,,0,0,0,15,1,1,0,,0,40 02:21.480,,0,75 13:25.320,8,0,0,0,67301,1,0,0,N,1,0,0,2,67301,0,,1,1,,N,N,,0,,0,0,0,0.0,0,,1500,1,2,0,0,0,1,0,3,4,0,1,3,,N,,,,,,,,,,,
2009013625,2300,2,0,0,0,0,0,0,0,0,1,0,,67,11,2008,2,39.9245,-75.1746,2300.0,6,0,0,0,0,0,1,0,0,,0,0,0,23,3,1,1,,0,39 55:28.746,,0,75 10:27.177,8,0,0,0,67301,0,0,0,N,0,0,0,2,67301,0,,1,9,,N,N,,0,,0,0,0,3.0,2,,2300,1,2,0,0,0,1,0,3,4,0,2,7,,N,,,,,,,,,,,
2009013977,1324,1,0,0,0,0,0,0,0,0,5,0,,67,12,2008,5,39.9603,-75.1969,1323.0,6,0,0,0,0,0,1,0,0,,0,0,0,13,1,1,2,,0,39 57:36.933,,0,75 11:48.747,8,0,0,0,67301,0,0,0,N,0,0,0,2,67301,0,,1,9,,N,N,,1,,0,0,0,3.0,2,,1321,1,2,0,0,0,1,0,3,4,0,2,7,,N,,,,,,,,,,,
2008107653,838,5,0,0,0,0,0,0,0,0,1,1,,67,9,2008,3,40.0329,-75.0209,829.0,6,0,0,0,0,0,4,0,0,2.0,0,1,0,8,1,5,0,,2,40 01:56.320,2.0,0,75 01:16.330,4,0,0,0,67301,0,0,0,N,0,0,0,12,68K01,5,,1,1,,N,N,,0,,0,0,1,0.0,0,N,828,5,8,0,0,0,0,0,3,4,1,8,3,,N,,,,,,,,,,,
2008070809,1640,3,0,0,0,0,0,0,0,0,4,0,,67,4,2008,1,39.9484,-75.1441,1633.0,6,0,0,0,0,0,0,1,0,2.0,0,0,0,16,1,0,1,,2,39 56:54.031,3.0,0,75 08:37.611,9,0,0,0,67301,0,0,0,N,0,0,0,2,67301,0,,1,1,,N,N,,0,,0,0,1,3.0,2,Y,1620,0,4,0,0,0,0,1,3,4,0,4,3,,N,,,,,,,,,,,
2008107988,1920,0,0,0,1,0,0,0,0,0,4,0,,67,8,2008,6,39.9856,-75.2396,1915.0,6,0,0,0,0,0,0,0,0,,0,0,0,18,1,1,0,,0,39 59:08.131,,7,75 14:22.473,4,0,0,0,67301,1,0,0,N,0,0,0,3,67301,1,,1,1,,N,N,,0,,0,0,0,3.0,3,,1815,1,2,0,0,0,0,0,3,4,1,1,3,,N,,,,,,,,,,,
2008073501,1135,1,0,0,0,0,0,0,0,0,8,0,,67,4,2008,3,39.954,-75.1595,1135.0,6,0,0,0,0,0,0,0,0,,0,0,0,11,1,1,1,,0,39 57:14.230,,0,75 09:34.171,4,0,0,0,67301,1,0,0,N,1,0,0,2,67301,1,,1,1,,N,N,,0,,0,0,0,3.0,2,,1135,1,2,0,0,0,0,0,3,4,0,1,3,,N,,,,,,,,,,,
2008105020,626,0,0,0,0,0,0,0,0,0,7,0,,67,8,2008,1,40.0488,-74.9981,607.0,6,0,0,0,0,0,0,0,0,1.0,0,0,0,6,5,0,0,,1,40 02:55.822,2.0,0,74 59:53.212,0,0,0,0,67301,0,0,0,Y,0,0,0,2,68K01,0,,4,1,,N,N,,1,,0,0,0,0.0,0,N,605,0,1,0,0,0,0,0,3,4,0,1,3,,N,,,,,,,,,,,
2008122857,848,0,0,0,0,0,0,1,0,0,1,1,,67,9,2008,6,40.0074,-75.1368,840.0,6,0,0,0,0,0,0,0,0,,0,0,0,8,1,1,1,,0,40 00:26.682,,0,75 08:12.579,4,0,0,0,67301,0,0,0,N,0,0,0,3,67301,1,,1,1,,N,N,,1,,0,0,0,0.0,0,,840,1,2,0,0,0,0,0,3,4,0,2,3,,N,,,,,,,,,,,
2008132450,153,1,0,0,0,0,0,0,0,0,7,0,,67,12,2008,2,39.9803,-75.2055,153.0,6,0,0,0,0,0,0,0,0,1.0,0,0,0,1,3,0,0,,2,39 58:51.588,3.0,0,75 12:23.652,0,0,0,0,67301,0,0,0,N,0,0,0,1,68K01,0,,2,9,,N,N,,0,,0,0,0,0.0,0,N,153,0,1,0,0,0,0,0,3,4,0,1,7,,N,,,,,,,,,,,
2009042622,142,1,0,0,0,0,0,0,0,0,7,0,,67,12,2008,7,40.0604,-75.134,131.0,6,0,0,0,0,0,0,0,0,,0,0,0,1,3,1,2,,0,40 03:37.440,,0,75 08:02.400,8,0,0,0,67301,0,0,0,N,0,0,0,1,46102,0,,5,1,,N,N,,0,,0,0,0,0.0,0,,130,1,1,0,0,0,1,0,3,4,0,1,3,,N,,,,,,,,,,,
2009013668,1645,1,0,0,0,0,0,0,0,0,8,0,,67,12,2008,5,39.923,-75.1497,1641.0,6,0,0,0,0,0,1,0,0,,0,0,0,17,3,1,1,,0,39 55:22.843,,0,75 08:58.804,4,0,0,0,67301,1,0,0,N,1,0,0,2,67301,1,,1,9,,N,N,,0,,0,0,0,3.0,3,,1701,1,2,0,0,0,0,0,3,4,0,1,7,,N,,,,,,,,,,,
2009013746,1924,2,0,0,0,0,0,0,0,0,6,0,,67,12,2008,5,39.9188,-75.186,1919.0,6,0,0,0,0,0,0,0,0,,0,0,0,19,3,0,1,,0,39 55:07.618,,0,75 11:09.725,0,0,0,0,67301,0,0,0,N,0,0,0,2,67301,0,,1,9,,N,N,,0,,0,0,0,3.0,2,,1914,0,2,0,0,0,0,0,3,4,0,2,7,,N,,,,,,,,,,,
2009013863,1938,2,0,0,0,0,0,0,0,0,5,0,,67,12,2008,6,40.0215,-75.1601,1930.0,6,0,0,0,0,0,0,1,0,,0,0,0,19,3,1,0,,0,40 01:17.520,,0,75 09:36.345,4,0,0,0,67301,0,0,0,N,0,0,0,2,67301,1,,1,1,,N,N,,0,,0,0,0,0.0,0,,1930,1,2,0,0,0,0,0,3,4,0,2,3,,N,,,,,,,,,,,