CRN,ARRIVAL_TM,AUTOMOBILE_COUNT,BELTED_DEATH_COUNT,BELTED_SUSP_SERIOUS_INJ_COUNT,BICYCLE_COUNT,BICYCLE_DEATH_COUNT,BICYCLE_SUSP_SERIOUS_INJ_COUNT,BUS_COUNT,CHLDPAS_DEATH_COUNT,CHLDPAS_SUSP_SERIOUS_INJ_COUNT,COLLISION_TYPE,COMM_VEH_COUNT,CONS_ZONE_SPD_LIM,COUNTY,CRASH_MONTH,CRASH_YEAR,DAY_OF_WEEK,DEC_LAT,DEC_LONG,DISPATCH_TM,DISTRICT,DRIVER_COUNT_16YR,DRIVER_COUNT_17YR,DRIVER_COUNT_18YR,DRIVER_COUNT_19YR,DRIVER_COUNT_20YR,DRIVER_COUNT_50_64YR,DRIVER_COUNT_65_74YR,DRIVER_COUNT_75PLUS,EST_HRS_CLOSED,FATAL_COUNT,HEAVY_TRUCK_COUNT,HORSE_BUGGY_COUNT,HOUR_OF_DAY,ILLUMINATION,INJURY_COUNT,INTERSECT_TYPE,INTERSECTION_RELATED,LANE_CLOSED,LATITUDE,LN_CLOSE_DIR,LOCATION_TYPE,LONGITUDE,MAX_SEVERITY_LEVEL,MCYCLE_DEATH_COUNT,MCYCLE_SUSP_SERIOUS_INJ_COUNT,MOTORCYCLE_COUNT,MUNICIPALITY,NONMOTR_COUNT,NONMOTR_DEATH_COUNT,NONMOTR_SUSP_SERIOUS_INJ_COUNT,NTFY_HIWY_MAINT,PED_COUNT,PED_DEATH_COUNT,PED_SUSP_SERIOUS_INJ_COUNT,PERSON_COUNT,POLICE_AGCY,POSSIBLE_INJ_COUNT,RDWY_SURF_TYPE_CD,RELATION_TO_ROAD,ROAD_CONDITION,ROADWAY_CLEARED,SCH_BUS_IND,SCH_ZONE_IND,SECONDARY_CRASH,SMALL_TRUCK_COUNT,SPEC_JURIS_CD,SUSP_MINOR_INJ_COUNT,SUSP_SERIOUS_INJ_COUNT,SUV_COUNT,TCD_FUNC_CD,TCD_TYPE,TFC_DETOUR_IND,TIME_OF_DAY,TOT_INJ_COUNT,TOTAL_UNITS,UNB_DEATH_COUNT,UNB_SUSP_SERIOUS_INJ_COUNT,UNBELTED_OCC_COUNT,UNK_INJ_DEG_COUNT,UNK_INJ_PER_COUNT,URBAN_AREA,URBAN_RURAL,VAN_COUNT,VEHICLE_COUNT,WEATHER1,WEATHER2,WORK_ZONE_IND,WORK_ZONE_LOC,WORK_ZONE_TYPE,WORKERS_PRES,WZ_CLOSE_DETOUR,WZ_FLAGGER,WZ_LAW_OFFCR_IND,WZ_LN_CLOSURE,WZ_MOVING,WZ_OTHER,WZ_SHLDER_MDN,WZ_WORKERS_INJ_KILLED
2009006473,115,1,0,0,0,0,0,0,0,0,1,0,,67,12,2008,2,40.0076,-75.2007,115.0,6,0,0,0,0,0,1,0,0,,0,0,0,1,2,0,0,,0,40 00:25.933,,0,75 11:58.256,9,0,0,0,67301,0,0,0,N,0,0,0,2,68K02,0,,1,1,,N,N,,0,,0,0,0,0.0,0,,101,0,2,0,0,0,0,1,3,4,0,2,3,,N,,,,,,,,,,,
2009001047,2230,1,0,0,0,0,0,0,0,0,8,0,,67,11,2008,3,39.9472,-75.2268,2226.0,6,0,0,0,0,0,0,1,0,,0,0,0,22,6,1,0,,0,39 56:50.084,,0,75 13:36.629,4,0,0,0,67301,1,0,0,N,1,0,0,2,67301,1,,1,1,,N,N,,0,,0,0,0,0.0,0,,2226,1,2,0,0,0,0,0,3,4,0,1,3,,N,,,,,,,,,,,
2009001057,1955,0,0,0,0,0,0,0,0,0,4,0,,67,11,2008,6,39.9563,-75.2399,1950.0,6,0,0,0,0,0,1,0,0,,0,0,0,19,3,0,1,,0,39 57:22.741,,0,75 14:23.794,0,0,0,0,67301,0,0,0,N,0,0,0,6,67301,0,,1,1,,N,N,,0,,0,0,0,3.0,2,,1940,0,2,0,0,0,0,0,3,4,2,2,3,,N,,,,,,,,,,,
2009024780,1655,2,0,0,0,0,0,0,0,0,4,0,,67,12,2008,5,39.9034,-75.2246,1649.0,6,0,0,0,0,0,0,0,0,,0,0,0,16,1,2,0,,0,39 54:12.100,,7,75 13:28.746,3,0,0,0,67301,0,0,0,,0,0,0,2,67301,0,,1,1,,N,N,,0,,1,0,0,0.0,0,,1640,2,2,0,0,0,1,0,3,4,0,2,3,,N,,,,,,,,,,,
2009024796,1946,2,0,0,0,0,0,0,0,0,1,0,,67,12,2008,1,40.0523,-75.127,1942.0,6,0,0,0,0,0,0,0,0,,0,0,0,19,3,1,0,,0,40 03:08.146,,0,75 07:37.196,4,0,0,0,67301,0,0,0,N,0,0,0,3,67301,1,,1,1,,N,N,,0,,0,0,1,3.0,2,,1942,1,3,0,0,0,0,0,3,4,0,3,3,,N,,,,,,,,,,,
2009002627,218,1,0,0,0,0,0,0,0,0,8,0,,67,11,2008,7,39.991,-75.1686,209.0,6,0,0,0,0,0,0,0,0,,0,0,0,2,3,2,0,,0,39 59:27.729,,0,75 10:07.053,4,0,0,0,67301,2,0,0,N,2,0,0,3,67301,1,,1,9,,N,N,,0,,0,0,0,0.0,0,,209,2,3,0,0,0,1,0,3,4,0,1,7,,N,,,,,,,,,,,
2009002633,905,0,0,0,0,0,0,0,0,0,3,1,,67,11,2008,4,39.9772,-75.2267,856.0,6,0,0,0,0,0,0,0,0,,0,1,0,8,1,1,0,,0,39 58:37.839,,0,75 13:36.051,8,0,0,1,67301,0,0,0,N,0,0,0,2,67301,0,,1,9,,N,N,,0,,0,0,0,0.0,0,,852,1,2,0,0,0,1,0,3,4,0,2,3,,N,,,,,,,,,,,
2009002634,748,1,0,0,0,0,0,0,0,0,4,0,,67,11,2008,4,40.0005,-75.1196,740.0,6,0,0,0,0,0,1,0,0,,0,0,0,7,1,1,1,,0,40 00:01.684,,0,75 07:10.714,4,0,0,0,67301,0,0,0,N,0,0,0,2,67301,1,,1,1,,N,N,,1,,0,0,0,0.0,0,,730,1,2,0,0,2,0,0,3,4,0,2,3,,N,,,,,,,,,,,
2009012491,2320,1,0,0,0,0,0,0,0,0,8,0,,67,12,2008,6,39.9504,-75.1472,2310.0,6,0,0,0,0,0,0,0,0,,0,0,0,23,3,1,1,,0,39 57:01.359,,0,75 08:49.932,8,0,0,0,67301,1,0,0,,1,0,0,2,67301,0,,1,1,,,,,0,,0,0,0,3.0,2,,2310,1,2,0,0,0,1,0,3,4,0,1,3,,N,,,,,,,,,,,
2009012501,2231,1,0,0,0,0,0,0,0,0,8,0,,67,12,2008,2,40.0471,-75.0911,2216.0,6,0,1,0,0,0,0,0,0,,0,0,0,22,3,1,1,,0,40 02:49.411,,0,75 05:27.941,8,0,0,0,67301,1,0,0,N,1,0,0,2,67301,0,,1,1,,N,N,,0,,0,0,0,3.0,2,,2214,1,2,0,0,0,1,0,3,4,0,1,3,,N,,,,,,,,,,,
2009002098,1952,1,0,0,0,0,0,0,0,0,8,0,,67,2,2008,6,39.9608,-75.1434,1952.0,6,0,0,0,0,0,0,0,0,,0,0,0,19,3,1,1,,0,39 57:38.777,,0,75 08:35.842,2,0,0,0,67301,1,0,1,N,1,0,1,2,67301,0,,1,1,,N,N,,0,,0,1,0,3.0,2,,1952,1,2,0,0,0,0,0,3,4,0,1,3,,N,,,,,,,,,,,
2009002171,741,2,0,0,0,0,0,0,0,0,4,0,,67,11,2008,5,39.9867,-75.2076,727.0,6,0,0,0,0,0,0,0,0,,0,0,0,7,1,2,1,,0,39 59:12.209,,2,75 12:27.247,3,0,0,0,67301,0,0,0,N,0,0,0,3,67301,0,,1,9,,N,N,,0,,1,0,0,3.0,3,,725,2,2,0,0,0,1,0,3,4,0,2,3,,N,,,,,,,,,,,
2009002186,942,0,0,0,0,0,0,0,0,0,7,0,,67,11,2008,7,39.9753,-75.1156,942.0,6,0,0,0,0,0,0,0,0,3.0,0,0,0,9,1,1,0,,2,39 58:32.194,5.0,0,75 06:55.679,8,0,0,0,67301,0,0,0,,0,0,0,1,67301,0,,5,9,,,,,0,,0,0,1,0.0,0,Y,942,1,1,0,0,0,1,0,3,4,0,1,7,,N,,,,,,,,,,,
2009002195,743,2,0,0,0,0,0,0,0,0,1,0,,67,11,2008,5,39.8978,-75.2115,733.0,6,0,0,0,0,1,1,0,0,1.0,0,0,0,7,1,0,0,,1,39 53:51.982,3.0,3,75 12:41.491,0,0,0,0,67301,0,0,0,N,0,0,0,2,67301,0,,1,9,,N,N,,0,,0,0,0,3.0,2,N,731,0,2,0,0,0,0,0,3,4,0,2,7,,N,,,,,,,,,,,
2009002199,115,1,0,0,0,0,0,0,0,0,5,0,,67,9,2008,7,40.0543,-75.0492,111.0,6,0,0,1,0,0,0,0,0,1.0,0,0,0,1,3,1,0,,1,40 03:15.632,2.0,0,75 02:57.189,8,0,0,0,67301,0,0,0,N,0,0,0,5,67301,0,,1,9,,N,N,,0,,0,0,1,3.0,2,N,100,1,2,0,0,0,1,0,3,4,0,2,7,,N,,,,,,,,,,,
2009002235,920,1,0,0,0,0,0,0,0,0,8,0,,67,11,2008,3,40.0243,-75.1457,915.0,6,0,0,0,0,0,0,0,1,,0,0,0,9,1,1,1,,0,40 01:27.357,,0,75 08:44.545,4,0,0,0,67301,1,0,0,N,1,0,0,3,67301,1,,1,1,,N,N,,0,,0,0,0,3.0,3,,910,1,2,0,0,0,0,0,3,4,0,1,3,,N,,,,,,,,,,,
2009036386,1846,2,0,0,0,0,0,0,0,0,4,0,,67,9,2008,3,39.9941,-75.1308,1845.0,6,0,0,0,0,0,0,0,0,,0,0,0,18,1,1,1,,0,39 59:38.590,,0,75 07:50.732,4,0,0,0,67301,0,0,0,,0,0,0,4,67301,1,,1,1,,N,N,,0,,0,0,0,0.0,0,,1844,1,2,0,0,0,0,0,3,4,0,2,3,,N,,,,,,,,,,,
2009000783,1139,3,0,0,0,0,0,0,0,0,4,0,,67,11,2008,3,39.9778,-75.2134,1135.0,6,0,0,0,1,0,1,0,0,,0,0,0,11,1,1,1,,0,39 58:39.876,,0,75 12:48.193,4,0,0,0,67301,0,0,0,N,0,0,0,4,67301,1,,1,1,,N,N,,0,,0,0,0,3.0,2,,1130,1,4,0,0,0,0,3,3,4,1,4,3,,N,,,,,,,,,,,
2009000991,1625,2,0,0,0,0,0,0,0,0,4,0,,67,11,2008,6,40.0626,-75.1708,1610.0,6,0,0,0,0,0,0,0,0,2.0,0,0,0,15,1,3,1,,1,40 03:45.319,2.0,0,75 10:14.845,8,0,0,0,67301,0,0,0,N,0,0,0,3,67301,0,,1,1,,N,N,,0,,0,0,0,3.0,2,N,1530,3,2,0,0,0,3,0,3,4,0,2,3,,N,,,,,,,,,,,
2009000178,2352,2,0,0,0,0,0,0,0,0,5,0,,67,11,2008,6,40.0142,-75.1696,2350.0,6,0,0,0,1,0,0,0,0,,1,0,0,23,6,6,0,,0,40 00:51.241,,0,75 10:10.621,1,0,0,0,67301,0,0,0,N,0,0,0,7,67301,5,2.0,1,1,,N,N,,0,0.0,1,0,0,0.0,0,,2349,6,2,0,0,0,0,0,3,4,0,2,3,,N,,,,,,,,,,,
2009015064,650,1,0,0,0,0,0,0,0,0,1,0,,67,12,2008,7,40.0176,-75.1723,647.0,6,0,0,0,0,0,0,0,0,1.0,0,0,0,6,3,0,0,,1,40 01:03.360,1.0,0,75 10:20.280,0,0,0,0,67301,0,0,0,,0,0,0,2,67301,0,,1,1,,N,N,,1,,0,0,0,0.0,0,N,647,0,2,0,0,0,0,0,3,4,0,2,3,,N,,,,,,,,,,,
2009013290,1725,1,0,0,1,0,0,0,0,0,4,0,,67,11,2008,1,39.9714,-75.1583,1723.0,6,0,0,0,0,0,0,0,0,,0,0,0,17,3,1,0,,0,39 58:17.040,,0,75 09:29.880,8,0,0,0,67301,1,0,0,,0,0,0,5,67301,0,,1,1,,,,,0,,0,0,0,3.0,2,,1720,1,2,0,0,0,1,0,3,4,0,1,3,,N,,,,,,,,,,,
2009013528,1106,1,0,0,0,0,0,0,0,0,8,0,,67,12,2008,2,40.0548,-75.1527,1059.0,6,0,0,0,0,0,1,0,0,,0,0,0,99,1,1,1,,0,40 03:17.359,,0,75 09:09.802,4,0,0,0,67301,1,0,0,,1,0,0,2,67301,1,,1,1,,,,,0,,0,0,0,3.0,2,,9999,1,2,0,0,0,0,0,3,4,0,1,3,,N,,,,,,,,,,,
2009013596,759,2,0,0,0,0,0,0,0,0,4,0,,67,11,2008,4,39.9578,-75.2081,756.0,6,0,0,0,0,0,1,0,0,,0,0,0,7,1,1,1,,0,39 57:28.339,,0,75 12:29.166,4,0,0,0,67301,0,0,0,N,0,0,0,2,67301,1,,1,1,,N,N,,0,,0,0,0,3.0,2,,750,1,2,0,0,0,0,0,3,4,0,2,3,,N,,,,,,,,,,,
2009013612,142,1,0,0,0,0,0,0,0,0,7,0,,67,12,2008,2,40.0215,-75.1937,138.0,6,0,0,0,0,1,0,0,0,,0,0,0,1,3,1,0,,0,40 01:17.510,,0,75 11:37.272,8,0,0,0,67301,0,0,0,N,0,0,0,1,67301,0,,5,9,,N,N,,0,,0,0,0,0.0,0,,135,1,1,0,0,0,1,0,3,4,0,1,7,,N,,,,,,,,,,,
2009013240,1935,0,0,0,0,0,0,0,0,0,8,0,,67,12,2008,5,39.9879,-75.1058,1930.0,6,0,0,0,0,0,0,0,0,1.0,0,0,0,19,3,1,0,,1,39 59:16.567,3.0,0,75 06:21.180,3,0,0,0,67301,1,0,0,N,1,0,0,8,67301,0,,1,9,,Y,N,,0,,1,0,0,3.0,2,Y,1925,1,2,0,0,0,0,0,3,4,1,1,7,,N,,,,,,,,,,,
2009013443,910,2,0,0,0,0,0,0,0,0,4,0,,67,12,2008,6,40.0189,-75.0726,859.0,6,0,0,0,0,0,1,0,0,,0,0,0,8,1,1,2,,0,40 01:08.040,,0,75 04:21.360,8,0,0,0,67301,0,0,0,N,0,0,0,3,67301,0,,1,9,,N,N,,0,,0,0,0,0.0,0,,807,1,2,0,0,0,1,2,3,4,0,2,99,,N,,,,,,,,,,,
2009013445,1520,1,0,0,0,0,0,1,0,0,1,1,,67,11,2008,6,40.0526,-75.2272,1510.0,6,0,0,0,0,0,1,0,0,,0,0,0,15,1,2,1,,0,40 03:10.074,,0,75 13:39.209,3,0,0,0,67301,0,0,0,N,0,0,0,7,67301,1,,9,1,,N,N,,0,,1,0,0,3.0,2,,1510,2,2,0,0,0,0,0,3,4,0,2,3,,N,,,,,,,,,,,
2009024672,1716,1,0,0,0,0,0,0,0,0,8,0,,67,12,2008,2,39.9409,-75.2126,1713.0,6,0,0,0,0,0,1,0,0,,0,0,0,17,3,1,1,,0,39 56:27.112,,0,75 12:45.004,4,0,0,0,67301,1,0,0,N,1,0,0,2,67301,1,,1,1,,N,N,,0,,0,0,0,3.0,2,,1713,1,2,0,0,0,0,0,3,4,0,1,3,,N,,,,,,,,,,,
2009024673,1902,1,0,0,0,0,0,0,0,0,4,0,,67,12,2008,2,40.0407,-75.0762,1856.0,6,0,0,0,0,0,0,0,0,,0,0,0,18,3,1,1,,0,40 02:26.487,,0,75 04:34.494,8,0,0,0,67301,0,0,0,,0,0,0,2,67301,0,,1,1,,N,N,,1,,0,0,0,3.0,2,,1856,1,2,0,0,1,1,0,3,4,0,2,3,,N,,,,,,,,,,,
2009054050,9999,1,0,0,0,0,0,0,0,0,4,0,,67,9,2008,4,40.0546,-75.125,9999.0,6,0,0,0,1,0,0,0,0,2.0,0,0,0,20,3,1,1,,1,40 03:16.928,2.0,0,75 07:29.497,8,0,0,0,67301,0,0,0,N,0,0,0,5,46102,0,,1,1,,N,N,,0,,0,0,2,3.0,2,N,2008,1,3,0,0,0,1,0,3,4,0,3,3,,N,,,,,,,,,,,
2012042586,1635,2,0,0,0,0,0,0,0,0,4,0,,67,3,2008,1,40.0086,-75.0688,1631.0,6,0,0,0,0,0,0,0,0,,0,0,0,99,1,1,1,,0,40 00:31.034,,0,75 04:07.810,3,0,0,0,67301,0,0,0,,0,0,0,3,67301,0,,1,1,,N,N,,0,,1,0,0,3.0,2,,9999,1,2,0,0,0,0,0,3,4,0,2,3,,N,,,,,,,,,,,
2008088255,2017,2,0,0,0,0,0,0,0,0,4,0,,67,5,2008,7,39.94,-75.2003,2014.0,6,0,0,0,0,0,0,0,0,,0,0,0,20,1,5,0,,0,39 56:24.094,,7,75 12:01.049,2,0,0,0,67301,0,0,0,N,0,0,0,5,67301,0,,1,1,,N,N,,0,,1,1,0,3.0,2,,2012,5,2,0,0,0,3,0,3,4,0,2,3,,N,,,,,,,,,,,
2008119487,800,2,0,0,0,0,0,0,0,0,2,0,,67,9,2008,4,40.0211,-75.1006,750.0,6,0,0,0,0,0,1,0,0,,0,0,0,7,1,3,0,,0,40 01:15.794,,0,75 06:02.232,4,0,0,0,67301,0,0,0,,0,0,0,5,67301,3,,1,1,,,,,0,,0,0,0,0.0,0,,740,3,3,0,0,0,0,0,3,4,1,3,3,,N,,,,,,,,,,,
2008119504,1632,0,0,0,1,0,0,0,0,0,8,0,,67,9,2008,4,39.9626,-75.1631,1625.0,6,0,0,0,0,0,1,0,0,,0,0,0,14,1,1,0,,0,39 57:45.432,,0,75 09:47.570,8,0,0,0,67301,1,0,0,,0,0,0,2,67301,0,,1,1,,,,,0,,0,0,0,3.0,2,,1445,1,2,0,0,0,1,0,3,4,1,1,3,,N,,,,,,,,,,,
2009013679,9999,1,0,0,0,0,0,0,0,0,1,0,,67,11,2008,2,40.0273,-75.1113,9999.0,6,0,0,0,1,0,0,0,0,1.0,0,0,0,99,3,1,0,,1,40 01:38.280,3.0,0,75 06:40.680,4,0,0,0,67301,0,0,0,N,0,0,0,4,67301,1,,1,1,,N,N,,0,,0,0,1,3.0,8,N,9999,1,2,0,0,0,0,0,3,4,0,2,3,,N,,,,,,,,,,,
2009013848,1115,0,0,0,0,0,0,0,0,0,8,0,,67,11,2008,3,39.9509,-75.1705,1104.0,6,0,0,0,0,0,0,0,0,,0,0,0,11,1,1,1,,0,39 57:03.250,,0,75 10:13.709,8,0,0,0,67301,1,0,0,N,1,0,0,2,67301,0,,1,9,,N,N,,0,,0,0,0,3.0,2,,1100,1,2,0,0,1,1,0,3,4,1,1,7,,N,,,,,,,,,,,
2009018979,1122,1,0,0,0,0,0,0,0,0,4,1,,67,1,2008,2,39.943,-75.1521,1118.0,6,0,0,0,0,0,1,0,0,1.0,0,1,0,11,1,0,1,,2,39 56:34.904,2.0,0,75 09:07.581,0,0,0,0,67301,0,0,0,N,0,0,0,2,67301,0,,1,1,,N,N,,0,,0,0,0,3.0,2,Y,1116,0,2,0,0,1,0,0,3,4,0,2,3,,N,,,,,,,,,,,
2009005455,933,0,0,0,0,0,0,0,0,0,7,0,,67,12,2008,1,39.9007,-75.155,932.0,6,0,0,0,0,0,0,0,0,,0,0,0,9,1,1,0,,0,39 54:04.957,,0,75 09:09.137,8,0,0,0,67301,0,0,0,N,0,0,0,1,68K01,0,,2,2,,N,N,,0,,0,0,1,0.0,0,,929,1,1,0,0,0,1,0,3,4,0,1,7,,N,,,,,,,,,,,
2009001008,1751,2,0,0,0,0,0,0,0,0,4,0,,67,11,2008,7,39.9572,-75.1555,9999.0,6,0,0,1,0,0,0,1,0,2.0,0,0,0,17,3,1,1,,2,39 57:25.922,4.0,0,75 09:19.832,4,0,0,0,67301,0,0,0,,0,0,0,5,67301,1,,1,1,,N,N,,0,,0,0,0,3.0,2,N,1749,1,2,0,0,0,0,0,3,4,0,2,3,,N,,,,,,,,,,,
2009024790,2300,1,0,0,0,0,0,0,0,0,4,0,,67,12,2008,6,40.0442,-75.2178,2257.0,6,0,0,0,0,0,1,0,0,,0,0,0,21,3,0,0,,0,40 02:39.273,,0,75 13:04.114,0,0,0,0,67301,0,0,0,N,0,0,0,3,67301,0,,1,9,,N,N,,1,,0,0,0,0.0,0,,2150,0,2,0,0,0,0,0,3,4,0,2,7,,N,,,,,,,,,,,
2009002153,636,3,0,0,0,0,0,0,0,0,1,0,,67,11,2008,7,39.9059,-75.1339,636.0,6,0,0,0,0,0,1,0,1,1.0,0,0,0,6,1,0,0,,2,39 54:21.298,4.0,5,75 08:02.118,0,0,0,0,67301,0,0,0,N,0,0,0,5,67501,0,,1,1,,N,N,,0,,0,0,1,3.0,2,Y,636,0,4,0,0,0,0,0,3,4,0,4,3,,N,,,,,,,,,,,
2009002275,1427,1,0,0,0,0,0,0,0,0,8,0,,67,11,2008,3,39.9596,-75.1972,1424.0,6,0,0,0,0,0,1,0,0,,0,0,0,14,1,1,1,,0,39 57:34.560,,0,75 11:49.920,8,0,0,0,67301,1,0,0,N,1,0,0,2,67301,0,,1,1,,N,N,,0,,0,0,0,3.0,2,,1411,1,2,0,0,0,1,0,3,4,0,1,3,,N,,,,,,,,,,,
2009006683,1759,1,0,0,0,0,0,0,0,0,1,0,,67,11,2008,2,39.9599,-75.1813,1749.0,6,0,0,0,0,0,1,0,0,2.0,0,0,0,17,3,0,0,,1,39 57:35.224,3.0,0,75 10:52.225,0,0,0,0,67301,0,0,0,N,0,0,0,2,68K01,0,,1,1,,N,N,,0,,0,0,1,0.0,0,N,1746,0,2,0,0,0,0,0,3,4,0,2,3,,N,,,,,,,,,,,
2009004194,26,2,0,0,0,0,0,0,0,0,1,0,,67,12,2008,4,39.8894,-75.2188,9.0,6,0,0,0,0,0,0,0,0,,0,0,0,0,3,1,0,,0,39 53:22.200,,0,75 13:08.400,4,0,0,0,67301,1,0,0,N,0,0,0,2,68K01,1,,2,2,,N,N,,0,,0,0,0,0.0,0,,2,1,2,0,0,0,0,0,3,4,0,2,9,,N,,,,,,,,,,,
2009000977,2250,0,0,0,0,0,0,0,0,0,1,0,,67,11,2008,4,40.0108,-75.1029,2245.0,6,0,0,0,0,0,1,0,0,,0,0,0,22,3,2,0,,0,40 00:39.031,,7,75 06:10.371,4,0,0,0,67301,0,0,0,N,0,0,0,6,67301,2,,1,1,,N,N,,1,,0,0,2,0.0,0,,2245,2,4,0,0,0,0,3,3,4,0,4,3,,N,,,,,,,,,,,
2009000979,1724,1,0,0,0,0,0,0,0,0,8,0,,67,11,2008,6,39.9181,-75.1608,1721.0,6,0,0,0,0,0,1,0,0,,0,0,0,17,3,1,1,,0,39 55:05.264,,0,75 09:38.912,4,0,0,0,67301,1,0,0,,1,0,0,2,67301,1,,1,1,,N,N,,0,,0,0,0,3.0,3,,1720,1,2,0,0,0,0,0,3,4,0,1,3,,N,,,,,,,,,,,
2009002462,834,1,0,0,1,0,0,0,0,0,5,0,,67,11,2008,5,39.9535,-75.1853,829.0,6,0,0,0,0,0,0,0,0,,0,0,0,8,1,1,2,,0,39 57:12.689,,0,75 11:07.020,4,0,0,0,67301,1,0,0,N,0,0,0,3,67301,1,,1,1,,N,N,,0,,0,0,0,3.0,2,,829,1,2,0,0,0,0,0,3,4,0,1,3,,N,,,,,,,,,,,
2009012659,1839,1,0,0,0,0,0,1,0,0,4,1,,67,12,2008,2,39.9573,-75.2153,1837.0,6,0,0,0,0,0,0,0,0,,0,0,0,18,3,1,1,,0,39 57:26.131,,0,75 12:55.105,4,0,0,0,67301,0,0,0,N,0,0,0,3,67301,1,,1,1,,N,N,,0,,0,0,0,0.0,0,,1830,1,2,0,0,0,0,0,3,4,0,2,3,,N,,,,,,,,,,,
2009014228,635,2,0,0,0,0,0,0,0,0,1,0,,67,11,2008,7,40.0252,-75.1254,633.0,6,0,0,0,0,0,0,0,0,1.0,0,0,0,6,2,1,1,,1,40 01:30.720,1.0,0,75 07:31.440,8,0,0,0,67301,0,0,0,N,0,0,0,2,67301,0,,1,1,,N,N,,0,,0,0,0,3.0,2,N,633,1,2,0,0,0,1,0,3,4,0,2,3,,N,,,,,,,,,,,
2009013473,745,1,0,0,0,0,0,0,0,0,2,0,,67,12,2008,5,40.0354,-75.0394,731.0,6,0,0,0,0,0,0,0,0,,0,0,0,7,1,1,0,,0,40 02:07.405,,0,75 02:21.855,4,0,0,0,67301,0,0,0,,0,0,0,1,67301,1,,2,1,,,,,0,,0,0,0,0.0,0,,730,1,2,0,0,0,0,0,3,4,1,2,3,,N,,,,,,,,,,,
2009013585,501,1,0,0,0,0,0,0,0,0,7,0,,67,11,2008,1,40.0144,-75.2048,458.0,6,0,0,0,0,0,0,0,0,,0,0,0,4,3,0,0,,0,40 00:52.129,,0,75 12:17.101,0,0,0,0,67301,0,0,0,N,0,0,0,1,67301,0,,7,9,,N,N,,0,,0,0,0,0.0,0,,456,0,1,0,0,1,0,0,3,4,0,1,7,,N,,,,,,,,,,,
2009013613,1824,0,0,0,0,0,0,0,0,0,8,0,,67,11,2008,7,40.0488,-75.2354,1820.0,6,0,0,0,0,0,0,0,0,,0,0,0,18,3,1,1,,0,40 02:54.625,,0,75 14:06.991,8,0,0,0,67301,1,0,0,N,1,0,0,2,67301,0,,1,1,,N,N,,0,,0,0,0,3.0,2,,1810,1,2,0,0,1,1,0,3,4,1,1,3,,N,,,,,,,,,,,
2009013959,2044,2,0,0,0,0,0,0,0,0,4,0,,67,12,2008,7,40.0497,-74.9881,2039.0,6,0,0,0,0,0,0,1,1,,0,0,0,20,3,1,2,,0,40 02:58.953,,7,74 59:17.662,8,0,0,0,67301,0,0,0,N,0,0,0,4,67301,0,,1,9,,N,N,,0,,0,0,0,3.0,2,,2038,1,2,0,0,0,1,0,3,4,0,2,10,,N,,,,,,,,,,,
2009013430,1700,1,0,0,0,0,0,0,0,0,8,0,,67,7,2008,5,39.9438,-75.2379,1700.0,6,0,0,0,0,0,0,0,0,,0,0,0,16,1,1,3,,0,39 56:37.717,,0,75 14:16.351,8,0,0,0,67301,1,0,0,N,1,0,0,2,67301,0,,3,1,,N,N,,0,,0,0,0,2.0,2,,1630,1,2,0,0,0,1,0,3,4,0,1,3,,N,,,,,,,,,,,
2009029296,9999,2,0,0,0,0,0,0,0,0,4,0,,67,12,2008,4,,,9999.0,6,0,0,0,1,0,0,0,0,,0,0,0,16,1,0,0,,0,,,7,,0,0,0,0,67301,0,0,0,N,0,0,0,3,00000,0,,1,1,,N,N,,0,,0,0,0,0.0,0,,1630,0,2,0,0,0,0,0,3,3,0,2,3,,N,,,,,,,,,,,
2009042366,937,1,0,0,0,0,0,0,0,0,4,0,,67,10,2008,4,40.0571,-75.129,929.0,6,0,0,0,0,0,0,0,0,1.0,0,0,0,9,1,0,1,,1,40 03:25.673,4.0,0,75 07:44.331,0,0,0,0,67301,0,0,0,N,0,0,0,2,46102,0,,1,1,,N,N,,0,,0,0,1,3.0,2,N,925,0,2,0,0,1,0,0,3,4,0,2,3,,N,,,,,,,,,,,
2009029163,9999,0,0,0,0,0,0,0,0,0,7,0,,67,9,2008,3,39.9662,-75.1792,9999.0,6,0,0,0,0,0,1,0,0,,0,0,0,0,6,0,1,,0,39 57:58.110,,0,75 10:45.592,0,0,0,0,67301,0,0,0,,0,0,0,1,00000,0,,2,1,,,,,0,,0,0,1,3.0,2,,30,0,1,0,0,0,0,0,3,4,0,1,3,,N,,,,,,,,,,,
2009025103,2038,1,0,0,0,0,0,0,0,0,4,0,,67,12,2008,1,39.9639,-75.1847,2035.0,6,0,0,0,0,0,1,0,0,2.0,0,0,0,20,3,0,2,,1,39 57:50.182,3.0,2,75 11:05.382,0,0,0,0,67301,0,0,0,N,0,0,0,2,67301,0,,1,1,,N,N,,0,,0,0,1,3.0,2,N,2032,0,2,0,0,0,0,0,3,4,0,2,3,,N,,,,,,,,,,,