CRN,ARRIVAL_TM,AUTOMOBILE_COUNT,BELTED_DEATH_COUNT,BELTED_SUSP_SERIOUS_INJ_COUNT,BICYCLE_COUNT,BICYCLE_DEATH_COUNT,BICYCLE_SUSP_SERIOUS_INJ_COUNT,BUS_COUNT,CHLDPAS_DEATH_COUNT,CHLDPAS_SUSP_SERIOUS_INJ_COUNT,COLLISION_TYPE,COMM_VEH_COUNT,CONS_ZONE_SPD_LIM,COUNTY,CRASH_MONTH,CRASH_YEAR,DAY_OF_WEEK,DEC_LAT,DEC_LONG,DISPATCH_TM,DISTRICT,DRIVER_COUNT_16YR,DRIVER_COUNT_17YR,DRIVER_COUNT_18YR,DRIVER_COUNT_19YR,DRIVER_COUNT_20YR,DRIVER_COUNT_50_64YR,DRIVER_COUNT_65_74YR,DRIVER_COUNT_75PLUS,EST_HRS_CLOSED,FATAL_COUNT,HEAVY_TRUCK_COUNT,HORSE_BUGGY_COUNT,HOUR_OF_DAY,ILLUMINATION,INJURY_COUNT,INTERSECT_TYPE,INTERSECTION_RELATED,LANE_CLOSED,LATITUDE,LN_CLOSE_DIR,LOCATION_TYPE,LONGITUDE,MAX_SEVERITY_LEVEL,MCYCLE_DEATH_COUNT,MCYCLE_SUSP_SERIOUS_INJ_COUNT,MOTORCYCLE_COUNT,MUNICIPALITY,NONMOTR_COUNT,NONMOTR_DEATH_COUNT,NONMOTR_SUSP_SERIOUS_INJ_COUNT,NTFY_HIWY_MAINT,PED_COUNT,PED_DEATH_COUNT,PED_SUSP_SERIOUS_INJ_COUNT,PERSON_COUNT,POLICE_AGCY,POSSIBLE_INJ_COUNT,RDWY_SURF_TYPE_CD,RELATION_TO_ROAD,ROAD_CONDITION,ROADWAY_CLEARED,SCH_BUS_IND,SCH_ZONE_IND,SECONDARY_CRASH,SMALL_TRUCK_COUNT,SPEC_JURIS_CD,SUSP_MINOR_INJ_COUNT,SUSP_SERIOUS_INJ_COUNT,SUV_COUNT,TCD_FUNC_CD,TCD_TYPE,TFC_DETOUR_IND,TIME_OF_DAY,TOT_INJ_COUNT,TOTAL_UNITS,UNB_DEATH_COUNT,UNB_SUSP_SERIOUS_INJ_COUNT,UNBELTED_OCC_COUNT,UNK_INJ_DEG_COUNT,UNK_INJ_PER_COUNT,URBAN_AREA,URBAN_RURAL,VAN_COUNT,VEHICLE_COUNT,WEATHER1,WEATHER2,WORK_ZONE_IND,WORK_ZONE_LOC,WORK_ZONE_TYPE,WORKERS_PRES,WZ_CLOSE_DETOUR,WZ_FLAGGER,WZ_LAW_OFFCR_IND,WZ_LN_CLOSURE,WZ_MOVING,WZ_OTHER,WZ_SHLDER_MDN,WZ_WORKERS_INJ_KILLED
2009025196,9999,1,0,0,0,0,0,0,0,0,8,0,,67,12,2008,3,39.9768,-75.2693,1836.0,6,0,0,0,0,0,0,0,0,,0,0,0,99,3,1,1,,0,39 58:36.426,,0,75 16:09.548,2,0,0,0,67301,1,0,1,,1,0,1,2,67301,0,,1,9,,,,,0,,0,1,0,3.0,3,,9999,1,2,0,0,0,0,0,3,4,0,1,7,,N,,,,,,,,,,,
2009024864,2343,1,0,0,0,0,0,0,0,0,6,0,,67,12,2008,5,39.9431,-75.2153,2337.0,6,0,0,0,0,0,0,0,0,,0,0,0,23,3,1,1,,0,39 56:35.142,,0,75 12:54.968,4,0,0,0,67301,0,0,0,N,0,0,0,2,67301,1,,1,9,,N,N,,0,,0,0,1,3.0,2,,2320,1,2,0,0,0,0,0,3,4,0,2,7,,N,,,,,,,,,,,
2009024868,1812,0,0,0,0,0,0,0,0,0,1,0,,67,12,2008,3,39.9025,-75.2249,1803.0,6,0,0,0,0,0,1,0,0,,0,0,0,17,3,1,0,,0,39 54:08.946,,0,75 13:29.649,4,0,0,0,67301,0,0,0,N,0,0,0,2,67301,1,,1,9,,N,N,,1,,0,0,1,0.0,0,,1755,1,2,0,0,1,0,0,3,4,0,2,7,,N,,,,,,,,,,,
2009030010,1545,3,0,0,0,0,0,0,0,0,1,0,,67,3,2008,7,40.0453,-75.0313,1540.0,6,0,0,0,0,0,2,0,0,,0,0,0,15,1,2,0,,0,40 02:43.221,,0,75 01:52.599,4,0,0,0,67301,0,0,0,,0,0,0,4,67301,1,,1,1,,N,N,,1,,0,0,0,3.0,2,,1510,2,4,0,0,0,1,0,3,4,0,4,3,,N,,,,,,,,,,,
2009030471,1338,1,0,0,0,0,0,0,0,0,4,0,,67,11,2008,3,40.021,-75.1824,1332.0,6,0,0,0,0,0,2,0,0,,0,0,0,13,1,1,1,,0,40 01:15.600,,0,75 10:56.640,8,0,0,0,67301,0,0,0,N,0,0,0,4,67301,0,,1,1,,N,N,,0,,0,0,1,3.0,3,,1330,1,2,0,0,0,1,0,3,4,0,2,3,,N,,,,,,,,,,,
2010010102,0,0,0,0,0,0,0,0,0,0,4,0,,67,7,2008,6,39.9942,-75.199,0.0,6,0,0,0,0,0,0,0,0,,0,0,0,16,1,0,0,,0,39 59:42.282,,0,75 11:53.155,9,0,0,0,67301,0,0,0,N,0,0,0,2,00000,0,,1,1,,N,N,,2,,0,0,0,0.0,0,,1625,0,2,0,0,0,0,1,3,4,0,2,3,,N,,,,,,,,,,,
2012031506,1650,2,0,0,0,0,0,0,0,0,4,0,,67,2,2008,5,40.0011,-75.1529,1630.0,6,0,0,1,0,0,0,0,0,,0,0,0,16,1,1,0,,0,40 00:03.892,,7,75 09:10.468,8,0,0,0,67301,0,0,0,N,0,0,0,3,67301,0,,1,1,,N,N,,0,,0,0,0,0.0,0,,1630,1,2,0,0,0,1,0,3,4,0,2,3,,N,,,,,,,,,,,
2015021878,1655,2,0,0,0,0,0,0,0,0,1,0,,67,11,2008,7,39.9753,-75.1548,1642.0,6,0,0,0,0,0,2,0,0,,0,0,0,16,1,1,0,,0,39 58:31.116,,0,75 09:17.204,8,0,0,0,67301,0,0,0,,0,0,0,4,67301,0,,1,1,,N,,,0,,0,0,0,0.0,0,,1642,1,3,0,0,0,1,0,3,4,1,3,3,,N,,,,,,,,,,,
2009021318,9999,1,0,0,0,0,0,0,0,0,8,0,,67,5,2008,1,39.9604,-75.1386,9999.0,6,0,0,0,0,0,0,0,0,,0,0,0,99,1,1,0,,0,39 57:37.593,,0,75 08:21.090,4,0,0,0,67301,1,0,0,,1,0,0,1,67301,1,,1,1,,,,,0,,0,0,0,0.0,0,,9999,1,2,0,0,0,0,0,3,4,0,1,3,,N,,,,,,,,,,,
2009001013,10,0,0,0,0,0,0,0,0,0,2,0,,67,11,2008,1,40.0719,-75.1607,10.0,6,0,0,0,0,0,0,0,0,,0,0,0,0,3,3,3,,0,40 04:18.750,,0,75 09:38.648,3,0,0,0,67301,0,0,0,N,0,0,0,4,67301,2,,1,9,,N,N,,0,,1,0,2,0.0,0,,5,3,2,0,0,0,0,0,3,4,0,2,7,,N,,,,,,,,,,,
2009001116,1736,1,0,0,0,0,0,0,0,0,4,0,,67,11,2008,1,39.9553,-75.1747,1731.0,6,0,0,0,1,0,0,0,0,,0,0,0,17,3,1,2,,0,39 57:19.215,,0,75 10:29.052,4,0,0,0,67301,0,0,0,,0,0,0,2,67301,1,,1,1,,N,N,,1,,0,0,0,0.0,0,,1700,1,2,0,0,0,0,0,3,4,0,2,3,,N,,,,,,,,,,,
2009024732,1637,2,0,0,0,0,0,0,0,0,1,0,,67,12,2008,6,39.9755,-75.2554,1637.0,6,0,0,0,0,0,1,0,0,,0,0,0,4,3,1,2,,0,39 58:31.854,,0,75 15:19.407,4,0,0,0,67301,0,0,0,N,0,0,0,4,67301,1,,1,9,,N,N,,0,,0,0,0,3.0,2,,400,1,4,0,0,0,0,0,3,4,1,4,7,,N,,,,,,,,,,,
2009024752,1836,1,0,0,0,0,0,0,0,0,8,0,,67,12,2008,4,39.9249,-75.174,1832.0,6,0,0,0,0,0,0,0,0,,0,0,0,18,2,1,0,,0,39 55:27.760,,0,75 10:10.852,4,0,0,0,67301,1,0,0,N,1,0,0,4,67301,1,,6,1,,N,N,,0,,0,0,0,0.0,0,,1830,1,2,0,0,0,0,0,3,4,0,1,3,,N,,,,,,,,,,,
2009014365,2210,1,0,0,0,0,0,0,0,0,7,0,,67,12,2008,3,40.0284,-75.1536,2200.0,6,0,0,0,0,0,0,0,0,,0,0,0,19,3,0,1,,0,40 01:42.391,,0,75 09:12.945,9,0,0,0,67301,0,0,0,,0,0,0,2,67301,0,,2,1,,,,,0,,0,0,0,0.0,0,,1900,0,1,0,0,0,0,2,3,4,0,1,3,,N,,,,,,,,,,,
2009002188,1220,0,0,0,0,0,0,0,0,0,8,0,,67,11,2008,5,40.0385,-75.1693,1205.0,6,0,0,0,0,0,0,0,0,,0,0,0,7,1,1,0,,0,40 02:18.535,,0,75 10:09.501,4,0,0,0,67301,1,0,0,N,1,0,0,2,67301,1,,1,1,,N,N,,0,,0,0,0,0.0,0,,730,1,2,0,0,0,0,0,3,4,1,1,3,,N,,,,,,,,,,,
2009004036,302,0,0,0,0,0,0,0,0,0,7,0,,67,12,2008,1,39.977,-75.1127,252.0,6,0,0,0,0,0,0,0,0,1.0,0,0,0,2,3,0,0,,2,39 58:38.257,1.0,3,75 06:45.291,9,0,0,0,67301,0,0,0,N,0,0,0,2,68K02,0,,2,9,,N,N,,0,,0,0,1,0.0,0,N,245,0,2,0,0,0,0,1,3,4,0,2,7,,N,,,,,,,,,,,
2009000529,1440,0,0,0,0,0,0,0,0,0,4,0,,67,11,2008,5,39.9804,-75.1709,1440.0,6,0,0,0,0,0,0,0,0,1.0,0,0,0,14,1,1,2,,1,39 58:49.322,2.0,0,75 10:15.324,8,0,0,0,67301,0,0,0,,0,0,0,3,67301,0,,1,1,,N,N,,1,,0,0,0,3.0,2,Y,1433,1,2,0,0,1,1,0,3,4,1,2,3,,N,,,,,,,,,,,
2009000540,1024,2,0,0,0,0,0,0,0,0,1,0,,67,10,2008,4,40.0189,-75.0636,1024.0,6,0,0,0,0,0,0,0,0,9.0,0,0,0,10,1,2,0,,2,40 01:07.960,1.0,0,75 03:48.963,4,0,0,0,67301,0,0,0,,0,0,0,3,67301,2,,1,1,,,,,0,,0,0,0,0.0,0,Y,1020,2,2,0,0,0,0,0,3,4,0,2,3,,N,,,,,,,,,,,
2009004113,1620,0,0,0,0,0,0,1,0,0,2,1,,67,11,2008,5,40.0275,-75.0626,1610.0,6,0,0,0,0,0,0,0,0,,0,0,0,16,1,1,3,,0,40 01:38.992,,0,75 03:45.487,4,0,0,0,67301,0,0,0,N,0,0,0,2,67301,1,,1,9,,Y,N,,0,,0,0,0,3.0,3,,1605,1,2,0,0,0,0,0,3,4,1,2,7,,N,,,,,,,,,,,
2009000776,620,1,0,0,0,0,0,0,0,0,4,0,,67,11,2008,4,39.9588,-75.2063,615.0,6,0,0,0,0,0,1,0,0,,0,0,0,6,5,1,1,,0,39 57:31.834,,0,75 12:22.607,4,0,0,0,67301,0,0,0,N,0,0,0,2,67301,1,,1,9,,N,N,,0,,0,0,0,3.0,2,,614,1,2,0,0,0,0,1,3,4,1,2,7,,N,,,,,,,,,,,
2009000879,1731,1,0,0,0,0,0,0,0,0,8,0,,67,11,2008,6,39.9365,-75.2216,1726.0,6,0,0,0,0,0,0,0,0,,0,0,0,17,4,1,1,,0,39 56:11.432,,0,75 13:17.864,3,0,0,0,67301,1,0,0,N,1,0,0,2,67301,0,,1,98,,N,N,,0,,1,0,0,3.0,3,,1726,1,2,0,0,0,0,0,3,4,0,1,99,,N,,,,,,,,,,,
2009001038,1500,0,0,0,0,0,0,0,0,0,8,0,,67,11,2008,2,39.9585,-75.2252,1455.0,6,0,0,0,0,0,0,0,0,,0,0,0,17,3,1,1,,0,39 57:30.547,,0,75 13:30.586,4,0,0,0,67301,1,0,0,N,1,0,0,2,67301,1,,1,1,,N,N,,0,,0,0,0,0.0,0,,1750,1,2,0,0,0,0,0,3,4,0,1,3,,N,,,,,,,,,,,
2009005738,1650,2,0,0,0,0,0,0,0,0,4,0,,67,7,2008,5,40.0023,-75.1216,1645.0,6,0,0,0,0,0,0,0,0,2.0,0,0,0,16,1,1,2,,2,40 00:08.348,4.0,0,75 07:17.723,4,0,0,0,67301,0,0,0,N,0,0,0,2,67301,1,,1,1,,N,N,,1,,0,0,0,3.0,3,N,1635,1,3,0,0,1,0,0,3,4,0,3,3,,N,,,,,,,,,,,
2009015045,48,2,0,0,0,0,0,0,0,0,8,0,,67,12,2008,1,40.0054,-75.1073,46.0,6,0,0,0,0,0,1,0,0,1.0,0,0,0,0,3,2,2,,1,40 00:19.594,6.0,0,75 06:26.393,8,0,0,0,67301,0,0,0,,0,0,0,3,67301,0,,1,9,,N,N,,0,,0,0,1,9.0,3,N,46,2,4,0,0,2,2,0,3,4,1,4,10,,N,,,,,,,,,,,
2009015049,2055,1,0,0,1,0,0,0,0,0,2,0,,67,12,2008,2,39.9399,-75.1831,2055.0,6,0,0,0,0,0,0,1,0,,0,0,0,20,3,1,1,,0,39 56:23.586,,0,75 10:59.271,4,0,0,0,67301,1,0,0,N,0,0,0,2,67301,1,,1,1,,N,N,,0,,0,0,0,3.0,2,,2053,1,2,0,0,1,0,0,3,4,0,1,3,,N,,,,,,,,,,,
2009002457,1630,1,0,0,0,0,0,0,0,0,6,0,,67,11,2008,3,39.9727,-75.169,1630.0,6,0,0,0,0,0,1,0,0,,0,0,0,16,4,0,1,,0,39 58:21.689,,0,75 10:08.305,0,0,0,0,67301,0,0,0,N,0,0,0,5,67301,0,,1,1,,N,N,,1,,0,0,0,0.0,0,,1630,0,2,0,0,1,0,0,3,4,0,2,3,,N,,,,,,,,,,,
2009013483,2036,0,0,0,0,0,0,0,0,0,7,0,,67,12,2008,3,39.8925,-75.2226,2022.0,6,0,0,0,0,0,0,0,0,,0,0,0,20,3,0,0,,0,39 53:29.328,,3,75 13:17.813,0,0,0,0,67301,0,0,0,N,0,0,0,1,67301,0,,7,8,,N,N,,0,,0,0,1,0.0,0,,2018,0,1,0,0,0,0,0,3,4,0,1,3,,N,,,,,,,,,,,
2009026049,9999,0,0,0,0,0,0,0,0,0,8,0,,67,12,2008,2,40.0099,-75.156,9999.0,6,0,0,0,0,0,1,0,0,,0,0,0,99,3,1,1,,0,40 00:35.489,,0,75 09:21.409,8,0,0,0,67301,1,0,0,,1,0,0,4,67301,0,,1,1,,N,N,,0,,0,0,0,3.0,2,,9999,1,2,0,0,2,1,0,3,4,1,1,3,,N,,,,,,,,,,,
2009013595,2249,2,0,0,0,0,0,0,0,0,4,0,,67,12,2008,3,39.9582,-75.2355,2248.0,6,0,0,0,0,0,0,0,0,,0,0,0,22,3,0,1,,0,39 57:29.526,,0,75 14:07.850,0,0,0,0,67301,0,0,0,N,0,0,0,3,67301,0,,1,9,,N,N,,0,,0,0,0,3.0,2,,2230,0,2,0,0,0,0,0,3,4,0,2,7,,N,,,,,,,,,,,
2009013865,2156,2,0,0,0,0,0,0,0,0,4,0,,67,12,2008,4,39.9239,-75.2453,2155.0,6,0,0,0,0,0,0,0,1,,0,0,0,9,1,0,0,,0,39 55:25.867,,7,75 14:43.249,0,0,0,0,67301,0,0,0,N,0,0,0,5,67301,0,,1,9,,N,N,,0,,0,0,0,0.0,0,,950,0,2,0,0,0,0,0,3,4,0,2,7,,N,,,,,,,,,,,
2009013411,9999,0,0,0,0,0,0,0,0,0,8,0,,67,12,2008,5,39.9573,-75.1912,1852.0,6,0,0,0,0,0,0,0,0,,0,0,0,18,3,1,1,,0,39 57:26.165,,0,75 11:28.187,2,0,0,0,67301,1,0,1,N,1,0,1,2,67301,0,,1,9,,N,N,,0,,0,1,1,3.0,2,,1852,1,2,0,0,0,0,0,3,4,0,1,7,,N,,,,,,,,,,,
2009013435,126,2,0,0,0,0,0,0,0,0,6,0,,67,1,2008,2,39.9577,-75.2314,120.0,6,0,0,0,0,0,0,0,0,,0,0,0,1,3,0,1,,0,39 57:27.712,,0,75 13:53.176,0,0,0,0,67301,0,0,0,N,0,0,0,2,67301,0,,1,1,,N,N,,0,,0,0,2,3.0,2,,115,0,4,0,0,0,0,0,3,4,0,4,3,,N,,,,,,,,,,,
2009029557,0,2,0,0,0,0,0,0,0,0,1,0,,67,11,2008,3,39.95,-75.1921,0.0,6,0,0,0,0,0,1,0,0,,0,0,0,6,6,2,0,,0,39 57:19.800,,0,75 11:22.200,8,0,0,0,67301,0,0,0,N,0,0,0,2,00000,0,,1,1,,N,N,,0,,0,0,0,0.0,0,,600,2,2,0,0,0,2,0,3,4,0,2,3,,N,,,,,,,,,,,
2009093176,1855,1,0,0,0,0,0,0,0,0,1,0,,67,8,2008,5,40.0113,-75.2002,1855.0,6,0,0,0,0,0,0,0,0,,0,0,0,17,1,0,0,,0,40 00:40.837,,0,75 12:00.806,0,0,0,0,67301,0,0,0,N,0,0,0,2,67301,0,,1,9,,N,N,,0,,0,0,1,0.0,0,,1730,0,2,0,0,0,0,0,3,4,0,2,7,,N,,,,,,,,,,,
2009002142,2025,1,0,0,0,0,0,0,0,0,2,0,,67,11,2008,2,40.1097,-74.9881,2020.0,6,0,0,0,1,0,1,0,0,,0,0,0,20,3,0,0,,0,40 06:34.754,,0,74 59:17.152,0,0,0,0,67301,0,0,0,N,0,0,0,2,67301,0,,1,1,,N,N,,1,,0,0,0,0.0,0,,2019,0,2,0,0,0,0,0,3,4,0,2,3,,N,,,,,,,,,,,
2009002207,1805,2,0,0,0,0,0,0,0,0,1,0,,67,11,2008,6,40.0304,-75.1318,1805.0,6,0,0,0,0,0,0,0,0,,0,0,0,17,3,1,0,,0,40 01:49.336,,0,75 07:54.573,4,0,0,0,67301,0,0,0,N,0,0,0,3,67301,1,,1,9,,N,N,,0,,0,0,0,0.0,0,,1755,1,2,0,0,0,0,0,3,4,0,2,7,,N,,,,,,,,,,,
2009002287,757,0,0,0,0,0,0,0,0,0,4,0,,67,11,2008,3,40.0564,-75.0138,749.0,6,0,0,0,0,0,1,0,0,,0,0,0,7,1,1,0,,0,40 03:23.076,,0,75 00:49.925,8,0,0,0,67301,0,0,0,N,0,0,0,2,67301,0,,1,9,,N,N,,0,,0,0,1,0.0,0,,735,1,2,0,0,0,1,0,3,4,1,2,7,,N,,,,,,,,,,,
2009000602,1300,1,0,0,0,0,0,0,0,0,8,0,,67,10,2008,4,39.9772,-75.1801,1232.0,6,0,0,0,0,0,0,0,0,,0,0,0,12,1,1,2,,0,39 58:38.046,,0,75 10:48.485,4,0,0,0,67301,1,0,0,N,1,0,0,2,67301,1,,1,1,,N,N,,0,,0,0,0,0.0,0,,1232,1,2,0,0,0,0,0,3,4,0,1,3,,N,,,,,,,,,,,
2009006686,1444,1,0,0,0,0,0,0,0,0,1,0,,67,12,2008,1,39.9569,-75.1535,1442.0,6,0,0,0,0,0,0,1,0,,0,0,0,14,1,1,0,,0,39 57:24.992,,0,75 09:12.084,8,0,0,0,67301,0,0,0,N,0,0,0,6,68K01,0,,1,1,,N,N,,0,,0,0,1,0.0,0,,1439,1,2,0,0,0,1,0,3,4,0,2,3,,N,,,,,,,,,,,
2009003650,19,1,0,0,0,0,0,0,0,0,7,0,,67,12,2008,4,39.9693,-75.192,19.0,6,0,0,0,0,0,0,0,0,2.0,0,0,0,0,3,1,0,,1,39 58:13.860,4.0,0,75 11:34.350,4,0,0,0,67301,0,0,0,N,0,0,0,1,68K01,1,,2,9,,N,N,,0,,0,0,0,0.0,0,N,3,1,1,0,0,1,0,0,3,4,0,1,7,,N,,,,,,,,,,,
2009000985,9999,0,0,0,0,0,0,0,0,0,2,0,,67,11,2008,7,40.1067,-74.9992,9999.0,6,0,0,0,0,0,1,0,0,,0,0,0,99,1,3,0,,0,40 06:24.109,,0,74 59:57.166,8,0,0,0,67301,0,0,0,N,0,0,0,3,67301,0,,1,9,,N,N,,1,,0,0,1,0.0,0,,9999,3,2,0,0,0,3,0,3,4,0,2,7,,N,,,,,,,,,,,
2009000987,1146,2,0,0,0,0,0,0,0,0,4,0,,67,11,2008,7,39.9499,-75.229,1137.0,6,0,0,0,0,0,0,0,0,,0,0,0,11,1,2,1,,0,39 56:59.812,,0,75 13:44.525,4,0,0,0,67301,0,0,0,N,0,0,0,5,67301,2,,1,9,,N,N,,0,,0,0,0,3.0,3,,1130,2,2,0,0,0,0,0,3,4,0,2,7,,N,,,,,,,,,,,
2009000994,1600,2,0,0,0,0,0,0,0,0,2,0,,67,11,2008,1,40.0889,-74.9694,1553.0,6,1,0,1,0,0,0,0,0,,0,0,0,99,1,1,2,,0,40 05:19.683,,0,74 58:10.236,8,0,0,0,67301,0,0,0,N,0,0,0,4,67301,0,,1,1,,N,N,,0,,0,0,0,3.0,2,,9999,1,2,0,0,0,1,0,3,4,0,2,3,,N,,,,,,,,,,,
2009001033,2133,0,0,0,0,0,0,0,0,0,1,0,,67,11,2008,2,40.0395,-75.1544,2130.0,6,0,0,0,0,0,0,0,0,,0,0,0,21,3,1,0,,0,40 02:22.193,,0,75 09:15.710,4,0,0,0,67301,0,0,0,N,0,0,0,1,67301,1,,6,1,,N,N,,0,,0,0,1,0.0,0,,2130,1,2,0,0,0,0,0,3,4,1,2,3,,N,,,,,,,,,,,
2009013347,1805,1,0,0,0,0,0,0,0,0,4,0,,67,12,2008,6,40.0331,-75.1812,1800.0,6,0,0,0,0,0,0,0,0,,0,0,0,16,1,1,1,,0,40 01:59.118,,0,75 10:52.400,4,0,0,0,67301,0,0,0,N,0,0,0,4,67301,1,,1,1,,N,N,,1,,0,0,0,3.0,2,,1615,1,2,0,0,0,0,0,3,4,0,2,3,,N,,,,,,,,,,,
2009013352,9999,2,0,0,0,0,0,0,0,0,1,0,,67,11,2008,5,40.0564,-75.0751,9999.0,6,0,0,0,0,0,0,0,0,2.0,0,0,0,99,3,2,2,,2,40 03:22.904,4.0,0,75 04:30.487,8,0,0,0,67301,0,0,0,N,0,0,0,4,67301,0,,1,9,,N,N,,1,,0,0,0,3.0,2,Y,9999,2,3,0,0,0,2,1,3,4,0,3,7,,N,,,,,,,,,,,
2009013388,915,1,0,0,0,0,0,0,0,0,4,0,,67,12,2008,2,40.038,-75.009,912.0,6,0,0,0,0,1,0,0,0,9.0,0,0,0,9,1,0,0,,1,40 02:16.632,1.0,0,75 00:33.261,0,0,0,0,67301,0,0,0,,0,0,0,4,67301,0,,1,1,,,,,0,,0,0,0,0.0,0,N,905,0,2,0,0,0,0,0,3,4,1,2,3,,N,,,,,,,,,,,
2009013533,1950,1,0,0,0,0,0,0,0,0,4,0,,67,11,2008,2,40.0493,-75.0679,1939.0,6,0,0,0,0,0,0,0,0,,0,0,0,19,2,1,1,,0,40 02:57.664,,0,75 04:04.483,8,0,0,0,67301,0,0,0,,0,0,0,2,67301,0,,1,9,,,,,0,,0,0,1,3.0,2,,1925,1,2,0,0,0,1,0,3,4,0,2,7,,N,,,,,,,,,,,
2009026082,1233,1,0,0,0,0,0,0,0,0,1,0,,67,12,2008,7,40.114,-74.9876,1232.0,6,0,0,0,0,0,0,0,0,1.0,0,0,0,12,1,2,1,,1,40 06:50.546,1.0,0,74 59:15.382,4,0,0,0,67301,0,0,0,N,0,0,0,4,67301,1,,1,1,,N,N,,0,,0,0,1,3.0,2,N,1232,2,2,0,0,0,1,0,3,4,0,2,3,,N,,,,,,,,,,,
2009013553,224,1,0,0,0,0,0,0,0,0,7,0,,67,11,2008,5,,,224.0,6,0,0,0,0,0,0,0,0,,0,0,0,2,3,0,0,,0,,,2,,0,0,0,0,67301,0,0,0,N,0,0,0,2,67501,0,,4,1,,N,N,,0,,0,0,0,0.0,0,,220,0,1,0,0,0,0,0,3,3,0,1,3,,N,,,,,,,,,,,
2009026107,2156,0,0,0,0,0,0,0,0,0,7,0,,67,12,2008,3,40.0504,-75.1644,2150.0,6,0,0,0,0,0,0,0,0,,0,0,0,21,3,2,2,,0,40 03:01.375,,0,75 09:52.001,4,0,0,0,67301,0,0,0,N,0,0,0,2,67301,2,,5,1,,N,N,,0,,0,0,1,0.0,0,,2156,2,1,0,0,0,0,0,3,4,0,1,3,,N,,,,,,,,,,,
2009013650,1525,0,0,0,0,0,0,0,0,0,8,0,,67,12,2008,3,39.9898,-75.1177,1520.0,6,0,0,0,0,0,0,0,0,1.0,0,0,0,15,1,1,1,,1,39 59:23.113,1.0,0,75 07:03.787,4,0,0,0,67301,1,0,0,N,1,0,0,2,67301,1,,1,1,,N,N,,1,,0,0,0,3.0,2,N,1520,1,2,0,0,0,0,0,3,4,0,1,3,,N,,,,,,,,,,,
2009013243,105,2,0,0,0,0,0,0,0,0,4,0,,67,11,2008,5,39.9983,-75.1274,100.0,6,0,0,0,0,0,0,0,0,,0,0,0,0,3,0,1,,0,39 59:53.720,,0,75 07:38.508,9,0,0,0,67301,0,0,0,N,0,0,0,3,67301,0,,1,9,,N,N,,0,,0,0,0,3.0,2,,45,0,2,0,0,0,0,2,3,4,0,2,7,,N,,,,,,,,,,,
2009013428,2146,2,0,0,0,0,0,0,0,0,1,0,,67,11,2008,4,39.8946,-75.2367,2143.0,6,0,0,1,0,0,0,0,0,,0,0,0,21,3,2,2,,0,39 53:40.604,,0,75 14:12.181,4,0,0,0,67301,0,0,0,,0,0,0,3,67301,2,,1,1,,,,,0,,0,0,0,3.0,2,,2115,2,2,0,0,1,0,0,3,4,0,2,3,,N,,,,,,,,,,,
2009029201,9999,1,0,0,0,0,0,0,0,0,5,0,,67,5,2008,6,39.9603,-75.2452,9999.0,6,0,0,0,1,0,1,0,0,,0,0,0,15,1,2,0,,0,39 57:37.000,,0,75 14:42.600,4,0,0,0,67301,0,0,0,N,0,0,0,3,00000,2,,1,9,,N,N,,0,,0,0,1,0.0,0,,1515,2,2,0,0,0,0,1,3,4,0,2,99,,N,,,,,,,,,,,
2009024624,1506,0,0,0,0,0,0,0,0,0,8,0,,67,12,2008,5,40.0113,-75.1306,1459.0,6,0,0,0,0,0,1,0,0,1.0,0,0,0,14,1,1,0,,1,40 00:40.834,1.0,0,75 07:50.113,4,0,0,0,67301,1,0,0,N,1,0,0,2,67301,1,,1,1,,N,N,,1,,0,0,0,0.0,0,Y,1456,1,2,0,0,0,0,0,3,4,0,1,3,,N,,,,,,,,,,,
2009024695,1959,1,0,0,0,0,0,0,0,0,8,0,,67,12,2008,4,40.0432,-75.0523,1953.0,6,0,0,0,0,0,0,0,0,,0,0,0,19,3,1,1,,0,40 02:35.649,,0,75 03:08.136,4,0,0,0,67301,1,0,0,N,1,0,0,2,67301,1,,1,1,,N,N,,0,,0,0,0,3.0,2,,1949,1,2,0,0,0,0,0,3,4,0,1,3,,N,,,,,,,,,,,
2009024881,530,2,0,0,0,0,0,0,0,0,1,0,,67,12,2008,4,40.0903,-75.0609,515.0,6,0,0,0,0,0,1,0,0,,0,0,0,5,3,2,2,,0,40 05:25.231,,0,75 03:39.293,8,0,0,0,67301,0,0,0,,0,0,0,2,67301,0,,1,2,,N,N,,0,,0,0,0,3.0,3,,500,2,2,0,0,0,2,0,3,4,0,2,98,,N,,,,,,,,,,,
2009013699,40,1,0,0,0,0,0,0,0,0,7,0,,67,12,2008,6,40.021,-75.0915,34.0,6,0,0,0,0,0,0,0,0,,0,0,0,0,3,1,1,,0,40 01:15.697,,0,75 05:29.338,3,0,0,0,67301,0,0,0,,0,0,0,1,67301,0,,2,9,,N,N,,0,,1,0,0,3.0,3,,33,1,1,0,0,0,0,0,3,4,0,1,3,,N,,,,,,,,,,,
2009013823,1122,1,0,0,0,0,0,0,0,0,1,0,,67,12,2008,7,40.0386,-75.2231,1120.0,6,0,0,0,0,0,0,1,0,,0,0,0,11,1,1,0,,0,40 02:18.332,,0,75 13:22.953,8,0,0,0,67301,0,0,0,N,0,0,0,3,67301,0,,1,1,,N,N,,0,,0,0,1,0.0,0,,1120,1,2,0,0,0,1,0,3,4,0,2,3,,N,,,,,,,,,,,