CRN,ARRIVAL_TM,AUTOMOBILE_COUNT,BELTED_DEATH_COUNT,BELTED_SUSP_SERIOUS_INJ_COUNT,BICYCLE_COUNT,BICYCLE_DEATH_COUNT,BICYCLE_SUSP_SERIOUS_INJ_COUNT,BUS_COUNT,CHLDPAS_DEATH_COUNT,CHLDPAS_SUSP_SERIOUS_INJ_COUNT,COLLISION_TYPE,COMM_VEH_COUNT,CONS_ZONE_SPD_LIM,COUNTY,CRASH_MONTH,CRASH_YEAR,DAY_OF_WEEK,DEC_LAT,DEC_LONG,DISPATCH_TM,DISTRICT,DRIVER_COUNT_16YR,DRIVER_COUNT_17YR,DRIVER_COUNT_18YR,DRIVER_COUNT_19YR,DRIVER_COUNT_20YR,DRIVER_COUNT_50_64YR,DRIVER_COUNT_65_74YR,DRIVER_COUNT_75PLUS,EST_HRS_CLOSED,FATAL_COUNT,HEAVY_TRUCK_COUNT,HORSE_BUGGY_COUNT,HOUR_OF_DAY,ILLUMINATION,INJURY_COUNT,INTERSECT_TYPE,INTERSECTION_RELATED,LANE_CLOSED,LATITUDE,LN_CLOSE_DIR,LOCATION_TYPE,LONGITUDE,MAX_SEVERITY_LEVEL,MCYCLE_DEATH_COUNT,MCYCLE_SUSP_SERIOUS_INJ_COUNT,MOTORCYCLE_COUNT,MUNICIPALITY,NONMOTR_COUNT,NONMOTR_DEATH_COUNT,NONMOTR_SUSP_SERIOUS_INJ_COUNT,NTFY_HIWY_MAINT,PED_COUNT,PED_DEATH_COUNT,PED_SUSP_SERIOUS_INJ_COUNT,PERSON_COUNT,POLICE_AGCY,POSSIBLE_INJ_COUNT,RDWY_SURF_TYPE_CD,RELATION_TO_ROAD,ROAD_CONDITION,ROADWAY_CLEARED,SCH_BUS_IND,SCH_ZONE_IND,SECONDARY_CRASH,SMALL_TRUCK_COUNT,SPEC_JURIS_CD,SUSP_MINOR_INJ_COUNT,SUSP_SERIOUS_INJ_COUNT,SUV_COUNT,TCD_FUNC_CD,TCD_TYPE,TFC_DETOUR_IND,TIME_OF_DAY,TOT_INJ_COUNT,TOTAL_UNITS,UNB_DEATH_COUNT,UNB_SUSP_SERIOUS_INJ_COUNT,UNBELTED_OCC_COUNT,UNK_INJ_DEG_COUNT,UNK_INJ_PER_COUNT,URBAN_AREA,URBAN_RURAL,VAN_COUNT,VEHICLE_COUNT,WEATHER1,WEATHER2,WORK_ZONE_IND,WORK_ZONE_LOC,WORK_ZONE_TYPE,WORKERS_PRES,WZ_CLOSE_DETOUR,WZ_FLAGGER,WZ_LAW_OFFCR_IND,WZ_LN_CLOSURE,WZ_MOVING,WZ_OTHER,WZ_SHLDER_MDN,WZ_WORKERS_INJ_KILLED
2009013825,920,2,0,0,0,0,0,0,0,0,4,0,,67,12,2008,4,40.0164,-75.2105,916.0,6,0,0,0,0,0,0,1,0,,0,0,0,9,1,0,1,,0,40 00:59.380,,0,75 12:38.493,0,0,0,0,67301,0,0,0,,0,0,0,2,67301,0,,1,1,,,,,0,,0,0,0,9.0,3,,900,0,2,0,0,0,0,0,3,4,0,2,3,,N,,,,,,,,,,,
2009002764,812,1,0,0,0,0,0,0,0,0,7,0,,67,12,2008,3,39.9649,-75.1373,801.0,6,0,0,0,0,0,0,0,0,,0,0,0,7,1,1,0,,0,39 57:52.412,,0,75 08:15.553,4,0,0,0,67301,0,0,0,N,0,0,0,1,68K01,1,,3,1,,N,N,,0,,0,0,0,0.0,0,,757,1,1,0,0,0,0,0,3,4,0,1,3,,N,,,,,,,,,,,
2009000860,2053,1,0,0,0,0,0,0,0,0,4,0,,67,11,2008,2,39.9747,-75.1384,2052.0,6,0,0,0,0,1,0,0,0,,0,0,0,20,3,1,1,,0,39 58:29.078,,0,75 08:18.344,4,0,0,0,67301,0,0,0,N,0,0,0,2,67301,1,,1,1,,N,N,,0,,0,0,1,3.0,2,,2032,1,2,0,0,0,0,0,3,4,0,2,3,,N,,,,,,,,,,,
2009024749,2339,2,0,0,0,0,0,0,0,0,1,0,,67,10,2008,4,39.9136,-75.1378,2338.0,6,0,0,0,0,0,0,0,0,,0,0,0,23,3,2,0,,0,39 54:48.966,,0,75 08:16.172,8,0,0,0,67301,0,0,0,N,0,0,0,3,67301,0,,1,1,,N,N,,0,,0,0,0,0.0,0,,2338,2,2,0,0,0,2,1,3,4,0,2,3,,N,,,,,,,,,,,
2009024802,9999,2,0,0,0,0,0,0,0,0,1,0,,67,12,2008,6,40.0089,-75.072,801.0,6,0,0,0,0,0,0,0,0,,0,0,0,99,3,1,1,,0,40 00:32.102,,0,75 04:19.233,8,0,0,0,67301,0,0,0,N,0,0,0,2,67301,0,,1,1,,N,N,,0,,0,0,0,0.0,0,,9999,1,2,0,0,0,1,0,3,4,0,2,3,,N,,,,,,,,,,,
2009002620,627,1,0,0,0,0,0,0,0,0,8,0,,67,10,2008,3,40.1025,-74.982,621.0,6,0,0,0,0,0,0,0,0,3.0,0,0,0,6,3,1,2,,2,40 06:08.902,5.0,0,74 58:55.293,8,0,0,0,67301,1,0,0,N,1,0,0,2,67301,0,,1,1,,N,N,,0,,0,0,0,3.0,2,Y,613,1,2,0,0,0,1,0,3,4,0,1,5,,N,,,,,,,,,,,
2009002178,743,1,0,0,0,0,0,0,0,0,2,0,,67,11,2008,4,40.0159,-75.1296,741.0,6,0,0,1,0,0,0,0,0,,0,0,0,6,1,1,1,,0,40 00:57.319,,0,75 07:46.466,8,0,0,0,67301,0,0,0,,0,0,0,2,67301,0,,1,1,,N,N,,0,,0,0,0,0.0,0,,648,1,2,0,0,0,1,0,3,4,1,2,3,,N,,,,,,,,,,,
2009002200,1946,2,0,0,0,0,0,0,0,0,4,0,,67,11,2008,5,40.0367,-75.0645,1935.0,6,0,0,0,0,0,0,0,0,,0,0,0,18,3,0,1,,0,40 02:12.340,,0,75 03:51.744,0,0,0,0,67301,0,0,0,,0,0,0,5,67301,0,,1,9,,,,,0,,0,0,0,3.0,2,,1810,0,2,0,0,0,0,0,3,4,0,2,7,,N,,,,,,,,,,,
2009002205,58,1,0,0,0,0,0,0,0,0,8,0,,67,11,2008,2,40.0375,-75.1491,55.0,6,0,0,0,0,0,0,0,0,,0,0,0,22,3,1,0,,0,40 02:14.965,,0,75 08:56.891,8,0,0,0,67301,1,0,0,N,1,0,0,2,67301,0,,2,1,,N,N,,0,,0,0,0,0.0,0,,2200,1,2,0,0,0,1,0,3,4,0,1,3,,N,,,,,,,,,,,
2009002274,1403,2,0,0,0,0,0,0,0,0,4,0,,67,11,2008,7,39.9685,-75.2032,1400.0,6,0,0,0,0,0,0,1,0,9.0,0,0,0,13,1,3,1,,9,39 58:06.452,4.0,0,75 12:11.674,8,0,0,0,67301,0,0,0,N,0,0,0,4,67301,0,,1,1,,N,N,,0,,0,0,0,3.0,2,N,1359,3,2,0,0,0,3,0,3,4,0,2,3,,N,,,,,,,,,,,
2009012256,1200,2,0,0,0,0,0,0,0,0,1,0,,67,11,2008,3,39.9923,-75.1422,1153.0,6,0,0,0,0,0,1,0,0,,0,0,0,10,1,2,1,,0,39 59:32.614,,0,75 08:31.878,8,0,0,0,67301,0,0,0,,0,0,0,4,67301,0,,1,1,,N,N,,0,,0,0,0,3.0,2,,1032,2,3,0,0,0,2,0,3,4,1,3,3,,N,,,,,,,,,,,
2009031147,2230,1,0,0,0,0,0,0,0,0,7,0,,67,12,2008,2,39.8891,-75.219,2230.0,6,0,0,0,0,0,1,0,0,,0,0,0,22,3,0,0,,0,39 53:12.840,,2,75 12:55.440,0,0,0,0,67301,0,0,0,N,0,0,0,1,67301,0,,2,1,,N,N,,0,,0,0,0,0.0,0,,2225,0,1,0,0,0,0,0,3,4,0,1,3,,N,,,,,,,,,,,
2009003147,1420,0,0,0,0,0,0,1,0,0,4,1,,67,11,2008,3,40.0418,-75.1921,1418.0,6,0,0,0,0,0,1,0,0,3.0,0,0,0,14,1,1,1,,2,40 02:30.531,5.0,0,75 11:31.575,4,0,0,0,67301,0,0,0,N,0,0,0,2,67301,1,,1,1,,Y,N,,0,,0,0,1,3.0,2,Y,1410,1,2,0,0,0,0,0,3,4,0,2,3,,N,,,,,,,,,,,
2009001749,1028,2,0,0,0,0,0,0,0,0,2,0,,67,11,2008,6,39.9724,-75.1665,1020.0,6,0,0,0,0,1,0,0,0,,0,0,0,99,1,1,1,,0,39 58:20.544,,0,75 09:59.380,4,0,0,0,67301,0,0,0,N,0,0,0,2,67301,1,,1,9,,N,N,,0,,0,0,0,3.0,2,,9999,1,2,0,0,0,0,0,3,4,0,2,10,,N,,,,,,,,,,,
2009003842,1419,1,0,1,0,0,0,0,0,0,1,0,,67,12,2008,3,39.9598,-75.1775,1419.0,6,0,0,0,1,0,0,0,0,,0,0,0,14,1,2,0,,0,39 57:36.285,,0,75 10:46.169,2,0,0,0,67301,0,0,0,N,0,0,0,3,68K01,1,,1,1,,N,N,,1,,0,1,0,0.0,0,,1416,2,2,0,0,0,0,0,3,4,0,2,3,,N,,,,,,,,,,,
2009015043,1010,2,0,0,0,0,0,0,0,0,4,0,,67,11,2008,7,40.0446,-75.0547,1002.0,6,0,0,0,0,1,0,0,0,1.0,0,0,0,10,1,3,1,,1,40 02:40.636,2.0,0,75 03:16.819,3,0,0,0,67301,0,0,0,N,0,0,0,4,67301,1,,1,1,,N,N,,0,,2,0,0,3.0,2,N,1000,3,2,0,0,0,0,0,3,4,0,2,3,,N,,,,,,,,,,,
2009014214,1402,2,0,0,0,0,0,0,0,0,4,0,,67,11,2008,5,39.9731,-75.2003,1355.0,6,0,0,0,0,0,0,0,0,3.0,0,0,0,13,1,0,0,,1,39 58:23.134,3.0,0,75 12:01.072,0,0,0,0,67301,0,0,0,N,0,0,0,2,67301,0,,1,9,,N,N,,0,,0,0,1,0.0,0,N,1330,0,4,0,0,0,0,0,3,4,1,4,7,,N,,,,,,,,,,,
2009013475,2135,2,0,0,0,0,0,0,0,0,4,0,,67,11,2008,5,39.9639,-75.2205,2133.0,6,0,0,0,1,0,0,1,0,,0,0,0,99,3,0,1,,0,39 57:49.841,,0,75 13:12.286,0,0,0,0,67301,0,0,0,N,0,0,0,2,67301,0,,1,1,,N,N,,0,,0,0,0,3.0,3,,9999,0,2,0,0,0,0,0,3,4,0,2,3,,N,,,,,,,,,,,
2009013581,2210,1,0,0,0,0,0,0,0,0,8,0,,67,12,2008,5,40.0238,-75.2077,2210.0,6,0,0,0,0,0,0,0,0,,0,0,0,22,3,1,5,,0,40 01:25.752,,99,75 12:27.937,4,0,0,0,67301,1,0,0,N,1,0,0,2,67301,1,,2,9,,N,N,,0,,0,0,0,3.0,2,,2205,1,2,0,0,0,0,0,3,4,0,1,7,,N,,,,,,,,,,,
2009013635,858,1,0,0,0,0,0,0,0,0,0,0,,67,11,2008,3,39.9377,-75.2339,9999.0,6,0,0,0,0,0,0,0,0,,0,0,0,99,1,2,0,,0,39 56:15.559,,0,75 14:01.900,4,0,0,0,67301,0,0,0,N,0,0,0,3,67301,1,,1,9,,N,N,,0,,0,0,1,0.0,0,,9999,2,2,0,0,0,1,0,3,4,0,2,7,,N,,,,,,,,,,,
2009013652,920,1,0,0,0,0,0,0,0,0,5,0,,67,12,2008,5,39.9888,-75.1202,920.0,6,0,0,0,0,0,0,1,0,,0,0,0,99,1,0,1,,0,39 59:19.554,,0,75 07:12.678,9,0,0,0,67301,0,0,0,N,0,0,0,2,67301,0,,5,9,,N,Y,,0,,0,0,0,3.0,2,,9999,0,2,0,0,0,0,1,3,4,0,2,7,,N,,,,,,,,,,,
2009013973,1100,0,0,0,0,0,0,0,0,0,1,0,,67,11,2008,3,40.0871,-75.0408,1054.0,6,0,0,0,0,0,0,0,0,,0,0,0,10,1,1,1,,0,40 05:13.685,,0,75 02:26.899,8,0,0,0,67301,0,0,0,N,0,0,0,3,67301,0,,1,1,,N,N,,1,,0,0,0,9.0,2,,1051,1,2,0,0,0,1,0,3,4,1,2,3,,N,,,,,,,,,,,
2009013439,2140,1,0,0,0,0,0,0,0,0,8,0,,67,11,2008,1,40.042,-75.156,2130.0,6,0,0,0,0,0,0,0,0,,0,0,0,21,3,1,0,,0,40 02:31.365,,0,75 09:21.467,4,0,0,0,67301,1,0,0,N,1,0,0,2,67301,1,,1,9,,N,N,,0,,0,0,0,0.0,0,,2100,1,2,0,0,0,0,0,3,4,0,1,7,,N,,,,,,,,,,,
2009013442,905,2,0,0,0,0,0,0,0,0,4,0,,67,12,2008,7,40.0564,-75.0533,902.0,6,0,0,0,1,0,0,0,0,2.0,0,0,0,9,1,2,1,,2,40 03:23.473,1.0,0,75 03:12.177,3,0,0,0,67301,0,0,0,N,0,0,0,2,67301,0,,1,1,,N,N,,0,,1,0,0,3.0,2,N,900,2,2,0,0,0,1,0,3,4,0,2,3,,N,,,,,,,,,,,
2009024628,2235,1,0,0,1,0,0,0,0,0,4,0,,67,12,2008,2,39.9765,-75.1847,2230.0,6,0,0,0,0,0,0,0,0,,0,0,0,22,3,1,1,,0,39 58:35.482,,0,75 11:04.901,8,0,0,0,67301,1,0,0,,0,0,0,2,67301,0,,1,1,,,,,0,,0,0,0,3.0,3,,2225,1,2,0,0,0,1,0,3,4,0,1,3,,N,,,,,,,,,,,
2009024679,1346,1,0,0,0,0,0,0,0,0,1,0,,67,12,2008,3,39.9331,-75.2279,1346.0,6,0,0,0,0,0,0,0,0,,0,0,0,12,1,1,0,,0,39 55:59.221,,0,75 13:40.566,4,0,0,0,67301,0,0,0,N,0,0,0,2,67301,1,,1,1,,N,N,,1,,0,0,0,0.0,0,,1255,1,2,0,0,0,0,0,3,4,0,2,3,,N,,,,,,,,,,,
2009025792,1857,0,0,0,0,0,0,0,0,0,1,0,,67,12,2008,2,40.0554,-75.0477,1855.0,6,0,0,0,0,0,0,0,0,,0,0,0,18,3,1,8,,0,40 03:19.440,,6,75 02:51.720,4,0,0,0,67301,0,0,0,N,0,0,0,4,67301,1,,1,1,,N,N,,0,,0,0,1,0.0,0,,1850,1,2,0,0,0,0,0,3,4,1,2,3,,N,,,,,,,,,,,
2009025186,917,0,0,0,0,0,0,1,0,0,4,1,,67,12,2008,3,40.0283,-75.0881,914.0,6,0,0,0,0,0,0,0,0,,0,1,0,9,1,16,1,,0,40 01:41.880,,0,75 05:17.160,4,0,0,0,67301,0,0,0,,0,0,0,17,67301,5,,1,1,,N,N,,0,,0,0,0,3.0,2,,910,16,2,0,0,0,11,0,3,4,0,2,3,,N,,,,,,,,,,,
2009024831,1220,2,0,0,0,0,0,0,0,0,4,0,,67,12,2008,1,39.9417,-75.2228,1213.0,6,0,0,0,0,1,0,0,0,,0,0,0,12,1,0,1,,0,39 56:29.947,,0,75 13:21.989,0,0,0,0,67301,0,0,0,,0,0,0,2,67301,0,,1,9,,,,,0,,0,0,0,3.0,2,,1213,0,2,0,0,0,0,0,3,4,0,2,7,,N,,,,,,,,,,,
2009024859,1952,2,0,0,0,0,0,0,0,0,4,0,,67,12,2008,1,39.9499,-75.229,1946.0,6,0,0,0,0,0,0,0,0,,0,0,0,19,3,2,1,,0,39 56:59.812,,0,75 13:44.525,8,0,0,0,67301,0,0,0,N,0,0,0,3,67301,0,,1,1,,N,N,,0,,0,0,0,3.0,3,,1940,2,2,0,0,0,2,0,3,4,0,2,3,,N,,,,,,,,,,,
2009032561,2036,2,0,0,0,0,0,0,0,0,4,0,,67,9,2008,7,40.0325,-75.0546,2030.0,6,0,0,0,0,0,0,0,0,,0,0,0,20,3,1,0,,0,40 01:56.892,,0,75 03:16.581,8,0,0,0,67301,0,0,0,N,0,0,0,2,67301,0,,1,1,,N,N,,1,,0,0,1,0.0,0,,2025,1,4,0,0,0,1,0,3,4,0,4,3,,N,,,,,,,,,,,
2009030443,1236,1,0,0,0,0,0,1,0,0,4,1,,67,12,2008,1,40.018,-75.1336,1231.0,6,0,0,0,1,0,0,0,0,2.0,0,0,0,12,1,3,1,,2,40 01:04.753,5.0,0,75 08:00.837,8,0,0,0,67301,0,0,0,N,0,0,0,3,67301,0,,1,1,,N,N,,0,,0,0,1,3.0,3,Y,1230,3,3,0,0,0,3,0,3,4,0,3,3,,N,,,,,,,,,,,
2009001043,1230,1,0,0,0,0,0,0,0,0,1,0,,67,11,2008,7,39.9459,-75.2403,1225.0,6,0,0,0,0,0,1,0,0,,0,0,0,12,1,4,1,,0,39 56:45.089,,0,75 14:25.019,8,0,0,0,67301,0,0,0,N,0,0,0,5,67301,0,,1,9,,N,N,,0,,0,0,1,0.0,0,,1225,4,2,0,0,0,4,1,3,4,0,2,7,,N,,,,,,,,,,,
2009013499,1812,2,0,0,0,0,0,0,0,0,4,0,,67,12,2008,5,39.9903,-75.127,1806.0,6,0,0,0,0,0,0,0,0,2.0,0,0,0,18,2,1,1,,1,39 59:25.210,3.0,0,75 07:37.295,3,0,0,0,67301,0,0,0,N,0,0,0,2,67301,0,,1,9,,N,N,,0,,1,0,0,3.0,2,Y,1800,1,2,0,0,0,0,0,3,4,0,2,7,,N,,,,,,,,,,,
2009013508,1457,1,0,0,0,0,0,0,0,0,1,0,,67,12,2008,6,40.0395,-75.0458,1457.0,6,0,0,1,0,0,0,1,0,,0,0,0,14,1,1,1,,0,40 02:22.200,,0,75 02:44.880,4,0,0,0,67301,0,0,0,N,0,0,0,3,67301,1,,1,1,,N,N,,0,,0,0,2,0.0,0,,1457,1,3,0,0,0,0,0,3,4,0,3,3,,N,,,,,,,,,,,
2009026033,1109,0,0,0,0,0,0,0,0,0,4,0,,67,12,2008,3,40.0323,-75.0456,1107.0,6,0,0,0,0,0,0,0,0,,0,0,0,11,1,2,1,,0,40 01:56.128,,0,75 02:44.077,4,0,0,0,67301,0,0,0,N,0,0,0,4,67301,1,,1,1,,N,N,,1,,0,0,0,3.0,2,,1105,2,2,0,0,0,1,0,3,4,1,2,3,,N,,,,,,,,,,,
2009013216,1022,1,0,0,0,0,0,0,0,0,7,0,,67,11,2008,6,39.9537,-75.1385,1022.0,6,0,0,0,0,0,0,1,0,2.0,0,0,0,10,1,0,0,,1,39 57:13.158,3.0,3,75 08:18.443,0,0,0,0,67301,0,0,0,N,0,0,0,1,67501,0,,3,9,,N,N,,0,,0,0,0,0.0,0,N,1022,0,1,0,0,0,0,0,3,4,0,1,7,,N,,,,,,,,,,,
2009037182,134,0,0,0,0,0,0,0,0,0,7,0,,67,11,2008,1,40.0063,-75.2158,130.0,6,0,0,0,0,0,0,0,0,,0,0,0,1,3,2,1,,0,40 00:22.285,,0,75 12:57.519,2,0,0,0,67301,0,0,0,N,0,0,0,2,67301,1,,5,1,,N,N,,0,,0,1,1,0.0,0,,128,2,1,0,0,0,0,0,3,4,0,1,3,,N,,,,,,,,,,,
2009026904,1300,0,0,0,0,0,0,1,0,0,8,1,,67,12,2008,2,40.039,-75.1446,1257.0,6,0,0,0,0,0,0,0,0,1.0,0,0,0,12,1,1,1,,1,40 02:20.710,3.0,0,75 08:41.028,8,0,0,0,67301,1,0,0,N,1,0,0,2,67301,0,,1,1,,N,N,,0,,0,0,0,0.0,0,Y,1255,1,2,0,0,0,1,0,3,4,0,1,3,,N,,,,,,,,,,,
2009025834,1720,2,0,0,0,0,0,0,0,0,6,0,,67,12,2008,7,39.9802,-75.2693,1712.0,6,0,0,0,0,0,0,0,0,9.0,0,0,0,17,3,1,1,,1,39 58:48.493,1.0,0,75 16:09.257,4,0,0,0,67301,0,0,0,N,0,0,0,2,67301,1,,1,1,,N,N,,0,,0,0,0,3.0,2,N,1711,1,2,0,0,0,0,0,3,4,0,2,3,,N,,,,,,,,,,,
2009025165,918,3,0,0,0,0,0,0,0,0,4,0,,67,12,2008,4,40.0439,-75.2231,909.0,6,0,0,0,0,0,0,0,0,,0,0,0,6,1,1,0,,0,40 02:37.889,,0,75 13:23.277,4,0,0,0,67301,1,0,0,N,0,0,0,2,67301,1,,6,2,,N,N,,0,,0,0,0,3.0,3,,650,1,4,0,0,1,0,0,3,4,1,4,9,,N,,,,,,,,,,,
2009025187,2054,1,0,0,0,0,0,0,0,0,8,0,,67,12,2008,2,40.0254,-75.0733,2048.0,6,0,0,0,0,0,0,0,0,,0,0,0,20,3,1,1,,0,40 01:31.356,,0,75 04:23.943,4,0,0,0,67301,1,0,0,N,1,0,0,2,67301,1,,1,1,,N,N,,0,,0,0,0,3.0,2,,2047,1,2,0,0,0,0,0,3,4,0,1,3,,N,,,,,,,,,,,
2009030411,1617,1,0,0,0,0,0,0,0,0,8,0,,67,9,2008,3,40.0295,-75.1501,1611.0,6,0,0,0,0,0,0,0,0,,0,0,0,99,1,1,1,,0,40 01:46.318,,0,75 09:00.475,4,0,0,0,67301,1,0,0,N,1,0,0,2,67301,1,,1,1,,N,N,,0,,0,0,0,3.0,3,,9999,1,2,0,0,0,0,0,3,4,0,1,3,,N,,,,,,,,,,,
2009024850,1028,2,0,0,0,0,0,0,0,0,2,0,,67,12,2008,7,40.1156,-75.0344,1018.0,6,0,0,0,0,0,0,0,0,,0,0,0,10,1,1,0,,0,40 06:56.278,,0,75 02:03.746,8,0,0,0,67301,0,0,0,N,0,0,0,2,67301,0,,1,1,,N,N,,0,,0,0,0,0.0,0,,1018,1,2,0,0,0,1,0,3,4,0,2,3,,N,,,,,,,,,,,
2009024884,815,1,0,0,0,0,0,0,0,0,2,0,,67,12,2008,2,40.0907,-75.0468,810.0,6,0,0,0,0,0,1,0,0,3.0,0,0,0,8,1,3,0,,2,40 05:26.539,6.0,0,75 02:48.543,4,0,0,0,67301,0,0,0,,0,0,0,3,67301,3,,1,1,,N,N,,1,,0,0,1,0.0,0,Y,800,3,3,0,0,0,0,0,3,4,0,3,3,,N,,,,,,,,,,,
2009030166,1912,1,0,0,0,0,0,0,0,0,5,0,,67,9,2008,1,39.977,-75.2307,1909.0,6,0,0,0,0,0,0,0,0,,0,0,0,99,3,10,0,,0,39 58:37.077,,0,75 13:50.390,4,0,0,0,67301,0,0,0,N,0,0,0,12,67301,10,,1,1,,N,N,,0,,0,0,0,3.0,2,,9999,10,2,0,0,0,0,0,3,4,0,2,3,,N,,,,,,,,,,,
2009024663,1050,2,0,0,0,0,0,0,0,0,4,0,,67,12,2008,4,39.9415,-75.238,1041.0,6,0,0,0,0,0,0,0,0,,0,0,0,7,1,0,2,,0,39 56:29.602,,0,75 14:16.923,0,0,0,0,67301,1,0,0,N,0,0,0,3,67301,0,,1,2,,N,N,,0,,0,0,0,3.0,3,,739,0,2,0,0,0,0,0,3,4,0,2,7,,N,,,,,,,,,,,
2008095580,1218,1,0,0,1,0,0,0,0,0,4,0,,67,6,2008,3,40.0546,-75.1479,1208.0,6,0,0,0,0,0,0,0,0,,0,0,0,12,1,1,0,,0,40 03:16.506,,7,75 08:52.375,4,0,0,0,67301,1,0,0,N,0,0,0,2,67301,1,,1,1,,N,N,,0,,0,0,0,0.0,0,,1208,1,2,0,0,1,0,0,3,4,0,1,3,,N,,,,,,,,,,,
2008079694,1915,1,0,0,0,0,0,0,0,0,4,0,,67,5,2008,6,40.0207,-75.1486,1915.0,6,0,0,0,0,0,0,0,0,,0,0,0,18,1,6,2,,0,40 01:14.257,,0,75 08:55.162,4,0,0,0,67301,0,0,0,N,0,0,0,6,67301,6,,1,9,,N,N,,1,,0,0,0,9.0,3,,1815,6,2,0,0,0,0,0,3,4,0,2,7,,N,,,,,,,,,,,
2008072083,1413,1,0,0,0,0,0,0,0,0,4,0,,67,4,2008,2,40.0636,-75.0874,1407.0,6,0,0,0,0,0,0,0,0,,0,0,0,14,1,2,2,,0,40 03:48.941,,0,75 05:14.854,8,0,0,0,67301,0,0,0,,0,0,0,3,67301,0,,1,1,,,,,1,,0,0,0,3.0,3,,1400,2,2,0,0,0,2,1,3,4,0,2,3,,N,,,,,,,,,,,
2008056732,1701,1,0,0,0,0,0,0,0,0,1,0,,67,4,2008,6,39.9844,-75.0961,1657.0,6,0,0,0,0,0,0,0,0,1.0,0,0,0,16,1,0,0,,1,39 59:03.635,2.0,0,75 05:46.091,0,0,0,0,67301,0,0,0,N,0,0,0,2,68K01,0,,1,1,,N,N,,0,,0,0,1,0.0,0,N,1650,0,2,0,0,0,0,0,3,4,0,2,3,,N,,,,,,,,,,,
2008043969,2353,1,0,0,0,0,0,1,0,0,1,1,,67,2,2008,2,40.0266,-75.042,2347.0,6,0,0,0,0,0,2,0,0,1.0,0,0,0,23,3,0,0,,1,40 01:35.000,2.0,0,75 02:31.159,0,0,0,0,67301,0,0,0,,0,0,0,3,67301,0,,1,1,,N,N,,0,,0,0,0,0.0,0,N,2346,0,2,0,0,0,0,0,3,4,0,2,3,,N,,,,,,,,,,,
2008121055,800,2,0,0,0,0,0,0,0,0,2,0,,67,9,2008,7,40.0348,-75.1507,736.0,6,0,0,0,0,0,0,0,0,,0,0,0,99,1,1,0,,0,40 02:05.155,,0,75 09:02.343,4,0,0,0,67301,0,0,0,,0,0,0,2,67301,1,,1,9,,,,,0,,0,0,0,0.0,0,,9999,1,2,0,0,0,0,1,3,4,0,2,7,,N,,,,,,,,,,,
2008118610,1630,2,0,0,0,0,0,0,0,0,4,0,,67,9,2008,7,40.0518,-75.0086,1629.0,6,0,1,0,0,0,0,0,0,,0,0,0,16,1,1,0,,0,40 03:06.551,,0,75 00:30.995,8,0,0,0,67301,0,0,0,N,0,0,0,5,67301,0,,2,1,,N,N,,0,,0,0,0,0.0,0,,1625,1,2,0,0,5,1,0,3,4,0,2,3,,N,,,,,,,,,,,
2008095533,2352,2,0,0,0,0,0,0,0,0,4,0,,67,6,2008,6,40.0231,-75.0588,2347.0,6,0,0,0,0,1,0,0,0,,0,0,0,22,3,0,1,,0,40 01:23.282,,0,75 03:31.838,0,0,0,0,67301,0,0,0,N,0,0,0,3,67301,0,,1,1,,N,N,,0,,0,0,0,3.0,3,,2240,0,2,0,0,1,0,0,3,4,0,2,3,,N,,,,,,,,,,,
2009029833,1205,2,0,0,0,0,0,0,0,0,1,0,,67,12,2008,3,39.9801,-75.1161,1156.0,6,0,0,0,0,0,0,0,0,,0,0,0,23,3,1,0,,0,39 58:48.372,,1,75 06:58.060,8,0,0,0,67301,0,0,0,N,0,0,0,2,67301,0,,1,9,,N,N,,0,,0,0,0,0.0,0,,2330,1,2,0,0,0,1,0,3,4,0,2,9,,N,,,,,,,,,,,
2008116136,47,5,0,0,0,0,0,0,0,0,1,0,,67,10,2008,7,39.9415,-75.1945,37.0,6,0,0,0,0,0,0,0,0,1.0,0,0,0,0,3,0,0,,1,39 56:36.501,4.0,0,75 11:33.086,9,0,0,0,67301,0,0,0,N,0,0,0,10,68K01,0,,1,1,,N,N,,0,,0,0,0,0.0,0,N,32,0,5,0,0,0,0,2,3,4,0,5,3,,N,,,,,,,,,,,
2008120817,9999,2,0,0,0,0,0,0,0,0,4,0,,67,9,2008,2,40.0354,-75.1085,1142.0,6,0,0,1,0,0,0,0,0,1.0,0,0,0,11,1,1,1,,1,40 02:06.617,3.0,0,75 06:30.021,4,0,0,0,67301,0,0,0,N,0,0,0,2,67301,1,,1,1,,N,N,,0,,0,0,0,2.0,2,N,1140,1,2,0,0,0,0,0,3,4,0,2,3,,N,,,,,,,,,,,
2008120820,1543,1,0,0,0,0,0,0,0,0,8,0,,67,10,2008,5,39.9334,-75.1526,1449.0,6,0,0,0,0,0,0,0,0,,0,0,0,14,1,1,1,,0,39 56:00.376,,0,75 09:09.439,4,0,0,0,67301,1,0,0,N,1,0,0,2,67301,1,,4,1,,N,Y,,0,,0,0,0,0.0,0,,1445,1,2,0,0,0,0,0,3,4,0,1,3,,N,,,,,,,,,,,