CRN,ARRIVAL_TM,AUTOMOBILE_COUNT,BELTED_DEATH_COUNT,BELTED_SUSP_SERIOUS_INJ_COUNT,BICYCLE_COUNT,BICYCLE_DEATH_COUNT,BICYCLE_SUSP_SERIOUS_INJ_COUNT,BUS_COUNT,CHLDPAS_DEATH_COUNT,CHLDPAS_SUSP_SERIOUS_INJ_COUNT,COLLISION_TYPE,COMM_VEH_COUNT,CONS_ZONE_SPD_LIM,COUNTY,CRASH_MONTH,CRASH_YEAR,DAY_OF_WEEK,DEC_LAT,DEC_LONG,DISPATCH_TM,DISTRICT,DRIVER_COUNT_16YR,DRIVER_COUNT_17YR,DRIVER_COUNT_18YR,DRIVER_COUNT_19YR,DRIVER_COUNT_20YR,DRIVER_COUNT_50_64YR,DRIVER_COUNT_65_74YR,DRIVER_COUNT_75PLUS,EST_HRS_CLOSED,FATAL_COUNT,HEAVY_TRUCK_COUNT,HORSE_BUGGY_COUNT,HOUR_OF_DAY,ILLUMINATION,INJURY_COUNT,INTERSECT_TYPE,INTERSECTION_RELATED,LANE_CLOSED,LATITUDE,LN_CLOSE_DIR,LOCATION_TYPE,LONGITUDE,MAX_SEVERITY_LEVEL,MCYCLE_DEATH_COUNT,MCYCLE_SUSP_SERIOUS_INJ_COUNT,MOTORCYCLE_COUNT,MUNICIPALITY,NONMOTR_COUNT,NONMOTR_DEATH_COUNT,NONMOTR_SUSP_SERIOUS_INJ_COUNT,NTFY_HIWY_MAINT,PED_COUNT,PED_DEATH_COUNT,PED_SUSP_SERIOUS_INJ_COUNT,PERSON_COUNT,POLICE_AGCY,POSSIBLE_INJ_COUNT,RDWY_SURF_TYPE_CD,RELATION_TO_ROAD,ROAD_CONDITION,ROADWAY_CLEARED,SCH_BUS_IND,SCH_ZONE_IND,SECONDARY_CRASH,SMALL_TRUCK_COUNT,SPEC_JURIS_CD,SUSP_MINOR_INJ_COUNT,SUSP_SERIOUS_INJ_COUNT,SUV_COUNT,TCD_FUNC_CD,TCD_TYPE,TFC_DETOUR_IND,TIME_OF_DAY,TOT_INJ_COUNT,TOTAL_UNITS,UNB_DEATH_COUNT,UNB_SUSP_SERIOUS_INJ_COUNT,UNBELTED_OCC_COUNT,UNK_INJ_DEG_COUNT,UNK_INJ_PER_COUNT,URBAN_AREA,URBAN_RURAL,VAN_COUNT,VEHICLE_COUNT,WEATHER1,WEATHER2,WORK_ZONE_IND,WORK_ZONE_LOC,WORK_ZONE_TYPE,WORKERS_PRES,WZ_CLOSE_DETOUR,WZ_FLAGGER,WZ_LAW_OFFCR_IND,WZ_LN_CLOSURE,WZ_MOVING,WZ_OTHER,WZ_SHLDER_MDN,WZ_WORKERS_INJ_KILLED
2008122866,1856,1,0,0,0,0,0,0,0,0,4,0,,67,9,2008,5,40.0079,-75.1723,1855.0,6,0,0,0,0,0,1,1,0,,0,0,0,18,3,1,1,,0,40 00:28.592,,0,75 10:20.286,8,0,0,0,67301,0,0,0,N,0,0,0,2,67301,0,,1,9,,N,N,,0,,0,0,0,3.0,2,,1845,1,2,0,0,0,1,0,3,4,1,2,7,,N,,,,,,,,,,,
2008119492,1230,1,0,0,0,0,0,0,0,0,4,0,,67,9,2008,1,40.02,-75.1522,9999.0,6,0,0,0,0,0,0,1,0,,0,0,0,12,1,1,7,,0,40 01:11.998,,0,75 09:07.891,4,0,0,1,67301,0,0,0,N,0,0,0,2,67301,1,,1,1,,N,N,,0,,0,0,0,0.0,0,,1225,1,2,0,0,0,0,0,3,4,0,2,3,,N,,,,,,,,,,,
2008120655,830,1,0,0,0,0,0,0,0,0,8,0,,67,9,2008,7,39.9595,-75.2332,826.0,6,0,0,0,0,0,0,0,0,,0,0,0,8,1,1,1,,0,39 57:34.089,,0,75 13:59.356,8,0,0,0,67301,1,0,0,N,1,0,0,2,67301,0,,1,9,,N,N,,0,,0,0,0,3.0,2,,822,1,2,0,0,0,1,0,3,4,0,1,3,,N,,,,,,,,,,,
2008120660,55,1,0,0,0,0,0,0,0,0,7,0,,67,10,2008,5,40.1231,-75.0157,52.0,6,0,0,0,0,0,0,0,0,,0,0,0,0,3,0,0,,0,40 07:23.004,,0,75 00:56.526,0,0,0,0,67301,0,0,0,,0,0,0,1,67301,0,,2,9,,,,,0,,0,0,0,0.0,0,,50,0,1,0,0,0,0,0,3,4,0,1,7,,N,,,,,,,,,,,
2008112913,2139,1,0,0,0,0,0,0,0,0,7,0,,67,9,2008,3,40.0074,-75.2007,2134.0,6,0,0,0,0,0,0,0,0,1.0,0,0,0,21,2,2,0,,2,40 00:26.790,3.0,0,75 12:03.310,3,0,0,0,67301,0,0,0,Y,0,0,0,3,68K01,1,,4,1,,N,N,,0,,1,0,1,0.0,0,N,2128,2,2,0,0,1,0,0,3,4,0,2,3,,N,,,,,,,,,,,
2009013819,1335,2,0,0,0,0,0,0,0,0,4,0,,67,11,2008,5,39.9908,-75.1309,1330.0,6,0,0,0,0,0,0,0,0,,0,0,0,13,1,1,0,,0,39 59:27.018,,7,75 07:51.313,4,0,0,0,67301,0,0,0,,0,0,0,3,67301,1,,1,1,,N,N,,0,,0,0,0,0.0,0,,1325,1,2,0,0,0,0,0,3,4,0,2,3,,N,,,,,,,,,,,
2009013835,1020,2,0,0,0,0,0,0,0,0,4,0,,67,12,2008,1,40.0372,-75.1237,1017.0,6,0,0,0,0,0,0,0,0,,0,0,0,10,1,2,1,,0,40 02:13.851,,0,75 07:25.305,8,0,0,0,67301,0,0,0,N,0,0,0,2,67301,0,,1,1,,N,N,,0,,0,0,0,2.0,2,,1005,2,2,0,0,1,2,0,3,4,0,2,3,,N,,,,,,,,,,,
2009013843,1545,1,0,0,0,0,0,0,0,0,8,0,,67,12,2008,4,40.0323,-75.0456,1540.0,6,0,0,0,0,0,0,0,0,,0,0,0,14,1,1,1,,0,40 01:56.128,,0,75 02:44.077,4,0,0,0,67301,1,0,0,N,1,0,0,2,67301,1,,1,9,,N,N,,0,,0,0,0,3.0,2,,1430,1,2,0,0,0,0,1,3,4,0,1,7,,N,,,,,,,,,,,
2009000857,1740,1,0,0,0,0,0,0,0,0,8,0,,67,11,2008,4,39.9569,-75.1588,1725.0,6,0,0,0,0,0,0,0,0,,0,0,0,17,1,1,1,,0,39 57:25.016,,0,75 09:31.622,8,0,0,0,67301,1,0,0,N,1,0,0,2,67301,0,,1,1,,N,N,,0,,0,0,0,0.0,0,,1720,1,2,0,0,1,1,0,3,4,0,1,3,,N,,,,,,,,,,,
2009001053,344,1,0,0,0,0,0,0,0,0,7,0,,67,11,2008,4,39.9336,-75.2397,339.0,6,0,0,0,0,0,0,0,0,3.0,0,0,0,3,3,1,0,,1,39 56:00.853,4.0,0,75 14:22.799,4,0,0,0,67301,0,0,0,N,0,0,0,2,67301,1,,2,9,,N,N,,0,,0,0,0,0.0,0,Y,330,1,1,0,0,0,0,0,3,4,0,1,7,,N,,,,,,,,,,,
2009012730,1927,1,0,0,0,0,0,0,0,0,1,0,,67,12,2008,5,39.9523,-75.1753,1925.0,6,0,0,0,0,0,0,0,0,,0,0,0,19,3,1,2,,0,39 57:08.227,,0,75 10:31.149,8,0,0,0,67301,0,0,0,N,0,0,0,2,67301,0,,1,9,,N,N,,0,,0,0,1,3.0,2,,1921,1,2,0,0,0,1,0,3,4,0,2,7,,N,,,,,,,,,,,
2009031194,411,1,0,0,0,0,0,0,0,0,2,0,,67,12,2008,1,40.057,-75.1707,354.0,6,0,1,0,0,1,0,0,0,,0,0,0,99,1,3,1,,0,40 03:25.146,,0,75 10:14.437,4,0,0,0,67301,0,0,0,,0,0,0,3,67301,3,,1,1,,N,N,,1,,0,0,1,3.0,2,,9999,3,3,0,0,0,0,0,3,4,0,3,3,,N,,,,,,,,,,,
2009031206,1653,0,0,0,1,0,0,1,0,0,8,1,,67,12,2008,2,40.0025,-75.1527,1653.0,6,0,0,0,0,0,0,0,0,1.0,0,0,0,16,3,1,0,,1,40 00:09.034,2.0,0,75 09:09.809,4,0,0,0,67301,1,0,0,N,0,0,0,4,67301,1,,1,1,,N,N,,0,,0,0,0,0.0,0,N,1653,1,2,0,0,0,0,0,3,4,0,1,3,,N,,,,,,,,,,,
2009012492,847,1,0,0,0,0,0,0,0,0,8,0,,67,12,2008,2,39.9632,-75.2024,846.0,6,0,0,0,0,0,1,0,0,,0,0,0,8,1,1,1,,0,39 57:47.493,,0,75 12:08.609,4,0,0,0,67301,1,0,0,,1,0,0,2,67301,1,,1,1,,N,N,,0,,0,0,0,3.0,2,,846,1,2,0,0,1,0,0,3,4,0,1,3,,N,,,,,,,,,,,
2009012498,611,1,0,0,0,0,0,0,0,0,1,0,,67,12,2008,5,,,607.0,6,0,0,0,0,0,1,0,0,,0,0,0,5,5,0,1,,0,,,0,,0,0,0,0,67301,0,0,0,,0,0,0,2,67301,0,,1,9,,,,,1,,0,0,0,3.0,2,,557,0,2,0,0,0,0,0,3,3,0,2,7,,N,,,,,,,,,,,
2009002137,415,1,0,0,0,0,0,0,0,0,1,0,,67,11,2008,3,39.9704,-75.1465,415.0,6,0,0,0,0,0,0,0,0,,0,0,0,4,6,2,1,,0,39 58:13.480,,0,75 08:47.465,4,0,0,0,67301,0,0,0,N,0,0,0,3,67301,2,,1,1,,N,N,,1,,0,0,0,3.0,2,,405,2,2,0,0,0,0,1,3,4,0,2,3,,N,,,,,,,,,,,
2009002179,443,1,0,0,0,0,0,0,0,0,8,0,,67,11,2008,7,39.9544,-75.205,441.0,6,0,0,0,0,0,0,0,0,,0,0,0,4,3,1,1,,0,39 57:15.840,,0,75 12:18.000,2,0,0,0,67301,1,0,1,N,1,0,1,2,67301,0,,1,9,,N,N,,0,,0,1,0,3.0,2,,440,1,2,0,0,0,0,0,3,4,0,1,7,,N,,,,,,,,,,,
2009000530,1942,1,0,0,0,0,0,0,0,0,4,0,,67,11,2008,5,39.9714,-75.1594,1940.0,6,0,0,0,0,0,0,0,0,,0,0,0,19,3,1,1,,0,39 58:17.206,,0,75 09:33.737,4,0,0,0,67301,0,0,0,N,0,0,0,3,67301,1,,1,9,,N,N,,0,,0,0,0,9.0,2,,1935,1,2,0,0,0,0,0,3,4,0,2,3,,N,,,,,,,,,,,
2009007084,302,2,0,0,0,0,0,0,0,0,1,0,,67,12,2008,1,39.9778,-75.1113,252.0,6,0,0,1,0,0,0,0,0,1.0,0,0,0,2,3,0,0,,2,39 58:40.866,1.0,3,75 06:40.263,0,0,0,0,67301,0,0,0,N,0,0,0,2,68K02,0,,1,9,,N,N,,0,,0,0,0,0.0,0,N,245,0,2,0,0,0,0,0,3,4,0,2,7,,N,,,,,,,,,,,
2009003219,1526,0,0,0,0,0,0,1,0,0,1,1,,67,11,2008,4,39.9516,-75.1702,1525.0,6,0,0,0,0,0,0,0,0,,0,0,0,15,1,1,1,,0,39 57:05.913,,0,75 10:12.656,4,0,0,0,67301,0,0,0,,0,0,0,4,67301,1,,1,1,,N,N,,1,,0,0,0,0.0,0,,1520,1,2,0,0,0,0,0,3,4,0,2,3,,N,,,,,,,,,,,
2009012641,925,0,0,0,0,0,0,1,0,0,1,1,,67,11,2008,3,40.0392,-75.1917,920.0,6,0,0,0,0,0,0,1,0,,0,0,0,9,1,0,1,,0,40 02:20.973,,0,75 11:30.209,0,0,0,0,67301,0,0,0,N,0,0,0,2,67301,0,,1,9,,N,N,,0,,0,0,1,3.0,2,,915,0,2,0,0,0,0,0,3,4,0,2,7,,N,,,,,,,,,,,
2009013478,115,3,0,0,0,0,0,0,0,0,5,0,,67,11,2008,2,40.0342,-75.0385,107.0,6,0,0,1,0,0,0,0,0,2.0,0,0,0,1,3,0,0,,1,40 02:03.060,3.0,0,75 02:18.672,0,0,0,0,67301,0,0,0,N,0,0,0,1,67301,0,,6,1,,N,N,,0,,0,0,0,0.0,0,N,103,0,3,0,0,1,0,0,3,4,0,3,3,,N,,,,,,,,,,,
2009013480,215,2,0,0,0,0,0,0,0,0,4,0,,67,11,2008,7,40.0116,-75.163,47.0,6,0,0,0,0,0,0,0,0,,0,0,0,0,3,1,1,,0,40 00:41.870,,0,75 09:46.864,8,0,0,0,67301,0,0,0,N,0,0,0,2,67301,0,,1,1,,N,N,,0,,0,0,0,0.0,0,,45,1,2,0,0,0,1,0,3,4,0,2,3,,N,,,,,,,,,,,
2009013529,1955,0,0,0,0,0,0,0,0,0,1,0,,67,12,2008,7,40.0296,-75.1032,1950.0,6,0,0,0,0,0,0,0,0,,0,0,0,19,3,1,3,,0,40 01:47.679,,0,75 06:11.073,8,0,0,0,67301,0,0,0,N,0,0,0,2,67301,0,,1,9,,N,N,,0,,0,0,1,3.0,2,,1940,1,2,0,0,0,1,0,3,4,1,2,10,,N,,,,,,,,,,,
2009018771,2105,1,0,0,0,0,0,0,0,0,7,0,,67,11,2008,6,40.0119,-75.2049,2100.0,6,0,1,0,0,0,0,0,0,1.0,0,0,0,21,3,0,3,,1,40 00:46.292,1.0,2,75 12:16.185,0,0,0,0,67301,0,0,0,,0,0,0,1,67301,0,,7,2,,,,,0,,0,0,0,0.0,0,Y,2100,0,1,0,0,0,0,0,3,4,0,1,7,,N,,,,,,,,,,,
2009020790,2125,1,0,0,0,0,0,0,0,0,8,0,,67,12,2008,4,40.0057,-75.1011,2121.0,6,0,0,0,0,0,0,0,0,,1,0,0,21,3,0,0,,0,40 00:20.582,,0,75 06:03.865,1,0,0,0,67301,1,1,0,N,1,1,0,2,67301,0,2.0,1,9,,N,N,,0,0.0,0,0,0,0.0,0,,2120,0,2,0,0,0,0,0,3,4,0,1,7,,N,,,,,,,,,,,
2009111661,527,1,0,0,0,0,0,0,0,0,5,0,,67,10,2008,7,40.0234,-75.0426,519.0,6,0,1,0,0,0,0,0,0,,0,0,0,5,3,0,10,,0,40 01:24.157,,0,75 02:33.208,0,0,0,0,67301,0,0,0,N,0,0,0,2,67301,0,,1,9,,N,N,,0,,0,0,0,0.0,0,,518,0,2,0,0,0,0,0,3,4,1,2,7,,N,,,,,,,,,,,
2009054195,1045,0,0,0,0,0,0,0,0,0,7,0,,67,10,2008,7,40.061,-75.1351,1045.0,6,0,0,0,0,0,0,0,0,1.0,0,0,0,20,6,0,1,,1,40 03:39.720,4.0,0,75 08:06.327,0,0,0,0,67301,0,0,0,N,0,0,0,1,46102,0,,5,9,,N,N,,0,,0,0,1,0.0,0,N,2015,0,1,0,0,0,0,0,3,4,0,1,7,,N,,,,,,,,,,,
2009012656,1535,1,0,0,0,0,0,0,0,0,8,0,,67,12,2008,4,39.9517,-75.1586,1530.0,6,0,0,0,0,0,0,0,0,,0,0,0,15,1,1,0,,0,39 57:06.114,,0,75 09:30.968,4,0,0,0,67301,1,0,0,N,1,0,0,2,67301,1,,1,9,,N,N,,0,,0,0,0,0.0,0,,1520,1,2,0,0,0,0,0,3,4,0,1,7,,N,,,,,,,,,,,
2008053722,1648,3,0,0,0,0,0,0,0,0,4,0,,67,3,2008,7,40.049,-75.0947,1644.0,6,0,0,0,0,0,1,0,1,,0,0,0,16,1,2,1,,0,40 02:56.558,,0,75 05:40.779,8,0,0,0,67301,0,0,0,N,0,0,0,10,67301,0,,1,1,,N,N,,0,,0,0,0,3.0,3,,1638,2,3,0,0,3,2,1,3,4,0,3,3,,N,,,,,,,,,,,
2008051401,831,1,0,0,0,0,0,0,0,0,8,0,,67,2,2008,5,39.9573,-75.2096,830.0,6,0,0,0,0,0,0,0,0,,0,0,0,8,1,1,1,,0,39 57:26.341,,0,75 12:34.516,3,0,0,0,67301,1,0,0,,1,0,0,2,67301,0,,1,1,,,,,0,,1,0,0,0.0,0,,815,1,2,0,0,0,0,0,3,4,0,1,3,,N,,,,,,,,,,,
2008118605,1655,2,0,0,0,0,0,0,0,0,4,0,,67,9,2008,6,39.9628,-75.1643,1650.0,6,0,0,0,0,0,0,0,0,,0,0,0,16,1,1,0,,0,39 57:45.978,,0,75 09:51.934,8,0,0,0,67301,0,0,0,N,0,0,0,2,67301,0,,1,9,,N,N,,0,,0,0,0,0.0,0,,1631,1,2,0,0,0,1,0,3,4,0,2,7,,N,,,,,,,,,,,
2008095695,100,0,0,0,0,0,0,0,0,0,8,0,,67,6,2008,2,40.037,-75.0319,100.0,6,0,0,0,0,0,0,0,0,,0,0,0,22,3,1,1,,0,40 02:13.218,,0,75 01:54.872,3,0,0,0,67301,1,0,0,N,1,0,0,2,67301,0,,1,1,,N,N,,0,,1,0,0,9.0,9,,2247,1,2,0,0,0,0,0,3,4,1,1,3,,N,,,,,,,,,,,
2008097972,2010,1,0,0,0,0,0,0,0,0,8,0,,67,6,2008,3,39.9376,-75.2231,2004.0,6,0,0,0,0,0,0,0,0,,0,0,0,99,1,1,1,,0,39 56:15.403,,0,75 13:23.005,4,0,0,0,67301,1,0,0,N,1,0,0,2,67301,1,,1,1,,N,N,,0,,0,0,0,3.0,2,,9999,1,2,0,0,0,0,1,3,4,0,1,3,,N,,,,,,,,,,,
2008095547,1706,1,0,0,0,0,0,0,0,0,5,0,,67,6,2008,6,39.9291,-75.1579,1705.0,6,0,0,0,0,1,0,0,0,,0,0,0,99,1,3,0,,0,39 55:44.853,,0,75 09:28.436,4,0,0,0,67301,0,0,0,,0,0,0,6,67301,1,,1,1,,,,,1,,0,0,0,9.0,3,,9999,3,2,0,0,0,2,0,3,4,0,2,3,,N,,,,,,,,,,,
2008088215,1946,1,0,0,0,0,0,0,0,0,8,0,,67,6,2008,2,40.0275,-75.1506,1941.0,6,0,0,0,0,0,0,0,0,,0,0,0,14,1,1,0,,0,40 01:39.100,,0,75 09:02.071,3,0,0,0,67301,1,0,0,N,1,0,0,2,67301,0,,9,1,,N,N,,0,,1,0,0,3.0,2,,1440,1,2,0,0,0,0,1,3,4,0,1,3,,N,,,,,,,,,,,
2008098295,1241,2,0,0,0,0,0,0,0,0,5,0,,67,7,2008,3,40.0574,-75.0767,1234.0,6,0,0,0,1,0,0,0,1,,0,0,0,12,1,3,0,,0,40 03:26.704,,0,75 04:36.141,4,0,0,0,67301,0,0,0,N,0,0,0,3,67301,3,,1,1,,N,N,,0,,0,0,0,0.0,0,,1233,3,2,0,0,3,0,0,3,4,0,2,3,,N,,,,,,,,,,,
2008098389,1351,1,0,0,0,0,0,0,0,0,8,0,,67,7,2008,5,39.9431,-75.1764,1348.0,6,0,0,0,0,0,0,0,0,,0,0,0,13,1,1,0,,0,39 56:35.217,,0,75 10:35.061,8,0,0,0,67301,1,0,0,N,1,0,0,2,67301,0,,1,9,,N,N,,0,,0,0,0,0.0,0,,1340,1,2,0,0,0,1,0,3,4,0,1,3,,N,,,,,,,,,,,
2009002104,1333,2,0,0,0,0,0,0,0,0,4,0,,67,11,2008,6,39.9552,-75.2116,1328.0,6,0,0,0,0,0,0,0,1,,0,0,0,13,1,0,1,,0,39 57:18.878,,0,75 12:41.782,0,0,0,0,67301,0,0,0,N,0,0,0,2,67301,0,,1,9,,N,N,,0,,0,0,0,3.0,2,,1325,0,2,0,0,0,0,0,3,4,0,2,99,,N,,,,,,,,,,,
2009007285,2230,1,0,0,0,0,0,0,0,0,7,0,,67,12,2008,7,40.0451,-75.0024,2216.0,6,0,0,0,0,0,0,0,0,2.0,0,0,0,22,3,1,0,,1,40 02:50.296,2.0,2,75 00:03.843,8,0,0,0,67301,0,0,0,N,0,0,0,1,68K01,0,,2,1,,N,N,,0,,0,0,0,0.0,0,N,2212,1,1,0,0,0,1,0,3,4,0,1,3,,N,,,,,,,,,,,
2009036385,1520,2,0,0,0,0,0,0,0,1,4,0,,67,12,2008,3,40.1103,-75.0292,1457.0,6,0,0,0,0,0,0,0,0,,0,0,0,14,1,2,0,,0,40 06:37.166,,0,75 01:45.217,2,0,0,0,67301,0,0,0,,0,0,0,3,67301,0,,1,1,,,,,0,,0,1,0,0.0,0,,1455,2,2,0,0,0,1,0,3,4,0,2,3,,N,,,,,,,,,,,
2009003213,2234,3,0,0,0,0,0,0,0,0,1,0,,67,11,2008,7,39.9549,-75.2087,2229.0,6,0,0,0,1,0,0,0,0,,0,0,0,22,3,2,1,,0,39 57:17.576,,0,75 12:31.268,8,0,0,0,67301,0,0,0,N,0,0,0,4,67301,0,,1,1,,N,N,,0,,0,0,0,0.0,0,,2220,2,3,0,0,0,2,2,3,4,0,3,3,,N,,,,,,,,,,,
2009015093,1710,0,0,0,0,0,0,0,0,0,8,0,,67,12,2008,4,39.9666,-75.1671,1703.0,6,0,0,0,0,0,0,0,0,,0,0,0,17,3,2,1,,0,39 57:59.655,,0,75 10:01.610,8,0,0,0,67301,2,0,0,N,2,0,0,3,67301,0,,1,9,,N,N,,1,,0,0,0,9.0,3,,1700,2,3,0,0,0,2,0,3,4,0,1,7,,N,,,,,,,,,,,
2009014217,57,1,0,0,0,0,0,0,0,0,7,0,,67,12,2008,7,39.9487,-75.1589,55.0,6,0,0,0,0,0,0,0,0,9.0,0,0,0,0,3,0,1,,2,39 56:55.320,4.0,0,75 09:32.040,0,0,0,0,67301,0,0,0,N,0,0,0,4,67301,0,,2,1,,N,N,,0,,0,0,0,3.0,2,Y,52,0,1,0,0,0,0,0,3,4,0,1,3,,N,,,,,,,,,,,
2009013484,247,2,0,0,0,0,0,0,0,0,1,0,,67,11,2008,7,39.9554,-75.1882,243.0,6,0,0,0,0,0,0,0,0,,0,0,0,2,3,2,2,,0,39 57:19.502,,0,75 11:17.601,3,0,0,0,67301,1,0,0,N,0,0,0,2,67301,1,,1,1,,N,N,,0,,1,0,0,0.0,0,,234,2,2,0,0,0,0,0,3,4,0,2,3,,N,,,,,,,,,,,
2009013575,2120,1,0,0,0,0,0,0,0,0,1,0,,67,12,2008,5,39.9934,-75.097,2103.0,6,0,0,0,0,1,0,0,0,,0,0,0,99,3,3,1,,0,39 59:36.362,,0,75 05:49.314,4,0,0,0,67301,0,0,0,N,0,0,0,5,67301,3,,1,9,,N,N,,0,,0,0,1,0.0,0,,9999,3,2,0,0,5,0,0,3,4,0,2,7,,N,,,,,,,,,,,
2009013621,903,1,0,0,0,0,0,0,0,0,8,0,,67,10,2008,6,40.0352,-75.222,853.0,6,0,0,1,0,0,0,0,0,,0,0,0,8,1,1,1,,0,40 02:06.705,,0,75 13:19.289,8,0,0,0,67301,1,0,0,N,1,0,0,3,67301,0,,1,1,,N,N,,0,,0,0,0,3.0,3,,853,1,2,0,0,0,1,0,3,4,0,1,3,,N,,,,,,,,,,,
2009025917,215,1,0,0,0,0,0,0,0,0,1,0,,67,12,2008,1,40.0079,-75.1723,208.0,6,0,0,0,0,0,1,0,0,,0,0,0,2,3,1,1,,0,40 00:28.592,,0,75 10:20.286,8,0,0,0,67301,0,0,0,N,0,0,0,2,67301,0,,1,9,,N,N,,0,,0,0,1,3.0,2,,200,1,2,0,0,0,1,0,3,4,0,2,98,,N,,,,,,,,,,,
2009024856,1406,2,0,0,0,0,0,0,0,0,4,0,,67,12,2008,4,39.9906,-75.1849,1401.0,6,0,0,0,0,0,0,0,0,,0,0,0,14,1,3,1,,0,39 59:26.109,,0,75 11:05.689,3,0,0,0,67301,0,0,0,N,0,0,0,4,67301,2,,1,1,,N,N,,0,,1,0,0,3.0,2,,1401,3,2,0,0,0,0,0,3,4,0,2,3,,N,,,,,,,,,,,
2009030055,155,1,0,0,0,0,0,1,0,0,6,1,,67,12,2008,7,39.9732,-75.2122,154.0,6,0,0,0,0,0,0,0,0,,0,0,0,1,3,3,1,,0,39 58:23.685,,0,75 12:43.721,8,0,0,0,67301,0,0,0,N,0,0,0,4,67301,0,,1,9,,N,N,,0,,0,0,0,3.0,2,,118,3,2,0,0,0,3,0,3,4,0,2,7,,N,,,,,,,,,,,
2009030075,1930,2,0,0,0,0,0,0,0,0,4,0,,67,12,2008,7,39.9287,-75.1805,1910.0,6,0,0,0,0,0,0,0,0,,0,0,0,18,3,1,1,,0,39 55:43.431,,0,75 10:49.857,8,0,0,0,67301,0,0,0,N,0,0,0,3,67301,0,,1,1,,N,N,,0,,0,0,0,9.0,3,,1840,1,2,0,0,0,1,0,3,4,0,2,3,,N,,,,,,,,,,,
2009013740,1730,3,0,0,0,0,0,0,0,0,1,0,,67,11,2008,4,40.0016,-75.1528,1723.0,6,0,0,0,0,0,1,0,0,,0,0,0,17,3,0,1,,0,40 00:05.705,,0,75 09:10.074,0,0,0,0,67301,0,0,0,N,0,0,0,1,67301,0,,2,1,,N,N,,0,,0,0,0,3.0,9,,1722,0,3,0,0,0,0,0,3,4,0,3,3,,N,,,,,,,,,,,
2008051414,1123,1,0,0,0,0,0,0,0,0,4,0,,67,3,2008,7,39.9421,-75.2117,1108.0,6,0,0,0,0,0,0,0,0,,0,0,0,11,1,1,1,,0,39 56:31.419,,0,75 12:42.235,8,0,0,0,67301,0,0,0,N,0,0,0,2,67301,0,,1,9,,N,N,,0,,0,0,0,3.0,2,,1106,1,2,0,0,0,1,0,3,4,1,2,3,,N,,,,,,,,,,,
2008051423,2307,1,0,0,0,0,0,0,0,0,5,0,,67,2,2008,7,39.9457,-75.2408,2306.0,6,0,0,0,0,0,1,0,0,2.0,0,0,0,23,3,1,0,,1,39 56:44.520,3.0,0,75 14:26.880,4,0,0,0,67301,0,0,0,N,0,0,0,1,67301,1,,6,1,,N,N,,1,,0,0,1,0.0,0,N,2300,1,3,0,0,0,0,0,3,4,0,3,3,,N,,,,,,,,,,,
2008051428,1650,1,0,0,0,0,0,0,0,0,8,0,,67,2,2008,5,40.1019,-75.0397,1644.0,6,0,0,0,0,0,0,0,0,,0,0,0,16,4,1,1,,0,40 06:06.840,,0,75 02:22.920,3,0,0,0,67301,1,0,0,,1,0,0,2,67301,0,,1,1,,N,N,,0,,1,0,0,0.0,0,,1639,1,2,0,0,0,0,0,3,4,0,1,3,,N,,,,,,,,,,,
2008056735,2139,1,0,0,0,0,0,0,0,0,7,0,,67,4,2008,6,39.9557,-75.1806,2135.0,6,0,0,0,0,0,0,0,0,2.0,0,0,0,21,3,1,0,,2,39 57:27.270,3.0,0,75 10:48.759,8,0,0,0,67301,0,0,0,N,0,0,0,1,68K01,0,,5,1,,N,N,,0,,0,0,0,0.0,0,N,2130,1,1,0,0,0,1,0,3,4,0,1,3,,N,,,,,,,,,,,
2008050858,30,1,0,0,0,0,0,0,0,0,8,0,,67,3,2008,3,39.9172,-75.2373,16.0,6,0,0,0,0,0,0,0,0,,0,0,0,15,1,1,0,,0,39 55:01.799,,0,75 14:14.361,8,0,0,0,67301,1,0,0,N,1,0,0,2,67301,0,,1,1,,N,N,,0,,0,0,0,0.0,0,,1515,1,2,0,0,0,1,0,3,4,0,1,3,,N,,,,,,,,,,,
2008050861,810,2,0,0,0,0,0,0,0,0,4,0,,67,3,2008,3,40.0242,-75.157,805.0,6,0,0,0,0,0,0,1,0,,0,0,0,7,1,1,2,,0,40 01:26.947,,0,75 09:25.369,4,0,0,0,67301,0,0,0,N,0,0,0,3,67301,1,,1,1,,N,N,,1,,0,0,0,3.0,3,,740,1,3,0,0,0,0,0,3,4,0,3,3,,N,,,,,,,,,,,
2008108675,1323,0,0,0,0,0,0,0,0,0,1,0,,67,9,2008,2,40.0275,-75.0982,1321.0,6,0,0,0,0,0,0,0,0,2.0,0,0,0,13,1,1,0,,1,40 01:39.119,2.0,0,75 05:53.668,4,0,0,0,67301,0,0,0,N,0,0,0,5,67301,1,,1,1,,N,N,,1,,0,0,1,0.0,0,N,1320,1,2,0,0,0,0,0,3,4,0,2,3,,N,,,,,,,,,,,
2008099239,2141,1,0,0,0,0,0,0,0,0,4,0,,67,7,2008,6,40.0826,-74.966,2137.0,6,0,0,0,0,0,0,0,0,,0,0,0,21,3,0,1,,0,40 04:57.327,,0,74 57:57.675,0,0,0,0,67301,0,0,0,,0,0,0,5,67301,0,,1,1,,,,,0,,0,0,1,3.0,2,,2137,0,2,0,0,0,0,0,3,4,0,2,3,,N,,,,,,,,,,,