CRN,ARRIVAL_TM,AUTOMOBILE_COUNT,BELTED_DEATH_COUNT,BELTED_SUSP_SERIOUS_INJ_COUNT,BICYCLE_COUNT,BICYCLE_DEATH_COUNT,BICYCLE_SUSP_SERIOUS_INJ_COUNT,BUS_COUNT,CHLDPAS_DEATH_COUNT,CHLDPAS_SUSP_SERIOUS_INJ_COUNT,COLLISION_TYPE,COMM_VEH_COUNT,CONS_ZONE_SPD_LIM,COUNTY,CRASH_MONTH,CRASH_YEAR,DAY_OF_WEEK,DEC_LAT,DEC_LONG,DISPATCH_TM,DISTRICT,DRIVER_COUNT_16YR,DRIVER_COUNT_17YR,DRIVER_COUNT_18YR,DRIVER_COUNT_19YR,DRIVER_COUNT_20YR,DRIVER_COUNT_50_64YR,DRIVER_COUNT_65_74YR,DRIVER_COUNT_75PLUS,EST_HRS_CLOSED,FATAL_COUNT,HEAVY_TRUCK_COUNT,HORSE_BUGGY_COUNT,HOUR_OF_DAY,ILLUMINATION,INJURY_COUNT,INTERSECT_TYPE,INTERSECTION_RELATED,LANE_CLOSED,LATITUDE,LN_CLOSE_DIR,LOCATION_TYPE,LONGITUDE,MAX_SEVERITY_LEVEL,MCYCLE_DEATH_COUNT,MCYCLE_SUSP_SERIOUS_INJ_COUNT,MOTORCYCLE_COUNT,MUNICIPALITY,NONMOTR_COUNT,NONMOTR_DEATH_COUNT,NONMOTR_SUSP_SERIOUS_INJ_COUNT,NTFY_HIWY_MAINT,PED_COUNT,PED_DEATH_COUNT,PED_SUSP_SERIOUS_INJ_COUNT,PERSON_COUNT,POLICE_AGCY,POSSIBLE_INJ_COUNT,RDWY_SURF_TYPE_CD,RELATION_TO_ROAD,ROAD_CONDITION,ROADWAY_CLEARED,SCH_BUS_IND,SCH_ZONE_IND,SECONDARY_CRASH,SMALL_TRUCK_COUNT,SPEC_JURIS_CD,SUSP_MINOR_INJ_COUNT,SUSP_SERIOUS_INJ_COUNT,SUV_COUNT,TCD_FUNC_CD,TCD_TYPE,TFC_DETOUR_IND,TIME_OF_DAY,TOT_INJ_COUNT,TOTAL_UNITS,UNB_DEATH_COUNT,UNB_SUSP_SERIOUS_INJ_COUNT,UNBELTED_OCC_COUNT,UNK_INJ_DEG_COUNT,UNK_INJ_PER_COUNT,URBAN_AREA,URBAN_RURAL,VAN_COUNT,VEHICLE_COUNT,WEATHER1,WEATHER2,WORK_ZONE_IND,WORK_ZONE_LOC,WORK_ZONE_TYPE,WORKERS_PRES,WZ_CLOSE_DETOUR,WZ_FLAGGER,WZ_LAW_OFFCR_IND,WZ_LN_CLOSURE,WZ_MOVING,WZ_OTHER,WZ_SHLDER_MDN,WZ_WORKERS_INJ_KILLED
2008098392,1650,1,0,0,0,0,0,0,0,0,5,0,,67,7,2008,2,40.0411,-75.1577,1645.0,6,0,0,0,0,0,0,0,0,,0,0,0,14,1,2,0,,0,40 02:27.999,,0,75 09:27.641,4,0,0,0,67301,0,0,0,N,0,0,0,2,67301,2,,1,1,,N,N,,1,,0,0,0,0.0,0,,1450,2,2,0,0,2,0,0,3,4,0,2,3,,N,,,,,,,,,,,
2008098673,1205,0,0,0,0,0,0,0,0,0,4,0,,67,7,2008,1,40.0995,-74.9864,1200.0,6,0,0,0,0,0,0,0,0,,0,0,0,11,1,2,1,,0,40 05:58.224,,0,74 59:10.989,8,0,0,0,67301,0,0,0,N,0,0,0,3,67301,0,,1,1,,N,N,,0,,0,0,0,3.0,2,,1159,2,2,0,0,0,2,0,3,4,2,2,3,,N,,,,,,,,,,,
2008098677,1917,2,0,0,0,0,0,0,0,0,4,0,,67,7,2008,3,39.9309,-75.1439,913.0,6,0,0,0,0,1,0,0,0,1.0,0,0,0,9,1,1,2,,1,39 55:51.224,2.0,0,75 08:38.137,4,0,0,0,67301,0,0,0,N,0,0,0,2,67301,1,,1,1,,N,N,,0,,0,0,0,3.0,2,Y,913,1,2,0,0,0,0,1,3,4,0,2,3,,N,,,,,,,,,,,
2008095705,2358,2,0,0,0,0,0,0,0,0,4,0,,67,7,2008,3,40.0133,-75.1841,2357.0,6,0,0,0,0,0,0,0,0,,0,0,0,22,3,0,2,,0,40 00:47.880,,0,75 11:02.857,0,0,0,0,67301,0,0,0,,0,0,0,2,67301,0,,1,1,,N,N,,0,,0,0,0,3.0,3,,2250,0,2,0,0,0,0,0,3,4,0,2,3,,N,,,,,,,,,,,
2008097963,2148,0,0,0,0,0,0,0,0,0,8,0,,67,7,2008,4,40.0203,-75.1141,2146.0,6,0,0,0,0,0,0,0,0,,0,0,0,21,3,2,0,,0,40 01:13.065,,0,75 06:50.880,3,0,0,1,67301,1,0,0,N,1,0,0,2,67301,1,,1,1,,N,N,,0,,1,0,0,0.0,0,,2145,2,2,0,0,0,0,0,3,4,0,1,3,,N,,,,,,,,,,,
2008088224,1920,2,0,0,0,0,0,0,0,0,1,0,,67,6,2008,6,40.0206,-75.1561,1904.0,6,0,0,0,0,0,0,0,0,,0,0,0,19,1,2,0,,0,40 01:14.160,,0,75 09:21.960,4,0,0,0,67301,0,0,0,N,0,0,0,3,67301,2,,1,1,,N,N,,0,,0,0,1,0.0,0,,1904,2,3,0,0,1,0,0,3,4,0,3,3,,N,,,,,,,,,,,
2008088227,2340,2,0,0,0,0,0,0,0,0,4,0,,67,6,2008,4,39.9518,-75.249,2337.0,6,0,0,0,0,1,0,0,0,9.0,0,0,0,23,3,1,0,,1,39 57:06.294,2.0,0,75 14:56.535,4,0,0,0,67301,0,0,0,N,0,0,0,3,67301,1,,1,9,,N,N,,0,,0,0,0,0.0,0,N,2329,1,2,0,0,0,0,0,3,4,0,2,7,,N,,,,,,,,,,,
2008098201,1933,3,0,0,0,0,0,0,0,0,5,0,,67,7,2008,7,39.9778,-75.1141,1930.0,6,0,0,0,0,0,0,0,0,,0,0,0,19,4,2,1,,0,39 58:40.556,,0,75 06:51.167,3,0,0,0,67301,0,0,0,N,0,0,0,2,67301,0,,4,1,,N,N,,0,,2,0,1,0.0,0,,1929,2,4,0,0,0,0,0,3,4,0,4,3,,N,,,,,,,,,,,
2008098271,2023,1,0,0,0,0,0,0,0,0,8,0,,67,6,2008,2,40.0417,-75.1021,2018.0,6,0,0,0,0,0,0,0,0,2.0,0,0,0,20,1,1,0,,1,40 02:30.278,3.0,0,75 06:07.459,3,0,0,0,67301,1,0,0,N,1,0,0,2,67301,0,,1,1,,N,N,,0,,1,0,0,0.0,0,Y,2017,1,2,0,0,0,0,0,3,4,0,1,3,,N,,,,,,,,,,,
2008070815,747,1,0,0,0,0,0,0,0,0,4,0,,67,4,2008,4,39.9695,-75.1396,745.0,6,0,0,0,0,0,0,0,0,,0,0,0,6,1,1,1,,0,39 58:10.387,,0,75 08:22.538,4,0,0,0,67301,0,0,0,,0,0,0,5,67301,1,,1,1,,,,,0,,0,0,0,3.0,2,,642,1,2,0,0,0,0,0,3,4,1,2,3,,N,,,,,,,,,,,
2008120775,1657,2,0,0,0,0,0,0,0,0,2,0,,67,9,2008,4,39.9405,-75.2189,1645.0,6,0,0,0,0,0,0,0,0,,0,0,0,16,1,0,1,,0,39 56:25.816,,0,75 13:08.210,0,0,0,0,67301,0,0,0,,0,0,0,2,67301,0,,1,1,,,,,0,,0,0,0,9.0,3,,1644,0,2,0,0,0,0,0,3,4,0,2,3,,N,,,,,,,,,,,
2009002197,1600,0,0,0,0,0,0,0,0,0,6,0,,67,11,2008,4,40.095,-75.0154,1600.0,6,0,0,0,0,0,0,0,0,1.0,0,0,0,15,1,1,1,,1,40 05:41.730,2.0,0,75 00:55.660,8,0,0,0,67301,0,0,0,,0,0,0,2,67301,0,,1,1,,N,N,,0,,0,0,2,9.0,2,N,1555,1,2,0,0,0,1,0,3,4,0,2,3,,N,,,,,,,,,,,
2009002237,1500,1,0,0,0,0,0,0,0,0,8,0,,67,11,2008,3,40.0016,-75.1528,1500.0,6,0,0,0,0,0,0,0,0,,0,0,0,15,1,1,1,,0,40 00:05.705,,0,75 09:10.074,4,0,0,0,67301,1,0,0,N,1,0,0,2,68B01,1,,1,1,,,N,,0,,0,0,0,9.0,9,,1500,1,2,0,0,0,0,1,3,4,0,1,3,,N,,,,,,,,,,,
2009001039,1430,2,0,0,0,0,0,0,0,0,4,0,,67,11,2008,4,39.9399,-75.2114,1423.0,6,0,0,0,0,0,0,0,1,,0,0,0,14,1,0,1,,0,39 56:23.373,,0,75 12:40.931,0,0,0,0,67301,0,0,0,N,0,0,0,2,67301,0,,1,1,,N,N,,0,,0,0,0,3.0,2,,1415,0,2,0,0,0,0,0,3,4,0,2,3,,N,,,,,,,,,,,
2009003215,1737,0,0,0,0,0,0,1,0,0,5,1,,67,11,2008,6,39.9714,-75.1585,1737.0,6,0,0,0,0,0,1,0,0,2.0,0,0,0,17,3,9,1,,1,39 58:17.027,4.0,0,75 09:30.756,8,0,0,0,67301,0,0,0,,0,0,0,21,67301,0,,1,1,,,,,0,,0,0,0,3.0,8,N,1735,9,2,0,0,0,9,0,3,4,0,2,3,,N,,,,,,,,,,,
2009013289,2135,1,0,0,0,0,0,0,0,0,7,0,,67,12,2008,5,39.9742,-75.204,2129.0,6,0,0,0,0,0,0,0,0,2.0,0,0,0,21,3,0,0,,2,39 58:26.967,2.0,0,75 12:14.540,0,0,0,0,67301,0,0,0,N,0,0,0,1,67301,0,,2,9,,N,N,,0,,0,0,0,0.0,0,N,2133,0,1,0,0,0,0,0,3,4,0,1,7,,N,,,,,,,,,,,
2009026065,2205,1,0,0,0,0,0,0,0,0,1,0,,67,12,2008,4,39.991,-75.132,2200.0,6,0,0,0,1,0,0,0,0,,0,0,0,21,3,1,0,,0,39 59:27.512,,0,75 07:55.144,4,0,0,0,67301,0,0,0,N,0,0,0,2,67301,1,,4,9,,N,N,,0,,0,0,2,0.0,0,,2155,1,3,0,0,0,0,0,3,4,0,3,3,,N,,,,,,,,,,,
2009013664,1229,1,0,0,0,0,0,0,0,0,5,1,,67,12,2008,5,39.9985,-75.1286,1229.0,6,0,0,0,0,0,0,0,0,1.0,0,1,0,12,1,0,0,,1,39 59:54.560,4.0,0,75 07:43.000,0,0,0,0,67301,2,0,0,N,0,0,0,3,67301,0,,1,1,,N,N,,0,,0,0,0,0.0,0,N,1225,0,2,0,0,1,0,0,3,4,0,2,3,,N,,,,,,,,,,,
2009013210,1520,1,0,0,0,0,0,2,0,0,5,2,,67,12,2008,4,40.0126,-75.1609,1520.0,6,0,0,0,0,0,1,0,0,1.0,0,0,0,15,1,1,1,,1,40 00:45.496,3.0,0,75 09:39.526,8,0,0,0,67301,0,0,0,N,0,0,0,3,67301,0,,1,9,,N,N,,0,,0,0,0,3.0,2,N,1515,1,3,0,0,0,1,0,3,4,0,3,3,,N,,,,,,,,,,,
2009013239,1215,2,0,0,0,0,0,0,0,0,1,0,,67,12,2008,7,40.0491,-75.0791,1207.0,6,0,1,0,0,0,0,0,0,,0,0,0,12,1,2,0,,0,40 02:56.689,,0,75 04:44.885,4,0,0,0,67301,0,0,0,N,0,0,0,3,67301,2,,1,1,,N,N,,0,,0,0,0,0.0,0,,1203,2,2,0,0,0,0,0,3,4,0,2,3,,N,,,,,,,,,,,
2009013419,1830,2,0,0,0,0,0,0,0,0,1,0,,67,12,2008,7,40.0707,-75.162,1630.0,6,0,0,0,0,0,1,0,0,,0,0,0,14,1,1,1,,0,40 04:14.520,,0,75 09:43.200,4,0,0,0,67301,0,0,0,N,0,0,0,2,67301,1,,1,1,,N,N,,0,,0,0,0,3.0,2,,1400,1,2,0,0,2,0,1,3,4,0,2,3,,N,,,,,,,,,,,
2009029298,0,2,0,0,0,0,0,0,0,0,1,0,,67,12,2008,1,40.0594,-75.0439,0.0,6,0,0,0,0,0,0,0,1,,0,0,0,12,1,1,1,,0,40 03:33.132,,0,75 02:38.341,8,0,0,0,67301,0,0,0,,0,0,0,2,00000,0,,1,2,,,,,0,,0,0,0,9.0,2,,1245,1,2,0,0,0,1,0,3,4,0,2,99,,N,,,,,,,,,,,
2009029729,957,3,0,0,0,0,0,0,0,0,4,0,,67,3,2008,2,40.09,-74.9681,951.0,6,0,0,0,0,0,1,0,0,,0,0,0,99,1,1,2,,0,40 05:23.836,,0,74 58:05.208,4,0,0,0,67301,0,0,0,,0,0,0,3,67301,1,,1,1,,,,,0,,0,0,0,3.0,3,,9999,1,3,0,0,0,0,0,3,4,0,3,3,,N,,,,,,,,,,,
2009024709,1730,0,0,0,0,0,0,0,0,0,8,0,,67,12,2008,6,39.9325,-75.2246,1724.0,6,0,0,0,0,0,0,0,0,,0,0,0,17,3,1,1,,0,39 55:56.906,,0,75 13:28.606,8,0,0,0,67301,1,0,0,,1,0,0,2,67301,0,,1,1,,,,,0,,0,0,0,3.0,2,,1717,1,2,0,0,1,1,0,3,4,1,1,3,,N,,,,,,,,,,,
2009024852,2100,2,0,0,0,0,0,0,0,0,8,0,,67,12,2008,7,40.0742,-75.0829,2051.0,6,0,0,0,0,0,0,0,0,,0,0,0,20,3,2,0,,0,40 04:26.954,,0,75 04:58.263,8,0,0,0,67301,2,0,0,N,2,0,0,3,67301,0,,1,9,,N,N,,0,,0,0,2,0.0,0,,2050,2,6,0,0,0,2,1,3,4,0,4,10,,N,,,,,,,,,,,
2009024880,1735,2,0,0,0,0,0,0,0,0,1,0,,67,12,2008,2,40.0524,-75.2266,1728.0,6,0,0,0,0,0,1,0,0,,0,0,0,17,3,1,0,,0,40 03:09.017,,0,75 13:36.762,8,0,0,0,67301,0,0,0,,0,0,0,2,67301,0,,1,1,,,,,0,,0,0,0,0.0,0,,1725,1,2,0,0,0,1,0,3,4,0,2,3,,N,,,,,,,,,,,
2009025380,1445,2,0,0,0,0,0,0,0,0,1,0,,67,12,2008,5,40.0437,-75.0218,1430.0,6,0,0,0,0,0,0,1,0,,0,0,0,14,1,2,0,,0,40 02:37.184,,0,75 01:18.376,8,0,0,0,67301,0,0,0,,0,0,0,3,67301,0,,1,1,,,,,0,,0,0,0,3.0,2,,1427,2,2,0,0,0,2,0,3,4,0,2,3,,N,,,,,,,,,,,
2009013734,945,2,0,0,0,0,0,0,0,0,4,0,,67,12,2008,6,40.0569,-75.1494,940.0,6,0,0,0,0,0,0,0,0,,0,0,0,9,1,1,2,,0,40 03:24.933,,0,75 08:57.807,4,0,0,0,67301,0,0,0,N,0,0,0,3,67301,1,,1,9,,N,N,,1,,0,0,0,3.0,3,,920,1,3,0,0,0,0,1,3,4,0,3,7,,N,,,,,,,,,,,
2008098292,1053,1,0,0,0,0,0,0,0,0,2,0,,67,7,2008,3,40.0396,-75.0844,1050.0,6,0,0,0,0,1,1,0,0,1.0,0,0,0,10,1,1,1,,1,40 02:22.401,3.0,0,75 05:03.893,4,0,0,0,67301,0,0,0,N,0,0,0,3,67301,1,,1,1,,N,Y,,0,,0,0,1,0.0,0,Y,1045,1,2,0,0,1,0,0,3,4,0,2,3,,N,,,,,,,,,,,
2008088192,1945,1,0,0,0,0,0,0,0,0,8,0,,67,6,2008,5,39.9499,-75.1675,1940.0,6,0,0,0,0,0,0,0,0,,0,0,0,19,1,1,0,,0,39 56:59.812,,0,75 10:03.039,4,0,0,0,67301,1,0,0,,1,0,0,2,67301,1,,1,1,,,,,0,,0,0,0,0.0,0,,1930,1,2,0,0,0,0,0,3,4,0,1,3,,N,,,,,,,,,,,
2008088189,1253,1,0,0,0,0,0,0,0,0,8,0,,67,6,2008,6,40.0585,-75.1896,1252.0,6,0,0,0,0,0,0,0,0,,0,0,0,12,1,1,0,,0,40 03:30.676,,0,75 11:22.398,4,0,0,0,67301,1,0,0,N,1,0,0,2,67301,1,,1,1,,N,N,,0,,0,0,0,3.0,2,,1250,1,2,0,0,1,0,0,3,4,0,1,3,,N,,,,,,,,,,,
2008095719,238,1,0,0,0,0,0,0,0,0,8,0,,67,6,2008,5,40.0217,-75.1502,232.0,6,0,0,0,0,0,0,0,0,,0,0,0,2,2,1,1,,0,40 01:17.997,,0,75 09:00.781,4,0,0,0,67301,1,0,0,N,1,0,0,2,67301,1,,1,1,,N,N,,0,,0,0,0,9.0,3,,232,1,2,0,0,0,0,1,3,4,0,1,3,,N,,,,,,,,,,,
2008098702,2025,2,0,0,0,0,0,0,0,0,4,0,,67,6,2008,3,39.9594,-75.1987,2017.0,6,0,0,0,0,0,0,0,0,,0,0,0,20,1,2,2,,0,39 57:33.984,,0,75 11:55.262,8,0,0,0,67301,0,0,0,N,0,0,0,3,67504,0,,1,1,,N,N,,0,,0,0,0,3.0,3,,2017,2,2,0,0,0,2,0,3,4,0,2,3,,N,,,,,,,,,,,
2008099260,610,2,0,0,0,0,0,0,0,0,5,0,,67,7,2008,6,40.0215,-75.1398,545.0,6,0,0,0,0,0,0,0,0,9.0,0,0,0,5,1,1,1,,1,40 01:17.486,2.0,0,75 08:23.327,8,0,0,0,67301,0,0,0,N,0,0,0,4,67301,0,,1,1,,N,N,,0,,0,0,0,9.0,2,N,545,1,2,0,0,0,1,0,3,4,0,2,3,,N,,,,,,,,,,,
2008078918,1558,2,0,0,0,0,0,0,0,0,2,0,,67,5,2008,7,40.0564,-75.0751,1555.0,6,0,1,0,0,0,0,0,0,9.0,0,0,0,15,1,0,1,,1,40 03:22.904,4.0,0,75 04:30.487,0,0,0,0,67301,0,0,0,,0,0,0,4,67301,0,,1,1,,N,N,,0,,0,0,0,3.0,2,N,1555,0,2,0,0,0,0,0,3,4,0,2,3,,N,,,,,,,,,,,
2008089350,2108,0,0,0,0,0,0,0,0,0,4,0,,67,6,2008,7,40.0853,-75.0376,2107.0,6,0,1,0,1,0,0,0,0,1.0,0,0,0,21,3,1,0,,2,40 05:07.063,1.0,0,75 02:15.434,4,0,0,0,67301,0,0,0,,0,0,0,3,67301,1,,1,1,,N,N,,0,,0,0,1,0.0,0,Y,2105,1,2,0,0,0,0,0,3,4,1,2,3,,N,,,,,,,,,,,
2008102183,1852,1,0,0,0,0,0,0,0,0,0,1,,67,8,2008,5,40.0342,-75.0197,1843.0,6,0,0,0,0,0,0,0,0,,0,1,0,18,1,0,0,,0,40 02:01.859,,0,75 01:12.368,0,0,0,0,67301,0,0,0,N,0,0,0,2,68K01,0,,1,1,,N,N,,0,,0,0,0,0.0,0,,1813,0,2,0,0,0,0,0,3,4,0,2,3,,N,,,,,,,,,,,
2008089666,2046,1,0,0,0,0,0,0,0,0,1,0,,67,8,2008,1,39.97,-75.1927,2045.0,6,0,0,0,0,0,0,0,0,1.0,0,0,0,20,3,0,0,,2,39 58:15.500,3.0,0,75 11:35.608,0,0,0,0,67301,0,0,0,N,0,0,0,2,68K01,0,,1,1,,N,N,,0,,0,0,1,0.0,0,N,2041,0,2,0,0,0,0,0,3,4,0,2,3,,N,,,,,,,,,,,
2008120669,130,1,0,0,0,0,0,0,0,0,2,0,,67,9,2008,3,39.9543,-75.1918,128.0,6,0,0,0,0,0,0,0,0,1.0,0,0,0,1,3,0,1,,1,39 57:15.607,3.0,0,75 11:30.315,0,0,0,0,67301,0,0,0,N,0,0,0,2,67301,0,,1,1,,N,N,,1,,0,0,0,3.0,2,Y,125,0,2,0,0,0,0,0,3,4,0,2,3,,N,,,,,,,,,,,
2009000852,1600,2,0,0,0,0,0,0,0,0,4,0,,67,11,2008,6,40.0603,-75.0739,1600.0,6,0,0,0,1,0,0,1,0,,0,0,0,15,1,2,1,,0,40 03:37.231,,0,75 04:26.101,4,0,0,0,67301,0,0,0,N,0,0,0,3,67301,2,,1,9,,N,N,,0,,0,0,0,3.0,3,,1545,2,2,0,0,0,0,0,3,4,0,2,7,,N,,,,,,,,,,,
2009001025,810,2,0,0,0,0,0,0,0,0,1,0,,67,11,2008,6,40.0832,-75.026,810.0,6,0,0,0,0,0,0,0,0,,0,0,0,8,1,1,2,,0,40 04:59.810,,0,75 01:33.320,8,0,0,0,67301,0,0,0,N,0,0,0,3,67301,0,,1,9,,N,N,,0,,0,0,0,3.0,2,,810,1,3,0,0,0,1,0,3,4,1,3,10,,N,,,,,,,,,,,
2009001979,2044,0,0,0,0,0,0,0,0,0,8,0,,67,11,2008,3,39.9756,-75.2436,2042.0,6,0,0,0,0,0,1,0,0,,0,0,0,20,3,1,1,,0,39 58:32.052,,0,75 14:36.891,4,0,0,0,67301,1,0,0,,1,0,0,2,67301,1,,1,9,,N,,,0,,0,0,0,3.0,2,,2022,1,2,0,0,0,0,0,3,4,1,1,7,,N,,,,,,,,,,,
2009024755,1812,1,0,0,0,0,0,0,0,0,7,0,,67,12,2008,2,40.0543,-75.0716,1812.0,6,0,0,0,0,0,0,1,0,2.0,0,0,0,18,3,1,1,,1,40 03:15.541,4.0,0,75 04:17.098,8,0,0,0,67301,0,0,0,N,0,0,0,2,67301,0,,5,1,,N,N,,0,,0,0,0,0.0,0,N,1810,1,1,0,0,0,1,0,3,4,0,1,3,,N,,,,,,,,,,,
2009024775,1902,4,0,0,0,0,0,0,0,0,4,0,,67,12,2008,4,39.9473,-75.2391,1902.0,6,0,0,0,0,1,0,0,0,,0,0,0,19,3,1,1,,0,39 56:50.398,,0,75 14:20.774,4,0,0,0,67301,0,0,0,N,0,0,0,2,67301,1,,1,1,,N,N,,0,,0,0,0,3.0,3,,1902,1,4,0,0,0,0,0,3,4,0,4,3,,N,,,,,,,,,,,
2009024785,2026,0,0,0,0,0,0,0,0,0,7,0,,67,12,2008,3,40.0084,-75.1443,2025.0,6,0,0,0,0,0,1,0,0,,0,0,0,20,3,1,0,,0,40 00:30.147,,0,75 08:39.546,8,0,0,0,67301,0,0,0,N,0,0,0,1,67301,0,,5,1,,N,N,,0,,0,0,1,0.0,0,,2020,1,1,0,0,0,1,0,3,4,0,1,3,,N,,,,,,,,,,,
2009002146,1855,1,0,0,0,0,0,0,0,0,8,0,,67,11,2008,2,40.0245,-75.0883,1846.0,6,0,0,0,0,0,0,0,0,,0,0,0,18,3,1,1,,0,40 01:28.131,,0,75 05:17.933,4,0,0,0,67301,1,0,0,N,1,0,0,2,67301,1,,1,1,,N,N,,0,,0,0,0,3.0,3,,1827,1,2,0,0,0,0,0,3,4,0,1,3,,N,,,,,,,,,,,
2009000731,1902,1,0,0,0,0,0,0,0,0,7,0,,67,10,2008,3,39.9714,-75.1594,1900.0,6,0,0,0,0,0,0,0,0,2.0,0,0,0,18,3,1,1,,1,39 58:17.271,2.0,0,75 09:34.236,4,0,0,0,67301,0,0,0,,0,0,0,2,67301,1,,3,1,,N,N,,0,,0,0,0,3.0,2,N,1850,1,1,0,0,0,0,1,3,4,0,1,3,,N,,,,,,,,,,,
2009000865,1257,1,0,0,0,0,0,0,0,0,4,0,,67,11,2008,4,39.9112,-75.2306,1254.0,6,0,0,0,0,0,1,0,0,,0,0,0,12,1,1,3,,0,39 54:40.341,,0,75 13:50.008,8,0,0,0,67301,0,0,0,N,0,0,0,2,67301,0,,1,1,,N,N,,0,,0,0,0,3.0,3,,1254,1,2,0,0,0,1,0,3,4,1,2,3,,N,,,,,,,,,,,
2009000980,1810,2,0,0,0,0,0,0,0,0,4,0,,67,11,2008,6,39.9141,-75.1497,1802.0,6,0,0,0,0,0,0,0,0,,0,0,0,18,3,2,1,,0,39 54:50.690,,0,75 08:58.878,8,0,0,0,67301,0,0,0,,0,0,0,3,67301,0,,1,1,,N,N,,0,,0,0,0,3.0,2,,1800,2,2,0,0,0,2,0,3,4,0,2,3,,N,,,,,,,,,,,
2009000180,258,1,0,0,0,0,0,0,0,0,8,0,,67,11,2008,1,39.946,-75.2165,254.0,6,0,0,0,0,0,0,0,0,,1,0,0,2,3,0,1,,0,39 56:45.772,,0,75 12:59.363,1,0,0,0,67301,1,1,0,N,1,1,0,3,67301,0,2.0,1,9,,N,N,,0,0.0,0,0,0,3.0,2,,240,0,2,0,0,0,0,0,3,4,0,1,3,,N,,,,,,,,,,,
2009002395,1143,1,0,0,0,0,0,0,0,0,1,1,,67,12,2008,5,39.9711,-75.1243,1133.0,6,0,0,0,0,1,0,0,0,1.0,0,1,0,11,1,1,0,,1,39 58:13.442,2.0,0,75 07:31.332,8,0,0,0,67301,0,0,0,N,0,0,0,2,68K01,0,,1,1,,N,N,,0,,0,0,0,0.0,0,N,1129,1,2,0,0,0,1,0,3,4,0,2,3,,N,,,,,,,,,,,
2009013515,1721,0,0,0,0,0,0,0,0,0,8,0,,67,11,2008,1,39.9983,-75.1274,1719.0,6,0,0,0,0,0,1,0,0,,0,0,0,17,3,1,1,,0,39 59:53.720,,99,75 07:38.508,8,0,0,0,67301,1,0,0,N,1,0,0,2,67301,0,,1,9,,N,N,,0,,0,0,0,3.0,2,,1717,1,2,0,0,0,1,0,3,4,1,1,7,,N,,,,,,,,,,,
2009026965,1946,2,0,0,0,0,0,0,0,0,1,0,,67,12,2008,7,40.0214,-75.1404,1941.0,6,0,0,1,0,0,0,0,0,2.0,0,0,0,19,3,3,0,,2,40 01:16.566,4.0,0,75 08:26.272,3,0,0,0,67301,0,0,0,N,0,0,0,6,67301,1,,1,9,,N,N,,0,,2,0,0,3.0,8,Y,1938,3,2,0,0,2,0,0,3,4,0,2,5,,N,,,,,,,,,,,
2009024680,1920,1,0,0,0,0,0,0,0,0,8,0,,67,12,2008,3,40.0085,-75.2107,1915.0,6,0,0,0,0,0,0,0,0,,0,0,0,99,3,1,1,,0,40 00:30.736,,7,75 12:38.579,4,0,0,0,67301,1,0,0,,1,0,0,2,67301,1,,1,1,,,,,0,,0,0,0,0.0,0,,9999,1,2,0,0,0,0,0,3,4,0,1,3,,N,,,,,,,,,,,
2009026903,1640,3,0,0,0,0,0,0,0,0,2,0,,67,12,2008,1,40.034,-75.1231,1625.0,6,0,0,0,0,0,0,0,0,,0,0,0,14,1,1,0,,0,40 02:02.349,,0,75 07:23.008,4,0,0,0,67301,0,0,0,N,0,0,0,2,67301,1,,1,1,,N,N,,0,,0,0,1,0.0,0,,1434,1,4,0,0,2,0,0,3,4,0,4,3,,N,,,,,,,,,,,
2009025857,530,0,0,0,0,0,0,0,0,0,1,1,,67,12,2008,3,40.114,-74.9876,520.0,6,0,0,0,0,0,0,0,0,2.0,0,1,0,5,3,1,1,,1,40 06:50.546,1.0,0,74 59:15.382,8,0,0,0,67301,0,0,0,N,0,0,0,2,67301,0,,1,1,,N,N,,1,,0,0,0,3.0,2,N,505,1,2,0,0,0,1,0,3,4,0,2,3,,N,,,,,,,,,,,
2009025892,1639,2,0,0,0,0,0,0,0,0,1,0,,67,12,2008,1,40.0224,-75.164,1634.0,6,0,0,0,0,0,0,0,1,,0,0,0,16,4,1,0,,0,40 01:20.514,,0,75 09:50.479,4,0,0,0,67301,0,0,0,N,0,0,0,1,67301,1,,6,1,,N,N,,0,,0,0,0,0.0,0,,1628,1,2,0,0,0,0,0,3,4,0,2,3,,N,,,,,,,,,,,
2009024833,9999,2,0,0,0,0,0,0,0,0,6,0,,67,12,2008,4,40.0184,-75.0994,9999.0,6,0,0,0,0,0,0,0,0,2.0,0,0,0,99,3,0,0,,2,40 01:06.258,6.0,0,75 05:57.940,0,0,0,0,67301,3,0,0,N,0,0,0,4,67301,0,,2,2,,N,N,,0,,0,0,1,0.0,0,Y,9999,0,3,0,0,0,0,0,3,4,0,3,7,,N,,,,,,,,,,,
2009030460,130,6,0,0,0,0,0,0,0,0,7,0,,67,12,2008,3,39.8928,-75.2238,36.0,6,0,0,0,0,0,1,0,0,4.0,0,0,0,99,3,4,0,,2,39 53:35.260,2.0,2,75 13:20.790,3,0,0,0,67301,0,0,0,,0,0,0,7,67301,2,,2,2,,N,N,,0,,1,0,0,0.0,0,Y,9999,4,7,0,0,0,1,0,3,4,1,7,98,,N,,,,,,,,,,,