CRN,ARRIVAL_TM,AUTOMOBILE_COUNT,BELTED_DEATH_COUNT,BELTED_SUSP_SERIOUS_INJ_COUNT,BICYCLE_COUNT,BICYCLE_DEATH_COUNT,BICYCLE_SUSP_SERIOUS_INJ_COUNT,BUS_COUNT,CHLDPAS_DEATH_COUNT,CHLDPAS_SUSP_SERIOUS_INJ_COUNT,COLLISION_TYPE,COMM_VEH_COUNT,CONS_ZONE_SPD_LIM,COUNTY,CRASH_MONTH,CRASH_YEAR,DAY_OF_WEEK,DEC_LAT,DEC_LONG,DISPATCH_TM,DISTRICT,DRIVER_COUNT_16YR,DRIVER_COUNT_17YR,DRIVER_COUNT_18YR,DRIVER_COUNT_19YR,DRIVER_COUNT_20YR,DRIVER_COUNT_50_64YR,DRIVER_COUNT_65_74YR,DRIVER_COUNT_75PLUS,EST_HRS_CLOSED,FATAL_COUNT,HEAVY_TRUCK_COUNT,HORSE_BUGGY_COUNT,HOUR_OF_DAY,ILLUMINATION,INJURY_COUNT,INTERSECT_TYPE,INTERSECTION_RELATED,LANE_CLOSED,LATITUDE,LN_CLOSE_DIR,LOCATION_TYPE,LONGITUDE,MAX_SEVERITY_LEVEL,MCYCLE_DEATH_COUNT,MCYCLE_SUSP_SERIOUS_INJ_COUNT,MOTORCYCLE_COUNT,MUNICIPALITY,NONMOTR_COUNT,NONMOTR_DEATH_COUNT,NONMOTR_SUSP_SERIOUS_INJ_COUNT,NTFY_HIWY_MAINT,PED_COUNT,PED_DEATH_COUNT,PED_SUSP_SERIOUS_INJ_COUNT,PERSON_COUNT,POLICE_AGCY,POSSIBLE_INJ_COUNT,RDWY_SURF_TYPE_CD,RELATION_TO_ROAD,ROAD_CONDITION,ROADWAY_CLEARED,SCH_BUS_IND,SCH_ZONE_IND,SECONDARY_CRASH,SMALL_TRUCK_COUNT,SPEC_JURIS_CD,SUSP_MINOR_INJ_COUNT,SUSP_SERIOUS_INJ_COUNT,SUV_COUNT,TCD_FUNC_CD,TCD_TYPE,TFC_DETOUR_IND,TIME_OF_DAY,TOT_INJ_COUNT,TOTAL_UNITS,UNB_DEATH_COUNT,UNB_SUSP_SERIOUS_INJ_COUNT,UNBELTED_OCC_COUNT,UNK_INJ_DEG_COUNT,UNK_INJ_PER_COUNT,URBAN_AREA,URBAN_RURAL,VAN_COUNT,VEHICLE_COUNT,WEATHER1,WEATHER2,WORK_ZONE_IND,WORK_ZONE_LOC,WORK_ZONE_TYPE,WORKERS_PRES,WZ_CLOSE_DETOUR,WZ_FLAGGER,WZ_LAW_OFFCR_IND,WZ_LN_CLOSURE,WZ_MOVING,WZ_OTHER,WZ_SHLDER_MDN,WZ_WORKERS_INJ_KILLED
2009013718,1804,1,0,0,0,0,0,0,0,0,8,0,,67,11,2008,2,39.9588,-75.1721,1758.0,6,0,0,0,0,0,0,0,0,,0,0,0,17,3,2,0,,0,39 57:31.575,,0,75 10:19.474,4,0,0,0,67301,2,0,0,,2,0,0,3,67301,2,,1,1,,N,N,,0,,0,0,0,0.0,0,,1757,2,3,0,0,0,0,0,3,4,0,1,3,,N,,,,,,,,,,,
2008098196,56,1,0,0,0,0,0,0,0,0,7,0,,67,7,2008,4,39.9852,-75.1241,55.0,6,0,0,0,0,0,0,0,0,,0,0,0,0,3,1,1,,0,39 59:06.545,,0,75 07:26.845,3,0,0,0,67301,0,0,0,,0,0,0,1,67301,0,,4,1,,N,N,,0,,1,0,0,0.0,0,,54,1,1,0,0,1,0,0,3,4,0,1,3,,N,,,,,,,,,,,
2008088232,805,1,0,0,0,0,0,0,0,0,7,0,,67,6,2008,4,39.9842,-75.1249,502.0,6,0,1,0,0,0,0,0,0,,0,0,0,7,1,2,3,,0,39 59:03.142,,0,75 07:29.730,4,0,0,0,67301,0,0,0,N,0,0,0,2,67301,1,,4,9,,N,N,,0,,0,0,0,0.0,0,,755,2,1,0,0,0,1,0,3,4,0,1,7,,N,,,,,,,,,,,
2008095718,430,1,0,0,0,0,0,0,0,0,5,0,,67,6,2008,3,40.0506,-75.1427,423.0,6,0,0,0,0,0,0,0,0,,0,0,0,4,3,1,0,,0,40 03:02.196,,0,75 08:33.766,2,0,1,1,67301,0,0,0,N,0,0,0,1,67301,0,,6,1,,N,N,,0,,0,1,0,0.0,0,,420,1,2,0,0,0,0,0,3,4,0,2,3,,N,,,,,,,,,,,
2008094897,1626,1,0,0,0,0,0,0,0,0,4,0,,67,6,2008,6,40.0999,-74.9789,1621.0,6,0,0,0,1,0,0,0,0,,0,0,0,16,1,1,0,,0,40 05:59.586,,7,74 58:43.906,4,0,0,0,67301,0,0,0,,0,0,0,4,67301,1,,1,1,,,,,1,,0,0,0,0.0,0,,1621,1,2,0,0,4,0,0,3,4,0,2,3,,N,,,,,,,,,,,
2008118566,1914,2,0,0,0,0,0,0,0,0,6,0,,67,9,2008,7,39.9458,-75.1748,1912.0,6,0,0,0,0,0,0,0,0,,0,0,0,19,4,5,1,,0,39 56:45.045,,0,75 10:29.351,4,0,0,0,67301,0,0,0,N,0,0,0,5,67301,5,,1,9,,N,N,,0,,0,0,0,3.0,2,,1902,5,2,0,0,0,0,0,3,4,0,2,7,,N,,,,,,,,,,,
2008099256,1252,1,0,0,0,0,0,0,0,0,1,0,,67,7,2008,3,40.014,-75.1788,1240.0,6,0,0,0,0,0,1,1,0,1.0,0,0,0,12,1,1,0,,1,40 00:50.449,2.0,0,75 10:43.819,4,0,0,0,67301,0,0,0,N,0,0,0,8,67301,1,,1,1,,N,N,,0,,0,0,1,0.0,0,N,1240,1,3,0,0,0,0,0,3,4,1,3,3,,N,,,,,,,,,,,
2009000866,1143,2,0,0,0,0,0,0,0,0,2,0,,67,11,2008,3,39.9775,-75.1484,1123.0,6,0,0,0,1,0,0,0,0,,0,0,0,11,1,1,2,,0,39 58:38.895,,0,75 08:54.409,4,0,0,0,67301,0,0,0,N,0,0,0,3,67301,1,,1,1,,N,N,,0,,0,0,0,3.0,2,,1123,1,2,0,0,0,0,0,3,4,0,2,3,,N,,,,,,,,,,,
2009000874,1041,1,0,0,0,0,0,0,0,0,6,0,,67,11,2008,3,40.095,-75.0154,1036.0,6,0,0,0,0,0,1,0,0,,0,0,0,10,1,1,5,,0,40 05:41.852,,0,75 00:55.548,3,0,0,0,67301,0,0,0,N,0,0,0,2,67301,0,,1,1,,,N,,0,,1,0,0,3.0,2,,1029,1,2,0,0,0,0,0,3,4,1,2,3,,N,,,,,,,,,,,
2009006875,2300,1,0,0,0,0,0,0,0,0,1,0,,67,12,2008,5,40.0095,-75.2055,2245.0,6,0,0,1,0,0,0,0,0,1.0,0,0,0,22,3,0,0,,1,40 00:33.840,4.0,0,75 12:18.684,0,0,0,0,67301,0,0,0,N,0,0,0,2,68K01,0,,1,1,,N,N,,0,,0,0,1,0.0,0,N,2244,0,2,0,0,1,0,0,3,4,0,2,3,,N,,,,,,,,,,,
2009015033,1719,2,0,0,0,0,0,0,0,0,4,0,,67,12,2008,5,40.0069,-75.0684,1717.0,6,0,0,0,0,0,0,0,0,,0,0,0,17,3,0,6,,0,40 00:23.760,,0,75 04:05.520,9,0,0,0,67301,0,0,0,N,0,0,0,2,67301,0,,7,9,,N,N,,0,,0,0,0,0.0,0,,1715,0,2,0,0,1,0,2,3,4,0,2,7,,N,,,,,,,,,,,
2009012657,738,0,0,0,0,0,0,1,0,0,5,2,,67,12,2008,5,40.117,-74.9836,734.0,6,0,0,0,0,0,0,0,0,1.0,0,1,0,7,1,1,3,,1,40 07:07.320,1.0,0,74 58:53.040,4,0,0,0,67301,0,0,0,N,0,0,0,2,67301,1,,1,1,,N,N,,0,,0,0,0,0.0,0,N,732,1,2,0,0,0,0,0,3,4,0,2,3,,N,,,,,,,,,,,
2009013482,1920,1,0,0,0,0,0,0,0,0,8,0,,67,11,2008,7,39.9233,-75.1612,1920.0,6,0,0,0,0,0,0,0,1,9.0,0,0,0,19,3,1,1,,1,39 55:23.836,3.0,0,75 09:40.424,8,0,0,0,67301,1,0,0,,1,0,0,2,67301,0,,1,9,,N,N,,0,,0,0,0,3.0,2,N,1917,1,2,0,0,1,1,0,3,4,0,1,7,,N,,,,,,,,,,,
2009026048,1751,0,0,0,0,0,0,1,0,0,5,1,,67,12,2008,4,40.0097,-75.1544,1750.0,6,0,0,0,0,0,1,0,0,,0,0,0,17,3,3,1,,0,40 00:34.749,,0,75 09:15.615,8,0,0,0,67301,0,0,0,,0,0,0,5,67301,0,,1,1,,N,,,0,,0,0,0,3.0,2,,1745,3,2,0,0,0,3,1,3,4,0,2,3,,N,,,,,,,,,,,
2009026111,9999,1,0,0,0,0,0,0,0,0,7,0,,67,12,2008,4,40.0712,-75.0381,9999.0,6,0,0,0,0,0,0,0,0,,0,0,0,2,3,1,1,,0,40 04:16.208,,0,75 02:17.232,3,0,0,0,67301,0,0,0,,0,0,0,1,67301,0,,2,2,,,,,0,,1,0,0,0.0,0,,200,1,1,0,0,0,0,0,3,4,0,1,7,,N,,,,,,,,,,,
2009013604,2345,1,0,0,0,0,0,0,0,0,4,0,,67,11,2008,3,40.0278,-75.0601,2329.0,6,0,0,0,0,0,0,1,0,2.0,0,0,0,23,3,0,1,,1,40 01:40.042,3.0,0,75 03:36.278,0,0,0,0,67301,0,0,0,N,0,0,0,5,67301,0,,1,1,,N,N,,0,,0,0,0,3.0,2,N,2315,0,2,0,0,5,0,0,3,4,1,2,3,,N,,,,,,,,,,,
2009018768,2340,2,0,0,0,0,0,0,0,0,4,0,,67,11,2008,5,39.9504,-75.2453,2336.0,6,0,0,0,0,0,0,0,0,,0,0,0,23,3,1,1,,0,39 57:01.504,,0,75 14:42.907,4,0,0,0,67301,0,0,0,N,0,0,0,2,67301,1,,1,9,,N,N,,0,,0,0,0,3.0,3,,2336,1,2,0,0,0,0,0,3,4,0,2,7,,N,,,,,,,,,,,
2009024635,1825,2,0,0,0,0,0,0,0,0,4,0,,67,12,2008,4,39.9651,-75.1658,1820.0,6,0,0,0,0,0,0,0,0,,0,0,0,18,3,1,2,,0,39 57:54.259,,0,75 09:56.926,4,0,0,0,67301,0,0,0,N,0,0,0,3,67301,1,,1,9,,N,N,,0,,0,0,0,3.0,3,,1815,1,2,0,0,0,0,0,3,4,0,2,7,,N,,,,,,,,,,,
2009024621,1610,0,0,0,1,0,0,0,0,0,4,0,,67,12,2008,2,40.0849,-75.0361,1605.0,6,0,0,0,0,0,0,0,0,,0,0,0,16,1,0,2,,0,40 05:05.539,,0,75 02:10.057,0,0,0,0,67301,1,0,0,N,0,0,0,2,67301,0,,1,1,,N,N,,0,,0,0,1,3.0,3,,1600,0,2,0,0,0,0,0,3,4,0,1,3,,N,,,,,,,,,,,
2009025814,1636,2,0,0,0,0,0,0,0,0,4,0,,67,12,2008,7,40.0296,-75.2063,1635.0,6,0,0,0,0,0,0,0,0,1.0,0,0,0,16,1,1,2,,2,40 01:46.559,1.0,0,75 12:22.847,4,0,0,0,67301,0,0,0,N,0,0,0,2,67301,1,,1,1,,N,N,,0,,0,0,0,0.0,0,Y,1634,1,2,0,0,0,0,0,3,4,0,2,3,,N,,,,,,,,,,,
2009024875,1335,2,0,0,0,0,0,0,0,0,4,0,,67,12,2008,7,39.973,-75.238,1334.0,6,0,0,0,0,0,0,0,0,,0,0,0,13,1,4,1,,0,39 58:22.710,,0,75 14:16.803,8,0,0,0,67301,0,0,0,N,0,0,0,4,67301,0,,1,1,,N,N,,0,,0,0,0,3.0,2,,1334,4,2,0,0,2,4,0,3,4,0,2,3,,N,,,,,,,,,,,
2008098265,1051,2,0,0,0,0,0,0,0,0,4,0,,67,7,2008,5,40.0423,-75.0688,1049.0,6,0,0,0,0,0,0,0,0,,0,0,0,10,1,1,1,,0,40 02:32.251,,0,75 04:07.849,8,0,0,0,67301,1,0,0,N,0,0,0,5,67301,0,,4,1,,N,N,,0,,0,0,1,3.0,3,,1047,1,3,0,0,0,1,0,3,4,0,3,3,,N,,,,,,,,,,,
2008095562,1559,1,0,0,0,0,0,0,0,0,8,0,,67,6,2008,1,40.0009,-75.1185,1559.0,6,0,0,0,0,0,1,0,0,,0,0,0,15,1,1,0,,0,40 00:03.121,,0,75 07:06.661,4,0,0,0,67301,1,0,0,N,1,0,0,2,67301,1,,1,1,,N,N,,0,,0,0,0,0.0,0,,1557,1,2,0,0,0,0,0,3,4,0,1,3,,N,,,,,,,,,,,
2008108665,1035,0,0,0,0,0,0,0,0,0,8,1,,67,7,2008,5,39.9544,-75.1631,1033.0,6,0,0,0,0,0,0,0,0,,0,1,0,8,1,1,1,,0,39 57:15.860,,0,75 09:47.046,8,0,0,0,67301,1,0,0,N,1,0,0,2,67301,0,,1,1,,N,N,,0,,0,0,0,3.0,2,,850,1,2,0,0,0,1,1,3,4,0,1,3,,N,,,,,,,,,,,
2008044000,57,2,0,0,0,0,0,0,0,0,4,0,,67,2,2008,7,39.9851,-75.2474,54.0,6,0,0,0,0,0,1,0,0,,0,0,0,0,3,2,5,,0,39 59:06.000,,0,75 14:50.529,8,0,0,0,67301,0,0,0,,0,0,0,5,67301,0,,1,9,,,,,0,,0,0,1,1.0,2,,51,2,3,0,0,0,2,2,3,4,0,3,98,,N,,,,,,,,,,,
2008107940,1035,1,0,0,1,0,0,0,0,0,4,0,,67,9,2008,6,39.9351,-75.1636,1030.0,6,0,0,0,0,0,0,1,0,,0,0,0,10,1,1,1,,0,39 56:06.266,,0,75 09:48.783,3,0,0,0,67301,1,0,0,,0,0,0,2,67301,0,,1,1,,,,,0,,1,0,0,3.0,3,,1030,1,2,0,0,0,0,0,3,4,0,1,3,,N,,,,,,,,,,,
2008073511,1958,2,0,0,0,0,0,0,0,0,4,0,,67,4,2008,3,39.9531,-75.1612,1956.0,6,0,0,0,0,0,1,0,0,9.0,0,0,0,19,1,1,2,,1,39 57:11.260,1.0,0,75 09:40.449,3,0,0,0,67301,0,0,0,N,0,0,0,2,67301,0,,1,1,,N,N,,0,,1,0,0,3.0,2,N,1950,1,2,0,0,0,0,0,3,4,0,2,3,,N,,,,,,,,,,,
2008115957,1844,0,0,0,0,0,0,0,0,0,8,0,,67,10,2008,3,39.9976,-75.2342,1842.0,6,0,0,0,0,0,0,0,1,,0,0,0,18,3,1,0,,0,39 59:53.928,,0,75 13:57.889,8,0,0,0,67301,1,0,0,N,1,0,0,2,46104,0,,3,1,,N,N,,0,,0,0,1,0.0,0,,1842,1,2,0,0,0,1,0,3,4,0,1,3,,N,,,,,,,,,,,
2008120649,1716,1,0,0,1,0,0,0,0,0,5,0,,67,9,2008,1,40.0151,-75.2074,1713.0,6,0,0,0,0,0,0,0,0,,0,0,0,17,1,1,0,,0,40 00:54.326,,7,75 12:26.622,4,0,0,0,67301,1,0,0,,0,0,0,2,67301,1,,1,1,,,,,0,,0,0,0,0.0,0,,1700,1,2,0,0,0,0,0,3,4,0,1,3,,N,,,,,,,,,,,
2008120654,1835,1,0,0,0,0,0,0,0,0,8,0,,67,9,2008,2,39.9476,-75.2356,1828.0,6,0,0,0,0,0,0,0,0,,0,0,0,18,1,1,0,,0,39 56:51.349,,0,75 14:08.257,4,0,0,0,67301,1,0,0,N,1,0,0,2,67301,1,,1,1,,N,N,,0,,0,0,0,0.0,0,,1805,1,2,0,0,0,0,0,3,4,0,1,3,,N,,,,,,,,,,,
2008119548,1032,1,0,0,0,0,0,0,0,0,8,0,,67,8,2008,2,40.0414,-75.0283,1032.0,6,0,0,0,0,0,1,0,0,1.0,0,0,0,10,1,1,1,,2,40 02:28.908,1.0,0,75 01:41.719,4,0,0,0,67301,1,0,0,N,1,0,0,2,67301,1,,1,1,,N,N,,0,,0,0,0,3.0,2,Y,1032,1,2,0,0,0,0,0,3,4,0,1,3,,N,,,,,,,,,,,
2008110563,7,2,0,0,0,0,0,0,0,0,1,0,,67,9,2008,2,39.9828,-75.2078,6.0,6,0,0,0,0,0,0,0,0,1.0,0,0,0,0,3,0,0,,1,39 59:02.280,4.0,0,75 12:29.379,0,0,0,0,67301,0,0,0,N,0,0,0,2,68K01,0,,1,1,,N,N,,0,,0,0,0,0.0,0,Y,2,0,2,0,0,0,0,0,3,4,0,2,3,,N,,,,,,,,,,,
2009013765,335,1,0,0,0,0,0,0,0,0,7,0,,67,11,2008,7,39.9089,-75.2421,320.0,6,0,0,0,0,0,0,0,0,,0,0,0,3,3,0,0,,0,39 54:31.774,,0,75 14:31.341,0,0,0,0,67301,0,0,0,N,0,0,0,1,67301,0,,5,1,,N,N,,0,,0,0,0,0.0,0,,318,0,1,0,0,0,0,0,3,4,0,1,3,,N,,,,,,,,,,,
2009024745,1733,1,0,0,0,0,0,0,0,0,0,0,,67,12,2008,2,39.964,-75.161,1730.0,6,0,0,0,0,0,0,0,0,,0,0,0,17,1,0,2,,0,39 57:50.283,,0,75 09:39.574,0,0,0,0,67301,0,0,0,N,0,0,0,1,67301,0,,1,1,,N,N,,0,,0,0,0,0.0,0,,1730,0,1,0,0,0,0,0,3,4,0,1,3,,N,,,,,,,,,,,
2009024751,2208,2,0,0,0,0,0,0,0,0,1,0,,67,12,2008,5,40.076,-75.1768,2208.0,6,0,0,0,0,0,2,0,0,,0,0,0,22,3,1,1,,0,40 04:33.706,,0,75 10:36.476,4,0,0,0,67301,0,0,0,,0,0,0,4,67301,1,,1,1,,,,,0,,0,0,0,3.0,2,,2208,1,3,0,0,0,0,0,3,4,1,3,3,,N,,,,,,,,,,,
2009024777,1212,2,0,0,0,0,0,0,0,0,4,0,,67,12,2008,1,40.0345,-75.0482,1210.0,6,0,0,0,0,0,0,0,0,,0,0,0,12,1,3,1,,0,40 02:04.164,,0,75 02:53.357,4,0,0,0,67301,0,0,0,N,0,0,0,5,67301,3,,1,1,,N,N,,0,,0,0,0,3.0,3,,1205,3,2,0,0,0,0,0,3,4,0,2,3,,N,,,,,,,,,,,
2009024816,1357,1,0,0,1,0,0,0,0,0,4,0,,67,12,2008,5,39.9194,-75.1707,1356.0,6,0,0,0,0,0,0,0,0,,0,0,0,13,1,1,1,,0,39 55:09.777,,0,75 10:14.533,4,0,0,0,67301,1,0,0,N,0,0,0,2,67301,1,,1,1,,N,N,,0,,0,0,0,3.0,2,,1356,1,2,0,0,0,0,0,3,4,0,1,3,,N,,,,,,,,,,,
2009002103,1705,2,0,0,0,0,0,0,0,0,4,0,,67,11,2008,6,40.0412,-75.1223,1659.0,6,0,0,0,0,0,0,0,0,2.0,0,0,0,16,3,1,1,,2,40 02:28.298,1.0,0,75 07:20.294,8,0,0,0,67301,0,0,0,N,0,0,0,2,67301,0,,1,9,,N,N,,0,,0,0,0,3.0,3,Y,1650,1,2,0,0,0,1,0,3,4,0,2,7,,N,,,,,,,,,,,
2009002236,1040,0,0,0,0,0,0,0,0,0,8,0,,67,11,2008,4,40.0219,-75.1508,1031.0,6,0,0,0,0,0,0,0,0,,0,0,0,8,1,1,0,,0,40 01:18.843,,0,75 09:02.746,4,0,0,0,67301,1,0,0,N,1,0,0,2,67301,1,,1,1,,N,N,,1,,0,0,0,0.0,0,,856,1,2,0,0,0,0,0,3,4,0,1,3,,N,,,,,,,,,,,
2009002286,912,1,0,0,0,0,0,0,0,0,8,0,,67,11,2008,2,40.0169,-75.1516,909.0,6,0,0,0,0,0,0,0,0,,0,0,0,9,1,1,1,,0,40 01:00.926,,0,75 09:05.632,4,0,0,0,67301,1,0,0,N,1,0,0,2,67301,1,,1,9,,N,N,,0,,0,0,0,3.0,2,,908,1,2,0,0,0,0,0,3,4,0,1,7,,N,,,,,,,,,,,
2009007067,752,2,0,0,0,0,0,0,0,0,4,0,,67,12,2008,4,39.8877,-75.2038,726.0,6,0,0,0,0,0,0,0,0,1.0,0,0,0,7,1,0,0,,1,39 53:34.508,1.0,0,75 11:48.472,0,0,0,0,67301,0,0,0,N,0,0,0,2,68K01,0,,1,1,,N,N,,0,,0,0,0,0.0,0,N,722,0,2,0,0,0,0,0,3,4,0,2,3,,N,,,,,,,,,,,
2009002396,304,0,0,0,0,0,0,0,0,0,7,1,,67,12,2008,1,39.9323,-75.2,255.0,6,0,0,0,0,0,1,0,0,3.0,0,1,0,2,3,1,0,,2,39 56:01.080,4.0,0,75 11:59.860,8,0,0,0,67301,0,0,0,Y,0,0,0,1,68K01,0,,3,9,,N,N,,0,,0,0,0,0.0,0,Y,254,1,1,0,0,0,1,0,3,4,0,1,7,,N,,,,,,,,,,,
2009002400,43,1,0,0,0,0,0,0,0,0,7,0,,67,12,2008,4,39.9157,-75.1478,43.0,6,0,0,0,0,0,1,0,0,,0,0,0,0,3,0,0,,0,39 54:53.030,,0,75 08:53.117,0,0,0,0,67301,0,0,0,N,0,0,0,1,68K01,0,,3,2,,N,N,,0,,0,0,0,3.0,8,,42,0,1,0,0,0,0,0,3,4,0,1,98,,N,,,,,,,,,,,
2009013296,725,1,0,0,0,0,0,0,0,0,4,0,,67,12,2008,6,39.9973,-75.0894,720.0,6,0,0,0,0,0,2,0,0,,0,0,0,7,5,1,1,,0,39 59:50.464,,0,75 05:22.304,3,0,0,0,67301,0,0,0,,0,0,0,2,67301,0,,1,1,,N,N,,0,,1,0,0,3.0,2,,718,1,2,0,0,0,0,0,3,4,1,2,3,,N,,,,,,,,,,,
2009013345,1410,1,0,0,0,0,0,0,0,0,5,0,,67,11,2008,5,40.0722,-75.1703,1405.0,6,0,0,0,0,0,0,0,0,,0,0,0,14,1,0,0,,0,40 04:19.874,,0,75 10:13.072,0,0,0,0,67301,0,0,0,N,0,0,0,2,67301,0,,4,1,,N,N,,0,,0,0,1,0.0,0,,1405,0,2,0,0,0,0,0,3,4,0,2,3,,N,,,,,,,,,,,
2009026001,1245,1,0,0,0,0,0,0,0,0,4,0,,67,12,2008,4,39.9925,-75.083,1240.0,6,0,0,0,0,0,0,0,0,,0,0,0,12,1,2,1,,0,39 59:32.889,,0,75 04:58.651,8,0,0,0,67301,0,0,0,,0,0,0,3,67301,0,,1,9,,,,,0,,0,0,0,3.0,3,,1235,2,2,0,0,0,2,1,3,4,1,2,10,,N,,,,,,,,,,,
2009013605,2101,2,0,0,0,0,0,0,0,0,2,0,,67,11,2008,3,40.013,-75.1194,2100.0,6,0,0,0,0,0,0,0,0,1.0,0,0,0,99,3,0,1,,1,40 00:46.714,4.0,0,75 07:09.798,9,0,0,0,67301,0,0,0,N,0,0,0,2,67301,0,,1,1,,N,N,,0,,0,0,0,3.0,2,Y,9999,0,2,0,0,0,0,2,3,4,0,2,3,,N,,,,,,,,,,,
2009013644,1720,1,0,0,0,0,0,0,0,0,7,0,,67,11,2008,3,39.9479,-75.2139,1711.0,6,0,0,0,0,0,1,0,0,,0,0,0,17,4,2,1,,0,39 56:52.447,,0,75 12:49.931,3,0,0,0,67301,0,0,0,,0,0,0,2,67301,1,,4,1,,N,N,,0,,1,0,0,3.0,3,,1705,2,1,0,0,0,0,0,3,4,0,1,3,,N,,,,,,,,,,,
2009013665,1003,2,0,0,0,0,0,0,0,0,4,0,,67,12,2008,5,39.9976,-75.1467,1000.0,6,0,0,0,1,0,0,0,0,,0,0,0,10,1,4,5,,0,39 59:51.514,,0,75 08:48.199,8,0,0,0,67301,0,0,0,N,0,0,0,4,67301,0,,1,1,,N,N,,0,,0,0,0,9.0,3,,1000,4,2,0,0,0,4,0,3,4,0,2,3,,N,,,,,,,,,,,
2009024693,1840,1,0,0,0,0,0,0,0,0,8,0,,67,12,2008,2,40.0171,-75.1512,1828.0,6,0,0,0,0,0,1,0,0,,0,0,0,17,3,1,1,,0,40 01:01.528,,0,75 09:04.326,3,0,0,0,67301,1,0,0,N,1,0,0,2,67301,0,,1,1,,N,N,,0,,1,0,0,2.0,2,,1726,1,2,0,0,0,0,0,3,4,0,1,3,,N,,,,,,,,,,,
2009025173,230,0,0,0,0,0,0,0,0,0,1,1,,67,12,2008,4,40.0358,-75.0243,229.0,6,0,0,0,0,0,0,0,0,,0,1,0,2,3,1,0,,0,40 02:08.880,,0,75 01:27.480,4,0,0,0,67301,0,0,0,N,0,0,0,2,67301,1,,6,2,,N,N,,1,,0,0,0,0.0,0,,225,1,2,0,0,0,0,1,3,4,0,2,7,,N,,,,,,,,,,,
2009025207,308,0,0,0,0,0,0,0,0,0,7,0,,67,12,2008,7,40.0922,-75.0664,257.0,6,0,0,0,0,0,0,0,0,3.0,0,0,0,2,3,0,0,,2,40 05:31.933,5.0,0,75 03:59.054,9,0,0,0,67301,0,0,0,N,0,0,0,1,67301,0,,2,9,,N,N,,1,,0,0,0,0.0,0,Y,255,0,1,0,0,0,0,1,3,4,0,1,7,,N,,,,,,,,,,,
2009024828,450,2,0,0,0,0,0,0,0,0,5,0,,67,12,2008,1,39.9301,-75.2307,447.0,6,0,0,0,0,0,0,0,0,,0,0,0,4,3,0,0,,0,39 55:48.327,,0,75 13:50.534,0,0,0,0,67301,0,0,0,,0,0,0,1,67301,0,,1,2,,,,,0,,0,0,0,0.0,0,,412,0,2,0,0,0,0,0,3,4,0,2,9,,N,,,,,,,,,,,
2009024874,1850,1,0,0,0,0,0,0,0,0,8,0,,67,12,2008,5,39.9663,-75.2378,1842.0,6,0,0,0,0,0,0,0,1,,0,0,0,18,3,1,1,,0,39 57:58.759,,0,75 14:16.205,4,0,0,0,67301,1,0,0,N,1,0,0,2,67301,1,,1,9,,N,N,,0,,0,0,0,3.0,3,,1800,1,2,0,0,0,0,0,3,4,0,1,7,,N,,,,,,,,,,,
2009030421,1710,1,0,0,0,0,0,0,0,0,7,0,,67,12,2008,6,40.0615,-75.2364,1709.0,6,0,0,0,0,0,0,0,0,,0,0,0,17,3,3,0,,0,40 03:42.647,,0,75 14:12.498,4,0,0,0,67301,0,0,0,Y,0,0,0,3,67301,3,,2,1,,N,N,,0,,0,0,0,0.0,0,,1705,3,1,0,0,3,0,0,3,4,0,1,3,,N,,,,,,,,,,,
2009030481,46,3,0,0,0,0,0,0,0,0,1,0,,67,12,2008,7,40.0058,-75.0964,2330.0,6,0,0,0,0,0,0,0,0,,0,0,0,23,3,1,1,,0,40 00:21.041,,0,75 05:47.026,4,0,0,0,67301,0,0,0,N,0,0,0,3,67301,1,,1,1,,N,N,,0,,0,0,0,3.0,2,,2330,1,3,0,0,0,0,0,3,4,0,3,3,,N,,,,,,,,,,,
2008104884,42,0,0,0,0,0,0,0,0,0,7,0,,67,9,2008,2,39.9649,-75.1855,39.0,6,0,0,0,0,0,0,0,0,1.0,0,0,0,0,3,1,0,,1,39 57:54.349,3.0,0,75 11:08.381,4,0,0,1,67301,0,0,0,N,0,0,0,1,68K01,1,,2,1,,N,N,,0,,0,0,0,0.0,0,N,39,1,1,0,0,0,0,0,3,4,0,1,3,,N,,,,,,,,,,,
2008107904,652,0,0,0,0,0,0,0,0,0,8,0,,67,6,2008,6,39.9666,-75.1604,649.0,6,0,0,0,0,0,1,0,0,2.0,0,0,0,6,1,2,1,,2,39 57:59.739,6.0,0,75 09:37.524,4,0,0,1,67301,1,0,0,,1,0,0,2,67301,1,,1,1,,,,,0,,0,0,0,3.0,2,Y,647,2,2,0,0,0,1,0,3,4,0,1,3,,N,,,,,,,,,,,
2008107373,1930,2,0,0,0,0,0,0,0,0,1,0,,67,7,2008,6,,,1924.0,6,0,0,0,0,1,1,0,0,,0,0,0,19,1,0,0,,0,,,0,,0,0,0,0,67301,0,0,0,N,0,0,0,4,67501,0,,1,1,,N,N,,0,,0,0,1,0.0,0,,1924,0,3,0,0,0,0,0,3,3,0,3,3,,N,,,,,,,,,,,
2008120809,920,1,0,0,0,0,0,0,0,0,1,0,,67,9,2008,2,39.9521,-75.2056,918.0,6,0,0,0,0,0,0,1,0,,0,0,0,9,1,2,1,,0,39 57:07.498,,0,75 12:20.102,4,0,0,0,67301,0,0,0,N,0,0,0,3,67301,2,,1,1,,N,N,,0,,0,0,0,3.0,2,,900,2,2,0,0,0,0,0,3,4,1,2,3,,N,,,,,,,,,,,