CRN,ARRIVAL_TM,AUTOMOBILE_COUNT,BELTED_DEATH_COUNT,BELTED_SUSP_SERIOUS_INJ_COUNT,BICYCLE_COUNT,BICYCLE_DEATH_COUNT,BICYCLE_SUSP_SERIOUS_INJ_COUNT,BUS_COUNT,CHLDPAS_DEATH_COUNT,CHLDPAS_SUSP_SERIOUS_INJ_COUNT,COLLISION_TYPE,COMM_VEH_COUNT,CONS_ZONE_SPD_LIM,COUNTY,CRASH_MONTH,CRASH_YEAR,DAY_OF_WEEK,DEC_LAT,DEC_LONG,DISPATCH_TM,DISTRICT,DRIVER_COUNT_16YR,DRIVER_COUNT_17YR,DRIVER_COUNT_18YR,DRIVER_COUNT_19YR,DRIVER_COUNT_20YR,DRIVER_COUNT_50_64YR,DRIVER_COUNT_65_74YR,DRIVER_COUNT_75PLUS,EST_HRS_CLOSED,FATAL_COUNT,HEAVY_TRUCK_COUNT,HORSE_BUGGY_COUNT,HOUR_OF_DAY,ILLUMINATION,INJURY_COUNT,INTERSECT_TYPE,INTERSECTION_RELATED,LANE_CLOSED,LATITUDE,LN_CLOSE_DIR,LOCATION_TYPE,LONGITUDE,MAX_SEVERITY_LEVEL,MCYCLE_DEATH_COUNT,MCYCLE_SUSP_SERIOUS_INJ_COUNT,MOTORCYCLE_COUNT,MUNICIPALITY,NONMOTR_COUNT,NONMOTR_DEATH_COUNT,NONMOTR_SUSP_SERIOUS_INJ_COUNT,NTFY_HIWY_MAINT,PED_COUNT,PED_DEATH_COUNT,PED_SUSP_SERIOUS_INJ_COUNT,PERSON_COUNT,POLICE_AGCY,POSSIBLE_INJ_COUNT,RDWY_SURF_TYPE_CD,RELATION_TO_ROAD,ROAD_CONDITION,ROADWAY_CLEARED,SCH_BUS_IND,SCH_ZONE_IND,SECONDARY_CRASH,SMALL_TRUCK_COUNT,SPEC_JURIS_CD,SUSP_MINOR_INJ_COUNT,SUSP_SERIOUS_INJ_COUNT,SUV_COUNT,TCD_FUNC_CD,TCD_TYPE,TFC_DETOUR_IND,TIME_OF_DAY,TOT_INJ_COUNT,TOTAL_UNITS,UNB_DEATH_COUNT,UNB_SUSP_SERIOUS_INJ_COUNT,UNBELTED_OCC_COUNT,UNK_INJ_DEG_COUNT,UNK_INJ_PER_COUNT,URBAN_AREA,URBAN_RURAL,VAN_COUNT,VEHICLE_COUNT,WEATHER1,WEATHER2,WORK_ZONE_IND,WORK_ZONE_LOC,WORK_ZONE_TYPE,WORKERS_PRES,WZ_CLOSE_DETOUR,WZ_FLAGGER,WZ_LAW_OFFCR_IND,WZ_LN_CLOSURE,WZ_MOVING,WZ_OTHER,WZ_SHLDER_MDN,WZ_WORKERS_INJ_KILLED
2008119486,1038,2,0,0,0,0,0,0,0,0,4,0,,67,10,2008,6,39.9469,-75.1834,1034.0,6,0,0,0,1,0,1,0,0,,0,0,0,10,1,1,1,,0,39 56:48.919,,0,75 11:00.412,8,0,0,0,67301,0,0,0,,0,0,0,3,67301,0,,1,1,,,,,0,,0,0,0,3.0,3,,1000,1,2,0,0,0,1,1,3,4,0,2,3,,N,,,,,,,,,,,
2008120663,149,1,0,0,0,0,0,0,0,0,7,0,,67,9,2008,7,40.1177,-75.0188,140.0,6,0,1,0,0,0,0,0,0,,0,0,0,1,3,1,0,,0,40 07:03.720,,0,75 01:07.680,2,0,0,0,67301,0,0,0,N,0,0,0,1,67301,0,,4,9,,N,N,,0,,0,1,0,0.0,0,,130,1,1,0,0,0,0,0,3,4,0,1,7,,N,,,,,,,,,,,
2009013683,1759,1,0,0,0,0,0,0,0,0,1,0,,67,11,2008,4,40.03,-75.0874,1755.0,6,0,0,0,0,0,1,0,0,2.0,0,0,0,17,3,1,0,,1,40 01:48.146,3.0,0,75 05:14.142,4,0,0,0,67301,0,0,0,N,0,0,0,4,67301,1,,1,1,,N,N,,1,,0,0,1,0.0,0,N,1710,1,3,0,0,0,0,0,3,4,0,3,3,,N,,,,,,,,,,,
2009013729,1725,3,0,0,0,0,0,0,0,0,1,0,,67,12,2008,4,40.0588,-75.1386,1717.0,6,0,0,0,0,0,0,0,0,,0,0,0,17,3,1,2,,0,40 03:31.824,,0,75 08:18.791,8,0,0,0,67301,0,0,0,N,0,0,0,3,67301,0,,1,9,,N,N,,0,,0,0,0,0.0,0,,1700,1,3,0,0,0,1,0,3,4,0,3,7,,N,,,,,,,,,,,
2009002136,908,3,0,0,0,0,0,0,0,0,4,0,,67,11,2008,2,40.0174,-75.0903,902.0,6,0,0,0,0,0,1,1,0,,0,0,0,9,1,1,1,,0,40 01:02.528,,0,75 05:25.205,8,0,0,0,67301,0,0,0,N,0,0,0,6,67301,0,,1,1,,N,N,,0,,0,0,0,3.0,3,,900,1,3,0,0,0,1,0,3,4,0,3,3,,N,,,,,,,,,,,
2009002202,1835,1,0,0,0,0,0,0,0,0,1,0,,67,11,2008,3,39.9224,-75.1476,1827.0,6,0,0,0,0,0,2,0,0,,0,0,0,18,3,1,0,,0,39 55:16.890,,0,75 08:52.082,8,0,0,0,67301,0,0,0,N,0,0,0,2,67301,0,,1,1,,N,N,,0,,0,0,1,9.0,8,,1826,1,2,0,0,1,1,0,3,4,0,2,3,,N,,,,,,,,,,,
2009007283,2254,0,0,0,0,0,0,0,0,0,7,0,,67,12,2008,5,39.9896,-75.0876,2250.0,6,0,0,0,0,0,1,0,0,,0,0,0,22,3,0,0,,0,39 59:22.038,,0,75 05:15.653,0,0,0,0,67301,0,0,0,N,0,0,0,1,68K01,0,,2,9,,N,N,,0,,0,0,1,0.0,0,,2247,0,1,0,0,0,0,0,3,4,0,1,7,,N,,,,,,,,,,,
2009012211,744,2,0,0,0,0,0,0,0,0,4,0,,67,12,2008,2,40.0766,-75.0825,726.0,6,0,0,0,0,0,0,0,0,,0,0,0,7,1,1,1,,0,40 04:35.602,,0,75 04:57.015,4,0,0,0,67301,0,0,0,N,0,0,0,2,67301,1,,1,1,,N,Y,,0,,0,0,0,3.0,2,,726,1,2,0,0,0,0,0,3,4,0,2,3,,N,,,,,,,,,,,
2009031171,115,13,0,0,0,0,0,0,0,0,7,0,,67,12,2008,4,39.977,-75.1994,113.0,6,0,0,0,1,0,0,0,0,3.0,0,0,0,1,3,0,0,,2,39 58:37.019,2.0,2,75 11:57.591,9,0,0,0,67301,0,0,0,Y,0,0,0,13,67301,0,,2,2,,N,N,,0,,0,0,0,0.0,0,Y,113,0,13,0,0,1,0,3,3,4,0,13,9,,N,,,,,,,,,,,
2009000538,852,1,0,0,0,0,0,0,0,0,1,1,,67,10,2008,3,40.0373,-75.2207,847.0,6,0,0,0,0,0,0,0,1,,0,1,0,8,1,1,2,,0,40 02:14.049,,0,75 13:13.760,8,0,0,0,67301,3,0,0,,0,0,0,4,67301,0,,1,1,,N,N,,0,,0,0,0,0.0,0,,840,1,2,0,0,0,1,0,3,4,0,2,3,,N,,,,,,,,,,,
2009000793,15,3,0,0,0,0,0,0,0,0,5,0,,67,11,2008,1,39.9973,-75.1228,15.0,6,0,0,0,0,0,0,0,0,,0,0,0,0,2,0,0,,0,39 59:50.207,,0,75 07:22.186,0,0,0,0,67301,0,0,0,,0,0,0,1,67301,0,,1,9,,,,,0,,0,0,0,0.0,0,,3,0,3,0,0,0,0,0,3,4,0,3,7,,N,,,,,,,,,,,
2009017348,9999,0,0,0,0,0,0,0,0,0,1,0,,67,12,2008,6,40.0159,-75.1538,1420.0,6,0,0,0,0,0,0,0,0,,0,1,0,14,1,1,1,,0,40 00:57.144,,0,75 09:13.829,8,0,0,0,67301,0,0,0,,0,0,0,2,67301,0,,1,1,,,,,0,,0,0,0,0.0,0,,1420,1,2,0,0,0,1,0,3,4,1,2,3,,N,,,,,,,,,,,
2009012658,2140,2,0,0,0,0,0,0,0,0,4,0,,67,12,2008,7,39.9279,-75.1875,2136.0,6,0,0,1,0,0,0,0,0,,0,0,0,21,3,2,1,,0,39 55:40.490,,0,75 11:14.888,8,0,0,0,67301,0,0,0,N,0,0,0,5,67301,0,,1,1,,N,N,,0,,0,0,0,3.0,2,,2130,2,2,0,0,0,2,0,3,4,0,2,3,,N,,,,,,,,,,,
2009013284,1709,1,0,0,0,0,0,0,0,0,8,0,,67,11,2008,3,39.988,-75.2375,1659.0,6,0,0,0,0,0,0,0,0,,0,0,0,15,1,1,1,,0,39 59:16.900,,0,75 14:14.974,4,0,0,0,67301,1,0,0,N,1,0,0,2,67301,1,,1,1,,N,N,,0,,0,0,0,3.0,2,,1540,1,2,0,0,0,0,1,3,4,0,1,3,,N,,,,,,,,,,,
2009014225,634,0,0,0,0,0,0,0,0,0,8,0,,67,11,2008,3,39.8976,-75.2524,630.0,6,0,0,0,0,0,1,0,0,4.0,0,0,0,6,1,1,1,,2,39 53:51.000,2.0,0,75 15:07.560,2,0,0,0,67301,1,0,1,N,1,0,1,2,67301,0,,9,9,,N,Y,,0,,0,1,0,3.0,2,Y,630,1,2,0,0,0,0,0,3,4,1,1,7,,N,,,,,,,,,,,
2009013645,1426,2,0,0,0,0,0,0,0,0,6,0,,67,11,2008,4,39.945,-75.2153,1422.0,6,0,0,0,0,0,1,0,0,,0,0,0,14,1,1,1,,0,39 56:42.145,,0,75 12:55.104,8,0,0,0,67301,0,0,0,N,0,0,0,2,67301,0,,1,1,,N,N,,0,,0,0,0,3.0,3,,1420,1,3,0,0,0,1,0,3,4,0,3,3,,N,,,,,,,,,,,
2009013218,2010,1,0,0,0,0,0,0,0,0,8,0,,67,11,2008,2,40.045,-75.1235,2000.0,6,0,0,0,0,0,0,0,0,,0,0,0,16,1,1,1,,0,40 02:41.967,,0,75 07:24.668,4,0,0,0,67301,1,0,0,N,1,0,0,2,67301,1,,1,1,,N,N,,0,,0,0,0,3.0,2,,1600,1,2,0,0,0,0,0,3,4,0,1,3,,N,,,,,,,,,,,
2009024688,850,2,0,0,0,0,0,0,0,0,6,0,,67,12,2008,2,39.9226,-75.2462,850.0,6,0,0,0,0,0,1,0,0,3.0,0,0,0,8,1,0,0,,2,39 55:21.401,6.0,0,75 14:46.452,0,0,0,0,67301,0,0,0,N,0,0,0,2,67301,0,,1,1,,N,N,,0,,0,0,0,0.0,0,Y,842,0,2,0,0,0,0,0,3,4,0,2,3,,N,,,,,,,,,,,
2009024694,1126,0,0,0,0,0,0,0,0,0,8,0,,67,12,2008,4,39.9912,-75.1013,1125.0,6,0,0,0,0,0,0,0,0,,0,0,0,11,1,1,0,,0,39 59:28.320,,0,75 06:04.680,4,0,0,0,67301,1,0,0,N,1,0,0,3,67301,1,,1,1,,N,N,,1,,0,0,0,0.0,0,,1120,1,2,0,0,2,0,0,3,4,0,1,3,,N,,,,,,,,,,,
2009025816,2208,2,0,0,0,0,0,0,0,0,4,0,,67,12,2008,4,40.0469,-75.2477,2206.0,6,0,0,0,0,0,1,0,0,2.0,0,0,0,99,3,1,3,,2,40 02:48.951,2.0,0,75 14:51.889,8,0,0,0,67301,0,0,0,,0,0,0,3,67301,0,,1,9,,,,,0,,0,0,0,0.0,0,N,9999,1,2,0,0,2,1,0,3,4,0,2,7,,N,,,,,,,,,,,
2009025104,1405,0,0,0,0,0,0,0,0,0,8,0,,67,10,2008,6,39.9305,-75.1683,1400.0,6,0,0,0,0,0,0,0,0,,0,0,0,14,1,1,1,,0,39 55:49.533,,0,75 10:06.324,8,0,0,0,67301,1,0,0,N,1,0,0,2,67301,0,,1,1,,N,N,,0,,0,0,1,9.0,2,,1400,1,2,0,0,0,1,0,3,4,0,1,3,,N,,,,,,,,,,,
2009025881,29,2,0,0,0,0,0,0,0,0,5,0,,67,12,2008,2,40.0299,-75.0875,26.0,6,0,0,0,0,0,1,0,0,1.0,0,0,0,0,3,1,1,,1,40 01:48.790,2.0,0,75 05:17.560,4,0,0,0,67301,0,0,0,N,0,0,0,4,67301,1,,1,1,,N,N,,0,,0,0,0,9.0,2,N,26,1,2,0,0,1,0,1,3,4,0,2,3,,N,,,,,,,,,,,
2009068519,1350,0,0,0,0,0,0,0,0,0,4,1,,67,6,2008,5,39.9784,-75.1146,1347.0,6,0,0,0,0,0,0,0,0,,0,1,0,12,1,1,1,,0,39 58:42.573,,0,75 06:52.947,3,0,0,0,67301,0,0,0,N,0,0,0,4,67301,0,,1,9,,N,N,,0,,1,0,1,3.0,2,,1240,1,2,0,0,0,0,0,3,4,0,2,7,,N,,,,,,,,,,,
2008098259,1758,2,0,0,0,0,0,0,0,0,2,0,,67,8,2008,1,40.0098,-75.0982,1757.0,6,0,0,0,0,0,0,0,0,,0,0,0,17,1,1,0,,0,40 00:35.584,,0,75 05:53.387,8,0,0,0,67301,0,0,0,N,0,0,0,1,67301,0,,6,9,,N,N,,0,,0,0,0,0.0,0,,1755,1,2,0,0,0,1,0,3,4,0,2,7,,N,,,,,,,,,,,
2008075996,1422,0,0,0,0,0,0,0,0,0,0,1,,67,6,2008,5,39.96,-75.18,1415.0,6,0,0,0,0,0,0,0,0,3.0,0,1,0,14,1,1,0,,2,39 57:35.996,3.0,2,75 10:48.319,4,0,0,0,67301,0,0,0,N,0,0,0,1,68K01,1,,2,1,,N,N,,0,,0,0,0,0.0,0,Y,1413,1,1,0,0,0,0,0,3,4,0,1,3,,N,,,,,,,,,,,
2008083796,1501,2,0,0,0,0,0,0,0,0,1,0,,67,7,2008,4,39.9593,-75.1733,1448.0,6,0,0,0,1,0,0,0,0,,0,0,0,14,1,1,0,,0,39 57:33.726,,0,75 10:25.561,4,0,0,0,67301,0,0,0,N,0,0,0,3,68K01,1,,1,1,,N,N,,0,,0,0,0,0.0,0,,1444,1,2,0,0,0,0,0,3,4,0,2,3,,N,,,,,,,,,,,
2008098393,235,1,0,0,0,0,0,0,0,0,4,0,,67,7,2008,5,40.0264,-75.1172,201.0,6,0,0,0,0,0,1,0,0,1.0,0,0,0,2,3,3,1,,2,40 01:34.998,3.0,0,75 07:01.745,4,0,0,0,67301,0,0,0,N,0,0,0,3,67301,2,,1,1,,N,N,,0,,0,0,1,3.0,2,N,200,3,2,0,0,0,1,0,3,4,0,2,3,,N,,,,,,,,,,,
2008081466,1607,3,0,0,0,0,0,0,0,0,4,0,,67,4,2008,5,39.9734,-75.2342,1559.0,6,0,0,0,0,0,0,0,0,1.0,0,0,0,14,1,0,2,,1,39 58:24.276,6.0,0,75 14:02.961,9,0,0,0,67301,0,0,0,N,0,0,0,2,67301,0,,1,1,,N,N,,0,,0,0,0,3.0,3,N,1430,0,3,0,0,0,0,1,3,4,0,3,3,,N,,,,,,,,,,,
2008081469,712,2,0,0,0,0,0,0,0,0,7,0,,67,5,2008,7,40.0053,-75.1941,709.0,6,0,0,0,0,0,0,0,0,1.0,0,0,0,7,1,1,0,,1,40 00:18.000,1.0,2,75 11:39.480,4,0,0,0,67301,0,0,0,N,0,0,0,3,67301,1,,2,1,,N,N,,0,,0,0,0,0.0,0,N,700,1,2,0,0,0,0,0,3,4,0,2,3,,N,,,,,,,,,,,
2008107695,1533,0,0,0,0,0,0,0,0,0,0,0,,67,8,2008,7,39.9057,-75.132,1530.0,6,0,0,0,0,0,0,0,0,,0,0,0,15,1,1,0,,0,39 54:20.379,,0,75 07:55.035,4,0,0,1,67301,0,0,0,,0,0,0,1,67501,1,,1,1,,,,,0,,0,0,0,9.0,8,,1533,1,1,0,0,0,0,0,3,4,0,1,3,,N,,,,,,,,,,,
2008104859,1353,1,0,0,0,0,0,0,0,0,5,0,,67,8,2008,5,39.8877,-75.2038,1343.0,6,0,0,0,0,0,0,0,0,3.0,0,0,0,13,1,1,0,,1,39 53:49.096,1.0,0,75 11:21.388,4,0,0,0,67301,0,0,0,N,0,0,0,2,68K01,1,,1,1,,N,N,,1,,0,0,0,0.0,0,Y,1341,1,2,0,0,0,0,0,3,4,0,2,3,,N,,,,,,,,,,,
2008081830,1322,1,0,0,0,0,0,0,0,0,5,0,,67,7,2008,6,39.9594,-75.1738,1301.0,6,0,0,0,0,0,1,0,0,,0,0,0,12,1,1,0,,0,39 57:34.018,,0,75 10:27.920,4,0,0,0,67301,0,0,0,N,0,0,0,6,68K01,1,,1,1,,N,N,,1,,0,0,0,0.0,0,,1254,1,3,0,0,0,0,0,3,4,1,3,3,,N,,,,,,,,,,,
2008122869,149,1,0,0,0,0,0,1,0,0,4,1,,67,9,2008,7,39.9582,-75.2232,148.0,6,0,0,0,0,0,0,0,0,,1,0,0,1,3,9,2,,0,39 57:29.663,,0,75 13:23.485,1,0,0,0,67301,0,0,0,N,0,0,0,16,67301,0,9.0,1,9,,N,N,,0,0.0,0,0,0,3.0,2,,145,9,2,0,0,0,9,0,3,4,0,2,7,,N,,,,,,,,,,,
2008120619,1515,0,0,0,1,0,0,0,0,0,4,0,,67,10,2008,6,39.9254,-75.1777,1456.0,6,0,0,0,0,0,0,0,0,,0,0,0,14,1,1,1,,0,39 55:31.460,,0,75 10:39.570,4,0,0,0,67301,1,0,0,N,0,0,0,2,67301,1,,1,1,,N,N,,0,,0,0,1,3.0,2,,1455,1,2,0,0,0,0,0,3,4,0,1,3,,N,,,,,,,,,,,
2008120658,915,1,0,0,0,0,0,0,0,0,8,0,,67,10,2008,5,39.9312,-75.1644,914.0,6,0,0,0,0,0,0,0,0,,0,0,0,9,1,1,1,,0,39 55:52.413,,0,75 09:51.865,8,0,0,0,67301,1,0,0,N,1,0,0,2,67301,0,,1,1,,N,N,,0,,0,0,0,3.0,3,,914,1,2,0,0,0,1,0,3,4,0,1,3,,N,,,,,,,,,,,
2008110576,641,1,0,0,0,0,0,0,0,0,1,0,,67,10,2008,5,39.9765,-75.197,631.0,6,0,0,0,1,0,1,0,0,,0,0,0,6,5,0,0,,0,39 58:34.422,,2,75 11:45.218,0,0,0,0,67301,0,0,0,N,0,0,0,2,68K01,0,,1,9,,N,N,,0,,0,0,1,3.0,4,,621,0,2,0,0,0,0,0,3,4,0,2,7,,N,,,,,,,,,,,
2009013673,1957,1,0,0,0,0,0,0,0,0,7,0,,67,11,2008,6,39.9862,-75.168,1954.0,6,0,0,0,0,0,0,0,0,,0,0,0,19,3,1,1,,0,39 59:10.276,,0,75 10:04.717,8,0,0,0,67301,0,0,0,N,0,0,0,1,67301,0,,5,1,,N,N,,0,,0,0,0,3.0,2,,1953,1,1,0,0,0,1,0,3,4,0,1,3,,N,,,,,,,,,,,
2009013749,1900,1,0,0,0,0,0,0,0,0,7,0,,67,11,2008,1,39.9295,-75.2434,1857.0,6,0,0,0,0,0,0,0,0,,0,0,0,16,1,0,0,,0,39 55:46.090,,0,75 14:36.188,0,0,0,0,67301,0,0,0,N,0,0,0,1,67301,0,,2,9,,N,N,,0,,0,0,0,9.0,9,,1600,0,1,0,0,0,0,0,3,4,0,1,7,,N,,,,,,,,,,,
2009013824,830,2,0,0,0,0,0,0,0,0,4,0,,67,12,2008,3,40.0296,-75.2063,745.0,6,0,0,0,0,0,0,0,0,2.0,0,0,0,7,1,2,2,,1,40 01:46.666,2.0,0,75 12:22.539,3,0,0,0,67301,0,0,0,N,0,0,0,2,67301,1,,1,1,,N,N,,0,,1,0,0,3.0,2,N,740,2,2,0,0,0,0,0,3,4,0,2,3,,N,,,,,,,,,,,
2009001003,1757,1,0,0,1,0,0,0,0,0,4,0,,67,11,2008,2,39.926,-75.1727,1753.0,6,0,0,0,0,0,0,0,0,,0,0,0,17,3,1,1,,0,39 55:33.679,,0,75 10:21.611,4,0,0,0,67301,1,0,0,N,0,0,0,2,67301,1,,1,1,,,N,,0,,0,0,0,3.0,3,,1751,1,2,0,0,0,0,0,3,4,0,1,3,,N,,,,,,,,,,,
2009001963,1150,0,0,0,0,0,0,0,0,0,8,0,,67,11,2008,6,39.9131,-75.1724,1143.0,6,0,0,0,0,0,1,0,0,,0,0,0,99,1,1,1,,0,39 54:46.994,,0,75 10:20.709,4,0,0,0,67301,1,0,0,N,1,0,0,2,67301,1,,1,1,,N,N,,0,,0,0,0,3.0,2,,9999,1,2,0,0,0,0,0,3,4,1,1,3,,N,,,,,,,,,,,
2009001120,925,0,0,0,0,0,0,0,0,0,8,0,,67,11,2008,1,39.957,-75.1694,923.0,6,0,0,0,0,0,0,0,0,,0,0,0,9,1,1,1,,0,39 57:26.625,,0,75 10:15.324,8,0,0,0,67301,1,0,0,N,1,0,0,2,67301,0,,1,1,,N,N,,1,,0,0,0,3.0,2,,915,1,2,0,0,0,1,0,3,4,0,1,3,,N,,,,,,,,,,,
2009004964,158,1,0,0,0,0,0,0,0,0,7,0,,67,11,2008,1,40.0216,-75.2,151.0,6,0,0,0,0,0,0,0,0,,0,0,0,1,3,0,0,,0,40 01:17.605,,0,75 11:59.914,0,0,0,0,67301,0,0,0,N,0,0,0,1,67301,0,,2,9,,N,N,,0,,0,0,0,0.0,0,,146,0,1,0,0,1,0,0,3,4,0,1,3,,N,,,,,,,,,,,
2009024778,2150,0,0,0,0,0,0,0,0,0,7,0,,67,12,2008,6,39.9605,-75.137,2150.0,6,0,0,0,0,0,1,0,0,,0,0,0,21,3,1,2,,0,39 57:36.625,,0,75 08:13.909,3,0,0,0,67301,0,0,0,N,0,0,0,1,67301,0,,5,9,,N,N,,1,,1,0,0,3.0,2,,2150,1,1,0,0,0,0,0,3,4,0,1,98,,N,,,,,,,,,,,
2009012200,640,2,0,0,0,0,0,0,0,0,4,0,,67,12,2008,4,40.0471,-75.098,630.0,6,0,0,0,0,0,2,0,0,2.0,0,0,0,5,3,2,1,,1,40 02:49.640,1.0,0,75 05:52.795,8,0,0,0,67301,0,0,0,N,0,0,0,2,67301,0,,2,9,,N,,,0,,0,0,0,2.0,2,N,530,2,2,0,0,0,2,0,3,4,0,2,7,,N,,,,,,,,,,,
2009004101,2248,1,0,0,0,0,0,1,0,0,2,1,,67,11,2008,5,39.9743,-75.1677,2248.0,6,0,0,0,0,0,0,0,0,,0,0,0,22,3,7,2,,0,39 58:27.522,,0,75 10:03.836,8,0,0,0,67301,0,0,0,N,0,0,0,11,67301,0,,1,1,,N,N,,0,,0,0,0,0.0,0,,2248,7,2,0,0,0,7,1,3,4,0,2,3,,N,,,,,,,,,,,
2009006796,15,1,0,0,0,0,0,0,0,0,1,0,,67,12,2008,4,39.9168,-75.171,15.0,6,0,0,0,1,0,0,0,0,3.0,0,0,0,0,3,0,0,,2,39 55:00.605,3.0,0,75 10:15.668,0,0,0,0,67301,0,0,0,N,0,0,0,2,67501,0,,1,2,,N,N,,1,,0,0,0,0.0,0,Y,15,0,2,0,0,0,0,0,3,4,0,2,98,,N,,,,,,,,,,,
2009015024,1126,0,0,0,0,0,0,0,0,0,0,0,,67,10,2008,1,40.0965,-74.9757,1123.0,6,0,0,0,0,0,0,0,0,,0,0,0,11,1,1,0,,0,40 05:47.473,,0,74 58:32.532,3,0,0,1,67301,0,0,0,N,0,0,0,1,67301,0,,5,1,,N,N,,0,,1,0,0,0.0,0,,1120,1,1,0,0,0,0,0,3,4,0,1,3,,N,,,,,,,,,,,
2009015029,9999,2,0,0,0,0,0,0,0,0,1,0,,67,11,2008,6,40.0235,-75.1966,9999.0,6,0,0,0,0,0,0,1,0,9.0,0,0,0,99,3,1,0,,1,40 01:24.428,2.0,0,75 11:47.694,4,0,0,0,67301,0,0,0,N,0,0,0,4,67301,1,,1,9,,N,N,,0,,0,0,2,0.0,0,N,9999,1,4,0,0,1,0,0,3,4,0,4,7,,N,,,,,,,,,,,
2009015091,9999,0,0,0,0,0,0,0,0,0,8,0,,67,12,2008,7,40.0254,-75.0733,9999.0,6,0,0,0,0,0,0,0,0,,0,0,0,6,1,1,1,,0,40 01:31.356,,0,75 04:23.943,3,0,0,0,67301,1,0,0,N,1,0,0,2,67301,0,,1,1,,N,N,,0,,1,0,0,3.0,2,,650,1,2,0,0,0,0,1,3,4,1,1,3,,N,,,,,,,,,,,
2009012647,1625,0,0,0,0,0,0,0,0,0,8,0,,67,11,2008,2,40.0392,-75.1776,1615.0,6,0,0,0,0,0,0,0,0,,0,0,0,15,1,1,2,,0,40 02:21.230,,0,75 10:39.416,4,0,0,0,67301,1,0,0,N,1,0,0,3,67301,1,,1,1,,N,N,,1,,0,0,0,3.0,2,,1512,1,2,0,0,0,0,0,3,4,0,1,3,,N,,,,,,,,,,,
2009013594,723,2,0,0,0,0,0,0,0,0,7,0,,67,12,2008,2,40.0238,-75.1957,719.0,6,0,0,0,0,0,0,0,0,1.0,0,0,0,7,1,2,0,,2,40 01:25.725,5.0,0,75 11:44.603,4,0,0,0,67301,0,0,0,N,0,0,0,3,67301,2,,5,9,,N,N,,0,,0,0,0,0.0,0,Y,717,2,2,0,0,0,0,0,3,4,0,2,7,,N,,,,,,,,,,,
2009013628,2200,2,0,0,0,0,0,0,0,0,5,0,,67,12,2008,7,40.0189,-75.1475,2200.0,6,0,0,0,0,0,0,0,0,,0,0,0,21,3,1,0,,0,40 01:07.915,,7,75 08:51.096,4,0,0,0,67301,0,0,0,N,0,0,0,2,67301,1,,1,9,,N,N,,0,,0,0,0,3.0,2,,2150,1,2,0,0,2,0,0,3,4,0,2,10,,N,,,,,,,,,,,
2009024631,1545,2,0,0,0,0,0,0,0,0,6,0,,67,12,2008,2,39.9559,-75.2048,1541.0,6,0,0,0,0,0,1,0,0,,0,0,0,15,1,1,1,,0,39 57:21.407,,0,75 12:17.178,8,0,0,0,67301,0,0,0,,0,0,0,3,67301,0,,1,1,,N,N,,0,,0,0,0,3.0,2,,1528,1,2,0,0,0,1,0,3,4,0,2,3,,N,,,,,,,,,,,
2009024691,748,2,0,0,0,0,0,0,0,0,1,0,,67,12,2008,3,39.9885,-75.1487,731.0,6,0,0,0,0,0,0,1,0,1.0,0,0,0,7,1,4,0,,2,39 59:18.733,2.0,0,75 08:55.150,8,0,0,0,67301,0,0,0,N,0,0,0,5,67301,0,,1,1,,N,N,,0,,0,0,0,0.0,0,N,731,4,2,0,0,0,4,0,3,4,0,2,99,,N,,,,,,,,,,,
2009024708,1010,0,0,0,0,0,0,0,0,0,8,0,,67,12,2008,5,40.0058,-75.0964,1003.0,6,0,0,0,0,0,0,0,0,,0,0,0,10,1,1,0,,0,40 00:20.886,,0,75 05:47.003,8,0,0,0,67301,1,0,0,,1,0,0,2,67301,0,,1,1,,N,N,,0,,0,0,1,3.0,2,,1000,1,2,0,0,0,1,0,3,4,0,1,3,,N,,,,,,,,,,,
2009030768,142,3,0,0,0,0,0,0,0,0,5,0,,67,12,2008,5,40.0296,-75.0433,139.0,6,0,0,0,0,1,0,0,0,1.0,0,0,0,1,3,1,0,,1,40 01:46.682,3.0,0,75 02:35.732,3,0,0,0,67301,0,0,0,N,0,0,0,2,67301,0,,6,9,,N,N,,0,,1,0,0,0.0,0,N,130,1,3,0,0,0,0,0,3,4,0,3,7,,N,,,,,,,,,,,
2009025891,1925,1,0,0,0,0,0,0,0,0,8,0,,67,12,2008,4,40.0275,-75.1655,1922.0,6,0,0,0,0,0,0,0,0,,0,0,0,19,3,1,0,,0,40 01:38.978,,0,75 09:55.785,2,0,0,0,67301,1,0,1,,1,0,1,6,67301,0,,1,1,,N,N,,0,,0,1,0,0.0,0,,1915,1,2,0,0,0,0,0,3,4,0,1,3,,N,,,,,,,,,,,
2008073491,150,2,0,0,0,0,0,0,0,0,5,0,,67,4,2008,2,39.9518,-75.2056,147.0,6,0,0,0,0,0,0,0,0,,0,0,0,0,3,0,0,,0,39 57:06.539,,0,75 12:20.305,0,0,0,0,67301,0,0,0,N,0,0,0,1,67301,0,,2,9,,N,N,,0,,0,0,0,0.0,0,,30,0,2,0,0,0,0,0,3,4,0,2,7,,N,,,,,,,,,,,