CRN,ARRIVAL_TM,AUTOMOBILE_COUNT,BELTED_DEATH_COUNT,BELTED_SUSP_SERIOUS_INJ_COUNT,BICYCLE_COUNT,BICYCLE_DEATH_COUNT,BICYCLE_SUSP_SERIOUS_INJ_COUNT,BUS_COUNT,CHLDPAS_DEATH_COUNT,CHLDPAS_SUSP_SERIOUS_INJ_COUNT,COLLISION_TYPE,COMM_VEH_COUNT,CONS_ZONE_SPD_LIM,COUNTY,CRASH_MONTH,CRASH_YEAR,DAY_OF_WEEK,DEC_LAT,DEC_LONG,DISPATCH_TM,DISTRICT,DRIVER_COUNT_16YR,DRIVER_COUNT_17YR,DRIVER_COUNT_18YR,DRIVER_COUNT_19YR,DRIVER_COUNT_20YR,DRIVER_COUNT_50_64YR,DRIVER_COUNT_65_74YR,DRIVER_COUNT_75PLUS,EST_HRS_CLOSED,FATAL_COUNT,HEAVY_TRUCK_COUNT,HORSE_BUGGY_COUNT,HOUR_OF_DAY,ILLUMINATION,INJURY_COUNT,INTERSECT_TYPE,INTERSECTION_RELATED,LANE_CLOSED,LATITUDE,LN_CLOSE_DIR,LOCATION_TYPE,LONGITUDE,MAX_SEVERITY_LEVEL,MCYCLE_DEATH_COUNT,MCYCLE_SUSP_SERIOUS_INJ_COUNT,MOTORCYCLE_COUNT,MUNICIPALITY,NONMOTR_COUNT,NONMOTR_DEATH_COUNT,NONMOTR_SUSP_SERIOUS_INJ_COUNT,NTFY_HIWY_MAINT,PED_COUNT,PED_DEATH_COUNT,PED_SUSP_SERIOUS_INJ_COUNT,PERSON_COUNT,POLICE_AGCY,POSSIBLE_INJ_COUNT,RDWY_SURF_TYPE_CD,RELATION_TO_ROAD,ROAD_CONDITION,ROADWAY_CLEARED,SCH_BUS_IND,SCH_ZONE_IND,SECONDARY_CRASH,SMALL_TRUCK_COUNT,SPEC_JURIS_CD,SUSP_MINOR_INJ_COUNT,SUSP_SERIOUS_INJ_COUNT,SUV_COUNT,TCD_FUNC_CD,TCD_TYPE,TFC_DETOUR_IND,TIME_OF_DAY,TOT_INJ_COUNT,TOTAL_UNITS,UNB_DEATH_COUNT,UNB_SUSP_SERIOUS_INJ_COUNT,UNBELTED_OCC_COUNT,UNK_INJ_DEG_COUNT,UNK_INJ_PER_COUNT,URBAN_AREA,URBAN_RURAL,VAN_COUNT,VEHICLE_COUNT,WEATHER1,WEATHER2,WORK_ZONE_IND,WORK_ZONE_LOC,WORK_ZONE_TYPE,WORKERS_PRES,WZ_CLOSE_DETOUR,WZ_FLAGGER,WZ_LAW_OFFCR_IND,WZ_LN_CLOSURE,WZ_MOVING,WZ_OTHER,WZ_SHLDER_MDN,WZ_WORKERS_INJ_KILLED
2008107999,1451,1,0,0,0,0,0,0,0,0,7,0,,67,8,2008,6,40.0542,-75.049,1450.0,6,0,0,0,0,0,0,1,0,1.0,0,0,0,14,1,1,0,,1,40 03:15.048,2.0,0,75 02:56.237,8,0,0,0,67301,0,0,0,N,0,0,0,1,67301,0,,3,1,,N,N,,0,,0,0,0,3.0,4,N,1450,1,1,0,0,0,1,0,3,4,0,1,3,,N,,,,,,,,,,,
2008120807,1008,0,0,0,0,0,0,0,0,0,4,0,,67,9,2008,2,40.0184,-75.1368,1005.0,6,0,0,0,0,0,0,0,0,,0,0,0,10,1,1,1,,0,40 01:06.232,,0,75 08:12.411,3,0,0,1,67301,0,0,0,N,0,0,0,1,67301,0,,1,1,,N,N,,1,,1,0,0,3.0,2,,1005,1,2,0,0,0,0,0,3,4,0,2,3,,N,,,,,,,,,,,
2008132432,258,1,0,0,0,0,0,0,0,0,4,0,,67,11,2008,1,39.9514,-75.1826,252.0,6,0,0,1,0,0,0,0,0,1.0,0,0,0,2,3,1,2,,1,39 57:05.170,3.0,2,75 10:57.480,8,0,0,0,67301,0,0,0,Y,0,0,0,3,68K01,0,,1,1,,N,N,,1,,0,0,0,0.0,0,N,249,1,2,0,0,0,1,0,3,4,0,2,3,,N,,,,,,,,,,,
2008123018,1543,0,0,0,0,0,0,1,0,0,1,1,,67,9,2008,5,40.0395,-75.2351,1538.0,6,0,0,0,0,0,1,0,0,,0,0,0,15,1,1,2,,0,40 02:22.322,,0,75 14:06.205,8,0,0,0,67301,0,0,0,N,0,0,0,34,67301,0,,1,1,,Y,N,,1,,0,0,0,0.0,0,,1520,1,2,0,0,0,1,0,3,4,0,2,3,,N,,,,,,,,,,,
2009013671,1100,1,0,0,0,0,0,0,0,0,4,0,,67,12,2008,7,39.9765,-75.1894,1055.0,6,0,0,0,0,0,0,0,0,,0,0,0,10,1,2,3,,0,39 58:35.234,,0,75 11:21.693,4,0,0,0,67301,0,0,0,N,0,0,0,2,67301,2,,1,1,,N,N,,1,,0,0,0,3.0,2,,1045,2,2,0,0,0,0,0,3,4,0,2,3,,N,,,,,,,,,,,
2009005465,1115,0,0,0,0,0,0,0,0,0,5,1,55.0,67,12,2008,2,40.0253,-75.0291,1104.0,6,0,0,0,0,0,1,1,0,,0,1,0,10,1,0,0,,0,40 01:30.277,,0,75 01:46.088,0,0,0,0,67301,0,0,0,Y,0,0,0,3,68K01,0,,1,1,,N,N,,0,,0,0,1,0.0,0,,1055,0,2,0,0,0,0,0,3,4,0,2,3,,Y,3.0,2.0,Y,N,N,N,Y,Y,N,N,
2009024744,1745,1,0,0,0,0,0,0,0,0,4,0,,67,12,2008,5,39.9566,-75.1524,1729.0,6,0,0,0,1,0,0,1,0,3.0,0,0,0,17,3,3,1,,1,39 57:26.407,2.0,0,75 09:08.017,4,0,0,0,67301,0,0,0,N,0,0,0,11,67301,3,,1,1,,N,N,,0,,0,0,0,3.0,2,Y,1729,3,2,0,0,0,0,0,3,4,1,2,3,,N,,,,,,,,,,,
2009024750,1021,1,0,0,1,0,0,0,0,0,5,0,,67,12,2008,2,39.9219,-75.1702,1020.0,6,0,0,0,0,0,1,0,0,,0,0,0,10,1,1,1,,0,39 55:18.973,,0,75 10:12.993,4,0,0,0,67301,1,0,0,,0,0,0,2,67301,1,,1,1,,,,,0,,0,0,0,3.0,2,,1019,1,2,0,0,0,0,0,3,4,0,1,3,,N,,,,,,,,,,,
2009036404,1145,1,0,0,0,0,0,0,0,0,7,0,,67,12,2008,5,39.9824,-75.2641,1142.0,6,0,0,0,0,0,1,0,0,,0,0,0,11,1,1,0,,0,39 58:56.675,,0,75 15:50.890,8,0,0,0,67301,0,0,0,,0,0,0,1,67301,0,,5,1,,,,,0,,0,0,0,0.0,0,,1140,1,1,0,0,0,1,0,3,4,0,1,3,,N,,,,,,,,,,,
2009000536,855,1,0,0,0,0,0,0,0,0,2,0,,67,11,2008,3,39.9738,-75.2582,855.0,6,1,0,0,0,0,0,0,0,,0,0,0,7,1,2,1,,0,39 58:25.604,,0,75 15:29.678,4,0,0,0,67301,0,0,0,N,0,0,0,2,67301,1,,1,1,,N,N,,0,,0,0,1,3.0,2,,719,2,2,0,0,0,1,0,3,4,0,2,3,,N,,,,,,,,,,,
2009000539,325,2,0,0,0,0,0,0,0,0,1,0,,67,11,2008,1,39.9728,-75.2163,322.0,6,0,0,0,1,0,0,0,0,,0,0,0,3,3,2,1,,0,39 58:22.053,,0,75 12:58.706,8,0,0,0,67301,0,0,0,,0,0,0,3,67301,0,,1,1,,N,N,,0,,0,0,0,0.0,0,,320,2,2,0,0,2,2,0,3,4,0,2,3,,N,,,,,,,,,,,
2009001037,2235,1,0,0,1,0,0,0,0,0,4,0,,67,11,2008,5,39.9361,-75.1929,2227.0,6,0,0,0,0,0,0,0,0,,0,0,0,22,3,1,2,,0,39 56:10.122,,0,75 11:34.295,3,0,0,0,67301,1,0,0,N,0,0,0,3,67301,0,,1,1,,N,N,,0,,1,0,0,9.0,3,,2227,1,2,0,0,0,0,0,3,4,0,1,3,,N,,,,,,,,,,,
2009000181,9999,0,0,0,0,0,0,0,0,0,8,0,,67,10,2008,1,40.0265,-75.0422,9999.0,6,0,0,0,0,0,1,0,0,,1,0,0,10,1,0,1,,0,40 01:35.267,,0,75 02:32.054,1,0,0,0,67301,1,1,0,N,1,1,0,2,67301,0,2.0,1,1,,N,N,,1,0.0,0,0,0,3.0,2,,1040,0,2,0,0,0,0,0,3,4,0,1,3,,N,,,,,,,,,,,
2009008235,1031,1,0,0,0,0,0,0,0,0,5,0,,67,12,2008,3,39.9579,-75.1408,1016.0,6,0,0,0,0,0,0,0,0,,0,0,0,9,1,1,0,,0,39 57:28.012,,0,75 08:26.718,4,0,0,0,67301,0,0,0,N,0,0,0,2,68K01,1,,1,1,,N,N,,0,,0,0,1,0.0,0,,923,1,2,0,0,0,0,0,3,4,0,2,3,,N,,,,,,,,,,,
2009007073,240,1,0,0,0,0,0,0,0,0,1,1,,67,12,2008,4,39.9293,-75.1458,204.0,6,0,0,0,0,0,1,0,0,2.0,0,1,0,2,3,1,0,,2,39 55:47.230,1.0,2,75 08:44.533,4,0,0,0,67301,0,0,0,N,0,0,0,3,68K01,1,,2,2,,N,N,,0,,0,0,0,0.0,0,Y,200,1,2,0,0,0,0,0,3,4,0,2,98,,N,,,,,,,,,,,
2009007086,1450,1,0,0,0,0,0,0,0,0,5,1,,67,12,2008,2,39.9382,-75.144,1440.0,6,0,0,0,0,0,1,0,0,,0,1,0,14,1,1,0,,0,39 56:17.520,,0,75 08:38.400,4,0,0,0,67301,0,0,0,N,0,0,0,2,68K01,1,,1,1,,N,N,,0,,0,0,0,0.0,0,,1434,1,2,0,0,1,0,0,3,4,0,2,3,,N,,,,,,,,,,,
2009013310,1920,1,0,0,0,0,0,0,0,0,2,0,,67,12,2008,5,40.1033,-75.0262,1850.0,6,0,0,0,1,0,0,0,0,,0,0,0,18,3,0,0,,0,40 06:11.833,,0,75 01:34.302,0,0,0,0,67301,0,0,0,N,0,0,0,2,67301,0,,1,9,,N,N,,0,,0,0,1,0.0,0,,1835,0,2,0,0,0,0,0,3,4,0,2,7,,N,,,,,,,,,,,
2009013321,1845,1,0,0,1,0,0,0,0,0,4,0,,67,11,2008,4,40.0424,-75.0827,1840.0,6,0,0,0,1,0,0,0,0,1.0,0,0,0,18,3,1,1,,1,40 02:32.725,1.0,0,75 04:57.598,8,0,0,0,67301,1,0,0,N,0,0,0,2,67301,0,,1,1,,N,N,,0,,0,0,0,3.0,2,Y,1835,1,2,0,0,0,1,0,3,4,0,1,3,,N,,,,,,,,,,,
2009013479,1238,1,0,0,0,0,0,0,0,0,4,0,,67,11,2008,7,40.1069,-75.0215,1232.0,6,0,0,0,0,0,1,0,0,9.0,0,0,0,12,1,1,2,,1,40 06:24.778,1.0,0,75 01:17.277,4,0,0,0,67301,0,0,0,,0,0,0,3,67301,1,,1,9,,N,N,,0,,0,0,1,3.0,3,N,1228,1,2,0,0,0,0,0,3,4,0,2,3,,N,,,,,,,,,,,
2009013584,416,2,0,0,0,0,0,0,0,0,4,0,,67,11,2008,1,40.0361,-75.0879,415.0,6,0,0,0,0,1,0,0,0,,0,0,0,4,3,0,1,,0,40 02:09.822,,0,75 05:16.321,0,0,0,0,67301,0,0,0,N,0,0,0,3,67301,0,,1,1,,N,N,,0,,0,0,0,3.0,2,,410,0,2,0,0,0,0,0,3,4,0,2,3,,N,,,,,,,,,,,
2009029578,9999,2,0,0,0,0,0,0,0,0,1,0,,67,10,2008,6,39.9408,-75.2101,9999.0,6,0,0,0,0,0,1,0,0,,0,0,0,8,1,1,2,,0,39 56:26.754,,0,75 12:36.467,8,0,0,0,67301,0,0,0,N,0,0,0,2,00000,0,,1,1,,N,N,,0,,0,0,0,9.0,9,,830,1,2,0,0,0,1,0,3,4,0,2,3,,N,,,,,,,,,,,
2009025785,1147,1,0,0,0,0,0,0,0,0,1,0,,67,12,2008,4,40.0197,-75.209,1145.0,6,0,0,0,0,0,0,0,0,,0,0,0,3,2,1,0,,0,40 01:10.992,,0,75 12:32.252,4,0,0,0,67301,2,0,0,N,0,0,0,3,67301,1,,6,2,,N,N,,0,,0,0,2,0.0,0,,330,1,3,0,0,0,0,0,3,4,0,3,9,,N,,,,,,,,,,,
2008115606,1234,3,0,0,0,0,0,0,0,0,1,0,,67,10,2008,5,40.0029,-75.2231,1229.0,6,0,0,0,0,0,0,0,0,,0,0,0,12,1,1,0,,0,40 00:13.984,,0,75 13:15.161,4,0,0,0,67301,0,0,0,N,0,0,0,5,46104,1,,1,1,,N,N,,0,,0,0,0,0.0,0,,1229,1,3,0,0,0,0,0,3,4,0,3,3,,N,,,,,,,,,,,
2008123011,1455,0,0,0,0,0,0,1,0,0,8,1,,67,10,2008,6,39.9808,-75.1741,1453.0,6,0,0,0,0,0,0,1,0,,0,0,0,14,1,1,0,,0,39 58:50.966,,0,75 10:26.868,4,0,0,0,67301,1,0,0,N,1,0,0,2,67301,1,,1,1,,Y,N,,0,,0,0,0,0.0,0,,1450,1,2,0,0,0,0,0,3,4,0,1,3,,N,,,,,,,,,,,
2008119495,2306,2,0,0,0,0,0,0,0,0,1,0,,67,9,2008,7,39.9154,-75.1498,2300.0,6,0,0,0,0,0,0,0,0,,0,0,0,22,3,1,0,,0,39 54:55.389,,0,75 08:59.143,4,0,0,0,67301,0,0,0,N,0,0,0,2,67301,1,,6,1,,N,N,,0,,0,0,0,0.0,0,,2236,1,2,0,0,0,0,1,3,4,0,2,3,,N,,,,,,,,,,,
2008120639,1823,1,0,0,0,0,0,0,0,0,8,0,,67,9,2008,1,40.0578,-75.1608,1818.0,6,0,0,0,1,0,0,0,0,,0,0,0,18,4,1,0,,0,40 03:28.011,,0,75 09:38.850,4,0,0,0,67301,1,0,0,N,1,0,0,2,67301,1,,1,9,,N,N,,0,,0,0,0,0.0,0,,1817,1,2,0,0,0,0,0,3,4,0,1,7,,N,,,,,,,,,,,
2008110570,916,0,0,0,0,0,0,0,0,0,7,0,,67,10,2008,2,39.9943,-75.084,855.0,6,0,0,0,0,0,0,0,0,,0,0,0,8,1,0,0,,0,39 59:39.980,,0,75 05:02.160,0,0,0,0,67301,0,0,0,N,0,0,0,1,68K01,0,,2,1,,N,N,,0,,0,0,1,0.0,0,,853,0,1,0,0,0,0,0,3,4,0,1,3,,N,,,,,,,,,,,
2009013701,1445,1,0,0,0,0,0,0,0,0,4,0,,67,11,2008,6,40.0382,-75.0786,1445.0,6,0,0,0,0,0,1,0,0,,0,0,0,14,1,3,1,,0,40 02:17.530,,0,75 04:43.120,4,0,0,0,67301,0,0,0,N,0,0,0,3,67301,3,,1,1,,N,N,,0,,0,0,0,3.0,3,,1440,3,2,0,0,0,0,0,3,4,1,2,3,,N,,,,,,,,,,,
2009013762,1857,2,0,0,0,0,0,0,0,0,1,0,,67,11,2008,5,39.918,-75.2106,1847.0,6,0,0,0,0,0,1,0,0,,0,0,0,17,3,1,0,,0,39 55:05.420,,0,75 12:34.440,3,0,0,0,67301,0,0,0,N,0,0,0,3,67301,0,,1,9,,N,N,,0,,1,0,0,0.0,0,,1755,1,2,0,0,0,0,0,3,4,0,2,7,,N,,,,,,,,,,,
2009000863,1753,1,0,0,0,0,0,0,0,0,1,0,,67,11,2008,4,40.0169,-75.1495,1753.0,6,0,0,0,0,0,0,0,0,,0,0,0,17,4,1,1,,0,40 01:00.709,,0,75 08:58.114,8,0,0,0,67301,0,0,0,N,0,0,0,4,67301,0,,1,1,,N,N,,1,,0,0,0,3.0,2,,1753,1,2,0,0,1,1,1,3,4,0,2,3,,N,,,,,,,,,,,
2009006467,635,1,0,0,0,0,0,0,0,0,7,0,,67,12,2008,4,39.9594,-75.1747,610.0,6,0,0,0,0,0,0,0,0,1.0,0,0,0,6,3,0,0,,2,39 57:33.907,3.0,2,75 10:33.320,0,0,0,0,67301,0,0,0,N,0,0,0,3,68K01,0,,2,2,,N,N,,0,,0,0,0,0.0,0,N,608,0,1,0,0,0,0,0,3,4,0,1,9,,N,,,,,,,,,,,
2009001045,550,1,0,0,0,0,0,0,0,0,2,0,,67,11,2008,7,40.0283,-75.0848,545.0,6,0,0,0,0,0,0,0,0,,0,0,0,5,3,1,1,,0,40 01:41.707,,0,75 05:05.272,4,0,0,0,67301,0,0,0,,0,0,0,2,67301,1,,1,9,,N,N,,0,,0,0,0,3.0,2,,530,1,2,0,0,0,0,0,3,4,1,2,7,,N,,,,,,,,,,,
2009024809,1925,1,0,0,0,0,0,0,0,0,1,0,,67,12,2008,6,40.0152,-75.1766,1922.0,6,0,0,0,1,0,0,0,0,,0,0,0,19,3,1,2,,0,40 00:54.813,,0,75 10:35.716,4,0,0,0,67301,0,0,0,N,0,0,0,3,67301,1,,1,9,,N,N,,1,,0,0,0,0.0,0,,1910,1,2,0,0,3,0,0,3,4,0,2,3,,N,,,,,,,,,,,
2009002091,1552,0,0,0,0,0,0,0,0,0,4,0,,67,11,2008,7,,,1551.0,6,0,0,0,0,0,1,0,0,,0,0,0,15,1,0,0,,0,,,3,,0,0,0,0,67301,0,0,0,N,0,0,0,2,67501,0,,1,1,,N,N,,2,,0,0,0,0.0,0,,1551,0,2,0,0,0,0,0,3,3,0,2,3,,N,,,,,,,,,,,
2009005178,513,3,0,0,0,0,0,0,0,0,0,1,,67,12,2008,6,39.9818,-75.2074,513.0,6,0,0,0,0,1,2,1,1,1.0,0,1,0,5,3,0,0,,1,39 58:58.111,3.0,0,75 12:28.847,0,0,0,0,67301,0,0,0,N,0,0,0,7,68K01,0,,1,1,,N,N,,1,,0,0,1,0.0,0,N,509,0,7,0,0,0,0,0,3,4,1,7,3,,N,,,,,,,,,,,
2009002165,1735,1,0,0,0,0,0,0,0,0,8,0,,67,11,2008,4,40.0287,-75.2055,1728.0,6,0,0,0,0,0,0,0,0,,0,0,0,17,3,1,1,,0,40 01:43.107,,0,75 12:20.348,4,0,0,0,67301,1,0,0,N,1,0,0,2,67301,1,,1,9,,N,N,,0,,0,0,0,3.0,2,,1708,1,2,0,0,0,0,1,3,4,0,1,7,,N,,,,,,,,,,,
2009002212,1039,1,0,0,0,0,0,0,0,0,8,0,,67,11,2008,2,39.9421,-75.168,1035.0,6,0,0,0,0,0,0,0,0,,0,0,0,99,1,1,1,,0,39 56:31.491,,0,75 10:04.843,8,0,0,0,67301,1,0,0,N,1,0,0,2,67301,0,,1,1,,N,N,,0,,0,0,0,0.0,0,,9999,1,2,0,0,0,1,0,3,4,0,1,3,,N,,,,,,,,,,,
2009036367,1703,1,0,0,0,0,0,0,0,0,1,0,,67,12,2008,3,40.0106,-75.1675,1702.0,6,0,0,0,0,0,0,0,0,,0,0,0,17,4,0,0,,0,40 00:38.174,,0,75 10:02.888,0,0,0,0,67301,0,0,0,N,0,0,0,2,67301,0,,1,1,,N,N,,0,,0,0,1,0.0,0,,1702,0,2,0,0,0,0,0,3,4,0,2,3,,N,,,,,,,,,,,
2009005651,419,0,0,0,0,0,0,0,0,0,0,0,,67,12,2008,1,39.8799,-75.2481,419.0,6,0,0,0,0,0,0,0,0,,0,0,0,4,3,1,0,,0,39 52:47.607,,0,75 14:53.302,4,0,0,0,67301,0,0,0,N,0,0,0,3,68K02,1,,2,2,,N,N,,0,,0,0,1,0.0,0,,415,1,1,0,0,0,0,0,3,4,0,1,9,,N,,,,,,,,,,,
2009005283,2008,2,0,0,0,0,0,0,0,0,5,0,,67,12,2008,7,39.9905,-75.2492,2005.0,6,0,0,0,0,0,0,0,0,1.0,0,0,0,20,3,2,1,,1,39 59:26.513,2.0,0,75 14:56.282,4,0,0,0,67301,0,0,0,N,0,0,0,2,46104,1,,1,9,,N,N,,0,,0,0,0,3.0,2,N,2005,2,2,0,0,0,1,0,3,4,0,2,7,,N,,,,,,,,,,,
2009015037,920,2,0,0,0,0,0,0,0,0,4,0,,67,12,2008,2,40.0946,-75.0152,919.0,6,0,0,0,0,1,0,0,0,2.0,0,0,0,9,1,2,1,,1,40 05:40.718,2.0,0,75 00:54.707,4,0,0,0,67301,0,0,0,N,0,0,0,2,67301,2,,1,9,,N,N,,0,,0,0,0,3.0,2,N,919,2,2,0,0,0,0,0,3,4,0,2,3,,N,,,,,,,,,,,
2009015054,1745,2,0,0,0,0,0,0,0,0,1,0,,67,11,2008,3,40.0152,-75.1771,1741.0,6,0,0,0,0,0,0,0,0,,0,0,0,17,3,1,7,,0,40 00:54.775,,2,75 10:37.437,8,0,0,0,67301,0,0,0,N,0,0,0,2,67301,0,,1,1,,N,N,,0,,0,0,0,0.0,0,,1738,1,2,0,0,0,1,0,3,4,0,2,3,,N,,,,,,,,,,,
2009013349,1610,2,0,0,0,0,0,0,0,0,1,0,,67,11,2008,2,40.0965,-74.9833,1608.0,6,0,0,1,0,0,0,0,0,1.0,0,0,0,16,1,0,0,,1,40 05:47.229,3.0,0,74 58:59.852,0,0,0,0,67301,0,0,0,N,0,0,0,4,67301,0,,1,1,,N,N,,0,,0,0,0,0.0,0,N,1605,0,2,0,0,0,0,0,3,4,0,2,3,,N,,,,,,,,,,,
2009026069,2140,2,0,0,0,0,0,0,0,0,4,0,,67,12,2008,5,40.0507,-75.1486,2126.0,6,0,0,0,0,0,0,0,0,,0,0,0,20,3,2,1,,0,40 03:02.657,,0,75 08:55.145,4,0,0,0,67301,0,0,0,,0,0,0,4,67301,1,,1,1,,,,,0,,0,0,0,2.0,2,,2023,2,2,0,0,0,1,0,3,4,0,2,3,,N,,,,,,,,,,,
2009013574,1715,1,0,0,0,0,0,0,0,0,4,0,,67,12,2008,5,39.9952,-75.1158,1710.0,6,0,0,0,0,0,1,0,0,,0,0,0,17,1,1,2,,0,39 59:42.637,,0,75 06:56.944,4,0,0,0,67301,1,0,0,N,0,0,0,2,67301,1,,1,9,,N,N,,0,,0,0,1,3.0,2,,1710,1,2,0,0,0,0,0,3,4,0,2,7,,N,,,,,,,,,,,
2009013653,1400,0,0,0,0,0,0,0,0,0,8,0,,67,12,2008,4,39.9925,-75.1174,1350.0,6,0,0,0,0,0,0,0,0,,0,0,0,19,8,1,1,,0,39 59:32.971,,0,75 07:02.582,4,0,0,0,67301,1,0,0,N,1,0,0,2,67301,1,,1,98,,N,N,,0,,0,0,0,3.0,3,,1900,1,2,0,0,0,0,1,3,4,1,1,99,,N,,,,,,,,,,,
2009013416,1125,1,0,0,0,0,0,0,0,0,4,0,,67,11,2008,3,40.0548,-75.1527,1120.0,6,0,0,0,0,0,0,0,0,,0,0,0,99,1,2,1,,0,40 03:17.359,,0,75 09:09.802,3,0,0,0,67301,0,0,0,N,0,0,0,3,67301,0,,1,9,,N,N,,1,,2,0,0,3.0,2,,9999,2,2,0,0,0,0,0,3,4,0,2,7,,N,,,,,,,,,,,
2009037185,820,1,0,0,0,0,0,0,0,0,3,0,,67,12,2008,4,40.0089,-75.1961,816.0,6,0,0,0,0,0,0,1,0,,0,1,0,8,1,1,0,,0,40 00:32.040,,0,75 11:45.960,8,0,0,0,67301,0,0,0,N,0,0,0,2,67301,0,,1,1,,N,N,,0,,0,0,0,0.0,0,,805,1,2,0,0,0,1,0,3,4,0,2,7,,N,,,,,,,,,,,
2009024626,210,0,0,0,0,0,0,0,0,0,8,0,,67,12,2008,2,40.057,-75.0343,205.0,6,0,0,0,0,0,0,0,0,,0,0,0,1,3,1,1,,0,40 03:25.560,,0,75 02:04.200,4,0,0,0,67301,1,0,0,N,1,0,0,2,67301,1,,1,1,,N,N,,0,,0,0,0,3.0,2,,155,1,2,0,0,0,0,0,3,4,0,1,3,,N,,,,,,,,,,,
2009024630,555,0,0,0,0,0,0,0,0,0,1,0,,67,12,2008,5,39.9477,-75.1986,553.0,6,0,0,0,0,0,1,0,0,,0,0,0,5,5,2,1,,0,39 56:51.749,,0,75 11:55.038,4,0,0,0,67301,0,0,0,,0,0,0,3,67301,1,,1,1,,N,N,,0,,0,0,3,0.0,0,,530,2,3,0,0,0,1,0,3,4,0,3,3,,N,,,,,,,,,,,
2009026854,2034,2,0,0,0,0,0,0,0,0,5,0,,67,12,2008,6,40.0247,-75.0456,2027.0,6,0,0,0,0,0,0,0,0,9.0,0,0,0,20,3,3,0,,2,40 01:28.991,5.0,0,75 02:44.190,2,0,0,0,67301,0,0,0,N,0,0,0,3,67301,0,,1,9,,N,N,,0,,2,1,1,3.0,2,Y,2026,3,3,0,0,0,0,0,3,4,0,3,99,,N,,,,,,,,,,,
2009026928,2308,0,0,0,1,0,0,0,0,0,4,0,,67,12,2008,7,39.9751,-75.195,2306.0,6,0,0,0,0,0,0,0,0,,0,0,0,23,3,1,1,,0,39 58:30.316,,0,75 11:41.875,8,0,0,0,67301,1,0,0,,0,0,0,2,67301,0,,1,1,,N,N,,0,,0,0,0,3.0,2,,2300,1,2,0,0,0,1,0,3,4,1,1,98,,N,,,,,,,,,,,
2009030453,1717,1,0,0,0,0,0,0,0,0,4,0,,67,8,2008,5,39.9752,-75.1327,1715.0,6,0,0,0,0,0,0,0,0,,0,0,0,99,1,2,0,,0,39 58:30.818,,0,75 07:57.762,4,0,0,1,67301,0,0,0,N,0,0,0,3,67301,2,,1,1,,N,N,,0,,0,0,0,0.0,0,,9999,2,2,0,0,0,0,0,3,4,0,2,3,,N,,,,,,,,,,,
2009026670,9999,2,0,0,0,0,0,0,0,0,1,0,,67,12,2008,7,40.0826,-74.966,1750.0,6,0,0,0,0,0,1,0,0,,0,0,0,99,3,1,2,,0,40 04:57.327,,0,74 57:57.675,8,0,0,0,67301,0,0,0,N,0,0,0,5,67301,0,,1,1,,N,N,,1,,0,0,0,3.0,2,,9999,1,3,0,0,0,1,0,3,4,0,3,3,,N,,,,,,,,,,,
2009042619,1549,1,0,0,0,0,0,0,0,0,8,0,,67,11,2008,5,40.061,-75.1351,1548.0,6,0,0,0,0,0,0,0,0,1.0,0,0,0,15,1,1,2,,1,40 03:39.720,4.0,0,75 08:06.326,8,0,0,0,67301,1,0,0,N,1,0,0,2,46102,0,,1,9,,N,N,,0,,0,0,0,3.0,3,Y,1540,1,2,0,0,0,1,0,3,4,0,1,7,,N,,,,,,,,,,,
2009013692,1700,1,0,0,0,0,0,0,0,0,1,0,,67,11,2008,1,40.0332,-75.0834,1656.0,6,0,0,0,1,0,0,0,0,,0,0,0,16,1,1,1,,0,40 01:52.320,,0,75 05:06.720,8,0,0,0,67301,0,0,0,,0,0,0,2,67301,0,,1,9,,,,,0,,0,0,1,0.0,0,,1656,1,2,0,0,0,1,0,3,4,0,2,7,,N,,,,,,,,,,,
2009013818,2151,3,0,0,0,0,0,0,0,0,1,0,,67,12,2008,4,40.0045,-75.1321,2150.0,6,0,1,0,0,0,0,0,0,,0,0,0,21,3,3,1,,0,40 00:16.318,,0,75 07:55.437,4,0,0,0,67301,0,0,0,N,0,0,0,7,67301,2,,1,9,,N,N,,0,,0,0,0,3.0,2,,2147,3,3,0,0,0,1,0,3,4,0,3,7,,N,,,,,,,,,,,
2009002106,1730,8,0,0,0,0,0,0,0,0,5,0,,67,10,2008,4,39.9353,-75.1425,1718.0,6,0,0,0,0,0,1,1,0,,0,0,0,17,1,4,0,,0,39 59:07.740,,0,75 08:32.860,8,0,0,0,67301,0,0,0,N,0,0,0,11,67301,0,,1,1,,N,N,,0,,0,0,2,3.0,2,,1712,4,10,0,0,0,4,0,3,4,0,10,3,,N,,,,,,,,,,,
2009002163,2151,2,0,0,0,0,0,0,0,0,2,0,,67,11,2008,4,40.0233,-75.209,2149.0,6,0,0,0,1,0,0,0,0,,0,0,0,21,3,1,0,,0,40 01:23.962,,0,75 12:32.421,4,0,0,0,67301,0,0,0,,0,0,0,3,67301,1,,1,9,,N,N,,0,,0,0,0,0.0,0,,2148,1,2,0,0,2,0,0,3,4,0,2,7,,N,,,,,,,,,,,