CRN,ARRIVAL_TM,AUTOMOBILE_COUNT,BELTED_DEATH_COUNT,BELTED_SUSP_SERIOUS_INJ_COUNT,BICYCLE_COUNT,BICYCLE_DEATH_COUNT,BICYCLE_SUSP_SERIOUS_INJ_COUNT,BUS_COUNT,CHLDPAS_DEATH_COUNT,CHLDPAS_SUSP_SERIOUS_INJ_COUNT,COLLISION_TYPE,COMM_VEH_COUNT,CONS_ZONE_SPD_LIM,COUNTY,CRASH_MONTH,CRASH_YEAR,DAY_OF_WEEK,DEC_LAT,DEC_LONG,DISPATCH_TM,DISTRICT,DRIVER_COUNT_16YR,DRIVER_COUNT_17YR,DRIVER_COUNT_18YR,DRIVER_COUNT_19YR,DRIVER_COUNT_20YR,DRIVER_COUNT_50_64YR,DRIVER_COUNT_65_74YR,DRIVER_COUNT_75PLUS,EST_HRS_CLOSED,FATAL_COUNT,HEAVY_TRUCK_COUNT,HORSE_BUGGY_COUNT,HOUR_OF_DAY,ILLUMINATION,INJURY_COUNT,INTERSECT_TYPE,INTERSECTION_RELATED,LANE_CLOSED,LATITUDE,LN_CLOSE_DIR,LOCATION_TYPE,LONGITUDE,MAX_SEVERITY_LEVEL,MCYCLE_DEATH_COUNT,MCYCLE_SUSP_SERIOUS_INJ_COUNT,MOTORCYCLE_COUNT,MUNICIPALITY,NONMOTR_COUNT,NONMOTR_DEATH_COUNT,NONMOTR_SUSP_SERIOUS_INJ_COUNT,NTFY_HIWY_MAINT,PED_COUNT,PED_DEATH_COUNT,PED_SUSP_SERIOUS_INJ_COUNT,PERSON_COUNT,POLICE_AGCY,POSSIBLE_INJ_COUNT,RDWY_SURF_TYPE_CD,RELATION_TO_ROAD,ROAD_CONDITION,ROADWAY_CLEARED,SCH_BUS_IND,SCH_ZONE_IND,SECONDARY_CRASH,SMALL_TRUCK_COUNT,SPEC_JURIS_CD,SUSP_MINOR_INJ_COUNT,SUSP_SERIOUS_INJ_COUNT,SUV_COUNT,TCD_FUNC_CD,TCD_TYPE,TFC_DETOUR_IND,TIME_OF_DAY,TOT_INJ_COUNT,TOTAL_UNITS,UNB_DEATH_COUNT,UNB_SUSP_SERIOUS_INJ_COUNT,UNBELTED_OCC_COUNT,UNK_INJ_DEG_COUNT,UNK_INJ_PER_COUNT,URBAN_AREA,URBAN_RURAL,VAN_COUNT,VEHICLE_COUNT,WEATHER1,WEATHER2,WORK_ZONE_IND,WORK_ZONE_LOC,WORK_ZONE_TYPE,WORKERS_PRES,WZ_CLOSE_DETOUR,WZ_FLAGGER,WZ_LAW_OFFCR_IND,WZ_LN_CLOSURE,WZ_MOVING,WZ_OTHER,WZ_SHLDER_MDN,WZ_WORKERS_INJ_KILLED
2009002282,357,1,0,0,0,0,0,0,0,0,1,0,,67,11,2008,1,39.9609,-75.245,356.0,6,0,0,0,0,0,0,0,0,,0,0,0,3,3,0,1,,0,39 57:39.332,,0,75 14:41.973,0,0,0,0,67301,0,0,0,N,0,0,0,3,67301,0,,1,1,,N,N,,0,,0,0,1,3.0,2,,344,0,2,0,0,0,0,0,3,4,0,2,3,,N,,,,,,,,,,,
2009007270,803,2,0,0,0,0,0,0,0,0,1,0,,67,11,2008,2,40.0163,-75.0514,752.0,6,0,0,0,0,0,1,0,0,,0,0,0,7,5,0,0,,0,40 00:59.919,,0,75 03:02.629,0,0,0,0,67301,0,0,0,N,0,0,0,3,68K01,0,,1,1,,N,N,,0,,0,0,1,0.0,0,,743,0,3,0,0,0,0,0,3,4,0,3,3,,N,,,,,,,,,,,
2009031172,1725,1,0,0,0,0,0,0,0,0,4,0,,67,12,2008,3,39.9209,-75.1823,1715.0,6,0,0,0,0,0,1,0,0,,0,0,0,17,3,0,1,,0,39 55:15.074,,0,75 10:56.229,0,0,0,0,67301,0,0,0,N,0,0,0,4,67301,0,,1,1,,N,N,,0,,0,0,1,3.0,3,,1710,0,2,0,0,0,0,0,3,4,0,2,3,,N,,,,,,,,,,,
2009006684,105,0,0,0,0,0,0,0,0,0,7,0,,67,12,2008,2,39.9795,-75.2043,105.0,6,0,0,0,0,0,0,0,0,1.0,0,0,0,1,3,0,0,,2,39 58:48.819,3.0,0,75 12:19.521,0,0,0,0,67301,0,0,0,N,0,0,0,1,68K01,0,,4,9,,N,N,,0,,0,0,1,0.0,0,N,104,0,1,0,0,1,0,0,3,4,0,1,7,,N,,,,,,,,,,,
2009000723,2024,1,0,0,0,0,0,0,0,0,8,0,,67,11,2008,6,39.9536,-75.1986,2023.0,6,0,0,0,1,0,0,0,0,,0,0,0,18,3,1,1,,0,39 57:13.089,,0,75 11:55.031,4,0,0,0,67301,1,0,0,N,1,0,0,2,67504,1,,1,1,,N,N,,0,,0,0,0,3.0,2,,1800,1,2,0,0,0,0,0,3,4,0,1,3,,N,,,,,,,,,,,
2009000973,1105,2,0,0,0,0,0,0,0,0,4,0,,67,11,2008,7,40.0366,-75.1982,1103.0,6,0,0,0,0,0,0,0,0,,0,0,0,10,1,0,2,,0,40 02:11.673,,0,75 11:53.559,0,0,0,0,67301,0,0,0,N,0,0,0,2,67301,0,,1,9,,N,N,,0,,0,0,0,0.0,0,,1055,0,2,0,0,0,0,0,3,4,0,2,7,,N,,,,,,,,,,,
2009002460,1824,1,0,0,0,0,0,0,0,0,8,0,,67,11,2008,4,39.947,-75.1453,1816.0,6,0,0,0,0,0,0,1,0,,0,0,0,99,4,1,2,,0,39 56:49.078,,0,75 08:43.193,8,0,0,0,67301,1,0,0,N,1,0,0,2,67301,0,,1,98,,N,N,,0,,0,0,0,3.0,3,,9999,1,2,0,0,0,1,0,3,4,0,1,99,,N,,,,,,,,,,,
2009012649,930,0,0,0,0,0,0,1,0,0,1,2,,67,11,2008,6,40.0045,-75.1395,924.0,6,0,0,0,0,0,0,0,0,,0,1,0,99,1,2,1,,0,40 00:16.358,,0,75 08:22.210,4,0,0,0,67301,0,0,0,N,0,0,0,6,67301,2,,1,9,,N,N,,0,,0,0,0,3.0,2,,9999,2,2,0,0,0,0,2,3,4,0,2,10,,N,,,,,,,,,,,
2009012654,728,0,0,0,0,0,0,0,0,0,7,0,,67,12,2008,4,40.0369,-75.0691,725.0,6,0,0,0,0,0,0,0,0,1.0,0,0,0,7,1,1,0,,1,40 02:12.815,2.0,0,75 04:08.853,8,0,0,0,67301,0,0,0,N,0,0,0,5,67301,0,,4,9,,N,N,,0,,0,0,0,0.0,0,Y,723,1,1,0,0,0,1,0,3,4,1,1,7,,N,,,,,,,,,,,
2009013598,9999,0,0,0,0,0,0,0,0,0,4,1,,67,11,2008,2,39.9346,-75.2273,9999.0,6,0,0,0,0,0,0,0,0,2.0,0,1,0,99,1,4,1,,2,39 56:04.615,5.0,0,75 13:38.330,4,0,0,0,67301,0,0,0,N,0,0,0,4,67301,4,,1,1,,N,N,,0,,0,0,0,3.0,2,Y,9999,4,2,0,0,2,0,0,3,4,1,2,3,,N,,,,,,,,,,,
2009013414,1308,3,0,0,0,0,0,0,0,0,4,0,,67,12,2008,5,40.0547,-75.0048,1303.0,6,0,0,1,0,0,1,0,1,,0,0,0,12,1,0,1,,0,40 03:17.073,,0,75 00:17.300,0,0,0,0,67301,0,0,0,N,0,0,0,4,67301,0,,1,9,,N,N,,0,,0,0,0,3.0,2,,1253,0,3,0,0,0,0,0,3,4,0,3,7,,N,,,,,,,,,,,
2009013425,1247,1,0,0,0,0,0,0,0,0,8,0,,67,11,2008,2,39.9724,-75.2064,1242.0,6,0,0,0,0,0,0,0,0,,0,0,0,12,1,1,0,,0,39 58:20.766,,0,75 12:23.065,3,0,0,0,67301,1,0,0,N,1,0,0,2,67301,0,,1,1,,N,N,,0,,1,0,0,0.0,0,,1240,1,2,0,0,0,0,1,3,4,0,1,3,,N,,,,,,,,,,,
2009037178,32,2,0,0,0,0,0,0,0,0,4,0,,67,12,2008,1,39.9209,-75.1823,27.0,6,0,0,0,1,0,0,0,0,2.0,0,0,0,0,3,0,1,,1,39 55:15.074,2.0,0,75 10:56.229,0,0,0,0,67301,0,0,0,N,0,0,0,2,67301,0,,1,9,,N,N,,0,,0,0,0,3.0,3,N,26,0,2,0,0,0,0,0,3,4,0,2,3,,N,,,,,,,,,,,
2009029174,0,2,0,0,0,0,0,0,0,0,1,0,,67,12,2008,3,39.9889,-75.1273,0.0,6,0,0,0,0,0,0,0,0,,0,0,0,14,1,2,5,,0,39 59:19.892,,0,75 07:38.391,8,0,0,0,67301,0,0,0,,0,0,0,3,00000,0,,1,98,,,,,0,,0,0,0,9.0,2,,1400,2,2,0,0,0,2,1,3,4,0,2,99,,N,,,,,,,,,,,
2009025120,1848,2,0,0,0,0,0,0,0,0,4,0,,67,12,2008,1,39.9576,-75.1456,1838.0,6,0,0,0,0,0,1,0,0,,0,0,0,14,1,1,0,,0,39 57:27.390,,0,75 08:44.140,4,0,0,0,67301,0,0,0,N,0,0,0,3,67301,1,,1,1,,N,N,,0,,0,0,0,9.0,2,,1400,1,2,0,0,0,0,0,3,4,0,2,3,,N,,,,,,,,,,,
2009025175,1533,1,0,0,0,0,0,0,0,0,4,0,,67,12,2008,7,40.0157,-75.1701,1527.0,6,0,0,0,0,0,1,0,0,,0,0,0,99,1,2,0,,0,40 00:56.345,,0,75 10:12.374,3,0,0,0,67301,0,0,0,N,0,0,0,2,67301,1,,1,9,,N,N,,0,,1,0,1,0.0,0,,9999,2,2,0,0,0,0,0,3,4,0,2,3,,N,,,,,,,,,,,
2009024823,1650,1,0,0,0,0,0,0,0,0,7,0,,67,12,2008,3,40.0446,-75.1558,1645.0,6,0,0,0,0,0,0,0,0,,0,0,0,16,1,0,0,,0,40 02:40.506,,0,75 09:20.998,0,0,0,0,67301,0,0,0,N,0,0,0,1,67301,0,,2,1,,N,N,,0,,0,0,0,0.0,0,,1600,0,2,0,0,0,0,0,3,4,0,1,3,,N,,,,,,,,,,,
2009026674,1020,3,0,0,0,0,0,0,0,0,2,0,,67,12,2008,4,40.0528,-75.2595,1010.0,6,0,0,0,0,0,0,0,0,,0,0,0,10,1,1,0,,0,40 03:09.928,,0,75 15:34.110,8,0,0,0,67301,0,0,0,,0,0,0,1,67301,0,,1,9,,,,,0,,0,0,1,0.0,0,,1010,1,4,0,0,0,1,0,3,4,0,4,98,,N,,,,,,,,,,,
2008098578,2347,1,0,0,0,0,0,0,0,0,7,0,,67,8,2008,7,39.8917,-75.2307,2342.0,6,0,0,0,0,0,0,0,0,,0,0,0,23,3,1,3,,0,39 53:32.204,,2,75 13:54.633,3,0,0,0,67301,0,0,0,N,0,0,0,1,68K01,0,,2,1,,N,N,,0,,1,0,0,0.0,0,,2336,1,1,0,0,0,0,0,3,4,0,1,3,,N,,,,,,,,,,,
2008098290,2059,3,0,0,0,0,0,0,0,0,1,0,,67,6,2008,4,40.0344,-75.0327,2056.0,6,0,0,0,0,0,0,0,0,,0,0,0,20,3,0,1,,0,40 02:03.904,,0,75 01:57.896,9,0,0,0,67301,0,0,0,N,0,0,0,1,67301,0,,6,1,,N,N,,1,,0,0,0,0.0,0,,2045,0,4,0,0,0,0,1,3,4,0,4,3,,N,,,,,,,,,,,
2008098352,1948,0,0,0,1,0,0,0,0,0,2,0,,67,7,2008,7,39.9958,-75.1324,1948.0,6,0,0,0,0,0,0,1,0,,0,0,0,17,1,1,2,,0,39 59:44.937,,0,75 07:56.495,4,0,0,0,67301,1,0,0,,0,0,0,2,67301,1,,1,1,,,,,1,,0,0,0,9.0,3,,1748,1,2,0,0,0,0,0,3,4,0,1,3,,N,,,,,,,,,,,
2008095913,1835,0,0,0,1,0,0,0,0,0,4,0,,67,8,2008,6,40.0741,-75.0346,1830.0,6,0,0,0,0,0,0,0,0,,0,0,0,17,1,1,0,,0,40 04:26.741,,0,75 02:04.685,4,0,0,0,67301,1,0,0,N,0,0,0,2,67301,1,,1,1,,N,N,,0,,0,0,1,0.0,0,,1730,1,2,0,0,0,0,0,3,4,0,1,3,,N,,,,,,,,,,,
2008098387,1502,1,0,0,0,0,0,0,0,0,1,0,,67,7,2008,2,39.9396,-75.1982,1456.0,6,0,0,0,0,0,0,0,0,2.0,0,0,0,14,1,0,0,,1,39 56:22.681,3.0,0,75 11:53.378,0,0,0,0,67301,0,0,0,N,0,0,0,5,67301,0,,1,1,,N,N,,0,,0,0,2,0.0,0,N,1452,0,3,0,0,0,0,0,3,4,0,3,3,,N,,,,,,,,,,,
2008091024,1643,2,0,0,0,0,0,0,0,0,4,0,,67,4,2008,2,39.9506,-75.168,1643.0,6,0,0,0,0,0,0,0,0,,0,0,0,16,1,0,0,,0,39 57:02.110,,7,75 10:04.689,0,0,0,0,67301,0,0,0,N,0,0,0,3,67301,0,,1,9,,N,N,,0,,0,0,0,0.0,0,,1600,0,2,0,0,0,0,0,3,4,0,2,7,,N,,,,,,,,,,,
2008078953,2140,1,0,0,0,0,0,0,0,0,2,0,,67,5,2008,6,,,2130.0,6,0,0,0,0,0,0,0,0,,0,0,0,21,2,1,0,,0,,,2,,8,0,0,0,67301,0,0,0,,0,0,0,2,67301,0,,7,1,,,,,0,,0,0,1,0.0,0,,2130,1,2,0,0,0,1,0,3,3,0,2,3,,N,,,,,,,,,,,
2008089599,637,0,0,0,0,0,0,0,0,0,7,0,,67,7,2008,3,40.0071,-75.073,624.0,6,0,0,0,0,0,0,0,0,1.0,0,0,0,6,1,1,0,,2,40 00:25.093,1.0,0,75 04:23.523,2,0,1,1,67301,0,0,0,N,0,0,0,1,68K01,0,,2,1,,N,N,,0,,0,1,0,0.0,0,N,623,1,1,0,0,0,0,0,3,4,0,1,3,,N,,,,,,,,,,,
2008070803,1725,1,0,0,0,0,0,0,0,0,8,0,,67,4,2008,2,39.966,-75.1672,1722.0,6,0,0,0,0,0,0,0,0,,0,0,0,17,1,1,0,,0,39 57:57.427,,0,75 10:01.821,4,0,0,0,67301,1,0,0,N,1,0,0,2,67301,1,,1,1,,N,N,,0,,0,0,0,0.0,0,,1722,1,2,0,0,0,0,1,3,4,0,1,3,,N,,,,,,,,,,,
2008102186,1624,1,0,0,0,0,0,0,0,0,5,0,,67,8,2008,6,39.8915,-75.2221,1558.0,6,0,0,0,0,0,0,0,0,1.0,0,0,0,15,1,1,0,,1,39 53:30.399,1.0,2,75 13:19.774,4,0,0,0,67301,0,0,0,N,0,0,0,4,68K01,1,,1,1,,N,N,,0,,0,0,0,9.0,9,N,1554,1,2,0,0,0,0,0,3,4,1,2,3,,N,,,,,,,,,,,
2008120812,735,1,0,0,0,0,0,0,0,0,7,0,99.0,67,9,2008,3,39.9625,-75.2162,734.0,6,0,0,0,0,0,0,0,0,9.0,0,0,0,7,1,1,1,,1,39 57:44.640,7.0,0,75 12:56.880,8,0,0,0,67301,0,0,0,N,0,0,0,1,67301,0,,4,1,,N,N,,0,,0,0,0,3.0,2,N,734,1,1,0,0,0,1,0,3,4,0,1,3,,Y,8.0,8.0,U,U,U,U,U,U,U,U,
2008123014,1413,1,0,0,0,0,0,0,0,0,4,0,,67,10,2008,2,39.9572,-75.145,1409.0,6,0,0,0,0,0,0,0,0,,0,0,0,14,1,0,0,,0,39 57:27.097,,0,75 08:49.410,0,0,0,0,67301,0,0,0,N,0,0,0,2,67301,0,,1,1,,N,N,,0,,0,0,1,2.0,8,,1409,0,2,0,0,1,0,0,3,4,0,2,3,,N,,,,,,,,,,,
2009013741,1741,1,0,0,1,0,0,0,0,0,4,0,,67,11,2008,2,40.0098,-75.1669,1741.0,6,0,0,0,0,0,0,0,0,1.0,0,0,0,17,3,1,1,,1,40 00:35.396,2.0,0,75 10:00.738,4,0,0,0,67301,1,0,0,N,0,0,0,2,67301,1,,4,1,,N,N,,0,,0,0,0,3.0,2,N,1738,1,2,0,0,0,0,0,3,4,0,1,3,,N,,,,,,,,,,,
2009013748,1050,2,0,0,0,0,0,0,0,0,1,0,,67,12,2008,6,39.9277,-75.1856,1047.0,6,0,0,0,0,0,0,0,0,,0,0,0,10,1,1,0,,0,39 55:39.597,,0,75 11:07.998,8,0,0,0,67301,1,0,0,N,0,0,0,2,67301,0,,6,1,,N,Y,,0,,0,0,0,0.0,0,,1047,1,2,0,0,0,1,0,3,4,0,2,3,,N,,,,,,,,,,,
2009002001,1812,1,0,0,0,0,0,0,0,0,2,0,,67,11,2008,3,40.095,-75.0154,1806.0,6,0,0,0,0,0,2,0,0,1.0,0,0,0,18,3,1,1,,1,40 05:41.852,4.0,0,75 00:55.548,8,0,0,0,67301,0,0,0,N,0,0,0,4,67301,0,,1,1,,N,N,,0,,0,0,1,3.0,2,N,1806,1,2,0,0,0,1,0,3,4,0,2,3,,N,,,,,,,,,,,
2009001056,821,1,0,0,0,0,0,0,0,0,8,0,,67,10,2008,4,40.0101,-75.1576,819.0,6,0,0,0,0,0,0,0,0,1.0,0,0,0,8,1,1,2,,2,40 00:36.236,3.0,0,75 09:27.175,4,0,0,0,67301,1,0,0,N,1,0,0,2,67301,1,,1,1,,N,N,,0,,0,0,0,0.0,0,Y,819,1,2,0,0,0,0,0,3,4,0,1,3,,N,,,,,,,,,,,
2009024817,800,2,0,0,0,0,0,0,0,0,1,0,,67,12,2008,6,39.9211,-75.1938,755.0,6,0,0,0,0,0,2,0,0,,0,0,0,7,1,1,1,,0,39 55:16.113,,0,75 11:37.751,8,0,0,0,67301,0,0,0,,0,0,0,3,67301,0,,1,1,,,,,0,,0,0,0,3.0,2,,755,1,3,0,0,0,1,0,3,4,1,3,3,,N,,,,,,,,,,,
2009002097,55,0,0,0,0,0,0,0,0,0,7,0,,67,11,2008,1,40.0272,-75.0567,50.0,6,0,0,0,0,0,0,0,0,,0,0,0,0,3,1,0,,0,40 01:37.779,,0,75 03:24.102,8,0,0,0,67301,0,0,0,,0,0,0,1,67301,0,,4,1,,,,,0,,0,0,1,0.0,0,,45,1,1,0,0,0,1,0,3,4,0,1,3,,N,,,,,,,,,,,
2009002125,1753,1,0,0,0,0,0,0,0,0,8,0,,67,11,2008,4,40.0044,-75.128,1753.0,6,0,0,0,0,0,0,1,0,,0,0,0,17,3,1,0,,0,40 00:15.753,,0,75 07:40.843,3,0,0,0,67301,1,0,0,,1,0,0,2,67301,0,,1,1,,N,N,,0,,1,0,0,0.0,0,,1717,1,2,0,0,0,0,0,3,4,0,1,3,,N,,,,,,,,,,,
2009002141,1816,2,0,0,0,0,0,0,0,0,4,0,,67,11,2008,5,40.0243,-75.0493,1804.0,6,0,0,0,0,0,0,0,0,,0,0,0,99,3,1,1,,0,40 01:27.609,,0,75 02:57.447,4,0,0,0,67301,0,0,0,,0,0,0,2,67301,1,,1,9,,N,N,,0,,0,0,0,9.0,3,,9999,1,2,0,0,0,0,0,3,4,0,2,7,,N,,,,,,,,,,,
2009002204,835,0,0,0,0,0,0,0,0,0,5,0,,67,11,2008,4,40.0297,-75.1271,826.0,6,0,0,0,0,0,1,0,0,,0,0,0,7,1,1,0,,0,40 01:46.972,,0,75 07:37.640,4,0,0,0,67301,0,0,0,N,0,0,0,3,67301,1,,1,1,,N,N,,0,,0,0,2,0.0,0,,756,1,2,0,0,0,0,0,3,4,0,2,3,,N,,,,,,,,,,,
2009004193,1359,0,0,0,0,0,0,0,0,0,0,0,,67,12,2008,2,39.9602,-75.1407,1339.0,6,0,0,0,0,0,1,0,0,,0,0,0,13,1,0,0,,0,39 57:28.250,,0,75 08:28.640,9,0,0,0,67301,0,0,0,N,0,0,0,2,68K01,0,,1,1,,N,N,,1,,0,0,1,0.0,0,,1335,0,2,0,0,0,0,1,3,4,0,2,3,,N,,,,,,,,,,,
2009000732,2120,2,0,0,0,0,0,0,0,0,2,0,,67,11,2008,5,40.0877,-75.2114,2115.0,6,0,0,0,0,0,1,0,0,1.0,0,0,0,21,3,0,0,,1,40 05:15.622,4.0,0,75 12:41.130,0,0,0,0,67301,0,0,0,N,0,0,0,2,67301,0,,1,9,,N,N,,0,,0,0,0,0.0,0,Y,2109,0,2,0,0,0,0,0,3,4,0,2,7,,N,,,,,,,,,,,
2009000785,1425,1,0,0,0,0,0,0,0,0,8,0,,67,11,2008,4,39.9816,-75.1683,1422.0,6,0,0,0,0,0,0,0,0,,0,0,0,13,1,1,2,,0,39 58:53.817,,0,75 10:05.962,4,0,0,0,67301,1,0,0,N,1,0,0,2,67301,1,,1,1,,N,N,,0,,0,0,0,0.0,0,,1330,1,2,0,0,0,0,0,3,4,0,1,3,,N,,,,,,,,,,,
2009001841,305,2,0,0,0,0,0,0,0,0,1,0,,67,12,2008,4,39.994,-75.2419,258.0,6,0,0,0,0,0,0,0,0,3.0,0,0,0,2,3,0,0,,2,39 59:39.490,2.0,0,75 14:28.630,0,0,0,0,67301,0,0,0,N,0,0,0,2,46104,0,,1,2,,N,N,,0,,0,0,0,0.0,0,Y,258,0,2,0,0,0,0,0,3,4,0,2,7,,N,,,,,,,,,,,
2009007079,1414,2,0,0,0,0,0,0,0,0,7,0,,67,12,2008,4,39.9568,-75.1547,1356.0,6,0,0,0,0,0,0,0,0,1.0,0,0,0,13,1,1,0,,1,39 57:24.583,3.0,0,75 09:17.039,4,0,0,0,67301,0,0,0,N,0,0,0,4,68K01,1,,3,1,,N,N,,0,,0,0,0,0.0,0,N,1353,1,2,0,0,0,0,0,3,4,0,2,3,,N,,,,,,,,,,,
2009015038,930,1,0,0,0,0,0,0,0,0,4,0,,67,11,2008,3,39.991,-75.1799,925.0,6,0,0,0,0,0,0,0,0,,0,0,0,99,1,0,1,,0,39 59:27.480,,0,75 10:47.635,0,0,0,0,67301,0,0,0,,0,0,0,4,67301,0,,1,1,,N,N,,0,,0,0,1,3.0,2,,9999,0,2,0,0,0,0,0,3,4,0,2,3,,N,,,,,,,,,,,
2009015046,1748,1,0,0,1,0,0,0,0,0,2,0,,67,12,2008,2,39.9585,-75.2334,1746.0,6,0,0,0,0,0,1,0,0,,0,0,0,17,3,1,0,,0,39 57:30.772,,0,75 14:00.186,4,0,0,0,67301,1,0,0,N,0,0,0,2,67301,1,,6,9,,N,N,,0,,0,0,0,0.0,0,,1743,1,2,0,0,0,0,0,3,4,0,1,7,,N,,,,,,,,,,,
2009013353,112,3,0,0,0,0,0,0,0,0,1,0,,67,11,2008,5,39.9774,-75.1706,110.0,6,0,0,0,0,0,0,0,0,2.0,0,0,0,1,3,0,0,,2,39 58:38.582,3.0,0,75 10:14.149,0,0,0,0,67301,0,0,0,N,0,0,0,1,67301,0,,1,1,,N,N,,0,,0,0,1,0.0,0,Y,110,0,4,0,0,0,0,0,3,4,0,4,3,,N,,,,,,,,,,,
2009013485,320,0,0,0,0,0,0,0,0,0,7,0,,67,12,2008,2,40.0287,-75.1904,316.0,6,0,0,0,0,0,0,0,0,1.0,0,0,0,3,3,1,0,,2,40 01:43.466,1.0,0,75 11:25.506,3,0,0,0,67301,0,0,0,N,0,0,0,1,67301,0,,5,9,,N,N,,0,,1,0,1,0.0,0,N,314,1,1,0,0,0,0,0,3,4,0,1,7,,N,,,,,,,,,,,
2009013517,1830,5,0,0,0,0,0,0,0,0,5,0,,67,11,2008,7,40.0076,-75.1273,1828.0,6,0,0,0,0,0,0,0,0,,0,0,0,99,3,2,1,,0,40 00:27.502,,0,75 07:38.377,8,0,0,0,67301,0,0,0,N,0,0,0,4,67301,0,,1,9,,N,N,,0,,0,0,0,3.0,2,,9999,2,6,0,0,2,2,0,3,4,0,6,7,,N,,,,,,,,,,,
2009037181,2056,1,0,0,0,0,0,0,0,0,8,0,,67,4,2008,3,40.0995,-75.0115,2047.0,6,0,0,0,0,0,0,0,0,,0,0,0,20,3,1,0,,0,40 05:58.203,,0,75 00:41.313,8,0,0,0,67301,1,0,0,N,1,0,0,2,67301,0,,1,1,,N,N,,0,,0,0,0,0.0,0,,2045,1,2,0,0,0,1,0,3,4,0,1,3,,N,,,,,,,,,,,
2009024643,1019,1,0,0,0,0,0,0,0,0,4,0,,67,12,2008,1,40.0521,-75.0678,1017.0,6,0,0,0,0,0,1,0,1,,0,0,0,10,1,1,1,,0,40 03:07.697,,0,75 04:04.036,8,0,0,0,67301,0,0,0,,0,0,0,3,67301,0,,1,1,,,,,0,,0,0,1,3.0,2,,1015,1,2,0,0,0,1,0,3,4,0,2,3,,N,,,,,,,,,,,
2009024706,540,1,0,0,0,0,0,0,0,0,7,0,,67,12,2008,4,40.046,-75.0823,536.0,6,0,0,0,0,0,1,0,0,,0,0,0,5,3,1,1,,0,40 02:45.600,,0,75 04:56.341,8,0,0,0,67301,0,0,0,N,0,0,0,1,67301,0,,5,9,,N,N,,0,,0,0,0,2.0,2,,530,1,1,0,0,0,1,0,3,4,0,1,7,,N,,,,,,,,,,,
2009029178,0,1,0,0,0,0,0,0,0,0,1,0,,67,9,2008,4,40.0403,-75.0434,0.0,6,0,0,0,0,0,0,0,0,,0,0,0,7,1,1,1,,0,40 02:25.098,,0,75 02:36.070,4,0,0,0,67301,0,0,0,N,0,0,0,2,00000,1,,1,1,,N,N,,0,,0,0,1,3.0,2,,720,1,2,0,0,0,0,1,3,4,0,2,3,,N,,,,,,,,,,,
2009030601,1535,1,0,0,0,0,0,0,0,0,2,0,,67,12,2008,5,40.0302,-75.0491,1530.0,6,0,0,0,0,0,1,0,0,,0,0,0,15,1,1,0,,0,40 01:48.828,,0,75 02:56.900,4,0,0,0,67301,0,0,0,N,0,0,0,1,67301,1,,6,1,,N,N,,0,,0,0,1,0.0,0,,1527,1,2,0,0,0,0,0,3,4,0,2,3,,N,,,,,,,,,,,
2009025784,1432,0,0,0,0,0,0,0,0,0,1,0,,67,12,2008,4,40.0486,-75.2268,1429.0,6,0,0,0,0,0,0,0,0,,0,0,0,8,1,1,0,,0,40 02:55.078,,0,75 13:36.444,4,0,0,0,67301,0,0,0,,0,0,0,1,67301,1,,1,9,,,N,,0,,0,0,3,0.0,0,,820,1,3,0,0,0,0,0,3,4,0,3,98,,N,,,,,,,,,,,
2009025855,912,0,0,0,0,0,0,0,0,0,5,0,,67,12,2008,7,40.0079,-75.1913,909.0,6,0,0,0,0,0,1,0,0,,0,0,0,9,1,0,0,,0,40 00:28.440,,0,75 11:28.680,9,0,0,0,67301,0,0,0,,0,0,0,2,67301,0,,1,9,,,,,1,,0,0,1,0.0,0,,912,0,2,0,0,0,0,1,3,4,0,2,3,,N,,,,,,,,,,,
2009025628,1719,2,0,0,0,0,0,0,0,0,1,0,,67,12,2008,7,40.0159,-75.1296,1718.0,6,0,0,0,0,0,0,0,0,,0,0,0,17,3,3,3,,0,40 00:57.319,,0,75 07:46.466,8,0,0,0,67301,0,0,0,N,0,0,0,6,67301,0,,1,1,,N,N,,0,,0,0,0,0.0,0,,1716,3,2,0,0,0,3,0,3,4,0,2,5,,N,,,,,,,,,,,
2008116134,1400,1,0,0,0,0,0,0,0,0,5,0,,67,10,2008,5,40.0141,-75.0559,1347.0,6,0,0,0,0,0,2,0,0,,0,0,0,13,1,0,0,,0,40 00:51.030,,0,75 03:20.520,0,0,0,0,67301,0,0,0,N,0,0,0,5,68K01,0,,1,1,,N,N,,0,,0,0,2,0.0,0,,1341,0,3,0,0,0,0,0,3,4,0,3,3,,N,,,,,,,,,,,
2008120811,1950,1,0,0,0,0,0,1,0,0,1,1,,67,9,2008,3,39.9757,-75.2266,1935.0,6,0,0,0,0,0,0,0,0,,0,0,0,19,3,1,0,,0,39 58:32.420,,0,75 13:35.856,3,0,0,0,67301,0,0,0,N,0,0,0,2,67301,0,,1,1,,,N,,0,,1,0,0,3.0,2,,1930,1,2,0,0,0,0,0,3,4,0,2,3,,N,,,,,,,,,,,
2008119473,2220,1,0,0,0,0,0,0,0,0,8,0,,67,8,2008,6,39.9746,-75.1835,2220.0,6,0,0,0,0,0,0,0,1,2.0,0,0,0,22,3,1,1,,2,39 58:28.408,7.0,0,75 11:00.487,8,0,0,0,67301,1,0,0,,1,0,0,2,67301,0,,1,1,,,,,0,,0,0,0,9.0,2,Y,2220,1,2,0,0,0,1,0,3,4,0,1,3,,N,,,,,,,,,,,