CRN,ARRIVAL_TM,AUTOMOBILE_COUNT,BELTED_DEATH_COUNT,BELTED_SUSP_SERIOUS_INJ_COUNT,BICYCLE_COUNT,BICYCLE_DEATH_COUNT,BICYCLE_SUSP_SERIOUS_INJ_COUNT,BUS_COUNT,CHLDPAS_DEATH_COUNT,CHLDPAS_SUSP_SERIOUS_INJ_COUNT,COLLISION_TYPE,COMM_VEH_COUNT,CONS_ZONE_SPD_LIM,COUNTY,CRASH_MONTH,CRASH_YEAR,DAY_OF_WEEK,DEC_LAT,DEC_LONG,DISPATCH_TM,DISTRICT,DRIVER_COUNT_16YR,DRIVER_COUNT_17YR,DRIVER_COUNT_18YR,DRIVER_COUNT_19YR,DRIVER_COUNT_20YR,DRIVER_COUNT_50_64YR,DRIVER_COUNT_65_74YR,DRIVER_COUNT_75PLUS,EST_HRS_CLOSED,FATAL_COUNT,HEAVY_TRUCK_COUNT,HORSE_BUGGY_COUNT,HOUR_OF_DAY,ILLUMINATION,INJURY_COUNT,INTERSECT_TYPE,INTERSECTION_RELATED,LANE_CLOSED,LATITUDE,LN_CLOSE_DIR,LOCATION_TYPE,LONGITUDE,MAX_SEVERITY_LEVEL,MCYCLE_DEATH_COUNT,MCYCLE_SUSP_SERIOUS_INJ_COUNT,MOTORCYCLE_COUNT,MUNICIPALITY,NONMOTR_COUNT,NONMOTR_DEATH_COUNT,NONMOTR_SUSP_SERIOUS_INJ_COUNT,NTFY_HIWY_MAINT,PED_COUNT,PED_DEATH_COUNT,PED_SUSP_SERIOUS_INJ_COUNT,PERSON_COUNT,POLICE_AGCY,POSSIBLE_INJ_COUNT,RDWY_SURF_TYPE_CD,RELATION_TO_ROAD,ROAD_CONDITION,ROADWAY_CLEARED,SCH_BUS_IND,SCH_ZONE_IND,SECONDARY_CRASH,SMALL_TRUCK_COUNT,SPEC_JURIS_CD,SUSP_MINOR_INJ_COUNT,SUSP_SERIOUS_INJ_COUNT,SUV_COUNT,TCD_FUNC_CD,TCD_TYPE,TFC_DETOUR_IND,TIME_OF_DAY,TOT_INJ_COUNT,TOTAL_UNITS,UNB_DEATH_COUNT,UNB_SUSP_SERIOUS_INJ_COUNT,UNBELTED_OCC_COUNT,UNK_INJ_DEG_COUNT,UNK_INJ_PER_COUNT,URBAN_AREA,URBAN_RURAL,VAN_COUNT,VEHICLE_COUNT,WEATHER1,WEATHER2,WORK_ZONE_IND,WORK_ZONE_LOC,WORK_ZONE_TYPE,WORKERS_PRES,WZ_CLOSE_DETOUR,WZ_FLAGGER,WZ_LAW_OFFCR_IND,WZ_LN_CLOSURE,WZ_MOVING,WZ_OTHER,WZ_SHLDER_MDN,WZ_WORKERS_INJ_KILLED
2008120637,1236,1,0,0,0,0,0,0,0,0,7,0,,67,9,2008,7,40.039,-75.1103,1232.0,6,0,0,0,0,0,0,0,0,,0,0,0,12,1,1,0,,0,40 02:20.400,,0,75 06:37.080,2,0,0,0,67301,0,0,0,N,0,0,0,1,67301,0,,4,9,,N,N,,0,,0,1,0,0.0,0,,1231,1,1,0,0,0,0,0,3,4,0,1,7,,N,,,,,,,,,,,
2009013687,1242,0,0,0,0,0,0,0,0,0,8,0,,67,12,2008,7,39.9924,-75.143,1240.0,6,0,0,0,0,0,0,0,0,,0,0,0,12,1,1,2,,0,39 59:33.002,,0,75 08:34.852,4,0,0,0,67301,1,0,0,N,1,0,0,3,67301,1,,1,1,,N,N,,0,,0,0,1,3.0,3,,1240,1,2,0,0,0,0,0,3,4,0,1,3,,N,,,,,,,,,,,
2009013754,9999,1,0,0,0,0,0,0,0,0,4,0,,67,11,2008,5,39.9662,-75.2278,1247.0,6,0,0,0,0,0,0,0,0,,0,0,0,12,1,2,1,,0,39 57:58.237,,0,75 13:40.171,4,0,0,0,67301,0,0,0,N,0,0,0,4,67301,2,,1,1,,N,N,,0,,0,0,0,3.0,2,,1230,2,2,0,0,0,0,0,3,4,1,2,3,,N,,,,,,,,,,,
2009013844,1532,2,0,0,0,0,0,0,0,0,4,0,,67,12,2008,5,40.028,-75.0591,1531.0,6,0,0,0,0,0,0,0,0,,0,0,0,15,1,2,2,,0,40 01:40.800,,0,75 03:32.760,4,0,0,0,67301,0,0,0,N,0,0,0,2,67301,2,,1,9,,N,N,,0,,0,0,0,0.0,0,,1530,2,2,0,0,0,0,0,3,4,0,2,7,,N,,,,,,,,,,,
2009001012,2,2,0,0,0,0,0,0,0,0,1,0,,67,11,2008,7,39.9911,-75.1329,2.0,6,0,0,0,0,0,0,0,0,,0,0,0,0,3,0,3,,0,39 59:27.918,,0,75 07:58.291,0,0,0,0,67301,0,0,0,N,0,0,0,2,67301,0,,1,1,,N,N,,0,,0,0,0,3.0,2,,2,0,2,0,0,1,0,0,3,4,0,2,3,,N,,,,,,,,,,,
2009001026,743,1,0,0,0,0,0,0,0,0,4,0,,67,11,2008,6,40.0403,-75.0585,731.0,6,0,0,0,0,0,0,1,0,1.0,0,0,0,7,1,0,5,,2,40 02:25.164,1.0,0,75 03:30.735,0,0,0,0,67301,0,0,0,N,0,0,0,2,67301,0,,1,9,,N,N,,0,,0,0,1,3.0,2,N,730,0,2,0,0,0,0,0,3,4,0,2,10,,N,,,,,,,,,,,
2009012495,1144,1,0,0,0,0,0,0,0,0,4,0,,67,7,2008,2,40.0227,-75.1723,1130.0,6,0,1,0,0,0,0,0,0,,0,0,0,11,1,2,0,,0,40 01:21.896,,7,75 10:20.326,4,0,0,0,67301,0,0,0,N,0,0,0,5,67301,1,,1,1,,N,N,,0,,0,0,1,0.0,0,,1128,2,2,0,0,0,1,0,3,4,0,2,3,,N,,,,,,,,,,,
2009002143,1207,0,0,0,0,0,0,0,0,0,1,0,,67,11,2008,4,40.0564,-75.0067,1204.0,6,0,0,0,1,0,1,0,0,,0,0,0,12,1,1,0,,0,40 03:23.050,,0,75 00:24.025,4,0,0,0,67301,0,0,0,N,0,0,0,2,67301,1,,1,1,,N,N,,1,,0,0,1,3.0,2,,1204,1,2,0,0,0,0,0,3,4,0,2,3,,N,,,,,,,,,,,
2009000532,1645,0,0,0,0,0,0,0,0,0,8,0,,67,10,2008,5,39.9433,-75.2272,1637.0,6,0,0,0,0,0,0,0,0,3.0,0,0,0,16,1,1,0,,2,39 56:35.790,5.0,0,75 13:37.758,3,0,0,0,67301,1,0,0,N,1,0,0,2,67301,0,,1,1,,N,N,,0,,1,0,1,1.0,2,Y,1635,1,2,0,0,0,0,0,3,4,0,1,3,,N,,,,,,,,,,,
2009000867,505,2,0,0,0,0,0,0,0,0,1,0,,67,11,2008,1,40.0805,-75.1725,505.0,6,0,0,0,0,0,0,0,0,,0,0,0,5,3,0,0,,0,40 04:49.857,,0,75 10:21.164,0,0,0,0,67301,0,0,0,N,0,0,0,1,67301,0,,2,9,,N,N,,0,,0,0,0,0.0,0,,502,0,2,0,0,0,0,0,3,4,0,2,3,,N,,,,,,,,,,,
2009001040,1643,5,0,0,0,0,0,0,0,0,6,0,,67,11,2008,4,39.946,-75.2186,1638.0,6,0,0,0,0,0,0,0,0,,0,0,0,15,1,1,0,,0,39 56:45.556,,0,75 13:07.132,8,0,0,0,67301,0,0,0,N,0,0,0,2,67301,0,,6,9,,N,N,,0,,0,0,1,0.0,0,,1530,1,6,0,0,0,1,0,3,4,0,6,7,,N,,,,,,,,,,,
2009003220,1900,0,0,0,0,0,0,1,0,0,7,1,,67,11,2008,5,40.0145,-75.1568,1857.0,6,0,0,0,0,0,1,0,0,,0,0,0,18,3,1,0,,0,40 00:52.336,,7,75 09:24.227,8,0,0,0,67301,0,0,0,,0,0,0,2,67301,0,,2,9,,,,,0,,0,0,1,3.0,2,,1850,1,2,0,0,0,1,0,3,4,0,2,10,,N,,,,,,,,,,,
2009002309,442,1,0,0,0,0,0,0,0,0,4,0,,67,11,2008,5,39.9907,-75.2378,440.0,6,0,0,0,0,0,0,0,0,,0,0,0,4,3,1,1,,0,39 59:26.444,,0,75 14:16.029,3,0,0,0,67301,0,0,0,,0,0,0,2,67301,0,,1,9,,,,,0,,1,0,1,3.0,2,,433,1,2,0,0,0,0,1,3,4,0,2,7,,N,,,,,,,,,,,
2009015066,2246,2,0,0,0,0,0,0,0,0,6,0,,67,11,2008,5,,,2245.0,6,0,0,0,0,1,0,1,0,,0,0,0,99,3,3,0,,0,,,0,,4,0,0,0,67301,0,0,0,N,0,0,0,3,67301,3,,1,1,,N,N,,0,,0,0,0,0.0,0,,9999,3,3,0,0,0,0,0,3,3,1,3,3,,N,,,,,,,,,,,
2009015078,1805,0,0,0,0,0,0,0,0,0,7,0,,67,11,2008,3,40.0295,-75.1033,1750.0,6,0,0,0,0,0,0,0,0,9.0,0,0,0,17,2,0,3,,1,40 01:46.200,1.0,0,75 06:13.680,0,0,0,0,67301,0,0,0,,0,0,0,1,67301,0,,2,1,,,,,0,,0,0,1,9.0,2,N,1750,0,1,0,0,0,0,0,3,4,0,1,3,,N,,,,,,,,,,,
2009013300,2047,1,0,0,0,0,0,0,0,0,8,0,,67,11,2008,3,39.9238,-75.185,2045.0,6,0,0,0,0,0,0,0,0,,0,0,0,20,2,1,1,,0,39 55:25.708,,0,75 11:05.881,4,0,0,0,67301,1,0,0,N,1,0,0,3,67301,1,,1,1,,N,N,,0,,0,0,0,3.0,3,,2030,1,2,0,0,0,0,0,3,4,0,1,3,,N,,,,,,,,,,,
2009013306,900,2,0,0,0,0,0,0,0,0,4,0,,67,11,2008,1,40.0417,-75.2256,855.0,6,0,0,0,0,0,0,0,1,,0,0,0,8,1,0,0,,0,40 02:29.400,,7,75 13:31.440,0,0,0,0,67301,0,0,0,N,0,0,0,2,67301,0,,6,1,,N,N,,0,,0,0,0,0.0,0,,855,0,2,0,0,0,0,0,3,4,0,2,3,,N,,,,,,,,,,,
2009013503,859,1,0,0,0,0,0,0,0,0,7,0,,67,11,2008,1,39.9312,-75.2429,857.0,6,0,0,0,0,0,0,0,0,3.0,0,0,0,8,1,1,0,,2,39 55:52.280,6.0,0,75 14:34.300,8,0,0,0,67301,0,0,0,,0,0,0,1,67301,0,,2,9,,N,N,,0,,0,0,0,0.0,0,Y,856,1,1,0,0,0,1,0,3,4,0,1,7,,N,,,,,,,,,,,
2009013573,1838,1,0,0,0,0,0,0,0,0,8,0,,67,11,2008,5,40.0354,-75.0498,1834.0,6,0,0,0,0,1,0,0,0,3.0,0,0,0,18,3,1,1,,2,40 02:07.432,7.0,0,75 02:59.146,2,0,0,0,67301,1,0,1,N,1,0,1,2,67301,0,,1,1,,N,N,,0,,0,1,0,3.0,2,Y,1834,1,2,0,0,0,0,0,3,4,0,1,3,,N,,,,,,,,,,,
2009013578,1215,1,0,0,0,0,0,0,0,0,4,0,,67,11,2008,6,40.0014,-75.1516,1210.0,6,0,0,0,0,0,1,0,0,,0,0,0,12,1,3,1,,0,40 00:05.040,,0,75 09:05.760,4,0,0,0,67301,0,0,0,N,0,0,0,5,67301,3,,1,1,,N,N,,1,,0,0,0,3.0,3,,1200,3,3,0,0,0,0,0,3,4,1,3,3,,N,,,,,,,,,,,
2009018833,133,1,0,0,0,0,0,0,0,0,7,0,,67,11,2008,3,39.9716,-75.1593,132.0,6,0,0,0,0,0,0,0,0,,0,0,0,1,3,0,0,,0,39 58:17.494,,0,75 09:33.674,0,0,0,0,67301,0,0,0,N,0,0,0,3,67301,0,,3,9,,N,N,,0,,0,0,0,0.0,0,,122,0,1,0,0,1,0,0,3,4,0,1,7,,N,,,,,,,,,,,
2009029560,9999,1,0,0,0,0,0,0,0,0,8,0,,67,11,2008,3,,,9999.0,6,0,0,0,0,0,0,0,0,,0,0,0,6,6,1,0,,0,,,0,,8,0,0,0,67301,1,0,0,N,1,0,0,2,00000,0,,1,1,,N,N,,0,,0,0,0,0.0,0,,649,1,2,0,0,0,1,0,3,3,0,1,3,,N,,,,,,,,,,,
2009024677,9999,2,0,0,0,0,0,0,0,0,5,0,,67,12,2008,4,40.0464,-75.1507,1735.0,6,0,0,0,0,0,0,0,0,9.0,0,0,0,17,3,3,1,,1,40 02:46.885,1.0,0,75 09:02.527,4,0,0,0,67301,0,0,0,,0,0,0,4,67301,3,,1,1,,N,N,,0,,0,0,0,3.0,2,N,1735,3,2,0,0,0,0,0,3,4,0,2,3,,N,,,,,,,,,,,
2009025105,1745,2,0,0,0,0,0,0,0,0,1,0,,67,12,2008,2,40.1321,-75.0118,1740.0,6,0,0,0,0,0,1,0,0,,0,0,0,17,3,1,0,,0,40 07:55.567,,0,75 00:42.431,4,0,0,0,67301,0,0,0,,0,0,0,2,67301,1,,1,1,,,,,0,,0,0,0,3.0,2,,1735,1,2,0,0,0,0,0,3,4,0,2,3,,N,,,,,,,,,,,
2009025167,2208,2,0,0,0,0,0,0,0,0,4,0,,67,12,2008,6,40.0875,-74.9711,2207.0,6,0,0,1,0,0,0,0,0,,0,0,0,22,3,1,1,,0,40 05:14.807,,0,74 58:16.409,4,0,0,0,67301,0,0,0,,0,0,0,3,67301,1,,1,1,,N,N,,0,,0,0,0,3.0,2,,2205,1,2,0,0,0,0,0,3,4,0,2,3,,N,,,,,,,,,,,
2009026681,1652,1,0,0,0,0,0,0,0,0,1,0,,67,12,2008,4,40.0406,-75.1515,1652.0,6,0,0,0,0,0,1,0,0,,0,0,0,16,1,1,1,,0,40 02:26.275,,0,75 09:05.486,8,0,0,0,67301,0,0,0,N,0,0,0,3,67301,0,,1,1,,N,N,,0,,0,0,0,3.0,2,,1645,1,2,0,0,0,1,0,3,4,0,2,3,,N,,,,,,,,,,,
2008085872,1655,1,0,0,0,0,0,0,0,0,4,0,,67,6,2008,3,39.9405,-75.2017,1654.0,6,0,0,0,0,0,0,0,0,,0,0,0,16,1,1,0,,0,39 56:26.160,,3,75 12:08.640,8,0,0,1,67301,0,0,0,N,0,0,0,2,67301,0,,1,1,,N,N,,0,,0,0,0,0.0,0,,1650,1,2,0,0,0,1,0,3,4,0,2,3,,N,,,,,,,,,,,
2008097585,1655,3,0,0,0,0,0,0,0,0,5,0,,67,7,2008,4,39.9397,-75.2255,1623.0,6,0,0,0,0,0,0,0,0,,0,0,0,16,1,3,1,,0,39 56:23.042,,0,75 13:31.760,8,0,0,0,67301,0,0,0,N,0,0,0,5,67301,0,,1,1,,N,N,,0,,0,0,0,3.0,2,,1600,3,3,0,0,0,3,2,3,4,0,3,3,,N,,,,,,,,,,,
2008083216,2245,1,0,0,0,0,0,0,0,0,7,0,,67,5,2008,7,39.9967,-75.1968,2240.0,6,0,0,0,0,0,0,0,0,,0,0,0,22,3,0,2,,0,39 59:48.232,,0,75 11:48.386,0,0,0,0,67301,0,0,0,N,0,0,0,1,67301,0,,3,1,,N,N,,0,,0,0,0,0.0,0,,2235,0,1,0,0,1,0,0,3,4,0,1,3,,N,,,,,,,,,,,
2008083238,2235,2,0,0,0,0,0,0,0,0,2,0,,67,5,2008,3,40.1183,-75.02,2230.0,6,0,0,0,0,0,0,0,0,,0,0,0,22,3,1,0,,0,40 07:05.739,,0,75 01:11.942,8,0,0,0,67301,0,0,0,N,0,0,0,1,67301,0,,1,9,,N,N,,0,,0,0,0,0.0,0,,2228,1,2,0,0,0,1,0,3,4,0,2,7,,N,,,,,,,,,,,
2008087859,1745,1,0,0,0,0,0,0,0,0,8,0,,67,6,2008,2,39.9917,-75.2312,1735.0,6,0,0,0,0,0,0,0,0,,0,0,0,17,1,1,0,,0,39 59:30.282,,0,75 13:52.251,8,0,0,0,67301,1,0,0,N,1,0,0,2,67301,0,,6,1,,N,N,,0,,0,0,0,0.0,0,,1725,1,2,0,0,0,1,1,3,4,0,1,3,,N,,,,,,,,,,,
2008083258,2026,2,0,0,0,0,0,0,0,0,4,0,,67,5,2008,2,39.9365,-75.1487,2024.0,6,0,0,0,0,0,0,0,0,,0,0,0,20,1,1,1,,0,39 56:11.346,,0,75 08:55.255,4,0,0,0,67301,0,0,0,,0,0,0,3,67301,1,,1,1,,,,,0,,0,0,0,0.0,0,,2004,1,2,0,0,0,0,0,3,4,0,2,3,,N,,,,,,,,,,,
2008083270,25,1,0,0,1,0,0,0,0,0,4,0,,67,5,2008,1,39.9593,-75.1599,25.0,6,0,0,0,0,0,0,0,0,,0,0,0,0,3,1,2,,0,39 57:33.501,,0,75 09:35.521,4,0,0,0,67301,1,0,0,N,0,0,0,2,67301,1,,1,1,,N,N,,0,,0,0,0,3.0,2,,24,1,2,0,0,0,0,0,3,4,0,1,3,,N,,,,,,,,,,,
2008098192,1520,3,0,0,0,0,0,0,0,0,1,0,,67,7,2008,7,40.0329,-75.0807,1515.0,6,0,0,0,2,0,0,0,1,1.0,0,0,0,15,1,1,0,,1,40 01:58.274,2.0,0,75 04:50.740,4,0,0,0,67301,0,0,0,N,0,0,0,5,67301,1,,1,1,,N,N,,0,,0,0,0,0.0,0,N,1513,1,3,0,0,0,0,0,3,4,0,3,3,,N,,,,,,,,,,,
2008095843,1853,1,0,0,0,0,0,0,0,0,1,0,,67,8,2008,1,40.03,-75.0219,1841.0,6,0,0,0,0,0,0,1,0,1.0,0,0,0,18,1,1,0,,2,40 01:40.186,1.0,0,75 01:26.316,4,0,0,0,67301,0,0,0,N,0,0,0,4,68K01,1,,1,1,,N,N,,0,,0,0,1,0.0,0,N,1838,1,3,0,0,0,0,0,3,4,1,3,3,,N,,,,,,,,,,,
2008070750,9999,1,0,0,0,0,0,1,0,0,4,1,,67,4,2008,6,40.0522,-75.1426,1012.0,6,0,0,0,0,0,0,0,0,,0,0,0,10,1,3,1,,0,40 03:07.934,,0,75 08:33.503,4,0,0,0,67301,0,0,0,N,0,0,0,5,67301,3,,1,1,,N,N,,0,,0,0,0,3.0,3,,1012,3,2,0,0,1,0,2,3,4,0,2,3,,N,,,,,,,,,,,
2008107764,1349,0,0,0,1,0,0,0,0,0,4,0,,67,8,2008,3,39.9512,-75.2071,1347.0,6,0,0,0,0,0,0,0,0,,0,0,0,13,1,1,1,,0,39 57:04.183,,0,75 12:25.660,3,0,0,0,67301,1,0,0,N,0,0,0,2,67301,0,,1,1,,N,N,,0,,1,0,1,3.0,3,,1342,1,2,0,0,0,0,0,3,4,0,1,3,,N,,,,,,,,,,,
2008104874,1609,1,0,0,0,0,0,0,0,0,1,0,,67,9,2008,3,39.9677,-75.1308,1602.0,6,0,0,0,0,0,0,0,0,,0,0,0,15,1,0,0,,0,39 58:05.129,,0,75 07:47.779,0,0,0,0,67301,0,0,0,N,0,0,0,2,68K01,0,,1,1,,N,N,,0,,0,0,1,0.0,0,,1559,0,2,0,0,0,0,0,3,4,0,2,3,,N,,,,,,,,,,,
2008107913,1805,1,0,0,0,0,0,0,0,0,8,0,,67,8,2008,3,40.0332,-75.0257,1800.0,6,0,0,0,0,0,1,0,0,,0,0,0,18,1,1,2,,0,40 01:59.361,,0,75 01:32.563,8,0,0,0,67301,1,0,0,,1,0,0,2,67301,0,,1,1,,N,,,0,,0,0,0,9.0,3,,1800,1,2,0,0,0,1,0,3,4,0,1,3,,N,,,,,,,,,,,
2008107930,640,1,0,0,0,0,0,0,0,0,8,0,,67,8,2008,5,39.9224,-75.2233,635.0,6,0,0,0,0,0,1,0,0,,0,0,0,6,1,1,1,,0,39 55:20.711,,0,75 13:23.874,4,0,0,0,67301,1,0,0,,1,0,0,2,67301,1,,1,1,,,,,0,,0,0,0,3.0,2,,634,1,2,0,0,0,0,0,3,4,0,1,3,,N,,,,,,,,,,,
2008113476,1756,1,0,0,0,0,0,0,0,0,5,0,,67,10,2008,2,39.9696,-75.1267,1748.0,6,0,0,1,0,0,0,0,0,2.0,0,0,0,17,1,0,0,,1,39 58:05.947,2.0,0,75 07:47.178,0,0,0,0,67301,0,0,0,N,0,0,0,4,68K01,0,,3,1,,N,N,,1,,0,0,0,0.0,0,N,1743,0,2,0,0,0,0,0,3,4,0,2,3,,N,,,,,,,,,,,
2008120821,1036,2,0,0,0,0,0,0,0,0,4,0,,67,9,2008,1,40.0519,-75.0793,1031.0,6,0,0,0,0,0,0,0,0,,0,0,0,10,1,1,1,,0,40 03:06.735,,0,75 04:45.411,3,0,0,0,67301,0,0,0,N,0,0,0,2,67301,0,,1,9,,N,N,,0,,1,0,0,3.0,3,,1000,1,2,0,0,0,0,1,3,4,0,2,7,,N,,,,,,,,,,,
2008122868,820,0,0,0,0,0,0,1,0,0,2,1,,67,10,2008,3,40.0152,-75.1699,815.0,6,0,0,0,0,0,1,0,0,,0,0,0,8,1,0,1,,0,40 00:54.823,,0,75 10:11.829,0,0,0,0,67301,0,0,0,N,0,0,0,2,67301,0,,1,1,,Y,N,,1,,0,0,0,3.0,2,,805,0,2,0,0,0,0,0,3,4,0,2,3,,N,,,,,,,,,,,
2009013684,235,0,0,0,0,0,0,0,0,0,7,0,,67,12,2008,1,39.9221,-75.1906,231.0,6,0,0,0,0,0,0,0,0,1.0,0,0,0,2,3,1,0,,1,39 55:19.264,4.0,1,75 11:25.984,4,0,0,0,67301,0,0,0,N,0,0,0,3,67301,1,,4,1,,N,N,,1,,0,0,0,0.0,0,N,220,1,1,0,0,3,0,1,3,4,0,1,3,,N,,,,,,,,,,,
2009013710,246,1,0,0,0,0,0,0,0,0,7,0,,67,12,2008,2,40.0119,-75.1473,245.0,6,0,0,0,0,0,0,0,0,,0,0,0,2,3,0,2,,0,40 00:42.894,,3,75 08:50.161,0,0,0,0,67301,0,0,0,N,0,0,0,1,67301,0,,2,9,,N,N,,0,,0,0,0,0.0,0,,240,0,1,0,0,0,0,0,3,4,0,1,7,,N,,,,,,,,,,,
2009013771,1648,2,0,0,0,0,0,0,0,0,5,0,,67,12,2008,2,40.0019,-75.1578,1642.0,6,0,0,0,0,0,0,0,0,,0,0,0,16,1,0,0,,0,40 00:06.962,,0,75 09:27.992,0,0,0,0,67301,1,0,0,N,0,0,0,2,67301,0,,2,9,,N,N,,0,,0,0,0,0.0,0,,1638,0,2,0,0,1,0,0,3,4,0,2,7,,N,,,,,,,,,,,
2009013817,810,3,0,0,0,0,0,0,0,0,4,0,,67,12,2008,2,40.0031,-75.1283,804.0,6,0,0,0,0,0,0,0,0,,0,0,0,8,1,1,1,,0,40 00:11.163,,0,75 07:41.800,4,0,0,0,67301,0,0,0,N,0,0,0,3,67301,1,,1,1,,N,N,,0,,0,0,0,2.0,2,,800,1,3,0,0,0,0,0,3,4,0,3,3,,N,,,,,,,,,,,
2009000862,2105,0,0,0,0,0,0,0,0,0,7,0,,67,11,2008,3,39.9203,-75.2136,2047.0,6,0,0,0,0,0,0,0,0,,0,0,0,99,3,1,0,,0,39 55:13.101,,0,75 12:48.888,4,0,0,0,67301,0,0,0,N,0,0,0,1,67301,1,,1,1,,N,N,,0,,0,0,1,0.0,0,,9999,1,1,0,0,0,0,0,3,4,0,1,3,,N,,,,,,,,,,,
2009003372,1714,1,0,0,0,0,0,1,0,0,1,1,,67,11,2008,5,39.9855,-75.2585,1707.0,6,0,0,0,0,0,0,0,0,,0,0,0,16,3,1,2,,0,39 59:07.680,,0,75 15:30.710,4,0,0,0,67301,0,0,0,,0,0,0,12,67301,1,,1,9,,Y,N,,0,,0,0,0,3.0,2,,1650,1,2,0,0,0,0,10,3,4,0,2,7,,N,,,,,,,,,,,
2009005457,2319,1,0,0,0,0,0,0,0,0,7,0,,67,12,2008,3,40.0006,-75.0798,2317.0,6,0,0,0,0,1,0,0,0,1.0,0,0,0,23,3,2,3,,2,40 00:01.521,2.0,8,75 04:47.938,8,0,0,0,67301,0,0,0,N,0,0,0,2,68K02,0,,2,1,,N,N,,0,,0,0,0,0.0,0,N,2313,2,1,0,0,0,2,0,3,4,0,1,3,,N,,,,,,,,,,,
2009024736,840,0,0,0,0,0,0,0,0,0,4,0,,67,11,2008,2,39.9726,-75.2596,829.0,6,0,0,0,0,0,1,0,0,,0,0,0,7,3,0,5,,0,39 58:21.514,,0,75 15:34.689,9,0,0,0,67301,0,0,0,N,0,0,0,3,67301,0,,1,9,,N,N,,0,,0,0,1,3.0,2,,736,0,2,0,0,0,0,2,3,4,1,2,7,,N,,,,,,,,,,,
2009002229,211,1,0,0,0,0,0,0,0,0,8,0,,67,8,2008,6,39.95,-75.1445,210.0,6,0,0,0,0,0,0,0,0,1.0,0,0,0,2,3,1,0,,2,39 57:00.094,4.0,0,75 08:39.940,8,0,0,0,67301,1,0,0,N,1,0,0,2,67301,0,,1,1,,N,N,,0,,0,0,0,0.0,0,Y,210,1,2,0,0,0,1,0,3,4,0,1,3,,N,,,,,,,,,,,
2009000872,1010,3,0,0,0,0,0,0,0,0,4,0,,67,11,2008,7,40.0321,-75.0517,1005.0,6,0,0,0,0,0,1,0,1,2.0,0,0,0,10,1,2,0,,1,40 01:55.518,1.0,0,75 03:05.981,4,0,0,0,67301,0,0,0,N,0,0,0,2,67301,1,,1,9,,N,N,,1,,0,0,0,0.0,0,Y,1004,2,4,0,0,0,1,0,3,4,0,4,7,,N,,,,,,,,,,,
2009000999,1802,2,0,0,0,0,0,0,0,0,4,0,,67,11,2008,7,39.9497,-75.1421,1758.0,6,0,0,0,0,1,1,1,0,,0,0,0,17,4,2,1,,0,39 56:58.829,,2,75 08:31.654,3,0,0,1,67301,0,0,0,,0,0,0,4,67301,1,,1,1,,N,N,,0,,1,0,0,3.0,2,,1758,2,3,0,0,0,0,0,3,4,0,3,3,,N,,,,,,,,,,,
2009004956,100,2,0,0,0,0,0,0,0,0,4,0,,67,11,2008,5,39.973,-75.2016,56.0,6,0,0,0,0,0,0,0,0,,0,0,0,0,3,1,0,,0,39 58:22.717,,0,75 12:05.688,4,0,0,0,67301,0,0,0,N,0,0,0,5,67301,1,,1,9,,N,N,,1,,0,0,0,3.0,2,,50,1,3,0,0,0,0,0,3,4,0,3,7,,N,,,,,,,,,,,
2009012644,637,1,0,0,0,0,0,0,0,0,4,0,,67,12,2008,3,39.9118,-75.1507,633.0,6,0,0,0,0,0,1,0,0,,0,0,0,6,5,1,1,,0,39 54:41.444,,0,75 09:02.162,8,0,0,0,67301,0,0,0,N,0,0,0,2,67301,0,,1,1,,N,N,,1,,0,0,0,3.0,2,,630,1,2,0,0,0,1,0,3,4,0,2,3,,N,,,,,,,,,,,
2009013302,414,2,0,0,0,0,0,0,0,0,4,0,,67,11,2008,7,39.9556,-75.2023,409.0,6,0,0,0,0,0,0,0,0,,0,0,0,4,3,2,1,,0,39 57:20.282,,0,75 12:08.149,4,0,0,0,67301,0,0,0,N,0,0,0,3,67301,2,,1,9,,N,N,,0,,0,0,0,3.0,2,,406,2,2,0,0,0,0,0,3,4,0,2,7,,N,,,,,,,,,,,
2009014232,1607,2,0,0,0,0,0,0,0,0,1,0,,67,11,2008,4,40.026,-75.0842,1600.0,6,0,0,0,0,0,0,0,0,,0,0,0,15,1,0,10,,0,40 01:33.556,,0,75 05:03.191,0,0,0,0,67301,0,0,0,N,0,0,0,2,67301,0,,1,1,,N,N,,0,,0,0,0,3.0,3,,1555,0,2,0,0,0,0,0,3,4,0,2,3,,N,,,,,,,,,,,
2009013386,730,2,0,0,0,0,0,0,0,0,4,0,,67,12,2008,4,39.9778,-75.1191,730.0,6,0,0,0,0,0,0,0,0,,0,0,0,7,1,1,1,,0,39 58:45.840,,0,75 07:05.880,8,0,0,0,67301,0,0,0,N,0,0,0,2,67301,0,,1,9,,N,N,,0,,0,0,0,3.0,2,,715,1,2,0,0,0,1,0,3,4,0,2,7,,N,,,,,,,,,,,
2009026000,817,0,0,0,0,0,0,0,0,0,8,0,,67,12,2008,3,39.9909,-75.1016,814.0,6,0,0,0,0,0,0,0,0,,0,0,0,8,1,1,1,,0,39 59:27.381,,0,75 06:05.712,8,0,0,0,67301,1,0,0,N,1,0,0,2,67301,0,,1,1,,N,N,,1,,0,0,0,3.0,2,,812,1,2,0,0,0,1,0,3,4,0,1,3,,N,,,,,,,,,,,