CRN,ARRIVAL_TM,AUTOMOBILE_COUNT,BELTED_DEATH_COUNT,BELTED_SUSP_SERIOUS_INJ_COUNT,BICYCLE_COUNT,BICYCLE_DEATH_COUNT,BICYCLE_SUSP_SERIOUS_INJ_COUNT,BUS_COUNT,CHLDPAS_DEATH_COUNT,CHLDPAS_SUSP_SERIOUS_INJ_COUNT,COLLISION_TYPE,COMM_VEH_COUNT,CONS_ZONE_SPD_LIM,COUNTY,CRASH_MONTH,CRASH_YEAR,DAY_OF_WEEK,DEC_LAT,DEC_LONG,DISPATCH_TM,DISTRICT,DRIVER_COUNT_16YR,DRIVER_COUNT_17YR,DRIVER_COUNT_18YR,DRIVER_COUNT_19YR,DRIVER_COUNT_20YR,DRIVER_COUNT_50_64YR,DRIVER_COUNT_65_74YR,DRIVER_COUNT_75PLUS,EST_HRS_CLOSED,FATAL_COUNT,HEAVY_TRUCK_COUNT,HORSE_BUGGY_COUNT,HOUR_OF_DAY,ILLUMINATION,INJURY_COUNT,INTERSECT_TYPE,INTERSECTION_RELATED,LANE_CLOSED,LATITUDE,LN_CLOSE_DIR,LOCATION_TYPE,LONGITUDE,MAX_SEVERITY_LEVEL,MCYCLE_DEATH_COUNT,MCYCLE_SUSP_SERIOUS_INJ_COUNT,MOTORCYCLE_COUNT,MUNICIPALITY,NONMOTR_COUNT,NONMOTR_DEATH_COUNT,NONMOTR_SUSP_SERIOUS_INJ_COUNT,NTFY_HIWY_MAINT,PED_COUNT,PED_DEATH_COUNT,PED_SUSP_SERIOUS_INJ_COUNT,PERSON_COUNT,POLICE_AGCY,POSSIBLE_INJ_COUNT,RDWY_SURF_TYPE_CD,RELATION_TO_ROAD,ROAD_CONDITION,ROADWAY_CLEARED,SCH_BUS_IND,SCH_ZONE_IND,SECONDARY_CRASH,SMALL_TRUCK_COUNT,SPEC_JURIS_CD,SUSP_MINOR_INJ_COUNT,SUSP_SERIOUS_INJ_COUNT,SUV_COUNT,TCD_FUNC_CD,TCD_TYPE,TFC_DETOUR_IND,TIME_OF_DAY,TOT_INJ_COUNT,TOTAL_UNITS,UNB_DEATH_COUNT,UNB_SUSP_SERIOUS_INJ_COUNT,UNBELTED_OCC_COUNT,UNK_INJ_DEG_COUNT,UNK_INJ_PER_COUNT,URBAN_AREA,URBAN_RURAL,VAN_COUNT,VEHICLE_COUNT,WEATHER1,WEATHER2,WORK_ZONE_IND,WORK_ZONE_LOC,WORK_ZONE_TYPE,WORKERS_PRES,WZ_CLOSE_DETOUR,WZ_FLAGGER,WZ_LAW_OFFCR_IND,WZ_LN_CLOSURE,WZ_MOVING,WZ_OTHER,WZ_SHLDER_MDN,WZ_WORKERS_INJ_KILLED
2009029205,0,1,0,0,0,0,0,0,0,0,7,0,,67,12,2008,4,39.8907,-75.2209,0.0,6,0,0,0,0,0,0,0,0,,0,0,0,0,6,0,0,,0,39 53:26.214,,0,75 13:14.973,0,0,0,0,67301,0,0,0,N,0,0,0,2,00000,0,,3,2,,N,N,,0,,0,0,0,0.0,0,,1,0,1,0,0,0,0,0,3,4,0,1,7,,N,,,,,,,,,,,
2009024698,1753,0,0,0,0,0,0,0,0,0,8,0,,67,12,2008,4,40.0424,-75.105,1751.0,6,0,0,0,0,0,0,0,0,,0,0,0,17,3,1,0,,0,40 02:32.873,,0,75 06:17.971,8,0,0,0,67301,1,0,0,N,1,0,0,2,67301,0,,1,1,,N,N,,1,,0,0,0,0.0,0,,1751,1,2,0,0,0,1,0,3,4,0,1,3,,N,,,,,,,,,,,
2009024701,725,1,0,0,0,0,0,0,0,0,1,0,,67,12,2008,2,40.1122,-74.9908,715.0,6,0,0,0,0,0,0,1,0,1.0,0,0,0,6,5,1,2,,1,40 06:44.280,1.0,0,74 59:26.880,8,0,0,0,67301,0,0,0,N,0,0,0,2,67301,0,,1,1,,N,N,,0,,0,0,1,3.0,2,N,645,1,2,0,0,0,1,0,3,4,0,2,3,,N,,,,,,,,,,,
2009025117,1051,0,0,0,0,0,0,0,0,0,7,0,,67,12,2008,4,40.058,-75.1958,1051.0,6,0,0,0,0,0,0,0,0,,0,0,0,8,2,2,0,,0,40 03:28.936,,0,75 11:44.815,3,0,0,0,67301,0,0,0,,0,0,0,2,67301,0,,2,2,,,,,0,,2,0,1,0.0,0,,830,2,1,0,0,0,0,0,3,4,0,1,9,,N,,,,,,,,,,,
2009024838,333,2,0,0,0,0,0,0,0,0,1,0,,67,12,2008,6,39.9242,-75.2244,333.0,6,0,0,0,0,0,0,0,0,,0,0,0,3,3,0,0,,0,39 55:27.289,,0,75 13:27.904,0,0,0,0,67301,0,0,0,N,0,0,0,1,67301,0,,6,9,,N,N,,0,,0,0,0,0.0,0,,330,0,2,0,0,0,0,0,3,4,0,2,7,,N,,,,,,,,,,,
2008087999,1013,2,0,0,0,0,0,0,0,0,1,0,,67,6,2008,5,40.0341,-75.2084,1008.0,6,0,0,0,0,0,1,1,0,2.0,0,0,0,10,1,1,2,,1,40 02:02.760,2.0,0,75 12:30.240,3,0,0,0,67301,0,0,0,N,0,0,0,4,67301,0,,1,1,,N,N,,0,,1,0,1,3.0,2,Y,1006,1,3,0,0,0,0,0,3,4,0,3,3,,N,,,,,,,,,,,
2008086020,19,0,0,0,0,0,0,0,0,0,7,0,,67,7,2008,5,39.977,-75.1128,13.0,6,0,0,0,0,0,0,0,0,3.0,0,1,0,0,3,1,0,,2,39 58:38.163,1.0,0,75 06:45.473,4,0,0,0,67301,0,0,0,Y,0,0,0,1,68K01,1,,2,9,,N,N,,0,,0,0,0,0.0,0,Y,12,1,1,0,0,0,0,0,3,4,0,1,7,,N,,,,,,,,,,,
2008090239,2312,0,0,0,0,0,0,0,0,0,8,0,,67,3,2008,6,40.053,-75.0399,2311.0,6,0,0,0,0,0,0,0,0,,1,0,0,23,3,0,0,,0,40 03:10.774,,0,75 02:23.814,1,0,0,0,67301,1,1,0,N,1,1,0,2,67301,0,2.0,1,1,,N,N,,0,0.0,0,0,0,0.0,0,,2308,0,2,0,0,0,0,0,3,4,0,1,3,,N,,,,,,,,,,,
2008097990,1108,2,0,0,0,0,0,0,0,0,1,0,,67,7,2008,7,40.0252,-75.1254,1106.0,6,0,0,0,0,0,0,0,0,1.0,0,0,0,11,1,0,5,,1,40 01:30.637,1.0,1,75 07:31.531,9,0,0,0,67301,0,0,0,N,0,0,0,6,67301,0,,1,1,,N,N,,0,,0,0,0,3.0,2,N,1102,0,2,0,0,0,0,5,3,4,0,2,3,,N,,,,,,,,,,,
2008087878,1550,1,0,0,0,0,0,0,0,0,8,0,,67,6,2008,7,39.9679,-75.2078,1548.0,6,0,0,0,0,0,0,0,0,,0,0,0,15,1,1,1,,0,39 58:04.612,,0,75 12:28.241,3,0,0,0,67301,1,0,0,N,1,0,0,2,67301,0,,1,1,,N,N,,0,,1,0,0,3.0,2,,1548,1,2,0,0,0,0,0,3,4,0,1,3,,N,,,,,,,,,,,
2008098197,1302,2,0,0,0,0,0,0,0,0,4,0,,67,6,2008,7,39.9885,-75.128,1252.0,6,0,0,0,0,0,0,0,0,,0,0,0,12,1,1,2,,0,39 59:18.625,,0,75 07:40.695,8,0,0,0,67301,0,0,0,,0,0,0,4,67301,0,,1,1,,N,N,,0,,0,0,0,3.0,3,,1249,1,2,0,0,0,1,0,3,4,0,2,3,,N,,,,,,,,,,,
2008098262,1841,2,0,0,0,0,0,0,0,0,1,0,,67,7,2008,2,40.0438,-75.0358,1823.0,6,0,0,0,0,1,1,0,0,,0,0,0,99,1,1,2,,0,40 02:37.572,,0,75 02:08.797,4,0,0,0,67301,0,0,0,N,0,0,0,2,67301,1,,1,9,,N,N,,0,,0,0,0,3.0,2,,9999,1,2,0,0,0,0,0,3,4,0,2,3,,N,,,,,,,,,,,
2008098269,240,3,0,0,0,0,0,0,0,0,5,0,,67,6,2008,1,40.0373,-75.0496,238.0,6,0,0,0,0,1,0,0,0,,0,0,0,2,3,0,0,,0,40 02:14.139,,0,75 02:58.534,0,0,0,0,67301,0,0,0,N,0,0,0,1,67301,0,,6,1,,N,N,,0,,0,0,0,0.0,0,,230,0,3,0,0,0,0,0,3,4,0,3,3,,N,,,,,,,,,,,
2008091181,1448,1,0,0,0,0,0,0,0,0,1,0,,67,8,2008,6,39.8987,-75.1729,1441.0,6,0,0,0,0,0,0,0,0,1.0,0,0,0,14,1,1,0,,1,39 53:55.348,1.0,2,75 10:24.430,4,0,0,0,67301,0,0,0,N,0,0,0,4,68K01,1,,1,1,,N,N,,1,,0,0,0,3.0,4,N,1437,1,2,0,0,0,0,0,3,4,0,2,3,,N,,,,,,,,,,,
2008093637,917,0,0,0,0,0,0,0,0,0,0,0,,67,8,2008,4,40.0144,-75.0557,917.0,6,0,0,0,0,0,0,0,0,1.0,0,0,0,9,1,0,0,,2,40 00:51.792,7.0,0,75 03:20.592,0,0,0,0,67301,0,0,0,N,0,0,0,2,68K01,0,,1,1,,N,N,,0,,0,0,0,0.0,0,N,917,0,1,0,0,0,0,0,3,4,1,1,3,,N,,,,,,,,,,,
2008098371,1900,2,0,0,0,0,0,0,0,0,4,0,,67,7,2008,1,40.0159,-75.0715,1900.0,6,0,0,0,1,0,1,0,0,,0,0,0,18,1,2,1,,0,40 00:57.321,,0,75 04:17.221,8,0,0,0,67301,0,0,0,N,0,0,0,2,67301,0,,1,9,,N,N,,0,,0,0,0,0.0,0,,1857,2,2,0,0,0,2,0,3,4,0,2,7,,N,,,,,,,,,,,
2008081504,2212,1,0,0,0,0,0,0,0,0,8,0,,67,4,2008,7,40.0085,-75.2107,2210.0,6,0,0,0,0,0,0,0,0,,0,0,0,22,3,1,1,,0,40 00:30.736,,0,75 12:38.579,8,0,0,0,67301,1,0,0,,1,0,0,2,67301,0,,1,1,,N,N,,0,,0,0,0,3.0,2,,2210,1,2,0,0,0,1,0,3,4,0,1,3,,N,,,,,,,,,,,
2008073518,1422,2,0,0,0,0,0,0,0,0,1,0,,67,4,2008,2,39.9169,-75.216,1418.0,6,0,0,0,0,0,0,0,0,,0,0,0,14,1,1,2,,0,39 55:00.971,,0,75 12:57.138,8,0,0,0,67301,0,0,0,N,0,0,0,4,67301,0,,1,9,,N,N,,0,,0,0,1,3.0,2,,1418,1,3,0,0,0,1,0,3,4,0,3,7,,N,,,,,,,,,,,
2008110448,829,1,0,0,0,0,0,0,0,0,1,0,,67,10,2008,3,39.9907,-75.2047,825.0,6,0,0,0,0,0,0,0,0,1.0,0,0,0,8,1,0,0,,1,39 59:28.949,3.0,0,75 12:12.799,0,0,0,0,67301,0,0,0,N,0,0,0,3,68K01,0,,1,1,,N,N,,1,,0,0,0,0.0,0,N,816,0,2,0,0,0,0,0,3,4,0,2,3,,N,,,,,,,,,,,
2008120815,1922,1,0,0,0,0,0,0,0,0,2,0,,67,8,2008,3,39.9473,-75.2337,1921.0,6,0,0,0,0,0,0,0,0,2.0,0,0,0,19,1,2,1,,1,39 56:50.377,2.0,0,75 14:01.334,2,0,0,0,67301,0,0,0,,0,0,0,4,67301,0,,1,1,,,,,0,,0,2,1,3.0,2,Y,1921,2,3,0,0,0,0,0,3,4,0,3,3,,N,,,,,,,,,,,
2008132399,2317,2,0,0,0,0,0,0,0,0,5,0,,67,11,2008,3,39.9157,-75.1478,2315.0,6,0,0,1,0,0,0,1,0,1.0,0,0,0,23,3,1,0,,2,39 54:53.859,2.0,0,75 08:52.886,8,0,0,0,67301,0,0,0,N,0,0,0,2,68K01,0,,1,1,,N,N,,0,,0,0,0,0.0,0,N,2312,1,2,0,0,0,1,0,3,4,0,2,3,,N,,,,,,,,,,,
2008132414,1853,1,0,0,0,0,0,0,0,0,1,0,,67,11,2008,4,39.9576,-75.1498,1852.0,6,0,0,0,0,0,1,0,0,,0,0,0,18,3,0,0,,0,39 57:27.562,,0,75 08:58.240,0,0,0,0,67301,0,0,0,N,0,0,0,2,68K01,0,,1,1,,N,N,,0,,0,0,1,0.0,0,,1848,0,2,0,0,0,0,0,3,4,0,2,3,,N,,,,,,,,,,,
2008119507,1800,0,0,0,0,0,0,0,0,0,0,0,,67,10,2008,1,40.0298,-75.1043,1800.0,6,0,0,0,0,0,0,0,0,,0,0,0,17,1,1,10,,0,40 01:47.421,,0,75 06:15.636,8,0,0,1,67301,0,0,0,N,0,0,0,1,67301,0,,1,1,,N,N,,0,,0,0,0,3.0,2,,1755,1,1,0,0,0,1,0,3,4,0,1,3,,N,,,,,,,,,,,
2009013694,1203,2,0,0,0,0,0,0,0,0,6,0,,67,12,2008,5,40.0564,-75.0556,1200.0,6,0,0,0,0,0,0,1,0,,0,0,0,11,1,1,0,,0,40 03:23.004,,0,75 03:19.994,4,0,0,0,67301,0,0,0,N,0,0,0,1,67301,1,,2,1,,N,N,,0,,0,0,0,0.0,0,,1153,1,2,0,0,0,0,0,3,4,0,2,3,,N,,,,,,,,,,,
2009013719,1840,1,0,0,0,0,0,0,0,0,8,0,,67,11,2008,7,39.9525,-75.177,1839.0,6,0,0,0,0,0,0,0,0,,0,0,0,18,3,1,2,,0,39 57:08.958,,0,75 10:37.001,3,0,0,0,67301,1,0,0,N,1,0,0,2,67301,0,,1,9,,N,N,,0,,1,0,0,3.0,2,,1840,1,2,0,0,1,0,0,3,4,0,1,7,,N,,,,,,,,,,,
2009013759,1425,2,0,0,0,0,0,0,0,0,2,0,,67,12,2008,1,40.032,-75.0389,1415.0,6,0,0,1,0,0,0,0,0,1.0,0,0,0,14,1,1,1,,2,40 01:55.027,7.0,0,75 02:20.133,8,0,0,0,67301,0,0,0,N,0,0,0,2,67301,0,,1,1,,N,N,,0,,0,0,0,3.0,3,Y,1405,1,2,0,0,0,1,0,3,4,0,2,3,,N,,,,,,,,,,,
2009013821,9999,1,0,0,0,0,0,0,0,0,1,0,,67,11,2008,7,40.0245,-75.1478,9999.0,6,0,0,0,0,0,1,0,0,,0,0,0,99,3,3,1,,0,40 01:28.097,,0,75 08:52.131,4,0,0,0,67301,0,0,0,,0,0,0,4,67301,1,,1,1,,,,,1,,0,0,0,3.0,3,,9999,3,2,0,0,0,2,0,3,4,0,2,3,,N,,,,,,,,,,,
2009000847,522,1,0,0,0,0,0,0,0,0,4,0,,67,10,2008,6,39.9263,-75.1526,520.0,6,0,0,0,0,0,0,0,0,,0,0,0,99,3,1,2,,0,39 55:34.809,,0,75 09:09.273,4,0,0,0,67301,0,0,0,,0,0,0,1,67301,1,,1,1,,N,N,,0,,0,0,0,0.0,0,,9999,1,2,0,0,1,0,0,3,4,1,2,3,,N,,,,,,,,,,,
2009003473,2358,0,0,0,0,0,0,0,0,0,7,0,,67,12,2008,3,39.8879,-75.2165,2358.0,6,0,0,0,0,0,1,0,0,,0,0,0,23,3,0,0,,0,39 53:15.962,,0,75 12:58.278,0,0,0,0,67301,0,0,0,N,0,0,0,1,68K01,0,,2,2,,N,N,,0,,0,0,1,0.0,0,,2354,0,1,0,0,0,0,0,3,4,0,1,9,,N,,,,,,,,,,,
2009024731,1615,2,0,0,0,0,0,0,0,0,6,0,,67,12,2008,7,39.9714,-75.241,1610.0,6,0,0,0,0,1,0,1,0,,0,0,0,16,4,1,1,,0,39 58:16.953,,0,75 14:27.625,4,0,0,0,67301,0,0,0,,0,0,0,3,67301,1,,1,1,,N,N,,0,,0,0,0,0.0,0,,1610,1,2,0,0,0,0,0,3,4,0,2,3,,N,,,,,,,,,,,
2009007817,1332,1,0,0,0,0,0,0,0,0,7,0,,67,12,2008,6,39.8993,-75.1662,1321.0,6,0,0,0,0,0,0,0,0,1.0,0,0,0,13,1,0,0,,1,39 53:58.699,2.0,3,75 09:49.040,0,0,0,0,67301,0,0,0,N,0,0,0,1,68K01,0,,2,9,,N,N,,0,,0,0,0,0.0,0,N,1318,0,1,0,0,0,0,0,3,4,0,1,7,,N,,,,,,,,,,,
2009002283,252,2,0,0,0,0,0,0,0,0,4,0,,67,11,2008,1,39.9717,-75.1593,250.0,6,0,0,0,0,0,0,0,0,,0,0,0,2,3,1,0,,0,39 58:18.167,,0,75 09:33.528,8,0,0,0,67301,0,0,0,N,0,0,0,2,67301,0,,1,1,,N,N,,1,,0,0,0,0.0,0,,245,1,3,0,0,0,1,0,3,4,0,3,3,,N,,,,,,,,,,,
2009031173,626,0,0,0,0,0,0,1,0,0,4,1,,67,12,2008,4,39.8993,-75.1748,618.0,6,0,0,0,0,0,1,0,0,2.0,0,0,0,6,3,1,2,,2,39 53:57.391,1.0,0,75 10:29.308,8,0,0,0,67301,0,0,0,Y,0,0,0,2,67301,0,,1,2,,N,N,,1,,0,0,0,1.0,2,Y,605,1,2,0,0,0,1,0,3,4,0,2,7,,N,,,,,,,,,,,
2009007447,115,1,0,0,0,0,0,0,0,0,1,0,,67,12,2008,1,39.9577,-75.1614,115.0,6,0,0,0,0,0,0,0,0,1.0,0,0,0,1,3,1,0,,1,39 57:27.829,3.0,0,75 09:41.240,4,0,0,0,67301,0,0,0,N,0,0,0,3,68K01,1,,1,1,,N,N,,1,,0,0,0,0.0,0,N,113,1,2,0,0,0,0,0,3,4,0,2,3,,N,,,,,,,,,,,
2009002459,1632,1,0,0,1,0,0,0,0,0,5,0,,67,11,2008,6,39.9497,-75.1924,1631.0,6,0,0,0,0,0,0,0,0,1.0,0,0,0,16,1,1,3,,2,39 56:59.014,1.0,0,75 11:32.647,4,0,0,0,67301,1,0,0,N,0,0,0,2,67301,1,,1,1,,N,N,,0,,0,0,0,0.0,0,Y,1625,1,3,0,0,0,0,0,3,4,0,1,3,,N,,,,,,,,,,,
2009002461,1511,1,0,0,0,0,0,0,0,0,5,0,,67,11,2008,3,40.0743,-75.0349,1508.0,6,0,0,0,0,0,0,0,0,1.0,0,0,0,99,1,0,0,,1,40 04:27.279,1.0,0,75 02:05.619,0,0,0,0,67301,0,0,0,N,0,0,0,2,67301,0,,1,1,,N,N,,0,,0,0,1,3.0,2,N,9999,0,2,0,0,0,0,0,3,4,0,2,3,,N,,,,,,,,,,,
2009013389,1903,2,0,0,0,0,0,0,0,0,4,0,,67,12,2008,4,39.9322,-75.225,1859.0,6,0,0,0,1,0,0,0,0,,0,0,0,17,3,0,0,,0,39 55:55.902,,7,75 13:30.038,0,0,0,0,67301,0,0,0,N,0,0,0,3,67301,0,,1,1,,,N,,0,,0,0,0,3.0,2,,1707,0,3,0,0,1,0,0,3,4,0,3,3,,N,,,,,,,,,,,
2009026110,900,1,0,0,0,0,0,0,0,0,8,0,,67,12,2008,1,40.0415,-75.0133,846.0,6,0,0,0,0,0,0,0,0,,0,0,0,8,1,1,1,,0,40 02:29.396,,0,75 00:47.624,8,0,0,0,67301,1,0,0,N,1,0,0,2,67301,0,,1,1,,N,N,,0,,0,0,0,3.0,2,,835,1,2,0,0,0,1,1,3,4,0,1,3,,N,,,,,,,,,,,
2009013659,9999,0,0,0,0,0,0,0,0,0,8,0,,67,11,2008,7,40.0656,-75.1867,9999.0,6,0,0,0,0,0,0,0,0,,0,0,0,99,3,1,1,,0,40 03:56.300,,0,75 11:11.954,3,0,0,0,67301,1,0,0,N,1,0,0,2,67301,0,,1,1,,N,N,,0,,1,0,1,3.0,3,,9999,1,2,0,0,0,0,0,3,4,0,1,3,,N,,,,,,,,,,,
2009013966,1705,1,0,0,0,0,0,0,0,0,8,0,,67,12,2008,6,40.063,-75.0549,1659.0,6,0,0,0,0,0,0,0,0,,0,0,0,16,3,1,1,,0,40 03:46.955,,0,75 03:17.944,3,0,0,0,67301,1,0,0,N,1,0,0,2,67301,0,,1,1,,N,N,,0,,1,0,0,3.0,3,,1655,1,2,0,0,0,0,0,3,4,0,1,3,,N,,,,,,,,,,,
2009013417,1810,1,0,0,0,0,0,0,0,0,8,0,,67,11,2008,4,40.0517,-75.1271,1807.0,6,0,0,0,0,0,0,0,0,,0,0,0,18,3,1,1,,0,40 03:06.246,,0,75 07:37.696,4,0,0,0,67301,1,0,0,N,1,0,0,2,67301,1,,1,1,,N,N,,0,,0,0,0,3.0,2,,1800,1,2,0,0,0,0,0,3,4,0,1,3,,N,,,,,,,,,,,
2009013427,1600,2,0,0,0,0,0,0,0,0,4,0,,67,10,2008,7,39.9708,-75.1595,1540.0,6,0,0,0,0,0,1,0,0,,0,0,0,15,1,2,0,,0,39 58:14.880,,0,75 09:34.200,3,0,0,0,67301,0,0,0,N,0,0,0,2,67301,0,,1,9,,N,N,,0,,2,0,0,0.0,0,,1540,2,2,0,0,2,0,0,3,4,0,2,7,,N,,,,,,,,,,,
2009029198,0,2,0,0,0,0,0,0,0,0,4,0,,67,9,2008,3,40.042,-75.0773,0.0,6,0,0,0,0,0,0,0,0,,0,0,0,14,1,0,1,,0,40 02:31.048,,0,75 04:38.459,0,0,0,0,67301,0,0,0,,0,0,0,3,00000,0,,1,1,,,,,0,,0,0,0,3.0,3,,1410,0,2,0,0,0,0,0,3,4,0,2,3,,N,,,,,,,,,,,
2009029236,9999,1,0,0,0,0,0,0,0,0,7,0,,67,11,2008,6,,,9999.0,6,0,0,0,0,1,0,0,0,,0,0,0,1,6,1,0,,0,,,0,,4,0,0,0,67301,0,0,0,N,0,0,0,1,00000,1,,3,7,,N,N,,0,,0,0,0,0.0,0,,100,1,1,0,0,0,0,0,3,3,0,1,10,,N,,,,,,,,,,,
2009029770,1525,1,0,0,0,0,0,0,0,0,4,0,,67,10,2008,2,39.9179,-75.1793,1521.0,6,0,0,1,0,0,0,0,0,,0,0,0,15,1,2,1,,0,39 55:04.486,,0,75 10:45.530,8,0,0,0,67301,0,0,0,N,0,0,0,3,67301,0,,1,1,,N,N,,1,,0,0,0,3.0,2,,1518,2,2,0,0,0,2,0,3,4,0,2,3,,N,,,,,,,,,,,
2009067264,846,1,0,0,0,0,0,0,0,0,8,0,,67,6,2008,4,39.9223,-75.1735,842.0,6,0,0,0,0,0,0,0,0,,0,0,0,8,1,1,1,,0,39 55:20.362,,0,75 10:24.589,4,0,0,0,67301,1,0,0,,1,0,0,3,67301,1,,1,9,,N,N,,0,,0,0,0,3.0,3,,835,1,2,0,0,2,0,0,3,4,0,1,7,,N,,,,,,,,,,,
2011095955,2235,0,0,0,1,0,0,0,0,0,4,0,,67,6,2008,7,40.0188,-75.1394,2230.0,6,0,0,0,0,0,0,0,0,1.0,0,0,0,22,3,1,1,,1,40 01:07.510,3.0,0,75 08:21.911,3,0,0,0,67301,1,0,0,N,0,0,0,4,67301,0,,1,1,,N,N,,0,,1,0,1,9.0,3,N,2230,1,2,0,0,0,0,0,3,4,0,1,3,,N,,,,,,,,,,,
2008083272,2059,2,0,0,0,0,0,0,0,0,1,0,,67,5,2008,3,40.0999,-74.9872,2057.0,6,0,0,0,0,0,0,0,0,1.0,0,0,0,20,3,0,0,,1,40 05:59.307,4.0,0,74 59:13.469,9,0,0,0,67301,0,0,0,N,0,0,0,3,67301,0,,1,1,,N,N,,0,,0,0,0,0.0,0,N,2057,0,2,0,0,0,0,2,3,4,0,2,3,,N,,,,,,,,,,,
2008092410,932,1,0,0,0,0,0,0,0,0,7,0,,67,8,2008,4,39.9491,-75.1848,925.0,6,0,0,0,0,0,0,0,0,1.0,0,0,0,9,1,0,0,,1,39 56:56.760,3.0,0,75 11:05.280,0,0,0,0,67301,0,0,0,N,0,0,0,1,68K01,0,,2,1,,N,N,,0,,0,0,0,0.0,0,N,922,0,1,0,0,0,0,0,3,4,0,1,3,,N,,,,,,,,,,,
2008096079,2340,1,0,0,0,0,0,0,0,0,4,0,,67,6,2008,6,39.9725,-75.1776,2335.0,6,0,0,0,0,0,0,0,0,,0,0,0,22,3,1,2,,0,39 58:20.929,,0,75 10:39.442,4,0,0,0,67301,0,0,0,N,0,0,0,1,67301,1,,1,1,,N,N,,0,,0,0,1,3.0,2,,2220,1,2,0,0,1,0,0,3,4,0,2,3,,N,,,,,,,,,,,
2008098582,1824,1,0,0,0,0,0,0,0,0,7,0,,67,9,2008,4,40.0067,-75.0736,1823.0,6,0,0,0,0,0,0,0,0,1.0,0,0,0,18,1,1,0,,2,40 00:24.480,2.0,0,75 04:24.600,3,0,0,0,67301,0,0,0,N,0,0,0,2,68K01,0,,2,1,,N,N,,0,,1,0,0,0.0,0,N,1820,1,1,0,0,0,0,0,3,4,0,1,3,,N,,,,,,,,,,,
2008098245,2122,1,0,0,0,0,0,0,0,0,8,0,,67,8,2008,7,39.9846,-75.127,2105.0,6,0,0,0,0,0,0,0,0,,0,0,0,20,2,1,0,,0,39 59:04.736,,0,75 07:37.106,4,0,0,0,67301,1,0,0,N,1,0,0,2,67301,1,,1,1,,N,N,,0,,0,0,0,0.0,0,,2059,1,2,0,0,1,0,0,3,4,0,1,3,,N,,,,,,,,,,,
2008095914,2000,1,0,0,1,0,0,0,0,0,1,0,,67,6,2008,1,39.9736,-75.2099,1957.0,6,0,0,0,0,0,0,0,0,,0,0,0,19,1,1,2,,0,39 58:24.815,,0,75 12:35.304,3,0,0,0,67301,1,0,0,N,0,0,0,2,67301,0,,2,1,,N,N,,0,,1,0,0,3.0,2,,1951,1,2,0,0,0,0,1,3,4,0,1,3,,N,,,,,,,,,,,
2008078912,520,1,0,0,0,0,0,0,0,0,1,0,,67,5,2008,7,40.0369,-75.0407,515.0,6,0,0,0,0,0,0,0,0,,0,0,0,4,6,1,5,,0,40 02:08.929,,0,75 02:34.063,8,0,0,0,67301,0,0,0,,0,0,0,3,67301,0,,1,98,,,,,1,,0,0,0,9.0,9,,400,1,2,0,0,0,1,1,3,4,0,2,99,,N,,,,,,,,,,,
2008081434,340,1,0,0,0,0,0,0,0,0,4,0,,67,5,2008,7,39.9517,-75.1582,340.0,6,0,0,0,0,0,0,0,0,,0,0,0,3,3,1,1,,0,39 57:05.957,,0,75 09:29.697,4,0,0,0,67301,0,0,0,,0,0,0,3,67301,1,,1,9,,N,N,,0,,0,0,1,3.0,2,,337,1,2,0,0,0,0,0,3,4,0,2,7,,N,,,,,,,,,,,
2008102049,146,1,0,0,0,0,0,0,0,0,7,0,,67,9,2008,7,39.9793,-75.2039,146.0,6,0,0,0,0,0,0,0,0,1.0,0,0,0,1,3,0,0,,2,39 58:47.838,3.0,0,75 12:18.012,0,0,0,0,67301,0,0,0,N,0,0,0,1,68K01,0,,2,9,,N,N,,0,,0,0,0,0.0,0,N,144,0,1,0,0,0,0,0,3,4,0,1,7,,N,,,,,,,,,,,
2008109930,2337,1,0,0,0,0,0,0,0,0,7,0,,67,6,2008,1,39.9022,-75.2016,2336.0,6,0,0,0,0,0,0,0,0,3.0,0,0,0,23,3,1,0,,2,39 54:07.978,3.0,3,75 12:05.722,3,0,0,0,67301,0,0,0,N,0,0,0,1,67301,0,,3,1,,N,N,,0,,1,0,0,0.0,0,Y,2336,1,1,0,0,1,0,0,3,4,0,1,3,,N,,,,,,,,,,,
2008071003,2330,2,0,0,0,0,0,0,0,0,4,0,,67,4,2008,4,40.029,-75.1061,2330.0,6,0,0,0,0,0,0,0,0,1.0,0,0,0,23,3,1,5,,1,40 01:47.170,2.0,0,75 06:16.717,8,0,0,0,67301,0,0,0,N,0,0,0,5,67301,0,,1,1,,N,N,,0,,0,0,0,3.0,2,N,2330,1,2,0,0,0,1,0,3,4,0,2,3,,N,,,,,,,,,,,
2008120776,9999,2,0,0,0,0,0,0,0,0,1,0,,67,9,2008,1,41.851,-79.1398,1045.0,6,0,0,0,0,0,0,0,0,,0,0,0,99,1,1,1,,0,41 51:03.960,,0,79 08:23.640,4,0,0,0,67301,0,0,0,N,0,0,0,2,67301,1,,1,9,,N,N,,0,,0,0,0,3.0,2,,9999,1,2,0,0,0,0,1,3,2,0,2,7,,N,,,,,,,,,,,