CRN,ARRIVAL_TM,AUTOMOBILE_COUNT,BELTED_DEATH_COUNT,BELTED_SUSP_SERIOUS_INJ_COUNT,BICYCLE_COUNT,BICYCLE_DEATH_COUNT,BICYCLE_SUSP_SERIOUS_INJ_COUNT,BUS_COUNT,CHLDPAS_DEATH_COUNT,CHLDPAS_SUSP_SERIOUS_INJ_COUNT,COLLISION_TYPE,COMM_VEH_COUNT,CONS_ZONE_SPD_LIM,COUNTY,CRASH_MONTH,CRASH_YEAR,DAY_OF_WEEK,DEC_LAT,DEC_LONG,DISPATCH_TM,DISTRICT,DRIVER_COUNT_16YR,DRIVER_COUNT_17YR,DRIVER_COUNT_18YR,DRIVER_COUNT_19YR,DRIVER_COUNT_20YR,DRIVER_COUNT_50_64YR,DRIVER_COUNT_65_74YR,DRIVER_COUNT_75PLUS,EST_HRS_CLOSED,FATAL_COUNT,HEAVY_TRUCK_COUNT,HORSE_BUGGY_COUNT,HOUR_OF_DAY,ILLUMINATION,INJURY_COUNT,INTERSECT_TYPE,INTERSECTION_RELATED,LANE_CLOSED,LATITUDE,LN_CLOSE_DIR,LOCATION_TYPE,LONGITUDE,MAX_SEVERITY_LEVEL,MCYCLE_DEATH_COUNT,MCYCLE_SUSP_SERIOUS_INJ_COUNT,MOTORCYCLE_COUNT,MUNICIPALITY,NONMOTR_COUNT,NONMOTR_DEATH_COUNT,NONMOTR_SUSP_SERIOUS_INJ_COUNT,NTFY_HIWY_MAINT,PED_COUNT,PED_DEATH_COUNT,PED_SUSP_SERIOUS_INJ_COUNT,PERSON_COUNT,POLICE_AGCY,POSSIBLE_INJ_COUNT,RDWY_SURF_TYPE_CD,RELATION_TO_ROAD,ROAD_CONDITION,ROADWAY_CLEARED,SCH_BUS_IND,SCH_ZONE_IND,SECONDARY_CRASH,SMALL_TRUCK_COUNT,SPEC_JURIS_CD,SUSP_MINOR_INJ_COUNT,SUSP_SERIOUS_INJ_COUNT,SUV_COUNT,TCD_FUNC_CD,TCD_TYPE,TFC_DETOUR_IND,TIME_OF_DAY,TOT_INJ_COUNT,TOTAL_UNITS,UNB_DEATH_COUNT,UNB_SUSP_SERIOUS_INJ_COUNT,UNBELTED_OCC_COUNT,UNK_INJ_DEG_COUNT,UNK_INJ_PER_COUNT,URBAN_AREA,URBAN_RURAL,VAN_COUNT,VEHICLE_COUNT,WEATHER1,WEATHER2,WORK_ZONE_IND,WORK_ZONE_LOC,WORK_ZONE_TYPE,WORKERS_PRES,WZ_CLOSE_DETOUR,WZ_FLAGGER,WZ_LAW_OFFCR_IND,WZ_LN_CLOSURE,WZ_MOVING,WZ_OTHER,WZ_SHLDER_MDN,WZ_WORKERS_INJ_KILLED
2009013695,820,2,0,0,0,0,0,0,0,0,4,0,,67,12,2008,4,40.0688,-75.0869,815.0,6,0,0,0,0,0,1,0,0,,0,0,0,7,1,1,0,,0,40 04:07.575,,0,75 05:12.760,8,0,0,0,67301,0,0,0,N,0,0,0,2,67301,0,,1,9,,N,N,,0,,0,0,0,0.0,0,,730,1,2,0,0,0,1,0,3,4,0,2,7,,N,,,,,,,,,,,
2009013855,955,2,0,0,0,0,0,0,0,0,4,0,,67,11,2008,3,40.0311,-75.1377,943.0,6,0,0,0,0,0,0,0,0,,0,0,0,9,1,1,1,,0,40 01:51.816,,0,75 08:15.691,4,0,0,0,67301,0,0,0,N,0,0,0,1,67301,1,,5,9,,N,N,,0,,0,0,0,3.0,3,,938,1,2,0,0,0,0,0,3,4,0,2,7,,N,,,,,,,,,,,
2009001014,1412,1,0,0,0,0,0,0,0,0,7,0,,67,11,2008,6,40.0413,-75.1917,1410.0,6,0,0,0,0,0,1,0,0,2.0,0,0,0,14,1,0,2,,1,40 02:28.656,5.0,0,75 11:30.097,0,0,0,0,67301,0,0,0,,0,0,0,1,67301,0,,4,9,,,,,0,,0,0,0,0.0,0,Y,1400,0,1,0,0,0,0,0,3,4,0,1,7,,N,,,,,,,,,,,
2009001052,1530,1,0,1,0,0,0,0,0,0,4,0,,67,10,2008,2,39.9374,-75.2176,1526.0,6,0,0,0,0,0,0,0,0,3.0,0,0,0,15,1,4,1,,2,39 56:14.564,7.0,0,75 13:03.428,2,0,0,0,67301,0,0,0,N,0,0,0,4,67301,2,,1,1,,N,N,,0,,1,1,0,3.0,3,Y,1526,4,2,0,0,0,0,0,3,4,1,2,3,,N,,,,,,,,,,,
2009024726,100,2,0,0,0,0,0,0,0,0,1,0,,67,12,2008,1,40.0501,-75.0782,56.0,6,0,0,0,0,0,0,0,0,,0,0,0,0,3,2,0,,0,40 03:00.183,,0,75 04:41.696,4,0,0,0,67301,0,0,0,N,0,0,0,2,67301,2,,2,1,,N,N,,0,,0,0,0,0.0,0,,56,2,2,0,0,0,0,0,3,4,0,2,3,,N,,,,,,,,,,,
2009024764,2230,2,0,0,0,0,0,0,0,0,1,0,,67,12,2008,2,40.054,-75.1266,2225.0,6,0,0,0,0,0,0,0,0,,0,0,0,22,3,1,3,,0,40 03:14.353,,0,75 07:35.903,4,0,0,0,67301,0,0,0,N,0,0,0,3,67301,1,,1,9,,N,N,,0,,0,0,0,3.0,2,,2200,1,2,0,0,0,0,0,3,4,0,2,7,,N,,,,,,,,,,,
2009012502,1600,0,0,0,0,0,0,1,0,0,8,1,,67,12,2008,6,40.0512,-75.0661,1600.0,6,0,0,0,0,0,1,0,0,,0,0,0,16,1,1,1,,0,40 03:04.320,,0,75 03:57.960,8,0,0,0,67301,1,0,0,,1,0,0,2,67301,0,,1,1,,N,,,0,,0,0,0,3.0,2,,1600,1,2,0,0,0,1,0,3,4,0,1,3,,N,,,,,,,,,,,
2009002025,911,1,0,0,0,0,0,0,0,0,2,0,,67,11,2008,5,39.9921,-75.1121,909.0,6,0,0,0,0,0,0,0,0,,0,0,0,8,1,1,2,,0,39 59:31.366,,0,75 06:43.771,8,0,0,0,67301,0,0,0,N,0,0,0,2,67301,0,,1,1,,N,N,,0,,0,0,1,9.0,3,,855,1,2,0,0,0,1,0,3,4,0,2,3,,N,,,,,,,,,,,
2009002105,1540,1,0,0,0,0,0,0,0,0,8,0,,67,11,2008,3,39.9746,-75.1835,1530.0,6,0,0,0,0,0,0,0,1,,0,0,0,15,1,1,1,,0,39 58:28.408,,0,75 11:00.487,4,0,0,0,67301,1,0,0,N,1,0,0,2,67301,1,,1,1,,N,N,,0,,0,0,0,3.0,2,,1532,1,2,0,0,0,0,0,3,4,0,1,3,,N,,,,,,,,,,,
2009002126,1230,1,0,0,1,0,0,0,0,0,4,0,,67,11,2008,4,39.9349,-75.1571,1230.0,6,0,0,0,0,0,0,0,0,,0,0,0,19,3,1,5,,0,39 56:05.575,,0,75 09:25.653,3,0,0,0,67301,1,0,0,N,0,0,0,2,67301,0,,1,1,,N,N,,0,,1,0,0,0.0,0,,1915,1,2,0,0,0,0,0,3,4,0,1,3,,N,,,,,,,,,,,
2009002127,1615,0,0,0,0,0,0,0,0,0,8,0,,67,11,2008,6,40.0213,-75.1578,1609.0,6,0,0,0,0,0,0,0,0,,0,0,0,15,1,1,0,,0,40 01:16.875,,0,75 09:28.067,4,0,0,0,67301,1,0,0,,1,0,0,2,67301,1,,1,9,,N,N,,0,,0,0,1,0.0,0,,1507,1,2,0,0,0,0,1,3,4,0,1,7,,N,,,,,,,,,,,
2009002193,915,2,0,0,0,0,0,0,0,0,6,0,,67,11,2008,2,39.9881,-75.1824,914.0,6,0,0,0,0,1,0,0,0,,0,0,0,9,1,0,1,,0,39 59:17.008,,0,75 10:56.670,0,0,0,0,67301,0,0,0,N,0,0,0,2,67301,0,,1,1,,N,N,,0,,0,0,0,3.0,2,,910,0,2,0,0,0,0,0,3,4,0,2,3,,N,,,,,,,,,,,
2009002210,940,1,0,0,0,0,0,0,0,0,4,0,,67,11,2008,4,39.9313,-75.178,939.0,6,0,0,0,0,0,1,0,0,,0,0,0,9,1,1,1,,0,39 55:52.633,,0,75 10:40.807,4,0,0,0,67301,0,0,0,N,0,0,0,2,67301,1,,1,1,,N,N,,0,,0,0,1,3.0,3,,930,1,2,0,0,0,0,0,3,4,0,2,3,,N,,,,,,,,,,,
2009004115,1730,2,0,0,0,0,0,1,0,0,1,1,,67,11,2008,7,40.0049,-75.1656,1730.0,6,0,1,0,0,0,0,0,0,,0,0,0,17,3,2,0,,0,40 00:17.697,,0,75 09:56.044,4,0,0,0,67301,0,0,0,,0,0,0,3,67301,2,,1,9,,N,N,,0,,0,0,0,3.0,3,,1715,2,3,0,0,0,0,0,3,4,0,3,7,,N,,,,,,,,,,,
2009006861,2052,2,0,0,0,0,0,0,0,0,1,0,,67,11,2008,5,40.0005,-75.1951,2045.0,6,0,0,0,0,0,0,0,0,,0,0,0,20,3,0,0,,0,40 00:02.330,,0,75 11:42.274,9,0,0,0,67301,0,0,0,N,0,0,0,2,68K01,0,,1,1,,N,N,,0,,0,0,0,0.0,0,,2030,0,2,0,0,0,0,1,3,4,0,2,3,,N,,,,,,,,,,,
2009004961,2225,3,0,0,0,0,0,0,0,0,4,0,,67,11,2008,6,40.0087,-75.072,2218.0,6,0,0,0,0,0,0,0,0,2.0,0,0,0,22,3,0,0,,1,40 00:31.479,3.0,0,75 04:19.126,0,0,0,0,67301,0,0,0,N,0,0,0,3,67301,0,,1,1,,N,N,,0,,0,0,0,0.0,0,N,2210,0,3,0,0,0,0,0,3,4,0,3,3,,N,,,,,,,,,,,
2009013303,1840,2,0,0,0,0,0,0,0,0,4,0,,67,11,2008,3,39.9756,-75.2436,1837.0,6,0,0,0,0,0,0,0,0,1.0,0,0,0,18,3,1,1,,2,39 58:32.052,6.0,0,75 14:36.891,8,0,0,0,67301,0,0,0,N,0,0,0,5,67301,0,,1,1,,N,N,,0,,0,0,0,3.0,2,Y,1835,1,2,0,0,1,1,0,3,4,0,2,3,,N,,,,,,,,,,,
2009013313,1303,3,0,0,0,0,0,0,0,0,1,0,,67,12,2008,7,40.0854,-75.0371,1301.0,6,0,0,0,0,0,0,0,0,,0,0,0,13,1,1,0,,0,40 05:07.420,,0,75 02:13.716,4,0,0,0,67301,0,0,0,N,0,0,0,4,67301,1,,1,1,,N,N,,0,,0,0,0,3.0,2,,1300,1,3,0,0,0,0,0,3,4,0,3,3,,N,,,,,,,,,,,
2009013319,1154,2,0,0,0,0,0,0,0,0,4,0,,67,11,2008,6,39.9286,-75.1634,1153.0,6,0,0,0,0,0,0,0,1,,0,0,0,99,1,1,2,,0,39 55:42.884,,0,75 09:48.146,4,0,0,0,67301,0,0,0,N,0,0,0,3,67301,1,,1,1,,N,N,,0,,0,0,0,3.0,3,,9999,1,2,0,0,0,0,0,3,4,0,2,7,,N,,,,,,,,,,,
2009013383,1445,2,0,0,0,0,0,0,0,0,4,0,,67,12,2008,2,40.0647,-74.9823,1445.0,6,0,0,0,1,0,0,1,0,,0,0,0,14,1,1,1,,0,40 03:52.885,,0,74 58:56.122,4,0,0,0,67301,0,0,0,N,0,0,0,2,67301,1,,1,1,,N,N,,0,,0,0,0,3.0,2,,1440,1,2,0,0,0,0,0,3,4,0,2,3,,N,,,,,,,,,,,
2009013385,155,1,0,0,0,0,0,0,0,0,7,0,,67,12,2008,1,40.0564,-75.019,147.0,6,0,0,0,0,0,0,0,0,,0,0,0,1,3,2,1,,0,40 03:23.018,,0,75 01:08.608,8,0,0,0,67301,0,0,0,N,0,0,0,2,67301,0,,3,9,,N,N,,0,,0,0,0,0.0,0,,140,2,1,0,0,0,2,0,3,4,0,1,7,,N,,,,,,,,,,,
2009013489,1920,2,0,0,0,0,0,0,0,0,4,0,,67,11,2008,2,39.9812,-75.2412,1913.0,6,0,0,0,0,0,1,0,0,,0,0,0,18,3,0,1,,0,39 58:52.464,,0,75 14:28.449,0,0,0,0,67301,0,0,0,N,0,0,0,2,67301,0,,1,9,,N,N,,0,,0,0,0,3.0,3,,1858,0,2,0,0,0,0,0,3,4,0,2,7,,N,,,,,,,,,,,
2009013576,1125,1,0,0,0,0,0,0,0,0,4,1,,67,12,2008,6,40.0029,-75.1017,1120.0,6,0,0,0,0,0,2,0,0,,0,1,0,10,1,0,1,,0,40 00:10.274,,0,75 06:06.094,0,0,0,0,67301,0,0,0,,0,0,0,5,67301,0,,1,1,,,,,0,,0,0,0,9.0,2,,1030,0,2,0,0,0,0,0,3,4,0,2,3,,N,,,,,,,,,,,
2009013600,1813,1,0,0,0,0,0,0,0,0,8,0,,67,12,2008,6,39.9222,-75.2303,1811.0,6,0,0,0,0,0,0,0,0,,0,0,0,18,6,1,1,,0,39 55:19.920,,0,75 13:49.080,8,0,0,0,67301,1,0,0,N,1,0,0,2,67301,0,,2,1,,N,N,,0,,0,0,0,3.0,2,,1810,1,2,0,0,0,1,0,3,4,0,1,3,,N,,,,,,,,,,,
2009013624,922,0,0,0,0,0,0,0,0,0,8,1,,67,11,2008,3,39.9211,-75.1774,918.0,6,0,0,0,0,0,0,0,0,,0,1,0,9,1,1,0,,0,39 55:15.927,,0,75 10:38.726,4,0,0,0,67301,1,0,0,,1,0,0,2,67301,1,,1,9,,N,N,,0,,0,0,0,0.0,0,,915,1,2,0,0,0,0,0,3,4,0,1,7,,N,,,,,,,,,,,
2009013432,1212,1,0,0,0,0,0,0,0,0,7,0,,67,12,2008,3,39.9743,-75.1771,1212.0,6,0,0,0,0,0,0,0,0,2.0,0,0,0,12,1,1,2,,2,39 58:27.559,6.0,0,75 10:37.595,3,0,0,0,67301,0,0,0,N,0,0,0,1,67301,0,,4,1,,N,N,,0,,1,0,0,0.0,0,Y,1210,1,1,0,0,0,0,0,3,4,0,1,3,,N,,,,,,,,,,,
2009024634,1600,1,0,0,0,0,0,0,0,0,8,0,,67,12,2008,5,40.0012,-75.168,1555.0,6,0,0,0,1,0,0,0,0,,0,0,0,15,1,1,0,,0,40 00:04.158,,0,75 10:04.918,8,0,0,0,67301,1,0,0,N,1,0,0,2,67301,0,,1,1,,N,N,,0,,0,0,0,0.0,0,,1545,1,2,0,0,0,1,0,3,4,0,1,3,,N,,,,,,,,,,,
2009024699,630,1,0,0,0,0,0,0,0,0,4,1,,67,12,2008,2,40.0383,-75.1016,623.0,6,0,0,0,0,0,0,0,0,1.0,0,1,0,6,3,1,1,,1,40 02:17.754,1.0,0,75 06:05.767,8,0,0,0,67301,0,0,0,N,0,0,0,2,67301,0,,1,1,,N,N,,0,,0,0,0,3.0,2,N,620,1,2,0,0,0,1,0,3,4,0,2,3,,N,,,,,,,,,,,
2009025654,225,2,0,0,0,0,0,0,0,0,4,0,,67,11,2008,1,40.0339,-75.088,221.0,6,0,0,0,0,0,0,0,0,3.0,0,0,0,2,3,1,1,,1,40 02:02.086,4.0,0,75 05:16.864,8,0,0,0,67301,0,0,0,N,0,0,0,3,67301,0,,1,9,,N,N,,0,,0,0,0,3.0,3,N,219,1,2,0,0,0,1,1,3,4,0,2,7,,N,,,,,,,,,,,
2009024826,323,2,0,0,0,0,0,0,0,0,1,0,,67,12,2008,3,39.8956,-75.2335,315.0,6,0,0,0,0,0,0,0,0,,0,0,0,3,3,0,2,,0,39 53:44.024,,0,75 14:00.732,0,0,0,0,67301,0,0,0,N,0,0,0,2,67301,0,,1,1,,N,N,,0,,0,0,0,3.0,2,,310,0,2,0,0,0,0,0,3,4,0,2,3,,N,,,,,,,,,,,
2009030452,2235,1,0,0,0,0,0,0,0,0,5,0,,67,12,2008,4,40.0787,-75.0869,2230.0,6,0,0,0,0,0,0,0,0,,0,0,0,22,3,1,0,,0,40 04:43.208,,0,75 05:12.947,4,0,0,0,67301,0,0,0,N,0,0,0,2,67301,1,,6,1,,N,N,,0,,0,0,0,3.0,3,,2225,1,2,0,0,0,0,0,3,4,1,2,3,,N,,,,,,,,,,,
2009078829,1711,1,0,0,0,0,0,0,0,0,4,0,,67,7,2008,2,40.1019,-75.0397,1709.0,6,0,0,0,0,0,1,1,0,,0,0,0,17,1,1,1,,0,40 06:06.760,,0,75 02:22.992,4,0,0,0,67301,0,0,0,N,0,0,0,3,67301,1,,1,9,,N,N,,0,,0,0,1,3.0,2,,1708,1,2,0,0,0,0,0,3,4,0,2,7,,N,,,,,,,,,,,
2009001009,120,0,0,0,0,0,0,0,0,0,1,0,,67,11,2008,7,39.9917,-75.1375,115.0,6,0,0,0,0,0,0,0,0,,0,0,0,99,3,1,0,,0,39 59:30.073,,0,75 08:14.994,4,0,0,0,67301,0,0,0,,0,0,0,4,67301,1,,1,9,,,,,0,,0,0,1,0.0,0,,9999,1,2,0,0,1,0,2,3,4,1,2,7,5.0,N,,,,,,,,,,,
2009001121,2052,1,0,0,0,0,0,0,0,0,8,0,,67,11,2008,2,39.9536,-75.1731,1047.0,6,0,0,0,0,0,0,1,0,,0,0,0,20,3,1,1,,0,39 57:12.850,,0,75 10:23.482,4,0,0,0,67301,1,0,0,N,1,0,0,2,67301,1,,1,9,,N,N,,0,,0,0,0,3.0,2,,2045,1,2,0,0,0,0,0,3,4,0,1,7,,N,,,,,,,,,,,
2009024768,815,0,0,0,0,0,0,0,0,0,8,0,,67,12,2008,2,39.9236,-75.1732,813.0,6,0,0,0,0,0,0,0,0,,0,0,0,8,1,1,1,,0,39 55:24.916,,0,75 10:23.602,8,0,0,0,67301,1,0,0,,1,0,0,2,67301,0,,1,1,,N,N,,0,,0,0,0,3.0,3,,810,1,2,0,0,0,1,0,3,4,1,1,3,,N,,,,,,,,,,,
2009002138,1410,0,0,0,0,0,0,0,0,0,4,0,,67,11,2008,5,40.0851,-75.2288,1400.0,6,0,0,0,0,0,1,0,0,3.0,0,0,0,13,1,1,2,,2,40 05:06.222,5.0,0,75 13:43.858,4,0,0,0,67301,0,0,0,N,0,0,0,2,67301,1,,1,9,,N,N,,0,,0,0,2,3.0,2,Y,1345,1,2,0,0,0,0,1,3,4,0,2,7,,N,,,,,,,,,,,
2009002144,9999,0,0,0,1,0,0,0,0,0,4,0,,67,10,2008,4,39.9505,-75.1489,9999.0,6,0,0,0,0,0,0,0,0,,0,0,0,23,3,1,1,,0,39 57:02.130,,0,75 08:56.031,3,0,0,0,67301,1,0,0,,0,0,0,2,67301,0,,1,98,,N,N,,0,,1,0,0,3.0,2,,2330,1,2,0,0,0,0,1,3,4,0,1,99,,N,,,,,,,,,,,
2009002238,2051,0,0,0,0,0,0,0,0,0,8,0,,67,11,2008,7,39.9939,-75.1389,2050.0,6,0,0,0,0,0,0,0,0,,0,0,0,20,3,1,0,,0,39 59:38.032,,0,75 08:19.888,8,0,0,0,67301,1,0,0,N,1,0,0,2,67301,0,,6,1,,N,N,,0,,0,0,2,0.0,0,,2049,1,3,0,0,0,1,1,3,4,0,2,3,,N,,,,,,,,,,,
2009002294,1205,3,0,0,0,0,0,0,0,0,4,0,,67,11,2008,6,39.9527,-75.2284,1203.0,6,0,0,0,0,0,0,0,0,,0,0,0,12,1,1,0,,0,39 57:09.666,,0,75 13:42.304,8,0,0,0,67301,0,0,0,N,0,0,0,2,67301,0,,6,1,,N,N,,0,,0,0,0,0.0,0,,1200,1,3,0,0,0,1,0,3,4,0,3,3,,N,,,,,,,,,,,
2009036382,715,1,0,0,0,0,0,0,0,0,8,0,,67,12,2008,5,40.0591,-75.0447,700.0,6,0,0,0,0,0,0,0,0,1.0,0,0,0,6,3,2,5,,1,40 03:32.505,2.0,0,75 02:41.289,3,0,0,0,67301,2,0,0,,2,0,0,3,67301,0,,1,9,,,,,0,,2,0,0,3.0,2,N,655,2,3,0,0,0,0,0,3,4,0,1,7,,N,,,,,,,,,,,
2009000787,2235,2,0,0,0,0,0,0,0,0,2,0,,67,11,2008,7,40.0096,-75.0896,2230.0,6,0,0,0,0,0,0,0,0,,0,0,0,22,3,1,3,,0,40 00:34.515,,0,75 05:22.411,8,0,0,0,67301,0,0,0,,0,0,0,4,67301,0,,1,9,,N,N,,0,,0,0,0,3.0,3,,2215,1,2,0,0,0,1,0,3,4,0,2,7,,N,,,,,,,,,,,
2009001031,1305,2,0,0,0,0,0,0,0,0,4,0,,67,11,2008,6,40.0372,-75.0432,1259.0,6,0,0,0,0,0,0,0,0,,0,0,0,99,1,1,1,,0,40 02:13.952,,0,75 02:35.692,4,0,0,0,67301,0,0,0,,0,0,0,3,67301,1,,1,9,,,,,0,,0,0,0,3.0,3,,9999,1,2,0,0,0,0,2,3,4,0,2,7,,N,,,,,,,,,,,
2009002399,43,1,0,0,0,0,0,0,0,0,7,0,,67,12,2008,4,39.9157,-75.1478,43.0,6,0,0,0,0,0,0,0,0,,0,0,0,0,3,0,0,,0,39 54:53.050,,0,75 08:53.111,0,0,0,0,67301,0,0,0,N,0,0,0,1,68K01,0,,2,2,,N,N,,0,,0,0,0,3.0,8,,42,0,1,0,0,0,0,0,3,4,0,1,98,,N,,,,,,,,,,,
2009012655,2358,4,0,0,0,0,0,0,0,0,4,0,,67,12,2008,7,40.0446,-75.0547,2351.0,6,0,1,0,0,1,0,0,0,,0,0,0,23,3,2,1,,0,40 02:40.636,,0,75 03:16.819,8,0,0,0,67301,0,0,0,,0,0,0,4,67301,0,,1,1,,,,,0,,0,0,0,3.0,2,,2350,2,4,0,0,0,2,0,3,4,0,4,3,,N,,,,,,,,,,,
2009014224,1709,1,0,0,0,0,0,0,0,0,8,0,,67,12,2008,6,40.0446,-75.1634,1702.0,6,0,0,0,0,0,0,0,0,,0,0,0,17,3,1,2,,0,40 02:40.476,,0,75 09:48.121,3,0,0,0,67301,1,0,0,,1,0,0,3,67301,0,,1,1,,N,N,,0,,1,0,0,0.0,0,,1700,1,2,0,0,0,0,0,3,4,0,1,3,,N,,,,,,,,,,,
2009013496,1505,2,0,0,0,0,0,0,0,0,4,0,,67,12,2008,1,40.0269,-75.1377,1500.0,6,0,0,0,0,0,0,0,0,2.0,0,0,0,14,1,1,0,,2,40 01:36.681,5.0,0,75 08:15.558,8,0,0,0,67301,0,0,0,N,0,0,0,1,67301,0,,6,1,,N,N,,1,,0,0,0,0.0,0,Y,1455,1,3,0,0,0,1,0,3,4,0,3,3,,N,,,,,,,,,,,
2009013524,240,1,0,0,0,0,0,0,0,0,7,0,,67,12,2008,7,40.0436,-75.0197,234.0,6,0,0,0,0,0,0,0,0,2.0,0,0,0,2,3,1,0,,2,40 02:36.907,5.0,0,75 01:10.934,8,0,0,0,67301,0,0,0,N,0,0,0,2,67301,0,,5,1,,N,N,,0,,0,0,0,0.0,0,Y,230,1,1,0,0,0,1,0,3,4,0,1,3,,N,,,,,,,,,,,
2009013599,9999,1,0,0,0,0,0,0,0,0,8,0,,67,12,2008,6,39.9253,-75.2269,9999.0,6,0,0,0,0,0,0,0,0,,0,0,0,99,3,1,0,,0,39 55:31.144,,0,75 13:37.005,4,0,0,0,67301,1,0,0,,1,0,0,2,67301,1,,1,1,,,,,0,,0,0,0,0.0,0,,9999,1,2,0,0,0,0,0,3,4,0,1,3,,N,,,,,,,,,,,
2009013633,1945,0,0,0,0,0,0,0,0,0,5,0,,67,8,2008,3,39.9564,-75.2085,1944.0,6,0,0,0,0,0,0,0,0,,0,0,0,18,3,0,1,,0,39 57:23.040,,0,75 12:30.240,0,0,0,0,67301,0,0,0,N,0,0,0,2,67301,0,,1,1,,N,N,,0,,0,0,2,3.0,2,,1850,0,2,0,0,0,0,0,3,4,0,2,3,,N,,,,,,,,,,,
2009029222,9999,0,0,0,0,0,0,0,0,0,8,0,,67,10,2008,2,,,9999.0,6,0,0,0,0,0,0,0,0,,0,0,0,23,6,1,0,,0,,,0,,2,0,0,0,67301,1,0,1,N,1,0,1,2,00000,0,,1,1,,N,N,,0,,0,1,1,0.0,0,,2300,1,2,0,0,0,0,0,3,3,0,1,3,,N,,,,,,,,,,,
2009024644,1720,0,0,0,0,0,0,0,0,0,8,0,,67,12,2008,3,39.9582,-75.2062,1713.0,6,0,0,0,0,0,0,0,0,,0,0,0,17,3,1,0,,0,39 57:29.548,,0,75 12:22.212,8,0,0,0,67301,1,0,0,N,1,0,0,2,67301,0,,1,9,,N,N,,0,,0,0,0,0.0,0,,1713,1,2,0,0,1,1,0,3,4,1,1,3,,N,,,,,,,,,,,
2009026948,433,3,0,0,0,0,0,0,0,0,5,0,,67,12,2008,1,39.979,-75.1831,431.0,6,0,0,0,0,0,0,0,0,,0,0,0,4,3,0,0,,0,39 58:44.536,,0,75 10:59.228,0,0,0,0,67301,0,0,0,N,0,0,0,1,67301,0,,4,1,,N,N,,0,,0,0,0,0.0,0,,420,0,3,0,0,1,0,0,3,4,0,3,3,,N,,,,,,,,,,,
2009029169,0,2,0,0,0,0,0,0,0,0,1,0,,67,12,2008,2,40.017,-75.1883,0.0,6,0,0,0,0,0,0,0,0,,0,0,0,17,4,3,1,,0,40 01:01.181,,0,75 11:17.958,8,0,0,0,67301,0,0,0,,0,0,0,4,00000,0,,1,1,,,,,0,,0,0,0,9.0,9,,1730,3,2,0,0,0,3,0,3,4,0,2,3,,N,,,,,,,,,,,
2009030584,1656,1,0,0,0,0,0,0,0,0,5,0,,67,12,2008,7,39.9964,-75.1135,1651.0,6,0,0,0,0,0,0,0,0,,0,0,0,16,3,1,1,,0,39 59:47.158,,0,75 06:48.513,8,0,0,0,67301,0,0,0,N,0,0,0,2,67301,0,,1,9,,N,N,,0,,0,0,0,3.0,2,,1645,1,2,0,0,0,1,0,3,4,0,2,7,,N,,,,,,,,,,,
2009024861,1735,2,0,0,0,0,0,0,0,0,4,0,,67,12,2008,6,39.9546,-75.2159,1730.0,6,0,0,0,0,0,0,0,0,,0,0,0,17,3,1,1,,0,39 57:16.495,,0,75 12:57.142,8,0,0,0,67301,0,0,0,N,0,0,0,3,67301,0,,1,1,,N,N,,0,,0,0,0,3.0,2,,1715,1,2,0,0,0,1,0,3,4,0,2,3,,N,,,,,,,,,,,
2009030467,935,1,0,0,0,0,0,1,0,0,4,1,,67,12,2008,2,39.948,-75.1727,931.0,6,0,0,0,0,0,0,0,0,,0,0,0,99,1,2,2,,0,39 56:52.684,,0,75 10:21.874,3,0,0,0,67301,1,0,0,N,1,0,0,3,67301,1,,1,1,,N,N,,0,,1,0,0,3.0,2,,9999,2,3,0,0,1,0,0,3,4,0,2,3,,N,,,,,,,,,,,
2008104861,2032,0,0,0,0,0,0,0,0,0,1,0,50.0,67,8,2008,6,39.9263,-75.147,2031.0,6,0,0,0,0,0,0,0,0,,0,0,0,20,3,0,0,,0,39 55:34.160,,0,75 08:49.140,0,0,0,0,67301,0,0,0,N,0,0,0,4,68K01,0,,1,1,,N,N,,1,,0,0,1,0.0,0,,2029,0,2,0,0,0,0,0,3,4,0,2,3,,Y,1.0,1.0,N,N,N,Y,Y,N,N,N,
2008118527,2255,1,0,0,0,0,0,0,0,0,7,0,,67,9,2008,7,39.9878,-75.2166,2250.0,6,0,0,0,0,0,0,0,0,,0,0,0,22,3,0,0,,0,39 59:16.074,,0,75 12:59.587,0,0,0,0,67301,0,0,0,N,0,0,0,1,67301,0,,2,9,,N,N,,0,,0,0,0,0.0,0,,2249,0,1,0,0,0,0,0,3,4,0,1,7,,N,,,,,,,,,,,
2008132402,2046,1,0,0,0,0,0,0,0,0,7,0,,67,11,2008,1,39.8776,-75.2529,2044.0,6,0,0,0,0,0,0,0,0,,0,0,0,20,3,0,0,,0,39 52:39.370,,2,75 15:10.578,0,0,0,0,67301,0,0,0,N,0,0,0,2,68K01,0,,2,1,,N,N,,0,,0,0,0,0.0,0,,2041,0,1,0,0,0,0,0,3,4,0,1,3,,N,,,,,,,,,,,
2008119485,1550,1,0,0,0,0,0,0,0,0,8,0,,67,9,2008,3,40.0072,-75.1234,1545.0,6,0,0,0,0,0,1,0,0,,0,0,0,15,1,1,1,,0,40 00:25.981,,0,75 07:24.379,2,0,0,0,67301,1,0,1,,1,0,1,2,67301,0,,5,1,,,,,0,,0,1,0,0.0,0,,1515,1,2,0,0,0,0,0,3,4,0,1,98,,N,,,,,,,,,,,