CRN,ARRIVAL_TM,AUTOMOBILE_COUNT,BELTED_DEATH_COUNT,BELTED_SUSP_SERIOUS_INJ_COUNT,BICYCLE_COUNT,BICYCLE_DEATH_COUNT,BICYCLE_SUSP_SERIOUS_INJ_COUNT,BUS_COUNT,CHLDPAS_DEATH_COUNT,CHLDPAS_SUSP_SERIOUS_INJ_COUNT,COLLISION_TYPE,COMM_VEH_COUNT,CONS_ZONE_SPD_LIM,COUNTY,CRASH_MONTH,CRASH_YEAR,DAY_OF_WEEK,DEC_LAT,DEC_LONG,DISPATCH_TM,DISTRICT,DRIVER_COUNT_16YR,DRIVER_COUNT_17YR,DRIVER_COUNT_18YR,DRIVER_COUNT_19YR,DRIVER_COUNT_20YR,DRIVER_COUNT_50_64YR,DRIVER_COUNT_65_74YR,DRIVER_COUNT_75PLUS,EST_HRS_CLOSED,FATAL_COUNT,HEAVY_TRUCK_COUNT,HORSE_BUGGY_COUNT,HOUR_OF_DAY,ILLUMINATION,INJURY_COUNT,INTERSECT_TYPE,INTERSECTION_RELATED,LANE_CLOSED,LATITUDE,LN_CLOSE_DIR,LOCATION_TYPE,LONGITUDE,MAX_SEVERITY_LEVEL,MCYCLE_DEATH_COUNT,MCYCLE_SUSP_SERIOUS_INJ_COUNT,MOTORCYCLE_COUNT,MUNICIPALITY,NONMOTR_COUNT,NONMOTR_DEATH_COUNT,NONMOTR_SUSP_SERIOUS_INJ_COUNT,NTFY_HIWY_MAINT,PED_COUNT,PED_DEATH_COUNT,PED_SUSP_SERIOUS_INJ_COUNT,PERSON_COUNT,POLICE_AGCY,POSSIBLE_INJ_COUNT,RDWY_SURF_TYPE_CD,RELATION_TO_ROAD,ROAD_CONDITION,ROADWAY_CLEARED,SCH_BUS_IND,SCH_ZONE_IND,SECONDARY_CRASH,SMALL_TRUCK_COUNT,SPEC_JURIS_CD,SUSP_MINOR_INJ_COUNT,SUSP_SERIOUS_INJ_COUNT,SUV_COUNT,TCD_FUNC_CD,TCD_TYPE,TFC_DETOUR_IND,TIME_OF_DAY,TOT_INJ_COUNT,TOTAL_UNITS,UNB_DEATH_COUNT,UNB_SUSP_SERIOUS_INJ_COUNT,UNBELTED_OCC_COUNT,UNK_INJ_DEG_COUNT,UNK_INJ_PER_COUNT,URBAN_AREA,URBAN_RURAL,VAN_COUNT,VEHICLE_COUNT,WEATHER1,WEATHER2,WORK_ZONE_IND,WORK_ZONE_LOC,WORK_ZONE_TYPE,WORKERS_PRES,WZ_CLOSE_DETOUR,WZ_FLAGGER,WZ_LAW_OFFCR_IND,WZ_LN_CLOSURE,WZ_MOVING,WZ_OTHER,WZ_SHLDER_MDN,WZ_WORKERS_INJ_KILLED
2008120659,1445,1,0,0,0,0,0,0,0,0,8,0,,67,10,2008,4,40.0032,-75.1526,1445.0,6,0,0,0,0,0,0,1,0,,0,0,0,14,1,1,5,,0,40 00:11.468,,0,75 09:09.274,4,0,0,0,67301,1,0,0,N,1,0,0,2,67301,1,,1,1,,N,N,,0,,0,0,0,9.0,2,,1443,1,2,0,0,0,0,0,3,4,0,1,3,,N,,,,,,,,,,,
2009021321,1745,1,0,0,0,0,0,0,0,0,1,0,,67,6,2008,1,40.0182,-75.173,1742.0,6,0,0,0,0,0,0,1,0,,0,0,0,99,1,0,3,,0,40 01:05.520,,0,75 10:22.800,0,0,0,0,67301,0,0,0,,0,0,0,4,67301,0,,1,1,,,,,0,,0,0,1,0.0,0,,9999,0,2,0,0,0,0,0,3,4,0,2,3,,N,,,,,,,,,,,
2009013760,1620,1,0,0,0,0,0,0,0,0,4,0,,67,12,2008,6,39.9992,-75.1344,1618.0,6,0,0,0,0,0,0,0,0,,0,0,0,15,1,1,2,,0,39 59:57.120,,0,75 08:03.840,3,0,0,0,67301,0,0,0,N,0,0,0,2,67301,0,,1,1,,N,N,,0,,1,0,0,0.0,0,,1512,1,2,0,0,1,0,1,3,4,1,2,3,,N,,,,,,,,,,,
2009013851,30,2,0,0,0,0,0,0,0,0,4,0,,67,11,2008,7,39.9583,-75.1673,28.0,6,0,0,1,0,0,0,0,0,,0,0,0,0,3,3,2,,0,39 57:29.771,,0,75 10:02.292,4,0,0,0,67301,0,0,0,N,0,0,0,6,67301,3,,1,1,,N,N,,0,,0,0,0,3.0,2,,28,3,2,0,0,3,0,0,3,4,0,2,3,,N,,,,,,,,,,,
2009001048,1940,1,0,0,0,0,0,0,0,0,8,0,,67,11,2008,1,39.9463,-75.2282,1937.0,6,0,0,0,0,0,0,0,0,,0,0,0,18,3,1,2,,0,39 56:46.688,,0,75 13:41.382,4,0,0,0,67301,1,0,0,,1,0,0,2,67301,1,,1,1,,,,,0,,0,0,0,9.0,3,,1800,1,2,0,0,0,0,0,3,4,0,1,3,,N,,,,,,,,,,,
2009019642,2047,1,0,0,0,0,0,0,0,0,5,0,,67,11,2008,3,40.0379,-75.0609,2046.0,6,0,0,0,1,0,1,0,0,,0,0,0,20,3,1,2,,0,40 02:16.430,,0,75 03:39.319,8,0,0,0,67301,0,0,0,N,0,0,0,3,67301,0,,1,1,,N,N,,0,,0,0,1,9.0,3,,2046,1,2,0,0,2,1,0,3,4,0,2,3,,N,,,,,,,,,,,
2009019288,210,1,0,0,0,0,0,0,0,0,4,0,,67,11,2008,1,39.9445,-75.1566,209.0,6,0,0,0,0,0,1,0,0,,0,0,0,2,3,1,2,,0,39 56:40.218,,0,75 09:23.900,8,0,0,0,67301,0,0,0,,0,0,0,2,67301,0,,1,9,,N,N,,0,,0,0,1,3.0,2,,208,1,2,0,0,0,1,0,3,4,0,2,7,,N,,,,,,,,,,,
2009024767,1500,2,0,0,0,0,0,0,0,0,4,0,,67,12,2008,3,40.011,-75.1526,1459.0,6,0,0,0,0,0,1,1,0,2.0,0,0,0,14,1,3,1,,2,40 00:39.751,7.0,0,75 09:09.223,3,0,0,0,67301,0,0,0,,0,0,0,6,67301,0,,1,1,,N,N,,0,,1,0,0,3.0,3,Y,1445,3,2,0,0,0,2,0,3,4,0,2,3,,N,,,,,,,,,,,
2009024784,641,1,0,0,0,0,0,0,0,0,4,0,,67,12,2008,2,40.0101,-75.1214,639.0,6,0,0,0,0,0,0,0,0,,0,0,0,6,1,2,1,,0,40 00:36.436,,0,75 07:17.179,8,0,0,0,67301,0,0,0,,0,0,0,3,67301,0,,1,1,,N,N,,0,,0,0,0,3.0,2,,639,2,2,0,0,0,2,0,3,4,1,2,3,,N,,,,,,,,,,,
2009031197,1252,2,0,0,0,0,0,0,0,0,6,0,,67,11,2008,5,39.9662,-75.2278,1247.0,6,0,0,0,0,0,0,0,0,,0,0,0,12,1,2,1,,0,39 57:58.237,,0,75 13:40.171,4,0,0,0,67301,0,0,0,N,0,0,0,3,67301,1,,1,1,,N,N,,0,,0,0,0,3.0,2,,1230,2,2,0,0,0,1,0,3,4,0,2,3,,N,,,,,,,,,,,
2009002631,2357,2,0,0,0,0,0,0,0,0,4,0,,67,11,2008,1,39.9541,-75.1395,2354.0,6,0,0,0,0,0,0,0,0,2.0,0,0,0,23,3,1,2,,2,39 57:15.517,2.0,2,75 08:23.025,8,0,0,0,67301,0,0,0,N,0,0,0,3,67301,0,,1,1,,N,N,,0,,0,0,0,0.0,0,Y,2350,1,2,0,0,0,1,0,3,4,0,2,3,,N,,,,,,,,,,,
2009012499,950,2,0,0,0,0,0,0,0,0,1,0,,67,12,2008,5,40.0054,-75.1094,944.0,6,0,0,0,0,0,0,0,0,,0,0,0,8,1,2,1,,0,40 00:19.421,,0,75 06:33.690,8,0,0,0,67301,0,0,0,N,0,0,0,2,67301,0,,1,1,,N,N,,0,,0,0,0,3.0,2,,823,2,2,0,0,0,2,0,3,4,0,2,3,,N,,,,,,,,,,,
2009048902,1640,2,0,0,1,0,0,0,0,0,8,0,,67,4,2008,4,39.9512,-75.1568,1637.0,6,0,0,0,0,0,1,0,0,,0,0,0,16,1,1,0,,0,39 57:04.147,,0,75 09:24.532,4,0,0,0,67301,2,0,0,N,0,0,0,3,67301,1,,1,1,,N,N,,0,,0,0,0,0.0,0,,1630,1,3,0,0,0,0,0,3,4,0,2,3,,N,,,,,,,,,,,
2009006001,15,2,0,0,0,0,0,0,0,0,7,0,,67,12,2008,4,,,15.0,6,0,0,0,0,0,0,0,0,3.0,0,0,0,0,3,2,0,,2,,3.0,0,,4,0,0,0,67301,0,0,0,N,0,0,0,4,67501,2,,2,2,,N,N,,0,,0,0,2,0.0,0,Y,15,2,4,0,0,0,0,0,3,3,0,4,98,,N,,,,,,,,,,,
2009007069,304,0,0,0,0,0,0,0,0,0,7,0,,67,12,2008,1,39.9348,-75.1999,255.0,6,0,0,0,0,0,0,0,0,3.0,0,0,0,2,3,2,0,,2,39 56:11.040,4.0,0,75 11:58.271,8,0,0,0,67301,0,0,0,Y,0,0,0,3,68K01,0,,3,9,,N,N,,0,,0,0,2,0.0,0,Y,254,2,2,0,0,0,2,0,3,4,0,2,7,,N,,,,,,,,,,,
2009015051,705,1,0,0,0,0,0,0,0,0,4,0,,67,11,2008,3,40.0255,-75.0847,658.0,6,0,0,0,0,0,0,0,0,2.0,0,0,0,6,5,2,1,,1,40 01:31.670,1.0,0,75 05:04.955,4,0,0,0,67301,0,0,0,,0,0,0,3,67301,2,,1,9,,,,,0,,0,0,0,3.0,3,N,650,2,2,0,0,0,0,0,3,4,1,2,7,,N,,,,,,,,,,,
2009012652,1246,2,0,0,0,0,0,0,0,0,5,0,,67,12,2008,4,40.0316,-75.0852,1242.0,6,0,0,0,0,0,0,0,0,1.0,0,0,0,12,1,1,0,,1,40 01:53.597,2.0,0,75 05:06.768,4,0,0,0,67301,0,0,0,,0,0,0,7,67301,1,,1,9,,,,,0,,0,0,0,3.0,2,N,1240,1,2,0,0,0,0,0,3,4,0,2,7,,N,,,,,,,,,,,
2009012653,1757,0,0,0,0,0,0,0,0,0,8,0,,67,12,2008,2,40.0477,-75.06,1751.0,6,0,0,0,0,0,0,0,0,,0,0,0,17,3,1,1,,0,40 02:51.396,,0,75 03:35.506,4,0,0,0,67301,1,0,0,,1,0,0,2,67301,1,,1,9,,,,,0,,0,0,1,3.0,2,,1751,1,2,0,0,0,0,0,3,4,0,1,7,,N,,,,,,,,,,,
2009013477,1746,1,0,0,0,0,0,0,0,0,8,0,,67,12,2008,5,40.0608,-75.1818,1742.0,6,0,0,0,0,0,0,1,0,,0,0,0,17,3,1,1,,0,40 03:38.725,,0,75 10:54.389,4,0,0,0,67301,1,0,0,N,1,0,0,2,67301,1,,1,9,,N,N,,0,,0,0,0,3.0,3,,1736,1,2,0,0,0,0,0,3,4,0,1,7,,N,,,,,,,,,,,
2009013505,1030,0,0,0,0,0,0,0,0,0,4,1,,67,11,2008,3,39.9198,-75.2123,1021.0,6,0,0,0,0,0,0,0,0,,0,1,0,10,1,1,0,,0,39 55:11.344,,0,75 12:44.330,4,0,0,0,67301,0,0,0,N,0,0,0,1,67301,1,,2,9,,N,N,,1,,0,0,0,0.0,0,,1020,1,3,0,0,0,0,0,3,4,0,3,7,,N,,,,,,,,,,,
2009013531,9999,1,0,0,0,0,0,0,0,0,6,0,,67,11,2008,4,40.0471,-75.098,9999.0,6,0,0,0,0,0,1,0,0,2.0,0,0,0,8,1,0,1,,1,40 02:49.640,1.0,0,75 05:52.795,0,0,0,0,67301,0,0,0,N,0,0,0,2,67301,0,,1,1,,N,N,,0,,0,0,1,3.0,2,Y,829,0,2,0,0,0,0,0,3,4,0,2,3,,N,,,,,,,,,,,
2009013538,2055,1,0,0,0,0,0,0,0,0,6,0,,67,11,2008,7,39.8954,-75.2335,2050.0,6,0,0,0,0,0,0,0,0,,0,0,0,20,2,3,2,,0,39 53:43.550,,0,75 14:00.600,4,0,0,0,67301,0,0,0,N,0,0,0,4,67301,3,,1,1,,N,N,,0,,0,0,1,3.0,2,,2030,3,2,0,0,3,0,0,3,4,0,2,3,,N,,,,,,,,,,,
2009013619,1017,1,0,0,0,0,0,0,0,0,4,0,,67,12,2008,2,40.0624,-75.1639,1015.0,6,0,0,0,0,0,1,0,1,,0,0,0,10,1,2,1,,0,40 03:44.478,,0,75 09:50.198,4,0,0,0,67301,0,0,0,N,0,0,0,4,67301,2,,1,1,,N,N,,1,,0,0,0,3.0,3,,1013,2,2,0,0,0,0,1,3,4,0,2,3,,N,,,,,,,,,,,
2009029225,0,0,0,0,0,0,0,0,0,0,0,0,,67,5,2008,5,39.9577,-75.2253,0.0,6,0,0,0,0,1,0,0,0,,0,0,0,17,1,1,1,,0,39 57:27.721,,0,75 13:31.248,8,0,0,1,67301,0,0,0,N,0,0,0,2,00000,0,,1,1,,N,N,,0,,0,0,0,0.0,0,,1730,1,1,0,0,0,1,1,3,4,0,1,3,,N,,,,,,,,,,,
2009044602,0,1,0,0,0,0,0,0,0,0,8,0,,67,7,2008,3,39.9674,-75.1573,0.0,6,0,0,0,0,0,0,0,0,,0,0,0,7,6,1,0,,0,39 58:02.805,,0,75 09:26.373,3,0,0,0,67301,1,0,0,N,1,0,0,2,00000,0,,1,1,,N,N,,0,,1,0,0,0.0,0,,730,1,2,0,0,0,0,0,3,4,0,1,3,,N,,,,,,,,,,,
2009029165,0,1,0,0,0,0,0,0,0,0,7,0,,67,12,2008,4,40.0341,-75.1766,0.0,6,0,0,0,0,0,0,0,0,,0,0,0,5,5,1,0,,0,40 02:02.860,,0,75 10:35.706,4,0,0,0,67301,0,0,0,,0,0,0,1,00000,1,,2,2,,,,,0,,0,0,0,0.0,0,,550,1,1,0,0,0,0,0,3,4,0,1,98,,N,,,,,,,,,,,
2009025647,910,1,0,0,0,0,0,0,0,0,7,0,,67,12,2008,4,40.0935,-74.9802,907.0,6,0,0,0,0,0,1,0,0,,0,0,0,9,1,1,1,,0,40 05:36.613,,0,74 58:48.598,8,0,0,0,67301,0,0,0,,0,0,0,1,67301,0,,5,2,,N,N,,0,,0,0,0,3.0,2,,901,1,1,0,0,0,1,0,3,4,0,1,98,,N,,,,,,,,,,,
2009025192,915,2,0,0,0,0,0,0,0,0,4,0,,67,12,2008,3,40.0743,-75.0348,906.0,6,0,0,0,0,0,0,0,0,1.0,0,0,0,9,1,0,1,,1,40 04:27.540,5.0,0,75 02:05.368,0,0,0,0,67301,0,0,0,,0,0,0,2,67301,0,,5,1,,,,,0,,0,0,0,3.0,2,N,900,0,2,0,0,0,0,0,3,4,0,2,3,,N,,,,,,,,,,,
2009024834,1542,2,0,0,0,0,0,0,0,0,4,0,,67,12,2008,5,40.0191,-75.0815,1542.0,6,0,0,0,0,0,0,1,0,,0,0,0,15,1,3,1,,0,40 01:08.974,,0,75 04:53.511,3,0,0,0,67301,0,0,0,,0,0,0,3,67301,2,,1,1,,,,,0,,1,0,0,3.0,2,,1530,3,2,0,0,0,0,0,3,4,0,2,3,,N,,,,,,,,,,,
2009024840,126,1,0,0,0,0,0,0,0,0,2,0,,67,12,2008,7,39.9208,-75.2445,123.0,6,0,0,0,0,0,0,0,0,,0,0,0,1,3,0,0,,0,39 55:14.891,,0,75 14:40.140,0,0,0,0,67301,0,0,0,N,0,0,0,2,67301,0,,6,1,,N,N,,1,,0,0,0,0.0,0,,123,0,2,0,0,0,0,0,3,4,0,2,3,,N,,,,,,,,,,,
2009024846,820,2,0,0,0,0,0,0,0,0,4,0,,67,12,2008,4,39.9957,-75.1686,810.0,6,0,0,0,0,0,0,0,0,,0,0,0,8,1,0,2,,0,39 59:44.696,,0,75 10:06.875,0,0,0,0,67301,0,0,0,N,0,0,0,3,67301,0,,1,1,,N,N,,0,,0,0,0,0.0,0,,810,0,2,0,0,3,0,0,3,4,0,2,3,,N,,,,,,,,,,,
2009024854,1206,2,0,0,0,0,0,0,0,0,1,0,,67,12,2008,3,39.9548,-75.1834,1204.0,6,0,0,0,0,0,2,0,0,,0,0,0,12,1,1,1,,0,39 57:17.881,,0,75 11:02.279,4,0,0,0,67301,0,0,0,N,0,0,0,3,67301,1,,1,9,,N,N,,0,,0,0,0,3.0,2,,1204,1,2,0,0,0,0,0,3,4,0,2,9,,N,,,,,,,,,,,
2009024866,843,1,0,0,0,0,0,0,0,0,8,0,,67,11,2008,2,40.1025,-75.0287,843.0,6,0,0,0,0,0,0,0,0,3.0,0,0,0,8,1,1,1,,2,40 06:08.954,1.0,0,75 01:43.448,8,0,0,0,67301,1,0,0,,1,0,0,2,67301,0,,1,1,,,,,0,,0,0,0,3.0,2,Y,843,1,2,0,0,0,1,0,3,4,0,1,3,,N,,,,,,,,,,,
2009024870,49,1,0,1,0,0,0,0,0,0,7,0,,67,12,2008,4,40.1341,-75.0093,49.0,6,0,0,0,0,0,0,0,0,,0,0,0,0,3,1,0,,0,40 08:02.734,,0,75 00:33.671,2,0,0,0,67301,0,0,0,N,0,0,0,3,67301,0,,5,2,,N,N,,0,,0,1,0,0.0,0,,49,1,2,0,0,0,0,0,3,4,1,2,9,,N,,,,,,,,,,,
2009031448,1500,3,0,0,0,0,0,0,0,0,2,0,,67,12,2008,7,39.9396,-75.2203,1450.0,6,0,0,0,0,0,0,0,0,,0,0,0,99,1,3,1,,0,39 56:22.560,,0,75 13:13.080,4,0,0,0,67301,0,0,0,N,0,0,0,4,67301,3,,1,1,,N,N,,0,,0,0,0,3.0,2,,9999,3,3,0,0,0,0,0,3,4,0,3,3,,N,,,,,,,,,,,
2008070794,650,2,0,0,0,0,0,0,0,0,2,0,,67,4,2008,7,40.0049,-75.1787,638.0,6,0,0,0,0,0,0,0,0,,0,0,0,6,1,1,5,,0,40 00:18.521,,0,75 10:42.006,4,0,0,0,67301,0,0,0,N,0,0,0,2,67301,1,,1,1,,N,N,,0,,0,0,0,3.0,2,,633,1,2,0,0,0,0,0,3,4,0,2,3,,N,,,,,,,,,,,
2008107903,1727,0,0,0,0,0,0,0,0,0,1,0,,67,8,2008,2,39.9657,-75.2451,1722.0,6,0,0,0,0,0,0,0,0,,0,0,0,17,1,2,2,,0,39 57:56.462,,0,75 14:42.327,4,0,0,1,67301,0,0,0,N,0,0,0,3,67301,2,,9,1,,N,N,,0,,0,0,0,0.0,0,,1720,2,2,0,0,0,0,0,3,4,0,2,3,,N,,,,,,,,,,,
2008089680,9999,2,0,0,0,0,0,0,0,0,1,0,,67,5,2008,1,,,9999.0,6,0,0,0,0,1,0,0,0,,0,0,0,18,1,0,0,,0,,,0,,0,0,0,0,67301,0,0,0,N,0,0,0,2,00000,0,,1,9,,N,N,,0,,0,0,0,0.0,0,,1830,0,2,0,0,0,0,0,3,3,0,2,7,,N,,,,,,,,,,,
2008120824,1650,1,0,0,0,0,0,0,0,0,4,0,,67,9,2008,3,39.9612,-75.1466,1645.0,6,0,0,0,0,0,0,0,0,,0,0,0,16,1,2,1,,0,39 57:40.044,,0,75 08:47.803,4,0,0,0,67301,0,0,0,N,0,0,0,3,67301,2,,1,1,,N,N,,1,,0,0,0,3.0,2,,1620,2,2,0,0,3,0,0,3,4,0,2,3,,N,,,,,,,,,,,
2008119447,0,1,0,0,0,0,0,0,0,0,1,0,,67,8,2008,1,40.0507,-75.1486,0.0,6,0,0,0,0,0,0,0,0,,0,0,0,0,6,3,1,,0,40 03:02.657,,0,75 08:55.145,3,0,0,0,67301,0,0,0,N,0,0,0,4,00000,0,,1,1,,N,N,,0,,3,0,1,0.0,0,,15,3,2,0,0,1,0,1,3,4,0,2,3,,N,,,,,,,,,,,
2009013703,2130,1,0,0,0,0,0,0,0,0,4,0,,67,12,2008,5,39.9463,-75.1595,2118.0,6,0,0,0,0,0,1,0,1,,0,0,0,21,3,0,1,,0,39 56:46.716,,0,75 09:34.207,9,0,0,0,67301,0,0,0,N,0,0,0,2,67301,0,,1,9,,N,N,,0,,0,0,1,1.0,2,,2118,0,2,0,0,0,0,1,3,4,0,2,7,,N,,,,,,,,,,,
2009013721,1840,1,0,0,0,0,0,0,0,0,8,0,,67,12,2008,5,39.9516,-75.1702,1830.0,6,0,0,0,0,0,0,0,0,,0,0,0,18,3,1,1,,0,39 57:05.913,,0,75 10:12.656,4,0,0,0,67301,1,0,0,N,1,0,0,2,67301,1,,1,9,,N,N,,0,,0,0,0,3.0,2,,1830,1,2,0,0,1,0,0,3,4,0,1,7,,N,,,,,,,,,,,
2009013738,2019,1,0,0,0,0,0,0,0,0,4,0,,67,11,2008,4,40.0047,-75.1769,2011.0,6,0,0,0,1,0,1,0,0,,0,0,0,99,3,3,1,,0,40 00:16.889,,0,75 10:36.864,4,0,0,0,67301,0,0,0,N,0,0,0,4,67301,3,,1,1,,N,N,,0,,0,0,1,3.0,2,,9999,3,2,0,0,1,0,0,3,4,0,2,3,,N,,,,,,,,,,,
2009000848,938,2,0,0,0,0,0,0,0,0,4,0,,67,11,2008,3,39.9094,-75.1611,938.0,6,0,0,0,0,0,1,0,0,,0,0,0,9,1,0,1,,0,39 54:33.696,,0,75 09:40.053,0,0,0,0,67301,0,0,0,,0,0,0,4,67301,0,,1,9,,,,,0,,0,0,0,3.0,2,,936,0,2,0,0,0,0,0,3,4,0,2,7,,N,,,,,,,,,,,
2009012390,1259,1,0,0,0,0,0,0,0,0,4,0,,67,12,2008,3,39.9041,-75.2262,1256.0,6,0,0,0,0,0,0,0,0,,0,0,0,12,1,1,2,,0,39 54:14.630,,0,75 13:34.143,4,0,0,0,67301,0,0,0,,0,0,0,2,67301,1,,1,1,,N,N,,0,,0,0,1,3.0,3,,1250,1,2,0,0,0,0,0,3,4,0,2,3,,N,,,,,,,,,,,
2009004135,2225,2,0,0,0,0,0,0,0,0,2,0,,67,11,2008,1,39.9583,-75.1641,2213.0,6,0,0,1,0,0,0,0,0,,0,0,0,22,3,5,2,,0,39 57:29.829,,0,75 09:50.648,4,0,0,0,67301,0,0,0,,0,0,0,6,67301,1,,1,1,,,,,0,,0,0,0,3.0,2,,2210,5,2,0,0,0,4,0,3,4,0,2,3,,N,,,,,,,,,,,
2009003216,2013,1,0,0,0,0,0,1,0,0,4,1,,67,11,2008,7,39.9779,-75.163,2011.0,6,1,0,0,0,0,0,0,0,3.0,0,0,0,20,3,3,1,,2,39 58:40.465,2.0,0,75 09:46.832,4,0,0,0,67301,0,0,0,,0,0,0,8,67301,1,,1,9,,N,N,,0,,0,0,0,3.0,2,Y,2000,3,2,0,0,0,2,0,3,4,0,2,7,,N,,,,,,,,,,,
2009007445,1349,1,0,0,0,0,0,0,0,0,1,0,,67,12,2008,7,39.9815,-75.2072,1343.0,6,0,0,1,0,0,0,0,0,,0,0,0,13,1,1,0,,0,39 58:56.990,,0,75 12:28.301,4,0,0,0,67301,0,0,0,N,0,0,0,2,68K01,1,,1,1,,N,N,,1,,0,0,0,0.0,0,,1340,1,2,0,0,0,0,0,3,4,0,2,3,,N,,,,,,,,,,,
2009015050,2005,0,0,0,0,0,0,0,0,0,1,0,,67,12,2008,6,39.9858,-75.1115,1956.0,6,0,0,0,0,0,0,0,0,,0,0,0,19,3,1,2,,0,39 59:08.736,,0,75 06:41.577,8,0,0,0,67301,0,0,0,,0,0,0,2,67301,0,,1,1,,,,,0,,0,0,1,3.0,2,,1950,1,2,0,0,0,1,0,3,4,1,2,3,,N,,,,,,,,,,,
2009015063,905,1,0,0,0,0,0,0,0,0,8,0,,67,12,2008,2,40.0383,-75.1448,900.0,6,0,0,0,0,0,0,0,0,,0,0,0,99,1,1,2,,0,40 02:17.715,,0,75 08:41.264,4,0,0,0,67301,1,0,0,N,1,0,0,2,67301,1,,1,1,,N,N,,0,,0,0,0,3.0,3,,9999,1,2,0,0,0,0,0,3,4,0,1,3,,N,,,,,,,,,,,
2009015081,1920,1,0,0,0,0,0,0,0,0,1,0,,67,12,2008,2,39.922,-75.1905,1910.0,6,0,0,0,0,0,0,0,0,1.0,0,0,0,19,3,1,0,,1,39 55:18.950,1.0,0,75 11:25.872,4,0,0,0,67301,0,0,0,,0,0,0,2,67301,1,,1,1,,,,,0,,0,0,0,0.0,0,Y,1908,1,2,0,0,0,0,1,3,4,0,2,3,,N,,,,,,,,,,,
2009012645,1930,1,0,0,1,0,0,0,0,0,4,0,,67,11,2008,1,39.9528,-75.1921,1926.0,6,0,0,0,0,0,1,0,0,,0,0,0,19,3,1,1,,0,39 57:10.096,,0,75 11:31.530,4,0,0,0,67301,1,0,0,N,0,0,0,2,67301,1,,1,9,,N,N,,0,,0,0,0,0.0,0,,1924,1,2,0,0,0,0,0,3,4,0,1,7,,N,,,,,,,,,,,
2009013292,1329,2,0,0,0,0,0,0,0,0,2,0,,67,11,2008,3,39.9239,-75.2221,1320.0,6,0,0,0,0,0,0,0,0,,0,0,0,13,1,0,1,,0,39 55:26.182,,0,75 13:20.098,0,0,0,0,67301,0,0,0,N,0,0,0,2,67301,0,,1,1,,N,N,,0,,0,0,0,2.0,2,,1320,0,2,0,0,0,0,0,3,4,0,2,3,,N,,,,,,,,,,,
2009013380,124,1,0,0,0,0,0,0,0,0,4,0,,67,11,2008,1,40.0215,-75.0863,119.0,6,0,0,0,0,0,1,0,0,,0,0,0,1,3,0,1,,0,40 01:17.313,,0,75 05:10.856,0,0,0,0,67301,0,0,0,N,0,0,0,3,67301,0,,1,1,,N,N,,0,,0,0,0,3.0,3,,115,0,2,0,0,1,0,0,3,4,1,2,3,,N,,,,,,,,,,,
2009013512,2110,1,0,0,1,0,0,0,0,0,4,0,,67,11,2008,6,39.9325,-75.2303,2105.0,6,0,0,0,0,0,0,0,0,2.0,0,0,0,23,6,1,1,,2,39 55:57.086,4.0,0,75 13:49.023,4,0,0,0,67301,1,0,0,N,0,0,0,2,67301,1,,1,1,,N,N,,0,,0,0,0,0.0,0,N,2300,1,2,0,0,0,0,0,3,4,0,1,3,,N,,,,,,,,,,,
2009013577,1547,1,0,0,0,0,0,0,0,0,4,0,,67,11,2008,5,40.0068,-75.1312,1545.0,6,0,0,0,0,0,0,0,0,,0,0,0,15,1,1,0,,0,40 00:24.604,,7,75 07:52.422,4,0,0,0,67301,0,0,0,N,0,0,0,2,67301,1,,1,9,,N,N,,0,,0,0,1,0.0,0,,1540,1,2,0,0,1,0,0,3,4,0,2,7,,N,,,,,,,,,,,
2009013629,757,3,0,0,0,0,0,0,0,0,2,0,,67,11,2008,6,39.965,-75.2277,756.0,6,0,0,0,0,0,0,0,0,,0,0,0,7,1,1,0,,0,39 57:54.140,,0,75 13:39.831,4,0,0,0,67301,0,0,0,N,0,0,0,1,67301,1,,6,1,,N,N,,0,,0,0,0,0.0,0,,728,1,3,0,0,0,0,0,3,4,0,3,3,,N,,,,,,,,,,,
2009013639,1742,0,0,0,0,0,0,0,0,0,8,0,,67,12,2008,5,39.9557,-75.2156,1740.0,6,0,0,0,0,0,0,0,0,,0,0,0,17,3,1,1,,0,39 57:20.650,,0,75 12:56.102,4,0,0,0,67301,1,0,0,N,1,0,0,2,67301,1,,1,9,,N,N,,0,,0,0,1,3.0,2,,1739,1,2,0,0,0,0,0,3,4,0,1,7,,N,,,,,,,,,,,
2009013660,1230,2,0,0,0,0,0,0,0,0,4,0,,67,11,2008,3,40.0331,-75.1706,1229.0,6,0,1,0,0,0,0,1,0,,0,0,0,11,1,0,1,,0,40 01:59.290,,0,75 10:14.198,9,0,0,0,67301,0,0,0,N,0,0,0,2,67301,0,,1,9,,N,N,,0,,0,0,0,0.0,0,,1100,0,2,0,0,0,0,1,3,4,0,2,7,,N,,,,,,,,,,,
2009029246,0,0,0,0,1,0,0,0,0,0,4,0,,67,9,2008,7,39.9789,-75.1594,0.0,6,0,0,0,0,0,0,0,0,,0,0,0,12,1,1,1,,0,39 58:43.987,,0,75 09:33.954,3,0,0,0,67301,1,0,0,N,0,0,0,2,00000,0,,1,1,,N,N,,0,,1,0,0,3.0,3,,1230,1,2,0,0,0,0,1,3,4,0,1,3,,N,,,,,,,,,,,