CRN,ARRIVAL_TM,AUTOMOBILE_COUNT,BELTED_DEATH_COUNT,BELTED_SUSP_SERIOUS_INJ_COUNT,BICYCLE_COUNT,BICYCLE_DEATH_COUNT,BICYCLE_SUSP_SERIOUS_INJ_COUNT,BUS_COUNT,CHLDPAS_DEATH_COUNT,CHLDPAS_SUSP_SERIOUS_INJ_COUNT,COLLISION_TYPE,COMM_VEH_COUNT,CONS_ZONE_SPD_LIM,COUNTY,CRASH_MONTH,CRASH_YEAR,DAY_OF_WEEK,DEC_LAT,DEC_LONG,DISPATCH_TM,DISTRICT,DRIVER_COUNT_16YR,DRIVER_COUNT_17YR,DRIVER_COUNT_18YR,DRIVER_COUNT_19YR,DRIVER_COUNT_20YR,DRIVER_COUNT_50_64YR,DRIVER_COUNT_65_74YR,DRIVER_COUNT_75PLUS,EST_HRS_CLOSED,FATAL_COUNT,HEAVY_TRUCK_COUNT,HORSE_BUGGY_COUNT,HOUR_OF_DAY,ILLUMINATION,INJURY_COUNT,INTERSECT_TYPE,INTERSECTION_RELATED,LANE_CLOSED,LATITUDE,LN_CLOSE_DIR,LOCATION_TYPE,LONGITUDE,MAX_SEVERITY_LEVEL,MCYCLE_DEATH_COUNT,MCYCLE_SUSP_SERIOUS_INJ_COUNT,MOTORCYCLE_COUNT,MUNICIPALITY,NONMOTR_COUNT,NONMOTR_DEATH_COUNT,NONMOTR_SUSP_SERIOUS_INJ_COUNT,NTFY_HIWY_MAINT,PED_COUNT,PED_DEATH_COUNT,PED_SUSP_SERIOUS_INJ_COUNT,PERSON_COUNT,POLICE_AGCY,POSSIBLE_INJ_COUNT,RDWY_SURF_TYPE_CD,RELATION_TO_ROAD,ROAD_CONDITION,ROADWAY_CLEARED,SCH_BUS_IND,SCH_ZONE_IND,SECONDARY_CRASH,SMALL_TRUCK_COUNT,SPEC_JURIS_CD,SUSP_MINOR_INJ_COUNT,SUSP_SERIOUS_INJ_COUNT,SUV_COUNT,TCD_FUNC_CD,TCD_TYPE,TFC_DETOUR_IND,TIME_OF_DAY,TOT_INJ_COUNT,TOTAL_UNITS,UNB_DEATH_COUNT,UNB_SUSP_SERIOUS_INJ_COUNT,UNBELTED_OCC_COUNT,UNK_INJ_DEG_COUNT,UNK_INJ_PER_COUNT,URBAN_AREA,URBAN_RURAL,VAN_COUNT,VEHICLE_COUNT,WEATHER1,WEATHER2,WORK_ZONE_IND,WORK_ZONE_LOC,WORK_ZONE_TYPE,WORKERS_PRES,WZ_CLOSE_DETOUR,WZ_FLAGGER,WZ_LAW_OFFCR_IND,WZ_LN_CLOSURE,WZ_MOVING,WZ_OTHER,WZ_SHLDER_MDN,WZ_WORKERS_INJ_KILLED
2009037180,1920,2,0,0,0,0,0,0,0,0,4,0,,67,12,2008,7,39.954,-75.2384,1910.0,6,0,0,0,0,0,0,0,0,,0,0,0,19,3,0,1,,0,39 57:14.446,,0,75 14:18.200,9,0,0,0,67301,0,0,0,,0,0,0,2,67301,0,,1,9,,,,,0,,0,0,0,3.0,3,,1900,0,2,0,0,0,0,1,3,4,0,2,7,,N,,,,,,,,,,,
2009024651,1726,3,0,0,0,0,0,0,0,0,5,0,,67,12,2008,2,40.0035,-75.1323,1723.0,6,0,0,0,0,0,0,0,0,,0,0,0,17,3,5,0,,0,40 00:12.768,,0,75 07:56.202,8,0,0,0,67301,0,0,0,N,0,0,0,5,67301,0,,6,1,,N,N,,1,,0,0,0,3.0,2,,1710,5,4,0,0,0,5,0,3,4,0,4,3,,N,,,,,,,,,,,
2009024687,930,2,0,0,0,0,0,0,0,0,1,0,,67,12,2008,2,40.0153,-75.2081,924.0,6,0,0,0,0,0,0,0,0,,0,0,0,9,1,1,3,,0,40 00:55.514,,0,75 12:30.236,4,0,0,0,67301,0,0,0,N,0,0,0,2,67301,1,,1,1,,N,N,,0,,0,0,0,3.0,2,,920,1,2,0,0,0,0,0,3,4,0,2,3,,N,,,,,,,,,,,
2009032640,1711,2,0,0,0,0,0,0,0,0,5,0,,67,5,2008,1,40.0454,-75.0145,1703.0,6,0,0,0,0,0,0,0,0,,0,0,0,16,1,1,0,,0,40 02:43.479,,0,75 00:52.117,8,0,0,0,67301,0,0,0,N,0,0,0,1,67301,0,,1,1,,N,N,,1,,0,0,0,0.0,0,,1613,1,3,0,0,0,1,0,3,4,0,3,3,,N,,,,,,,,,,,
2009025899,100,5,0,0,0,0,0,0,0,0,1,0,,67,12,2008,4,39.9516,-75.1823,55.0,6,0,0,0,0,0,1,0,0,,0,1,0,0,6,1,0,,0,39 57:05.701,,0,75 10:56.050,8,0,0,0,67301,1,0,0,,0,0,0,10,67301,0,,1,2,,,,,0,,0,0,0,0.0,0,,51,1,6,0,0,4,1,0,3,4,0,6,99,,N,,,,,,,,,,,
2009054461,1650,1,0,0,0,0,0,0,0,0,1,0,,67,11,2008,1,40.076,-75.1768,1645.0,6,0,0,0,0,0,0,0,0,,0,0,0,16,4,1,1,,0,40 04:33.706,,0,75 10:36.476,8,0,0,0,67301,0,0,0,N,0,0,0,2,67301,0,,1,1,,N,N,,1,,0,0,1,3.0,2,,1630,1,3,0,0,1,1,0,3,4,0,3,3,,N,,,,,,,,,,,
2009066624,0,1,0,0,0,0,0,0,0,0,1,0,,67,5,2008,5,39.892,-75.2419,0.0,6,0,0,0,0,0,1,0,0,,0,0,0,99,1,1,0,,0,39 53:31.231,,0,75 14:30.858,8,0,0,0,67301,0,0,0,N,0,0,0,2,00000,0,,1,9,,N,N,,0,,0,0,0,0.0,0,,9999,1,2,0,0,0,1,0,3,4,0,2,7,,N,,,,,,,,,,,
2009015083,34,0,0,0,0,0,0,0,0,0,7,0,,67,12,2008,2,39.9216,-75.1906,30.0,6,0,0,0,0,0,0,0,0,,0,0,0,0,2,0,0,,0,39 55:17.760,,1,75 11:26.160,0,0,0,0,67301,0,0,0,N,0,0,0,1,67301,0,,3,9,,N,N,,0,,0,0,1,0.0,0,,25,0,1,0,0,0,0,0,3,4,0,1,7,,N,,,,,,,,,,,
2009013351,214,1,0,0,0,0,0,0,0,0,5,0,,67,12,2008,7,39.9896,-75.1689,211.0,6,0,0,0,0,0,0,0,0,,0,0,0,2,3,1,0,,0,39 59:22.407,,0,75 10:08.119,3,0,0,0,67301,1,0,0,N,1,0,0,2,67301,0,,6,1,,N,N,,1,,1,0,0,0.0,0,,210,1,3,0,0,0,0,0,3,4,0,2,3,,N,,,,,,,,,,,
2009013357,949,0,0,0,1,0,0,0,0,0,4,0,,67,12,2008,5,39.9717,-75.1539,940.0,6,0,0,0,0,0,0,0,0,,0,0,0,9,1,1,2,,0,39 58:18.127,,0,75 09:14.209,4,0,0,0,67301,1,0,0,N,0,0,0,2,67301,1,,1,1,,N,N,,0,,0,0,1,9.0,3,,938,1,2,0,0,0,0,1,3,4,0,1,3,,N,,,,,,,,,,,
2009026045,1210,1,0,0,0,0,0,0,0,0,7,0,,67,12,2008,6,40.0017,-75.1868,1158.0,6,0,0,0,0,0,0,0,0,,0,0,0,11,8,0,0,,0,40 00:05.896,,0,75 11:12.610,0,0,0,0,67301,0,0,0,N,0,0,0,1,67301,0,,5,9,,N,N,,0,,0,0,0,0.0,0,,1158,0,1,0,0,0,0,0,3,4,0,1,7,,N,,,,,,,,,,,
2009013592,733,1,0,0,0,0,0,0,0,0,7,0,,67,12,2008,6,39.9963,-75.2036,732.0,6,0,0,0,0,0,1,0,0,,0,0,0,7,1,1,0,,0,39 59:46.765,,0,75 12:13.031,4,0,0,0,67301,0,0,0,N,0,0,0,1,67301,1,,4,9,,N,N,,0,,0,0,0,0.0,0,,730,1,1,0,0,0,0,0,3,4,0,1,7,,N,,,,,,,,,,,
2009013617,1312,1,0,0,0,0,0,0,0,0,7,0,,67,11,2008,6,40.038,-75.1622,1308.0,6,0,0,0,0,0,0,0,0,2.0,0,0,0,0,2,2,0,,2,40 02:16.800,6.0,0,75 09:43.952,4,0,0,0,67301,0,0,0,N,0,0,0,2,67301,2,,2,1,,N,N,,0,,0,0,0,9.0,3,N,50,2,1,0,0,0,0,0,3,4,0,1,3,,N,,,,,,,,,,,
2009019132,249,1,0,0,0,0,0,0,0,0,7,0,,67,11,2008,7,39.9223,-75.1907,246.0,6,0,0,0,0,0,0,0,0,1.0,0,0,0,2,3,0,0,,2,39 55:20.037,1.0,0,75 11:26.425,0,0,0,0,67301,0,0,0,N,0,0,0,4,67301,0,,2,9,,N,N,,0,,0,0,1,0.0,0,N,245,0,2,0,0,0,0,0,3,4,0,2,7,,N,,,,,,,,,,,
2009029206,0,0,0,0,1,0,0,0,0,0,4,0,,67,11,2008,1,40.0094,-75.0786,0.0,6,0,0,0,0,0,0,0,0,,0,0,0,17,4,1,1,,0,40 00:33.721,,0,75 04:43.067,8,0,0,0,67301,1,0,0,N,0,0,0,2,00000,0,,1,1,,N,N,,0,,0,0,0,3.0,3,,1700,1,2,0,0,0,1,0,3,4,0,1,3,,N,,,,,,,,,,,
2009029769,2130,3,0,0,0,0,0,0,0,0,5,0,,67,3,2008,7,39.9211,-75.1938,2125.0,6,0,0,0,1,0,0,0,0,1.0,0,0,0,21,3,1,1,,1,39 55:16.113,3.0,0,75 11:37.751,8,0,0,0,67301,0,0,0,N,0,0,0,3,67301,0,,1,9,,N,N,,0,,0,0,0,3.0,2,Y,2120,1,3,0,0,0,1,0,3,4,0,3,7,,N,,,,,,,,,,,
2009030179,150,1,0,0,0,0,0,0,0,0,4,0,,67,8,2008,6,39.9517,-75.1582,147.0,6,0,0,0,0,0,0,0,0,1.0,0,0,0,99,3,1,1,,2,39 57:05.957,7.0,0,75 09:29.697,4,0,0,0,67301,0,0,0,N,0,0,0,3,67301,1,,1,1,,N,N,,0,,0,0,1,3.0,2,Y,9999,1,2,0,0,3,0,0,3,4,0,2,3,,N,,,,,,,,,,,
2009025111,55,2,0,0,0,0,0,0,0,0,4,0,,67,12,2008,5,39.9507,-75.1504,51.0,6,0,0,0,0,0,0,0,0,,0,0,0,0,3,1,1,,0,39 57:02.765,,0,75 09:01.299,4,0,0,0,67301,0,0,0,N,0,0,0,2,67301,1,,1,1,,N,N,,0,,0,0,0,3.0,2,,25,1,2,0,0,0,0,1,3,4,0,2,3,,N,,,,,,,,,,,
2009032617,327,6,0,0,0,0,0,0,0,0,6,0,,67,5,2008,7,40.0369,-75.0262,315.0,6,0,0,0,0,0,0,0,0,,0,0,0,2,3,0,1,,0,40 02:12.764,,0,75 01:34.149,9,0,0,0,67301,0,0,0,N,0,0,0,1,67301,0,,1,9,,N,N,,0,,0,0,0,0.0,0,,218,0,6,0,0,0,0,1,3,4,0,6,3,,N,,,,,,,,,,,
2009030076,40,1,0,0,0,0,0,1,0,0,6,1,,67,3,2008,1,39.9797,-75.1658,29.0,6,0,0,0,0,0,0,0,0,9.0,0,0,0,0,3,1,1,,1,39 58:46.953,1.0,0,75 09:56.946,8,0,0,0,67301,0,0,0,N,0,0,0,3,67301,0,,1,1,,N,N,,0,,0,0,0,3.0,2,N,20,1,2,0,0,0,1,0,3,4,0,2,3,,N,,,,,,,,,,,
2009030434,247,2,0,0,0,0,0,0,0,0,1,0,,67,12,2008,1,39.8838,-75.2233,222.0,6,0,0,0,0,0,0,0,0,,0,0,0,1,3,1,2,,0,39 53:01.744,,0,75 13:23.905,8,0,0,0,67301,0,0,0,,0,0,0,2,67301,0,,1,9,,N,N,,0,,0,0,0,3.0,3,,109,1,2,0,0,0,1,0,3,4,0,2,3,,N,,,,,,,,,,,
2009030472,1725,1,0,0,0,0,0,0,0,0,8,0,,67,11,2008,4,39.9224,-75.1868,1719.0,6,0,0,0,0,0,0,0,0,,0,0,0,17,1,1,2,,0,39 55:20.280,,0,75 11:15.000,4,0,0,0,67301,1,0,0,N,1,0,0,2,67301,1,,1,1,,N,N,,0,,0,0,0,0.0,0,,1719,1,2,0,0,0,0,0,3,4,0,1,3,,N,,,,,,,,,,,
2009012212,1422,1,0,0,0,0,0,0,0,0,1,0,,67,8,2008,4,40.0153,-75.2081,1412.0,6,0,0,0,0,0,0,0,1,,0,0,0,13,1,1,3,,0,40 00:55.440,,0,75 12:30.240,4,0,0,0,67301,0,0,0,N,0,0,0,3,67301,1,,1,1,,N,N,,0,,0,0,1,3.0,4,,1351,1,2,0,0,0,0,0,3,4,0,2,3,,N,,,,,,,,,,,
2009000878,2134,2,0,0,0,0,0,0,0,0,7,0,,67,10,2008,4,39.9211,-75.2155,2127.0,6,0,0,0,0,0,0,0,0,3.0,0,0,0,20,3,2,0,,2,39 55:15.873,5.0,0,75 12:55.800,8,0,0,0,67301,0,0,0,,0,0,0,3,67301,0,,2,1,,N,N,,0,,0,0,0,0.0,0,Y,2056,2,2,0,0,0,2,1,3,4,0,2,3,,N,,,,,,,,,,,
2009000982,40,2,0,0,0,0,0,0,0,0,5,0,,67,11,2008,3,40.0585,-75.1314,25.0,6,0,0,0,0,0,1,0,0,2.0,0,0,0,0,3,1,0,,1,40 03:30.685,4.0,0,75 07:52.971,4,0,0,0,67301,0,0,0,N,0,0,0,2,67301,1,,1,1,,N,N,,0,,0,0,0,0.0,0,N,25,1,2,0,0,0,0,0,3,4,0,2,3,,N,,,,,,,,,,,
2009001001,1205,1,0,0,0,0,0,0,0,0,8,0,,67,10,2008,6,39.9819,-75.2652,1202.0,6,0,0,0,0,0,1,0,0,,0,0,0,11,1,1,0,,0,39 58:43.680,,0,75 16:20.240,8,0,0,0,67301,1,0,0,,1,0,0,2,67301,0,,1,1,,N,,,0,,0,0,0,0.0,0,,1150,1,2,0,0,0,1,1,3,4,0,1,3,,N,,,,,,,,,,,
2009006195,13,2,0,0,0,0,0,0,0,0,1,0,,67,10,2008,3,39.9537,-75.1386,12.0,6,0,0,0,0,0,0,0,0,1.0,0,0,0,0,3,1,0,,1,39 57:13.237,3.0,0,75 08:18.899,8,0,0,0,67301,1,0,0,N,0,0,0,3,67501,0,,5,9,,N,N,,0,,0,0,0,3.0,8,N,12,1,2,0,0,0,1,0,3,4,0,2,7,5.0,N,,,,,,,,,,,
2009003221,1605,2,0,0,0,0,0,1,0,0,5,1,,67,11,2008,1,39.9388,-75.1984,1556.0,6,0,0,0,0,0,0,0,0,,0,0,0,15,1,3,0,,0,39 56:20.465,,7,75 11:53.896,4,0,0,0,67301,0,0,0,N,0,0,0,5,67301,1,,2,1,,N,N,,0,,0,0,1,0.0,0,,1555,3,4,0,0,0,2,0,3,4,0,4,3,,N,,,,,,,,,,,
2009015053,1225,3,0,0,0,0,0,0,0,0,4,0,,67,12,2008,3,40.034,-75.0744,1216.0,6,0,0,0,0,0,1,1,0,2.0,0,0,0,12,1,2,1,,2,40 02:02.400,1.0,0,75 04:27.840,4,0,0,0,67301,0,0,0,N,0,0,0,3,67301,2,,1,1,,N,N,,0,,0,0,0,3.0,2,Y,1210,2,3,0,0,0,0,0,3,4,0,3,3,,N,,,,,,,,,,,
2009015089,1935,2,0,0,0,0,0,0,0,0,4,0,,67,11,2008,7,39.9913,-75.1349,1930.0,6,0,0,0,0,0,1,0,0,,0,0,0,19,3,2,1,,0,39 59:29.221,,0,75 08:05.582,8,0,0,0,67301,0,0,0,N,0,0,0,3,67301,0,,1,1,,N,N,,0,,0,0,0,3.0,2,,1915,2,2,0,0,0,2,0,3,4,0,2,3,,N,,,,,,,,,,,
2009012642,204,1,0,0,0,0,0,0,0,0,8,0,,67,12,2008,7,39.9209,-75.1476,159.0,6,0,0,1,0,0,0,0,0,,0,0,0,1,3,1,0,,0,39 55:15.218,,7,75 08:51.324,8,0,0,0,67301,1,0,0,N,1,0,0,2,67301,0,,1,1,,N,N,,0,,0,0,0,0.0,0,,155,1,2,0,0,1,1,0,3,4,0,1,3,,N,,,,,,,,,,,
2009012648,1041,0,0,0,0,0,0,1,0,0,8,1,,67,12,2008,5,39.9541,-75.1897,1040.0,6,0,0,0,0,0,0,0,0,,0,0,0,10,1,1,1,,0,39 57:14.676,,0,75 11:22.947,4,0,0,0,67301,1,0,0,N,1,0,0,2,67301,1,,1,1,,N,N,,0,,0,0,0,3.0,2,,1038,1,2,0,0,0,0,0,3,4,0,1,3,,N,,,,,,,,,,,
2009013288,1628,1,0,0,0,0,0,0,0,0,1,0,,67,12,2008,5,39.9222,-75.1872,1627.0,6,0,0,0,0,0,1,0,0,,0,0,0,16,4,1,0,,0,39 55:20.180,,0,75 11:13.337,8,0,0,0,67301,0,0,0,N,0,0,0,3,67301,0,,1,9,,N,N,,1,,0,0,0,0.0,0,,1625,1,2,0,0,0,1,0,3,4,0,2,7,,N,,,,,,,,,,,
2009014229,28,1,0,0,0,0,0,0,0,0,8,0,,67,11,2008,7,39.9124,-75.243,24.0,6,0,0,0,0,0,0,0,0,,0,0,0,0,3,1,0,,0,39 54:44.792,,0,75 14:34.838,3,0,0,0,67301,1,0,0,N,1,0,0,2,67301,0,,6,1,,N,N,,0,,1,0,0,0.0,0,,6,1,2,0,0,0,0,0,3,4,0,1,3,,N,,,,,,,,,,,
2009013487,2355,1,0,0,0,0,0,0,0,0,7,0,,67,11,2008,3,40.0187,-75.0602,2350.0,6,0,0,0,0,0,0,0,0,,0,0,0,23,3,2,1,,0,40 01:07.320,,0,75 03:36.813,3,0,0,0,67301,0,0,0,,0,0,0,2,67301,1,,5,1,,,,,0,,1,0,0,9.0,3,,2345,2,1,0,0,2,0,0,3,4,0,1,3,,N,,,,,,,,,,,
2009013488,1558,1,0,0,0,0,0,0,0,0,2,0,,67,12,2008,4,39.9745,-75.2526,1548.0,6,0,0,0,0,0,0,0,0,,0,0,0,14,1,1,0,,0,39 58:28.236,,0,75 15:09.468,3,0,0,0,67301,0,0,0,N,0,0,0,4,67301,0,,1,1,,N,N,,1,,1,0,0,0.0,0,,1425,1,2,0,0,0,0,0,3,4,0,2,98,,N,,,,,,,,,,,
2009026060,1800,1,0,0,0,0,0,0,0,0,1,0,,67,12,2008,3,40.0497,-75.0635,1800.0,6,0,0,0,1,0,0,0,0,,0,0,0,17,3,1,0,,0,40 02:58.782,,0,75 03:48.439,8,0,0,0,67301,0,0,0,N,0,0,0,3,67301,0,,1,9,,N,N,,1,,0,0,0,0.0,0,,1745,1,2,0,0,0,1,1,3,4,0,2,3,,N,,,,,,,,,,,
2009013654,2305,1,0,0,0,0,0,0,0,0,4,0,,67,12,2008,7,40.0059,-75.1135,2300.0,6,0,0,0,0,0,0,0,0,,0,0,0,22,3,1,1,,0,40 00:21.351,,0,75 06:48.589,3,0,0,0,67301,0,0,0,N,0,0,0,3,67301,0,,5,1,,N,N,,1,,1,0,0,3.0,2,,2255,1,2,0,0,3,0,1,3,4,0,2,3,,N,,,,,,,,,,,
2009013971,1210,2,0,0,0,0,0,0,0,0,1,0,,67,12,2008,5,40.0096,-75.1803,1206.0,6,0,0,0,0,1,0,0,0,,0,0,0,11,1,0,2,,0,40 00:34.507,,7,75 10:49.506,0,0,0,0,67301,0,0,0,,0,0,0,2,67301,0,,1,1,,,,,0,,0,0,0,3.0,2,,1148,0,2,0,0,0,0,0,3,4,0,2,3,,N,,,,,,,,,,,
2009029209,0,0,0,0,0,0,0,0,0,0,5,0,,67,11,2008,5,40.0133,-75.1801,0.0,6,0,0,0,0,0,1,0,0,,0,0,0,13,1,1,0,,0,40 00:47.880,,0,75 10:48.360,8,0,0,0,67301,0,0,0,N,0,0,0,2,00000,0,,1,1,,N,N,,0,,0,0,1,0.0,0,,1300,1,2,0,0,0,1,1,3,4,0,2,3,,N,,,,,,,,,,,
2009029261,0,2,0,0,0,0,0,0,0,0,1,0,,67,12,2008,4,40.1144,-74.9881,0.0,6,0,1,0,0,0,1,0,0,,0,0,0,14,1,1,1,,0,40 06:51.789,,0,74 59:16.991,3,0,0,0,67301,0,0,0,,0,0,0,2,00000,0,,1,1,,,,,0,,1,0,0,9.0,2,,1430,1,2,0,0,0,0,0,3,4,0,2,3,,N,,,,,,,,,,,
2009024676,853,1,0,0,0,0,0,0,0,0,8,0,,67,12,2008,4,39.9571,-75.2019,852.0,6,0,0,0,0,0,0,0,0,,0,0,0,8,1,1,1,,0,39 57:25.852,,0,75 12:06.897,3,0,0,0,67301,1,0,0,N,1,0,0,2,67301,0,,1,1,,N,N,,0,,1,0,0,3.0,2,,847,1,2,0,0,0,0,0,3,4,0,1,3,,N,,,,,,,,,,,
2009100712,2045,3,0,0,0,0,0,0,0,0,4,0,,67,8,2008,5,40.0654,-75.1472,2040.0,6,0,0,0,0,0,0,0,0,,0,0,0,20,3,1,1,,0,40 03:55.278,,0,75 08:49.790,2,0,0,0,67301,0,0,0,,0,0,0,2,67301,0,,1,9,,N,N,,0,,0,1,0,3.0,3,,2030,1,4,0,0,0,0,0,3,4,1,4,7,,N,,,,,,,,,,,
2009025828,2305,3,0,0,0,0,0,0,0,0,5,0,,67,12,2008,3,39.9866,-75.2506,2300.0,6,0,0,0,0,0,0,0,0,9.0,0,0,0,22,3,0,0,,2,39 59:11.888,4.0,0,75 15:02.044,0,0,0,0,67301,0,0,0,N,0,0,0,1,67301,0,,6,9,,N,N,,0,,0,0,0,3.0,3,N,2250,0,3,0,0,0,0,0,3,4,0,3,7,,N,,,,,,,,,,,
2009030425,1800,2,0,0,0,0,0,0,0,0,4,0,,67,12,2008,5,39.9987,-75.1004,1745.0,6,0,0,0,0,0,1,0,0,,0,0,0,17,1,1,2,,0,39 59:55.436,,0,75 06:01.518,8,0,0,0,67301,0,0,0,N,0,0,0,3,67301,0,,1,1,,N,N,,0,,0,0,0,3.0,3,,1740,1,2,0,0,0,1,0,3,4,0,2,3,,N,,,,,,,,,,,
2009024729,1543,1,0,0,0,0,0,0,0,0,4,0,,67,12,2008,3,40.0133,-75.1692,1541.0,6,0,0,0,0,1,1,0,0,,0,0,0,99,1,2,2,,0,40 00:47.880,,0,75 10:09.120,4,0,0,0,67301,0,0,0,,0,0,0,3,67301,2,,1,9,,N,N,,0,,0,0,1,0.0,0,,9999,2,2,0,0,0,0,1,3,4,0,2,9,,N,,,,,,,,,,,
2009024748,9999,0,0,0,0,0,0,0,0,0,8,1,,67,12,2008,5,39.938,-75.1581,9999.0,6,0,0,0,0,0,1,0,0,,0,1,0,11,1,1,0,,0,39 56:16.940,,0,75 09:29.070,8,0,0,0,67301,1,0,0,,1,0,0,4,67301,0,,1,1,,,,,0,,0,0,0,3.0,2,,1124,1,2,0,0,0,1,0,3,4,0,1,3,,N,,,,,,,,,,,
2009024788,1101,0,0,0,0,0,0,0,0,0,8,0,,67,12,2008,3,40.0199,-75.1341,1101.0,6,0,0,0,0,0,0,0,0,,0,0,0,11,1,1,0,,0,40 01:11.501,,0,75 08:02.869,8,0,0,0,67301,1,0,0,N,1,0,0,2,67301,0,,6,1,,N,N,,0,,0,0,1,0.0,0,,1100,1,2,0,0,1,1,0,3,4,0,1,3,,N,,,,,,,,,,,
2009002176,2138,2,0,0,0,0,0,0,0,0,2,0,,67,11,2008,3,40.0164,-75.2105,2127.0,6,0,0,0,0,0,1,0,0,,0,0,0,21,3,2,1,,0,40 00:59.380,,0,75 12:38.493,4,0,0,0,67301,0,0,0,,0,0,0,2,67301,1,,1,1,,N,N,,0,,0,0,0,3.0,2,,2127,2,2,0,0,0,1,0,3,4,0,2,3,,N,,,,,,,,,,,
2009007273,1631,2,0,0,0,0,0,0,0,0,1,0,,67,11,2008,1,39.9577,-75.1607,1612.0,6,0,0,0,0,0,0,0,0,2.0,0,0,0,16,1,1,0,,1,39 57:27.783,4.0,0,75 09:38.488,3,0,0,0,67301,0,0,0,N,0,0,0,2,68K01,0,,1,9,,N,N,,0,,1,0,0,0.0,0,Y,1610,1,2,0,0,0,0,1,3,4,0,2,7,,N,,,,,,,,,,,
2009007280,1712,1,0,0,0,0,0,0,0,0,1,0,,67,12,2008,4,39.976,-75.1146,1659.0,6,0,0,0,0,1,0,0,0,1.0,0,0,0,16,3,2,0,,2,39 58:35.237,1.0,0,75 06:51.114,4,0,0,0,67301,0,0,0,N,0,0,0,4,68K01,2,,1,9,,N,N,,0,,0,0,1,0.0,0,N,1657,2,2,0,0,0,0,0,3,4,0,2,7,,N,,,,,,,,,,,
2009000599,1400,4,0,0,0,0,0,0,0,0,5,0,,67,11,2008,7,39.9787,-75.2424,1351.0,6,0,0,0,0,0,0,1,0,,0,0,0,13,1,1,1,,0,39 58:43.377,,0,75 14:32.524,8,0,0,0,67301,0,0,0,N,0,0,0,4,67301,0,,1,1,,N,Y,,0,,0,0,0,3.0,3,,1341,1,4,0,0,0,1,0,3,4,0,4,3,,N,,,,,,,,,,,
2009000781,1832,1,0,0,0,0,0,0,0,0,8,0,,67,11,2008,2,39.9543,-75.2139,1828.0,6,0,0,0,0,0,0,0,0,,0,0,0,2,6,1,1,,0,39 57:15.609,,0,75 12:50.083,8,0,0,0,67301,1,0,0,,1,0,0,2,67301,0,,1,1,,N,N,,0,,0,0,0,3.0,3,,200,1,2,0,0,0,1,0,3,4,0,1,99,,N,,,,,,,,,,,
2009001030,1920,1,0,0,0,0,0,0,0,0,8,0,,67,11,2008,6,40.0303,-75.0644,1910.0,6,0,0,0,0,0,0,0,0,,0,0,0,19,3,1,1,,0,40 01:48.979,,0,75 03:51.736,4,0,0,0,67301,1,0,0,N,1,0,0,2,67301,1,,1,9,,N,N,,0,,0,0,0,3.0,2,,1900,1,2,0,0,0,0,0,3,4,0,1,7,,N,,,,,,,,,,,
2009007444,2253,1,0,0,0,0,0,0,0,0,7,0,,67,12,2008,3,40.012,-75.0603,2239.0,6,0,0,0,0,0,0,0,0,,0,0,0,22,3,0,0,,0,40 00:43.166,,0,75 03:36.947,0,0,0,0,67301,0,0,0,N,0,0,0,3,68K01,0,,2,9,,N,N,,0,,0,0,0,0.0,0,,2239,0,1,0,0,1,0,0,3,4,0,1,7,,N,,,,,,,,,,,
2009015070,1305,1,0,0,0,0,0,0,0,0,4,0,,67,12,2008,6,40.0078,-75.1367,1300.0,6,0,0,1,0,0,0,1,0,1.0,0,0,0,13,1,2,0,,2,40 00:28.198,1.0,0,75 08:12.264,4,0,0,0,67301,0,0,0,N,0,0,0,3,67301,2,,1,1,,N,N,,2,,0,0,0,0.0,0,Y,1300,2,3,0,0,0,0,0,3,4,0,3,3,,N,,,,,,,,,,,
2009015072,203,1,0,0,0,0,0,0,0,0,8,0,,67,11,2008,1,39.9489,-75.1605,200.0,6,0,0,0,0,0,0,0,0,,0,0,0,1,3,1,1,,0,39 56:55.948,,0,75 09:37.678,4,0,0,0,67301,1,0,0,N,1,0,0,2,67301,1,,1,9,,N,N,,0,,0,0,0,3.0,2,,158,1,2,0,0,0,0,1,3,4,0,1,7,,N,,,,,,,,,,,
2009012646,1759,1,0,0,0,0,0,0,0,0,1,0,,67,11,2008,5,39.9161,-75.2454,1756.0,6,0,0,0,0,0,1,0,0,,0,0,0,99,3,1,0,,0,39 54:57.762,,0,75 14:43.298,4,0,0,0,67301,0,0,0,,0,0,0,2,67301,1,,1,9,,N,,,0,,0,0,0,0.0,0,,9999,1,2,0,0,1,0,1,3,4,0,2,7,,N,,,,,,,,,,,
2009012650,530,0,0,0,0,0,0,0,0,0,8,0,,67,12,2008,4,39.9885,-75.1278,528.0,6,0,0,0,0,0,0,0,0,,0,0,0,5,3,1,0,,0,39 59:18.772,,0,75 07:40.159,2,0,0,0,67301,1,0,1,,1,0,1,2,67301,0,,1,1,,,,,0,,0,1,0,0.0,0,,526,1,2,0,0,0,0,0,3,4,0,1,3,,N,,,,,,,,,,,