CRN,ARRIVAL_TM,AUTOMOBILE_COUNT,BELTED_DEATH_COUNT,BELTED_SUSP_SERIOUS_INJ_COUNT,BICYCLE_COUNT,BICYCLE_DEATH_COUNT,BICYCLE_SUSP_SERIOUS_INJ_COUNT,BUS_COUNT,CHLDPAS_DEATH_COUNT,CHLDPAS_SUSP_SERIOUS_INJ_COUNT,COLLISION_TYPE,COMM_VEH_COUNT,CONS_ZONE_SPD_LIM,COUNTY,CRASH_MONTH,CRASH_YEAR,DAY_OF_WEEK,DEC_LAT,DEC_LONG,DISPATCH_TM,DISTRICT,DRIVER_COUNT_16YR,DRIVER_COUNT_17YR,DRIVER_COUNT_18YR,DRIVER_COUNT_19YR,DRIVER_COUNT_20YR,DRIVER_COUNT_50_64YR,DRIVER_COUNT_65_74YR,DRIVER_COUNT_75PLUS,EST_HRS_CLOSED,FATAL_COUNT,HEAVY_TRUCK_COUNT,HORSE_BUGGY_COUNT,HOUR_OF_DAY,ILLUMINATION,INJURY_COUNT,INTERSECT_TYPE,INTERSECTION_RELATED,LANE_CLOSED,LATITUDE,LN_CLOSE_DIR,LOCATION_TYPE,LONGITUDE,MAX_SEVERITY_LEVEL,MCYCLE_DEATH_COUNT,MCYCLE_SUSP_SERIOUS_INJ_COUNT,MOTORCYCLE_COUNT,MUNICIPALITY,NONMOTR_COUNT,NONMOTR_DEATH_COUNT,NONMOTR_SUSP_SERIOUS_INJ_COUNT,NTFY_HIWY_MAINT,PED_COUNT,PED_DEATH_COUNT,PED_SUSP_SERIOUS_INJ_COUNT,PERSON_COUNT,POLICE_AGCY,POSSIBLE_INJ_COUNT,RDWY_SURF_TYPE_CD,RELATION_TO_ROAD,ROAD_CONDITION,ROADWAY_CLEARED,SCH_BUS_IND,SCH_ZONE_IND,SECONDARY_CRASH,SMALL_TRUCK_COUNT,SPEC_JURIS_CD,SUSP_MINOR_INJ_COUNT,SUSP_SERIOUS_INJ_COUNT,SUV_COUNT,TCD_FUNC_CD,TCD_TYPE,TFC_DETOUR_IND,TIME_OF_DAY,TOT_INJ_COUNT,TOTAL_UNITS,UNB_DEATH_COUNT,UNB_SUSP_SERIOUS_INJ_COUNT,UNBELTED_OCC_COUNT,UNK_INJ_DEG_COUNT,UNK_INJ_PER_COUNT,URBAN_AREA,URBAN_RURAL,VAN_COUNT,VEHICLE_COUNT,WEATHER1,WEATHER2,WORK_ZONE_IND,WORK_ZONE_LOC,WORK_ZONE_TYPE,WORKERS_PRES,WZ_CLOSE_DETOUR,WZ_FLAGGER,WZ_LAW_OFFCR_IND,WZ_LN_CLOSURE,WZ_MOVING,WZ_OTHER,WZ_SHLDER_MDN,WZ_WORKERS_INJ_KILLED
2009013295,1144,0,0,0,0,0,0,0,0,0,4,0,,67,12,2008,5,39.9909,-75.1016,1142.0,6,0,0,0,0,0,2,0,0,1.0,0,0,0,11,1,4,1,,2,39 59:27.715,7.0,0,75 06:05.898,3,0,0,0,67301,0,0,0,N,0,0,0,4,67301,0,,1,1,,N,N,,0,,4,0,2,3.0,2,Y,1140,4,2,0,0,0,0,0,3,4,0,2,3,,N,,,,,,,,,,,
2009018770,1150,1,0,0,0,0,0,0,0,0,7,0,,67,11,2008,4,39.9725,-75.2685,1135.0,6,0,0,0,0,0,0,0,0,,0,0,0,11,1,0,2,,0,39 58:21.021,,0,75 16:06.592,0,0,0,0,67301,0,0,0,,0,0,0,1,67301,0,,2,1,,,,,0,,0,0,0,0.0,0,,1130,0,1,0,0,1,0,0,3,4,0,1,3,,N,,,,,,,,,,,
2009013422,2240,2,0,0,0,0,0,0,0,0,1,0,,67,12,2008,7,39.952,-75.205,2240.0,6,0,0,0,0,0,0,0,0,,0,0,0,22,3,0,0,,0,39 57:07.257,,0,75 12:17.978,0,0,0,0,67301,0,0,0,N,0,0,0,2,67301,0,,1,9,,N,N,,0,,0,0,0,0.0,0,,2230,0,2,0,0,0,0,0,3,4,0,2,10,,N,,,,,,,,,,,
2009013431,1455,1,0,0,0,0,0,0,0,0,8,0,,67,12,2008,4,40.0016,-75.1273,1453.0,6,0,0,0,0,0,0,0,0,,0,0,0,14,1,1,0,,0,40 00:05.713,,0,75 07:38.298,8,0,0,0,67301,1,0,0,N,1,0,0,2,67301,0,,1,1,,N,N,,0,,0,0,0,0.0,0,,1445,1,2,0,0,0,1,1,3,4,0,1,3,,N,,,,,,,,,,,
2009029194,0,1,0,0,0,0,0,0,0,0,4,0,,67,11,2008,4,39.9214,-75.1914,0.0,6,0,0,0,0,0,1,0,0,,0,0,0,19,6,1,2,,0,39 55:17.183,,2,75 11:29.075,8,0,0,0,67301,0,0,0,N,0,0,0,2,00000,0,,1,1,,N,N,,0,,0,0,0,0.0,0,,1945,1,2,0,0,0,1,1,3,4,0,2,3,,N,,,,,,,,,,,
2009024675,1510,1,0,0,0,0,0,0,0,0,8,0,,67,12,2008,4,39.959,-75.229,500.0,6,0,0,0,0,0,0,0,0,,0,0,0,14,1,1,2,,0,39 57:32.221,,0,75 13:44.178,3,0,0,0,67301,1,0,0,N,1,0,0,2,67301,0,,1,1,,N,N,,0,,1,0,0,3.0,2,,1455,1,2,0,0,0,0,0,3,4,0,1,3,,N,,,,,,,,,,,
2009025597,1638,1,0,0,0,0,0,0,0,0,7,0,,67,12,2008,5,40.0216,-75.094,1620.0,6,0,0,0,0,0,0,1,0,,0,0,0,16,1,1,3,,0,40 01:17.890,,0,75 05:38.540,8,0,0,0,67301,0,0,0,N,0,0,0,1,67301,0,,5,1,,N,N,,0,,0,0,0,3.0,2,,1600,1,1,0,0,0,1,0,3,4,0,1,3,,N,,,,,,,,,,,
2008098211,1553,2,0,0,0,0,0,0,0,0,4,0,,67,6,2008,3,40.0312,-75.0852,1550.0,6,0,0,0,0,0,1,0,0,1.0,0,0,0,5,1,1,1,,1,40 01:52.320,2.0,0,75 05:06.720,4,0,0,0,67301,0,0,0,N,0,0,0,2,67301,1,,1,1,,N,N,,0,,0,0,0,3.0,2,N,530,1,2,0,0,0,0,1,3,4,0,2,3,,N,,,,,,,,,,,
2008098293,1050,0,0,0,0,0,0,0,0,0,1,0,,67,7,2008,6,40.0389,-75.0833,1045.0,6,0,0,0,0,0,1,0,0,1.0,0,0,0,10,1,1,1,,1,40 02:20.090,4.0,0,75 04:59.750,8,0,0,0,67301,0,0,0,N,0,0,0,2,67301,0,,1,1,,N,N,,1,,0,0,1,3.0,2,Y,1030,1,2,0,0,0,1,0,3,4,0,2,3,,N,,,,,,,,,,,
2008095842,2111,1,0,0,0,0,0,0,0,0,7,0,,67,8,2008,5,39.9701,-75.1928,2111.0,6,0,0,0,0,0,0,0,0,2.0,0,0,0,21,2,1,0,,1,39 58:16.270,3.0,0,75 11:35.871,8,0,0,0,67301,0,0,0,Y,0,0,0,1,68K01,0,,3,9,,N,N,,0,,0,0,0,0.0,0,N,2109,1,1,0,0,0,1,0,3,4,0,1,7,,N,,,,,,,,,,,
2008095884,2228,3,0,0,0,0,0,0,0,0,1,0,,67,5,2008,6,39.9965,-75.1136,2225.0,6,0,0,0,0,0,1,0,0,,0,0,0,22,3,5,0,,0,39 59:47.280,,0,75 06:48.861,8,0,0,0,67301,0,0,0,N,0,0,0,5,67301,0,,1,1,,N,N,,1,,0,0,0,0.0,0,,2225,5,4,0,0,0,5,0,3,4,0,4,3,,N,,,,,,,,,,,
2008098381,1825,2,0,0,0,0,0,0,0,0,4,0,,67,7,2008,1,40.001,-75.148,1820.0,6,0,0,0,0,0,0,0,0,,0,0,0,18,1,1,3,,0,40 00:03.604,,0,75 08:53.867,3,0,0,0,67301,0,0,0,N,0,0,0,3,67301,0,,1,1,,N,N,,0,,1,0,0,0.0,0,,1815,1,2,0,0,1,0,2,3,4,0,2,3,,N,,,,,,,,,,,
2008089345,1512,1,0,0,0,0,0,0,0,0,9,0,,67,6,2008,3,40.0177,-75.2021,1512.0,6,0,0,0,0,0,0,0,0,,0,0,0,15,1,1,0,,0,40 01:03.809,,0,75 12:07.643,3,0,0,0,67301,0,0,0,N,0,0,0,1,67301,0,,1,1,,N,N,,0,,1,0,0,0.0,0,,1512,1,1,0,0,0,0,0,3,4,0,1,3,,N,,,,,,,,,,,
2008108002,1550,0,0,0,1,0,0,0,0,0,4,0,,67,8,2008,6,39.9593,-75.1654,1545.0,6,0,0,0,0,0,0,0,0,,0,0,0,15,1,1,2,,0,39 57:33.259,,0,75 09:55.537,4,0,0,0,67301,1,0,0,,0,0,0,2,67301,1,,1,1,,,,,0,,0,0,0,3.0,3,,1530,1,2,0,0,0,0,0,3,4,1,1,3,,N,,,,,,,,,,,
2008113470,2201,1,0,0,0,0,0,0,0,0,7,0,,67,9,2008,4,39.9996,-75.0848,2158.0,6,0,0,0,0,1,0,0,0,,0,0,0,20,3,0,0,,0,39 59:54.409,,8,75 04:59.170,0,0,0,0,67301,0,0,0,N,0,0,0,1,68K01,0,,2,1,,N,N,,0,,0,0,0,0.0,0,,2054,0,1,0,0,0,0,0,3,4,0,1,3,,N,,,,,,,,,,,
2008119501,1545,1,0,0,0,0,0,0,0,0,2,0,,67,9,2008,4,40.0139,-75.126,1545.0,6,0,0,0,0,0,1,0,0,,0,0,0,15,1,1,1,,0,40 00:49.975,,0,75 07:33.617,4,0,0,0,67301,0,0,0,,0,0,0,3,67301,1,,1,1,,,,,0,,0,0,1,3.0,2,,1540,1,2,0,0,0,0,0,3,4,0,2,3,,N,,,,,,,,,,,
2008110575,1621,1,0,0,0,0,0,0,0,0,1,0,,67,10,2008,4,39.9582,-75.1641,1608.0,6,0,0,0,0,0,1,0,0,1.0,0,0,0,16,1,0,0,,1,39 57:29.382,4.0,0,75 09:50.830,0,0,0,0,67301,0,0,0,N,0,0,0,2,68K01,0,,1,1,,N,N,,1,,0,0,0,0.0,0,N,1605,0,2,0,0,0,0,0,3,4,0,2,3,,N,,,,,,,,,,,
2009013705,1650,2,0,0,0,0,0,0,0,0,4,0,,67,12,2008,6,39.9572,-75.1513,1644.0,6,0,0,0,0,0,1,0,0,,0,0,0,16,2,1,5,,0,39 57:25.920,,2,75 09:04.680,8,0,0,0,67301,0,0,0,N,0,0,0,4,67301,0,,1,1,,N,N,,0,,0,0,0,3.0,2,,1630,1,2,0,0,0,1,2,3,4,0,2,3,,N,,,,,,,,,,,
2009013744,1632,0,0,0,0,0,0,0,0,0,8,0,,67,11,2008,1,39.9231,-75.1699,1630.0,6,0,0,0,0,0,0,0,0,,0,0,0,16,4,1,1,,0,39 55:23.275,,0,75 10:11.576,4,0,0,0,67301,1,0,0,N,1,0,0,2,67301,1,,1,9,,N,N,,0,,0,0,1,3.0,2,,1628,1,2,0,0,0,0,0,3,4,0,1,7,,N,,,,,,,,,,,
2009013768,1340,0,0,0,0,0,0,0,0,0,7,0,,67,11,2008,7,39.8951,-75.2483,1331.0,6,0,0,0,0,0,0,0,0,,0,0,0,13,1,1,0,,0,39 53:42.410,,0,75 14:53.833,3,0,0,0,67301,0,0,0,N,0,0,0,1,67301,0,,3,1,,N,N,,0,,1,0,1,0.0,0,,1315,1,1,0,0,0,0,0,3,4,0,1,3,,N,,,,,,,,,,,
2009024815,8,0,0,0,1,0,0,0,0,0,2,0,,67,12,2008,1,40.0318,-75.1243,2359.0,6,0,0,0,0,0,0,0,0,,0,0,0,23,3,1,0,,0,40 01:54.303,,0,75 07:27.382,4,0,0,0,67301,1,0,0,N,0,0,0,2,67301,1,,1,1,,N,N,,1,,0,0,0,0.0,0,,2359,1,2,0,0,0,0,0,3,4,0,1,3,,N,,,,,,,,,,,
2009002621,855,4,0,0,0,0,0,0,0,0,1,0,,67,11,2008,6,40.1066,-74.999,850.0,6,0,0,0,0,0,2,0,0,,0,0,0,8,1,1,1,,0,40 06:23.740,,0,74 59:56.580,3,0,0,0,67301,0,0,0,N,0,0,0,5,67301,0,,1,1,,N,N,,0,,1,0,0,3.0,2,,850,1,4,0,0,0,0,0,3,4,0,4,3,,N,,,,,,,,,,,
2009002276,1705,2,0,0,0,0,0,0,0,0,4,0,,67,11,2008,5,39.9726,-75.2178,1700.0,6,0,0,0,0,0,1,0,0,,0,0,0,15,1,1,2,,0,39 58:21.476,,0,75 13:03.993,8,0,0,0,67301,0,0,0,N,0,0,0,4,67301,0,,1,1,,N,N,,0,,0,0,0,9.0,3,,1500,1,2,0,0,0,1,0,3,4,0,2,3,,N,,,,,,,,,,,
2009000790,725,1,0,0,0,0,0,0,0,0,2,1,,67,11,2008,6,40.0175,-75.0479,715.0,6,0,0,0,1,0,0,0,0,,0,1,0,7,1,0,2,,0,40 01:02.640,,0,75 02:52.080,0,0,0,0,67301,0,0,0,N,0,0,0,2,67301,0,,1,9,,N,N,,0,,0,0,0,3.0,2,,713,0,2,0,0,0,0,0,3,4,0,2,7,,N,,,,,,,,,,,
2009000136,324,2,0,0,0,0,0,0,0,0,1,0,,67,12,2008,4,40.0475,-74.9991,314.0,6,0,0,0,1,0,0,0,0,3.0,0,0,0,3,3,0,0,,2,40 02:50.829,1.0,8,74 59:56.852,0,0,0,0,67301,0,0,0,Y,0,0,0,4,68K01,0,,1,2,,N,N,,0,,0,0,1,0.0,0,Y,302,0,3,0,0,0,0,0,3,4,0,3,7,,N,,,,,,,,,,,
2009015039,1600,2,0,0,0,0,0,0,0,0,4,0,,67,11,2008,3,39.9249,-75.1545,1555.0,6,0,0,0,0,0,1,0,0,,0,0,0,15,1,2,1,,0,39 55:29.686,,0,75 09:16.322,4,0,0,0,67301,0,0,0,N,0,0,0,5,67301,2,,1,98,,N,N,,0,,0,0,0,3.0,3,,1530,2,2,0,0,0,0,0,3,4,0,2,99,,N,,,,,,,,,,,
2009015079,702,0,0,0,0,0,0,0,0,0,8,1,,67,12,2008,5,39.9519,-75.1598,700.0,6,0,0,0,0,0,0,0,0,,0,1,0,6,5,1,1,,0,39 57:06.669,,0,75 09:35.366,4,0,0,0,67301,1,0,0,,1,0,0,2,67301,1,,1,9,,N,N,,0,,0,0,0,3.0,2,,650,1,2,0,0,0,0,0,3,4,0,1,7,,N,,,,,,,,,,,
2009015084,2114,2,0,0,0,0,0,0,0,0,2,0,,67,11,2008,5,39.9836,-75.247,2114.0,6,0,0,0,0,0,0,0,0,,0,0,0,21,3,2,1,,0,39 59:00.900,,0,75 14:49.359,8,0,0,0,67301,0,0,0,,0,0,0,2,67301,0,,1,1,,,,,0,,0,0,0,3.0,2,,2114,2,2,0,0,0,2,0,3,4,0,2,3,,N,,,,,,,,,,,
2009015090,2020,0,0,0,0,0,0,0,0,0,8,0,,67,11,2008,4,39.9548,-75.1664,2016.0,6,0,0,0,0,0,0,1,0,,0,0,0,20,3,1,0,,0,39 57:17.472,,0,75 09:58.928,8,0,0,0,67301,1,0,0,N,1,0,0,2,67301,0,,1,9,,N,N,,1,,0,0,0,3.0,2,,2015,1,2,0,0,0,1,0,3,4,0,1,7,,N,,,,,,,,,,,
2009013287,9999,2,0,0,0,0,0,0,0,0,2,0,,67,12,2008,4,39.9867,-75.2084,9999.0,6,0,0,0,0,0,0,0,0,9.0,0,0,0,17,4,0,1,,2,39 59:11.610,3.0,0,75 12:32.326,0,0,0,0,67301,0,0,0,N,0,0,0,2,67301,0,,1,1,,N,N,,0,,0,0,0,0.0,0,N,1720,0,2,0,0,1,0,0,3,4,0,2,3,,N,,,,,,,,,,,
2009013384,1123,2,0,0,0,0,0,0,0,0,1,0,,67,12,2008,3,40.0547,-75.0048,1119.0,6,0,0,0,0,0,0,0,1,,0,0,0,11,1,1,1,,0,40 03:17.073,,0,75 00:17.300,8,0,0,0,67301,0,0,0,,0,0,0,1,67301,0,,1,1,,,,,0,,0,0,1,2.0,2,,1117,1,3,0,0,0,1,0,3,4,0,3,3,,N,,,,,,,,,,,
2009013586,1350,1,0,0,0,0,0,0,0,0,7,0,,67,12,2008,4,40.0801,-75.0521,1343.0,6,0,0,0,0,0,1,0,0,,0,0,0,13,1,0,0,,0,40 04:48.468,,0,75 03:07.419,0,0,0,0,67301,0,0,0,N,0,0,0,1,67301,0,,4,9,,N,N,,0,,0,0,0,0.0,0,,1343,0,1,0,0,1,0,0,3,4,0,1,7,,N,,,,,,,,,,,
2009029255,0,1,0,0,0,0,0,0,0,0,8,0,,67,10,2008,5,40.0477,-75.06,0.0,6,0,0,0,0,0,0,0,0,,0,0,0,9,1,1,5,,0,40 02:51.581,,0,75 03:35.828,3,0,0,0,67301,1,0,0,N,1,0,0,2,00000,0,,1,1,,N,N,,0,,1,0,0,3.0,2,,930,1,2,0,0,0,0,0,3,4,0,1,3,,N,,,,,,,,,,,
2009029267,0,1,0,0,0,0,0,0,0,0,4,0,,67,9,2008,5,40.0639,-75.1409,0.0,6,0,0,0,0,0,0,0,0,,0,0,0,11,1,1,0,,0,40 03:50.107,,7,75 08:27.372,8,0,0,0,67301,1,0,0,,0,0,0,2,00000,0,,1,1,,,,,0,,0,0,1,0.0,0,,1130,1,2,0,0,0,1,1,3,4,0,2,3,,N,,,,,,,,,,,
2009029177,9999,1,0,0,1,0,1,0,0,0,5,0,,67,4,2008,6,,,9999.0,6,0,0,0,0,0,0,0,0,,0,0,0,8,1,1,0,,0,,,0,,2,0,0,0,67301,1,0,1,N,0,0,0,2,00000,0,,1,9,,N,N,,0,,0,1,0,0.0,0,,800,1,2,0,0,0,0,0,3,3,0,1,3,,N,,,,,,,,,,,
2009025235,1708,3,0,0,0,0,0,0,0,0,1,0,,67,12,2008,3,39.9244,-75.1696,1700.0,6,0,0,0,0,0,2,0,0,,0,0,0,16,2,1,1,,0,39 55:27.729,,0,75 10:10.600,4,0,0,0,67301,0,0,0,N,0,0,0,5,67301,1,,1,9,,N,N,,0,,0,0,0,3.0,2,,1655,1,3,0,0,0,0,0,3,4,0,3,7,,N,,,,,,,,,,,
2009025900,2012,3,0,0,0,0,0,0,0,0,2,0,,67,12,2008,1,40.0323,-75.0309,2010.0,6,0,0,0,0,0,0,0,0,2.0,0,0,0,20,3,2,1,,2,40 01:59.650,5.0,0,75 01:44.910,2,0,0,0,67301,0,0,0,N,0,0,0,4,67301,1,,1,1,,N,N,,0,,0,1,0,3.0,2,Y,2010,2,3,0,1,2,0,0,3,4,0,3,3,,N,,,,,,,,,,,
2009024889,2145,3,0,0,0,0,0,0,0,0,1,0,,67,12,2008,6,40.0765,-75.0327,2145.0,6,0,0,0,0,0,0,0,0,,0,0,0,20,3,3,1,,0,40 04:35.499,,7,75 01:57.663,4,0,0,0,67301,0,0,0,N,0,0,0,4,67301,3,,1,9,,N,N,,0,,0,0,0,3.0,2,,2030,3,3,0,0,0,0,0,3,4,0,3,7,,N,,,,,,,,,,,
2009024987,2320,2,0,0,0,0,0,0,0,0,1,0,,67,12,2008,2,39.8993,-75.1748,2313.0,6,0,0,0,0,0,0,0,0,,0,0,0,23,3,2,2,,0,39 53:57.391,,0,75 10:29.308,3,0,0,0,67301,0,0,0,N,0,0,0,2,67301,1,,1,9,,N,N,,0,,1,0,0,9.0,2,,2313,2,2,0,0,0,0,0,3,4,0,2,7,,N,,,,,,,,,,,
2009030050,20,4,0,0,0,0,0,0,0,0,5,0,,67,11,2008,7,40.0227,-75.1482,15.0,6,0,0,0,0,0,0,0,0,3.0,0,0,0,0,3,4,0,,1,40 01:21.844,1.0,0,75 08:53.501,4,0,0,0,67301,0,0,0,N,0,0,0,6,67301,3,,1,1,,N,N,,0,,0,0,0,0.0,0,Y,20,4,5,0,0,2,1,0,3,4,0,5,3,,N,,,,,,,,,,,
2009054385,424,2,0,0,0,0,0,0,0,0,2,0,,67,12,2008,1,40.0611,-75.1354,424.0,6,0,0,0,0,0,0,0,0,1.0,0,0,0,4,3,2,0,,1,40 03:39.985,4.0,1,75 08:07.537,8,0,0,0,67301,0,0,0,N,0,0,0,3,46102,0,,1,1,,N,N,,0,,0,0,0,0.0,0,Y,424,2,2,0,0,0,2,1,3,4,0,2,3,,N,,,,,,,,,,,
2008088273,2214,2,0,0,0,0,0,0,0,0,4,0,,67,6,2008,5,39.9472,-75.1665,2206.0,6,0,0,0,0,0,0,0,0,,0,0,0,22,3,1,1,,0,39 56:49.916,,0,75 09:59.252,4,0,0,0,67301,0,0,0,,0,0,0,3,67301,1,,1,1,,N,N,,0,,0,0,0,3.0,2,,2206,1,2,0,0,0,0,0,3,4,0,2,3,,N,,,,,,,,,,,
2008097590,135,3,0,0,0,0,0,0,0,0,4,0,,67,7,2008,3,40.0293,-75.051,134.0,6,0,0,0,0,0,0,0,0,,0,0,0,1,3,0,0,,0,40 01:45.573,,0,75 03:03.715,0,0,0,0,67301,0,0,0,N,0,0,0,1,67301,0,,6,1,,N,N,,0,,0,0,0,0.0,0,,134,0,3,0,0,0,0,0,3,4,0,3,3,,N,,,,,,,,,,,
2008088085,2105,3,0,0,0,0,0,0,0,0,2,0,,67,6,2008,1,40.0263,-75.0814,2057.0,6,0,0,0,0,0,0,0,0,,0,0,0,20,3,4,1,,0,40 01:34.816,,0,75 04:52.910,4,0,0,0,67301,0,0,0,N,0,0,0,5,67301,4,,1,1,,N,N,,0,,0,0,0,3.0,3,,2040,4,3,0,0,0,0,0,3,4,0,3,3,,N,,,,,,,,,,,
2008090330,1852,0,0,0,0,0,0,0,0,0,1,0,,67,8,2008,4,39.8887,-75.2182,1852.0,6,0,0,0,0,0,0,0,0,,0,0,0,18,1,3,0,,0,39 53:17.567,,0,75 13:02.853,8,0,0,0,67301,0,0,0,N,0,0,0,4,68K01,0,,1,1,,N,N,,0,,0,0,2,0.0,0,,1852,3,2,0,0,0,3,1,3,4,0,2,3,,N,,,,,,,,,,,
2008087839,822,0,0,0,0,0,0,0,0,0,7,0,,67,6,2008,4,39.936,-75.1689,819.0,6,0,0,0,0,0,1,0,0,,0,0,0,8,1,1,1,,0,39 56:09.488,,0,75 10:08.043,8,0,0,0,67301,0,0,0,N,0,0,0,1,67301,0,,4,1,,N,N,,0,,0,0,1,3.0,3,,818,1,1,0,0,0,1,0,3,4,0,1,3,,N,,,,,,,,,,,
2008083254,1320,2,0,0,0,0,0,0,0,0,1,0,,67,5,2008,2,39.9795,-75.1522,1320.0,6,0,0,0,0,0,0,0,0,,0,0,0,99,1,1,1,,0,39 58:46.297,,0,75 09:08.071,8,0,0,0,67301,0,0,0,N,0,0,0,3,67505,0,,1,1,,N,Y,,0,,0,0,0,3.0,3,,9999,1,2,0,0,0,1,0,3,4,0,2,3,,N,,,,,,,,,,,
2008083261,338,2,0,0,0,0,0,0,0,0,2,0,,67,4,2008,1,39.9738,-75.2582,335.0,6,0,0,0,0,0,0,0,0,,0,0,0,3,3,1,1,,0,39 58:25.604,,0,75 15:29.678,4,0,0,0,67301,0,0,0,N,0,0,0,2,67301,1,,1,1,,N,N,,0,,0,0,0,2.0,2,,330,1,2,0,0,0,0,1,3,4,0,2,3,,N,,,,,,,,,,,
2008095572,1630,1,0,0,0,0,0,0,0,0,1,0,,67,7,2008,5,39.9518,-75.1453,1622.0,6,0,0,0,0,0,0,0,0,,0,0,0,16,1,1,0,,0,39 57:06.469,,0,75 08:43.058,8,0,0,0,67301,0,0,0,N,0,0,0,2,67301,0,,1,1,,N,N,,1,,0,0,0,0.0,0,,1615,1,2,0,0,0,1,0,3,4,0,2,3,,N,,,,,,,,,,,
2008089171,0,2,0,0,0,0,0,0,0,0,1,0,,67,3,2008,1,40.0852,-75.2102,0.0,6,0,0,0,0,0,0,1,0,,0,0,0,13,1,1,1,,0,40 05:06.720,,2,75 12:36.720,8,0,0,0,67301,0,0,0,N,0,0,0,2,00000,0,,1,9,,N,N,,0,,0,0,0,3.0,3,,1300,1,2,0,0,0,1,0,3,4,0,2,3,,N,,,,,,,,,,,
2008098345,1915,1,0,0,0,0,0,0,0,0,5,0,,67,7,2008,3,40.0406,-75.1515,1910.0,6,0,0,0,0,0,0,0,0,,0,0,0,19,1,1,1,,0,40 02:26.275,,0,75 09:05.486,3,0,0,1,67301,0,0,0,N,0,0,0,2,67301,0,,1,1,,N,N,,0,,1,0,0,3.0,2,,1910,1,2,0,0,0,0,1,3,4,0,2,3,,N,,,,,,,,,,,
2008098347,1915,1,0,0,0,0,0,0,0,0,8,0,,67,7,2008,2,40.04,-75.1278,1910.0,6,0,0,0,0,1,0,0,0,,0,0,0,19,1,1,0,,0,40 02:24.018,,0,75 07:40.026,4,0,0,0,67301,1,0,0,N,1,0,0,2,67301,1,,1,1,,N,N,,0,,0,0,0,0.0,0,,1910,1,2,0,0,1,0,0,3,4,0,1,3,,N,,,,,,,,,,,
2008081499,2224,1,0,0,0,0,0,0,0,0,4,0,,67,5,2008,6,39.9741,-75.2043,2214.0,6,0,0,1,0,0,1,0,0,,0,0,0,22,3,0,1,,0,39 58:26.831,,0,75 12:15.528,9,0,0,0,67301,0,0,0,N,0,0,0,2,67301,0,,1,9,,N,N,,0,,0,0,0,3.0,2,,2208,0,2,0,0,0,0,2,3,4,1,2,7,,N,,,,,,,,,,,
2008108016,50,1,0,0,0,0,0,0,0,0,8,0,,67,9,2008,3,39.9885,-75.1024,45.0,6,0,0,0,0,0,0,0,0,,0,0,0,16,1,1,0,,0,39 59:18.528,,0,75 06:08.730,4,0,0,0,67301,1,0,0,,1,0,0,2,67301,1,,4,1,,N,N,,0,,0,0,0,0.0,0,,1620,1,2,0,0,0,0,1,3,4,0,1,3,,N,,,,,,,,,,,
2008070754,1435,0,0,0,0,0,0,0,0,0,7,0,,67,4,2008,1,40.0203,-75.1628,1430.0,6,0,0,0,0,0,0,0,0,,0,0,0,14,1,1,2,,0,40 01:13.040,,0,75 09:46.119,3,0,0,0,67301,0,0,0,N,0,0,0,1,67301,0,,2,1,,N,N,,0,,1,0,0,3.0,3,,1427,1,1,0,0,0,0,0,3,4,1,1,3,,N,,,,,,,,,,,
2008070793,748,0,0,0,0,0,0,0,0,0,8,0,99.0,67,4,2008,4,39.9793,-75.1627,745.0,6,0,0,0,0,0,1,0,0,,0,0,0,7,1,1,1,,0,39 58:45.483,,0,75 09:45.552,2,0,0,0,67301,1,0,1,,1,0,1,2,67301,0,,9,1,,,,,0,,0,1,0,0.0,0,,735,1,2,0,0,0,0,0,3,4,0,1,3,,Y,8.0,8.0,U,,,U,,,,,
2008096936,1453,1,0,0,0,0,0,0,0,0,8,0,,67,6,2008,5,40.03,-75.2113,1450.0,6,0,0,0,0,0,0,0,0,,0,0,0,14,1,1,1,,0,40 01:47.816,,0,75 12:40.562,4,0,0,0,67301,1,0,0,N,1,0,0,2,67301,1,,1,1,,N,N,,0,,0,0,0,0.0,0,,1445,1,2,0,0,0,0,0,3,4,0,1,3,,N,,,,,,,,,,,
2008073510,1425,1,0,0,0,0,0,0,0,0,4,1,,67,4,2008,4,39.9573,-75.1427,1420.0,6,0,0,0,0,0,0,0,0,,0,1,0,14,1,1,1,,0,39 57:25.871,,0,75 08:31.299,8,0,0,0,67301,0,0,0,,0,0,0,2,67301,0,,1,1,,N,,,0,,0,0,0,3.0,2,,1418,1,2,0,0,0,1,0,3,4,0,2,3,,N,,,,,,,,,,,
2008107998,155,0,0,0,0,0,0,0,0,0,0,0,,67,8,2008,7,40.0995,-74.9864,145.0,6,0,0,0,0,0,0,0,0,,0,0,0,1,3,1,1,,0,40 05:58.224,,0,74 59:10.989,3,0,0,1,67301,0,0,0,N,0,0,0,1,67301,0,,1,1,,N,N,,0,,1,0,0,3.0,2,,140,1,1,0,0,0,0,0,3,4,0,1,3,,N,,,,,,,,,,,
2008120781,2030,1,0,0,0,0,0,0,0,0,8,0,,67,9,2008,4,39.9689,-75.2114,2030.0,6,0,0,0,0,0,0,0,0,,0,0,0,20,3,1,0,,0,39 58:08.136,,0,75 12:40.796,8,0,0,0,67301,1,0,0,N,1,0,0,3,67301,0,,1,1,,N,N,,0,,0,0,0,0.0,0,,2025,1,2,0,0,0,1,0,3,4,0,1,3,,N,,,,,,,,,,,