CRN,ARRIVAL_TM,AUTOMOBILE_COUNT,BELTED_DEATH_COUNT,BELTED_SUSP_SERIOUS_INJ_COUNT,BICYCLE_COUNT,BICYCLE_DEATH_COUNT,BICYCLE_SUSP_SERIOUS_INJ_COUNT,BUS_COUNT,CHLDPAS_DEATH_COUNT,CHLDPAS_SUSP_SERIOUS_INJ_COUNT,COLLISION_TYPE,COMM_VEH_COUNT,CONS_ZONE_SPD_LIM,COUNTY,CRASH_MONTH,CRASH_YEAR,DAY_OF_WEEK,DEC_LAT,DEC_LONG,DISPATCH_TM,DISTRICT,DRIVER_COUNT_16YR,DRIVER_COUNT_17YR,DRIVER_COUNT_18YR,DRIVER_COUNT_19YR,DRIVER_COUNT_20YR,DRIVER_COUNT_50_64YR,DRIVER_COUNT_65_74YR,DRIVER_COUNT_75PLUS,EST_HRS_CLOSED,FATAL_COUNT,HEAVY_TRUCK_COUNT,HORSE_BUGGY_COUNT,HOUR_OF_DAY,ILLUMINATION,INJURY_COUNT,INTERSECT_TYPE,INTERSECTION_RELATED,LANE_CLOSED,LATITUDE,LN_CLOSE_DIR,LOCATION_TYPE,LONGITUDE,MAX_SEVERITY_LEVEL,MCYCLE_DEATH_COUNT,MCYCLE_SUSP_SERIOUS_INJ_COUNT,MOTORCYCLE_COUNT,MUNICIPALITY,NONMOTR_COUNT,NONMOTR_DEATH_COUNT,NONMOTR_SUSP_SERIOUS_INJ_COUNT,NTFY_HIWY_MAINT,PED_COUNT,PED_DEATH_COUNT,PED_SUSP_SERIOUS_INJ_COUNT,PERSON_COUNT,POLICE_AGCY,POSSIBLE_INJ_COUNT,RDWY_SURF_TYPE_CD,RELATION_TO_ROAD,ROAD_CONDITION,ROADWAY_CLEARED,SCH_BUS_IND,SCH_ZONE_IND,SECONDARY_CRASH,SMALL_TRUCK_COUNT,SPEC_JURIS_CD,SUSP_MINOR_INJ_COUNT,SUSP_SERIOUS_INJ_COUNT,SUV_COUNT,TCD_FUNC_CD,TCD_TYPE,TFC_DETOUR_IND,TIME_OF_DAY,TOT_INJ_COUNT,TOTAL_UNITS,UNB_DEATH_COUNT,UNB_SUSP_SERIOUS_INJ_COUNT,UNBELTED_OCC_COUNT,UNK_INJ_DEG_COUNT,UNK_INJ_PER_COUNT,URBAN_AREA,URBAN_RURAL,VAN_COUNT,VEHICLE_COUNT,WEATHER1,WEATHER2,WORK_ZONE_IND,WORK_ZONE_LOC,WORK_ZONE_TYPE,WORKERS_PRES,WZ_CLOSE_DETOUR,WZ_FLAGGER,WZ_LAW_OFFCR_IND,WZ_LN_CLOSURE,WZ_MOVING,WZ_OTHER,WZ_SHLDER_MDN,WZ_WORKERS_INJ_KILLED
2008122854,157,1,0,0,1,1,0,0,0,0,4,0,,67,8,2008,1,40.0227,-75.1367,151.0,6,0,0,0,0,0,0,0,0,9.0,1,0,0,1,3,0,1,,2,40 01:21.640,3.0,0,75 08:12.580,1,0,0,0,67301,1,1,0,N,0,0,0,2,67301,0,2.0,1,1,,N,N,,0,9.0,0,0,0,3.0,2,Y,150,0,2,0,0,0,0,0,3,4,0,1,3,,N,,,,,,,,,,,
2008119506,1628,2,0,0,0,0,0,0,0,0,2,0,,67,9,2008,5,39.9577,-75.1742,1620.0,6,0,0,0,0,0,0,0,0,,0,0,0,16,1,1,2,,0,39 57:27.565,,0,75 10:27.159,8,0,0,0,67301,0,0,0,,0,0,0,2,67301,0,,1,1,,N,N,,0,,0,0,0,3.0,2,,1615,1,2,0,0,0,1,0,3,4,0,2,3,,N,,,,,,,,,,,
2008120641,1719,0,0,0,0,0,0,0,0,0,7,0,,67,10,2008,2,40.0613,-74.9926,1646.0,6,0,0,0,1,0,0,0,0,,0,0,0,16,1,1,0,,0,40 03:40.766,,0,74 59:33.468,8,0,0,0,67301,0,0,0,N,0,0,0,1,67301,0,,4,1,,N,N,,0,,0,0,1,0.0,0,,1640,1,1,0,0,0,1,0,3,4,0,1,3,,N,,,,,,,,,,,
2008120651,230,0,0,0,0,0,0,0,0,0,7,0,,67,10,2008,1,40.0904,-75.0093,220.0,6,0,0,0,0,0,0,0,0,,0,0,0,2,3,2,0,,0,40 05:25.364,,0,75 00:33.486,4,0,0,0,67301,0,0,0,N,0,0,0,2,67301,1,,5,1,,N,N,,0,,0,0,0,0.0,0,,220,2,1,0,0,0,1,0,3,4,1,1,3,,N,,,,,,,,,,,
2009013676,1117,1,0,0,0,0,0,0,0,0,8,0,,67,11,2008,1,39.9849,-75.17,1114.0,6,0,0,0,0,0,0,0,0,,0,0,0,11,1,1,0,,0,39 59:05.557,,0,75 10:12.068,3,0,0,0,67301,1,0,0,N,1,0,0,2,67301,0,,1,1,,N,N,,0,,1,0,0,0.0,0,,1117,1,2,0,0,0,0,0,3,4,0,1,3,,N,,,,,,,,,,,
2009013838,833,0,0,0,0,0,0,0,0,0,8,0,,67,11,2008,2,39.9673,-75.1754,830.0,6,0,0,0,0,0,0,0,0,,0,0,0,8,1,2,1,,0,39 58:02.431,,0,75 10:31.324,4,0,0,1,67301,1,0,0,,1,0,0,2,67301,1,,1,1,,N,N,,0,,0,0,0,3.0,2,,830,2,2,0,0,0,1,0,3,4,0,1,3,,N,,,,,,,,,,,
2009013853,1723,1,0,0,1,0,0,0,0,0,1,0,,67,12,2008,2,39.947,-75.1766,1720.0,6,0,0,0,0,0,1,0,0,,0,0,0,17,3,1,1,,0,39 56:49.146,,0,75 10:35.615,8,0,0,0,67301,1,0,0,,0,0,0,2,67301,0,,1,9,,N,N,,0,,0,0,0,3.0,2,,1715,1,2,0,0,0,1,0,3,4,0,1,7,,N,,,,,,,,,,,
2009001016,2350,2,0,0,0,0,0,0,0,0,4,0,,67,11,2008,1,39.9486,-75.146,2345.0,6,0,0,0,0,0,0,0,0,1.0,0,0,0,23,3,2,1,,2,39 56:54.769,3.0,0,75 08:43.330,4,0,0,0,67301,0,0,0,N,0,0,0,3,67301,2,,1,1,,N,N,,0,,0,0,0,3.0,2,Y,2344,2,2,0,0,0,0,0,3,4,0,2,3,,N,,,,,,,,,,,
2009001980,1930,2,0,0,0,0,0,0,0,0,4,0,,67,11,2008,7,40.0619,-75.1632,1918.0,6,0,0,0,0,0,0,0,0,,0,0,0,19,3,0,1,,0,40 03:42.905,,0,75 09:47.363,9,0,0,0,67301,0,0,0,N,0,0,0,2,67301,0,,3,1,,N,N,,0,,0,0,0,3.0,2,,1915,0,2,0,0,0,0,1,3,4,0,2,99,,N,,,,,,,,,,,
2009012726,1630,1,0,0,0,0,0,1,0,0,5,1,,67,12,2008,3,39.941,-75.1743,1600.0,6,0,0,0,0,0,0,0,0,,0,0,0,15,1,1,0,,0,39 56:27.542,,0,75 10:27.472,4,0,0,0,67301,1,0,0,,1,0,0,2,67301,1,,1,1,,,,,0,,0,0,0,0.0,0,,1530,1,3,0,0,0,0,0,3,4,0,2,3,,N,,,,,,,,,,,
2009024801,1735,0,0,0,0,0,0,0,0,0,8,0,,67,12,2008,3,39.9442,-75.1772,1730.0,6,0,0,0,0,0,0,0,0,,0,0,0,17,6,1,1,,0,39 56:39.152,,0,75 10:37.786,3,0,0,0,67301,1,0,0,,1,0,0,2,67301,0,,1,9,,,,,1,,1,0,0,3.0,3,,1730,1,2,0,0,0,0,0,3,4,0,1,7,,N,,,,,,,,,,,
2009036391,1535,1,0,0,1,0,0,0,0,0,5,0,,67,12,2008,3,40.0406,-75.1787,1535.0,6,0,0,0,0,0,0,0,0,,0,0,0,15,1,1,2,,0,40 02:26.160,,0,75 10:43.320,4,0,0,0,67301,1,0,0,N,0,0,0,2,67301,1,,1,1,,N,N,,0,,0,0,0,9.0,2,,1535,1,2,0,0,0,0,0,3,4,0,1,3,,N,,,,,,,,,,,
2009004112,1910,2,0,0,0,0,0,0,0,0,1,0,,67,11,2008,5,40.039,-75.067,1905.0,6,0,0,0,0,0,1,0,0,1.0,0,0,0,19,3,0,0,,1,40 02:20.400,1.0,0,75 04:01.200,0,0,0,0,67301,0,0,0,N,0,0,0,2,67301,0,,1,1,,N,N,,0,,0,0,0,0.0,0,Y,1902,0,2,0,0,0,0,0,3,4,0,2,3,,N,,,,,,,,,,,
2009000789,1205,1,0,0,0,0,0,0,0,0,8,0,,67,11,2008,2,39.9526,-75.19,1200.0,6,0,0,0,0,0,0,0,0,,0,0,0,11,1,1,1,,0,39 57:09.205,,0,75 11:24.106,8,0,0,0,67301,1,0,0,N,1,0,0,2,67301,0,,1,1,,N,N,,0,,0,0,0,3.0,2,,1146,1,2,0,0,0,1,0,3,4,0,1,3,,N,,,,,,,,,,,
2009006866,2123,1,0,0,0,0,0,0,0,0,7,0,,67,12,2008,6,39.9137,-75.1481,2122.0,6,0,0,0,0,0,0,0,0,3.0,0,0,0,21,3,1,0,,1,39 54:54.340,1.0,0,75 08:51.890,3,0,0,0,67301,0,0,0,N,0,0,0,1,68K01,0,,2,1,,N,N,,0,,1,0,0,0.0,0,N,2121,1,1,0,0,1,0,0,3,4,0,1,3,,N,,,,,,,,,,,
2009001029,2003,1,0,0,0,0,0,0,0,0,1,0,,67,11,2008,4,40.0097,-75.0636,1951.0,6,0,0,0,0,1,0,0,0,2.0,0,0,0,19,3,1,0,,1,40 00:35.270,1.0,0,75 03:48.440,8,0,0,0,67301,0,0,0,,0,0,0,5,67301,0,,1,9,,,,,0,,0,0,1,0.0,0,Y,1945,1,2,0,0,0,1,0,3,4,0,2,7,,N,,,,,,,,,,,
2009001032,1907,1,0,0,0,0,0,0,0,0,8,0,,67,11,2008,5,39.9536,-75.165,1905.0,6,0,0,0,0,0,0,0,0,,0,0,0,19,3,1,1,,0,39 57:12.949,,0,75 09:54.175,8,0,0,0,67301,1,0,0,,1,0,0,2,67301,0,,1,1,,,,,0,,0,0,0,3.0,2,,1900,1,2,0,0,0,1,0,3,4,0,1,3,,N,,,,,,,,,,,
2009013658,1807,2,0,0,0,0,0,0,0,0,1,0,,67,11,2008,3,40.0713,-75.1859,1759.0,6,0,0,0,0,0,0,0,0,,0,0,0,17,3,2,1,,0,40 04:16.503,,0,75 11:09.112,8,0,0,0,67301,0,0,0,N,0,0,0,4,67301,0,,1,1,,N,N,,0,,0,0,1,0.0,0,,1758,2,3,0,0,0,2,0,3,4,0,3,3,,N,,,,,,,,,,,
2009013424,1542,2,0,0,0,0,0,0,0,0,4,0,,67,11,2008,4,39.9737,-75.2463,1538.0,6,0,0,0,0,1,0,0,0,9.0,0,0,0,15,1,1,1,,2,39 58:25.183,7.0,0,75 14:46.708,4,0,0,0,67301,0,0,0,N,0,0,0,3,67301,1,,1,9,,N,N,,0,,0,0,0,3.0,3,N,1536,1,2,0,0,1,0,0,3,4,0,2,7,,N,,,,,,,,,,,
2009024703,2110,1,0,0,0,0,0,0,0,0,4,0,,67,12,2008,6,40.0267,-75.0563,2100.0,6,0,1,0,0,0,0,0,0,2.0,0,0,0,20,3,2,1,,1,40 01:36.217,4.0,0,75 03:22.737,8,0,0,0,67301,0,0,0,,0,0,0,3,67301,0,,1,9,,,,,0,,0,0,1,3.0,3,Y,2050,2,2,0,0,0,2,0,3,4,0,2,7,,N,,,,,,,,,,,
2009022789,1530,2,0,0,0,0,0,0,0,0,4,0,,67,10,2008,1,40.0704,-75.0315,1527.0,6,0,0,0,0,0,2,0,0,,0,0,0,15,1,2,0,,0,40 04:13.499,,0,75 01:53.319,8,0,0,0,67301,0,0,0,N,0,0,0,3,67301,0,,1,1,,N,N,,0,,0,0,1,0.0,0,,1524,2,3,0,0,0,2,0,3,4,0,3,3,,N,,,,,,,,,,,
2009024848,211,2,0,0,0,0,0,0,0,0,6,0,,67,12,2008,3,40.051,-74.9933,206.0,6,0,0,0,1,0,0,0,0,,0,0,0,2,3,1,0,,0,40 03:03.708,,0,74 59:35.757,4,0,0,0,67301,0,0,0,N,0,0,0,1,67301,1,,1,1,,N,N,,0,,0,0,0,0.0,0,,205,1,2,0,0,0,0,0,3,4,0,2,3,,N,,,,,,,,,,,
2009024863,815,1,0,0,0,0,0,0,0,0,4,0,,67,12,2008,3,40.0626,-75.1742,810.0,6,0,0,0,0,0,0,0,0,,0,0,0,8,1,2,1,,0,40 03:45.234,,0,75 10:26.975,4,0,0,0,67301,0,0,0,,0,0,0,3,67301,1,,1,9,,,,,0,,0,0,2,3.0,3,,810,2,4,0,0,0,1,0,3,4,1,4,7,,N,,,,,,,,,,,
2009030464,1228,2,0,0,0,0,0,0,0,0,5,0,,67,12,2008,3,40.0151,-75.1774,1228.0,6,0,0,0,0,1,0,0,0,2.0,0,0,0,12,1,2,0,,2,40 00:54.428,4.0,0,75 10:38.770,4,0,0,0,67301,0,0,0,N,0,0,0,3,67301,1,,1,9,,N,N,,0,,0,0,1,3.0,8,Y,1224,2,3,0,0,0,1,0,3,4,0,3,10,,N,,,,,,,,,,,
2009056405,2338,0,0,0,1,0,0,0,0,0,4,0,,67,8,2008,2,40.0302,-75.1654,2337.0,6,0,0,0,0,0,0,0,0,4.0,0,0,0,23,3,1,0,,2,40 01:48.641,5.0,0,75 09:55.326,8,0,0,0,67301,1,0,0,N,0,0,0,2,67301,0,,1,1,,N,N,,0,,0,0,0,3.0,2,Y,2324,1,2,0,0,0,1,0,3,4,0,1,3,,N,,,,,,,,,,,
2008098388,1846,1,0,0,0,0,0,0,0,0,8,0,,67,7,2008,6,39.9422,-75.1835,1843.0,6,0,0,0,0,0,0,0,0,9.0,0,0,0,18,1,1,0,,9,39 56:31.800,6.0,0,75 11:00.707,4,0,0,0,67301,1,0,0,,1,0,0,3,67301,1,,1,1,,,,,0,,0,0,0,0.0,0,N,1841,1,2,0,0,0,0,0,3,4,0,1,3,,N,,,,,,,,,,,
2008078958,1520,1,0,0,0,0,0,0,0,0,8,0,,67,5,2008,2,40.0304,-75.1803,1520.0,6,0,0,0,0,0,1,0,0,,0,0,0,15,1,1,1,,0,40 01:49.440,,0,75 10:49.133,8,0,0,0,67301,1,0,0,N,1,0,0,3,67301,0,,1,9,,N,N,,0,,0,0,0,3.0,2,,1504,1,2,0,0,0,1,0,3,4,0,1,7,,N,,,,,,,,,,,
2008070749,1004,1,0,0,0,0,0,0,0,0,4,0,,67,4,2008,1,40.0764,-75.0475,1003.0,6,0,0,0,0,0,1,0,1,,0,0,0,10,1,1,2,,0,40 04:35.083,,0,75 02:50.845,8,0,0,0,67301,0,0,0,N,0,0,0,3,67301,0,,1,1,,N,N,,0,,0,0,1,3.0,3,,1000,1,2,0,0,0,1,0,3,4,0,2,3,,N,,,,,,,,,,,
2008070796,1344,1,0,0,0,0,0,0,0,0,4,0,,67,4,2008,7,39.921,-75.1433,1343.0,6,0,0,0,0,0,2,0,0,,0,0,0,13,1,3,2,,0,39 55:15.491,,0,75 08:35.912,4,0,0,0,67301,0,0,0,N,0,0,0,3,67301,3,,1,1,,N,N,,0,,0,0,1,3.0,3,,1307,3,2,0,0,0,0,0,3,4,0,2,3,,N,,,,,,,,,,,
2008070851,1900,2,0,0,0,0,0,0,0,0,4,0,,67,4,2008,6,,,1855.0,6,0,0,0,0,0,1,0,0,,0,0,0,18,1,1,1,,0,,,0,,8,0,0,0,67301,0,0,0,N,0,0,0,2,67301,0,,1,1,,N,N,,0,,0,0,0,0.0,0,,1855,1,2,0,0,0,1,0,3,3,0,2,3,,N,,,,,,,,,,,
2008099899,2048,2,0,0,0,0,0,0,0,0,1,0,,67,6,2008,1,39.935,-75.1998,2048.0,6,0,0,0,0,0,0,0,0,2.0,0,0,0,20,3,1,0,,1,39 56:10.949,4.0,0,75 11:57.918,4,0,0,0,67301,0,0,0,N,0,0,0,2,68K01,1,,1,1,,N,N,,0,,0,0,0,0.0,0,N,2048,1,2,0,0,0,0,0,3,4,0,2,3,,N,,,,,,,,,,,
2008107902,1557,0,0,0,0,0,0,0,0,0,7,0,,67,8,2008,7,40.0222,-75.1377,1556.0,6,0,0,0,0,0,0,0,0,1.0,0,0,0,15,1,1,0,,2,40 01:19.973,1.0,0,75 08:15.663,8,0,0,0,67301,0,0,0,N,0,0,0,1,67301,0,,3,1,,N,N,,0,,0,0,1,3.0,2,N,1550,1,1,0,0,1,1,0,3,4,0,1,3,,N,,,,,,,,,,,
2008122834,1340,1,0,0,0,0,0,0,0,0,7,0,,67,10,2008,7,39.9534,-75.1371,1338.0,6,0,0,0,0,0,0,0,0,,0,0,0,13,1,0,0,,0,39 57:12.330,,8,75 08:13.615,0,0,0,0,67301,0,0,0,N,0,0,0,1,67501,0,,2,9,,N,N,,0,,0,0,0,0.0,0,,1336,0,1,0,0,0,0,0,3,4,0,1,7,,N,,,,,,,,,,,
2009013672,1841,1,0,0,1,0,0,0,0,0,6,0,,67,10,2008,3,39.9751,-75.1947,1839.0,6,0,0,0,0,0,0,0,0,,0,0,0,18,1,1,0,,0,39 58:30.420,,0,75 11:40.915,8,0,0,0,67301,1,0,0,,0,0,0,2,67301,0,,1,1,,N,N,,0,,0,0,0,0.0,0,,1835,1,2,0,0,0,1,0,3,4,0,1,3,,N,,,,,,,,,,,
2009013700,2300,2,0,0,0,0,0,0,0,0,2,0,,67,12,2008,3,40.0446,-75.0547,2255.0,6,0,0,0,0,0,0,0,0,,0,0,0,22,3,0,1,,0,40 02:40.636,,0,75 03:16.819,0,0,0,0,67301,0,0,0,N,0,0,0,3,67301,0,,1,1,,N,N,,0,,0,0,0,3.0,2,,2251,0,2,0,0,0,0,0,3,4,0,2,3,,N,,,,,,,,,,,
2009013745,955,1,0,0,0,0,0,0,0,0,4,0,,67,12,2008,4,39.9902,-75.1737,953.0,6,0,0,0,0,0,1,0,0,1.0,0,0,0,99,1,1,0,,1,39 59:24.614,3.0,0,75 10:25.233,3,0,0,0,67301,0,0,0,N,0,0,0,2,67301,0,,1,1,,N,N,,1,,1,0,0,0.0,0,Y,9999,1,2,0,0,1,0,0,3,4,0,2,3,,N,,,,,,,,,,,
2009013842,2150,2,0,0,0,0,0,0,0,0,2,0,,67,11,2008,1,40.0301,-75.0881,2145.0,6,0,0,0,0,0,0,0,0,,0,0,0,21,3,2,0,,0,40 01:48.323,,0,75 05:17.147,4,0,0,0,67301,0,0,0,N,0,0,0,4,67301,2,,1,9,,N,N,,0,,0,0,0,3.0,2,,2135,2,2,0,0,0,0,0,3,4,0,2,7,,N,,,,,,,,,,,
2009000864,1530,1,0,0,0,0,0,0,0,0,8,0,,67,11,2008,7,39.9237,-75.1455,1528.0,6,0,0,0,0,0,0,0,0,,0,0,0,15,1,1,1,,0,39 55:25.410,,0,75 08:43.976,4,0,0,0,67301,1,0,0,N,1,0,0,2,67301,1,,1,1,,N,N,,0,,0,0,0,3.0,3,,1525,1,2,0,0,0,0,0,3,4,0,1,3,,N,,,,,,,,,,,
2009001006,1302,2,0,0,0,0,0,1,0,0,1,1,,67,11,2008,7,40.0475,-75.0141,1301.0,6,0,0,0,0,0,1,0,0,,0,0,0,12,8,1,2,,0,40 02:50.849,,0,75 00:50.507,4,0,0,0,67301,0,0,0,N,0,0,0,3,67301,1,,1,9,,N,N,,0,,0,0,0,0.0,0,,1229,1,3,0,0,0,0,0,3,4,0,3,7,,N,,,,,,,,,,,
2009024740,1619,2,0,0,0,0,0,0,0,0,4,0,,67,12,2008,5,39.9604,-75.2411,1618.0,6,0,0,0,0,0,0,0,0,9.0,0,0,0,15,1,3,1,,2,39 57:37.584,3.0,0,75 14:27.759,8,0,0,0,67301,0,0,0,,0,0,0,3,67301,0,,1,1,,N,N,,0,,0,0,0,3.0,2,Y,1519,3,2,0,0,0,3,0,3,4,0,2,3,,N,,,,,,,,,,,
2009002285,1857,2,0,0,0,0,0,0,0,0,1,0,,67,11,2008,3,40.0218,-75.1997,1853.0,6,0,0,0,0,0,2,0,0,2.0,0,0,0,18,1,0,0,,2,40 01:18.577,1.0,0,75 11:58.959,0,0,0,0,67301,0,0,0,,0,0,0,4,67301,0,,1,1,,,,,0,,0,0,1,0.0,0,Y,1853,0,3,0,0,0,0,0,3,4,0,3,3,,N,,,,,,,,,,,
2009002291,1059,2,0,0,0,0,0,0,0,0,4,0,,67,11,2008,4,39.9619,-75.2271,1052.0,6,0,0,0,0,0,0,0,1,,0,0,0,10,1,1,2,,0,39 57:42.814,,0,75 13:37.667,4,0,0,0,67301,0,0,0,N,0,0,0,4,67301,1,,1,1,,N,N,,0,,0,0,0,0.0,0,,1045,1,2,0,0,0,0,0,3,4,0,2,3,,N,,,,,,,,,,,
2009004102,610,1,0,0,0,0,0,0,0,0,2,0,,67,11,2008,6,39.9463,-75.2442,610.0,6,0,0,0,0,0,1,0,0,1.0,0,0,0,99,1,1,0,,1,39 56:46.838,3.0,0,75 14:39.242,4,0,0,0,67301,0,0,0,N,0,0,0,2,67301,1,,1,9,,N,N,,0,,0,0,1,0.0,0,Y,9999,1,2,0,0,0,0,0,3,4,0,2,7,,N,,,,,,,,,,,
2009003146,1330,3,0,0,0,0,0,0,0,0,6,0,,67,11,2008,4,39.9112,-75.2306,1312.0,6,0,0,0,0,0,1,0,0,2.0,0,0,0,13,1,1,1,,1,39 54:40.341,1.0,0,75 13:50.008,4,0,0,0,67301,0,0,0,N,0,0,0,3,67301,1,,3,9,,N,N,,0,,0,0,0,3.0,2,N,1312,1,3,0,0,0,0,0,3,4,0,3,7,,N,,,,,,,,,,,
2009000730,1643,2,0,0,0,0,0,0,0,0,2,0,,67,11,2008,2,39.9549,-75.1833,1620.0,6,0,0,0,1,0,1,0,0,,0,0,0,15,1,0,1,,0,39 57:17.827,,0,75 11:01.846,0,0,0,0,67301,0,0,0,N,0,0,0,2,67301,0,,1,1,,N,N,,0,,0,0,0,3.0,2,,1518,0,2,0,0,0,0,0,3,4,0,2,3,,N,,,,,,,,,,,
2009000788,1340,2,0,0,0,0,0,0,0,0,6,0,,67,11,2008,7,39.9796,-75.2409,1330.0,6,0,0,0,0,0,1,0,0,,0,0,0,13,1,1,1,,0,39 58:46.506,,1,75 14:27.387,4,0,0,0,67301,0,0,0,,0,0,0,2,67301,1,,1,1,,N,N,,0,,0,0,0,3.0,3,,1330,1,2,0,0,0,0,0,3,4,0,2,3,,N,,,,,,,,,,,
2009006196,20,1,0,0,0,0,0,0,0,0,7,0,,67,12,2008,4,39.9059,-75.1335,15.0,6,0,0,0,0,0,0,0,0,1.0,0,0,0,0,3,1,0,,2,39 54:21.311,3.0,2,75 08:00.481,4,0,0,0,67301,0,0,0,N,0,0,0,1,67501,1,,2,2,,N,N,,0,,0,0,0,0.0,0,N,15,1,1,0,0,0,0,0,3,4,0,1,98,,N,,,,,,,,,,,
2009015044,1133,1,0,0,0,0,0,0,0,0,5,0,,67,12,2008,5,40.0874,-74.9712,1129.0,6,0,0,0,0,0,0,1,0,,0,0,0,11,1,0,1,,0,40 05:14.640,,0,74 58:16.320,0,0,0,0,67301,0,0,0,N,0,0,0,2,67301,0,,1,1,,N,N,,0,,0,0,0,3.0,2,,1129,0,2,0,0,0,0,0,3,4,1,2,3,,N,,,,,,,,,,,
2009015080,1350,0,0,0,0,0,0,0,0,0,1,1,,67,11,2008,6,39.953,-75.1686,1330.0,6,0,0,0,0,0,1,0,0,,0,1,0,99,1,0,0,,0,39 57:10.801,,0,75 10:06.884,0,0,0,0,67301,0,0,0,N,0,0,0,2,67301,0,,1,1,,N,N,,0,,0,0,1,0.0,0,,9999,0,2,0,0,0,0,0,3,4,0,2,3,,N,,,,,,,,,,,
2009012643,1811,2,0,0,0,0,0,0,0,0,4,0,,67,11,2008,7,39.9219,-75.1665,1804.0,6,0,0,0,0,0,1,0,0,1.0,0,0,0,18,3,1,1,,2,39 55:18.764,2.0,0,75 09:59.313,4,0,0,0,67301,0,0,0,N,0,0,0,2,67301,1,,1,1,,N,N,,0,,0,0,0,3.0,3,Y,1802,1,2,0,0,0,0,0,3,4,0,2,3,,N,,,,,,,,,,,
2009026025,1438,0,0,0,0,0,0,0,0,0,1,0,,67,12,2008,6,40.0466,-75.1237,1438.0,6,0,0,0,0,0,0,1,0,,0,0,0,14,1,1,0,,0,40 02:47.803,,0,75 07:25.240,8,0,0,0,67301,2,0,0,N,0,0,0,4,67301,0,,5,1,,N,Y,,0,,0,0,1,0.0,0,,1430,1,2,0,0,0,1,0,3,4,1,2,3,,N,,,,,,,,,,,
2009013627,622,1,0,0,0,0,0,0,0,0,7,0,,67,12,2008,4,40.0814,-74.962,619.0,6,0,0,0,0,0,0,0,0,,0,0,0,6,3,1,0,,0,40 04:53.076,,0,74 57:43.070,4,0,0,0,67301,0,0,0,N,0,0,0,1,67301,1,,4,2,,N,N,,0,,0,0,0,0.0,0,,615,1,1,0,0,0,0,0,3,4,0,1,3,,N,,,,,,,,,,,
2009013640,1830,0,0,0,0,0,0,0,0,0,8,0,,67,11,2008,4,40.0506,-75.0102,1813.0,6,0,0,0,0,0,0,0,0,,0,0,0,99,3,1,2,,0,40 03:02.108,,7,75 00:36.644,8,0,0,0,67301,1,0,0,N,1,0,0,4,67301,0,,1,1,,N,N,,0,,0,0,1,3.0,2,,9999,1,2,0,0,0,1,0,3,4,0,1,3,,N,,,,,,,,,,,
2009018769,132,1,0,0,0,0,0,0,0,0,7,0,,67,11,2008,1,40.0268,-75.1639,128.0,6,0,0,0,0,0,0,0,0,,0,0,0,99,3,0,1,,0,40 01:36.372,,0,75 09:49.953,0,0,0,0,67301,0,0,0,,0,0,0,1,67301,0,,5,9,,,,,0,,0,0,0,3.0,2,,9999,0,1,0,0,0,0,0,3,4,0,1,7,,N,,,,,,,,,,,
2009027124,1950,2,0,0,0,0,0,0,0,0,1,0,,67,12,2008,5,40.0324,-75.0371,1950.0,6,0,0,0,0,0,0,0,0,2.0,0,0,0,19,3,0,0,,1,40 01:56.657,3.0,0,75 02:13.472,9,0,0,0,67301,0,0,0,N,0,0,0,3,67301,0,,1,1,,N,N,,0,,0,0,0,3.0,2,N,1945,0,3,0,0,0,0,1,3,4,1,3,3,,N,,,,,,,,,,,
2009025778,9999,0,0,0,0,0,0,0,0,0,8,0,,67,12,2008,2,40.0131,-75.0708,1636.0,6,0,0,0,0,0,0,0,0,,0,0,0,99,1,1,0,,0,40 00:47.099,,0,75 04:15.041,4,0,0,0,67301,1,0,0,,1,0,0,2,67301,1,,1,1,,,,,0,,0,0,1,9.0,2,,9999,1,2,0,0,0,0,0,3,4,0,1,3,,N,,,,,,,,,,,
2009025842,1335,2,0,0,0,0,0,0,0,0,1,0,,67,12,2008,3,39.9946,-75.0945,1330.0,6,0,0,0,0,0,1,0,0,,0,0,0,13,1,0,0,,0,39 59:40.619,,7,75 05:40.417,9,0,0,0,67301,0,0,0,,0,0,0,2,67301,0,,1,1,,N,N,,0,,0,0,0,0.0,0,,1325,0,2,0,0,0,0,1,3,4,0,2,3,,N,,,,,,,,,,,
2009025110,2110,1,0,0,0,0,0,0,0,0,5,1,,67,12,2008,6,39.9131,-75.2433,2105.0,6,0,0,0,0,0,0,0,0,,0,1,0,20,3,1,5,,0,39 54:47.100,,0,75 14:35.859,4,0,0,0,67301,0,0,0,N,0,0,0,2,67301,1,,1,1,,N,N,,0,,0,0,0,3.0,2,,2029,1,2,0,0,0,0,0,3,4,0,2,3,,N,,,,,,,,,,,
2009053610,1845,2,0,0,0,0,0,0,0,0,1,0,,67,6,2008,1,40.0134,-75.1224,1845.0,6,0,0,0,0,0,0,0,0,,0,0,0,18,1,1,2,,0,40 00:48.312,,0,75 07:20.668,8,0,0,0,67301,0,0,0,N,0,0,0,2,67301,0,,1,1,,N,N,,0,,0,0,0,3.0,2,,1815,1,2,0,0,0,1,0,3,4,0,2,3,,N,,,,,,,,,,,