CRN,ARRIVAL_TM,AUTOMOBILE_COUNT,BELTED_DEATH_COUNT,BELTED_SUSP_SERIOUS_INJ_COUNT,BICYCLE_COUNT,BICYCLE_DEATH_COUNT,BICYCLE_SUSP_SERIOUS_INJ_COUNT,BUS_COUNT,CHLDPAS_DEATH_COUNT,CHLDPAS_SUSP_SERIOUS_INJ_COUNT,COLLISION_TYPE,COMM_VEH_COUNT,CONS_ZONE_SPD_LIM,COUNTY,CRASH_MONTH,CRASH_YEAR,DAY_OF_WEEK,DEC_LAT,DEC_LONG,DISPATCH_TM,DISTRICT,DRIVER_COUNT_16YR,DRIVER_COUNT_17YR,DRIVER_COUNT_18YR,DRIVER_COUNT_19YR,DRIVER_COUNT_20YR,DRIVER_COUNT_50_64YR,DRIVER_COUNT_65_74YR,DRIVER_COUNT_75PLUS,EST_HRS_CLOSED,FATAL_COUNT,HEAVY_TRUCK_COUNT,HORSE_BUGGY_COUNT,HOUR_OF_DAY,ILLUMINATION,INJURY_COUNT,INTERSECT_TYPE,INTERSECTION_RELATED,LANE_CLOSED,LATITUDE,LN_CLOSE_DIR,LOCATION_TYPE,LONGITUDE,MAX_SEVERITY_LEVEL,MCYCLE_DEATH_COUNT,MCYCLE_SUSP_SERIOUS_INJ_COUNT,MOTORCYCLE_COUNT,MUNICIPALITY,NONMOTR_COUNT,NONMOTR_DEATH_COUNT,NONMOTR_SUSP_SERIOUS_INJ_COUNT,NTFY_HIWY_MAINT,PED_COUNT,PED_DEATH_COUNT,PED_SUSP_SERIOUS_INJ_COUNT,PERSON_COUNT,POLICE_AGCY,POSSIBLE_INJ_COUNT,RDWY_SURF_TYPE_CD,RELATION_TO_ROAD,ROAD_CONDITION,ROADWAY_CLEARED,SCH_BUS_IND,SCH_ZONE_IND,SECONDARY_CRASH,SMALL_TRUCK_COUNT,SPEC_JURIS_CD,SUSP_MINOR_INJ_COUNT,SUSP_SERIOUS_INJ_COUNT,SUV_COUNT,TCD_FUNC_CD,TCD_TYPE,TFC_DETOUR_IND,TIME_OF_DAY,TOT_INJ_COUNT,TOTAL_UNITS,UNB_DEATH_COUNT,UNB_SUSP_SERIOUS_INJ_COUNT,UNBELTED_OCC_COUNT,UNK_INJ_DEG_COUNT,UNK_INJ_PER_COUNT,URBAN_AREA,URBAN_RURAL,VAN_COUNT,VEHICLE_COUNT,WEATHER1,WEATHER2,WORK_ZONE_IND,WORK_ZONE_LOC,WORK_ZONE_TYPE,WORKERS_PRES,WZ_CLOSE_DETOUR,WZ_FLAGGER,WZ_LAW_OFFCR_IND,WZ_LN_CLOSURE,WZ_MOVING,WZ_OTHER,WZ_SHLDER_MDN,WZ_WORKERS_INJ_KILLED
2009023585,2050,0,0,0,0,0,0,0,0,0,8,0,,67,4,2008,5,39.957,-75.2459,2047.0,6,0,0,0,0,0,0,0,0,,0,0,0,20,3,1,1,,0,39 57:25.376,,0,75 14:45.124,3,0,0,0,67301,1,0,0,N,1,0,0,2,67301,0,,1,1,,N,N,,0,,1,0,0,3.0,2,,2046,1,2,0,0,0,0,1,3,4,0,1,3,,N,,,,,,,,,,,
2009013693,1255,2,0,0,0,0,0,0,0,0,5,0,,67,12,2008,5,40.0022,-75.0735,1255.0,6,0,0,0,0,0,0,0,0,,0,0,0,12,1,0,2,,0,40 00:07.768,,0,75 04:24.758,0,0,0,0,67301,0,0,0,,0,0,0,1,67301,0,,1,1,,,,,0,,0,0,0,0.0,0,,1250,0,2,0,0,0,0,0,3,4,0,2,3,,N,,,,,,,,,,,
2009013697,836,1,0,0,0,0,0,0,0,0,8,0,,67,11,2008,2,40.0188,-75.0967,831.0,6,0,0,0,0,0,0,0,0,1.0,0,0,0,8,1,1,0,,1,40 01:08.402,2.0,0,75 05:47.312,3,0,0,0,67301,1,0,0,N,1,0,0,2,67301,0,,1,1,,N,N,,0,,1,0,0,0.0,0,N,830,1,2,0,0,0,0,0,3,4,0,1,3,,N,,,,,,,,,,,
2009013708,1017,1,0,0,0,0,0,0,0,0,4,1,,67,12,2008,6,40.0011,-75.1247,1015.0,6,0,0,0,0,1,0,0,0,,0,1,0,10,1,0,1,,0,40 00:03.986,,0,75 07:29.066,0,0,0,0,67301,0,0,0,,0,0,0,2,67301,0,,1,1,,,,,0,,0,0,0,3.0,2,,1005,0,2,0,0,0,0,0,3,4,0,2,3,,N,,,,,,,,,,,
2009013709,1115,1,0,0,0,0,0,0,0,0,4,0,,67,12,2008,7,40.0245,-75.1478,1114.0,6,0,0,0,0,0,0,0,0,,0,0,0,11,1,1,1,,0,40 01:28.097,,0,75 08:52.131,4,0,0,0,67301,0,0,0,N,0,0,0,2,67301,1,,1,1,,N,N,,0,,0,0,1,3.0,3,,1110,1,2,0,0,0,0,1,3,4,0,2,3,,N,,,,,,,,,,,
2009013752,1030,2,0,0,0,0,0,0,0,0,6,0,,67,12,2008,4,39.9905,-75.2492,1008.0,6,0,0,0,0,0,1,0,1,,0,0,0,10,1,0,1,,0,39 59:26.160,,0,75 14:56.400,0,0,0,0,67301,0,0,0,N,0,0,0,2,67301,0,,1,1,,N,N,,0,,0,0,0,3.0,2,,1000,0,2,0,0,1,0,0,3,4,0,2,3,,N,,,,,,,,,,,
2009013813,940,2,0,0,0,0,0,0,0,0,1,0,,67,1,2008,1,40.0075,-75.1274,939.0,6,0,0,0,0,0,0,0,0,,0,0,0,9,1,2,0,,0,40 00:26.995,,7,75 07:38.460,4,0,0,0,67301,0,0,0,N,0,0,0,3,67301,2,,1,1,,N,N,,0,,0,0,0,0.0,0,,939,2,2,0,0,0,0,0,3,4,0,2,3,,N,,,,,,,,,,,
2009013820,1243,0,0,0,0,0,0,0,0,0,1,0,,67,11,2008,7,40.0106,-75.1357,1240.0,6,0,0,0,0,0,1,0,0,,0,0,0,12,1,1,0,,0,40 00:38.061,,0,75 08:08.467,3,0,0,0,67301,0,0,0,N,0,0,0,2,67301,0,,1,1,,N,N,,0,,1,0,2,0.0,0,,1240,1,2,0,0,2,0,0,3,4,0,2,3,,N,,,,,,,,,,,
2009013852,832,2,0,0,0,0,0,0,0,0,4,0,,67,12,2008,4,39.9645,-75.161,830.0,6,0,0,0,0,0,1,0,0,,0,0,0,8,1,3,2,,0,39 57:52.200,,0,75 09:39.600,3,0,0,0,67301,0,0,0,N,0,0,0,3,67301,0,,1,9,,N,N,,0,,3,0,0,0.0,0,,830,3,2,0,0,0,0,0,3,4,0,2,7,,N,,,,,,,,,,,
2009001983,1245,2,0,0,0,0,0,0,0,0,4,0,,67,10,2008,1,40.0329,-75.0722,1236.0,6,0,0,0,0,0,0,0,0,,0,0,0,0,3,1,0,,0,40 01:58.448,,7,75 04:20.004,4,0,0,0,67301,0,0,0,N,0,0,0,4,67301,1,,1,1,,N,N,,0,,0,0,0,0.0,0,,35,1,2,0,0,0,0,3,3,4,0,2,3,,N,,,,,,,,,,,
2009002636,37,2,0,0,0,0,0,0,0,0,4,0,,67,10,2008,1,40.0351,-75.0709,36.0,6,0,0,0,0,0,0,0,0,4.0,0,0,0,0,3,6,5,,2,40 02:06.421,2.0,0,75 04:15.407,2,0,0,0,67301,0,0,0,N,0,0,0,6,67301,3,,1,1,,N,N,,0,,0,2,0,3.0,2,Y,35,6,3,0,2,3,1,0,3,4,1,3,3,,N,,,,,,,,,,,
2009002134,2255,2,0,0,0,0,0,0,0,0,4,0,,67,11,2008,4,40.0511,-75.0745,2253.0,6,0,0,0,0,0,0,0,0,,0,0,0,22,3,1,1,,0,40 03:04.104,,0,75 04:28.081,4,0,0,0,67301,0,0,0,N,0,0,0,6,67301,1,,4,9,,N,N,,0,,0,0,0,3.0,3,,2253,1,2,0,0,0,0,0,3,4,0,2,7,,N,,,,,,,,,,,
2009002191,1636,1,0,0,0,0,0,0,0,0,8,0,,67,11,2008,4,40.0016,-75.1528,1633.0,6,0,0,0,0,0,0,0,0,,0,0,0,16,1,1,1,,0,40 00:05.705,,0,75 09:10.074,8,0,0,0,67301,1,0,0,N,1,0,0,2,67301,0,,1,1,,N,N,,0,,0,0,0,3.0,2,,1633,1,2,0,0,0,1,0,3,4,0,1,3,,N,,,,,,,,,,,
2009004134,729,1,0,0,1,0,0,0,0,0,5,0,,67,11,2008,7,39.9775,-75.1695,726.0,6,0,0,0,0,0,0,0,0,,0,0,0,7,1,1,0,,0,39 58:39.124,,0,75 10:10.361,3,0,0,0,67301,1,0,0,,0,0,0,2,67301,0,,1,1,,,,,0,,1,0,0,0.0,0,,723,1,2,0,0,0,0,0,3,4,0,1,3,,N,,,,,,,,,,,
2009000981,2011,2,0,0,0,0,0,0,0,0,2,0,,67,9,2008,2,40.0363,-75.2366,2001.0,6,0,0,0,0,0,1,0,0,,0,0,0,20,3,1,2,,0,40 02:10.579,,0,75 14:11.882,3,0,0,0,67301,0,0,0,N,0,0,0,2,67301,0,,1,1,,N,N,,0,,1,0,0,0.0,0,,2000,1,2,0,0,0,0,0,3,4,0,2,3,,N,,,,,,,,,,,
2009013299,1338,3,0,0,0,0,0,0,0,0,4,0,,67,12,2008,6,40.0407,-75.1584,1336.0,6,0,0,0,0,0,0,0,0,,0,0,0,13,1,1,2,,0,40 02:26.566,,0,75 09:30.254,4,0,0,0,67301,0,0,0,N,0,0,0,3,67301,1,,1,1,,N,N,,0,,0,0,1,3.0,3,,1318,1,4,0,0,0,0,0,3,4,0,4,3,,N,,,,,,,,,,,
2009013320,1705,2,0,0,0,0,0,0,0,0,4,0,,67,11,2008,6,40.0232,-75.0767,1700.0,6,0,0,0,0,0,0,0,1,,0,0,0,16,1,1,0,,0,40 01:23.324,,0,75 04:36.231,4,0,0,0,67301,0,0,0,,0,0,0,2,67301,1,,1,1,,,,,0,,0,0,0,0.0,0,,1630,1,2,0,0,0,0,0,3,4,0,2,3,,N,,,,,,,,,,,
2009013391,2342,1,0,0,0,0,0,0,0,0,8,0,,67,9,2008,7,40.0368,-75.0407,2339.0,6,0,0,0,0,0,0,0,0,3.0,0,0,0,23,3,1,1,,2,40 02:12.310,4.0,0,75 02:26.659,2,0,0,0,67301,1,0,1,N,1,0,1,2,67301,0,,1,1,,N,N,,0,,0,1,0,3.0,2,Y,2335,1,2,0,0,0,0,0,3,4,0,1,3,,N,,,,,,,,,,,
2009013525,1730,2,0,0,0,0,0,0,0,0,2,0,,67,11,2008,4,40.0954,-74.9597,1721.0,6,0,0,0,0,0,0,1,0,,0,0,0,17,3,1,1,,0,40 05:36.345,,0,74 57:43.772,4,0,0,0,67301,0,0,0,N,0,0,0,2,67301,1,,1,1,,N,N,,0,,0,0,0,3.0,2,,1720,1,2,0,0,0,0,0,3,4,0,2,3,,N,,,,,,,,,,,
2009013638,441,3,0,0,0,0,0,0,0,0,7,0,,67,11,2008,6,39.9573,-75.2479,332.0,6,0,0,0,0,0,0,1,0,,0,0,0,1,3,2,1,,0,39 57:26.252,,0,75 14:52.348,8,0,0,0,67301,0,0,0,N,0,0,0,4,67301,0,,1,9,,N,N,,0,,0,0,0,3.0,2,,132,2,3,0,0,0,2,2,3,4,0,3,7,,N,,,,,,,,,,,
2009013651,2012,1,0,0,0,0,0,0,0,0,4,0,,67,12,2008,4,39.983,-75.1014,2007.0,6,0,0,0,0,0,0,0,0,,0,0,0,20,3,1,1,,0,39 58:58.610,,0,75 06:05.381,4,0,0,0,67301,0,0,0,N,0,0,0,4,67301,1,,1,9,,N,N,,0,,0,0,1,3.0,2,,2000,1,2,0,0,0,0,0,3,4,0,2,7,,N,,,,,,,,,,,
2009013656,9999,1,0,0,0,0,0,0,0,0,8,0,,67,11,2008,5,40.0,-75.1531,9999.0,6,0,0,0,0,0,0,0,0,,0,0,0,18,3,1,1,,0,40 00:00.103,,0,75 09:11.759,3,0,0,0,67301,1,0,0,,1,0,0,2,67301,0,,1,9,,,,,0,,1,0,0,9.0,2,,1830,1,2,0,0,0,0,0,3,4,0,1,7,,N,,,,,,,,,,,
2009019131,1140,1,0,0,0,0,0,0,0,0,7,0,,67,11,2008,7,39.891,-75.2267,1133.0,6,0,0,0,0,0,0,0,0,1.0,0,0,0,11,1,1,0,,1,39 53:27.469,3.0,0,75 13:36.490,8,0,0,0,67301,0,0,0,Y,0,0,0,1,67301,0,,4,9,,N,N,,0,,0,0,0,0.0,0,N,1132,1,1,0,0,0,1,0,3,4,0,1,98,,N,,,,,,,,,,,
2009013400,509,2,0,0,0,0,0,0,0,0,4,0,,67,11,2008,7,39.9379,-75.1667,504.0,6,0,0,0,0,0,0,0,0,,0,0,0,5,3,1,1,,0,39 56:16.216,,0,75 10:00.537,4,0,0,0,67301,0,0,0,N,0,0,0,3,67301,1,,1,9,,N,N,,0,,0,0,0,3.0,2,,500,1,2,0,0,0,0,0,3,4,0,2,7,,N,,,,,,,,,,,
2009029181,0,1,0,0,0,0,0,0,0,0,5,0,,67,12,2008,4,39.8979,-75.2115,0.0,6,0,0,0,0,0,1,0,0,,0,0,0,15,1,1,0,,0,39 53:50.960,,3,75 12:44.488,8,0,0,0,67301,0,0,0,,0,0,0,3,00000,0,,1,1,,,,,1,,0,0,0,0.0,0,,1530,1,2,0,0,0,1,1,3,4,0,2,3,,N,,,,,,,,,,,
2009025901,1857,2,0,0,0,0,0,0,0,0,5,0,,67,12,2008,7,40.0535,-75.0439,1854.0,6,0,0,0,0,0,0,0,0,,0,0,0,18,3,0,0,,0,40 03:12.463,,0,75 02:38.004,0,0,0,0,67301,0,0,0,N,0,0,0,1,67301,0,,1,1,,N,N,,1,,0,0,0,0.0,0,,1850,0,3,0,0,0,0,0,3,4,0,3,3,,N,,,,,,,,,,,
2009024857,216,1,0,0,0,0,0,0,0,0,7,0,,67,12,2008,6,39.964,-75.1804,213.0,6,0,0,0,0,0,0,0,0,,0,0,0,2,3,1,0,,0,39 57:50.229,,0,75 10:49.495,4,0,0,0,67301,0,0,0,N,0,0,0,1,67301,1,,4,1,,N,N,,0,,0,0,0,0.0,0,,211,1,1,0,0,1,0,0,3,4,0,1,3,,N,,,,,,,,,,,
2008122898,1615,1,0,0,0,0,0,0,0,0,8,0,,67,10,2008,2,39.9506,-75.1744,1606.0,6,0,0,0,0,0,0,0,0,2.0,0,0,0,16,1,1,0,,1,39 57:02.156,3.0,0,75 10:27.591,4,0,0,0,67301,1,0,0,N,1,0,0,2,67301,1,,1,1,,N,Y,,0,,0,0,0,0.0,0,N,1602,1,2,0,0,0,0,0,3,4,0,1,3,,N,,,,,,,,,,,
2008132443,1007,1,0,0,0,0,0,0,0,0,7,0,,67,11,2008,3,40.0019,-75.0785,1001.0,6,0,0,0,0,0,0,0,0,,0,0,0,9,1,0,0,,0,40 00:07.061,,0,75 04:42.162,0,0,0,0,67301,0,0,0,N,0,0,0,1,68K01,0,,1,1,,N,N,,0,,0,0,0,0.0,0,,956,0,1,0,0,0,0,0,3,4,0,1,3,,N,,,,,,,,,,,
2008119479,1905,1,0,0,0,0,0,0,0,0,8,0,,67,9,2008,2,40.1191,-75.0178,1857.0,6,0,0,0,0,0,0,0,0,,0,0,0,18,1,1,0,,0,40 07:08.865,,7,75 01:04.173,4,0,0,0,67301,1,0,0,N,1,0,0,2,67301,1,,1,1,,N,N,,0,,0,0,0,3.0,2,,1855,1,2,0,0,0,0,0,3,4,0,1,3,,N,,,,,,,,,,,
2008120635,1932,1,0,0,0,0,0,0,0,0,7,0,,67,10,2008,3,40.081,-75.0836,1929.0,6,0,0,0,0,0,0,0,0,,0,0,0,19,3,1,0,,0,40 04:51.506,,0,75 05:00.906,4,0,0,0,67301,0,0,0,N,0,0,0,1,67301,1,,3,1,,N,N,,0,,0,0,0,0.0,0,,1929,1,1,0,0,0,0,0,3,4,0,1,3,,N,,,,,,,,,,,
2009013691,1157,1,0,0,0,0,0,0,0,0,4,1,,67,12,2008,2,40.0003,-75.0839,1151.0,6,0,0,0,0,0,1,1,0,3.0,0,1,0,11,1,0,0,,1,40 00:01.080,2.0,7,75 05:02.400,0,0,0,0,67301,0,0,0,,0,0,0,2,67301,0,,1,1,,N,,,0,,0,0,0,0.0,0,Y,1150,0,2,0,0,0,0,0,3,4,0,2,3,,N,,,,,,,,,,,
2009013722,1345,0,0,0,0,0,0,0,0,0,5,0,,67,12,2008,7,,,1332.0,6,0,0,0,0,0,1,0,0,,0,0,0,13,1,1,1,,0,,,0,,4,0,0,0,67301,0,0,0,N,0,0,0,2,67301,1,,1,1,,N,N,,0,,0,0,2,3.0,2,,1330,1,2,0,0,2,0,0,3,3,0,2,3,,N,,,,,,,,,,,
2009013859,1816,0,0,0,0,0,0,0,0,0,8,0,,67,11,2008,5,40.0421,-75.1386,1810.0,6,0,0,0,0,0,0,1,0,,0,0,0,18,3,1,0,,0,40 02:31.436,,0,75 08:18.841,8,0,0,0,67301,1,0,0,N,1,0,0,2,67301,0,,1,9,,N,N,,1,,0,0,0,0.0,0,,1810,1,2,0,0,1,1,0,3,4,0,1,7,,N,,,,,,,,,,,
2009000855,1555,1,0,0,0,0,0,0,0,0,8,0,,67,6,2008,6,40.042,-75.0575,1547.0,6,0,0,0,0,0,1,0,0,3.0,0,0,0,15,1,1,0,,1,40 02:31.002,2.0,0,75 03:27.153,3,0,0,0,67301,1,0,0,N,1,0,0,2,67301,0,,1,1,,N,N,,0,,1,0,0,0.0,0,N,1547,1,2,0,0,0,0,0,3,4,0,1,3,,N,,,,,,,,,,,
2009005453,2313,3,0,0,0,0,0,0,0,0,1,0,,67,12,2008,6,39.9677,-75.1898,2313.0,6,0,0,0,0,0,0,1,1,3.0,0,0,0,22,3,1,0,,1,39 58:04.105,3.0,0,75 11:24.148,8,0,0,0,67301,0,0,0,N,0,0,0,4,68K02,0,,1,1,,N,N,,0,,0,0,0,0.0,0,N,2255,1,4,0,0,0,1,0,3,4,1,4,3,,N,,,,,,,,,,,
2009012728,830,1,0,0,0,0,0,1,0,0,5,1,,67,11,2008,2,40.0223,-75.155,825.0,6,0,0,0,0,0,1,0,0,,0,0,0,7,1,1,1,,0,40 01:20.226,,0,75 09:17.866,8,0,0,0,67301,0,0,0,N,0,0,0,2,67301,0,,4,1,,Y,N,,0,,0,0,0,3.0,3,,730,1,2,0,0,0,1,0,3,4,0,2,3,,N,,,,,,,,,,,
2009024727,1454,0,0,0,0,0,0,0,0,0,8,0,,67,12,2008,3,40.0636,-75.0835,1452.0,6,0,0,0,0,0,0,0,0,,0,0,0,14,1,1,0,,0,40 03:49.066,,0,75 05:00.775,3,0,0,0,67301,1,0,0,,1,0,0,2,67301,0,,1,9,,,,,1,,1,0,0,0.0,0,,1450,1,2,0,0,0,0,0,3,4,0,1,7,,N,,,,,,,,,,,
2009024776,1613,2,0,0,0,0,0,0,0,0,4,0,,67,12,2008,4,39.9575,-75.2234,1609.0,6,0,0,0,0,0,0,0,0,,0,0,0,12,1,1,1,,0,39 57:26.863,,0,75 13:24.193,4,0,0,0,67301,0,0,0,N,0,0,0,3,67301,1,,1,9,,N,N,,0,,0,0,0,3.0,3,,1250,1,2,0,0,0,0,0,3,4,0,2,99,,N,,,,,,,,,,,
2009024782,2334,2,0,0,0,0,0,0,0,0,4,0,,67,12,2008,6,39.9131,-75.2433,2332.0,6,0,0,0,0,0,1,0,0,,0,0,0,23,3,0,1,,0,39 54:47.100,,0,75 14:35.859,0,0,0,0,67301,0,0,0,N,0,0,0,4,67301,0,,1,9,,N,N,,0,,0,0,0,3.0,2,,2325,0,2,0,0,0,0,0,3,4,0,2,7,,N,,,,,,,,,,,
2009024810,1755,0,0,0,0,0,0,0,0,0,8,0,,67,12,2008,2,40.0239,-75.1618,1745.0,6,0,0,0,0,0,0,0,0,,0,0,0,17,3,1,0,,0,40 01:26.155,,0,75 09:42.394,4,0,0,0,67301,1,0,0,,1,0,0,2,67301,1,,9,1,,,,,0,,0,0,0,0.0,0,,1745,1,2,0,0,0,0,1,3,4,0,1,3,,N,,,,,,,,,,,
2009005104,1302,1,0,0,0,0,0,0,0,0,1,0,,67,12,2008,3,39.9457,-75.1899,1256.0,6,0,0,0,0,0,1,0,0,,0,0,0,12,1,2,0,,0,39 56:44.580,,0,75 11:23.615,8,0,0,0,67301,0,0,0,N,0,0,0,3,68K01,0,,1,1,,N,N,,0,,0,0,1,0.0,0,,1251,2,2,0,0,0,2,0,3,4,0,2,3,,N,,,,,,,,,,,
2009014363,31,4,0,0,0,0,0,0,0,0,4,0,,67,12,2008,7,39.9604,-75.1894,29.0,6,0,0,0,1,0,0,0,0,,0,0,0,0,3,2,1,,0,39 57:37.353,,0,75 11:22.005,4,0,0,0,67301,0,0,0,N,0,0,0,5,67301,2,,1,1,,N,N,,0,,0,0,0,3.0,2,,27,2,4,0,0,0,0,0,3,4,0,4,3,,N,,,,,,,,,,,
2009002177,1920,0,0,0,0,0,0,0,0,0,8,0,,67,11,2008,6,40.0196,-75.2107,1915.0,6,0,0,0,0,0,1,0,0,,0,0,0,19,6,1,1,,0,40 01:11.133,,0,75 12:38.069,8,0,0,0,67301,1,0,0,N,1,0,0,2,67301,0,,1,9,,N,N,,1,,0,0,0,3.0,2,,1900,1,2,0,0,0,1,0,3,4,0,1,7,,N,,,,,,,,,,,
2009002192,1743,1,0,0,0,0,0,0,0,0,8,0,,67,11,2008,5,40.0002,-75.1422,1741.0,6,0,0,0,0,0,0,0,0,,0,0,0,17,3,1,1,,0,40 00:00.639,,0,75 08:31.809,8,0,0,0,67301,1,0,0,N,1,0,0,2,67301,0,,1,9,,N,N,,0,,0,0,0,9.0,2,,1738,1,2,0,0,0,1,0,3,4,0,1,7,,N,,,,,,,,,,,
2009036393,1355,1,0,0,0,0,0,0,0,0,8,0,,67,11,2008,3,39.9459,-75.2403,1345.0,6,0,0,0,0,0,0,0,0,,0,0,0,13,1,1,1,,0,39 56:45.240,,0,75 14:25.080,8,0,0,0,67301,1,0,0,N,1,0,0,2,67301,0,,1,1,,N,N,,0,,0,0,0,2.0,2,,1345,1,2,0,0,0,1,0,3,4,0,1,3,,N,,,,,,,,,,,
2009001036,2225,3,0,0,0,0,0,0,0,0,1,0,,67,11,2008,6,40.0308,-75.1878,2225.0,6,0,0,0,1,0,0,0,0,,0,0,0,22,3,1,1,,0,40 01:50.673,,0,75 11:15.839,8,0,0,0,67301,0,0,0,N,0,0,0,3,67301,0,,1,8,,N,N,,0,,0,0,0,3.0,2,,2219,1,3,0,0,0,1,0,3,4,0,3,7,,N,,,,,,,,,,,
2009007083,1154,1,0,0,0,0,0,0,0,0,1,0,,67,12,2008,7,39.9751,-75.1946,1154.0,6,0,0,0,0,0,2,0,0,1.0,0,0,0,11,1,1,0,,1,39 58:33.621,3.0,0,75 11:43.339,4,0,0,0,67301,0,0,0,N,0,0,0,2,68K01,1,,1,9,,N,N,,0,,0,0,0,0.0,0,N,1151,1,2,0,0,0,0,0,3,4,1,2,3,,N,,,,,,,,,,,
2009013511,203,0,0,0,0,0,0,0,0,0,4,0,,67,11,2008,7,39.9561,-75.1682,201.0,6,0,0,0,0,0,0,0,0,,0,0,0,2,3,3,1,,0,39 57:25.004,,0,75 10:09.710,4,0,0,0,67301,0,0,0,N,0,0,0,4,67301,3,,1,9,,N,N,,0,,0,0,1,9.0,2,,200,3,2,0,0,1,0,0,3,4,1,2,7,,N,,,,,,,,,,,
2009013632,1552,0,0,0,0,0,0,0,0,0,1,0,,67,11,2008,3,39.9521,-75.1863,1548.0,6,0,0,0,0,0,1,0,0,,0,0,0,15,1,0,0,,0,39 57:07.561,,0,75 11:10.710,0,0,0,0,67301,0,0,0,N,0,0,0,3,67301,0,,1,1,,N,N,,1,,0,0,0,0.0,0,,1540,0,2,0,0,1,0,0,3,4,1,2,3,,N,,,,,,,,,,,
2009013662,9999,0,0,0,1,0,0,0,0,0,4,1,,67,12,2008,5,39.951,-75.152,945.0,6,0,0,0,0,0,0,0,0,,0,1,0,99,8,1,1,,0,39 57:03.481,,0,75 09:07.134,4,0,0,0,67301,1,0,0,,0,0,0,2,67301,1,,1,9,,,,,0,,0,0,0,3.0,2,,9999,1,2,0,0,0,0,0,3,4,0,1,7,,N,,,,,,,,,,,
2009013975,816,0,0,0,0,0,0,0,0,0,8,0,,67,12,2008,3,39.9575,-75.2174,815.0,6,0,0,0,0,0,0,1,0,,0,0,0,8,1,1,0,,0,39 57:27.049,,0,75 13:02.485,8,0,0,0,67301,1,0,0,N,1,0,0,2,67301,0,,1,1,,N,Y,,0,,0,0,1,0.0,0,,813,1,2,0,0,0,1,0,3,4,0,1,3,,N,,,,,,,,,,,
2009013415,19,1,0,0,0,0,0,0,0,0,7,0,,67,12,2008,4,39.9241,-75.2455,10.0,6,0,0,0,0,0,0,0,0,,0,0,0,23,3,0,1,,0,39 55:26.683,,0,75 14:43.799,9,0,0,0,67301,0,0,0,N,0,0,0,1,67301,0,,4,9,,N,N,,0,,0,0,0,0.0,0,,2357,0,1,0,0,1,0,1,3,4,0,1,7,,N,,,,,,,,,,,
2009044358,1539,2,0,0,0,0,0,0,0,0,1,0,,67,3,2008,3,40.0255,-75.0441,1537.0,6,0,0,0,0,0,0,0,0,,0,0,0,13,1,2,0,,0,40 01:31.749,,0,75 02:38.861,4,0,0,0,67301,0,0,0,,0,0,0,3,67301,2,,1,1,,N,N,,0,,0,0,0,3.0,2,,1358,2,2,0,0,1,0,1,3,4,0,2,3,,N,,,,,,,,,,,
2009024654,1140,4,0,0,0,0,0,0,0,0,1,0,,67,12,2008,7,39.9546,-75.1941,1135.0,6,0,0,0,0,0,1,0,0,,0,0,0,11,1,0,0,,0,39 57:16.644,,0,75 11:38.644,0,0,0,0,67301,0,0,0,N,0,0,0,11,67301,0,,1,1,,N,N,,0,,0,0,1,0.0,0,,1120,0,5,0,0,0,0,0,3,4,0,5,3,,N,,,,,,,,,,,
2009024670,1515,1,0,0,0,0,0,0,0,0,8,0,,67,12,2008,2,40.0405,-75.1786,1511.0,6,0,0,0,0,0,1,0,0,,0,0,0,15,1,1,1,,0,40 02:25.629,,0,75 10:43.048,4,0,0,0,67301,1,0,0,N,1,0,0,2,67301,1,,1,1,,N,N,,0,,0,0,0,3.0,2,,1511,1,2,0,0,0,0,0,3,4,0,1,3,,N,,,,,,,,,,,
2009024686,1754,1,0,0,0,0,0,0,0,0,4,0,,67,12,2008,2,39.9853,-75.1285,1620.0,6,0,0,0,0,0,0,0,0,,0,0,0,16,1,3,1,,0,39 59:06.957,,0,75 07:42.441,4,0,0,0,67301,0,0,0,N,0,0,0,6,67301,3,,1,1,,N,N,,0,,0,0,1,0.0,0,,1620,3,2,0,0,0,0,0,3,4,0,2,3,,N,,,,,,,,,,,
2009030588,1002,2,0,0,0,0,0,0,0,0,1,0,,67,12,2008,4,39.9898,-75.1039,9999.0,6,0,0,0,0,0,2,1,0,,0,0,0,10,1,0,1,,0,39 59:23.074,,0,75 06:13.986,0,0,0,0,67301,0,0,0,,0,0,0,3,67301,0,,1,2,,,,,1,,0,0,0,3.0,2,,1000,0,3,0,0,0,0,0,3,4,0,3,98,,N,,,,,,,,,,,
2009030181,2255,1,0,0,0,0,0,0,0,0,7,0,,67,2,2008,6,40.0235,-75.0318,2245.0,6,0,0,0,0,1,0,0,0,,0,0,0,22,3,1,0,,0,40 01:22.800,,2,75 02:05.640,4,0,0,0,67301,0,0,0,N,0,0,0,1,67301,1,,2,9,,N,N,,0,,0,0,0,0.0,0,,2245,1,1,0,0,0,0,0,3,4,0,1,7,,N,,,,,,,,,,,
2009025182,1435,1,0,0,0,0,0,0,0,0,7,0,,67,1,2008,3,40.0842,-75.075,1430.0,6,0,0,0,0,0,1,0,0,,0,0,0,14,1,1,2,,0,40 05:03.087,,0,75 04:30.032,4,0,0,0,67301,0,0,0,,0,0,0,1,67301,1,,2,1,,,,,0,,0,0,0,3.0,3,,1430,1,1,0,0,0,0,0,3,4,0,1,3,,N,,,,,,,,,,,