CRN,ARRIVAL_TM,AUTOMOBILE_COUNT,BELTED_DEATH_COUNT,BELTED_SUSP_SERIOUS_INJ_COUNT,BICYCLE_COUNT,BICYCLE_DEATH_COUNT,BICYCLE_SUSP_SERIOUS_INJ_COUNT,BUS_COUNT,CHLDPAS_DEATH_COUNT,CHLDPAS_SUSP_SERIOUS_INJ_COUNT,COLLISION_TYPE,COMM_VEH_COUNT,CONS_ZONE_SPD_LIM,COUNTY,CRASH_MONTH,CRASH_YEAR,DAY_OF_WEEK,DEC_LAT,DEC_LONG,DISPATCH_TM,DISTRICT,DRIVER_COUNT_16YR,DRIVER_COUNT_17YR,DRIVER_COUNT_18YR,DRIVER_COUNT_19YR,DRIVER_COUNT_20YR,DRIVER_COUNT_50_64YR,DRIVER_COUNT_65_74YR,DRIVER_COUNT_75PLUS,EST_HRS_CLOSED,FATAL_COUNT,HEAVY_TRUCK_COUNT,HORSE_BUGGY_COUNT,HOUR_OF_DAY,ILLUMINATION,INJURY_COUNT,INTERSECT_TYPE,INTERSECTION_RELATED,LANE_CLOSED,LATITUDE,LN_CLOSE_DIR,LOCATION_TYPE,LONGITUDE,MAX_SEVERITY_LEVEL,MCYCLE_DEATH_COUNT,MCYCLE_SUSP_SERIOUS_INJ_COUNT,MOTORCYCLE_COUNT,MUNICIPALITY,NONMOTR_COUNT,NONMOTR_DEATH_COUNT,NONMOTR_SUSP_SERIOUS_INJ_COUNT,NTFY_HIWY_MAINT,PED_COUNT,PED_DEATH_COUNT,PED_SUSP_SERIOUS_INJ_COUNT,PERSON_COUNT,POLICE_AGCY,POSSIBLE_INJ_COUNT,RDWY_SURF_TYPE_CD,RELATION_TO_ROAD,ROAD_CONDITION,ROADWAY_CLEARED,SCH_BUS_IND,SCH_ZONE_IND,SECONDARY_CRASH,SMALL_TRUCK_COUNT,SPEC_JURIS_CD,SUSP_MINOR_INJ_COUNT,SUSP_SERIOUS_INJ_COUNT,SUV_COUNT,TCD_FUNC_CD,TCD_TYPE,TFC_DETOUR_IND,TIME_OF_DAY,TOT_INJ_COUNT,TOTAL_UNITS,UNB_DEATH_COUNT,UNB_SUSP_SERIOUS_INJ_COUNT,UNBELTED_OCC_COUNT,UNK_INJ_DEG_COUNT,UNK_INJ_PER_COUNT,URBAN_AREA,URBAN_RURAL,VAN_COUNT,VEHICLE_COUNT,WEATHER1,WEATHER2,WORK_ZONE_IND,WORK_ZONE_LOC,WORK_ZONE_TYPE,WORKERS_PRES,WZ_CLOSE_DETOUR,WZ_FLAGGER,WZ_LAW_OFFCR_IND,WZ_LN_CLOSURE,WZ_MOVING,WZ_OTHER,WZ_SHLDER_MDN,WZ_WORKERS_INJ_KILLED
2009030776,750,0,0,0,0,0,0,1,0,0,1,1,,67,12,2008,2,39.9536,-75.165,730.0,6,0,0,0,0,0,0,0,0,2.0,0,0,0,7,1,1,1,,1,39 57:12.960,2.0,0,75 09:54.000,4,0,0,0,67301,0,0,0,,0,0,0,2,67301,1,,1,1,,N,N,,0,,0,0,1,3.0,2,Y,729,1,2,0,0,0,0,0,3,4,0,2,3,,N,,,,,,,,,,,
2009054713,447,3,0,0,0,0,0,0,0,0,8,0,,67,10,2008,1,40.0702,-75.0149,441.0,6,0,0,0,0,0,0,0,0,,0,0,0,4,3,1,0,,0,40 04:12.831,,0,75 00:53.636,2,0,0,0,67301,1,0,1,,1,0,1,2,67301,0,,1,1,,N,N,,0,,0,1,1,0.0,0,,435,1,5,0,0,0,0,0,3,4,0,4,3,,N,,,,,,,,,,,
2008104877,2311,1,0,0,0,0,0,0,0,0,1,0,,67,9,2008,5,40.0102,-75.2069,2301.0,6,0,0,0,0,0,0,0,0,1.0,0,0,0,23,3,0,0,,1,40 00:37.440,4.0,0,75 12:26.280,0,0,0,0,67301,0,0,0,N,0,0,0,3,68K01,0,,1,1,,N,N,,0,,0,0,0,0.0,0,N,2301,0,2,0,0,0,0,0,3,4,1,2,3,,N,,,,,,,,,,,
2008107901,1927,1,0,0,0,0,0,0,0,0,8,0,,67,8,2008,3,39.9369,-75.2196,1927.0,6,0,0,0,0,0,0,0,0,1.0,0,0,0,19,1,1,2,,1,39 56:12.944,2.0,0,75 13:10.667,8,0,0,0,67301,1,0,0,N,1,0,0,2,67301,0,,1,1,,N,N,,0,,0,0,0,0.0,0,Y,1926,1,2,0,0,0,1,0,3,4,0,1,3,,N,,,,,,,,,,,
2008070985,2225,0,0,0,0,0,0,0,0,0,2,0,,67,4,2008,5,39.9858,-75.2156,2220.0,6,0,0,0,0,0,0,0,0,1.0,0,0,0,22,3,1,1,,1,39 59:08.980,6.0,0,75 12:56.216,8,0,0,0,67301,0,0,0,N,0,0,0,2,67301,0,,1,1,,N,N,,1,,0,0,1,3.0,2,Y,2210,1,2,0,0,1,1,0,3,4,0,2,3,,N,,,,,,,,,,,
2008120703,1740,2,0,0,0,0,0,0,0,0,6,0,,67,9,2008,3,40.0316,-75.2076,1740.0,6,0,0,0,0,0,0,1,1,,0,0,0,17,1,1,1,,0,40 01:53.935,,0,75 12:27.524,8,0,0,0,67301,0,0,0,N,0,0,0,3,67301,0,,1,1,,N,N,,0,,0,0,0,9.0,2,,1730,1,2,0,0,3,1,0,3,4,0,2,3,,N,,,,,,,,,,,
2008120777,1826,1,0,0,0,0,0,0,0,0,6,0,,67,10,2008,4,40.0455,-75.1128,1825.0,6,0,0,0,0,0,0,0,0,,0,0,0,18,4,1,2,,0,40 02:50.984,,0,75 06:44.541,8,0,0,0,67301,0,0,0,N,0,0,0,3,67301,0,,1,9,,N,N,,1,,0,0,0,3.0,2,,1805,1,2,0,0,0,1,1,3,4,0,2,7,,N,,,,,,,,,,,
2008120925,1912,1,0,0,0,0,0,0,0,0,8,0,,67,10,2008,6,40.0546,-75.0628,1911.0,6,0,0,0,0,0,0,0,0,,0,0,0,19,3,1,0,,0,40 02:55.348,,0,75 04:06.366,8,0,0,0,67301,1,0,0,N,1,0,0,2,67301,0,,5,1,,N,N,,0,,0,0,0,0.0,0,,1904,1,2,0,0,0,1,1,3,4,0,1,3,,N,,,,,,,,,,,
2009013707,1915,1,0,0,0,0,0,0,0,0,0,0,,67,12,2008,4,40.0035,-75.1358,1900.0,6,1,0,0,0,0,0,0,0,,0,0,0,19,3,1,0,,0,40 00:12.646,,0,75 08:08.916,3,0,0,0,67301,0,0,0,N,0,0,0,1,67301,0,,1,1,,N,N,,0,,1,0,0,0.0,0,,1910,1,1,0,0,1,0,0,3,4,0,1,3,,N,,,,,,,,,,,
2009013720,1646,1,0,0,0,0,0,0,0,0,7,0,,67,12,2008,3,39.9483,-75.1749,1640.0,6,0,0,0,0,0,0,0,0,,0,0,0,16,1,0,0,,0,39 56:53.721,,0,75 10:29.586,0,0,0,0,67301,0,0,0,,0,0,0,1,67301,0,,4,1,,N,N,,0,,0,0,0,3.0,2,,1640,0,1,0,0,1,0,0,3,4,0,1,3,,N,,,,,,,,,,,
2009024723,2040,1,0,0,0,0,0,0,0,0,1,0,,67,12,2008,7,40.112,-74.9905,2030.0,6,0,0,0,0,0,0,0,0,1.0,0,0,0,20,3,1,1,,1,40 06:44.590,2.0,0,74 59:27.519,4,0,0,0,67301,0,0,0,N,0,0,0,4,67301,1,,1,1,,N,N,,0,,0,0,1,3.0,2,N,2027,1,2,0,0,0,0,0,3,4,0,2,3,,N,,,,,,,,,,,
2009024753,1412,0,0,0,0,0,0,0,0,0,5,0,,67,12,2008,6,40.0273,-75.0987,1404.0,6,0,0,0,0,0,1,0,0,1.0,0,0,0,14,1,0,0,,1,40 01:39.435,1.0,0,75 05:57.291,0,0,0,0,67301,0,0,0,N,0,0,0,2,67301,0,,1,1,,N,N,,0,,0,0,0,3.0,2,N,1404,0,2,0,0,0,0,0,3,4,2,2,3,,N,,,,,,,,,,,
2009024766,1025,1,0,0,0,0,0,0,0,0,4,0,,67,12,2008,5,40.061,-75.1373,1020.0,6,0,0,0,0,0,0,0,0,,0,0,0,10,1,1,2,,0,40 03:39.708,,0,75 08:13.954,4,0,0,0,67301,0,0,0,N,0,0,0,3,67301,1,,1,1,,N,N,,0,,0,0,1,3.0,3,,1015,1,2,0,0,0,0,0,3,4,0,2,3,,N,,,,,,,,,,,
2009002035,458,1,0,0,0,0,0,0,0,0,4,0,,67,11,2008,3,39.9398,-75.2114,453.0,6,0,0,0,0,0,0,0,0,,0,0,0,3,3,5,1,,0,39 56:23.373,,0,75 12:40.931,4,0,0,0,67301,0,0,0,N,0,0,0,7,67301,5,,1,9,,N,N,,0,,0,0,1,3.0,2,,340,5,3,0,0,0,0,2,3,4,1,3,7,,N,,,,,,,,,,,
2009002109,1445,0,0,0,1,0,0,0,0,0,4,0,,67,11,2008,3,40.1097,-74.9869,1441.0,6,0,0,0,0,0,0,0,0,1.0,0,0,0,14,1,1,1,,2,40 06:34.750,6.0,0,74 59:12.717,8,0,0,0,67301,1,0,0,N,0,0,0,2,67301,0,,1,1,,N,N,,0,,0,0,1,3.0,2,N,1440,1,2,0,0,0,1,0,3,4,0,1,3,,N,,,,,,,,,,,
2009007284,644,0,0,0,0,0,0,0,0,0,9,1,,67,11,2008,4,39.9335,-75.2,644.0,6,0,0,0,0,0,0,0,0,,0,1,0,6,1,0,0,,0,39 56:05.770,,0,75 11:59.325,9,0,0,0,67301,0,0,0,N,0,0,0,2,68K01,0,,2,1,,N,N,,0,,0,0,1,0.0,0,,641,0,2,0,0,0,0,1,3,4,0,2,3,,N,,,,,,,,,,,
2009006685,605,1,0,0,0,0,0,0,0,0,4,0,,67,12,2008,1,40.0247,-75.0309,554.0,6,0,0,0,0,0,0,0,0,,0,0,0,5,5,0,0,,0,40 01:26.792,,2,75 01:51.018,9,0,0,0,67301,0,0,0,N,0,0,0,2,68K01,0,,1,1,,N,N,,0,,0,0,0,0.0,0,,538,0,2,0,0,0,0,1,3,4,0,2,3,,N,,,,,,,,,,,
2009006000,217,1,0,0,0,0,0,0,0,0,7,0,,67,12,2008,6,39.9119,-75.1706,217.0,6,0,0,0,0,0,0,0,0,1.0,0,0,0,2,3,0,0,,2,39 54:42.669,3.0,2,75 10:14.264,0,0,0,0,67301,0,0,0,N,0,0,0,1,67501,0,,2,1,,N,N,,0,,0,0,0,3.0,8,Y,217,0,1,0,0,0,0,0,3,4,0,1,3,,N,,,,,,,,,,,
2009000779,10,2,0,0,0,0,0,0,0,0,4,0,,67,10,2008,5,39.9584,-75.2375,2358.0,6,0,0,0,0,0,0,0,0,,0,0,0,23,3,0,2,,0,39 57:30.390,,0,75 14:14.838,0,0,0,0,67301,0,0,0,,0,0,0,3,67301,0,,1,1,,,,,0,,0,0,0,3.0,2,,2357,0,2,0,0,0,0,0,3,4,0,2,3,,N,,,,,,,,,,,
2009000869,9999,2,0,0,0,0,0,0,0,0,1,0,,67,11,2008,1,40.0455,-75.1649,1708.0,6,0,0,0,0,0,1,0,0,,0,0,0,17,4,1,1,,0,40 02:43.800,,0,75 09:53.515,8,0,0,0,67301,0,0,0,N,0,0,0,2,67301,0,,1,1,,N,N,,0,,0,0,0,3.0,2,,1700,1,2,0,0,0,1,0,3,4,0,2,3,,N,,,,,,,,,,,
2009015025,403,1,0,0,0,0,0,0,0,0,7,0,,67,11,2008,1,39.9935,-75.1871,452.0,6,0,0,0,0,0,1,0,0,2.0,0,0,0,3,3,2,2,,1,39 59:36.661,4.0,0,75 11:13.689,3,0,0,0,67301,0,0,0,N,0,0,0,2,67301,0,,2,9,,N,N,,0,,2,0,0,0.0,0,N,350,2,1,0,0,0,0,0,3,4,0,1,7,,N,,,,,,,,,,,
2009013493,2059,1,0,0,0,0,0,0,0,0,4,0,,67,11,2008,5,40.0522,-75.0931,2059.0,6,0,0,1,0,0,0,0,0,1.0,0,0,0,20,3,0,1,,1,40 03:07.828,5.0,0,75 05:35.124,9,0,0,0,67301,0,0,0,N,0,0,0,4,67301,0,,1,1,,N,N,,0,,0,0,0,3.0,3,N,2050,0,2,0,0,0,0,1,3,4,0,2,3,,N,,,,,,,,,,,
2009013572,1520,1,0,0,0,0,0,0,0,0,8,0,,67,12,2008,6,40.0418,-75.04,1515.0,6,0,0,0,0,0,1,0,0,,0,0,0,15,1,1,2,,0,40 02:30.523,,0,75 02:23.935,4,0,0,0,67301,1,0,0,N,1,0,0,2,67301,1,,1,1,,N,Y,,0,,0,0,0,3.0,2,,1505,1,2,0,0,0,0,0,3,4,0,1,3,,N,,,,,,,,,,,
2009013630,2355,1,0,0,0,0,0,0,0,0,5,0,,67,11,2008,7,39.9656,-75.2263,2353.0,6,0,0,0,0,0,0,1,0,,0,0,0,23,3,0,0,,0,39 57:56.160,,0,75 13:34.680,0,0,0,0,67301,0,0,0,N,0,0,0,1,67301,0,,1,1,,N,N,,0,,0,0,0,0.0,0,,2350,0,2,0,0,0,0,0,3,4,1,2,3,,N,,,,,,,,,,,
2009042778,1929,1,0,0,0,0,0,0,0,0,8,0,,67,10,2008,2,40.0554,-75.1263,1926.0,6,0,0,0,1,0,0,0,0,1.0,0,0,0,19,3,1,2,,1,40 03:19.838,4.0,0,75 07:34.533,8,0,0,0,67301,1,0,0,N,1,0,0,5,46102,0,,1,9,,N,N,,0,,0,0,0,3.0,2,N,1926,1,2,0,0,4,1,0,3,4,0,1,7,,N,,,,,,,,,,,
2009013998,620,4,0,0,0,0,0,0,0,0,6,0,,67,11,2008,6,39.9795,-75.2182,615.0,6,0,0,0,0,0,0,0,0,,0,0,0,6,5,1,0,,0,39 58:46.339,,0,75 13:05.470,8,0,0,0,67301,0,0,0,N,0,0,0,1,67301,0,,6,1,,N,N,,0,,0,0,0,0.0,0,,600,1,5,0,0,0,1,0,3,4,1,5,3,,N,,,,,,,,,,,
2009013242,800,0,0,0,0,0,0,1,0,0,8,1,,67,11,2008,4,39.9708,-75.1836,801.0,6,0,0,0,0,0,0,0,0,,0,0,0,7,1,1,2,,0,39 58:14.858,,0,75 11:00.855,8,0,0,0,67301,1,0,0,,1,0,0,2,67301,0,,1,1,,N,N,,0,,0,0,0,0.0,0,,750,1,2,0,0,0,1,0,3,4,0,1,3,,N,,,,,,,,,,,
2009029536,9999,1,0,0,0,0,0,0,0,0,4,0,,67,10,2008,1,39.9789,-75.1696,9999.0,6,0,0,0,0,0,0,0,0,,0,0,0,17,1,0,0,,0,39 58:44.200,,0,75 10:10.400,9,0,0,0,67301,0,0,0,N,0,0,0,1,00000,0,,1,9,,N,N,,0,,0,0,0,0.0,0,,1700,0,2,0,0,0,0,1,3,4,0,2,7,,N,,,,,,,,,,,
2009037179,138,4,0,0,0,0,0,0,0,0,4,0,,67,11,2008,5,40.022,-75.0835,138.0,6,0,0,0,0,0,0,0,0,9.0,0,0,0,1,3,2,1,,2,40 01:19.081,7.0,0,75 05:00.736,8,0,0,0,67301,0,0,0,N,0,0,0,2,67301,0,,1,1,,N,N,,1,,0,0,0,3.0,3,N,138,2,6,0,0,0,2,0,3,4,1,6,3,,N,,,,,,,,,,,
2009025172,9999,2,0,0,0,0,0,0,0,0,1,0,,67,12,2008,3,40.0915,-74.9656,1706.0,6,0,0,0,0,0,0,0,0,,0,0,0,99,3,1,1,,0,40 05:29.579,,0,74 57:56.182,4,0,0,0,67301,0,0,0,N,0,0,0,2,67301,1,,1,1,,N,N,,0,,0,0,0,3.0,2,,9999,1,2,0,0,0,0,0,3,4,0,2,3,,N,,,,,,,,,,,
2009026676,39,3,0,0,0,0,0,0,0,0,5,0,,67,12,2008,4,,,36.0,6,0,0,0,0,0,1,0,0,4.0,0,0,0,99,3,1,0,,2,,2.0,3,,8,0,0,0,67301,0,0,0,N,0,0,0,5,67301,0,,1,2,,N,N,,0,,0,0,0,0.0,0,Y,9999,1,3,0,0,0,1,0,3,3,0,3,98,,N,,,,,,,,,,,
2009013616,550,2,0,0,0,0,0,0,0,0,4,0,,67,11,2008,6,40.0699,-75.1606,549.0,6,0,0,1,0,0,0,0,0,,0,0,0,5,3,1,0,,0,40 04:11.488,,0,75 09:38.179,3,0,0,0,67301,0,0,0,N,0,0,0,1,67301,0,,1,1,,N,N,,0,,1,0,0,0.0,0,,546,1,2,0,0,0,0,0,3,4,0,2,3,,N,,,,,,,,,,,
2009026969,1533,2,0,0,0,0,0,0,0,0,4,0,,67,12,2008,6,40.0549,-75.0539,1526.0,6,0,0,0,0,0,1,0,1,,0,0,0,14,1,1,1,,0,40 03:17.786,,0,75 03:14.192,8,0,0,0,67301,0,0,0,,0,0,0,2,67301,0,,1,1,,N,N,,0,,0,0,0,3.0,2,,1426,1,2,0,0,0,1,0,3,4,0,2,3,,N,,,,,,,,,,,
2009024712,1635,3,0,0,0,0,0,0,0,0,5,0,,67,12,2008,6,40.0204,-75.0871,1630.0,6,0,0,0,0,0,0,0,0,,0,0,0,16,3,2,0,,0,40 01:13.396,,0,75 05:13.617,8,0,0,0,67301,0,0,0,N,0,0,0,2,67301,0,,6,9,,N,N,,0,,0,0,0,0.0,0,,1630,2,3,0,0,0,2,0,3,4,0,3,7,,N,,,,,,,,,,,
2009030583,2357,1,0,0,0,0,0,0,0,0,8,0,,67,12,2008,4,40.0044,-75.0936,2355.0,6,0,0,0,0,0,0,0,0,,0,0,0,23,3,1,0,,0,40 00:15.840,,0,75 05:36.960,2,0,0,0,67301,1,0,1,,1,0,1,2,67301,0,,1,9,,N,N,,0,,0,1,0,0.0,0,,2334,1,2,0,0,0,0,0,3,4,0,1,7,,N,,,,,,,,,,,
2009025108,843,1,0,0,0,0,0,0,0,0,1,0,,67,11,2008,3,40.0504,-75.1846,843.0,6,0,0,0,0,1,0,0,0,,0,1,0,8,1,1,2,,0,40 03:01.529,,0,75 11:04.469,8,0,0,0,67301,0,0,0,N,0,0,0,2,67301,0,,1,1,,N,N,,0,,0,0,0,0.0,0,,843,1,2,0,0,0,1,0,3,4,0,2,3,,N,,,,,,,,,,,
2009030063,1622,1,0,0,0,0,0,0,0,0,4,0,,67,12,2008,4,39.9358,-75.2286,1622.0,6,0,0,0,0,0,0,1,0,2.0,0,0,0,16,1,1,1,,1,39 56:08.815,2.0,0,75 13:42.823,4,0,0,0,67301,0,0,0,N,0,0,0,5,67301,1,,1,1,,N,N,,0,,0,0,1,3.0,2,N,1615,1,2,0,0,0,0,1,3,4,0,2,3,,N,,,,,,,,,,,
2009030448,2055,0,0,0,0,0,0,0,0,0,2,0,,67,10,2008,7,39.9267,-75.1879,2052.0,6,0,0,0,0,0,1,0,0,1.0,0,0,0,20,3,1,1,,1,39 55:36.179,3.0,0,75 11:16.425,4,0,0,0,67301,1,0,0,N,1,0,0,3,67301,1,,1,9,,N,N,,0,,0,0,0,3.0,2,N,2050,1,2,0,0,1,0,0,3,4,1,1,7,,N,,,,,,,,,,,
2008088248,1107,1,0,0,0,0,0,0,0,0,4,0,,67,6,2008,3,39.9125,-75.243,1104.0,6,0,0,0,0,0,0,0,0,,0,0,0,10,1,1,2,,0,39 54:44.982,,0,75 14:34.897,4,0,0,0,67301,0,0,0,N,0,0,0,13,67301,1,,1,1,,N,N,,0,,0,0,0,3.0,2,,1055,1,2,0,0,0,0,0,3,4,0,2,3,,N,,,,,,,,,,,
2008069301,1259,1,0,0,0,0,0,0,0,0,7,0,,67,4,2008,7,39.9991,-75.1332,1254.0,6,0,0,0,0,0,0,0,0,,0,0,0,12,1,1,1,,0,39 59:56.705,,0,75 07:59.559,8,0,0,0,67301,0,0,0,,0,0,0,1,67301,0,,4,1,,,,,0,,0,0,0,2.0,2,,1255,1,1,0,0,0,1,0,3,4,0,1,3,,N,,,,,,,,,,,
2008050873,1117,1,0,0,0,0,0,0,0,0,1,0,,67,2,2008,5,40.0171,-75.1512,1115.0,6,0,0,0,0,0,0,0,0,,0,0,0,99,1,1,1,,0,40 01:01.528,,0,75 09:04.326,4,0,0,0,67301,0,0,0,N,0,0,0,3,67301,1,,1,1,,N,N,,1,,0,0,0,3.0,2,,9999,1,2,0,0,0,0,0,3,4,0,2,3,,N,,,,,,,,,,,
2008051767,41,2,0,0,0,0,0,0,0,0,4,0,,67,3,2008,4,40.0469,-75.0812,38.0,6,0,0,0,0,0,0,0,0,,0,0,0,0,3,1,0,,0,40 02:49.004,,0,75 04:52.279,4,0,0,0,67301,0,0,0,,0,0,0,1,67301,1,,2,9,,,,,0,,0,0,0,0.0,0,,10,1,2,0,0,0,0,0,3,4,0,2,7,,N,,,,,,,,,,,
2009012496,1604,1,0,0,0,0,0,1,0,0,4,1,,67,12,2008,2,39.9513,-75.1551,1600.0,6,0,0,0,0,0,0,0,0,,0,0,0,14,1,1,1,,0,39 57:04.873,,0,75 09:18.486,8,0,0,0,67301,0,0,0,N,0,0,0,6,67301,0,,1,1,,N,N,,0,,0,0,0,3.0,2,,1430,1,2,0,0,4,1,0,3,4,0,2,3,,N,,,,,,,,,,,
2009002181,1144,1,0,0,0,0,0,0,0,0,7,0,,67,11,2008,6,39.9646,-75.2365,1140.0,6,0,0,0,0,0,0,0,0,,0,0,0,11,1,1,0,,0,39 57:52.527,,0,75 14:11.245,8,0,0,0,67301,0,0,0,N,0,0,0,1,67301,0,,5,1,,N,N,,0,,0,0,0,0.0,0,,1138,1,1,0,0,0,1,0,3,4,0,1,3,,N,,,,,,,,,,,
2009002194,1609,1,0,0,1,0,0,0,0,0,4,0,,67,11,2008,7,39.9957,-75.1805,1607.0,6,0,0,0,0,0,0,0,0,,0,0,0,16,1,1,1,,0,39 59:44.440,,0,75 10:49.886,8,0,0,0,67301,1,0,0,N,0,0,0,2,67301,0,,1,9,,N,N,,0,,0,0,0,3.0,3,,1607,1,2,0,0,0,1,0,3,4,0,1,3,,N,,,,,,,,,,,
2009005654,1009,1,0,0,0,0,0,0,0,0,7,0,,67,12,2008,1,39.9448,-75.1427,1001.0,6,0,0,0,0,0,0,0,0,,0,0,0,9,1,0,0,,0,39 56:41.280,,2,75 08:33.720,0,0,0,0,67301,0,0,0,N,0,0,0,1,68K01,0,,2,2,,N,N,,0,,0,0,0,0.0,0,,958,0,1,0,0,0,0,0,3,4,0,1,7,,N,,,,,,,,,,,
2009004088,807,1,0,0,0,0,0,1,0,0,5,1,,67,11,2008,5,39.9693,-75.2132,804.0,6,0,0,0,0,0,1,0,0,,0,0,0,8,1,1,0,,0,39 58:09.555,,0,75 12:47.538,8,0,0,0,67301,1,0,0,N,0,0,0,8,67301,0,,6,9,,Y,N,,0,,0,0,0,0.0,0,,804,1,2,0,0,0,1,0,3,4,0,2,7,,N,,,,,,,,,,,
2009000735,1900,2,0,0,0,0,0,0,0,0,4,0,,67,11,2008,2,39.9653,-75.2153,1947.0,6,0,0,0,0,0,0,0,0,,0,0,0,18,3,1,2,,0,39 57:55.173,,0,75 12:55.137,8,0,0,0,67301,0,0,0,N,0,0,0,2,67301,0,,1,1,,N,N,,0,,0,0,0,3.0,3,,1845,1,2,0,0,0,1,1,3,4,0,2,3,,N,,,,,,,,,,,
2009007449,834,1,0,0,0,0,0,0,0,0,1,0,,67,12,2008,3,39.9577,-75.1489,827.0,6,0,0,0,0,0,1,0,0,1.0,0,0,0,8,1,1,1,,1,39 57:23.630,3.0,2,75 08:56.645,8,0,0,0,67301,0,0,0,N,0,0,0,3,68K01,0,,1,1,,N,N,,1,,0,0,1,3.0,2,N,824,1,3,0,0,0,1,0,3,4,0,3,3,,N,,,,,,,,,,,
2009015042,1723,1,0,0,0,0,0,0,0,0,8,0,,67,12,2008,4,39.9579,-75.2018,1720.0,6,0,0,0,0,0,0,0,0,,0,0,0,17,6,2,1,,0,39 57:28.314,,0,75 12:06.598,8,0,0,0,67301,2,0,0,N,2,0,0,3,67301,0,,1,9,,N,N,,0,,0,0,0,3.0,3,,1720,2,3,0,0,0,2,0,3,4,0,1,7,,N,,,,,,,,,,,
2009015055,1830,0,0,0,0,0,0,0,0,0,1,0,,67,12,2008,4,40.0333,-75.073,1825.0,6,0,0,0,0,0,0,0,0,,0,0,0,18,3,2,0,,0,40 01:59.779,,0,75 04:22.962,8,0,0,0,67301,0,0,0,N,0,0,0,4,67301,0,,1,1,,N,N,,1,,0,0,0,0.0,0,,1820,2,2,0,0,0,2,1,3,4,1,2,3,,N,,,,,,,,,,,
2009015068,810,2,0,0,0,0,0,0,0,0,4,0,,67,11,2008,5,40.0471,-75.098,803.0,6,0,0,0,0,0,0,0,1,,0,0,0,7,1,2,1,,0,40 02:49.640,,0,75 05:52.795,8,0,0,0,67301,0,0,0,N,0,0,0,2,67301,0,,1,1,,N,N,,0,,0,0,0,3.0,2,,727,2,2,0,0,0,2,0,3,4,0,2,3,,N,,,,,,,,,,,
2009013527,1830,1,0,0,0,0,0,0,0,0,2,0,,67,11,2008,7,40.0576,-75.029,1826.0,6,0,0,1,0,0,0,0,0,,0,0,0,18,3,3,0,,0,40 03:27.379,,7,75 01:44.476,4,0,0,0,67301,0,0,0,N,0,0,0,5,67301,2,,1,1,,N,N,,0,,0,0,1,0.0,0,,1825,3,2,0,0,0,1,0,3,4,0,2,3,,N,,,,,,,,,,,
2009025998,2250,1,0,0,0,0,0,0,0,0,2,0,,67,12,2008,7,40.0242,-75.2196,2243.0,6,0,0,0,0,0,1,0,0,,0,0,0,22,3,1,0,,0,40 01:27.271,,0,75 13:10.610,3,0,0,0,67301,0,0,0,N,0,0,0,3,67301,0,,1,1,,N,N,,0,,1,0,1,0.0,0,,2230,1,2,0,0,0,0,0,3,4,0,2,3,,N,,,,,,,,,,,
2009026027,1345,0,0,0,0,0,0,0,0,0,8,0,,67,12,2008,2,39.9332,-75.1897,1343.0,6,0,0,0,0,0,0,0,0,,0,0,0,13,1,1,1,,0,39 55:59.617,,0,75 11:22.847,4,0,0,0,67301,2,0,0,,2,0,0,3,67301,1,,1,1,,,,,0,,0,0,0,3.0,3,,1337,1,3,0,0,0,0,0,3,4,0,1,3,,N,,,,,,,,,,,
2009013580,1800,0,0,0,0,0,0,0,0,0,8,0,,67,12,2008,1,39.9161,-75.1548,1755.0,6,0,0,0,0,0,1,0,0,,0,0,0,17,3,1,1,,0,39 54:57.855,,0,75 09:17.175,4,0,0,0,67301,1,0,0,N,1,0,0,2,67301,1,,1,1,,N,N,,0,,0,0,1,3.0,3,,1750,1,2,0,0,0,0,0,3,4,0,1,3,,N,,,,,,,,,,,
2009013588,1536,2,0,0,0,0,0,0,0,0,4,0,,67,11,2008,3,40.0857,-75.0267,1534.0,6,0,0,0,0,0,0,0,0,,0,0,0,15,1,1,1,,0,40 05:08.473,,0,75 01:36.199,4,0,0,0,67301,0,0,0,N,0,0,0,2,67301,1,,1,1,,N,N,,0,,0,0,0,3.0,3,,1532,1,2,0,0,0,0,0,3,4,0,2,3,,N,,,,,,,,,,,
2009013618,305,1,0,0,0,0,0,0,0,0,7,0,,67,12,2008,1,40.0714,-75.1613,303.0,6,0,0,0,0,1,0,0,0,,0,0,0,2,3,0,1,,0,40 04:17.013,,0,75 09:40.693,0,0,0,0,67301,0,0,0,N,0,0,0,3,67301,0,,4,9,,N,N,,0,,0,0,0,0.0,0,,245,0,1,0,0,0,0,0,3,4,0,1,10,,N,,,,,,,,,,,
2009013997,2049,2,0,0,0,0,0,0,0,0,5,0,,67,11,2008,2,40.0131,-75.0884,2044.0,6,0,0,0,0,0,0,0,0,,0,0,0,20,3,0,0,,0,40 00:47.098,,0,75 05:18.114,0,0,0,0,67301,0,0,0,N,0,0,0,1,67301,0,,6,9,,N,N,,1,,0,0,2,0.0,0,,2040,0,5,0,0,1,0,0,3,4,0,5,7,,N,,,,,,,,,,,