CRN,ARRIVAL_TM,AUTOMOBILE_COUNT,BELTED_DEATH_COUNT,BELTED_SUSP_SERIOUS_INJ_COUNT,BICYCLE_COUNT,BICYCLE_DEATH_COUNT,BICYCLE_SUSP_SERIOUS_INJ_COUNT,BUS_COUNT,CHLDPAS_DEATH_COUNT,CHLDPAS_SUSP_SERIOUS_INJ_COUNT,COLLISION_TYPE,COMM_VEH_COUNT,CONS_ZONE_SPD_LIM,COUNTY,CRASH_MONTH,CRASH_YEAR,DAY_OF_WEEK,DEC_LAT,DEC_LONG,DISPATCH_TM,DISTRICT,DRIVER_COUNT_16YR,DRIVER_COUNT_17YR,DRIVER_COUNT_18YR,DRIVER_COUNT_19YR,DRIVER_COUNT_20YR,DRIVER_COUNT_50_64YR,DRIVER_COUNT_65_74YR,DRIVER_COUNT_75PLUS,EST_HRS_CLOSED,FATAL_COUNT,HEAVY_TRUCK_COUNT,HORSE_BUGGY_COUNT,HOUR_OF_DAY,ILLUMINATION,INJURY_COUNT,INTERSECT_TYPE,INTERSECTION_RELATED,LANE_CLOSED,LATITUDE,LN_CLOSE_DIR,LOCATION_TYPE,LONGITUDE,MAX_SEVERITY_LEVEL,MCYCLE_DEATH_COUNT,MCYCLE_SUSP_SERIOUS_INJ_COUNT,MOTORCYCLE_COUNT,MUNICIPALITY,NONMOTR_COUNT,NONMOTR_DEATH_COUNT,NONMOTR_SUSP_SERIOUS_INJ_COUNT,NTFY_HIWY_MAINT,PED_COUNT,PED_DEATH_COUNT,PED_SUSP_SERIOUS_INJ_COUNT,PERSON_COUNT,POLICE_AGCY,POSSIBLE_INJ_COUNT,RDWY_SURF_TYPE_CD,RELATION_TO_ROAD,ROAD_CONDITION,ROADWAY_CLEARED,SCH_BUS_IND,SCH_ZONE_IND,SECONDARY_CRASH,SMALL_TRUCK_COUNT,SPEC_JURIS_CD,SUSP_MINOR_INJ_COUNT,SUSP_SERIOUS_INJ_COUNT,SUV_COUNT,TCD_FUNC_CD,TCD_TYPE,TFC_DETOUR_IND,TIME_OF_DAY,TOT_INJ_COUNT,TOTAL_UNITS,UNB_DEATH_COUNT,UNB_SUSP_SERIOUS_INJ_COUNT,UNBELTED_OCC_COUNT,UNK_INJ_DEG_COUNT,UNK_INJ_PER_COUNT,URBAN_AREA,URBAN_RURAL,VAN_COUNT,VEHICLE_COUNT,WEATHER1,WEATHER2,WORK_ZONE_IND,WORK_ZONE_LOC,WORK_ZONE_TYPE,WORKERS_PRES,WZ_CLOSE_DETOUR,WZ_FLAGGER,WZ_LAW_OFFCR_IND,WZ_LN_CLOSURE,WZ_MOVING,WZ_OTHER,WZ_SHLDER_MDN,WZ_WORKERS_INJ_KILLED
2009013395,517,1,0,0,0,0,0,0,0,0,7,0,,67,12,2008,7,39.9947,-75.1922,515.0,6,0,0,0,0,0,0,0,0,,0,0,0,5,3,0,0,,0,39 59:40.845,,0,75 11:31.929,0,0,0,0,67301,0,0,0,N,0,0,0,1,67301,0,,2,1,,N,N,,0,,0,0,0,0.0,0,,510,0,1,0,0,0,0,0,3,4,0,1,3,,N,,,,,,,,,,,
2009029588,0,2,0,0,0,0,0,0,0,0,5,0,,67,10,2008,1,39.9457,-75.19,0.0,6,0,0,0,0,0,0,0,0,,0,0,0,22,6,1,0,,0,39 56:44.520,,0,75 11:24.000,4,0,0,0,67301,0,0,0,N,0,0,0,2,00000,1,,1,1,,N,N,,0,,0,0,0,0.0,0,,2230,1,2,0,0,0,0,1,3,4,0,2,3,,N,,,,,,,,,,,
2009024638,906,1,0,0,0,0,0,0,0,0,4,0,,67,12,2008,4,40.0677,-75.0175,901.0,6,0,0,0,0,0,0,0,0,,0,0,0,8,1,2,0,,0,40 04:03.658,,0,75 01:02.838,4,0,0,0,67301,0,0,0,,0,0,0,7,67301,2,,1,9,,,,,1,,0,0,0,0.0,0,,837,2,2,0,0,2,0,0,3,4,0,2,98,,N,,,,,,,,,,,
2009024664,1600,1,0,0,0,0,0,0,0,0,4,0,,67,12,2008,6,39.9898,-75.1039,1546.0,6,0,0,0,0,0,1,0,0,,0,0,0,15,1,2,1,,0,39 59:23.074,,0,75 06:13.986,8,0,0,0,67301,0,0,0,N,0,0,0,4,67301,0,,1,1,,N,N,,1,,0,0,1,3.0,2,,1542,2,3,0,0,0,2,2,3,4,0,3,3,,N,,,,,,,,,,,
2009024685,1900,1,0,0,0,0,0,0,0,0,4,0,,67,12,2008,5,39.9814,-75.1426,1855.0,6,0,0,0,0,0,1,0,0,,0,0,0,99,3,2,1,,0,39 58:52.935,,0,75 08:33.241,8,0,0,0,67301,0,0,0,N,0,0,0,2,67301,0,,1,1,,N,N,,0,,0,0,0,3.0,2,,9999,2,2,0,0,0,2,0,3,4,1,2,3,,N,,,,,,,,,,,
2009026883,910,5,0,0,0,0,0,0,0,0,1,0,,67,12,2008,4,40.0374,-75.1887,900.0,6,0,0,0,0,0,1,0,0,,0,0,0,8,1,0,0,,0,40 02:14.640,,0,75 11:19.320,9,0,0,0,67301,0,0,0,,0,0,0,6,67301,0,,1,2,,N,N,,0,,0,0,1,0.0,0,,800,0,6,0,0,0,0,1,3,4,0,6,98,,N,,,,,,,,,,,
2009025863,1830,1,0,0,0,0,0,0,0,0,1,0,,67,12,2008,4,40.0068,-75.0878,1825.0,6,0,0,0,0,0,0,0,0,,0,0,0,17,4,1,2,,0,40 00:23.847,,0,75 05:17.639,8,0,0,0,67301,0,0,0,,0,0,0,3,67301,0,,1,1,,N,N,,1,,0,0,0,3.0,2,,1740,1,2,0,0,0,1,0,3,4,0,2,3,,N,,,,,,,,,,,
2009025168,1737,4,0,0,0,0,0,0,0,0,1,0,,67,12,2008,3,40.0574,-75.0145,1730.0,6,0,0,0,0,0,1,0,0,2.0,0,0,0,17,4,1,2,,1,40 03:26.737,4.0,0,75 00:52.031,4,0,0,0,67301,0,0,0,N,0,0,0,5,67301,1,,1,1,,N,N,,0,,0,0,0,3.0,2,Y,1725,1,5,0,0,0,0,0,3,4,1,5,3,,N,,,,,,,,,,,
2009025190,1604,2,0,0,0,0,0,0,0,0,4,0,,67,12,2008,4,40.0309,-75.0655,1604.0,6,0,0,0,0,0,0,0,0,,0,0,0,15,1,0,1,,0,40 01:51.255,,0,75 03:55.816,0,0,0,0,67301,0,0,0,,0,0,0,2,67301,0,,1,1,,N,,,0,,0,0,0,0.0,0,,1550,0,2,0,0,0,0,0,3,4,0,2,3,,N,,,,,,,,,,,
2009025598,138,1,0,0,0,0,0,0,0,0,7,0,,67,12,2008,3,40.0256,-75.0722,125.0,6,0,0,0,0,0,0,0,0,2.0,0,0,0,1,3,2,0,,1,40 01:32.160,1.0,0,75 04:19.920,4,0,0,0,67301,0,0,0,N,0,0,0,2,67301,2,,5,9,,N,N,,0,,0,0,0,0.0,0,N,120,2,1,0,0,0,0,0,3,4,0,1,7,,N,,,,,,,,,,,
2009025637,1704,2,0,0,0,0,0,0,0,0,4,0,,67,12,2008,6,40.0353,-75.0706,1701.0,6,0,0,0,0,0,0,0,0,1.0,0,0,0,17,3,2,5,,2,40 02:07.083,2.0,0,75 04:14.554,8,0,0,0,67301,0,0,0,N,0,0,0,4,67301,0,,1,1,,N,N,,0,,0,0,0,3.0,2,Y,1700,2,2,0,0,0,2,0,3,4,0,2,3,,N,,,,,,,,,,,
2009024822,1815,1,0,0,0,0,0,0,0,0,9,0,,67,12,2008,4,40.0135,-75.1432,1740.0,6,0,0,0,0,0,0,0,0,,0,0,0,17,3,1,0,,0,40 00:48.723,,0,75 08:35.572,4,0,0,0,67301,0,0,0,N,0,0,0,1,67301,1,,1,1,,N,N,,0,,0,0,0,0.0,0,,1740,1,1,0,0,0,0,0,3,4,0,1,98,,N,,,,,,,,,,,
2009024858,422,2,0,0,0,0,0,0,0,0,4,0,,67,12,2008,4,,,418.0,6,0,0,1,0,0,0,0,0,,0,0,0,4,3,0,0,,0,,,0,,0,0,0,0,67301,0,0,0,N,0,0,0,2,67301,0,,1,9,,N,N,,0,,0,0,0,0.0,0,,416,0,2,0,0,0,0,0,3,3,0,2,3,,N,,,,,,,,,,,
2009024885,1735,1,0,0,0,0,0,0,0,0,8,0,,67,12,2008,4,40.1219,-75.0162,1731.0,6,0,0,0,0,0,1,0,0,,0,0,0,17,4,1,2,,0,40 07:18.905,,0,75 00:58.682,4,0,0,0,67301,1,0,0,,1,0,0,2,67301,1,,1,1,,,,,0,,0,0,0,9.0,3,,1728,1,2,0,0,0,0,0,3,4,0,1,3,,N,,,,,,,,,,,
2009032563,2323,1,0,0,0,0,0,0,0,0,7,0,,67,8,2008,1,40.0327,-75.0816,2318.0,6,0,0,0,0,0,1,0,0,3.0,0,0,0,23,3,1,0,,2,40 01:57.542,2.0,0,75 04:53.806,8,0,0,0,67301,0,0,0,N,0,0,0,1,61301,0,,3,1,,N,N,,0,,0,0,0,0.0,0,Y,2318,1,1,0,0,1,1,0,3,4,0,1,3,,N,,,,,,,,,,,
2008088254,204,2,0,0,0,0,0,0,0,0,4,0,,67,6,2008,7,39.9946,-75.0945,204.0,6,0,0,0,0,0,0,1,0,,0,0,0,1,3,1,1,,0,39 59:40.935,,0,75 05:40.542,4,0,0,0,67301,0,0,0,N,0,0,0,2,67301,1,,1,1,,N,N,,0,,0,0,0,3.0,2,,155,1,2,0,0,0,0,1,3,4,0,2,3,,N,,,,,,,,,,,
2008088240,1626,2,0,0,0,0,0,0,0,0,1,0,,67,6,2008,4,39.9341,-75.232,1624.0,6,0,0,0,0,0,0,0,0,,0,0,0,20,3,1,10,,0,39 56:02.598,,0,75 13:55.099,3,0,0,0,67301,1,0,0,N,0,0,0,2,67301,0,,2,1,,N,N,,0,,1,0,0,3.0,3,,2050,1,2,0,0,0,0,1,3,4,0,2,3,,N,,,,,,,,,,,
2008088391,1407,1,0,0,0,0,0,0,0,0,8,0,,67,6,2008,1,40.0305,-75.1386,1404.0,6,0,0,0,0,0,0,0,0,,0,0,0,14,1,1,0,,0,40 01:49.922,,0,75 08:18.888,8,0,0,0,67301,1,0,0,N,1,0,0,2,67301,0,,1,1,,N,N,,0,,0,0,0,0.0,0,,1402,1,2,0,0,0,1,0,3,4,0,1,3,,N,,,,,,,,,,,
2008047918,2123,2,0,0,0,0,0,0,0,0,4,0,,67,1,2008,4,39.9568,-75.2439,2121.0,6,0,0,0,0,0,0,1,0,,0,0,0,21,3,2,1,,0,39 57:24.462,,0,75 14:38.029,4,0,0,0,67301,0,0,0,N,0,0,0,4,67301,2,,1,1,,N,N,,0,,0,0,0,2.0,2,,2121,2,2,0,0,0,0,0,3,4,0,2,3,,N,,,,,,,,,,,
2009049471,1605,1,0,0,0,0,0,0,0,0,4,0,,67,3,2008,2,40.0517,-75.1271,1600.0,6,0,0,0,0,0,0,1,0,,0,0,0,15,1,3,1,,0,40 03:06.246,,0,75 07:37.696,3,0,0,0,67301,0,0,0,N,0,0,0,3,67301,1,,1,1,,N,N,,0,,2,0,1,3.0,2,,1555,3,2,0,0,1,0,0,3,4,0,2,3,,N,,,,,,,,,,,
2009002174,1527,2,0,0,0,0,0,0,0,0,4,0,,67,11,2008,5,39.9863,-75.1079,1527.0,6,0,1,0,0,0,0,0,0,,0,0,0,15,1,1,1,,0,39 59:10.600,,0,75 06:28.569,4,0,0,0,67301,0,0,0,,0,0,0,2,67301,1,,1,1,,N,N,,0,,0,0,1,3.0,3,,1525,1,3,0,0,0,0,0,3,4,0,3,3,,N,,,,,,,,,,,
2009002182,2215,1,0,0,0,0,0,0,0,0,4,0,,67,11,2008,2,40.0649,-74.9813,2211.0,6,0,1,0,0,0,0,0,0,,0,0,0,22,3,1,0,,0,40 03:53.640,,0,74 58:51.960,4,0,0,0,67301,0,0,0,N,0,0,0,2,67301,1,,1,9,,N,N,,0,,0,0,1,0.0,0,,2210,1,2,0,0,0,0,0,3,4,0,2,7,,N,,,,,,,,,,,
2009000531,1912,1,0,0,0,0,0,0,0,0,4,0,,67,6,2008,6,40.0317,-75.0669,1911.0,6,0,0,0,0,0,0,0,0,3.0,0,0,0,19,1,1,1,,2,40 01:54.069,3.0,0,75 04:00.860,8,0,0,0,67301,0,0,0,,0,0,0,3,67301,0,,1,1,,,,,1,,0,0,1,3.0,3,Y,1910,1,3,0,0,0,1,0,3,4,0,3,3,,N,,,,,,,,,,,
2009000737,29,1,0,0,0,0,0,0,0,0,7,0,,67,11,2008,5,39.9438,-75.1422,28.0,6,0,0,0,0,0,0,0,0,,0,0,0,0,3,1,0,,0,39 56:27.150,,0,75 08:32.533,4,0,0,0,67301,0,0,0,,0,0,0,2,67301,1,,5,1,,,,,0,,0,0,0,0.0,0,,20,1,1,0,0,0,0,0,3,4,0,1,3,,N,,,,,,,,,,,
2009000984,1116,2,0,0,0,0,0,0,0,0,1,0,,67,11,2008,6,40.1269,-75.0142,1111.0,6,0,0,0,0,0,0,0,0,,0,0,0,11,1,1,0,,0,40 07:36.986,,0,75 00:51.087,8,0,0,0,67301,0,0,0,N,0,0,0,4,67301,0,,1,9,,N,N,,0,,0,0,0,0.0,0,,1110,1,3,0,0,0,1,0,3,4,1,3,7,,N,,,,,,,,,,,
2009000989,922,1,0,0,0,0,0,0,0,0,4,0,,67,11,2008,3,39.9555,-75.2421,920.0,6,0,0,0,0,0,1,0,0,1.0,0,0,0,9,1,1,1,,1,39 57:19.771,1.0,0,75 14:31.703,3,0,0,0,67301,0,0,0,N,0,0,0,2,67301,0,,1,1,,N,N,,0,,1,0,1,9.0,3,N,909,1,2,0,0,0,0,0,3,4,0,2,3,,N,,,,,,,,,,,
2009015026,1847,2,0,0,0,0,0,0,0,0,4,0,,67,11,2008,5,39.9814,-75.1789,1844.0,6,0,0,0,0,0,0,0,0,2.0,0,0,0,18,3,1,1,,1,39 58:53.043,4.0,0,75 10:43.906,4,0,0,0,67301,0,0,0,N,0,0,0,6,67301,1,,1,9,,N,N,,0,,0,0,0,3.0,2,N,1843,1,2,0,0,1,0,0,3,4,0,2,7,,N,,,,,,,,,,,
2009015052,934,2,0,0,0,0,0,0,0,0,4,0,,67,12,2008,2,40.0443,-75.0541,934.0,6,0,0,0,0,0,0,0,0,2.0,0,0,0,9,1,4,1,,2,40 02:39.480,1.0,0,75 03:14.760,4,0,0,0,67301,0,0,0,N,0,0,0,6,67501,4,,1,1,,N,N,,0,,0,0,0,3.0,2,Y,934,4,2,0,0,1,0,0,3,4,0,2,3,,N,,,,,,,,,,,
2009013281,827,2,0,0,0,0,0,0,0,0,1,0,,67,11,2008,4,39.9804,-75.2247,823.0,6,1,0,0,0,0,0,0,0,,0,0,0,7,1,1,1,,0,39 58:49.616,,0,75 13:28.852,4,0,0,0,67301,0,0,0,N,0,0,0,2,67301,1,,1,1,,N,N,,0,,0,0,0,3.0,2,,747,1,2,0,0,0,0,0,3,4,0,2,3,,N,,,,,,,,,,,
2009013298,1052,1,0,0,0,0,0,0,0,0,4,0,,67,11,2008,7,39.9697,-75.2115,1048.0,6,0,0,0,1,0,0,0,0,,0,0,0,10,1,1,1,,0,39 58:10.747,,0,75 12:41.275,2,0,0,0,67301,0,0,0,N,0,0,0,8,67301,0,,1,1,,,N,,0,,0,1,1,3.0,2,,1047,1,2,0,0,0,0,0,3,4,0,2,3,,N,,,,,,,,,,,
2009013392,2350,1,0,0,0,0,0,0,0,0,4,0,,67,11,2008,7,40.0481,-75.0691,2350.0,6,0,0,0,0,0,0,0,0,,0,0,0,23,3,0,0,,0,40 02:53.240,,0,75 04:08.741,0,0,0,0,67301,0,0,0,N,0,0,0,2,67301,0,,1,1,,N,N,,1,,0,0,0,0.0,0,,2350,0,2,0,0,2,0,0,3,4,0,2,3,,N,,,,,,,,,,,
2009013497,1650,2,0,0,0,0,0,0,0,0,4,0,,67,11,2008,2,39.9587,-75.152,1643.0,6,0,0,0,0,0,0,0,0,,0,0,0,16,4,1,1,,0,39 57:31.327,,0,75 09:07.199,4,0,0,0,67301,0,0,0,N,0,0,0,5,67301,1,,1,1,,N,N,,0,,0,0,0,3.0,3,,1635,1,2,0,0,1,0,0,3,4,0,2,3,,N,,,,,,,,,,,
2009013522,300,0,0,0,0,0,0,0,0,0,8,0,,67,12,2008,2,40.1105,-75.0247,300.0,6,0,0,0,0,0,0,0,0,,0,0,0,19,3,1,1,,0,40 06:37.877,,0,75 01:28.898,2,0,0,0,67301,1,0,1,N,1,0,1,2,67301,0,,1,9,,N,N,,0,,0,1,0,9.0,9,,1900,1,2,0,0,0,0,0,3,4,1,1,7,,N,,,,,,,,,,,
2009013593,915,1,0,0,0,0,0,0,0,0,7,0,,67,11,2008,1,40.03,-75.1878,910.0,6,0,0,0,0,0,0,1,0,1.0,0,0,0,9,1,1,0,,2,40 01:47.829,1.0,0,75 11:16.236,4,0,0,0,67301,0,0,0,,0,0,0,2,67301,1,,5,9,,,,,0,,0,0,0,0.0,0,Y,910,1,1,0,0,0,0,0,3,4,0,1,7,,N,,,,,,,,,,,
2009013610,757,1,0,0,0,0,0,0,0,0,4,0,,67,11,2008,3,40.0456,-75.0714,751.0,6,0,0,0,0,0,0,0,0,,0,0,0,7,1,1,0,,0,40 02:44.160,,0,75 04:17.145,4,0,0,0,67301,0,0,0,N,0,0,0,2,67301,1,,1,9,,N,N,,0,,0,0,0,3.0,3,,736,1,3,0,0,0,0,0,3,4,2,3,7,,N,,,,,,,,,,,
2009013643,1429,2,0,0,0,0,0,0,0,0,4,0,,67,12,2008,6,39.9413,-75.2094,1421.0,6,0,0,0,0,0,2,0,0,,0,0,0,14,1,1,1,,0,39 56:28.320,,0,75 12:33.840,4,0,0,0,67301,0,0,0,N,0,0,0,3,67301,1,,1,1,,N,N,,0,,0,0,0,3.0,2,,1419,1,2,0,0,0,0,0,3,4,0,2,3,,N,,,,,,,,,,,
2009013968,11,2,0,0,0,0,0,0,0,0,4,0,,67,12,2008,6,39.9746,-75.1991,11.0,6,0,0,0,0,0,1,0,0,,0,0,0,0,3,0,0,,0,39 58:28.687,,7,75 11:56.901,0,0,0,0,67301,0,0,0,N,0,0,0,2,67301,0,,1,9,,N,N,,0,,0,0,0,3.0,2,,7,0,2,0,0,2,0,0,3,4,0,2,3,,N,,,,,,,,,,,
2009037184,1233,1,0,0,0,0,0,0,0,0,8,0,,67,7,2008,7,40.0934,-74.962,1227.0,6,0,0,0,0,0,1,0,0,,0,0,0,12,1,2,0,,0,40 05:36.213,,0,74 57:43.131,2,0,0,0,67301,1,0,1,N,1,0,1,2,67301,1,,1,1,,N,N,,0,,0,1,0,0.0,0,,1225,2,2,0,0,0,0,0,3,4,0,1,3,,N,,,,,,,,,,,
2009030184,1918,2,0,0,0,0,0,0,0,0,4,0,,67,4,2008,4,40.0943,-75.031,1911.0,6,0,0,0,1,0,0,0,0,1.0,0,0,0,19,1,2,2,,1,40 05:38.760,5.0,0,75 01:51.240,4,0,0,0,67301,0,0,0,N,0,0,0,3,67301,2,,1,1,,N,N,,0,,0,0,0,3.0,2,Y,1911,2,2,0,0,2,0,0,3,4,0,2,3,,N,,,,,,,,,,,
2009024876,1949,1,0,0,0,0,0,0,0,0,8,0,,67,11,2008,4,39.9459,-75.2403,1941.0,6,0,0,0,0,0,0,0,1,,0,0,0,19,3,1,3,,0,39 56:45.089,,0,75 14:25.019,3,0,0,0,67301,1,0,0,N,1,0,0,2,67301,0,,1,1,,N,N,,0,,1,0,0,3.0,2,,1925,1,2,0,0,0,0,0,3,4,0,1,3,,N,,,,,,,,,,,
2009038106,1745,0,0,0,0,0,0,0,0,0,8,0,,67,12,2008,4,40.008,-75.1417,1743.0,6,0,0,0,0,0,0,0,0,,0,0,0,17,3,1,1,,0,40 00:28.952,,0,75 08:30.175,2,0,0,0,67301,1,0,1,N,1,0,1,2,67301,0,,1,9,,N,N,,1,,0,1,0,0.0,0,,1735,1,2,0,0,1,0,0,3,4,0,1,7,,N,,,,,,,,,,,
2009030442,1305,1,0,0,0,0,0,1,0,0,5,1,,67,12,2008,2,39.952,-75.1626,1300.0,6,0,0,0,0,0,0,0,0,,0,0,0,12,1,2,2,,0,39 57:07.268,,0,75 09:45.490,4,0,0,0,67301,0,0,0,,0,0,0,5,67301,2,,1,1,,,,,0,,0,0,0,3.0,2,,1230,2,2,0,0,0,0,0,3,4,0,2,3,,N,,,,,,,,,,,
2009093069,9999,0,0,0,0,0,0,1,0,0,8,1,,67,12,2008,3,39.9517,-75.1615,9999.0,6,0,0,0,0,0,0,0,0,,0,0,0,3,8,1,0,,0,39 57:06.200,,0,75 09:41.500,3,0,0,0,67301,1,0,0,N,1,0,0,2,00000,0,,1,1,,N,N,,0,,1,0,0,0.0,0,,300,1,3,0,0,0,0,1,3,4,0,2,3,,N,,,,,,,,,,,
2010003193,1725,1,0,0,0,0,0,0,0,0,8,0,,67,11,2008,3,39.9172,-75.2374,1724.0,6,0,0,0,0,0,0,1,0,,0,0,0,17,3,1,1,,0,39 55:02.019,,0,75 14:14.620,8,0,0,0,67301,1,0,0,N,1,0,0,3,67301,0,,1,9,,N,N,,0,,0,0,0,3.0,2,,1715,1,2,0,0,0,1,0,3,4,0,1,7,,N,,,,,,,,,,,
2008069300,1600,2,0,0,0,0,0,0,0,0,1,0,,67,4,2008,2,40.0876,-75.074,1557.0,6,0,0,0,0,0,1,0,0,,0,0,0,15,1,1,3,,0,40 05:15.316,,0,75 04:26.446,4,0,0,0,67301,0,0,0,N,0,0,0,2,67301,1,,1,1,,N,N,,0,,0,0,0,3.0,4,,1559,1,2,0,0,0,0,0,3,4,0,2,3,,N,,,,,,,,,,,
2008050876,2030,1,0,0,0,0,0,0,0,0,4,0,,67,3,2008,7,40.0161,-75.1308,2012.0,6,0,0,0,0,0,0,0,0,,0,0,0,99,2,1,1,,0,40 00:57.967,,0,75 07:50.861,8,0,0,0,67301,0,0,0,N,0,0,0,7,67301,0,,1,1,,N,N,,0,,0,0,0,0.0,0,,9999,1,2,0,0,0,1,0,3,4,1,2,3,,N,,,,,,,,,,,
2008051611,1222,3,0,0,0,0,0,0,0,0,4,0,,67,2,2008,3,39.9564,-75.2085,1216.0,6,0,0,0,0,1,0,0,0,1.0,0,0,0,12,1,3,1,,1,39 57:23.053,3.0,0,75 12:30.390,4,0,0,0,67301,0,0,0,N,0,0,0,3,67301,3,,1,1,,N,N,,1,,0,0,0,3.0,2,N,1214,3,4,0,0,0,0,0,3,4,0,4,3,,N,,,,,,,,,,,
2008069671,1245,3,0,0,0,0,0,0,0,0,5,0,,67,4,2008,2,39.9988,-75.1312,1242.0,6,0,0,0,0,0,0,0,0,,0,0,0,12,1,1,1,,0,39 59:55.771,,0,75 07:52.360,4,0,0,0,67301,0,0,0,N,0,0,0,1,67301,1,,1,1,,N,N,,0,,0,0,0,3.0,2,,1240,1,4,0,0,0,0,0,3,4,1,4,3,,N,,,,,,,,,,,
2008070756,658,4,0,0,0,0,0,0,0,0,4,0,,67,4,2008,4,40.0493,-75.0014,658.0,6,0,0,0,0,0,0,0,0,,0,0,0,6,1,1,0,,0,40 02:49.733,,0,75 00:17.126,3,0,0,0,67301,2,0,0,N,0,0,0,5,67301,0,,2,9,,N,Y,,1,,1,0,0,0.0,0,,657,1,5,0,0,2,0,0,3,4,0,5,3,,N,,,,,,,,,,,
2008070808,810,2,0,0,0,0,0,0,0,0,1,0,,67,4,2008,4,39.913,-75.1923,805.0,6,0,0,0,0,0,1,0,0,1.0,0,0,0,8,1,1,0,,1,39 54:46.540,1.0,0,75 11:32.449,3,0,0,0,67301,0,0,0,N,0,0,0,3,67301,0,,1,1,,N,N,,1,,1,0,0,0.0,0,Y,800,1,3,0,0,3,0,0,3,4,0,3,3,,N,,,,,,,,,,,
2008107365,1916,0,0,0,0,0,0,0,0,0,4,0,,67,8,2008,1,39.9093,-75.1547,1916.0,6,0,0,0,0,0,1,0,0,,0,0,0,19,1,0,0,,0,39 54:33.493,,0,75 09:16.789,0,0,0,0,67301,0,0,0,N,0,0,0,3,67501,0,,1,1,,N,N,,0,,0,0,1,0.0,0,,1916,0,2,0,0,0,0,0,3,4,1,2,3,,N,,,,,,,,,,,
2008107369,1716,1,0,0,0,0,0,0,0,0,7,0,,67,8,2008,6,39.906,-75.1342,1715.0,6,0,0,0,0,0,1,0,0,2.0,0,0,0,17,1,1,0,,1,39 54:21.732,3.0,0,75 08:02.940,8,0,0,0,67301,0,0,0,N,0,0,0,1,67301,0,,3,1,,N,N,,0,,0,0,0,0.0,0,Y,1714,1,1,0,0,0,1,0,3,4,0,1,3,,N,,,,,,,,,,,
2008107372,1618,0,0,0,0,0,0,0,0,0,0,0,,67,8,2008,1,39.909,-75.1515,1618.0,6,0,0,0,0,0,0,0,0,,0,1,0,16,1,1,0,,0,39 54:32.362,,0,75 09:05.268,3,0,0,0,67301,0,0,0,N,0,0,0,1,67501,0,,4,1,,N,N,,0,,1,0,0,0.0,0,,1618,1,1,0,0,0,0,0,3,4,0,1,3,,N,,,,,,,,,,,
2008120695,1625,1,0,0,1,0,0,0,0,0,4,0,,67,9,2008,5,39.9638,-75.2303,1021.0,6,0,0,0,0,0,0,0,1,,0,0,0,10,1,1,2,,0,39 57:49.784,,0,75 13:48.907,8,0,0,0,67301,1,0,0,N,0,0,0,2,67301,0,,1,1,,N,N,,0,,0,0,0,3.0,3,,1015,1,2,0,0,0,1,0,3,4,0,1,3,,N,,,,,,,,,,,
2008113473,2247,1,0,0,0,0,0,0,0,0,5,0,,67,9,2008,3,39.9235,-75.1476,2246.0,6,0,0,0,0,0,0,0,0,,0,0,0,22,3,0,0,,0,39 55:09.489,,0,75 08:53.185,0,0,0,0,67301,0,0,0,N,0,0,0,2,68K01,0,,1,9,,N,N,,0,,0,0,0,3.0,8,,2241,0,2,0,0,0,0,0,3,4,0,2,3,,N,,,,,,,,,,,
2008113480,1637,1,0,0,0,0,0,0,0,0,7,0,,67,10,2008,4,39.9687,-75.1276,1637.0,6,0,0,0,0,1,0,0,0,,0,0,0,16,1,0,0,,0,39 58:10.627,,0,75 07:34.607,0,0,0,0,67301,0,0,0,N,0,0,0,1,68K01,0,,1,1,,N,N,,0,,0,0,0,0.0,0,,1630,0,1,0,0,0,0,0,3,4,0,1,3,,N,,,,,,,,,,,
2008113486,2039,1,0,0,0,0,0,0,0,0,7,0,,67,10,2008,7,39.9972,-75.1965,2029.0,6,0,0,0,0,0,0,0,0,,0,0,0,20,3,0,0,,0,39 59:50.651,,0,75 11:46.924,0,0,0,0,67301,0,0,0,N,0,0,0,1,68K01,0,,2,1,,N,N,,0,,0,0,0,0.0,0,,2026,0,1,0,0,0,0,0,3,4,0,1,3,,N,,,,,,,,,,,
2008120524,0,0,0,0,0,0,0,0,0,0,1,0,,67,6,2008,6,39.9459,-75.2403,0.0,6,0,0,0,0,0,0,0,0,,0,0,0,6,1,2,1,,0,39 56:45.089,,0,75 14:25.019,2,0,0,0,67301,0,0,0,N,0,0,0,5,00000,0,,1,1,,N,N,,0,,1,1,0,0.0,0,,600,2,2,0,0,0,0,3,3,4,0,2,3,,N,,,,,,,,,,,
2008119472,2100,2,0,0,0,0,0,0,0,0,1,0,,67,9,2008,7,39.9222,-75.1823,2100.0,6,0,0,0,0,0,0,0,0,,0,0,0,20,3,1,0,,0,39 55:19.927,,0,75 10:56.355,4,0,0,0,67301,0,0,0,N,0,0,0,2,67301,1,,1,9,,N,N,,0,,0,0,0,0.0,0,,2055,1,2,0,0,0,0,0,3,4,0,2,3,,N,,,,,,,,,,,
2009013670,9999,1,0,0,0,0,0,0,0,0,8,0,,67,11,2008,1,39.9774,-75.1582,1436.0,6,0,0,0,0,0,1,0,0,,0,0,0,14,1,1,0,,0,39 58:38.640,,0,75 09:29.520,8,0,0,0,67301,1,0,0,N,1,0,0,2,67301,0,,1,1,,N,N,,0,,0,0,0,9.0,9,,1436,1,2,0,0,1,1,0,3,4,0,1,3,,N,,,,,,,,,,,