CRN,ARRIVAL_TM,AUTOMOBILE_COUNT,BELTED_DEATH_COUNT,BELTED_SUSP_SERIOUS_INJ_COUNT,BICYCLE_COUNT,BICYCLE_DEATH_COUNT,BICYCLE_SUSP_SERIOUS_INJ_COUNT,BUS_COUNT,CHLDPAS_DEATH_COUNT,CHLDPAS_SUSP_SERIOUS_INJ_COUNT,COLLISION_TYPE,COMM_VEH_COUNT,CONS_ZONE_SPD_LIM,COUNTY,CRASH_MONTH,CRASH_YEAR,DAY_OF_WEEK,DEC_LAT,DEC_LONG,DISPATCH_TM,DISTRICT,DRIVER_COUNT_16YR,DRIVER_COUNT_17YR,DRIVER_COUNT_18YR,DRIVER_COUNT_19YR,DRIVER_COUNT_20YR,DRIVER_COUNT_50_64YR,DRIVER_COUNT_65_74YR,DRIVER_COUNT_75PLUS,EST_HRS_CLOSED,FATAL_COUNT,HEAVY_TRUCK_COUNT,HORSE_BUGGY_COUNT,HOUR_OF_DAY,ILLUMINATION,INJURY_COUNT,INTERSECT_TYPE,INTERSECTION_RELATED,LANE_CLOSED,LATITUDE,LN_CLOSE_DIR,LOCATION_TYPE,LONGITUDE,MAX_SEVERITY_LEVEL,MCYCLE_DEATH_COUNT,MCYCLE_SUSP_SERIOUS_INJ_COUNT,MOTORCYCLE_COUNT,MUNICIPALITY,NONMOTR_COUNT,NONMOTR_DEATH_COUNT,NONMOTR_SUSP_SERIOUS_INJ_COUNT,NTFY_HIWY_MAINT,PED_COUNT,PED_DEATH_COUNT,PED_SUSP_SERIOUS_INJ_COUNT,PERSON_COUNT,POLICE_AGCY,POSSIBLE_INJ_COUNT,RDWY_SURF_TYPE_CD,RELATION_TO_ROAD,ROAD_CONDITION,ROADWAY_CLEARED,SCH_BUS_IND,SCH_ZONE_IND,SECONDARY_CRASH,SMALL_TRUCK_COUNT,SPEC_JURIS_CD,SUSP_MINOR_INJ_COUNT,SUSP_SERIOUS_INJ_COUNT,SUV_COUNT,TCD_FUNC_CD,TCD_TYPE,TFC_DETOUR_IND,TIME_OF_DAY,TOT_INJ_COUNT,TOTAL_UNITS,UNB_DEATH_COUNT,UNB_SUSP_SERIOUS_INJ_COUNT,UNBELTED_OCC_COUNT,UNK_INJ_DEG_COUNT,UNK_INJ_PER_COUNT,URBAN_AREA,URBAN_RURAL,VAN_COUNT,VEHICLE_COUNT,WEATHER1,WEATHER2,WORK_ZONE_IND,WORK_ZONE_LOC,WORK_ZONE_TYPE,WORKERS_PRES,WZ_CLOSE_DETOUR,WZ_FLAGGER,WZ_LAW_OFFCR_IND,WZ_LN_CLOSURE,WZ_MOVING,WZ_OTHER,WZ_SHLDER_MDN,WZ_WORKERS_INJ_KILLED
2009013742,2020,2,0,0,0,0,0,0,0,0,4,0,,67,2,2008,1,40.0157,-75.1543,2020.0,6,0,0,0,0,0,1,0,0,1.0,0,0,0,20,3,1,0,,1,40 00:56.476,3.0,7,75 09:15.275,4,0,0,0,67301,0,0,0,N,0,0,0,3,67301,1,,1,1,,N,N,,0,,0,0,0,0.0,0,Y,2017,1,2,0,0,0,0,0,3,4,0,2,3,,N,,,,,,,,,,,
2009000861,1735,0,0,0,0,0,0,0,0,0,8,0,,67,11,2008,5,39.9455,-75.2323,1731.0,6,0,0,0,0,0,0,0,0,,0,0,0,17,3,1,5,,0,39 56:43.879,,0,75 13:56.449,8,0,0,0,67301,1,0,0,N,1,0,0,2,67301,0,,1,9,,N,N,,1,,0,0,0,3.0,2,,1730,1,2,0,0,0,1,0,3,4,0,1,7,,N,,,,,,,,,,,
2009002110,2102,2,0,0,0,0,0,0,0,0,4,0,,67,11,2008,6,39.9377,-75.1988,2101.0,6,0,0,0,0,0,0,0,0,,0,0,0,21,3,2,1,,0,39 56:15.613,,0,75 11:55.697,8,0,0,0,67301,0,0,0,N,0,0,0,3,67301,0,,1,9,,N,N,,0,,0,0,0,3.0,3,,2101,2,2,0,0,0,2,0,3,4,0,2,7,,N,,,,,,,,,,,
2009002172,1115,4,0,0,0,0,0,0,0,0,1,0,,67,11,2008,7,39.9878,-75.2166,1111.0,6,0,0,0,0,0,2,0,0,,0,0,0,11,1,1,0,,0,39 59:16.074,,0,75 12:59.587,4,0,0,0,67301,0,0,0,N,0,0,0,7,67301,1,,1,9,,N,N,,0,,0,0,0,2.0,2,,1110,1,4,0,0,0,0,0,3,4,0,4,7,,N,,,,,,,,,,,
2009002292,1505,2,0,0,0,0,0,0,0,0,1,0,,67,11,2008,6,40.0538,-75.2312,1500.0,6,0,0,0,0,0,0,0,0,,0,0,0,14,1,1,2,,0,40 03:13.410,,0,75 13:52.294,8,0,0,0,67301,0,0,0,N,0,0,0,3,67301,0,,1,9,,N,N,,0,,0,0,0,3.0,2,,1455,1,2,0,0,0,1,1,3,4,0,2,3,,N,,,,,,,,,,,
2009036405,1450,1,0,0,0,0,0,0,0,0,7,0,,67,12,2008,2,40.0333,-75.2263,1445.0,6,0,0,0,0,0,0,0,0,,0,0,0,14,1,0,0,,0,40 01:59.883,,0,75 13:34.824,0,0,0,0,67301,0,0,0,N,0,0,0,1,67301,0,,5,1,,N,N,,0,,0,0,0,0.0,0,,1445,0,1,0,0,1,0,0,3,4,0,1,3,,N,,,,,,,,,,,
2009013535,1940,1,0,0,0,0,0,0,0,0,8,0,,67,12,2008,5,40.0397,-75.0778,1933.0,6,0,0,0,0,0,0,0,0,,0,0,0,19,3,1,0,,0,40 02:23.006,,0,75 04:40.197,4,0,0,0,67301,1,0,0,,1,0,0,3,67301,1,,1,1,,,,,0,,0,0,0,0.0,0,,1918,1,2,0,0,0,0,0,3,4,0,1,3,,N,,,,,,,,,,,
2009032487,659,2,0,0,0,0,0,0,0,0,1,0,,67,4,2008,1,40.0667,-74.983,654.0,6,0,0,0,1,0,0,0,0,,0,0,0,6,1,1,0,,0,40 04:00.110,,0,74 58:58.706,4,0,0,0,67301,0,0,0,N,0,0,0,1,67301,1,,6,9,,N,N,,0,,0,0,0,0.0,0,,650,1,3,0,0,0,0,0,3,4,1,3,7,,N,,,,,,,,,,,
2009013974,1910,0,0,0,0,0,0,0,0,0,8,0,,67,12,2008,5,39.9996,-75.1905,1906.0,6,0,0,0,0,0,1,0,0,,0,0,0,17,3,1,3,,0,39 59:58.649,,0,75 11:26.101,8,0,0,0,67301,1,0,0,N,1,0,0,3,67301,0,,1,9,,N,N,,0,,0,0,1,3.0,2,,1700,1,2,0,0,0,1,0,3,4,0,1,7,,N,,,,,,,,,,,
2009026966,1641,2,0,0,0,0,0,0,0,0,6,0,,67,12,2008,6,39.9186,-75.2444,1635.0,6,0,1,0,0,0,0,0,0,,0,0,0,15,1,2,3,,0,39 55:06.848,,0,75 14:39.854,8,0,0,0,67301,0,0,0,N,0,0,0,2,67301,0,,1,1,,N,N,,0,,0,0,0,3.0,2,,1520,2,2,0,0,2,2,0,3,4,0,2,3,,N,,,,,,,,,,,
2009029566,9999,2,0,0,0,0,0,0,0,0,4,0,,67,10,2008,3,,,9999.0,6,0,0,0,0,0,1,0,0,,0,0,0,9,1,3,1,,0,,,0,,8,0,0,0,67301,0,0,0,N,0,0,0,4,00000,0,,1,9,,N,N,,0,,0,0,0,9.0,9,,945,3,2,0,0,0,3,0,3,3,0,2,7,,N,,,,,,,,,,,
2009024633,2030,2,0,0,0,0,0,0,0,0,8,0,,67,12,2008,6,39.9533,-75.1667,2030.0,6,0,0,0,0,0,0,0,0,2.0,0,0,0,20,3,1,0,,2,39 57:11.982,1.0,0,75 10:00.200,3,0,0,0,67301,1,0,0,,1,0,0,6,67301,0,,1,9,,,,,0,,1,0,0,0.0,0,Y,2030,1,3,0,0,0,0,0,3,4,0,2,7,,N,,,,,,,,,,,
2009024835,840,1,0,0,0,0,0,0,0,0,1,0,,67,12,2008,4,40.072,-75.013,839.0,6,0,0,0,0,0,0,0,0,,0,0,0,5,3,1,1,,0,40 04:19.382,,0,75 00:46.921,4,0,0,0,67301,0,0,0,N,0,0,0,3,67301,1,,2,2,,N,N,,0,,0,0,0,0.0,0,,530,1,2,0,0,0,0,0,3,4,1,2,98,,N,,,,,,,,,,,
2009030451,1738,0,0,0,0,0,0,0,0,0,4,0,,67,12,2008,4,39.9701,-75.1304,1733.0,6,0,0,0,0,0,1,0,0,,0,0,0,17,3,2,1,,0,39 58:13.082,,0,75 07:49.209,4,0,0,0,67301,0,0,0,N,0,0,0,3,67301,2,,1,1,,N,N,,1,,0,0,0,3.0,2,,1728,2,2,0,0,0,0,0,3,4,0,2,3,,N,,,,,,,,,,,
2009105713,1820,1,0,0,1,0,0,0,0,0,4,0,,67,10,2008,5,39.9432,-75.1689,1814.0,6,0,0,0,0,0,0,0,0,,0,0,0,18,1,1,1,,0,39 56:35.444,,0,75 10:08.205,4,0,0,0,67301,1,0,0,,0,0,0,2,67301,1,,1,1,,,,,0,,0,0,0,3.0,3,,1810,1,2,0,0,0,0,1,3,4,0,1,3,,N,,,,,,,,,,,
2009024627,1347,0,0,0,0,0,0,0,0,0,0,0,,67,12,2008,4,39.9751,-75.1957,1339.0,6,0,0,0,0,0,0,1,0,6.0,0,0,0,13,1,0,0,,2,39 58:30.494,6.0,0,75 11:44.270,0,0,0,0,67301,0,0,0,N,0,0,0,2,67301,0,,1,1,,N,N,,1,,0,0,0,0.0,0,Y,1337,0,2,0,0,0,0,0,3,4,1,2,98,,N,,,,,,,,,,,
2009025115,1501,2,0,0,0,0,0,0,0,0,4,0,,67,12,2008,1,40.0742,-75.0347,1500.0,6,0,0,0,0,0,1,0,0,1.0,0,0,0,15,1,2,1,,1,40 04:27.147,1.0,0,75 02:05.033,4,0,0,0,67301,0,0,0,N,0,0,0,3,67301,2,,1,9,,N,N,,0,,0,0,0,4.0,2,N,1500,2,2,0,0,0,0,0,3,4,0,2,7,,N,,,,,,,,,,,
2009025627,755,1,0,0,0,0,0,0,0,0,7,0,,67,12,2008,7,40.1108,-75.0036,748.0,6,0,0,0,0,0,0,0,0,9.0,0,0,0,7,1,0,0,,2,40 06:39.024,3.0,0,75 00:12.866,0,0,0,0,67301,0,0,0,,0,0,0,1,67301,0,,2,1,,,,,0,,0,0,0,0.0,0,Y,735,0,1,0,0,0,0,0,3,4,0,1,3,,N,,,,,,,,,,,
2009024879,2311,2,0,0,0,0,0,0,0,0,4,0,,67,12,2008,4,39.9898,-75.2266,2241.0,6,0,0,0,0,0,0,0,0,,0,0,0,22,3,0,2,,0,39 59:23.175,,0,75 13:35.709,0,0,0,0,67301,0,0,0,,0,0,0,2,67301,0,,1,1,,N,N,,0,,0,0,0,3.0,3,,2241,0,2,0,0,0,0,0,3,4,0,2,3,,N,,,,,,,,,,,
2009030420,952,0,0,0,0,0,0,1,0,0,1,1,,67,12,2008,3,40.0209,-75.2165,952.0,6,0,0,0,0,0,1,0,0,2.0,0,0,0,9,1,1,0,,2,40 01:15.150,5.0,0,75 12:59.461,8,0,0,0,67301,0,0,0,N,0,0,0,1,67301,0,,1,1,,N,N,,1,,0,0,0,0.0,0,Y,950,1,2,0,0,0,1,0,3,4,0,2,3,,N,,,,,,,,,,,
2012031505,1835,2,0,0,0,0,0,0,0,0,4,0,,67,1,2008,5,40.0445,-75.1931,1831.0,6,0,0,0,0,0,0,0,0,2.0,0,0,0,18,3,0,1,,1,40 02:40.301,2.0,0,75 11:35.235,0,0,0,0,67301,0,0,0,N,0,0,0,2,67301,0,,1,1,,N,N,,0,,0,0,0,3.0,2,N,1825,0,2,0,0,0,0,0,3,4,0,2,3,,N,,,,,,,,,,,
2008088390,940,3,0,0,0,0,0,0,0,0,1,0,,67,6,2008,2,40.0456,-75.1279,935.0,6,0,0,0,0,0,0,0,0,,0,0,0,9,1,1,0,,0,40 02:43.429,,0,75 07:36.039,8,0,0,0,67301,0,0,0,N,0,0,0,3,67301,0,,1,1,,N,N,,0,,0,0,0,0.0,0,,900,1,3,0,0,0,1,0,3,4,0,3,3,,N,,,,,,,,,,,
2008044016,223,2,0,0,0,0,0,0,0,0,1,0,,67,1,2008,1,40.0845,-75.025,220.0,6,0,0,0,0,0,0,0,0,,0,0,0,2,3,3,0,,0,40 05:04.000,,0,75 01:30.034,4,0,0,0,67301,0,0,0,N,0,0,0,4,67301,3,,1,1,,N,N,,0,,0,0,0,0.0,0,,215,3,2,0,0,0,0,0,3,4,0,2,3,,N,,,,,,,,,,,
2008061020,1446,2,0,0,0,0,0,0,0,0,4,0,,67,3,2008,1,39.9244,-75.1702,1446.0,6,0,0,1,0,0,0,0,0,,0,0,0,14,1,0,2,,0,39 55:26.745,,0,75 10:02.977,0,0,0,0,67301,0,0,0,,0,0,0,2,67301,0,,1,1,,,,,0,,0,0,0,3.0,2,,1446,0,2,0,0,0,0,0,3,4,0,2,3,,N,,,,,,,,,,,
2009013761,1638,2,0,0,0,0,0,0,0,0,4,0,,67,12,2008,1,39.92,-75.2254,1636.0,6,0,0,0,0,0,0,0,0,,0,0,0,16,1,1,2,,0,39 55:12.021,,0,75 13:31.598,8,0,0,0,67301,0,0,0,N,0,0,0,5,67301,0,,1,1,,N,N,,0,,0,0,0,3.0,3,,1621,1,2,0,0,0,1,0,3,4,0,2,3,,N,,,,,,,,,,,
2009013849,745,1,0,0,0,0,0,0,0,0,8,0,,67,12,2008,3,39.9558,-75.1669,742.0,6,0,0,0,0,0,0,0,0,,0,0,0,7,1,1,0,,0,39 57:20.963,,0,75 10:00.801,3,0,0,0,67301,1,0,0,N,1,0,0,3,67301,0,,1,1,,N,N,,0,,1,0,0,0.0,0,,740,1,2,0,0,0,0,0,3,4,0,1,3,,N,,,,,,,,,,,
2009003371,825,2,0,0,0,0,0,0,0,0,6,0,,67,11,2008,7,39.9838,-75.2571,823.0,6,0,0,0,0,0,0,0,0,,0,0,0,8,1,2,1,,0,39 59:01.676,,0,75 15:25.491,4,0,0,0,67301,0,0,0,N,0,0,0,2,67301,1,,1,1,,N,N,,0,,0,0,0,3.0,3,,823,2,2,0,0,0,1,0,3,4,0,2,3,,N,,,,,,,,,,,
2009019644,1935,0,0,0,0,0,0,0,0,0,7,0,,67,11,2008,5,40.012,-75.2033,1930.0,6,0,0,0,0,0,0,0,0,,0,0,0,19,3,4,0,,0,40 00:42.480,,2,75 12:11.160,4,0,0,0,67301,0,0,0,N,0,0,0,4,67301,4,,7,9,,N,N,,0,,0,0,1,0.0,0,,1928,4,1,0,0,2,0,0,3,4,0,1,7,,N,,,,,,,,,,,
2009024821,1232,1,0,0,0,0,0,0,0,0,4,0,,67,12,2008,2,40.0188,-75.1394,1230.0,6,0,0,0,0,0,0,1,0,,0,0,0,12,1,0,1,,0,40 01:07.510,,0,75 08:21.911,9,0,0,0,67301,0,0,0,N,0,0,0,2,67301,0,,1,1,,N,N,,0,,0,0,0,3.0,3,,1209,0,2,0,0,0,0,1,3,4,1,2,3,,N,,,,,,,,,,,
2009002112,1818,1,0,0,0,0,0,0,0,0,4,0,,67,11,2008,7,39.9864,-75.1696,1808.0,6,0,0,0,0,0,0,0,0,,0,0,0,18,3,2,1,,0,39 59:11.018,,0,75 10:10.592,3,0,0,0,67301,0,0,0,N,0,0,0,4,67301,1,,1,9,,N,N,,0,,1,0,1,3.0,2,,1808,2,2,0,0,0,0,0,3,4,0,2,3,,N,,,,,,,,,,,
2009002231,1745,1,0,0,0,0,0,0,0,0,8,0,,67,11,2008,1,39.9447,-75.1652,1741.0,6,0,0,0,0,0,0,0,1,,0,0,0,17,3,1,1,,0,39 56:40.736,,0,75 09:55.217,4,0,0,0,67301,1,0,0,N,1,0,0,3,67301,1,,1,1,,N,N,,0,,0,0,0,3.0,2,,1737,1,2,0,0,0,0,0,3,4,0,1,3,,N,,,,,,,,,,,
2009004132,1801,1,0,0,0,0,0,1,0,0,4,1,,67,11,2008,4,39.9683,-75.2044,1758.0,6,0,0,0,0,0,1,0,0,,0,0,0,17,3,1,2,,0,39 58:05.980,,0,75 12:15.721,4,0,0,0,67301,0,0,0,N,0,0,0,3,67301,1,,1,1,,N,N,,0,,0,0,0,3.0,3,,1753,1,2,0,0,0,0,0,3,4,0,2,3,,N,,,,,,,,,,,
2009000986,1530,1,0,0,0,0,0,0,0,0,2,0,,67,11,2008,6,39.9828,-75.2063,1530.0,6,0,0,0,0,0,0,0,0,,0,0,0,15,1,0,2,,0,39 58:58.072,,0,75 12:22.559,0,0,0,0,67301,0,0,0,N,0,0,0,3,67301,0,,1,9,,N,N,,0,,0,0,0,3.0,3,,1530,0,2,0,0,0,0,0,3,4,1,2,7,,N,,,,,,,,,,,
2009007071,107,0,1,0,0,0,0,0,0,0,1,1,,67,12,2008,3,39.8925,-75.1975,107.0,6,0,0,0,0,0,0,0,0,4.0,1,1,0,1,3,1,0,,2,39 53:38.092,2.0,3,75 11:44.076,1,0,0,0,67301,0,0,0,Y,0,0,0,2,68K01,1,1.0,1,9,,N,N,,0,0.0,0,0,1,0.0,0,Y,106,1,2,0,0,0,0,0,3,4,0,2,3,,N,,,,,,,,,,,
2009003212,9999,2,0,0,0,0,0,0,0,0,6,0,,67,11,2008,1,40.0174,-75.1163,9999.0,6,0,0,0,0,0,0,2,0,,0,0,0,99,1,2,1,,0,40 01:02.662,,0,75 06:58.791,4,0,0,0,67301,0,0,0,N,0,0,0,4,67301,2,,1,1,,N,N,,0,,0,0,0,9.0,2,,9999,2,2,0,0,0,0,0,3,4,0,2,3,,N,,,,,,,,,,,
2009013315,1330,1,0,0,0,0,0,0,0,0,1,0,,67,12,2008,5,40.0946,-75.0684,1320.0,6,0,0,0,0,0,0,0,0,,0,0,0,13,1,1,1,,0,40 05:40.610,,0,75 04:06.301,8,0,0,0,67301,0,0,0,N,0,0,0,2,67301,0,,1,9,,N,N,,1,,0,0,0,3.0,2,,1319,1,2,0,0,0,1,0,3,4,0,2,7,,N,,,,,,,,,,,
2009013486,1153,0,0,0,0,0,0,0,0,0,8,0,,67,12,2008,3,39.996,-75.1142,1153.0,6,0,0,0,0,0,1,0,0,,0,0,0,11,1,2,0,,0,39 59:45.736,,0,75 06:51.242,8,0,0,0,67301,2,0,0,N,2,0,0,3,67301,0,,1,1,,N,N,,0,,0,0,1,0.0,0,,1150,2,3,0,0,0,2,1,3,4,0,1,3,,N,,,,,,,,,,,
2009013514,1100,0,0,0,0,0,0,0,0,0,5,0,,67,12,2008,6,39.9079,-75.2414,1047.0,6,0,0,0,0,0,0,1,0,,0,0,0,10,1,1,0,,0,39 54:28.335,,0,75 14:28.881,4,0,0,0,67301,0,0,0,N,0,0,0,3,67301,1,,1,1,,N,N,,1,,0,0,0,0.0,0,,1047,1,2,0,0,0,0,0,3,4,1,2,3,,N,,,,,,,,,,,
2009013521,1721,2,0,0,0,0,0,0,0,0,1,0,,67,11,2008,1,40.0954,-74.9597,1719.0,6,0,1,0,0,0,0,0,0,,0,0,0,17,3,1,2,,0,40 05:43.784,,0,74 57:35.102,4,0,0,0,67301,0,0,0,N,0,0,0,6,67301,1,,1,9,,N,N,,0,,0,0,0,3.0,2,,1717,1,2,0,0,0,0,0,3,4,0,2,7,,N,,,,,,,,,,,
2009013571,1305,2,0,0,0,0,0,0,0,0,4,0,,67,11,2008,3,40.0315,-75.1723,1258.0,6,0,0,0,0,0,1,0,0,2.0,0,0,0,12,1,1,1,,1,40 01:53.299,2.0,0,75 10:20.452,8,0,0,0,67301,0,0,0,N,0,0,0,5,67301,0,,1,9,,N,N,,1,,0,0,0,3.0,2,N,1235,1,3,0,0,0,1,0,3,4,0,3,3,,N,,,,,,,,,,,
2009013648,449,1,0,0,0,0,0,0,0,0,4,0,,67,12,2008,6,40.0666,-75.1964,429.0,6,0,0,0,0,0,0,0,0,,0,0,0,4,6,1,1,,0,40 03:59.367,,0,75 11:46.819,8,0,0,0,67301,0,0,0,N,0,0,0,2,67301,0,,1,1,,N,N,,0,,0,0,1,3.0,2,,429,1,2,0,0,0,1,1,3,4,0,2,3,,N,,,,,,,,,,,
2009013649,9999,0,0,0,0,0,0,0,0,0,8,0,,67,12,2008,2,39.9918,-75.1127,1311.0,6,0,0,0,0,0,0,0,0,,0,0,0,13,1,1,1,,0,39 59:30.292,,0,75 06:46.002,4,0,0,0,67301,1,0,0,,1,0,0,2,67301,1,,1,1,,,,,0,,0,0,1,3.0,2,,1301,1,2,0,0,1,0,1,3,4,0,1,3,,N,,,,,,,,,,,
2009013451,9999,0,0,0,0,0,0,0,0,0,8,0,,67,12,2008,5,39.9896,-75.1572,1036.0,6,0,0,0,0,0,0,0,0,,0,0,0,10,1,1,10,,0,39 59:22.466,,0,75 09:25.981,3,0,0,0,67301,1,0,0,N,1,0,0,2,67301,0,,1,9,,N,N,,0,,1,0,0,3.0,2,,1036,1,2,0,0,0,0,1,3,4,0,1,7,,N,,,,,,,,,,,
2009024682,1806,1,0,0,0,0,0,0,0,0,4,0,,67,12,2008,1,39.9376,-75.1646,1805.0,6,0,0,0,0,0,0,0,0,,0,0,0,18,3,0,1,,0,39 56:15.342,,0,75 09:52.613,0,0,0,0,67301,0,0,0,N,0,0,0,2,67301,0,,1,1,,N,N,,0,,0,0,1,3.0,2,,1804,0,2,0,0,0,0,0,3,4,0,2,3,,N,,,,,,,,,,,
2009030585,205,0,0,0,1,0,0,0,0,0,1,0,,67,12,2008,1,39.9961,-75.1104,200.0,6,0,0,0,0,0,0,0,0,,0,0,0,1,6,1,2,,0,39 59:46.024,,0,75 06:37.501,4,0,0,0,67301,1,0,0,N,0,0,0,1,67301,1,,1,8,,N,N,,0,,0,0,0,0.0,0,,130,1,2,0,0,0,0,0,3,4,0,1,99,,N,,,,,,,,,,,
2009025833,651,3,0,0,0,0,0,0,0,0,4,0,,67,12,2008,4,39.9883,-75.254,648.0,6,0,0,0,0,0,3,0,0,3.0,0,0,0,6,1,2,1,,2,39 59:17.883,6.0,0,75 15:14.304,8,0,0,0,67301,0,0,0,,0,0,0,3,67301,0,,1,9,,N,N,,0,,0,0,0,1.0,2,Y,645,2,3,0,0,0,2,0,3,4,0,3,7,,N,,,,,,,,,,,
2009025113,9999,1,0,0,0,0,0,0,0,0,8,0,,67,10,2008,3,40.0295,-75.138,1420.0,6,0,0,0,0,0,0,0,0,,0,0,0,14,1,1,1,,0,40 01:46.304,,0,75 08:16.933,4,0,0,0,67301,1,0,0,N,1,0,0,2,67301,1,,1,98,,N,N,,0,,0,0,0,9.0,2,,1420,1,2,0,0,0,0,1,3,4,0,1,99,,N,,,,,,,,,,,
2009024836,1105,1,0,0,0,0,0,0,0,0,2,0,,67,12,2008,2,40.0504,-74.9999,1102.0,6,0,0,0,0,0,2,0,0,,0,0,0,10,1,1,1,,0,40 03:01.440,,0,74 59:59.640,4,0,0,0,67301,0,0,0,N,0,0,0,4,67301,1,,1,1,,N,N,,0,,0,0,1,3.0,2,,1057,1,3,0,0,0,0,0,3,4,1,3,3,,N,,,,,,,,,,,
2009032607,1937,2,0,0,1,0,0,0,0,0,5,0,,67,4,2008,1,39.9647,-75.161,1937.0,6,0,0,0,0,0,0,0,0,,0,0,0,99,1,1,0,,0,39 57:52.595,,0,75 09:39.555,8,0,0,0,67301,2,0,0,N,0,0,0,3,67301,0,,2,1,,N,N,,0,,0,0,0,3.0,2,,9999,1,3,0,0,0,1,0,3,4,0,2,3,,N,,,,,,,,,,,
2009030071,1821,0,0,0,0,0,0,0,0,0,8,0,,67,12,2008,7,40.059,-75.1739,1820.0,6,0,0,0,0,0,0,0,0,,0,0,0,18,2,1,1,,0,40 03:32.383,,0,75 10:25.968,8,0,0,0,67301,1,0,0,,1,0,0,2,67301,0,,2,1,,,,,0,,0,0,1,0.0,0,,1819,1,2,0,0,0,1,0,3,4,0,1,3,,N,,,,,,,,,,,
2009038105,331,6,0,0,0,0,0,0,0,0,4,0,,67,1,2008,3,39.9405,-75.1495,331.0,6,0,0,0,0,0,0,0,0,,0,0,0,3,3,0,0,,0,39 56:25.702,,0,75 08:58.030,0,0,0,0,67301,0,0,0,,0,0,0,1,67301,0,,6,1,,N,N,,1,,0,0,0,0.0,0,,330,0,7,0,0,0,0,0,3,4,0,7,3,,N,,,,,,,,,,,
2009093560,1822,2,0,0,0,0,0,0,0,0,4,0,99.0,67,8,2008,6,39.9045,-75.2389,1817.0,6,0,0,0,0,0,0,0,0,9.0,0,0,0,17,1,1,0,,1,39 54:16.283,4.0,7,75 14:20.030,4,0,0,0,67301,0,0,0,N,0,0,0,2,67301,1,,1,9,,N,N,,0,,0,0,0,3.0,2,N,1750,1,2,0,0,0,0,0,3,4,0,2,7,,Y,8.0,8.0,U,U,U,U,U,U,U,U,
2012036773,2330,1,0,0,0,0,0,0,0,0,4,0,,67,1,2008,6,39.9693,-75.1432,2323.0,6,0,0,0,0,0,1,0,0,,0,0,0,23,3,1,1,,0,39 58:09.631,,0,75 08:35.678,4,0,0,0,67301,0,0,0,N,0,0,0,3,67301,1,,1,1,,N,N,,1,,0,0,0,3.0,3,,2300,1,2,0,0,0,0,0,3,4,0,2,3,,N,,,,,,,,,,,
2009001011,9999,2,0,0,0,0,0,0,0,0,4,0,,67,11,2008,4,39.9904,-75.1274,1215.0,6,0,0,0,0,0,0,1,0,,0,0,0,12,1,2,0,,0,39 59:25.372,,0,75 07:38.553,3,0,0,0,67301,0,0,0,N,0,0,0,4,67301,1,,1,1,,N,N,,0,,1,0,0,0.0,0,,1213,2,2,0,0,2,0,0,3,4,0,2,3,,N,,,,,,,,,,,
2009002169,1630,0,0,0,0,0,0,0,0,0,1,0,,67,11,2008,7,40.0912,-75.047,1626.0,6,0,0,0,0,0,1,0,0,,0,0,0,16,4,6,0,,0,40 05:28.175,,0,75 02:49.312,4,0,0,0,67301,0,0,0,N,0,0,0,7,67301,6,,1,9,,N,N,,0,,0,0,2,0.0,0,,1625,6,2,0,0,1,0,0,3,4,0,2,7,,N,,,,,,,,,,,
2009002201,908,1,0,0,0,0,0,0,0,0,8,0,,67,11,2008,6,39.9793,-75.1388,906.0,6,0,0,0,0,0,0,0,0,,0,0,0,9,1,1,1,,0,39 58:45.609,,0,75 08:19.575,8,0,0,0,67301,1,0,0,N,1,0,0,2,67301,0,,1,9,,N,N,,0,,0,0,0,3.0,3,,902,1,2,0,0,0,1,1,3,4,0,1,3,,N,,,,,,,,,,,
2009002227,1258,1,0,0,0,0,0,0,0,0,1,0,,67,11,2008,6,40.0276,-75.1472,1258.0,6,0,0,0,0,1,0,0,0,,0,0,0,11,1,1,0,,0,40 01:39.478,,0,75 08:50.038,8,0,0,0,67301,0,0,0,N,0,0,0,3,67301,0,,1,9,,N,N,,0,,0,0,1,0.0,0,,1157,1,2,0,0,0,1,0,3,4,0,2,7,,N,,,,,,,,,,,
2009000601,130,2,0,0,0,0,0,0,0,0,5,0,,67,11,2008,5,40.0597,-75.235,125.0,6,0,0,0,0,0,0,0,1,,0,0,0,1,3,1,0,,0,40 03:36.123,,0,75 14:06.880,8,0,0,0,67301,0,0,0,N,0,0,0,1,67301,0,,6,9,,N,N,,0,,0,0,0,0.0,0,,119,1,2,0,0,0,1,0,3,4,0,2,7,,N,,,,,,,,,,,
2009000189,610,1,0,0,0,0,0,0,0,0,8,0,,67,11,2008,2,40.0092,-75.1889,557.0,6,0,0,0,0,0,1,0,0,9.0,1,0,0,5,2,0,0,,2,40 00:30.997,2.0,0,75 11:26.101,1,0,0,0,67301,1,1,0,N,1,1,0,3,67301,0,2.0,1,1,,N,N,,0,0.0,0,0,0,0.0,0,Y,550,0,2,0,0,0,0,0,3,4,0,1,3,,N,,,,,,,,,,,
2009002456,1355,0,0,0,0,0,0,0,0,0,8,0,,67,8,2008,5,39.991,-75.1799,1350.0,6,0,0,0,0,0,0,0,0,,0,0,0,99,1,1,1,,0,39 59:27.480,,0,75 10:47.635,8,0,0,0,67301,1,0,0,,1,0,0,2,67301,0,,1,1,,,,,1,,0,0,0,3.0,2,,9999,1,2,0,0,0,1,0,3,4,0,1,3,,N,,,,,,,,,,,