CRN,ARRIVAL_TM,AUTOMOBILE_COUNT,BELTED_DEATH_COUNT,BELTED_SUSP_SERIOUS_INJ_COUNT,BICYCLE_COUNT,BICYCLE_DEATH_COUNT,BICYCLE_SUSP_SERIOUS_INJ_COUNT,BUS_COUNT,CHLDPAS_DEATH_COUNT,CHLDPAS_SUSP_SERIOUS_INJ_COUNT,COLLISION_TYPE,COMM_VEH_COUNT,CONS_ZONE_SPD_LIM,COUNTY,CRASH_MONTH,CRASH_YEAR,DAY_OF_WEEK,DEC_LAT,DEC_LONG,DISPATCH_TM,DISTRICT,DRIVER_COUNT_16YR,DRIVER_COUNT_17YR,DRIVER_COUNT_18YR,DRIVER_COUNT_19YR,DRIVER_COUNT_20YR,DRIVER_COUNT_50_64YR,DRIVER_COUNT_65_74YR,DRIVER_COUNT_75PLUS,EST_HRS_CLOSED,FATAL_COUNT,HEAVY_TRUCK_COUNT,HORSE_BUGGY_COUNT,HOUR_OF_DAY,ILLUMINATION,INJURY_COUNT,INTERSECT_TYPE,INTERSECTION_RELATED,LANE_CLOSED,LATITUDE,LN_CLOSE_DIR,LOCATION_TYPE,LONGITUDE,MAX_SEVERITY_LEVEL,MCYCLE_DEATH_COUNT,MCYCLE_SUSP_SERIOUS_INJ_COUNT,MOTORCYCLE_COUNT,MUNICIPALITY,NONMOTR_COUNT,NONMOTR_DEATH_COUNT,NONMOTR_SUSP_SERIOUS_INJ_COUNT,NTFY_HIWY_MAINT,PED_COUNT,PED_DEATH_COUNT,PED_SUSP_SERIOUS_INJ_COUNT,PERSON_COUNT,POLICE_AGCY,POSSIBLE_INJ_COUNT,RDWY_SURF_TYPE_CD,RELATION_TO_ROAD,ROAD_CONDITION,ROADWAY_CLEARED,SCH_BUS_IND,SCH_ZONE_IND,SECONDARY_CRASH,SMALL_TRUCK_COUNT,SPEC_JURIS_CD,SUSP_MINOR_INJ_COUNT,SUSP_SERIOUS_INJ_COUNT,SUV_COUNT,TCD_FUNC_CD,TCD_TYPE,TFC_DETOUR_IND,TIME_OF_DAY,TOT_INJ_COUNT,TOTAL_UNITS,UNB_DEATH_COUNT,UNB_SUSP_SERIOUS_INJ_COUNT,UNBELTED_OCC_COUNT,UNK_INJ_DEG_COUNT,UNK_INJ_PER_COUNT,URBAN_AREA,URBAN_RURAL,VAN_COUNT,VEHICLE_COUNT,WEATHER1,WEATHER2,WORK_ZONE_IND,WORK_ZONE_LOC,WORK_ZONE_TYPE,WORKERS_PRES,WZ_CLOSE_DETOUR,WZ_FLAGGER,WZ_LAW_OFFCR_IND,WZ_LN_CLOSURE,WZ_MOVING,WZ_OTHER,WZ_SHLDER_MDN,WZ_WORKERS_INJ_KILLED
2009015073,211,2,0,0,0,0,0,0,0,0,1,0,,67,12,2008,1,39.9147,-75.155,209.0,6,0,0,0,0,0,0,0,0,,0,0,0,2,3,2,2,,0,39 54:53.148,,0,75 09:17.865,8,0,0,0,67301,0,0,0,N,0,0,0,2,67301,0,,1,9,,N,N,,0,,0,0,0,9.0,2,,201,2,2,0,0,1,2,0,3,4,0,2,7,,N,,,,,,,,,,,
2009015085,1346,2,0,0,0,0,0,0,0,0,4,0,,67,12,2008,1,39.9216,-75.2401,1343.0,6,0,0,0,0,2,0,0,0,,0,0,0,13,1,0,2,,0,39 55:17.742,,0,75 14:24.338,0,0,0,0,67301,0,0,0,N,0,0,0,2,67301,0,,1,1,,N,N,,0,,0,0,0,3.0,3,,1343,0,2,0,0,0,0,0,3,4,0,2,3,,N,,,,,,,,,,,
2009013286,1027,1,0,0,0,0,0,0,0,0,7,0,,67,11,2008,1,40.0233,-75.1969,1020.0,6,0,0,0,1,0,0,0,0,1.0,0,0,0,10,1,0,0,,1,40 01:23.855,2.0,0,75 11:48.724,0,0,0,0,67301,0,0,0,N,0,0,0,1,67301,0,,2,9,,N,N,,0,,0,0,0,0.0,0,N,1020,0,1,0,0,0,0,0,3,4,0,1,7,,N,,,,,,,,,,,
2009013381,1655,1,0,0,0,0,0,0,0,0,8,0,,67,12,2008,3,,,1650.0,6,0,0,0,0,0,0,0,0,,0,0,0,16,2,1,0,,0,,,7,,4,0,0,0,67301,1,0,0,,1,0,0,2,67301,1,,5,1,,,,,0,,0,0,0,0.0,0,,1630,1,2,0,0,0,0,0,3,3,0,1,3,,N,,,,,,,,,,,
2009013513,1721,1,0,0,0,0,0,0,0,0,4,0,,67,12,2008,3,39.9193,-75.211,1719.0,6,0,0,0,0,0,0,0,0,3.0,0,0,0,17,3,1,0,,1,39 55:09.325,1.0,0,75 12:39.736,8,0,0,0,67301,0,0,0,,0,0,0,2,67301,0,,1,1,,N,N,,0,,0,0,1,0.0,0,Y,1719,1,2,0,0,1,1,1,3,4,0,2,3,,N,,,,,,,,,,,
2009013607,1749,1,0,0,0,0,0,0,0,0,8,0,,67,11,2008,2,40.0482,-75.0829,1738.0,6,0,0,0,1,0,0,0,0,,0,0,0,17,3,1,1,,0,40 02:53.595,,0,75 04:58.375,4,0,0,0,67301,1,0,0,N,1,0,0,2,67301,1,,1,1,,N,N,,0,,0,0,0,3.0,3,,1735,1,2,0,0,0,0,0,3,4,0,1,3,,N,,,,,,,,,,,
2009013965,1314,1,0,0,0,0,0,0,0,0,1,0,,67,11,2008,5,39.9763,-75.2093,1310.0,6,0,0,0,0,0,1,0,0,,0,0,0,13,1,1,2,,0,39 58:34.470,,0,75 12:33.441,8,0,0,0,67301,0,0,0,N,0,0,0,2,67301,0,,1,9,,N,N,,0,,0,0,0,3.0,2,,1308,1,2,0,0,0,1,0,3,4,1,2,7,,N,,,,,,,,,,,
2009013979,156,1,0,0,0,0,0,0,0,0,4,0,,67,12,2008,7,40.0115,-75.0698,154.0,6,0,0,0,0,0,0,0,0,2.0,0,0,0,1,3,1,1,,1,40 00:41.400,1.0,0,75 04:11.280,4,0,0,0,67301,0,0,0,N,0,0,0,2,67301,1,,1,1,,N,N,,0,,0,0,1,3.0,2,N,150,1,2,0,0,0,0,0,3,4,0,2,3,,N,,,,,,,,,,,
2009013423,1308,1,0,0,0,0,0,0,0,0,7,0,,67,12,2008,6,39.975,-75.1968,1304.0,6,0,0,0,0,0,0,0,0,2.0,0,0,0,13,1,0,0,,1,39 58:30.000,4.0,0,75 11:48.120,0,0,0,0,67301,0,0,0,,0,0,0,1,67301,0,,2,1,,N,N,,0,,0,0,0,0.0,0,N,1300,0,1,0,0,0,0,0,3,4,0,1,3,,N,,,,,,,,,,,
2009013449,1055,1,0,0,0,0,0,0,0,0,1,0,,67,12,2008,7,39.9915,-75.1226,1050.0,6,0,0,0,0,0,0,0,0,,0,0,0,99,3,1,1,,0,39 59:29.295,,0,75 07:21.395,8,0,0,0,67301,0,0,0,N,0,0,0,4,67301,0,,1,1,,N,N,,0,,0,0,1,9.0,2,,9999,1,2,0,0,0,1,0,3,4,0,2,3,,N,,,,,,,,,,,
2009029297,0,1,0,0,0,0,0,0,0,0,4,0,,67,10,2008,4,40.0176,-75.065,0.0,6,0,0,0,0,0,0,0,0,,0,0,0,22,6,1,1,,0,40 01:03.097,,0,75 03:54.438,8,0,0,0,67301,0,0,0,N,0,0,0,2,00000,0,,1,1,,N,N,,0,,0,0,0,9.0,9,,2200,1,2,0,0,0,1,0,3,4,0,2,99,,N,,,,,,,,,,,
2009024678,37,3,0,0,0,0,0,0,0,0,2,0,,67,12,2008,4,39.9405,-75.2021,37.0,6,0,0,0,0,0,0,0,0,,0,0,0,0,3,1,0,,0,39 56:25.583,,0,75 12:07.489,4,0,0,0,67301,0,0,0,,0,0,0,4,67301,1,,1,2,,,,,0,,0,0,0,0.0,0,,36,1,3,0,0,4,0,0,3,4,0,3,9,,N,,,,,,,,,,,
2009025781,1835,2,0,0,0,0,0,0,0,0,4,0,,67,12,2008,4,40.0275,-75.0624,1830.0,6,0,0,0,0,0,0,0,0,,0,0,0,18,3,1,1,,0,40 01:38.846,,0,75 03:44.584,4,0,0,0,67301,0,0,0,N,0,0,0,2,67301,1,,1,1,,N,N,,0,,0,0,0,3.0,2,,1830,1,2,0,0,0,0,0,3,4,0,2,3,,N,,,,,,,,,,,
2009025619,1235,1,0,0,1,0,0,0,0,0,4,0,,67,12,2008,7,39.9796,-75.2535,1228.0,6,0,0,0,0,0,0,0,0,,0,0,0,12,1,1,1,,0,39 58:46.408,,0,75 15:12.527,4,0,0,0,67301,1,0,0,N,0,0,0,2,67301,1,,1,1,,N,N,,0,,0,0,0,9.0,3,,1215,1,2,0,0,0,0,0,3,4,0,1,3,,N,,,,,,,,,,,
2009025909,9999,1,0,0,0,0,0,0,0,0,5,0,,67,12,2008,4,39.9073,-75.2281,9999.0,6,0,0,1,0,0,0,0,0,,0,0,0,99,3,4,2,,0,39 54:26.334,,0,75 13:41.041,4,0,0,0,67301,0,0,0,N,0,0,0,4,67301,1,,1,9,,N,N,,0,,0,0,1,0.0,0,,9999,4,2,0,0,4,3,0,3,4,0,2,7,,N,,,,,,,,,,,
2009024872,2256,1,0,0,0,0,0,0,0,0,4,0,,67,12,2008,3,40.0854,-75.0374,2254.0,6,0,0,0,0,1,0,0,0,,0,0,0,22,3,1,1,,0,40 05:07.442,,0,75 02:14.476,4,0,0,0,67301,0,0,0,N,0,0,0,2,67301,1,,1,9,,N,N,,0,,0,0,1,3.0,2,,2254,1,2,0,0,0,0,0,3,4,0,2,7,,N,,,,,,,,,,,
2009019771,318,0,0,0,0,0,0,0,0,0,7,0,,67,11,2008,1,39.9876,-75.1295,315.0,6,0,0,0,0,0,0,0,0,,0,0,0,3,3,1,0,,0,39 59:15.428,,0,75 07:46.192,4,0,0,0,67301,0,0,0,,0,0,0,1,67301,1,,2,1,,,,,0,,0,0,0,0.0,0,,315,1,1,0,0,0,0,0,3,4,1,1,3,,N,,,,,,,,,,,
2009026115,1930,2,0,0,0,0,0,0,0,0,4,0,,67,12,2008,1,39.9185,-75.2282,1923.0,6,0,0,0,0,0,0,0,0,,0,0,0,99,3,5,0,,0,39 55:06.672,,7,75 13:41.485,8,0,0,0,67301,0,0,0,,0,0,0,6,67301,0,,1,1,,,,,0,,0,0,0,0.0,0,,9999,5,2,0,0,0,5,1,3,4,0,2,3,,N,,,,,,,,,,,
2009004087,1635,1,0,0,0,0,0,1,0,0,1,1,,67,11,2008,5,40.0331,-75.1812,1629.0,6,0,0,0,0,0,1,1,0,,0,0,0,12,1,1,1,,0,40 01:59.135,,0,75 10:52.430,4,0,0,0,67301,0,0,0,,0,0,0,2,67301,1,,1,9,,Y,N,,0,,0,0,0,3.0,2,,1200,1,2,0,0,1,0,0,3,4,0,2,7,,N,,,,,,,,,,,
2009000998,45,2,0,0,0,0,0,0,0,0,6,0,99.0,67,11,2008,3,39.9544,-75.2046,45.0,6,0,0,0,0,0,0,0,0,9.0,0,0,0,0,3,0,0,,1,39 57:15.781,4.0,0,75 12:16.770,0,0,0,0,67301,0,0,0,N,0,0,0,3,67501,0,,1,1,,N,N,,0,,0,0,0,0.0,0,N,45,0,2,0,0,0,0,0,3,4,0,2,3,,Y,4.0,2.0,N,U,U,N,U,U,Y,U,
2009015027,605,1,0,0,0,0,0,0,0,0,1,0,,67,12,2008,2,39.9858,-75.2157,535.0,6,0,0,0,0,0,0,0,0,,0,0,0,5,3,1,1,,0,39 59:08.880,,0,75 12:56.160,4,0,0,0,67301,0,0,0,N,0,0,0,2,67301,1,,1,9,,N,N,,0,,0,0,0,3.0,2,,530,1,2,0,0,0,0,1,3,4,1,2,7,,N,,,,,,,,,,,
2009015082,1158,1,0,0,0,0,0,0,0,0,8,1,,67,12,2008,3,40.0016,-75.1528,1144.0,6,0,0,0,0,0,0,0,0,,0,0,0,11,1,1,1,,0,40 00:05.760,,0,75 09:10.080,4,0,0,0,67301,1,0,0,N,1,0,0,2,67301,1,,1,1,,N,N,,1,,0,0,0,3.0,2,,1141,1,3,0,0,1,0,0,3,4,0,2,3,,N,,,,,,,,,,,
2009013532,1732,2,0,0,0,0,0,0,0,0,4,0,,67,12,2008,3,40.0522,-75.0931,1730.0,6,0,0,0,0,0,0,0,0,,0,0,0,17,3,2,1,,0,40 03:07.828,,0,75 05:35.124,4,0,0,0,67301,0,0,0,N,0,0,0,5,67301,2,,1,1,,N,N,,0,,0,0,0,3.0,2,,1725,2,2,0,0,0,0,0,3,4,0,2,3,,N,,,,,,,,,,,
2009013655,1905,3,0,0,0,0,0,0,0,0,5,0,,67,11,2008,7,39.996,-75.1339,1856.0,6,0,0,0,0,0,1,0,0,,0,0,0,18,3,1,1,,0,39 59:45.578,,0,75 08:01.967,8,0,0,0,67301,0,0,0,N,0,0,0,1,67301,0,,1,9,,N,N,,1,,0,0,0,9.0,2,,1850,1,4,0,0,1,1,0,3,4,0,4,7,,N,,,,,,,,,,,
2009031927,9999,1,0,0,0,0,0,0,0,0,4,0,,67,5,2008,5,40.1001,-74.994,9999.0,6,0,0,0,0,0,1,0,0,,0,0,0,99,5,4,2,,0,40 06:00.464,,0,74 59:38.529,8,0,0,0,67301,0,0,0,N,0,0,0,4,67301,0,,1,1,,N,N,,1,,0,0,0,0.0,0,,9999,4,2,0,0,0,4,0,3,4,0,2,3,,N,,,,,,,,,,,
2009029171,0,1,0,0,0,0,0,0,0,0,5,1,,67,9,2008,4,39.9548,-75.1834,0.0,6,0,0,0,0,0,1,0,0,,0,1,0,17,4,1,1,,0,39 57:17.586,,0,75 11:02.160,8,0,0,0,67301,0,0,0,,0,0,0,2,00000,0,,1,1,,,,,0,,0,0,0,3.0,2,,1750,1,2,0,0,0,1,0,3,4,0,2,3,,N,,,,,,,,,,,
2009025806,835,3,0,0,0,0,0,0,0,0,2,0,,67,12,2008,4,40.0735,-75.0876,830.0,6,0,0,0,0,0,0,0,0,,0,0,0,6,3,2,0,,0,40 04:24.772,,0,75 05:15.205,4,0,0,0,67301,0,0,0,N,0,0,0,3,67301,2,,1,2,,N,N,,0,,0,0,0,0.0,0,,639,2,3,0,0,0,0,0,3,4,0,3,99,,N,,,,,,,,,,,
2009025121,835,3,0,0,0,0,0,0,0,0,5,0,,67,12,2008,5,40.0272,-75.0542,825.0,6,0,0,0,0,0,1,0,0,,0,0,0,8,3,0,0,,0,40 01:38.031,,0,75 03:15.177,0,0,0,0,67301,0,0,0,,0,0,0,1,67301,0,,1,1,,,,,0,,0,0,0,0.0,0,,825,0,3,0,0,0,0,0,3,4,0,3,3,,N,,,,,,,,,,,
2009024986,843,1,0,0,0,0,0,0,0,0,1,0,,67,12,2008,4,40.0667,-75.0028,838.0,6,0,0,0,0,0,1,0,0,,0,0,0,8,1,2,2,,0,40 03:59.963,,0,75 00:10.221,4,0,0,0,67301,0,0,0,N,0,0,0,4,67301,2,,1,9,,N,N,,0,,0,0,1,3.0,2,,828,2,2,0,0,0,0,0,3,4,0,2,3,,N,,,,,,,,,,,
2009030461,1210,0,0,0,0,0,0,0,0,0,5,1,,67,12,2008,3,39.958,-75.1627,1200.0,6,0,0,0,0,0,2,0,0,1.0,0,1,0,11,1,1,0,,2,39 57:28.663,1.0,0,75 09:45.617,8,0,0,0,67301,0,0,0,N,0,0,0,4,67301,0,,1,1,,N,N,,1,,0,0,1,0.0,0,N,1158,1,3,0,0,1,1,0,3,4,0,3,3,,N,,,,,,,,,,,
2009056916,109,1,0,0,0,0,0,0,0,0,8,0,,67,9,2008,1,40.026,-75.1467,109.0,6,0,0,0,0,0,0,0,0,3.0,0,0,0,1,3,1,1,,2,40 01:33.654,5.0,0,75 08:48.101,2,0,0,0,67301,1,0,1,N,1,0,1,3,67301,0,,1,1,,N,N,,0,,0,1,0,3.0,2,Y,108,1,2,0,0,0,0,0,3,4,0,1,3,,N,,,,,,,,,,,
2009053884,735,0,0,0,0,0,0,0,0,0,7,0,,67,1,2008,3,39.9688,-75.2454,730.0,6,0,0,0,0,0,0,0,0,,0,0,0,7,1,0,1,,0,39 58:07.803,,0,75 14:43.549,9,0,0,0,67301,0,0,0,,0,0,0,2,67301,0,,4,1,,,N,,1,,0,0,1,3.0,2,,725,0,3,0,0,0,0,1,3,4,0,3,3,,N,,,,,,,,,,,
2009030765,1400,4,0,0,0,0,0,0,0,0,5,0,,67,12,2008,4,40.0137,-75.179,1352.0,6,0,0,0,0,1,2,0,0,,0,0,0,13,1,4,0,,0,40 00:49.262,,0,75 10:44.493,8,0,0,0,67301,0,0,0,,0,0,0,6,67301,0,,4,2,,,,,0,,0,0,0,0.0,0,,1345,4,4,0,0,0,4,0,3,4,0,4,98,,N,,,,,,,,,,,
2009024851,239,0,0,0,0,0,0,0,0,0,7,0,,67,12,2008,1,40.0067,-75.1317,228.0,6,0,0,0,0,0,0,0,0,,0,0,0,2,3,1,0,,0,40 00:24.350,,0,75 07:53.666,8,0,0,0,67301,0,0,0,N,0,0,0,1,67301,0,,5,1,,N,N,,0,,0,0,0,0.0,0,,228,1,1,0,0,0,1,0,3,4,1,1,3,,N,,,,,,,,,,,
2009030426,1409,1,0,0,0,0,0,0,0,0,5,0,,67,12,2008,7,39.9955,-75.1245,1407.0,6,0,0,0,0,0,0,0,0,,0,0,0,14,1,1,0,,0,39 59:43.875,,0,75 07:28.074,4,0,0,1,67301,0,0,0,N,0,0,0,2,67301,1,,1,1,,N,N,,0,,0,0,0,0.0,0,,1405,1,2,0,0,1,0,0,3,4,0,2,3,,N,,,,,,,,,,,
2009024237,1253,1,0,0,0,0,0,0,0,0,1,0,,67,12,2008,2,39.8768,-75.2546,1252.0,6,0,0,0,0,1,0,0,0,2.0,0,0,0,12,1,2,0,,1,39 52:36.444,1.0,0,75 15:16.624,4,0,0,0,67301,0,0,0,N,0,0,0,3,68K01,1,,1,1,,N,N,,1,,0,0,0,0.0,0,N,1250,2,2,0,0,0,1,0,3,4,0,2,3,,N,,,,,,,,,,,
2009053611,930,2,0,0,0,0,0,0,0,0,1,0,,67,12,2008,3,39.9317,-75.144,843.0,6,0,0,0,0,0,1,0,0,,0,0,0,99,1,0,0,,0,39 55:54.160,,0,75 08:38.503,0,0,0,0,67301,0,0,0,,0,0,0,3,67301,0,,1,1,,,,,1,,0,0,0,0.0,0,,9999,0,3,0,0,3,0,0,3,4,0,3,3,,N,,,,,,,,,,,
2012031503,9999,1,0,0,0,0,0,0,0,0,4,1,,67,2,2008,7,40.0121,-75.0751,9999.0,6,0,0,0,0,0,0,0,1,,0,1,0,0,3,1,0,,0,40 00:43.759,,0,75 04:29.995,3,0,0,0,67301,2,0,0,,0,0,0,3,67301,0,,2,1,,N,N,,0,,1,0,1,0.0,0,,47,1,3,0,0,0,0,0,3,4,0,3,3,,N,,,,,,,,,,,
2009012660,1240,1,0,0,0,0,0,0,0,0,1,0,,67,12,2008,5,39.8946,-75.2367,1236.0,6,0,0,0,0,0,0,0,0,,0,0,0,12,1,2,1,,0,39 53:40.604,,0,75 14:12.181,8,0,0,0,67301,0,0,0,N,0,0,0,3,67301,0,,1,9,,N,N,,0,,0,0,1,3.0,2,,1232,2,2,0,0,0,2,1,3,4,0,2,7,,N,,,,,,,,,,,
2009013307,247,1,0,0,0,0,0,0,0,0,7,0,,67,11,2008,1,40.0553,-75.2323,243.0,6,0,0,0,0,0,0,0,0,,0,0,0,2,3,0,0,,0,40 03:20.472,,0,75 13:56.715,0,0,0,0,67301,0,0,0,,0,0,0,1,67301,0,,2,9,,N,N,,0,,0,0,0,0.0,0,,235,0,1,0,0,0,0,0,3,4,0,1,7,,N,,,,,,,,,,,
2009013312,1820,1,0,0,0,0,0,0,0,0,8,0,,67,12,2008,5,40.1019,-75.0397,1820.0,6,0,0,0,0,0,0,0,0,,0,0,0,18,3,1,1,,0,40 06:06.761,,0,75 02:22.993,4,0,0,0,67301,1,0,0,,1,0,0,2,67301,1,,1,9,,,,,0,,0,0,0,3.0,2,,1815,1,2,0,0,0,0,0,3,4,0,1,7,,N,,,,,,,,,,,
2009013526,1930,1,0,0,0,0,0,0,0,0,1,0,,67,11,2008,6,40.0423,-75.0257,1922.0,6,0,0,0,0,1,0,1,0,,0,0,0,19,3,1,0,,0,40 02:32.279,,0,75 01:32.392,8,0,0,0,67301,0,0,0,N,0,0,0,2,67301,0,,1,1,,N,N,,0,,0,0,1,3.0,2,,1920,1,2,0,0,0,1,0,3,4,0,2,3,,N,,,,,,,,,,,
2009019130,647,1,0,0,0,0,0,0,0,0,7,0,,67,11,2008,6,39.8917,-75.2254,641.0,6,0,0,0,0,0,0,0,0,,0,0,0,6,3,1,0,,0,39 53:29.337,,0,75 13:38.730,4,0,0,0,67301,0,0,0,Y,0,0,0,1,67301,1,,2,9,,N,N,,0,,0,0,0,0.0,0,,638,1,1,0,0,0,0,0,3,4,0,1,99,,N,,,,,,,,,,,
2009013996,1625,3,0,0,0,0,0,0,0,0,1,0,,67,12,2008,6,39.9851,-75.2474,1620.0,6,0,0,0,0,0,0,0,1,,0,0,0,15,1,1,1,,0,39 59:06.360,,0,75 14:50.640,4,0,0,0,67301,0,0,0,N,0,0,0,5,67301,1,,1,1,,N,N,,0,,0,0,0,3.0,2,,1527,1,3,0,0,0,0,1,3,4,0,3,3,,N,,,,,,,,,,,
2009036637,912,1,0,0,0,0,0,0,0,0,8,0,,67,12,2008,5,40.0144,-75.1571,909.0,6,0,0,0,0,0,0,0,0,,0,0,0,9,1,1,0,,0,40 00:51.764,,0,75 09:25.648,3,0,0,0,67301,1,0,0,N,1,0,0,2,67301,0,,1,1,,N,N,,0,,1,0,0,3.0,2,,900,1,2,0,0,0,0,0,3,4,0,1,3,,N,,,,,,,,,,,
2009024660,35,1,0,0,0,0,0,0,0,0,1,0,,67,12,2008,5,39.9585,-75.2252,29.0,6,0,0,0,0,0,1,0,0,,0,0,0,23,3,2,1,,0,39 57:30.547,,0,75 13:30.586,4,0,0,0,67301,0,0,0,,0,0,0,4,67301,2,,1,9,,,,,0,,0,0,0,0.0,0,,2334,2,2,0,0,0,0,0,3,4,1,2,7,,N,,,,,,,,,,,
2009025451,1314,0,0,0,0,0,0,0,0,0,7,0,,67,12,2008,1,40.021,-75.0798,1310.0,6,0,0,0,0,0,0,0,1,2.0,0,0,0,13,1,1,0,,1,40 01:15.540,2.0,1,75 04:47.452,8,0,0,0,67301,0,0,0,,0,0,0,1,67301,0,,3,1,,N,N,,1,,0,0,0,0.0,0,Y,1307,1,1,0,0,0,1,0,3,4,0,1,3,,N,,,,,,,,,,,
2009030781,1442,2,0,0,0,0,0,0,0,0,4,0,,67,12,2008,3,39.933,-75.2384,1438.0,6,0,0,0,0,0,0,0,0,,0,0,0,14,1,3,0,,0,39 55:58.800,,0,75 14:18.240,3,0,0,0,67301,0,0,0,N,0,0,0,4,67301,1,,1,9,,N,N,,0,,1,0,1,0.0,0,,1412,3,3,0,0,0,1,0,3,4,0,3,7,,N,,,,,,,,,,,
2009030062,140,0,0,0,0,0,0,0,0,0,7,0,,67,12,2008,7,40.0748,-75.1776,138.0,6,0,0,0,0,0,1,0,0,2.0,0,0,0,1,3,0,2,,2,40 04:29.181,2.0,0,75 10:39.379,0,0,0,0,67301,0,0,0,N,0,0,0,1,67301,0,,4,9,,N,N,,0,,0,0,1,0.0,0,Y,138,0,1,0,0,0,0,0,3,4,0,1,7,,N,,,,,,,,,,,
2009053612,2202,2,0,0,0,0,0,0,0,0,1,0,,67,12,2008,6,39.9876,-75.1081,2202.0,6,0,0,0,0,0,1,0,0,1.0,0,0,0,22,3,0,0,,1,39 59:15.490,2.0,0,75 06:29.110,0,0,0,0,67301,0,0,0,N,0,0,0,2,67301,0,,1,9,,N,N,,0,,0,0,0,0.0,0,Y,2200,0,2,0,0,0,0,0,3,4,0,2,3,,N,,,,,,,,,,,
2008050887,1918,3,0,0,0,0,0,0,0,0,6,0,,67,2,2008,6,39.9536,-75.2182,1902.0,6,0,0,0,0,1,0,0,0,,0,0,0,16,1,1,1,,0,39 57:13.024,,0,75 13:05.347,4,0,0,0,67301,0,0,0,,0,0,0,2,67301,1,,1,1,,,N,,0,,0,0,1,0.0,0,,1626,1,4,0,0,0,0,0,3,4,0,4,3,,N,,,,,,,,,,,
2009029234,0,1,0,0,0,0,0,0,0,0,4,0,,67,12,2008,4,40.0107,-75.1513,0.0,6,0,0,0,0,0,0,0,1,,0,0,0,11,1,0,1,,0,40 00:38.569,,0,75 09:04.827,0,0,0,0,67301,0,0,0,N,0,0,0,2,00000,0,,1,1,,N,N,,0,,0,0,1,3.0,2,,1130,0,2,0,0,0,0,0,3,4,0,2,98,,N,,,,,,,,,,,
2009024652,1447,1,0,0,0,0,0,0,0,0,1,0,,67,12,2008,2,39.9488,-75.1644,1446.0,6,0,0,0,0,0,0,0,0,,0,0,0,14,1,1,0,,0,39 56:55.709,,0,75 09:51.969,8,0,0,0,67301,0,0,0,N,0,0,0,1,67301,0,,6,1,,N,N,,0,,0,0,0,0.0,0,,1445,1,2,0,0,0,1,0,3,4,0,2,3,,N,,,,,,,,,,,
2009024704,1310,1,0,0,0,0,0,0,0,0,1,0,,67,12,2008,2,40.0561,-75.0675,1302.0,6,0,0,0,0,0,0,0,0,,0,0,0,12,1,1,0,,0,40 03:21.783,,0,75 04:03.133,4,0,0,0,67301,0,0,0,,0,0,0,1,67301,1,,6,1,,,,,2,,0,0,0,0.0,0,,1255,1,3,0,0,0,0,0,3,4,0,3,3,,N,,,,,,,,,,,
2009026891,1936,1,0,0,0,0,0,0,0,0,4,0,,67,12,2008,4,39.9771,-75.1194,1936.0,6,0,0,0,0,1,0,0,0,,0,0,0,19,3,1,0,,0,39 58:40.414,,0,75 07:08.766,4,0,0,0,67301,0,0,0,N,0,0,0,2,67301,1,,1,9,,N,N,,0,,0,0,0,0.0,0,,1936,1,2,0,0,0,0,1,3,4,0,2,7,,N,,,,,,,,,,,
2009025788,128,1,0,0,0,0,0,0,0,0,7,0,,67,12,2008,7,40.0237,-75.196,124.0,6,0,0,0,0,0,0,0,0,,0,0,0,1,3,0,0,,0,40 01:25.235,,0,75 11:45.494,0,0,0,0,67301,0,0,0,N,0,0,0,1,67301,0,,5,1,,N,N,,0,,0,0,0,0.0,0,,120,0,1,0,0,0,0,0,3,4,0,1,3,,N,,,,,,,,,,,
2009025119,1405,1,0,0,0,0,0,0,0,0,4,0,,67,12,2008,5,40.0626,-75.043,1350.0,6,0,0,0,0,0,0,0,0,1.0,0,0,0,13,1,2,2,,2,40 03:45.028,2.0,0,75 02:35.024,4,0,0,0,67301,0,0,0,,0,0,0,9,67301,2,,1,1,,,,,0,,0,0,1,3.0,2,N,1347,2,3,0,0,0,0,0,3,4,1,3,3,,N,,,,,,,,,,,
2009030793,2131,4,0,0,0,0,0,0,0,0,1,0,,67,9,2008,7,39.9291,-75.2205,2130.0,6,0,0,0,0,0,0,0,0,,0,0,0,21,3,2,1,,0,39 55:44.760,,0,75 13:13.800,4,0,0,0,67301,0,0,0,N,0,0,0,5,67301,2,,1,1,,N,N,,0,,0,0,0,3.0,2,,2129,2,4,0,0,0,0,0,3,4,0,4,3,,N,,,,,,,,,,,
2009032616,1615,0,0,0,0,0,0,0,0,0,1,0,,67,4,2008,2,40.0546,-75.01,1610.0,6,0,0,0,0,0,1,0,0,,0,0,0,16,1,1,2,,0,40 03:16.560,,0,75 00:36.000,8,0,0,0,67301,0,0,0,N,0,0,0,3,67301,0,,1,9,,N,N,,1,,0,0,2,3.0,2,,1600,1,3,0,0,0,1,0,3,4,0,3,7,,N,,,,,,,,,,,
2009030168,1232,2,0,0,0,0,0,0,0,0,1,0,,67,2,2008,6,39.9064,-75.2409,1230.0,6,0,0,0,0,0,0,1,0,,0,0,0,12,1,1,0,,0,39 54:23.204,,0,75 14:27.169,4,0,0,0,67301,0,0,0,N,0,0,0,3,67301,1,,1,1,,N,N,,0,,0,0,0,0.0,0,,1230,1,2,0,0,0,0,0,3,4,0,2,3,,N,,,,,,,,,,,