CRN,ARRIVAL_TM,AUTOMOBILE_COUNT,BELTED_DEATH_COUNT,BELTED_SUSP_SERIOUS_INJ_COUNT,BICYCLE_COUNT,BICYCLE_DEATH_COUNT,BICYCLE_SUSP_SERIOUS_INJ_COUNT,BUS_COUNT,CHLDPAS_DEATH_COUNT,CHLDPAS_SUSP_SERIOUS_INJ_COUNT,COLLISION_TYPE,COMM_VEH_COUNT,CONS_ZONE_SPD_LIM,COUNTY,CRASH_MONTH,CRASH_YEAR,DAY_OF_WEEK,DEC_LAT,DEC_LONG,DISPATCH_TM,DISTRICT,DRIVER_COUNT_16YR,DRIVER_COUNT_17YR,DRIVER_COUNT_18YR,DRIVER_COUNT_19YR,DRIVER_COUNT_20YR,DRIVER_COUNT_50_64YR,DRIVER_COUNT_65_74YR,DRIVER_COUNT_75PLUS,EST_HRS_CLOSED,FATAL_COUNT,HEAVY_TRUCK_COUNT,HORSE_BUGGY_COUNT,HOUR_OF_DAY,ILLUMINATION,INJURY_COUNT,INTERSECT_TYPE,INTERSECTION_RELATED,LANE_CLOSED,LATITUDE,LN_CLOSE_DIR,LOCATION_TYPE,LONGITUDE,MAX_SEVERITY_LEVEL,MCYCLE_DEATH_COUNT,MCYCLE_SUSP_SERIOUS_INJ_COUNT,MOTORCYCLE_COUNT,MUNICIPALITY,NONMOTR_COUNT,NONMOTR_DEATH_COUNT,NONMOTR_SUSP_SERIOUS_INJ_COUNT,NTFY_HIWY_MAINT,PED_COUNT,PED_DEATH_COUNT,PED_SUSP_SERIOUS_INJ_COUNT,PERSON_COUNT,POLICE_AGCY,POSSIBLE_INJ_COUNT,RDWY_SURF_TYPE_CD,RELATION_TO_ROAD,ROAD_CONDITION,ROADWAY_CLEARED,SCH_BUS_IND,SCH_ZONE_IND,SECONDARY_CRASH,SMALL_TRUCK_COUNT,SPEC_JURIS_CD,SUSP_MINOR_INJ_COUNT,SUSP_SERIOUS_INJ_COUNT,SUV_COUNT,TCD_FUNC_CD,TCD_TYPE,TFC_DETOUR_IND,TIME_OF_DAY,TOT_INJ_COUNT,TOTAL_UNITS,UNB_DEATH_COUNT,UNB_SUSP_SERIOUS_INJ_COUNT,UNBELTED_OCC_COUNT,UNK_INJ_DEG_COUNT,UNK_INJ_PER_COUNT,URBAN_AREA,URBAN_RURAL,VAN_COUNT,VEHICLE_COUNT,WEATHER1,WEATHER2,WORK_ZONE_IND,WORK_ZONE_LOC,WORK_ZONE_TYPE,WORKERS_PRES,WZ_CLOSE_DETOUR,WZ_FLAGGER,WZ_LAW_OFFCR_IND,WZ_LN_CLOSURE,WZ_MOVING,WZ_OTHER,WZ_SHLDER_MDN,WZ_WORKERS_INJ_KILLED
2009022049,45,0,0,0,0,0,0,0,0,0,0,0,,67,4,2008,6,39.9211,-75.1938,12.0,6,0,0,0,0,1,0,0,0,,0,0,0,0,3,1,1,,0,39 55:16.113,,0,75 11:37.751,4,0,0,1,67301,0,0,0,Y,0,0,0,1,67301,1,,1,98,,N,N,,0,,0,0,0,3.0,2,,12,1,1,0,0,0,0,0,3,4,0,1,3,,N,,,,,,,,,,,
2009024239,201,3,0,0,0,0,0,0,0,0,4,0,,67,12,2008,4,39.9286,-75.146,200.0,6,0,0,0,0,0,0,0,0,1.0,0,0,0,1,3,0,0,,2,39 55:45.630,1.0,2,75 08:44.960,0,0,0,0,67301,0,0,0,Y,0,0,0,4,68K01,0,,1,2,,N,N,,0,,0,0,0,3.0,8,N,150,0,3,0,0,0,0,0,3,4,0,3,98,,N,,,,,,,,,,,
2008088275,1105,1,0,0,1,0,0,0,0,0,4,0,,67,6,2008,7,39.9557,-75.1675,1055.0,6,0,0,0,0,0,1,0,0,,0,0,0,10,1,1,1,,0,39 57:26.294,,0,75 10:10.652,4,0,0,0,67301,1,0,0,N,0,0,0,2,67301,1,,1,1,,N,N,,0,,0,0,0,2.0,2,,1045,1,2,0,0,0,0,0,3,4,0,1,3,,N,,,,,,,,,,,
2008088396,1659,2,0,0,0,0,0,0,0,0,6,0,,67,6,2008,1,40.0472,-75.1319,1653.0,6,0,0,0,0,0,0,0,0,,0,0,0,16,1,3,1,,0,40 02:49.790,,0,75 07:54.749,3,0,0,0,67301,0,0,0,N,0,0,0,4,67301,2,,1,1,,N,N,,0,,1,0,0,0.0,0,,1650,3,2,0,0,0,0,0,3,4,0,2,3,,N,,,,,,,,,,,
2008088394,1934,2,0,0,0,0,0,0,0,0,4,0,,67,6,2008,5,40.0361,-75.1277,1934.0,6,0,0,0,1,0,0,0,0,,0,0,0,19,1,2,1,,0,40 02:09.861,,0,75 07:39.767,4,0,0,0,67301,0,0,0,N,0,0,0,2,67301,2,,1,1,,N,N,,0,,0,0,0,3.0,2,,1920,2,2,0,0,0,0,0,3,4,0,2,3,,N,,,,,,,,,,,
2008079169,1150,2,0,0,0,0,0,0,0,0,4,0,,67,2,2008,6,40.009,-75.1491,1145.0,6,0,0,0,0,0,0,0,0,,0,0,0,11,1,1,2,,0,40 00:32.328,,0,75 08:56.628,3,0,0,0,67301,0,0,0,,0,0,0,2,67301,0,,2,1,,,,,1,,1,0,0,0.0,0,,1145,1,3,0,0,0,0,0,3,4,0,3,3,,N,,,,,,,,,,,
2008047920,919,1,0,0,0,0,0,0,0,0,8,0,,67,1,2008,4,39.9701,-75.1304,918.0,6,0,0,0,0,0,0,0,0,,0,0,0,9,1,1,1,,0,39 58:12.690,,0,75 07:48.887,4,0,0,0,67301,1,0,0,,1,0,0,2,67301,1,,1,1,,N,N,,0,,0,0,0,3.0,2,,918,1,2,0,0,0,0,0,3,4,0,1,3,,N,,,,,,,,,,,
2008050287,1620,2,0,0,0,0,0,0,0,0,4,0,,67,2,2008,3,40.068,-75.0586,1618.0,6,1,0,0,0,0,0,0,0,,0,0,0,15,1,0,1,,0,40 04:04.638,,0,75 03:30.938,0,0,0,0,67301,0,0,0,N,0,0,0,2,67301,0,,1,9,,N,N,,0,,0,0,0,3.0,3,,1550,0,2,0,0,0,0,0,3,4,0,2,7,,N,,,,,,,,,,,
2008051603,1831,3,0,0,0,0,0,0,0,0,1,0,,67,3,2008,7,39.9564,-75.2145,1640.0,6,0,0,0,0,0,0,0,0,,0,0,0,16,1,2,1,,0,39 57:22.935,,1,75 12:52.250,4,0,0,0,67301,0,0,0,N,0,0,0,4,67301,2,,1,1,,N,N,,0,,0,0,0,3.0,3,,1640,2,3,0,0,0,0,0,3,4,0,3,3,,N,,,,,,,,,,,
2008051768,1900,2,0,0,0,0,0,0,0,0,6,0,,67,2,2008,5,40.0062,-75.1518,1857.0,6,0,0,0,0,0,1,0,0,1.0,0,0,0,99,3,0,0,,1,40 00:22.300,1.0,0,75 09:06.467,0,0,0,0,67301,0,0,0,N,0,0,0,3,67301,0,,1,1,,N,N,,0,,0,0,1,0.0,0,N,9999,0,3,0,0,0,0,0,3,4,0,3,3,,N,,,,,,,,,,,
2008051777,1620,2,0,0,0,0,0,0,0,0,2,0,,67,3,2008,6,40.0247,-75.1237,1612.0,6,0,0,1,0,0,0,1,0,,0,0,0,16,1,1,1,,0,40 01:28.740,,0,75 07:25.247,8,0,0,0,67301,0,0,0,N,0,0,0,2,67301,0,,1,9,,N,N,,0,,0,0,1,3.0,2,,1605,1,3,0,0,0,1,0,3,4,0,3,7,,N,,,,,,,,,,,
2008088243,851,2,0,0,0,0,0,0,0,0,4,0,,67,6,2008,5,39.9374,-75.2202,850.0,6,0,0,0,0,0,1,0,0,,0,0,0,8,1,1,0,,0,39 56:14.557,,0,75 13:12.730,4,0,0,0,67301,0,0,0,N,0,0,0,2,67301,1,,1,9,,N,N,,0,,0,0,0,0.0,0,,839,1,2,0,0,0,0,0,3,4,0,2,3,,N,,,,,,,,,,,
2008088397,1400,2,0,0,0,0,0,0,0,0,4,0,,67,6,2008,2,40.0397,-75.1434,1351.0,6,0,0,0,0,0,2,0,0,,0,0,0,13,1,1,1,,0,40 02:22.876,,0,75 08:36.160,8,0,0,0,67301,0,0,0,N,0,0,0,3,67301,0,,1,1,,N,N,,0,,0,0,0,3.0,3,,1330,1,2,0,0,0,1,1,3,4,0,2,3,,N,,,,,,,,,,,
2008044032,929,4,0,0,0,0,0,0,0,0,5,0,,67,1,2008,1,40.075,-75.0737,927.0,6,0,0,0,0,0,0,0,1,,0,0,0,9,1,1,0,,0,40 04:29.000,,0,75 04:25.496,4,0,0,0,67301,0,0,0,N,0,0,0,1,67301,1,,1,1,,N,N,,0,,0,0,0,0.0,0,,927,1,4,0,0,0,0,0,3,4,0,4,3,,N,,,,,,,,,,,
2008050863,1239,1,0,0,0,0,0,0,0,0,8,0,,67,3,2008,4,40.0365,-75.1306,1238.0,6,0,0,0,0,0,0,0,0,,0,0,0,12,1,1,0,,0,40 02:11.220,,0,75 07:50.354,4,0,0,0,67301,1,0,0,N,1,0,0,2,67301,1,,1,1,,N,N,,0,,0,0,0,0.0,0,,1236,1,2,0,0,0,0,0,3,4,0,1,3,,N,,,,,,,,,,,
2008040751,1150,2,0,0,0,0,0,0,0,0,5,0,,67,2,2008,1,40.0221,-75.1534,1146.0,6,0,0,0,0,0,0,1,0,1.0,0,0,0,11,1,2,0,,2,40 01:19.502,2.0,0,75 09:12.324,3,0,0,0,67301,0,0,0,N,0,0,0,4,67301,1,,1,1,,N,,,0,,1,0,0,0.0,0,Y,1120,2,2,0,0,3,0,0,3,4,0,2,3,,N,,,,,,,,,,,
2008051771,1925,1,0,0,0,0,0,1,0,0,1,1,,67,3,2008,3,39.8897,-75.2338,1924.0,6,0,0,0,0,0,0,0,0,,0,0,0,19,4,2,1,,0,39 53:23.199,,0,75 14:01.810,4,0,0,0,67301,0,0,0,N,0,0,0,3,67301,2,,1,1,,N,N,,0,,0,0,0,9.0,2,,1920,2,2,0,0,0,0,0,3,4,0,2,3,,N,,,,,,,,,,,
2008050289,1450,2,0,0,0,0,0,0,0,0,2,0,,67,2,2008,7,40.0595,-75.052,1445.0,6,0,0,0,0,0,0,1,0,,0,0,0,14,1,1,1,,0,40 03:34.391,,0,75 03:07.430,4,0,0,0,67301,0,0,0,N,0,0,0,3,67301,1,,1,1,,N,N,,0,,0,0,0,3.0,2,,1435,1,2,0,0,0,0,0,3,4,0,2,3,,N,,,,,,,,,,,
2008050294,923,1,0,0,0,0,0,0,0,0,4,0,,67,2,2008,1,40.1294,-75.0206,919.0,6,0,0,0,0,0,0,0,0,1.0,0,0,0,9,1,2,0,,2,40 07:45.480,2.0,7,75 01:15.240,4,0,0,0,67301,0,0,0,N,0,0,0,2,67301,2,,1,1,,N,N,,0,,0,0,1,0.0,0,Y,917,2,2,0,0,0,0,0,3,4,0,2,3,,N,,,,,,,,,,,
2008058050,1350,2,0,0,0,0,0,0,0,0,2,0,,67,3,2008,2,40.1113,-75.0012,1340.0,6,0,0,0,0,0,1,0,0,1.0,0,0,0,13,1,1,0,,1,40 06:40.772,1.0,0,75 00:04.430,4,0,0,0,67301,0,0,0,N,0,0,0,2,67301,1,,1,9,,N,N,,0,,0,0,0,0.0,0,Y,1330,1,2,0,0,0,0,0,3,4,0,2,7,,N,,,,,,,,,,,
2008044304,1753,2,0,0,0,0,0,0,0,0,4,0,,67,1,2008,7,40.0452,-75.1379,1747.0,6,0,0,0,0,0,0,1,0,1.0,0,0,0,17,3,1,1,,1,40 02:42.889,7.0,0,75 08:16.339,4,0,0,0,67301,0,0,0,Y,0,0,0,3,67301,1,,1,1,,N,N,,0,,0,0,0,3.0,3,N,1745,1,2,0,0,0,0,0,3,4,0,2,3,,N,,,,,,,,,,,
2008044474,826,2,0,0,0,0,0,0,0,0,1,0,,67,1,2008,6,40.0276,-75.0962,821.0,6,0,0,0,0,0,0,0,0,,0,0,0,8,1,1,2,,0,40 01:39.432,,0,75 05:46.337,8,0,0,0,67301,0,0,0,,0,0,0,2,67301,0,,1,9,,,,,0,,0,0,0,0.0,0,,800,1,2,0,0,0,1,0,3,4,0,2,3,,N,,,,,,,,,,,
2008040284,2104,1,0,0,0,0,0,0,0,0,8,0,,67,2,2008,4,40.0305,-75.1182,2100.0,6,0,0,0,0,0,0,0,0,,0,0,0,20,3,1,1,,0,40 01:49.000,,0,75 07:05.462,4,0,0,0,67301,1,0,0,N,1,0,0,2,67301,1,,1,9,,N,N,,0,,0,0,0,3.0,2,,2055,1,2,0,0,0,0,0,3,4,0,1,7,,N,,,,,,,,,,,
2008060250,1140,0,0,0,0,0,0,0,0,0,8,0,,67,3,2008,6,39.952,-75.1614,1134.0,6,0,0,0,0,0,1,0,0,,0,0,0,11,1,1,1,,0,39 57:07.351,,0,75 09:40.989,4,0,0,0,67301,1,0,0,N,1,0,0,2,67301,1,,1,1,,N,N,,0,,0,0,1,3.0,2,,1134,1,2,0,0,0,0,0,3,4,0,1,3,,N,,,,,,,,,,,
2008049882,1600,1,0,0,0,0,0,0,0,0,4,0,,67,2,2008,2,39.9399,-75.1797,1555.0,6,0,0,0,0,0,0,0,0,1.0,0,0,0,15,1,0,2,,2,39 56:23.784,1.0,0,75 10:47.009,0,0,0,0,67301,0,0,0,N,0,0,0,1,67301,0,,4,1,,N,N,,1,,0,0,0,9.0,3,N,1520,0,2,0,0,0,0,0,3,4,0,2,3,,N,,,,,,,,,,,
2008027031,1650,1,0,0,0,0,0,0,0,0,8,0,,67,1,2008,2,40.0597,-75.1907,1645.0,6,0,0,0,0,0,0,0,0,,0,0,0,18,4,1,0,,0,40 03:35.000,,0,75 11:26.404,4,0,0,0,67301,1,0,0,N,1,0,0,2,67301,1,,1,1,,N,N,,0,,0,0,0,3.0,2,,1830,1,2,0,0,0,0,0,3,4,0,1,3,,N,,,,,,,,,,,
2008027048,1235,2,0,0,0,0,0,0,0,0,4,0,,67,1,2008,7,40.0493,-75.1027,1220.0,6,0,0,0,0,0,0,0,0,,0,0,0,12,1,1,1,,0,40 02:57.390,,0,75 06:09.745,4,0,0,0,67301,0,0,0,N,0,0,0,3,67301,1,,1,1,,N,N,,0,,0,0,0,3.0,3,,1217,1,2,0,0,0,0,1,3,4,0,2,3,,N,,,,,,,,,,,
2008040119,2218,1,0,0,0,0,0,0,0,0,7,0,,67,2,2008,6,40.0069,-75.131,2200.0,6,0,0,0,1,0,0,0,0,,0,0,0,22,3,2,0,,0,40 00:24.000,,0,75 07:51.769,4,0,0,0,67301,0,0,0,,0,0,0,2,67301,2,,2,1,,,,,0,,0,0,0,0.0,0,,2200,2,1,0,0,1,0,0,3,4,0,1,3,,N,,,,,,,,,,,
2008064329,2111,3,0,0,0,0,0,0,0,0,1,0,,67,5,2008,7,39.9931,-75.0849,2111.0,6,0,0,0,0,1,1,0,0,,0,0,0,21,3,1,0,,0,39 59:35.611,,0,75 05:05.385,4,0,0,0,67301,0,0,0,N,0,0,0,4,68K01,1,,1,1,,N,N,,0,,0,0,0,0.0,0,,2111,1,3,0,0,0,0,0,3,4,0,3,3,,N,,,,,,,,,,,
2008057077,1131,0,0,0,0,0,0,0,0,0,7,0,,67,4,2008,3,40.0165,-75.2028,1130.0,6,0,0,0,0,0,0,0,0,,0,0,0,11,1,0,0,,0,40 00:59.317,,0,75 12:09.909,0,0,0,0,67301,0,0,0,N,0,0,0,1,67301,0,,3,9,,N,N,,0,,0,0,1,0.0,0,,1130,0,1,0,0,0,0,0,3,4,0,1,7,,N,,,,,,,,,,,
2008057245,2040,2,0,0,0,0,0,0,0,0,4,0,,67,3,2008,2,39.9291,-75.2205,2030.0,6,0,0,0,0,0,0,0,0,,0,0,0,20,3,3,1,,0,39 55:44.713,,0,75 13:13.928,3,0,0,0,67301,0,0,0,N,0,0,0,4,67301,0,,3,1,,N,N,,0,,3,0,0,3.0,2,,2010,3,2,0,0,0,0,0,3,4,0,2,3,,N,,,,,,,,,,,
2008057285,1206,3,0,0,0,0,0,0,0,0,1,0,,67,3,2008,2,40.0405,-75.0584,1205.0,6,0,1,0,0,0,0,1,0,1.0,0,0,0,12,1,0,0,,1,40 02:25.743,1.0,0,75 03:30.123,9,0,0,0,67301,0,0,0,N,0,0,0,3,67301,0,,1,1,,N,N,,0,,0,0,0,0.0,0,N,1205,0,3,0,0,0,0,1,3,4,0,3,3,,N,,,,,,,,,,,
2008060161,1610,5,0,0,0,0,0,0,0,0,5,0,,67,4,2008,3,39.9182,-75.171,1603.0,6,0,0,0,0,1,0,0,0,1.0,0,0,0,16,1,1,0,,1,39 55:05.541,1.0,0,75 10:15.461,4,0,0,0,67301,0,0,0,N,0,0,0,3,67301,1,,1,1,,N,N,,0,,0,0,0,0.0,0,N,1600,1,5,0,0,0,0,0,3,4,0,5,3,,N,,,,,,,,,,,
2008042331,1124,1,0,0,0,0,0,0,0,0,7,0,,67,1,2008,6,39.9768,-75.1981,1119.0,6,0,0,0,0,0,0,0,0,,0,0,0,11,1,0,0,,0,39 58:37.000,,0,75 11:57.930,0,0,0,0,67301,0,0,0,N,0,0,0,1,68K01,0,,2,1,,N,N,,0,,0,0,0,0.0,0,,1105,0,1,0,0,0,0,0,3,4,0,1,3,,N,,,,,,,,,,,
2008044656,1450,0,0,0,0,0,0,0,0,0,1,0,,67,1,2008,2,40.0076,-75.1279,1446.0,6,0,0,0,0,0,1,0,0,,0,0,0,14,1,3,0,,0,40 00:27.209,,7,75 07:40.281,4,0,0,0,67301,0,0,0,,0,0,0,5,67301,1,,1,1,,,,,0,,0,0,1,3.0,2,,1446,3,2,0,0,0,2,2,3,4,1,2,3,,N,,,,,,,,,,,
2008044684,854,1,0,0,0,0,0,0,0,0,4,1,,67,1,2008,7,40.016,-75.0843,852.0,6,0,0,0,0,1,0,0,0,,0,1,0,8,1,1,2,,0,40 00:57.551,,0,75 05:03.643,4,0,0,0,67301,0,0,0,N,0,0,0,3,67301,1,,1,1,,N,N,,0,,0,0,0,3.0,3,,850,1,2,0,0,0,0,2,3,4,0,2,3,,N,,,,,,,,,,,
2008044697,925,2,0,0,0,0,0,0,0,0,4,0,,67,1,2008,3,40.053,-75.0643,918.0,6,0,0,0,0,0,2,0,0,,0,0,0,9,1,0,1,,0,40 02:49.539,,0,75 04:11.963,0,0,0,0,67301,0,0,0,N,0,0,0,2,67301,0,,1,1,,N,N,,0,,0,0,1,3.0,2,,900,0,3,0,0,0,0,0,3,4,0,3,3,,N,,,,,,,,,,,
2008026931,1125,0,0,0,0,0,0,0,0,0,4,1,,67,1,2008,7,39.9847,-75.1134,1123.0,6,0,0,0,0,0,0,0,0,,0,1,0,11,1,2,1,,0,39 59:05.000,,0,75 06:48.384,4,0,0,0,67301,0,0,0,Y,0,0,0,3,67301,2,,1,1,,N,N,,1,,0,0,0,3.0,2,,1120,2,2,0,0,0,0,0,3,4,0,2,3,,N,,,,,,,,,,,
2008119166,1820,0,0,0,0,0,0,0,0,0,8,0,,67,9,2008,3,40.0166,-75.1472,1804.0,6,0,0,0,0,0,1,0,0,,0,0,0,18,1,1,1,,0,40 00:59.814,,0,75 08:49.815,4,0,0,0,67301,1,0,0,N,1,0,0,2,67301,1,,1,1,,N,N,,1,,0,0,0,3.0,2,,1800,1,2,0,0,0,0,0,3,4,0,1,3,,N,,,,,,,,,,,
2008114226,1642,3,0,0,0,0,0,0,0,0,1,0,,67,10,2008,2,39.9708,-75.1242,1628.0,6,0,0,0,0,0,2,0,0,2.0,0,0,0,16,1,1,0,,1,39 58:20.607,1.0,0,75 07:19.117,4,0,0,0,67301,0,0,0,N,0,0,0,4,68K01,1,,1,1,,N,N,,0,,0,0,1,0.0,0,N,1624,1,4,0,0,0,0,0,3,4,0,4,3,,N,,,,,,,,,,,
2008087908,2345,1,0,0,0,0,0,0,0,0,4,0,,67,5,2008,3,39.9581,-75.1657,2344.0,6,0,0,0,0,0,0,0,0,,0,0,0,23,2,1,1,,0,39 57:29.674,,0,75 09:56.294,4,0,0,0,67301,0,0,0,,0,0,0,2,67301,1,,1,1,,N,N,,0,,0,0,0,9.0,2,,2342,1,2,0,0,0,0,1,3,4,1,2,3,,N,,,,,,,,,,,
2008098110,1342,1,0,0,1,0,0,0,0,0,8,0,,67,7,2008,2,40.0216,-75.0792,1324.0,6,0,0,0,0,0,0,0,0,,0,0,0,13,1,1,0,,0,40 01:17.794,,7,75 04:44.963,4,0,0,0,67301,1,0,0,N,0,0,0,3,67301,1,,5,9,,N,N,,0,,0,0,0,0.0,0,,1326,1,2,0,0,0,0,0,3,4,0,1,3,,N,,,,,,,,,,,
2008098166,2105,1,0,0,0,0,0,0,0,0,8,0,,67,7,2008,3,40.0277,-75.11,2101.0,6,0,0,0,0,0,0,0,0,1.0,0,0,0,19,3,1,10,,1,40 01:39.836,1.0,0,75 06:35.867,4,0,0,0,67301,1,0,0,N,1,0,0,2,67301,1,,1,1,,N,N,,0,,0,0,0,3.0,2,N,1955,1,2,0,0,0,0,0,3,4,0,1,3,,N,,,,,,,,,,,
2008101787,1410,1,0,0,0,0,0,0,0,0,7,0,,67,9,2008,3,40.0333,-75.0206,1400.0,6,0,0,0,0,0,0,0,0,1.0,0,0,0,13,1,1,0,,2,40 01:58.282,2.0,0,75 01:15.264,4,0,0,0,67301,0,0,0,N,0,0,0,2,68K01,1,,2,1,,N,N,,0,,0,0,0,0.0,0,N,1358,1,1,0,0,0,0,0,3,4,0,1,3,,N,,,,,,,,,,,
2008079680,1316,2,0,0,0,0,0,0,0,0,4,0,,67,4,2008,3,40.0398,-75.0327,1314.0,6,0,0,0,0,0,0,0,0,,0,0,0,13,1,5,1,,0,40 02:20.184,,0,75 02:06.038,8,0,0,0,67301,0,0,0,N,0,0,0,6,67301,0,,1,1,,N,N,,0,,0,0,0,0.0,0,,1305,5,2,0,0,0,5,0,3,4,0,2,3,,N,,,,,,,,,,,
2008079689,930,0,0,0,0,0,0,0,0,0,4,0,,67,6,2008,5,40.0197,-75.1482,924.0,6,0,0,0,0,0,2,0,0,1.0,0,0,0,9,1,1,0,,1,40 01:10.920,2.0,0,75 08:53.520,3,0,0,0,67301,0,0,0,N,0,0,0,2,67301,0,,1,1,,N,N,,1,,1,0,1,0.0,0,N,924,1,2,0,0,0,0,0,3,4,0,2,3,,N,,,,,,,,,,,
2008079699,1255,0,0,0,0,0,0,0,0,0,8,0,,67,5,2008,7,39.904,-75.2401,1247.0,6,0,0,0,0,0,0,0,0,,0,0,0,12,1,1,1,,0,39 54:14.564,,0,75 14:24.410,4,0,0,0,67301,1,0,0,N,1,0,0,2,67301,1,,9,1,,N,N,,0,,0,0,1,3.0,2,,1216,1,2,0,0,0,0,1,3,4,0,1,3,,N,,,,,,,,,,,
2008079353,1635,2,0,0,0,0,0,0,0,0,4,0,,67,5,2008,5,40.0145,-75.131,1130.0,6,0,1,0,0,0,0,0,0,,0,0,0,16,1,2,0,,0,40 00:52.183,,7,75 07:51.560,8,0,0,0,67301,0,0,0,N,0,0,0,3,67301,0,,1,1,,N,N,,0,,0,0,0,0.0,0,,1630,2,2,0,0,0,2,1,3,4,0,2,3,,N,,,,,,,,,,,
2008079751,9999,0,0,0,0,0,0,0,0,0,8,0,,67,6,2008,1,40.0017,-75.0671,2038.0,6,0,0,0,0,0,0,0,0,,0,0,0,20,1,1,0,,0,40 00:06.264,,0,75 04:01.624,3,0,0,0,67301,1,0,0,,1,0,0,3,67301,0,,1,1,,N,N,,0,,1,0,1,0.0,0,,2018,1,2,0,0,0,0,0,3,4,0,1,3,,N,,,,,,,,,,,
2008070537,2131,1,0,0,0,0,0,0,0,0,1,0,,67,5,2008,5,39.9934,-75.085,2128.0,6,0,0,0,0,0,0,0,0,1.0,0,0,0,21,3,1,0,,1,39 59:35.880,2.0,0,75 05:06.000,8,0,0,1,67301,0,0,0,N,0,0,0,2,68K01,0,,1,1,,N,N,,0,,0,0,0,0.0,0,N,2125,1,2,0,0,0,1,0,3,4,0,2,3,,N,,,,,,,,,,,
2008082632,400,1,0,0,0,0,0,0,0,0,7,0,,67,5,2008,3,40.0948,-75.0153,353.0,6,0,0,0,0,0,0,0,0,9.0,0,0,0,3,3,0,1,,1,40 05:41.416,1.0,0,75 00:54.958,0,0,0,0,67301,0,0,0,,0,0,0,1,67301,0,,4,9,,N,N,,0,,0,0,0,3.0,2,N,353,0,1,0,0,0,0,0,3,4,0,1,7,,N,,,,,,,,,,,
2008082633,2320,2,0,0,0,0,0,0,0,0,4,0,,67,5,2008,3,40.0405,-75.0589,2318.0,6,0,0,0,0,0,1,0,0,1.0,0,0,0,23,3,2,1,,1,40 02:25.798,2.0,0,75 03:31.965,8,0,0,0,67301,0,0,0,,0,0,0,3,67301,0,,1,9,,N,N,,0,,0,0,0,3.0,2,Y,2318,2,2,0,0,0,2,0,3,4,0,2,7,,N,,,,,,,,,,,
2008079251,1726,0,0,0,0,0,0,0,0,0,8,0,,67,5,2008,7,40.0113,-75.1416,1651.0,6,0,0,0,0,0,1,0,0,,0,0,0,16,1,1,0,,0,40 00:40.680,,0,75 08:29.608,4,0,0,0,67301,1,0,0,,1,0,0,2,67301,1,,1,1,,N,N,,0,,0,0,1,0.0,0,,1604,1,2,0,0,0,0,0,3,4,0,1,3,,N,,,,,,,,,,,
2008079264,2000,1,0,0,0,0,0,0,0,0,2,0,,67,5,2008,6,40.0077,-75.1025,1956.0,6,0,0,0,0,0,0,0,0,,0,0,0,19,3,0,0,,0,40 00:27.577,,0,75 06:08.885,9,0,0,0,67301,0,0,0,N,0,0,0,1,67301,0,,6,9,,N,N,,0,,0,0,1,0.0,0,,1955,0,2,0,0,0,0,1,3,4,0,2,7,,N,,,,,,,,,,,
2008079273,2350,3,0,0,0,0,0,0,0,0,1,0,,67,5,2008,7,,,2330.0,6,0,0,0,1,0,1,0,0,1.0,0,0,0,23,3,2,0,,1,,2.0,0,,4,0,0,0,67301,0,0,0,,0,0,0,7,67301,2,,1,9,,,,,0,,0,0,0,0.0,0,N,2330,2,3,0,0,0,0,0,3,3,0,3,7,,N,,,,,,,,,,,
2008076951,1930,0,0,0,0,0,0,0,0,0,7,0,,67,5,2008,6,39.9666,-75.1876,1930.0,6,0,0,0,0,0,0,0,0,1.0,0,0,0,19,1,0,7,,1,39 57:59.260,3.0,2,75 11:14.340,0,0,0,0,67301,0,0,0,Y,0,0,0,1,68K01,0,,2,9,,N,N,,0,,0,0,1,0.0,0,N,1930,0,1,0,0,0,0,0,3,4,0,1,7,,N,,,,,,,,,,,
2008072073,1235,1,0,0,0,0,0,0,0,0,8,0,,67,4,2008,3,40.0337,-75.1458,1230.0,6,0,0,0,0,0,0,0,0,,0,0,0,7,1,1,1,,0,40 02:01.215,,0,75 08:44.879,4,0,0,0,67301,1,0,0,N,1,0,0,2,67301,1,,1,1,,N,N,,0,,0,0,0,3.0,2,,720,1,2,0,0,0,0,0,3,4,0,1,3,,N,,,,,,,,,,,
2008069651,1215,0,0,0,0,0,0,0,0,0,4,0,,67,4,2008,2,40.0152,-75.1498,1210.0,6,0,0,0,0,0,1,0,0,,0,0,0,11,1,1,1,,0,40 00:54.831,,0,75 08:59.392,4,0,0,0,67301,0,0,0,N,0,0,0,2,67301,1,,1,1,,N,N,,0,,0,0,1,3.0,2,,1155,1,2,0,0,0,0,0,3,4,1,2,3,,N,,,,,,,,,,,
2008120173,1059,1,0,0,0,0,0,0,0,0,7,0,,67,9,2008,7,40.0491,-75.2459,1054.0,6,0,0,0,0,0,0,0,0,,0,0,0,10,1,0,0,,0,40 02:56.900,,0,75 14:45.211,0,0,0,0,67301,0,0,0,N,0,0,0,1,67301,0,,4,9,,N,N,,0,,0,0,0,0.0,0,,1054,0,1,0,0,0,0,0,3,4,0,1,3,,N,,,,,,,,,,,