CRN,ARRIVAL_TM,AUTOMOBILE_COUNT,BELTED_DEATH_COUNT,BELTED_SUSP_SERIOUS_INJ_COUNT,BICYCLE_COUNT,BICYCLE_DEATH_COUNT,BICYCLE_SUSP_SERIOUS_INJ_COUNT,BUS_COUNT,CHLDPAS_DEATH_COUNT,CHLDPAS_SUSP_SERIOUS_INJ_COUNT,COLLISION_TYPE,COMM_VEH_COUNT,CONS_ZONE_SPD_LIM,COUNTY,CRASH_MONTH,CRASH_YEAR,DAY_OF_WEEK,DEC_LAT,DEC_LONG,DISPATCH_TM,DISTRICT,DRIVER_COUNT_16YR,DRIVER_COUNT_17YR,DRIVER_COUNT_18YR,DRIVER_COUNT_19YR,DRIVER_COUNT_20YR,DRIVER_COUNT_50_64YR,DRIVER_COUNT_65_74YR,DRIVER_COUNT_75PLUS,EST_HRS_CLOSED,FATAL_COUNT,HEAVY_TRUCK_COUNT,HORSE_BUGGY_COUNT,HOUR_OF_DAY,ILLUMINATION,INJURY_COUNT,INTERSECT_TYPE,INTERSECTION_RELATED,LANE_CLOSED,LATITUDE,LN_CLOSE_DIR,LOCATION_TYPE,LONGITUDE,MAX_SEVERITY_LEVEL,MCYCLE_DEATH_COUNT,MCYCLE_SUSP_SERIOUS_INJ_COUNT,MOTORCYCLE_COUNT,MUNICIPALITY,NONMOTR_COUNT,NONMOTR_DEATH_COUNT,NONMOTR_SUSP_SERIOUS_INJ_COUNT,NTFY_HIWY_MAINT,PED_COUNT,PED_DEATH_COUNT,PED_SUSP_SERIOUS_INJ_COUNT,PERSON_COUNT,POLICE_AGCY,POSSIBLE_INJ_COUNT,RDWY_SURF_TYPE_CD,RELATION_TO_ROAD,ROAD_CONDITION,ROADWAY_CLEARED,SCH_BUS_IND,SCH_ZONE_IND,SECONDARY_CRASH,SMALL_TRUCK_COUNT,SPEC_JURIS_CD,SUSP_MINOR_INJ_COUNT,SUSP_SERIOUS_INJ_COUNT,SUV_COUNT,TCD_FUNC_CD,TCD_TYPE,TFC_DETOUR_IND,TIME_OF_DAY,TOT_INJ_COUNT,TOTAL_UNITS,UNB_DEATH_COUNT,UNB_SUSP_SERIOUS_INJ_COUNT,UNBELTED_OCC_COUNT,UNK_INJ_DEG_COUNT,UNK_INJ_PER_COUNT,URBAN_AREA,URBAN_RURAL,VAN_COUNT,VEHICLE_COUNT,WEATHER1,WEATHER2,WORK_ZONE_IND,WORK_ZONE_LOC,WORK_ZONE_TYPE,WORKERS_PRES,WZ_CLOSE_DETOUR,WZ_FLAGGER,WZ_LAW_OFFCR_IND,WZ_LN_CLOSURE,WZ_MOVING,WZ_OTHER,WZ_SHLDER_MDN,WZ_WORKERS_INJ_KILLED
2008120175,1625,0,0,0,0,0,0,1,0,0,8,1,,67,9,2008,2,39.9168,-75.1713,1618.0,6,0,0,0,0,0,0,0,0,,1,0,0,16,1,0,1,,0,39 55:00.583,,0,75 10:16.768,1,0,0,0,67301,1,1,0,,1,1,0,2,67301,0,2.0,1,1,,,,,0,0.0,0,0,0,3.0,2,,1613,0,2,0,0,0,0,0,3,4,0,1,3,,N,,,,,,,,,,,
2008120176,1635,1,0,0,0,0,0,0,0,0,8,0,,67,9,2008,5,39.9707,-75.1533,1633.0,6,0,0,0,0,0,0,1,0,,0,0,0,16,1,1,0,,0,39 58:14.426,,0,75 09:11.792,8,0,0,0,67301,1,0,0,N,1,0,0,2,67301,0,,1,1,,N,N,,0,,0,0,0,0.0,0,,1630,1,2,0,0,0,1,0,3,4,0,1,3,,N,,,,,,,,,,,
2008119674,9999,2,0,0,0,0,0,0,0,0,4,0,,67,7,2008,5,40.0219,-75.1393,201.0,6,0,0,0,0,0,0,0,0,1.0,0,0,0,2,3,1,1,,1,40 01:18.382,2.0,0,75 08:22.667,4,0,0,0,67301,0,0,0,,0,0,0,2,67301,1,,1,1,,,,,0,,0,0,0,3.0,2,N,201,1,2,0,0,0,0,0,3,4,0,2,3,,N,,,,,,,,,,,
2008044657,9999,2,0,0,0,0,0,0,0,0,4,0,,67,2,2008,7,39.9142,-75.1718,1653.0,6,0,0,0,0,0,0,0,0,,0,0,0,99,1,2,5,,0,39 54:51.183,,0,75 10:18.543,4,0,0,0,67301,0,0,0,N,0,0,0,2,67301,2,,1,1,,N,N,,0,,0,0,0,0.0,0,,9999,2,2,0,0,0,0,0,3,4,0,2,3,,N,,,,,,,,,,,
2008058195,1318,2,0,0,0,0,0,0,0,0,1,0,,67,4,2008,5,39.9804,-75.1179,1315.0,6,0,0,0,0,0,1,0,0,,0,0,0,13,1,2,1,,0,39 58:53.612,,0,75 07:02.654,8,0,0,0,67301,0,0,0,N,0,0,0,2,67301,0,,1,1,,N,N,,0,,0,0,0,3.0,2,,1300,2,2,0,0,2,2,0,3,4,0,2,3,,N,,,,,,,,,,,
2008058044,1558,1,0,0,0,0,0,0,0,0,1,0,,67,4,2008,5,40.0258,-75.1238,1550.0,6,0,0,0,0,1,0,0,0,1.0,0,0,0,15,1,2,0,,2,40 01:32.880,4.0,0,75 07:26.760,4,0,0,0,67301,0,0,0,N,0,0,0,5,67301,2,,1,1,,N,N,,0,,0,0,1,3.0,2,N,1540,2,2,0,0,0,0,0,3,4,0,2,3,,N,,,,,,,,,,,
2008049782,1210,1,0,0,0,0,0,0,0,0,0,1,,67,3,2008,2,39.8934,-75.1962,1208.0,6,0,0,0,0,0,0,0,0,,0,1,0,12,1,0,0,,0,39 53:56.302,,0,75 10:42.061,0,0,0,0,67301,0,0,0,N,0,0,0,2,68K01,0,,1,1,,N,N,,0,,0,0,0,0.0,0,,1202,0,2,0,0,0,0,0,3,4,0,2,3,,N,,,,,,,,,,,
2008044291,1320,1,0,0,0,0,0,0,0,0,8,0,,67,1,2008,1,40.0345,-75.1149,1313.0,6,0,0,0,0,0,0,0,0,9.0,0,0,0,13,1,1,1,,1,40 02:04.000,3.0,0,75 06:53.623,8,0,0,0,67301,1,0,0,N,1,0,0,6,67301,0,,1,1,,N,N,,0,,0,0,0,3.0,2,Y,1309,1,2,0,0,0,1,0,3,4,0,1,99,,N,,,,,,,,,,,
2008044419,1645,1,0,0,0,0,0,0,0,0,1,0,,67,1,2008,4,39.9778,-75.1108,1635.0,6,0,0,0,1,0,0,0,0,,0,0,0,16,1,2,0,,0,39 58:40.852,,0,75 06:39.040,4,0,0,0,67301,0,0,0,N,0,0,0,3,67301,2,,1,1,,N,N,,0,,0,0,0,0.0,0,,1610,2,2,0,0,0,0,0,3,4,1,2,3,,N,,,,,,,,,,,
2008044625,2130,2,0,0,0,0,0,0,0,0,4,0,,67,1,2008,7,40.0204,-75.1539,2128.0,6,0,0,0,0,0,2,0,0,3.0,0,0,0,21,3,2,0,,1,40 01:13.800,4.0,3,75 09:14.040,2,0,0,0,67301,0,0,0,N,0,0,0,3,67301,0,,1,1,,N,N,,0,,1,1,1,3.0,8,N,2124,2,3,0,0,0,0,1,3,4,0,3,3,,N,,,,,,,,,,,
2008042488,753,2,0,0,0,0,0,0,0,0,1,0,,67,3,2008,6,40.0013,-75.2265,748.0,6,0,0,0,0,0,0,0,0,,0,0,0,7,1,1,0,,0,40 00:07.560,,0,75 13:29.280,4,0,0,0,67301,0,0,0,N,0,0,0,2,46104,1,,1,1,,N,N,,0,,0,0,0,0.0,0,,748,1,2,0,0,0,0,0,3,4,0,2,3,,N,,,,,,,,,,,
2008040099,1600,2,0,0,0,0,0,0,0,0,4,0,,67,1,2008,4,39.9152,-75.2343,1558.0,6,0,0,0,0,0,0,0,0,,0,0,0,10,1,1,0,,0,39 54:54.679,,0,75 14:03.350,8,0,0,0,67301,0,0,0,,0,0,0,2,67301,0,,1,1,,N,,,0,,0,0,0,0.0,0,,1007,1,2,0,0,0,1,0,3,4,0,2,3,,N,,,,,,,,,,,
2008040107,1702,1,0,0,0,0,0,0,0,0,8,0,,67,1,2008,3,40.0361,-75.1277,1653.0,6,0,0,0,0,0,0,0,0,,0,0,0,16,1,1,2,,0,40 02:09.000,,0,75 07:39.767,8,0,0,0,67301,1,0,0,N,1,0,0,2,67301,0,,1,9,,N,N,,0,,0,0,0,3.0,2,,1630,1,2,0,0,0,1,1,3,4,0,1,10,,N,,,,,,,,,,,
2008040115,1915,0,0,0,0,0,0,0,0,0,8,0,,67,2,2008,5,40.0282,-75.14,1816.0,6,0,0,0,0,0,1,0,0,,0,0,0,18,3,1,1,,0,40 01:41.624,,0,75 08:23.888,8,0,0,0,67301,1,0,0,N,1,0,0,2,67301,0,,1,1,,N,N,,0,,0,0,0,2.0,3,,1814,1,2,0,0,0,1,0,3,4,1,1,3,,N,,,,,,,,,,,
2008062175,635,2,0,0,0,0,0,0,0,0,2,0,,67,3,2008,5,,,620.0,6,0,0,0,0,1,0,0,0,1.0,0,0,0,6,3,0,0,,1,,4.0,3,,0,0,0,0,67301,0,0,0,N,0,0,0,2,67301,0,,1,1,,N,N,,0,,0,0,0,0.0,0,N,620,0,2,0,0,0,0,0,3,3,0,2,3,,N,,,,,,,,,,,
2008057311,850,2,0,0,0,0,0,0,0,0,1,0,,67,4,2008,3,39.9954,-75.1055,850.0,6,0,0,0,0,0,0,1,0,,0,0,0,8,1,1,1,,0,39 59:43.508,,0,75 06:19.956,8,0,0,0,67301,0,0,0,N,0,0,0,3,67301,0,,1,9,,N,Y,,0,,0,0,0,3.0,2,,849,1,2,0,0,0,1,0,3,4,0,2,7,,N,,,,,,,,,,,
2008057331,1220,2,0,0,1,0,0,0,0,0,1,0,,67,3,2008,2,39.9552,-75.163,1215.0,6,0,0,0,0,0,1,0,0,,0,0,0,12,1,1,0,,0,39 57:18.764,,0,75 09:46.867,3,0,0,0,67301,1,0,0,N,0,0,0,3,67301,0,,1,9,,N,N,,0,,1,0,0,3.0,2,,1210,1,3,0,0,0,0,0,3,4,0,2,7,,N,,,,,,,,,,,
2008057359,1836,2,0,0,0,0,0,0,0,0,1,0,,67,3,2008,6,40.1003,-75.0219,1730.0,6,0,0,0,0,0,2,0,0,,0,0,0,17,1,0,0,,0,40 06:00.933,,0,75 01:18.787,0,0,0,0,67301,0,0,0,N,0,0,0,3,67301,0,,1,1,,N,N,,1,,0,0,0,0.0,0,,1730,0,3,0,0,0,0,0,3,4,0,3,3,,N,,,,,,,,,,,
2008054719,40,3,0,0,0,0,0,0,0,0,1,0,,67,3,2008,7,40.1197,-75.0087,15.0,6,0,0,0,0,1,0,0,0,2.0,0,0,0,0,3,0,2,,1,40 07:10.776,3.0,0,75 00:31.301,0,0,0,0,67301,0,0,0,,0,0,0,4,67301,0,,1,9,,,,,0,,0,0,0,3.0,2,N,15,0,3,0,0,0,0,0,3,4,0,3,7,,N,,,,,,,,,,,
2008054720,910,1,0,0,0,0,0,0,0,0,7,0,,67,1,2008,4,40.0171,-75.2024,909.0,6,0,0,0,0,0,0,0,0,1.0,0,0,0,9,1,0,0,,2,40 01:01.681,1.0,0,75 12:08.477,0,0,0,0,67301,0,0,0,N,0,0,0,1,67301,0,,4,9,,N,N,,0,,0,0,0,0.0,0,N,908,0,1,0,0,0,0,0,3,4,0,1,3,,N,,,,,,,,,,,
2008052195,250,1,0,0,0,0,0,0,0,0,7,0,,67,2,2008,4,39.9064,-75.1499,246.0,6,0,0,0,0,0,0,0,0,,0,0,0,2,3,2,0,,0,39 54:26.170,,0,75 08:58.974,4,0,0,0,67301,0,0,0,N,0,0,0,2,67301,2,,2,1,,N,N,,0,,0,0,0,0.0,0,,246,2,1,0,0,0,0,0,3,4,0,1,3,,N,,,,,,,,,,,
2008044645,1415,0,0,0,0,0,0,0,0,0,8,0,,67,1,2008,3,40.1111,-75.0243,1407.0,6,0,0,0,0,0,0,0,0,,0,0,0,14,1,1,1,,0,40 06:40.143,,0,75 01:27.354,4,0,0,0,67301,1,0,0,N,1,0,0,2,67301,1,,1,9,,N,N,,1,,0,0,0,9.0,9,,1400,1,2,0,0,0,0,0,3,4,0,1,10,,N,,,,,,,,,,,
2008044699,1605,2,0,0,0,0,0,0,0,0,1,0,,67,2,2008,1,39.9985,-75.1535,1557.0,6,0,0,0,0,0,1,0,0,,0,0,0,15,1,1,1,,0,39 59:54.555,,0,75 09:12.498,4,0,0,0,67301,0,0,0,N,0,0,0,3,67301,1,,1,1,,N,N,,0,,0,0,0,9.0,2,,1550,1,2,0,0,0,0,0,3,4,0,2,3,,N,,,,,,,,,,,
2008044702,1550,1,0,0,0,0,0,0,0,0,8,0,,67,2,2008,1,39.9462,-75.1776,1550.0,6,0,0,0,0,0,0,0,0,,0,0,0,15,1,1,0,,0,39 56:46.262,,0,75 10:39.325,8,0,0,0,67301,1,0,0,N,1,0,0,2,67301,0,,1,1,,N,N,,0,,0,0,0,0.0,0,,1533,1,2,0,0,0,1,1,3,4,0,1,3,,N,,,,,,,,,,,
2008026929,117,0,0,0,0,0,0,0,0,0,7,0,,67,1,2008,3,40.0176,-75.0479,117.0,6,0,0,1,0,0,0,0,0,2.0,0,0,0,1,3,1,0,,1,40 01:03.000,1.0,0,75 02:52.395,4,0,0,0,67301,0,0,0,,0,0,0,1,67301,1,,3,1,,,,,0,,0,0,1,0.0,0,N,111,1,1,0,0,1,0,0,3,4,0,1,3,,N,,,,,,,,,,,
2008119078,1807,1,0,0,0,0,0,0,0,0,5,0,,67,9,2008,2,40.0477,-75.0719,1804.0,6,0,0,0,0,0,0,0,0,,0,0,0,17,1,1,1,,0,40 02:51.896,,0,75 04:18.775,4,0,0,0,67301,0,0,0,N,0,0,0,2,67301,1,,1,1,,N,N,,0,,0,0,1,0.0,0,,1759,1,2,0,0,0,0,0,3,4,0,2,3,,N,,,,,,,,,,,
2008124590,47,1,0,0,0,0,0,0,0,0,7,0,,67,10,2008,3,39.9786,-75.2029,47.0,6,0,0,0,0,0,0,0,0,,0,0,0,0,3,0,0,,0,39 58:45.359,,0,75 12:14.182,9,0,0,0,67301,0,0,0,N,0,0,0,1,68K01,0,,4,9,,N,N,,0,,0,0,0,0.0,0,,45,0,1,0,0,0,0,1,3,4,0,1,7,,N,,,,,,,,,,,
2008095587,630,0,0,0,0,0,0,0,0,0,7,0,,67,6,2008,6,39.9697,-75.1847,627.0,6,0,0,0,0,0,0,0,0,,0,0,0,6,1,0,0,,0,39 58:10.833,,0,75 11:05.065,0,0,0,0,67301,0,0,0,,0,0,0,1,67301,0,,5,1,,,,,0,,0,0,1,0.0,0,,627,0,1,0,0,0,0,0,3,4,0,1,3,,N,,,,,,,,,,,
2008072586,2036,2,0,0,0,0,0,0,0,0,4,0,,67,4,2008,2,40.0471,-75.098,2030.0,6,0,0,0,0,0,1,0,0,,0,0,0,20,3,2,1,,0,40 02:49.640,,0,75 05:52.795,8,0,0,0,67301,0,0,0,N,0,0,0,3,67301,0,,1,1,,N,N,,0,,0,0,0,3.0,2,,2025,2,2,0,0,0,2,0,3,4,0,2,3,,N,,,,,,,,,,,
2008082132,1945,1,0,0,0,0,0,1,0,0,5,1,,67,5,2008,6,39.9585,-75.2252,1715.0,6,0,0,0,0,0,0,0,0,,0,0,0,17,1,1,0,,0,39 57:30.458,,0,75 13:30.670,8,0,0,0,67301,0,0,0,N,0,0,0,4,67301,0,,4,1,,N,N,,0,,0,0,0,3.0,2,,1715,1,2,0,0,0,1,0,3,4,0,2,3,,N,,,,,,,,,,,
2008079665,1710,2,0,0,0,0,0,0,0,0,4,0,,67,6,2008,1,39.9075,-75.19,1700.0,6,0,0,0,0,0,0,0,0,,0,0,0,16,1,4,2,,0,39 54:27.131,,0,75 11:24.160,4,0,0,0,67301,0,0,0,N,0,0,0,6,67301,4,,1,1,,N,N,,0,,0,0,0,0.0,0,,1655,4,2,0,0,0,0,0,3,4,0,2,3,,N,,,,,,,,,,,
2008079669,1736,1,0,0,0,0,0,0,0,0,8,0,,67,5,2008,2,40.0392,-75.1233,1732.0,6,0,0,0,0,0,1,0,0,,0,0,0,17,1,1,0,,0,40 02:20.954,,0,75 07:24.013,8,0,0,0,67301,1,0,0,N,1,0,0,2,67301,0,,1,1,,N,N,,0,,0,0,0,0.0,0,,1720,1,2,0,0,0,1,0,3,4,0,1,3,,N,,,,,,,,,,,
2008079684,1450,2,0,0,0,0,0,0,0,0,1,0,,67,5,2008,4,40.0224,-75.0781,1445.0,6,0,0,0,0,0,0,0,0,,0,0,0,14,1,1,1,,0,40 01:20.463,,0,75 04:41.286,8,0,0,0,67301,0,0,0,,0,0,0,3,67301,0,,1,1,,N,N,,0,,0,0,0,3.0,2,,1445,1,2,0,0,0,1,0,3,4,0,2,3,,N,,,,,,,,,,,
2008079740,445,1,0,0,0,0,0,0,0,0,4,0,,67,5,2008,1,40.0337,-75.1458,442.0,6,0,0,1,0,0,0,0,0,3.0,0,0,0,4,3,1,1,,1,40 02:01.215,6.0,0,75 08:44.879,3,0,0,0,67301,0,0,0,N,0,0,0,3,67301,0,,1,1,,N,N,,0,,1,0,1,3.0,2,N,442,1,2,0,0,0,0,1,3,4,0,2,3,,N,,,,,,,,,,,
2008079476,656,1,0,0,0,0,0,0,0,0,7,0,,67,7,2008,7,40.0234,-75.0347,647.0,6,0,0,0,0,0,1,0,0,1.0,0,0,0,6,1,0,0,,2,40 01:23.880,2.0,0,75 02:04.560,0,0,0,0,67301,0,0,0,N,0,0,0,1,68K01,0,,2,9,,N,N,,0,,0,0,0,0.0,0,Y,630,0,1,0,0,0,0,0,3,4,0,1,7,,N,,,,,,,,,,,
2008082668,1130,2,0,0,0,0,0,0,0,0,1,0,,67,5,2008,6,39.9041,-75.2403,1130.0,6,0,0,0,0,1,0,0,0,,0,0,0,11,1,1,1,,0,39 54:14.620,,0,75 14:25.050,3,0,0,0,67301,0,0,0,N,0,0,0,2,67301,0,,1,9,,N,N,,0,,1,0,0,3.0,2,,1115,1,2,0,0,1,0,0,3,4,0,2,7,,N,,,,,,,,,,,
2008079298,1011,1,0,0,0,0,0,0,0,0,4,0,,67,5,2008,6,39.9131,-75.2433,1008.0,6,0,0,0,0,0,0,0,0,1.0,0,0,0,10,1,1,1,,1,39 54:47.100,3.0,0,75 14:35.859,4,0,0,0,67301,0,0,0,,0,0,0,2,67301,1,,1,1,,,,,0,,0,0,0,3.0,2,Y,1008,1,2,0,0,0,0,1,3,4,0,2,3,,N,,,,,,,,,,,
2008072044,700,2,0,0,0,0,0,0,0,0,1,0,,67,4,2008,4,40.0137,-75.1795,650.0,6,0,0,0,0,1,0,0,0,,0,0,0,6,1,1,3,,0,40 00:49.320,,2,75 10:46.560,4,0,0,0,67301,0,0,0,N,0,0,0,3,67301,1,,1,1,,N,N,,0,,0,0,0,0.0,0,,650,1,2,0,0,0,0,0,3,4,0,2,3,,N,,,,,,,,,,,
2008109266,1624,2,0,0,0,0,0,0,0,0,4,0,,67,9,2008,5,39.9776,-75.1606,1621.0,6,0,0,0,0,2,0,0,0,,0,0,0,16,1,1,1,,0,39 58:39.345,,0,75 09:38.332,4,0,0,0,67301,1,0,0,,1,0,0,3,67301,1,,1,1,,,,,0,,0,0,0,3.0,3,,1621,1,3,0,0,0,0,0,3,4,0,2,3,,N,,,,,,,,,,,
2008080107,1500,2,0,0,0,0,0,0,0,0,7,0,,67,6,2008,7,40.0498,-74.9942,1455.0,6,0,0,0,0,1,0,0,0,,0,0,0,14,1,3,0,,0,40 02:59.518,,0,74 59:38.829,8,0,0,0,67301,0,0,0,Y,0,0,0,4,68K01,0,,3,1,,N,N,,0,,0,0,0,0.0,0,,1452,3,2,0,0,0,3,0,3,4,0,2,3,,N,,,,,,,,,,,
2008127381,1622,1,0,0,0,0,0,0,0,0,1,0,,67,11,2008,7,39.9599,-75.1777,1614.0,6,0,0,0,0,1,0,0,0,1.0,0,0,0,16,1,0,0,,2,39 57:36.377,4.0,0,75 10:46.981,0,0,0,0,67301,0,0,0,N,0,0,0,6,68K01,0,,1,1,,N,N,,0,,0,0,1,0.0,0,N,1610,0,3,0,0,0,0,0,3,4,1,3,3,,N,,,,,,,,,,,
2008127411,1831,1,0,0,0,0,0,0,0,0,4,0,,67,11,2008,2,39.8862,-75.218,1817.0,6,0,0,0,0,0,0,0,0,1.0,0,0,0,18,3,3,0,,2,39 53:11.932,5.0,2,75 13:01.601,4,0,0,0,67301,0,0,0,N,0,0,0,5,68K01,3,,3,1,,N,N,,0,,0,0,1,0.0,0,N,1813,3,2,0,0,0,0,0,3,4,0,2,3,,N,,,,,,,,,,,
2008119635,822,1,0,0,0,0,0,0,0,0,4,0,,67,9,2008,5,40.0522,-75.0931,817.0,6,0,0,0,0,0,2,0,0,3.0,0,0,0,8,1,1,1,,2,40 03:07.828,7.0,0,75 05:35.124,3,0,0,0,67301,0,0,0,N,0,0,0,2,67301,0,,1,1,,N,N,,0,,1,0,1,9.0,3,Y,815,1,2,0,0,0,0,0,3,4,0,2,3,,N,,,,,,,,,,,
2008119773,1915,2,0,0,0,0,0,0,0,0,2,0,,67,9,2008,1,40.0054,-75.1073,1910.0,6,0,1,0,0,0,0,0,0,,0,0,0,18,1,3,2,,0,40 00:19.594,,0,75 06:26.393,4,0,0,0,67301,0,0,0,N,0,0,0,4,67301,3,,1,1,,N,N,,0,,0,0,0,0.0,0,,1840,3,2,0,0,0,0,0,3,4,0,2,3,,N,,,,,,,,,,,
2008122710,1953,1,0,0,0,0,0,0,0,0,8,0,,67,8,2008,1,40.0321,-75.1181,1951.0,6,0,0,0,0,0,0,0,0,,1,0,0,19,3,0,0,,0,40 01:55.621,,0,75 07:05.304,1,0,0,0,67301,1,1,0,,1,1,0,2,67301,0,2.0,1,1,,N,N,,0,0.0,0,0,0,0.0,0,,1947,0,2,0,0,0,0,0,3,4,0,1,3,,N,,,,,,,,,,,
2008132931,2135,0,0,0,0,0,0,0,0,0,6,0,,67,11,2008,3,39.9878,-75.2162,2130.0,6,0,0,0,0,0,0,1,0,,0,0,0,21,2,2,0,,0,39 59:15.925,,0,75 12:58.466,8,0,0,0,67301,0,0,0,N,0,0,0,4,67301,0,,1,9,,N,N,,0,,0,0,2,0.0,0,,2120,2,2,0,0,0,2,0,3,4,0,2,7,,N,,,,,,,,,,,
2008058213,515,3,0,0,0,0,0,0,0,0,5,0,,67,3,2008,1,40.0549,-75.0524,507.0,6,0,0,0,0,0,0,0,0,,0,0,0,5,3,0,0,,0,40 03:17.751,,0,75 03:08.719,0,0,0,0,67301,0,0,0,,0,0,0,2,67301,0,,6,1,,N,N,,0,,0,0,0,0.0,0,,507,0,3,0,0,0,0,0,3,4,0,3,3,,N,,,,,,,,,,,
2008058058,1616,1,0,0,0,0,0,0,0,0,4,0,,67,3,2008,2,39.9595,-75.227,1614.0,6,0,0,0,0,0,0,0,0,3.0,0,0,0,16,1,1,1,,2,39 57:34.066,7.0,0,75 13:37.293,8,0,0,0,67301,0,0,0,N,0,0,0,2,67301,0,,1,1,,N,N,,0,,0,0,0,3.0,3,Y,1613,1,2,0,0,1,1,0,3,4,0,2,3,,N,,,,,,,,,,,
2008044442,9999,1,0,0,0,0,0,0,0,0,7,0,99.0,67,1,2008,1,40.0644,-75.1942,2354.0,6,0,0,0,0,0,0,0,0,9.0,0,0,0,23,3,0,0,,1,40 03:51.855,1.0,0,75 11:39.267,0,0,0,0,67301,0,0,0,N,0,0,0,1,67301,0,,2,1,,N,N,,0,,0,0,0,3.0,8,N,2310,0,1,0,0,0,0,0,3,4,0,1,3,,Y,8.0,8.0,U,,,U,,,,,
2008044460,707,1,0,0,0,0,0,0,0,0,8,0,,67,1,2008,4,40.045,-75.1011,703.0,6,0,0,0,0,0,0,1,0,3.0,0,0,0,6,1,1,1,,1,40 02:42.000,2.0,0,75 06:03.889,4,0,0,0,67301,1,0,0,N,1,0,0,2,67301,1,,1,1,,N,N,,0,,0,0,0,0.0,0,N,642,1,2,0,0,0,0,0,3,4,0,1,3,,N,,,,,,,,,,,
2008044465,1145,0,0,0,0,0,0,0,0,0,8,0,,67,1,2008,1,40.0271,-75.0411,1142.0,6,0,0,0,0,0,0,0,0,9.0,0,0,0,11,1,1,1,,2,40 01:37.460,5.0,0,75 02:27.800,4,0,0,0,67301,1,0,0,N,1,0,0,2,67301,1,,1,1,,N,N,,0,,0,0,1,3.0,2,Y,1140,1,2,0,0,0,0,0,3,4,0,1,3,,N,,,,,,,,,,,
2008060240,1730,3,0,0,0,0,0,0,0,0,1,0,,67,3,2008,5,39.957,-75.2201,1725.0,6,0,0,0,0,0,0,0,0,,0,0,0,17,1,1,0,,0,39 57:25.326,,0,75 13:12.234,8,0,0,0,67301,0,0,0,N,0,0,0,5,67301,0,,1,1,,N,N,,0,,0,0,0,0.0,0,,1723,1,3,0,0,0,1,1,3,4,0,3,3,,N,,,,,,,,,,,
2008047345,2051,3,0,0,0,0,0,0,0,0,1,0,,67,3,2008,6,39.9782,-75.2022,2051.0,6,0,0,0,0,0,0,0,0,1.0,0,0,0,20,3,0,0,,1,39 58:44.262,3.0,0,75 12:11.708,0,0,0,0,67301,0,0,0,N,0,0,0,4,68K01,0,,1,1,,N,N,,0,,0,0,2,0.0,0,N,2051,0,5,0,0,0,0,0,3,4,0,5,3,,N,,,,,,,,,,,
2008027030,1921,1,0,0,0,0,0,0,0,0,8,0,,67,1,2008,5,39.9571,-75.2358,1921.0,6,0,0,0,0,0,0,0,1,,0,0,0,19,4,1,1,,0,39 57:25.401,,0,75 14:08.753,8,0,0,0,67301,1,0,0,,1,0,0,2,67301,0,,1,1,,,,,0,,0,0,0,9.0,3,,1921,1,2,0,0,0,1,0,3,4,0,1,3,,N,,,,,,,,,,,
2008062127,1553,3,0,0,0,0,0,0,0,0,4,0,,67,4,2008,5,39.9213,-75.1938,1546.0,6,0,0,0,0,0,1,0,1,,0,0,0,99,1,3,1,,0,39 55:16.530,,0,75 11:37.850,3,0,0,0,67301,0,0,0,,0,0,0,8,67301,0,,1,1,,N,N,,0,,1,0,0,3.0,2,,9999,3,3,0,0,0,2,0,3,4,0,3,3,,N,,,,,,,,,,,
2008057112,2204,1,0,0,0,0,0,0,0,0,2,0,,67,3,2008,2,39.9396,-75.1977,2201.0,6,0,0,0,0,0,0,0,0,,0,1,0,21,8,1,0,,0,39 56:22.494,,7,75 11:51.551,8,0,0,0,67301,0,0,0,,0,0,0,2,67301,0,,1,1,,,,,0,,0,0,0,0.0,0,,2159,1,2,0,0,0,1,0,3,4,0,2,3,,N,,,,,,,,,,,
2008057305,1222,0,0,0,0,0,0,1,0,0,4,1,,67,3,2008,4,39.9194,-75.1707,1214.0,6,0,0,0,0,0,1,1,0,,0,0,0,12,1,11,1,,0,39 55:09.777,,0,75 10:14.533,8,0,0,0,67301,0,0,0,N,0,0,0,14,67301,0,,1,1,,Y,,,0,,0,0,1,3.0,2,,1209,11,2,0,0,0,11,0,3,4,0,2,3,,N,,,,,,,,,,,
2008054632,2255,2,0,0,0,0,0,0,0,0,5,0,,67,3,2008,4,39.9569,-75.1531,2253.0,6,0,0,0,0,0,1,0,0,,0,0,0,22,3,0,0,,0,39 57:24.786,,0,75 09:10.932,0,0,0,0,67301,0,0,0,N,0,0,0,2,68K01,0,,1,1,,N,N,,0,,0,0,0,0.0,0,,2233,0,2,0,0,0,0,0,3,4,0,2,3,,N,,,,,,,,,,,
2008042229,758,3,0,0,0,0,0,0,0,0,6,0,,67,2,2008,3,39.9552,-75.2116,758.0,6,1,0,0,0,0,0,0,0,,0,0,0,7,1,3,1,,0,39 57:18.000,,0,75 12:41.782,4,0,0,0,67301,0,0,0,,0,0,0,4,67301,1,,1,1,,N,N,,0,,0,0,0,3.0,2,,720,3,4,0,0,0,2,1,3,4,1,4,3,,N,,,,,,,,,,,
2008023704,2008,0,0,0,0,0,0,0,0,0,7,0,,67,1,2008,3,40.0298,-75.1756,511.0,6,0,0,0,0,0,0,0,0,,0,0,0,2,3,0,2,,0,40 01:47.000,,0,75 10:32.312,0,0,0,0,67301,0,0,0,N,0,0,0,1,67301,0,,5,1,,N,N,,1,,0,0,0,0.0,0,,230,0,1,0,0,0,0,0,3,4,0,1,3,,N,,,,,,,,,,,