CRN,ARRIVAL_TM,AUTOMOBILE_COUNT,BELTED_DEATH_COUNT,BELTED_SUSP_SERIOUS_INJ_COUNT,BICYCLE_COUNT,BICYCLE_DEATH_COUNT,BICYCLE_SUSP_SERIOUS_INJ_COUNT,BUS_COUNT,CHLDPAS_DEATH_COUNT,CHLDPAS_SUSP_SERIOUS_INJ_COUNT,COLLISION_TYPE,COMM_VEH_COUNT,CONS_ZONE_SPD_LIM,COUNTY,CRASH_MONTH,CRASH_YEAR,DAY_OF_WEEK,DEC_LAT,DEC_LONG,DISPATCH_TM,DISTRICT,DRIVER_COUNT_16YR,DRIVER_COUNT_17YR,DRIVER_COUNT_18YR,DRIVER_COUNT_19YR,DRIVER_COUNT_20YR,DRIVER_COUNT_50_64YR,DRIVER_COUNT_65_74YR,DRIVER_COUNT_75PLUS,EST_HRS_CLOSED,FATAL_COUNT,HEAVY_TRUCK_COUNT,HORSE_BUGGY_COUNT,HOUR_OF_DAY,ILLUMINATION,INJURY_COUNT,INTERSECT_TYPE,INTERSECTION_RELATED,LANE_CLOSED,LATITUDE,LN_CLOSE_DIR,LOCATION_TYPE,LONGITUDE,MAX_SEVERITY_LEVEL,MCYCLE_DEATH_COUNT,MCYCLE_SUSP_SERIOUS_INJ_COUNT,MOTORCYCLE_COUNT,MUNICIPALITY,NONMOTR_COUNT,NONMOTR_DEATH_COUNT,NONMOTR_SUSP_SERIOUS_INJ_COUNT,NTFY_HIWY_MAINT,PED_COUNT,PED_DEATH_COUNT,PED_SUSP_SERIOUS_INJ_COUNT,PERSON_COUNT,POLICE_AGCY,POSSIBLE_INJ_COUNT,RDWY_SURF_TYPE_CD,RELATION_TO_ROAD,ROAD_CONDITION,ROADWAY_CLEARED,SCH_BUS_IND,SCH_ZONE_IND,SECONDARY_CRASH,SMALL_TRUCK_COUNT,SPEC_JURIS_CD,SUSP_MINOR_INJ_COUNT,SUSP_SERIOUS_INJ_COUNT,SUV_COUNT,TCD_FUNC_CD,TCD_TYPE,TFC_DETOUR_IND,TIME_OF_DAY,TOT_INJ_COUNT,TOTAL_UNITS,UNB_DEATH_COUNT,UNB_SUSP_SERIOUS_INJ_COUNT,UNBELTED_OCC_COUNT,UNK_INJ_DEG_COUNT,UNK_INJ_PER_COUNT,URBAN_AREA,URBAN_RURAL,VAN_COUNT,VEHICLE_COUNT,WEATHER1,WEATHER2,WORK_ZONE_IND,WORK_ZONE_LOC,WORK_ZONE_TYPE,WORKERS_PRES,WZ_CLOSE_DETOUR,WZ_FLAGGER,WZ_LAW_OFFCR_IND,WZ_LN_CLOSURE,WZ_MOVING,WZ_OTHER,WZ_SHLDER_MDN,WZ_WORKERS_INJ_KILLED
2008042185,843,2,0,0,0,0,0,0,0,0,4,0,,67,2,2008,4,40.013,-75.1194,828.0,6,0,0,0,0,0,1,0,0,,0,0,0,8,1,1,1,,0,40 00:46.000,,0,75 07:09.798,8,0,0,0,67301,0,0,0,N,0,0,0,2,67301,0,,1,2,,N,N,,0,,0,0,0,3.0,2,,815,1,2,0,0,1,1,0,3,4,0,2,7,,N,,,,,,,,,,,
2008044633,500,1,0,0,0,0,0,0,0,0,1,0,,67,1,2008,2,39.9485,-75.1644,500.0,6,0,0,0,0,0,1,0,0,,0,0,0,4,3,1,0,,0,39 56:54.461,,0,75 09:51.736,4,0,0,0,67301,0,0,0,N,0,0,0,1,67301,1,,6,9,,N,N,,0,,0,0,1,3.0,2,,445,1,2,0,0,0,0,0,3,4,0,2,7,,N,,,,,,,,,,,
2008119058,1601,0,0,0,0,0,0,0,0,0,8,0,,67,9,2008,7,39.9992,-75.1054,1536.0,6,0,0,0,0,0,1,0,0,1.0,0,0,0,15,1,1,0,,1,39 59:56.968,4.0,0,75 06:19.450,4,0,0,0,67301,1,0,0,N,1,0,0,3,67301,1,,1,1,,N,N,,0,,0,0,0,0.0,0,N,1520,1,2,0,0,0,0,0,3,4,1,1,3,,N,,,,,,,,,,,
2008119081,930,2,0,0,0,0,0,0,0,0,4,0,,67,9,2008,6,40.0007,-75.1434,924.0,6,0,0,0,0,1,1,0,0,,0,0,0,9,1,1,1,,0,40 00:02.520,,0,75 08:36.240,4,0,0,0,67301,0,0,0,N,0,0,0,3,67301,1,,1,1,,N,N,,0,,0,0,0,3.0,2,,900,1,2,0,0,0,0,0,3,4,0,2,3,,N,,,,,,,,,,,
2008087907,1605,0,0,0,0,0,0,1,0,0,8,1,,67,5,2008,2,39.9696,-75.1638,1600.0,6,0,0,0,0,0,1,0,0,,0,0,0,15,1,1,2,,0,39 58:10.761,,0,75 09:49.788,8,0,0,0,67301,1,0,0,N,1,0,0,2,67301,0,,1,1,,N,N,,0,,0,0,0,3.0,3,,1555,1,2,0,0,0,1,0,3,4,0,1,99,,N,,,,,,,,,,,
2008087936,818,0,0,0,0,0,0,0,0,0,1,0,,67,5,2008,3,40.0131,-75.2021,810.0,6,0,0,0,0,0,0,0,0,2.0,0,0,0,8,1,0,0,,2,40 00:47.160,4.0,0,75 12:07.560,0,0,0,0,67301,0,0,0,N,0,0,0,2,67301,0,,1,9,,N,N,,0,,0,0,2,3.0,5,N,800,0,2,0,0,0,0,0,3,4,0,2,99,,N,,,,,,,,,,,
2008095590,1201,1,0,0,0,0,0,0,0,0,4,0,,67,7,2008,5,40.0825,-75.0378,1201.0,6,0,0,0,0,0,1,0,0,1.0,0,0,0,12,1,1,0,,1,40 04:57.142,4.0,0,75 02:15.938,4,0,0,1,67301,0,0,0,N,0,0,0,2,67301,1,,2,1,,N,N,,0,,0,0,0,0.0,0,N,1200,1,2,0,0,0,0,0,3,4,0,2,3,,N,,,,,,,,,,,
2008098161,1618,1,0,0,0,0,0,0,0,0,6,0,,67,7,2008,2,39.9418,-75.166,1612.0,6,0,0,0,0,0,0,0,0,1.0,0,0,0,16,1,3,1,,1,39 56:30.483,1.0,0,75 09:57.442,4,0,0,0,67301,0,0,0,,0,0,0,3,67301,3,,1,1,,,,,0,,0,0,1,9.0,2,Y,1610,3,2,0,0,0,0,0,3,4,0,2,3,,N,,,,,,,,,,,
2008098168,1755,1,0,0,0,0,0,0,0,0,4,1,,67,7,2008,6,40.0252,-75.1254,1750.0,6,0,0,0,0,0,0,0,0,,0,1,0,17,1,5,1,,0,40 01:30.637,,0,75 07:31.531,4,0,0,0,67301,0,0,0,N,0,0,0,6,67301,1,,1,1,,N,N,,0,,0,0,0,0.0,0,,1750,5,2,0,0,3,4,0,3,4,0,2,3,,N,,,,,,,,,,,
2008100202,1835,1,0,0,0,0,0,0,0,0,8,0,,67,7,2008,5,39.9106,-75.173,1830.0,6,0,0,1,0,0,0,0,0,3.0,1,0,0,18,1,1,2,,2,39 54:38.090,2.0,0,75 10:22.871,1,0,0,0,67301,2,1,1,,2,1,1,3,67301,0,2.0,1,1,,,,,0,0.0,0,1,0,3.0,2,Y,1810,1,3,0,0,0,0,0,3,4,0,1,3,,N,,,,,,,,,,,
2008104400,2308,1,0,0,0,0,0,0,0,0,5,0,99.0,67,7,2008,3,40.0155,-75.1767,2310.0,6,0,0,0,0,0,0,0,0,1.0,0,0,0,23,3,1,0,,2,40 00:55.604,1.0,0,75 10:36.111,3,0,0,1,67301,0,0,0,N,0,0,0,2,67301,0,,1,1,,N,N,,0,,1,0,0,3.0,8,Y,2307,1,2,0,0,0,0,0,3,4,0,2,3,,Y,3.0,8.0,N,,,Y,Y,,,,
2008079664,1220,0,0,0,1,0,0,0,0,0,4,0,,67,5,2008,6,40.0638,-75.0835,1215.0,6,0,0,1,0,0,0,0,0,,0,0,0,12,1,1,2,,0,40 03:49.505,,0,75 05:00.516,4,0,0,0,67301,1,0,0,,0,0,0,2,67301,1,,2,1,,N,N,,0,,0,0,1,0.0,0,,1215,1,2,0,0,0,0,0,3,4,0,1,3,,N,,,,,,,,,,,
2008072767,1803,1,0,0,0,0,0,0,0,0,8,0,,67,4,2008,2,40.041,-75.0835,1802.0,6,0,0,0,0,0,1,0,0,,0,0,0,17,1,1,2,,0,40 02:27.441,,0,75 05:00.776,4,0,0,0,67301,1,0,0,,1,0,0,2,67301,1,,1,9,,N,N,,0,,0,0,0,0.0,0,,1727,1,2,0,0,0,0,0,3,4,0,1,7,,N,,,,,,,,,,,
2008104444,849,2,0,0,0,0,0,0,0,0,4,0,,67,6,2008,7,40.0211,-75.1399,846.0,6,0,0,0,0,0,0,0,0,1.0,0,0,0,8,2,1,1,,1,40 01:15.937,1.0,0,75 08:23.758,4,0,0,0,67301,0,0,0,,0,0,0,3,67301,1,,1,1,,N,N,,0,,0,0,0,3.0,2,N,846,1,2,0,0,0,0,1,3,4,0,2,3,,N,,,,,,,,,,,
2008079372,1727,1,0,0,0,0,0,0,0,0,4,0,,67,5,2008,5,40.0685,-75.1684,1711.0,6,0,0,1,0,0,0,0,0,,0,0,0,17,1,0,1,,0,40 04:06.531,,0,75 10:06.081,0,0,0,0,67301,0,0,0,N,0,0,0,3,67301,0,,1,1,,N,N,,0,,0,0,0,9.0,3,,1710,0,2,0,0,0,0,0,3,4,1,2,3,,N,,,,,,,,,,,
2008079385,9999,0,0,0,0,0,0,0,0,0,8,0,,67,5,2008,2,39.9201,-75.1858,1420.0,6,0,0,0,0,0,0,1,0,,0,0,0,14,1,1,2,,0,39 55:12.212,,0,75 11:08.786,8,0,0,0,67301,1,0,0,,1,0,0,2,67301,0,,1,98,,,,,0,,0,0,1,3.0,3,,1410,1,2,0,0,0,1,0,3,4,0,1,99,,N,,,,,,,,,,,
2008082595,2035,1,0,0,0,0,0,0,0,0,8,0,,67,5,2008,6,39.9214,-75.1666,2030.0,6,0,0,0,0,0,0,0,0,,0,0,0,20,1,1,1,,0,39 55:17.162,,0,75 09:59.659,8,0,0,0,67301,1,0,0,N,1,0,0,2,67301,0,,1,1,,N,N,,0,,0,0,0,3.0,3,,2010,1,2,0,0,0,1,1,3,4,0,1,3,,N,,,,,,,,,,,
2008082598,1400,2,0,0,0,0,0,0,0,0,4,0,,67,4,2008,2,39.9052,-75.1398,1353.0,6,0,0,0,0,0,0,0,0,,0,0,0,13,1,1,0,,0,39 54:18.580,,0,75 08:23.250,4,0,0,0,67301,0,0,0,N,0,0,0,2,67301,1,,1,9,,N,,,0,,0,0,0,0.0,0,,1350,1,2,0,0,0,0,0,3,4,0,2,7,,N,,,,,,,,,,,
2008082605,1108,2,0,0,0,0,0,0,0,0,4,0,,67,5,2008,3,39.9748,-75.2502,1100.0,6,0,0,0,0,0,0,0,0,,0,0,0,11,1,1,1,,0,39 58:29.377,,0,75 15:00.568,8,0,0,0,67301,0,0,0,N,0,0,0,2,67301,0,,1,1,,N,N,,0,,0,0,0,9.0,3,,1100,1,2,0,0,0,1,0,3,4,0,2,3,,N,,,,,,,,,,,
2008082629,1240,2,0,0,0,0,0,0,0,0,5,0,,67,5,2008,6,39.9685,-75.16,1232.0,6,0,0,0,0,0,0,0,0,,0,0,0,12,1,2,0,,0,39 58:06.222,,0,75 09:36.118,8,0,0,0,67301,0,0,0,N,0,0,0,5,67301,0,,1,1,,N,N,,0,,0,0,0,3.0,2,,1228,2,2,0,0,2,2,0,3,4,0,2,3,,N,,,,,,,,,,,
2008082652,1620,2,0,0,0,0,0,0,0,0,2,0,,67,5,2008,7,40.038,-75.068,1613.0,6,0,0,0,0,0,0,0,0,,0,0,0,16,1,1,1,,0,40 02:16.789,,0,75 04:04.755,8,0,0,0,67301,0,0,0,N,0,0,0,2,67301,0,,1,1,,N,N,,0,,0,0,0,3.0,2,,1613,1,2,0,0,0,1,0,3,4,0,2,3,,N,,,,,,,,,,,
2008085102,1518,2,0,0,0,0,0,0,0,0,1,0,,67,7,2008,2,39.9451,-75.1908,1506.0,6,0,0,0,0,0,1,0,0,2.0,0,0,0,15,1,2,6,,1,39 56:42.360,4.0,2,75 11:26.880,4,0,0,0,67301,0,0,0,N,0,0,0,4,68K01,2,,1,1,,N,N,,1,,0,0,0,0.0,0,N,1502,2,3,0,0,0,0,0,3,4,0,3,3,,N,,,,,,,,,,,
2008079297,1425,1,0,0,0,0,0,0,0,0,1,1,,67,5,2008,2,39.9389,-75.2103,1430.0,6,0,0,0,0,0,0,0,0,3.0,0,1,0,14,1,1,1,,9,39 56:19.878,2.0,0,75 12:37.109,4,0,0,0,67301,0,0,0,N,0,0,0,3,67301,1,,1,1,,N,N,,0,,0,0,0,0.0,0,N,1415,1,2,0,0,0,0,0,3,4,0,2,3,,N,,,,,,,,,,,
2008082488,1959,2,0,0,0,0,0,0,0,0,4,0,,67,5,2008,4,39.9584,-75.2313,1956.0,6,0,0,0,0,1,1,0,0,1.0,0,0,0,19,1,1,1,,1,39 57:30.398,1.0,0,75 13:52.701,4,0,0,0,67301,0,0,0,N,0,0,0,2,67301,1,,1,1,,N,N,,0,,0,0,0,3.0,3,N,1955,1,2,0,0,0,0,0,3,4,0,2,3,,N,,,,,,,,,,,
2008069630,1015,0,0,0,0,0,0,1,0,0,5,1,,67,4,2008,4,39.9941,-75.1562,951.0,6,0,0,0,0,0,0,0,0,,0,0,0,9,1,2,1,,0,39 59:38.923,,0,75 09:22.158,8,0,0,0,67301,0,0,0,,0,0,0,3,67301,0,,1,1,,,,,0,,0,0,0,3.0,2,,901,2,2,0,0,0,2,1,3,4,1,2,3,,N,,,,,,,,,,,
2008069663,1,2,0,0,0,0,0,0,0,0,4,0,,67,4,2008,6,39.9888,-75.1395,2351.0,6,0,0,1,0,0,0,0,0,,0,0,0,22,3,1,1,,0,39 59:19.820,,0,75 08:22.117,8,0,0,0,67301,0,0,0,,0,0,0,2,67301,0,,1,1,,,,,0,,0,0,0,3.0,3,,2230,1,2,0,0,0,1,0,3,4,0,2,3,,N,,,,,,,,,,,
2008122556,2147,1,0,0,0,0,0,0,0,0,8,0,,67,8,2008,2,40.062,-75.0549,2143.0,6,0,0,0,0,0,0,0,0,,1,0,0,21,2,0,0,,0,40 03:43.369,,0,75 03:17.532,1,0,0,0,67301,1,1,0,,1,1,0,2,67301,0,2.0,1,1,,N,N,,0,0.0,0,0,0,0.0,0,,2143,0,2,0,0,0,0,0,3,4,0,1,3,,N,,,,,,,,,,,
2008120105,1350,1,0,0,0,0,0,0,0,0,4,0,,67,11,2008,4,40.0571,-75.129,1349.0,6,0,0,0,0,0,2,0,0,2.0,0,0,0,13,1,2,1,,1,40 03:25.673,4.0,0,75 07:44.331,3,0,0,0,67301,0,0,0,N,0,0,0,3,46102,1,,1,9,,N,N,,0,,1,0,1,3.0,2,N,1349,2,3,0,0,0,0,0,3,4,1,3,7,,N,,,,,,,,,,,
2008120168,1430,1,0,0,0,0,0,0,0,0,8,0,,67,10,2008,3,39.9283,-75.1907,1426.0,6,0,0,0,0,0,0,1,0,,0,0,0,14,1,1,1,,0,39 55:41.959,,0,75 11:26.689,4,0,0,0,67301,1,0,0,N,1,0,0,2,67301,1,,1,1,,N,N,,0,,0,0,0,3.0,3,,1420,1,2,0,0,0,0,0,3,4,0,1,3,,N,,,,,,,,,,,
2008058194,1810,0,0,0,0,0,0,0,0,0,8,0,,67,4,2008,6,39.9407,-75.2242,1801.0,6,0,0,0,0,0,0,0,0,,0,0,0,17,1,1,1,,0,39 56:26.512,,0,75 13:26.950,8,0,0,0,67301,1,0,0,N,1,0,0,2,67301,0,,1,1,,N,N,,0,,0,0,1,3.0,2,,1730,1,2,0,0,0,1,0,3,4,0,1,3,,N,,,,,,,,,,,
2008058196,835,1,0,0,0,0,0,0,0,0,1,0,,67,4,2008,5,40.0125,-75.1121,828.0,6,0,0,0,0,0,0,0,0,,0,0,0,8,1,1,0,,0,40 00:45.025,,0,75 06:43.563,8,0,0,0,67301,0,0,0,N,0,0,0,4,67301,0,,1,1,,N,Y,,1,,0,0,1,3.0,2,,800,1,3,0,0,0,1,0,3,4,0,3,3,,N,,,,,,,,,,,
2008058219,1705,2,0,0,0,0,0,0,0,0,1,0,,67,3,2008,7,39.9555,-75.2137,1648.0,6,0,0,0,1,0,0,0,0,,0,0,0,16,1,1,0,,0,39 57:19.813,,0,75 12:49.339,4,0,0,0,67301,0,0,0,N,0,0,0,3,67301,1,,1,1,,N,N,,0,,0,0,0,0.0,0,,1642,1,2,0,0,1,0,0,3,4,0,2,3,,N,,,,,,,,,,,
2008049372,1518,2,0,0,0,0,0,0,0,0,1,1,,67,4,2008,4,39.9677,-75.1309,1517.0,6,0,0,1,0,0,1,0,0,2.0,0,1,0,15,1,0,0,,1,39 58:05.020,1.0,0,75 07:48.140,0,0,0,0,67301,0,0,0,N,0,0,0,4,68K01,0,,1,1,,N,N,,1,,0,0,0,0.0,0,N,1516,0,4,0,0,0,0,0,3,4,0,4,3,,N,,,,,,,,,,,
2008046755,1011,1,0,0,0,0,0,0,0,0,7,0,,67,3,2008,6,40.0391,-75.0083,1011.0,6,0,0,0,0,0,0,0,0,,0,0,0,10,1,0,0,,0,40 02:21.375,,0,75 00:28.667,0,0,0,0,67301,0,0,0,N,0,0,0,3,68K01,0,,2,1,,N,N,,0,,0,0,0,0.0,0,,1011,0,1,0,0,0,0,0,3,4,0,1,3,,N,,,,,,,,,,,
2008068554,2132,1,0,0,0,0,0,0,0,0,5,1,,67,5,2008,3,39.8946,-75.1947,2131.0,6,0,0,0,0,0,0,0,0,,0,1,0,21,3,0,0,,0,39 53:44.780,,0,75 11:33.780,9,0,0,0,67301,0,0,0,N,0,0,0,2,68K01,0,,1,9,,N,N,,0,,0,0,0,0.0,0,,2119,0,2,0,0,0,0,1,3,4,0,2,7,,N,,,,,,,,,,,
2008040144,1600,1,0,0,0,0,0,0,0,0,7,0,,67,2,2008,5,40.0636,-75.0543,,6,0,0,0,0,0,0,0,0,,0,0,0,99,1,1,2,,0,40 03:49.000,,0,75 03:15.528,3,0,0,0,67301,0,0,0,N,0,0,0,1,67301,0,,4,1,,N,N,,0,,1,0,0,0.0,0,,9999,1,1,0,0,0,0,0,3,4,0,1,3,,N,,,,,,,,,,,
2008040277,230,2,0,0,0,0,0,0,0,0,4,0,,67,1,2008,5,39.9726,-75.1445,230.0,6,0,0,0,0,0,0,0,0,,0,0,0,2,3,2,1,,0,39 58:21.471,,0,75 08:40.063,8,0,0,0,67301,0,0,0,N,0,0,0,3,67301,0,,1,1,,N,N,,0,,0,0,0,9.0,2,,230,2,2,0,0,0,2,0,3,4,0,2,3,,N,,,,,,,,,,,
2008060264,1740,2,0,0,0,0,0,0,0,0,1,0,,67,3,2008,6,40.02,-75.1507,1733.0,6,0,0,0,0,0,0,0,0,1.0,0,0,0,17,1,1,0,,1,40 01:11.640,1.0,0,75 09:02.520,4,0,0,0,67301,0,0,0,N,0,0,0,4,67301,1,,1,1,,N,N,,0,,0,0,0,0.0,0,N,1733,1,3,0,0,0,0,0,3,4,1,3,3,,N,,,,,,,,,,,
2008060265,1300,3,0,0,0,0,0,0,0,0,4,0,,67,4,2008,5,40.0446,-75.0547,1257.0,6,0,0,0,0,0,1,0,0,1.0,0,0,0,12,1,4,1,,2,40 02:40.636,2.0,0,75 03:16.819,4,0,0,0,67301,0,0,0,N,0,0,0,4,67301,4,,1,1,,N,N,,0,,0,0,0,3.0,2,N,1250,4,3,0,0,0,0,0,3,4,0,3,3,,N,,,,,,,,,,,
2008062760,1301,0,0,0,0,0,0,0,0,0,7,0,,67,5,2008,2,39.9338,-75.2001,1254.0,6,0,0,0,0,0,0,0,0,1.0,0,0,0,12,1,1,0,,1,39 55:59.707,4.0,0,75 12:00.016,8,0,0,0,67301,0,0,0,N,0,0,0,3,68K01,0,,2,9,,N,N,,0,,0,0,0,0.0,0,N,1252,1,1,0,0,0,1,0,3,4,1,1,7,,N,,,,,,,,,,,
2008047375,945,1,0,0,0,0,0,0,0,0,7,0,,67,1,2008,1,40.0195,-75.2012,934.0,6,0,0,0,0,0,1,0,0,,0,0,0,9,1,0,0,,0,40 01:10.041,,0,75 12:04.228,0,0,0,0,67301,0,0,0,N,0,0,0,1,67301,0,,2,1,,N,N,,0,,0,0,0,0.0,0,,930,0,1,0,0,0,0,0,3,4,0,1,3,,N,,,,,,,,,,,
2008027040,1208,1,0,0,0,0,0,1,0,0,4,1,,67,1,2008,5,40.095,-75.0154,1207.0,6,0,0,0,0,0,1,0,0,,0,0,0,99,1,3,1,,0,40 05:41.000,,0,75 00:55.548,4,0,0,0,67301,0,0,0,N,0,0,0,7,67301,3,,1,1,,N,N,,0,,0,0,0,3.0,2,,9999,3,2,0,0,0,0,0,3,4,0,2,3,,N,,,,,,,,,,,
2008062164,825,1,0,0,0,0,0,0,0,0,4,1,,67,3,2008,4,40.0262,-75.209,816.0,6,0,0,0,0,0,0,0,0,3.0,0,1,0,8,1,0,2,,1,40 01:34.364,6.0,0,75 12:32.526,0,0,0,0,67301,0,0,0,N,0,0,0,2,67301,0,,1,9,,N,N,,0,,0,0,0,3.0,3,Y,810,0,2,0,0,0,0,0,3,4,0,2,7,,N,,,,,,,,,,,
2008057255,1633,4,0,0,0,0,0,0,0,0,1,0,,67,3,2008,4,40.0564,-75.0751,1633.0,6,0,0,0,0,0,2,0,0,,0,0,0,15,1,5,1,,0,40 03:22.904,,0,75 04:30.487,3,0,0,0,67301,0,0,0,N,0,0,0,9,67301,0,,1,1,,N,N,,0,,1,0,0,3.0,2,,1553,5,5,0,0,0,4,1,3,4,0,5,3,,N,,,,,,,,,,,
2008057256,2340,2,0,0,0,0,0,0,0,0,4,0,,67,3,2008,2,40.0854,-75.0374,2327.0,6,0,0,0,0,0,0,0,0,,0,0,0,23,3,1,1,,0,40 05:07.675,,0,75 02:14.870,4,0,0,0,67301,0,0,0,N,0,0,0,5,67301,1,,1,9,,N,N,,0,,0,0,0,3.0,2,,2325,1,2,0,0,0,0,0,3,4,0,2,7,,N,,,,,,,,,,,
2008057262,1455,0,0,0,0,0,0,0,0,0,8,0,,67,3,2008,4,40.0107,-75.1261,1454.0,6,0,0,0,0,0,0,0,0,,0,0,0,14,1,1,0,,0,40 00:38.656,,0,75 07:34.125,4,0,0,1,67301,1,0,0,,1,0,0,2,67301,1,,1,1,,N,,,0,,0,0,0,0.0,0,,1453,1,2,0,0,0,0,0,3,4,0,1,3,,N,,,,,,,,,,,
2008057284,2032,2,0,0,0,0,0,0,0,0,4,0,,67,3,2008,3,40.0743,-75.0348,2030.0,6,0,0,0,0,0,1,0,0,1.0,0,0,0,20,3,0,1,,1,40 04:27.540,1.0,0,75 02:05.368,0,0,0,0,67301,0,0,0,,0,0,0,4,67301,0,,1,9,,N,N,,0,,0,0,0,3.0,2,N,2025,0,2,0,0,0,0,0,3,4,0,2,7,,N,,,,,,,,,,,
2008057322,1235,3,0,0,0,0,0,0,0,0,4,0,,67,3,2008,1,40.0296,-75.0868,1230.0,6,0,0,0,0,0,0,0,1,,0,0,0,12,1,4,1,,0,40 01:46.557,,0,75 05:12.595,4,0,0,0,67301,0,0,0,N,0,0,0,9,67301,2,,1,9,,N,N,,0,,0,0,0,3.0,2,,1225,4,3,0,0,0,2,0,3,4,0,3,3,,N,,,,,,,,,,,
2008052207,1150,0,0,0,0,0,0,0,0,0,7,0,,67,2,2008,6,39.9718,-75.1227,1142.0,6,0,0,0,0,0,0,0,0,1.0,0,0,0,11,1,0,0,,1,39 58:23.907,1.0,0,75 07:12.888,0,0,0,0,67301,0,0,0,N,0,0,0,1,67301,0,,2,7,,N,N,,0,,0,0,1,0.0,0,N,1135,0,1,0,0,0,0,0,3,4,0,1,10,,N,,,,,,,,,,,
2008057360,130,1,0,0,0,0,0,0,0,0,7,0,,67,3,2008,7,40.09,-75.0463,125.0,6,0,0,1,0,0,0,0,0,,0,0,0,1,3,1,0,,0,40 05:23.878,,0,75 02:46.838,8,0,0,0,67301,0,0,0,N,0,0,0,1,67301,0,,4,1,,N,N,,0,,0,0,0,0.0,0,,125,1,1,0,0,1,1,0,3,4,0,1,3,,N,,,,,,,,,,,
2008057362,1225,0,0,0,0,0,0,0,0,0,4,0,,67,4,2008,3,40.0984,-75.0471,1215.0,6,0,0,0,0,0,0,0,0,,0,0,0,12,1,2,1,,0,40 05:54.088,,0,75 02:49.438,4,0,0,0,67301,0,0,0,N,0,0,0,3,67301,2,,1,9,,N,N,,1,,0,0,1,3.0,2,,1215,2,2,0,0,2,0,0,3,4,0,2,7,,N,,,,,,,,,,,
2008057681,1935,2,0,0,0,0,0,0,0,0,4,0,,67,4,2008,3,39.9535,-75.1734,1927.0,6,0,0,0,0,0,0,0,0,,0,0,0,19,3,1,0,,0,39 57:12.785,,0,75 10:24.316,3,0,0,0,67301,0,0,0,N,0,0,0,3,67301,0,,1,1,,N,N,,0,,1,0,0,0.0,0,,1927,1,2,0,0,0,0,0,3,4,0,2,3,,N,,,,,,,,,,,
2008032312,1541,2,0,0,0,0,0,0,0,0,1,0,,67,2,2008,7,39.9326,-75.2,1510.0,6,0,0,0,0,0,0,0,0,,0,0,0,15,1,0,0,,0,39 56:02.000,,0,75 11:59.699,9,0,0,0,67301,0,0,0,N,0,0,0,4,68K01,0,,1,1,,N,N,,0,,0,0,0,0.0,0,,1509,0,2,0,0,0,0,1,3,4,0,2,3,,N,,,,,,,,,,,
2008044632,9999,1,0,0,0,0,0,0,0,0,8,0,,67,1,2008,2,39.9465,-75.1595,9999.0,6,0,0,0,0,0,0,0,0,,0,0,0,20,1,1,0,,0,39 56:47.451,,0,75 09:34.048,4,0,0,0,67301,1,0,0,N,1,0,0,2,67301,1,,1,1,,N,N,,0,,0,0,0,0.0,0,,2010,1,2,0,0,0,0,0,3,4,0,1,3,,N,,,,,,,,,,,
2008119121,1158,1,0,0,1,0,0,0,0,0,4,0,,67,9,2008,3,39.9466,-75.1805,1151.0,6,0,0,0,0,0,0,0,0,,0,0,0,11,1,1,1,,0,39 56:47.637,,0,75 10:49.900,8,0,0,0,67301,1,0,0,N,0,0,0,2,67301,0,,1,9,,N,N,,0,,0,0,0,3.0,2,,1128,1,2,0,0,0,1,1,3,4,0,1,3,,N,,,,,,,,,,,
2008114224,1555,2,0,0,0,0,0,0,0,0,5,0,,67,10,2008,2,39.9567,-75.1436,1533.0,6,0,0,0,0,0,0,0,0,,0,0,0,15,1,0,3,,0,39 57:26.620,,2,75 08:49.700,9,0,0,0,67301,0,0,0,N,0,0,0,2,68K01,0,,1,1,,N,N,,0,,0,0,0,0.0,0,,1524,0,2,0,0,0,0,1,3,4,0,2,3,,N,,,,,,,,,,,
2008087940,943,1,0,0,0,0,0,0,0,0,6,0,,67,6,2008,6,39.9697,-75.2115,940.0,6,0,0,0,0,0,0,0,0,,0,0,0,9,1,1,1,,0,39 58:10.747,,0,75 12:41.275,8,0,0,0,67301,0,0,0,N,0,0,0,2,67301,0,,1,1,,N,N,,0,,0,0,0,3.0,2,,940,1,2,0,0,0,1,0,3,4,1,2,3,,N,,,,,,,,,,,
2008100205,1130,1,0,0,0,0,0,0,0,0,8,0,,67,7,2008,6,39.9984,-75.2323,1126.0,6,0,0,0,0,0,0,0,0,,1,0,0,11,1,0,0,,0,39 59:56.767,,0,75 13:51.113,1,0,0,0,67301,1,1,0,N,1,1,0,4,67301,0,2.0,1,1,,N,N,,0,0.0,0,0,0,0.0,0,,1123,0,2,0,0,0,0,0,3,4,0,1,3,,N,,,,,,,,,,,
2008101794,1521,1,0,0,0,0,0,0,0,0,7,0,,67,9,2008,7,40.02,-75.0445,1521.0,6,0,0,0,0,0,0,0,0,1.0,0,0,0,15,1,0,0,,1,40 01:11.795,2.0,0,75 02:40.316,0,0,0,0,67301,0,0,0,N,0,0,0,2,68K01,0,,3,9,,N,N,,0,,0,0,0,0.0,0,N,1521,0,1,0,0,0,0,0,3,4,0,1,7,,N,,,,,,,,,,,