CRN,ARRIVAL_TM,AUTOMOBILE_COUNT,BELTED_DEATH_COUNT,BELTED_SUSP_SERIOUS_INJ_COUNT,BICYCLE_COUNT,BICYCLE_DEATH_COUNT,BICYCLE_SUSP_SERIOUS_INJ_COUNT,BUS_COUNT,CHLDPAS_DEATH_COUNT,CHLDPAS_SUSP_SERIOUS_INJ_COUNT,COLLISION_TYPE,COMM_VEH_COUNT,CONS_ZONE_SPD_LIM,COUNTY,CRASH_MONTH,CRASH_YEAR,DAY_OF_WEEK,DEC_LAT,DEC_LONG,DISPATCH_TM,DISTRICT,DRIVER_COUNT_16YR,DRIVER_COUNT_17YR,DRIVER_COUNT_18YR,DRIVER_COUNT_19YR,DRIVER_COUNT_20YR,DRIVER_COUNT_50_64YR,DRIVER_COUNT_65_74YR,DRIVER_COUNT_75PLUS,EST_HRS_CLOSED,FATAL_COUNT,HEAVY_TRUCK_COUNT,HORSE_BUGGY_COUNT,HOUR_OF_DAY,ILLUMINATION,INJURY_COUNT,INTERSECT_TYPE,INTERSECTION_RELATED,LANE_CLOSED,LATITUDE,LN_CLOSE_DIR,LOCATION_TYPE,LONGITUDE,MAX_SEVERITY_LEVEL,MCYCLE_DEATH_COUNT,MCYCLE_SUSP_SERIOUS_INJ_COUNT,MOTORCYCLE_COUNT,MUNICIPALITY,NONMOTR_COUNT,NONMOTR_DEATH_COUNT,NONMOTR_SUSP_SERIOUS_INJ_COUNT,NTFY_HIWY_MAINT,PED_COUNT,PED_DEATH_COUNT,PED_SUSP_SERIOUS_INJ_COUNT,PERSON_COUNT,POLICE_AGCY,POSSIBLE_INJ_COUNT,RDWY_SURF_TYPE_CD,RELATION_TO_ROAD,ROAD_CONDITION,ROADWAY_CLEARED,SCH_BUS_IND,SCH_ZONE_IND,SECONDARY_CRASH,SMALL_TRUCK_COUNT,SPEC_JURIS_CD,SUSP_MINOR_INJ_COUNT,SUSP_SERIOUS_INJ_COUNT,SUV_COUNT,TCD_FUNC_CD,TCD_TYPE,TFC_DETOUR_IND,TIME_OF_DAY,TOT_INJ_COUNT,TOTAL_UNITS,UNB_DEATH_COUNT,UNB_SUSP_SERIOUS_INJ_COUNT,UNBELTED_OCC_COUNT,UNK_INJ_DEG_COUNT,UNK_INJ_PER_COUNT,URBAN_AREA,URBAN_RURAL,VAN_COUNT,VEHICLE_COUNT,WEATHER1,WEATHER2,WORK_ZONE_IND,WORK_ZONE_LOC,WORK_ZONE_TYPE,WORKERS_PRES,WZ_CLOSE_DETOUR,WZ_FLAGGER,WZ_LAW_OFFCR_IND,WZ_LN_CLOSURE,WZ_MOVING,WZ_OTHER,WZ_SHLDER_MDN,WZ_WORKERS_INJ_KILLED
2008101800,1142,0,0,0,0,0,0,0,0,0,7,1,,67,9,2008,3,39.9348,-75.1998,1137.0,6,0,0,0,0,0,0,0,0,4.0,0,1,0,11,1,1,0,,2,39 56:10.370,6.0,0,75 11:58.219,3,0,0,0,67301,0,0,0,Y,0,0,0,1,68K01,0,,2,9,,N,N,,0,,1,0,0,0.0,0,Y,1136,1,1,0,0,0,0,0,3,4,0,1,7,,N,,,,,,,,,,,
2008101801,1630,1,0,0,0,0,0,0,0,0,1,0,,67,9,2008,4,39.9649,-75.1373,1630.0,6,0,0,0,0,0,0,0,0,,0,0,0,16,1,0,0,,0,39 57:52.702,,0,75 08:15.273,9,0,0,0,67301,0,0,0,N,0,0,0,2,68K01,0,,1,1,,N,N,,0,,0,0,0,0.0,0,,1629,0,2,0,0,0,0,1,3,4,1,2,3,,N,,,,,,,,,,,
2008079391,359,2,0,0,0,0,0,0,0,0,6,0,,67,6,2008,1,39.9904,-75.1401,357.0,6,0,0,0,1,0,0,0,0,,0,0,0,2,3,3,1,,0,39 59:25.591,,0,75 08:24.266,8,0,0,0,67301,0,0,0,N,0,0,0,6,67301,0,,1,1,,N,N,,0,,0,0,0,1.0,3,,239,3,2,0,0,0,3,1,3,4,0,2,3,,N,,,,,,,,,,,
2008082660,45,2,0,0,0,0,0,0,0,0,2,0,,67,5,2008,6,39.9461,-75.1579,41.0,6,0,0,0,0,0,0,0,0,,0,0,0,0,3,1,2,,0,39 56:46.021,,0,75 09:28.421,4,0,0,0,67301,0,0,0,,0,0,0,2,67301,1,,1,1,,N,N,,0,,0,0,0,3.0,2,,40,1,2,0,0,0,0,0,3,4,0,2,3,,N,,,,,,,,,,,
2008072519,2340,1,0,0,0,0,0,0,0,0,0,0,,67,4,2008,6,40.0629,-75.2087,2331.0,6,0,0,1,0,0,0,0,0,,0,0,0,23,3,1,0,,0,40 03:46.306,,0,75 12:31.190,8,0,0,0,67301,0,0,0,N,0,0,0,3,67301,0,,1,1,,N,N,,0,,0,0,0,0.0,0,,2325,1,1,0,0,1,1,0,3,4,0,1,3,,N,,,,,,,,,,,
2008079283,1819,2,0,0,0,0,0,0,0,0,4,0,,67,5,2008,6,40.0405,-75.0474,1819.0,6,0,0,0,1,0,0,0,0,,0,0,0,18,4,0,1,,0,40 02:25.792,,0,75 02:50.463,0,0,0,0,67301,0,0,0,,0,0,0,4,67301,0,,1,9,,N,N,,0,,0,0,0,3.0,2,,1810,0,2,0,0,0,0,0,3,4,0,2,7,,N,,,,,,,,,,,
2008082404,940,1,0,0,0,0,0,0,0,0,8,0,,67,5,2008,6,39.9661,-75.2359,934.0,6,0,0,0,0,0,0,0,0,,0,0,0,9,1,1,1,,0,39 57:57.913,,0,75 14:09.124,4,0,0,0,67301,1,0,0,,1,0,0,2,67301,1,,1,9,,N,N,,0,,0,0,0,3.0,3,,934,1,2,0,0,0,0,0,3,4,0,1,7,,N,,,,,,,,,,,
2008072067,900,0,0,0,0,0,0,0,0,0,7,0,,67,4,2008,3,39.9891,-75.0896,844.0,6,0,0,0,0,0,0,0,0,,0,0,0,99,1,1,1,,0,39 59:20.627,,0,75 05:22.627,8,0,0,0,67301,0,0,0,,0,0,0,1,67301,0,,5,1,,N,N,,0,,0,0,0,9.0,2,,9999,1,1,0,0,1,1,0,3,4,1,1,3,,N,,,,,,,,,,,
2008072090,1614,1,0,0,0,0,0,0,0,0,4,1,,67,5,2008,7,39.9982,-75.1013,1611.0,6,0,0,1,0,0,0,0,0,,0,1,0,16,1,3,1,,0,39 59:53.463,,0,75 06:04.518,8,0,0,0,67301,0,0,0,N,0,0,0,4,67301,0,,1,1,,N,N,,0,,0,0,0,0.0,0,,1611,3,2,0,0,0,3,0,3,4,0,2,3,,N,,,,,,,,,,,
2008069691,9999,0,0,0,0,0,0,0,0,0,4,0,,67,4,2008,4,40.0603,-75.0739,954.0,6,0,0,0,0,0,1,0,0,,0,0,0,9,1,2,1,,0,40 03:37.231,,0,75 04:26.101,4,0,0,0,67301,0,0,0,N,0,0,0,2,67301,2,,1,1,,N,N,,0,,0,0,2,3.0,3,,950,2,2,0,0,0,0,0,3,4,0,2,3,,N,,,,,,,,,,,
2008120130,9999,0,0,0,0,0,0,0,0,0,8,0,,67,9,2008,6,40.0247,-75.156,9999.0,6,0,0,0,0,0,0,0,0,,0,0,0,99,1,1,2,,0,40 01:28.956,,0,75 09:21.661,4,0,0,0,67301,1,0,0,N,1,0,0,2,67301,1,,1,1,,N,N,,0,,0,0,0,0.0,0,,9999,1,2,0,0,0,0,1,3,4,0,1,3,,N,,,,,,,,,,,
2008120226,329,2,0,0,0,0,0,0,0,0,2,0,,67,9,2008,3,,,321.0,6,0,0,0,0,0,0,0,0,3.0,0,0,0,3,3,0,0,,2,,1.0,0,,0,0,0,0,67301,0,0,0,N,0,0,0,1,67301,0,,6,1,,N,N,,0,,0,0,0,0.0,0,Y,318,0,3,0,0,0,0,0,3,3,1,3,3,,N,,,,,,,,,,,
2008125168,110,1,0,0,0,0,0,0,0,0,2,0,,67,8,2008,2,40.0047,-75.1521,109.0,6,0,0,0,0,0,1,0,0,,1,0,0,1,3,0,1,,0,40 00:16.847,,0,75 09:07.652,1,1,0,1,67301,0,0,0,N,0,0,0,2,67301,0,2.0,1,1,,,,,0,9.0,0,0,0,3.0,2,,105,0,2,0,0,0,0,0,3,4,0,2,3,,N,,,,,,,,,,,
2008135563,1729,0,0,0,0,0,0,0,0,0,7,0,,67,12,2008,4,40.0303,-75.0221,1729.0,6,0,0,0,0,0,0,0,0,,0,0,0,16,3,1,0,,0,40 01:47.231,,0,75 01:20.413,4,0,0,0,67301,0,0,0,N,0,0,0,1,68K01,1,,3,9,,N,N,,0,,0,0,1,0.0,0,,1654,1,1,0,0,0,0,0,3,4,0,1,98,,N,,,,,,,,,,,
2008132813,2218,1,0,0,0,0,0,0,0,0,1,0,,67,11,2008,7,39.9672,-75.1328,2208.0,6,0,0,0,0,0,0,0,0,,0,0,0,22,3,1,0,,0,39 58:02.074,,0,75 07:57.932,8,0,0,0,67301,0,0,0,N,0,0,0,2,68K01,0,,1,1,,N,N,,0,,0,0,0,0.0,0,,2205,1,2,0,0,1,1,0,3,4,1,2,3,,N,,,,,,,,,,,
2008132933,1236,2,0,0,0,0,0,0,0,0,1,0,,67,10,2008,4,40.0544,-75.0053,1229.0,6,0,0,0,1,0,0,1,0,,0,0,0,12,1,1,0,,0,40 03:15.678,,0,75 00:19.123,8,0,0,0,67301,0,0,0,N,0,0,0,4,67301,0,,1,1,,N,N,,0,,0,0,0,0.0,0,,1228,1,2,0,0,0,1,0,3,4,0,2,3,,N,,,,,,,,,,,
2008066368,234,2,0,0,0,0,0,0,0,0,1,0,,67,5,2008,3,39.8908,-75.2395,231.0,6,0,0,0,0,0,0,0,0,,0,0,0,2,3,1,0,,0,39 53:22.200,,2,75 14:28.320,8,0,0,0,67301,0,0,0,N,0,0,0,2,68K01,0,,1,1,,N,N,,0,,0,0,0,0.0,0,,230,1,2,0,0,0,1,1,3,4,0,2,3,,N,,,,,,,,,,,
2008058861,1716,2,0,0,0,0,0,0,0,0,1,0,,67,5,2008,7,39.9578,-75.1621,1716.0,6,0,0,0,0,0,0,2,0,,0,0,0,17,1,0,0,,0,39 57:28.150,,0,75 09:43.643,0,0,0,0,67301,0,0,0,N,0,0,0,4,68K01,0,,1,1,,N,N,,1,,0,0,0,0.0,0,,1716,0,3,0,0,0,0,0,3,4,0,3,3,,N,,,,,,,,,,,
2008059065,1223,0,0,0,0,0,0,1,0,0,1,1,,67,3,2008,2,40.0867,-74.9594,1219.0,6,0,0,0,0,0,1,0,0,,0,0,0,12,1,1,0,,0,40 05:12.055,,0,74 57:33.692,4,0,0,0,67301,1,0,0,,0,0,0,2,67301,1,,6,9,,,,,0,,0,0,0,0.0,0,,1215,1,2,0,0,0,0,0,3,4,1,2,7,,N,,,,,,,,,,,
2008059083,1717,2,0,0,0,0,0,0,0,0,4,0,,67,3,2008,2,40.0578,-75.0414,1715.0,6,0,0,0,0,0,1,0,0,,0,0,0,17,1,1,1,,0,40 03:27.902,,0,75 02:30.079,4,0,0,0,67301,0,0,0,N,0,0,0,5,67301,1,,1,1,,N,N,,0,,0,0,0,3.0,2,,1715,1,2,0,0,0,0,0,3,4,0,2,3,,N,,,,,,,,,,,
2008056279,124,1,0,0,0,0,0,0,0,0,7,0,,67,4,2008,2,39.9868,-75.2079,120.0,6,0,0,0,0,0,0,0,0,2.0,0,0,0,1,3,0,0,,2,39 59:16.371,4.0,0,75 12:26.382,0,0,0,0,67301,0,0,0,N,0,0,0,2,68K01,0,,3,9,,N,N,,0,,0,0,0,0.0,0,N,118,0,1,0,0,0,0,0,3,4,0,1,7,,N,,,,,,,,,,,
2008059208,804,2,0,0,0,0,0,0,0,0,2,0,,67,4,2008,3,39.9984,-75.1766,753.0,6,0,0,0,0,0,1,0,0,,0,0,0,7,1,1,1,,0,39 59:54.384,,0,75 10:35.817,8,0,0,0,67301,0,0,0,N,0,0,0,2,67301,0,,1,9,,N,N,,0,,0,0,0,3.0,3,,750,1,2,0,0,0,1,0,3,4,0,2,7,,N,,,,,,,,,,,
2008051377,1235,2,0,0,0,0,0,0,0,0,4,0,,67,3,2008,3,40.0244,-75.0628,1231.0,6,0,0,0,0,0,0,0,0,,0,0,0,12,1,1,1,,0,40 01:27.951,,0,75 03:46.122,8,0,0,0,67301,0,0,0,N,0,0,0,2,67301,0,,1,1,,N,N,,0,,0,0,0,3.0,2,,1220,1,2,0,0,0,1,0,3,4,0,2,3,,N,,,,,,,,,,,
2008054062,1502,1,0,0,0,0,0,0,0,0,4,0,,67,1,2008,3,39.957,-75.2133,1501.0,6,0,0,0,0,0,0,0,0,3.0,0,0,0,14,1,0,1,,1,39 57:25.245,3.0,0,75 12:47.991,0,0,0,0,67301,0,0,0,N,0,0,0,3,67301,0,,1,9,,N,N,,0,,0,0,0,3.0,2,N,1456,0,2,0,0,0,0,0,3,4,1,2,10,,N,,,,,,,,,,,
2008054074,1155,1,0,0,0,0,0,0,0,0,4,0,,67,3,2008,6,40.0629,-75.0517,1145.0,6,0,1,0,0,0,0,1,0,,0,0,0,11,1,0,0,,0,40 03:46.322,,0,75 03:06.269,0,0,0,0,67301,0,0,0,N,0,0,0,2,67301,0,,1,1,,N,N,,1,,0,0,0,0.0,0,,1135,0,2,0,0,0,0,0,3,4,0,2,3,,N,,,,,,,,,,,
2008051574,1759,1,0,0,0,0,0,0,0,0,7,0,,67,2,2008,1,40.084,-74.9903,1756.0,6,0,0,0,0,0,0,0,0,,0,0,0,15,1,0,0,,0,40 05:02.399,,0,74 59:25.121,0,0,0,0,67301,0,0,0,N,0,0,0,1,67301,0,,5,1,,N,N,,0,,0,0,0,0.0,0,,1553,0,1,0,0,0,0,0,3,4,0,1,3,,N,,,,,,,,,,,
2008054206,1826,2,0,0,0,0,0,0,0,0,4,0,,67,1,2008,4,40.0687,-75.0673,1821.0,6,0,0,1,0,0,0,0,0,1.0,0,0,0,18,3,0,2,,1,40 04:07.380,4.0,0,75 04:02.423,0,0,0,0,67301,0,0,0,N,0,0,0,2,67301,0,,1,1,,N,N,,0,,0,0,0,3.0,2,N,1820,0,2,0,0,0,0,0,3,4,0,2,3,,N,,,,,,,,,,,
2008051760,650,1,0,0,0,0,0,0,0,0,4,0,,67,3,2008,1,40.0184,-75.1491,648.0,6,0,0,0,0,0,0,0,0,2.0,0,0,0,6,3,3,2,,1,40 01:06.336,2.0,0,75 08:56.890,3,0,0,0,67301,0,0,0,N,0,0,0,3,67301,0,,1,1,,N,N,,0,,3,0,1,0.0,0,N,648,3,2,0,0,3,0,0,3,4,0,2,3,,N,,,,,,,,,,,
2008049347,757,2,0,0,0,0,0,0,0,0,1,1,,67,3,2008,2,39.9569,-75.1547,757.0,6,0,0,0,0,0,1,0,0,3.0,0,1,0,7,1,2,0,,1,39 57:24.917,4.0,0,75 09:16.621,8,0,0,0,67301,0,0,0,N,0,0,0,9,68K01,0,,1,1,,N,N,,0,,0,0,0,0.0,0,N,754,2,4,0,0,0,2,0,3,4,1,4,3,,N,,,,,,,,,,,
2008046788,1637,3,0,0,0,0,0,0,0,0,1,0,,67,4,2008,6,39.9594,-75.1738,1632.0,6,0,0,1,1,0,0,0,0,1.0,0,0,0,16,1,4,0,,1,39 57:33.938,4.0,0,75 10:27.276,8,0,0,0,67301,0,0,0,N,0,0,0,10,68K01,0,,1,1,,N,N,,0,,0,0,0,0.0,0,N,1628,4,3,0,0,0,4,0,3,4,0,3,3,,N,,,,,,,,,,,
2008050240,805,2,0,0,0,0,0,0,0,0,4,0,,67,2,2008,6,40.0788,-74.9986,757.0,6,0,0,0,0,0,1,0,0,,0,0,0,7,1,1,2,,0,40 04:43.744,,0,74 59:54.870,4,0,0,0,67301,0,0,0,,0,0,0,2,67301,1,,1,1,,N,N,,0,,0,0,0,3.0,2,,755,1,2,0,0,0,0,0,3,4,0,2,3,,N,,,,,,,,,,,
2008047926,750,1,0,0,0,0,0,0,0,0,5,0,,67,1,2008,2,40.0162,-75.1533,747.0,6,0,0,0,0,0,1,0,0,,0,0,0,7,1,1,0,,0,40 00:58.298,,0,75 09:11.875,4,0,0,0,67301,0,0,0,,0,0,0,1,67301,1,,6,1,,N,N,,0,,0,0,1,0.0,0,,745,1,2,0,0,0,0,0,3,4,0,2,3,,N,,,,,,,,,,,
2008047932,9999,2,0,0,0,0,0,0,0,0,8,0,,67,1,2008,1,39.9907,-75.1138,35.0,6,0,0,0,0,0,0,0,0,,0,0,0,0,3,1,0,,0,39 59:26.595,,0,75 06:49.676,3,0,0,0,67301,1,0,0,,1,0,0,2,67301,0,,1,1,,,,,0,,1,0,0,0.0,0,,31,1,3,0,0,0,0,0,3,4,0,2,3,,N,,,,,,,,,,,
2008050050,402,1,0,0,0,0,0,0,0,0,1,0,,67,4,2008,7,39.9961,-75.2374,400.0,6,0,0,0,0,0,0,0,0,2.0,0,0,0,4,3,0,0,,2,39 59:48.480,2.0,0,75 14:09.240,0,0,0,0,67301,0,0,0,N,0,0,0,1,46104,0,,1,9,,N,N,,0,,0,0,1,0.0,0,N,400,0,2,0,0,0,0,0,3,4,0,2,3,,N,,,,,,,,,,,
2008047847,1225,1,0,0,0,0,0,0,0,0,8,0,,67,2,2008,6,39.9494,-75.1588,1250.0,6,0,0,0,0,0,1,0,0,,0,0,0,9,1,1,1,,0,39 56:58.016,,0,75 09:31.701,4,0,0,0,67301,1,0,0,,1,0,0,2,67301,1,,1,9,,,,,0,,0,0,0,2.0,2,,920,1,2,0,0,0,0,0,3,4,0,1,7,,N,,,,,,,,,,,
2008040544,1800,2,0,0,0,0,0,0,0,0,4,0,,67,2,2008,3,40.0686,-75.0083,1743.0,6,0,0,0,0,0,0,0,0,,0,0,0,17,3,2,0,,0,40 04:06.000,,0,75 00:29.902,4,0,0,0,67301,0,0,0,,0,0,0,6,67301,2,,1,7,,N,N,,0,,0,0,0,0.0,0,,1735,2,2,0,0,0,0,0,3,4,0,2,9,,N,,,,,,,,,,,
2008024044,250,1,0,0,0,0,0,0,0,0,7,0,,67,1,2008,3,,,245.0,6,0,0,0,0,0,0,0,0,,0,0,0,2,3,1,0,,0,,,0,,8,0,0,0,67301,0,0,0,N,0,0,0,1,67301,0,,2,1,,N,N,,0,,0,0,0,0.0,0,,240,1,1,0,0,0,1,0,3,3,0,1,3,,N,,,,,,,,,,,
2008040753,2106,2,0,0,0,0,0,0,0,0,2,0,,67,2,2008,3,40.0194,-75.149,2103.0,6,0,0,0,0,0,1,0,0,2.0,0,0,0,21,3,1,0,,2,40 01:09.000,1.0,0,75 08:56.501,3,0,0,0,67301,0,0,0,,0,0,0,1,67301,0,,1,1,,,,,0,,1,0,0,0.0,0,Y,2101,1,2,0,0,0,0,0,3,4,0,2,3,,N,,,,,,,,,,,
2008050594,1106,2,0,0,0,0,0,0,0,0,4,0,,67,2,2008,5,40.0294,-75.1247,1056.0,6,0,0,0,1,0,0,1,0,2.0,0,0,0,10,1,1,1,,1,40 01:45.919,2.0,0,75 07:28.901,8,0,0,0,67301,0,0,0,N,0,0,0,2,67301,0,,1,1,,N,N,,0,,0,0,0,3.0,2,Y,1040,1,2,0,0,0,1,0,3,4,0,2,3,,N,,,,,,,,,,,
2008050756,1255,0,0,0,0,0,0,0,0,0,6,0,,67,2,2008,2,39.9975,-75.1538,1250.0,6,0,0,0,0,0,0,0,0,,0,0,0,12,1,1,0,,0,39 59:50.894,,0,75 09:13.759,8,0,0,0,67301,0,0,0,,0,0,0,1,67301,0,,1,1,,,,,0,,0,0,1,0.0,0,,1245,1,2,0,0,0,1,0,3,4,1,2,3,,N,,,,,,,,,,,
2008050800,1623,2,0,0,0,0,0,0,0,0,4,0,,67,2,2008,1,40.0286,-75.0853,1620.0,6,0,0,0,0,0,0,0,0,,0,0,0,16,1,4,1,,0,40 01:42.798,,0,75 05:07.223,4,0,0,0,67301,0,0,0,N,0,0,0,5,67301,4,,1,1,,N,N,,0,,0,0,0,3.0,2,,1618,4,2,0,0,0,0,1,3,4,0,2,3,,N,,,,,,,,,,,
2008050846,1525,0,0,0,0,0,0,0,0,0,4,0,,67,2,2008,3,40.0577,-75.0625,1522.0,6,0,0,0,0,0,1,0,0,,0,0,0,15,1,2,1,,0,40 03:27.784,,0,75 03:44.866,8,0,0,0,67301,0,0,0,,0,0,0,2,67301,0,,1,1,,N,N,,0,,0,0,1,3.0,3,,1518,2,2,0,0,0,2,0,3,4,1,2,3,,N,,,,,,,,,,,
2008069270,2357,3,0,0,0,0,0,0,0,0,4,0,,67,4,2008,1,39.9587,-75.2333,2355.0,6,0,0,0,0,0,1,0,0,,0,0,0,23,3,2,1,,0,39 57:31.338,,0,75 14:00.034,8,0,0,0,67301,0,0,0,N,0,0,0,2,67301,0,,1,1,,N,N,,0,,0,0,1,0.0,0,,2355,2,4,0,0,0,2,0,3,4,0,4,3,,N,,,,,,,,,,,
2008069281,711,2,0,0,0,0,0,0,0,0,1,0,,67,4,2008,3,39.971,-75.215,711.0,6,0,0,0,0,0,0,0,0,,0,0,0,7,1,1,1,,0,39 58:15.428,,0,75 12:53.966,3,0,0,0,67301,0,0,0,N,0,0,0,3,67301,0,,1,1,,N,N,,0,,1,0,0,3.0,3,,708,1,3,0,0,0,0,0,3,4,0,3,3,,N,,,,,,,,,,,
2008069305,1520,3,0,0,0,0,0,0,0,0,4,0,,67,4,2008,6,40.0252,-75.1252,1514.0,6,0,0,0,0,0,1,1,0,1.0,0,0,0,15,1,0,0,,1,40 01:30.729,1.0,0,75 07:30.908,0,0,0,0,67301,0,0,0,N,0,0,0,4,67301,0,,1,1,,N,N,,0,,0,0,0,3.0,2,N,1514,0,3,0,0,0,0,0,3,4,0,3,3,,N,,,,,,,,,,,
2008108965,1505,2,0,0,0,0,0,0,0,0,4,0,,67,8,2008,6,39.9932,-75.1069,1445.0,6,0,0,0,0,0,0,0,0,,0,0,0,13,1,5,1,,0,39 59:35.462,,0,75 06:24.911,4,0,0,0,67301,0,0,0,,0,0,0,6,67301,5,,1,1,,N,N,,0,,0,0,0,3.0,3,,1357,5,2,0,0,0,0,1,3,4,0,2,3,,N,,,,,,,,,,,
2008108975,1659,2,0,0,0,0,0,0,0,0,6,0,,67,8,2008,2,39.9196,-75.2402,1658.0,6,0,0,0,0,0,0,1,0,,0,0,0,16,1,1,1,,0,39 55:10.650,,0,75 14:24.889,4,0,0,0,67301,0,0,0,N,0,0,0,2,67301,1,,1,1,,N,N,,0,,0,0,0,3.0,2,,1650,1,2,0,0,0,0,0,3,4,0,2,3,,N,,,,,,,,,,,
2008118554,1601,1,0,0,1,0,0,0,0,0,4,0,,67,9,2008,5,39.9528,-75.1668,1600.0,6,0,0,0,1,0,0,0,0,,0,0,0,15,1,1,0,,0,39 57:10.015,,0,75 10:00.573,3,0,0,0,67301,1,0,0,,0,0,0,2,67301,0,,1,1,,,,,0,,1,0,0,0.0,0,,1514,1,2,0,0,0,0,0,3,4,0,1,3,,N,,,,,,,,,,,
2008108657,332,2,0,0,0,0,0,0,0,0,4,0,,67,8,2008,1,40.013,-75.1194,332.0,6,0,0,1,0,0,0,0,0,,0,0,0,3,3,0,1,,0,40 00:46.714,,0,75 07:09.798,9,0,0,0,67301,0,0,0,N,0,0,0,3,67301,0,,1,1,,N,N,,0,,0,0,0,3.0,2,,332,0,2,0,0,0,0,1,3,4,0,2,3,,N,,,,,,,,,,,
2008069387,1420,0,0,0,0,0,0,0,0,0,4,0,,67,2,2008,4,39.974,-75.1788,1420.0,6,0,0,0,0,0,1,0,0,,0,0,0,14,1,1,1,,0,39 58:26.322,,0,75 10:43.823,8,0,0,0,67301,0,0,0,N,0,0,0,2,67301,0,,1,1,,N,N,,0,,0,0,2,3.0,2,,1420,1,2,0,0,2,1,0,3,4,0,2,3,,N,,,,,,,,,,,
2008118626,756,2,0,0,0,0,0,0,0,0,4,0,,67,9,2008,6,39.9628,-75.1646,754.0,6,0,0,0,0,0,0,0,0,9.0,0,0,0,7,1,3,1,,2,39 57:46.071,7.0,0,75 09:52.682,8,0,0,0,67301,0,0,0,N,0,0,0,5,67301,0,,1,1,,N,N,,0,,0,0,0,3.0,2,Y,745,3,2,0,0,0,3,0,3,4,0,2,3,,N,,,,,,,,,,,
2008103636,1102,2,0,0,0,0,0,0,0,0,4,0,,67,6,2008,6,39.9561,-75.2237,1059.0,6,0,0,0,0,0,1,0,0,,0,0,0,10,1,1,1,,0,39 57:21.985,,0,75 13:25.273,4,0,0,0,67301,0,0,0,N,0,0,0,3,67301,1,,1,1,,N,N,,0,,0,0,0,0.0,0,,1055,1,2,0,0,0,0,0,3,4,0,2,3,,N,,,,,,,,,,,
2008099245,1640,2,0,0,0,0,0,0,0,0,4,0,,67,7,2008,5,40.0203,-75.1628,1650.0,6,0,0,0,0,0,1,0,0,,0,0,0,16,1,2,2,,0,40 01:13.040,,0,75 09:46.119,2,0,0,0,67301,0,0,0,N,0,0,0,3,67301,0,,1,1,,N,N,,0,,0,1,0,0.0,0,,1630,2,2,0,0,0,1,0,3,4,0,2,3,,N,,,,,,,,,,,
2008099272,2135,0,0,0,0,0,0,0,0,0,0,0,,67,7,2008,7,39.9856,-75.2227,2133.0,6,0,0,0,0,0,0,0,0,,0,0,0,21,3,1,0,,0,39 59:08.248,,0,75 13:21.814,3,0,0,1,67301,0,0,0,N,0,0,0,1,67301,0,,4,1,,N,N,,0,,1,0,0,0.0,0,,2130,1,1,0,0,0,0,0,3,4,0,1,3,,N,,,,,,,,,,,
2008098642,953,1,0,0,0,0,0,0,0,0,7,0,,67,7,2008,2,,,902.0,6,0,0,0,0,0,0,0,0,,0,0,0,9,1,1,0,,0,,,0,,8,0,0,0,67301,0,0,0,N,0,0,0,2,67301,0,,3,9,,N,N,,0,,0,0,0,0.0,0,,952,1,2,0,0,0,1,0,3,3,1,2,7,,N,,,,,,,,,,,
2008098678,1440,2,0,0,0,0,0,0,0,0,7,0,,67,7,2008,2,40.0241,-75.1953,1427.0,6,0,0,0,0,0,0,0,0,,0,0,0,14,1,1,0,,0,40 01:26.791,,0,75 11:43.157,4,0,0,0,67301,0,0,0,N,0,0,0,4,67301,1,,4,9,,N,N,,0,,0,0,0,0.0,0,,1422,1,2,0,0,0,0,0,3,4,0,2,7,,N,,,,,,,,,,,
2008061185,1200,1,0,0,0,0,0,0,0,0,8,0,,67,3,2008,5,40.0477,-75.06,1200.0,6,0,0,0,0,0,0,0,0,,0,0,0,12,1,1,1,,0,40 02:51.686,,0,75 03:35.364,8,0,0,0,67301,1,0,0,N,1,0,0,2,67301,0,,1,9,,N,N,,0,,0,0,0,3.0,2,,1200,1,2,0,0,0,1,0,3,4,0,1,7,,N,,,,,,,,,,,
2008061189,1055,2,0,0,0,0,0,0,0,0,8,0,,67,3,2008,2,40.0487,-75.0666,1050.0,6,0,0,0,0,0,0,0,1,,0,0,0,10,1,2,1,,0,40 02:55.154,,0,75 03:59.623,4,0,0,0,67301,0,0,0,,0,0,0,2,67301,2,,1,1,,N,N,,0,,0,0,0,3.0,3,,1030,2,2,0,0,0,0,0,3,4,0,2,3,,N,,,,,,,,,,,
2008061201,949,2,0,0,0,0,0,0,0,0,1,0,,67,4,2008,5,39.9616,-75.153,948.0,6,0,0,0,0,0,0,0,0,,0,0,0,9,1,0,0,,0,39 57:41.760,,0,75 09:10.800,0,0,0,0,67301,0,0,0,N,0,0,0,2,67301,0,,1,1,,N,N,,0,,0,0,0,0.0,0,,940,0,2,0,0,0,0,0,3,4,0,2,3,,N,,,,,,,,,,,
2008059019,845,2,0,0,0,0,0,0,0,0,1,0,,67,4,2008,6,40.0016,-75.1528,844.0,6,0,0,0,0,0,0,0,0,1.0,0,0,0,8,1,1,1,,1,40 00:05.764,2.0,0,75 09:10.529,4,0,0,0,67301,0,0,0,,0,0,0,2,67301,1,,1,9,,N,N,,0,,0,0,0,0.0,0,N,840,1,2,0,0,0,0,0,3,4,0,2,7,,N,,,,,,,,,,,