CRN,ARRIVAL_TM,AUTOMOBILE_COUNT,BELTED_DEATH_COUNT,BELTED_SUSP_SERIOUS_INJ_COUNT,BICYCLE_COUNT,BICYCLE_DEATH_COUNT,BICYCLE_SUSP_SERIOUS_INJ_COUNT,BUS_COUNT,CHLDPAS_DEATH_COUNT,CHLDPAS_SUSP_SERIOUS_INJ_COUNT,COLLISION_TYPE,COMM_VEH_COUNT,CONS_ZONE_SPD_LIM,COUNTY,CRASH_MONTH,CRASH_YEAR,DAY_OF_WEEK,DEC_LAT,DEC_LONG,DISPATCH_TM,DISTRICT,DRIVER_COUNT_16YR,DRIVER_COUNT_17YR,DRIVER_COUNT_18YR,DRIVER_COUNT_19YR,DRIVER_COUNT_20YR,DRIVER_COUNT_50_64YR,DRIVER_COUNT_65_74YR,DRIVER_COUNT_75PLUS,EST_HRS_CLOSED,FATAL_COUNT,HEAVY_TRUCK_COUNT,HORSE_BUGGY_COUNT,HOUR_OF_DAY,ILLUMINATION,INJURY_COUNT,INTERSECT_TYPE,INTERSECTION_RELATED,LANE_CLOSED,LATITUDE,LN_CLOSE_DIR,LOCATION_TYPE,LONGITUDE,MAX_SEVERITY_LEVEL,MCYCLE_DEATH_COUNT,MCYCLE_SUSP_SERIOUS_INJ_COUNT,MOTORCYCLE_COUNT,MUNICIPALITY,NONMOTR_COUNT,NONMOTR_DEATH_COUNT,NONMOTR_SUSP_SERIOUS_INJ_COUNT,NTFY_HIWY_MAINT,PED_COUNT,PED_DEATH_COUNT,PED_SUSP_SERIOUS_INJ_COUNT,PERSON_COUNT,POLICE_AGCY,POSSIBLE_INJ_COUNT,RDWY_SURF_TYPE_CD,RELATION_TO_ROAD,ROAD_CONDITION,ROADWAY_CLEARED,SCH_BUS_IND,SCH_ZONE_IND,SECONDARY_CRASH,SMALL_TRUCK_COUNT,SPEC_JURIS_CD,SUSP_MINOR_INJ_COUNT,SUSP_SERIOUS_INJ_COUNT,SUV_COUNT,TCD_FUNC_CD,TCD_TYPE,TFC_DETOUR_IND,TIME_OF_DAY,TOT_INJ_COUNT,TOTAL_UNITS,UNB_DEATH_COUNT,UNB_SUSP_SERIOUS_INJ_COUNT,UNBELTED_OCC_COUNT,UNK_INJ_DEG_COUNT,UNK_INJ_PER_COUNT,URBAN_AREA,URBAN_RURAL,VAN_COUNT,VEHICLE_COUNT,WEATHER1,WEATHER2,WORK_ZONE_IND,WORK_ZONE_LOC,WORK_ZONE_TYPE,WORKERS_PRES,WZ_CLOSE_DETOUR,WZ_FLAGGER,WZ_LAW_OFFCR_IND,WZ_LN_CLOSURE,WZ_MOVING,WZ_OTHER,WZ_SHLDER_MDN,WZ_WORKERS_INJ_KILLED
2008059212,2355,1,0,0,0,0,0,0,0,0,4,0,,67,4,2008,4,40.0456,-75.0952,2355.0,6,0,0,0,0,1,1,0,0,,0,0,0,22,6,0,1,,0,40 02:44.066,,0,75 05:42.550,9,0,0,0,67301,0,0,0,N,0,0,0,2,67301,0,,1,1,,N,N,,0,,0,0,0,9.0,9,,2230,0,2,0,0,0,0,1,3,4,1,2,3,,N,,,,,,,,,,,
2008059258,1559,1,0,0,0,0,0,0,0,0,7,0,,67,4,2008,7,40.0325,-75.0808,1553.0,6,0,0,0,0,0,1,0,0,9.0,0,0,0,15,1,1,1,,1,40 01:56.965,1.0,0,75 04:51.305,4,0,0,0,67301,0,0,0,N,0,0,0,2,67301,1,,3,1,,N,N,,0,,0,0,0,2.0,2,N,1553,1,1,0,0,0,0,0,3,4,0,1,3,,N,,,,,,,,,,,
2008059273,1755,1,0,0,0,0,0,0,0,0,1,0,,67,4,2008,6,40.0263,-75.0973,1750.0,6,0,0,0,0,0,0,0,0,1.0,0,0,0,17,1,2,1,,1,40 01:34.938,1.0,0,75 05:51.163,4,0,0,0,67301,0,0,0,,0,0,0,3,67301,2,,1,1,,,,,1,,0,0,0,3.0,2,N,1748,2,2,0,0,0,0,0,3,4,0,2,3,,N,,,,,,,,,,,
2008059091,2125,0,0,0,0,0,0,0,0,0,8,0,,67,4,2008,3,39.9928,-75.1438,2123.0,6,0,0,0,0,0,0,0,0,,0,0,0,20,3,1,0,,0,39 59:33.928,,0,75 08:37.719,3,0,0,0,67301,1,0,0,N,1,0,0,2,67301,0,,4,9,,N,N,,0,,1,0,0,0.0,0,,2015,1,2,0,0,0,0,1,3,4,1,1,7,,N,,,,,,,,,,,
2008059163,1344,2,0,0,0,0,0,0,0,0,6,0,,67,3,2008,7,39.9904,-75.163,1344.0,6,0,0,0,0,0,0,0,0,,0,0,0,13,1,0,2,,0,39 59:25.314,,0,75 09:46.684,0,0,0,0,67301,0,0,0,N,0,0,0,3,67301,0,,1,1,,N,N,,0,,0,0,0,3.0,3,,1344,0,2,0,0,0,0,0,3,4,0,2,3,,N,,,,,,,,,,,
2008054191,405,1,0,0,0,0,0,0,0,0,7,0,,67,2,2008,1,40.0871,-74.9706,351.0,6,0,0,1,0,0,0,0,0,1.0,0,0,0,99,3,0,0,,1,40 05:13.519,4.0,0,74 58:14.312,0,0,0,0,67301,0,0,0,Y,0,0,0,3,67301,0,,2,9,,N,N,,0,,0,0,0,0.0,0,N,9999,0,1,0,0,0,0,0,3,4,0,1,3,,N,,,,,,,,,,,
2008054216,1000,0,0,0,0,0,0,1,0,0,1,1,,67,2,2008,2,39.9399,-75.1997,948.0,6,0,0,0,0,0,1,0,0,,0,0,0,9,1,1,1,,0,39 56:23.651,,0,75 11:58.902,8,0,0,0,67301,0,0,0,N,0,0,0,3,67301,0,,1,9,,N,N,,0,,0,0,0,3.0,2,,945,1,2,0,0,0,1,0,3,4,1,2,3,,N,,,,,,,,,,,
2008051779,1559,1,0,0,0,0,0,0,0,0,8,0,,67,2,2008,5,40.055,-75.1576,1555.0,6,0,0,0,0,0,0,0,0,,0,0,0,15,1,1,2,,0,40 03:18.000,,0,75 09:27.360,4,0,0,0,67301,1,0,0,N,1,0,0,2,67301,1,,1,1,,N,N,,0,,0,0,0,0.0,0,,1550,1,2,0,0,0,0,1,3,4,0,1,3,,N,,,,,,,,,,,
2008051783,1035,2,0,0,0,0,0,0,0,0,1,0,,67,2,2008,6,39.9606,-75.1402,1022.0,6,0,0,0,0,0,0,0,0,1.0,0,0,0,10,1,0,0,,2,39 57:38.290,1.0,0,75 08:24.618,9,0,0,0,67301,0,0,0,,0,0,0,2,67501,0,,1,9,,,,,0,,0,0,0,0.0,0,Y,1022,0,2,0,0,0,0,1,3,4,0,2,10,,N,,,,,,,,,,,
2008050241,2310,1,0,0,0,0,0,0,0,0,1,0,,67,2,2008,3,40.0513,-75.0093,2310.0,6,0,0,0,0,0,0,0,0,1.0,0,0,0,23,3,1,0,,1,40 03:04.701,1.0,0,75 00:33.325,4,0,0,0,67301,0,0,0,N,0,0,0,2,67301,1,,1,1,,N,N,,0,,0,0,1,3.0,2,N,2300,1,2,0,0,0,0,0,3,4,0,2,3,,N,,,,,,,,,,,
2008050369,1456,1,0,0,0,0,0,0,0,0,8,0,,67,2,2008,4,39.9704,-75.2451,1451.0,6,0,0,0,0,0,0,0,1,1.0,0,0,0,14,1,2,1,,1,39 58:13.440,1.0,0,75 14:42.360,3,0,0,0,67301,2,0,0,N,2,0,0,3,67301,1,,1,1,,N,N,,0,,1,0,0,3.0,2,N,1448,2,3,0,0,0,0,0,3,4,0,1,3,,N,,,,,,,,,,,
2008050382,1102,1,0,0,0,0,0,0,0,0,4,0,,67,3,2008,7,39.9763,-75.1831,1100.0,6,0,0,0,0,0,0,0,0,,0,0,0,10,1,1,1,,0,39 58:34.699,,0,75 10:59.119,4,0,0,0,67301,0,0,0,N,0,0,0,3,67301,1,,1,9,,N,N,,1,,0,0,0,9.0,2,,1045,1,2,0,0,0,0,0,3,4,0,2,7,,N,,,,,,,,,,,
2008050582,1835,2,0,0,0,0,0,0,0,0,1,0,,67,2,2008,1,39.975,-75.2613,1830.0,6,0,0,0,0,0,1,0,0,,0,0,0,18,3,4,3,,0,39 58:30.081,,0,75 15:40.882,4,0,0,0,67301,0,0,0,,0,0,0,7,67301,1,,1,9,,,,,1,,0,0,0,3.0,2,,1835,4,3,0,0,0,3,0,3,4,0,3,7,,N,,,,,,,,,,,
2008053239,2129,1,0,0,0,0,0,0,0,0,7,0,,67,1,2008,6,40.0106,-75.1847,2126.0,6,0,1,0,0,0,0,0,0,2.0,0,0,0,21,3,0,0,,1,40 00:44.494,4.0,0,75 10:53.286,0,0,0,0,67301,0,0,0,Y,0,0,0,2,67301,0,,2,1,,N,N,,0,,0,0,0,3.0,8,N,2120,0,1,0,0,0,0,0,3,4,0,1,3,,N,,,,,,,,,,,
2008050620,9999,1,0,0,0,0,0,0,0,0,4,0,,67,3,2008,4,39.9055,-75.1741,9999.0,6,0,0,0,0,0,1,0,0,,0,0,0,10,1,0,1,,0,39 54:19.871,,0,75 10:26.844,0,0,0,0,67301,0,0,0,N,0,0,0,2,67301,0,,1,9,,N,N,,0,,0,0,1,3.0,2,,1000,0,2,0,0,0,0,0,3,4,0,2,7,,N,,,,,,,,,,,
2008050820,2200,4,0,0,0,0,0,0,0,0,6,0,,67,3,2008,7,40.0381,-75.0432,2200.0,6,0,0,0,0,0,0,0,0,,0,0,0,22,3,1,0,,0,40 02:17.064,,0,75 02:35.650,4,0,0,0,67301,0,0,0,,0,0,0,3,67301,1,,1,1,,,,,0,,0,0,0,0.0,0,,2200,1,4,0,0,0,0,0,3,4,0,4,3,,N,,,,,,,,,,,
2008050839,9999,0,0,0,0,0,0,0,0,0,1,0,,67,2,2008,4,40.0168,-75.1495,9999.0,6,0,0,0,0,0,1,0,0,,0,0,0,99,3,1,0,,0,40 01:00.421,,0,75 08:58.176,4,0,0,0,67301,0,0,0,N,0,0,0,2,67301,1,,1,1,,N,N,,0,,0,0,1,3.0,1,,9999,1,2,0,0,2,0,0,3,4,1,2,98,,N,,,,,,,,,,,
2008048605,1935,0,0,0,0,0,0,1,0,0,2,1,,67,1,2008,6,39.9831,-75.1126,1930.0,6,0,0,0,0,0,1,0,0,,0,0,0,17,3,1,1,,0,39 58:59.253,,0,75 06:45.406,4,0,0,0,67301,0,0,0,N,0,0,0,4,67301,1,,1,1,,N,N,,1,,0,0,0,0.0,0,,1720,1,2,0,0,3,0,0,3,4,0,2,3,,N,,,,,,,,,,,
2008048608,315,2,0,0,0,0,0,0,0,0,4,0,,67,1,2008,4,39.9992,-75.0713,313.0,6,0,0,0,0,0,0,0,0,1.0,0,0,0,3,3,0,0,,1,39 59:57.138,4.0,0,75 04:16.837,0,0,0,0,67301,0,0,0,N,0,0,0,1,67301,0,,2,9,,N,N,,1,,0,0,1,0.0,0,N,310,0,4,0,0,1,0,0,3,4,0,4,7,,N,,,,,,,,,,,
2008043967,1508,2,0,0,0,0,0,0,0,0,1,0,,67,2,2008,6,40.0573,-75.0342,1503.0,6,0,1,1,0,0,0,0,0,,0,0,0,14,1,1,1,,0,40 03:26.000,,0,75 02:03.612,4,0,0,0,67301,0,0,0,N,0,0,0,4,67301,1,,1,9,,N,N,,0,,0,0,0,3.0,2,,1448,1,2,0,0,0,0,0,3,4,0,2,7,,N,,,,,,,,,,,
2008121067,2240,3,0,0,0,0,0,0,0,0,2,0,,67,7,2008,5,39.9504,-75.2453,2235.0,6,0,0,1,0,0,0,0,0,,0,0,0,22,3,2,1,,0,39 57:01.504,,0,75 14:42.907,3,0,0,0,67301,0,0,0,N,0,0,0,2,67301,1,,1,1,,N,N,,0,,1,0,1,3.0,3,,2230,2,4,0,0,0,0,0,3,4,0,4,3,,N,,,,,,,,,,,
2008101430,1234,1,0,0,0,0,0,0,0,0,1,0,,67,9,2008,1,39.963,-75.1835,1225.0,6,0,0,0,0,0,0,0,0,1.0,0,0,0,12,1,0,0,,1,39 57:52.001,4.0,0,75 11:05.209,9,0,0,0,67301,0,0,0,N,0,0,0,2,68K01,0,,1,1,,N,N,,0,,0,0,0,0.0,0,N,1221,0,2,0,0,0,0,1,3,4,0,2,3,,N,,,,,,,,,,,
2008103935,1935,1,0,0,0,0,0,0,0,0,4,0,,67,7,2008,3,40.0514,-75.1243,1930.0,6,0,0,0,0,0,1,0,0,,0,0,0,19,1,2,1,,0,40 03:05.086,,0,75 07:27.616,4,0,0,0,67301,0,0,0,N,0,0,0,2,67301,2,,1,1,,N,N,,0,,0,0,0,3.0,3,,1930,2,2,0,0,0,0,0,3,4,1,2,3,,N,,,,,,,,,,,
2008103657,1800,1,0,0,0,0,0,0,0,0,1,0,,67,4,2008,4,40.0042,-75.0994,1614.0,6,0,0,0,0,0,1,1,0,,0,0,0,16,1,3,1,,0,40 00:15.119,,0,75 05:57.765,3,0,0,0,67301,0,0,0,N,0,0,0,3,67301,1,,1,1,,N,N,,1,,2,0,0,3.0,2,,1606,3,2,0,0,0,0,0,3,4,0,2,3,,N,,,,,,,,,,,
2008108591,930,0,0,0,0,0,0,0,0,0,7,0,,67,8,2008,5,40.0134,-75.1472,928.0,6,0,0,0,0,0,0,0,0,,0,0,0,9,1,1,1,,0,40 00:48.243,,0,75 08:50.035,3,0,0,0,67301,0,0,0,N,0,0,0,1,67301,0,,4,1,,N,N,,0,,1,0,1,0.0,0,,925,1,1,0,0,0,0,0,3,4,0,1,3,,N,,,,,,,,,,,
2008118718,1213,1,0,0,0,0,0,0,0,0,4,0,,67,10,2008,5,39.9256,-75.2343,1208.0,6,0,0,0,0,0,1,0,0,,0,0,0,12,1,0,1,,0,39 55:32.070,,0,75 14:03.570,0,0,0,0,67301,0,0,0,,0,0,0,2,67301,0,,1,1,,N,N,,0,,0,0,1,3.0,2,,1205,0,2,0,0,0,0,0,3,4,0,2,3,,N,,,,,,,,,,,
2008128255,900,1,0,0,0,0,0,0,0,0,4,0,,67,9,2008,2,39.9568,-75.2337,805.0,6,0,0,0,0,0,1,0,0,,0,0,0,8,1,1,1,,0,39 57:24.523,,0,75 14:01.481,8,0,0,0,67301,0,0,0,N,0,0,0,2,67301,0,,1,1,,N,N,,0,,0,0,1,3.0,3,,802,1,2,0,0,0,1,0,3,4,0,2,3,,N,,,,,,,,,,,
2008098617,1805,2,0,0,0,0,0,0,0,0,4,0,,67,7,2008,4,39.9395,-75.1714,1803.0,6,0,0,0,0,1,1,0,0,3.0,0,0,0,18,1,0,0,,1,39 56:22.369,2.0,0,75 10:16.942,9,0,0,0,67301,0,0,0,N,0,0,0,3,67301,0,,1,9,,N,N,,0,,0,0,0,3.0,2,N,1803,0,2,0,0,0,0,1,3,4,0,2,7,,N,,,,,,,,,,,
2008120894,1826,1,0,0,0,0,0,0,0,0,8,0,,67,9,2008,4,39.954,-75.1766,1823.0,6,0,0,0,0,0,0,0,0,,0,0,0,18,1,1,2,,0,39 57:14.554,,0,75 10:36.066,8,0,0,0,67301,1,0,0,N,1,0,0,2,67301,0,,1,1,,N,N,,0,,0,0,0,3.0,2,,1815,1,2,0,0,0,1,0,3,4,0,1,3,,N,,,,,,,,,,,
2008079011,1631,1,0,0,0,0,0,0,0,0,4,0,,67,5,2008,6,40.0522,-75.0931,1630.0,6,0,0,0,0,0,1,0,0,,0,0,0,16,1,2,1,,0,40 03:07.828,,0,75 05:35.124,8,0,0,0,67301,0,0,0,N,0,0,0,3,67301,0,,1,1,,N,N,,0,,0,0,0,3.0,3,,1630,2,2,0,0,0,2,0,3,4,1,2,3,,N,,,,,,,,,,,
2008081542,226,2,0,0,0,0,0,0,0,0,4,0,,67,5,2008,7,39.9745,-75.1217,223.0,6,0,0,0,0,0,0,0,0,,0,0,0,2,3,0,6,,0,39 58:32.520,,2,75 07:13.080,0,0,0,0,67301,0,0,0,,0,0,0,2,67301,0,,7,9,,,,,0,,0,0,0,0.0,0,,213,0,2,0,0,0,0,0,3,4,0,2,7,,N,,,,,,,,,,,
2008097406,1824,1,0,0,0,0,0,0,0,0,8,0,,67,7,2008,6,39.9381,-75.177,1823.0,6,0,0,0,0,0,0,0,0,,0,0,0,18,4,1,0,,0,39 56:17.149,,0,75 10:37.138,4,0,0,0,67301,1,0,0,N,1,0,0,2,67301,1,,1,1,,N,N,,0,,0,0,0,0.0,0,,1821,1,2,0,0,0,0,0,3,4,0,1,3,,N,,,,,,,,,,,
2008097531,220,5,0,0,0,0,0,0,0,0,2,0,,67,7,2008,1,39.9573,-75.2479,216.0,6,0,0,0,0,0,0,0,0,,0,1,0,2,3,0,1,,0,39 57:26.577,,0,75 14:52.151,0,0,0,0,67301,0,0,0,N,0,0,0,2,67301,0,,1,1,,N,N,,0,,0,0,0,3.0,2,,205,0,6,0,0,0,0,0,3,4,0,6,3,,N,,,,,,,,,,,
2008108291,48,2,0,0,0,0,0,0,0,0,2,0,,67,8,2008,7,40.0045,-75.1333,47.0,6,0,0,0,0,1,0,0,0,,0,0,0,0,3,1,0,,0,40 00:16.077,,0,75 07:59.757,4,0,0,0,67301,1,0,0,N,0,0,0,3,67301,1,,6,9,,N,N,,0,,0,0,0,0.0,0,,30,1,2,0,0,2,0,0,3,4,0,2,7,,N,,,,,,,,,,,
2008108308,1222,2,0,0,0,0,0,0,0,0,1,0,,67,9,2008,6,39.975,-75.162,1221.0,6,0,0,0,0,0,1,1,0,,0,0,0,12,1,1,0,,0,39 58:30.126,,0,75 09:43.318,8,0,0,0,67301,0,0,0,N,0,0,0,3,67301,0,,1,1,,N,N,,0,,0,0,0,0.0,0,,1215,1,2,0,0,0,1,0,3,4,0,2,3,,N,,,,,,,,,,,
2008108362,1420,3,0,0,0,0,0,0,0,0,1,0,,67,8,2008,5,39.9501,-75.1457,1402.0,6,0,0,0,0,0,1,0,0,1.0,0,0,0,14,1,2,1,,1,39 57:00.428,3.0,0,75 08:44.446,8,0,0,0,67301,0,0,0,,0,0,0,4,67301,0,,1,1,,,,,0,,0,0,0,3.0,2,Y,1401,2,3,0,0,0,2,0,3,4,0,3,3,,N,,,,,,,,,,,
2008094888,1610,2,0,0,0,0,0,0,0,0,1,0,,67,6,2008,4,40.0872,-75.0412,1608.0,6,0,0,0,0,0,2,0,0,,0,0,0,16,1,2,3,,0,40 05:14.016,,0,75 02:28.340,4,0,0,0,67301,0,0,0,N,0,0,0,3,67301,2,,1,1,,N,N,,0,,0,0,1,3.0,3,,1607,2,3,0,0,0,0,0,3,4,0,3,3,,N,,,,,,,,,,,
2008079192,1052,2,0,0,0,0,0,0,0,0,1,0,,67,5,2008,3,40.0392,-75.1917,1052.0,6,0,0,0,0,0,0,1,0,1.0,0,0,0,10,1,1,2,,1,40 02:20.973,3.0,0,75 11:30.209,4,0,0,0,67301,0,0,0,,0,0,0,2,67301,1,,1,9,,,,,0,,0,0,0,3.0,2,N,1052,1,2,0,0,0,0,0,3,4,0,2,7,,N,,,,,,,,,,,
2008079233,1450,1,0,0,0,0,0,0,0,0,1,0,,67,5,2008,2,40.0403,-75.0585,1444.0,6,0,0,0,0,0,0,0,0,1.0,0,0,0,14,1,0,1,,2,40 02:25.164,1.0,0,75 03:30.735,0,0,0,0,67301,0,0,0,N,0,0,0,2,67301,0,,1,9,,N,N,,0,,0,0,0,3.0,2,N,1443,0,2,0,0,0,0,0,3,4,1,2,7,,N,,,,,,,,,,,
2008125135,1131,0,0,0,0,0,0,0,0,0,1,0,,67,10,2008,5,39.9695,-75.1268,1127.0,6,0,0,0,0,0,0,0,0,2.0,0,1,0,11,1,0,0,,1,39 58:05.858,2.0,0,75 07:47.479,0,0,0,0,67301,0,0,0,N,0,0,0,2,68K01,0,,1,1,,N,N,,0,,0,0,0,0.0,0,N,1123,0,2,0,0,0,0,0,3,4,1,2,3,,N,,,,,,,,,,,
2008119895,1604,2,0,0,0,0,0,0,0,0,6,0,,67,9,2008,6,40.0484,-75.0318,1602.0,6,0,0,0,0,0,0,0,0,,0,0,0,99,8,1,0,,0,40 02:54.376,,0,75 01:54.431,4,0,0,0,67301,0,0,0,N,0,0,0,3,67301,1,,1,9,,,N,,0,,0,0,0,0.0,0,,9999,1,2,0,0,1,0,0,3,4,0,2,7,,N,,,,,,,,,,,
2008133173,831,2,0,0,0,0,0,0,0,0,2,0,,67,10,2008,3,39.991,-75.1686,829.0,6,0,0,0,0,0,0,0,0,3.0,0,0,0,8,1,6,0,,2,39 59:27.729,4.0,0,75 10:07.053,4,0,0,0,67301,0,0,0,Y,0,0,0,6,67301,6,,1,1,,N,Y,,0,,0,0,0,2.0,2,Y,829,6,2,0,0,0,0,0,3,4,0,2,3,,N,,,,,,,,,,,
2008058993,1205,4,0,0,0,0,0,0,0,0,5,0,,67,3,2008,4,39.9245,-75.1918,2357.0,6,0,0,0,0,0,1,0,0,,0,0,0,23,3,2,0,,0,39 55:28.174,,0,75 11:30.440,8,0,0,0,67301,0,0,0,N,0,0,0,6,67301,0,,1,9,,N,N,,0,,0,0,0,0.0,0,,2350,2,4,0,0,0,2,0,3,4,0,4,7,,N,,,,,,,,,,,
2008059272,9999,2,0,0,0,0,0,0,0,0,4,0,,67,3,2008,2,40.0548,-75.1513,9999.0,6,0,0,0,0,0,0,0,0,,0,0,0,99,3,1,1,,0,40 03:17.100,,0,75 09:04.633,4,0,0,0,67301,0,0,0,,0,0,0,2,67301,1,,1,1,,N,N,,0,,0,0,0,0.0,0,,9999,1,2,0,0,0,0,0,3,4,0,2,3,,N,,,,,,,,,,,
2008053781,9999,1,0,0,0,0,0,0,0,0,1,0,,67,2,2008,4,40.114,-74.9876,9999.0,6,0,0,1,0,0,0,0,0,,0,0,0,5,3,2,1,,0,40 06:50.546,,0,74 59:15.382,4,0,0,0,67301,0,0,0,N,0,0,0,4,67301,2,,1,1,,N,N,,1,,0,0,0,2.0,2,,530,2,2,0,0,0,0,0,3,4,0,2,3,,N,,,,,,,,,,,
2008059160,1725,0,0,0,0,0,0,0,0,0,8,0,,67,4,2008,5,40.0091,-75.1379,1721.0,6,0,0,0,0,0,0,0,0,,0,0,0,16,1,1,0,,0,40 00:32.675,,0,75 08:16.573,4,0,0,0,67301,1,0,0,,1,0,0,2,67301,1,,2,1,,,,,0,,0,0,0,0.0,0,,1633,1,2,0,0,0,0,1,3,4,0,1,3,,N,,,,,,,,,,,
2008051392,1049,1,0,0,0,0,0,0,0,0,7,0,,67,2,2008,7,39.9967,-75.1968,1047.0,6,0,0,0,0,0,0,0,0,,0,0,0,10,1,2,3,,0,39 59:48.232,,0,75 11:48.386,3,0,0,0,67301,0,0,0,N,0,0,0,2,67301,0,,2,2,,N,N,,0,,2,0,0,3.0,8,,1045,2,1,0,0,0,0,0,3,4,0,1,98,,N,,,,,,,,,,,
2008051419,840,2,0,0,0,0,0,0,0,0,4,0,,67,2,2008,5,39.9849,-75.2368,815.0,6,0,0,0,0,0,0,0,0,,0,0,0,8,1,0,3,,0,39 59:05.463,,0,75 14:12.638,0,0,0,0,67301,0,0,0,N,0,0,0,2,67301,0,,1,1,,N,N,,0,,0,0,0,3.0,3,,800,0,2,0,0,0,0,0,3,4,0,2,3,,N,,,,,,,,,,,
2008051761,2345,1,0,0,0,0,0,0,0,0,1,0,,67,3,2008,7,40.0294,-75.0561,2337.0,6,0,0,0,0,0,0,0,0,,0,0,0,23,3,2,1,,0,40 01:45.839,,0,75 03:21.885,4,0,0,0,67301,0,0,0,N,0,0,0,4,67301,2,,1,1,,N,N,,0,,0,0,1,3.0,2,,2334,2,2,0,0,0,0,0,3,4,0,2,3,,N,,,,,,,,,,,
2008051792,9999,1,0,0,0,0,0,0,0,0,8,0,,67,3,2008,4,39.9983,-75.1274,1649.0,6,0,0,0,0,0,0,0,0,,0,0,0,16,1,1,2,,0,39 59:53.720,,0,75 07:38.508,4,0,0,0,67301,1,0,0,N,1,0,0,2,67301,1,,1,9,,N,N,,0,,0,0,0,3.0,2,,1600,1,2,0,0,0,0,0,3,4,0,1,7,,N,,,,,,,,,,,
2008051728,1945,1,0,0,0,0,0,0,0,0,8,0,,67,2,2008,2,40.0242,-75.1328,1937.0,6,0,0,0,0,0,0,1,0,,0,0,0,19,2,1,1,,0,40 01:26.988,,0,75 07:59.257,4,0,0,0,67301,1,0,0,N,1,0,0,2,67301,1,,1,1,,N,N,,0,,0,0,0,0.0,0,,1937,1,2,0,0,0,0,0,3,4,0,1,3,,N,,,,,,,,,,,
2008050125,647,2,0,0,0,0,0,0,0,0,1,0,,67,4,2008,6,39.9841,-75.0967,647.0,6,0,0,0,0,0,1,0,0,,0,0,0,6,1,1,0,,0,39 59:02.633,,0,75 05:48.240,4,0,0,0,67301,0,0,0,N,0,0,0,4,68K01,1,,1,9,,N,N,,1,,0,0,0,0.0,0,,645,1,4,0,0,0,0,0,3,4,1,4,7,,N,,,,,,,,,,,
2008050259,1636,2,0,0,0,0,0,0,0,0,2,0,,67,2,2008,2,40.1229,-75.0143,1634.0,6,0,0,0,0,0,0,1,0,1.0,0,0,0,16,1,1,0,,1,40 07:22.576,3.0,7,75 00:51.487,8,0,0,0,67301,0,0,0,N,0,0,0,5,67301,0,,1,1,,N,N,,0,,0,0,0,0.0,0,Y,1630,1,2,0,0,1,1,0,3,4,0,2,3,,N,,,,,,,,,,,
2008047917,938,1,0,0,0,0,0,0,0,0,7,0,,67,1,2008,1,39.9412,-75.2123,931.0,6,0,0,0,0,0,0,0,0,,0,0,0,2,3,1,3,,0,39 56:28.368,,0,75 12:44.265,4,0,0,0,67301,0,0,0,N,0,0,0,1,67301,1,,5,1,,N,N,,0,,0,0,0,0.0,0,,200,1,1,0,0,0,0,0,3,4,0,1,3,,N,,,,,,,,,,,
2008047925,1722,0,0,0,0,0,0,1,0,0,5,1,,67,1,2008,7,40.0117,-75.1631,1722.0,6,0,0,0,0,0,1,0,0,,0,0,0,17,1,4,0,,0,40 00:42.012,,0,75 09:47.052,4,0,0,0,67301,0,0,0,N,0,0,0,6,67301,2,,1,1,,N,N,,0,,0,0,1,0.0,0,,1713,4,2,0,0,0,2,0,3,4,0,2,3,,N,,,,,,,,,,,
2008047660,831,1,0,0,0,0,0,0,0,0,8,0,,67,1,2008,5,40.0287,-75.2248,827.0,6,0,0,0,0,0,0,0,0,,0,0,0,8,1,1,0,,0,40 01:43.233,,0,75 13:29.319,8,0,0,0,67301,1,0,0,,1,0,0,2,67301,0,,1,1,,,,,0,,0,0,0,0.0,0,,820,1,2,0,0,1,1,0,3,4,0,1,3,,N,,,,,,,,,,,
2008040752,9999,1,0,0,0,0,0,0,0,0,7,0,,67,2,2008,3,40.0101,-75.1671,1745.0,6,0,0,0,0,0,0,0,0,,0,0,0,17,3,1,0,,0,40 00:36.000,,0,75 10:01.420,8,0,0,0,67301,0,0,0,N,0,0,0,1,67301,0,,5,2,,N,N,,0,,0,0,0,0.0,0,,1745,1,1,0,0,0,1,0,3,4,0,1,10,,N,,,,,,,,,,,
2008026628,2130,1,0,0,0,0,0,0,0,0,4,0,,67,1,2008,2,39.9741,-75.2043,2125.0,6,0,0,1,0,0,0,0,0,,0,0,0,21,3,4,1,,0,39 58:26.000,,0,75 12:15.722,8,0,0,0,67301,0,0,0,N,0,0,0,5,67301,0,,1,1,,N,N,,0,,0,0,0,3.0,2,,2121,4,2,0,0,0,4,1,3,4,1,2,3,,N,,,,,,,,,,,
2008026673,1447,1,0,0,0,0,0,0,0,0,5,0,,67,1,2008,3,40.0287,-75.2055,1443.0,6,0,0,0,0,0,1,0,0,,0,0,0,14,1,1,1,,0,40 01:43.000,,0,75 12:20.348,4,0,0,0,67301,1,0,0,N,1,0,0,3,67301,1,,1,1,,N,N,,0,,0,0,1,3.0,2,,1442,1,3,0,0,0,0,0,3,4,0,2,3,,N,,,,,,,,,,,
2008050501,1428,1,0,0,0,0,0,0,0,0,4,0,,67,3,2008,7,40.0037,-75.1332,1415.0,6,0,0,0,0,0,0,0,0,,0,0,0,14,1,1,1,,0,40 00:13.467,,0,75 07:59.559,4,0,0,0,67301,0,0,0,N,0,0,0,2,67301,1,,1,1,,N,N,,0,,0,0,1,3.0,3,,1410,1,2,0,0,0,0,1,3,4,0,2,3,,N,,,,,,,,,,,