CRN,ARRIVAL_TM,AUTOMOBILE_COUNT,BELTED_DEATH_COUNT,BELTED_SUSP_SERIOUS_INJ_COUNT,BICYCLE_COUNT,BICYCLE_DEATH_COUNT,BICYCLE_SUSP_SERIOUS_INJ_COUNT,BUS_COUNT,CHLDPAS_DEATH_COUNT,CHLDPAS_SUSP_SERIOUS_INJ_COUNT,COLLISION_TYPE,COMM_VEH_COUNT,CONS_ZONE_SPD_LIM,COUNTY,CRASH_MONTH,CRASH_YEAR,DAY_OF_WEEK,DEC_LAT,DEC_LONG,DISPATCH_TM,DISTRICT,DRIVER_COUNT_16YR,DRIVER_COUNT_17YR,DRIVER_COUNT_18YR,DRIVER_COUNT_19YR,DRIVER_COUNT_20YR,DRIVER_COUNT_50_64YR,DRIVER_COUNT_65_74YR,DRIVER_COUNT_75PLUS,EST_HRS_CLOSED,FATAL_COUNT,HEAVY_TRUCK_COUNT,HORSE_BUGGY_COUNT,HOUR_OF_DAY,ILLUMINATION,INJURY_COUNT,INTERSECT_TYPE,INTERSECTION_RELATED,LANE_CLOSED,LATITUDE,LN_CLOSE_DIR,LOCATION_TYPE,LONGITUDE,MAX_SEVERITY_LEVEL,MCYCLE_DEATH_COUNT,MCYCLE_SUSP_SERIOUS_INJ_COUNT,MOTORCYCLE_COUNT,MUNICIPALITY,NONMOTR_COUNT,NONMOTR_DEATH_COUNT,NONMOTR_SUSP_SERIOUS_INJ_COUNT,NTFY_HIWY_MAINT,PED_COUNT,PED_DEATH_COUNT,PED_SUSP_SERIOUS_INJ_COUNT,PERSON_COUNT,POLICE_AGCY,POSSIBLE_INJ_COUNT,RDWY_SURF_TYPE_CD,RELATION_TO_ROAD,ROAD_CONDITION,ROADWAY_CLEARED,SCH_BUS_IND,SCH_ZONE_IND,SECONDARY_CRASH,SMALL_TRUCK_COUNT,SPEC_JURIS_CD,SUSP_MINOR_INJ_COUNT,SUSP_SERIOUS_INJ_COUNT,SUV_COUNT,TCD_FUNC_CD,TCD_TYPE,TFC_DETOUR_IND,TIME_OF_DAY,TOT_INJ_COUNT,TOTAL_UNITS,UNB_DEATH_COUNT,UNB_SUSP_SERIOUS_INJ_COUNT,UNBELTED_OCC_COUNT,UNK_INJ_DEG_COUNT,UNK_INJ_PER_COUNT,URBAN_AREA,URBAN_RURAL,VAN_COUNT,VEHICLE_COUNT,WEATHER1,WEATHER2,WORK_ZONE_IND,WORK_ZONE_LOC,WORK_ZONE_TYPE,WORKERS_PRES,WZ_CLOSE_DETOUR,WZ_FLAGGER,WZ_LAW_OFFCR_IND,WZ_LN_CLOSURE,WZ_MOVING,WZ_OTHER,WZ_SHLDER_MDN,WZ_WORKERS_INJ_KILLED
2008050615,1610,2,0,0,0,0,0,0,0,0,4,0,,67,3,2008,3,40.0311,-75.1565,1805.0,6,0,0,0,0,0,0,0,1,,0,0,0,16,1,1,2,,0,40 01:51.970,,0,75 09:23.518,4,0,0,0,67301,0,0,0,N,0,0,0,2,67301,1,,1,9,,N,N,,0,,0,0,0,3.0,3,,1600,1,2,0,0,0,0,0,3,4,0,2,3,,N,,,,,,,,,,,
2008050781,2135,1,0,0,0,0,0,0,0,0,4,0,,67,2,2008,5,39.9985,-75.0979,2135.0,6,0,0,0,0,0,0,0,0,,0,0,0,21,3,1,2,,0,39 59:54.507,,0,75 05:52.539,4,0,0,0,67301,0,0,0,N,0,0,0,3,67301,1,,1,1,,N,N,,0,,0,0,1,3.0,3,,2105,1,2,0,0,0,0,1,3,4,0,2,3,,N,,,,,,,,,,,
2008050809,100,2,0,0,0,0,0,0,0,0,1,0,,67,3,2008,1,40.0596,-75.1936,48.0,6,0,0,0,0,0,1,1,0,,0,0,0,0,3,1,1,,0,40 03:34.658,,0,75 11:37.063,8,0,0,0,67301,0,0,0,N,0,0,0,2,67301,0,,1,1,,N,N,,0,,0,0,0,3.0,3,,48,1,2,0,0,0,1,0,3,4,0,2,3,,N,,,,,,,,,,,
2008043956,1008,1,0,0,0,0,0,0,0,0,4,0,,67,1,2008,4,39.9987,-75.0946,1003.0,6,0,0,0,0,0,0,0,0,,0,0,0,10,1,6,1,,0,39 59:55.424,,0,75 05:40.664,4,0,0,0,67301,0,0,0,,0,0,0,7,67301,6,,1,1,,N,N,,0,,0,0,0,3.0,3,,1003,6,2,0,0,0,0,0,3,4,1,2,3,,N,,,,,,,,,,,
2008044002,1035,0,0,0,0,0,0,0,0,0,8,0,,67,2,2008,6,40.0385,-75.1585,1025.0,6,0,0,0,0,0,0,0,0,,0,0,0,9,1,1,0,,0,40 02:18.592,,0,75 09:30.481,8,0,0,0,67301,1,0,0,N,1,0,0,2,67301,0,,1,9,,N,N,,1,,0,0,0,0.0,0,,915,1,2,0,0,0,1,0,3,4,0,1,7,,N,,,,,,,,,,,
2008044028,955,0,0,0,0,0,0,0,0,0,0,0,,67,1,2008,3,39.8908,-75.2274,953.0,6,0,0,0,0,0,0,0,0,,0,0,0,9,1,1,0,,0,39 53:27.000,,2,75 13:41.930,4,0,0,0,67301,0,0,0,N,0,0,0,1,67301,1,,7,1,,N,N,,0,,0,0,1,0.0,0,,952,1,1,0,0,0,0,0,3,4,0,1,3,,N,,,,,,,,,,,
2008044046,1735,1,0,0,0,0,0,0,0,0,1,0,,67,1,2008,5,40.068,-75.0402,1718.0,6,0,0,0,0,0,1,0,0,2.0,0,0,0,17,3,1,8,,1,40 04:04.440,1.0,0,75 02:25.080,8,0,0,0,67301,0,0,0,N,0,0,0,2,67301,0,,1,6,,N,N,,0,,0,0,1,3.0,2,N,1718,1,2,0,0,0,1,0,3,4,0,2,10,,N,,,,,,,,,,,
2008043925,1718,3,0,0,0,0,0,0,0,0,1,0,,67,2,2008,3,39.9874,-75.1776,1716.0,6,0,0,0,0,0,0,0,0,,0,0,0,17,2,1,0,,0,39 59:14.740,,0,75 10:39.439,4,0,0,0,67301,0,0,0,Y,0,0,0,3,67301,1,,1,2,,N,N,,0,,0,0,0,0.0,0,,1716,1,3,0,0,0,0,1,3,4,0,3,9,,N,,,,,,,,,,,
2008043937,1830,1,0,0,0,0,0,0,0,0,8,0,,67,1,2008,5,39.9407,-75.1796,1824.0,6,0,0,0,0,0,0,0,0,,0,0,0,99,1,1,1,,0,39 56:26.476,,0,75 10:46.433,4,0,0,0,67301,1,0,0,,1,0,0,2,67301,1,,1,9,,N,N,,0,,0,0,0,0.0,0,,9999,1,2,0,0,0,0,1,3,4,0,1,7,,N,,,,,,,,,,,
2008041585,30,1,0,0,0,0,0,0,0,0,7,0,,67,2,2008,7,39.9059,-75.1334,30.0,6,0,0,0,0,0,0,0,0,,0,0,0,23,3,0,0,,0,39 54:21.277,,2,75 08:00.277,9,0,0,0,67301,0,0,0,N,0,0,0,2,67501,0,,2,9,,N,N,,0,,0,0,1,0.0,0,,2345,0,2,0,0,0,0,1,3,4,0,2,3,,N,,,,,,,,,,,
2008108974,1308,1,0,0,0,0,0,0,0,0,1,0,,67,9,2008,4,40.1078,-75.0266,1306.0,6,0,0,0,0,0,1,0,0,1.0,0,0,0,13,1,2,0,,1,40 06:27.895,2.0,0,75 01:35.737,4,0,0,0,67301,0,0,0,N,0,0,0,2,67301,2,,1,1,,N,N,,1,,0,0,0,0.0,0,N,1305,2,2,0,0,0,0,0,3,4,0,2,3,,N,,,,,,,,,,,
2008108985,1735,0,0,0,0,0,0,0,0,0,1,0,,67,8,2008,4,,,1728.0,6,0,0,0,0,0,0,0,0,1.0,0,0,0,17,1,1,0,,1,,1.0,0,,4,0,0,0,67301,0,0,0,N,0,0,0,4,67301,1,,1,1,,N,,,1,,0,0,0,0.0,0,N,1728,1,2,0,0,0,0,0,3,3,1,2,3,,N,,,,,,,,,,,
2008118572,2250,1,0,0,0,0,0,0,0,0,8,0,,67,9,2008,3,39.9881,-75.0989,2045.0,6,0,0,0,0,0,0,0,0,,0,0,0,13,1,1,0,,0,39 59:17.203,,0,75 05:55.964,4,0,0,0,67301,1,0,0,,1,0,0,2,67301,1,,6,1,,,,,0,,0,0,0,0.0,0,,1345,1,2,0,0,0,0,0,3,4,0,1,3,,N,,,,,,,,,,,
2008108684,9999,1,0,0,1,0,0,0,0,0,4,0,,67,7,2008,6,40.01,-75.1567,1000.0,6,0,0,0,0,0,0,0,1,,0,0,0,18,1,2,0,,0,40 00:35.805,,0,75 09:23.849,4,0,0,0,67301,2,0,0,N,0,0,0,3,67301,2,,1,1,,N,N,,0,,0,0,0,0.0,0,,1800,2,2,0,0,0,0,0,3,4,0,1,3,,N,,,,,,,,,,,
2008118884,106,0,0,0,0,0,0,0,0,0,7,0,,67,8,2008,5,40.0016,-75.0652,101.0,6,0,0,0,0,0,0,0,0,,0,0,0,0,3,1,0,,0,40 00:05.640,,0,75 03:54.870,2,0,1,1,67301,0,0,0,,0,0,0,1,67301,0,,2,1,,,,,0,,0,1,0,0.0,0,,57,1,1,0,0,0,0,0,3,4,0,1,3,,N,,,,,,,,,,,
2008118906,1248,1,0,0,0,0,0,0,0,0,7,0,,67,9,2008,2,40.0743,-75.0464,1247.0,6,0,0,0,0,0,0,0,0,,0,0,0,12,1,0,2,,0,40 04:27.614,,0,75 02:47.126,0,0,0,0,67301,0,0,0,N,0,0,0,1,67301,0,,5,1,,N,N,,0,,0,0,0,3.0,2,,1247,0,1,0,0,1,0,0,3,4,0,1,3,,N,,,,,,,,,,,
2008118922,1813,1,0,0,0,0,0,0,0,0,8,0,,67,9,2008,3,39.9508,-75.1953,1813.0,6,0,0,0,0,0,0,0,0,,0,0,0,18,1,1,1,,0,39 57:02.847,,0,75 11:43.137,4,0,0,0,67301,1,0,0,N,1,0,0,3,67504,1,,1,1,,N,N,,0,,0,0,0,3.0,2,,1800,1,2,0,0,0,0,0,3,4,0,1,3,,N,,,,,,,,,,,
2008099257,1720,1,0,0,0,0,0,0,0,0,4,0,,67,7,2008,3,39.9432,-75.1585,1714.0,6,0,0,0,0,0,1,0,0,,0,0,0,17,1,1,1,,0,39 56:35.516,,0,75 09:30.711,4,0,0,1,67301,0,0,0,N,0,0,0,2,67301,1,,1,1,,N,N,,0,,0,0,0,3.0,3,,1700,1,2,0,0,0,0,0,3,4,0,2,3,,N,,,,,,,,,,,
2008108468,1232,1,0,0,0,0,0,0,0,0,4,0,,67,8,2008,2,40.0043,-75.1281,1231.0,6,0,0,0,0,0,1,0,0,,0,0,0,12,1,1,1,,0,40 00:15.609,,0,75 07:41.037,8,0,0,0,67301,0,0,0,,0,0,0,2,67301,0,,1,1,,N,N,,1,,0,0,0,3.0,2,,1229,1,2,0,0,0,1,0,3,4,0,2,3,,N,,,,,,,,,,,
2008108481,1853,2,0,0,0,0,0,0,0,0,4,0,,67,8,2008,5,39.9229,-75.2263,1852.0,6,0,0,0,0,0,0,0,0,,0,0,0,18,1,2,1,,0,39 55:22.497,,0,75 13:34.820,8,0,0,0,67301,0,0,0,N,0,0,0,4,67301,0,,1,1,,N,Y,,0,,0,0,0,3.0,2,,1852,2,2,0,0,0,2,0,3,4,0,2,3,,N,,,,,,,,,,,
2008101292,253,1,0,0,0,0,0,0,0,0,7,0,,67,8,2008,7,39.9941,-75.0842,238.0,6,0,0,0,0,0,0,0,0,,0,0,0,2,3,1,0,,0,39 59:39.230,,0,75 05:02.720,4,0,0,0,67301,0,0,0,Y,0,0,0,1,68K01,1,,2,9,,N,N,,0,,0,0,0,0.0,0,,235,1,1,0,0,0,0,0,3,4,0,1,7,,N,,,,,,,,,,,
2008108597,640,2,0,0,0,0,0,0,0,0,2,0,,67,8,2008,5,40.0643,-75.0537,638.0,6,0,0,0,0,0,1,0,0,,0,0,0,6,1,1,1,,0,40 03:29.779,,0,75 03:33.648,4,0,0,0,67301,0,0,0,N,0,0,0,3,67301,1,,1,1,,,Y,,1,,0,0,0,2.0,2,,630,1,3,0,0,0,0,1,3,4,0,3,3,,N,,,,,,,,,,,
2008122709,1335,3,0,0,0,0,0,0,0,0,1,0,,67,9,2008,4,40.028,-75.1103,1328.0,6,0,0,0,0,0,1,0,0,1.0,0,0,0,13,1,0,0,,1,40 01:40.657,2.0,0,75 06:37.106,9,0,0,0,67301,0,0,0,N,0,0,0,5,67301,0,,1,1,,N,N,,0,,0,0,1,0.0,0,N,1328,0,4,0,0,0,0,2,3,4,0,4,3,,N,,,,,,,,,,,
2008133165,916,1,0,0,0,0,0,0,0,0,4,1,,67,10,2008,5,40.0371,-75.0112,911.0,6,0,0,0,0,0,1,1,0,,0,1,0,9,1,1,2,,0,40 02:13.039,,0,75 00:41.011,8,0,0,0,67301,0,0,0,N,0,0,0,2,67301,0,,1,1,,N,N,,0,,0,0,0,3.0,2,,911,1,2,0,0,0,1,0,3,4,0,2,3,,N,,,,,,,,,,,
2008133181,1547,1,0,0,0,0,0,0,0,0,8,0,,67,10,2008,1,40.033,-75.0886,1545.0,6,0,0,0,0,0,0,0,0,,0,0,0,15,1,1,0,,0,40 01:58.846,,0,75 05:19.111,4,0,0,0,67301,1,0,0,,1,0,0,2,67301,1,,1,1,,,,,0,,0,0,0,0.0,0,,1540,1,2,0,0,0,0,0,3,4,0,1,3,,N,,,,,,,,,,,
2008035876,908,2,0,0,0,0,0,0,0,0,1,0,,67,2,2008,5,39.9456,-75.1903,908.0,6,0,0,0,0,0,0,0,0,1.0,0,0,0,9,1,0,3,,1,39 56:44.000,3.0,2,75 11:25.033,0,0,0,0,67301,0,0,0,N,0,0,0,3,68K01,0,,1,1,,N,N,,0,,0,0,1,3.0,4,N,905,0,3,0,0,0,0,0,3,4,0,3,3,,N,,,,,,,,,,,
2008059211,2225,2,0,0,0,0,0,0,0,0,1,0,,67,4,2008,4,40.0429,-75.1043,2218.0,6,0,0,0,0,0,0,0,0,,0,0,0,22,3,2,1,,0,40 02:34.484,,0,75 06:15.534,8,0,0,0,67301,0,0,0,N,0,0,0,5,67301,0,,1,1,,N,N,,0,,0,0,0,3.0,2,,2221,2,3,0,0,0,2,0,3,4,1,3,3,,N,,,,,,,,,,,
2008059192,1145,2,0,0,0,0,0,0,0,0,4,0,,67,3,2008,4,40.0143,-75.1781,1140.0,6,0,0,0,0,0,1,0,0,,0,0,0,11,1,1,1,,0,40 00:51.570,,0,75 10:41.163,4,0,0,0,67301,0,0,0,N,0,0,0,2,67301,1,,1,1,,N,N,,0,,0,0,0,0.0,0,,1138,1,2,0,0,0,0,0,3,4,0,2,3,,N,,,,,,,,,,,
2008053989,1753,1,0,0,0,0,0,0,0,0,1,0,,67,3,2008,7,39.9213,-75.1935,1750.0,6,0,0,0,0,0,0,0,0,1.0,0,0,0,17,3,2,0,,2,39 55:16.680,3.0,3,75 11:36.600,8,0,0,0,67301,0,0,0,N,0,0,0,2,67301,0,,1,9,,N,N,,0,,0,0,1,0.0,0,N,1745,2,2,0,0,0,2,0,3,4,0,2,7,,N,,,,,,,,,,,
2008056726,2248,1,0,0,0,0,0,0,0,0,7,0,,67,4,2008,2,39.8974,-75.1879,2241.0,6,0,0,0,1,0,0,0,0,,0,0,0,22,3,0,0,,0,39 53:53.147,,0,75 11:03.261,0,0,0,0,67301,0,0,0,N,0,0,0,1,68K01,0,,2,1,,N,N,,0,,0,0,0,0.0,0,,2239,0,1,0,0,0,0,0,3,4,0,1,3,,N,,,,,,,,,,,
2008051607,1043,5,0,0,0,0,0,0,0,0,1,0,,67,2,2008,7,,,1040.0,6,0,0,0,1,0,0,0,0,3.0,0,0,0,10,1,1,0,,1,,2.0,0,,4,0,0,0,67301,0,0,0,N,0,0,0,7,67301,1,,1,9,,N,N,,1,,0,0,0,0.0,0,N,1040,1,6,0,0,0,0,0,3,3,0,6,7,,N,,,,,,,,,,,
2008051608,2245,1,0,0,0,0,0,0,0,0,7,0,,67,2,2008,5,,,2238.0,6,0,0,0,0,0,0,0,0,1.0,0,0,0,22,3,1,0,,1,,4.0,3,,8,0,0,0,67301,0,0,0,N,0,0,0,1,67301,0,,3,1,,N,N,,0,,0,0,0,0.0,0,N,2230,1,1,0,0,0,1,0,3,3,0,1,3,,N,,,,,,,,,,,
2008051765,2205,0,0,0,0,0,0,0,0,0,1,0,,67,3,2008,3,40.0239,-75.1316,2204.0,6,0,0,0,0,0,1,0,0,,0,0,0,22,3,1,2,,0,40 01:26.261,,0,75 07:52.559,4,0,0,0,67301,0,0,0,N,0,0,0,2,67301,1,,1,9,,N,N,,0,,0,0,1,0.0,0,,2200,1,2,0,0,1,0,0,3,4,1,2,7,,N,,,,,,,,,,,
2008049335,2215,1,0,0,0,0,0,0,0,0,7,0,,67,2,2008,6,,,2210.0,6,0,0,0,0,0,1,0,0,,0,0,0,22,3,0,0,,0,,,2,,0,0,0,0,67301,0,0,0,Y,0,0,0,1,68K01,0,,3,1,,N,N,,0,,0,0,0,0.0,0,,2201,0,1,0,0,0,0,0,3,3,0,1,3,,N,,,,,,,,,,,
2008132981,1847,1,0,0,0,0,0,0,0,0,4,0,,67,10,2008,6,39.9867,-75.2076,1845.0,6,0,0,0,0,0,1,0,0,,0,0,0,18,3,1,1,,0,39 59:12.113,,2,75 12:27.591,4,0,0,0,67301,0,0,0,N,0,0,0,2,67301,1,,1,98,,N,N,,0,,0,0,0,2.0,3,,1842,1,2,0,0,0,0,0,3,4,1,2,3,,N,,,,,,,,,,,
2008050236,210,2,0,0,0,0,0,0,0,0,5,0,,67,3,2008,7,39.9427,-75.1494,205.0,6,0,0,0,0,0,0,0,0,,0,0,0,2,3,1,0,,0,39 56:33.565,,0,75 08:57.872,8,0,0,0,67301,2,0,0,,0,0,0,3,67301,0,,1,1,,,,,0,,0,0,0,0.0,0,,205,1,2,0,0,1,1,0,3,4,0,2,3,,N,,,,,,,,,,,
2008040761,1810,4,0,0,0,0,0,0,0,0,1,0,,67,1,2008,2,40.0009,-75.1103,1805.0,6,0,0,0,0,0,0,0,0,2.0,0,0,0,18,1,3,0,,2,40 00:03.319,1.0,0,75 06:37.188,8,0,0,0,67301,0,0,0,N,0,0,0,8,67301,0,,1,1,,N,N,,0,,0,0,0,2.0,3,Y,1800,3,5,0,0,0,3,5,3,4,1,5,3,,N,,,,,,,,,,,
2008050585,1420,1,0,0,0,0,0,0,0,0,8,0,,67,2,2008,4,40.0179,-75.1493,1410.0,6,0,0,0,0,0,0,0,0,,0,0,0,13,1,1,1,,0,40 01:04.608,,0,75 08:57.650,4,0,0,0,67301,1,0,0,N,1,0,0,2,67301,1,,1,1,,,,,0,,0,0,0,9.0,2,,1330,1,2,0,0,0,0,0,3,4,0,1,3,,N,,,,,,,,,,,
2008050600,1804,1,0,0,0,0,0,0,0,0,8,0,,67,3,2008,4,39.938,-75.2195,1802.0,6,0,0,0,0,0,0,0,0,,0,0,0,18,1,1,0,,0,39 56:16.729,,0,75 13:10.187,4,0,0,0,67301,1,0,0,,1,0,0,2,67301,1,,1,1,,N,N,,0,,0,0,0,0.0,0,,1800,1,2,0,0,0,0,0,3,4,0,1,3,,N,,,,,,,,,,,
2008050616,1235,1,0,0,0,0,0,0,0,0,4,0,,67,2,2008,6,39.9191,-75.158,1207.0,6,0,0,0,0,0,0,0,0,,0,0,0,12,1,1,1,,0,39 55:08.590,,0,75 09:28.749,4,0,0,0,67301,0,0,0,N,0,0,0,5,67301,1,,1,1,,N,N,,0,,0,0,0,3.0,3,,1200,1,2,0,0,0,0,0,3,4,1,2,3,,N,,,,,,,,,,,
2008048126,1824,1,0,0,0,0,0,0,0,0,7,0,,67,3,2008,6,39.9598,-75.1784,1736.0,6,0,0,0,0,0,0,0,0,,0,0,0,17,1,0,7,,0,39 57:35.890,,2,75 10:42.700,0,0,0,0,67301,0,0,0,N,0,0,0,2,68K01,0,,2,1,,N,N,,0,,0,0,0,0.0,0,,1730,0,1,0,0,0,0,0,3,4,0,1,3,,N,,,,,,,,,,,
2008050855,1509,2,0,0,0,0,0,0,0,0,4,0,,67,2,2008,1,40.001,-75.1237,1508.0,6,0,0,0,0,1,0,0,0,,0,0,0,15,1,2,1,,0,40 00:03.643,,0,75 07:25.222,4,0,0,0,67301,0,0,0,N,0,0,0,4,67301,2,,1,1,,N,N,,1,,0,0,0,3.0,3,,1506,2,3,0,0,0,0,0,3,4,0,3,3,,N,,,,,,,,,,,
2008050860,1345,2,0,0,0,0,0,0,0,0,1,0,,67,3,2008,6,39.9528,-75.1669,1340.0,6,0,0,0,0,0,0,0,0,,0,0,0,13,1,2,1,,0,39 57:10.041,,0,75 10:00.777,4,0,0,0,67301,0,0,0,N,0,0,0,4,67301,2,,1,1,,N,N,,0,,0,0,0,2.0,2,,1300,2,2,0,0,0,0,1,3,4,0,2,3,,N,,,,,,,,,,,
2008045776,1530,1,0,0,0,0,0,0,0,0,8,0,,67,2,2008,7,39.9889,-75.1638,1527.0,6,0,0,0,0,0,1,0,0,,0,0,0,15,1,1,1,,0,39 59:20.000,,0,75 09:49.725,3,0,0,0,67301,1,0,0,,1,0,0,2,67301,0,,1,1,,,,,0,,1,0,0,3.0,2,,1525,1,2,0,0,0,0,0,3,4,0,1,3,,N,,,,,,,,,,,
2008043999,1650,1,0,0,0,0,0,0,0,0,8,0,,67,1,2008,2,39.973,-75.2261,1645.0,6,0,0,0,0,0,0,0,0,,0,0,0,15,1,1,1,,0,39 58:22.000,,0,75 13:34.045,8,0,0,0,67301,1,0,0,N,1,0,0,2,67301,0,,1,9,,N,N,,0,,0,0,0,3.0,2,,1545,1,2,0,0,0,1,1,3,4,0,1,7,,N,,,,,,,,,,,
2008044009,1217,2,0,0,0,0,0,0,0,0,4,0,,67,1,2008,7,40.0647,-74.9823,1216.0,6,0,0,0,1,0,2,0,0,,0,0,0,99,1,1,1,,0,40 03:52.000,,0,74 58:56.122,4,0,0,0,67301,0,0,0,N,0,0,0,3,67301,1,,1,1,,N,N,,0,,0,0,1,3.0,2,,9999,1,3,0,0,2,0,0,3,4,0,3,3,,N,,,,,,,,,,,
2008041303,1120,2,0,0,0,0,0,0,0,0,5,0,,67,1,2008,4,40.0256,-75.1502,1120.0,6,0,0,0,0,0,0,0,0,,0,0,0,9,1,1,0,,0,40 01:32.336,,0,75 09:00.673,8,0,0,0,67301,0,0,0,N,0,0,0,1,67301,0,,2,1,,N,N,,0,,0,0,0,3.0,2,,950,1,3,0,0,0,1,0,3,4,1,3,3,,N,,,,,,,,,,,
2008108636,1501,2,0,0,0,0,0,0,0,0,4,0,,67,8,2008,1,39.9385,-75.2318,1500.0,6,0,0,0,0,0,0,0,0,1.0,0,0,0,14,1,0,0,,1,39 56:18.549,1.0,0,75 13:54.446,0,0,0,0,67301,0,0,0,N,0,0,0,2,67301,0,,1,1,,N,N,,0,,0,0,0,0.0,0,Y,1448,0,2,0,0,0,0,0,3,4,0,2,3,,N,,,,,,,,,,,
2008108670,1025,1,0,0,0,0,0,0,0,0,1,0,,67,8,2008,7,40.0584,-75.1492,1021.0,6,0,0,0,0,0,0,0,0,,0,1,0,10,1,1,1,,0,40 03:30.268,,0,75 08:57.263,4,0,0,0,67301,0,0,0,N,0,0,0,3,67301,1,,1,1,,N,N,,0,,0,0,0,3.0,2,,1015,1,2,0,0,0,0,0,3,4,0,2,3,,N,,,,,,,,,,,
2008121251,1419,2,0,0,0,0,0,0,0,0,4,0,,67,9,2008,1,39.957,-75.2134,409.0,6,0,0,0,0,0,1,0,0,,0,0,0,13,1,1,0,,0,39 57:25.271,,7,75 12:48.201,8,0,0,0,67301,0,0,0,N,0,0,0,4,67301,0,,1,9,,N,N,,0,,0,0,0,0.0,0,,1350,1,2,0,0,0,1,0,3,4,0,2,3,,N,,,,,,,,,,,
2008099251,2159,1,0,0,0,0,0,0,0,0,7,0,,67,6,2008,4,39.8951,-75.229,2145.0,6,0,0,0,0,0,0,0,0,,0,0,0,21,3,1,0,,0,39 53:42.226,,0,75 13:44.514,2,0,0,0,67301,0,0,0,,0,0,0,1,67301,0,,2,1,,,,,0,,0,1,0,0.0,0,,2120,1,1,0,0,0,0,0,3,4,0,1,3,,N,,,,,,,,,,,
2008099271,1526,0,0,0,0,0,0,0,0,0,7,0,,67,8,2008,4,40.0892,-75.0457,1524.0,6,0,0,0,0,0,0,0,0,4.0,0,0,0,15,1,1,0,,2,40 05:21.104,6.0,0,75 02:44.523,4,0,0,0,67301,0,0,0,N,0,0,0,1,67301,1,,5,1,,N,N,,0,,0,0,1,0.0,0,Y,1520,1,1,0,0,0,0,0,3,4,0,1,3,,N,,,,,,,,,,,
2008108453,724,2,0,0,0,0,0,0,0,0,1,0,,67,8,2008,1,40.0651,-75.0613,722.0,6,0,0,0,0,0,1,0,0,,0,0,0,7,1,1,1,,0,40 03:54.202,,0,75 03:40.772,8,0,0,0,67301,0,0,0,,0,0,0,2,67301,0,,1,1,,,,,0,,0,0,0,3.0,2,,706,1,2,0,0,0,1,0,3,4,0,2,3,,N,,,,,,,,,,,
2008108472,110,1,0,0,0,0,0,0,0,0,4,0,,67,8,2008,2,39.9388,-75.1462,108.0,6,0,0,0,0,0,0,0,0,,0,0,0,1,3,0,0,,0,39 56:19.816,,0,75 08:46.341,0,0,0,0,67301,0,0,0,,0,0,0,1,67301,0,,6,1,,N,N,,0,,0,0,1,0.0,0,,100,0,2,0,0,0,0,0,3,4,0,2,3,,N,,,,,,,,,,,
2008108587,153,1,0,0,0,0,0,0,0,0,7,0,,67,8,2008,1,39.9363,-75.1984,148.0,6,0,0,0,0,0,0,0,0,9.0,0,0,0,1,3,0,0,,2,39 56:10.606,1.0,0,75 11:54.109,9,0,0,0,67301,0,0,0,N,0,0,0,2,67301,0,,5,1,,N,N,,0,,0,0,0,0.0,0,Y,142,0,1,0,0,0,0,2,3,4,0,1,3,,N,,,,,,,,,,,
2008099074,1238,2,0,0,0,0,0,0,0,0,4,0,,67,8,2008,4,40.0964,-74.971,1233.0,6,0,0,0,1,0,0,0,0,,0,0,0,99,1,0,2,,0,40 05:47.040,,0,74 58:15.600,0,0,0,0,67301,0,0,0,N,0,0,0,2,67301,0,,1,1,,N,N,,0,,0,0,0,3.0,2,,9999,0,2,0,0,0,0,0,3,4,0,2,3,,N,,,,,,,,,,,
2008099077,1604,2,0,0,0,0,0,0,0,0,3,0,,67,7,2008,3,39.9726,-75.1681,1554.0,6,0,0,0,0,1,1,0,0,1.0,0,0,0,99,1,3,0,,1,39 58:21.330,3.0,0,75 10:05.500,4,0,0,0,67301,0,0,0,N,0,0,0,5,67301,3,,1,1,,N,N,,1,,0,0,0,3.0,2,N,9999,3,3,0,0,0,0,0,3,4,0,3,3,,N,,,,,,,,,,,
2008098641,108,2,0,0,0,0,0,0,0,0,5,0,,67,6,2008,7,39.9832,-75.247,108.0,6,0,0,0,0,0,0,0,0,1.0,0,0,0,1,3,0,0,,1,39 58:59.417,2.0,0,75 14:49.082,0,0,0,0,67301,0,0,0,N,0,0,0,1,67301,0,,6,1,,N,N,,0,,0,0,0,0.0,0,Y,101,0,2,0,0,0,0,0,3,4,0,2,3,,N,,,,,,,,,,,
2008101185,2030,0,0,0,0,0,0,0,0,0,4,0,,67,7,2008,3,39.8953,-75.2312,2023.0,6,0,0,0,0,0,0,0,0,9.0,1,0,0,20,3,0,0,,2,39 53:42.955,6.0,7,75 13:52.536,1,1,0,1,67301,0,0,0,,0,0,0,2,67301,0,2.0,1,1,,,,,0,0.0,0,0,0,0.0,0,Y,2011,0,2,0,0,0,0,0,3,4,1,2,3,,N,,,,,,,,,,,
2008121134,1017,1,0,0,0,0,0,0,0,0,4,0,99.0,67,9,2008,5,39.9604,-75.2286,1015.0,6,0,0,0,0,0,0,1,0,,0,0,0,9,1,3,1,,0,39 57:37.457,,0,75 13:43.174,3,0,0,0,67301,0,0,0,,0,0,0,4,67301,0,,1,1,,,,,0,,3,0,1,3.0,2,,930,3,2,0,0,0,0,0,3,4,0,2,3,,Y,8.0,8.0,U,U,U,U,U,U,U,U,