CRN,ARRIVAL_TM,AUTOMOBILE_COUNT,BELTED_DEATH_COUNT,BELTED_SUSP_SERIOUS_INJ_COUNT,BICYCLE_COUNT,BICYCLE_DEATH_COUNT,BICYCLE_SUSP_SERIOUS_INJ_COUNT,BUS_COUNT,CHLDPAS_DEATH_COUNT,CHLDPAS_SUSP_SERIOUS_INJ_COUNT,COLLISION_TYPE,COMM_VEH_COUNT,CONS_ZONE_SPD_LIM,COUNTY,CRASH_MONTH,CRASH_YEAR,DAY_OF_WEEK,DEC_LAT,DEC_LONG,DISPATCH_TM,DISTRICT,DRIVER_COUNT_16YR,DRIVER_COUNT_17YR,DRIVER_COUNT_18YR,DRIVER_COUNT_19YR,DRIVER_COUNT_20YR,DRIVER_COUNT_50_64YR,DRIVER_COUNT_65_74YR,DRIVER_COUNT_75PLUS,EST_HRS_CLOSED,FATAL_COUNT,HEAVY_TRUCK_COUNT,HORSE_BUGGY_COUNT,HOUR_OF_DAY,ILLUMINATION,INJURY_COUNT,INTERSECT_TYPE,INTERSECTION_RELATED,LANE_CLOSED,LATITUDE,LN_CLOSE_DIR,LOCATION_TYPE,LONGITUDE,MAX_SEVERITY_LEVEL,MCYCLE_DEATH_COUNT,MCYCLE_SUSP_SERIOUS_INJ_COUNT,MOTORCYCLE_COUNT,MUNICIPALITY,NONMOTR_COUNT,NONMOTR_DEATH_COUNT,NONMOTR_SUSP_SERIOUS_INJ_COUNT,NTFY_HIWY_MAINT,PED_COUNT,PED_DEATH_COUNT,PED_SUSP_SERIOUS_INJ_COUNT,PERSON_COUNT,POLICE_AGCY,POSSIBLE_INJ_COUNT,RDWY_SURF_TYPE_CD,RELATION_TO_ROAD,ROAD_CONDITION,ROADWAY_CLEARED,SCH_BUS_IND,SCH_ZONE_IND,SECONDARY_CRASH,SMALL_TRUCK_COUNT,SPEC_JURIS_CD,SUSP_MINOR_INJ_COUNT,SUSP_SERIOUS_INJ_COUNT,SUV_COUNT,TCD_FUNC_CD,TCD_TYPE,TFC_DETOUR_IND,TIME_OF_DAY,TOT_INJ_COUNT,TOTAL_UNITS,UNB_DEATH_COUNT,UNB_SUSP_SERIOUS_INJ_COUNT,UNBELTED_OCC_COUNT,UNK_INJ_DEG_COUNT,UNK_INJ_PER_COUNT,URBAN_AREA,URBAN_RURAL,VAN_COUNT,VEHICLE_COUNT,WEATHER1,WEATHER2,WORK_ZONE_IND,WORK_ZONE_LOC,WORK_ZONE_TYPE,WORKERS_PRES,WZ_CLOSE_DETOUR,WZ_FLAGGER,WZ_LAW_OFFCR_IND,WZ_LN_CLOSURE,WZ_MOVING,WZ_OTHER,WZ_SHLDER_MDN,WZ_WORKERS_INJ_KILLED
2008069539,715,1,0,0,0,0,0,0,0,0,8,0,,67,4,2008,3,40.004,-75.1712,713.0,6,0,0,0,0,0,0,0,0,,0,0,0,7,1,1,0,,0,40 00:14.270,,0,75 10:16.553,4,0,0,0,67301,1,0,0,,1,0,0,2,67301,1,,6,1,,,,,0,,0,0,0,0.0,0,,700,1,2,0,0,0,0,1,3,4,0,1,3,,N,,,,,,,,,,,
2008069542,51,1,0,0,0,0,0,0,0,0,7,0,,67,4,2008,1,39.918,-75.2104,43.0,6,0,0,0,0,0,0,0,0,,0,0,0,0,3,1,0,,0,39 55:05.522,,0,75 12:33.911,4,0,0,0,67301,0,0,0,N,0,0,0,1,67301,1,,2,1,,N,N,,0,,0,0,0,0.0,0,,28,1,1,0,0,0,0,0,3,4,0,1,3,,N,,,,,,,,,,,
2008069550,52,1,0,0,0,0,0,0,0,0,7,0,,67,4,2008,4,40.0221,-75.1623,52.0,6,0,0,0,0,0,0,0,0,,0,0,0,0,3,1,0,,0,40 01:20.182,,0,75 09:43.449,3,0,0,0,67301,0,0,0,N,0,0,0,1,67301,0,,4,1,,N,N,,0,,1,0,0,3.0,2,,52,1,1,0,0,1,0,0,3,4,0,1,3,,N,,,,,,,,,,,
2008120886,719,3,0,0,0,0,0,0,0,0,1,0,,67,9,2008,6,39.8947,-75.2295,713.0,6,0,0,0,0,0,1,0,0,,0,0,0,6,1,2,2,,0,39 53:40.927,,0,75 13:46.057,4,0,0,0,67301,0,0,0,N,0,0,0,3,67301,2,,1,9,,N,N,,0,,0,0,0,3.0,2,,656,2,3,0,0,0,0,0,3,4,0,3,7,,N,,,,,,,,,,,
2008082219,1050,1,0,0,0,0,0,0,0,0,4,0,,67,5,2008,4,39.9744,-75.2017,1044.0,6,0,0,0,0,0,1,0,0,,0,0,0,10,1,0,1,,0,39 58:28.022,,0,75 12:06.224,0,0,0,0,67301,0,0,0,N,0,0,0,7,67301,0,,1,1,,N,N,,1,,0,0,0,3.0,2,,1042,0,2,0,0,0,0,0,3,4,0,2,3,,N,,,,,,,,,,,
2008101184,745,1,0,0,0,0,0,1,0,0,2,1,,67,7,2008,2,39.935,-75.1808,718.0,6,0,0,0,0,0,0,0,0,,0,0,0,7,1,2,1,,0,39 56:06.108,,0,75 10:50.786,4,0,0,0,67301,2,0,0,N,0,0,0,3,67301,2,,1,1,,N,N,,0,,0,0,0,0.0,0,,718,2,2,0,0,0,0,1,3,4,0,2,3,,N,,,,,,,,,,,
2008071919,1940,1,0,0,0,0,0,0,0,0,4,0,,67,4,2008,7,40.0211,-75.1399,1929.0,6,0,0,0,0,0,0,0,0,,0,0,0,5,3,0,0,,0,40 01:15.990,,0,75 08:23.650,0,0,0,0,67301,0,0,0,,0,0,0,2,67301,0,,1,98,,,,,0,,0,0,0,9.0,9,,500,0,2,0,0,0,0,0,3,4,0,2,99,,N,,,,,,,,,,,
2008069464,905,1,0,0,0,0,0,0,0,0,1,1,,67,4,2008,2,40.0067,-75.1316,903.0,6,0,0,0,0,0,0,0,0,,0,0,0,8,1,0,0,,0,40 00:24.140,,0,75 07:53.700,9,0,0,0,67301,0,0,0,N,0,0,0,2,67301,0,,1,1,,N,N,,0,,0,0,0,0.0,0,,850,0,2,0,0,0,0,2,3,4,0,2,3,,N,,,,,,,,,,,
2008120923,1357,1,0,0,0,0,0,0,0,0,7,0,,67,9,2008,3,40.0555,-75.2057,1357.0,6,0,0,0,0,0,1,0,0,2.0,0,0,0,13,1,1,0,,2,40 03:19.648,5.0,0,75 12:20.512,3,0,0,0,67301,0,0,0,N,0,0,0,1,67301,0,,2,1,,N,N,,0,,1,0,0,0.0,0,Y,1347,1,1,0,0,1,0,0,3,4,0,1,3,,N,,,,,,,,,,,
2008109108,125,0,0,0,0,0,0,0,0,0,8,0,,67,8,2008,1,40.0415,-75.1584,120.0,6,0,0,0,0,0,0,0,0,1.0,0,0,0,1,3,1,1,,2,40 02:29.396,2.0,0,75 09:30.119,8,0,0,0,67301,1,0,0,N,1,0,0,2,67301,0,,1,1,,N,N,,0,,0,0,1,9.0,2,Y,120,1,2,0,0,0,1,0,3,4,0,1,3,,N,,,,,,,,,,,
2008097415,1247,0,0,0,0,0,0,0,0,0,8,0,,67,5,2008,5,39.9691,-75.207,1245.0,6,0,0,0,0,0,1,0,0,,0,0,0,12,1,1,1,,0,39 58:08.835,,0,75 12:25.163,8,0,0,0,67301,1,0,0,,1,0,0,2,67301,0,,4,1,,,,,1,,0,0,0,0.0,0,,1244,1,2,0,0,0,1,0,3,4,0,1,3,,N,,,,,,,,,,,
2008097429,1735,1,0,0,0,0,0,0,0,0,3,0,,67,6,2008,6,39.9868,-75.16,1730.0,6,0,0,0,0,0,0,0,0,,0,0,0,99,1,2,2,,0,39 59:12.465,,0,75 09:36.115,4,0,0,1,67301,0,0,0,N,0,0,0,3,67301,1,,1,1,,N,N,,0,,0,0,0,3.0,3,,9999,2,3,0,0,1,1,0,3,4,0,3,3,,N,,,,,,,,,,,
2008088925,329,0,0,0,0,0,0,0,0,0,5,1,,67,6,2008,6,39.9014,-75.2393,326.0,6,0,0,0,0,0,0,0,0,,0,1,0,3,3,2,2,,0,39 54:04.924,,0,75 14:21.456,4,0,0,0,67301,0,0,0,N,0,0,0,2,67301,2,,1,1,,N,N,,0,,0,0,1,3.0,2,,323,2,2,0,0,0,0,0,3,4,0,2,3,,N,,,,,,,,,,,
2008088939,2348,1,0,0,0,0,0,0,0,0,2,0,,67,6,2008,7,39.9217,-75.1902,2345.0,6,0,0,0,0,0,0,0,0,2.0,0,0,0,23,3,1,5,,1,39 55:18.120,4.0,2,75 11:24.720,4,0,0,0,67301,0,0,0,N,0,0,0,3,67301,1,,1,1,,N,N,,0,,0,0,1,3.0,2,N,2340,1,2,0,0,1,0,0,3,4,0,2,3,,N,,,,,,,,,,,
2008081065,1836,1,0,0,0,0,0,0,0,0,8,0,,67,5,2008,3,39.9196,-75.2402,1834.0,6,0,0,0,0,0,0,0,0,1.0,0,0,0,18,1,1,1,,1,39 55:10.650,2.0,0,75 14:24.889,4,0,0,0,67301,1,0,0,N,1,0,0,4,67301,1,,1,1,,N,N,,0,,0,0,0,3.0,2,Y,1830,1,2,0,0,0,0,0,3,4,0,1,3,,N,,,,,,,,,,,
2008081551,1921,1,0,0,0,0,0,0,0,0,8,0,,67,5,2008,6,40.0289,-75.0342,1921.0,6,0,0,0,0,0,0,0,0,3.0,0,0,0,19,1,1,1,,1,40 01:45.605,1.0,0,75 02:12.064,8,0,0,0,67301,1,0,0,,1,0,0,3,67301,0,,1,9,,,,,0,,0,0,0,3.0,2,Y,1921,1,2,0,0,0,1,1,3,4,0,1,7,,N,,,,,,,,,,,
2008076257,1809,2,0,0,0,0,0,0,0,0,1,0,,67,6,2008,2,39.958,-75.1634,1807.0,6,0,0,0,0,2,0,0,0,2.0,0,0,0,18,1,2,0,,1,39 57:28.723,3.0,0,75 09:48.321,4,0,0,0,67301,0,0,0,N,0,0,0,3,68K01,2,,1,1,,N,N,,0,,0,0,1,0.0,0,N,1804,2,3,0,0,0,0,0,3,4,0,3,3,,N,,,,,,,,,,,
2008094883,1220,2,0,0,0,0,0,0,0,0,2,0,,67,7,2008,4,40.0268,-75.1171,1207.0,6,0,0,0,0,0,0,0,1,1.0,0,0,0,12,1,2,1,,1,40 01:36.522,2.0,0,75 07:02.105,4,0,0,0,67301,0,0,0,N,0,0,0,5,67301,2,,1,1,,N,N,,0,,0,0,0,3.0,2,N,1207,2,2,0,0,0,0,0,3,4,0,2,3,,N,,,,,,,,,,,
2008108394,1356,0,0,0,0,0,0,0,0,0,8,0,,67,8,2008,2,39.9215,-75.1476,1353.0,6,0,0,0,0,0,0,0,0,2.0,0,0,0,13,1,1,0,,1,39 55:17.506,4.0,1,75 08:51.504,3,0,0,0,67301,1,0,0,N,1,0,0,2,67301,0,,1,1,,N,N,,1,,1,0,0,0.0,0,Y,1351,1,2,0,0,0,0,0,3,4,0,1,3,,N,,,,,,,,,,,
2008079194,2055,1,0,0,0,0,0,0,0,0,8,0,,67,5,2008,3,40.0176,-75.065,2050.0,6,0,0,0,0,0,1,0,0,,0,0,0,99,3,1,1,,0,40 01:03.097,,0,75 03:54.438,4,0,0,0,67301,1,0,0,,1,0,0,2,67301,1,,1,1,,,,,0,,0,0,0,3.0,2,,9999,1,2,0,0,0,0,0,3,4,0,1,3,,N,,,,,,,,,,,
2008098365,1750,2,0,0,0,0,0,0,0,0,4,0,,67,7,2008,7,40.0327,-75.1744,1749.0,6,0,0,0,0,0,1,0,0,1.0,0,0,0,17,1,2,1,,2,40 01:57.777,5.0,0,75 10:27.832,8,0,0,0,67301,0,0,0,N,0,0,0,2,67301,0,,1,1,,N,N,,0,,0,0,0,2.0,2,Y,1748,2,2,0,0,0,2,0,3,4,0,2,3,,N,,,,,,,,,,,
2008083688,1315,0,0,0,0,0,0,0,0,0,7,0,,67,5,2008,4,39.9213,-75.1921,1306.0,6,0,0,0,0,0,0,1,0,,1,0,0,13,1,0,0,,0,39 55:16.763,,0,75 11:31.460,1,0,0,0,67301,0,0,0,N,0,0,0,1,67301,0,2.0,4,1,,N,N,,0,0.0,0,0,0,0.0,0,,1303,0,1,0,0,0,0,0,3,4,1,1,3,,N,,,,,,,,,,,
2008103082,1700,2,0,0,0,0,0,0,0,0,5,0,,67,7,2008,4,40.0589,-75.2082,1653.0,6,0,0,0,0,0,2,0,0,,0,0,0,16,1,0,0,,0,40 03:31.975,,0,75 12:29.358,9,0,0,0,67301,0,0,0,,0,0,0,4,67301,0,,1,1,,N,N,,0,,0,0,0,0.0,0,,1637,0,2,0,0,0,0,1,3,4,0,2,3,,N,,,,,,,,,,,
2008100960,1644,2,0,0,0,0,0,0,0,0,2,0,,67,7,2008,4,39.9245,-75.2453,1642.0,6,0,0,0,0,0,0,0,0,2.0,0,0,0,16,1,2,0,,2,39 55:28.089,6.0,0,75 14:43.195,8,0,0,0,67301,0,0,0,N,0,0,0,3,67301,0,,1,1,,N,N,,0,,0,0,0,0.0,0,N,1636,2,2,0,0,0,2,1,3,4,0,2,3,,N,,,,,,,,,,,
2008098447,1614,1,0,0,0,0,0,0,0,0,1,0,,67,7,2008,4,40.0285,-75.1199,1610.0,6,0,0,0,0,0,2,0,0,,0,0,0,13,1,2,0,,0,40 01:42.600,,0,75 07:11.640,4,0,0,0,67301,0,0,0,N,0,0,0,2,67301,2,,1,1,,N,N,,0,,0,0,1,0.0,0,,1330,2,2,0,0,1,0,0,3,4,0,2,3,,N,,,,,,,,,,,
2008098475,750,2,0,0,0,0,0,0,0,0,4,0,,67,7,2008,5,40.0229,-75.1632,744.0,6,0,0,0,0,0,0,0,0,,0,0,0,7,1,1,1,,0,40 01:22.634,,0,75 09:47.577,8,0,0,0,67301,0,0,0,N,0,0,0,4,67301,0,,1,1,,N,N,,0,,0,0,0,0.0,0,,744,1,2,0,0,0,1,0,3,4,0,2,3,,N,,,,,,,,,,,
2008096056,1245,2,0,0,0,0,0,0,0,0,4,0,,67,6,2008,2,40.0517,-75.1271,1240.0,6,0,0,0,0,0,1,0,0,,0,0,0,11,1,1,1,,0,40 03:06.246,,0,75 07:37.696,4,0,0,0,67301,0,0,0,N,0,0,0,3,67301,1,,1,1,,N,N,,0,,0,0,0,3.0,2,,1141,1,2,0,0,0,0,0,3,4,0,2,3,,N,,,,,,,,,,,
2008078856,1428,0,0,0,0,0,0,0,0,0,7,0,,67,7,2008,6,40.0057,-75.1977,1422.0,6,0,0,0,0,0,1,0,0,,0,0,0,14,1,0,0,,0,40 00:21.252,,2,75 11:54.429,0,0,0,0,67301,0,0,0,N,0,0,0,1,68K01,0,,2,1,,N,N,,0,,0,0,1,0.0,0,,1419,0,1,0,0,0,0,0,3,4,0,1,3,,N,,,,,,,,,,,
2008098174,1335,1,0,0,0,0,0,0,0,0,7,0,,67,7,2008,3,40.0386,-75.0611,1331.0,6,0,0,0,0,0,0,0,0,1.0,0,0,0,13,1,2,0,,2,40 02:19.028,2.0,0,75 03:39.977,4,0,0,0,67301,0,0,0,N,0,0,0,2,67301,2,,2,1,,N,N,,0,,0,0,0,0.0,0,N,1330,2,1,0,0,0,0,0,3,4,0,1,3,,N,,,,,,,,,,,
2008133292,1222,1,0,0,0,0,0,0,0,0,8,0,,67,11,2008,3,39.9399,-75.1998,1217.0,6,0,0,0,0,0,1,0,0,,0,0,0,12,1,1,1,,0,39 56:23.705,,0,75 11:59.166,3,0,0,0,67301,1,0,0,N,1,0,0,2,67301,0,,1,9,,N,N,,0,,1,0,0,3.0,2,,1217,1,2,0,0,0,0,0,3,4,0,1,7,,N,,,,,,,,,,,
2008119233,810,1,0,0,0,0,0,0,0,0,8,0,,67,9,2008,6,40.0511,-75.159,808.0,6,0,0,0,0,0,0,0,0,,0,0,0,7,1,1,1,,0,40 03:03.985,,0,75 09:32.569,4,0,0,0,67301,1,0,0,N,1,0,0,2,67301,1,,1,1,,N,N,,0,,0,0,0,3.0,2,,758,1,2,0,0,1,0,0,3,4,0,1,3,,N,,,,,,,,,,,
2008118933,1804,2,0,0,0,0,0,0,0,0,8,0,,67,9,2008,1,39.9143,-75.1761,1759.0,6,0,0,0,0,0,0,0,0,,0,0,0,17,1,1,0,,0,39 54:51.473,,0,75 10:34.108,4,0,0,0,67301,1,0,0,N,1,0,0,2,67301,1,,1,1,,N,N,,0,,0,0,0,0.0,0,,1757,1,3,0,0,0,0,0,3,4,0,2,3,,N,,,,,,,,,,,
2008118959,712,1,0,0,0,0,0,0,0,0,8,0,,67,10,2008,5,40.0314,-75.063,710.0,6,0,0,0,0,0,0,1,0,,0,0,0,7,1,1,0,,0,40 01:53.138,,0,75 03:46.986,3,0,0,0,67301,1,0,0,N,1,0,0,2,67301,0,,1,1,,N,N,,0,,1,0,0,9.0,2,,703,1,2,0,0,0,0,0,3,4,0,1,3,,N,,,,,,,,,,,
2008119309,1253,2,0,0,0,0,0,0,0,0,5,0,,67,9,2008,6,39.9631,-75.2022,1253.0,6,0,0,0,0,0,1,0,0,,0,0,0,12,1,3,0,,0,39 57:47.061,,0,75 12:07.887,8,0,0,0,67301,0,0,0,N,0,0,0,7,67301,0,,1,9,,N,N,,0,,0,0,0,0.0,0,,1253,3,3,0,0,0,3,0,3,4,0,3,7,,N,,,,,,,,,,,
2008119311,1532,1,0,0,0,0,0,0,0,0,4,0,,67,9,2008,5,39.9979,-75.2333,1528.0,6,0,0,0,0,0,0,0,0,,0,0,0,13,1,1,0,,0,39 59:55.048,,7,75 13:54.767,8,0,0,0,67301,0,0,0,N,0,0,0,2,67301,0,,1,1,,N,N,,0,,0,0,1,0.0,0,,1341,1,2,0,0,0,1,0,3,4,0,2,3,,N,,,,,,,,,,,
2008119003,1911,2,0,0,0,0,0,0,0,0,4,0,,67,8,2008,7,39.9819,-75.239,1908.0,6,0,0,0,0,0,0,0,0,,0,0,0,18,1,1,1,,0,39 58:54.974,,0,75 14:20.357,4,0,0,0,67301,0,0,0,N,0,0,0,2,67301,1,,1,1,,N,N,,0,,0,0,0,3.0,2,,1805,1,2,0,0,0,0,0,3,4,0,2,3,,N,,,,,,,,,,,
2008095724,1333,3,0,0,0,0,0,0,0,0,4,0,,67,7,2008,1,39.9711,-75.1309,1331.0,6,0,0,0,0,0,1,0,0,,0,0,0,13,1,2,2,,0,39 58:15.844,,0,75 07:51.333,4,0,0,0,67301,0,0,0,N,0,0,0,2,67301,2,,1,1,,N,N,,0,,0,0,0,0.0,0,,1329,2,3,0,0,0,0,0,3,4,0,3,3,,N,,,,,,,,,,,
2008097893,842,1,0,0,0,0,0,0,0,0,8,0,,67,7,2008,7,39.9661,-75.2056,840.0,6,0,0,0,0,0,0,0,0,,0,0,0,8,1,1,1,,0,39 57:57.787,,0,75 12:20.087,8,0,0,0,67301,1,0,0,N,1,0,0,2,67301,0,,1,1,,N,N,,0,,0,0,0,3.0,3,,838,1,2,0,0,0,1,0,3,4,0,1,3,,N,,,,,,,,,,,
2008095451,2026,1,0,0,1,0,0,0,0,0,4,0,,67,6,2008,3,39.9633,-75.1885,2025.0,6,0,0,0,0,0,0,0,1,,0,0,0,20,1,1,1,,0,39 57:47.719,,0,75 11:18.597,4,0,0,0,67301,1,0,0,N,0,0,0,3,67301,1,,1,1,,N,N,,0,,0,0,0,3.0,2,,2023,1,2,0,0,0,0,0,3,4,0,1,3,,N,,,,,,,,,,,
2008082868,9999,2,0,0,0,0,0,0,0,0,4,0,,67,5,2008,2,40.0421,-75.1821,1147.0,6,0,0,0,0,0,0,0,0,,0,0,0,11,1,1,2,,0,40 02:31.389,,0,75 10:55.461,4,0,0,0,67301,0,0,0,N,0,0,0,2,67301,1,,1,9,,N,N,,0,,0,0,0,3.0,3,,1140,1,2,0,0,0,0,0,3,4,0,2,7,,N,,,,,,,,,,,
2008095592,1620,0,0,0,0,0,0,0,0,0,7,0,,67,6,2008,7,40.0331,-75.1706,1611.0,6,0,0,0,0,0,1,0,0,1.0,0,0,0,15,1,1,1,,1,40 01:59.290,2.0,0,75 10:14.198,3,0,0,0,67301,0,0,0,N,0,0,0,1,67301,0,,5,9,,N,N,,0,,1,0,1,3.0,2,N,1538,1,1,0,0,0,0,0,3,4,0,1,7,,N,,,,,,,,,,,
2008095367,2135,1,0,0,0,0,0,0,0,0,4,0,,67,6,2008,5,39.9225,-75.1549,2135.0,6,0,0,0,0,0,1,0,0,,0,0,0,21,3,1,1,,0,39 55:20.910,,0,75 09:17.862,2,0,1,1,67301,0,0,0,,0,0,0,6,67301,0,,1,1,,,,,0,,0,1,0,3.0,2,,2134,1,2,0,0,0,0,0,3,4,0,2,3,,N,,,,,,,,,,,
2008088304,910,1,0,0,0,0,0,0,0,0,8,0,,67,5,2008,6,40.0631,-75.0866,910.0,6,0,0,0,0,0,0,0,0,1.0,0,0,0,9,1,1,2,,1,40 03:47.007,1.0,0,75 05:11.735,3,0,0,0,67301,1,0,0,N,1,0,0,2,67301,0,,1,9,,N,N,,0,,1,0,0,3.0,2,N,904,1,2,0,0,0,0,0,3,4,0,1,7,,N,,,,,,,,,,,
2008088712,0,1,0,0,0,0,0,0,0,0,4,0,,67,4,2008,4,40.0173,-75.1163,0.0,6,0,0,0,0,0,0,0,0,,0,0,0,10,1,1,2,,0,40 01:02.392,,0,75 06:58.530,8,0,0,0,67301,0,0,0,N,0,0,0,2,00000,0,,1,1,,N,N,,1,,0,0,0,9.0,9,,1008,1,2,0,0,0,1,0,3,4,0,2,3,,N,,,,,,,,,,,
2008097580,1147,1,0,0,0,0,0,0,0,0,4,0,,67,7,2008,6,40.0948,-75.0153,1145.0,6,0,0,0,0,0,1,0,0,1.0,0,0,0,11,1,1,5,,1,40 05:41.416,3.0,0,75 00:54.958,4,0,0,0,67301,0,0,0,N,0,0,0,4,67301,1,,1,1,,N,N,,1,,0,0,0,3.0,2,N,1145,1,2,0,0,0,0,0,3,4,0,2,3,,N,,,,,,,,,,,
2008077985,1039,2,0,0,0,0,0,0,0,0,5,0,,67,4,2008,4,39.9851,-75.1598,1037.0,6,0,0,0,0,0,1,0,0,,0,0,0,10,1,1,1,,0,39 59:06.525,,0,75 09:35.319,8,0,0,0,67301,0,0,0,N,0,0,0,2,67301,0,,1,1,,N,N,,0,,0,0,0,3.0,2,,1037,1,2,0,0,2,1,0,3,4,0,2,3,,N,,,,,,,,,,,
2008088087,1634,2,0,0,0,0,0,0,0,0,2,0,,67,6,2008,5,40.037,-75.1452,1633.0,6,0,0,1,0,0,1,0,0,,0,0,0,16,1,0,0,,0,40 02:13.120,,0,75 08:42.687,0,0,0,0,67301,0,0,0,N,0,0,0,2,67301,0,,1,1,,N,N,,0,,0,0,0,3.0,2,,1630,0,2,0,0,0,0,0,3,4,0,2,3,,N,,,,,,,,,,,
2008083257,658,1,0,0,0,0,0,0,0,0,7,0,,67,5,2008,6,39.9931,-75.1481,645.0,6,0,0,0,0,0,0,0,0,,0,0,0,6,1,1,0,,0,39 59:35.164,,0,75 08:53.039,3,0,0,0,67301,0,0,0,N,0,0,0,1,67301,0,,4,9,,N,N,,0,,1,0,0,0.0,0,,630,1,1,0,0,0,0,0,3,4,0,1,7,,N,,,,,,,,,,,
2008073928,1607,1,0,0,0,0,0,0,0,0,1,0,,67,6,2008,6,39.9578,-75.1614,1556.0,6,0,0,0,0,0,0,1,0,1.0,0,0,0,15,1,0,0,,1,39 57:28.147,4.0,0,75 09:41.225,0,0,0,0,67301,0,0,0,N,0,0,0,2,68K01,0,,1,1,,N,N,,1,,0,0,0,0.0,0,N,1542,0,2,0,0,0,0,0,3,4,0,2,3,,N,,,,,,,,,,,
2008073931,2207,1,0,0,0,0,0,0,0,0,7,0,,67,6,2008,4,39.9742,-75.1942,2143.0,6,0,0,0,0,0,0,0,0,,0,0,0,21,3,0,0,,0,39 58:30.720,,0,75 11:40.560,0,0,0,0,67301,0,0,0,N,0,0,0,1,68K01,0,,2,1,,N,N,,0,,0,0,0,0.0,0,,2136,0,1,0,0,0,0,0,3,4,0,1,3,,N,,,,,,,,,,,
2008098497,1355,2,0,0,0,0,0,0,0,0,6,0,,67,7,2008,7,39.97,-75.1889,1353.0,6,0,0,0,0,0,0,0,0,,0,0,0,13,1,1,0,,0,39 58:12.137,,0,75 11:20.851,4,0,0,0,67301,0,0,0,N,0,0,0,3,67301,1,,1,1,,N,N,,0,,0,0,0,0.0,0,,1330,1,2,0,0,0,0,1,3,4,0,2,3,,N,,,,,,,,,,,
2008098499,815,1,0,0,0,0,0,0,0,0,5,0,,67,7,2008,5,40.0099,-75.1964,802.0,6,0,0,0,0,0,1,0,0,,0,0,0,8,1,1,1,,0,40 00:35.640,,0,75 11:47.400,8,0,0,0,67301,0,0,0,N,0,0,0,2,67301,0,,1,1,,N,N,,0,,0,0,0,3.0,2,,802,1,2,0,0,1,1,0,3,4,1,2,3,,N,,,,,,,,,,,
2008133302,2112,1,0,0,0,0,0,0,0,0,5,0,,67,11,2008,5,40.0043,-75.1493,2102.0,6,0,0,0,0,0,0,1,0,,0,0,0,20,3,1,1,,0,40 00:15.436,,0,75 08:57.465,4,0,0,0,67301,0,0,0,,0,0,0,3,67301,1,,1,9,,,,,0,,0,0,0,3.0,2,,2050,1,2,0,0,0,0,1,3,4,0,2,7,,N,,,,,,,,,,,
2008133940,1520,2,0,0,0,0,0,0,0,0,1,0,,67,12,2008,7,39.9738,-75.1941,1513.0,6,0,0,0,0,0,0,0,0,,0,0,0,15,1,0,0,,0,39 58:29.371,,0,75 11:39.927,0,0,0,0,67301,0,0,0,N,0,0,0,5,68K01,0,,1,1,,N,N,,1,,0,0,0,0.0,0,,1510,0,3,0,0,0,0,0,3,4,0,3,3,,N,,,,,,,,,,,
2008119194,2042,1,0,0,0,0,0,0,0,0,4,0,,67,9,2008,7,39.9212,-75.1937,2038.0,6,0,0,0,0,0,0,0,0,,0,0,0,20,3,1,0,,0,39 55:16.136,,7,75 11:37.500,8,0,0,0,67301,0,0,0,N,0,0,0,2,67301,0,,1,9,,N,N,,1,,0,0,0,0.0,0,,2022,1,2,0,0,0,1,0,3,4,0,2,7,,N,,,,,,,,,,,
2008118930,1757,0,0,0,0,0,0,0,0,0,1,0,,67,9,2008,3,40.0958,-74.9912,1731.0,6,0,0,0,0,0,0,0,0,,0,0,0,17,1,0,0,,0,40 05:44.947,,0,74 59:28.433,0,0,0,0,67301,0,0,0,N,0,0,0,2,67301,0,,1,1,,N,N,,0,,0,0,2,0.0,0,,1728,0,2,0,0,0,0,0,3,4,0,2,3,,N,,,,,,,,,,,
2008133601,1113,1,0,0,0,0,0,1,0,0,5,1,,67,10,2008,4,39.9758,-75.1635,1113.0,6,0,0,0,0,0,1,0,0,,0,0,0,11,1,1,0,,0,39 58:32.753,,0,75 09:48.519,8,0,0,0,67301,0,0,0,,0,0,0,3,67301,0,,1,1,,N,N,,0,,0,0,0,3.0,2,,1103,1,2,0,0,0,1,0,3,4,0,2,3,,N,,,,,,,,,,,
2008133653,9999,2,0,0,0,0,0,0,0,0,4,0,,67,9,2008,7,40.0105,-75.1608,9999.0,6,0,0,0,0,0,1,0,0,,0,0,0,14,1,2,1,,0,40 00:37.732,,0,75 09:38.718,8,0,0,0,67301,0,0,0,,0,0,0,3,67301,0,,1,9,,,,,0,,0,0,0,0.0,0,,1455,2,2,0,0,0,2,0,3,4,0,2,7,,N,,,,,,,,,,,
2008118998,1910,1,0,0,1,0,0,0,0,0,4,0,,67,9,2008,3,39.9379,-75.1802,1903.0,6,0,0,0,0,0,0,0,0,,0,0,0,19,1,1,1,,0,39 56:16.292,,0,75 10:48.601,4,0,0,0,67301,1,0,0,N,0,0,0,2,67301,1,,1,1,,N,N,,0,,0,0,0,1.0,2,,1900,1,2,0,0,0,0,0,3,4,0,1,3,,N,,,,,,,,,,,