CRN,ARRIVAL_TM,AUTOMOBILE_COUNT,BELTED_DEATH_COUNT,BELTED_SUSP_SERIOUS_INJ_COUNT,BICYCLE_COUNT,BICYCLE_DEATH_COUNT,BICYCLE_SUSP_SERIOUS_INJ_COUNT,BUS_COUNT,CHLDPAS_DEATH_COUNT,CHLDPAS_SUSP_SERIOUS_INJ_COUNT,COLLISION_TYPE,COMM_VEH_COUNT,CONS_ZONE_SPD_LIM,COUNTY,CRASH_MONTH,CRASH_YEAR,DAY_OF_WEEK,DEC_LAT,DEC_LONG,DISPATCH_TM,DISTRICT,DRIVER_COUNT_16YR,DRIVER_COUNT_17YR,DRIVER_COUNT_18YR,DRIVER_COUNT_19YR,DRIVER_COUNT_20YR,DRIVER_COUNT_50_64YR,DRIVER_COUNT_65_74YR,DRIVER_COUNT_75PLUS,EST_HRS_CLOSED,FATAL_COUNT,HEAVY_TRUCK_COUNT,HORSE_BUGGY_COUNT,HOUR_OF_DAY,ILLUMINATION,INJURY_COUNT,INTERSECT_TYPE,INTERSECTION_RELATED,LANE_CLOSED,LATITUDE,LN_CLOSE_DIR,LOCATION_TYPE,LONGITUDE,MAX_SEVERITY_LEVEL,MCYCLE_DEATH_COUNT,MCYCLE_SUSP_SERIOUS_INJ_COUNT,MOTORCYCLE_COUNT,MUNICIPALITY,NONMOTR_COUNT,NONMOTR_DEATH_COUNT,NONMOTR_SUSP_SERIOUS_INJ_COUNT,NTFY_HIWY_MAINT,PED_COUNT,PED_DEATH_COUNT,PED_SUSP_SERIOUS_INJ_COUNT,PERSON_COUNT,POLICE_AGCY,POSSIBLE_INJ_COUNT,RDWY_SURF_TYPE_CD,RELATION_TO_ROAD,ROAD_CONDITION,ROADWAY_CLEARED,SCH_BUS_IND,SCH_ZONE_IND,SECONDARY_CRASH,SMALL_TRUCK_COUNT,SPEC_JURIS_CD,SUSP_MINOR_INJ_COUNT,SUSP_SERIOUS_INJ_COUNT,SUV_COUNT,TCD_FUNC_CD,TCD_TYPE,TFC_DETOUR_IND,TIME_OF_DAY,TOT_INJ_COUNT,TOTAL_UNITS,UNB_DEATH_COUNT,UNB_SUSP_SERIOUS_INJ_COUNT,UNBELTED_OCC_COUNT,UNK_INJ_DEG_COUNT,UNK_INJ_PER_COUNT,URBAN_AREA,URBAN_RURAL,VAN_COUNT,VEHICLE_COUNT,WEATHER1,WEATHER2,WORK_ZONE_IND,WORK_ZONE_LOC,WORK_ZONE_TYPE,WORKERS_PRES,WZ_CLOSE_DETOUR,WZ_FLAGGER,WZ_LAW_OFFCR_IND,WZ_LN_CLOSURE,WZ_MOVING,WZ_OTHER,WZ_SHLDER_MDN,WZ_WORKERS_INJ_KILLED
2008097916,415,1,0,0,0,0,0,0,0,0,8,0,,67,7,2008,2,39.9944,-75.1219,410.0,6,0,0,0,0,0,0,0,0,,0,0,0,4,3,1,0,,0,39 59:39.782,,0,75 07:18.807,4,0,0,0,67301,1,0,0,N,1,0,0,2,67301,1,,2,9,,N,N,,0,,0,0,0,0.0,0,,405,1,2,0,0,0,0,0,3,4,0,1,7,,N,,,,,,,,,,,
2008095450,1307,1,0,0,0,0,0,0,0,0,8,0,,67,7,2008,5,39.9689,-75.2178,1304.0,6,0,0,0,0,0,1,0,0,,0,0,0,13,1,1,0,,0,39 58:08.034,,0,75 13:04.138,4,0,0,0,67301,1,0,0,N,1,0,0,2,67301,1,,1,1,,N,N,,0,,0,0,0,0.0,0,,1304,1,2,0,0,0,0,0,3,4,0,1,3,,N,,,,,,,,,,,
2008097613,9999,3,0,0,0,0,0,0,0,0,4,0,,67,8,2008,2,40.022,-75.0632,1749.0,6,0,0,0,0,0,0,0,0,,0,0,0,16,1,0,1,,0,40 01:19.421,,0,75 03:47.335,0,0,0,0,67301,0,0,0,N,0,0,0,2,67301,0,,1,1,,N,N,,0,,0,0,0,3.0,2,,1656,0,3,0,0,0,0,0,3,4,0,3,3,,N,,,,,,,,,,,
2008090632,2232,1,0,0,0,0,0,0,0,0,4,0,,67,7,2008,7,39.9954,-75.2182,2232.0,6,0,0,0,0,0,0,0,0,2.0,0,0,0,22,3,4,2,,1,39 59:43.358,5.0,0,75 13:05.701,3,0,0,0,67301,0,0,0,N,0,0,0,4,68K01,3,,1,1,,N,N,,0,,1,0,1,3.0,2,Y,2230,4,2,0,0,0,0,0,3,4,0,2,3,,N,,,,,,,,,,,
2008088392,1800,1,0,0,1,0,0,0,0,0,5,0,,67,6,2008,6,40.0299,-75.1533,1713.0,6,0,0,0,0,0,1,0,0,,0,0,0,17,1,1,5,,0,40 01:47.791,,0,75 09:11.771,8,0,0,0,67301,1,0,0,N,0,0,0,2,67301,0,,1,1,,N,N,,0,,0,0,0,3.0,2,,1700,1,2,0,0,0,1,0,3,4,0,1,3,,N,,,,,,,,,,,
2008088222,2205,1,0,0,0,0,0,0,0,0,7,0,,67,6,2008,6,40.0291,-75.1068,2157.0,6,0,0,0,1,0,1,0,0,1.0,0,0,0,21,3,0,8,,1,40 01:44.760,2.0,6,75 06:24.480,0,0,0,0,67301,0,0,0,N,0,0,0,6,67301,0,,2,1,,N,N,,0,,0,0,1,3.0,2,N,2157,0,2,0,0,0,0,0,3,4,0,2,3,,N,,,,,,,,,,,
2008088803,2204,2,0,0,0,0,0,0,0,0,5,0,,67,8,2008,7,39.9702,-75.1928,2204.0,6,0,0,1,0,0,0,0,0,2.0,0,0,0,21,3,0,0,,1,39 58:16.339,4.0,0,75 11:35.894,0,0,0,0,67301,0,0,0,N,0,0,0,3,68K01,0,,1,1,,N,N,,0,,0,0,0,0.0,0,N,2159,0,2,0,0,0,0,0,3,4,0,2,3,,N,,,,,,,,,,,
2008088290,1920,0,0,0,0,0,0,0,0,0,8,0,,67,6,2008,5,40.0474,-75.078,1917.0,6,0,0,0,0,0,0,0,0,,0,0,0,19,1,2,1,,0,40 02:50.643,,0,75 04:40.796,4,0,0,0,67301,2,0,0,,2,0,0,3,67301,2,,1,1,,N,N,,0,,0,0,0,3.0,2,,1915,2,3,0,0,1,0,0,3,4,1,1,3,,N,,,,,,,,,,,
2008088718,9999,0,0,0,0,0,0,0,0,0,8,0,,67,4,2008,4,40.0076,-75.1007,9999.0,6,0,0,0,0,0,0,0,0,,0,0,0,15,1,1,0,,0,40 00:27.300,,0,75 06:02.400,3,0,0,0,67301,1,0,0,N,1,0,0,2,00000,0,,1,1,,N,N,,0,,1,0,0,0.0,0,,1500,1,2,0,0,0,0,0,3,4,1,1,3,,N,,,,,,,,,,,
2008080308,2242,2,0,0,0,0,0,0,0,0,2,0,,67,5,2008,1,40.0281,-75.039,2239.0,6,0,0,0,0,0,1,0,0,,0,0,0,22,3,3,0,,0,40 01:41.160,,0,75 02:20.760,8,0,0,0,67301,0,0,0,N,0,0,0,3,67301,0,,1,1,,N,N,,0,,0,0,0,0.0,0,,2227,3,2,0,0,0,3,0,3,4,0,2,3,,N,,,,,,,,,,,
2008087959,2301,2,0,0,0,0,0,0,0,0,4,0,,67,6,2008,4,40.0365,-75.0802,2300.0,6,0,0,0,0,0,0,0,0,,0,0,0,22,3,1,1,,0,40 01:52.320,,0,75 05:06.720,8,0,0,0,67301,0,0,0,N,0,0,0,3,67301,0,,1,1,,N,N,,0,,0,0,0,0.0,0,,2249,1,2,0,0,1,1,2,3,4,0,2,3,,N,,,,,,,,,,,
2008083641,1001,1,0,0,0,0,0,0,0,0,5,1,,67,7,2008,2,39.9649,-75.1373,950.0,6,0,0,0,0,0,0,0,0,1.0,0,1,0,9,1,2,0,,2,39 58:05.984,1.0,0,75 07:47.052,8,0,0,0,67301,0,0,0,N,0,0,0,3,68K01,0,,1,1,,N,N,,0,,0,0,0,3.0,8,N,947,2,2,0,0,0,2,0,3,4,0,2,3,,N,,,,,,,,,,,
2008088094,1835,1,0,0,0,0,0,0,0,0,4,0,,67,6,2008,4,39.9814,-75.1094,1828.0,6,0,1,0,0,0,0,0,0,,0,0,0,18,1,1,1,,0,39 58:53.144,,0,75 06:33.677,8,0,0,0,67301,0,0,0,,0,0,0,2,67301,0,,1,9,,N,N,,0,,0,0,1,3.0,3,,1820,1,2,0,0,0,1,0,3,4,0,2,7,,N,,,,,,,,,,,
2008087903,1602,2,0,0,0,0,0,0,0,0,4,0,,67,6,2008,7,39.9789,-75.2322,1556.0,6,0,0,0,0,0,0,0,0,,0,0,0,15,1,0,1,,0,39 58:44.180,,0,75 13:56.038,0,0,0,0,67301,0,0,0,N,0,0,0,2,67301,0,,1,1,,N,N,,0,,0,0,0,3.0,3,,1537,0,2,0,0,0,0,0,3,4,0,2,3,,N,,,,,,,,,,,
2008098019,10,1,0,0,0,0,0,0,0,0,5,0,,67,5,2008,6,39.9921,-75.2339,2359.0,6,0,0,0,0,0,0,0,0,,0,0,0,21,3,0,0,,0,39 59:31.509,,0,75 14:02.180,0,0,0,0,67301,0,0,0,N,0,0,0,3,67301,0,,1,1,,N,N,,0,,0,0,2,3.0,2,,2113,0,3,0,0,0,0,0,3,4,0,3,3,,N,,,,,,,,,,,
2008098046,2030,0,0,0,0,0,0,0,0,0,8,0,,67,6,2008,2,39.9401,-75.2269,2020.0,6,0,0,0,0,0,0,0,0,,0,0,0,99,1,1,0,,0,39 56:24.370,,0,75 13:36.793,4,0,0,0,67301,1,0,0,N,1,0,0,4,67301,1,,1,1,,N,N,,0,,0,0,0,0.0,0,,9999,1,2,0,0,0,0,0,3,4,1,1,3,,N,,,,,,,,,,,
2008100568,1423,0,0,0,0,0,0,1,0,0,4,1,,67,6,2008,1,39.9738,-75.1639,1423.0,6,0,0,0,1,0,0,0,0,,0,0,0,14,1,1,1,,0,39 58:25.777,,0,75 09:50.014,4,0,0,1,67301,0,0,0,N,0,0,0,2,67301,1,,1,1,,,,,0,,0,0,0,3.0,3,,1420,1,2,0,0,0,0,0,3,4,0,2,3,,N,,,,,,,,,,,
2008100585,9999,0,0,0,0,0,0,0,0,0,8,0,,67,6,2008,3,39.9217,-75.1703,9999.0,6,0,0,0,0,0,0,0,0,,0,0,0,10,1,1,0,,0,39 55:18.230,,0,75 10:13.156,3,0,0,0,67301,1,0,0,N,1,0,0,2,67301,0,,6,1,,N,N,,0,,1,0,1,0.0,0,,1000,1,2,0,0,0,0,0,3,4,0,1,3,,N,,,,,,,,,,,
2008098276,906,3,0,0,0,0,0,0,0,0,1,0,,67,7,2008,5,40.0093,-75.1886,854.0,6,0,0,0,0,0,0,0,0,,0,0,0,8,1,1,0,,0,40 00:35.750,,0,75 11:11.940,4,0,0,0,67301,0,0,0,,0,0,0,3,67301,1,,1,1,,,,,0,,0,0,0,0.0,0,,845,1,3,0,0,0,0,0,3,4,0,3,3,,N,,,,,,,,,,,
2008098280,2335,1,0,0,0,0,0,0,0,0,7,0,,67,7,2008,7,40.0253,-75.1238,2328.0,6,0,0,0,0,0,0,0,0,,0,0,0,23,3,0,1,,0,40 01:31.153,,0,75 07:24.780,9,0,0,0,67301,0,0,0,N,0,0,0,1,67301,0,,2,1,,N,N,,0,,0,0,0,3.0,2,,2325,0,1,0,0,0,0,1,3,4,0,1,3,,N,,,,,,,,,,,
2008089180,9999,2,0,0,0,0,0,0,0,0,1,0,,67,3,2008,7,,,9999.0,6,0,0,1,0,0,1,0,0,,0,0,0,22,6,1,0,,0,,,0,,8,0,0,0,67301,0,0,0,N,0,0,0,3,00000,0,,1,1,,N,N,,0,,0,0,1,0.0,0,,2220,1,3,0,0,0,1,2,3,3,0,3,3,,N,,,,,,,,,,,
2008098374,907,1,0,0,0,0,0,0,0,0,7,0,,67,7,2008,1,39.9906,-75.0867,906.0,6,0,0,0,0,0,0,0,0,2.0,0,0,0,8,1,1,0,,1,39 59:25.566,2.0,0,75 05:12.998,4,0,0,0,67301,0,0,0,N,0,0,0,1,67301,1,,2,1,,N,N,,0,,0,0,0,0.0,0,Y,839,1,1,0,0,0,0,0,3,4,0,1,3,,N,,,,,,,,,,,
2008070802,9999,2,0,0,0,0,0,0,0,0,2,0,,67,4,2008,3,39.9804,-75.1179,2156.0,6,0,0,0,0,0,1,0,0,,0,0,0,21,3,2,1,,0,39 58:53.612,,0,75 07:02.654,8,0,0,0,67301,0,0,0,,0,0,0,2,67301,0,,1,1,,,,,0,,0,0,0,9.0,9,,2156,2,2,0,0,0,2,0,3,4,0,2,3,,N,,,,,,,,,,,
2008070805,1735,3,0,0,0,0,0,0,0,0,1,0,,67,4,2008,4,40.0144,-75.2048,1730.0,6,0,0,0,0,0,1,0,0,1.0,0,0,0,17,1,1,0,,1,40 00:53.381,1.0,0,75 12:21.601,4,0,0,0,67301,0,0,0,N,0,0,0,3,67301,1,,1,1,,N,N,,0,,0,0,0,0.0,0,N,1728,1,3,0,0,0,0,0,3,4,0,3,3,,N,,,,,,,,,,,
2008070813,930,1,0,0,0,0,0,0,0,0,4,0,,67,4,2008,3,40.1288,-75.0137,927.0,6,0,0,0,0,0,0,0,1,,0,0,0,9,1,1,1,,0,40 07:43.831,,0,75 00:49.396,8,0,0,0,67301,0,0,0,N,0,0,0,3,67301,0,,1,1,,N,N,,0,,0,0,1,3.0,2,,925,1,2,0,0,0,1,0,3,4,0,2,3,,N,,,,,,,,,,,
2008073483,1630,0,0,0,0,0,0,1,0,0,4,1,,67,4,2008,3,40.0492,-75.1297,1625.0,6,0,0,0,0,0,0,1,0,,0,0,0,15,1,1,1,,0,40 02:57.051,,0,75 07:47.013,8,0,0,0,67301,0,0,0,N,0,0,0,14,67301,0,,1,1,,Y,N,,1,,0,0,0,3.0,3,,1530,1,2,0,0,0,1,0,3,4,0,2,3,,N,,,,,,,,,,,
2008073508,840,2,0,0,0,0,0,0,0,0,4,0,,67,4,2008,7,39.9554,-75.1711,839.0,6,0,0,0,0,0,1,0,0,,0,0,0,8,1,2,1,,0,39 57:19.443,,0,75 10:16.111,3,0,0,0,67301,0,0,0,,0,0,0,2,67301,0,,1,1,,,,,0,,2,0,0,3.0,2,,826,2,2,0,0,0,0,0,3,4,0,2,3,,N,,,,,,,,,,,
2008105021,2359,2,0,0,0,0,0,0,0,0,5,0,,67,9,2008,6,39.9634,-75.1841,2355.0,6,0,0,0,0,0,1,0,0,2.0,0,0,0,23,3,0,0,,2,39 57:49.060,3.0,0,75 11:03.350,0,0,0,0,67301,0,0,0,N,0,0,0,2,68K01,0,,1,1,,N,N,,0,,0,0,0,0.0,0,N,2350,0,2,0,0,0,0,0,3,4,0,2,3,,N,,,,,,,,,,,
2008110429,2202,1,0,0,0,0,0,0,0,0,7,0,,67,9,2008,1,39.9363,-75.1996,2201.0,6,0,0,0,0,0,1,0,0,1.0,0,0,0,22,3,1,0,,1,39 56:16.569,3.0,0,75 11:53.578,4,0,0,0,67301,0,0,0,N,0,0,0,1,68K01,1,,3,1,,N,N,,0,,0,0,0,0.0,0,N,2201,1,1,0,0,0,0,0,3,4,0,1,3,,N,,,,,,,,,,,
2008120704,1041,2,0,0,0,0,0,0,0,0,2,0,,67,9,2008,1,40.0465,-75.1729,1038.0,6,0,0,0,0,1,1,0,0,,0,0,0,10,1,3,2,,0,40 02:47.576,,0,75 10:22.454,4,0,0,0,67301,0,0,0,N,0,0,0,3,67301,3,,1,9,,N,N,,0,,0,0,0,0.0,0,,1034,3,2,0,0,0,0,0,3,4,0,2,7,,N,,,,,,,,,,,
2008122833,655,1,0,0,0,0,0,0,0,0,5,2,,67,9,2008,5,,,655.0,6,0,0,0,0,0,0,0,0,,0,2,0,6,1,0,0,,0,,,0,,0,0,0,0,67301,0,0,0,N,0,0,0,3,67501,0,,1,1,,N,N,,0,,0,0,0,9.0,8,,655,0,3,0,0,0,0,0,3,3,0,3,3,,N,,,,,,,,,,,
2008122862,810,2,0,0,0,0,0,0,0,0,6,0,,67,9,2008,7,39.9536,-75.1731,745.0,6,0,0,0,0,0,0,0,0,,0,0,0,8,8,1,2,,0,39 57:12.850,,0,75 10:23.482,4,0,0,0,67301,0,0,0,N,0,0,0,2,67301,1,,1,9,,N,N,,0,,0,0,0,3.0,2,,800,1,2,0,0,1,0,0,3,4,0,2,7,,N,,,,,,,,,,,
2008108599,2134,1,0,0,0,0,0,0,0,0,8,0,,67,8,2008,5,39.9463,-75.238,2132.0,6,0,0,0,0,0,0,0,0,,0,0,0,21,3,1,2,,0,39 56:46.737,,0,75 14:16.867,3,0,0,0,67301,1,0,0,,1,0,0,2,67301,0,,1,1,,N,,,0,,1,0,0,3.0,2,,2120,1,2,0,0,0,0,0,3,4,0,1,3,,N,,,,,,,,,,,
2008098665,1225,2,0,0,0,0,0,0,0,0,6,0,,67,7,2008,1,39.9562,-75.1627,1220.0,6,0,0,0,0,0,0,0,0,,0,0,0,12,1,1,2,,0,39 57:22.420,,0,75 09:45.641,3,0,0,0,67301,0,0,0,,0,0,0,3,67301,0,,1,1,,N,N,,0,,1,0,0,3.0,2,,1200,1,2,0,0,0,0,2,3,4,0,2,3,,N,,,,,,,,,,,
2008071856,1231,0,0,0,0,0,0,0,0,0,1,1,,67,4,2008,4,39.947,-75.2352,1231.0,6,0,0,0,0,0,0,0,0,2.0,0,1,0,12,1,1,0,,2,39 56:49.075,6.0,0,75 14:06.602,4,0,0,0,67301,0,0,0,N,0,0,0,5,67301,1,,1,1,,N,N,,0,,0,0,0,0.0,0,Y,1229,1,3,0,0,0,0,0,3,4,1,3,3,,N,,,,,,,,,,,
2008121237,640,1,0,0,0,0,0,0,0,0,4,0,,67,9,2008,2,39.9846,-75.1779,628.0,6,1,0,0,0,0,0,0,0,,0,0,0,6,1,1,1,,0,39 59:04.683,,0,75 10:40.547,4,0,0,0,67301,0,0,0,,0,0,0,1,67301,1,,1,1,,,,,0,,0,0,0,0.0,0,,628,1,2,0,0,0,0,0,3,4,1,2,3,,N,,,,,,,,,,,
2008081545,1330,2,0,0,0,0,0,1,0,0,1,1,,67,5,2008,6,39.954,-75.1767,325.0,6,0,0,1,0,0,0,0,0,,0,0,0,99,8,1,2,,0,39 57:14.303,,0,75 10:36.250,4,0,0,0,67301,0,0,0,N,0,0,0,4,67301,1,,1,9,,N,N,,0,,0,0,0,3.0,2,,9999,1,3,0,0,3,0,0,3,4,0,3,7,,N,,,,,,,,,,,
2008097404,824,1,0,0,1,0,0,0,0,0,4,0,,67,7,2008,6,39.9879,-75.1822,819.0,6,0,0,0,0,0,0,0,0,,0,0,0,8,1,1,3,,0,39 59:16.497,,0,75 10:56.063,4,0,0,0,67301,1,0,0,N,0,0,0,3,67301,1,,1,1,,N,N,,0,,0,0,0,3.0,2,,819,1,2,0,0,2,0,0,3,4,0,1,3,,N,,,,,,,,,,,
2008097535,2241,3,0,0,0,0,0,0,0,0,4,0,,67,7,2008,1,39.9563,-75.2399,2241.0,6,0,0,0,0,0,0,0,0,,0,0,0,22,3,1,1,,0,39 57:22.741,,0,75 14:23.794,4,0,0,0,67301,0,0,0,N,0,0,0,2,67301,1,,1,1,,N,N,,0,,0,0,0,3.0,2,,2240,1,3,0,0,0,0,0,3,4,0,3,3,,N,,,,,,,,,,,
2008108307,9999,1,0,0,0,0,0,0,0,0,2,0,,67,8,2008,5,40.0698,-75.1834,1119.0,6,0,0,0,0,0,1,0,0,,0,0,0,11,1,2,2,,0,40 04:11.434,,0,75 11:00.274,4,0,0,0,67301,0,0,0,N,0,0,0,3,67301,2,,1,1,,N,N,,0,,0,0,0,0.0,0,,1117,2,2,0,0,0,0,0,3,4,1,2,3,,N,,,,,,,,,,,
2008108318,725,3,0,0,0,0,0,0,0,0,4,0,,67,9,2008,2,39.9742,-75.2043,718.0,6,0,0,0,1,0,0,0,0,,0,0,0,7,1,0,0,,0,39 58:26.980,,0,75 12:15.691,0,0,0,0,67301,0,0,0,N,0,0,0,3,67301,0,,1,1,,N,N,,0,,0,0,0,0.0,0,,716,0,3,0,0,0,0,0,3,4,0,3,3,,N,,,,,,,,,,,
2008108387,710,2,0,0,0,0,0,0,0,0,1,0,,67,8,2008,4,40.0254,-75.1232,649.0,6,0,0,0,0,0,0,0,0,1.0,0,0,0,6,1,0,0,,1,40 01:31.467,1.0,0,75 07:22.613,0,0,0,0,67301,0,0,0,N,0,0,0,3,67301,0,,1,1,,N,N,,0,,0,0,1,3.0,2,N,648,0,3,0,0,0,0,0,3,4,0,3,3,,N,,,,,,,,,,,
2008089134,9999,0,0,0,0,0,0,0,0,0,1,0,,67,2,2008,3,,,9999.0,6,0,0,0,0,0,1,0,0,,0,0,0,12,1,1,0,,0,,,0,,8,0,0,0,67301,0,0,0,N,0,0,0,2,00000,0,,1,9,,N,N,,0,,0,0,0,0.0,0,,1245,1,2,0,0,0,1,1,3,3,1,2,98,,N,,,,,,,,,,,
2008098426,850,3,0,0,0,0,0,0,0,0,1,0,,67,7,2008,2,40.0391,-75.1447,850.0,6,0,0,0,0,0,2,0,0,,0,0,0,8,1,1,1,,0,40 02:20.400,,0,75 08:40.560,8,0,0,0,67301,0,0,0,N,0,0,0,3,67301,0,,1,1,,N,N,,0,,0,0,0,3.0,2,,850,1,3,0,0,0,1,0,3,4,0,3,3,,N,,,,,,,,,,,
2008084245,1604,0,0,0,0,0,0,0,0,0,1,0,,67,7,2008,4,40.0082,-75.2032,1601.0,6,0,0,0,0,0,1,0,0,3.0,0,0,0,15,1,1,0,,2,40 00:29.979,3.0,0,75 12:12.370,8,0,0,0,67301,0,0,0,N,0,0,0,2,68K01,0,,1,1,,N,N,,0,,0,0,1,0.0,0,Y,1559,1,2,0,0,0,1,0,3,4,1,2,3,,N,,,,,,,,,,,
2008098485,1110,1,0,0,0,0,0,0,0,0,7,0,,67,7,2008,1,39.9751,-75.1215,1110.0,6,0,0,0,0,0,0,0,0,,0,0,0,4,3,0,0,,0,39 58:30.199,,0,75 07:17.340,0,0,0,0,67301,0,0,0,N,0,0,0,1,67301,0,,3,1,,N,N,,0,,0,0,0,0.0,0,,400,0,1,0,0,0,0,0,3,4,0,1,3,,N,,,,,,,,,,,
2008098495,953,2,0,0,0,0,0,0,0,0,2,0,,67,7,2008,6,40.0295,-75.1862,950.0,6,0,0,0,0,0,1,0,0,1.0,0,0,0,9,1,2,0,,2,40 01:46.117,5.0,0,75 11:10.244,8,0,0,0,67301,0,0,0,N,0,0,0,3,67301,0,,1,9,,N,N,,0,,0,0,0,0.0,0,Y,947,2,2,0,0,0,2,0,3,4,0,2,3,,N,,,,,,,,,,,
2008119388,9999,1,0,0,1,0,0,0,0,0,4,0,,67,8,2008,7,,,9999.0,6,0,0,0,0,0,0,0,0,,0,0,0,22,6,1,0,,0,,,0,,8,0,0,0,67301,1,0,0,N,0,0,0,2,00000,0,,1,1,,N,N,,0,,0,0,0,0.0,0,,2200,1,2,0,0,0,1,0,3,3,0,1,3,,N,,,,,,,,,,,
2008119213,1307,1,0,0,0,0,0,0,0,0,4,0,,67,9,2008,4,39.959,-75.1739,1305.0,6,0,0,0,0,0,1,1,0,,0,0,0,13,1,2,10,,0,39 57:32.371,,0,75 10:26.147,4,0,0,0,67301,0,0,0,N,0,0,0,5,67301,2,,1,1,,N,N,,0,,0,0,2,3.0,2,,1305,2,3,0,0,0,0,0,3,4,0,3,3,,N,,,,,,,,,,,
2008119266,1728,2,0,0,0,0,0,0,0,0,4,0,,67,10,2008,5,40.0667,-75.178,1725.0,6,0,0,0,0,0,0,0,0,1.0,0,0,0,17,1,0,1,,1,40 04:00.294,2.0,0,75 10:40.851,0,0,0,0,67301,0,0,0,N,0,0,0,2,67301,0,,1,1,,N,N,,0,,0,0,0,3.0,3,Y,1725,0,2,0,0,2,0,0,3,4,0,2,3,,N,,,,,,,,,,,
2008133616,1400,0,0,0,0,0,0,0,0,0,7,0,,67,10,2008,7,39.9668,-75.1342,1400.0,6,0,0,0,0,0,0,0,0,,0,0,0,5,3,0,0,,0,39 57:59.871,,0,75 08:04.921,0,0,0,0,67301,0,0,0,N,0,0,0,1,67301,0,,2,1,,N,N,,0,,0,0,1,0.0,0,,530,0,1,0,0,0,0,0,3,4,0,1,3,,N,,,,,,,,,,,
2008133625,541,0,0,0,0,0,0,0,0,0,0,0,,67,11,2008,4,40.0367,-75.1584,540.0,6,0,0,0,0,0,0,0,0,,0,0,0,5,5,1,1,,0,40 02:12.109,,0,75 09:30.211,8,0,0,0,67301,0,0,0,N,0,0,0,1,67301,0,,1,9,,N,N,,0,,0,0,1,3.0,2,,535,1,1,0,0,0,1,0,3,4,0,1,7,,N,,,,,,,,,,,
2008071640,1213,0,0,0,1,0,0,0,0,0,4,0,,67,4,2008,3,40.0016,-75.1286,1208.0,6,0,0,0,0,0,0,0,0,,0,0,0,12,1,1,2,,0,40 00:05.796,,0,75 07:42.898,8,0,0,0,67301,1,0,0,,0,0,0,2,67301,0,,1,1,,N,N,,0,,0,0,0,3.0,2,,1200,1,2,0,0,0,1,0,3,4,0,1,3,,N,,,,,,,,,,,
2008097924,1548,1,0,0,0,0,0,0,0,0,4,0,,67,7,2008,7,39.9564,-75.2145,1545.0,6,0,0,0,0,0,0,0,0,,0,0,0,15,1,1,1,,0,39 57:22.935,,0,75 12:52.250,4,0,0,0,67301,0,0,0,N,0,0,0,4,67301,1,,1,1,,N,N,,0,,0,0,1,3.0,3,,1500,1,2,0,0,0,0,0,3,4,0,2,3,,N,,,,,,,,,,,
2008097966,1525,2,0,0,0,0,0,0,0,0,1,0,,67,7,2008,1,40.0337,-75.1459,1500.0,6,0,0,0,0,0,0,0,0,2.0,0,0,0,14,1,1,1,,1,40 02:01.359,2.0,0,75 08:45.257,4,0,0,0,67301,0,0,0,N,0,0,0,3,67301,1,,1,1,,N,N,,0,,0,0,0,3.0,2,N,1440,1,2,0,0,0,0,1,3,4,0,2,3,,N,,,,,,,,,,,
2008083335,1252,1,0,0,0,0,0,0,0,0,4,0,,67,5,2008,4,40.0428,-75.0632,1250.0,6,0,0,0,0,0,0,0,0,,0,0,0,12,1,1,1,,0,40 02:34.252,,0,75 03:47.604,8,0,0,0,67301,0,0,0,N,0,0,0,2,67301,0,,1,1,,N,N,,0,,0,0,1,3.0,2,,1240,1,2,0,0,0,1,0,3,4,0,2,3,,N,,,,,,,,,,,
2008088440,810,2,0,0,0,0,0,0,0,0,4,0,,67,5,2008,3,40.0429,-75.1272,806.0,6,0,0,0,0,0,0,0,0,,0,0,0,8,1,1,10,,0,40 02:34.260,,0,75 07:37.880,4,0,0,0,67301,0,0,0,N,0,0,0,2,67301,1,,1,9,,,N,,0,,0,0,0,3.0,3,,800,1,2,0,0,0,0,0,3,4,0,2,7,,N,,,,,,,,,,,
2008095286,1355,1,0,0,0,0,0,0,0,0,7,0,,67,7,2008,6,40.0581,-75.0454,1345.0,6,0,0,0,0,0,0,0,0,2.0,0,0,0,13,1,1,0,,2,40 03:29.300,2.0,0,75 02:43.321,4,0,0,0,67301,0,0,0,N,0,0,0,1,67301,1,,4,1,,N,N,,0,,0,0,0,0.0,0,Y,1345,1,1,0,0,0,0,0,3,4,0,1,3,,N,,,,,,,,,,,
2008088199,1515,1,0,0,0,0,0,0,0,0,1,0,,67,6,2008,1,39.9734,-75.2262,1510.0,6,0,0,0,0,0,0,0,0,,0,0,0,15,1,1,0,,0,39 58:24.178,,0,75 13:34.312,8,0,0,0,67301,0,0,0,,0,0,0,3,67301,0,,1,1,,,,,0,,0,0,0,0.0,0,,1510,1,2,0,0,0,1,0,3,4,0,2,3,,N,,,,,,,,,,,
2008095327,319,1,0,0,0,0,0,0,0,0,7,0,,67,7,2008,6,40.0385,-75.019,314.0,6,0,0,0,0,0,0,0,0,,0,0,0,3,3,1,2,,0,40 02:11.760,,0,75 01:21.720,8,0,0,0,67301,0,0,0,N,0,0,0,1,67301,0,,4,1,,N,N,,0,,0,0,0,0.0,0,,305,1,1,0,0,0,1,0,3,4,0,1,3,,N,,,,,,,,,,,