CRN,ARRIVAL_TM,AUTOMOBILE_COUNT,BELTED_DEATH_COUNT,BELTED_SUSP_SERIOUS_INJ_COUNT,BICYCLE_COUNT,BICYCLE_DEATH_COUNT,BICYCLE_SUSP_SERIOUS_INJ_COUNT,BUS_COUNT,CHLDPAS_DEATH_COUNT,CHLDPAS_SUSP_SERIOUS_INJ_COUNT,COLLISION_TYPE,COMM_VEH_COUNT,CONS_ZONE_SPD_LIM,COUNTY,CRASH_MONTH,CRASH_YEAR,DAY_OF_WEEK,DEC_LAT,DEC_LONG,DISPATCH_TM,DISTRICT,DRIVER_COUNT_16YR,DRIVER_COUNT_17YR,DRIVER_COUNT_18YR,DRIVER_COUNT_19YR,DRIVER_COUNT_20YR,DRIVER_COUNT_50_64YR,DRIVER_COUNT_65_74YR,DRIVER_COUNT_75PLUS,EST_HRS_CLOSED,FATAL_COUNT,HEAVY_TRUCK_COUNT,HORSE_BUGGY_COUNT,HOUR_OF_DAY,ILLUMINATION,INJURY_COUNT,INTERSECT_TYPE,INTERSECTION_RELATED,LANE_CLOSED,LATITUDE,LN_CLOSE_DIR,LOCATION_TYPE,LONGITUDE,MAX_SEVERITY_LEVEL,MCYCLE_DEATH_COUNT,MCYCLE_SUSP_SERIOUS_INJ_COUNT,MOTORCYCLE_COUNT,MUNICIPALITY,NONMOTR_COUNT,NONMOTR_DEATH_COUNT,NONMOTR_SUSP_SERIOUS_INJ_COUNT,NTFY_HIWY_MAINT,PED_COUNT,PED_DEATH_COUNT,PED_SUSP_SERIOUS_INJ_COUNT,PERSON_COUNT,POLICE_AGCY,POSSIBLE_INJ_COUNT,RDWY_SURF_TYPE_CD,RELATION_TO_ROAD,ROAD_CONDITION,ROADWAY_CLEARED,SCH_BUS_IND,SCH_ZONE_IND,SECONDARY_CRASH,SMALL_TRUCK_COUNT,SPEC_JURIS_CD,SUSP_MINOR_INJ_COUNT,SUSP_SERIOUS_INJ_COUNT,SUV_COUNT,TCD_FUNC_CD,TCD_TYPE,TFC_DETOUR_IND,TIME_OF_DAY,TOT_INJ_COUNT,TOTAL_UNITS,UNB_DEATH_COUNT,UNB_SUSP_SERIOUS_INJ_COUNT,UNBELTED_OCC_COUNT,UNK_INJ_DEG_COUNT,UNK_INJ_PER_COUNT,URBAN_AREA,URBAN_RURAL,VAN_COUNT,VEHICLE_COUNT,WEATHER1,WEATHER2,WORK_ZONE_IND,WORK_ZONE_LOC,WORK_ZONE_TYPE,WORKERS_PRES,WZ_CLOSE_DETOUR,WZ_FLAGGER,WZ_LAW_OFFCR_IND,WZ_LN_CLOSURE,WZ_MOVING,WZ_OTHER,WZ_SHLDER_MDN,WZ_WORKERS_INJ_KILLED
2008095336,1638,3,0,0,0,0,0,0,0,0,5,0,,67,6,2008,3,40.0252,-75.139,1637.0,6,0,0,0,0,0,0,0,0,,0,0,0,15,1,1,0,,0,40 01:30.730,,0,75 08:20.414,4,0,0,0,67301,0,0,0,N,0,0,0,1,67301,1,,1,1,,N,N,,1,,0,0,0,0.0,0,,1537,1,4,0,0,0,0,0,3,4,0,4,3,,N,,,,,,,,,,,
2008095344,1245,1,0,0,0,0,0,0,0,0,4,0,,67,6,2008,4,39.9659,-75.2203,1237.0,6,0,0,0,1,0,0,0,0,,0,0,0,12,1,3,1,,0,39 57:57.326,,0,75 13:13.061,8,0,0,0,67301,0,0,0,N,0,0,0,4,67301,0,,1,1,,N,N,,0,,0,0,0,3.0,2,,1227,3,2,0,0,0,3,0,3,4,0,2,3,,N,,,,,,,,,,,
2008088648,0,2,0,0,0,0,0,0,0,0,4,0,,67,4,2008,6,40.0071,-75.094,0.0,6,0,0,0,1,0,0,0,0,,0,0,0,12,1,1,1,,0,40 00:25.549,,0,75 05:38.543,8,0,0,0,67301,0,0,0,N,0,0,0,2,00000,0,,1,9,,N,N,,0,,0,0,0,3.0,2,,1230,1,2,0,0,0,1,0,3,4,0,2,7,,N,,,,,,,,,,,
2008088655,0,2,0,0,0,0,0,0,0,0,4,0,,67,5,2008,7,40.0135,-75.1362,0.0,6,0,0,0,1,0,0,0,0,,0,0,0,13,1,0,1,,0,40 00:48.736,,0,75 08:10.352,0,0,0,0,67301,0,0,0,N,0,0,0,2,00000,0,,1,1,,N,N,,0,,0,0,0,3.0,3,,1320,0,2,0,0,0,0,0,3,4,0,2,3,,N,,,,,,,,,,,
2008080312,802,0,0,0,1,0,0,0,0,0,4,0,,67,4,2008,3,39.9904,-75.1245,758.0,6,0,0,0,0,0,0,0,0,,0,0,0,7,1,1,2,,0,39 59:25.564,,0,75 07:28.264,4,0,0,0,67301,1,0,0,N,0,0,0,3,67301,1,,1,1,,N,N,,0,,0,0,0,0.0,0,,730,1,2,0,0,2,0,0,3,4,1,1,3,,N,,,,,,,,,,,
2008097567,17,1,0,0,0,0,0,0,0,0,5,0,,67,7,2008,5,40.0152,-75.1699,15.0,6,0,0,0,0,0,0,0,0,,0,0,0,0,3,1,1,,0,40 00:54.888,,0,75 10:11.461,4,0,0,1,67301,0,0,0,N,0,0,0,2,67301,1,,1,1,,N,N,,0,,0,0,0,3.0,2,,10,1,2,0,0,0,0,1,3,4,0,2,3,,N,,,,,,,,,,,
2008088045,1911,0,0,0,0,0,0,0,0,0,1,0,,67,6,2008,6,40.0989,-74.986,1906.0,6,0,0,0,0,1,1,0,0,2.0,0,0,0,19,1,0,0,,1,40 05:56.070,4.0,0,74 59:09.591,0,0,0,0,67301,0,0,0,N,0,0,0,2,67301,0,,1,1,,N,N,,0,,0,0,0,0.0,0,N,1904,0,2,0,0,0,0,0,3,4,2,2,3,,N,,,,,,,,,,,
2008088082,1426,0,0,0,0,0,0,0,0,0,8,0,,67,6,2008,2,40.062,-75.0848,1420.0,6,0,0,0,0,0,0,1,0,,0,0,0,14,1,1,2,,0,40 03:43.267,,0,75 05:05.294,4,0,0,0,67301,1,0,0,,1,0,0,2,67301,1,,1,1,,N,N,,0,,0,0,1,3.0,2,,1418,1,2,0,0,0,0,0,3,4,0,1,3,,N,,,,,,,,,,,
2008087867,35,1,0,0,0,0,0,0,0,0,8,0,,67,6,2008,1,39.9885,-75.1063,28.0,6,0,0,0,0,0,0,0,0,,0,0,0,0,3,2,1,,0,39 59:18.500,,0,75 06:22.881,4,0,0,0,67301,1,0,0,N,1,0,0,2,67301,2,,1,9,,N,N,,0,,0,0,0,3.0,2,,1,2,2,0,0,0,0,0,3,4,0,1,7,,N,,,,,,,,,,,
2008083253,1725,0,0,0,0,0,0,0,0,0,8,0,,67,5,2008,5,40.0239,-75.0354,1723.0,6,0,0,0,0,0,0,0,0,,0,0,0,17,1,1,2,,0,40 01:31.440,,0,75 02:11.040,3,0,0,0,67301,1,0,0,,1,0,0,2,67301,0,,1,1,,,,,1,,1,0,0,3.0,3,,1723,1,2,0,0,0,0,0,3,4,0,1,3,,N,,,,,,,,,,,
2008081009,1704,3,0,0,0,0,0,0,0,0,1,0,,67,5,2008,4,40.1286,-75.0138,1659.0,6,0,0,0,1,0,0,0,0,3.0,0,0,0,16,1,1,0,,2,40 07:42.960,1.0,0,75 00:49.680,4,0,0,0,67301,0,0,0,N,0,0,0,3,67301,1,,1,1,,N,N,,0,,0,0,0,3.0,2,N,1650,1,3,0,0,0,0,2,3,4,0,3,3,,N,,,,,,,,,,,
2008098048,1959,0,0,0,0,0,0,0,0,0,8,0,,67,5,2008,6,40.0416,-75.1007,1956.0,6,0,0,0,0,0,0,0,0,3.0,0,0,0,19,3,1,0,,2,40 02:29.900,3.0,0,75 06:02.674,4,0,0,0,67301,1,0,0,N,1,0,0,2,67301,1,,1,1,,N,N,,0,,0,0,1,0.0,0,N,1955,1,2,0,0,0,0,0,3,4,0,1,3,,N,,,,,,,,,,,
2008098049,1305,1,0,0,0,0,0,0,0,0,8,0,,67,8,2008,6,39.9892,-75.1469,1244.0,6,0,0,0,0,0,1,0,0,,0,0,0,12,1,1,0,,0,39 59:21.195,,0,75 08:48.760,3,0,0,0,67301,1,0,0,N,1,0,0,2,67301,0,,1,1,,N,N,,0,,1,0,1,0.0,0,,1239,1,3,0,0,0,0,0,3,4,0,2,3,,N,,,,,,,,,,,
2008098575,825,1,0,0,0,0,0,0,0,0,5,0,,67,8,2008,5,39.9527,-75.141,820.0,6,0,0,0,0,0,1,0,0,1.0,0,1,0,8,1,1,0,,2,39 57:11.300,1.0,0,75 08:27.526,8,0,0,0,67301,0,0,0,N,0,0,0,3,68K01,0,,1,1,,N,N,,0,,0,0,0,0.0,0,Y,819,1,3,0,0,0,1,0,3,4,1,3,3,,N,,,,,,,,,,,
2008078927,1355,1,0,0,0,0,0,0,0,0,8,0,,67,5,2008,5,39.9611,-75.2246,1350.0,6,0,0,0,0,0,0,0,0,,0,0,0,13,1,1,0,,0,39 57:39.753,,0,75 13:28.721,4,0,0,0,67301,1,0,0,N,1,0,0,2,67301,1,,1,1,,N,N,,0,,0,0,0,0.0,0,,1340,1,2,0,0,0,0,0,3,4,0,1,3,,N,,,,,,,,,,,
2008079087,1322,2,0,0,0,0,0,0,0,0,4,0,,67,5,2008,6,40.0688,-75.0869,1317.0,6,0,0,0,0,0,0,0,1,,0,0,0,13,1,1,0,,0,40 04:07.575,,0,75 05:12.760,8,0,0,0,67301,0,0,0,,0,0,0,2,67301,0,,1,9,,N,N,,0,,0,0,0,0.0,0,,1315,1,2,0,0,0,1,0,3,4,0,2,7,,N,,,,,,,,,,,
2008079088,812,1,0,0,0,0,0,0,0,0,1,0,,67,5,2008,4,40.0092,-75.0718,809.0,6,0,0,0,0,0,0,0,0,,0,0,0,8,1,1,0,,0,40 00:33.120,,0,75 04:18.480,4,0,0,0,67301,0,0,0,N,0,0,0,2,67301,1,,1,1,,N,N,,0,,0,0,1,3.0,2,,800,1,2,0,0,0,0,0,3,4,0,2,3,,N,,,,,,,,,,,
2008073692,1240,1,0,0,0,0,0,0,0,0,4,0,,67,4,2008,5,40.1066,-74.999,1235.0,6,0,0,0,0,0,0,0,0,1.0,0,0,0,12,1,3,2,,1,40 06:23.979,2.0,0,74 59:56.195,8,0,0,0,67301,0,0,0,N,0,0,0,5,67301,0,,1,1,,N,N,,1,,0,0,2,3.0,2,N,1235,3,4,0,0,2,3,0,3,4,0,4,3,,N,,,,,,,,,,,
2008073714,225,1,0,0,0,0,0,0,0,0,9,0,,67,4,2008,4,39.9773,-75.1982,220.0,6,0,0,0,0,0,0,0,0,,0,0,0,2,3,1,1,,0,39 58:38.170,,0,75 11:53.650,4,0,0,0,67301,0,0,0,N,0,0,0,1,67301,1,,1,1,,N,N,,0,,0,0,0,0.0,0,,215,1,1,0,0,0,0,0,3,4,0,1,3,,N,,,,,,,,,,,
2008093799,1912,2,0,0,0,0,0,0,0,0,4,0,,67,8,2008,1,39.8999,-75.1606,1905.0,6,0,0,0,0,0,0,0,0,1.0,0,0,0,19,3,0,0,,1,39 54:04.602,1.0,0,75 09:08.712,9,0,0,0,67301,0,0,0,N,0,0,0,5,68K01,0,,1,9,,N,N,,0,,0,0,0,0.0,0,N,1900,0,3,0,0,0,0,1,3,4,1,3,7,,N,,,,,,,,,,,
2008088820,9999,0,0,0,1,0,0,0,0,0,4,0,,67,6,2008,6,39.9403,-75.2119,9999.0,6,0,0,0,0,0,0,0,0,,0,0,0,99,3,1,2,,0,39 56:25.047,,0,75 12:42.922,4,0,0,0,67301,1,0,0,N,0,0,0,2,67301,1,,1,1,,N,N,,0,,0,0,0,0.0,0,,9999,1,2,0,0,0,0,0,3,4,1,1,3,,N,,,,,,,,,,,
2008108376,1320,2,0,0,0,0,0,0,0,0,4,0,,67,8,2008,7,40.0876,-75.2144,1314.0,6,0,0,0,0,0,0,1,1,,0,0,0,12,1,0,1,,0,40 05:15.299,,0,75 12:51.753,0,0,0,0,67301,0,0,0,N,0,0,0,2,67301,0,,1,1,,N,,,0,,0,0,0,9.0,2,,1250,0,2,0,0,0,0,0,3,4,0,2,3,,N,,,,,,,,,,,
2008094858,1125,1,0,0,0,0,0,0,0,0,8,0,,67,7,2008,4,40.0299,-75.1466,1118.0,6,0,0,0,0,0,0,0,0,,0,0,0,11,1,1,0,,0,40 01:47.618,,0,75 08:47.857,8,0,0,0,67301,1,0,0,N,1,0,0,2,67301,0,,1,1,,N,N,,0,,0,0,0,0.0,0,,1119,1,2,0,0,0,1,0,3,4,0,1,3,,N,,,,,,,,,,,
2008094926,2152,2,0,0,0,0,0,0,0,0,4,0,,67,7,2008,5,39.8876,-75.248,2149.0,6,0,0,0,0,0,0,0,0,,0,0,0,21,3,0,2,,0,39 53:15.457,,0,75 14:52.938,0,0,0,0,67301,0,0,0,,0,0,0,4,67301,0,,1,1,,N,N,,0,,0,0,1,3.0,2,,2152,0,3,0,0,0,0,0,3,4,0,3,3,,N,,,,,,,,,,,
2008079198,1345,1,0,0,0,0,0,0,0,0,8,0,,67,5,2008,7,39.9723,-75.2441,1340.0,6,0,0,0,0,0,0,0,0,,0,0,0,13,1,1,2,,0,39 58:20.247,,0,75 14:38.914,8,0,0,0,67301,1,0,0,,1,0,0,2,67301,0,,1,1,,,,,0,,0,0,0,0.0,0,,1340,1,2,0,0,0,1,0,3,4,0,1,3,,N,,,,,,,,,,,
2008100898,2310,2,0,0,0,0,0,0,0,0,4,0,,67,6,2008,6,39.9181,-75.171,2305.0,6,0,0,0,0,0,1,0,0,,0,0,0,22,3,0,5,,0,39 55:05.285,,0,75 10:15.517,9,0,0,0,67301,0,0,0,N,0,0,0,2,67301,0,,1,1,,N,N,,0,,0,0,0,3.0,2,,2230,0,2,0,0,0,0,1,3,4,0,2,3,,N,,,,,,,,,,,
2008098431,17,2,0,0,0,0,0,0,0,0,4,0,,67,7,2008,4,40.0068,-75.1316,17.0,6,0,0,0,0,0,0,0,0,9.0,0,0,0,0,3,0,1,,1,40 00:24.360,5.0,0,75 07:53.730,0,0,0,0,67301,0,0,0,,0,0,0,3,67301,0,,1,1,,,,,0,,0,0,0,3.0,2,N,17,0,2,0,0,0,0,0,3,4,0,2,3,,N,,,,,,,,,,,
2008100992,1025,4,0,0,0,0,0,1,0,0,1,1,,67,6,2008,6,40.0277,-75.11,1020.0,6,0,0,0,0,2,0,1,0,,0,0,0,99,1,2,1,,0,40 01:39.836,,0,75 06:35.867,4,0,0,0,67301,0,0,0,,0,0,0,6,67301,2,,1,1,,,,,0,,0,0,0,0.0,0,,9999,2,5,0,0,0,0,0,3,4,0,5,3,,N,,,,,,,,,,,
2008078875,1757,1,0,0,0,0,0,0,0,0,4,0,,67,6,2008,3,39.9341,-75.1492,1755.0,6,0,0,0,0,0,0,0,0,,0,0,0,17,1,1,1,,0,39 56:02.828,,0,75 08:57.152,8,0,0,0,67301,0,0,0,N,0,0,0,2,67301,0,,1,1,,N,N,,1,,0,0,0,0.0,0,,1750,1,2,0,0,0,1,0,3,4,0,2,3,,N,,,,,,,,,,,
2008078878,905,2,0,0,0,0,0,0,0,0,4,0,,67,5,2008,3,39.9231,-75.1699,852.0,6,0,0,0,0,0,1,0,0,,0,0,0,2,6,1,10,,0,39 55:23.275,,0,75 10:11.576,4,0,0,0,67301,0,0,0,,0,0,0,2,67301,1,,1,1,,N,N,,0,,0,0,0,9.0,2,,251,1,2,0,0,0,0,1,3,4,0,2,3,,N,,,,,,,,,,,
2008133301,1049,1,0,0,0,0,0,0,0,0,1,0,,67,10,2008,2,40.0566,-75.1399,1049.0,6,0,0,0,0,0,0,0,0,,0,0,0,10,1,0,0,,0,40 03:23.714,,0,75 08:23.767,9,0,0,0,67301,0,0,0,N,0,0,0,6,67301,0,,1,1,,N,N,,2,,0,0,0,3.0,2,,1045,0,3,0,0,0,0,6,3,4,0,3,3,,N,,,,,,,,,,,
2008133971,2125,1,0,0,0,0,0,0,0,0,7,0,,67,10,2008,7,39.9848,-75.1566,2123.0,6,0,0,0,0,0,1,0,0,,0,0,0,21,3,2,0,,0,39 59:05.379,,0,75 09:23.700,2,0,0,0,67301,0,0,0,N,0,0,0,2,67301,0,,5,9,,N,N,,0,,0,2,0,0.0,0,,2120,2,1,0,0,0,0,0,3,4,0,1,7,,N,,,,,,,,,,,
2008119124,2010,2,0,0,0,0,0,0,0,0,1,0,,67,9,2008,6,39.9453,-75.1795,2009.0,6,0,0,0,0,0,0,0,0,2.0,0,0,0,20,3,1,0,,2,39 56:43.174,4.0,0,75 10:46.147,4,0,0,0,67301,0,0,0,N,0,0,0,1,67301,1,,2,1,,N,N,,1,,0,0,1,0.0,0,Y,2008,1,4,0,0,1,0,0,3,4,0,4,3,,N,,,,,,,,,,,
2008119182,232,2,0,0,0,0,0,0,0,0,2,0,,67,8,2008,5,40.0068,-75.1315,230.0,6,0,0,0,1,0,0,0,0,,0,0,0,2,3,5,0,,0,40 00:24.300,,0,75 07:53.990,4,0,0,0,67301,0,0,0,,0,0,0,7,67301,1,,1,9,,,,,0,,0,0,0,0.0,0,,210,5,2,0,0,0,4,2,3,4,0,2,7,,N,,,,,,,,,,,
2008119206,1350,2,0,0,0,0,0,0,0,0,4,0,,67,9,2008,1,39.9772,-75.1193,1348.0,6,0,0,0,0,0,0,0,0,,0,0,0,13,1,3,0,,0,39 58:44.866,,7,75 07:06.462,4,0,0,0,67301,0,0,0,,0,0,0,4,67301,3,,1,1,,,,,0,,0,0,0,0.0,0,,1345,3,2,0,0,0,0,0,3,4,0,2,3,,N,,,,,,,,,,,
2008119220,1230,1,0,0,0,0,0,0,0,0,4,0,,67,9,2008,7,39.9752,-75.1532,1225.0,6,0,0,0,1,0,1,0,0,,0,0,0,12,1,1,1,,0,39 58:30.604,,0,75 09:11.469,8,0,0,0,67301,0,0,0,N,0,0,0,3,67301,0,,1,9,,N,N,,0,,0,0,1,3.0,3,,1220,1,2,0,0,0,1,2,3,4,0,2,7,,N,,,,,,,,,,,
2008119222,1250,0,0,0,0,0,0,0,0,0,8,0,,67,9,2008,4,39.9768,-75.1657,1243.0,6,0,0,0,0,0,0,0,0,,0,0,0,12,1,1,1,,0,39 58:36.426,,0,75 09:56.465,8,0,0,0,67301,1,0,0,N,1,0,0,2,67301,0,,1,1,,N,N,,0,,0,0,0,0.0,0,,1225,1,2,0,0,0,1,1,3,4,0,1,3,,N,,,,,,,,,,,
2008133567,820,2,0,0,0,0,0,0,0,0,1,0,,67,10,2008,2,39.9518,-75.249,808.0,6,0,0,0,0,0,1,0,0,,0,0,0,8,1,1,0,,0,39 57:06.390,,0,75 14:56.515,3,0,0,0,67301,0,0,0,N,0,0,0,6,67301,0,,1,1,,N,N,,0,,1,0,1,0.0,0,,808,1,3,0,0,0,0,0,3,4,0,3,3,,N,,,,,,,,,,,
2008071642,2240,2,0,0,0,0,0,0,0,0,1,0,,67,4,2008,1,40.0246,-75.144,2220.0,6,0,0,0,0,0,0,0,0,,0,0,0,22,3,1,0,,0,40 01:28.580,,0,75 08:38.460,4,0,0,0,67301,0,0,0,N,0,0,0,2,67301,1,,6,1,,N,N,,0,,0,0,0,0.0,0,,2220,1,2,0,0,0,0,0,3,4,0,2,3,,N,,,,,,,,,,,
2008097895,1340,0,0,0,0,0,0,0,0,0,7,0,,67,8,2008,5,39.9759,-75.1922,1335.0,6,0,0,0,0,0,0,0,0,,0,0,0,13,1,0,0,,0,39 58:33.135,,0,75 11:31.778,0,0,0,0,67301,0,0,0,N,0,0,0,1,67301,0,,4,1,,N,N,,0,,0,0,1,0.0,0,,1330,0,1,0,0,0,0,0,3,4,0,1,3,,N,,,,,,,,,,,
2008097906,1220,1,0,0,0,0,0,0,0,0,4,0,,67,6,2008,7,39.9772,-75.2268,1212.0,6,0,0,0,0,0,0,0,0,1.0,0,0,0,12,1,1,1,,1,39 58:37.959,2.0,0,75 13:36.309,4,0,0,0,67301,0,0,0,N,0,0,0,3,67301,1,,1,1,,N,N,,0,,0,0,1,3.0,2,Y,1205,1,2,0,0,0,0,0,3,4,0,2,3,,N,,,,,,,,,,,
2008088444,2000,2,0,0,0,0,0,0,0,0,4,0,,67,6,2008,5,39.9258,-75.1711,1953.0,6,0,0,0,0,0,0,0,0,,0,0,0,19,1,0,1,,0,39 55:32.941,,0,75 10:15.985,9,0,0,0,67301,0,0,0,N,0,0,0,2,67301,0,,1,1,,N,N,,0,,0,0,0,0.0,0,,1900,0,2,0,0,0,0,1,3,4,0,2,3,,N,,,,,,,,,,,
2008097714,1120,0,0,0,0,0,0,0,0,0,8,0,,67,7,2008,6,39.9834,-75.1703,1115.0,6,0,0,0,0,0,0,0,0,,0,0,0,20,2,2,1,,0,39 59:00.200,,0,75 10:12.957,4,0,0,0,67301,2,0,0,,2,0,0,3,67301,2,,1,9,,N,N,,0,,0,0,0,3.0,2,,2030,2,3,0,0,0,0,1,3,4,0,1,3,,N,,,,,,,,,,,
2008095237,2139,1,0,0,1,0,0,0,0,0,4,0,,67,7,2008,5,39.9915,-75.1351,2132.0,6,0,0,0,0,0,0,0,0,2.0,0,0,0,21,3,1,0,,2,39 59:29.302,4.0,0,75 08:06.211,8,0,0,0,67301,1,0,0,N,0,0,0,2,67301,0,,1,1,,N,N,,0,,0,0,0,0.0,0,Y,2130,1,2,0,0,0,1,1,3,4,0,1,3,,N,,,,,,,,,,,
2008088168,405,0,0,0,0,0,0,0,0,0,7,0,,67,6,2008,4,39.8927,-75.223,357.0,6,0,0,0,0,0,0,0,0,,0,0,0,3,3,1,0,,0,39 53:32.408,,3,75 13:25.978,4,0,0,0,67301,0,0,0,N,0,0,0,1,67301,1,,2,9,,N,N,,1,,0,0,0,0.0,0,,355,1,1,0,0,0,0,0,3,4,0,1,7,,N,,,,,,,,,,,
2008085924,1340,0,0,0,0,0,0,0,0,0,8,0,,67,6,2008,6,39.9348,-75.1825,1335.0,6,0,0,0,0,0,0,0,0,,0,0,0,13,1,2,1,,0,39 56:05.366,,0,75 10:57.179,4,0,0,0,67301,2,0,0,N,2,0,0,3,67301,2,,1,1,,N,N,,0,,0,0,1,3.0,3,,1335,2,3,0,0,1,0,0,3,4,0,1,3,,N,,,,,,,,,,,
2008087968,1235,2,0,0,0,0,0,0,0,0,4,0,,67,6,2008,6,39.9463,-75.1595,9999.0,6,0,0,0,0,0,0,0,0,,0,0,0,12,1,1,1,,0,39 56:46.716,,0,75 09:34.207,4,0,0,0,67301,0,0,0,,0,0,0,3,67301,1,,1,1,,,,,0,,0,0,0,9.0,2,,1235,1,2,0,0,0,0,0,3,4,0,2,3,,N,,,,,,,,,,,
2008083239,1529,1,0,0,0,0,0,0,0,0,4,0,,67,5,2008,7,39.9677,-75.2005,1524.0,6,0,0,0,0,0,0,1,0,,0,0,0,15,1,1,1,,0,39 58:03.648,,0,75 12:01.774,8,0,0,0,67301,0,0,0,N,0,0,0,2,67301,0,,1,1,,N,N,,0,,0,0,0,3.0,3,,1524,1,2,0,0,0,1,0,3,4,0,2,3,,N,,,,,,,,,,,
2008087831,1645,1,0,0,0,0,0,0,0,0,7,0,,67,6,2008,4,39.9307,-75.1734,1644.0,6,0,0,0,0,0,0,0,0,,0,0,0,16,1,1,0,,0,39 55:50.390,,0,75 10:24.193,8,0,0,0,67301,0,0,0,N,0,0,0,2,67301,0,,5,1,,N,N,,0,,0,0,0,0.0,0,,1642,1,1,0,0,0,1,0,3,4,0,1,3,,N,,,,,,,,,,,
2008087848,1558,0,0,0,0,0,0,0,0,0,8,0,,67,6,2008,1,40.0541,-75.1456,1556.0,6,0,0,0,0,0,0,1,0,,0,0,0,15,1,1,1,,0,40 03:14.828,,0,75 08:43.990,8,0,0,0,67301,1,0,0,N,1,0,0,2,67301,0,,1,1,,N,N,,0,,0,0,0,3.0,3,,1541,1,2,0,0,0,1,0,3,4,1,1,3,,N,,,,,,,,,,,
2008098018,1249,2,0,0,0,0,0,0,0,0,5,0,,67,6,2008,3,39.9732,-75.2122,1245.0,6,0,0,0,1,0,0,0,0,,0,0,0,12,1,2,1,,0,39 58:23.685,,0,75 12:43.721,8,0,0,0,67301,0,0,0,N,0,0,0,4,67301,0,,1,1,,N,N,,0,,0,0,0,0.0,0,,1240,2,2,0,0,0,2,0,3,4,0,2,3,,N,,,,,,,,,,,
2008098022,2228,2,0,0,0,0,0,0,0,0,4,0,,67,7,2008,2,39.9903,-75.2204,2224.0,6,0,0,0,0,0,0,0,0,3.0,0,0,0,22,3,2,1,,2,39 59:25.216,7.0,1,75 13:13.303,4,0,0,0,67301,0,0,0,N,0,0,0,2,67301,2,,1,1,,N,N,,0,,0,0,0,3.0,2,Y,2223,2,2,0,0,0,0,0,3,4,0,2,3,,N,,,,,,,,,,,
2008098193,1015,1,0,0,0,0,0,0,0,0,7,0,,67,7,2008,2,39.9814,-75.23,952.0,6,0,0,0,0,0,0,0,0,,0,0,0,9,1,1,0,,0,39 58:53.165,,0,75 13:48.026,8,0,0,0,67301,0,0,0,N,0,0,0,1,67301,0,,5,9,,N,N,,0,,0,0,0,0.0,0,,952,1,1,0,0,0,1,0,3,4,0,1,7,,N,,,,,,,,,,,
2008078934,1205,1,0,0,0,0,0,0,0,0,8,0,,67,5,2008,3,40.1018,-75.0275,1200.0,6,0,0,0,0,0,0,0,1,,0,0,0,11,1,1,2,,0,40 06:06.588,,0,75 01:38.906,8,0,0,0,67301,1,0,0,N,1,0,0,2,67301,0,,1,1,,N,N,,0,,0,0,0,0.0,0,,1157,1,2,0,0,0,1,0,3,4,0,1,3,,N,,,,,,,,,,,
2008098254,1108,2,0,0,0,0,0,0,0,0,4,0,,67,7,2008,3,40.0659,-75.1593,1106.0,6,0,0,0,0,0,0,1,0,,0,0,0,11,1,0,1,,0,40 03:57.346,,0,75 09:33.410,0,0,0,0,67301,0,0,0,N,0,0,0,2,67301,0,,1,1,,N,N,,0,,0,0,0,3.0,2,,1100,0,2,0,0,0,0,0,3,4,0,2,3,,N,,,,,,,,,,,
2008098272,2130,2,0,0,0,0,0,0,0,0,1,0,,67,6,2008,6,40.0362,-75.1556,2100.0,6,0,0,0,0,0,0,0,0,,0,0,0,21,3,2,0,,0,40 02:10.294,,0,75 09:20.329,4,0,0,0,67301,0,0,0,N,0,0,0,3,67301,2,,1,9,,N,N,,0,,0,0,0,0.0,0,,2100,2,2,0,0,0,0,0,3,4,0,2,7,,N,,,,,,,,,,,
2008091185,1836,2,0,0,0,0,0,0,0,0,1,0,,67,8,2008,6,40.0371,-75.0132,1836.0,6,0,0,0,0,0,0,0,0,,0,0,0,18,1,0,0,,0,40 02:14.778,,0,75 00:44.059,0,0,0,0,67301,0,0,0,N,0,0,0,3,68K01,0,,1,1,,N,N,,0,,0,0,0,0.0,0,,1810,0,2,0,0,0,0,0,3,4,0,2,3,,N,,,,,,,,,,,
2008102178,644,1,0,0,0,0,0,0,0,0,1,0,,67,8,2008,5,39.9647,-75.1852,641.0,6,0,0,0,0,0,1,0,0,,0,0,0,6,1,0,0,,0,39 57:53.387,,0,75 11:07.304,0,0,0,0,67301,0,0,0,N,0,0,0,2,68K01,0,,1,1,,N,N,,0,,0,0,1,0.0,0,,637,0,2,0,0,0,0,0,3,4,0,2,3,,N,,,,,,,,,,,
2008070792,2111,2,0,0,0,0,0,0,0,0,1,0,,67,4,2008,7,39.9913,-75.1341,2103.0,6,0,0,0,0,1,1,0,0,,0,0,0,21,3,2,0,,0,39 59:28.845,,0,75 08:02.676,4,0,0,0,67301,0,0,0,N,0,0,0,4,67301,2,,1,1,,N,N,,0,,0,0,0,0.0,0,,2100,2,2,0,0,0,0,0,3,4,0,2,3,,N,,,,,,,,,,,
2008083292,2351,1,0,0,0,0,0,0,0,0,7,0,,67,5,2008,7,39.9343,-75.1715,2349.0,6,0,0,0,0,0,0,0,0,,0,0,0,22,3,1,0,,0,39 56:03.458,,0,75 10:17.284,4,0,0,0,67301,0,0,0,N,0,0,0,1,67301,1,,2,1,,N,N,,0,,0,0,0,0.0,0,,2248,1,1,0,0,0,0,0,3,4,0,1,3,,N,,,,,,,,,,,