CRN,ARRIVAL_TM,AUTOMOBILE_COUNT,BELTED_DEATH_COUNT,BELTED_SUSP_SERIOUS_INJ_COUNT,BICYCLE_COUNT,BICYCLE_DEATH_COUNT,BICYCLE_SUSP_SERIOUS_INJ_COUNT,BUS_COUNT,CHLDPAS_DEATH_COUNT,CHLDPAS_SUSP_SERIOUS_INJ_COUNT,COLLISION_TYPE,COMM_VEH_COUNT,CONS_ZONE_SPD_LIM,COUNTY,CRASH_MONTH,CRASH_YEAR,DAY_OF_WEEK,DEC_LAT,DEC_LONG,DISPATCH_TM,DISTRICT,DRIVER_COUNT_16YR,DRIVER_COUNT_17YR,DRIVER_COUNT_18YR,DRIVER_COUNT_19YR,DRIVER_COUNT_20YR,DRIVER_COUNT_50_64YR,DRIVER_COUNT_65_74YR,DRIVER_COUNT_75PLUS,EST_HRS_CLOSED,FATAL_COUNT,HEAVY_TRUCK_COUNT,HORSE_BUGGY_COUNT,HOUR_OF_DAY,ILLUMINATION,INJURY_COUNT,INTERSECT_TYPE,INTERSECTION_RELATED,LANE_CLOSED,LATITUDE,LN_CLOSE_DIR,LOCATION_TYPE,LONGITUDE,MAX_SEVERITY_LEVEL,MCYCLE_DEATH_COUNT,MCYCLE_SUSP_SERIOUS_INJ_COUNT,MOTORCYCLE_COUNT,MUNICIPALITY,NONMOTR_COUNT,NONMOTR_DEATH_COUNT,NONMOTR_SUSP_SERIOUS_INJ_COUNT,NTFY_HIWY_MAINT,PED_COUNT,PED_DEATH_COUNT,PED_SUSP_SERIOUS_INJ_COUNT,PERSON_COUNT,POLICE_AGCY,POSSIBLE_INJ_COUNT,RDWY_SURF_TYPE_CD,RELATION_TO_ROAD,ROAD_CONDITION,ROADWAY_CLEARED,SCH_BUS_IND,SCH_ZONE_IND,SECONDARY_CRASH,SMALL_TRUCK_COUNT,SPEC_JURIS_CD,SUSP_MINOR_INJ_COUNT,SUSP_SERIOUS_INJ_COUNT,SUV_COUNT,TCD_FUNC_CD,TCD_TYPE,TFC_DETOUR_IND,TIME_OF_DAY,TOT_INJ_COUNT,TOTAL_UNITS,UNB_DEATH_COUNT,UNB_SUSP_SERIOUS_INJ_COUNT,UNBELTED_OCC_COUNT,UNK_INJ_DEG_COUNT,UNK_INJ_PER_COUNT,URBAN_AREA,URBAN_RURAL,VAN_COUNT,VEHICLE_COUNT,WEATHER1,WEATHER2,WORK_ZONE_IND,WORK_ZONE_LOC,WORK_ZONE_TYPE,WORKERS_PRES,WZ_CLOSE_DETOUR,WZ_FLAGGER,WZ_LAW_OFFCR_IND,WZ_LN_CLOSURE,WZ_MOVING,WZ_OTHER,WZ_SHLDER_MDN,WZ_WORKERS_INJ_KILLED
2008098025,1750,2,0,0,0,0,0,0,0,0,4,0,,67,6,2008,1,40.0011,-75.2154,1748.0,6,0,0,0,0,0,0,1,0,,0,0,0,17,1,1,1,,0,40 00:03.902,,0,75 12:55.382,8,0,0,0,67301,0,0,0,N,0,0,0,2,67301,0,,1,9,,N,N,,0,,0,0,0,3.0,2,,1745,1,2,0,0,0,1,0,3,4,0,2,3,,N,,,,,,,,,,,
2008096083,1800,1,0,0,0,0,0,0,0,0,4,0,,67,6,2008,6,39.9626,-75.163,1755.0,6,0,0,0,0,0,0,0,0,,0,1,0,17,1,1,1,,0,39 57:45.353,,0,75 09:46.941,8,0,0,0,67301,0,0,0,N,0,0,0,3,67301,0,,1,1,,N,N,,0,,0,0,1,9.0,2,,1755,1,3,0,0,0,1,0,3,4,0,3,3,,N,,,,,,,,,,,
2008078924,1508,1,0,0,0,0,0,0,0,0,8,0,,67,5,2008,3,39.9078,-75.2469,1506.0,6,0,0,0,0,0,0,0,0,,0,0,0,15,1,1,0,,0,39 54:28.248,,0,75 14:48.943,4,0,0,0,67301,1,0,0,,1,0,0,2,67301,1,,1,1,,,,,0,,0,0,0,0.0,0,,1506,1,2,0,0,0,0,0,3,4,0,1,3,,N,,,,,,,,,,,
2008078935,1730,4,0,0,0,0,0,0,0,0,1,0,,67,5,2008,6,40.0984,-75.0471,1726.0,6,0,0,1,0,1,1,0,0,,0,0,0,17,1,0,1,,0,40 05:54.088,,0,75 02:49.438,0,0,0,0,67301,0,0,0,,0,0,0,4,67301,0,,1,9,,,,,0,,0,0,0,3.0,2,,1724,0,4,0,0,0,0,0,3,4,0,4,7,,N,,,,,,,,,,,
2008098227,1440,1,0,0,0,0,0,0,0,0,8,0,,67,7,2008,3,40.0128,-75.0561,1430.0,6,0,0,0,0,0,0,0,0,,0,0,0,14,1,1,0,,0,40 00:46.206,,0,75 03:21.988,4,0,0,0,67301,1,0,0,N,1,0,0,2,67301,1,,1,1,,N,N,,0,,0,0,0,0.0,0,,1410,1,2,0,0,0,0,0,3,4,0,1,3,,N,,,,,,,,,,,
2008098233,1656,2,0,0,0,0,0,0,0,0,2,0,,67,7,2008,2,39.9438,-75.2379,1653.0,6,0,0,0,1,0,0,0,0,,0,0,0,14,1,0,1,,0,39 56:38.040,,0,75 14:16.440,9,0,0,0,67301,0,0,0,N,0,0,0,4,67301,0,,1,1,,N,N,,0,,0,0,0,3.0,2,,1450,0,2,0,0,0,0,2,3,4,0,2,3,,N,,,,,,,,,,,
2008098291,2125,0,0,0,0,0,0,0,0,0,8,0,,67,7,2008,5,40.0444,-75.0726,2120.0,6,0,0,0,0,0,0,0,0,,0,0,0,21,4,1,1,,0,40 02:18.240,,0,75 04:41.880,4,0,0,0,67301,1,0,0,N,1,0,0,2,67301,1,,1,1,,N,N,,0,,0,0,1,0.0,0,,2100,1,2,0,0,0,0,0,3,4,0,1,3,,N,,,,,,,,,,,
2008089217,0,2,0,0,0,0,0,0,0,0,1,0,,67,2,2008,6,40.1003,-75.022,0.0,6,0,0,0,0,0,0,0,0,,0,0,0,17,1,1,0,,0,40 06:01.167,,0,75 01:19.341,8,0,0,0,67301,0,0,0,N,0,0,0,2,00000,0,,1,1,,N,N,,0,,0,0,0,0.0,0,,1720,1,2,0,0,0,1,1,3,4,0,2,3,,N,,,,,,,,,,,
2008091710,1606,0,0,0,0,0,0,0,0,0,7,0,,67,8,2008,4,39.9671,-75.1331,1547.0,6,0,0,0,0,0,1,0,0,,0,0,0,15,1,0,0,,0,39 58:01.619,,0,75 07:59.409,0,0,0,0,67301,0,0,0,N,0,0,0,2,68K01,0,,1,1,,N,N,,0,,0,0,0,0.0,0,,1522,0,1,0,0,0,0,0,3,4,1,1,3,,N,,,,,,,,,,,
2008095841,1525,2,0,0,0,0,0,0,0,0,1,0,,67,8,2008,4,39.9603,-75.1403,1525.0,6,0,0,0,1,1,1,0,0,1.0,0,0,0,15,1,5,0,,2,39 57:37.370,1.0,0,75 08:24.913,4,0,0,0,67301,0,0,0,N,0,0,0,6,68K01,5,,1,1,,N,N,,0,,0,0,0,0.0,0,N,1515,5,3,0,0,2,0,0,3,4,1,3,3,,N,,,,,,,,,,,
2008108005,1428,0,0,0,0,0,0,0,0,0,8,0,,67,8,2008,6,39.9892,-75.1409,1405.0,6,0,0,0,0,0,1,0,0,,0,0,0,13,1,1,0,,0,39 59:20.979,,0,75 08:27.103,3,0,0,0,67301,1,0,0,N,1,0,0,2,67301,0,,1,1,,N,N,,0,,1,0,1,0.0,0,,1330,1,2,0,0,0,0,0,3,4,0,1,3,,N,,,,,,,,,,,
2008108007,1428,0,0,0,0,0,0,0,0,0,8,0,,67,8,2008,7,39.9885,-75.1063,1427.0,6,0,0,0,0,0,0,0,0,,0,0,0,14,1,1,1,,0,39 59:18.500,,0,75 06:22.881,8,0,0,0,67301,1,0,0,N,1,0,0,2,67301,0,,1,1,,N,N,,1,,0,0,0,3.0,2,,1420,1,2,0,0,0,1,0,3,4,0,1,3,,N,,,,,,,,,,,
2008102055,1443,1,0,0,0,0,0,0,0,0,1,0,,67,9,2008,3,39.9454,-75.1904,1439.0,6,0,0,0,0,0,1,0,0,1.0,0,0,0,14,1,2,6,,1,39 56:43.410,4.0,8,75 11:25.380,4,0,0,0,67301,0,0,0,N,0,0,0,3,68K01,2,,1,1,,N,N,,1,,0,0,0,3.0,4,N,1431,2,2,0,0,0,0,0,3,4,0,2,3,,N,,,,,,,,,,,
2008102057,1703,2,0,0,0,0,0,0,0,0,1,0,,67,9,2008,3,40.0427,-75.0036,1654.0,6,0,0,0,1,0,0,0,0,,0,0,0,16,4,0,0,,0,40 02:34.060,,0,75 00:12.630,0,0,0,0,67301,0,0,0,N,0,0,0,2,68K01,0,,1,1,,N,N,,0,,0,0,0,0.0,0,,1651,0,2,0,0,0,0,0,3,4,0,2,3,,N,,,,,,,,,,,
2008070738,647,2,0,0,0,0,0,0,0,0,1,0,,67,4,2008,5,39.9188,-75.186,647.0,6,0,0,0,0,0,1,0,0,1.0,0,0,0,6,1,1,1,,1,39 55:07.618,4.0,0,75 11:09.725,4,0,0,0,67301,0,0,0,,0,0,0,2,67301,1,,1,1,,,,,0,,0,0,0,3.0,2,N,647,1,2,0,0,0,0,0,3,4,0,2,3,,N,,,,,,,,,,,
2008070752,1107,2,0,0,0,0,0,0,0,0,2,0,,67,4,2008,4,40.0523,-75.008,1103.0,6,0,0,0,0,0,1,1,0,,0,0,0,11,1,1,1,,0,40 03:08.340,,0,75 00:28.751,4,0,0,0,67301,0,0,0,,0,0,0,2,67301,1,,1,1,,,,,0,,0,0,0,3.0,2,,1100,1,2,0,0,0,0,0,3,4,0,2,3,,N,,,,,,,,,,,
2008107942,257,1,0,0,0,0,0,0,0,0,0,0,,67,8,2008,7,40.013,-75.1691,256.0,6,0,0,0,0,0,0,0,0,,0,0,0,99,3,1,0,,0,40 00:46.921,,0,75 10:08.886,3,0,0,0,67301,0,0,0,N,0,0,0,1,67301,0,,1,9,,N,N,,0,,1,0,0,0.0,0,,9999,1,1,0,0,0,0,0,3,4,0,1,7,,N,,,,,,,,,,,
2008075907,911,2,0,0,0,0,0,0,0,0,4,0,,67,3,2008,4,39.9295,-75.2431,905.0,6,0,0,0,0,0,1,0,0,,0,0,0,99,1,0,1,,0,39 55:46.200,,0,75 14:35.160,0,0,0,0,67301,0,0,0,,0,0,0,4,67301,0,,1,9,,N,,,0,,0,0,0,0.0,0,,9999,0,2,0,0,0,0,0,3,4,0,2,7,,N,,,,,,,,,,,
2008110434,1512,1,0,0,0,0,0,0,0,0,1,1,,67,9,2008,3,39.9001,-75.1585,1451.0,6,0,0,0,0,0,1,0,0,,0,1,0,14,1,2,0,,0,39 54:08.739,,0,75 09:03.469,8,0,0,0,67301,0,0,0,N,0,0,0,3,68K01,0,,1,1,,N,N,,0,,0,0,0,0.0,0,,1447,2,2,0,0,0,2,0,3,4,0,2,3,,N,,,,,,,,,,,
2008118372,2010,1,0,0,0,0,0,0,0,0,8,0,,67,8,2008,3,40.0227,-75.1461,2006.0,6,0,0,0,0,0,0,0,0,,0,0,0,20,1,1,1,,0,40 01:21.651,,0,75 08:45.815,3,0,0,0,67301,1,0,0,N,1,0,0,2,67301,0,,1,1,,N,N,,0,,1,0,0,0.0,0,,2005,1,2,0,0,0,0,0,3,4,0,1,3,,N,,,,,,,,,,,
2008119471,1414,2,0,0,0,0,0,0,0,0,5,0,,67,9,2008,7,39.9581,-75.1657,1412.0,6,0,0,0,0,0,1,0,0,,0,0,0,14,1,0,2,,0,39 57:29.674,,0,75 09:56.294,0,0,0,0,67301,0,0,0,N,0,0,0,2,67301,0,,1,1,,N,N,,0,,0,0,0,3.0,2,,1405,0,2,0,0,0,0,0,3,4,0,2,3,,N,,,,,,,,,,,
2008119553,1758,1,0,0,1,0,0,0,0,0,4,0,,67,10,2008,5,39.9526,-75.1781,1750.0,6,0,0,0,0,0,0,0,0,,0,0,0,9,1,1,0,,0,39 57:09.490,,7,75 10:41.249,4,0,0,0,67301,1,0,0,N,0,0,0,2,67301,1,,1,1,,N,N,,0,,0,0,0,0.0,0,,900,1,2,0,0,0,0,0,3,4,0,1,3,,N,,,,,,,,,,,
2009013678,2150,1,0,0,0,0,0,0,0,0,1,0,,67,11,2008,1,40.0519,-75.12,2143.0,6,0,0,0,0,0,0,0,0,,0,0,0,20,3,2,1,,0,40 03:07.106,,0,75 07:11.958,8,0,0,0,67301,0,0,0,N,0,0,0,3,67301,0,,1,9,,N,N,,0,,0,0,0,0.0,0,,2040,2,2,0,0,0,2,1,3,4,1,2,7,,N,,,,,,,,,,,
2009013758,12,2,0,0,0,0,0,0,0,0,1,0,,67,12,2008,7,40.0346,-75.0449,7.0,6,0,0,0,1,0,1,0,0,,0,0,0,23,3,1,1,,0,40 02:04.529,,0,75 02:41.665,8,0,0,0,67301,0,0,0,N,0,0,0,5,67301,0,,1,1,,N,N,,0,,0,0,0,3.0,2,,2341,1,2,0,0,0,1,0,3,4,0,2,3,,N,,,,,,,,,,,
2009013766,1449,1,0,0,0,0,0,0,0,0,2,0,,67,12,2008,5,39.9356,-75.2259,1445.0,6,0,0,1,0,0,1,0,0,,0,0,0,99,1,1,1,,0,39 56:08.160,,0,75 13:33.240,3,0,0,0,67301,0,0,0,N,0,0,0,2,67301,0,,1,9,,N,N,,0,,1,0,1,2.0,2,,9999,1,2,0,0,2,0,0,3,4,0,2,7,,N,,,,,,,,,,,
2009006479,724,1,0,0,0,0,0,0,0,0,1,0,,67,12,2008,6,39.9685,-75.191,720.0,6,0,0,0,0,0,1,0,0,,0,0,0,7,1,0,0,,0,39 58:10.228,,0,75 11:31.904,0,0,0,0,67301,0,0,0,N,0,0,0,2,68K01,0,,1,1,,N,N,,0,,0,0,1,0.0,0,,718,0,2,0,0,0,0,0,3,4,0,2,3,,N,,,,,,,,,,,
2009001122,827,1,0,0,0,0,0,0,0,0,4,0,,67,11,2008,4,40.0449,-75.1468,825.0,6,0,0,0,0,0,0,0,0,,0,0,0,7,1,2,1,,0,40 02:41.481,,0,75 08:48.505,4,0,0,0,67301,0,0,0,N,0,0,0,2,67301,2,,1,1,,N,N,,0,,0,0,1,3.0,2,,755,2,2,0,0,0,0,0,3,4,0,2,3,,N,,,,,,,,,,,
2009019287,2040,1,0,0,0,0,0,0,0,0,7,0,,67,11,2008,5,39.9688,-75.1362,2033.0,6,0,0,0,0,0,1,0,0,,0,0,0,20,3,0,1,,0,39 58:08.115,,0,75 08:10.344,0,0,0,0,67301,0,0,0,N,0,0,0,1,67301,0,,3,9,,N,N,,0,,0,0,0,3.0,2,,2030,0,1,0,0,0,0,0,3,4,0,1,7,,N,,,,,,,,,,,
2009024773,855,1,0,0,0,0,0,0,0,0,4,0,,67,12,2008,5,39.9476,-75.2478,845.0,6,0,0,0,0,0,0,0,0,,0,0,0,8,1,1,1,,0,39 56:51.432,,0,75 14:52.191,8,0,0,0,67301,0,0,0,,0,0,0,2,67301,0,,1,9,,N,Y,,0,,0,0,0,3.0,3,,840,1,2,0,0,0,1,1,3,4,1,2,7,,N,,,,,,,,,,,
2009014364,2143,0,0,0,0,0,0,0,0,0,4,0,,67,11,2008,1,40.0235,-75.1964,2137.0,6,0,0,0,0,0,0,0,0,3.0,0,0,0,21,2,0,0,,2,40 01:24.721,5.0,0,75 11:47.145,0,0,0,0,67301,0,0,0,N,0,0,0,3,67301,0,,1,9,,N,N,,0,,0,0,2,0.0,0,Y,2137,0,2,0,0,0,0,0,3,4,0,2,7,,N,,,,,,,,,,,
2009002198,1530,2,0,0,0,0,0,0,0,0,4,0,,67,11,2008,7,40.0219,-75.1393,1515.0,6,0,0,0,0,0,1,0,0,2.0,0,0,0,15,1,1,1,,1,40 01:18.382,2.0,0,75 08:22.667,3,0,0,0,67301,0,0,0,N,0,0,0,2,67301,0,,1,1,,N,N,,0,,1,0,0,3.0,2,N,1513,1,2,0,0,0,0,0,3,4,0,2,3,,N,,,,,,,,,,,
2009007282,1035,2,0,0,0,0,0,0,0,0,1,0,,67,12,2008,5,39.9488,-75.1856,1034.0,6,0,0,0,0,0,0,0,0,1.0,0,0,0,10,1,1,0,,1,39 56:58.589,3.0,0,75 11:03.309,4,0,0,0,67301,0,0,0,N,0,0,0,2,68K01,1,,1,8,,N,N,,0,,0,0,0,0.0,0,N,1030,1,2,0,0,0,0,0,3,4,0,2,7,,N,,,,,,,,,,,
2009000537,1830,1,0,0,0,0,0,0,0,0,8,0,,67,11,2008,2,39.9804,-75.234,1823.0,6,0,0,0,0,0,0,0,0,,0,0,0,14,1,1,2,,0,39 58:49.421,,0,75 14:02.354,3,0,0,0,67301,1,0,0,N,1,0,0,2,67301,0,,2,1,,N,N,,0,,1,0,0,0.0,0,,1445,1,2,0,0,0,0,0,3,4,0,1,3,,N,,,,,,,,,,,
2009000792,25,1,0,0,0,0,0,0,0,0,4,0,,67,11,2008,3,40.0413,-75.1067,22.0,6,0,0,0,0,0,0,0,0,2.0,0,0,0,0,3,1,1,,2,40 02:28.801,5.0,0,75 06:24.127,4,0,0,0,67301,0,0,0,,0,0,0,2,67301,1,,1,1,,N,N,,0,,0,0,1,3.0,2,Y,21,1,2,0,0,0,0,1,3,4,0,2,3,,N,,,,,,,,,,,
2009006194,2024,1,0,0,0,0,0,0,0,0,7,0,,67,12,2008,7,39.9119,-75.1711,2020.0,6,0,0,0,0,0,0,0,0,1.0,0,0,0,20,3,0,0,,2,39 54:42.766,2.0,2,75 10:15.880,0,0,0,0,67301,0,0,0,N,0,0,0,1,67501,0,,3,9,,N,,,0,,0,0,0,0.0,0,N,2018,0,1,0,0,1,0,0,3,4,0,1,3,,N,,,,,,,,,,,
2009002313,1612,2,0,0,0,0,0,0,0,0,5,0,,67,11,2008,2,39.9804,-75.1592,1612.0,6,0,0,0,0,0,0,0,0,,0,0,0,16,1,0,1,,0,39 58:49.587,,0,75 09:33.224,0,0,0,0,67301,0,0,0,N,0,0,0,1,67301,0,,1,1,,N,N,,0,,0,0,1,3.0,2,,1611,0,3,0,0,0,0,0,3,4,0,3,3,,N,,,,,,,,,,,
2009015074,1825,2,0,0,0,0,0,0,0,0,1,0,,67,12,2008,2,40.0255,-75.1227,1820.0,6,0,0,0,0,0,0,0,0,,0,0,0,18,2,1,1,,0,40 01:31.746,,0,75 07:20.689,4,0,0,0,67301,0,0,0,,0,0,0,3,67301,1,,1,9,,,,,0,,0,0,0,9.0,2,,1820,1,2,0,0,0,0,0,3,4,0,2,7,,N,,,,,,,,,,,
2009015806,1840,1,0,0,0,0,0,0,0,0,8,0,,67,12,2008,3,40.0225,-75.1242,1834.0,6,0,0,0,0,0,0,0,0,,1,0,0,18,3,0,0,,0,40 01:20.874,,0,75 07:27.037,1,0,0,0,67301,1,1,0,N,1,1,0,2,67301,0,2.0,1,1,,N,N,,0,0.0,0,0,0,0.0,0,,1820,0,2,0,0,0,0,0,3,4,0,1,3,,N,,,,,,,,,,,
2009026047,9999,1,0,0,0,0,0,0,0,0,7,0,,67,12,2008,1,40.0314,-75.1675,2354.0,6,0,0,0,0,0,0,0,0,,0,0,0,22,3,0,0,,0,40 01:53.008,,0,75 10:03.189,0,0,0,0,67301,0,0,0,N,0,0,0,1,67301,0,,4,2,,N,N,,0,,0,0,0,0.0,0,,2230,0,1,0,0,0,0,0,3,4,0,1,9,,N,,,,,,,,,,,
2009013570,1212,1,0,0,0,0,0,0,0,0,7,0,,67,12,2008,4,40.0444,-75.1192,1202.0,6,0,0,0,0,0,0,0,0,,0,0,0,11,1,1,0,,0,40 02:39.757,,0,75 07:09.203,8,0,0,0,67301,0,0,0,N,0,0,0,1,67301,0,,2,1,,N,N,,0,,0,0,0,0.0,0,,1159,1,1,0,0,0,1,0,3,4,0,1,3,,N,,,,,,,,,,,
2009013591,1254,1,0,0,1,0,0,0,0,0,5,0,,67,11,2008,1,40.113,-75.023,1250.0,6,0,0,0,0,0,0,0,0,,0,0,0,12,1,1,1,,0,40 06:46.664,,0,75 01:22.836,8,0,0,0,67301,1,0,0,N,0,0,0,2,67301,0,,1,1,,N,N,,0,,0,0,0,3.0,2,,1250,1,2,0,0,0,1,0,3,4,0,1,3,,N,,,,,,,,,,,
2009029538,0,1,0,0,1,0,0,0,0,0,4,0,,67,10,2008,6,39.9491,-75.2121,0.0,6,0,0,0,0,0,0,0,0,,0,0,0,15,1,1,3,,0,39 56:56.960,,0,75 12:43.479,4,0,0,0,67301,1,0,0,N,0,0,0,2,00000,1,,1,1,,N,N,,0,,0,0,0,0.0,0,,1500,1,2,0,0,0,0,0,3,4,0,1,3,,N,,,,,,,,,,,
2009026968,617,1,0,0,0,0,0,1,0,0,4,1,,67,12,2008,5,39.9494,-75.174,614.0,6,0,0,0,0,0,1,0,0,,0,0,0,6,5,1,1,,0,39 56:57.854,,0,75 10:26.579,3,0,0,0,67301,0,0,0,Y,0,0,0,2,67301,0,,1,1,,N,N,,0,,1,0,0,3.0,2,,614,1,2,0,0,0,0,1,3,4,0,2,3,,N,,,,,,,,,,,
2008098260,802,1,0,0,0,0,0,0,0,0,4,0,,67,6,2008,3,40.0449,-75.0803,755.0,6,0,0,0,0,0,0,0,0,1.0,0,0,0,7,1,2,1,,1,40 02:41.686,1.0,0,75 04:49.238,4,0,0,0,67301,0,0,0,N,0,0,0,3,67301,2,,1,1,,N,N,,0,,0,0,1,3.0,2,N,751,2,2,0,0,0,0,0,3,4,0,2,3,,N,,,,,,,,,,,
2008098281,1835,1,0,0,0,0,0,0,0,0,8,0,,67,7,2008,5,40.0116,-75.1067,1830.0,6,0,0,0,0,0,0,0,0,,0,0,0,99,1,1,0,,0,40 00:41.595,,0,75 06:24.180,8,0,0,0,67301,1,0,0,N,1,0,0,2,67301,0,,1,1,,N,N,,0,,0,0,0,3.0,3,,9999,1,2,0,0,0,1,0,3,4,0,1,3,,N,,,,,,,,,,,
2008098289,1542,1,0,0,0,0,0,0,0,0,7,0,,67,6,2008,5,40.0257,-75.0554,1537.0,6,0,0,0,0,0,0,0,0,,0,0,0,15,1,1,1,,0,40 01:32.520,,0,75 03:19.440,8,0,0,0,67301,0,0,0,N,0,0,0,1,67301,0,,5,1,,N,N,,0,,0,0,0,3.0,2,,1530,1,1,0,0,0,1,0,3,4,0,1,3,,N,,,,,,,,,,,
2008098346,1720,3,0,0,0,0,0,0,0,0,4,0,,67,7,2008,1,39.9277,-75.1571,1717.0,6,0,0,0,1,0,0,0,0,,0,0,0,17,1,0,0,,0,39 55:39.777,,0,75 09:25.729,0,0,0,0,67301,0,0,0,N,0,0,0,1,67301,0,,1,1,,N,N,,0,,0,0,0,0.0,0,,1715,0,3,0,0,0,0,0,3,4,0,3,3,,N,,,,,,,,,,,
2008095851,1854,1,0,0,0,0,0,0,0,0,7,0,,67,8,2008,3,40.0064,-75.0743,1854.0,6,0,0,1,0,0,0,0,0,,0,0,0,18,4,0,0,,0,40 00:23.111,,0,75 04:27.571,0,0,0,0,67301,0,0,0,N,0,0,0,1,68K01,0,,2,1,,N,N,,0,,0,0,0,0.0,0,,1854,0,1,0,0,0,0,0,3,4,0,1,3,,N,,,,,,,,,,,
2008098377,1359,2,0,0,0,0,0,0,0,0,4,1,,67,7,2008,5,40.0287,-75.2055,1351.0,6,0,0,0,0,0,1,0,0,,0,1,0,13,1,0,1,,0,40 01:43.107,,0,75 12:20.348,0,0,0,0,67301,0,0,0,N,0,0,0,3,67301,0,,1,1,,N,N,,0,,0,0,0,3.0,2,,1330,0,3,0,0,0,0,0,3,4,0,3,3,,N,,,,,,,,,,,
2008078908,1625,1,0,0,0,0,0,0,0,0,4,0,,67,5,2008,1,39.9545,-75.2149,1617.0,6,0,0,0,0,0,0,0,0,,0,0,0,15,1,2,1,,0,39 57:16.045,,0,75 12:53.647,4,0,0,0,67301,0,0,0,N,0,0,0,3,67301,2,,1,1,,N,N,,0,,0,0,1,9.0,3,,1530,2,2,0,0,0,0,1,3,4,0,2,3,,N,,,,,,,,,,,
2008078911,527,1,0,0,0,0,0,0,0,0,8,0,,67,4,2008,3,39.9361,-75.2345,522.0,6,0,0,0,0,0,0,0,0,,0,0,0,5,5,1,1,,0,39 56:10.124,,0,75 14:04.177,2,0,0,0,67301,1,0,1,N,1,0,1,2,67301,0,,1,9,,N,,,0,,0,1,0,3.0,2,,521,1,2,0,0,0,0,1,3,4,0,1,7,,N,,,,,,,,,,,
2008081468,547,1,0,0,0,0,0,0,0,0,4,0,,67,5,2008,3,39.9854,-75.0967,545.0,6,0,0,0,0,0,1,0,0,,0,0,0,5,1,1,1,,0,39 59:07.606,,0,75 05:48.056,4,0,0,0,67301,0,0,0,,0,0,0,2,67301,1,,1,1,,,,,0,,0,0,0,9.0,2,,530,1,2,0,0,0,0,0,3,4,1,2,3,,N,,,,,,,,,,,
2008097562,2255,1,0,0,0,0,0,0,0,0,1,0,,67,7,2008,2,40.0391,-75.0597,2238.0,6,0,0,0,0,0,1,0,0,,0,0,0,22,2,0,2,,0,40 02:20.683,,0,75 03:34.753,0,0,0,0,67301,0,0,0,,0,0,0,2,67301,0,,1,1,,,,,0,,0,0,1,3.0,3,,2218,0,2,0,0,0,0,0,3,4,0,2,3,,N,,,,,,,,,,,
2008070687,550,2,0,0,0,0,0,0,0,0,6,0,,67,4,2008,1,40.0987,-75.0359,545.0,6,0,0,0,0,0,0,0,0,,0,0,0,5,1,1,2,,0,40 05:55.190,,0,75 02:09.373,4,0,0,0,67301,0,0,0,,0,0,0,2,67301,1,,1,1,,N,N,,0,,0,0,0,3.0,3,,535,1,2,0,0,1,0,0,3,4,0,2,3,,N,,,,,,,,,,,
2008070759,2330,1,0,0,0,0,0,0,0,0,8,0,,67,4,2008,7,40.0769,-75.1785,2328.0,6,0,0,0,0,0,0,0,0,,0,0,0,23,3,1,2,,0,40 04:36.829,,0,75 10:42.542,8,0,0,0,67301,1,0,0,N,1,0,0,2,67301,0,,1,1,,N,N,,0,,0,0,0,3.0,3,,2325,1,2,0,0,0,1,0,3,4,0,1,3,,N,,,,,,,,,,,
2008070789,1931,2,0,0,0,0,0,0,0,0,1,0,,67,4,2008,2,39.9515,-75.2352,1927.0,6,0,0,0,0,0,0,0,0,,0,0,0,19,1,1,0,,0,39 57:05.403,,0,75 14:06.619,4,0,0,0,67301,0,0,0,N,0,0,0,2,67301,1,,1,1,,N,N,,0,,0,0,0,0.0,0,,1922,1,2,0,0,1,0,0,3,4,0,2,3,,N,,,,,,,,,,,
2008070817,748,2,0,0,0,0,0,0,0,0,4,0,,67,4,2008,3,40.0562,-75.1555,743.0,6,0,0,0,0,1,1,0,0,,0,0,0,7,1,3,1,,0,40 03:22.316,,0,75 09:19.951,4,0,0,0,67301,0,0,0,N,0,0,0,4,67301,3,,1,1,,N,N,,0,,0,0,0,3.0,3,,740,3,3,0,0,0,0,1,3,4,1,3,3,,N,,,,,,,,,,,
2008107895,1717,1,0,0,0,0,0,0,0,0,7,0,,67,8,2008,2,39.9074,-75.2233,1715.0,6,0,0,0,0,0,0,0,0,,0,0,0,17,1,0,0,,0,39 54:30.771,,0,75 13:22.894,0,0,0,0,67301,0,0,0,N,0,0,0,1,67301,0,,4,1,,N,N,,0,,0,0,0,0.0,0,,1715,0,1,0,0,0,0,0,3,4,0,1,3,,N,,,,,,,,,,,
2008099478,1800,0,0,0,1,0,0,0,0,0,4,0,99.0,67,6,2008,3,39.9566,-75.198,1755.0,6,0,0,0,0,0,0,0,0,,0,0,0,17,1,1,0,,0,39 57:23.852,,0,75 11:52.860,4,0,0,0,67301,1,0,0,N,0,0,0,2,67301,1,,1,1,,N,N,,0,,0,0,0,0.0,0,,1717,1,2,0,0,0,0,1,3,4,1,1,3,,Y,4.0,1.0,Y,U,U,N,U,U,U,Y,
2008107370,202,2,0,0,0,0,0,0,0,0,1,0,,67,8,2008,5,39.9057,-75.1325,158.0,6,0,0,0,1,0,0,0,0,1.0,0,0,0,1,3,1,0,,2,39 54:20.699,3.0,0,75 07:56.905,4,0,0,0,67301,0,0,0,N,0,0,0,2,67501,1,,1,1,,N,N,,0,,0,0,0,3.0,8,N,158,1,2,0,0,0,0,0,3,4,0,2,3,,N,,,,,,,,,,,