CRN,ARRIVAL_TM,AUTOMOBILE_COUNT,BELTED_DEATH_COUNT,BELTED_SUSP_SERIOUS_INJ_COUNT,BICYCLE_COUNT,BICYCLE_DEATH_COUNT,BICYCLE_SUSP_SERIOUS_INJ_COUNT,BUS_COUNT,CHLDPAS_DEATH_COUNT,CHLDPAS_SUSP_SERIOUS_INJ_COUNT,COLLISION_TYPE,COMM_VEH_COUNT,CONS_ZONE_SPD_LIM,COUNTY,CRASH_MONTH,CRASH_YEAR,DAY_OF_WEEK,DEC_LAT,DEC_LONG,DISPATCH_TM,DISTRICT,DRIVER_COUNT_16YR,DRIVER_COUNT_17YR,DRIVER_COUNT_18YR,DRIVER_COUNT_19YR,DRIVER_COUNT_20YR,DRIVER_COUNT_50_64YR,DRIVER_COUNT_65_74YR,DRIVER_COUNT_75PLUS,EST_HRS_CLOSED,FATAL_COUNT,HEAVY_TRUCK_COUNT,HORSE_BUGGY_COUNT,HOUR_OF_DAY,ILLUMINATION,INJURY_COUNT,INTERSECT_TYPE,INTERSECTION_RELATED,LANE_CLOSED,LATITUDE,LN_CLOSE_DIR,LOCATION_TYPE,LONGITUDE,MAX_SEVERITY_LEVEL,MCYCLE_DEATH_COUNT,MCYCLE_SUSP_SERIOUS_INJ_COUNT,MOTORCYCLE_COUNT,MUNICIPALITY,NONMOTR_COUNT,NONMOTR_DEATH_COUNT,NONMOTR_SUSP_SERIOUS_INJ_COUNT,NTFY_HIWY_MAINT,PED_COUNT,PED_DEATH_COUNT,PED_SUSP_SERIOUS_INJ_COUNT,PERSON_COUNT,POLICE_AGCY,POSSIBLE_INJ_COUNT,RDWY_SURF_TYPE_CD,RELATION_TO_ROAD,ROAD_CONDITION,ROADWAY_CLEARED,SCH_BUS_IND,SCH_ZONE_IND,SECONDARY_CRASH,SMALL_TRUCK_COUNT,SPEC_JURIS_CD,SUSP_MINOR_INJ_COUNT,SUSP_SERIOUS_INJ_COUNT,SUV_COUNT,TCD_FUNC_CD,TCD_TYPE,TFC_DETOUR_IND,TIME_OF_DAY,TOT_INJ_COUNT,TOTAL_UNITS,UNB_DEATH_COUNT,UNB_SUSP_SERIOUS_INJ_COUNT,UNBELTED_OCC_COUNT,UNK_INJ_DEG_COUNT,UNK_INJ_PER_COUNT,URBAN_AREA,URBAN_RURAL,VAN_COUNT,VEHICLE_COUNT,WEATHER1,WEATHER2,WORK_ZONE_IND,WORK_ZONE_LOC,WORK_ZONE_TYPE,WORKERS_PRES,WZ_CLOSE_DETOUR,WZ_FLAGGER,WZ_LAW_OFFCR_IND,WZ_LN_CLOSURE,WZ_MOVING,WZ_OTHER,WZ_SHLDER_MDN,WZ_WORKERS_INJ_KILLED
2008120782,305,3,0,0,0,0,0,0,0,0,4,0,,67,9,2008,1,40.0421,-75.1027,254.0,6,0,0,0,0,0,0,0,0,,0,0,0,2,3,0,0,,0,40 02:31.714,,0,75 06:09.806,0,0,0,0,67301,0,0,0,N,0,0,0,2,67301,0,,1,9,,N,N,,0,,0,0,0,0.0,0,,254,0,3,0,0,0,0,0,3,4,0,3,7,,N,,,,,,,,,,,
2008132445,520,1,0,0,0,0,0,0,0,0,7,0,,67,11,2008,4,39.9708,-75.1241,514.0,6,0,0,0,0,0,0,0,0,1.0,0,0,0,5,3,0,0,,1,39 58:20.630,1.0,0,75 07:19.080,0,0,0,0,67301,0,0,0,N,0,0,0,3,68K01,0,,2,1,,N,N,,0,,0,0,0,0.0,0,N,513,0,1,0,0,0,0,0,3,4,0,1,3,,N,,,,,,,,,,,
2008119480,9999,1,0,0,0,0,0,0,0,0,4,0,,67,9,2008,2,39.9249,-75.2382,1045.0,6,0,0,0,0,0,1,0,0,,0,0,0,99,1,1,1,,0,39 55:29.650,,0,75 14:17.483,4,0,0,0,67301,0,0,0,,0,0,0,2,67301,1,,1,1,,,,,1,,0,0,0,0.0,0,,9999,1,2,0,0,0,0,1,3,4,0,2,3,,N,,,,,,,,,,,
2008110568,1041,0,0,0,0,0,0,0,0,0,7,0,,67,10,2008,1,39.88,-75.248,1035.0,6,0,0,0,0,0,1,0,0,,0,0,0,10,1,1,0,,0,39 52:47.782,,0,75 14:53.062,8,0,0,0,67301,0,0,0,Y,0,0,0,1,68K01,0,,2,1,,N,N,,0,,0,0,1,0.0,0,,1028,1,1,0,0,1,1,0,3,4,0,1,3,,N,,,,,,,,,,,
2008110569,2247,1,0,0,0,0,0,0,0,0,1,0,,67,10,2008,1,39.9451,-75.1908,2243.0,6,0,0,0,0,1,0,0,0,,0,0,0,22,3,1,0,,0,39 56:42.362,,0,75 11:26.793,4,0,0,0,67301,0,0,0,N,0,0,0,2,68K01,1,,1,1,,N,N,,0,,0,0,0,0.0,0,,2241,1,2,0,0,0,0,0,3,4,1,2,3,,N,,,,,,,,,,,
2009013716,344,0,0,0,0,0,0,0,0,0,4,0,,67,11,2008,7,40.0565,-75.0464,341.0,6,0,0,0,0,0,0,1,0,3.0,0,0,0,3,3,1,1,,1,40 03:23.346,2.0,0,75 02:47.047,8,0,0,0,67301,0,0,0,N,0,0,0,3,67301,0,,1,1,,N,N,,1,,0,0,0,3.0,2,N,340,1,2,0,0,0,1,0,3,4,1,2,3,,N,,,,,,,,,,,
2009013816,1050,0,0,0,0,0,0,0,0,0,8,0,,67,12,2008,5,40.0092,-75.1508,1036.0,6,0,0,0,0,0,0,0,0,,0,0,0,9,1,1,1,,0,40 00:33.134,,0,75 09:02.944,4,0,0,0,67301,1,0,0,N,1,0,0,2,67301,1,,1,1,,N,N,,0,,0,0,0,3.0,1,,915,1,2,0,0,1,0,0,3,4,1,1,3,,N,,,,,,,,,,,
2009006464,625,1,0,0,0,0,0,0,0,0,7,0,,67,12,2008,6,39.9737,-75.1198,620.0,6,0,0,0,0,0,0,0,0,2.0,0,0,0,6,3,1,0,,2,39 58:26.741,2.0,0,75 07:08.592,4,0,0,0,67301,0,0,0,N,0,0,0,1,68K01,1,,2,1,,N,N,,0,,0,0,0,0.0,0,N,616,1,1,0,0,0,0,0,3,4,0,1,3,,N,,,,,,,,,,,
2009024716,639,3,0,0,0,0,0,0,0,0,5,0,,67,12,2008,2,40.0415,-75.0754,638.0,6,0,0,0,0,0,1,0,0,,0,0,0,3,3,0,2,,0,40 02:29.272,,0,75 04:31.488,0,0,0,0,67301,0,0,0,N,0,0,0,3,67301,0,,1,1,,N,N,,0,,0,0,0,0.0,0,,358,0,3,0,0,0,0,0,3,4,0,3,3,,N,,,,,,,,,,,
2009002637,1237,1,0,0,0,0,0,0,0,0,1,0,,67,11,2008,7,40.0591,-75.0447,1233.0,6,0,0,0,1,0,0,0,0,1.0,0,0,0,12,1,3,5,,1,40 03:32.505,2.0,0,75 02:41.288,3,0,0,0,67301,0,0,0,N,0,0,0,6,67301,0,,1,9,,N,N,,0,,3,0,0,3.0,2,N,1230,3,2,0,0,0,0,0,3,4,1,2,7,,N,,,,,,,,,,,
2009002209,105,2,0,0,0,0,0,0,0,0,4,0,,67,11,2008,1,40.0117,-75.1631,105.0,6,0,0,0,0,0,0,0,0,9.0,0,0,0,0,3,1,1,,1,40 00:41.962,3.0,0,75 09:47.161,4,0,0,0,67301,0,0,0,N,0,0,0,2,67301,1,,1,1,,N,N,,0,,0,0,0,3.0,3,N,5,1,2,0,0,2,0,0,3,4,0,2,3,,N,,,,,,,,,,,
2009002225,2143,2,0,0,0,0,0,0,0,0,5,0,,67,11,2008,4,40.0472,-75.1406,2129.0,6,0,0,0,0,1,0,0,0,,0,0,0,21,3,2,1,,0,40 02:49.919,,0,75 08:26.238,4,0,0,0,67301,0,0,0,,0,0,0,2,67301,1,,1,9,,,,,0,,0,0,0,3.0,3,,2129,2,2,0,0,0,1,0,3,4,0,2,3,,N,,,,,,,,,,,
2009002232,2235,2,0,0,0,0,0,0,0,0,4,0,,67,10,2008,5,39.9672,-75.1654,2229.0,6,0,0,0,0,0,0,0,0,,0,0,0,20,3,1,1,,0,39 58:01.765,,0,75 09:55.285,4,0,0,0,67301,0,0,0,,0,0,0,3,67301,1,,1,1,,N,N,,0,,0,0,0,3.0,2,,2045,1,2,0,0,1,0,0,3,4,0,2,3,,N,,,,,,,,,,,
2009002277,126,3,0,0,0,0,0,0,0,0,1,0,,67,11,2008,2,39.9664,-75.2076,123.0,6,0,0,0,1,0,0,0,0,,0,0,0,1,3,2,1,,0,39 57:58.933,,0,75 12:27.077,8,0,0,0,67301,0,0,0,N,0,0,0,5,67301,0,,1,1,,N,N,,0,,0,0,0,3.0,2,,119,2,3,0,0,0,2,0,3,4,0,3,3,,N,,,,,,,,,,,
2009002290,1631,2,0,0,0,0,0,0,0,0,2,0,,67,11,2008,5,40.113,-75.023,1630.0,6,0,0,0,1,0,1,0,0,,0,0,0,16,1,2,1,,0,40 06:46.664,,0,75 01:22.836,3,0,0,0,67301,0,0,0,N,0,0,0,3,67301,1,,1,1,,N,N,,0,,1,0,1,3.0,2,,1629,2,3,0,0,0,0,0,3,4,0,3,3,,N,,,,,,,,,,,
2009031127,128,1,0,0,0,0,0,0,0,0,1,0,,67,12,2008,2,40.0504,-75.1984,117.0,6,0,0,0,1,0,0,0,0,,0,0,0,1,6,1,0,,0,40 03:01.364,,0,75 11:54.294,4,0,0,0,67301,0,0,0,N,0,0,0,1,67301,1,,6,1,,N,N,,0,,0,0,1,0.0,0,,117,1,2,0,0,0,0,0,3,4,0,2,3,,N,,,,,,,,,,,
2009004089,1515,2,0,0,0,0,0,0,0,0,4,0,,67,11,2008,1,39.9359,-75.1569,1514.0,6,0,0,0,0,0,1,0,0,1.0,0,0,0,15,1,1,1,,1,39 56:09.409,3.0,0,75 09:24.814,4,0,0,0,67301,0,0,0,N,0,0,0,5,67301,1,,1,9,,N,N,,0,,0,0,0,3.0,2,N,1514,1,2,0,0,0,0,0,3,4,0,2,7,,N,,,,,,,,,,,
2009006882,612,0,0,0,0,0,0,0,0,0,1,1,,67,12,2008,3,39.8881,-75.2167,612.0,6,0,0,0,0,0,0,0,0,,0,0,0,6,3,1,0,,0,39 53:17.160,,0,75 13:00.120,4,0,0,0,67301,0,0,0,N,0,0,0,3,68K01,1,,1,2,,N,N,,0,,0,0,1,0.0,0,,612,1,2,0,0,0,0,1,3,4,0,2,3,,N,,,,,,,,,,,
2009000996,1835,0,0,0,0,0,0,0,0,0,8,0,,67,10,2008,2,39.9569,-75.1996,1838.0,6,0,0,0,0,0,0,1,0,,0,0,0,18,4,1,1,,0,39 57:24.833,,0,75 11:58.490,2,0,0,0,67301,1,0,1,N,1,0,1,2,67504,0,,1,9,,N,N,,1,,0,1,0,3.0,2,,1835,1,2,0,0,0,0,0,3,4,0,1,7,,N,,,,,,,,,,,
2009015076,1520,2,0,0,0,0,0,0,0,0,4,0,,67,12,2008,4,40.034,-75.0744,1514.0,6,0,0,0,0,0,0,1,0,1.0,0,0,0,15,1,1,1,,1,40 02:02.400,4.0,0,75 04:27.840,4,0,0,0,67301,0,0,0,,0,0,0,2,67301,1,,1,1,,N,N,,0,,0,0,0,3.0,2,N,1514,1,2,0,0,0,0,0,3,4,0,2,3,,N,,,,,,,,,,,
2009012662,10,2,0,0,0,0,0,0,0,0,4,0,,67,12,2008,3,39.9041,-75.2262,7.0,6,0,0,1,0,0,1,0,0,,0,0,0,0,3,2,2,,0,39 54:14.630,,0,75 13:34.143,4,0,0,0,67301,0,0,0,N,0,0,0,3,67301,2,,1,1,,N,N,,0,,0,0,0,3.0,3,,5,2,2,0,0,0,0,0,3,4,0,2,3,,N,,,,,,,,,,,
2009013343,1930,0,0,0,0,0,0,0,0,0,4,0,,67,11,2008,7,39.9643,-75.2342,1925.0,6,0,0,0,0,0,2,0,0,4.0,0,0,0,19,3,2,1,,2,39 57:51.613,4.0,0,75 14:03.292,8,0,0,0,67301,0,0,0,N,0,0,0,4,67301,0,,1,1,,N,N,,1,,0,0,1,3.0,2,Y,1920,2,3,0,0,1,2,1,3,4,1,3,3,,N,,,,,,,,,,,
2009013472,1930,2,0,0,0,0,0,0,0,0,1,0,,67,11,2008,3,39.9827,-75.1652,1903.0,6,0,0,0,0,0,0,0,0,,0,0,0,99,3,4,1,,0,39 58:57.882,,0,75 09:54.629,4,0,0,0,67301,0,0,0,,0,0,0,5,67301,4,,1,1,,N,,,0,,0,0,0,0.0,0,,9999,4,2,0,0,0,0,0,3,4,0,2,3,,N,,,,,,,,,,,
2009013500,1205,2,0,0,0,0,0,0,0,0,2,0,,67,12,2008,2,40.0259,-75.2032,1140.0,6,0,0,0,0,0,0,0,0,,0,0,0,11,1,0,2,,0,40 01:32.812,,0,75 12:11.307,0,0,0,0,67301,0,0,0,N,0,0,0,2,67301,0,,1,9,,N,N,,0,,0,0,0,3.0,2,,1140,0,2,0,0,2,0,0,3,4,0,2,3,,N,,,,,,,,,,,
2009013506,1902,1,0,0,0,0,0,0,0,0,8,0,,67,11,2008,6,39.9328,-75.216,1900.0,6,0,0,0,0,1,0,0,0,,0,0,0,19,4,1,2,,0,39 55:58.080,,0,75 12:57.600,4,0,0,0,67301,1,0,0,N,1,0,0,2,67301,1,,1,1,,N,N,,0,,0,0,0,3.0,2,,1900,1,2,0,0,0,0,0,3,4,0,1,3,,N,,,,,,,,,,,
2009026031,37,1,0,0,0,0,0,0,0,0,7,0,,67,12,2008,7,39.9469,-75.184,1.0,6,0,0,0,0,0,0,0,0,,0,0,0,0,3,0,10,,0,39 56:48.890,,0,75 11:02.518,0,0,0,0,67301,0,0,0,N,0,0,0,1,67301,0,,5,9,,N,N,,0,,0,0,0,0.0,0,,30,0,1,0,0,0,0,0,3,4,0,1,7,,N,,,,,,,,,,,
2009026092,9999,1,0,0,0,0,0,0,0,0,8,0,,67,12,2008,4,40.0456,-75.0952,9999.0,6,0,0,0,0,0,0,1,0,,0,0,0,99,3,1,1,,0,40 02:44.066,,0,75 05:42.550,4,0,0,0,67301,1,0,0,N,1,0,0,2,67301,1,,1,9,,N,N,,0,,0,0,0,0.0,0,,9999,1,2,0,0,0,0,0,3,4,0,1,7,,N,,,,,,,,,,,
2008107993,2245,2,0,0,0,0,0,0,0,0,1,0,,67,8,2008,7,39.9597,-75.2474,2241.0,6,0,0,0,0,0,0,0,0,,0,0,0,22,3,1,1,,0,39 57:34.816,,0,75 14:50.654,3,0,0,0,67301,0,0,0,,0,0,0,2,67301,0,,1,1,,,,,0,,1,0,0,3.0,2,,2239,1,2,0,0,0,0,0,3,4,0,2,3,,N,,,,,,,,,,,
2008109882,1435,2,0,0,0,0,0,0,0,0,5,0,,67,10,2008,4,40.0093,-75.0673,1432.0,6,0,0,0,0,0,0,0,0,3.0,0,0,0,14,1,1,0,,1,40 00:32.257,2.0,0,75 04:07.589,4,0,0,0,67301,0,0,0,N,0,0,0,2,68K01,1,,1,1,,N,N,,0,,0,0,0,0.0,0,N,1429,1,2,0,0,0,0,0,3,4,0,2,3,,N,,,,,,,,,,,
2008070982,1223,1,0,0,0,0,0,0,0,0,7,0,,67,4,2008,4,40.097,-75.0361,1221.0,6,0,0,0,0,0,0,0,0,,0,0,0,12,1,0,0,,0,40 05:49.020,,0,75 02:10.064,9,0,0,0,67301,0,0,0,,0,0,0,3,67301,0,,5,1,,N,N,,0,,0,0,0,0.0,0,,1220,0,1,0,0,0,0,2,3,4,0,1,3,,N,,,,,,,,,,,
2008073481,642,1,0,0,0,0,0,1,0,0,2,1,,67,4,2008,2,40.067,-75.1582,639.0,6,0,0,0,0,1,1,1,0,3.0,0,0,0,6,1,0,0,,2,40 04:01.467,6.0,0,75 09:29.449,0,0,0,0,67301,0,0,0,,0,0,0,3,67301,0,,1,9,,Y,N,,1,,0,0,0,0.0,0,Y,637,0,3,0,0,0,0,0,3,4,0,3,7,,N,,,,,,,,,,,
2008071117,228,1,0,0,0,0,0,0,0,0,7,0,,67,6,2008,2,39.9133,-75.1482,220.0,6,0,0,1,0,0,0,0,0,1.0,0,0,0,2,3,2,0,,1,39 54:53.073,2.0,0,75 08:52.249,8,0,0,0,67301,0,0,0,N,0,0,0,2,68K01,0,,2,1,,N,N,,0,,0,0,0,0.0,0,N,217,2,1,0,0,0,2,0,3,4,0,1,3,,N,,,,,,,,,,,
2008111324,1750,2,0,0,0,0,0,0,0,0,5,0,,67,8,2008,7,40.0102,-75.1858,1749.0,6,0,0,0,0,0,0,0,0,2.0,0,0,0,17,1,2,0,,1,40 00:41.970,5.0,0,75 10:56.990,8,0,0,0,67301,0,0,0,N,0,0,0,2,67301,0,,1,1,,N,N,,0,,0,0,0,0.0,0,N,1749,2,2,0,0,0,2,0,3,4,0,2,3,,N,,,,,,,,,,,
2008120825,720,1,0,0,0,0,0,0,0,0,7,0,,67,9,2008,1,39.957,-75.2133,713.0,6,0,0,0,0,0,0,0,0,,0,0,0,7,1,1,1,,0,39 57:25.200,,0,75 12:47.880,4,0,0,0,67301,0,0,0,N,0,0,0,1,67301,1,,4,1,,N,N,,0,,0,0,0,3.0,2,,710,1,1,0,0,1,0,0,3,4,0,1,3,,N,,,,,,,,,,,
2008132434,1400,2,0,0,0,0,0,0,0,0,1,0,,67,11,2008,1,40.0072,-75.2002,1355.0,6,0,0,0,0,0,1,0,0,,0,0,0,13,1,0,3,,0,40 00:25.120,,2,75 11:58.635,0,0,0,0,67301,0,0,0,N,0,0,0,3,68K01,0,,1,1,,N,N,,0,,0,0,1,0.0,0,,1345,0,4,0,0,0,0,0,3,4,0,3,3,,N,,,,,,,,,,,
2008122996,9999,2,0,0,0,0,0,0,0,0,4,0,,67,9,2008,6,,,1651.0,6,0,0,0,0,0,0,0,0,,0,0,0,16,1,1,1,,0,,,0,,8,0,0,0,67301,0,0,0,N,0,0,0,2,67301,0,,1,9,,N,N,,0,,0,0,0,3.0,2,,1651,1,2,0,0,0,1,0,3,3,0,2,7,,N,,,,,,,,,,,
2008123015,1040,0,0,0,0,0,0,0,0,0,5,1,99.0,67,10,2008,5,39.9056,-75.1314,1038.0,6,0,0,0,0,0,0,0,0,,0,1,0,10,1,0,0,,0,39 54:20.006,,3,75 07:53.009,0,0,0,0,67301,0,0,0,N,0,0,0,2,67301,0,,1,1,,N,N,,0,,0,0,1,3.0,8,,1035,0,2,0,0,0,0,0,3,4,0,2,3,,Y,8.0,8.0,U,U,U,U,U,U,U,U,
2009013667,520,1,0,0,0,0,0,0,0,0,8,0,,67,12,2008,5,39.954,-75.1682,508.0,6,0,0,0,0,0,0,0,0,,0,0,0,5,3,1,1,,0,39 57:14.403,,0,75 10:05.487,4,0,0,0,67301,1,0,0,N,1,0,0,2,67301,1,,1,9,,N,N,,0,,0,0,0,3.0,2,,508,1,2,0,0,0,0,0,3,4,0,1,7,,N,,,,,,,,,,,
2009013712,1250,1,0,0,0,0,0,0,0,0,2,0,,67,12,2008,6,40.0287,-75.2055,1245.0,6,0,0,0,0,0,0,1,0,1.0,0,0,0,99,1,1,1,,1,40 01:43.107,3.0,0,75 12:20.348,4,0,0,0,67301,0,0,0,N,0,0,0,3,67301,1,,1,1,,N,N,,0,,0,0,1,3.0,2,N,9999,1,2,0,0,1,0,1,3,4,0,2,3,,N,,,,,,,,,,,
2009013715,922,1,0,0,0,0,0,0,0,0,1,0,,67,11,2008,7,40.0215,-75.14,914.0,6,0,0,0,0,0,1,0,0,1.0,0,0,0,9,1,0,0,,1,40 01:17.217,2.0,0,75 08:23.855,0,0,0,0,67301,0,0,0,N,0,0,0,2,67301,0,,1,1,,N,N,,0,,0,0,1,0.0,0,N,914,0,2,0,0,0,0,0,3,4,0,2,3,,N,,,,,,,,,,,
2009013854,1951,0,0,0,0,0,0,0,0,0,7,0,,67,12,2008,2,39.9527,-75.1669,1950.0,6,0,0,0,0,0,1,0,0,,0,0,0,19,3,1,0,,0,39 57:09.789,,0,75 10:00.715,3,0,0,0,67301,0,0,0,N,0,0,0,1,67301,0,,2,9,,N,N,,0,,1,0,1,0.0,0,,1948,1,1,0,0,0,0,0,3,4,0,1,7,,N,,,,,,,,,,,
2009006485,659,1,0,0,0,0,0,0,0,0,7,0,,67,12,2008,4,39.9602,-75.1407,650.0,6,0,0,0,0,0,0,0,0,,0,0,0,6,1,0,0,,0,39 57:28.230,,0,75 08:28.644,0,0,0,0,67301,0,0,0,N,0,0,0,1,68K01,0,,1,1,,N,N,,0,,0,0,0,0.0,0,,645,0,1,0,0,0,0,0,3,4,0,1,3,,N,,,,,,,,,,,
2009005459,323,0,0,0,0,0,0,0,0,0,7,1,,67,12,2008,4,39.89,-75.2203,323.0,6,0,0,0,0,0,0,0,0,,0,1,0,1,3,0,0,,0,39 53:22.571,,0,75 13:10.870,0,0,0,0,67301,0,0,0,N,0,0,0,2,68K01,0,,3,2,,N,N,,0,,0,0,1,0.0,0,,108,0,2,0,0,0,0,0,3,4,0,2,9,,N,,,,,,,,,,,
2009001933,225,1,0,0,0,0,0,0,0,0,7,0,,67,12,2008,7,39.9803,-75.1044,219.0,6,0,0,0,0,0,0,0,0,3.0,0,0,0,2,3,0,0,,1,39 58:49.532,1.0,0,75 06:15.612,0,0,0,0,67301,0,0,0,N,0,0,0,2,68K02,0,,2,9,,N,N,,0,,0,0,0,0.0,0,N,213,0,1,0,0,0,0,0,3,4,0,1,3,,N,,,,,,,,,,,
2009024761,456,0,0,0,0,0,0,0,0,0,1,1,,67,12,2008,1,40.0263,-75.0973,444.0,6,0,0,0,0,0,0,0,0,,0,1,0,4,3,0,0,,0,40 01:34.859,,0,75 05:50.979,0,0,0,0,67301,0,0,0,,0,0,0,2,67301,0,,2,2,,,,,0,,0,0,1,3.0,2,,440,0,2,0,0,1,0,0,3,4,0,2,9,,N,,,,,,,,,,,
2009005101,818,0,0,0,0,0,0,0,0,0,7,0,,67,12,2008,1,39.9132,-75.1485,811.0,6,0,0,0,0,0,0,0,0,1.0,0,0,0,8,1,0,0,,2,39 54:49.050,2.0,0,75 08:54.161,0,0,0,0,67301,0,0,0,N,0,0,0,2,68K01,0,,2,7,,N,N,,0,,0,0,1,0.0,0,N,809,0,1,0,0,0,0,0,3,4,0,1,10,,N,,,,,,,,,,,
2009012392,1800,1,0,0,0,0,0,0,0,0,8,0,,67,12,2008,2,40.049,-75.062,1758.0,6,0,0,0,0,0,0,0,0,,0,0,0,17,3,1,0,,0,40 02:56.219,,0,75 03:43.300,4,0,0,0,67301,1,0,0,N,1,0,0,2,67301,1,,1,9,,N,N,,0,,0,0,0,0.0,0,,1758,1,2,0,0,0,0,0,3,4,0,1,7,,N,,,,,,,,,,,
2009012493,2037,1,0,0,1,0,0,0,0,0,5,0,,67,12,2008,5,40.0556,-75.1681,2033.0,6,0,0,0,0,0,0,0,0,,0,0,0,19,3,2,0,,0,40 03:20.310,,0,75 10:05.293,3,0,0,0,67301,1,0,0,N,0,0,0,2,67301,1,,1,9,,N,N,,0,,1,0,0,0.0,0,,1955,2,2,0,0,0,0,0,3,4,0,1,7,,N,,,,,,,,,,,
2009002033,1741,1,0,0,1,0,0,0,0,0,4,0,,67,11,2008,1,39.9531,-75.1819,1741.0,6,0,0,0,0,0,0,0,0,,0,0,0,14,1,1,1,,0,39 57:11.200,,0,75 10:54.920,4,0,0,0,67301,1,0,0,,0,0,0,2,67301,1,,1,1,,,,,0,,0,0,0,0.0,0,,1455,1,2,0,0,0,0,0,3,4,0,1,3,,N,,,,,,,,,,,
2009002034,1652,2,0,0,0,0,0,0,0,0,4,0,,67,11,2008,2,40.0289,-75.1332,1641.0,6,0,0,0,0,0,0,1,0,,0,0,0,15,1,1,1,,0,40 01:44.014,,0,75 07:59.505,8,0,0,0,67301,0,0,0,N,0,0,0,2,67301,0,,1,1,,N,N,,0,,0,0,0,9.0,3,,1530,1,2,0,0,0,1,1,3,4,0,2,3,,N,,,,,,,,,,,
2009002135,1608,0,0,0,0,0,0,0,0,0,2,0,,67,11,2008,3,39.9217,-75.2427,1600.0,6,0,0,0,0,0,0,0,0,3.0,0,0,0,15,1,1,1,,1,39 55:18.066,4.0,0,75 14:33.727,2,0,1,1,67301,0,0,0,,0,0,0,2,67301,0,,1,1,,,,,0,,0,1,1,3.0,2,Y,1550,1,2,0,0,1,0,0,3,4,0,2,3,,N,,,,,,,,,,,
2009002145,653,2,0,0,0,0,0,0,0,0,1,0,,67,11,2008,4,39.9662,-75.1605,639.0,6,0,0,0,0,0,0,1,0,,0,0,0,6,1,1,2,,0,39 57:58.957,,0,75 09:38.184,8,0,0,0,67301,0,0,0,,0,0,0,3,67301,0,,1,1,,N,N,,0,,0,0,0,3.0,2,,600,1,2,0,0,0,1,0,3,4,0,2,3,,N,,,,,,,,,,,
2009002211,1430,2,0,0,0,0,0,0,0,0,1,0,,67,11,2008,7,39.939,-75.1763,1425.0,6,0,0,0,0,0,0,0,0,,0,0,0,99,1,2,1,,0,39 56:20.551,,0,75 10:34.679,4,0,0,0,67301,0,0,0,,0,0,0,3,67301,2,,1,1,,N,N,,0,,0,0,0,3.0,2,,9999,2,2,0,0,0,0,0,3,4,0,2,3,,N,,,,,,,,,,,
2009001000,2110,1,0,0,0,0,0,0,0,0,8,0,,67,11,2008,3,39.9756,-75.228,2102.0,6,0,0,0,0,0,1,0,0,,0,0,0,21,3,1,1,,0,39 58:32.289,,0,75 13:40.641,4,0,0,0,67301,1,0,0,N,1,0,0,2,67301,1,,1,9,,N,N,,0,,0,0,0,3.0,3,,2100,1,2,0,0,0,0,0,3,4,0,1,7,,N,,,,,,,,,,,
2009002319,837,0,0,0,0,0,0,0,0,0,1,0,,67,11,2008,5,39.9534,-75.1371,837.0,6,0,0,0,0,0,0,0,0,,0,0,0,8,1,1,0,,0,39 57:12.330,,3,75 08:13.615,4,0,0,0,67301,0,0,0,N,0,0,0,3,67501,1,,1,1,,N,N,,0,,0,0,3,3.0,8,,826,1,3,0,0,0,0,0,3,4,0,3,3,,N,,,,,,,,,,,
2009013501,1254,2,0,0,0,0,0,0,0,0,1,0,,67,11,2008,1,,,1252.0,6,0,0,0,0,0,0,0,1,,0,0,0,12,1,0,0,,0,,,0,,0,0,0,0,67301,1,0,0,N,0,0,0,2,67301,0,,6,1,,N,N,,0,,0,0,0,0.0,0,,1251,0,2,0,0,0,0,0,3,3,0,2,3,,N,,,,,,,,,,,
2009013534,753,2,0,0,0,0,0,0,0,0,1,0,,67,12,2008,6,40.0538,-75.0707,750.0,6,0,0,0,0,0,0,0,0,,0,0,0,7,1,1,0,,0,40 03:13.687,,0,75 04:14.499,8,0,0,0,67301,0,0,0,N,0,0,0,2,67301,0,,1,1,,N,,,0,,0,0,0,3.0,2,,745,1,2,0,0,0,1,0,3,4,0,2,3,,N,,,,,,,,,,,
2009013421,1425,3,0,0,0,0,0,0,0,0,2,0,,67,11,2008,2,39.9547,-75.1944,1420.0,6,0,0,1,0,0,0,0,0,,0,0,0,14,1,0,1,,0,39 57:16.799,,0,75 11:39.891,0,0,0,0,67301,0,0,0,N,0,0,0,4,67301,0,,1,1,,N,N,,0,,0,0,0,0.0,0,,1420,0,3,0,0,4,0,0,3,4,0,3,3,,N,,,,,,,,,,,
2009013438,1620,1,0,0,0,0,0,0,0,0,6,0,,67,11,2008,4,39.9584,-75.2375,1614.0,6,0,0,0,0,0,2,0,0,,0,1,0,16,1,1,1,,0,39 57:30.390,,0,75 14:14.838,4,0,0,0,67301,0,0,0,N,0,0,0,5,67301,1,,1,1,,N,N,,0,,0,0,0,3.0,2,,1610,1,2,0,0,1,0,0,3,4,0,2,3,,N,,,,,,,,,,,