CRN,ARRIVAL_TM,AUTOMOBILE_COUNT,BELTED_DEATH_COUNT,BELTED_SUSP_SERIOUS_INJ_COUNT,BICYCLE_COUNT,BICYCLE_DEATH_COUNT,BICYCLE_SUSP_SERIOUS_INJ_COUNT,BUS_COUNT,CHLDPAS_DEATH_COUNT,CHLDPAS_SUSP_SERIOUS_INJ_COUNT,COLLISION_TYPE,COMM_VEH_COUNT,CONS_ZONE_SPD_LIM,COUNTY,CRASH_MONTH,CRASH_YEAR,DAY_OF_WEEK,DEC_LAT,DEC_LONG,DISPATCH_TM,DISTRICT,DRIVER_COUNT_16YR,DRIVER_COUNT_17YR,DRIVER_COUNT_18YR,DRIVER_COUNT_19YR,DRIVER_COUNT_20YR,DRIVER_COUNT_50_64YR,DRIVER_COUNT_65_74YR,DRIVER_COUNT_75PLUS,EST_HRS_CLOSED,FATAL_COUNT,HEAVY_TRUCK_COUNT,HORSE_BUGGY_COUNT,HOUR_OF_DAY,ILLUMINATION,INJURY_COUNT,INTERSECT_TYPE,INTERSECTION_RELATED,LANE_CLOSED,LATITUDE,LN_CLOSE_DIR,LOCATION_TYPE,LONGITUDE,MAX_SEVERITY_LEVEL,MCYCLE_DEATH_COUNT,MCYCLE_SUSP_SERIOUS_INJ_COUNT,MOTORCYCLE_COUNT,MUNICIPALITY,NONMOTR_COUNT,NONMOTR_DEATH_COUNT,NONMOTR_SUSP_SERIOUS_INJ_COUNT,NTFY_HIWY_MAINT,PED_COUNT,PED_DEATH_COUNT,PED_SUSP_SERIOUS_INJ_COUNT,PERSON_COUNT,POLICE_AGCY,POSSIBLE_INJ_COUNT,RDWY_SURF_TYPE_CD,RELATION_TO_ROAD,ROAD_CONDITION,ROADWAY_CLEARED,SCH_BUS_IND,SCH_ZONE_IND,SECONDARY_CRASH,SMALL_TRUCK_COUNT,SPEC_JURIS_CD,SUSP_MINOR_INJ_COUNT,SUSP_SERIOUS_INJ_COUNT,SUV_COUNT,TCD_FUNC_CD,TCD_TYPE,TFC_DETOUR_IND,TIME_OF_DAY,TOT_INJ_COUNT,TOTAL_UNITS,UNB_DEATH_COUNT,UNB_SUSP_SERIOUS_INJ_COUNT,UNBELTED_OCC_COUNT,UNK_INJ_DEG_COUNT,UNK_INJ_PER_COUNT,URBAN_AREA,URBAN_RURAL,VAN_COUNT,VEHICLE_COUNT,WEATHER1,WEATHER2,WORK_ZONE_IND,WORK_ZONE_LOC,WORK_ZONE_TYPE,WORKERS_PRES,WZ_CLOSE_DETOUR,WZ_FLAGGER,WZ_LAW_OFFCR_IND,WZ_LN_CLOSURE,WZ_MOVING,WZ_OTHER,WZ_SHLDER_MDN,WZ_WORKERS_INJ_KILLED
2009029260,0,0,0,0,1,0,0,0,0,0,4,0,,67,8,2008,4,39.9981,-75.1261,0.0,6,0,0,0,0,0,0,0,0,,0,0,0,17,1,1,1,,0,39 59:53.374,,0,75 07:33.742,3,0,0,0,67301,1,0,0,N,0,0,0,2,00000,0,,1,1,,N,N,,0,,1,0,0,0.0,0,,1700,1,2,0,0,0,0,1,3,4,0,1,3,,N,,,,,,,,,,,
2009039757,18,2,0,0,0,0,0,0,0,0,5,0,,67,12,2008,7,40.0299,-75.1648,18.0,6,0,0,0,0,0,0,0,0,,0,0,0,0,3,0,0,,0,40 01:47.554,,0,75 09:53.400,0,0,0,0,67301,2,0,0,N,0,0,0,4,67301,0,,6,1,,N,N,,0,,0,0,0,0.0,0,,18,0,2,0,0,2,0,0,3,4,0,2,3,,N,,,,,,,,,,,
2009024640,1630,2,0,0,0,0,0,0,0,0,1,0,,67,12,2008,6,39.9709,-75.2173,1625.0,6,0,0,0,0,1,0,0,0,3.0,0,0,0,15,1,1,0,,1,39 58:15.287,1.0,0,75 13:02.126,4,0,0,0,67301,0,0,0,N,0,0,0,3,67301,1,,1,9,,N,N,,0,,0,0,0,3.0,2,N,1500,1,2,0,0,0,0,1,3,4,0,2,7,,N,,,,,,,,,,,
2009025782,2100,2,0,0,0,0,0,0,0,0,6,0,,67,12,2008,6,40.0352,-75.0525,2055.0,6,0,1,0,0,0,0,0,0,,0,0,0,20,3,1,0,,0,40 02:06.608,,0,75 03:08.902,8,0,0,0,67301,0,0,0,N,0,0,0,2,67301,0,,1,9,,N,N,,0,,0,0,0,0.0,0,,2045,1,2,0,0,0,1,0,3,4,0,2,3,,N,,,,,,,,,,,
2009030766,1200,1,0,0,0,0,0,0,0,0,2,1,,67,12,2008,4,40.0037,-75.169,1145.0,6,0,0,0,0,0,0,0,0,,0,1,0,11,1,1,0,,0,40 00:13.237,,0,75 10:08.552,4,0,0,0,67301,0,0,0,,0,0,0,1,67301,1,,6,2,,N,N,,0,,0,0,0,0.0,0,,1140,1,2,0,0,0,0,0,3,4,0,2,7,,N,,,,,,,,,,,
2009024849,807,2,0,0,0,0,0,0,0,0,4,0,,67,12,2008,3,39.9687,-75.2113,805.0,6,0,0,0,0,1,0,1,0,,0,0,0,7,1,2,1,,0,39 58:07.389,,0,75 12:40.729,4,0,0,0,67301,0,0,0,,0,0,0,4,67301,1,,1,9,,N,N,,0,,0,0,0,3.0,2,,755,2,2,0,0,0,1,0,3,4,0,2,3,,N,,,,,,,,,,,
2009025268,240,3,0,0,0,0,0,0,0,0,2,0,,67,12,2008,4,40.0631,-75.022,220.0,6,0,0,0,0,1,0,0,0,,0,0,0,2,3,0,1,,0,40 03:47.230,,0,75 01:19.196,0,0,0,0,67301,0,0,0,,0,0,0,2,67301,0,,1,2,,,,,0,,0,0,0,9.0,2,,220,0,3,0,0,0,0,0,3,4,0,3,7,,N,,,,,,,,,,,
2009054300,1625,1,0,0,0,0,0,0,0,0,8,0,,67,12,2008,6,40.0476,-75.1431,1420.0,6,0,0,0,0,0,0,0,0,,0,0,0,16,1,1,0,,0,40 02:51.413,,0,75 08:35.141,8,0,0,0,67301,1,0,0,N,1,0,0,2,67301,0,,1,98,,N,N,,0,,0,0,0,0.0,0,,1630,1,2,0,0,0,1,0,3,4,0,1,99,,N,,,,,,,,,,,
2009044597,134,0,0,0,0,0,0,0,0,0,7,0,,67,11,2008,1,40.0063,-75.2158,130.0,6,0,0,0,0,0,0,0,0,,0,0,0,1,3,2,2,,0,40 00:22.285,,0,75 12:57.519,2,0,0,0,67301,0,0,0,N,0,0,0,2,67301,1,,5,1,,N,N,,0,,0,1,1,0.0,0,,128,2,1,0,0,0,0,0,3,4,0,1,3,,N,,,,,,,,,,,
2009029757,25,0,0,0,0,0,0,0,0,0,7,0,,67,12,2008,7,40.0293,-75.1897,20.0,6,0,0,0,0,0,0,0,0,,0,0,0,0,3,0,0,,0,40 01:45.487,,0,75 11:22.851,0,0,0,0,67301,0,0,0,N,0,0,0,1,67301,0,,3,9,,N,N,,0,,0,0,1,0.0,0,,15,0,1,0,0,0,0,0,3,4,0,1,7,,N,,,,,,,,,,,
2009024707,48,1,0,0,0,0,0,0,0,0,7,0,,67,9,2008,2,40.0311,-75.2074,44.0,6,0,0,0,0,0,0,0,0,9.0,0,0,0,0,3,1,0,,1,40 01:51.903,1.0,0,75 12:26.736,3,0,0,0,67301,0,0,0,,0,0,0,1,67301,0,,4,1,,,,,0,,1,0,0,0.0,0,N,43,1,1,0,0,1,0,0,3,4,0,1,3,,N,,,,,,,,,,,
2009025443,312,1,0,1,0,0,0,0,0,0,7,0,,67,12,2008,3,40.0856,-75.0373,312.0,6,0,0,1,0,0,0,0,0,3.0,0,0,0,3,3,1,0,,1,40 05:08.063,2.0,0,75 02:14.489,2,0,0,0,67301,0,0,0,,0,0,0,2,67301,0,,2,1,,,,,0,,0,1,0,0.0,0,N,312,1,1,0,0,0,0,0,3,4,0,1,3,,N,,,,,,,,,,,
2009030681,0,1,0,0,0,0,0,0,0,0,1,0,,67,10,2008,3,39.9511,-75.1672,0.0,6,0,0,0,0,0,0,0,0,,0,0,0,16,1,4,0,,0,39 57:04.088,,0,75 10:02.013,3,0,0,0,67301,0,0,0,N,0,0,0,6,00000,2,,1,1,,N,N,,0,,2,0,1,0.0,0,,1615,4,2,0,0,0,0,1,3,4,0,2,3,,N,,,,,,,,,,,
2009024839,38,2,0,0,0,0,0,0,0,0,1,0,,67,12,2008,5,39.9345,-75.2217,33.0,6,0,0,0,0,0,1,0,0,,0,0,0,16,4,1,1,,0,39 56:04.178,,0,75 13:18.249,4,0,0,0,67301,0,0,0,N,0,0,0,2,67301,1,,1,9,,N,N,,0,,0,0,0,0.0,0,,1630,1,2,0,0,0,0,0,3,4,0,2,7,,N,,,,,,,,,,,
2009024862,1555,1,0,0,0,0,0,0,0,0,1,0,,67,12,2008,5,40.082,-74.9664,1548.0,6,0,0,0,0,0,0,0,0,,0,0,0,15,1,2,0,,0,40 04:55.313,,0,74 57:59.133,4,0,0,0,67301,0,0,0,N,0,0,0,3,67301,2,,1,1,,N,N,,1,,0,0,0,0.0,0,,1548,2,2,0,0,0,0,0,3,4,0,2,3,,N,,,,,,,,,,,
2009024886,1316,2,0,0,0,0,0,0,0,0,1,0,,67,12,2008,5,40.0959,-75.0369,1312.0,6,0,0,0,0,0,1,0,0,,0,0,0,13,1,1,0,,0,40 05:45.404,,0,75 02:12.930,3,0,0,0,67301,0,0,0,N,0,0,0,1,67301,0,,6,1,,N,N,,0,,1,0,0,0.0,0,,1300,1,2,0,0,0,0,0,3,4,0,2,3,,N,,,,,,,,,,,
2009030068,1715,1,0,0,0,0,0,0,0,0,8,0,,67,3,2008,4,40.0666,-75.0696,1710.0,6,0,0,0,0,0,0,0,1,,0,0,0,17,4,1,0,,0,40 03:59.598,,0,75 04:10.466,8,0,0,0,67301,1,0,0,,1,0,0,2,67301,0,,1,1,,,,,0,,0,0,0,0.0,0,,1705,1,2,0,0,0,1,0,3,4,0,1,3,,N,,,,,,,,,,,
2009030159,1404,1,0,0,0,0,0,0,0,0,8,0,,67,2,2008,7,39.9499,-75.1437,1400.0,6,0,0,0,0,0,0,0,0,9.0,0,0,0,13,1,1,1,,2,39 56:59.543,4.0,0,75 08:37.441,3,0,0,0,67301,1,0,0,N,1,0,0,4,67301,0,,1,1,,N,N,,0,,1,0,0,3.0,2,Y,1355,1,2,0,0,0,0,0,3,4,0,1,3,,N,,,,,,,,,,,
2012031504,1807,2,0,0,0,0,0,0,0,0,1,0,,67,2,2008,5,40.031,-75.0854,1806.0,6,0,0,0,0,0,1,0,0,,0,0,0,18,3,3,0,,0,40 01:51.654,,0,75 05:07.454,8,0,0,0,67301,0,0,0,N,0,0,0,3,67301,0,,1,1,,N,N,,0,,0,0,0,0.0,0,,1804,3,2,0,0,0,3,0,3,4,0,2,3,,N,,,,,,,,,,,
2009013743,1447,2,0,0,0,0,0,0,0,0,2,0,,67,11,2008,6,39.9121,-75.1799,1442.0,6,0,0,0,0,0,1,0,1,,0,0,0,14,1,2,2,,0,39 54:43.549,,0,75 10:47.596,4,0,0,0,67301,0,0,0,N,0,0,0,2,67301,2,,1,1,,N,N,,0,,0,0,0,0.0,0,,1440,2,2,0,0,0,0,0,3,4,0,2,3,,N,,,,,,,,,,,
2009013767,0,2,0,0,0,0,0,0,0,0,7,0,,67,12,2008,3,39.9196,-75.2032,2356.0,6,0,1,0,0,0,0,0,0,2.0,0,0,0,23,3,1,0,,1,39 55:10.632,4.0,3,75 12:11.581,4,0,0,0,67301,0,0,0,N,0,0,0,2,67301,1,,2,9,,N,N,,0,,0,0,0,0.0,0,N,2350,1,2,0,0,0,0,0,3,4,0,2,7,,N,,,,,,,,,,,
2009000859,419,0,0,0,0,0,0,0,0,0,7,0,,67,11,2008,2,39.9732,-75.1339,412.0,6,0,0,0,0,0,0,0,0,,0,0,0,4,3,0,0,,0,39 58:23.541,,0,75 08:01.962,0,0,0,0,67301,0,0,0,,0,0,0,1,67301,0,,2,1,,N,N,,0,,0,0,1,0.0,0,,410,0,1,0,0,0,0,0,3,4,0,1,3,,N,,,,,,,,,,,
2009012729,1200,1,0,0,0,0,0,0,0,0,2,0,,67,11,2008,5,40.0033,-75.1412,1156.0,6,0,0,0,0,0,1,0,0,,0,0,0,11,1,3,3,,0,40 00:11.775,,0,75 08:28.258,4,0,0,0,67301,0,0,0,N,0,0,0,4,67301,3,,1,9,,N,N,,1,,0,0,0,3.0,3,,1150,3,2,0,0,2,0,0,3,4,0,2,7,,N,,,,,,,,,,,
2009024722,2047,1,0,0,0,0,0,0,0,0,8,0,,67,12,2008,6,40.1189,-75.018,2045.0,6,0,0,0,0,0,0,1,0,,0,0,0,20,3,1,1,,0,40 07:07.975,,7,75 01:04.685,4,0,0,0,67301,1,0,0,N,1,0,0,2,67301,1,,1,9,,N,N,,0,,0,0,0,3.0,2,,2040,1,2,0,0,0,0,0,3,4,0,1,7,,N,,,,,,,,,,,
2009024763,1750,1,0,0,0,0,0,0,0,0,8,0,,67,12,2008,3,39.9525,-75.177,1740.0,6,0,0,0,0,0,1,0,0,,0,0,0,17,3,1,1,,0,39 57:08.958,,0,75 10:37.001,3,0,0,0,67301,1,0,0,N,1,0,0,2,67301,0,,1,9,,N,N,,0,,1,0,0,3.0,2,,1740,1,2,0,0,0,0,0,3,4,0,1,9,,N,,,,,,,,,,,
2009024808,2135,2,0,0,0,0,0,0,0,0,4,0,,67,12,2008,5,40.0175,-75.1503,2130.0,6,0,0,0,0,0,1,0,0,,0,0,0,21,6,1,1,,0,40 01:02.946,,0,75 09:01.252,4,0,0,0,67301,0,0,0,N,0,0,0,4,67301,1,,1,9,,N,N,,0,,0,0,0,3.0,2,,2120,1,2,0,0,0,0,0,3,4,0,2,7,,N,,,,,,,,,,,
2009002638,1843,1,0,0,0,0,0,0,0,0,2,0,,67,11,2008,5,40.0376,-75.1264,1839.0,6,0,0,0,0,0,0,0,0,,0,0,0,15,1,1,0,,0,40 02:15.320,,0,75 07:35.065,8,0,0,0,67301,0,0,0,N,0,0,0,2,67301,0,,1,9,,N,N,,0,,0,0,1,0.0,0,,1520,1,2,0,0,0,1,0,3,4,0,2,7,,N,,,,,,,,,,,
2009002641,1835,0,0,0,0,0,0,0,0,0,8,0,,67,11,2008,4,39.9948,-75.1593,1830.0,6,0,0,0,0,0,1,0,0,,0,0,0,17,3,1,1,,0,39 59:41.316,,0,75 09:33.476,4,0,0,0,67301,1,0,0,N,1,0,0,2,67301,1,,1,1,,N,N,,1,,0,0,0,3.0,2,,1730,1,2,0,0,0,0,0,3,4,0,1,3,,N,,,,,,,,,,,
2009002131,9999,3,0,0,0,0,0,0,0,0,5,0,,67,11,2008,7,40.0186,-75.2112,218.0,6,0,0,0,0,0,0,0,0,,0,0,0,99,3,0,0,,0,40 01:06.774,,0,75 12:40.370,0,0,0,0,67301,0,0,0,N,0,0,0,2,67301,0,,6,9,,N,N,,0,,0,0,1,0.0,0,,9999,0,4,0,0,0,0,0,3,4,0,4,7,,N,,,,,,,,,,,
2009002185,1128,1,0,0,0,0,0,0,0,0,8,0,,67,10,2008,4,39.9916,-75.1362,1126.0,6,0,0,0,0,0,0,0,0,,0,0,0,11,1,1,1,,0,39 59:29.819,,0,75 08:10.216,3,0,0,0,67301,1,0,0,,1,0,0,2,67301,0,,1,1,,,,,0,,1,0,0,0.0,0,,1126,1,2,0,0,0,0,1,3,4,0,1,3,,N,,,,,,,,,,,
2009002295,1600,2,0,0,0,0,0,0,0,0,1,0,,67,11,2008,7,40.1257,-74.9961,1554.0,6,0,1,0,0,0,0,0,0,,0,0,0,14,1,0,0,,0,40 07:32.476,,0,74 59:46.024,0,0,0,0,67301,0,0,0,,0,0,0,1,67301,0,,6,1,,,,,0,,0,0,0,0.0,0,,1446,0,2,0,0,0,0,0,3,4,0,2,3,,N,,,,,,,,,,,
2009000525,825,1,0,0,0,0,0,0,0,0,1,0,,67,11,2008,3,40.0674,-75.0283,825.0,6,0,0,0,0,0,0,0,0,,0,0,0,8,1,2,0,,0,40 04:02.484,,0,75 01:41.936,8,0,0,0,67301,0,0,0,,0,0,0,2,67301,0,,1,1,,N,N,,1,,0,0,0,0.0,0,,820,2,2,0,0,0,2,0,3,4,0,2,3,,N,,,,,,,,,,,
2009000527,720,0,0,0,0,0,0,0,0,0,7,0,,67,11,2008,3,40.0295,-75.1862,716.0,6,0,0,0,0,0,1,0,0,9.0,0,0,0,7,1,2,1,,2,40 01:46.046,3.0,0,75 11:10.158,4,0,0,0,67301,0,0,0,N,0,0,0,2,67301,2,,2,9,,N,N,,0,,0,0,0,0.0,0,N,716,2,1,0,0,0,0,0,3,4,1,1,7,,N,,,,,,,,,,,
2009004116,2350,1,0,0,0,0,0,0,0,0,5,0,,67,11,2008,5,40.0256,-75.1817,2338.0,6,0,0,0,0,0,0,0,0,,0,0,0,23,3,1,1,,0,40 01:32.308,,0,75 10:53.974,4,0,0,0,67301,0,0,0,,0,0,0,2,67301,1,,1,9,,,,,0,,0,0,1,3.0,2,,2315,1,2,0,0,0,0,0,3,4,0,2,7,,N,,,,,,,,,,,
2009007066,246,1,0,0,0,0,0,0,0,0,5,0,,67,11,2008,1,39.9487,-75.1859,237.0,6,0,0,0,0,0,0,0,0,,0,0,0,2,3,0,0,,0,39 56:55.200,,0,75 11:09.233,9,0,0,0,67301,0,0,0,N,0,0,0,3,68K01,0,,1,1,,N,N,,0,,0,0,0,0.0,0,,229,0,2,0,0,0,0,1,3,4,0,2,3,,N,,,,,,,,,,,
2009015075,610,2,0,0,0,0,0,0,0,0,1,0,,67,11,2008,2,40.0115,-75.1827,601.0,6,0,0,0,0,0,0,0,0,,0,0,0,5,3,0,0,,0,40 00:49.262,,0,75 10:46.353,0,0,0,0,67301,0,0,0,,0,0,0,3,67301,0,,1,1,,N,N,,1,,0,0,0,0.0,0,,557,0,3,0,0,0,0,0,3,4,0,3,3,,N,,,,,,,,,,,
2009013283,1723,1,0,0,0,0,0,0,0,0,4,0,,67,12,2008,4,40.0487,-74.998,1720.0,6,0,0,0,0,0,0,0,0,1.0,0,0,0,17,3,2,0,,2,40 02:55.212,6.0,0,74 59:52.719,8,0,0,0,67301,0,0,0,,0,0,0,3,67301,0,,1,9,,,,,0,,0,0,1,0.0,0,Y,1718,2,2,0,0,0,2,1,3,4,0,2,7,,N,,,,,,,,,,,
2009013365,1157,1,0,0,0,0,0,0,0,0,1,0,,67,12,2008,4,39.9535,-75.1974,1154.0,6,0,0,0,0,0,0,0,0,,0,0,0,11,1,0,0,,0,39 57:12.533,,0,75 11:50.664,0,0,0,0,67301,0,0,0,N,0,0,0,2,67301,0,,1,9,,N,N,,0,,0,0,1,0.0,0,,1149,0,2,0,0,0,0,0,3,4,0,2,7,,N,,,,,,,,,,,
2009026032,118,1,0,0,0,0,0,1,0,0,4,1,,67,12,2008,6,40.0069,-75.0684,111.0,6,0,0,0,0,0,0,1,0,,0,0,0,1,3,1,2,,0,40 00:23.754,,2,75 04:05.667,4,0,0,0,67301,0,0,0,N,0,0,0,5,67301,1,,1,1,,N,N,,0,,0,0,0,0.0,0,,100,1,2,0,0,0,0,2,3,4,0,2,3,,N,,,,,,,,,,,
2009013623,1944,1,0,0,0,0,0,0,0,0,8,0,,67,11,2008,3,40.0097,-75.151,1939.0,6,0,0,0,0,0,0,0,0,,0,0,0,15,1,1,0,,0,40 00:35.635,,0,75 09:03.682,3,0,0,0,67301,1,0,0,N,1,0,0,2,67301,0,,1,1,,N,N,,0,,1,0,0,0.0,0,,1552,1,2,0,0,0,0,0,3,4,0,1,3,,N,,,,,,,,,,,
2009013393,9999,3,0,0,0,0,0,0,0,0,3,0,,67,12,2008,7,39.9754,-75.1703,446.0,6,0,0,0,0,0,0,0,0,,0,0,0,99,3,0,0,,0,39 58:31.393,,0,75 10:13.191,0,0,0,0,67301,0,0,0,N,0,0,0,1,67301,0,,6,1,,N,N,,0,,0,0,0,0.0,0,,9999,0,4,0,0,1,0,0,3,4,1,4,3,,N,,,,,,,,,,,
2009026970,836,1,0,0,1,0,0,0,0,0,4,0,,67,12,2008,5,39.9626,-75.163,833.0,6,0,0,0,0,0,1,0,0,,0,0,0,8,1,1,1,,0,39 57:45.353,,0,75 09:46.941,4,0,0,0,67301,1,0,0,N,0,0,0,2,67301,1,,1,1,,N,N,,0,,0,0,0,3.0,2,,833,1,2,0,0,0,0,0,3,4,0,1,3,,N,,,,,,,,,,,
2009024681,1335,2,0,0,0,0,0,0,0,0,4,0,,67,12,2008,4,40.0067,-75.0781,1315.0,6,0,0,0,0,0,0,0,0,,0,0,0,12,1,0,1,,0,40 00:24.296,,0,75 04:41.005,0,0,0,0,67301,0,0,0,,0,0,0,2,67301,0,,1,1,,,,,1,,0,0,0,3.0,3,,1235,0,3,0,0,0,0,0,3,4,0,3,3,,N,,,,,,,,,,,
2009026900,1405,2,0,0,0,0,0,0,0,0,4,0,,67,12,2008,3,40.0228,-75.163,1400.0,6,0,0,0,0,0,1,0,0,,0,0,0,13,1,1,0,,0,40 01:22.200,,0,75 09:46.784,8,0,0,0,67301,0,0,0,,0,0,0,2,67301,0,,1,1,,,,,0,,0,0,0,0.0,0,,1338,1,2,0,0,0,1,0,3,4,0,2,3,,N,,,,,,,,,,,
2009025447,1339,3,0,0,0,0,0,0,0,0,2,0,,67,12,2008,3,40.0368,-75.1603,1339.0,6,0,0,0,0,1,0,0,0,1.0,0,0,0,13,1,2,0,,2,40 02:12.519,5.0,0,75 09:37.101,3,0,0,0,67301,0,0,0,,0,0,0,3,67301,0,,1,1,,N,N,,0,,2,0,0,0.0,0,Y,1330,2,3,0,0,0,0,0,3,4,0,3,3,,N,,,,,,,,,,,
2009024830,1658,2,0,0,0,0,0,0,0,0,4,0,,67,12,2008,1,39.8898,-75.2338,1654.0,6,0,0,0,0,0,0,0,0,,0,0,0,14,1,1,1,,0,39 53:23.280,,0,75 14:01.680,4,0,0,0,67301,0,0,0,,0,0,0,3,67301,1,,1,1,,N,N,,0,,0,0,0,3.0,2,,1421,1,2,0,0,0,0,0,3,4,0,2,3,,N,,,,,,,,,,,
2009054735,724,1,0,0,0,0,0,0,0,0,8,0,,67,12,2008,4,40.0649,-75.1951,721.0,6,0,0,0,0,0,1,0,0,,0,0,0,7,1,1,2,,0,40 03:53.486,,0,75 11:42.113,8,0,0,0,67301,1,0,0,N,1,0,0,2,67301,0,,1,9,,Y,,,0,,0,0,0,0.0,0,,715,1,2,0,0,0,1,0,3,4,0,1,98,,N,,,,,,,,,,,
2009013597,1125,2,0,0,0,0,0,0,0,0,4,0,,67,11,2008,3,39.9558,-75.2099,1121.0,6,0,0,0,0,0,0,0,0,,0,0,0,11,1,1,1,,0,39 57:20.944,,0,75 12:35.661,4,0,0,0,67301,0,0,0,N,0,0,0,2,67301,1,,1,1,,N,N,,0,,0,0,0,9.0,3,,1119,1,2,0,0,0,0,0,3,4,0,2,3,,N,,,,,,,,,,,
2009013663,2232,1,0,0,0,0,0,0,0,0,1,0,,67,12,2008,3,40.0068,-75.1316,2230.0,6,0,0,0,0,0,0,0,0,,0,0,0,22,3,2,1,,0,40 00:24.353,,0,75 07:53.654,8,0,0,0,67301,0,0,0,N,0,0,0,2,67301,0,,1,9,,N,N,,0,,0,0,1,3.0,2,,2230,2,2,0,0,0,2,0,3,4,0,2,7,,N,,,,,,,,,,,
2009013866,2125,2,0,0,0,0,0,0,0,0,2,0,,67,12,2008,5,39.9467,-75.2361,2120.0,6,0,0,0,0,0,1,0,0,3.0,0,0,0,21,3,3,0,,2,39 56:48.120,6.0,0,75 14:09.960,4,0,0,0,67301,0,0,0,N,0,0,0,5,67301,3,,1,9,,N,N,,0,,0,0,0,0.0,0,Y,2114,3,2,0,0,0,0,2,3,4,0,2,7,,N,,,,,,,,,,,
2009050894,1706,1,0,0,0,0,0,0,0,0,8,0,,67,3,2008,1,40.0183,-75.1486,1642.0,6,0,0,0,0,0,0,0,0,3.0,0,0,0,16,1,1,0,,2,40 01:05.899,3.0,0,75 08:54.818,2,0,0,0,67301,1,0,1,N,1,0,1,2,67301,0,,1,2,,N,N,,0,,0,1,0,3.0,3,Y,1635,1,2,0,0,1,0,1,3,4,0,1,99,,N,,,,,,,,,,,
2009013420,1631,1,0,0,0,0,0,0,0,0,5,0,,67,12,2008,7,40.039,-75.168,1627.0,6,0,0,0,0,0,0,0,0,,0,0,0,16,3,1,0,,0,40 02:20.544,,0,75 10:04.972,4,0,0,0,67301,1,0,0,N,0,0,0,2,67301,1,,1,1,,N,N,,0,,0,0,1,0.0,0,,1603,1,2,0,0,1,0,0,3,4,0,2,3,,N,,,,,,,,,,,
2009037407,1700,2,0,0,0,0,0,0,0,0,4,0,,67,3,2008,1,39.988,-75.2375,1658.0,6,0,0,0,0,0,0,0,0,,0,0,0,16,1,1,1,,0,39 59:16.900,,0,75 14:14.974,4,0,0,0,67301,0,0,0,,0,0,0,2,67301,1,,1,7,,N,N,,0,,0,0,0,3.0,2,,1650,1,2,0,0,0,0,1,3,4,0,2,10,,N,,,,,,,,,,,
2009030797,9999,1,0,0,0,0,0,0,0,0,2,0,,67,12,2008,1,39.9394,-75.2319,335.0,6,0,0,0,0,0,0,0,0,,0,0,0,3,3,1,0,,0,39 56:21.791,,0,75 13:54.740,8,0,0,0,67301,0,0,0,N,0,0,0,2,67301,0,,1,1,,N,N,,0,,0,0,0,3.0,2,,336,1,2,0,0,1,1,0,3,4,1,2,3,,N,,,,,,,,,,,
2009024829,40,1,0,0,0,0,0,0,0,0,7,0,,67,12,2008,6,39.909,-75.2421,40.0,6,0,0,0,0,0,0,0,0,,0,0,0,0,3,0,0,,0,39 54:32.134,,0,75 14:31.477,0,0,0,0,67301,0,0,0,N,0,0,0,1,67301,0,,3,1,,N,N,,0,,0,0,0,0.0,0,,15,0,1,0,0,0,0,0,3,4,0,1,3,,N,,,,,,,,,,,
2009024873,1640,1,0,0,0,0,0,0,0,0,8,0,,67,4,2008,6,39.9646,-75.2453,1640.0,6,0,0,0,0,0,0,0,0,,0,0,0,18,4,1,0,,0,39 57:52.520,,0,75 14:43.198,4,0,0,0,67301,1,0,0,N,1,0,0,2,67301,1,,1,1,,N,N,,0,,0,0,0,0.0,0,,1840,1,2,0,0,0,0,0,3,4,0,1,99,,N,,,,,,,,,,,
2009030072,1029,1,0,0,1,0,0,0,0,0,4,0,,67,12,2008,3,40.0454,-75.1614,1027.0,6,0,0,0,0,0,0,0,0,,0,0,0,10,1,1,0,,0,40 02:43.432,,0,75 09:41.209,3,0,0,0,67301,1,0,0,,0,0,0,3,67301,0,,1,1,,,,,0,,1,0,0,0.0,0,,1025,1,2,0,0,0,0,0,3,4,0,1,3,,N,,,,,,,,,,,
2009025279,2233,0,0,0,0,0,0,0,0,0,8,0,,67,12,2008,3,39.9756,-75.1685,2230.0,6,0,0,0,0,0,1,0,0,,0,0,0,22,3,1,0,,0,39 58:32.337,,0,75 10:06.535,3,0,0,0,67301,1,0,0,N,1,0,0,2,67301,0,,1,1,,N,N,,1,,1,0,0,3.0,2,,2225,1,2,0,0,0,0,0,3,4,0,1,3,,N,,,,,,,,,,,
2009025379,841,2,0,0,0,0,0,0,0,0,4,1,,67,12,2008,4,40.071,-75.0142,839.0,6,0,0,0,0,0,1,0,0,,0,1,0,5,3,1,0,,0,40 04:15.512,,0,75 00:51.076,8,0,0,0,67301,1,0,0,N,0,0,0,3,67301,0,,1,2,,N,N,,0,,0,0,0,0.0,0,,522,1,3,0,0,0,1,0,3,4,0,3,98,,N,,,,,,,,,,,
2009025432,2141,1,0,0,0,0,0,0,0,0,8,0,,67,12,2008,3,39.9675,-75.2316,2141.0,6,0,0,0,0,0,0,0,0,,0,0,0,21,3,1,0,,0,39 58:02.985,,0,75 13:53.820,3,0,0,0,67301,1,0,0,N,1,0,0,2,67301,0,,1,9,,N,N,,0,,1,0,0,3.0,2,,2130,1,2,0,0,0,0,0,3,4,0,1,7,,N,,,,,,,,,,,